Indentation

 + User defined profile

+ User defined profile
   Acquisition rate :	20.0 [Hz]
   Linear load 20.00  µN ; 100.00 µN/min
   Pause in load 2 s
   Linear load 0.00  µN ; 100.00 µN/min
   Pause in load 120 s
   Linear depth 24.00  µm ; 500.00 µm/min
   Pause in depth 120 s
   Linear depth 0.00  µm ; 1000.00 µm/min
+ TTX - UNHT Bio S/N: 1000136751 settings
   Fn contact : 25 µN
   Approach distance : 20 µm
   Approach speed : 100 µm/min
   Retract speed : 200 µm/min
   Retract time : 5 sec
   Dz sensor in large range
   Load in fine range
   FnRef in fine range
   FnRef contactload :500.000 µN
   Stiffness threshold : 1 µN/µm

   X Position :10104.70 µm
   Y Position :40263.90 µm
   Z Position :8749.61 µm

Date :6/9/2026
Time :2:27:29 PM

Analysis n # 1

   Method :	Hertz

Cycle # 1

 + Parameters

  Load Fit [10%,98%]

 + Main results

   EHz=	89.2 	kPa

 + Hypothesis


 + Additional results

   ErHz=	98.02 kPa
   h offset=	1.29 µm
   R2=	0.97

Cycle # 2

 + Parameters

  Load Fit [10%,98%]

 + Main results

   EHz=	1785.4 	kPa

 + Hypothesis


 + Additional results

   ErHz=	1961.95 kPa
   h offset=	4.41 µm
   R2=	1.00

Analysis n # 2

   Method :	Oliver & Pharr

Cycle # 1

 + Parameters

  Unload Fit [40%,98%]

 + Main results

   HIT=	1.7267 	kPa
   EIT=	129.44 	kPa
   E*=	142.25 	kPa

 + Hypothesis

   !!! Indenter not calibrated !!!
   m out of O&P hypothesis
   Poisson's ratio(nu)=	0.30 

 + Additional results

   HVIT=	0.00017602 	 Vickers
   RIT 2.1E-005/7/2=	-10.61 	%
   nIT=	61.41 %
   Fmax=	21.47 	µN
   hmax=	4.85 	µm
   S=	17.8972 	µN/µm
   F/S²=	0.0670 	µm²/µN
   hc=	3.97 	µm
   hr=	3.65 	µm
   hp=	-20.37 	µm
   m=	21.0235 
   Epsilon=	0.73 
   R2=	0.997
   Ap=	12432.93 	µm²
   Welast=	16.20 pJ
   Wplast=	10.18 pJ
   Wtotal=	26.37 pJ
   Er=	142.25 	kPa

Cycle # 2

 + Parameters

  Unload Fit [40%,98%]

 + Main results

   HIT=	33.014 	kPa
   EIT=	6396.9 	kPa
   E*=	7029.6 	kPa

 + Hypothesis

   !!! Indenter not calibrated !!!
   m out of O&P hypothesis
   Poisson's ratio(nu)=	0.30 

 + Additional results

   HVIT=	0.0033653 	 Vickers
   RIT 0.0024/3/120=	-147.08 	%
   nIT=	3.71 %
   Fmax=	2367.06 	µN
   hmax=	24.18 	µm
   S=	2123.8987 	µN/µm
   F/S²=	0.0005 	µm²/µN
   hc=	23.37 	µm
   hr=	23.06 	µm
   hp=	21.55 	µm
   m=	2.3564 
   Epsilon=	0.73 
   R2=	1.000
   Ap=	71699.22 	µm²
   Welast=	1531.60 pJ
   Wplast=	39800.97 pJ
   Wtotal=	41332.57 pJ
   Er=	7029.5 	kPa

Measured values
Time (s)	Pd (µm)	Fn (µN)	FnRef (µN)	SegmentID

0	0	0	5.1265	0
0.05	0.0987	0.4371	5.126	0
0.1	0.1971	0.3747	5.1104	0
0.15	0.2951	0.4607	5.1079	0
0.2	0.3928	0.6876	5.1231	0
0.25	0.49	0.7668	5.1237	0
0.3	0.5869	0.4481	5.1108	0
0.35	0.6829	0.8281	5.1139	0
0.4	0.7791	0.8301	5.1265	0
0.45	0.8745	1.4282	5.1439	0
0.5	0.9699	0.8881	5.1256	0
0.55	1.064	1.0836	5.1232	0
0.6	1.1575	1.3846	5.1315	0
0.65	1.2513	1.5625	5.1303	0
0.7	1.3457	1.0779	5.1222	0
0.75	1.4386	1.8205	5.11	0
0.8	1.5317	2.1201	5.1219	0
0.85	1.6251	1.5728	5.1166	0
0.9	1.7174	1.6645	5.1191	0
0.95	1.8085	2.9935	5.1323	0
1	1.9013	2.1775	5.1216	0
1.05	1.993	2.2498	5.1105	0
1.1	2.0828	3.6817	5.1022	1
1.15	2.1743	3.0595	5.1109	1
1.2	2.2658	3.1002	5.1148	1
1.25	2.3545	4.3608	5.1055	1
1.3	2.4318	3.6231	5.1136	1
1.35	2.4825	3.8821	5.12	1
1.4	2.5172	4.1454	5.1325	1
1.45	2.5485	4.3462	5.1479	1
1.5	2.5787	3.9905	5.1337	1
1.55	2.6082	3.8863	5.1254	1
1.6	2.6346	5.378	5.122	1
1.65	2.6611	4.0823	5.1123	1
1.7	2.6888	3.9867	5.1267	1
1.75	2.714	5.3029	5.1134	1
1.8	2.7375	4.8487	5.0936	1
1.85	2.7631	4.3403	5.1018	1
1.9	2.7874	5.289	5.1117	1
1.95	2.8105	5.085	5.1259	1
2	2.8347	4.9159	5.1169	1
2.05	2.8579	5.3646	5.1035	1
2.1	2.8797	5.7008	5.1012	1
2.15	2.9027	5.0161	5.1055	1
2.2	2.9259	5.59	5.1284	1
2.25	2.9474	6.0631	5.1408	1
2.3	2.9687	5.7732	5.1513	1
2.35	2.9909	5.6761	5.1742	1
2.4	3.0126	6.2565	5.1714	1
2.45	3.0338	6.0924	5.1505	1
2.5	3.0549	6.2139	5.1414	1
2.55	3.0755	6.5644	5.1433	1
2.6	3.0963	6.1852	5.151	1
2.65	3.1164	7.2103	5.1137	1
2.7	3.137	6.1271	5.1004	1
2.75	3.1575	7.1509	5.1147	1
2.8	3.1772	7.0193	5.1202	1
2.85	3.1966	6.8345	5.1138	1
2.9	3.2174	7.0446	5.1166	1
2.95	3.2365	7.547	5.1189	1
3	3.2558	7.4231	5.0927	1
3.05	3.2754	7.5854	5.0958	1
3.1	3.2941	7.7145	5.1044	1
3.15	3.3137	7.6903	5.1165	1
3.2	3.3325	7.8776	5.113	1
3.25	3.3513	7.943	5.101	1
3.3	3.3707	7.9497	5.0995	1
3.35	3.3887	8.4249	5.1028	1
3.4	3.4075	7.9646	5.1014	1
3.45	3.4259	8.3779	5.101	1
3.5	3.4434	9.0531	5.1024	1
3.55	3.4617	8.2731	5.0869	1
3.6	3.4805	8.6423	5.0891	1
3.65	3.4982	9.1315	5.1006	1
3.7	3.5158	8.9327	5.1008	1
3.75	3.534	8.8554	5.118	1
3.8	3.5522	9.2517	5.113	1
3.85	3.5691	9.4869	5.1269	1
3.9	3.5866	9.3048	5.1436	1
3.95	3.6043	9.4634	5.1274	1
4	3.6208	10.0055	5.129	1
4.05	3.6379	9.5977	5.123	1
4.1	3.6552	9.9198	5.1152	1
4.15	3.6707	10.6872	5.1178	1
4.2	3.6878	9.6143	5.1129	1
4.25	3.7045	10.4632	5.1098	1
4.3	3.721	10.0904	5.1137	1
4.35	3.738	10.3665	5.1238	1
4.4	3.7549	10.6427	5.1181	1
4.45	3.7714	10.4912	5.1186	1
4.5	3.7878	10.9244	5.1191	1
4.55	3.8032	10.9971	5.1219	1
4.6	3.8197	10.7619	5.1295	1
4.65	3.8353	11.6388	5.1313	1
4.7	3.8501	11.474	5.1215	1
4.75	3.8662	11.0809	5.125	1
4.8	3.882	11.6267	5.1281	1
4.85	3.8968	11.9759	5.1335	1
4.9	3.912	11.7734	5.1341	1
4.95	3.9269	12.0767	5.1265	1
5	3.9416	12.2627	5.1312	1
5.05	3.9559	12.3596	5.135	1
5.1	3.9698	12.4461	5.1335	1
5.15	3.9842	12.5373	5.1247	1
5.2	3.998	12.9403	5.1229	1
5.25	4.0119	12.734	5.1333	1
5.3	4.0262	12.8055	5.1316	1
5.35	4.0393	13.7156	5.1085	1
5.4	4.0527	12.9332	5.1345	1
5.45	4.0669	13.3852	5.1462	1
5.5	4.0797	13.6735	5.1347	1
5.55	4.0927	13.7456	5.1227	1
5.6	4.1055	13.8419	5.1194	1
5.65	4.1185	13.9134	5.1506	1
5.7	4.131	14.0678	5.1569	1
5.75	4.1434	14.4024	5.1516	1
5.8	4.1559	14.3041	5.1464	1
5.85	4.1678	14.5987	5.148	1
5.9	4.1801	14.472	5.1633	1
5.95	4.1915	14.9347	5.1522	1
6	4.203	14.8973	5.1463	1
6.05	4.2152	14.8866	5.1463	1
6.1	4.2263	15.2475	5.1337	1
6.15	4.238	15.2112	5.1377	1
6.2	4.2492	15.2615	5.1293	1
6.25	4.2603	15.6759	5.1227	1
6.3	4.2713	15.5892	5.1435	1
6.35	4.2824	15.6322	5.1505	1
6.4	4.2931	15.8919	5.1538	1
6.45	4.3037	16.003	5.1577	1
6.5	4.3143	16.1413	5.1373	1
6.55	4.3251	16.0726	5.1342	1
6.6	4.3353	16.4777	5.134	1
6.65	4.3456	16.1895	5.1346	1
6.7	4.3559	16.8802	5.1341	1
6.75	4.3656	16.6384	5.1348	1
6.8	4.3758	16.5861	5.1456	1
6.85	4.3859	16.9179	5.1387	1
6.9	4.3957	17.0635	5.147	1
6.95	4.4053	17.1855	5.1572	1
7	4.415	17.2661	5.1364	1
7.05	4.4247	17.2645	5.1296	1
7.1	4.4335	17.7626	5.1367	1
7.15	4.4427	17.5241	5.1443	1
7.2	4.4522	17.632	5.1439	1
7.25	4.461	18.0047	5.1309	1
7.3	4.4702	17.7656	5.1366	1
7.35	4.4792	18.0862	5.1256	1
7.4	4.4883	18.0808	5.1218	1
7.45	4.4974	18.1176	5.1461	1
7.5	4.5062	18.4653	5.1654	1
7.55	4.5147	18.484	5.144	1
7.6	4.5233	18.563	5.1243	1
7.65	4.532	18.6574	5.1261	1
7.7	4.5401	19.0715	5.1308	1
7.75	4.5486	18.6605	5.1408	1
7.8	4.5572	19.0251	5.1503	1
7.85	4.5646	19.4166	5.1414	1
7.9	4.5723	19.1272	5.1316	2
7.95	4.5805	19.409	5.1274	2
8	4.5885	19.4895	5.1341	2
8.05	4.5968	19.3938	5.1389	2
8.1	4.6049	19.6487	5.1329	2
8.15	4.6124	19.8208	5.1194	2
8.2	4.6199	19.7182	5.1279	2
8.25	4.6271	20.0063	5.1423	2
8.3	4.6344	19.9199	5.1333	2
8.35	4.6415	20.1196	5.1201	2
8.4	4.6485	20.1024	5.1103	2
8.45	4.6553	20.0442	5.121	2
8.5	4.6614	20.3487	5.1168	2
8.55	4.6679	20.1367	5.0984	2
8.6	4.6741	20.4218	5.0991	2
8.65	4.6799	20.4257	5.1184	2
8.7	4.6861	20.1202	5.109	2
8.75	4.6918	20.5786	5.1003	2
8.8	4.6975	20.4521	5.0938	2
8.85	4.7035	20.3257	5.0991	2
8.9	4.7098	20.473	5.0924	2
8.95	4.7155	20.6895	5.0901	2
9	4.7206	20.6926	5.1088	2
9.05	4.7258	20.6284	5.129	2
9.1	4.7315	20.5797	5.1141	2
9.15	4.7362	21.0559	5.1011	2
9.2	4.7411	20.7533	5.0976	2
9.25	4.7463	20.6652	5.0944	2
9.3	4.7508	21.0923	5.104	2
9.35	4.7554	20.769	5.127	2
9.4	4.7597	21.0502	5.1265	2
9.45	4.7637	21.1396	5.1063	2
9.5	4.7678	21.083	5.1237	2
9.55	4.7716	21.2485	5.1362	2
9.6	4.7756	20.9961	5.1252	2
9.65	4.7792	21.3377	5.1162	2
9.7	4.7831	20.9553	5.1011	2
9.75	4.7875	21.1808	5.1156	2
9.8	4.7911	21.2861	5.1104	2
9.85	4.7951	21.1238	5.115	2
9.9	4.7986	21.3304	5.1216	3
9.95	4.8014	21.4682	5.1157	3
10	4.8049	21.2091	5.1332	3
10.05	4.8084	21.6158	5.141	3
10.1	4.8109	21.4845	5.1433	3
10.15	4.8141	21.3557	5.14	3
10.2	4.8166	21.689	5.1471	3
10.25	4.8191	21.5304	5.1444	3
10.3	4.8219	21.2531	5.1253	3
10.35	4.8234	21.9803	5.1311	3
10.4	4.8238	21.5268	5.1361	3
10.45	4.8268	20.9958	5.125	3
10.5	4.8278	22.1695	5.1264	3
10.55	4.8286	21.3814	5.1263	3
10.6	4.8305	21.1137	5.1302	3
10.65	4.8307	21.9942	5.1411	3
10.7	4.8305	21.3936	5.1455	3
10.75	4.8317	21.1959	5.1377	3
10.8	4.832	21.8587	5.1125	3
10.85	4.8316	21.5131	5.1209	3
10.9	4.8313	21.5851	5.136	3
10.95	4.8315	21.1825	5.1302	3
11	4.8305	22.0095	5.1369	3
11.05	4.8297	21.0551	5.1268	3
11.1	4.8298	21.1301	5.121	3
11.15	4.8284	21.7428	5.1322	3
11.2	4.8269	21.2054	5.1284	3
11.25	4.8263	21.1584	5.133	3
11.3	4.8252	21.2421	5.15	3
11.35	4.8237	21.2684	5.1507	3
11.4	4.8218	21.1845	5.1559	3
11.45	4.8202	20.9632	5.1421	3
11.5	4.8189	21.0268	5.1402	3
11.55	4.8164	21.2947	5.1486	3
11.6	4.8144	20.9553	5.1412	3
11.65	4.8122	20.7759	5.1533	3
11.7	4.8101	21.0584	5.143	3
11.75	4.8078	20.7575	5.1272	3
11.8	4.8055	20.859	5.1266	3
11.85	4.8031	20.6542	5.1186	3
11.9	4.8005	20.6796	5.1308	3
11.95	4.7982	20.4687	5.1372	3
12	4.7958	20.5712	5.1106	3
12.05	4.7931	20.4573	5.1244	3
12.1	4.7903	20.4487	5.1234	3
12.15	4.7873	20.1046	5.125	3
12.2	4.7849	20.451	5.1413	3
12.25	4.7819	20.0127	5.1453	3
12.3	4.7794	20.0234	5.1354	3
12.35	4.7767	19.9458	5.1209	3
12.4	4.7729	20.3987	5.1302	3
12.45	4.7699	19.7153	5.1445	3
12.5	4.7667	20.0525	5.1373	3
12.55	4.763	19.9873	5.1376	3
12.6	4.7599	19.735	5.1401	3
12.65	4.7565	19.6268	5.1411	3
12.7	4.7524	20.0446	5.1261	3
12.75	4.749	19.3817	5.1199	3
12.8	4.7458	19.3954	5.1339	3
12.85	4.7417	20.0852	5.1472	3
12.9	4.7373	19.3565	5.1382	3
12.95	4.7338	19.2342	5.1353	3
13	4.73	19.6063	5.1348	3
13.05	4.7253	19.2056	5.1304	3
13.1	4.7217	19.0984	5.1154	3
13.15	4.717	19.3794	5.1223	3
13.2	4.7128	19.1295	5.1244	3
13.25	4.7089	18.9034	5.1302	3
13.3	4.7041	19.0879	5.1411	3
13.35	4.6993	19.0404	5.1522	3
13.4	4.6952	18.7617	5.1475	3
13.45	4.6906	18.914	5.1442	3
13.5	4.6864	18.3511	5.1432	3
13.55	4.6819	18.7438	5.1552	3
13.6	4.6776	18.4819	5.1488	3
13.65	4.673	18.4348	5.1391	3
13.7	4.6684	18.4153	5.1556	3
13.75	4.6638	18.3163	5.1533	3
13.8	4.6588	18.1807	5.1472	3
13.85	4.6549	17.9562	5.1355	3
13.9	4.6505	18.0462	5.136	3
13.95	4.6459	18.0115	5.1524	3
14	4.6414	17.7812	5.1444	3
14.05	4.6369	17.8692	5.1446	3
14.1	4.632	17.7943	5.1442	3
14.15	4.6272	17.5697	5.14	3
14.2	4.6229	17.4367	5.128	3
14.25	4.6186	17.4839	5.134	3
14.3	4.6138	17.3385	5.1476	3
14.35	4.6091	17.3518	5.1625	3
14.4	4.604	17.3484	5.1601	3
14.45	4.5993	17.0834	5.1707	3
14.5	4.5945	17.0816	5.1682	3
14.55	4.5893	17.3406	5.156	3
14.6	4.5844	16.8343	5.1658	3
14.65	4.5799	16.678	5.1538	3
14.7	4.5738	17.4696	5.1608	3
14.75	4.5686	16.5996	5.1764	3
14.8	4.5641	16.4895	5.1695	3
14.85	4.5584	17.1231	5.1445	3
14.9	4.5525	16.6465	5.1266	3
14.95	4.5477	16.3355	5.1427	3
15	4.5426	16.6129	5.1426	3
15.05	4.5367	16.537	5.1374	3
15.1	4.5313	16.1598	5.1409	3
15.15	4.526	16.3479	5.1442	3
15.2	4.5206	16.1414	5.1479	3
15.25	4.515	16.4396	5.1528	3
15.3	4.5095	15.8176	5.1621	3
15.35	4.504	16.1952	5.1618	3
15.4	4.4983	15.9607	5.147	3
15.45	4.4927	15.6006	5.167	3
15.5	4.487	15.9705	5.1579	3
15.55	4.4807	15.9663	5.1417	3
15.6	4.4747	15.4655	5.147	3
15.65	4.4696	15.4683	5.1543	3
15.7	4.4628	15.8901	5.1679	3
15.75	4.4569	15.2294	5.159	3
15.8	4.4514	15.3246	5.159	3
15.85	4.4447	15.7181	5.1664	3
15.9	4.4385	14.8883	5.1507	3
15.95	4.4329	15.165	5.1365	3
16	4.4267	15.2109	5.141	3
16.05	4.4209	15.0616	5.1443	3
16.1	4.4149	14.974	5.1386	3
16.15	4.4092	14.8632	5.1365	3
16.2	4.4025	15.0609	5.1533	3
16.25	4.3967	14.4201	5.1638	3
16.3	4.3904	14.8524	5.1525	3
16.35	4.3833	14.9793	5.1551	3
16.4	4.3769	14.3369	5.139	3
16.45	4.3708	14.6797	5.1325	3
16.5	4.3638	14.388	5.1371	3
16.55	4.3577	14.2745	5.1101	3
16.6	4.351	14.5381	5.1188	3
16.65	4.3443	14.0977	5.1293	3
16.7	4.3378	14.3679	5.1395	3
16.75	4.3308	14.1192	5.1467	3
16.8	4.3241	14.0521	5.1592	3
16.85	4.3177	13.8066	5.1887	3
16.9	4.3106	14.2489	5.178	3
16.95	4.3035	13.7241	5.1565	3
17	4.2967	13.8917	5.1649	3
17.05	4.2896	13.5774	5.1671	3
17.1	4.2822	14.06	5.1528	3
17.15	4.2754	13.2845	5.153	3
17.2	4.269	13.5927	5.152	3
17.25	4.2616	13.6731	5.16	3
17.3	4.2551	12.8086	5.1526	3
17.35	4.2482	13.326	5.1442	3
17.4	4.2407	13.2911	5.149	3
17.45	4.2333	12.908	5.1391	3
17.5	4.2266	13.0548	5.1432	3
17.55	4.2191	12.9531	5.133	3
17.6	4.2123	12.8085	5.1335	3
17.65	4.2058	12.5128	5.1478	3
17.7	4.1986	12.8463	5.1582	3
17.75	4.1917	12.4315	5.1619	3
17.8	4.185	12.3036	5.1561	3
17.85	4.1776	12.5373	5.1624	3
17.9	4.1711	11.8303	5.1717	3
17.95	4.1642	12.3746	5.1579	3
18	4.1578	12.0347	5.1608	3
18.05	4.1508	11.8664	5.1621	3
18.1	4.1443	11.8118	5.1611	3
18.15	4.1376	11.8242	5.1502	3
18.2	4.1308	11.7352	5.1343	3
18.25	4.1238	11.8214	5.1406	3
18.3	4.1163	11.6269	5.1262	3
18.35	4.1092	11.6602	5.1181	3
18.4	4.103	10.8365	5.1265	3
18.45	4.0957	11.9201	5.1222	3
18.5	4.0887	10.823	5.1241	3
18.55	4.0822	11.1844	5.1294	3
18.6	4.0746	11.5042	5.121	3
18.65	4.0672	11.1134	5.1234	3
18.7	4.0605	10.7192	5.1132	3
18.75	4.0531	11.2907	5.1187	3
18.8	4.0453	10.8352	5.1173	3
18.85	4.0383	10.7459	5.1126	3
18.9	4.0316	10.5457	5.1423	3
18.95	4.0235	11.3232	5.1331	3
19	4.0157	10.3637	5.1137	3
19.05	4.0092	10.1754	5.1181	3
19.1	4.0016	10.789	5.1287	3
19.15	3.9938	10.3959	5.1331	3
19.2	3.9869	10.1007	5.117	3
19.25	3.9797	10.5216	5.1056	3
19.3	3.972	9.9477	5.1311	3
19.35	3.9649	10.1518	5.1401	3
19.4	3.9572	9.9417	5.1449	3
19.45	3.9498	9.9062	5.1593	3
19.5	3.9419	9.9899	5.1374	3
19.55	3.9339	9.8569	5.133	3
19.6	3.9269	9.6273	5.1309	3
19.65	3.9193	9.8079	5.1324	3
19.7	3.9112	9.4986	5.1454	3
19.75	3.9034	9.5932	5.1361	3
19.8	3.8955	9.2396	5.125	3
19.85	3.8874	9.6789	5.1208	3
19.9	3.8792	9.3135	5.1281	3
19.95	3.8714	9.2267	5.1306	3
20	3.8631	9.3165	5.1336	3
20.05	3.8551	9.1213	5.1305	3
20.1	3.8476	8.8182	5.1259	3
20.15	3.8397	9.2479	5.1288	3
20.2	3.831	8.9396	5.1361	3
20.25	3.8235	8.593	5.1395	3
20.3	3.8152	9.0682	5.1447	3
20.35	3.8066	8.7216	5.1416	3
20.4	3.7987	8.4424	5.1417	3
20.45	3.7902	8.7419	5.1453	3
20.5	3.7815	8.6669	5.1325	3
20.55	3.7736	8.2466	5.1323	3
20.6	3.7651	8.4423	5.138	3
20.65	3.7562	8.4855	5.1312	3
20.7	3.7474	8.2755	5.1226	3
20.75	3.7392	8.0737	5.1319	3
20.8	3.7301	8.3844	5.1405	3
20.85	3.7213	8.0252	5.1425	3
20.9	3.7132	7.7993	5.1299	3
20.95	3.7045	8.0566	5.1169	3
21	3.6949	8.2818	5.1304	3
21.05	3.6861	7.5992	5.1313	3
21.1	3.6772	7.9847	5.1179	3
21.15	3.6683	7.6966	5.106	3
21.2	3.6589	7.8154	5.1228	3
21.25	3.6496	7.4757	5.1193	3
21.3	3.6405	7.6168	5.1217	3
21.35	3.6314	7.4932	5.1357	3
21.4	3.6225	7.3554	5.1234	3
21.45	3.6126	7.5654	5.1189	3
21.5	3.6028	7.3442	5.1226	3
21.55	3.5939	6.9995	5.1277	3
21.6	3.5845	7.4009	5.1279	3
21.65	3.5746	7.0163	5.1234	3
21.7	3.5652	7.2195	5.1383	3
21.75	3.5554	6.8308	5.137	3
21.8	3.5458	6.9968	5.1312	3
21.85	3.536	6.9031	5.1362	3
21.9	3.5262	6.843	5.1217	3
21.95	3.5164	6.6993	5.1122	4
22	3.5067	6.6607	5.1166	4
22.05	3.4965	6.6574	5.1267	4
22.1	3.4867	6.516	5.1389	4
22.15	3.4771	6.3648	5.1427	4
22.2	3.4671	6.5171	5.1359	4
22.25	3.4572	6.3382	5.1375	4
22.3	3.4477	6.2394	5.1387	4
22.35	3.4384	6.1641	5.138	4
22.4	3.4283	6.5805	5.1352	4
22.45	3.4191	5.9137	5.1486	4
22.5	3.4105	6.0882	5.144	4
22.55	3.4012	6.1195	5.1431	4
22.6	3.3921	5.9504	5.1432	4
22.65	3.3836	5.8129	5.1302	4
22.7	3.3744	6.2178	5.125	4
22.75	3.3652	5.8346	5.1221	4
22.8	3.3568	5.9124	5.1114	4
22.85	3.3481	5.8084	5.1164	4
22.9	3.3396	5.9733	5.1273	4
22.95	3.3309	5.786	5.1366	4
23	3.3227	5.6466	5.1324	4
23.05	3.3146	5.5788	5.1128	4
23.1	3.3067	5.5811	5.1225	4
23.15	3.2983	5.6681	5.1337	4
23.2	3.2901	5.4976	5.1285	4
23.25	3.2824	5.2673	5.111	4
23.3	3.2746	5.762	5.1134	4
23.35	3.2666	5.4936	5.1205	4
23.4	3.2599	4.8697	5.1241	4
23.45	3.2518	5.6059	5.1247	4
23.5	3.244	5.2386	5.1282	4
23.55	3.2371	5.1611	5.1144	4
23.6	3.2298	5.3996	5.1276	4
23.65	3.2221	5.3352	5.1299	4
23.7	3.2147	5.0246	5.1257	4
23.75	3.2075	5.3604	5.1219	4
23.8	3.2002	5.0492	5.1284	4
23.85	3.1935	5.2689	5.145	4
23.9	3.1871	4.7971	5.1645	4
23.95	3.1796	5.462	5.151	4
24	3.1726	4.8761	5.1419	4
24.05	3.1662	4.8494	5.1301	4
24.1	3.1592	5.2962	5.1316	4
24.15	3.152	5.009	5.1467	4
24.2	3.1458	4.7154	5.1532	4
24.25	3.139	5.1766	5.1604	4
24.3	3.1319	4.8067	5.1693	4
24.35	3.1258	4.6975	5.1581	4
24.4	3.1193	5.08	5.1502	4
24.45	3.113	4.5025	5.1499	4
24.5	3.1071	4.7303	5.1566	4
24.55	3.1003	4.9781	5.1494	4
24.6	3.0936	4.7379	5.1437	4
24.65	3.0881	4.4197	5.1402	4
24.7	3.0822	4.6877	5.1385	4
24.75	3.0755	5.0559	5.1591	4
24.8	3.0694	4.1663	5.169	4
24.85	3.0635	4.6753	5.1623	4
24.9	3.0571	4.8687	5.1707	4
24.95	3.0516	4.3142	5.1657	4
25	3.0464	4.4757	5.16	4
25.05	3.04	4.8779	5.1506	4
25.1	3.0339	4.4768	5.1479	4
25.15	3.0287	4.4145	5.1464	4
25.2	3.0224	4.7405	5.1361	4
25.25	3.0165	4.3339	5.1464	4
25.3	3.0113	4.1998	5.1545	4
25.35	3.0053	4.5117	5.1543	4
25.4	2.9996	4.4501	5.1645	4
25.45	2.9945	4.0691	5.1577	4
25.5	2.9892	4.3116	5.1506	4
25.55	2.9837	4.2993	5.1409	4
25.6	2.9788	4.0363	5.1345	4
25.65	2.9743	4.2161	5.1405	4
25.7	2.9689	4.2044	5.1406	4
25.75	2.9642	4.0305	5.1432	4
25.8	2.9596	4.107	5.1383	4
25.85	2.9542	4.3824	5.1315	4
25.9	2.9498	3.6423	5.1311	4
25.95	2.9452	4.1712	5.1359	4
26	2.9402	4.1759	5.1333	4
26.05	2.9357	3.9724	5.119	4
26.1	2.9311	3.9231	5.1173	4
26.15	2.9263	4.1751	5.1441	4
26.2	2.9214	4.0682	5.1607	4
26.25	2.9169	3.7177	5.1564	4
26.3	2.9125	4.0856	5.1409	4
26.35	2.9075	3.9882	5.133	4
26.4	2.9031	3.7142	5.134	4
26.45	2.8994	3.8363	5.1355	4
26.5	2.8945	4.2448	5.1489	4
26.55	2.8901	3.635	5.1512	4
26.6	2.8862	3.6873	5.1349	4
26.65	2.8817	4.2244	5.1251	4
26.7	2.8776	3.463	5.1222	4
26.75	2.8741	3.6442	5.124	4
26.8	2.8695	4.065	5.1347	4
26.85	2.8647	4.0059	5.1447	4
26.9	2.8614	3.1123	5.1332	4
26.95	2.8579	3.9776	5.1249	4
27	2.8524	4.1932	5.1188	4
27.05	2.8489	3.0552	5.1215	4
27.1	2.8456	3.7848	5.1378	4
27.15	2.8406	4.2231	5.1323	4
27.2	2.837	2.9668	5.1209	4
27.25	2.8343	3.7191	5.1214	4
27.3	2.8293	4.0985	5.1258	4
27.35	2.826	3.0491	5.1258	4
27.4	2.8227	3.6806	5.1243	4
27.45	2.8183	3.9405	5.1226	4
27.5	2.8152	3.1598	5.1238	4
27.55	2.8122	3.5042	5.1224	4
27.6	2.8079	3.9095	5.1187	4
27.65	2.8042	3.3519	5.1163	4
27.7	2.8012	3.3263	5.1176	4
27.75	2.7976	3.6208	5.1236	4
27.8	2.7937	3.6377	5.131	4
27.85	2.7901	3.4242	5.1339	4
27.9	2.7872	3.3724	5.1391	4
27.95	2.7835	3.742	5.1566	4
28	2.7799	3.2219	5.1688	4
28.05	2.777	3.323	5.1641	4
28.1	2.7732	3.6567	5.1578	4
28.15	2.7697	3.3304	5.1459	4
28.2	2.7668	3.32	5.1439	4
28.25	2.7631	3.3495	5.1427	4
28.3	2.7595	3.5375	5.1188	4
28.35	2.7563	3.3447	5.121	4
28.4	2.7533	3.1849	5.1504	4
28.45	2.7502	3.5657	5.157	4
28.5	2.7468	3.2236	5.1518	4
28.55	2.7447	3.0022	5.1455	4
28.6	2.7412	3.7019	5.1392	4
28.65	2.7376	3.1954	5.1311	4
28.7	2.7352	3.004	5.1408	4
28.75	2.7319	3.5881	5.1394	4
28.8	2.7284	3.4567	5.1413	4
28.85	2.7258	2.7259	5.1551	4
28.9	2.7234	3.3954	5.1537	4
28.95	2.7198	3.4643	5.1561	4
29	2.7167	3.1226	5.156	4
29.05	2.7147	2.8212	5.1446	4
29.1	2.7119	3.433	5.1474	4
29.15	2.7085	3.3874	5.1367	4
29.2	2.7064	2.6377	5.1403	4
29.25	2.7038	3.3561	5.1486	4
29.3	2.7001	3.5126	5.1505	4
29.35	2.6977	2.6005	5.1577	4
29.4	2.6958	3.1036	5.1452	4
29.45	2.6927	3.3529	5.1381	4
29.5	2.69	2.9203	5.1539	4
29.55	2.688	2.8242	5.1494	4
29.6	2.6853	3.3359	5.1383	4
29.65	2.6826	2.8455	5.1279	4
29.7	2.6813	2.5898	5.127	4
29.75	2.6785	3.6036	5.1295	4
29.8	2.6752	2.9575	5.126	4
29.85	2.6741	2.3898	5.1339	4
29.9	2.6714	3.5697	5.1486	4
29.95	2.6684	2.741	5.147	4
30	2.6673	2.7886	5.1386	4
30.05	2.6649	2.8084	5.1195	4
30.1	2.6628	2.9109	5.1025	4
30.15	2.6602	2.9493	5.0963	4
30.2	2.6581	2.7723	5.1103	4
30.25	2.6563	3.0116	5.1267	4
30.3	2.6538	2.977	5.1166	4
30.35	2.6518	2.6809	5.1268	4
30.4	2.6499	2.9422	5.1282	4
30.45	2.6478	2.6676	5.122	4
30.5	2.6462	2.8128	5.1419	4
30.55	2.6438	3.0629	5.1501	4
30.6	2.6419	2.6144	5.1437	4
30.65	2.64	2.7589	5.1431	4
30.7	2.6376	3.1221	5.1282	4
30.75	2.6355	2.745	5.1195	4
30.8	2.6339	2.7714	5.115	4
30.85	2.6321	2.7285	5.1133	4
30.9	2.63	2.9541	5.1285	4
30.95	2.6275	2.9882	5.1198	4
31	2.6257	2.5811	5.119	4
31.05	2.624	2.8605	5.121	4
31.1	2.6218	2.7031	5.1223	4
31.15	2.6202	2.5244	5.1153	4
31.2	2.6185	2.8186	5.1134	4
31.25	2.6165	2.8225	5.1324	4
31.3	2.6152	2.4107	5.1319	4
31.35	2.6137	2.7345	5.1283	4
31.4	2.6124	2.5781	5.1387	4
31.45	2.6105	2.5702	5.1415	4
31.5	2.6092	2.5435	5.1365	4
31.55	2.6076	2.5034	5.143	4
31.6	2.6061	2.4612	5.1565	4
31.65	2.6047	2.6399	5.1626	4
31.7	2.6032	2.459	5.1653	4
31.75	2.6022	2.6721	5.1528	4
31.8	2.6004	2.65	5.1429	4
31.85	2.599	2.5686	5.1413	4
31.9	2.5979	2.3882	5.1455	4
31.95	2.5963	2.6891	5.1399	4
32	2.5944	2.6411	5.1593	4
32.05	2.5933	2.3488	5.1708	4
32.1	2.5921	2.9186	5.1732	4
32.15	2.5902	2.6745	5.1624	4
32.2	2.5887	2.4687	5.1617	4
32.25	2.5877	2.4091	5.1611	4
32.3	2.5857	2.9876	5.1544	4
32.35	2.5841	2.4037	5.1513	4
32.4	2.5831	2.502	5.1552	4
32.45	2.5816	2.729	5.1711	4
32.5	2.5798	2.7537	5.1635	4
32.55	2.578	2.4039	5.1576	4
32.6	2.5769	2.5876	5.1603	4
32.65	2.5752	2.881	5.147	4
32.7	2.5735	2.4993	5.1423	4
32.75	2.573	2.244	5.153	4
32.8	2.5715	2.7483	5.1473	4
32.85	2.57	2.4129	5.1352	4
32.9	2.569	2.4319	5.1451	4
32.95	2.5676	2.626	5.1326	4
33	2.5663	2.4384	5.1233	4
33.05	2.565	2.4378	5.1387	4
33.1	2.5642	2.1444	5.1275	4
33.15	2.5631	2.7068	5.1423	4
33.2	2.5618	2.3682	5.1585	4
33.25	2.561	2.1095	5.144	4
33.3	2.5603	2.5511	5.1545	4
33.35	2.5587	2.6494	5.1507	4
33.4	2.558	1.9902	5.1376	4
33.45	2.5577	2.3064	5.1393	4
33.5	2.5563	2.2924	5.1468	4
33.55	2.5553	2.578	5.1512	4
33.6	2.5549	1.8457	5.1444	4
33.65	2.5543	2.6331	5.1443	4
33.7	2.553	2.4451	5.1582	4
33.75	2.5522	2.1788	5.1672	4
33.8	2.5512	2.3149	5.175	4
33.85	2.5503	2.4124	5.1636	4
33.9	2.5492	2.3466	5.1629	4
33.95	2.5488	2.0919	5.1651	4
34	2.5482	2.1538	5.1472	4
34.05	2.5471	2.7715	5.1534	4
34.1	2.5461	1.9163	5.1428	4
34.15	2.5464	1.9195	5.1283	4
34.2	2.5453	2.6616	5.1199	4
34.25	2.5443	2.1738	5.1323	4
34.3	2.5445	1.9274	5.1449	4
34.35	2.5442	2.0504	5.1585	4
34.4	2.5429	2.708	5.1591	4
34.45	2.5426	1.7259	5.157	4
34.5	2.5425	2.376	5.1573	4
34.55	2.5416	2.283	5.1531	4
34.6	2.5411	1.8826	5.1429	4
34.65	2.541	2.2078	5.1333	4
34.7	2.5402	2.1937	5.1488	4
34.75	2.54	1.9315	5.1547	4
34.8	2.5397	2.1878	5.1444	4
34.85	2.539	2.2228	5.157	4
34.9	2.5383	2.2342	5.1506	4
34.95	2.5381	1.7589	5.166	4
35	2.5382	2.2209	5.1902	4
35.05	2.5377	2.0841	5.1704	4
35.1	2.5375	2.0859	5.1616	4
35.15	2.5377	2.0151	5.1698	4
35.2	2.537	2.0914	5.1788	4
35.25	2.5369	1.9463	5.1741	4
35.3	2.5368	1.9546	5.16	4
35.35	2.536	2.2364	5.1559	4
35.4	2.5359	1.9183	5.1627	4
35.45	2.5362	1.7928	5.1656	4
35.5	2.5361	2.2914	5.1502	4
35.55	2.5355	1.8703	5.1414	4
35.6	2.5357	1.8913	5.1465	4
35.65	2.5358	2.0634	5.1494	4
35.7	2.5358	2.0202	5.1635	4
35.75	2.5359	1.9979	5.1699	4
35.8	2.5356	1.9535	5.1472	4
35.85	2.5355	1.9696	5.1423	4
35.9	2.5351	2.0892	5.1506	4
35.95	2.5345	2.1897	5.1342	4
36	2.534	2.1997	5.1276	4
36.05	2.5341	1.5878	5.1314	4
36.1	2.5336	2.4057	5.155	4
36.15	2.5332	1.8486	5.1514	4
36.2	2.5332	2.0867	5.1295	4
36.25	2.5335	1.8197	5.1212	4
36.3	2.533	2.3192	5.1352	4
36.35	2.5322	2.1982	5.1425	4
36.4	2.5322	1.7651	5.1361	4
36.45	2.5311	2.5931	5.1267	4
36.5	2.5306	1.9239	5.1377	4
36.55	2.5309	1.7138	5.1229	4
36.6	2.5302	2.6537	5.125	4
36.65	2.5292	1.9119	5.133	4
36.7	2.5295	1.9061	5.1342	4
36.75	2.5292	2.337	5.1343	4
36.8	2.528	2.3236	5.1254	4
36.85	2.5277	1.862	5.1372	4
36.9	2.5277	2.2691	5.139	4
36.95	2.5269	2.1418	5.1354	4
37	2.5266	2.3492	5.1506	4
37.05	2.5259	1.8959	5.1475	4
37.1	2.5256	2.4414	5.145	4
37.15	2.5247	2.148	5.1581	4
37.2	2.5245	2.3827	5.1591	4
37.25	2.524	1.9296	5.1465	4
37.3	2.5237	2.2443	5.1437	4
37.35	2.5227	2.2093	5.14	4
37.4	2.5222	2.1824	5.1448	4
37.45	2.5216	2.142	5.1311	4
37.5	2.5213	2.1881	5.1362	4
37.55	2.5207	1.8961	5.1458	4
37.6	2.5211	2.1661	5.1492	4
37.65	2.5204	2.0508	5.1621	4
37.7	2.5202	2.2796	5.1506	4
37.75	2.5199	1.7826	5.1283	4
37.8	2.5195	2.2627	5.1295	4
37.85	2.5187	2.195	5.146	4
37.9	2.5194	1.3768	5.1499	4
37.95	2.519	2.4993	5.1426	4
38	2.5185	2.06	5.1414	4
38.05	2.519	1.5101	5.141	4
38.1	2.5193	2.0521	5.1642	4
38.15	2.5193	2.1537	5.1705	4
38.2	2.5187	1.653	5.1613	4
38.25	2.5195	1.9559	5.1391	4
38.3	2.5192	1.8285	5.1346	4
38.35	2.5189	2.058	5.1464	4
38.4	2.5193	1.6422	5.1523	4
38.45	2.5199	1.7441	5.1386	4
38.5	2.5196	2.2603	5.1233	4
38.55	2.5198	1.6079	5.1339	4
38.6	2.5202	2.0928	5.1422	4
38.65	2.5207	1.422	5.1472	4
38.7	2.5213	2.3719	5.1492	4
38.75	2.5205	1.5778	5.1572	4
38.8	2.5209	2.0499	5.1568	4
38.85	2.521	1.6839	5.1524	4
38.9	2.5209	2.0635	5.157	4
38.95	2.5208	1.8883	5.1529	4
39	2.5214	1.7447	5.1487	4
39.05	2.5211	2.0244	5.1552	4
39.1	2.5215	2.0383	5.1544	4
39.15	2.5204	1.9578	5.1428	4
39.2	2.5214	1.733	5.1316	4
39.25	2.5204	2.726	5.1346	4
39.3	2.5214	0.98	5.136	4
39.35	2.521	2.789	5.141	4
39.4	2.5203	1.8251	5.1483	4
39.45	2.5204	1.8666	5.1544	4
39.5	2.5206	1.9714	5.1512	4
39.55	2.5204	2.2613	5.156	4
39.6	2.5196	1.8944	5.1598	4
39.65	2.52	1.8163	5.1563	4
39.7	2.5204	2.1274	5.1523	4
39.75	2.5195	2.1105	5.1521	4
39.8	2.5194	2.0479	5.1535	4
39.85	2.5196	1.8342	5.1503	4
39.9	2.5188	2.489	5.1446	4
39.95	2.5193	1.5213	5.1437	4
40	2.5188	2.3894	5.1414	4
40.05	2.5189	1.8867	5.1494	4
40.1	2.5182	2.2306	5.1475	4
40.15	2.5181	1.8504	5.1337	4
40.2	2.5171	2.3952	5.1267	4
40.25	2.5171	1.7038	5.1202	4
40.3	2.517	2.3177	5.1021	4
40.35	2.5165	2.1914	5.1103	4
40.4	2.5158	2.0883	5.1143	4
40.45	2.516	2.0042	5.1058	4
40.5	2.5146	2.6755	5.1031	4
40.55	2.5139	1.951	5.1022	4
40.6	2.5142	2.0297	5.1049	4
40.65	2.5137	2.1989	5.1004	4
40.7	2.5131	2.265	5.1125	4
40.75	2.5128	2.0415	5.1134	4
40.8	2.5129	1.8115	5.1076	4
40.85	2.512	2.5791	5.1028	4
40.9	2.512	1.6846	5.1209	4
40.95	2.5117	2.395	5.1393	4
41	2.5116	1.9813	5.1087	4
41.05	2.5114	1.8886	5.1099	4
41.1	2.5113	2.3552	5.1378	4
41.15	2.5103	2.0655	5.1337	4
41.2	2.5107	1.801	5.1202	4
41.25	2.5099	2.2923	5.1085	4
41.3	2.5095	2.1408	5.1127	4
41.35	2.51	1.5855	5.1291	4
41.4	2.5103	2.264	5.1373	4
41.45	2.5102	1.8897	5.1329	4
41.5	2.5094	2.2124	5.1193	4
41.55	2.5099	1.9473	5.1012	4
41.6	2.5096	1.6958	5.1004	4
41.65	2.5093	2.4648	5.1002	4
41.7	2.5088	1.8711	5.104	4
41.75	2.5095	1.575	5.1021	4
41.8	2.5091	2.3974	5.0957	4
41.85	2.5086	1.9073	5.0986	4
41.9	2.5089	1.828	5.1006	4
41.95	2.5092	2.1866	5.1065	4
42	2.5085	1.9145	5.1197	4
42.05	2.5092	1.9475	5.126	4
42.1	2.5088	1.7632	5.12	4
42.15	2.5086	2.1435	5.1221	4
42.2	2.5085	1.8079	5.1256	4
42.25	2.5087	1.8638	5.1188	4
42.3	2.5086	2.1657	5.11	4
42.35	2.5086	1.8566	5.1093	4
42.4	2.5089	1.714	5.1164	4
42.45	2.5095	2.308	5.1149	4
42.5	2.5092	1.2661	5.1257	4
42.55	2.5099	2.3047	5.1312	4
42.6	2.5103	1.4024	5.1239	4
42.65	2.5099	2.3306	5.1206	4
42.7	2.511	1.5156	5.1303	4
42.75	2.5107	1.8785	5.1392	4
42.8	2.5108	1.9959	5.1308	4
42.85	2.5114	1.4465	5.1388	4
42.9	2.5112	2.3152	5.1384	4
42.95	2.5117	1.4522	5.137	4
43	2.5125	1.5507	5.1281	4
43.05	2.5124	2.3908	5.1275	4
43.1	2.5124	1.5635	5.1252	4
43.15	2.5136	1.6349	5.1206	4
43.2	2.5133	2.4677	5.1099	4
43.25	2.513	1.6348	5.1018	4
43.3	2.5143	1.4302	5.0952	4
43.35	2.5142	2.0924	5.1025	4
43.4	2.5138	2.075	5.1045	4
43.45	2.5148	1.373	5.0847	4
43.5	2.5152	1.9736	5.0749	4
43.55	2.5146	2.3102	5.0812	4
43.6	2.5143	1.77	5.0866	4
43.65	2.5156	1.551	5.091	4
43.7	2.5153	2.34	5.0814	4
43.75	2.5151	1.7796	5.0947	4
43.8	2.516	1.5649	5.1061	4
43.85	2.516	2.1274	5.1053	4
43.9	2.5153	2.1964	5.0952	4
43.95	2.5161	1.3643	5.0877	4
44	2.5163	2.3449	5.0829	4
44.05	2.5156	2.1262	5.0833	4
44.1	2.5158	1.6244	5.1064	4
44.15	2.5161	2.0891	5.1161	4
44.2	2.5158	2.1103	5.1039	4
44.25	2.5159	1.8295	5.0867	4
44.3	2.5163	1.809	5.0806	4
44.35	2.5156	2.5515	5.0849	4
44.4	2.5148	2.0811	5.0867	4
44.45	2.5152	1.6914	5.0817	4
44.5	2.5154	2.1482	5.0773	4
44.55	2.5142	2.4164	5.0659	4
44.6	2.5141	1.7102	5.0745	4
44.65	2.5144	2.0295	5.0947	4
44.7	2.5139	2.1991	5.0945	4
44.75	2.5134	2.14	5.0964	4
44.8	2.5135	2.1029	5.114	4
44.85	2.5128	2.05	5.1061	4
44.9	2.5125	2.2934	5.0965	4
44.95	2.5119	2.039	5.1094	4
45	2.5115	2.1937	5.1142	4
45.05	2.5115	1.9736	5.109	4
45.1	2.5112	2.1119	5.1042	4
45.15	2.5103	2.3415	5.1099	4
45.2	2.5103	1.942	5.1154	4
45.25	2.5102	2.0736	5.105	4
45.3	2.5093	2.4018	5.0937	4
45.35	2.5094	1.5898	5.0923	4
45.4	2.5093	2.6285	5.0976	4
45.45	2.5086	1.6852	5.1113	4
45.5	2.5081	2.512	5.1208	4
45.55	2.5078	1.6735	5.1167	4
45.6	2.5078	2.2283	5.1101	4
45.65	2.5076	2.1775	5.1052	4
45.7	2.5074	1.9275	5.1114	4
45.75	2.5076	1.7535	5.1259	4
45.8	2.5077	2.376	5.1368	4
45.85	2.5074	1.5688	5.1083	4
45.9	2.5073	2.5846	5.1049	4
45.95	2.5075	1.4406	5.1205	4
46	2.5075	2.2631	5.1141	4
46.05	2.5072	1.9595	5.1187	4
46.1	2.5071	1.7812	5.1129	4
46.15	2.5079	1.856	5.1075	4
46.2	2.5074	2.0713	5.1133	4
46.25	2.5076	1.8263	5.1081	4
46.3	2.5078	2.024	5.1054	4
46.35	2.508	1.7487	5.1056	4
46.4	2.5086	1.7883	5.1151	4
46.45	2.5085	1.8905	5.1183	4
46.5	2.5089	1.586	5.1091	4
46.55	2.5088	2.0287	5.1358	4
46.6	2.5092	1.7012	5.1277	4
46.65	2.5093	1.9557	5.1116	4
46.7	2.5104	1.3605	5.1175	4
46.75	2.5109	1.7914	5.1059	4
46.8	2.511	1.8993	5.1177	4
46.85	2.511	1.8724	5.1226	4
46.9	2.5117	1.2059	5.1092	4
46.95	2.5132	1.8297	5.1006	4
47	2.5133	1.7391	5.0859	4
47.05	2.5137	1.854	5.0937	4
47.1	2.5147	1.3547	5.0947	4
47.15	2.5142	2.5192	5.0916	4
47.2	2.5144	1.6242	5.1145	4
47.25	2.5149	1.6136	5.1162	4
47.3	2.516	1.7263	5.104	4
47.35	2.5154	2.2528	5.1078	4
47.4	2.5163	1.2021	5.0957	4
47.45	2.5176	1.5178	5.0947	4
47.5	2.5182	1.6042	5.0998	4
47.55	2.5192	1.4151	5.0929	4
47.6	2.5212	1.2105	5.0869	4
47.65	2.5219	1.6075	5.1003	4
47.7	2.5227	1.5404	5.1132	4
47.75	2.525	0.8955	5.1082	4
47.8	2.5254	2.1794	5.0989	4
47.85	2.526	1.2823	5.0977	4
47.9	2.5277	1.1982	5.0975	4
47.95	2.529	1.618	5.1117	4
48	2.53	1.2668	5.1079	4
48.05	2.5317	1.0931	5.1034	4
48.1	2.5332	1.8844	5.1143	4
48.15	2.5323	1.7446	5.1207	4
48.2	2.5351	0.8392	5.1301	4
48.25	2.536	1.3802	5.1296	4
48.3	2.5368	2.0802	5.1137	4
48.35	2.5376	0.7841	5.1069	4
48.4	2.5395	1.7845	5.1169	4
48.45	2.5397	1.8002	5.1199	4
48.5	2.5408	1.3431	5.1216	4
48.55	2.5415	1.7719	5.1285	4
48.6	2.5426	1.4986	5.1296	4
48.65	2.5422	2.2154	5.1191	4
48.7	2.5432	1.1526	5.1295	4
48.75	2.5438	2.0754	5.1349	4
48.8	2.5442	1.5853	5.1246	4
48.85	2.5444	2.0969	5.1106	4
48.9	2.5451	1.308	5.1081	4
48.95	2.5455	2.1032	5.114	4
49	2.5456	1.545	5.1192	4
49.05	2.5463	1.9424	5.1198	4
49.1	2.5466	1.5475	5.1165	4
49.15	2.5468	2.1521	5.13	4
49.2	2.5472	1.6264	5.1279	4
49.25	2.5475	1.7654	5.1157	4
49.3	2.548	2.1503	5.1027	4
49.35	2.5477	1.856	5.119	4
49.4	2.5476	2.0488	5.1208	4
49.45	2.5483	1.6128	5.0985	4
49.5	2.5476	2.4407	5.1059	4
49.55	2.5475	1.7608	5.1125	4
49.6	2.5479	1.7649	5.0978	4
49.65	2.5477	2.3738	5.0956	4
49.7	2.5472	1.9342	5.1025	4
49.75	2.5476	1.9346	5.1034	4
49.8	2.548	1.7219	5.0753	4
49.85	2.5469	3.0209	5.0888	4
49.9	2.5459	1.9018	5.1041	4
49.95	2.5471	1.3412	5.111	4
50	2.5461	3.1263	5.1096	4
50.05	2.5456	1.3647	5.1004	4
50.1	2.5465	2.0593	5.0973	4
50.15	2.546	2.2726	5.0918	4
50.2	2.5444	2.6159	5.0878	4
50.25	2.5445	1.7564	5.1123	4
50.3	2.544	2.4751	5.1187	4
50.35	2.5426	2.3574	5.1149	4
50.4	2.5429	1.8097	5.1177	4
50.45	2.5434	1.9826	5.1157	4
50.5	2.5413	3.1583	5.1115	4
50.55	2.541	1.5031	5.1056	4
50.6	2.5414	2.1606	5.1085	4
50.65	2.5401	2.8276	5.1022	4
50.7	2.5391	1.9164	5.1077	4
50.75	2.5395	2.0638	5.1196	4
50.8	2.5381	2.734	5.101	4
50.85	2.5372	2.2282	5.0937	4
50.9	2.5371	1.9343	5.1044	4
50.95	2.5363	2.6345	5.1008	4
51	2.535	2.2659	5.1069	4
51.05	2.5345	2.4327	5.1336	4
51.1	2.5341	2.0001	5.1212	4
51.15	2.5334	2.4877	5.1033	4
51.2	2.5333	1.8396	5.1105	4
51.25	2.5321	2.7696	5.1069	4
51.3	2.5308	2.1755	5.1085	4
51.35	2.5305	2.1673	5.0978	4
51.4	2.5293	2.706	5.0997	4
51.45	2.5283	2.3381	5.1169	4
51.5	2.5276	2.0873	5.1251	4
51.55	2.5273	2.3972	5.1004	4
51.6	2.5261	2.2646	5.0933	4
51.65	2.5247	2.7411	5.1026	4
51.7	2.5239	1.9857	5.1061	4
51.75	2.5228	2.7157	5.1039	4
51.8	2.5219	2.422	5.0933	4
51.85	2.521	1.9373	5.0738	4
51.9	2.5201	3.1386	5.0701	4
51.95	2.519	1.7609	5.0826	4
52	2.5179	2.9184	5.0709	4
52.05	2.5184	1.7329	5.0784	4
52.1	2.5162	2.9442	5.0929	4
52.15	2.5163	2.3269	5.1125	4
52.2	2.5148	2.1693	5.1144	4
52.25	2.5145	2.5354	5.1164	4
52.3	2.5134	2.3297	5.1208	4
52.35	2.5119	2.5553	5.1357	4
52.4	2.5114	2.1444	5.139	4
52.45	2.5112	2.118	5.1282	4
52.5	2.5092	2.8993	5.1197	4
52.55	2.5091	1.7978	5.1146	4
52.6	2.5085	2.5163	5.1058	4
52.65	2.5072	2.5631	5.1087	4
52.7	2.5067	2.0377	5.1312	4
52.75	2.5059	2.629	5.1364	4
52.8	2.505	2.3335	5.1344	4
52.85	2.5041	2.159	5.1319	4
52.9	2.5034	2.6884	5.1202	4
52.95	2.5023	2.0628	5.1187	4
53	2.5012	2.7409	5.1247	4
53.05	2.501	1.8409	5.1408	4
53.1	2.4997	2.8913	5.1431	4
53.15	2.4991	2.2607	5.1444	4
53.2	2.4984	2.232	5.1454	4
53.25	2.4973	2.6737	5.1422	4
53.3	2.4966	1.9975	5.1359	4
53.35	2.4952	3.0052	5.1206	4
53.4	2.4942	1.834	5.1257	4
53.45	2.4938	2.7768	5.137	4
53.5	2.4923	2.4499	5.138	4
53.55	2.4911	2.4217	5.1598	4
53.6	2.4903	2.4076	5.1606	4
53.65	2.4889	2.7938	5.1535	4
53.7	2.4881	1.8933	5.1407	4
53.75	2.4868	3.0474	5.1304	4
53.8	2.486	1.788	5.1247	4
53.85	2.4849	3.0044	5.1293	4
53.9	2.4836	2.2724	5.1178	4
53.95	2.4831	2.4306	5.113	4
54	2.4814	2.8581	5.1035	4
54.05	2.4802	2.0974	5.1183	4
54.1	2.4796	2.5252	5.1286	4
54.15	2.4775	2.9255	5.1102	4
54.2	2.4767	1.9216	5.1182	4
54.25	2.4758	2.9957	5.1316	4
54.3	2.474	2.3431	5.1464	4
54.35	2.4734	2.5163	5.1413	4
54.4	2.4716	2.848	5.1205	4
54.45	2.4703	2.5077	5.1277	4
54.5	2.4694	2.4451	5.1346	4
54.55	2.4681	2.6062	5.1358	4
54.6	2.4663	2.8912	5.1489	4
54.65	2.4645	2.8331	5.1491	4
54.7	2.4636	2.0418	5.1498	4
54.75	2.4631	2.6355	5.1452	4
54.8	2.4607	2.9605	5.1308	4
54.85	2.4597	2.0929	5.1227	4
54.9	2.4594	2.5018	5.117	4
54.95	2.4575	2.7969	5.1157	4
55	2.4569	2.3474	5.1176	4
55.05	2.4562	2.2147	5.1313	4
55.1	2.4549	2.8765	5.1451	4
55.15	2.4529	2.4511	5.1539	4
55.2	2.4529	2.0979	5.1495	4
55.25	2.4517	2.7537	5.1265	4
55.3	2.4498	2.8986	5.1289	4
55.35	2.4496	1.6434	5.1467	4
55.4	2.449	2.8452	5.151	4
55.45	2.446	2.972	5.1539	4
55.5	2.446	1.6446	5.1617	4
55.55	2.4455	2.6733	5.1597	4
55.6	2.4427	3.192	5.1634	4
55.65	2.4416	2.0034	5.1612	4
55.7	2.4416	2.2535	5.1527	4
55.75	2.4396	3.1543	5.1524	4
55.8	2.4385	2.0935	5.1629	4
55.85	2.4385	2.3232	5.1714	4
55.9	2.4368	2.9401	5.1607	4
55.95	2.435	2.4481	5.143	4
56	2.4345	2.2442	5.1357	4
56.05	2.4332	2.6292	5.1364	4
56.1	2.4317	2.5515	5.148	4
56.15	2.4303	2.6219	5.1447	4
56.2	2.4297	2.01	5.1466	4
56.25	2.4291	2.6682	5.1449	4
56.3	2.4272	2.6077	5.1198	4
56.35	2.4261	2.4781	5.1274	4
56.4	2.4255	2.1341	5.1287	4
56.45	2.424	2.7325	5.1179	4
56.5	2.4224	2.5391	5.1346	4
56.55	2.4215	2.4678	5.1362	4
56.6	2.4207	2.4749	5.1282	4
56.65	2.4194	2.6569	5.1363	4
56.7	2.418	2.432	5.1418	4
56.75	2.4172	2.4565	5.1373	4
56.8	2.416	2.53	5.1291	4
56.85	2.4146	2.7237	5.1329	4
56.9	2.4137	2.391	5.1333	4
56.95	2.4121	2.5676	5.1233	4
57	2.411	2.4988	5.127	4
57.05	2.4104	2.0767	5.115	4
57.1	2.4092	2.6446	5.1089	4
57.15	2.408	2.6702	5.1315	4
57.2	2.4071	1.9722	5.1451	4
57.25	2.4066	2.9015	5.1478	4
57.3	2.4046	2.387	5.1423	4
57.35	2.4038	2.3407	5.1346	4
57.4	2.4036	2.3028	5.1219	4
57.45	2.4017	2.776	5.1216	4
57.5	2.4004	2.1736	5.1218	4
57.55	2.3998	2.3276	5.122	4
57.6	2.3985	2.6652	5.1366	4
57.65	2.3974	2.4585	5.1456	4
57.7	2.3968	2.1645	5.1185	4
57.75	2.3959	2.6935	5.1159	4
57.8	2.3948	2.196	5.1157	4
57.85	2.394	2.4835	5.1142	4
57.9	2.3924	2.6973	5.1229	4
57.95	2.3913	2.3624	5.1209	4
58	2.3905	2.209	5.1155	4
58.05	2.3897	2.4356	5.1122	4
58.1	2.3889	2.3316	5.1337	4
58.15	2.388	2.3301	5.1458	4
58.2	2.3869	2.4193	5.1497	4
58.25	2.3859	2.4906	5.139	4
58.3	2.3847	2.4235	5.1299	4
58.35	2.3843	2.0457	5.1204	4
58.4	2.3833	2.59	5.1429	4
58.45	2.3821	2.5871	5.1562	4
58.5	2.3817	1.9506	5.1599	4
58.55	2.3814	2.5339	5.1546	4
58.6	2.3795	2.4253	5.1347	4
58.65	2.379	2.0727	5.1379	4
58.7	2.3783	2.5707	5.1476	4
58.75	2.377	2.1758	5.1446	4
58.8	2.3765	2.3237	5.1443	4
58.85	2.3756	2.3987	5.1357	4
58.9	2.3747	2.1456	5.1332	4
58.95	2.3741	2.5972	5.143	4
59	2.3736	1.8716	5.1492	4
59.05	2.3726	2.6481	5.139	4
59.1	2.3715	2.4033	5.1203	4
59.15	2.3708	1.9462	5.1361	4
59.2	2.3702	2.4455	5.1463	4
59.25	2.3691	2.5466	5.1283	4
59.3	2.3687	1.6134	5.1326	4
59.35	2.3686	2.5147	5.1247	4
59.4	2.3675	2.2865	5.1251	4
59.45	2.3673	1.8338	5.1242	4
59.5	2.3663	2.5824	5.1264	4
59.55	2.3656	2.0769	5.1314	4
59.6	2.3658	1.6956	5.1159	4
59.65	2.365	2.6671	5.101	4
59.7	2.3646	1.9218	5.1054	4
59.75	2.3644	2.0744	5.1105	4
59.8	2.3643	2.0586	5.1139	4
59.85	2.3636	2.0911	5.1202	4
59.9	2.363	2.2584	5.101	4
59.95	2.363	1.8698	5.107	4
60	2.3627	2.1719	5.1219	4
60.05	2.3621	2.329	5.1287	4
60.1	2.362	1.8143	5.1263	4
60.15	2.3618	2.1231	5.1213	4
60.2	2.3611	2.3824	5.1197	4
60.25	2.3614	1.4924	5.1153	4
60.3	2.3617	2.254	5.1274	4
60.35	2.3605	2.3162	5.1255	4
60.4	2.3605	1.768	5.1361	4
60.45	2.3605	2.0766	5.1319	4
60.5	2.3597	2.2823	5.11	4
60.55	2.3597	1.7801	5.1108	4
60.6	2.3605	1.7925	5.1259	4
60.65	2.3599	2.4613	5.1362	4
60.7	2.3592	1.8805	5.1258	4
60.75	2.3597	1.6082	5.1308	4
60.8	2.3592	2.3642	5.1126	4
60.85	2.3581	2.343	5.1006	4
60.9	2.3589	1.3637	5.1029	4
60.95	2.3594	2.1256	5.1002	4
61	2.3587	2.2066	5.1033	4
61.05	2.358	1.9073	5.1096	4
61.1	2.3582	1.9157	5.1083	4
61.15	2.3582	2.0564	5.1002	4
61.2	2.3571	2.3541	5.1037	4
61.25	2.3575	1.4081	5.1157	4
61.3	2.3577	2.2591	5.1295	4
61.35	2.3564	2.5554	5.1226	4
61.4	2.3569	1.1849	5.0998	4
61.45	2.3577	2.1596	5.133	4
61.5	2.3562	2.8533	5.143	4
61.55	2.3567	1.2711	5.1395	4
61.6	2.3571	2.1916	5.1386	4
61.65	2.3559	2.3635	5.1369	4
61.7	2.3555	1.989	5.1371	4
61.75	2.3557	1.7693	5.1244	4
61.8	2.3547	2.6933	5.1274	4
61.85	2.3543	1.6089	5.1271	4
61.9	2.3546	2.3233	5.1266	4
61.95	2.3538	1.9988	5.1205	4
62	2.3533	2.3697	5.1106	4
62.05	2.3533	1.7934	5.1216	4
62.1	2.3528	2.5639	5.1357	4
62.15	2.3519	2.0628	5.1394	4
62.2	2.3521	1.9122	5.1482	4
62.25	2.3516	2.33	5.1433	4
62.3	2.3507	2.3978	5.1422	4
62.35	2.3505	1.9105	5.1645	4
62.4	2.35	2.3186	5.167	4
62.45	2.349	2.3515	5.1521	4
62.5	2.3485	2.0147	5.1446	4
62.55	2.3485	2.1402	5.1462	4
62.6	2.3477	2.3714	5.1446	4
62.65	2.3468	2.2578	5.1464	4
62.7	2.347	1.9082	5.1374	4
62.75	2.3464	2.5369	5.1268	4
62.8	2.3452	2.3854	5.1232	4
62.85	2.3452	1.9023	5.1359	4
62.9	2.3442	2.4771	5.1353	4
62.95	2.3434	2.1873	5.1309	4
63	2.3431	2.1366	5.1362	4
63.05	2.3426	2.3538	5.1323	4
63.1	2.3414	2.2165	5.1331	4
63.15	2.3413	1.9252	5.122	4
63.2	2.3406	2.5212	5.1061	4
63.25	2.3396	2.2266	5.1126	4
63.3	2.3396	1.895	5.1097	4
63.35	2.3389	2.4174	5.0952	4
63.4	2.3378	2.4725	5.1002	4
63.45	2.3375	2.0177	5.1107	4
63.5	2.3375	2.0225	5.1313	4
63.55	2.3371	2.4037	5.1458	4
63.6	2.3357	2.2723	5.1376	4
63.65	2.336	1.7647	5.1252	4
63.7	2.3354	2.4263	5.1304	4
63.75	2.3348	2.1636	5.1337	4
63.8	2.3351	1.9006	5.1449	4
63.85	2.3346	2.2102	5.1414	4
63.9	2.3332	2.4822	5.1404	4
63.95	2.3335	1.3086	5.1201	4
64	2.3341	2.2933	5.1265	4
64.05	2.3327	2.6984	5.1408	4
64.1	2.3326	1.4794	5.1458	4
64.15	2.3332	1.9051	5.1433	4
64.2	2.332	2.6003	5.1315	4
64.25	2.3313	1.8521	5.1071	4
64.3	2.3324	1.7919	5.1046	4
64.35	2.3319	2.3607	5.1244	4
64.4	2.3309	2.2885	5.1365	4
64.45	2.3316	1.2689	5.1384	4
64.5	2.3314	2.4808	5.1541	4
64.55	2.3297	2.5039	5.1451	4
64.6	2.3304	1.2107	5.1308	4
64.65	2.3313	2.1722	5.1359	4
64.7	2.3296	2.7857	5.1317	4
64.75	2.3298	1.3382	5.1067	4
64.8	2.3306	1.8511	5.1014	4
64.85	2.3295	2.5705	5.0978	4
64.9	2.3292	1.6739	5.1068	4
64.95	2.3301	1.8473	5.1157	4
65	2.3293	2.5022	5.1074	4
65.05	2.3289	1.7633	5.1097	4
65.1	2.33	1.5322	5.1181	4
65.15	2.3295	2.3901	5.1213	4
65.2	2.329	2.0483	5.1127	4
65.25	2.3297	1.3096	5.1105	4
65.3	2.3305	2.1275	5.1246	4
65.35	2.3293	2.5227	5.1289	4
65.4	2.3298	1.5189	5.1104	4
65.45	2.3309	1.5561	5.1059	4
65.5	2.3303	2.3277	5.1081	4
65.55	2.3304	1.3252	5.12	4
65.6	2.3317	1.8822	5.1137	4
65.65	2.3311	2.2335	5.1016	4
65.7	2.3313	1.6786	5.1072	4
65.75	2.3314	1.7943	5.1056	4
65.8	2.3315	1.9281	5.1073	4
65.85	2.3316	1.7538	5.106	4
65.9	2.3324	1.6998	5.1116	4
65.95	2.3324	1.8936	5.1174	4
66	2.3324	1.9417	5.1182	4
66.05	2.3327	1.7547	5.1322	4
66.1	2.3335	1.7056	5.1078	4
66.15	2.3329	2.1657	5.1038	4
66.2	2.3339	1.1319	5.1048	4
66.25	2.3349	1.9096	5.0925	4
66.3	2.3348	1.9076	5.1073	4
66.35	2.3351	1.6371	5.1048	4
66.4	2.3363	1.7397	5.1106	4
66.45	2.3359	2.0786	5.1065	4
66.5	2.3372	1.1684	5.0888	4
66.55	2.3375	2.1654	5.0977	4
66.6	2.3378	1.3325	5.1011	4
66.65	2.3391	1.7681	5.105	4
66.7	2.3397	1.3921	5.1151	4
66.75	2.3397	2.2551	5.1019	4
66.8	2.3403	1.3428	5.1024	4
66.85	2.3411	1.8892	5.1012	4
66.9	2.3418	1.4552	5.1018	4
66.95	2.342	1.8886	5.1038	4
67	2.3425	1.6787	5.102	4
67.05	2.3431	1.6088	5.1083	4
67.1	2.3438	1.4382	5.1003	4
67.15	2.3444	1.8595	5.0893	4
67.2	2.3456	1.202	5.0957	4
67.25	2.3467	1.9883	5.1014	4
67.3	2.3474	1.0811	5.0897	4
67.35	2.3488	1.8725	5.0992	4
67.4	2.3484	1.6714	5.102	4
67.45	2.3494	1.5088	5.1044	4
67.5	2.3502	1.6148	5.0953	4
67.55	2.3512	1.3539	5.09	4
67.6	2.3528	1.3372	5.1058	4
67.65	2.3529	2.0532	5.1254	4
67.7	2.3543	0.9197	5.1294	4
67.75	2.3564	1.4154	5.1142	4
67.8	2.3561	2.0736	5.1007	4
67.85	2.357	1.3613	5.1084	4
67.9	2.3581	1.3065	5.1194	4
67.95	2.3598	1.3881	5.1163	4
68	2.3601	1.8084	5.1143	4
68.05	2.3613	1.1665	5.1004	4
68.1	2.3629	1.4521	5.1115	4
68.15	2.3629	1.8802	5.1061	4
68.2	2.3642	0.8423	5.1063	4
68.25	2.3659	1.5388	5.1287	4
68.3	2.366	2.1873	5.1166	4
68.35	2.3671	0.8497	5.102	4
68.4	2.3691	1.3975	5.0997	4
68.45	2.3697	1.5824	5.1024	4
68.5	2.3701	1.8777	5.1102	4
68.55	2.3727	0.2956	5.1062	4
68.6	2.3738	1.9807	5.104	4
68.65	2.3737	1.891	5.0948	4
68.7	2.3758	0.567	5.0989	4
68.75	2.3778	1.5641	5.0918	4
68.8	2.3776	1.9605	5.078	4
68.85	2.3788	1.0928	5.079	4
68.9	2.3811	0.9233	5.0849	4
68.95	2.3819	1.9832	5.106	4
69	2.3825	1.3969	5.102	4
69.05	2.3838	1.0758	5.0962	4
69.1	2.3853	1.6339	5.1045	4
69.15	2.3857	1.6507	5.1033	4
69.2	2.3867	1.4435	5.1057	4
69.25	2.3885	0.9189	5.1141	4
69.3	2.3892	2.0414	5.1078	4
69.35	2.3904	1.1477	5.0991	4
69.4	2.3916	1.6921	5.1071	4
69.45	2.392	1.4273	5.0999	4
69.5	2.394	1.0858	5.107	4
69.55	2.3952	1.7091	5.1012	4
69.6	2.3961	1.2696	5.0955	4
69.65	2.3972	1.577	5.0951	4
69.7	2.3981	1.402	5.0891	4
69.75	2.3995	1.3718	5.0906	4
69.8	2.4003	1.6817	5.0786	4
69.85	2.402	0.7193	5.0859	4
69.9	2.404	1.7308	5.0988	4
69.95	2.4043	1.5385	5.1079	4
70	2.4058	1.201	5.0963	4
70.05	2.4076	1.3048	5.0853	4
70.1	2.4082	1.5288	5.0982	4
70.15	2.4101	1.055	5.101	4
70.2	2.4115	1.5949	5.0944	4
70.25	2.4129	0.9705	5.1003	4
70.3	2.4143	1.8169	5.0943	4
70.35	2.4148	1.289	5.1125	4
70.4	2.4163	1.2171	5.1121	4
70.45	2.4179	1.3506	5.1033	4
70.5	2.4183	1.703	5.102	4
70.55	2.4195	1.4897	5.088	4
70.6	2.4205	1.4307	5.0904	4
70.65	2.4217	1.3863	5.1046	4
70.7	2.4228	1.499	5.1062	4
70.75	2.4238	1.4532	5.1131	4
70.8	2.4252	1.2416	5.1079	4
70.85	2.4264	1.3298	5.0764	4
70.9	2.4281	1.0652	5.0684	4
70.95	2.429	1.6878	5.0785	4
71	2.4304	1.0832	5.0796	4
71.05	2.4325	1.1382	5.0819	4
71.1	2.4335	1.5765	5.0789	4
71.15	2.4343	1.6132	5.09	4
71.2	2.4364	0.9189	5.0857	4
71.25	2.438	1.5235	5.0732	4
71.3	2.4384	1.6969	5.0738	4
71.35	2.4402	0.7986	5.0787	4
71.4	2.4413	1.8335	5.096	4
71.45	2.4415	1.5199	5.0882	4
71.5	2.4433	1.219	5.0928	4
71.55	2.4442	1.7256	5.0874	4
71.6	2.4448	1.7634	5.0597	4
71.65	2.446	1.1336	5.0667	4
71.7	2.447	1.8229	5.0803	4
71.75	2.448	1.1924	5.0869	4
71.8	2.4492	1.8733	5.1112	4
71.85	2.4495	1.5336	5.0931	4
71.9	2.4506	1.5592	5.0861	4
71.95	2.4511	1.7668	5.0879	4
72	2.4516	1.662	5.0783	4
72.05	2.453	1.3951	5.0931	4
72.1	2.4532	1.9594	5.1106	4
72.15	2.4534	1.7933	5.1075	4
72.2	2.4544	1.4748	5.1058	4
72.25	2.4547	1.9419	5.0895	4
72.3	2.4555	1.5538	5.0977	4
72.35	2.4557	1.9967	5.0982	4
72.4	2.4566	1.2888	5.0876	4
72.45	2.4567	2.3934	5.0925	4
72.5	2.456	1.9255	5.0947	4
72.55	2.4575	1.3048	5.101	4
72.6	2.4585	1.6897	5.1004	4
72.65	2.4577	2.9389	5.0975	4
72.7	2.4575	1.1746	5.082	4
72.75	2.4594	1.6465	5.0588	4
72.8	2.4588	2.2756	5.0813	4
72.85	2.4579	2.3129	5.0976	4
72.9	2.4588	1.3374	5.0972	4
72.95	2.4587	2.3574	5.0927	4
73	2.458	2.0766	5.0884	4
73.05	2.4576	2.2606	5.093	4
73.1	2.4579	1.4016	5.0958	4
73.15	2.4579	2.5074	5.0988	4
73.2	2.4571	2.0551	5.1068	4
73.25	2.457	2.0139	5.1003	4
73.3	2.4568	2.2409	5.1067	4
73.35	2.4558	2.1182	5.1096	4
73.4	2.4561	2.016	5.1049	4
73.45	2.4557	2.1335	5.1114	4
73.5	2.4553	2.393	5.0983	4
73.55	2.4548	2.0508	5.1048	4
73.6	2.455	2.1678	5.1215	4
73.65	2.4548	1.8957	5.1173	4
73.7	2.4541	2.4632	5.117	4
73.75	2.4526	2.6578	5.1099	4
73.8	2.4531	1.2928	5.1202	4
73.85	2.4528	2.7231	5.1318	4
73.9	2.4519	2.1072	5.1176	4
73.95	2.4512	2.2886	5.1163	4
74	2.4509	1.9491	5.1144	4
74.05	2.45	2.642	5.1388	4
74.1	2.449	2.2215	5.1618	4
74.15	2.4486	2.3067	5.1467	4
74.2	2.4481	2.2259	5.1422	4
74.25	2.4471	2.4165	5.1346	4
74.3	2.447	1.8559	5.1215	4
74.35	2.4464	2.626	5.1152	4
74.4	2.4451	2.1167	5.1145	4
74.45	2.4449	2.2518	5.1239	4
74.5	2.4441	2.3931	5.1303	4
74.55	2.4431	2.6415	5.1206	4
74.6	2.4428	1.7308	5.1249	4
74.65	2.442	2.7811	5.1221	4
74.7	2.4408	2.0437	5.1171	4
74.75	2.4405	2.4204	5.1201	4
74.8	2.4403	2.0146	5.1316	4
74.85	2.4392	2.7304	5.1341	4
74.9	2.4385	2.0575	5.1313	4
74.95	2.4381	2.3527	5.1396	4
75	2.4374	2.2046	5.1262	4
75.05	2.4367	2.4488	5.1101	4
75.1	2.4359	2.0944	5.1197	4
75.15	2.4354	2.516	5.145	4
75.2	2.4347	2.0773	5.1622	4
75.25	2.434	2.7226	5.1477	4
75.3	2.4328	2.0977	5.1293	4
75.35	2.4332	1.7323	5.1357	4
75.4	2.432	3.0154	5.1261	4
75.45	2.4303	2.3721	5.1112	4
75.5	2.4308	1.5308	5.1136	4
75.55	2.4306	2.5928	5.1211	4
75.6	2.4283	2.9347	5.1159	4
75.65	2.4283	1.7094	5.1071	4
75.7	2.4284	2.043	5.1035	4
75.75	2.4266	3.0447	5.1195	4
75.8	2.4252	2.1229	5.1245	4
75.85	2.4258	1.7202	5.1225	4
75.9	2.4254	2.454	5.1136	4
75.95	2.424	2.5647	5.1043	4
76	2.4236	1.802	5.109	4
76.05	2.4237	2.3422	5.1077	4
76.1	2.4222	2.7604	5.104	4
76.15	2.4225	1.4317	5.11	4
76.2	2.4225	2.3884	5.104	4
76.25	2.421	2.5755	5.1096	4
76.3	2.4206	1.7416	5.1198	4
76.35	2.4208	2.2718	5.1319	4
76.4	2.4195	2.7007	5.1356	4
76.45	2.4187	2.0523	5.1278	4
76.5	2.4185	2.1823	5.1177	4
76.55	2.4176	2.4442	5.1093	4
76.6	2.4168	2.3927	5.1124	4
76.65	2.4164	2.0788	5.1198	4
76.7	2.4159	2.3482	5.1057	4
76.75	2.4143	2.8933	5.0902	4
76.8	2.4134	1.9271	5.0923	4
76.85	2.4137	2.1367	5.1069	4
76.9	2.4126	2.5039	5.1099	4
76.95	2.4122	2.0447	5.1044	4
77	2.4116	2.4013	5.1171	4
77.05	2.4105	2.1969	5.1396	4
77.1	2.4105	2.1651	5.1345	4
77.15	2.4094	2.4041	5.1305	4
77.2	2.4088	2.4376	5.1268	4
77.25	2.4075	2.232	5.1312	4
77.3	2.4074	2.0256	5.1322	4
77.35	2.4066	2.5556	5.1255	4
77.4	2.4059	2.2277	5.1206	4
77.45	2.405	2.6609	5.1163	4
77.5	2.404	2.1143	5.1084	4
77.55	2.403	2.4062	5.1005	4
77.6	2.4022	2.297	5.0934	4
77.65	2.4013	2.4957	5.0983	4
77.7	2.4	2.5667	5.0957	4
77.75	2.3989	2.3132	5.111	4
77.8	2.3982	2.2608	5.1099	4
77.85	2.3979	2.1509	5.121	4
77.9	2.3968	2.6441	5.1305	4
77.95	2.3956	2.6674	5.1311	4
78	2.3952	2.0503	5.1486	4
78.05	2.3944	2.4294	5.1522	4
78.1	2.3926	2.845	5.1313	4
78.15	2.3918	2.0746	5.1234	4
78.2	2.391	2.6669	5.131	4
78.25	2.39	2.3245	5.1415	4
78.3	2.389	2.4474	5.1405	4
78.35	2.3886	2.2298	5.1354	4
78.4	2.3877	2.4698	5.1344	4
78.45	2.386	2.8247	5.1221	4
78.5	2.3848	2.1506	5.1253	4
78.55	2.3842	2.3712	5.1395	4
78.6	2.383	2.5081	5.1387	4
78.65	2.3821	2.2672	5.1207	4
78.7	2.3818	2.2507	5.11	4
78.75	2.3809	2.3641	5.1121	4
78.8	2.3803	2.2123	5.1188	4
78.85	2.3797	2.348	5.1426	4
78.9	2.379	2.2309	5.1502	4
78.95	2.3786	2.3584	5.1334	4
79	2.3773	2.6087	5.1231	4
79.05	2.3763	1.9118	5.1288	4
79.1	2.377	2.0322	5.1304	4
79.15	2.3757	2.6903	5.1271	4
79.2	2.3748	2.296	5.1315	4
79.25	2.3747	1.9405	5.1477	4
79.3	2.3738	2.6015	5.1594	4
79.35	2.3731	2.0023	5.138	4
79.4	2.3729	2.3512	5.1303	4
79.45	2.3716	2.408	5.127	4
79.5	2.3705	2.3972	5.1262	4
79.55	2.3702	2.0027	5.1538	4
79.6	2.3697	2.1714	5.161	4
79.65	2.3688	2.4778	5.1381	4
79.7	2.368	2.2642	5.13	4
79.75	2.3681	1.9293	5.1269	4
79.8	2.367	2.6884	5.1291	4
79.85	2.3658	2.1342	5.1442	4
79.9	2.366	1.9362	5.14	4
79.95	2.3654	2.589	5.1566	4
80	2.3645	2.0002	5.1639	4
80.05	2.3649	1.8341	5.1518	4
80.1	2.3639	2.4904	5.1425	4
80.15	2.3626	2.5034	5.1318	4
80.2	2.3625	1.8123	5.118	4
80.25	2.3624	2.2501	5.1227	4
80.3	2.362	2.079	5.1459	4
80.35	2.3612	2.1916	5.1463	4
80.4	2.3608	2.1679	5.1378	4
80.45	2.3601	2.078	5.1443	4
80.5	2.36	2.1957	5.136	4
80.55	2.3593	2.2076	5.1249	4
80.6	2.3596	1.7482	5.1347	4
80.65	2.3596	2.2309	5.1228	4
80.7	2.359	2.2599	5.1338	4
80.75	2.3585	2.1276	5.1501	4
80.8	2.3589	1.5866	5.1367	4
80.85	2.3586	2.4108	5.1277	4
80.9	2.3577	2.0268	5.1015	4
80.95	2.3583	1.6387	5.1082	4
81	2.3582	2.3556	5.1303	4
81.05	2.3579	1.8595	5.1265	4
81.1	2.3579	1.8193	5.1397	4
81.15	2.3579	2.1309	5.1313	4
81.2	2.3579	1.8237	5.13	4
81.25	2.3581	1.9572	5.1328	4
81.3	2.3584	1.7638	5.1352	4
81.35	2.358	2.0316	5.1464	4
81.4	2.359	1.5384	5.166	4
81.45	2.3594	1.7962	5.1647	4
81.5	2.3594	2.1658	5.163	4
81.55	2.3596	1.365	5.1389	4
81.6	2.3603	2.0376	5.1264	4
81.65	2.3599	1.9125	5.1326	4
81.7	2.3605	1.6253	5.1393	4
81.75	2.3616	1.6239	5.1497	4
81.8	2.3621	1.742	5.1374	4
81.85	2.3621	1.8417	5.13	4
81.9	2.3632	1.4019	5.135	4
81.95	2.3631	2.2867	5.136	4
82	2.3636	1.3189	5.1399	4
82.05	2.3647	1.9673	5.1304	4
82.1	2.3643	1.9006	5.1329	4
82.15	2.3645	1.9267	5.1329	4
82.2	2.3655	1.31	5.1381	4
82.25	2.3659	2.1005	5.1348	4
82.3	2.366	1.4859	5.1172	4
82.35	2.3668	1.6003	5.1205	4
82.4	2.3671	1.9611	5.1218	4
82.45	2.3672	1.9346	5.1149	4
82.5	2.3678	1.6474	5.1223	4
82.55	2.3689	1.6172	5.1221	4
82.6	2.3689	1.9547	5.1236	4
82.65	2.3689	1.7899	5.1281	4
82.7	2.3692	1.9208	5.1373	4
82.75	2.3699	1.5844	5.1365	4
82.8	2.3698	2.1197	5.1228	4
82.85	2.3705	1.3357	5.1333	4
82.9	2.3712	2.0788	5.1505	4
82.95	2.3702	2.4281	5.1417	4
83	2.3705	1.4927	5.1357	4
83.05	2.3713	1.7593	5.1293	4
83.1	2.3716	1.8069	5.1335	4
83.15	2.3718	1.879	5.1305	4
83.2	2.3721	2.0056	5.1202	4
83.25	2.3718	1.9	5.1274	4
83.3	2.3719	1.8619	5.1343	4
83.35	2.3723	1.5389	5.1481	4
83.4	2.3728	1.9883	5.1474	4
83.45	2.3724	2.1606	5.1365	4
83.5	2.3729	1.518	5.1398	4
83.55	2.3731	2.1505	5.1347	4
83.6	2.3732	1.7539	5.1083	4
83.65	2.3737	1.9366	5.1034	4
83.7	2.3742	1.7624	5.1204	4
83.75	2.3739	2.1178	5.1336	4
83.8	2.3737	1.919	5.1198	4
83.85	2.3741	1.5341	5.0988	4
83.9	2.3746	2.0579	5.1285	4
83.95	2.3743	2.0981	5.1512	4
84	2.3745	1.6322	5.1509	4
84.05	2.375	2.0775	5.1407	4
84.1	2.3745	2.0764	5.1402	4
84.15	2.3749	1.9029	5.1252	4
84.2	2.3748	1.9218	5.1257	4
84.25	2.3747	1.9522	5.1337	4
84.3	2.3749	1.8977	5.1333	4
84.35	2.3752	1.6235	5.1461	4
84.4	2.3755	2.0138	5.1396	4
84.45	2.3749	2.0109	5.1238	4
84.5	2.3753	1.8795	5.1387	4
84.55	2.3758	1.7392	5.1381	4
84.6	2.3755	2.1622	5.1175	4
84.65	2.375	2.0795	5.1263	4
84.7	2.3756	1.6015	5.1301	4
84.75	2.3761	2.0216	5.134	4
84.8	2.3759	2.0392	5.1474	4
84.85	2.3761	1.706	5.1407	4
84.9	2.3762	2.3025	5.1439	4
84.95	2.3755	2.0444	5.1269	4
85	2.3761	1.5156	5.1055	4
85.05	2.3764	2.0779	5.1173	4
85.1	2.3757	2.1931	5.1278	4
85.15	2.3762	1.423	5.1401	4
85.2	2.3759	2.3409	5.1491	4
85.25	2.3753	1.9956	5.1442	4
85.3	2.3761	1.5001	5.1318	4
85.35	2.376	2.3214	5.1107	4
85.4	2.3763	1.7123	5.1222	4
85.45	2.3768	1.8371	5.1285	4
85.5	2.3771	1.8146	5.1139	4
85.55	2.3768	2.3077	5.1227	4
85.6	2.3763	1.7905	5.1258	4
85.65	2.3772	1.6019	5.123	4
85.7	2.3768	2.3711	5.127	4
85.75	2.377	1.4968	5.1238	4
85.8	2.3782	1.6329	5.132	4
85.85	2.3776	2.3238	5.1262	4
85.9	2.3769	2.0446	5.1271	4
85.95	2.3781	1.1245	5.1428	4
86	2.3787	2.2634	5.1364	4
86.05	2.3778	2.1373	5.1394	4
86.1	2.3787	1.3327	5.1299	4
86.15	2.3795	1.9516	5.116	4
86.2	2.3795	1.8519	5.1199	4
86.25	2.3802	1.6533	5.1288	4
86.3	2.381	1.8648	5.1378	4
86.35	2.3804	2.2813	5.1505	4
86.4	2.3809	1.2764	5.1512	4
86.45	2.3814	2.1028	5.1601	4
86.5	2.381	1.7899	5.1593	4
86.55	2.3817	1.6656	5.1529	4
86.6	2.3825	1.6251	5.1441	4
86.65	2.3828	1.9377	5.1414	4
86.7	2.3834	1.4461	5.1446	4
86.75	2.3839	1.9859	5.1384	4
86.8	2.3843	1.6784	5.1471	4
86.85	2.3848	1.8564	5.1443	4
86.9	2.3853	1.3965	5.1462	4
86.95	2.3861	1.6999	5.1684	4
87	2.3861	2.0884	5.1553	4
87.05	2.3875	0.8916	5.1388	4
87.1	2.3883	2.163	5.1462	4
87.15	2.3883	1.5792	5.1397	4
87.2	2.3894	1.3589	5.1462	4
87.25	2.3903	1.6711	5.1416	4
87.3	2.3904	1.8987	5.1392	4
87.35	2.3914	1.3502	5.1528	4
87.4	2.3925	1.6274	5.1418	4
87.45	2.3928	1.6103	5.1275	4
87.5	2.3941	1.3049	5.1384	4
87.55	2.3952	1.7348	5.1336	4
87.6	2.3959	1.3819	5.1265	4
87.65	2.3976	1.4248	5.1243	4
87.7	2.3977	2.0238	5.1196	4
87.75	2.399	0.9283	5.1258	4
87.8	2.4	2.0169	5.1311	4
87.85	2.4003	1.5305	5.1313	4
87.9	2.4013	1.3323	5.1198	4
87.95	2.4032	1.2728	5.1238	4
88	2.4029	2.1694	5.1105	4
88.05	2.4039	0.9316	5.1077	4
88.1	2.4062	1.3666	5.1233	4
88.15	2.4061	1.8338	5.1153	4
88.2	2.4075	1.2941	5.1008	4
88.25	2.4092	1.1269	5.1161	4
88.3	2.4095	2.136	5.1035	4
88.35	2.4105	0.9017	5.0992	4
88.4	2.4124	1.405	5.1088	4
88.45	2.4134	1.515	5.119	4
88.5	2.4142	1.6267	5.1175	4
88.55	2.4155	0.9984	5.101	4
88.6	2.4174	1.6416	5.1075	4
88.65	2.4182	1.4937	5.114	4
88.7	2.42	1.0971	5.1116	4
88.75	2.4212	1.6117	5.105	4
88.8	2.4215	1.7463	5.1175	4
88.85	2.423	0.8323	5.138	4
88.9	2.4248	1.5324	5.1341	4
88.95	2.4244	2.0306	5.1204	4
89	2.4258	0.7891	5.1308	4
89.05	2.4284	0.9732	5.1233	4
89.1	2.4283	2.2525	5.1169	4
89.15	2.4292	0.8555	5.1133	4
89.2	2.4317	1.1428	5.1035	4
89.25	2.4319	2.0168	5.1365	4
89.3	2.4335	0.8581	5.1533	4
89.35	2.4353	1.3601	5.148	4
89.4	2.4364	1.4384	5.1318	4
89.45	2.4378	1.2579	5.1318	4
89.5	2.4391	1.4032	5.1431	4
89.55	2.4405	1.2707	5.1344	4
89.6	2.442	1.4188	5.1188	4
89.65	2.4428	1.4952	5.1306	4
89.7	2.4448	0.8973	5.1277	4
89.75	2.4463	1.6022	5.1411	4
89.8	2.4471	1.3472	5.1498	4
89.85	2.4487	1.3531	5.1434	4
89.9	2.4502	1.0957	5.1291	4
89.95	2.4518	1.4675	5.1209	4
90	2.452	1.7833	5.1252	4
90.05	2.4539	0.7101	5.1209	4
90.1	2.4557	1.5244	5.1109	4
90.15	2.4563	1.6402	5.105	4
90.2	2.458	0.7836	5.113	4
90.25	2.4597	1.6663	5.1213	4
90.3	2.4607	1.4273	5.1263	4
90.35	2.4619	1.2227	5.1265	4
90.4	2.464	1.0357	5.1223	4
90.45	2.4648	1.5359	5.117	4
90.5	2.466	1.2464	5.118	4
90.55	2.4678	1.2234	5.1095	4
90.6	2.4689	1.6235	5.1124	4
90.65	2.47	1.1044	5.1056	4
90.7	2.4723	1.0036	5.1016	4
90.75	2.4731	1.9194	5.1167	4
90.8	2.4745	0.8603	5.1135	4
90.85	2.4766	1.311	5.1107	4
90.9	2.4772	1.6059	5.1227	4
90.95	2.4786	1.0892	5.1023	4
91	2.4804	1.2939	5.0788	4
91.05	2.4819	1.1825	5.0875	4
91.1	2.483	1.6431	5.1108	4
91.15	2.4843	1.0576	5.1153	4
91.2	2.486	1.3202	5.1075	4
91.25	2.4871	1.496	5.1161	4
91.3	2.4882	1.321	5.1265	4
91.35	2.4899	1.1025	5.1162	4
91.4	2.4906	1.7646	5.1056	4
91.45	2.4922	0.9911	5.1128	4
91.5	2.4944	1.1701	5.1312	4
91.55	2.4953	1.8598	5.1303	4
91.6	2.4959	1.179	5.116	4
91.65	2.4981	0.9393	5.1164	4
91.7	2.4992	1.6823	5.1257	4
91.75	2.4997	1.5636	5.1254	4
91.8	2.5018	1.0651	5.1313	4
91.85	2.5036	1.2277	5.1204	4
91.9	2.5045	1.5801	5.1182	4
91.95	2.5061	1.109	5.1209	4
92	2.5077	1.3917	5.1242	4
92.05	2.5082	1.6207	5.1321	4
92.1	2.5096	1.3317	5.1235	4
92.15	2.511	1.2581	5.1194	4
92.2	2.5125	1.328	5.1298	4
92.25	2.5134	1.5027	5.1045	4
92.3	2.5149	1.112	5.1082	4
92.35	2.5162	1.4373	5.1042	4
92.4	2.5177	1.4242	5.0992	4
92.45	2.5191	1.1844	5.1085	4
92.5	2.521	1.3206	5.1092	4
92.55	2.5217	1.4418	5.1112	4
92.6	2.5236	1.0915	5.12	4
92.65	2.525	1.4048	5.1298	4
92.7	2.5264	1.1766	5.1348	4
92.75	2.5283	1.19	5.1295	4
92.8	2.5303	1.3175	5.1416	4
92.85	2.5305	1.8342	5.1483	4
92.9	2.5318	0.8893	5.1458	4
92.95	2.5342	1.2635	5.1431	4
93	2.5347	1.6871	5.1331	4
93.05	2.5364	0.9375	5.1353	4
93.1	2.5382	1.3427	5.14	4
93.15	2.5393	1.5869	5.1181	4
93.2	2.54	1.3228	5.1149	4
93.25	2.5423	0.9279	5.1214	4
93.3	2.5435	1.6342	5.1264	4
93.35	2.5442	1.5984	5.1118	4
93.4	2.5457	0.8664	5.0973	4
93.45	2.5479	1.4519	5.1049	4
93.5	2.5478	2.0392	5.122	4
93.55	2.5495	0.7802	5.1344	4
93.6	2.5516	1.3794	5.1405	4
93.65	2.5522	1.763	5.1313	4
93.7	2.5531	1.3372	5.119	4
93.75	2.5544	1.3232	5.1216	4
93.8	2.5556	1.7279	5.1503	4
93.85	2.5561	1.4906	5.1465	4
93.9	2.5578	1.2503	5.1388	4
93.95	2.5587	1.804	5.1474	4
94	2.5588	1.7788	5.1509	4
94.05	2.5602	1.152	5.1429	4
94.1	2.5618	1.439	5.145	4
94.15	2.5621	1.8567	5.1422	4
94.2	2.5629	1.3876	5.1484	4
94.25	2.5642	1.403	5.1561	4
94.3	2.5649	1.8603	5.1464	4
94.35	2.5649	1.7539	5.1579	4
94.4	2.5663	1.1253	5.1534	4
94.45	2.567	2.1598	5.1389	4
94.5	2.5667	1.9903	5.146	4
94.55	2.5678	1.1676	5.1334	4
94.6	2.5689	1.6894	5.1345	4
94.65	2.5688	2.2177	5.1283	4
94.7	2.5693	1.3526	5.1219	4
94.75	2.5705	1.6789	5.1261	4
94.8	2.5701	2.4173	5.1239	4
94.85	2.5704	1.5565	5.1235	4
94.9	2.5717	1.4858	5.1245	4
94.95	2.5719	2.1476	5.1427	4
95	2.5716	1.8792	5.1555	4
95.05	2.5722	1.6809	5.1494	4
95.1	2.5724	2.1093	5.1449	4
95.15	2.572	2.1949	5.135	4
95.2	2.572	1.8141	5.1343	4
95.25	2.5723	1.902	5.1427	4
95.3	2.5717	2.2156	5.1413	4
95.35	2.5719	1.8316	5.1461	4
95.4	2.5717	2.1215	5.1417	4
95.45	2.5715	2.0728	5.136	4
95.5	2.5712	2.1844	5.1253	4
95.55	2.5712	1.8422	5.1301	4
95.6	2.5711	1.9924	5.1463	4
95.65	2.5709	2.2982	5.1442	4
95.7	2.5699	2.3922	5.1481	4
95.75	2.5695	2.1081	5.1467	4
95.8	2.57	1.6064	5.1449	4
95.85	2.5692	2.6716	5.147	4
95.9	2.5687	2.1905	5.1397	4
95.95	2.5681	2.0402	5.129	4
96	2.5681	2.2947	5.1373	4
96.05	2.5667	2.4376	5.1264	4
96.1	2.5669	2.1237	5.1283	4
96.15	2.5664	2.3054	5.1387	4
96.2	2.5653	2.5002	5.1431	4
96.25	2.5649	1.9565	5.1355	4
96.3	2.5649	2.2567	5.1246	4
96.35	2.5636	2.5183	5.1337	4
96.4	2.5629	2.2444	5.1382	4
96.45	2.5621	2.2704	5.122	4
96.5	2.5615	2.2621	5.119	4
96.55	2.5608	2.5181	5.0995	4
96.6	2.56	2.1803	5.0943	4
96.65	2.5593	2.4004	5.1067	4
96.7	2.5577	2.598	5.1137	4
96.75	2.5572	2.3241	5.1164	4
96.8	2.5566	1.9696	5.1198	4
96.85	2.5564	2.3844	5.1218	4
96.9	2.5546	2.8082	5.1295	4
96.95	2.5534	2.4403	5.1249	4
97	2.553	2.2533	5.1274	4
97.05	2.5524	2.5082	5.1413	4
97.1	2.5506	2.6289	5.1264	4
97.15	2.5504	2.221	5.1238	4
97.2	2.5491	2.3752	5.1234	4
97.25	2.5487	2.531	5.12	4
97.3	2.5471	2.4016	5.1239	4
97.35	2.5459	2.8039	5.1133	4
97.4	2.5445	2.3872	5.1243	4
97.45	2.5445	2.0424	5.1236	4
97.5	2.5428	3.1484	5.1135	4
97.55	2.5422	1.7002	5.1127	4
97.6	2.5413	2.9042	5.1136	4
97.65	2.5396	2.567	5.1251	4
97.7	2.5378	2.4536	5.1232	4
97.75	2.5378	2.2821	5.1277	4
97.8	2.5355	3.1156	5.1305	4
97.85	2.5348	2.01	5.1295	4
97.9	2.5342	2.6019	5.1287	4
97.95	2.5325	2.6645	5.1341	4
98	2.5312	2.6421	5.1423	4
98.05	2.5314	1.547	5.1426	4
98.1	2.5294	3.7307	5.1358	4
98.15	2.5276	2.0684	5.1451	4
98.2	2.5267	2.4554	5.1447	4
98.25	2.5262	2.3566	5.1334	4
98.3	2.524	2.9913	5.1442	4
98.35	2.5231	2.1413	5.141	4
98.4	2.5228	2.3416	5.1361	4
98.45	2.5211	2.6869	5.1253	4
98.5	2.5206	2.3322	5.1299	4
98.55	2.5195	2.2354	5.1445	4
98.6	2.5187	2.9312	5.1315	4
98.65	2.5172	2.2318	5.1338	4
98.7	2.5161	2.6987	5.1532	4
98.75	2.5149	2.3678	5.1556	4
98.8	2.5133	2.6834	5.143	4
98.85	2.5127	2.3802	5.1382	4
98.9	2.5119	2.2525	5.1507	4
98.95	2.5101	2.9665	5.1402	4
99	2.5098	1.8797	5.1473	4
99.05	2.5082	3.037	5.1589	4
99.1	2.5067	2.4279	5.1401	4
99.15	2.5059	2.231	5.1281	4
99.2	2.5053	2.4561	5.1288	4
99.25	2.5036	2.7962	5.1335	4
99.3	2.5027	2.1785	5.1361	4
99.35	2.5017	2.566	5.141	4
99.4	2.5006	2.3239	5.1197	4
99.45	2.4997	2.5314	5.1287	4
99.5	2.4988	2.272	5.1356	4
99.55	2.4975	2.6335	5.1282	4
99.6	2.4965	2.4431	5.1331	4
99.65	2.4962	2.032	5.1262	4
99.7	2.4957	2.5009	5.1225	4
99.75	2.494	2.7303	5.1295	4
99.8	2.4936	1.9082	5.1373	4
99.85	2.4927	2.9267	5.1418	4
99.9	2.4907	2.5473	5.137	4
99.95	2.4903	2.0189	5.1331	4
100	2.4899	2.5323	5.1228	4
100.05	2.4881	2.6631	5.1324	4
100.1	2.4874	2.1568	5.1448	4
100.15	2.4866	2.4721	5.1376	4
100.2	2.4849	2.9531	5.1308	4
100.25	2.4841	1.944	5.1315	4
100.3	2.484	2.346	5.1334	4
100.35	2.4823	2.9484	5.1408	4
100.4	2.4811	2.2648	5.1303	4
100.45	2.4805	2.3026	5.1297	4
100.5	2.4792	2.7201	5.1345	4
100.55	2.4774	2.5749	5.1432	4
100.6	2.4775	1.9868	5.142	4
100.65	2.4759	2.9119	5.1347	4
100.7	2.474	2.8122	5.1277	4
100.75	2.4737	1.7942	5.1364	4
100.8	2.4724	3.1418	5.1398	4
100.85	2.4706	2.4512	5.1383	4
100.9	2.4706	2.0055	5.1404	4
100.95	2.4689	3.0434	5.1552	4
101	2.4674	2.2937	5.1523	4
101.05	2.4664	2.3498	5.1281	4
101.1	2.4651	2.8734	5.128	4
101.15	2.4631	2.5202	5.1226	4
101.2	2.4629	2.1994	5.1309	4
101.25	2.4624	2.314	5.1299	4
101.3	2.4604	2.8282	5.1118	4
101.35	2.4595	2.2773	5.1237	4
101.4	2.4591	2.1506	5.1251	4
101.45	2.4571	3.2846	5.1274	4
101.5	2.4562	1.7711	5.1238	4
101.55	2.4552	2.7775	5.1085	4
101.6	2.4542	2.4776	5.1047	4
101.65	2.4525	2.3667	5.1237	4
101.7	2.4526	2.202	5.1303	4
101.75	2.4514	2.6147	5.1082	4
101.8	2.4503	2.3102	5.0986	4
101.85	2.4498	2.4989	5.1154	4
101.9	2.4486	2.2383	5.1101	4
101.95	2.4476	2.81	5.0968	4
102	2.4468	1.9761	5.0961	4
102.05	2.4456	2.9631	5.1194	4
102.1	2.4447	2.0973	5.1181	4
102.15	2.4442	2.3903	5.1144	4
102.2	2.4432	2.5586	5.1182	4
102.25	2.4421	2.3773	5.1206	4
102.3	2.441	2.4048	5.1014	4
102.35	2.4402	2.549	5.1041	4
102.4	2.4386	2.5362	5.1211	4
102.45	2.4377	2.5265	5.1237	4
102.5	2.437	2.0484	5.1393	4
102.55	2.4355	3.0855	5.1374	4
102.6	2.4339	2.0921	5.1148	4
102.65	2.4334	2.5486	5.1227	4
102.7	2.4317	2.7611	5.1085	4
102.75	2.4307	2.3386	5.1098	4
102.8	2.4296	2.354	5.1276	4
102.85	2.4288	2.5818	5.1323	4
102.9	2.4272	2.5807	5.1414	4
102.95	2.4268	2.2288	5.1384	4
103	2.4252	2.7422	5.1337	4
103.05	2.4244	2.4675	5.1302	4
103.1	2.423	2.2914	5.1461	4
103.15	2.4229	2.3669	5.1445	4
103.2	2.4212	2.6536	5.1119	4
103.25	2.4203	2.4604	5.1281	4
103.3	2.4198	2.0263	5.1452	4
103.35	2.4191	2.3651	5.1337	4
103.4	2.4177	2.6516	5.1343	4
103.45	2.4176	1.7132	5.1127	4
103.5	2.4168	2.7804	5.1153	4
103.55	2.4159	2.1102	5.1295	4
103.6	2.4154	2.2002	5.1225	4
103.65	2.4158	1.7662	5.1272	4
103.7	2.4146	2.699	5.1143	4
103.75	2.414	1.8877	5.1196	4
103.8	2.4142	2.057	5.1201	4
103.85	2.4141	2.1365	5.1089	4
103.9	2.413	2.5003	5.1129	4
103.95	2.4127	1.8409	5.12	4
104	2.4125	2.4347	5.107	4
104.05	2.4113	2.1454	5.0779	4
104.1	2.411	2.3039	5.0768	4
104.15	2.4102	1.9517	5.1043	4
104.2	2.4099	2.6492	5.1088	4
104.25	2.409	1.9914	5.1078	4
104.3	2.4089	2.3587	5.1062	4
104.35	2.4079	2.1987	5.0984	4
104.4	2.407	2.3944	5.1095	4
104.45	2.4068	1.9211	5.1284	4
104.5	2.407	2.1817	5.1177	4
104.55	2.4054	2.6537	5.1107	4
104.6	2.4053	1.8427	5.1149	4
104.65	2.4042	2.612	5.124	4
104.7	2.4037	2.1429	5.1136	4
104.75	2.4026	2.4903	5.1121	4
104.8	2.4019	2.3155	5.115	4
104.85	2.4006	2.548	5.13	4
104.9	2.3996	2.1893	5.1335	4
104.95	2.3983	2.8011	5.1149	4
105	2.3966	2.4625	5.0976	4
105.05	2.396	2.3792	5.1145	4
105.1	2.3957	2.1455	5.1389	4
105.15	2.3942	3.063	5.1355	4
105.2	2.393	2.1086	5.124	4
105.25	2.3922	2.5659	5.1089	4
105.3	2.391	2.4129	5.0955	4
105.35	2.3901	2.5144	5.1077	4
105.4	2.3894	2.3322	5.1265	4
105.45	2.3884	2.6739	5.1126	4
105.5	2.3867	2.4405	5.0901	4
105.55	2.3862	2.2738	5.1021	4
105.6	2.3853	2.3326	5.0973	4
105.65	2.3837	2.8008	5.0861	4
105.7	2.3832	1.904	5.1031	4
105.75	2.3828	2.5705	5.1059	4
105.8	2.3815	2.4604	5.1019	4
105.85	2.3811	2.0571	5.0976	4
105.9	2.3805	2.4803	5.0885	4
105.95	2.3794	2.087	5.0964	4
106	2.3796	2.1466	5.0904	4
106.05	2.3786	2.4125	5.0901	4
106.1	2.3778	2.1606	5.0938	4
106.15	2.3777	2.0612	5.1028	4
106.2	2.3764	2.5192	5.1036	4
106.25	2.3756	2.2744	5.0918	4
106.3	2.3757	1.8624	5.095	4
106.35	2.3755	2.3149	5.111	4
106.4	2.3747	2.1414	5.1077	4
106.45	2.3742	2.1249	5.1	4
106.5	2.3744	1.7567	5.0982	4
106.55	2.3734	2.7558	5.1094	4
106.6	2.3729	1.9448	5.1069	4
106.65	2.3735	1.7005	5.0996	4
106.7	2.3728	2.6351	5.0969	4
106.75	2.3716	2.1957	5.1045	4
106.8	2.3719	1.8034	5.1089	4
106.85	2.3719	2.3025	5.1007	4
106.9	2.3703	2.4637	5.1035	4
106.95	2.3702	1.9675	5.1171	4
107	2.37	2.0947	5.1144	4
107.05	2.3694	2.3173	5.1155	4
107.1	2.3688	2.1926	5.1073	4
107.15	2.3684	2.2349	5.1006	4
107.2	2.3676	2.4548	5.1078	4
107.25	2.3673	1.872	5.1141	4
107.3	2.3673	2.1493	5.1224	4
107.35	2.3661	2.4875	5.128	4
107.4	2.3659	1.9	5.1142	4
107.45	2.366	2.1522	5.1177	4
107.5	2.3647	2.4617	5.1235	4
107.55	2.3642	1.9192	5.119	4
107.6	2.3642	2.1941	5.1163	4
107.65	2.3634	2.3935	5.1186	4
107.7	2.3626	2.1263	5.1083	4
107.75	2.3623	2.1378	5.0951	4
107.8	2.3615	2.4014	5.0911	4
107.85	2.3613	1.9269	5.0853	4
107.9	2.3615	2.0719	5.0841	4
107.95	2.361	2.1364	5.0889	4
108	2.3605	2.1717	5.0927	4
108.05	2.3603	2.0363	5.1041	4
108.1	2.3595	2.4038	5.0995	4
108.15	2.3588	2.1375	5.101	4
108.2	2.3588	1.9192	5.1016	4
108.25	2.3585	2.3455	5.1028	4
108.3	2.3582	1.845	5.1105	4
108.35	2.3585	1.9029	5.1106	4
108.4	2.3577	2.3869	5.1029	4
108.45	2.3567	2.2268	5.0919	4
108.5	2.3569	1.7267	5.087	4
108.55	2.3568	2.4115	5.0986	4
108.6	2.3558	2.1709	5.1079	4
108.65	2.3562	1.8171	5.1129	4
108.7	2.3566	1.8352	5.1258	4
108.75	2.3559	2.3331	5.1339	4
108.8	2.3559	1.6898	5.1243	4
108.85	2.3566	1.7912	5.1314	4
108.9	2.3557	2.529	5.1296	4
108.95	2.3556	1.7261	5.1104	4
109	2.3557	2.0953	5.1097	4
109.05	2.3553	2.2688	5.1063	4
109.1	2.355	1.7437	5.1192	4
109.15	2.3554	1.9352	5.1324	4
109.2	2.3552	1.9719	5.1065	4
109.25	2.3553	1.9447	5.0891	4
109.3	2.3557	1.8507	5.0916	4
109.35	2.3554	2.1725	5.108	4
109.4	2.3551	1.8943	5.1208	4
109.45	2.3552	2.0522	5.1075	4
109.5	2.3551	2.0428	5.1079	4
109.55	2.3552	1.8934	5.107	4
109.6	2.3556	1.7526	5.1066	4
109.65	2.3561	1.6854	5.1095	4
109.7	2.3561	2.1182	5.1072	4
109.75	2.3562	1.7634	5.1137	4
109.8	2.3565	1.8835	5.1257	4
109.85	2.3565	1.9998	5.1262	4
109.9	2.3567	1.7418	5.1065	4
109.95	2.3571	1.8236	5.0982	4
110	2.3572	1.8929	5.1024	4
110.05	2.3577	1.629	5.1075	4
110.1	2.3575	1.9744	5.1155	4
110.15	2.3573	2.0559	5.1208	4
110.2	2.358	1.4203	5.1115	4
110.25	2.3586	2.0055	5.1006	4
110.3	2.3582	1.9737	5.0935	4
110.35	2.3586	1.637	5.0983	4
110.4	2.3592	1.7453	5.0989	4
110.45	2.3592	2.1021	5.1005	4
110.5	2.3593	1.677	5.1009	4
110.55	2.3601	1.8186	5.0915	4
110.6	2.3595	2.3375	5.0807	4
110.65	2.3595	1.6897	5.1099	4
110.7	2.3608	1.5543	5.1151	4
110.75	2.3607	2.1931	5.1079	4
110.8	2.3603	1.9953	5.1121	4
110.85	2.361	1.4011	5.1088	4
110.9	2.3608	2.2624	5.1135	4
110.95	2.3604	1.9379	5.1042	4
111	2.3607	1.7079	5.1112	4
111.05	2.3611	1.9375	5.1202	4
111.1	2.3612	1.8951	5.117	4
111.15	2.3613	1.922	5.1051	4
111.2	2.3612	1.9912	5.0902	4
111.25	2.3612	1.9486	5.1107	4
111.3	2.3618	1.7811	5.1126	4
111.35	2.3615	2.1539	5.0934	4
111.4	2.3615	1.8737	5.0838	4
111.45	2.3618	1.9174	5.0989	4
111.5	2.3617	1.9168	5.0968	4
111.55	2.3624	1.7197	5.0976	4
111.6	2.3623	2.0729	5.1082	4
111.65	2.3619	2.1694	5.1119	4
111.7	2.3618	1.8554	5.1227	4
111.75	2.3617	2.145	5.1157	4
111.8	2.361	2.1986	5.1039	4
111.85	2.3615	1.5914	5.1002	4
111.9	2.3615	2.2219	5.1096	4
111.95	2.3618	1.587	5.1061	4
112	2.3619	2.2863	5.0902	4
112.05	2.3616	1.8533	5.0983	4
112.1	2.3613	2.1834	5.1112	4
112.15	2.361	1.9383	5.1143	4
112.2	2.3609	1.8725	5.1095	4
112.25	2.3612	1.8191	5.1026	4
112.3	2.3613	1.8605	5.1033	4
112.35	2.3616	1.9279	5.0929	4
112.4	2.3619	1.9566	5.0744	4
112.45	2.3616	2.0779	5.0794	4
112.5	2.3615	1.8937	5.0872	4
112.55	2.3622	1.7933	5.0854	4
112.6	2.362	2.0965	5.0938	4
112.65	2.3619	1.9268	5.0991	4
112.7	2.3622	1.6988	5.0845	4
112.75	2.3625	1.9192	5.0747	4
112.8	2.3626	1.9614	5.0922	4
112.85	2.363	1.7907	5.1168	4
112.9	2.3633	1.8992	5.1104	4
112.95	2.3639	1.7503	5.121	4
113	2.3644	1.6017	5.109	4
113.05	2.3644	2.174	5.0927	4
113.1	2.3641	1.5143	5.086	4
113.15	2.3655	1.5193	5.0831	4
113.2	2.3659	1.8547	5.0811	4
113.25	2.3657	1.9877	5.0651	4
113.3	2.3661	1.6526	5.0788	4
113.35	2.3677	1.1272	5.0951	4
113.4	2.3681	2.2048	5.0865	4
113.45	2.3685	1.5288	5.0907	4
113.5	2.369	1.5498	5.1096	4
113.55	2.3704	1.5769	5.1074	4
113.6	2.3704	2.0109	5.1136	4
113.65	2.3713	1.3855	5.1233	4
113.7	2.372	1.8684	5.1175	4
113.75	2.3722	1.6464	5.1196	4
113.8	2.3725	1.6587	5.1302	4
113.85	2.3739	1.3411	5.1207	4
113.9	2.3744	2.061	5.1029	4
113.95	2.3747	1.5827	5.111	4
114	2.376	1.4228	5.1028	4
114.05	2.3761	2.1626	5.0925	4
114.1	2.3761	1.6366	5.0949	4
114.15	2.3775	1.2661	5.0838	4
114.2	2.3782	1.834	5.0905	4
114.25	2.3777	2.0113	5.1072	4
114.3	2.3787	1.3951	5.1034	4
114.35	2.3794	1.6879	5.0982	4
114.4	2.3791	2.1119	5.0884	4
114.45	2.38	1.3039	5.0912	4
114.5	2.3804	2.1083	5.1121	4
114.55	2.3802	1.894	5.1174	4
114.6	2.3812	1.3926	5.1146	4
114.65	2.3819	1.9736	5.104	4
114.7	2.3818	2.0262	5.1151	4
114.75	2.382	1.6166	5.121	4
114.8	2.3824	2.155	5.1199	4
114.85	2.3821	1.858	5.1325	4
114.9	2.3822	1.8893	5.1326	4
114.95	2.3825	1.8039	5.1151	4
115	2.3824	2.275	5.1063	4
115.05	2.3825	1.4835	5.0889	4
115.1	2.3831	2.0696	5.0919	4
115.15	2.3824	2.2187	5.1024	4
115.2	2.3825	1.8022	5.1053	4
115.25	2.3832	1.6907	5.1155	4
115.3	2.3831	2.2772	5.1226	4
115.35	2.3826	1.8489	5.1235	4
115.4	2.3837	1.6486	5.1234	4
115.45	2.3837	2.1222	5.1241	4
115.5	2.3831	2.1648	5.1198	4
115.55	2.3833	1.6303	5.1058	4
115.6	2.3845	1.6979	5.1142	4
115.65	2.3836	2.5344	5.1374	4
115.7	2.3835	1.6523	5.1286	4
115.75	2.3845	1.4729	5.1208	4
115.8	2.3843	2.4117	5.1014	4
115.85	2.384	1.6028	5.1033	4
115.9	2.3854	1.636	5.112	4
115.95	2.3848	2.3364	5.1166	4
116	2.3852	1.4095	5.1248	4
116.05	2.3857	2.0622	5.1188	4
116.1	2.3852	1.894	5.1074	4
116.15	2.3861	1.7062	5.1099	4
116.2	2.3858	1.9994	5.1095	4
116.25	2.3862	1.8788	5.1227	4
116.3	2.3869	1.6329	5.1257	4
116.35	2.387	2.0246	5.1236	4
116.4	2.3872	1.6604	5.1128	4
116.45	2.3876	1.9856	5.1127	4
116.5	2.3876	1.8598	5.13	4
116.55	2.3881	1.6654	5.1236	4
116.6	2.389	1.6641	5.1099	4
116.65	2.389	1.9434	5.1148	4
116.7	2.3893	1.8415	5.1029	4
116.75	2.3896	1.6566	5.1092	4
116.8	2.39	1.8393	5.1067	4
116.85	2.3903	1.7439	5.0945	4
116.9	2.3904	1.7172	5.0855	4
116.95	2.3911	1.6418	5.0783	4
117	2.3915	1.7961	5.087	4
117.05	2.3922	1.5887	5.0929	4
117.1	2.393	1.5742	5.0831	4
117.15	2.3929	2.198	5.1008	4
117.2	2.3931	1.5453	5.1096	4
117.25	2.3949	1.3285	5.1059	4
117.3	2.3956	1.8278	5.1142	4
117.35	2.3957	1.8142	5.1155	4
117.4	2.3962	1.4846	5.1084	4
117.45	2.3969	1.7105	5.0994	4
117.5	2.3971	1.8414	5.1053	4
117.55	2.3977	1.6966	5.109	4
117.6	2.3987	1.4975	5.1126	4
117.65	2.399	1.8665	5.1117	4
117.7	2.3996	1.6124	5.1018	4
117.75	2.4008	1.301	5.098	4
117.8	2.4017	1.8264	5.1054	4
117.85	2.4026	1.4235	5.1035	4
117.9	2.4036	1.5052	5.1111	4
117.95	2.404	1.9992	5.1042	4
118	2.4054	1.0428	5.0902	4
118.05	2.4069	1.7079	5.1128	4
118.1	2.4071	1.8726	5.123	4
118.15	2.4075	1.5172	5.1247	4
118.2	2.409	1.2118	5.1216	4
118.25	2.4096	1.6544	5.1202	4
118.3	2.4106	1.5718	5.1438	4
118.35	2.4114	1.6494	5.1495	4
118.4	2.4123	1.5659	5.1272	4
118.45	2.4134	1.4642	5.1164	4
118.5	2.4142	1.5448	5.1208	4
118.55	2.4154	1.3813	5.1225	4
118.6	2.4164	1.4357	5.1154	4
118.65	2.4173	1.5591	5.1223	4
118.7	2.4184	1.3054	5.1213	4
118.75	2.4194	1.4977	5.1081	4
118.8	2.4206	1.3648	5.1022	4
118.85	2.4213	1.7697	5.1014	4
118.9	2.4225	1.0873	5.0972	4
118.95	2.4246	1.2646	5.0931	4
119	2.4256	1.4233	5.0921	4
119.05	2.4259	1.731	5.0963	4
119.1	2.4276	1.0238	5.0836	4
119.15	2.4289	1.3987	5.0839	4
119.2	2.4305	1.1599	5.09	4
119.25	2.4317	1.4875	5.1006	4
119.3	2.4328	1.3888	5.1146	4
119.35	2.4344	1.0291	5.1177	4
119.4	2.4361	1.2989	5.1094	4
119.45	2.4373	1.3424	5.1068	4
119.5	2.4392	1.159	5.1159	4
119.55	2.4407	1.4243	5.1352	4
119.6	2.4418	1.3618	5.1221	4
119.65	2.4434	1.2	5.1198	4
119.7	2.4452	0.9597	5.1229	4
119.75	2.4468	1.4973	5.1156	4
119.8	2.4482	1.0223	5.1217	4
119.85	2.4503	1.0611	5.115	4
119.9	2.4518	1.2625	5.1084	4
119.95	2.4529	1.3213	5.1114	4
120	2.4555	0.6104	5.1033	4
120.05	2.4574	1.3803	5.0894	4
120.1	2.4584	1.483	5.1024	4
120.15	2.4605	0.7406	5.1132	4
120.2	2.4628	1.0871	5.1166	4
120.25	2.4641	1.3825	5.1061	4
120.3	2.465	1.3253	5.0974	4
120.35	2.4674	0.7628	5.098	4
120.4	2.4691	1.4099	5.0984	4
120.45	2.4702	1.3738	5.1003	4
120.5	2.4722	0.9968	5.1036	4
120.55	2.4743	1.168	5.0859	4
120.6	2.4753	1.3939	5.0872	4
120.65	2.4773	0.9701	5.0922	4
120.7	2.4789	1.4049	5.0974	4
120.75	2.4802	1.1338	5.1042	4
120.8	2.4819	1.1879	5.1056	4
120.85	2.4836	1.2121	5.1095	4
120.9	2.4851	1.2523	5.1105	4
120.95	2.4867	1.3551	5.1068	4
121	2.4877	1.3381	5.111	4
121.05	2.4891	1.0782	5.091	4
121.1	2.4912	1.1058	5.0749	4
121.15	2.4926	1.3564	5.0783	4
121.2	2.4936	1.5653	5.0933	4
121.25	2.4949	1.1531	5.1147	4
121.3	2.497	1.0705	5.1031	4
121.35	2.4981	1.7739	5.1097	4
121.4	2.4992	1.1915	5.1123	4
121.45	2.5013	0.8731	5.1114	4
121.5	2.5018	1.8676	5.1197	4
121.55	2.5025	1.4555	5.1223	4
121.6	2.505	0.7758	5.1181	4
121.65	2.5063	1.812	5.1115	4
121.7	2.506	1.8898	5.1045	4
121.75	2.5082	0.5186	5.1068	4
121.8	2.5103	1.6412	5.0981	4
121.85	2.5102	1.8178	5.0909	4
121.9	2.5118	0.9999	5.0971	4
121.95	2.5136	1.6193	5.0806	4
122	2.5132	2.0929	5.0773	4
122.05	2.5143	1.0759	5.0836	4
122.1	2.5163	1.411	5.0899	4
122.15	2.5162	2.272	5.0932	4
122.2	2.517	1.2268	5.0907	4
122.25	2.5187	1.3639	5.0853	4
122.3	2.519	1.9755	5.08	4
122.35	2.5196	1.3946	5.0794	4
122.4	2.521	1.5541	5.0873	4
122.45	2.5208	2.0671	5.0852	4
122.5	2.5211	1.6205	5.0943	4
122.55	2.5225	1.466	5.0988	4
122.6	2.523	2.0802	5.1101	4
122.65	2.5229	1.6928	5.1053	4
122.7	2.5241	1.6659	5.1005	4
122.75	2.524	2.0546	5.1057	4
122.8	2.5238	1.9642	5.1046	4
122.85	2.524	1.8371	5.0889	4
122.9	2.5242	1.962	5.0873	4
122.95	2.5246	1.9172	5.0973	4
123	2.5244	2.0349	5.1023	4
123.05	2.5248	1.7369	5.0998	4
123.1	2.5243	2.4438	5.0911	4
123.15	2.5238	1.821	5.0992	4
123.2	2.5251	1.4873	5.1131	4
123.25	2.5249	2.6247	5.1296	4
123.3	2.5238	2.1031	5.1209	4
123.35	2.5251	1.4939	5.1061	4
123.4	2.5249	2.3553	5.1025	4
123.45	2.5235	2.4316	5.1012	4
123.5	2.5242	1.377	5.1113	4
123.55	2.5245	2.2255	5.1068	4
123.6	2.5233	2.6362	5.1066	4
123.65	2.5234	1.3696	5.1246	4
123.7	2.5242	2.1873	5.1178	4
123.75	2.5218	3.1273	5.1139	4
123.8	2.5219	1.142	5.1124	4
123.85	2.5235	1.8993	5.1081	4
123.9	2.521	3.5408	5.1288	4
123.95	2.5204	1.301	5.124	4
124	2.5222	1.6283	5.1194	4
124.05	2.5204	3.4241	5.1226	4
124.1	2.5188	1.8112	5.1146	4
124.15	2.5198	1.874	5.1078	4
124.2	2.5189	2.6665	5.1097	4
124.25	2.5174	2.1813	5.1071	4
124.3	2.5183	1.685	5.1164	4
124.35	2.5171	2.933	5.1207	4
124.4	2.5157	2.4971	5.126	4
124.45	2.5161	1.5558	5.1313	4
124.5	2.515	3.0455	5.1417	4
124.55	2.5132	2.4526	5.1542	4
124.6	2.5133	1.9542	5.1357	4
124.65	2.512	2.6688	5.1203	4
124.7	2.5103	2.6945	5.1163	4
124.75	2.5096	2.127	5.1172	4
124.8	2.5087	2.5389	5.1088	4
124.85	2.5068	2.8497	5.1088	4
124.9	2.5061	2.0628	5.1005	4
124.95	2.5054	2.4451	5.0923	4
125	2.504	2.8615	5.0984	4
125.05	2.5024	2.5911	5.1024	4
125.1	2.5027	1.8787	5.0851	4
125.15	2.5013	3.1877	5.0972	4
125.2	2.4991	2.5983	5.1069	4
125.25	2.4989	1.9515	5.1131	4
125.3	2.4978	2.8599	5.1086	4
125.35	2.4963	2.6829	5.0971	4
125.4	2.4964	1.6574	5.0908	4
125.45	2.4958	2.9464	5.0772	4
125.5	2.4935	2.5782	5.0682	4
125.55	2.4931	2.2402	5.0775	4
125.6	2.4922	2.5288	5.0804	4
125.65	2.49	3.0022	5.0748	4
125.7	2.4895	1.8367	5.0877	4
125.75	2.4891	2.5189	5.0938	4
125.8	2.4871	3.0741	5.0931	4
125.85	2.4856	2.2449	5.0937	4
125.9	2.4854	2.3512	5.1036	4
125.95	2.4843	2.633	5.099	4
126	2.4826	2.6173	5.0895	4
126.05	2.4821	2.2247	5.1052	4
126.1	2.4803	3.0908	5.1036	4
126.15	2.4792	2.1176	5.0941	4
126.2	2.4784	2.6502	5.0896	4
126.25	2.4761	2.9549	5.0823	4
126.3	2.4754	1.9196	5.0873	4
126.35	2.4748	2.8597	5.1056	4
126.4	2.4721	3.2416	5.1161	4
126.45	2.4716	1.5964	5.1073	4
126.5	2.4711	2.8628	5.0961	4
126.55	2.4687	2.7839	5.0936	4
126.6	2.468	2.1806	5.0861	4
126.65	2.4677	2.2976	5.0847	4
126.7	2.4654	3.2662	5.1063	4
126.75	2.4648	1.7618	5.1139	4
126.8	2.4647	2.5827	5.1198	4
126.85	2.4624	2.8977	5.1302	4
126.9	2.4619	1.8035	5.1115	4
126.95	2.4621	2.2638	5.0962	4
127	2.46	2.9367	5.0742	4
127.05	2.4588	2.218	5.0777	4
127.1	2.4582	2.3432	5.0923	4
127.15	2.4563	2.9113	5.0796	4
127.2	2.4558	1.8891	5.0723	4
127.25	2.4559	2.497	5.0895	4
127.3	2.4537	2.8013	5.0987	4
127.35	2.453	1.8738	5.0892	4
127.4	2.4533	2.3262	5.0777	4
127.45	2.4504	3.5599	5.0794	4
127.5	2.4498	1.5991	5.0966	4
127.55	2.4495	2.7581	5.0987	4
127.6	2.4468	3.27	5.0903	4
127.65	2.446	1.8788	5.0851	4
127.7	2.4458	2.3639	5.0906	4
127.75	2.4431	3.2738	5.1009	4
127.8	2.4421	2.0529	5.1027	4
127.85	2.4417	2.5627	5.1085	4
127.9	2.4393	3.0773	5.1274	4
127.95	2.4377	2.4004	5.1457	4
128	2.4367	2.6388	5.1428	4
128.05	2.4353	2.7413	5.1155	4
128.1	2.4341	2.3947	5.0844	4
128.15	2.4331	2.7021	5.0791	4
128.2	2.4314	2.7619	5.0918	4
128.25	2.4301	2.3565	5.104	4
128.3	2.4286	3.1135	5.1303	4
128.35	2.4268	2.4736	5.134	4
128.4	2.4252	3.0167	5.1271	4
128.45	2.4241	2.0849	5.1203	4
128.5	2.4236	2.2013	5.113	4
128.55	2.4231	2.5401	5.1066	4
128.6	2.4206	3.1307	5.1131	4
128.65	2.4198	1.9328	5.1181	4
128.7	2.4199	2.2149	5.1112	4
128.75	2.4186	2.7629	5.1127	4
128.8	2.4175	2.4009	5.1175	4
128.85	2.4165	2.2177	5.1184	4
128.9	2.4156	2.6163	5.118	4
128.95	2.4147	2.1964	5.0948	4
129	2.4137	2.4945	5.0913	4
129.05	2.4126	2.3491	5.1102	4
129.1	2.4115	2.6016	5.1123	4
129.15	2.4107	2.3163	5.1063	4
129.2	2.41	2.1617	5.0975	4
129.25	2.4093	2.4723	5.0953	4
129.3	2.4079	2.7976	5.0886	4
129.35	2.4071	1.9414	5.0809	4
129.4	2.4071	2.3777	5.103	4
129.45	2.4056	2.7621	5.0994	4
129.5	2.404	2.3263	5.1031	4
129.55	2.404	1.9421	5.0961	4
129.6	2.4021	2.9911	5.0913	4
129.65	2.4003	2.3709	5.1163	4
129.7	2.4004	1.8365	5.1057	4
129.75	2.3991	3.1359	5.0941	4
129.8	2.3974	2.4464	5.0961	4
129.85	2.3972	1.9497	5.0798	4
129.9	2.3962	2.784	5.0912	4
129.95	2.3948	2.313	5.0947	4
130	2.395	1.8953	5.0875	4
130.05	2.3941	2.9283	5.1018	4
130.1	2.3923	2.4386	5.1075	4
130.15	2.3922	2.3623	5.09	4
130.2	2.3904	2.7429	5.0773	4
130.25	2.3892	2.2091	5.0691	4
130.3	2.389	2.2051	5.0773	4
130.35	2.3873	2.6875	5.0883	4
130.4	2.3862	2.1898	5.0759	4
130.45	2.3862	2.0216	5.0867	4
130.5	2.3848	3.1441	5.113	4
130.55	2.383	2.2067	5.1094	4
130.6	2.3834	1.6612	5.1105	4
130.65	2.3817	3.2263	5.1255	4
130.7	2.3807	1.8561	5.1314	4
130.75	2.3817	1.8636	5.1184	4
130.8	2.3795	3.3891	5.113	4
130.85	2.379	1.415	5.1273	4
130.9	2.3792	2.2951	5.1339	4
130.95	2.3777	2.9042	5.119	4
131	2.3765	1.8114	5.1241	4
131.05	2.3771	2.1508	5.1205	4
131.1	2.3756	2.7501	5.1063	4
131.15	2.3747	2.0127	5.1236	4
131.2	2.3748	1.9192	5.1225	4
131.25	2.374	2.6385	5.1177	4
131.3	2.3728	2.2241	5.1275	4
131.35	2.3732	1.8126	5.1278	4
131.4	2.3719	2.8786	5.1368	4
131.45	2.371	2.0133	5.1366	4
131.5	2.3715	1.6832	5.1308	4
131.55	2.3706	2.7159	5.136	4
131.6	2.369	2.3387	5.1183	4
131.65	2.3695	1.5199	5.1165	4
131.7	2.3693	2.6754	5.1295	4
131.75	2.3681	1.9552	5.135	4
131.8	2.3679	2.438	5.1433	4
131.85	2.368	1.62	5.1393	4
131.9	2.3669	2.7832	5.1273	4
131.95	2.3663	1.7775	5.116	4
132	2.3666	1.9659	5.1021	4
132.05	2.3657	2.4041	5.1054	4
132.1	2.3648	2.1242	5.1074	4
132.15	2.3654	1.6093	5.1131	4
132.2	2.3651	2.652	5.1101	4
132.25	2.3646	1.6395	5.1065	4
132.3	2.365	2.2087	5.117	4
132.35	2.3639	2.276	5.1218	4
132.4	2.3637	1.9509	5.1231	4
132.45	2.3639	1.8532	5.1355	4
132.5	2.3635	2.1836	5.1262	4
132.55	2.3631	2.0052	5.1127	4
132.6	2.3634	1.9392	5.1157	4
132.65	2.3636	1.9457	5.1081	4
132.7	2.3635	2.1044	5.0968	4
132.75	2.3624	2.0351	5.0981	4
132.8	2.363	1.6116	5.1096	4
132.85	2.3638	1.6043	5.1033	4
132.9	2.3634	2.4985	5.0993	4
132.95	2.363	1.6268	5.1054	4
133	2.364	1.5739	5.1113	4
133.05	2.3642	2.3266	5.1101	4
133.1	2.3638	1.5987	5.1014	4
133.15	2.365	1.5536	5.0994	4
133.2	2.3647	2.1429	5.1019	4
133.25	2.3648	1.7425	5.0885	4
133.3	2.366	1.6127	5.0999	4
133.35	2.3657	2.1066	5.1176	4
133.4	2.3658	1.8836	5.1102	4
133.45	2.366	1.7914	5.107	4
133.5	2.3665	1.5833	5.104	4
133.55	2.3671	1.8961	5.1092	4
133.6	2.3669	1.7716	5.1167	4
133.65	2.3678	1.7811	5.1201	4
133.7	2.3678	1.9194	5.099	4
133.75	2.3681	1.7174	5.0961	4
133.8	2.3687	1.6659	5.0929	4
133.85	2.3689	1.9506	5.093	4
133.9	2.3697	1.7662	5.1195	4
133.95	2.3699	1.7017	5.1129	4
134	2.3704	1.798	5.1077	4
134.05	2.3707	1.7749	5.1065	4
134.1	2.3716	1.4071	5.102	4
134.15	2.3726	1.819	5.0851	4
134.2	2.3728	1.8428	5.0794	4
134.25	2.3732	1.6084	5.0977	4
134.3	2.3743	1.775	5.1088	4
134.35	2.3739	1.9321	5.0981	4
134.4	2.3746	1.5223	5.1082	4
134.45	2.3762	1.2129	5.1236	4
134.5	2.3768	1.9807	5.1256	4
134.55	2.3771	1.4588	5.1332	4
134.6	2.3778	1.8018	5.121	4
134.65	2.3783	1.6762	5.1031	4
134.7	2.3787	1.7817	5.1025	4
134.75	2.3791	1.9396	5.1188	4
134.8	2.3798	1.411	5.1043	4
134.85	2.3808	1.7221	5.099	4
134.9	2.3808	1.9655	5.1177	4
134.95	2.3814	1.4637	5.1252	4
135	2.3825	1.6492	5.1325	4
135.05	2.3824	2.0538	5.1367	4
135.1	2.3829	1.695	5.1422	4
135.15	2.3837	1.5734	5.1433	4
135.2	2.3844	1.7158	5.1237	4
135.25	2.3848	1.8897	5.1222	4
135.3	2.3852	1.6159	5.114	4
135.35	2.3856	1.8415	5.1276	4
135.4	2.3861	1.8034	5.1395	4
135.45	2.3866	1.5214	5.1346	4
135.5	2.3876	1.5297	5.1366	4
135.55	2.3878	2.1091	5.137	4
135.6	2.3879	1.5015	5.1493	4
135.65	2.3894	1.546	5.1461	4
135.7	2.3892	2.2518	5.1276	4
135.75	2.3887	2.1029	5.1274	4
135.8	2.3898	0.9884	5.1198	4
135.85	2.39	2.5741	5.1159	4
135.9	2.3893	1.8441	5.1309	4
135.95	2.3899	1.6918	5.1203	4
136	2.3904	1.8506	5.1155	4
136.05	2.3901	2.1154	5.1135	4
136.1	2.3902	1.8003	5.1276	4
136.15	2.3903	1.938	5.1358	4
136.2	2.3903	1.9754	5.1277	4
136.25	2.3906	2.0019	5.1208	4
136.3	2.3907	1.9246	5.1313	4
136.35	2.3905	2.1326	5.1475	4
136.4	2.3901	2.218	5.1653	4
136.45	2.3907	1.4444	5.1639	4
136.5	2.3907	2.5909	5.166	4
136.55	2.3891	2.1961	5.1664	4
136.6	2.3894	1.6198	5.1575	4
136.65	2.3901	1.9122	5.1562	4
136.7	2.3889	2.6399	5.1473	4
136.75	2.389	1.4484	5.1586	4
136.8	2.3896	2.2008	5.1525	4
136.85	2.3888	2.3923	5.1318	4
136.9	2.3884	1.9686	5.141	4
136.95	2.3891	1.86	5.157	4
137	2.3887	2.0831	5.1442	4
137.05	2.3877	2.3554	5.1299	4
137.1	2.3874	1.8861	5.1174	4
137.15	2.3875	2.0341	5.1164	4
137.2	2.3874	2.1324	5.108	4
137.25	2.3874	2.0178	5.0992	4
137.3	2.3863	2.6579	5.1162	4
137.35	2.3866	1.187	5.1226	4
137.4	2.3871	2.4174	5.1199	4
137.45	2.3852	2.8223	5.1179	4
137.5	2.3849	1.6271	5.1086	4
137.55	2.3852	2.1187	5.1038	4
137.6	2.3841	2.5073	5.1127	4
137.65	2.383	2.1193	5.1249	4
137.7	2.3841	1.4563	5.1318	4
137.75	2.3835	2.6499	5.1352	4
137.8	2.3821	2.6177	5.1308	4
137.85	2.382	1.8039	5.1273	4
137.9	2.3815	2.4852	5.1423	4
137.95	2.38	2.3943	5.1478	4
138	2.3802	1.7356	5.1249	4
138.05	2.3796	2.8005	5.1105	4
138.1	2.3777	2.5149	5.1128	4
138.15	2.3775	1.8467	5.1283	4
138.2	2.3783	1.6126	5.1359	4
138.25	2.3772	3.1657	5.1481	4
138.3	2.3758	2.1471	5.1508	4
138.35	2.3761	1.9913	5.15	4
138.4	2.3746	2.6496	5.1534	4
138.45	2.3738	2.119	5.1532	4
138.5	2.3744	1.6972	5.152	4
138.55	2.3733	2.8779	5.148	4
138.6	2.3721	2.0369	5.1403	4
138.65	2.3722	1.7626	5.1392	4
138.7	2.3722	2.2572	5.1487	4
138.75	2.3704	3.0731	5.1434	4
138.8	2.3697	1.5866	5.1358	4
138.85	2.3702	2.2067	5.1167	4
138.9	2.3692	2.4768	5.1167	4
138.95	2.3691	1.5176	5.117	4
139	2.3694	2.1399	5.1135	4
139.05	2.3682	2.5068	5.1122	4
139.1	2.3683	1.6157	5.1144	4
139.15	2.3684	2.3729	5.1132	4
139.2	2.3675	1.9203	5.1263	4
139.25	2.3675	2.1421	5.1252	4
139.3	2.3676	1.8264	5.1419	4
139.35	2.3673	2.2512	5.1596	4
139.4	2.3672	1.7153	5.139	4
139.45	2.3672	2.06	5.1385	4
139.5	2.3674	1.8506	5.1448	4
139.55	2.3671	2.2753	5.1496	4
139.6	2.3669	1.9245	5.1412	4
139.65	2.3674	1.7689	5.1147	4
139.7	2.3674	2.1058	5.1115	4
139.75	2.3661	2.5857	5.1168	4
139.8	2.3664	1.3463	5.1184	4
139.85	2.3673	1.9183	5.1122	4
139.9	2.3659	2.6297	5.0994	4
139.95	2.3662	1.4777	5.1025	4
140	2.3673	2.0228	5.1125	4
140.05	2.3664	2.2889	5.1143	4
140.1	2.3659	2.0332	5.1241	4
140.15	2.3662	1.5645	5.1173	4
140.2	2.3664	2.1987	5.1167	4
140.25	2.3653	2.5304	5.1157	4
140.3	2.3651	1.4474	5.1106	4
140.35	2.3662	1.958	5.0965	4
140.4	2.3649	2.4689	5.0942	4
140.45	2.3651	1.496	5.1225	4
140.5	2.3658	2.0372	5.1362	4
140.55	2.3654	2.1746	5.1312	4
140.6	2.3659	1.329	5.1427	4
140.65	2.3657	2.7264	5.1331	4
140.7	2.3649	1.7363	5.1466	4
140.75	2.3654	2.0504	5.1553	4
140.8	2.3656	1.6718	5.1421	4
140.85	2.3654	2.1835	5.1496	4
140.9	2.3647	2.1257	5.1391	4
140.95	2.3661	1.0351	5.1356	4
141	2.3659	2.6712	5.1419	4
141.05	2.3651	1.9506	5.159	4
141.1	2.3661	1.3185	5.1701	4
141.15	2.3671	2.1491	5.1658	4
141.2	2.3659	2.2202	5.1486	4
141.25	2.3668	1.1186	5.1293	4
141.3	2.3683	1.6455	5.1165	4
141.35	2.3676	2.3018	5.1348	4
141.4	2.3684	1.4037	5.1315	4
141.45	2.3694	1.5686	5.1132	4
141.5	2.3695	2.137	5.107	4
141.55	2.3703	1.2442	5.1012	4
141.6	2.3712	1.7147	5.0969	4
141.65	2.3715	2.0558	5.0917	4
141.7	2.3717	1.5923	5.0939	4
141.75	2.3727	1.34	5.0955	4
141.8	2.3731	2.0757	5.0979	4
141.85	2.3725	1.9281	5.1102	4
141.9	2.3741	1.2213	5.1048	4
141.95	2.375	1.7994	5.1009	5
142	2.375	2.0051	5.1229	5
142.05	2.3753	1.5793	5.1255	5
142.1	2.3766	1.3075	5.1104	5
142.15	2.3777	2.1408	5.0906	5
142.2	2.383	2.0898	5.0885	5
142.25	2.3974	1.2715	5.0952	5
142.3	2.4185	2.4477	5.0792	5
142.35	2.4478	2.9198	5.0673	5
142.4	2.4858	2.0765	5.0638	5
142.45	2.5306	2.8233	5.0726	5
142.5	2.5825	3.8849	5.0925	5
142.55	2.6426	3.8201	5.0965	5
142.6	2.7094	4.2793	5.0884	5
142.65	2.783	5.4382	5.0947	5
142.7	2.8645	5.6368	5.101	5
142.75	2.9527	6.4219	5.0915	5
142.8	3.048	7.6791	5.0978	5
142.85	3.1504	8.4707	5.1254	5
142.9	3.2588	9.9003	5.1259	5
142.95	3.374	11.5408	5.1071	5
143	3.4964	12.8884	5.1211	5
143.05	3.6248	15.022	5.1428	5
143.1	3.7594	17.38	5.129	5
143.15	3.9008	19.5111	5.1234	5
143.2	4.0471	22.9982	5.1053	5
143.25	4.2007	26.1607	5.1031	5
143.3	4.3604	29.9326	5.1072	5
143.35	4.5254	34.8275	5.1095	5
143.4	4.6965	40.4939	5.1065	5
143.45	4.8738	47.1424	5.112	5
143.5	5.0578	54.9589	5.114	5
143.55	5.2488	64.9632	5.1207	5
143.6	5.4482	76.6762	5.1202	5
143.65	5.6552	91.4964	5.1311	5
143.7	5.8693	110.0897	5.1229	5
143.75	6.0907	132.1926	5.1075	5
143.8	6.3194	158.251	5.1055	5
143.85	6.5564	186.2604	5.1102	5
143.9	6.8002	216.7717	5.1187	5
143.95	7.0508	249.8359	5.1067	5
144	7.3083	284.623	5.1203	5
144.05	7.5709	322.2029	5.1293	5
144.1	7.8384	362.3932	5.1119	5
144.15	8.1105	405.961	5.0963	5
144.2	8.3868	453.06	5.0976	5
144.25	8.6668	503.2611	5.1033	5
144.3	8.9496	556.3487	5.1161	5
144.35	9.2355	613.123	5.1167	5
144.4	9.524	675.0572	5.1119	5
144.45	9.8154	740.1488	5.0994	5
144.5	10.1096	808.1336	5.082	5
144.55	10.4053	881.4564	5.0944	6
144.6	10.7036	958.032	5.0948	6
144.65	11.0051	1037.1141	5.0891	6
144.7	11.3075	1121.2181	5.0785	6
144.75	11.611	1209.2866	5.0879	6
144.8	11.9142	1298.1792	5.0939	6
144.85	12.2136	1386.2987	5.0925	6
144.9	12.5069	1474.1367	5.1201	6
144.95	12.7946	1559.6628	5.1143	6
145	13.0761	1643.3635	5.1144	6
145.05	13.3512	1726.607	5.1106	6
145.1	13.6204	1808.727	5.0873	6
145.15	13.8833	1889.465	5.0869	6
145.2	14.1397	1969.5556	5.1119	6
145.25	14.3901	2048.8086	5.1156	6
145.3	14.635	2126.4316	5.1063	6
145.35	14.8749	2202.0314	5.106	6
145.4	15.109	2276.4206	5.1038	6
145.45	15.3374	2349.5467	5.0975	6
145.5	15.5606	2420.879	5.0882	6
145.55	15.7791	2490.1822	5.0874	6
145.6	15.9917	2559.0684	5.0751	6
145.65	16.2003	2625.2451	5.0601	6
145.7	16.4042	2689.9974	5.0616	6
145.75	16.6025	2754.5772	5.0826	6
145.8	16.7957	2818.2031	5.0834	6
145.85	16.984	2879.8184	5.0718	6
145.9	17.1679	2940.0422	5.0621	6
145.95	17.3477	2999.773	5.0691	6
146	17.5243	3057.1015	5.0622	6
146.05	17.6966	3112.2901	5.0575	6
146.1	17.8644	3166.9978	5.0724	6
146.15	18.0289	3219.2711	5.0733	6
146.2	18.1903	3269.0873	5.0793	6
146.25	18.3477	3318.1666	5.0601	6
146.3	18.5018	3365.3614	5.0557	6
146.35	18.6533	3409.8169	5.0638	6
146.4	18.8007	3453.7751	5.0612	6
146.45	18.945	3496.1286	5.0522	6
146.5	19.0874	3535.348	5.0411	6
146.55	19.226	3573.6193	5.0467	6
146.6	19.3609	3611.1497	5.0598	6
146.65	19.4936	3646.1146	5.0607	6
146.7	19.6234	3680.0483	5.0659	6
146.75	19.75	3713.1561	5.0545	6
146.8	19.8738	3744.0378	5.0352	6
146.85	19.9948	3773.6253	5.045	6
146.9	20.113	3801.5298	5.0355	6
146.95	20.2288	3828.0785	5.0427	6
147	20.3426	3852.6708	5.0477	6
147.05	20.4538	3876.0346	5.033	6
147.1	20.5619	3899.0521	5.0457	6
147.15	20.668	3920.2538	5.0465	6
147.2	20.7717	3940.4156	5.0439	6
147.25	20.8728	3959.9519	5.0503	6
147.3	20.9716	3977.7691	5.0465	6
147.35	21.0681	3994.4421	5.0464	6
147.4	21.1622	4010.0813	5.0391	6
147.45	21.2543	4024.6281	5.0341	6
147.5	21.3445	4038.096	5.0364	6
147.55	21.4325	4050.9375	5.0312	6
147.6	21.5185	4062.4868	5.0528	6
147.65	21.6028	4072.7635	5.0512	6
147.7	21.6848	4082.3808	5.0376	6
147.75	21.765	4090.8544	5.0364	6
147.8	21.8436	4098.1867	5.041	6
147.85	21.9209	4104.6287	5.0572	6
147.9	21.9954	4110.4728	5.0519	6
147.95	22.0684	4114.8896	5.0373	6
148	22.1397	4118.6428	5.0344	6
148.05	22.2096	4121.5136	5.0381	6
148.1	22.2779	4123.6556	5.0492	6
148.15	22.3447	4124.9143	5.0506	6
148.2	22.4097	4125.6179	5.0668	6
148.25	22.473	4125.624	5.0731	6
148.3	22.5351	4124.5404	5.0496	6
148.35	22.5959	4122.7215	5.0324	6
148.4	22.6545	4121.2477	5.036	6
148.45	22.7122	4118.4542	5.0379	6
148.5	22.769	4114.0872	5.0359	6
148.55	22.8234	4110.7391	5.0312	6
148.6	22.8769	4106.0415	5.0487	6
148.65	22.9302	4099.112	5.0518	6
148.7	22.9805	4094.0615	5.03	6
148.75	23.0304	4087.5087	5.0215	6
148.8	23.0796	4079.6963	5.0424	6
148.85	23.1266	4073.0164	5.0415	6
148.9	23.1727	4065.4945	5.036	6
148.95	23.2178	4056.8905	5.044	6
149	23.2614	4048.4634	5.061	6
149.05	23.3038	4039.4138	5.062	6
149.1	23.3453	4030.0544	5.0554	6
149.15	23.386	4020.3007	5.0537	6
149.2	23.4255	4010.0776	5.0501	6
149.25	23.4638	3999.6966	5.0563	6
149.3	23.501	3988.8867	5.0463	6
149.35	23.5376	3977.2196	5.0661	6
149.4	23.5726	3966.1899	5.0805	6
149.45	23.6069	3954.818	5.0618	6
149.5	23.6412	3941.9644	5.0515	6
149.55	23.6734	3930.1091	5.0513	6
149.6	23.7046	3918.3283	5.0544	6
149.65	23.7358	3905.0244	5.0675	6
149.7	23.7657	3892.1663	5.0506	6
149.75	23.7941	3879.9911	5.0564	6
149.8	23.8224	3866.9519	5.0651	6
149.85	23.8502	3853.2666	5.0479	6
149.9	23.8762	3840.9201	5.0587	6
149.95	23.9016	3828.3607	5.0547	6
150	23.9272	3814.2421	5.0375	6
150.05	23.9512	3800.8536	5.0386	6
150.1	23.9742	3787.7963	5.0473	6
150.15	23.9972	3773.5244	5.0441	6
150.2	24.0193	3759.5609	5.0358	6
150.25	24.0402	3746.3652	5.0402	6
150.3	24.0608	3732.5253	5.0598	6
150.35	24.081	3718.3687	5.075	6
150.4	24.1002	3704.7726	5.0789	6
150.45	24.1188	3691.216	5.0694	6
150.5	24.1369	3676.4029	5.0594	6
150.55	24.1542	3662.1171	5.0561	6
150.6	24.171	3647.9847	5.058	6
150.65	24.1874	3634.2351	5.0652	6
150.7	24.2038	3620.4038	5.0487	6
150.75	24.2198	3606.143	5.0439	6
150.8	24.2346	3591.8923	5.0527	6
150.85	24.2494	3577.4612	5.0646	6
150.9	24.2639	3562.5168	5.0674	6
150.95	24.2772	3548.777	5.0524	6
151	24.2901	3534.6756	5.0604	6
151.05	24.3032	3520.227	5.0733	6
151.1	24.315	3506.8197	5.0704	6
151.15	24.3267	3492.7204	5.0793	6
151.2	24.3384	3478.1559	5.0886	6
151.25	24.3492	3464.0809	5.0821	6
151.3	24.3593	3450.7238	5.0637	6
151.35	24.3697	3436.5361	5.0467	6
151.4	24.3797	3422.1711	5.048	6
151.45	24.3883	3409.5585	5.0518	6
151.5	24.3975	3395.6717	5.0452	6
151.55	24.407	3380.8304	5.0557	6
151.6	24.4148	3367.686	5.0545	6
151.65	24.4226	3354.759	5.0512	6
151.7	24.4309	3340.5467	5.0556	6
151.75	24.4383	3327.0929	5.0437	6
151.8	24.4446	3314.514	5.0479	6
151.85	24.4513	3301.3469	5.058	6
151.9	24.4587	3286.8444	5.0479	6
151.95	24.4639	3274.9102	5.0521	6
152	24.4691	3263.1564	5.0498	6
152.05	24.4761	3248.3027	5.0317	6
152.1	24.4806	3236.4191	5.0309	6
152.15	24.484	3226.2309	5.0411	6
152.2	24.4903	3211.5369	5.0659	6
152.25	24.4949	3198.8244	5.077	6
152.3	24.4968	3189.9177	5.0561	6
152.35	24.5017	3176.4349	5.0634	6
152.4	24.5068	3162.2243	5.0698	6
152.45	24.508	3153.4906	5.0563	6
152.5	24.5112	3142.1844	5.0382	6
152.55	24.5159	3128.2955	5.0497	6
152.6	24.5175	3118.4168	5.0483	6
152.65	24.5187	3109.0824	5.0339	6
152.7	24.5226	3095.5414	5.0426	6
152.75	24.5244	3084.922	5.0539	6
152.8	24.525	3076.3515	5.0519	6
152.85	24.5279	3063.9984	5.0479	6
152.9	24.5296	3052.9909	5.0487	6
152.95	24.5298	3044.2167	5.0596	6
153	24.5316	3033.1782	5.0324	6
153.05	24.5336	3021.895	5.0285	6
153.1	24.5338	3013.0069	5.0577	6
153.15	24.5345	3003.3148	5.0533	6
153.2	24.5358	2992.3052	5.056	6
153.25	24.5361	2982.921	5.0796	6
153.3	24.5361	2974.0732	5.084	6
153.35	24.5366	2964.2962	5.0707	6
153.4	24.5368	2954.7825	5.0584	6
153.45	24.5364	2945.7533	5.0542	6
153.5	24.5362	2936.7253	5.0507	6
153.55	24.5355	2928.4526	5.0434	6
153.6	24.5352	2919.6788	5.0492	6
153.65	24.5347	2911.1167	5.0578	6
153.7	24.5338	2902.6195	5.0643	6
153.75	24.533	2894.4977	5.0644	6
153.8	24.5323	2886.0089	5.0388	6
153.85	24.5317	2877.3386	5.0412	6
153.9	24.5296	2870.7469	5.0598	6
153.95	24.5287	2862.4293	5.0561	6
154	24.528	2854.2171	5.0587	6
154.05	24.5261	2847.6711	5.0552	6
154.1	24.5245	2840.3325	5.0534	6
154.15	24.5238	2831.9731	5.0632	6
154.2	24.5214	2825.7147	5.0596	6
154.25	24.5192	2819.5849	5.0488	6
154.3	24.5184	2811.1078	5.0527	6
154.35	24.5163	2804.8114	5.0596	6
154.4	24.5135	2799.415	5.0553	6
154.45	24.5126	2791.286	5.0413	6
154.5	24.5107	2784.8815	5.0269	6
154.55	24.5074	2780.5488	5.0255	6
154.6	24.5061	2773.0553	5.0517	6
154.65	24.5042	2766.5824	5.0682	6
154.7	24.5009	2762.2513	5.064	6
154.75	24.4991	2755.6787	5.0698	6
154.8	24.4974	2749.0156	5.0746	6
154.85	24.4944	2744.1648	5.0881	6
154.9	24.4917	2739.1398	5.0869	6
154.95	24.4899	2732.7191	5.0727	6
155	24.4869	2727.9109	5.067	6
155.05	24.4837	2723.8985	5.0586	6
155.1	24.4816	2718.2002	5.0623	6
155.15	24.479	2713.1012	5.089	6
155.2	24.4759	2709.039	5.0772	6
155.25	24.4737	2703.6984	5.0902	6
155.3	24.4716	2698.2343	5.0891	6
155.35	24.4685	2694.2093	5.0833	6
155.4	24.4657	2689.8838	5.0866	6
155.45	24.4634	2684.8752	5.0786	6
155.5	24.4607	2680.6765	5.0853	6
155.55	24.4578	2676.4264	5.0847	6
155.6	24.4552	2672.1661	5.0927	6
155.65	24.4525	2668.2762	5.0923	6
155.7	24.4501	2663.7304	5.0735	6
155.75	24.4472	2659.9814	5.0778	6
155.8	24.4444	2656.2989	5.0894	6
155.85	24.4422	2651.6931	5.1005	6
155.9	24.4393	2648.1217	5.0952	6
155.95	24.4365	2644.4995	5.1125	6
156	24.4342	2640.5214	5.133	6
156.05	24.4315	2636.9151	5.1281	6
156.1	24.4288	2633.1453	5.1235	6
156.15	24.426	2629.7155	5.121	6
156.2	24.4234	2626.1241	5.1074	6
156.25	24.421	2622.2884	5.106	6
156.3	24.418	2619.3529	5.0916	6
156.35	24.4151	2616.5156	5.0948	6
156.4	24.4127	2612.9526	5.0933	6
156.45	24.4098	2610.1049	5.0661	6
156.5	24.4068	2607.6722	5.0694	6
156.55	24.4046	2604.0128	5.0927	6
156.6	24.4022	2600.6431	5.085	6
156.65	24.3993	2598.3113	5.0828	6
156.7	24.3967	2595.4747	5.0735	6
156.75	24.3946	2592.0784	5.0667	6
156.8	24.3915	2590.019	5.0828	6
156.85	24.3887	2587.6432	5.0861	6
156.9	24.3867	2584.1578	5.1009	6
156.95	24.3841	2581.4157	5.0932	6
157	24.381	2579.5952	5.0781	6
157.05	24.3791	2576.5314	5.0684	6
157.1	24.3768	2573.8552	5.0801	6
157.15	24.3738	2572.4748	5.0881	6
157.2	24.3712	2570.411	5.0787	6
157.25	24.3693	2567.1257	5.072	6
157.3	24.3668	2565.1734	5.0693	6
157.35	24.3637	2563.8463	5.0629	6
157.4	24.362	2560.7408	5.0708	6
157.45	24.3601	2558.0644	5.0657	6
157.5	24.3572	2556.8863	5.0555	6
157.55	24.3546	2555.0891	5.0662	6
157.6	24.3531	2551.7477	5.0781	6
157.65	24.3503	2550.286	5.0762	6
157.7	24.3472	2549.6886	5.074	6
157.75	24.346	2546.4208	5.0793	6
157.8	24.3437	2544.6217	5.0826	6
157.85	24.341	2543.469	5.0831	6
157.9	24.3392	2541.1341	5.0831	6
157.95	24.3374	2539.1327	5.0998	6
158	24.3349	2538.1104	5.0978	6
158.05	24.333	2536.2375	5.085	6
158.1	24.3311	2534.2959	5.0685	6
158.15	24.329	2532.6761	5.0589	6
158.2	24.3271	2530.8873	5.0668	6
158.25	24.3249	2529.731	5.0854	6
158.3	24.3231	2527.8858	5.0997	6
158.35	24.321	2526.277	5.0953	6
158.4	24.3184	2525.6923	5.1041	6
158.45	24.3168	2523.7512	5.0912	6
158.5	24.3151	2521.7617	5.0784	6
158.55	24.3124	2521.5368	5.0836	6
158.6	24.3105	2520.2753	5.0838	6
158.65	24.3098	2517.0923	5.0824	6
158.7	24.3072	2516.8657	5.0812	6
158.75	24.3044	2516.9833	5.0719	6
158.8	24.3039	2513.6699	5.0674	6
158.85	24.3024	2512.1141	5.058	6
158.9	24.299	2513.1106	5.0704	6
158.95	24.2977	2511.0883	5.0949	6
159	24.2971	2508.509	5.1009	6
159.05	24.2939	2509.4089	5.099	6
159.1	24.2915	2509.2154	5.0922	6
159.15	24.291	2506.5483	5.0862	6
159.2	24.2891	2505.9504	5.0885	6
159.25	24.2865	2506.5243	5.0992	6
159.3	24.2856	2504.4459	5.1013	6
159.35	24.2843	2502.8226	5.1132	6
159.4	24.2817	2503.3476	5.1265	6
159.45	24.2803	2502.1257	5.1117	6
159.5	24.2792	2500.5525	5.1036	6
159.55	24.2769	2500.569	5.0906	6
159.6	24.275	2500.3112	5.0838	6
159.65	24.2744	2498.1431	5.0818	6
159.7	24.2726	2498.0514	5.0973	6
159.75	24.2705	2498.1173	5.108	6
159.8	24.2697	2496.3277	5.1052	6
159.85	24.2682	2495.562	5.1201	6
159.9	24.2662	2495.819	5.1192	6
159.95	24.2649	2494.8728	5.1031	6
160	24.2641	2493.3789	5.0947	6
160.05	24.2623	2493.5769	5.1029	6
160.1	24.2611	2492.7571	5.1195	6
160.15	24.2605	2491.0101	5.1296	6
160.2	24.259	2490.5298	5.1293	6
160.25	24.2573	2490.3955	5.1172	6
160.3	24.2565	2488.9382	5.099	6
160.35	24.2554	2488.1519	5.1175	6
160.4	24.2536	2488.1738	5.1177	6
160.45	24.2527	2487.1624	5.1216	6
160.5	24.2518	2486.1845	5.1099	6
160.55	24.2505	2485.8383	5.0932	6
160.6	24.2491	2485.3873	5.0994	6
160.65	24.2479	2484.7835	5.089	6
160.7	24.2469	2484.1554	5.07	6
160.75	24.2453	2484.1153	5.0655	6
160.8	24.2439	2483.9002	5.0644	6
160.85	24.2431	2482.8357	5.0647	6
160.9	24.242	2482.3539	5.0684	6
160.95	24.2404	2482.7251	5.1	6
161	24.2397	2481.7421	5.1144	6
161.05	24.239	2480.94	5.0985	6
161.1	24.2369	2482.0517	5.0959	6
161.15	24.2363	2481.3183	5.0953	6
161.2	24.236	2479.841	5.0775	6
161.25	24.2344	2480.2852	5.0673	6
161.3	24.2331	2480.3658	5.0618	6
161.35	24.2331	2478.584	5.0827	6
161.4	24.2319	2478.5218	5.1079	6
161.45	24.2301	2479.5292	5.0856	6
161.5	24.2301	2478.2936	5.0735	6
161.55	24.2296	2477.3229	5.0612	6
161.6	24.2278	2478.1479	5.0629	6
161.65	24.2272	2477.5716	5.0677	6
161.7	24.2272	2475.9101	5.0619	6
161.75	24.2257	2476.5772	5.0765	6
161.8	24.2246	2476.5998	5.0792	6
161.85	24.2241	2475.83	5.0861	6
161.9	24.2229	2476.0931	5.103	6
161.95	24.2212	2477.1311	5.0943	6
162	24.2205	2476.7101	5.0926	6
162.05	24.2197	2476.6475	5.0859	6
162.1	24.2177	2477.82	5.0767	6
162.15	24.2163	2478.6706	5.0713	6
162.2	24.2164	2477.1274	5.0761	6
162.25	24.2147	2478.5586	5.0791	6
162.3	24.2136	2478.7164	5.0854	6
162.35	24.2136	2477.5707	5.0839	6
162.4	24.2129	2477.4927	5.0845	6
162.45	24.2118	2477.655	5.0893	6
162.5	24.2119	2476.7786	5.0927	6
162.55	24.2113	2475.9255	5.0782	6
162.6	24.2102	2477.0044	5.0745	6
162.65	24.2098	2476.2286	5.0874	6
162.7	24.2096	2475.2482	5.0929	6
162.75	24.2081	2477.0163	5.1042	6
162.8	24.2076	2476.2668	5.094	6
162.85	24.2072	2476.1118	5.0909	6
162.9	24.206	2477.0002	5.0961	6
162.95	24.2048	2477.1022	5.0878	6
163	24.2046	2476.9928	5.0876	6
163.05	24.204	2476.9842	5.0912	6
163.1	24.2028	2477.272	5.088	6
163.15	24.2028	2477.0973	5.0795	6
163.2	24.202	2477.404	5.0783	6
163.25	24.2012	2476.9637	5.0878	6
163.3	24.2012	2476.7281	5.0866	6
163.35	24.2004	2477.4137	5.0774	6
163.4	24.1997	2476.7667	5.0843	6
163.45	24.1996	2476.5779	5.0697	6
163.5	24.1988	2477.5909	5.0872	6
163.55	24.1975	2477.8512	5.0967	6
163.6	24.1974	2476.8589	5.0706	6
163.65	24.1966	2478.1346	5.0756	6
163.7	24.1955	2479.2114	5.0878	6
163.75	24.1953	2478.0117	5.0797	6
163.8	24.1951	2477.759	5.067	6
163.85	24.1941	2479.3102	5.0695	6
163.9	24.1939	2478.9604	5.0993	6
163.95	24.1936	2477.7046	5.0942	6
164	24.1924	2478.9658	5.0927	6
164.05	24.1922	2479.6582	5.0921	6
164.1	24.1924	2478.929	5.08	6
164.15	24.1911	2479.1325	5.071	6
164.2	24.1905	2479.3807	5.0768	6
164.25	24.1911	2478.6841	5.0755	6
164.3	24.1905	2479.6757	5.0768	6
164.35	24.1897	2479.8985	5.091	6
164.4	24.1897	2478.3367	5.0931	6
164.45	24.1893	2478.78	5.0918	6
164.5	24.1884	2480.2268	5.0925	6
164.55	24.1886	2480.2035	5.0976	6
164.6	24.1885	2479.0617	5.0863	6
164.65	24.1874	2479.5628	5.0739	6
164.7	24.1874	2479.6922	5.0994	6
164.75	24.1879	2479.3122	5.0995	6
164.8	24.1869	2480.8783	5.09	6
164.85	24.1865	2480.5716	5.0845	6
164.9	24.1861	2479.6026	5.0911	6
164.95	24.1855	2480.214	5.0945	6
165	24.1853	2480.7095	5.0817	6
165.05	24.1853	2480.9092	5.0689	6
165.1	24.1852	2481.0981	5.0765	6
165.15	24.185	2480.0184	5.0638	6
165.2	24.1845	2479.7572	5.0713	6
165.25	24.184	2480.438	5.0693	6
165.3	24.1842	2480.5244	5.0845	6
165.35	24.1844	2480.5167	5.0855	6
165.4	24.1843	2480.7949	5.0753	6
165.45	24.1831	2481.2578	5.0989	6
165.5	24.1834	2479.573	5.095	6
165.55	24.1833	2479.6324	5.063	6
165.6	24.1821	2481.743	5.0487	6
165.65	24.1822	2481.8657	5.0588	6
165.7	24.1825	2481.5663	5.0643	6
165.75	24.1815	2482.7835	5.0489	6
165.8	24.1808	2482.5884	5.0443	6
165.85	24.1811	2481.3451	5.0577	6
165.9	24.1809	2481.8212	5.0516	6
165.95	24.1808	2482.2273	5.0449	6
166	24.1819	2480.9907	5.0493	6
166.05	24.1817	2481.7926	5.0726	6
166.1	24.1821	2481.1633	5.0815	6
166.15	24.1827	2479.2741	5.0658	6
166.2	24.1821	2478.9614	5.0647	6
166.25	24.1825	2478.4231	5.0726	6
166.3	24.1826	2478.5304	5.096	6
166.35	24.1823	2479.2187	5.1123	6
166.4	24.1819	2480.1451	5.1091	6
166.45	24.1823	2479.5637	5.0909	6
166.5	24.1816	2479.2901	5.0761	6
166.55	24.1808	2479.36	5.0853	6
166.6	24.181	2479.0508	5.0901	6
166.65	24.1806	2480.0433	5.0892	6
166.7	24.1803	2480.763	5.0907	6
166.75	24.1807	2480.6755	5.0827	6
166.8	24.1801	2481.6913	5.0783	6
166.85	24.1798	2481.7386	5.0879	6
166.9	24.1799	2480.0694	5.1053	6
166.95	24.1795	2479.9055	5.1131	6
167	24.1788	2481.0575	5.0933	6
167.05	24.1789	2480.9905	5.0917	6
167.1	24.1792	2480.9793	5.1069	6
167.15	24.1786	2482.0548	5.0865	6
167.2	24.1786	2482.3742	5.0742	6
167.25	24.179	2481.8224	5.0703	6
167.3	24.1781	2482.0718	5.0624	6
167.35	24.1775	2481.5912	5.0797	6
167.4	24.1782	2480.5567	5.0857	6
167.45	24.1775	2481.848	5.0815	6
167.5	24.1768	2483.2168	5.0899	6
167.55	24.1774	2482.3819	5.1008	6
167.6	24.1771	2483.1113	5.0786	6
167.65	24.1763	2484.4792	5.066	6
167.7	24.1773	2483.3775	5.0881	6
167.75	24.1775	2483.2594	5.083	6
167.8	24.1765	2483.3437	5.0724	6
167.85	24.1765	2482.0201	5.0755	6
167.9	24.1769	2481.6077	5.0996	6
167.95	24.1761	2483.146	5.1001	6
168	24.1761	2483.4422	5.0923	6
168.05	24.1769	2482.4452	5.0855	6
168.1	24.1763	2483.4746	5.0811	6
168.15	24.176	2484.3356	5.0935	6
168.2	24.1767	2483.5598	5.0904	6
168.25	24.1767	2483.7081	5.094	6
168.3	24.176	2484.459	5.1064	6
168.35	24.176	2482.9337	5.1195	6
168.4	24.1764	2481.7772	5.1188	6
168.45	24.176	2482.6217	5.1226	6
168.5	24.1759	2483.1041	5.107	6
168.55	24.1767	2482.228	5.0945	6
168.6	24.1765	2482.8459	5.0952	6
168.65	24.1761	2483.6832	5.0853	6
168.7	24.1763	2483.6876	5.0916	6
168.75	24.1764	2483.7137	5.1002	6
168.8	24.1759	2484.4434	5.0937	6
168.85	24.1752	2485.1819	5.0925	6
168.9	24.1753	2483.5602	5.0933	6
168.95	24.1749	2483.1903	5.0993	6
169	24.1739	2484.8608	5.1089	6
169.05	24.1741	2484.6997	5.0943	6
169.1	24.1742	2484.7905	5.0743	6
169.15	24.1743	2484.9384	5.0822	6
169.2	24.1743	2485.2878	5.1018	6
169.25	24.1748	2484.8669	5.1156	6
169.3	24.1753	2484.4077	5.097	6
169.35	24.1755	2484.5756	5.092	6
169.4	24.1759	2484.3761	5.0996	6
169.45	24.1767	2483.4178	5.1053	6
169.5	24.1771	2481.9169	5.1104	6
169.55	24.1768	2481.2152	5.1105	6
169.6	24.1776	2480.109	5.1033	6
169.65	24.1782	2479.4962	5.094	6
169.7	24.1779	2480.3539	5.0925	6
169.75	24.1786	2479.6922	5.0987	6
169.8	24.1795	2478.645	5.1025	6
169.85	24.1793	2479.3285	5.0985	6
169.9	24.1796	2478.9162	5.0908	6
169.95	24.1803	2476.8028	5.084	6
170	24.18	2475.8938	5.09	6
170.05	24.1798	2476.2617	5.0924	6
170.1	24.1805	2475.4393	5.0886	6
170.15	24.1807	2475.2948	5.0908	6
170.2	24.1804	2475.8538	5.0785	6
170.25	24.1811	2475.0617	5.0823	6
170.3	24.1811	2474.8151	5.0913	6
170.35	24.181	2473.4603	5.088	6
170.4	24.1806	2473.2174	5.0887	6
170.45	24.181	2472.7688	5.0855	6
170.5	24.1812	2472.8188	5.0867	6
170.55	24.1812	2473.1555	5.0935	6
170.6	24.1818	2472.4475	5.0908	6
170.65	24.182	2472.2377	5.0965	6
170.7	24.1819	2471.2831	5.1049	6
170.75	24.1818	2470.0314	5.1094	6
170.8	24.1821	2469.637	5.1082	6
170.85	24.1823	2469.5864	5.0801	6
170.9	24.1822	2469.9639	5.0943	6
170.95	24.1829	2469.2884	5.1009	6
171	24.1829	2469.3792	5.0671	6
171.05	24.1828	2468.3932	5.0825	6
171.1	24.1825	2467.5755	5.0947	6
171.15	24.1826	2467.6537	5.0901	6
171.2	24.1827	2467.5881	5.0988	6
171.25	24.1828	2467.7645	5.0958	6
171.3	24.1826	2468.3327	5.0867	6
171.35	24.1825	2467.9971	5.0831	6
171.4	24.1822	2466.8756	5.0915	6
171.45	24.1819	2466.7562	5.0962	6
171.5	24.1821	2466.7424	5.0806	6
171.55	24.1821	2466.8828	5.0862	6
171.6	24.1818	2467.6374	5.0977	6
171.65	24.1818	2467.7094	5.0958	6
171.7	24.182	2467.1957	5.1005	6
171.75	24.1807	2467.3445	5.1063	6
171.8	24.1811	2466.2409	5.1165	6
171.85	24.1812	2466.1734	5.0981	6
171.9	24.1803	2467.6821	5.0872	6
171.95	24.1802	2467.9385	5.0979	6
172	24.1807	2467.3548	5.083	6
172.05	24.1798	2468.7985	5.0812	6
172.1	24.179	2469.2586	5.1077	6
172.15	24.1797	2466.7552	5.114	6
172.2	24.179	2467.3019	5.1056	6
172.25	24.1781	2468.637	5.0987	6
172.3	24.1791	2467.6202	5.0908	6
172.35	24.1789	2468.0167	5.0997	6
172.4	24.1783	2469.1639	5.0901	6
172.45	24.1786	2468.7653	5.0879	6
172.5	24.1788	2468.623	5.0906	6
172.55	24.178	2468.8465	5.1008	6
172.6	24.1777	2467.7701	5.0971	6
172.65	24.178	2467.4428	5.0935	6
172.7	24.1778	2468.1722	5.1127	6
172.75	24.1777	2468.6046	5.1156	6
172.8	24.1777	2468.7287	5.105	6
172.85	24.178	2468.7583	5.1098	6
172.9	24.1774	2469.5855	5.1048	6
172.95	24.1775	2469.8367	5.106	6
173	24.1778	2469.037	5.098	6
173.05	24.1771	2468.5655	5.0897	6
173.1	24.1768	2468.341	5.0914	6
173.15	24.177	2468.3827	5.0846	6
173.2	24.1769	2468.8097	5.076	6
173.25	24.1768	2469.0747	5.08	6
173.3	24.1767	2469.3545	5.0842	6
173.35	24.1767	2469.7299	5.0906	6
173.4	24.1769	2469.6831	5.0968	6
173.45	24.1768	2470.0961	5.1056	6
173.5	24.1765	2470.454	5.1038	6
173.55	24.1763	2469.4842	5.0845	6
173.6	24.1761	2468.6968	5.0906	6
173.65	24.1755	2469.7778	5.0846	6
173.7	24.1757	2469.6321	5.0692	6
173.75	24.176	2469.4176	5.0788	6
173.8	24.1752	2470.7471	5.089	6
173.85	24.1752	2470.9825	5.1031	6
173.9	24.1753	2471.0256	5.1085	6
173.95	24.1749	2471.9227	5.095	6
174	24.1746	2472.529	5.0757	6
174.05	24.1746	2472.7157	5.0803	6
174.1	24.1746	2472.6584	5.0979	6
174.15	24.1737	2472.5534	5.0971	6
174.2	24.1733	2471.8603	5.0883	6
174.25	24.1734	2471.7525	5.0856	6
174.3	24.173	2472.6593	5.0768	6
174.35	24.1727	2473.1944	5.079	6
174.4	24.1732	2472.6677	5.096	6
174.45	24.1728	2473.4018	5.1035	6
174.5	24.1727	2473.7485	5.1131	6
174.55	24.1731	2473.2114	5.1036	6
174.6	24.173	2473.6126	5.1053	6
174.65	24.1731	2473.6067	5.0929	6
174.7	24.1732	2473.6477	5.0819	6
174.75	24.1731	2474.2277	5.0804	6
174.8	24.1737	2473.7071	5.0851	6
174.85	24.1736	2474.0382	5.0812	6
174.9	24.1732	2473.997	5.0863	6
174.95	24.1739	2471.7525	5.086	6
175	24.1738	2471.3785	5.0859	6
175.05	24.1733	2472.3269	5.0824	6
175.1	24.1741	2471.4503	5.0681	6
175.15	24.1744	2471.0482	5.078	6
175.2	24.1737	2472.1918	5.0958	6
175.25	24.1738	2472.2216	5.0801	6
175.3	24.1745	2471.5364	5.0661	6
175.35	24.1743	2472.233	5.0898	6
175.4	24.1741	2472.7867	5.1012	6
175.45	24.175	2471.8496	5.087	6
175.5	24.175	2471.8966	5.0773	6
175.55	24.1744	2472.7255	5.0578	6
175.6	24.1749	2470.9108	5.059	6
175.65	24.1749	2469.4654	5.0735	6
175.7	24.1744	2470.1066	5.074	6
175.75	24.1747	2469.945	5.0744	6
175.8	24.1757	2468.8777	5.0907	6
175.85	24.1754	2469.4172	5.0822	6
175.9	24.175	2470.0766	5.0781	6
175.95	24.1758	2469.0819	5.084	6
176	24.1761	2468.8756	5.0804	6
176.05	24.1755	2469.9557	5.091	6
176.1	24.1762	2469.1261	5.0817	6
176.15	24.1765	2468.5552	5.0802	6
176.2	24.1759	2467.9373	5.0615	6
176.25	24.1758	2467.3024	5.0514	6
176.3	24.1762	2466.7459	5.0583	6
176.35	24.176	2467.1657	5.0611	6
176.4	24.1758	2467.7084	5.082	6
176.45	24.1764	2467.05	5.0698	6
176.5	24.1764	2467.2521	5.0545	6
176.55	24.1763	2467.5888	5.061	6
176.6	24.1769	2466.9422	5.0691	6
176.65	24.1772	2466.785	5.0637	6
176.7	24.1769	2466.9848	5.0431	6
176.75	24.1768	2465.3275	5.0568	6
176.8	24.1769	2464.3641	5.076	6
176.85	24.1769	2464.6004	5.0836	6
176.9	24.1769	2464.826	5.0716	6
176.95	24.1775	2464.1838	5.0828	6
177	24.1778	2463.9047	5.0855	6
177.05	24.1772	2464.9384	5.0663	6
177.1	24.1774	2464.5424	5.0658	6
177.15	24.1779	2464.1252	5.0783	6
177.2	24.1772	2464.6055	5.0673	6
177.25	24.177	2463.4916	5.0671	6
177.3	24.1777	2461.8446	5.0791	6
177.35	24.1773	2462.7105	5.084	6
177.4	24.1772	2463.0874	5.087	6
177.45	24.1776	2462.7105	5.0859	6
177.5	24.1773	2463.2753	5.0872	6
177.55	24.1774	2463.2497	5.1039	6
177.6	24.1774	2463.5664	5.1073	6
177.65	24.1776	2463.562	5.1024	6
177.7	24.1776	2462.6327	5.0976	6
177.75	24.177	2461.8681	5.09	6
177.8	24.1769	2461.6842	5.1032	6
177.85	24.1769	2462.0157	5.1052	6
177.9	24.177	2461.8921	5.0918	6
177.95	24.177	2461.8909	5.1068	6
178	24.1767	2462.4791	5.1168	6
178.05	24.1768	2462.7785	5.1098	6
178.1	24.1771	2462.6069	5.0826	6
178.15	24.1772	2462.667	5.0699	6
178.2	24.1766	2463.2255	5.0882	6
178.25	24.1765	2461.6637	5.0791	6
178.3	24.1765	2460.8211	5.0601	6
178.35	24.1759	2461.7442	5.0684	6
178.4	24.1759	2461.9743	5.0958	6
178.45	24.1763	2461.4388	5.1012	6
178.5	24.1763	2461.6262	5.0808	6
178.55	24.1763	2461.9892	5.0815	6
178.6	24.1765	2461.8458	5.1005	6
178.65	24.177	2461.1303	5.111	6
178.7	24.1766	2461.978	5.1183	6
178.75	24.1766	2461.229	5.1022	6
178.8	24.1768	2459.2688	5.1033	6
178.85	24.1762	2459.6467	5.0911	6
178.9	24.1762	2459.94	5.0931	6
178.95	24.1767	2459.3026	5.0881	6
179	24.1764	2459.8313	5.0666	6
179.05	24.1761	2460.534	5.0756	6
179.1	24.1762	2460.3347	5.0707	6
179.15	24.1761	2460.663	5.0756	6
179.2	24.1759	2461.0898	5.067	6
179.25	24.1758	2461.2621	5.0591	6
179.3	24.1757	2460.4034	5.0567	6
179.35	24.1752	2459.6427	5.0473	6
179.4	24.175	2459.8632	5.043	6
179.45	24.1751	2459.8066	5.0376	6
179.5	24.1747	2460.4616	5.0548	6
179.55	24.1745	2460.9913	5.061	6
179.6	24.1749	2460.5335	5.0693	6
179.65	24.1748	2460.8863	5.075	6
179.7	24.1746	2461.3349	5.0766	6
179.75	24.1748	2461.1934	5.0785	6
179.8	24.1751	2461.0786	5.0661	6
179.85	24.1751	2461.2364	5.0627	6
179.9	24.1747	2461.4746	5.0661	6
179.95	24.1744	2460.2767	5.073	6
180	24.1743	2459.5712	5.0805	6
180.05	24.1741	2459.8476	5.0707	6
180.1	24.1741	2459.9249	5.075	6
180.15	24.1746	2459.4287	5.068	6
180.2	24.1746	2459.7619	5.0738	6
180.25	24.1749	2459.5053	5.0978	6
180.3	24.1748	2459.6595	5.0881	6
180.35	24.1745	2460.3056	5.0783	6
180.4	24.1749	2460.073	5.0999	6
180.45	24.1754	2459.6434	5.0963	6
180.5	24.1749	2460.3726	5.0789	6
180.55	24.1752	2459.6516	5.0825	6
180.6	24.1752	2457.852	5.0996	6
180.65	24.1743	2458.3479	5.1082	6
180.7	24.1743	2458.6313	5.103	6
180.75	24.1749	2457.9004	5.0973	6
180.8	24.1748	2458.3028	5.0937	6
180.85	24.1747	2458.5826	5.0796	6
180.9	24.1755	2457.7715	5.076	6
180.95	24.1758	2457.3489	5.0855	6
181	24.1753	2458.1936	5.0917	6
181.05	24.1756	2458.0427	5.087	6
181.1	24.1761	2457.4355	5.081	6
181.15	24.1756	2457.9531	5.0963	6
181.2	24.1752	2456.8515	5.1116	6
181.25	24.1755	2455.5547	5.1054	6
181.3	24.1758	2455.2122	5.092	6
181.35	24.1757	2455.5153	5.0915	6
181.4	24.1758	2455.4981	5.0869	6
181.45	24.1763	2454.9344	5.0719	6
181.5	24.1761	2455.4418	5.0708	6
181.55	24.1762	2455.442	5.077	6
181.6	24.1767	2454.9956	5.0873	6
181.65	24.1766	2455.4366	5.0776	6
181.7	24.1767	2455.0324	5.0769	6
181.75	24.1767	2453.6483	5.105	6
181.8	24.1763	2453.5584	5.1014	6
181.85	24.1765	2453.2222	5.1044	6
181.9	24.1764	2453.4573	5.1129	6
181.95	24.1762	2453.7239	5.0919	6
182	24.1764	2453.6462	5.0775	6
182.05	24.1767	2453.4988	5.0856	6
182.1	24.1765	2453.7896	5.0913	6
182.15	24.1765	2453.94	5.0772	6
182.2	24.1765	2454.0538	5.0578	6
182.25	24.1762	2453.9309	5.0643	6
182.3	24.1757	2453.0669	5.0867	6
182.35	24.176	2451.9647	5.1016	6
182.4	24.176	2452.2557	5.0948	6
182.45	24.1757	2452.9877	5.0733	6
182.5	24.1762	2452.3658	5.0779	6
182.55	24.1763	2452.3307	5.0879	6
182.6	24.1759	2453.2084	5.0889	6
182.65	24.1762	2453.1107	5.0937	6
182.7	24.1766	2452.6573	5.0828	6
182.75	24.1763	2453.2331	5.0815	6
182.8	24.1763	2452.6611	5.0798	6
182.85	24.1765	2450.8548	5.065	6
182.9	24.176	2451.0131	5.0724	6
182.95	24.1758	2451.5127	5.0759	6
183	24.1762	2451.0797	5.0646	6
183.05	24.1762	2451.1686	5.0633	6
183.1	24.1758	2451.9225	5.0592	6
183.15	24.1761	2451.6608	5.082	6
183.2	24.1764	2451.4233	5.0997	6
183.25	24.1763	2451.7011	5.0928	6
183.3	24.1763	2451.9817	5.0945	6
183.35	24.1763	2451.3698	5.09	6
183.4	24.1762	2449.7502	5.0913	6
183.45	24.1761	2449.339	5.093	6
183.5	24.176	2449.6242	5.0865	6
183.55	24.1765	2449.2394	5.089	6
183.6	24.1769	2448.8133	5.0682	6
183.65	24.1769	2448.9779	5.0615	6
183.7	24.1767	2449.513	5.0915	6
183.75	24.1773	2448.7879	5.0999	6
183.8	24.1774	2448.9984	5.0814	6
183.85	24.1767	2449.6922	5.0644	6
183.9	24.1767	2448.4526	5.0743	6
183.95	24.1765	2447.6294	5.0741	6
184	24.1758	2448.5781	5.0735	6
184.05	24.1759	2448.7008	5.0694	6
184.1	24.1763	2448.3509	5.0803	6
184.15	24.1758	2449.1374	5.0865	6
184.2	24.1759	2449.1889	5.0994	6
184.25	24.1759	2449.4398	5.0992	6
184.3	24.1758	2449.6019	5.0915	6
184.35	24.1756	2450.0336	5.0955	6
184.4	24.1754	2450.4017	5.087	6
184.45	24.1749	2449.9055	5.0739	6
184.5	24.1743	2449.1183	5.0618	6
184.55	24.1738	2449.6925	5.0683	6
184.6	24.1738	2449.9982	5.0889	6
184.65	24.1741	2449.9823	5.1043	6
184.7	24.1738	2450.4368	5.1224	6
184.75	24.1737	2450.7826	5.1184	6
184.8	24.1736	2450.8722	5.1103	6
184.85	24.1736	2451.1982	5.0989	6
184.9	24.1735	2451.6024	5.0915	6
184.95	24.1734	2451.7907	5.09	6
185	24.1736	2451.7798	5.0926	6
185.05	24.1735	2451.9402	5.096	6
185.1	24.1735	2452.1318	5.0813	6
185.15	24.1734	2451.9425	5.0878	6
185.2	24.1731	2450.9009	5.0825	6
185.25	24.1726	2451.0317	5.0741	6
185.3	24.1728	2450.834	5.0771	6
185.35	24.1726	2451.3067	5.0723	6
185.4	24.1724	2451.7586	5.0649	6
185.45	24.1725	2451.5779	5.0702	6
185.5	24.1721	2452.3838	5.0653	6
185.55	24.1719	2452.6916	5.071	6
185.6	24.1721	2452.4133	5.0622	6
185.65	24.1712	2453.6965	5.0597	6
185.7	24.1711	2454.2224	5.069	6
185.75	24.1716	2453.7793	5.0735	6
185.8	24.1709	2454.7491	5.072	6
185.85	24.1703	2455.7577	5.0647	6
185.9	24.1709	2455.1258	5.0679	6
185.95	24.171	2454.9896	5.0654	6
186	24.1702	2456.2699	5.0669	6
186.05	24.1705	2455.9358	5.0641	6
186.1	24.1713	2454.9651	5.056	6
186.15	24.1705	2455.5232	5.0669	6
186.2	24.1705	2454.0357	5.0767	6
186.25	24.1713	2452.5859	5.073	6
186.3	24.1711	2452.9523	5.0672	6
186.35	24.1705	2453.7779	5.0701	6
186.4	24.1716	2452.573	5.0667	6
186.45	24.1717	2452.3723	5.0657	6
186.5	24.1707	2453.9863	5.0653	6
186.55	24.1714	2453.1169	5.0743	6
186.6	24.1721	2452.3325	5.0826	6
186.65	24.1712	2453.7642	5.0689	6
186.7	24.1714	2453.876	5.0658	6
186.75	24.1721	2453.0578	5.0697	6
186.8	24.1719	2453.5721	5.082	6
186.85	24.1715	2454.2362	5.0939	6
186.9	24.172	2453.6741	5.0784	6
186.95	24.1721	2453.7216	5.0779	6
187	24.172	2453.9365	5.073	6
187.05	24.1722	2453.8823	5.0687	6
187.1	24.1724	2453.8424	5.0789	6
187.15	24.1725	2452.9651	5.0789	6
187.2	24.172	2452.0722	5.0779	6
187.25	24.1716	2452.1547	5.0737	6
187.3	24.172	2451.8378	5.0681	6
187.35	24.1721	2451.7425	5.0704	6
187.4	24.1717	2452.364	5.0713	6
187.45	24.1721	2451.9675	5.0649	6
187.5	24.1724	2451.4895	5.0625	6
187.55	24.172	2452.2063	5.0412	6
187.6	24.1721	2452.2534	5.0417	6
187.65	24.1724	2452.0513	5.0459	6
187.7	24.1726	2451.9679	5.0552	6
187.75	24.1723	2452.5928	5.0896	6
187.8	24.1722	2452.7034	5.095	6
187.85	24.1728	2452.0634	5.0881	6
187.9	24.1723	2452.8727	5.075	6
187.95	24.1723	2453.0017	5.0704	6
188	24.1728	2452.4462	5.0748	6
188.05	24.1725	2451.919	5.0681	6
188.1	24.1718	2451.5987	5.064	6
188.15	24.1719	2451.2506	5.0647	6
188.2	24.1718	2451.4603	5.0482	6
188.25	24.1715	2452.0459	5.0502	6
188.3	24.1715	2452.1488	5.0585	6
188.35	24.1721	2451.381	5.0763	6
188.4	24.1717	2452.0168	5.0672	6
188.45	24.1715	2452.5968	5.0599	6
188.5	24.1725	2451.1973	5.0541	6
188.55	24.1723	2451.6038	5.0423	6
188.6	24.1718	2452.7391	5.0445	6
188.65	24.1728	2451.4133	5.0498	6
188.7	24.173	2451.0704	5.041	6
188.75	24.1724	2452.1798	5.0436	6
188.8	24.1728	2451.8019	5.0634	6
188.85	24.1736	2450.7742	5.0569	6
188.9	24.1732	2451.2687	5.0434	6
188.95	24.1726	2450.8671	5.0441	6
189	24.1726	2449.4971	5.0411	6
189.05	24.1729	2449.0918	5.0454	6
189.1	24.1724	2449.9679	5.0511	6
189.15	24.1723	2450.3572	5.0586	6
189.2	24.1732	2449.2256	5.0639	6
189.25	24.1733	2449.149	5.0716	6
189.3	24.1725	2450.6759	5.0818	6
189.35	24.1733	2449.7123	5.0809	6
189.4	24.1739	2448.8552	5.083	6
189.45	24.1727	2450.6869	5.081	6
189.5	24.1728	2450.658	5.0911	6
189.55	24.1741	2448.8592	5.0904	6
189.6	24.1736	2449.8073	5.0814	6
189.65	24.1732	2450.7407	5.0888	6
189.7	24.1744	2448.6464	5.0771	6
189.75	24.1744	2446.847	5.0568	6
189.8	24.173	2448.1535	5.0644	6
189.85	24.1737	2447.3225	5.0772	6
189.9	24.1743	2446.424	5.0808	6
189.95	24.1732	2448.1251	5.0539	6
190	24.1736	2447.8538	5.0475	6
190.05	24.1746	2446.4948	5.0704	6
190.1	24.1739	2447.7146	5.0585	6
190.15	24.1739	2447.7614	5.0657	6
190.2	24.1748	2446.6391	5.0764	6
190.25	24.1743	2447.6161	5.0893	6
190.3	24.1742	2447.8345	5.0781	6
190.35	24.1751	2446.7344	5.0452	6
190.4	24.1743	2446.8461	5.0416	6
190.45	24.1741	2445.5467	5.0532	6
190.5	24.1746	2444.6091	5.053	6
190.55	24.1745	2445.0517	5.0683	6
190.6	24.1746	2445.108	5.0588	6
190.65	24.175	2444.6684	5.0645	6
190.7	24.1747	2445.2524	5.0704	6
190.75	24.1747	2445.2189	5.0551	6
190.8	24.1747	2445.3274	5.0549	6
190.85	24.1747	2445.7094	5.0514	6
190.9	24.1751	2445.3886	5.0624	6
190.95	24.1749	2445.8172	5.0629	6
191	24.1751	2445.4144	5.0607	6
191.05	24.175	2444.3832	5.0814	6
191.1	24.1741	2444.3837	5.0794	6
191.15	24.1742	2444.02	5.0819	6
191.2	24.1746	2443.5546	5.0879	6
191.25	24.1738	2444.7532	5.0733	6
191.3	24.1736	2445.1842	5.0599	6
191.35	24.1745	2443.9916	5.0683	6
191.4	24.1737	2445.1211	5.0754	6
191.45	24.1733	2446.092	5.0773	6
191.5	24.1744	2444.7162	5.0762	6
191.55	24.1741	2444.9751	5.0857	6
191.6	24.1728	2446.9418	5.0772	6
191.65	24.1734	2446.2985	5.0644	6
191.7	24.1738	2445.7544	5.0697	6
191.75	24.1721	2447.1309	5.074	6
191.8	24.1718	2446.0559	5.0825	6
191.85	24.1727	2444.5669	5.0875	6
191.9	24.1717	2446.2594	5.0774	6
191.95	24.1711	2447.264	5.0681	6
192	24.1725	2445.3942	5.0711	6
192.05	24.1719	2446.3581	5.0823	6
192.1	24.1704	2448.5551	5.086	6
192.15	24.1716	2447.261	5.0837	6
192.2	24.1717	2447.1215	5.1071	6
192.25	24.1705	2449.1947	5.1002	6
192.3	24.1705	2449.17	5.1031	6
192.35	24.1714	2448.048	5.1012	6
192.4	24.1703	2449.5293	5.0778	6
192.45	24.1699	2450.4128	5.0806	6
192.5	24.1707	2449.4901	5.0847	6
192.55	24.1704	2449.9404	5.0936	6
192.6	24.1693	2451.4585	5.0998	6
192.65	24.1698	2451.0163	5.091	6
192.7	24.1699	2450.8059	5.0938	6
192.75	24.1693	2452.2352	5.1034	6
192.8	24.1692	2452.4522	5.1001	6
192.85	24.1697	2451.9004	5.0838	6
192.9	24.1689	2453.0855	5.0736	6
192.95	24.1687	2452.6184	5.0801	6
193	24.1685	2451.0592	5.0904	6
193.05	24.168	2451.4028	5.0778	6
193.1	24.1679	2451.818	5.0653	6
193.15	24.1679	2451.7863	5.0832	6
193.2	24.1676	2452.3612	5.1127	6
193.25	24.1679	2452.2427	5.1049	6
193.3	24.1678	2452.5169	5.0952	6
193.35	24.167	2453.58	5.1176	6
193.4	24.1671	2453.5914	5.1199	6
193.45	24.1668	2454.0455	5.0924	6
193.5	24.1665	2454.6937	5.0796	6
193.55	24.1664	2454.8494	5.075	6
193.6	24.1667	2454.6711	5.0887	6
193.65	24.1664	2455.2918	5.0886	6
193.7	24.1662	2455.8774	5.0833	6
193.75	24.1664	2455.5505	5.0884	6
193.8	24.1662	2456.083	5.09	6
193.85	24.1657	2456.9042	5.089	6
193.9	24.1663	2456.2872	5.079	6
193.95	24.1662	2456.4124	5.0816	6
194	24.166	2457.055	5.0835	6
194.05	24.1661	2457.0283	5.0782	6
194.1	24.1669	2456.1305	5.08	6
194.15	24.1663	2457.0944	5.0894	6
194.2	24.1663	2457.2192	5.0894	6
194.25	24.1672	2456.0064	5.0789	6
194.3	24.167	2456.4718	5.0774	6
194.35	24.1663	2457.6525	5.0758	6
194.4	24.1673	2456.3521	5.0795	6
194.45	24.1677	2455.9686	5.0659	6
194.5	24.167	2457.2397	5.0728	6
194.55	24.1674	2456.6208	5.079	6
194.6	24.1681	2455.655	5.0722	6
194.65	24.1677	2456.6073	5.074	6
194.7	24.1677	2456.7347	5.0812	6
194.75	24.1689	2455.188	5.0901	6
194.8	24.1689	2455.3849	5.0832	6
194.85	24.1685	2456.1097	5.0748	6
194.9	24.1695	2454.7041	5.0548	6
194.95	24.1699	2454.2327	5.0653	6
195	24.1694	2455.2366	5.0905	6
195.05	24.1699	2454.7277	5.0862	6
195.1	24.1709	2453.4625	5.076	6
195.15	24.1705	2454.079	5.0735	6
195.2	24.1704	2454.5258	5.0833	6
195.25	24.1718	2452.6834	5.0935	6
195.3	24.1721	2452.3987	5.091	6
195.35	24.1714	2453.3665	5.0834	6
195.4	24.1724	2452.102	5.0934	6
195.45	24.1733	2451.0338	5.0937	6
195.5	24.1729	2451.2301	5.1008	6
195.55	24.1727	2450.1332	5.1038	6
195.6	24.1736	2448.3078	5.0961	6
195.65	24.1737	2448.2375	5.0839	6
195.7	24.1734	2448.75	5.0763	6
195.75	24.1742	2447.9015	5.0826	6
195.8	24.1751	2446.8578	5.0863	6
195.85	24.1747	2447.3963	5.0778	6
195.9	24.1746	2447.7248	5.0808	6
195.95	24.1754	2446.5909	5.0903	6
196	24.1754	2446.569	5.0958	6
196.05	24.1749	2447.4773	5.0835	6
196.1	24.1753	2447.2282	5.0694	6
196.15	24.1757	2446.1714	5.0704	6
196.2	24.1752	2445.2328	5.0673	6
196.25	24.1747	2445.1721	5.0678	6
196.3	24.1758	2443.7392	5.0819	6
196.35	24.1758	2444.1658	5.0746	6
196.4	24.1754	2444.8773	5.0739	6
196.45	24.176	2444.04	5.0692	6
196.5	24.1764	2443.8221	5.0637	6
196.55	24.1759	2444.8016	5.0857	6
196.6	24.1764	2444.2393	5.0755	6
196.65	24.1767	2444.0114	5.0738	6
196.7	24.1761	2444.84	5.0716	6
196.75	24.176	2443.6405	5.0626	6
196.8	24.1757	2442.9872	5.0557	6
196.85	24.1752	2443.6021	5.0586	6
196.9	24.1751	2443.831	5.0646	6
196.95	24.175	2443.9076	5.0772	6
197	24.175	2443.9893	5.0817	6
197.05	24.1749	2444.2324	5.0944	6
197.1	24.1751	2444.2652	5.0969	6
197.15	24.1749	2444.6927	5.0818	6
197.2	24.1745	2445.4065	5.0802	6
197.25	24.1742	2445.8889	5.0764	6
197.3	24.174	2446.2796	5.0919	6
197.35	24.1738	2446.3048	5.1124	6
197.4	24.1736	2444.6966	5.1088	6
197.45	24.1734	2444.4077	5.0996	6
197.5	24.1732	2445.0424	5.0864	6
197.55	24.1738	2444.1702	5.0914	6
197.6	24.1736	2444.3388	5.0783	6
197.65	24.173	2445.3625	5.0734	6
197.7	24.1737	2444.5765	5.0773	6
197.75	24.1736	2444.746	5.0691	6
197.8	24.1735	2445.0801	5.0733	6
197.85	24.174	2444.5988	5.0787	6
197.9	24.1742	2444.3371	5.0931	6
197.95	24.1741	2444.5679	5.0963	6
198	24.1744	2444.5627	5.0876	6
198.05	24.1745	2444.0775	5.0823	6
198.1	24.1738	2443.6219	5.0845	6
198.15	24.1732	2443.3637	5.0928	6
198.2	24.1739	2442.3685	5.0903	6
198.25	24.1736	2443.067	5.071	6
198.3	24.1735	2443.3907	5.0495	6
198.35	24.1738	2442.9131	5.0583	6
198.4	24.1737	2443.3085	5.0785	6
198.45	24.1735	2443.6754	5.0758	6
198.5	24.1735	2443.6859	5.0698	6
198.55	24.1735	2443.7686	5.0665	6
198.6	24.1737	2443.6941	5.0721	6
198.65	24.1736	2444.0265	5.0636	6
198.7	24.1735	2444.37	5.0628	6
198.75	24.1737	2444.2356	5.0664	6
198.8	24.1734	2443.9332	5.0804	6
198.85	24.1727	2443.2167	5.087	6
198.9	24.1724	2442.9122	5.0775	6
198.95	24.1727	2442.7811	5.0783	6
199	24.1728	2442.9034	5.0833	6
199.05	24.1725	2443.2454	5.0949	6
199.1	24.1727	2443.0552	5.0986	6
199.15	24.173	2442.8302	5.0827	6
199.2	24.1728	2443.1453	5.0684	6
199.25	24.1729	2443.0084	5.0698	6
199.3	24.1727	2443.4656	5.0806	6
199.35	24.1726	2443.6957	5.0985	6
199.4	24.1729	2443.6163	5.0865	6
199.45	24.1723	2444.6372	5.0658	6
199.5	24.1725	2444.6014	5.0704	6
199.55	24.1727	2444.5069	5.0763	6
199.6	24.1721	2445.2775	5.0784	6
199.65	24.172	2444.7735	5.0772	6
199.7	24.1719	2443.1937	5.0747	6
199.75	24.1714	2443.4181	5.0745	6
199.8	24.1716	2443.3371	5.0825	6
199.85	24.172	2443.0137	5.1023	6
199.9	24.1718	2443.4072	5.0913	6
199.95	24.1713	2444.1641	5.0931	6
200	24.1715	2444	5.1043	6
200.05	24.1715	2444.047	5.088	6
200.1	24.171	2444.9416	5.0754	6
200.15	24.1713	2444.6158	5.0831	6
200.2	24.1716	2444.349	5.103	6
200.25	24.1712	2445.1551	5.1041	6
200.3	24.1713	2444.969	5.0909	6
200.35	24.1714	2444.8277	5.0941	6
200.4	24.1714	2445.2203	5.1082	6
200.45	24.1717	2444.9453	5.101	6
200.5	24.1719	2444.5772	5.0816	6
200.55	24.1716	2445.176	5.079	6
200.6	24.172	2444.7131	5.0813	6
200.65	24.1719	2443.7513	5.091	6
200.7	24.1709	2443.6542	5.0903	6
200.75	24.1708	2443.3355	5.0979	6
200.8	24.1711	2442.9725	5.1059	6
200.85	24.1702	2444.1895	5.1097	6
200.9	24.1703	2444.2431	5.1165	6
200.95	24.1711	2443.0596	5.112	6
201	24.1705	2444.0165	5.0995	6
201.05	24.1706	2444.217	5.0913	6
201.1	24.171	2443.498	5.0884	6
201.15	24.1709	2443.8941	5.0871	6
201.2	24.1704	2444.8957	5.0812	6
201.25	24.1707	2444.6235	5.1063	6
201.3	24.171	2444.4088	5.1207	6
201.35	24.1706	2445.0193	5.1123	6
201.4	24.1705	2445.2503	5.0983	6
201.45	24.1713	2444.2442	5.0733	6
201.5	24.1713	2444.19	5.0754	6
201.55	24.171	2444.7904	5.069	6
201.6	24.1715	2444.2717	5.0731	6
201.65	24.1718	2443.7662	5.0746	6
201.7	24.1712	2444.5385	5.0775	6
201.75	24.1713	2444.4747	5.0785	6
201.8	24.1715	2442.8659	5.0767	6
201.85	24.1711	2442.4817	5.0818	6
201.9	24.1706	2443.3327	5.0874	6
201.95	24.1712	2442.6307	5.0919	6
202	24.1713	2442.532	5.1019	6
202.05	24.1705	2443.8002	5.0937	6
202.1	24.1712	2443.006	5.0878	6
202.15	24.1716	2442.807	5.0946	6
202.2	24.1713	2443.4542	5.082	6
202.25	24.1714	2443.3571	5.0788	6
202.3	24.1713	2443.4857	5.0912	6
202.35	24.1714	2443.4249	5.0936	6
202.4	24.1714	2443.7076	5.0838	6
202.45	24.1714	2443.7588	5.0715	6
202.5	24.1713	2444.0633	5.0807	6
202.55	24.1718	2443.467	5.0798	6
202.6	24.1719	2443.4056	5.0812	6
202.65	24.1716	2443.9711	5.0879	6
202.7	24.1723	2443.1266	5.0735	6
202.75	24.1727	2442.7476	5.0694	6
202.8	24.1715	2443.4174	5.0708	6
202.85	24.1715	2441.7273	5.0743	6
202.9	24.1713	2441.651	5.0751	6
202.95	24.1702	2443.2894	5.0915	6
203	24.1701	2443.539	5.0962	6
203.05	24.1705	2443.0356	5.0939	6
203.1	24.1699	2444.0012	5.1029	6
203.15	24.1695	2444.64	5.1043	6
203.2	24.1703	2443.6214	5.0998	6
203.25	24.1701	2443.8857	5.0857	6
203.3	24.1694	2445.2228	5.0885	6
203.35	24.1695	2445.4014	5.0858	6
203.4	24.1698	2444.8847	5.0902	6
203.45	24.1689	2446.2461	5.0918	6
203.5	24.168	2447.5495	5.0912	6
203.55	24.1691	2446.0133	5.0949	6
203.6	24.1687	2446.8405	5.0948	6
203.65	24.168	2448.1134	5.0857	6
203.7	24.1687	2446.9919	5.0805	6
203.75	24.1686	2447.2771	5.0837	6
203.8	24.1678	2448.6061	5.0809	6
203.85	24.1682	2448.116	5.0758	6
203.9	24.1682	2448.1879	5.0756	6
203.95	24.1675	2449.2657	5.0777	6
204	24.1673	2449.7092	5.0754	6
204.05	24.1678	2449.1053	5.0684	6
204.1	24.1673	2449.9381	5.0613	6
204.15	24.1667	2450.8257	5.0716	6
204.2	24.1673	2449.9579	5.0952	6
204.25	24.1668	2450.8806	5.0839	6
204.3	24.1664	2451.757	5.076	6
204.35	24.1672	2450.8347	5.082	6
204.4	24.167	2451.1835	5.0751	6
204.45	24.1665	2451.7896	5.0989	6
204.5	24.1666	2451.6683	5.1121	6
204.55	24.1669	2451.4613	5.1163	6
204.6	24.1667	2451.8617	5.0952	6
204.65	24.1669	2451.7917	5.0989	6
204.7	24.1671	2451.7439	5.1063	6
204.75	24.167	2451.8587	5.0837	6
204.8	24.1672	2451.6704	5.0828	6
204.85	24.1672	2451.852	5.0981	6
204.9	24.1672	2452.0129	5.0892	6
204.95	24.1673	2451.8455	5.0906	6
205	24.1668	2452.7535	5.1072	6
205.05	24.1672	2452.4422	5.1017	6
205.1	24.1672	2452.4201	5.0985	6
205.15	24.1668	2453.0778	5.0896	6
205.2	24.1667	2453.163	5.0848	6
205.25	24.1671	2452.8019	5.0768	6
205.3	24.167	2453.0867	5.0772	6
205.35	24.1668	2453.5894	5.0829	6
205.4	24.1672	2453.0287	5.0991	6
205.45	24.167	2453.3507	5.1076	6
205.5	24.1669	2453.6219	5.0979	6
205.55	24.1669	2452.4697	5.0893	6
205.6	24.1664	2452.0336	5.0797	6
205.65	24.166	2452.1002	5.077	6
205.7	24.1662	2451.851	5.0768	6
205.75	24.1663	2451.8087	5.0741	6
205.8	24.1659	2452.6722	5.0922	6
205.85	24.1663	2452.1721	5.0994	6
205.9	24.1667	2451.4776	5.0885	6
205.95	24.1661	2452.5742	5.0923	6
206	24.1663	2452.5623	5.0995	6
206.05	24.1671	2451.4657	5.111	6
206.1	24.167	2451.6885	5.1286	6
206.15	24.1662	2452.9849	5.143	6
206.2	24.1671	2451.9062	5.14	6
206.25	24.1673	2451.5567	5.1171	6
206.3	24.1664	2453.1235	5.1105	6
206.35	24.1668	2452.5947	5.1246	6
206.4	24.1672	2452.0562	5.1321	6
206.45	24.1665	2453.3428	5.127	6
206.5	24.167	2452.9779	5.1193	6
206.55	24.1673	2452.6485	5.1048	6
206.6	24.1673	2452.9006	5.0976	6
206.65	24.167	2453.1884	5.1012	6
206.7	24.1671	2453.1691	5.0939	6
206.75	24.1673	2452.8804	5.0989	6
206.8	24.1673	2453.0788	5.1141	6
206.85	24.1671	2453.5731	5.1243	6
206.9	24.1675	2453.0501	5.1103	6
206.95	24.168	2452.5786	5.0911	6
207	24.1678	2453.1935	5.0876	6
207.05	24.1677	2453.3204	5.078	6
207.1	24.1683	2452.4098	5.0977	6
207.15	24.1681	2452.6585	5.1055	6
207.2	24.1677	2453.4541	5.0972	6
207.25	24.1683	2452.6862	5.0996	6
207.3	24.1688	2452.1018	5.096	6
207.35	24.1679	2453.7684	5.0987	6
207.4	24.1685	2453.0559	5.0966	6
207.45	24.1695	2451.6976	5.1033	6
207.5	24.1688	2452.7961	5.1175	6
207.55	24.1684	2453.4788	5.1221	6
207.6	24.17	2451.3523	5.1288	6
207.65	24.1699	2451.6108	5.1416	6
207.7	24.1687	2453.6213	5.1264	6
207.75	24.1699	2451.963	5.1097	6
207.8	24.1705	2451.1521	5.1135	6
207.85	24.1693	2452.9225	5.1106	6
207.9	24.1696	2452.6725	5.103	6
207.95	24.1705	2451.6229	5.1177	6
208	24.1705	2451.8678	5.1319	6
208.05	24.1698	2453.0117	5.1272	6
208.1	24.1706	2452.018	5.1201	6
208.15	24.1708	2451.8375	5.1091	6
208.2	24.1702	2452.7444	5.1038	6
208.25	24.1705	2452.2331	5.1054	6
208.3	24.1706	2450.4764	5.1126	6
208.35	24.1698	2450.1591	5.1041	6
208.4	24.1695	2450.6864	5.1196	6
208.45	24.1703	2449.8017	5.1216	6
208.5	24.1703	2450.0724	5.1216	6
208.55	24.1693	2451.7106	5.1378	6
208.6	24.1702	2450.4669	5.1325	6
208.65	24.1704	2450.2417	5.1235	6
208.7	24.1689	2452.3703	5.1074	6
208.75	24.1696	2451.556	5.098	6
208.8	24.1703	2450.5821	5.1005	6
208.85	24.1691	2452.6655	5.1119	6
208.9	24.1692	2452.7435	5.1198	6
208.95	24.17	2451.6671	5.1209	6
209	24.1694	2452.6455	5.1201	6
209.05	24.1688	2453.5852	5.1243	6
209.1	24.1697	2452.3223	5.1125	6
209.15	24.1695	2452.754	5.112	6
209.2	24.1688	2453.8781	5.1199	6
209.25	24.1694	2453.0385	5.1114	6
209.3	24.1697	2452.6753	5.1078	6
209.35	24.169	2453.8548	5.0979	6
209.4	24.1693	2453.5402	5.0952	6
209.45	24.1699	2452.7498	5.1045	6
209.5	24.1697	2453.0776	5.109	6
209.55	24.1695	2453.4965	5.1042	6
209.6	24.1696	2453.3037	5.0793	6
209.65	24.1697	2453.3053	5.0777	6
209.7	24.1697	2453.4648	5.0739	6
209.75	24.1697	2453.5442	5.0783	6
209.8	24.1699	2452.5649	5.0801	6
209.85	24.1699	2451.0489	5.0822	6
209.9	24.1697	2450.8834	5.0909	6
209.95	24.1702	2450.2056	5.0916	6
210	24.1706	2449.9779	5.0927	6
210.05	24.1706	2450.2096	5.1119	6
210.1	24.1712	2449.5982	5.123	6
210.15	24.1722	2448.3074	5.1329	6
210.2	24.172	2448.7502	5.1258	6
210.25	24.172	2449.0727	5.1044	6
210.3	24.1732	2447.3281	5.0953	6
210.35	24.1738	2446.6964	5.0833	6
210.4	24.1733	2447.5637	5.0889	6
210.45	24.1742	2446.4715	5.0906	6
210.5	24.1752	2445.2955	5.0883	6
210.55	24.1748	2445.9343	5.1026	6
210.6	24.1746	2446.1781	5.1129	6
210.65	24.1758	2444.1052	5.1036	6
210.7	24.1755	2442.7669	5.0901	6
210.75	24.1745	2443.3939	5.0977	6
210.8	24.1754	2442.0547	5.104	6
210.85	24.1756	2441.772	5.1011	6
210.9	24.1748	2442.9499	5.1138	6
210.95	24.1755	2441.9583	5.1147	6
211	24.1761	2441.346	5.0954	6
211.05	24.1755	2442.4081	5.1015	6
211.1	24.1759	2441.9529	5.1055	6
211.15	24.1765	2441.2533	5.0963	6
211.2	24.1759	2442.2046	5.0979	6
211.25	24.1757	2441.4859	5.0798	6
211.3	24.1759	2439.8263	5.0837	6
211.35	24.1756	2439.9797	5.1035	6
211.4	24.1751	2440.7883	5.1005	6
211.45	24.1754	2440.3881	5.1133	6
211.5	24.1755	2440.2672	5.1101	6
211.55	24.1749	2441.2808	5.0881	6
211.6	24.1753	2440.8568	5.0794	6
211.65	24.1758	2440.2768	5.0779	6
211.7	24.1749	2441.7949	5.0859	6
211.75	24.1751	2441.4789	5.0961	6
211.8	24.1758	2440.427	5.1113	6
211.85	24.175	2440.3108	5.114	6
211.9	24.1745	2439.6908	5.1236	6
211.95	24.1752	2438.4551	5.1349	6
212	24.1748	2439.1399	5.1249	6
212.05	24.1741	2440.2372	5.1065	6
212.1	24.1746	2439.5844	5.1053	6
212.15	24.1748	2439.1704	5.1097	6
212.2	24.174	2440.5336	5.107	6
212.25	24.1743	2440.1227	5.1083	6
212.3	24.175	2439.3241	5.1151	6
212.35	24.1745	2440.3948	5.1214	6
212.4	24.1742	2440.817	5.0927	6
212.45	24.1747	2440.0177	5.0869	6
212.5	24.1741	2439.8801	5.0999	6
212.55	24.1734	2439.592	5.1171	6
212.6	24.1736	2439.1271	5.1231	6
212.65	24.1735	2439.2488	5.1193	6
212.7	24.173	2439.8763	5.1171	6
212.75	24.1733	2439.6749	5.1179	6
212.8	24.173	2440.2598	5.1133	6
212.85	24.1727	2440.8186	5.1088	6
212.9	24.1729	2440.5734	5.114	6
212.95	24.1725	2441.3124	5.1244	6
213	24.1721	2441.9532	5.1206	6
213.05	24.1723	2441.664	5.1159	6
213.1	24.1719	2442.3171	5.1175	6
213.15	24.1715	2442.9404	5.1115	6
213.2	24.1717	2442.799	5.1047	6
213.25	24.1717	2442.8517	5.1021	6
213.3	24.1714	2443.3374	5.1049	6
213.35	24.1713	2442.4049	5.1076	6
213.4	24.1713	2440.8551	5.0797	6
213.45	24.1708	2441.4212	5.095	6
213.5	24.1709	2441.5134	5.1367	6
213.55	24.1712	2441.1869	5.1299	6
213.6	24.1704	2442.2405	5.1272	6
213.65	24.17	2442.7886	5.1089	6
213.7	24.1707	2441.9725	5.1041	6
213.75	24.17	2443.0389	5.1066	6
213.8	24.1694	2444.0121	5.0763	6
213.85	24.1703	2442.8254	5.0911	6
213.9	24.1701	2443.2396	5.1	6
213.95	24.169	2444.7406	5.0901	6
214	24.1694	2444.2023	5.0953	6
214.05	24.1697	2443.8787	5.0863	6
214.1	24.1691	2444.9702	5.0957	6
214.15	24.169	2445.21	5.0932	6
214.2	24.1696	2444.5634	5.0697	6
214.25	24.1695	2444.9832	5.0752	6
214.3	24.1691	2445.603	5.0854	6
214.35	24.1694	2445.2063	5.0914	6
214.4	24.1698	2444.8086	5.0957	6
214.45	24.1694	2445.454	5.0955	6
214.5	24.1696	2445.2382	5.1006	6
214.55	24.1702	2444.5783	5.0889	6
214.6	24.1698	2445.2172	5.0972	6
214.65	24.17	2445.0191	5.1032	6
214.7	24.1704	2444.362	5.1009	6
214.75	24.1697	2444.2221	5.1093	6
214.8	24.1693	2443.4882	5.0982	6
214.85	24.1697	2442.7795	5.0946	6
214.9	24.1694	2443.1229	5.0924	6
214.95	24.1688	2444.0589	5.0808	6
215	24.1694	2443.2812	5.0785	6
215.05	24.1694	2443.6121	5.0716	6
215.1	24.1688	2444.5423	5.0721	6
215.15	24.1691	2444.0649	5.0744	6
215.2	24.169	2444.2019	5.0728	6
215.25	24.1688	2444.7942	5.0813	6
215.3	24.1689	2444.6431	5.0777	6
215.35	24.1693	2444.3115	5.0732	6
215.4	24.1691	2444.6838	5.0672	6
215.45	24.1692	2444.4191	5.0446	6
215.5	24.1695	2444.1376	5.057	6
215.55	24.1688	2445.2694	5.0677	6
215.6	24.1693	2444.6079	5.0559	6
215.65	24.1697	2443.9842	5.0668	6
215.7	24.1687	2445.4764	5.0603	6
215.75	24.1697	2444.3762	5.0537	6
215.8	24.1707	2442.9781	5.0665	6
215.85	24.1691	2445.275	5.0673	6
215.9	24.1695	2444.922	5.0797	6
215.95	24.1711	2442.7925	5.0951	6
216	24.1696	2445.19	5.0964	6
216.05	24.1697	2445.3651	5.099	6
216.1	24.1715	2442.9539	5.0701	6
216.15	24.1706	2444.1334	5.08	6
216.2	24.1703	2444.8435	5.092	6
216.25	24.1714	2443.3043	5.0964	6
216.3	24.1708	2442.5469	5.0978	6
216.35	24.1693	2443.349	5.0712	6
216.4	24.1698	2442.5439	5.0669	6
216.45	24.1704	2441.7201	5.0593	6
216.5	24.1695	2443.0638	5.0649	6
216.55	24.1697	2442.9055	5.068	6
216.6	24.1712	2440.9306	5.0648	6
216.65	24.1703	2442.2759	5.0818	6
216.7	24.1696	2443.2966	5.0714	6
216.75	24.1712	2441.04	5.0548	6
216.8	24.1708	2441.8484	5.0838	6
216.85	24.1703	2442.8817	5.088	6
216.9	24.171	2441.8971	5.0677	6
216.95	24.1712	2441.7159	5.0655	6
217	24.1713	2441.5895	5.0589	6
217.05	24.1709	2442.3946	5.0626	6
217.1	24.1715	2441.9387	5.0619	6
217.15	24.1719	2441.2938	5.0628	6
217.2	24.1713	2442.2885	5.0512	6
217.25	24.1715	2442.1727	5.0667	6
217.3	24.1723	2441.0549	5.0735	6
217.35	24.172	2441.5704	5.0532	6
217.4	24.1719	2441.4815	5.0551	6
217.45	24.1724	2439.1674	5.0706	6
217.5	24.1719	2439.0563	5.0847	6
217.55	24.1716	2439.5834	5.0718	6
217.6	24.1724	2438.1951	5.0495	6
217.65	24.1727	2437.8796	5.0485	6
217.7	24.1718	2439.257	5.0637	6
217.75	24.1728	2438.1224	5.0686	6
217.8	24.1736	2437.0209	5.0694	6
217.85	24.1723	2439.1357	5.067	6
217.9	24.1726	2438.975	5.0706	6
217.95	24.1738	2437.1692	5.0773	6
218	24.1729	2438.4277	5.075	6
218.05	24.1724	2439.3224	5.0741	6
218.1	24.1739	2437.1799	5.07	6
218.15	24.1739	2437.3655	5.0686	6
218.2	24.1729	2439.0663	5.0799	6
218.25	24.1734	2437.1727	5.0744	6
218.3	24.1735	2435.3573	5.0879	6
218.35	24.1724	2436.653	5.0838	6
218.4	24.1722	2437.0214	5.0779	6
218.45	24.1731	2435.6872	5.0875	6
218.5	24.1726	2436.5559	5.0894	6
218.55	24.1717	2437.9382	5.0952	6
218.6	24.1727	2436.6081	5.0894	6
218.65	24.1725	2437.0337	5.074	6
218.7	24.1717	2438.382	5.0803	6
218.75	24.1723	2437.5038	5.081	6
218.8	24.1729	2436.8162	5.0696	6
218.85	24.1721	2438.0721	5.0762	6
218.9	24.1721	2438.3192	5.0974	6
218.95	24.1727	2437.4512	5.0967	6
219	24.1721	2438.1492	5.0737	6
219.05	24.1717	2438.6637	5.0758	6
219.1	24.1719	2437.9261	5.074	6
219.15	24.1714	2436.9415	5.0703	6
219.2	24.1709	2436.9659	5.0747	6
219.25	24.1709	2437.2325	5.0795	6
219.3	24.1709	2437.2414	5.0712	6
219.35	24.1709	2437.2249	5.0718	6
219.4	24.1702	2438.3215	5.074	6
219.45	24.1706	2437.9143	5.0735	6
219.5	24.1711	2437.2609	5.0769	6
219.55	24.1706	2438.0628	5.0787	6
219.6	24.1706	2438.1017	5.0672	6
219.65	24.1709	2437.6679	5.055	6
219.7	24.1707	2438.0954	5.0613	6
219.75	24.1703	2438.7979	5.0754	6
219.8	24.1701	2439.2696	5.0718	6
219.85	24.1703	2438.7753	5.0538	6
219.9	24.1697	2439.4072	5.0406	6
219.95	24.1695	2439.7117	5.0478	6
220	24.1704	2438.6621	5.0532	6
220.05	24.1701	2439.1858	5.051	6
220.1	24.1699	2439.6572	5.0547	6
220.15	24.1711	2438.2239	5.0583	6
220.2	24.1706	2439.1012	5.0688	6
220.25	24.1703	2439.5695	5.0759	6
220.3	24.1712	2438.0207	5.0595	6
220.35	24.1708	2436.7897	5.0615	6
220.4	24.17	2436.7909	5.0694	6
220.45	24.1704	2436.1326	5.0599	6
220.5	24.1712	2435.3575	5.0594	6
220.55	24.1705	2436.3215	5.0479	6
220.6	24.1705	2436.5548	5.0493	6
220.65	24.1714	2435.4074	5.0545	6
220.7	24.1708	2436.2027	5.0692	6
220.75	24.1704	2436.9848	5.0881	6
220.8	24.1711	2436.1981	5.0814	6
220.85	24.1714	2435.8502	5.0747	6
220.9	24.1704	2437.2931	5.0814	6
220.95	24.1709	2436.6665	5.0629	6
221	24.172	2435.1976	5.064	6
221.05	24.1711	2436.6926	5.0784	6
221.1	24.1713	2436.433	5.0927	6
221.15	24.1724	2434.8728	5.0937	6
221.2	24.172	2435.5832	5.0835	6
221.25	24.1717	2436.3033	5.079	6
221.3	24.1724	2435.3766	5.0745	6
221.35	24.1726	2434.8244	5.0575	6
221.4	24.1712	2435.5233	5.0709	6
221.45	24.1713	2434.1133	5.0509	6
221.5	24.1717	2433.3568	5.0586	6
221.55	24.1711	2434.385	5.0765	6
221.6	24.1708	2434.8141	5.0751	6
221.65	24.1714	2433.9941	5.0684	6
221.7	24.1714	2434.0672	5.0615	6
221.75	24.1711	2434.7853	5.07	6
221.8	24.1716	2434.2549	5.0814	6
221.85	24.1718	2434.2248	5.0903	6
221.9	24.1718	2434.2793	5.0782	6
221.95	24.172	2434.0907	5.0662	6
222	24.1723	2433.9131	5.0745	6
222.05	24.1729	2433.1971	5.0802	6
222.1	24.1725	2433.6479	5.0831	6
222.15	24.1728	2433.4451	5.069	6
222.2	24.1735	2432.4169	5.057	6
222.25	24.1732	2432.9419	5.0663	6
222.3	24.173	2433.0043	5.076	6
222.35	24.1735	2430.6842	5.0803	6
222.4	24.1732	2430.1289	5.0849	6
222.45	24.1727	2431.0169	5.0973	6
222.5	24.1731	2430.6323	5.1012	6
222.55	24.1739	2429.6835	5.0899	6
222.6	24.1732	2430.774	5.0924	6
222.65	24.1729	2431.2469	5.0999	6
222.7	24.1738	2430.0411	5.1044	6
222.75	24.1732	2431.0665	5.0942	6
222.8	24.1728	2431.7966	5.098	6
222.85	24.1735	2430.7934	5.096	6
222.9	24.173	2431.5538	5.0897	6
222.95	24.1725	2432.2907	5.0809	6
223	24.1733	2431.2115	5.0739	6
223.05	24.1732	2431.1505	5.0753	6
223.1	24.1723	2431.4784	5.0741	6
223.15	24.1725	2429.7361	5.0695	6
223.2	24.1724	2429.4287	5.0792	6
223.25	24.1718	2430.2937	5.0623	6
223.3	24.1721	2430.0814	5.0716	6
223.35	24.1726	2429.6532	5.0758	6
223.4	24.1722	2430.4015	5.0777	6
223.45	24.1719	2430.7638	5.0869	6
223.5	24.1727	2429.7959	5.0911	6
223.55	24.1721	2430.8809	5.0846	6
223.6	24.1714	2431.7692	5.1	6
223.65	24.1722	2430.8185	5.1053	6
223.7	24.1719	2431.3277	5.1116	6
223.75	24.1712	2432.4835	5.1127	6
223.8	24.1716	2432.1345	5.1058	6
223.85	24.1718	2431.768	5.0907	6
223.9	24.1707	2433.4977	5.0982	6
223.95	24.1709	2433.2262	5.0998	6
224	24.1713	2432.5568	5.1103	6
224.05	24.17	2433.3692	5.1099	6
224.1	24.1692	2432.7128	5.093	6
224.15	24.1695	2432.0255	5.1015	6
224.2	24.169	2432.7342	5.1148	6
224.25	24.1684	2433.6472	5.1099	6
224.3	24.1687	2433.2728	5.1098	6
224.35	24.1689	2433.121	5.0999	6
224.4	24.1685	2434.0085	5.0796	6
224.45	24.1688	2433.5932	5.0904	6
224.5	24.1691	2433.2115	5.0834	6
224.55	24.1686	2434.0164	5.0782	6
224.6	24.1689	2433.6206	5.0746	6
224.65	24.1689	2433.579	5.0566	6
224.7	24.1689	2433.6998	5.045	6
224.75	24.169	2433.6653	5.0704	6
224.8	24.1689	2433.8907	5.075	6
224.85	24.169	2433.8889	5.0861	6
224.9	24.1688	2434.2774	5.101	6
224.95	24.1688	2434.4188	5.0953	6
225	24.169	2434.2949	5.0757	6
225.05	24.1687	2434.6884	5.0766	6
225.1	24.169	2434.49	5.0816	6
225.15	24.1687	2434.9655	5.0833	6
225.2	24.1684	2435.4411	5.0817	6
225.25	24.1684	2435.6258	5.103	6
225.3	24.1682	2436.0474	5.1012	6
225.35	24.168	2436.274	5.0923	6
225.4	24.1679	2436.5448	5.0902	6
225.45	24.1679	2436.64	5.0943	6
225.5	24.1682	2436.4479	5.0883	6
225.55	24.1677	2437.1385	5.0792	6
225.6	24.1676	2437.2554	5.0579	6
225.65	24.1673	2437.6556	5.0637	6
225.7	24.1672	2437.9678	5.0938	6
225.75	24.1673	2438.0812	5.0922	6
225.8	24.1669	2438.6584	5.0861	6
225.85	24.1669	2438.7387	5.1093	6
225.9	24.1669	2438.6381	5.0942	6
225.95	24.1665	2439.3201	5.0744	6
226	24.1664	2439.5939	5.0801	6
226.05	24.1667	2439.4239	5.0782	6
226.1	24.1669	2439.1941	5.0821	6
226.15	24.1664	2439.9792	5.0703	6
226.2	24.1665	2439.9369	5.0579	6
226.25	24.1669	2439.4223	5.0667	6
226.3	24.1668	2439.7795	5.0811	6
226.35	24.1664	2440.2796	5.0876	6
226.4	24.1665	2440.0447	5.0695	6
226.45	24.1671	2439.3529	5.0664	6
226.5	24.1666	2440.3806	5.073	6
226.55	24.1665	2440.6598	5.0874	6
226.6	24.167	2439.9129	5.094	6
226.65	24.1662	2441.1527	5.0816	6
226.7	24.1662	2441.335	5.0903	6
226.75	24.1668	2440.4491	5.0955	6
226.8	24.1666	2441.0824	5.0811	6
226.85	24.1665	2441.3641	5.0875	6
226.9	24.167	2440.7003	5.1071	6
226.95	24.1667	2441.2151	5.1026	6
227	24.1665	2441.4857	5.1012	6
227.05	24.1666	2441.2531	5.0942	6
227.1	24.1671	2440.7564	5.0998	6
227.15	24.1668	2441.1534	5.0832	6
227.2	24.1668	2441.284	5.0856	6
227.25	24.1672	2440.7641	5.0889	6
227.3	24.1671	2441.0363	5.056	6
227.35	24.1668	2440.6777	5.037	6
227.4	24.1668	2439.739	5.0696	6
227.45	24.1668	2439.054	5.0862	6
227.5	24.1667	2438.9264	5.0867	6
227.55	24.1667	2439.2826	5.0952	6
227.6	24.1669	2438.9164	5.0963	6
227.65	24.1671	2438.5494	5.0881	6
227.7	24.1666	2439.314	5.0735	6
227.75	24.1671	2438.8426	5.086	6
227.8	24.1674	2438.5206	5.1018	6
227.85	24.1672	2438.8575	5.0988	6
227.9	24.1673	2438.7739	5.0977	6
227.95	24.1675	2438.6142	5.0937	6
228	24.1674	2438.7126	5.0752	6
228.05	24.1674	2439.0132	5.0676	6
228.1	24.1675	2438.7625	5.0786	6
228.15	24.1676	2438.7171	5.0886	6
228.2	24.1672	2439.3818	5.0746	6
228.25	24.1676	2439.0926	5.0739	6
228.3	24.1677	2439.1571	5.0827	6
228.35	24.1674	2439.5837	5.079	6
228.4	24.1676	2439.3878	5.0804	6
228.45	24.168	2438.9532	5.0896	6
228.5	24.1679	2439.1352	5.0932	6
228.55	24.1679	2439.1343	5.0762	6
228.6	24.1685	2438.538	5.0656	6
228.65	24.1685	2438.8165	5.0737	6
228.7	24.1683	2439.1085	5.088	6
228.75	24.1689	2438.2491	5.0881	6
228.8	24.1688	2438.3224	5.0666	6
228.85	24.169	2438.2705	5.0758	6
228.9	24.1695	2437.8083	5.0905	6
228.95	24.1698	2437.4567	5.0904	6
229	24.1702	2436.8432	5.0783	6
229.05	24.1703	2436.6961	5.0753	6
229.1	24.171	2435.9925	5.0915	6
229.15	24.1719	2434.7627	5.0934	6
229.2	24.1721	2434.6814	5.0749	6
229.25	24.1728	2433.8523	5.0958	6
229.3	24.174	2432.3168	5.1037	6
229.35	24.1744	2431.8839	5.0919	6
229.4	24.1744	2431.4181	5.0938	6
229.45	24.1753	2428.4204	5.1006	6
229.5	24.1752	2427.7468	5.0904	6
229.55	24.1746	2428.6257	5.1011	6
229.6	24.1759	2426.76	5.0892	6
229.65	24.1763	2426.0029	5.0754	6
229.7	24.1755	2427.5072	5.0722	6
229.75	24.1766	2426.1095	5.0621	6
229.8	24.1775	2424.9149	5.0746	6
229.85	24.1768	2426.2387	5.0744	6
229.9	24.1771	2425.9987	5.0741	6
229.95	24.1783	2423.6383	5.069	6
230	24.177	2423.7563	5.0892	6
230.05	24.1766	2423.7481	5.0842	6
230.1	24.1777	2422.5158	5.0715	6
230.15	24.1774	2422.8955	5.0853	6
230.2	24.1766	2424.0129	5.0703	6
230.25	24.1771	2423.3749	5.0722	6
230.3	24.1777	2422.5831	5.0926	6
230.35	24.1771	2423.7116	5.0937	6
230.4	24.1773	2423.5295	5.0943	6
230.45	24.1779	2421.6401	5.0834	6
230.5	24.1771	2420.7872	5.0879	6
230.55	24.1766	2421.0364	5.0976	6
230.6	24.1776	2419.7691	5.1009	6
230.65	24.1781	2419.2035	5.1025	6
230.7	24.1777	2419.8685	5.0968	6
230.75	24.1781	2419.519	5.0955	6
230.8	24.1787	2418.6708	5.1042	6
230.85	24.1782	2419.4182	5.0982	6
230.9	24.1779	2419.5677	5.0865	6
230.95	24.1782	2417.7048	5.0996	6
231	24.178	2416.8701	5.0967	6
231.05	24.1777	2417.265	5.0858	6
231.1	24.1781	2416.8748	5.0817	6
231.15	24.179	2415.6333	5.0813	6
231.2	24.1784	2416.7334	5.0852	6
231.25	24.1783	2417.0207	5.0706	6
231.3	24.1795	2415.3874	5.0785	6
231.35	24.1788	2416.0715	5.0917	6
231.4	24.1778	2416.0268	5.0861	6
231.45	24.1788	2413.5495	5.096	6
231.5	24.1784	2413.9648	5.1024	6
231.55	24.1777	2414.9367	5.0965	6
231.6	24.1788	2413.5881	5.0852	6
231.65	24.1794	2412.8973	5.0829	6
231.7	24.1786	2414.1991	5.0902	6
231.75	24.1791	2413.552	5.0803	6
231.8	24.1798	2411.9332	5.089	6
231.85	24.1785	2412.0794	5.1049	6
231.9	24.1784	2411.7848	5.1053	6
231.95	24.1792	2410.7499	5.1192	6
232	24.179	2410.9616	5.109	6
232.05	24.1783	2412.041	5.1022	6
232.1	24.179	2411.091	5.0963	6
232.15	24.1791	2411.0572	5.0844	6
232.2	24.1783	2412.1909	5.0878	6
232.25	24.1785	2411.1096	5.0841	6
232.3	24.1783	2409.6088	5.0775	6
232.35	24.1779	2409.7557	5.0963	6
232.4	24.1781	2409.63	5.0958	6
232.45	24.1785	2409.1988	5.0991	6
232.5	24.1789	2408.8216	5.1068	6
232.55	24.1786	2409.3485	5.0951	6
232.6	24.179	2409.006	5.1039	6
232.65	24.1796	2408.0938	5.1034	6
232.7	24.1791	2407.5112	5.0833	6
232.75	24.1792	2406.0754	5.0806	6
232.8	24.1797	2405.1692	5.072	6
232.85	24.1797	2405.307	5.0711	6
232.9	24.1795	2405.5014	5.0753	6
232.95	24.1796	2405.4225	5.0963	6
233	24.1798	2405.3569	5.111	6
233.05	24.1796	2405.6896	5.0864	6
233.1	24.1796	2404.9769	5.0928	6
233.15	24.1793	2403.5159	5.1155	6
233.2	24.1792	2403.0504	5.1036	6
233.25	24.1789	2403.3655	5.0846	6
233.3	24.1796	2402.6299	5.0864	6
233.35	24.1794	2402.7883	5.1091	6
233.4	24.179	2403.4286	5.1049	6
233.45	24.1793	2402.9289	5.0903	6
233.5	24.1798	2402.1249	5.1049	6
233.55	24.1788	2401.9289	5.1071	6
233.6	24.178	2401.9054	5.0897	6
233.65	24.1789	2400.6604	5.0803	6
233.7	24.1787	2401.08	5.0785	6
233.75	24.1777	2402.4774	5.088	6
233.8	24.1782	2401.677	5.0803	6
233.85	24.1787	2401.0767	5.0838	6
233.9	24.178	2402.0528	5.086	6
233.95	24.1776	2402.5957	5.0838	6
234	24.1783	2399.9354	5.0983	6
234.05	24.1775	2399.5643	5.1037	6
234.1	24.1765	2401.0001	5.1067	6
234.15	24.1774	2400.0215	5.1006	6
234.2	24.1773	2400.2739	5.0829	6
234.25	24.1762	2402.0267	5.0876	6
234.3	24.1767	2401.4562	5.0847	6
234.35	24.1767	2401.4481	5.0832	6
234.4	24.1761	2402.3838	5.0862	6
234.45	24.1764	2402.1452	5.0771	6
234.5	24.1763	2401.2632	5.0917	6
234.55	24.1755	2400.7657	5.0892	6
234.6	24.1754	2400.6257	5.0687	6
234.65	24.1757	2400.3985	5.0759	6
234.7	24.1755	2400.6758	5.075	6
234.75	24.1757	2400.5424	5.0844	6
234.8	24.176	2400.2399	5.0919	6
234.85	24.1762	2400.0639	5.0875	6
234.9	24.1767	2399.5228	5.0935	6
234.95	24.1767	2399.6704	5.0996	6
235	24.1768	2399.3857	5.0953	6
235.05	24.1769	2398.0287	5.0835	6
235.1	24.1765	2396.8986	5.0826	6
235.15	24.1762	2397.1719	5.0675	6
235.2	24.1766	2396.5628	5.062	6
235.25	24.1767	2396.6415	5.079	6
235.3	24.1762	2397.455	5.0836	6
235.35	24.1764	2397.1619	5.0678	6
235.4	24.1764	2397.0602	5.0748	6
235.45	24.176	2397.7303	5.0797	6
235.5	24.176	2397.7482	5.0859	6
235.55	24.1764	2397.1514	5.0827	6
235.6	24.1757	2396.6839	5.0725	6
235.65	24.1749	2396.421	5.0793	6
235.7	24.1752	2395.8061	5.0794	6
235.75	24.1748	2396.3822	5.0888	6
235.8	24.1744	2396.8483	5.0884	6
235.85	24.1745	2396.6448	5.0645	6
235.9	24.1744	2397.0758	5.0624	6
235.95	24.1744	2397.2867	5.0765	6
236	24.1743	2397.408	5.0773	6
236.05	24.1741	2397.8159	5.0945	6
236.1	24.1741	2397.8644	5.0917	6
236.15	24.1742	2397.7882	5.078	6
236.2	24.1745	2397.2816	5.0699	6
236.25	24.1741	2396.5288	5.0588	6
236.3	24.1735	2395.8825	5.0614	6
236.35	24.174	2394.9314	5.062	6
236.4	24.1738	2395.3323	5.0497	6
236.45	24.1735	2395.9468	5.0518	6
236.5	24.1738	2395.6571	5.0501	6
236.55	24.1736	2395.9163	5.0491	6
236.6	24.1735	2396.1649	5.0406	6
236.65	24.1737	2395.8725	5.0517	6
236.7	24.1737	2395.8623	5.0631	6
236.75	24.1738	2395.93	5.0656	6
236.8	24.174	2395.6401	5.0864	6
236.85	24.1738	2395.951	5.0801	6
236.9	24.1738	2395.9999	5.0798	6
236.95	24.174	2395.1794	5.0801	6
237	24.1737	2394.0648	5.0725	6
237.05	24.1734	2393.7761	5.0858	6
237.1	24.1736	2393.5891	5.0878	6
237.15	24.1739	2393.2783	5.0736	6
237.2	24.1737	2393.716	5.0701	6
237.25	24.1736	2393.8497	5.0719	6
237.3	24.1737	2393.7097	5.083	6
237.35	24.1737	2393.8038	5.0827	6
237.4	24.1739	2393.5377	5.0783	6
237.45	24.1739	2393.7135	5.0652	6
237.5	24.1741	2393.6329	5.0599	6
237.55	24.1746	2393.0755	5.0704	6
237.6	24.1748	2392.9214	5.0729	6
237.65	24.1747	2392.3784	5.0883	6
237.7	24.1744	2390.9977	5.0984	6
237.75	24.1748	2389.7004	5.0851	6
237.8	24.1747	2389.8694	5.0761	6
237.85	24.1747	2389.9912	5.0871	6
237.9	24.1753	2389.3036	5.077	6
237.95	24.1757	2389.147	5.0749	6
238	24.1755	2389.268	5.0576	6
238.05	24.1754	2389.4031	5.064	6
238.1	24.1758	2388.9446	5.067	6
238.15	24.1761	2388.648	5.0487	6
238.2	24.1756	2389.3758	5.0687	6
238.25	24.1757	2388.5106	5.0745	6
238.3	24.1755	2387.0261	5.0651	6
238.35	24.1749	2387.3285	5.0678	6
238.4	24.1747	2387.6894	5.0682	6
238.45	24.175	2387.272	5.0678	6
238.5	24.1751	2387.3418	5.0709	6
238.55	24.1745	2387.9595	5.0716	6
238.6	24.1747	2387.9525	5.067	6
238.65	24.1754	2387.0047	5.0661	6
238.7	24.1746	2387.9961	5.0794	6
238.75	24.1742	2388.8387	5.0869	6
238.8	24.1752	2387.5048	5.0845	6
238.85	24.1749	2387.9621	5.0879	6
238.9	24.1738	2387.9891	5.0782	6
238.95	24.1744	2385.716	5.0832	6
239	24.1745	2385.2415	5.074	6
239.05	24.1738	2386.2587	5.061	6
239.1	24.174	2385.9595	5.0839	6
239.15	24.175	2384.7905	5.0816	6
239.2	24.1743	2385.787	5.0746	6
239.25	24.1743	2385.8496	5.067	6
239.3	24.1751	2384.8934	5.0755	6
239.35	24.1749	2385.4268	5.0997	6
239.4	24.1742	2386.3427	5.0979	6
239.45	24.175	2385.2924	5.0936	6
239.5	24.1749	2385.4508	5.1012	6
239.55	24.1742	2385.3874	5.0785	6
239.6	24.1743	2383.7513	5.0698	6
239.65	24.1743	2383.4903	5.089	6
239.7	24.1738	2384.4515	5.1013	6
239.75	24.1738	2384.6545	5.1112	6
239.8	24.174	2384.3597	5.1008	6
239.85	24.1736	2384.9115	5.0846	6
239.9	24.1734	2385.2934	5.095	6
239.95	24.1737	2384.9185	5.0954	6
240	24.1734	2385.335	5.0994	6
240.05	24.1733	2385.6061	5.0975	6
240.1	24.1735	2385.3621	5.0904	6
240.15	24.1734	2385.6228	5.0869	6
240.2	24.1734	2385.7686	5.0769	6
240.25	24.1734	2385.4734	5.0713	6
240.3	24.173	2384.2792	5.0716	6
240.35	24.1726	2383.9381	5.0819	6
240.4	24.1724	2384.1942	5.0842	6
240.45	24.1724	2384.349	5.0882	6
240.5	24.172	2384.8331	5.0921	6
240.55	24.1719	2384.9784	5.0827	6
240.6	24.1721	2384.9423	5.097	6
240.65	24.1718	2385.4037	5.101	6
240.7	24.172	2385.2114	5.0871	6
240.75	24.172	2385.3129	5.0912	6
240.8	24.1716	2385.9814	5.1027	6
240.85	24.1717	2385.9772	5.0923	6
240.9	24.1717	2385.9635	5.0882	6
240.95	24.1714	2386.5509	5.0941	6
241	24.1712	2386.8405	5.0762	6
241.05	24.1715	2386.4724	5.0524	6
241.1	24.1713	2386.8864	5.0749	6
241.15	24.1709	2387.4054	5.0988	6
241.2	24.1713	2386.5369	5.0896	6
241.25	24.1708	2385.6708	5.0885	6
241.3	24.1702	2385.6217	5.0924	6
241.35	24.1703	2385.6156	5.0994	6
241.4	24.1708	2384.8305	5.1103	6
241.45	24.17	2385.8277	5.1027	6
241.5	24.17	2385.7462	5.1094	6
241.55	24.1711	2384.3185	5.0988	6
241.6	24.1704	2385.4401	5.082	6
241.65	24.1704	2385.6028	5.0881	6
241.7	24.1713	2384.2217	5.0963	6
241.75	24.1708	2384.9148	5.0974	6
241.8	24.1703	2385.5488	5.1064	6
241.85	24.171	2384.5823	5.0959	6
241.9	24.1709	2384.7169	5.08	6
241.95	24.17	2386.2575	5.0715	6
242	24.1706	2385.4594	5.0944	6
242.05	24.1711	2384.7774	5.0912	6
242.1	24.1699	2386.4114	5.0806	6
242.15	24.1702	2386.1537	5.098	6
242.2	24.171	2385.1506	5.0886	6
242.25	24.17	2386.6005	5.0813	6
242.3	24.1694	2387.5213	5.0904	6
242.35	24.1709	2385.4591	5.0957	6
242.4	24.1702	2386.4491	5.1016	6
242.45	24.1692	2387.7989	5.0938	6
242.5	24.1705	2384.2587	5.0792	6
242.55	24.1694	2384.3967	5.0834	6
242.6	24.1683	2385.6552	5.0683	6
242.65	24.1691	2384.8692	5.0676	6
242.7	24.1692	2384.7406	5.0798	6
242.75	24.1689	2385.4224	5.0974	6
242.8	24.1693	2385.1392	5.1138	6
242.85	24.1705	2383.3085	5.1049	6
242.9	24.1702	2383.9874	5.088	6
242.95	24.1702	2384.1055	5.0902	6
243	24.1713	2382.7818	5.0982	6
243.05	24.1711	2383.2147	5.1021	6
243.1	24.1711	2383.1707	5.0764	6
243.15	24.1719	2382.2421	5.0577	6
243.2	24.1725	2381.5155	5.0823	6
243.25	24.1723	2382.0566	5.0974	6
243.3	24.1732	2380.9718	5.0888	6
243.35	24.1742	2379.4274	5.0796	6
243.4	24.1732	2380.8836	5.0772	6
243.45	24.1737	2380.1536	5.078	6
243.5	24.1746	2379.0326	5.0813	6
243.55	24.1738	2378.932	5.081	6
243.6	24.1739	2377.4223	5.0742	6
243.65	24.175	2375.8365	5.0788	6
243.7	24.175	2375.9401	5.0853	6
243.75	24.175	2376.189	5.0779	6
243.8	24.1765	2374.0975	5.0768	6
243.85	24.1765	2374.0493	5.0851	6
243.9	24.1765	2374.1857	5.0864	6
243.95	24.1777	2372.6155	5.0973	6
244	24.1784	2371.8632	5.0847	6
244.05	24.1778	2372.5696	5.081	6
244.1	24.178	2371.1743	5.0915	6
244.15	24.1782	2369.1549	5.099	6
244.2	24.1779	2369.476	5.1027	6
244.25	24.1776	2369.9524	5.0933	6
244.3	24.1783	2369.0839	5.1023	6
244.35	24.1781	2369.3403	5.0869	6
244.4	24.1779	2369.7151	5.078	6
244.45	24.1781	2369.5338	5.0751	6
244.5	24.1783	2369.3193	5.0643	6
244.55	24.1779	2369.0162	5.0774	6
244.6	24.1778	2367.4367	5.0799	6
244.65	24.1776	2367.3293	5.0724	6
244.7	24.1774	2367.6967	5.0772	6
244.75	24.1776	2367.5133	5.0665	6
244.8	24.1773	2368.1391	5.0846	6
244.85	24.1771	2368.5237	5.1008	6
244.9	24.1772	2368.3047	5.081	6
244.95	24.1766	2369.2402	5.0788	6
245	24.1763	2369.5051	5.0833	6
245.05	24.1765	2368.3461	5.0965	6
245.1	24.1752	2368.3729	5.1163	6
245.15	24.1751	2368.2753	5.1257	6
245.2	24.1753	2367.9482	5.1188	6
245.25	24.1747	2368.8169	5.1172	6
245.3	24.1742	2369.4853	5.1054	6
245.35	24.1747	2368.8187	5.1024	6
245.4	24.1745	2369.069	5.1079	6
245.45	24.1742	2369.6257	5.1023	6
245.5	24.1743	2369.6742	5.094	6
245.55	24.1747	2369.0988	5.0819	6
245.6	24.174	2370.1636	5.0877	6
245.65	24.1736	2370.6965	5.0835	6
245.7	24.1736	2369.7687	5.0872	6
245.75	24.1726	2369.4097	5.0976	6
245.8	24.1721	2369.7864	5.0838	6
245.85	24.1719	2369.8593	5.0963	6
245.9	24.1718	2370.0611	5.0877	6
245.95	24.1716	2370.4814	5.0882	6
246	24.1715	2370.7382	5.0729	6
246.05	24.1716	2370.6853	5.066	6
246.1	24.1718	2370.5254	5.0812	6
246.15	24.1718	2370.6988	5.0831	6
246.2	24.1721	2370.3435	5.0846	6
246.25	24.1718	2370.669	5.0772	6
246.3	24.1718	2370.72	5.0865	6
246.35	24.1714	2371.3019	5.1128	6
246.4	24.1712	2371.6872	5.1074	6
246.45	24.1714	2371.5424	5.0975	6
246.5	24.1711	2372.0237	5.1115	6
246.55	24.1708	2372.3305	5.0978	6
246.6	24.1708	2372.4381	5.0943	6
246.65	24.1706	2372.8143	5.098	6
246.7	24.17	2373.039	5.09	6
246.75	24.1694	2372.2758	5.0949	6
246.8	24.1693	2371.8199	5.0856	6
246.85	24.1689	2372.3343	5.0762	6
246.9	24.1683	2373.0132	5.0883	6
246.95	24.1684	2372.8232	5.0788	6
247	24.1683	2372.8949	5.0733	6
247.05	24.168	2373.5145	5.0724	6
247.1	24.1681	2373.6078	5.0806	6
247.15	24.1681	2373.5743	5.0809	6
247.2	24.1674	2374.5408	5.0894	6
247.25	24.167	2375.039	5.1015	6
247.3	24.1672	2374.8248	5.0868	6
247.35	24.1671	2375.0144	5.0783	6
247.4	24.1661	2376.2728	5.0913	6
247.45	24.1665	2375.7157	5.0886	6
247.5	24.1664	2375.6584	5.094	6
247.55	24.1655	2377.209	5.0842	6
247.6	24.1655	2377.2859	5.0838	6
247.65	24.1657	2376.8155	5.0987	6
247.7	24.165	2377.8742	5.0882	6
247.75	24.1648	2378.3234	5.0724	6
247.8	24.1651	2377.9753	5.0759	6
247.85	24.1648	2378.3145	5.0932	6
247.9	24.1646	2378.9019	5.0889	6
247.95	24.1652	2378.1529	5.0947	6
248	24.1653	2378.0509	5.0978	6
248.05	24.1649	2378.7154	5.0913	6
248.1	24.1653	2378.2146	5.0951	6
248.15	24.1655	2378.0838	5.1034	6
248.2	24.1651	2378.7976	5.0912	6
248.25	24.1651	2378.775	5.0923	6
248.3	24.1657	2378.0807	5.1014	6
248.35	24.1649	2379.0104	5.1019	6
248.4	24.1646	2379.6468	5.0901	6
248.45	24.1654	2378.64	5.0778	6
248.5	24.1651	2379.1972	5.0957	6
248.55	24.1646	2379.9727	5.1126	6
248.6	24.1652	2379.1944	5.1051	6
248.65	24.1652	2379.189	5.1028	6
248.7	24.1648	2379.8633	5.0996	6
248.75	24.165	2379.5345	5.1102	6
248.8	24.1651	2379.4733	5.1115	6
248.85	24.1649	2379.6619	5.1021	6
248.9	24.1651	2379.4801	5.1026	6
248.95	24.1651	2379.6465	5.1062	6
249	24.1651	2379.6235	5.1074	6
249.05	24.1656	2379.0898	5.1228	6
249.1	24.1657	2378.9618	5.1181	6
249.15	24.1655	2379.4188	5.1028	6
249.2	24.1656	2379.2011	5.0912	6
249.25	24.1659	2378.9497	5.0835	6
249.3	24.1661	2378.8258	5.0845	6
249.35	24.1658	2379.3625	5.0824	6
249.4	24.1658	2379.2645	5.0848	6
249.45	24.1666	2378.1769	5.0825	6
249.5	24.1661	2378.9003	5.0751	6
249.55	24.1659	2379.3308	5.077	6
249.6	24.1668	2378.0116	5.0943	6
249.65	24.1668	2378.1315	5.1097	6
249.7	24.166	2379.3706	5.1019	6
249.75	24.1671	2377.8661	5.0768	6
249.8	24.1672	2377.8568	5.0798	6
249.85	24.1668	2378.538	5.0911	6
249.9	24.167	2378.0617	5.0862	6
249.95	24.1673	2377.7688	5.0755	6
250	24.1672	2378.2442	5.0822	6
250.05	24.1669	2378.6814	5.0909	6
250.1	24.1674	2378.1208	5.0795	6
250.15	24.1676	2377.8379	5.0656	6
250.2	24.1674	2378.2109	5.0719	6
250.25	24.1676	2377.911	5.0722	6
250.3	24.1677	2377.7431	5.0678	6
250.35	24.1678	2377.6535	5.0518	6
250.4	24.1677	2377.9091	5.0528	6
250.45	24.1675	2378.2526	5.0797	6
250.5	24.168	2377.5462	5.0667	6
250.55	24.1681	2377.602	5.0646	6
250.6	24.1677	2378.318	5.0693	6
250.65	24.1679	2377.8894	5.0623	6
250.7	24.1684	2377.3294	5.0775	6
250.75	24.1677	2378.4039	5.0875	6
250.8	24.1679	2378.2628	5.0907	6
250.85	24.1684	2377.5664	5.079	6
250.9	24.168	2378.3078	5.0833	6
250.95	24.1679	2378.5231	5.092	6
251	24.1687	2377.5771	5.0812	6
251.05	24.1682	2378.3033	5.0768	6
251.1	24.1682	2378.2807	5.0755	6
251.15	24.1685	2377.8002	5.0678	6
251.2	24.1682	2378.2945	5.0649	6
251.25	24.168	2378.5285	5.0704	6
251.3	24.1685	2377.8721	5.0785	6
251.35	24.1689	2377.4128	5.082	6
251.4	24.1687	2377.9238	5.0941	6
251.45	24.169	2377.7154	5.1077	6
251.5	24.1695	2376.9233	5.0897	6
251.55	24.1691	2377.4619	5.0908	6
251.6	24.169	2377.6318	5.1007	6
251.65	24.1696	2376.9985	5.0945	6
251.7	24.1696	2377.1268	5.1016	6
251.75	24.1694	2377.3243	5.0842	6
251.8	24.1698	2376.9431	5.0778	6
251.85	24.1695	2377.4416	5.0845	6
251.9	24.1691	2377.7408	5.0793	6
251.95	24.1692	2377.661	5.0863	6
252	24.1691	2377.9012	5.091	6
252.05	24.1689	2377.3825	5.0886	6
252.1	24.1686	2376.1597	5.0894	6
252.15	24.1683	2376.2914	5.077	6
252.2	24.1682	2376.5133	5.0766	6
252.25	24.1683	2376.3175	5.0888	6
252.3	24.1685	2375.9841	5.0677	6
252.35	24.1682	2376.4332	5.06	6
252.4	24.1683	2376.3962	5.0605	6
252.45	24.1687	2375.9601	5.0793	6
252.5	24.1686	2376.2896	5.0809	6
252.55	24.1686	2376.2791	5.0736	6
252.6	24.1689	2375.8938	5.0689	6
252.65	24.1688	2376.2735	5.0633	6
252.7	24.1691	2376.0146	5.0626	6
252.75	24.1693	2375.6586	5.0693	6
252.8	24.1691	2375.9077	5.0699	6
252.85	24.1694	2375.6158	5.0879	6
252.9	24.1696	2375.3878	5.0825	6
252.95	24.1696	2375.5911	5.0708	6
253	24.1698	2375.209	5.0908	6
253.05	24.17	2374.9978	5.0986	6
253.1	24.1697	2375.6318	5.0924	6
253.15	24.1702	2375.1815	5.0808	6
253.2	24.1703	2374.938	5.0782	6
253.25	24.17	2375.5857	5.0777	6
253.3	24.1701	2375.3964	5.0679	6
253.35	24.1704	2375.1273	5.07	6
253.4	24.1701	2375.6237	5.0756	6
253.45	24.1699	2375.9436	5.0933	6
253.5	24.17	2375.8623	5.0862	6
253.55	24.1702	2375.7145	5.0868	6
253.6	24.17	2376.0139	5.0896	6
253.65	24.1699	2376.175	5.0902	6
253.7	24.1701	2374.921	5.0891	6
253.75	24.1693	2374.1538	5.102	6
253.8	24.1689	2374.2381	5.0956	6
253.85	24.1695	2373.4754	5.0906	6
253.9	24.1695	2373.6502	5.0875	6
253.95	24.1692	2373.9543	5.0792	6
254	24.1696	2373.534	5.0806	6
254.05	24.1698	2373.3822	5.0893	6
254.1	24.1693	2374.2043	5.0808	6
254.15	24.1694	2374.1291	5.0807	6
254.2	24.1697	2373.714	5.0839	6
254.25	24.1691	2374.514	5.0779	6
254.3	24.1691	2374.6104	5.056	6
254.35	24.1695	2374.1655	5.0619	6
254.4	24.1691	2374.6681	5.0942	6
254.45	24.1689	2375.0768	5.0837	6
254.5	24.1692	2374.7014	5.0784	6
254.55	24.1692	2374.6707	5.0832	6
254.6	24.1685	2375.6858	5.0737	6
254.65	24.1689	2375.2614	5.0678	6
254.7	24.1693	2374.7494	5.0691	6
254.75	24.1685	2375.9231	5.066	6
254.8	24.1684	2376.2421	5.0753	6
254.85	24.1692	2375.2726	5.0845	6
254.9	24.1691	2375.5345	5.0927	6
254.95	24.1684	2376.4425	5.0745	6
255	24.1687	2375.9508	5.0834	6
255.05	24.1691	2375.3713	5.0986	6
255.1	24.1685	2376.2749	5.0919	6
255.15	24.1684	2376.5757	5.0831	6
255.2	24.169	2375.7536	5.0754	6
255.25	24.1687	2376.2989	5.0909	6
255.3	24.1681	2377.2393	5.1152	6
255.35	24.1687	2376.5033	5.1377	6
255.4	24.1688	2376.3741	5.1237	6
255.45	24.1684	2377.2027	5.0951	6
255.5	24.1683	2377.2311	5.0924	6
255.55	24.1686	2376.1117	5.0927	6
255.6	24.1678	2375.5801	5.0741	6
255.65	24.1672	2375.9664	5.0788	6
255.7	24.1675	2375.6034	5.0986	6
255.75	24.1675	2375.386	5.0948	6
255.8	24.1665	2376.6542	5.0788	6
255.85	24.1667	2376.6304	5.0703	6
255.9	24.167	2376.291	5.0785	6
255.95	24.1665	2377.1524	5.0788	6
256	24.1664	2377.1867	5.0726	6
256.05	24.167	2376.3997	5.0789	6
256.1	24.1667	2376.9462	5.097	6
256.15	24.1666	2377.1229	5.0783	6
256.2	24.1673	2376.2675	5.0558	6
256.25	24.1673	2376.2707	5.0633	6
256.3	24.1667	2377.287	5.0857	6
256.35	24.1673	2376.4537	5.0817	6
256.4	24.1675	2376.2642	5.0879	6
256.45	24.1664	2377.721	5.1062	6
256.5	24.1666	2377.5466	5.1003	6
256.55	24.1673	2376.5962	5.0906	6
256.6	24.1667	2377.5827	5.0811	6
256.65	24.1661	2378.4728	5.0997	6
256.7	24.1671	2377.1287	5.1008	6
256.75	24.1669	2377.5329	5.0969	6
256.8	24.1662	2378.5613	5.1068	6
256.85	24.1667	2377.8209	5.1044	6
256.9	24.1672	2377.0204	5.0936	6
256.95	24.1668	2377.7951	5.0908	6
257	24.167	2377.7732	5.0836	6
257.05	24.1676	2376.88	5.0715	6
257.1	24.1673	2377.1245	5.0746	6
257.15	24.1673	2377.27	5.0696	6
257.2	24.1674	2377.2116	5.0598	6
257.25	24.1676	2377.1501	5.0635	6
257.3	24.1676	2377.332	5.0913	6
257.35	24.1674	2377.5376	5.0815	6
257.4	24.1673	2377.6235	5.0732	6
257.45	24.1674	2377.5457	5.0755	6
257.5	24.1676	2377.4426	5.0479	6
257.55	24.167	2378.3157	5.0411	6
257.6	24.1673	2378.0139	5.0697	6
257.65	24.1678	2377.3646	5.0637	6
257.7	24.1677	2377.6472	5.0626	6
257.75	24.1682	2377.0889	5.071	6
257.8	24.1689	2376.0684	5.069	6
257.85	24.1691	2376.0335	5.0529	6
257.9	24.1693	2375.7757	5.0594	6
257.95	24.1699	2374.9068	5.0549	6
258	24.1697	2375.3538	5.0395	6
258.05	24.1697	2375.4251	5.0565	6
258.1	24.1705	2374.2921	5.0626	6
258.15	24.1702	2374.7692	5.0413	6
258.2	24.1702	2374.7908	5.0405	6
258.25	24.171	2373.5736	5.0377	6
258.3	24.1713	2373.2563	5.0352	6
258.35	24.1711	2373.5983	5.0411	6
258.4	24.1715	2373.1529	5.0458	6
258.45	24.1722	2371.4472	5.0755	6
258.5	24.1713	2370.7156	5.0769	6
258.55	24.1711	2370.2686	5.0508	6
258.6	24.1723	2368.6935	5.0581	6
258.65	24.1723	2368.8558	5.0719	6
258.7	24.1724	2368.8551	5.074	6
258.75	24.1733	2367.801	5.0632	6
258.8	24.1736	2367.4371	5.0564	6
258.85	24.1733	2367.9521	5.0688	6
258.9	24.1738	2367.2765	5.0549	6
258.95	24.1741	2366.8506	5.0453	6
259	24.1738	2367.51	5.0553	6
259.05	24.174	2367.1666	5.0482	6
259.1	24.1745	2366.4709	5.0571	6
259.15	24.1745	2366.744	5.0827	6
259.2	24.1744	2366.6436	5.0832	6
259.25	24.1746	2364.8371	5.0827	6
259.3	24.1746	2363.5742	5.0768	6
259.35	24.1744	2363.9491	5.09	6
259.4	24.175	2363.1523	5.0888	6
259.45	24.1752	2362.872	5.0819	6
259.5	24.1752	2362.9768	5.0832	6
259.55	24.1753	2362.9668	5.07	6
259.6	24.1752	2363.1093	5.0479	6
259.65	24.1753	2362.8348	5.0297	6
259.7	24.1751	2363.2955	5.0252	6
259.75	24.1753	2363.2078	5.0386	6
259.8	24.1761	2361.9973	5.0514	6
259.85	24.1751	2362.0264	5.0582	6
259.9	24.1749	2360.6101	5.0567	6
259.95	24.1752	2359.9546	5.0482	6
260	24.1744	2361.1095	5.0595	6
260.05	24.1746	2360.9018	5.0744	6
260.1	24.1748	2360.5798	5.0555	6
260.15	24.1741	2361.5051	5.0398	6
260.2	24.1739	2361.8734	5.049	6
260.25	24.1743	2361.2443	5.0704	6
260.3	24.1732	2362.8138	5.0786	6
260.35	24.1728	2363.3933	5.0831	6
260.4	24.1737	2362.1481	5.0809	6
260.45	24.1721	2364.4839	5.0559	6
260.5	24.1723	2364.3691	5.053	6
260.55	24.1729	2362.3752	5.0481	6
260.6	24.1714	2362.9405	5.052	6
260.65	24.1709	2363.2376	5.0509	6
260.7	24.1715	2362.3959	5.0387	6
260.75	24.1709	2363.4837	5.0512	6
260.8	24.1703	2364.483	5.047	6
260.85	24.171	2363.4904	5.0531	6
260.9	24.1705	2364.1726	5.0657	6
260.95	24.1696	2365.4937	5.057	6
261	24.1705	2364.2923	5.0595	6
261.05	24.1703	2364.4944	5.0523	6
261.1	24.169	2366.4653	5.0448	6
261.15	24.1693	2366.1298	5.0566	6
261.2	24.1698	2365.3419	5.0508	6
261.25	24.1688	2366.8527	5.0546	6
261.3	24.169	2366.6164	5.0734	6
261.35	24.1698	2365.4592	5.0851	6
261.4	24.1694	2366.0006	5.063	6
261.45	24.1696	2365.8851	5.0555	6
261.5	24.1699	2365.5123	5.0706	6
261.55	24.1698	2365.8716	5.0739	6
261.6	24.17	2365.6669	5.065	6
261.65	24.1703	2365.1442	5.0871	6
261.7	24.1699	2365.7403	5.0819	6
261.75	24.1702	2365.4355	5.0859	6
261.8	24.1706	2364.7838	5.1004	6
261.85	24.1697	2366.0937	5.0859	6
261.9	24.1692	2366.0518	5.0834	6
261.95	24.1697	2363.5547	5.0764	6
262	24.1685	2364.5195	5.0709	6
262.05	24.1677	2365.6606	5.0717	6
262.1	24.1686	2364.439	5.0656	6
262.15	24.1682	2365.1184	5.0555	6
262.2	24.1671	2366.6674	5.0407	6
262.25	24.1674	2366.1209	5.0575	6
262.3	24.1674	2366.0935	5.0697	6
262.35	24.166	2368.1549	5.068	6
262.4	24.166	2368.205	5.0661	6
262.45	24.1666	2367.2178	5.0621	6
262.5	24.1654	2369.0201	5.0608	6
262.55	24.165	2369.6779	5.0699	6
262.6	24.1655	2368.8639	5.0571	6
262.65	24.1648	2369.8502	5.0482	6
262.7	24.1641	2371.1789	5.0571	6
262.75	24.1643	2370.9196	5.0804	6
262.8	24.1642	2371.0418	5.0981	6
262.85	24.164	2371.6041	5.083	6
262.9	24.1637	2372.0823	5.0822	6
262.95	24.1642	2371.3696	5.0803	6
263	24.1642	2371.1925	5.0676	6
263.05	24.1634	2373.016	5.0829	6
263.1	24.1644	2373.5575	5.0883	6
263.15	24.1649	2373.7836	5.1015	6
263.2	24.1637	2375.6609	5.0908	6
263.25	24.1642	2374.9641	5.0738	6
263.3	24.1647	2374.2546	5.0806	6
263.35	24.164	2375.3846	5.0788	6
263.4	24.1641	2375.2269	5.0721	6
263.45	24.1647	2374.569	5.0895	6
263.5	24.165	2374.4882	5.0954	6
263.55	24.165	2374.5552	5.1087	6
263.6	24.1658	2373.3699	5.099	6
263.65	24.1666	2372.4635	5.0889	6
263.7	24.1665	2372.9338	5.1011	6
263.75	24.1673	2371.7992	5.0976	6
263.8	24.1678	2371.1927	5.0995	6
263.85	24.1676	2371.4784	5.0839	6
263.9	24.1677	2371.2902	5.0861	6
263.95	24.1681	2370.5962	5.1033	6
264	24.1679	2370.9363	5.1019	6
264.05	24.1682	2370.5303	5.0995	6
264.1	24.1683	2369.0062	5.1072	6
264.15	24.1676	2368.6732	5.0937	6
264.2	24.1676	2368.5452	5.1053	6
264.25	24.1679	2368.1948	5.107	6
264.3	24.1676	2368.5966	5.1155	6
264.35	24.1677	2368.5012	5.1249	6
264.4	24.1681	2368.0674	5.1167	6
264.45	24.1682	2367.9833	5.1049	6
264.5	24.1686	2367.7724	5.0905	6
264.55	24.1689	2367.2779	5.1043	6
264.6	24.1688	2367.3798	5.1188	7
264.65	24.1691	2367.0639	5.1173	7
264.7	24.1697	2366.2846	5.1172	7
264.75	24.1694	2366.4695	5.1225	7
264.8	24.1682	2363.3081	5.1274	7
264.85	24.1632	2347.1243	5.1201	7
264.9	24.1511	2316.3741	5.1088	7
264.95	24.1315	2271.7461	5.1017	7
265	24.1051	2212.6725	5.0964	7
265.05	24.0713	2139.9807	5.0967	7
265.1	24.0288	2055.4459	5.1039	7
265.15	23.9786	1957.4526	5.112	7
265.2	23.9193	1847.1609	5.1201	7
265.25	23.8497	1725.7084	5.1253	7
265.3	23.7707	1592.7289	5.1172	7
265.35	23.6816	1448.3843	5.1232	7
265.4	23.581	1294.3898	5.1212	7
265.45	23.4695	1130.3799	5.115	7
265.5	23.3465	956.1067	5.1068	7
265.55	23.2112	773.3001	5.1217	8
265.6	23.064	581.2763	5.1283	8
265.65	22.9045	381.1039	5.1103	8
265.7	22.7312	174.3782	5.1104	8
265.75	22.5492	-28.1707	5.1274	8
265.8	22.3763	-185.2293	5.1325	8
265.85	22.2167	-301.7309	5.1285	8
265.9	22.059	-411.0351	5.1271	8
265.95	21.8992	-518.5358	5.1357	8
266	21.7355	-621.0841	5.1279	8
266.05	21.5685	-719.8147	5.113	8
266.1	21.3981	-815.0414	5.1223	8
266.15	21.2228	-904.3747	5.1111	8
266.2	21.0436	-988.626	5.1112	8
266.25	20.8585	-1065.4986	5.1238	8
266.3	20.6668	-1134.9155	5.1197	8
266.35	20.4706	-1199.531	5.1256	8
266.4	20.2693	-1257.1927	5.1377	8
266.45	20.0609	-1305.6608	5.1507	8
266.5	19.8454	-1345.2433	5.1439	8
266.55	19.6255	-1379.7423	5.1452	8
266.6	19.4015	-1409.8934	5.1579	8
266.65	19.1699	-1430.0759	5.1461	8
266.7	18.9307	-1440.4099	5.1236	8
266.75	18.6868	-1445.3271	5.131	8
266.8	18.4327	-1436.6563	5.1422	8
266.85	18.1627	-1406.0413	5.1456	8
266.9	17.8727	-1347.4996	5.1531	8
266.95	17.5492	-1242.9396	5.1441	8
267	17.1898	-1088.5031	5.1487	8
267.05	16.7995	-890.615	5.1414	8
267.1	16.4008	-682.0304	5.1252	8
267.15	16.0267	-509.222	5.124	8
267.2	15.6902	-389.949	5.1192	8
267.25	15.3831	-313.1678	5.1186	8
267.3	15.0947	-263.6783	5.113	8
267.35	14.8184	-231.9626	5.1148	8
267.4	14.5489	-210.3632	5.1248	8
267.45	14.2817	-192.9052	5.1245	8
267.5	14.0168	-179.0551	5.1155	8
267.55	13.753	-167.0092	5.1191	8
267.6	13.4893	-155.8667	5.1271	8
267.65	13.2252	-145.106	5.1282	8
267.7	12.961	-134.7272	5.1294	8
267.75	12.6974	-125.3209	5.1214	8
267.8	12.4335	-116.2602	5.121	8
267.85	12.1699	-108.5149	5.1181	8
267.9	11.907	-102.4258	5.1217	8
267.95	11.6446	-97.6338	5.1313	8
268	11.3823	-93.4201	5.1384	8
268.05	11.1195	-88.8603	5.1459	8
268.1	10.856	-83.9796	5.1327	8
268.15	10.5917	-78.994	5.1397	8
268.2	10.3269	-74.0193	5.1428	8
268.25	10.0626	-69.494	5.1499	8
268.3	9.7996	-66.8558	5.1399	8
268.35	9.5365	-64.9025	5.1197	8
268.4	9.2729	-62.8758	5.1215	8
268.45	9.0091	-60.3144	5.1233	8
268.5	8.7466	-59.1743	5.118	8
268.55	8.483	-58.1341	5.1186	8
268.6	8.2181	-56.2511	5.1065	8
268.65	7.9541	-55.4979	5.104	8
268.7	7.6896	-54.2665	5.1131	8
268.75	7.425	-53.6452	5.1064	8
268.8	7.1599	-52.8778	5.1103	8
268.85	6.8941	-51.6594	5.1115	8
268.9	6.6278	-49.9823	5.1024	8
268.95	6.3618	-48.8706	5.0946	8
269	6.0955	-47.6003	5.0872	8
269.05	5.8294	-46.3744	5.0988	8
269.1	5.5629	-45.3275	5.0861	8
269.15	5.2964	-44.2887	5.092	8
269.2	5.0289	-42.0413	5.1009	8
269.25	4.7617	-40.5008	5.105	8
269.3	4.4944	-39.1033	5.1195	8
269.35	4.2273	-37.7598	5.1106	8
269.4	3.9595	-35.9979	5.1104	8
269.45	3.6915	-34.2629	5.0978	8
269.5	3.4242	-33.5269	5.09	8
269.55	3.1567	-32.4854	5.1063	8
269.6	2.8894	-32.0648	5.0848	8
269.65	2.6217	-31.1679	5.0809	8
269.7	2.354	-30.24	5.0923	8
269.75	2.0858	-28.9957	5.0837	8
269.8	1.8182	-28.3022	5.0951	8
269.85	1.5509	-27.9336	5.0959	8
269.9	1.283	-27.0105	5.081	8
269.95	1.0157	-26.0659	5.0852	8
270	0.7489	-26.2744	5.0967	8
270.05	0.4809	-25.0404	5.1003	8
270.1	0.2137	-24.8407	5.1015	8
270.15	-0.0539	-24.3021	5.1149	8
270.2	-0.322	-23.4483	5.1043	8
270.25	-0.5896	-23.0154	5.0849	8
270.3	-0.8577	-22.0979	5.077	8
270.35	-1.1255	-21.5478	5.076	8
270.4	-1.3935	-21.0127	5.0843	8
270.45	-1.661	-20.6815	5.0913	8
270.5	-1.9279	-20.8877	5.0867	8
270.55	-2.1955	-20.4074	5.0905	8
