Indentation

 + User defined profile

+ User defined profile
   Acquisition rate :	20.0 [Hz]
   Linear load 20.00  µN ; 100.00 µN/min
   Pause in load 2 s
   Linear load 0.00  µN ; 100.00 µN/min
   Pause in load 120 s
   Linear depth 18.00  µm ; 500.00 µm/min
   Pause in depth 120 s
   Linear depth 0.00  µm ; 1000.00 µm/min
+ TTX - UNHT Bio S/N: 1000136751 settings
   Fn contact : 25 µN
   Approach distance : 20 µm
   Approach speed : 100 µm/min
   Retract speed : 200 µm/min
   Retract time : 5 sec
   Dz sensor in large range
   Load in fine range
   FnRef in fine range
   FnRef contactload :500.000 µN
   Stiffness threshold : 1 µN/µm

   X Position :9540.60 µm
   Y Position :37137.13 µm
   Z Position :8071.57 µm

Date :6/9/2026
Time :9:04:55 AM

Analysis n # 1

   Method :	Hertz

Cycle # 1

 + Parameters

  Load Fit [10%,98%]

 + Main results

   EHz=	130.33 	kPa

 + Hypothesis


 + Additional results

   ErHz=	143.22 kPa
   h offset=	0.56 µm
   R2=	0.99

Cycle # 2

 + Parameters

  Load Fit [10%,98%]

 + Main results

   EHz=	1006.7 	kPa

 + Hypothesis


 + Additional results

   ErHz=	1106.27 kPa
   h offset=	2.99 µm
   R2=	0.99

Analysis n # 2

   Method :	Oliver & Pharr

Cycle # 1

 + Parameters

  Unload Fit [40%,98%]

 + Main results

   HIT=	2.4015 	kPa
   EIT=	183.66 	kPa
   E*=	201.82 	kPa

 + Hypothesis

   !!! Indenter not calibrated !!!
   m out of O&P hypothesis
   Poisson's ratio(nu)=	0.30 

 + Additional results

   HVIT=	0.0002448 	 Vickers
   RIT 2E-005/8/2=	-12.06 	%
   nIT=	55.19 %
   Fmax=	20.37 	µN
   hmax=	3.41 	µm
   S=	20.9724 	µN/µm
   F/S²=	0.0463 	µm²/µN
   hc=	2.71 	µm
   hr=	2.44 	µm
   hp=	-2.11 	µm
   m=	5.6857 
   Epsilon=	0.73 
   R2=	0.995
   Ap=	8481.08 	µm²
   Welast=	12.56 pJ
   Wplast=	10.20 pJ
   Wtotal=	22.76 pJ
   Er=	201.82 	kPa

Cycle # 2

 + Parameters

  Unload Fit [40%,98%]

 + Main results

   HIT=	23.912 	kPa
   EIT=	5354.3 	kPa
   E*=	5883.8 	kPa

 + Hypothesis

   !!! Indenter not calibrated !!!
   m out of O&P hypothesis
   Poisson's ratio(nu)=	0.30 

 + Additional results

   HVIT=	0.0024376 	 Vickers
   RIT 0.0013/2/120=	-227.99 	%
   nIT=	4.63 %
   Fmax=	1291.80 	µN
   hmax=	18.11 	µm
   S=	1543.1061 	µN/µm
   F/S²=	0.0005 	µm²/µN
   hc=	17.50 	µm
   hr=	17.27 	µm
   hp=	14.99 	µm
   m=	3.7291 
   Epsilon=	0.73 
   R2=	1.000
   Ap=	54022.36 	µm²
   Welast=	658.26 pJ
   Wplast=	13547.03 pJ
   Wtotal=	14205.29 pJ
   Er=	5883.7 	kPa

Measured values
Time (s)	Pd (µm)	Fn (µN)	FnRef (µN)	SegmentID

0	0	0	5.1369	0
0.05	0.0902	-0.0213	5.1312	0
0.1	0.1803	0.1556	5.1375	0
0.15	0.271	-0.1764	5.1389	0
0.2	0.3604	0.4439	5.1325	0
0.25	0.4503	0.2661	5.1443	0
0.3	0.5395	0.7086	5.1423	0
0.35	0.6289	0.5739	5.132	0
0.4	0.7176	1.0644	5.1435	0
0.45	0.8068	0.9174	5.141	0
0.5	0.895	1.5515	5.1522	0
0.55	0.9841	1.6824	5.1578	1
0.6	1.0726	2.2351	5.1368	1
0.65	1.1607	2.6392	5.1309	1
0.7	1.2488	2.7788	5.1327	1
0.75	1.331	3.6596	5.1435	1
0.8	1.3898	3.4897	5.161	1
0.85	1.4254	3.2742	5.1796	1
0.9	1.4545	4.0933	5.1758	1
0.95	1.4806	3.7834	5.1504	1
1	1.5068	3.6956	5.1388	1
1.05	1.5311	4.2777	5.153	1
1.1	1.5541	4.1534	5.157	1
1.15	1.5761	4.3564	5.154	1
1.2	1.5974	4.5628	5.148	1
1.25	1.6179	4.6439	5.1403	1
1.3	1.6379	4.678	5.1478	1
1.35	1.6575	5.0386	5.1614	1
1.4	1.6766	4.8696	5.1706	1
1.45	1.6953	5.2231	5.1698	1
1.5	1.7139	5.0896	5.1726	1
1.55	1.7316	5.4815	5.1917	1
1.6	1.7491	5.331	5.1841	1
1.65	1.7663	5.5418	5.1809	1
1.7	1.7833	5.7696	5.1708	1
1.75	1.8002	5.619	5.1695	1
1.8	1.8165	6.0726	5.1721	1
1.85	1.8326	5.8781	5.157	1
1.9	1.8492	5.8511	5.1545	1
1.95	1.8648	6.4989	5.1679	1
2	1.88	6.2648	5.1771	1
2.05	1.8958	6.1154	5.1703	1
2.1	1.9116	6.5328	5.1701	1
2.15	1.9262	6.939	5.1692	1
2.2	1.9414	6.49	5.1513	1
2.25	1.9565	6.7972	5.1419	1
2.3	1.9709	7.0762	5.1436	1
2.35	1.9852	7.1422	5.1456	1
2.4	1.9997	7.0703	5.1596	1
2.45	2.0137	7.5291	5.162	1
2.5	2.0275	7.3502	5.1578	1
2.55	2.0418	7.4355	5.1684	1
2.6	2.0555	7.5798	5.1663	1
2.65	2.0686	8.285	5.1727	1
2.7	2.0825	7.4899	5.1643	1
2.75	2.0964	8.0455	5.1566	1
2.8	2.1091	8.1121	5.163	1
2.85	2.1219	8.3215	5.1682	1
2.9	2.1348	8.1559	5.1656	1
2.95	2.1478	8.4776	5.1649	1
3	2.1606	8.498	5.1689	1
3.05	2.1734	8.7982	5.169	1
3.1	2.186	8.5537	5.1695	1
3.15	2.1989	8.744	5.1743	1
3.2	2.2112	8.9704	5.1847	1
3.25	2.223	9.3143	5.1761	1
3.3	2.2351	8.8991	5.1608	1
3.35	2.2472	9.2623	5.1544	1
3.4	2.2592	9.4781	5.1622	1
3.45	2.2708	9.6017	5.1687	1
3.5	2.2824	9.4511	5.1796	1
3.55	2.2944	9.5576	5.1838	1
3.6	2.3062	9.7288	5.1679	1
3.65	2.3176	10.1005	5.1511	1
3.7	2.3292	10.0516	5.1535	1
3.75	2.3405	9.8756	5.1534	1
3.8	2.3518	10.4128	5.1707	1
3.85	2.3625	10.2886	5.1735	1
3.9	2.3736	10.5976	5.186	1
3.95	2.3849	10.1183	5.1946	1
4	2.396	10.6388	5.1714	1
4.05	2.4071	10.8141	5.1566	1
4.1	2.418	10.6081	5.1625	1
4.15	2.4294	11.0707	5.1503	1
4.2	2.4401	10.8435	5.1547	1
4.25	2.4508	11.0934	5.1581	1
4.3	2.4615	11.0496	5.1543	1
4.35	2.4718	11.5753	5.1582	1
4.4	2.4822	11.2083	5.1618	1
4.45	2.4934	11.3609	5.1655	1
4.5	2.5041	11.5813	5.1554	1
4.55	2.5138	11.957	5.1491	1
4.6	2.524	11.6613	5.1567	1
4.65	2.5349	11.4797	5.1446	1
4.7	2.5446	12.5425	5.1457	1
4.75	2.5543	11.9897	5.145	1
4.8	2.5647	11.9824	5.1335	1
4.85	2.5747	12.2496	5.1424	1
4.9	2.5846	12.4168	5.1452	1
4.95	2.594	12.7107	5.1574	1
5	2.6037	12.6329	5.1643	1
5.05	2.6144	12.0059	5.1564	1
5.1	2.6245	13.258	5.1536	1
5.15	2.6334	12.9132	5.1348	1
5.2	2.6431	12.9847	5.1305	1
5.25	2.654	12.3354	5.1444	1
5.3	2.6638	13.559	5.1458	1
5.35	2.6729	13.3377	5.143	1
5.4	2.6825	13.2459	5.1467	1
5.45	2.692	13.5153	5.1613	1
5.5	2.7018	13.0542	5.1638	1
5.55	2.7114	13.7511	5.1554	1
5.6	2.7199	14.2001	5.1651	1
5.65	2.7289	13.4791	5.1617	1
5.7	2.7394	13.5323	5.155	1
5.75	2.7488	13.9766	5.1508	1
5.8	2.7573	14.6288	5.1468	1
5.85	2.7661	14.0313	5.1511	1
5.9	2.7764	13.5157	5.1507	1
5.95	2.7857	14.3886	5.1352	1
6	2.7943	14.6042	5.1457	1
6.05	2.8029	14.6459	5.1634	1
6.1	2.8122	14.244	5.1545	1
6.15	2.8228	14.0874	5.1486	1
6.2	2.8326	14.7583	5.1433	1
6.25	2.8406	15.5576	5.1658	1
6.3	2.8491	14.6761	5.1762	1
6.35	2.8598	14.2066	5.1795	1
6.4	2.8694	15.1678	5.1868	1
6.45	2.8773	15.7225	5.1757	1
6.5	2.8862	15.0992	5.1784	1
6.55	2.8958	15.028	5.1741	1
6.6	2.9049	15.2579	5.1841	1
6.65	2.9134	15.6762	5.1877	1
6.7	2.9215	15.9155	5.1813	1
6.75	2.9309	15.2744	5.1891	1
6.8	2.941	15.4462	5.1795	1
6.85	2.9497	16.1791	5.1752	1
6.9	2.9572	16.6182	5.169	1
6.95	2.9663	15.332	5.1696	1
7	2.9757	16.1528	5.186	1
7.05	2.9841	16.4454	5.1804	1
7.1	2.9923	16.3992	5.1744	1
7.15	3.0012	16.2623	5.1775	1
7.2	3.0102	16.3763	5.1709	1
7.25	3.0186	16.7289	5.1791	1
7.3	3.0272	16.6767	5.1696	1
7.35	3.0361	16.5824	5.1645	1
7.4	3.0444	17.1429	5.1815	1
7.45	3.0529	16.6629	5.1909	1
7.5	3.0619	17.1763	5.2094	1
7.55	3.0697	17.4469	5.2078	1
7.6	3.078	16.9841	5.168	1
7.65	3.087	17.2899	5.1626	1
7.7	3.0951	17.7526	5.1806	1
7.75	3.1024	17.6796	5.1963	1
7.8	3.1117	17.0901	5.201	1
7.85	3.1193	18.309	5.1919	1
7.9	3.1263	18.0563	5.1874	1
7.95	3.1352	17.4136	5.1873	1
8	3.144	18.3019	5.1832	1
8.05	3.151	18.4642	5.1762	1
8.1	3.1591	17.96	5.1803	2
8.15	3.168	18.1746	5.1829	2
8.2	3.1756	18.7	5.181	2
8.25	3.1827	18.6668	5.1729	2
8.3	3.1913	18.0854	5.159	2
8.35	3.1988	19.1376	5.1524	2
8.4	3.2057	18.8097	5.1747	2
8.45	3.2137	18.2909	5.1867	2
8.5	3.2212	19.2472	5.173	2
8.55	3.2271	19.4364	5.1632	2
8.6	3.2346	18.3596	5.1661	2
8.65	3.242	19.2515	5.1783	2
8.7	3.2479	19.4375	5.1757	2
8.75	3.2539	19.3297	5.1623	2
8.8	3.2609	18.9211	5.1824	2
8.85	3.2669	19.6965	5.193	2
8.9	3.272	19.6407	5.1852	2
8.95	3.2787	18.973	5.1832	2
9	3.284	19.9612	5.1814	2
9.05	3.2888	19.8813	5.1873	2
9.1	3.2946	18.9707	5.1822	2
9.15	3.3007	20.2027	5.1939	2
9.2	3.3042	20.0221	5.2034	2
9.25	3.3099	19.3717	5.1741	2
9.3	3.3151	19.8864	5.1824	2
9.35	3.3191	20.4037	5.1878	2
9.4	3.3235	19.8932	5.1713	2
9.45	3.3286	19.7141	5.1754	2
9.5	3.3326	20.3435	5.192	2
9.55	3.3366	20.3931	5.1925	2
9.6	3.3406	19.7819	5.1861	2
9.65	3.3453	20.3157	5.1803	2
9.7	3.3477	20.4976	5.1894	2
9.75	3.3523	19.8343	5.1912	2
9.8	3.3561	20.4447	5.1845	2
9.85	3.3593	20.3381	5.1699	2
9.9	3.3637	19.8957	5.16	2
9.95	3.3679	20.1252	5.182	2
10	3.371	20.4434	5.1925	2
10.05	3.3749	20.0376	5.1799	2
10.1	3.3786	20.3337	5.1704	3
10.15	3.3821	20.3671	5.1916	3
10.2	3.3854	20.2914	5.1909	3
10.25	3.3886	20.5544	5.1793	3
10.3	3.391	20.704	5.1907	3
10.35	3.3941	20.4006	5.2005	3
10.4	3.3967	20.717	5.1847	3
10.45	3.3985	20.9301	5.1955	3
10.5	3.4004	20.3967	5.2007	3
10.55	3.4026	20.747	5.1898	3
10.6	3.4038	20.5772	5.194	3
10.65	3.4053	20.7852	5.1817	3
10.7	3.4062	20.3705	5.1773	3
10.75	3.4073	20.7584	5.1732	3
10.8	3.4075	20.6808	5.18	3
10.85	3.4083	20.3618	5.1743	3
10.9	3.4091	20.6348	5.1661	3
10.95	3.409	20.7741	5.1783	3
11	3.4094	20.2002	5.1713	3
11.05	3.4097	20.7196	5.1655	3
11.1	3.4087	20.5948	5.1732	3
11.15	3.4086	20.4027	5.1729	3
11.2	3.408	20.6083	5.1715	3
11.25	3.4073	20.2221	5.1721	3
11.3	3.4067	20.5202	5.1746	3
11.35	3.4058	20.1126	5.1773	3
11.4	3.4047	20.5564	5.1641	3
11.45	3.4036	20.0397	5.1698	3
11.5	3.4023	20.2927	5.1667	3
11.55	3.4013	19.8446	5.1702	3
11.6	3.3998	20.3215	5.1829	3
11.65	3.3979	20.0133	5.1793	3
11.7	3.3968	19.7619	5.1817	3
11.75	3.395	20.0368	5.1856	3
11.8	3.3928	20.0503	5.1709	3
11.85	3.3911	19.4477	5.1584	3
11.9	3.3896	19.9188	5.1479	3
11.95	3.3872	19.6333	5.1356	3
12	3.385	19.8148	5.1638	3
12.05	3.3825	19.4666	5.1651	3
12.1	3.3801	19.6156	5.1476	3
12.15	3.3772	19.8226	5.1432	3
12.2	3.3748	19.1602	5.1529	3
12.25	3.3725	19.4771	5.1567	3
12.3	3.3691	19.7412	5.1595	3
12.35	3.3661	18.9865	5.1577	3
12.4	3.3632	19.5497	5.1564	3
12.45	3.3595	19.3771	5.1281	3
12.5	3.3568	19.0224	5.137	3
12.55	3.3535	19.4379	5.1515	3
12.6	3.3499	19.1219	5.1451	3
12.65	3.3466	19.2266	5.1422	3
12.7	3.3432	19.1094	5.1424	3
12.75	3.3398	18.8497	5.1512	3
12.8	3.3359	19.2285	5.1614	3
12.85	3.3321	18.6125	5.1611	3
12.9	3.3286	18.8299	5.1546	3
12.95	3.3246	18.4965	5.159	3
13	3.3206	18.9105	5.1477	3
13.05	3.317	18.1658	5.1404	3
13.1	3.3137	18.3663	5.1394	3
13.15	3.31	18.243	5.1417	3
13.2	3.3062	18.6755	5.1531	3
13.25	3.3021	17.8257	5.1637	3
13.3	3.2991	18.2484	5.1737	3
13.35	3.2946	18.2063	5.1736	3
13.4	3.2903	18.1728	5.172	3
13.45	3.2866	17.6063	5.1824	3
13.5	3.2823	18.1334	5.1758	3
13.55	3.2779	17.7639	5.1537	3
13.6	3.2741	17.3693	5.1518	3
13.65	3.2693	18.0251	5.1581	3
13.7	3.2659	17.1332	5.1626	3
13.75	3.2621	17.5196	5.1665	3
13.8	3.2579	17.5876	5.1618	3
13.85	3.2528	17.2231	5.1539	3
13.9	3.2492	16.8822	5.1559	3
13.95	3.2446	17.481	5.1595	3
14	3.2401	17.0671	5.16	3
14.05	3.236	16.8364	5.148	3
14.1	3.2324	16.6384	5.1518	3
14.15	3.2276	17.0651	5.1597	3
14.2	3.2233	16.4765	5.1344	3
14.25	3.2197	16.5306	5.1289	3
14.3	3.215	16.6717	5.1315	3
14.35	3.2111	16.4631	5.1453	3
14.4	3.2069	16.1658	5.1451	3
14.45	3.2019	16.9032	5.128	3
14.5	3.1975	15.6782	5.1409	3
14.55	3.1938	16.3927	5.1586	3
14.6	3.1893	15.8664	5.1513	3
14.65	3.1847	16.0411	5.153	3
14.7	3.1802	15.9838	5.1657	3
14.75	3.1759	15.6857	5.157	3
14.8	3.1715	15.9256	5.1521	3
14.85	3.1669	15.6981	5.1431	3
14.9	3.1626	15.485	5.1439	3
14.95	3.1581	15.5201	5.144	3
15	3.1536	15.4236	5.133	3
15.05	3.1486	15.5992	5.1438	3
15.1	3.1439	15.1045	5.1607	3
15.15	3.1393	15.2251	5.1519	3
15.2	3.1348	15.249	5.147	3
15.25	3.1302	14.9453	5.145	3
15.3	3.1256	14.9701	5.1558	3
15.35	3.1204	15.0693	5.1476	3
15.4	3.1158	14.6581	5.1466	3
15.45	3.1116	14.8517	5.1539	3
15.5	3.1064	14.8559	5.1602	3
15.55	3.1015	14.5332	5.1597	3
15.6	3.0967	14.7451	5.151	3
15.65	3.092	14.089	5.1608	3
15.7	3.0871	14.899	5.1651	3
15.75	3.0816	14.2889	5.1553	3
15.8	3.0771	14.0883	5.1525	3
15.85	3.0725	14.3009	5.167	3
15.9	3.0675	13.8934	5.1691	3
15.95	3.0627	14.1985	5.1686	3
16	3.0571	14.1137	5.1732	3
16.05	3.052	13.7497	5.1792	3
16.1	3.0477	13.7958	5.1615	3
16.15	3.0425	13.7516	5.1447	3
16.2	3.0377	13.7403	5.1572	3
16.25	3.0322	13.6228	5.1594	3
16.3	3.0277	13.0914	5.1686	3
16.35	3.0225	13.5559	5.1677	3
16.4	3.0172	13.338	5.1598	3
16.45	3.0124	13.1053	5.1445	3
16.5	3.0069	13.4052	5.1374	3
16.55	3.0017	13.0147	5.1515	3
16.6	2.9968	12.9208	5.1514	3
16.65	2.9914	13.1729	5.1679	3
16.7	2.9858	12.7188	5.1788	3
16.75	2.9808	12.8974	5.1771	3
16.8	2.9759	12.4336	5.1686	3
16.85	2.9711	12.8298	5.1746	3
16.9	2.9654	12.5047	5.1848	3
16.95	2.9602	12.5599	5.1865	3
17	2.9546	12.3643	5.1716	3
17.05	2.9492	12.4252	5.1666	3
17.1	2.9436	12.4044	5.1628	3
17.15	2.9386	12.0335	5.158	3
17.2	2.9327	12.3865	5.1583	3
17.25	2.9276	11.7687	5.1561	3
17.3	2.922	12.1102	5.1443	3
17.35	2.9164	11.9506	5.1472	3
17.4	2.9111	11.6485	5.1562	3
17.45	2.9058	11.9514	5.1475	3
17.5	2.8997	11.8871	5.1369	3
17.55	2.8946	11.0013	5.1379	3
17.6	2.8886	12.0578	5.1295	3
17.65	2.8825	11.2511	5.1287	3
17.7	2.877	11.3949	5.1308	3
17.75	2.872	11.0956	5.137	3
17.8	2.8656	11.5284	5.13	3
17.85	2.8594	11.3104	5.1305	3
17.9	2.8541	10.715	5.1205	3
17.95	2.8487	11.1864	5.1403	3
18	2.8419	11.4628	5.1586	3
18.05	2.8369	10.113	5.1546	3
18.1	2.8314	11.3076	5.157	3
18.15	2.8244	10.8315	5.1492	3
18.2	2.819	10.4278	5.1444	3
18.25	2.8128	10.9278	5.1473	3
18.3	2.8067	10.3671	5.1509	3
18.35	2.8013	10.2537	5.165	3
18.4	2.7947	10.7936	5.1546	3
18.45	2.7884	9.9778	5.1581	3
18.5	2.7828	10.2695	5.1547	3
18.55	2.7761	10.189	5.1486	3
18.6	2.7703	10.1497	5.1486	3
18.65	2.764	9.9997	5.1648	3
18.7	2.7581	9.7444	5.1801	3
18.75	2.752	9.8011	5.1754	3
18.8	2.7452	10.0366	5.1581	3
18.85	2.7393	9.3432	5.1572	3
18.9	2.7333	9.9296	5.159	3
18.95	2.7263	9.5982	5.1533	3
19	2.7198	9.4349	5.1632	3
19.05	2.7131	9.652	5.1638	3
19.1	2.7071	8.9171	5.1589	3
19.15	2.7009	9.3833	5.1608	3
19.2	2.6945	9.1531	5.1661	3
19.25	2.6881	9.1044	5.1858	3
19.3	2.6822	8.9515	5.1686	3
19.35	2.675	9.3419	5.151	3
19.4	2.6683	8.7977	5.1596	3
19.45	2.6616	9.022	5.1683	3
19.5	2.6554	8.4811	5.1759	3
19.55	2.6484	8.9977	5.1752	3
19.6	2.6412	8.6971	5.1741	3
19.65	2.6345	8.5713	5.1616	3
19.7	2.6275	8.6835	5.1644	3
19.75	2.6206	8.146	5.1772	3
19.8	2.6143	8.3782	5.1681	3
19.85	2.6067	8.5585	5.1658	3
19.9	2.6001	7.907	5.1793	3
19.95	2.5941	7.7922	5.1705	3
20	2.5873	8.0844	5.1786	3
20.05	2.58	8.0664	5.1743	3
20.1	2.5732	7.6896	5.18	3
20.15	2.5665	7.6465	5.1812	3
20.2	2.559	8.2468	5.1661	3
20.25	2.5521	7.1446	5.1617	3
20.3	2.5456	7.8573	5.1517	3
20.35	2.5384	7.4707	5.1553	3
20.4	2.5312	7.3783	5.1643	3
20.45	2.5249	7.4414	5.154	3
20.5	2.5179	6.9813	5.1609	3
20.55	2.5107	7.5742	5.1662	3
20.6	2.5036	6.8568	5.1533	3
20.65	2.4958	7.3806	5.159	3
20.7	2.4888	7.0045	5.1685	3
20.75	2.4818	6.6708	5.1763	3
20.8	2.4753	6.8956	5.1658	3
20.85	2.4678	6.8282	5.1692	3
20.9	2.4606	6.5468	5.1724	3
20.95	2.4535	6.6807	5.1635	3
21	2.446	6.5001	5.1568	3
21.05	2.4387	6.4736	5.1501	3
21.1	2.4312	6.2713	5.145	3
21.15	2.424	6.2448	5.1434	3
21.2	2.4167	6.3788	5.1481	3
21.25	2.409	6.267	5.1475	3
21.3	2.4019	5.8759	5.1448	3
21.35	2.3945	6.1016	5.1378	3
21.4	2.3863	6.286	5.1295	3
21.45	2.3786	5.7193	5.1414	3
21.5	2.3714	5.8389	5.1476	3
21.55	2.3631	6.0954	5.1463	3
21.6	2.3544	6.1294	5.1388	3
21.65	2.3469	5.1704	5.133	3
21.7	2.3397	5.5779	5.144	3
21.75	2.332	5.8283	5.151	3
21.8	2.3233	5.5076	5.1491	3
21.85	2.3154	5.582	5.1522	3
21.9	2.3075	5.0622	5.1434	3
21.95	2.2984	6.0681	5.1255	3
22	2.2904	4.5284	5.1346	3
22.05	2.283	5.4145	5.1603	3
22.1	2.2739	5.3153	5.1455	4
22.15	2.2663	4.6446	5.1396	4
22.2	2.2584	5.0905	5.1341	4
22.25	2.2491	5.2678	5.1383	4
22.3	2.2412	4.3461	5.1536	4
22.35	2.233	5.0339	5.1475	4
22.4	2.2241	4.9671	5.1266	4
22.45	2.2158	4.5516	5.1297	4
22.5	2.2087	4.094	5.1398	4
22.55	2.2004	5.2281	5.1544	4
22.6	2.1918	4.4968	5.153	4
22.65	2.1851	4.0529	5.1436	4
22.7	2.1776	4.8865	5.138	4
22.75	2.1687	4.4936	5.1263	4
22.8	2.1623	3.7076	5.1297	4
22.85	2.1547	4.7026	5.1409	4
22.9	2.1476	4.0088	5.1484	4
22.95	2.1402	4.2341	5.1397	4
23	2.1339	3.8093	5.1198	4
23.05	2.127	4.1546	5.1246	4
23.1	2.1201	3.8287	5.1261	4
23.15	2.1143	3.6729	5.1192	4
23.2	2.1081	3.7619	5.1273	4
23.25	2.1017	4.065	5.124	4
23.3	2.0963	3.0866	5.1386	4
23.35	2.09	4.4745	5.1526	4
23.4	2.0835	3.4658	5.1363	4
23.45	2.0778	3.5568	5.12	4
23.5	2.0718	3.6468	5.1229	4
23.55	2.0664	3.4007	5.1268	4
23.6	2.0603	3.8921	5.1266	4
23.65	2.0547	3.0178	5.1294	4
23.7	2.0511	3.1418	5.1348	4
23.75	2.046	3.2917	5.119	4
23.8	2.0406	3.7637	5.1125	4
23.85	2.0353	2.7511	5.1108	4
23.9	2.031	3.2251	5.1127	4
23.95	2.0264	2.9408	5.1078	4
24	2.0216	3.2033	5.1038	4
24.05	2.0175	2.5835	5.1072	4
24.1	2.0127	3.2262	5.1141	4
24.15	2.0085	2.6828	5.134	4
24.2	2.0047	3.0244	5.1428	4
24.25	2.0007	2.4445	5.137	4
24.3	1.9961	3.5502	5.1235	4
24.35	1.9909	2.4768	5.1254	4
24.4	1.9883	2.5066	5.131	4
24.45	1.983	3.7631	5.1455	4
24.5	1.9782	2.4201	5.1453	4
24.55	1.9755	2.3872	5.1537	4
24.6	1.9703	3.8141	5.1603	4
24.65	1.966	2.1391	5.1517	4
24.7	1.9631	3.0174	5.1524	4
24.75	1.9583	2.6278	5.1483	4
24.8	1.9546	2.9149	5.1579	4
24.85	1.9506	2.7404	5.1597	4
24.9	1.9467	2.6992	5.1542	4
24.95	1.9434	2.2708	5.1597	4
25	1.9389	3.3298	5.1392	4
25.05	1.9356	2.0688	5.1337	4
25.1	1.9321	2.9659	5.1364	4
25.15	1.9278	2.6187	5.1188	4
25.2	1.9248	2.4966	5.1193	4
25.25	1.9207	2.6262	5.129	4
25.3	1.9175	2.5698	5.1152	4
25.35	1.9134	2.3922	5.1286	4
25.4	1.9101	2.8945	5.1508	4
25.45	1.9071	2.1824	5.1458	4
25.5	1.9041	2.5389	5.1421	4
25.55	1.9002	3.0362	5.1458	4
25.6	1.8972	1.9108	5.1353	4
25.65	1.8935	2.6918	5.1271	4
25.7	1.8912	2.2613	5.124	4
25.75	1.8873	2.3879	5.1095	4
25.8	1.8853	2.3101	5.1226	4
25.85	1.8818	2.2807	5.1417	4
25.9	1.8785	2.8073	5.1294	4
25.95	1.8757	1.679	5.1256	4
26	1.8729	2.6931	5.1346	4
26.05	1.8693	2.3451	5.1301	4
26.1	1.8677	1.6348	5.1289	4
26.15	1.8642	3.1315	5.1309	4
26.2	1.8609	1.8015	5.1505	4
26.25	1.8579	2.7902	5.1507	4
26.3	1.8553	1.7041	5.1416	4
26.35	1.8524	2.5531	5.1613	4
26.4	1.8492	2.3985	5.178	4
26.45	1.8465	1.8299	5.1748	4
26.5	1.8438	2.6721	5.1768	4
26.55	1.8402	2.0794	5.1666	4
26.6	1.8386	1.9014	5.1531	4
26.65	1.8359	2.3578	5.152	4
26.7	1.8324	2.3707	5.1642	4
26.75	1.83	1.8571	5.1839	4
26.8	1.828	2.0916	5.1574	4
26.85	1.8237	2.9312	5.1331	4
26.9	1.8225	1.1298	5.1456	4
26.95	1.8196	2.8173	5.1392	4
27	1.8173	1.6642	5.1227	4
27.05	1.8148	2.3697	5.1158	4
27.1	1.8133	1.3914	5.1188	4
27.15	1.8097	3.0036	5.1219	4
27.2	1.8075	1.5495	5.1293	4
27.25	1.805	2.3132	5.1375	4
27.3	1.8027	1.7978	5.1346	4
27.35	1.7996	2.6705	5.1281	4
27.4	1.7983	0.98	5.111	4
27.45	1.796	2.8269	5.106	4
27.5	1.793	1.5035	5.1012	4
27.55	1.7919	2.0183	5.1022	4
27.6	1.7884	2.2404	5.1096	4
27.65	1.7865	2.0011	5.1362	4
27.7	1.7848	1.4654	5.1288	4
27.75	1.7818	2.9762	5.1162	4
27.8	1.7794	1.2168	5.1299	4
27.85	1.7786	2.0156	5.1289	4
27.9	1.7755	2.0503	5.13	4
27.95	1.7737	1.8077	5.1312	4
28	1.7717	1.8292	5.1247	4
28.05	1.7702	1.8515	5.1225	4
28.1	1.7674	2.0903	5.1128	4
28.15	1.7661	1.388	5.1239	4
28.2	1.7645	1.8816	5.1212	4
28.25	1.7623	2.2158	5.1322	4
28.3	1.7601	1.3884	5.1204	4
28.35	1.7596	1.3994	5.1062	4
28.4	1.7567	2.5158	5.1177	4
28.45	1.7549	1.2654	5.133	4
28.5	1.7541	1.6165	5.1262	4
28.55	1.7514	2.4064	5.1202	4
28.6	1.7493	1.4416	5.116	4
28.65	1.7488	1.4488	5.108	4
28.7	1.7463	2.1495	5.0986	4
28.75	1.745	1.417	5.1052	4
28.8	1.7438	1.6342	5.129	4
28.85	1.7416	2.1771	5.142	4
28.9	1.7403	1.3564	5.1327	4
28.95	1.7382	2.2223	5.1321	4
29	1.7367	1.2588	5.1453	4
29.05	1.7355	2.0342	5.1422	4
29.1	1.733	1.6485	5.1209	4
29.15	1.7323	1.5032	5.1383	4
29.2	1.7305	1.6747	5.1533	4
29.25	1.7284	1.9284	5.137	4
29.3	1.7271	1.2013	5.1331	4
29.35	1.7252	2.0624	5.1345	4
29.4	1.7238	1.3316	5.1518	4
29.45	1.7229	1.8482	5.1709	4
29.5	1.721	1.3754	5.1531	4
29.55	1.721	1.2192	5.1428	4
29.6	1.7181	2.4371	5.1563	4
29.65	1.7173	0.7623	5.146	4
29.7	1.7172	1.6307	5.1447	4
29.75	1.7147	1.9867	5.1531	4
29.8	1.7141	0.8391	5.1452	4
29.85	1.7131	1.8851	5.1368	4
29.9	1.7107	1.7407	5.1385	4
29.95	1.7111	0.812	5.1366	4
30	1.709	2.3558	5.1364	4
30.05	1.7083	0.7657	5.1398	4
30.1	1.7071	2.1516	5.1359	4
30.15	1.7054	1.2973	5.13	4
30.2	1.7051	1.1476	5.1338	4
30.25	1.7037	1.7863	5.1211	4
30.3	1.7025	1.2229	5.1257	4
30.35	1.7021	1.1298	5.1292	4
30.4	1.7	2.2005	5.1279	4
30.45	1.6994	0.4905	5.1367	4
30.5	1.6989	2.1056	5.1272	4
30.55	1.697	1.4045	5.1006	4
30.6	1.6967	1.1197	5.0977	4
30.65	1.6955	1.7872	5.1148	4
30.7	1.6943	1.0906	5.1298	4
30.75	1.6942	1.3935	5.124	4
30.8	1.6924	1.673	5.1164	4
30.85	1.6916	0.9748	5.1117	4
30.9	1.6903	1.8412	5.1074	4
30.95	1.6885	1.4623	5.1288	4
31	1.6884	1.0878	5.1209	4
31.05	1.6879	1.3715	5.1319	4
31.1	1.6869	1.5958	5.1592	4
31.15	1.6861	1.1151	5.1559	4
31.2	1.6861	1.1477	5.145	4
31.25	1.6848	1.602	5.1349	4
31.3	1.6837	1.2702	5.1364	4
31.35	1.6829	1.2987	5.1435	4
31.4	1.6826	1.223	5.1317	4
31.45	1.6818	1.4406	5.1482	4
31.5	1.6806	1.379	5.1676	4
31.55	1.6808	0.5862	5.1717	4
31.6	1.6796	2.0546	5.1507	4
31.65	1.6782	0.9246	5.1384	4
31.7	1.6794	0.6976	5.1461	4
31.75	1.678	1.7524	5.1521	4
31.8	1.6773	0.904	5.1613	4
31.85	1.6772	1.0098	5.1538	4
31.9	1.677	1.2666	5.1402	4
31.95	1.6764	0.9972	5.1332	4
32	1.676	1.2159	5.1472	4
32.05	1.6766	0.4341	5.1496	4
32.1	1.6771	1.3941	5.1646	4
32.15	1.6759	1.1134	5.1609	4
32.2	1.6771	0.4013	5.154	4
32.25	1.6771	1.3235	5.1551	4
32.3	1.677	0.8747	5.1417	4
32.35	1.6772	0.9105	5.1419	4
32.4	1.6775	0.693	5.1609	4
32.45	1.6777	0.9267	5.1708	4
32.5	1.6781	0.7749	5.1624	4
32.55	1.6782	0.8797	5.1425	4
32.6	1.6792	0.7339	5.1452	4
32.65	1.679	1.04	5.1483	4
32.7	1.6795	0.5086	5.1513	4
32.75	1.6796	1.003	5.1461	4
32.8	1.6802	0.6136	5.1299	4
32.85	1.6808	0.8443	5.1318	4
32.9	1.682	0.4106	5.1424	4
32.95	1.682	1.2161	5.1381	4
33	1.6818	0.5215	5.1414	4
33.05	1.6824	0.8106	5.1301	4
33.1	1.6833	0.6973	5.1359	4
33.15	1.6833	1.0057	5.146	4
33.2	1.6837	0.6384	5.1526	4
33.25	1.6847	0.5589	5.1623	4
33.3	1.6859	0.4688	5.1464	4
33.35	1.6856	1.4214	5.1441	4
33.4	1.6861	0.3758	5.1424	4
33.45	1.6873	0.8638	5.1329	4
33.5	1.6871	0.8658	5.1301	4
33.55	1.6877	0.5991	5.1167	4
33.6	1.6886	0.6355	5.1359	4
33.65	1.6889	0.9701	5.158	4
33.7	1.6895	0.3104	5.1482	4
33.75	1.6897	1.2114	5.1409	4
33.8	1.6902	0.4531	5.1352	4
33.85	1.691	0.8234	5.1382	4
33.9	1.6917	0.5214	5.1389	4
33.95	1.6924	0.6819	5.1497	4
34	1.6924	0.9749	5.1623	4
34.05	1.6927	0.6092	5.166	4
34.1	1.6944	0.4389	5.1503	4
34.15	1.6944	1.252	5.1376	4
34.2	1.6948	0.1945	5.1402	4
34.25	1.6959	0.9595	5.1601	4
34.3	1.6965	0.4868	5.161	4
34.35	1.6976	0.5421	5.1461	4
34.4	1.6981	1.0539	5.1399	4
34.45	1.6988	0.1639	5.1372	4
34.5	1.6997	1.1522	5.1461	4
34.55	1.6997	0.6829	5.1512	4
34.6	1.7011	0.3212	5.1519	4
34.65	1.7013	1.3325	5.1609	4
34.7	1.702	0.0104	5.1642	4
34.75	1.7035	0.8222	5.1721	4
34.8	1.7029	1.0478	5.1831	4
34.85	1.7037	0.3192	5.1658	4
34.9	1.7052	0.7964	5.1615	4
34.95	1.7053	0.6338	5.1566	4
35	1.7065	0.545	5.1588	4
35.05	1.7069	0.8807	5.1542	4
35.1	1.7078	0.3765	5.1475	4
35.15	1.7087	0.9475	5.1615	4
35.2	1.7092	0.3728	5.1619	4
35.25	1.7108	0.5454	5.1483	4
35.3	1.7114	0.8123	5.1633	4
35.35	1.712	0.5606	5.1689	4
35.4	1.7134	0.4286	5.184	4
35.45	1.714	0.7801	5.1786	4
35.5	1.715	0.4057	5.1615	4
35.55	1.7165	0.5989	5.1692	4
35.6	1.7167	0.5139	5.1695	4
35.65	1.7178	0.7169	5.1688	4
35.7	1.7189	0.1379	5.1676	4
35.75	1.7202	0.699	5.1704	4
35.8	1.7211	0.5272	5.1737	4
35.85	1.7221	0.4802	5.1643	4
35.9	1.7235	0.3318	5.1607	4
35.95	1.7243	0.7689	5.1691	4
36	1.7252	0.3153	5.1649	4
36.05	1.7263	0.7064	5.1623	4
36.1	1.7276	0.3398	5.16	4
36.15	1.7283	0.7646	5.1679	4
36.2	1.7295	0.2196	5.161	4
36.25	1.7308	0.6007	5.1524	4
36.3	1.7314	0.6325	5.1559	4
36.35	1.7332	0.0959	5.1686	4
36.4	1.734	0.8083	5.1675	4
36.45	1.7349	0.3776	5.1611	4
36.5	1.7366	0.4067	5.1674	4
36.55	1.737	0.6305	5.1831	4
36.6	1.7388	0.0958	5.1868	4
36.65	1.74	0.6674	5.166	4
36.7	1.7401	0.831	5.1602	4
36.75	1.7419	-0.0413	5.1636	4
36.8	1.7425	1.0609	5.1564	4
36.85	1.7435	0.1918	5.1554	4
36.9	1.7452	0.3907	5.1748	4
36.95	1.7456	0.8505	5.1943	4
37	1.7473	0.0593	5.1798	4
37.05	1.7482	0.9601	5.1623	4
37.1	1.7488	0.3369	5.155	4
37.15	1.7509	0.1919	5.1559	4
37.2	1.7508	1.3379	5.1858	4
37.25	1.7519	-0.1661	5.1703	4
37.3	1.7543	0.6216	5.1621	4
37.35	1.754	0.9901	5.1784	4
37.4	1.7554	0.0315	5.1699	4
37.45	1.7572	0.594	5.1699	4
37.5	1.7567	1.0532	5.1683	4
37.55	1.7588	-0.2178	5.1674	4
37.6	1.7597	1.0528	5.1745	4
37.65	1.76	0.5534	5.1688	4
37.7	1.7615	0.1124	5.1746	4
37.75	1.7628	0.7782	5.1408	4
37.8	1.763	0.5471	5.149	4
37.85	1.7643	0.5116	5.1664	4
37.9	1.7656	0.3888	5.1666	4
37.95	1.7665	0.715	5.1749	4
38	1.7672	0.5755	5.1674	4
38.05	1.7687	0.2081	5.1716	4
38.1	1.7694	0.881	5.1958	4
38.15	1.77	0.5782	5.1801	4
38.2	1.7716	0.1593	5.1661	4
38.25	1.7727	0.8069	5.1644	4
38.3	1.7726	0.9775	5.162	4
38.35	1.7746	-0.3199	5.1545	4
38.4	1.7757	1.0604	5.1561	4
38.45	1.7757	0.716	5.1821	4
38.5	1.7767	0.6105	5.1864	4
38.55	1.7782	0.2499	5.1708	4
38.6	1.7791	1.0342	5.1754	4
38.65	1.779	0.5819	5.1839	4
38.7	1.7801	0.5926	5.2021	4
38.75	1.7809	0.8241	5.2022	4
38.8	1.7811	0.8751	5.181	4
38.85	1.782	0.5953	5.1939	4
38.9	1.7827	0.6643	5.1843	4
38.95	1.7828	1.1015	5.1825	4
39	1.7828	0.9262	5.1777	4
39.05	1.7834	0.4231	5.1652	4
39.1	1.7846	0.9775	5.1636	4
39.15	1.7841	1.1467	5.1631	4
39.2	1.7845	0.8138	5.1634	4
39.25	1.785	0.6711	5.1712	4
39.3	1.7853	0.8664	5.1685	4
39.35	1.7848	1.3238	5.182	4
39.4	1.785	0.6897	5.1916	4
39.45	1.7855	0.9768	5.1836	4
39.5	1.7851	1.337	5.1801	4
39.55	1.7843	0.9476	5.168	4
39.6	1.7857	0.5722	5.1623	4
39.65	1.785	1.6924	5.1647	4
39.7	1.7838	1.2085	5.1662	4
39.75	1.7845	0.5615	5.1709	4
39.8	1.7846	1.3861	5.1643	4
39.85	1.7832	1.6251	5.1567	4
39.9	1.783	0.6324	5.1621	4
39.95	1.7839	1.2226	5.1558	4
40	1.7829	1.3863	5.1454	4
40.05	1.7822	1.2055	5.1354	4
40.1	1.783	0.7335	5.1399	4
40.15	1.7821	1.5621	5.1419	4
40.2	1.7811	1.6569	5.1546	4
40.25	1.7806	0.7817	5.1657	4
40.3	1.7804	1.6064	5.1549	4
40.35	1.7796	1.1663	5.1619	4
40.4	1.78	0.8806	5.1637	4
40.45	1.7802	1.1053	5.1573	4
40.5	1.7799	1.312	5.1655	4
40.55	1.7797	0.7697	5.1327	4
40.6	1.7799	1.4005	5.1428	4
40.65	1.7793	0.8711	5.1607	4
40.7	1.7795	1.3382	5.1457	4
40.75	1.7787	1.3386	5.153	4
40.8	1.7778	1.3789	5.1502	4
40.85	1.7782	0.8466	5.1669	4
40.9	1.7774	1.5956	5.1699	4
40.95	1.7766	1.0812	5.1478	4
41	1.7762	1.5764	5.1614	4
41.05	1.7757	1.0214	5.1749	4
41.1	1.7749	1.582	5.1636	4
41.15	1.7738	1.4902	5.1723	4
41.2	1.7736	0.9784	5.1747	4
41.25	1.7726	1.6582	5.1607	4
41.3	1.7718	1.2966	5.164	4
41.35	1.7712	1.1758	5.1634	4
41.4	1.7706	1.8224	5.1807	4
41.45	1.7693	1.2516	5.1936	4
41.5	1.7688	1.4593	5.1855	4
41.55	1.7672	1.7385	5.1763	4
41.6	1.7663	1.151	5.1923	4
41.65	1.766	1.4622	5.193	4
41.7	1.7647	1.5154	5.1786	4
41.75	1.7638	1.5234	5.171	4
41.8	1.7634	1.0281	5.1731	4
41.85	1.7621	1.7048	5.1746	4
41.9	1.7613	1.2799	5.1807	4
41.95	1.761	0.9564	5.1831	4
42	1.7603	1.8226	5.1943	4
42.05	1.7585	1.4288	5.1889	4
42.1	1.7585	0.8468	5.1825	4
42.15	1.7583	1.5622	5.1993	4
42.2	1.7568	1.6994	5.214	4
42.25	1.756	1.096	5.192	4
42.3	1.756	1.1972	5.1721	4
42.35	1.7545	1.7371	5.1597	4
42.4	1.754	1.249	5.1644	4
42.45	1.7532	1.1393	5.1678	4
42.5	1.7531	1.4823	5.1645	4
42.55	1.7507	1.6517	5.1582	4
42.6	1.7512	0.9214	5.154	4
42.65	1.7509	1.3046	5.1675	4
42.7	1.7494	1.8455	5.1608	4
42.75	1.7486	1.0514	5.151	4
42.8	1.7484	1.0264	5.1468	4
42.85	1.7472	1.9189	5.1599	4
42.9	1.7469	0.7046	5.1555	4
42.95	1.7462	1.7047	5.1477	4
43	1.7455	1.1095	5.1479	4
43.05	1.7444	1.6562	5.1581	4
43.1	1.7441	1.066	5.1684	4
43.15	1.7434	1.4316	5.1733	4
43.2	1.7428	1.2416	5.1733	4
43.25	1.7425	1.2351	5.1682	4
43.3	1.7411	1.5304	5.1628	4
43.35	1.7412	1.0217	5.1764	4
43.4	1.7399	1.6789	5.1882	4
43.45	1.7396	1.1392	5.1701	4
43.5	1.7389	1.3401	5.1588	4
43.55	1.7379	1.4548	5.174	4
43.6	1.7372	1.3187	5.1681	4
43.65	1.7368	1.0011	5.1593	4
43.7	1.7365	1.5601	5.1646	4
43.75	1.7355	1.1092	5.169	4
43.8	1.7355	1.3591	5.1838	4
43.85	1.7348	1.321	5.1826	4
43.9	1.7339	1.3864	5.1604	4
43.95	1.7335	1.0033	5.1533	4
44	1.7335	1.2147	5.1605	4
44.05	1.7319	1.6948	5.1631	4
44.1	1.7317	0.7382	5.1722	4
44.15	1.7313	1.5205	5.1793	4
44.2	1.7306	1.2081	5.1759	4
44.25	1.7304	0.8431	5.1647	4
44.3	1.7302	1.4134	5.1664	4
44.35	1.7291	1.3273	5.1642	4
44.4	1.7292	0.8302	5.1513	4
44.45	1.729	1.5494	5.1604	4
44.5	1.7281	0.7918	5.1529	4
44.55	1.7284	1.453	5.1494	4
44.6	1.7271	1.2277	5.147	4
44.65	1.7268	1.0437	5.1354	4
44.7	1.7269	1.0736	5.1532	4
44.75	1.7265	1.4011	5.1646	4
44.8	1.7259	0.8933	5.1729	4
44.85	1.7263	1.1884	5.1749	4
44.9	1.7257	1.11	5.1525	4
44.95	1.7258	1.0208	5.131	4
45	1.7255	1.3243	5.1258	4
45.05	1.7252	0.8569	5.1378	4
45.1	1.725	1.3993	5.1391	4
45.15	1.725	0.8393	5.1397	4
45.2	1.7249	1.1941	5.1488	4
45.25	1.7247	1.1771	5.1566	4
45.3	1.7239	1.2358	5.1404	4
45.35	1.7245	0.5011	5.1421	4
45.4	1.7237	2.0624	5.1448	4
45.45	1.7232	0.2738	5.15	4
45.5	1.724	1.3439	5.1624	4
45.55	1.7232	1.1387	5.1766	4
45.6	1.723	1.0428	5.1687	4
45.65	1.7231	0.99	5.1697	4
45.7	1.7223	1.4891	5.1587	4
45.75	1.7221	0.6967	5.1473	4
45.8	1.7225	1.2147	5.1519	4
45.85	1.7216	1.1102	5.1532	4
45.9	1.7219	0.9861	5.1359	4
45.95	1.7217	1.0032	5.1293	4
46	1.721	1.4284	5.1367	4
46.05	1.721	0.6776	5.1455	4
46.1	1.7212	1.34	5.1433	4
46.15	1.7212	0.6432	5.1364	4
46.2	1.7212	1.4022	5.1332	4
46.25	1.7202	1.0312	5.1308	4
46.3	1.7209	0.6119	5.1391	4
46.35	1.7204	1.6155	5.1629	4
46.4	1.72	0.7334	5.1628	4
46.45	1.7204	0.8243	5.1635	4
46.5	1.7204	1.2662	5.1588	4
46.55	1.72	0.9397	5.1551	4
46.6	1.7209	0.7006	5.1387	4
46.65	1.7204	1.3765	5.1487	4
46.7	1.7208	0.4925	5.1545	4
46.75	1.7209	1.4429	5.1563	4
46.8	1.7205	0.5909	5.1436	4
46.85	1.7213	0.8006	5.1513	4
46.9	1.7214	1.1056	5.1569	4
46.95	1.721	1.1883	5.1521	4
47	1.7224	0.1694	5.148	4
47.05	1.722	1.8652	5.1293	4
47.1	1.722	0.2436	5.139	4
47.15	1.7235	0.8532	5.1406	4
47.2	1.7228	1.3745	5.1258	4
47.25	1.723	0.6484	5.138	4
47.3	1.7239	0.4683	5.1393	4
47.35	1.7239	1.2946	5.1291	4
47.4	1.7239	0.5913	5.1427	4
47.45	1.7241	1.1373	5.1599	4
47.5	1.7238	0.9427	5.1579	4
47.55	1.725	0.3969	5.1458	4
47.6	1.7249	1.4992	5.1536	4
47.65	1.7252	0.5291	5.1569	4
47.7	1.7257	0.9669	5.135	4
47.75	1.7254	0.9038	5.1599	4
47.8	1.7259	1.109	5.1597	4
47.85	1.7263	0.4596	5.1518	4
47.9	1.7262	1.7264	5.1665	4
47.95	1.726	0.2297	5.1698	4
48	1.7262	1.6098	5.1744	4
48.05	1.7267	0.2445	5.1955	4
48.1	1.7272	1.2031	5.1956	4
48.15	1.7266	1.0972	5.1762	4
48.2	1.7278	0.4179	5.1634	4
48.25	1.7276	1.188	5.1645	4
48.3	1.728	0.7781	5.1624	4
48.35	1.7279	0.836	5.1577	4
48.4	1.7295	0.5119	5.1645	4
48.45	1.7285	1.5128	5.1526	4
48.5	1.7299	0.2619	5.1487	4
48.55	1.7296	1.3958	5.1628	4
48.6	1.7299	0.4648	5.1659	4
48.65	1.7297	1.3887	5.1618	4
48.7	1.7309	0.1737	5.1619	4
48.75	1.7308	1.3992	5.1543	4
48.8	1.7311	0.5005	5.1704	4
48.85	1.7315	0.7936	5.1605	4
48.9	1.7314	1.1902	5.1397	4
48.95	1.7322	0.3962	5.1434	4
49	1.7328	0.6872	5.1461	4
49.05	1.7334	1.2452	5.1622	4
49.1	1.7338	0.1743	5.1517	4
49.15	1.7352	1.1631	5.13	4
49.2	1.735	0.8324	5.1531	4
49.25	1.7353	0.6761	5.1645	4
49.3	1.736	0.7245	5.1543	4
49.35	1.7366	0.7776	5.1292	4
49.4	1.7366	1.1444	5.1188	4
49.45	1.7372	0.5957	5.1324	4
49.5	1.7379	0.6477	5.1487	4
49.55	1.738	1.0466	5.142	4
49.6	1.7377	0.6378	5.1282	4
49.65	1.7393	0.5189	5.1303	4
49.7	1.7388	1.4245	5.1344	4
49.75	1.7393	0.5477	5.1292	4
49.8	1.7406	0.3867	5.1367	4
49.85	1.7404	1.2691	5.1429	4
49.9	1.7408	0.711	5.1455	4
49.95	1.7416	0.5838	5.1353	4
50	1.742	1.094	5.1243	4
50.05	1.7426	0.53	5.1345	4
50.1	1.7424	1.3725	5.1452	4
50.15	1.7434	0.1604	5.1366	4
50.2	1.7435	1.2071	5.1438	4
50.25	1.7432	0.8845	5.1515	4
50.3	1.7441	0.5029	5.1465	4
50.35	1.7445	0.9447	5.1506	4
50.4	1.7444	0.9887	5.1355	4
50.45	1.7446	0.8437	5.1399	4
50.5	1.7452	0.8342	5.1534	4
50.55	1.746	0.655	5.1548	4
50.6	1.7457	1.1579	5.154	4
50.65	1.7462	0.3771	5.1606	4
50.7	1.7471	0.9024	5.1668	4
50.75	1.7477	0.832	5.1648	4
50.8	1.7481	0.4881	5.1579	4
50.85	1.7486	1.3823	5.1543	4
50.9	1.7485	0.29	5.1499	4
50.95	1.75	0.7429	5.1538	4
51	1.7502	1.0121	5.1553	4
51.05	1.7502	0.614	5.1632	4
51.1	1.7518	0.6666	5.1502	4
51.15	1.7516	0.9856	5.1277	4
51.2	1.7521	0.4046	5.1331	4
51.25	1.7535	0.8572	5.1351	4
51.3	1.7528	1.0797	5.138	4
51.35	1.7531	0.6953	5.1472	4
51.4	1.7534	0.9111	5.1321	4
51.45	1.7538	0.7273	5.1233	4
51.5	1.7552	0.6772	5.1236	4
51.55	1.7557	0.7153	5.1287	4
51.6	1.756	1.1121	5.1391	4
51.65	1.7563	0.4046	5.1478	4
51.7	1.757	1.0502	5.1613	4
51.75	1.757	0.8799	5.1646	4
51.8	1.7576	0.7132	5.1667	4
51.85	1.7589	0.6225	5.1629	4
51.9	1.7586	1.0526	5.1475	4
51.95	1.7589	0.7812	5.15	4
52	1.7596	0.3543	5.1399	4
52.05	1.7602	1.4361	5.135	4
52.1	1.7603	0.2255	5.1412	4
52.15	1.7609	1.2494	5.1426	4
52.2	1.761	0.5384	5.1449	4
52.25	1.7617	0.9908	5.1268	4
52.3	1.762	0.5088	5.1282	4
52.35	1.7634	0.7321	5.1492	4
52.4	1.7622	1.2579	5.1304	4
52.45	1.7634	0.5561	5.1117	4
52.5	1.7632	0.8288	5.1285	4
52.55	1.7641	0.9752	5.1495	4
52.6	1.7635	1.0011	5.1616	4
52.65	1.7653	0.0279	5.1551	4
52.7	1.7653	1.6961	5.144	4
52.75	1.7654	0.2681	5.1369	4
52.8	1.7667	0.7521	5.1398	4
52.85	1.7671	0.8065	5.1553	4
52.9	1.7665	1.3625	5.1531	4
52.95	1.768	-0.1994	5.1432	4
53	1.7679	1.4764	5.142	4
53.05	1.7687	0.2811	5.1511	4
53.1	1.77	0.747	5.1631	4
53.15	1.77	0.801	5.147	4
53.2	1.7707	0.8272	5.1437	4
53.25	1.7711	0.3512	5.1326	4
53.3	1.7725	0.7635	5.1352	4
53.35	1.7731	0.6432	5.1357	4
53.4	1.7733	1.0116	5.1319	4
53.45	1.7743	0.1964	5.1436	4
53.5	1.7756	0.6752	5.1452	4
53.55	1.7756	1.0738	5.15	4
53.6	1.777	0.0886	5.1535	4
53.65	1.7782	0.7063	5.1534	4
53.7	1.7786	0.6937	5.1615	4
53.75	1.7797	0.4718	5.1581	4
53.8	1.7805	0.6378	5.1543	4
53.85	1.7809	0.7677	5.1601	4
53.9	1.7822	0.0799	5.1724	4
53.95	1.7835	0.8039	5.1723	4
54	1.7843	0.4176	5.1638	4
54.05	1.7853	0.6997	5.1538	4
54.1	1.7871	-0.0333	5.1525	4
54.15	1.7877	1.1617	5.1246	4
54.2	1.7888	0.0504	5.1148	4
54.25	1.791	0.1496	5.1292	4
54.3	1.7918	1.006	5.1365	4
54.35	1.7926	0.0654	5.1537	4
54.4	1.7942	0.5995	5.1771	4
54.45	1.7949	0.6189	5.1564	4
54.5	1.796	0.217	5.1356	4
54.55	1.798	0.6345	5.1461	4
54.6	1.7983	0.3722	5.1657	4
54.65	1.8001	0.2554	5.1874	4
54.7	1.8009	0.9028	5.185	4
54.75	1.8013	0.3079	5.165	4
54.8	1.8034	0.2492	5.159	4
54.85	1.8036	0.9483	5.1558	4
54.9	1.8052	0.0655	5.1497	4
54.95	1.8064	0.4771	5.1495	4
55	1.8072	0.8679	5.1645	4
55.05	1.8078	0.203	5.1568	4
55.1	1.81	0.2214	5.1523	4
55.15	1.8106	0.8536	5.1787	4
55.2	1.8116	0.1191	5.1736	4
55.25	1.8127	0.995	5.1663	4
55.3	1.8137	0.0115	5.1532	4
55.35	1.8151	0.8941	5.1547	4
55.4	1.8157	0.2496	5.1663	4
55.45	1.818	0.3493	5.1511	4
55.5	1.8182	0.7348	5.1339	4
55.55	1.8191	0.5412	5.1521	4
55.6	1.8209	-0.047	5.1589	4
55.65	1.8216	1.126	5.1658	4
55.7	1.8223	0.1663	5.1504	4
55.75	1.8248	0.3472	5.1495	4
55.8	1.8245	0.8054	5.1691	4
55.85	1.8262	0.3392	5.1627	4
55.9	1.8272	0.5556	5.1637	4
55.95	1.8286	0.3735	5.1453	4
56	1.8296	0.9608	5.1501	4
56.05	1.8298	0.2204	5.1657	4
56.1	1.8319	0.5068	5.1566	4
56.15	1.832	0.9589	5.1504	4
56.2	1.8326	0.5468	5.1376	4
56.25	1.8348	0.0757	5.1256	4
56.3	1.8343	1.653	5.1272	4
56.35	1.8351	-0.1371	5.1408	4
56.4	1.8373	0.6003	5.1529	4
56.45	1.8363	1.4391	5.1524	4
56.5	1.8376	-0.1411	5.1403	4
56.55	1.8392	0.8169	5.1285	4
56.6	1.8395	0.7826	5.1201	4
56.65	1.8399	0.5922	5.1298	4
56.7	1.8422	0.2604	5.1358	4
56.75	1.8416	1.3284	5.1445	4
56.8	1.8432	0.0974	5.1409	4
56.85	1.8442	0.7244	5.1236	4
56.9	1.8448	0.8249	5.1386	4
56.95	1.845	0.8786	5.1429	4
57	1.8459	0.2982	5.1293	4
57.05	1.8466	1.1497	5.1256	4
57.1	1.8466	0.5949	5.1327	4
57.15	1.8476	0.8689	5.1431	4
57.2	1.8484	0.6039	5.1549	4
57.25	1.8484	0.9881	5.1538	4
57.3	1.8492	0.7434	5.161	4
57.35	1.8499	0.4419	5.1604	4
57.4	1.85	1.2169	5.1427	4
57.45	1.8504	0.6156	5.1254	4
57.5	1.8512	0.7127	5.128	4
57.55	1.8519	0.8766	5.1502	4
57.6	1.8518	0.8064	5.1756	4
57.65	1.8531	0.4327	5.1698	4
57.7	1.8536	1.0476	5.1558	4
57.75	1.8536	0.9462	5.1522	4
57.8	1.8551	0.2985	5.1553	4
57.85	1.8557	0.6892	5.1581	4
57.9	1.8557	1.3504	5.1526	4
57.95	1.8562	-0.0324	5.1599	4
58	1.8577	0.9893	5.1465	4
58.05	1.8573	0.9839	5.1556	4
58.1	1.8583	0.5031	5.1627	4
58.15	1.8591	0.8264	5.1517	4
58.2	1.8597	0.5809	5.1502	4
58.25	1.8596	1.248	5.1506	4
58.3	1.8607	0.2067	5.1384	4
58.35	1.8614	1.124	5.1507	4
58.4	1.8615	0.7892	5.1532	4
58.45	1.8621	0.6306	5.1587	4
58.5	1.8627	0.8279	5.1616	4
58.55	1.8625	1.1962	5.1445	4
58.6	1.8631	0.3001	5.1313	4
58.65	1.8636	1.4851	5.1289	4
58.7	1.863	0.8733	5.1564	4
58.75	1.864	0.7328	5.1782	4
58.8	1.8635	1.2278	5.1436	4
58.85	1.8636	0.7755	5.1466	4
58.9	1.8634	1.2598	5.1556	4
58.95	1.8635	0.895	5.1486	4
59	1.8635	1.0204	5.1453	4
59.05	1.8633	1.2907	5.146	4
59.1	1.8628	1.0672	5.1301	4
59.15	1.8636	0.8378	5.1153	4
59.2	1.8627	1.5981	5.1371	4
59.25	1.8633	0.4593	5.1528	4
59.3	1.8634	1.3359	5.1476	4
59.35	1.8624	1.2601	5.1365	4
59.4	1.8626	0.8902	5.1273	4
59.45	1.8624	1.3448	5.1371	4
59.5	1.8615	1.3535	5.1301	4
59.55	1.8615	0.7499	5.123	4
59.6	1.8611	1.5791	5.1298	4
59.65	1.8607	0.6131	5.133	4
59.7	1.8617	0.9928	5.1377	4
59.75	1.861	1.4029	5.1409	4
59.8	1.8609	0.9468	5.1279	4
59.85	1.8611	0.7187	5.1297	4
59.9	1.8602	1.6578	5.1274	4
59.95	1.8602	0.7413	5.1218	4
60	1.8612	0.8048	5.1337	4
60.05	1.8608	1.3082	5.1388	4
60.1	1.8605	0.8704	5.1207	4
60.15	1.861	0.7744	5.1195	4
60.2	1.8618	0.9874	5.1291	4
60.25	1.8609	1.1993	5.1394	4
60.3	1.8613	0.7888	5.1387	4
60.35	1.8618	0.956	5.1256	4
60.4	1.8613	1.2178	5.1247	4
60.45	1.8616	0.7004	5.1333	4
60.5	1.8621	0.8558	5.1313	4
60.55	1.8621	1.1794	5.1286	4
60.6	1.862	0.8147	5.1469	4
60.65	1.8622	0.9752	5.1618	4
60.7	1.8624	0.7988	5.1398	4
60.75	1.8622	1.1306	5.1243	4
60.8	1.8628	0.9101	5.1332	4
60.85	1.8628	0.8454	5.1663	4
60.9	1.8626	1.3296	5.182	4
60.95	1.8631	0.5319	5.1695	4
61	1.8636	1.0613	5.1669	4
61.05	1.8635	1.0377	5.1459	4
61.1	1.8637	0.6015	5.1547	4
61.15	1.8641	1.1742	5.1757	4
61.2	1.8641	0.7106	5.1755	4
61.25	1.8645	1.01	5.1703	4
61.3	1.865	0.8121	5.1516	4
61.35	1.8656	0.7478	5.1512	4
61.4	1.866	1.0014	5.1581	4
61.45	1.8661	0.9768	5.1614	4
61.5	1.8666	0.5989	5.1522	4
61.55	1.867	1.0272	5.1433	4
61.6	1.8668	0.886	5.1486	4
61.65	1.8676	0.6884	5.1555	4
61.7	1.8677	0.9901	5.1566	4
61.75	1.8678	0.8163	5.1536	4
61.8	1.8686	0.7934	5.1462	4
61.85	1.8687	0.9974	5.1597	4
61.9	1.869	0.7797	5.1566	4
61.95	1.8695	0.7194	5.134	4
62	1.8695	1.0276	5.1437	4
62.05	1.8702	0.5477	5.1535	4
62.1	1.871	1.0585	5.1435	4
62.15	1.8707	0.8212	5.1433	4
62.2	1.8717	0.5246	5.1322	4
62.25	1.8717	1.1025	5.1315	4
62.3	1.8718	0.8148	5.1294	4
62.35	1.872	0.9131	5.1271	4
62.4	1.8726	0.4849	5.1331	4
62.45	1.8733	0.9559	5.1344	4
62.5	1.8731	1.1515	5.135	4
62.55	1.8739	0.2383	5.1341	4
62.6	1.8752	0.847	5.1305	4
62.65	1.8748	1.3499	5.1456	4
62.7	1.8752	0.3514	5.1464	4
62.75	1.876	0.8616	5.1495	4
62.8	1.8758	1.1601	5.1434	4
62.85	1.8766	0.4987	5.1366	4
62.9	1.8777	0.7702	5.1342	4
62.95	1.8771	1.1936	5.1301	4
63	1.8776	0.6942	5.1418	4
63.05	1.8783	0.8028	5.1625	4
63.1	1.8782	1.1472	5.1623	4
63.15	1.8777	1.009	5.1538	4
63.2	1.8786	0.4343	5.1442	4
63.25	1.8795	0.8903	5.1389	4
63.3	1.8789	1.3361	5.1299	4
63.35	1.879	0.6994	5.1346	4
63.4	1.8803	0.5608	5.1489	4
63.45	1.8798	1.4845	5.1471	4
63.5	1.8794	0.8554	5.138	4
63.55	1.8807	0.317	5.132	4
63.6	1.88	1.7025	5.115	4
63.65	1.8806	0.2421	5.1349	4
63.7	1.8814	1.1473	5.1564	4
63.75	1.8809	1.003	5.1516	4
63.8	1.8815	0.8167	5.1465	4
63.85	1.8817	0.7683	5.1441	4
63.9	1.8814	1.4622	5.152	4
63.95	1.8818	0.2868	5.1537	4
64	1.8824	1.1934	5.1437	4
64.05	1.8828	0.6127	5.1536	4
64.1	1.8829	1.1043	5.166	4
64.15	1.883	0.832	5.145	4
64.2	1.8837	0.7324	5.1363	4
64.25	1.8834	1.1738	5.1347	4
64.3	1.8836	0.9841	5.1446	4
64.35	1.8841	0.7762	5.1607	4
64.4	1.8844	1.1356	5.1604	4
64.45	1.8842	0.9797	5.1467	4
64.5	1.8848	0.6924	5.1316	4
64.55	1.8847	1.1847	5.1248	4
64.6	1.8845	1.0969	5.1354	4
64.65	1.884	1.0708	5.1338	4
64.7	1.8849	0.4858	5.1379	4
64.75	1.8847	1.5081	5.1429	4
64.8	1.8844	0.8185	5.1514	4
64.85	1.8845	1.124	5.1507	4
64.9	1.8847	0.9589	5.1328	4
64.95	1.8843	1.2037	5.1421	4
65	1.8845	0.8865	5.1566	4
65.05	1.8848	1.0243	5.1622	4
65.1	1.8849	1.017	5.1672	4
65.15	1.8846	1.1346	5.1658	4
65.2	1.8853	0.5458	5.1541	4
65.25	1.8856	1.168	5.159	4
65.3	1.8846	1.1206	5.16	4
65.35	1.8857	0.646	5.1563	4
65.4	1.886	0.9838	5.1608	4
65.45	1.8854	1.223	5.1569	4
65.5	1.886	0.4527	5.1374	4
65.55	1.8857	1.3406	5.1511	4
65.6	1.8856	0.7767	5.1664	4
65.65	1.8859	1.0641	5.1702	4
65.7	1.8857	0.9781	5.1766	4
65.75	1.8864	0.7575	5.1641	4
65.8	1.8861	1.2721	5.1617	4
65.85	1.8862	0.8766	5.1702	4
65.9	1.8861	0.9602	5.1572	4
65.95	1.8863	0.8679	5.1447	4
66	1.8865	0.9904	5.1484	4
66.05	1.8863	1.1395	5.168	4
66.1	1.8863	0.8125	5.1815	4
66.15	1.8865	1.0519	5.1825	4
66.2	1.8862	1.1585	5.1744	4
66.25	1.8867	0.7966	5.1587	4
66.3	1.8868	0.9966	5.1492	4
66.35	1.8868	1.1849	5.1533	4
66.4	1.8869	0.6686	5.1654	4
66.45	1.8874	1.2193	5.1755	4
66.5	1.8867	1.108	5.1759	4
66.55	1.8865	1.1462	5.1677	4
66.6	1.8863	0.8696	5.1543	4
66.65	1.8867	1.0412	5.1622	4
66.7	1.8862	1.1936	5.1779	4
66.75	1.8866	0.7846	5.1754	4
66.8	1.8869	1.1451	5.1569	4
66.85	1.8862	1.2847	5.1665	4
66.9	1.8863	0.8393	5.1595	4
66.95	1.8864	0.8818	5.1689	4
67	1.8856	1.6042	5.1769	4
67.05	1.8856	0.6736	5.1757	4
67.1	1.8859	0.9949	5.1827	4
67.15	1.8853	1.5874	5.1753	4
67.2	1.8852	0.7226	5.1607	4
67.25	1.8855	1.1135	5.1595	4
67.3	1.8849	1.5294	5.1577	4
67.35	1.8842	0.9095	5.1559	4
67.4	1.885	0.8902	5.1553	4
67.45	1.8846	1.4895	5.1559	4
67.5	1.884	0.9833	5.1544	4
67.55	1.8843	1.0998	5.1608	4
67.6	1.8844	0.8159	5.1551	4
67.65	1.8835	1.6619	5.156	4
67.7	1.8834	0.7168	5.1641	4
67.75	1.8832	1.2484	5.164	4
67.8	1.8826	1.3268	5.1611	4
67.85	1.8824	1.0247	5.1635	4
67.9	1.8825	1.0469	5.1596	4
67.95	1.8821	1.1044	5.1586	4
68	1.8818	1.0293	5.1643	4
68.05	1.8818	1.0421	5.1545	4
68.1	1.8825	0.8154	5.1658	4
68.15	1.8819	1.2556	5.1813	4
68.2	1.8819	0.9341	5.1553	4
68.25	1.8821	0.933	5.1319	4
68.3	1.8818	1.2174	5.15	4
68.35	1.8824	0.6322	5.1687	4
68.4	1.882	1.1678	5.1743	4
68.45	1.8821	0.8042	5.1823	4
68.5	1.8823	0.9204	5.1849	4
68.55	1.8822	1.0455	5.1705	4
68.6	1.8827	0.8027	5.1787	4
68.65	1.883	0.947	5.1664	4
68.7	1.883	0.9014	5.144	4
68.75	1.8831	0.9777	5.1572	4
68.8	1.8835	0.6251	5.1811	4
68.85	1.8843	0.9631	5.1733	4
68.9	1.8841	0.9573	5.1752	4
68.95	1.8847	0.5566	5.1631	4
69	1.8848	1.1228	5.1552	4
69.05	1.8848	0.7255	5.1566	4
69.1	1.8854	0.8161	5.1484	4
69.15	1.8861	0.9027	5.157	4
69.2	1.8858	0.9636	5.1628	4
69.25	1.8864	0.7932	5.1578	4
69.3	1.8862	0.9237	5.1618	4
69.35	1.8869	0.7398	5.1718	4
69.4	1.8867	1.0702	5.1729	4
69.45	1.8872	0.5714	5.1735	4
69.5	1.8881	1.0141	5.1841	4
69.55	1.8879	0.9412	5.1688	4
69.6	1.8875	0.9931	5.1504	4
69.65	1.8878	0.6262	5.1466	4
69.7	1.8879	1.0947	5.1465	4
69.75	1.8877	1.008	5.1597	4
69.8	1.8882	0.555	5.155	4
69.85	1.8887	1.1332	5.1444	4
69.9	1.8889	0.8671	5.1604	4
69.95	1.8895	0.6871	5.1676	4
70	1.8895	1.2726	5.1644	4
70.05	1.8891	0.8079	5.1766	4
70.1	1.8896	1.0709	5.1752	4
70.15	1.8896	0.903	5.1636	4
70.2	1.8897	1.0972	5.1602	4
70.25	1.8899	0.8483	5.1657	4
70.3	1.8898	0.9395	5.158	4
70.35	1.8898	1.1058	5.1607	4
70.4	1.8895	1.0011	5.167	4
70.45	1.8895	1.1117	5.1716	4
70.5	1.89	0.7241	5.1653	4
70.55	1.8892	1.7244	5.1481	4
70.6	1.889	0.5146	5.1346	4
70.65	1.8896	1.0623	5.1565	4
70.7	1.8894	1.2023	5.1694	4
70.75	1.8888	1.0747	5.1725	4
70.8	1.8887	1.2212	5.1751	4
70.85	1.889	0.7362	5.152	4
70.9	1.8885	1.6118	5.1484	4
70.95	1.8876	0.9539	5.1585	4
71	1.8874	1.0905	5.1605	4
71.05	1.8874	1.3983	5.1765	4
71.1	1.8867	1.2903	5.1774	4
71.15	1.8869	0.7841	5.1724	4
71.2	1.8863	1.4687	5.1653	4
71.25	1.8855	1.0953	5.1646	4
71.3	1.8855	1.2223	5.155	4
71.35	1.8858	0.8027	5.1471	4
71.4	1.8852	1.6422	5.1544	4
71.45	1.8847	0.7356	5.1492	4
71.5	1.8851	1.256	5.1381	4
71.55	1.8851	0.9445	5.1247	4
71.6	1.8844	1.4789	5.1261	4
71.65	1.8845	0.4997	5.1228	4
71.7	1.885	1.0566	5.1326	4
71.75	1.8849	1.0734	5.1309	4
71.8	1.8851	0.7024	5.135	4
71.85	1.8855	0.9984	5.1489	4
71.9	1.8852	1.1817	5.147	4
71.95	1.8855	0.6124	5.1473	4
72	1.8858	1.0997	5.1512	4
72.05	1.8853	1.1298	5.1381	4
72.1	1.8857	0.6317	5.127	4
72.15	1.8862	1.0981	5.1341	4
72.2	1.886	0.8178	5.1298	4
72.25	1.8861	1.0685	5.121	4
72.3	1.8864	0.8139	5.1153	4
72.35	1.8862	1.282	5.1251	4
72.4	1.8864	0.8949	5.1272	4
72.45	1.8865	0.9232	5.1509	4
72.5	1.8864	1.0944	5.1664	4
72.55	1.886	1.1195	5.159	4
72.6	1.8865	0.8394	5.1429	4
72.65	1.8864	1.2323	5.137	4
72.7	1.8862	0.9603	5.1555	4
72.75	1.8861	1.2097	5.1611	4
72.8	1.8854	1.3101	5.1482	4
72.85	1.8851	1.0287	5.1613	4
72.9	1.8853	1.1006	5.1711	4
72.95	1.8846	1.4922	5.1621	4
73	1.8842	0.8739	5.1584	4
73.05	1.8842	1.3139	5.1725	4
73.1	1.8832	1.3882	5.1734	4
73.15	1.8831	0.9752	5.1677	4
73.2	1.8829	1.2	5.1799	4
73.25	1.8822	1.3416	5.1955	4
73.3	1.8816	1.1347	5.1768	4
73.35	1.8818	1.0122	5.1803	4
73.4	1.8812	1.3183	5.175	4
73.45	1.8806	1.2312	5.1506	4
73.5	1.8804	1.0091	5.1509	4
73.55	1.8795	1.461	5.1361	4
73.6	1.8795	1.1019	5.137	4
73.65	1.8787	1.1084	5.1425	4
73.7	1.879	1.1828	5.1466	4
73.75	1.8783	1.1448	5.1422	4
73.8	1.878	1.3441	5.1367	4
73.85	1.8777	1.1369	5.1472	4
73.9	1.8768	1.4429	5.1506	4
73.95	1.8771	0.9211	5.1451	4
74	1.8759	1.718	5.1472	4
74.05	1.8755	1.177	5.1435	4
74.1	1.8744	1.1868	5.1432	4
74.15	1.8746	1.3396	5.1498	4
74.2	1.8737	1.231	5.1522	4
74.25	1.873	1.4332	5.1338	4
74.3	1.8724	1.1229	5.11	4
74.35	1.8724	1.0388	5.1303	4
74.4	1.8713	1.7842	5.1433	4
74.45	1.8711	0.6414	5.1448	4
74.5	1.8709	1.5539	5.1494	4
74.55	1.8703	0.9803	5.1451	4
74.6	1.8701	1.3882	5.1329	4
74.65	1.8699	0.5501	5.1187	4
74.7	1.8695	1.876	5.1242	4
74.75	1.8694	0.4027	5.1446	4
74.8	1.8695	1.3735	5.1382	4
74.85	1.869	0.9757	5.1506	4
74.9	1.8688	1.1065	5.1584	4
74.95	1.8686	1.2029	5.1463	4
75	1.8684	1.1532	5.1504	4
75.05	1.8683	0.9023	5.1482	4
75.1	1.8685	1.2806	5.1492	4
75.15	1.8674	1.1839	5.1326	4
75.2	1.8682	0.7991	5.112	4
75.25	1.8674	1.2658	5.1277	4
75.3	1.8672	1.1195	5.1229	4
75.35	1.8667	1.0299	5.1037	4
75.4	1.8667	1.1187	5.1255	4
75.45	1.8656	1.5633	5.1388	4
75.5	1.8657	0.8483	5.1389	4
75.55	1.8655	1.2346	5.1533	4
75.6	1.8656	1.0165	5.155	4
75.65	1.8648	1.3657	5.1454	4
75.7	1.8647	0.8751	5.1399	4
75.75	1.8645	1.3324	5.1521	4
75.8	1.864	1.0295	5.1582	4
75.85	1.8641	1.1534	5.1623	4
75.9	1.8643	1.0001	5.1595	4
75.95	1.8641	1.206	5.1426	4
76	1.8632	1.2962	5.1447	4
76.05	1.8639	0.5014	5.1417	4
76.1	1.8632	1.5484	5.1405	4
76.15	1.8622	1.2731	5.1323	4
76.2	1.8627	0.6529	5.1264	4
76.25	1.8625	1.4975	5.119	4
76.3	1.8622	1.0115	5.1366	4
76.35	1.8621	1.0134	5.1417	4
76.4	1.8622	1.1261	5.1516	4
76.45	1.8616	1.1286	5.1418	4
76.5	1.8613	1.201	5.1317	4
76.55	1.8609	0.8848	5.1396	4
76.6	1.8608	1.3561	5.1392	4
76.65	1.86	0.9729	5.1522	4
76.7	1.8602	0.9915	5.1528	4
76.75	1.86	1.0844	5.155	4
76.8	1.8596	1.0482	5.1573	4
76.85	1.8603	0.9147	5.1463	4
76.9	1.8599	1.1767	5.1246	4
76.95	1.8596	1.2772	5.1268	4
77	1.8597	0.6871	5.1358	4
77.05	1.8596	1.3675	5.1334	4
77.1	1.8597	0.7223	5.1199	4
77.15	1.8599	1.0162	5.136	4
77.2	1.8596	1.1255	5.1603	4
77.25	1.8593	1.0688	5.1553	4
77.3	1.8599	0.8378	5.1431	4
77.35	1.8601	0.9851	5.1482	4
77.4	1.8597	1.1843	5.1505	4
77.45	1.86	0.7108	5.1343	4
77.5	1.8597	1.1673	5.1407	4
77.55	1.8596	1.0513	5.1479	4
77.6	1.8598	0.6499	5.1336	4
77.65	1.8603	1.0991	5.1163	4
77.7	1.8598	1.0779	5.1096	4
77.75	1.8599	0.8484	5.1133	4
77.8	1.8604	0.8089	5.1254	4
77.85	1.8601	1.2113	5.1286	4
77.9	1.8603	0.6958	5.1469	4
77.95	1.8609	0.8399	5.1493	4
78	1.8606	1.2188	5.1471	4
78.05	1.8607	0.862	5.1487	4
78.1	1.8613	0.7328	5.1584	4
78.15	1.8613	0.9584	5.1809	4
78.2	1.8614	0.9871	5.1764	4
78.25	1.8618	0.8725	5.1639	4
78.3	1.8625	0.5098	5.1868	4
78.35	1.8629	1.263	5.1833	4
78.4	1.8632	0.3942	5.1718	4
78.45	1.8639	0.9906	5.1738	4
78.5	1.8642	0.8298	5.1624	4
78.55	1.8644	0.6977	5.1612	4
78.6	1.8654	0.7484	5.169	4
78.65	1.8653	0.8668	5.1609	4
78.7	1.8661	0.7062	5.1625	4
78.75	1.8666	0.7455	5.1553	4
78.8	1.8674	0.6333	5.148	4
78.85	1.8675	0.9978	5.1589	4
78.9	1.8684	0.3798	5.1463	4
78.95	1.8688	1.0427	5.1514	4
79	1.8692	0.6119	5.1654	4
79.05	1.8704	0.5408	5.1717	4
79.1	1.8715	0.7009	5.1665	4
79.15	1.8719	0.7577	5.1629	4
79.2	1.8729	0.3746	5.1614	4
79.25	1.8731	0.8941	5.1584	4
79.3	1.874	0.4282	5.1577	4
79.35	1.8747	0.9198	5.1537	4
79.4	1.8761	0.0086	5.1574	4
79.45	1.8768	1.2814	5.1623	4
79.5	1.8777	-0.0411	5.1422	4
79.55	1.8794	0.798	5.1302	4
79.6	1.8798	0.5042	5.1489	4
79.65	1.8808	0.6566	5.1615	4
79.7	1.8819	0.3468	5.1535	4
79.75	1.8828	0.7715	5.1555	4
79.8	1.8835	0.5151	5.1535	4
79.85	1.885	0.3329	5.1551	4
79.9	1.8857	0.5285	5.155	4
79.95	1.8866	0.7403	5.1323	4
80	1.8879	0.1496	5.1255	4
80.05	1.8895	0.5745	5.1449	4
80.1	1.8896	1.0315	5.1445	4
80.15	1.8912	-0.2693	5.121	4
80.2	1.8929	0.6009	5.128	4
80.25	1.8936	0.6533	5.1333	4
80.3	1.8946	0.1913	5.1344	4
80.35	1.8968	0.2596	5.1398	4
80.4	1.8974	0.6784	5.1281	4
80.45	1.8985	0.2073	5.1295	4
80.5	1.9002	0.3052	5.1317	4
80.55	1.9013	0.646	5.1269	4
80.6	1.9025	0.2955	5.1212	4
80.65	1.9037	0.505	5.1225	4
80.7	1.9052	0.3262	5.1332	4
80.75	1.9059	0.5439	5.1427	4
80.8	1.9074	0.3641	5.1236	4
80.85	1.9088	0.3183	5.1293	4
80.9	1.9097	0.6392	5.1399	4
80.95	1.9114	0.026	5.1427	4
81	1.9125	0.6552	5.14	4
81.05	1.9133	0.4414	5.1209	4
81.1	1.9148	0.3994	5.1183	4
81.15	1.9162	0.446	5.1181	4
81.2	1.9167	0.5721	5.1126	4
81.25	1.9185	0.2831	5.1282	4
81.3	1.9194	0.5373	5.131	4
81.35	1.9206	0.5186	5.1356	4
81.4	1.9219	0.1976	5.1348	4
81.45	1.9228	0.6558	5.1222	4
81.5	1.9242	0.4797	5.1299	4
81.55	1.9256	0.3116	5.114	4
81.6	1.9267	0.6037	5.1156	4
81.65	1.9278	0.586	5.1386	4
81.7	1.9287	0.3298	5.1514	4
81.75	1.9301	0.5058	5.1399	4
81.8	1.931	0.4403	5.1231	4
81.85	1.9321	0.5341	5.1225	4
81.9	1.9335	0.351	5.1289	4
81.95	1.9349	0.4791	5.124	4
82	1.9359	0.5368	5.1244	4
82.05	1.9371	0.3885	5.1244	4
82.1	1.9386	0.3269	5.1237	4
82.15	1.9396	0.5266	5.1274	4
82.2	1.941	0.5413	5.1222	4
82.25	1.9424	0.2534	5.1343	4
82.3	1.9435	0.6547	5.1429	4
82.35	1.9439	0.632	5.1235	4
82.4	1.945	0.3376	5.1216	4
82.45	1.9469	0.2399	5.1234	4
82.5	1.9479	0.7587	5.1298	4
82.55	1.9488	0.4139	5.146	4
82.6	1.9503	0.3819	5.1301	4
82.65	1.9513	0.6663	5.1219	4
82.7	1.9517	0.7993	5.1271	4
82.75	1.9529	0.2474	5.1454	4
82.8	1.954	0.7777	5.1561	4
82.85	1.9549	0.5163	5.1458	4
82.9	1.9556	0.6842	5.1542	4
82.95	1.9568	0.488	5.1489	4
83	1.9577	0.6764	5.1459	4
83.05	1.9583	0.6809	5.1446	4
83.1	1.959	0.6599	5.1453	4
83.15	1.9596	0.7425	5.1519	4
83.2	1.9606	0.7192	5.155	4
83.25	1.9615	0.6403	5.1469	4
83.3	1.9621	0.821	5.1426	4
83.35	1.9625	0.4896	5.1471	4
83.4	1.963	0.8441	5.1449	4
83.45	1.9634	0.8107	5.1395	4
83.5	1.9642	0.623	5.1358	4
83.55	1.965	0.7744	5.1419	4
83.6	1.9652	1.092	5.1434	4
83.65	1.9653	0.5936	5.1409	4
83.7	1.9661	0.8027	5.1225	4
83.75	1.9665	0.8898	5.1201	4
83.8	1.9669	0.7773	5.1402	4
83.85	1.9675	0.8222	5.1421	4
83.9	1.9678	0.8706	5.125	4
83.95	1.968	1.0747	5.1179	4
84	1.9686	0.6161	5.1249	4
84.05	1.9687	0.9982	5.127	4
84.1	1.9692	0.7204	5.113	4
84.15	1.9694	0.8764	5.1138	4
84.2	1.9696	0.8489	5.1255	4
84.25	1.9698	0.9624	5.1115	4
84.3	1.9702	0.7705	5.116	4
84.35	1.9704	1.0142	5.1101	4
84.4	1.9707	0.8542	5.1064	4
84.45	1.9711	0.8223	5.1079	4
84.5	1.972	0.8863	5.1028	4
84.55	1.9716	1.2073	5.117	4
84.6	1.9716	0.641	5.1068	4
84.65	1.9721	1.0424	5.1101	4
84.7	1.9721	0.9219	5.1418	4
84.75	1.9724	0.981	5.1379	4
84.8	1.9723	0.9041	5.1236	4
84.85	1.9725	0.9893	5.1219	4
84.9	1.9725	1.1064	5.1341	4
84.95	1.9724	0.9811	5.1483	4
85	1.9732	0.7142	5.1428	4
85.05	1.9731	1.1842	5.1386	4
85.1	1.973	0.8731	5.1309	4
85.15	1.9734	0.9663	5.1381	4
85.2	1.9729	1.1961	5.1635	4
85.25	1.973	0.9643	5.1477	4
85.3	1.9732	0.887	5.1366	4
85.35	1.9726	1.3014	5.1333	4
85.4	1.9725	0.8416	5.123	4
85.45	1.9733	0.9141	5.1181	4
85.5	1.9731	1.1817	5.096	4
85.55	1.9725	1.0606	5.0931	4
85.6	1.9731	0.7553	5.0994	4
85.65	1.9728	1.2358	5.0998	4
85.7	1.9721	1.1043	5.1122	4
85.75	1.9726	0.7568	5.1072	4
85.8	1.9731	1.0721	5.1149	4
85.85	1.9728	1.22	5.1307	4
85.9	1.9726	0.8365	5.1315	4
85.95	1.9727	0.9795	5.1346	4
86	1.9726	1.119	5.1228	4
86.05	1.9721	1.055	5.1202	4
86.1	1.9726	0.8045	5.1299	4
86.15	1.9726	1.0334	5.1278	4
86.2	1.9723	1.2218	5.1361	4
86.25	1.9724	0.8258	5.1433	4
86.3	1.9727	0.9963	5.1303	4
86.35	1.9726	1.0418	5.1359	4
86.4	1.9721	1.0944	5.1373	4
86.45	1.9725	0.8849	5.1382	4
86.5	1.9725	1.1641	5.1404	4
86.55	1.9718	1.1538	5.1467	4
86.6	1.9725	0.5155	5.1393	4
86.65	1.9723	1.4425	5.1319	4
86.7	1.9729	0.6995	5.1452	4
86.75	1.973	0.9529	5.1194	4
86.8	1.9735	1.15	5.0918	4
86.85	1.973	0.893	5.1107	4
86.9	1.9728	1.1374	5.1193	4
86.95	1.9732	0.9723	5.1251	4
87	1.9731	0.8576	5.1263	4
87.05	1.9733	1.1367	5.1295	4
87.1	1.9734	0.7527	5.1267	4
87.15	1.9736	1.1947	5.1288	4
87.2	1.9739	0.7616	5.1224	4
87.25	1.9738	1.1909	5.1153	4
87.3	1.9732	0.9974	5.1323	4
87.35	1.9731	1.0529	5.156	4
87.4	1.973	0.9138	5.1577	4
87.45	1.9734	1.0287	5.143	4
87.5	1.9733	1.006	5.1393	4
87.55	1.9737	0.9052	5.1365	4
87.6	1.9732	1.3018	5.1411	4
87.65	1.9734	0.815	5.1387	4
87.7	1.9742	0.5769	5.136	4
87.75	1.9742	1.4585	5.1336	4
87.8	1.9734	0.879	5.1167	4
87.85	1.9743	0.7898	5.1204	4
87.9	1.9741	1.3377	5.1303	4
87.95	1.9738	0.9377	5.1223	4
88	1.9741	0.8617	5.1227	4
88.05	1.9741	1.1609	5.1251	4
88.1	1.9738	1.0138	5.133	4
88.15	1.9744	0.9076	5.1425	4
88.2	1.9743	1.0315	5.1191	4
88.25	1.974	1.2768	5.1237	4
88.3	1.9737	0.8293	5.1563	4
88.35	1.9742	0.9528	5.1511	4
88.4	1.9735	1.3409	5.1455	4
88.45	1.9733	1.0282	5.1531	4
88.5	1.9735	0.8821	5.1535	4
88.55	1.9729	1.3934	5.1426	4
88.6	1.9724	0.9847	5.136	4
88.65	1.9726	1.0687	5.1554	4
88.7	1.972	1.2255	5.1616	4
88.75	1.9719	1.0903	5.1549	4
88.8	1.9718	1.1296	5.145	4
88.85	1.9715	1.2647	5.1523	4
88.9	1.971	1.0859	5.1549	4
88.95	1.9709	1.166	5.1583	4
89	1.9704	1.1686	5.1615	4
89.05	1.9701	1.2518	5.1577	4
89.1	1.9697	1.0139	5.1508	4
89.15	1.9694	1.3314	5.1335	4
89.2	1.9687	1.2026	5.1241	4
89.25	1.9688	0.9962	5.1359	4
89.3	1.9685	1.311	5.1342	4
89.35	1.9681	1.264	5.1449	4
89.4	1.9677	1.0455	5.1552	4
89.45	1.9673	1.424	5.1394	4
89.5	1.9668	1.0883	5.1363	4
89.55	1.9664	1.1984	5.1375	4
89.6	1.9662	1.08	5.1231	4
89.65	1.9654	1.4473	5.1288	4
89.7	1.965	1.2618	5.1435	4
89.75	1.9652	0.734	5.1509	4
89.8	1.9644	1.7143	5.1454	4
89.85	1.9637	0.9952	5.1407	4
89.9	1.9639	1.0644	5.1549	4
89.95	1.964	1.0252	5.1483	4
90	1.9633	1.4984	5.1279	4
90.05	1.9625	0.9742	5.1231	4
90.1	1.9626	1.1387	5.1202	4
90.15	1.9621	1.3347	5.1291	4
90.2	1.9614	1.2448	5.1378	4
90.25	1.9612	1.1043	5.1385	4
90.3	1.9607	1.4264	5.1486	4
90.35	1.9602	1.0883	5.1563	4
90.4	1.9603	1.2155	5.1597	4
90.45	1.9601	1.082	5.1653	4
90.5	1.9599	1.2578	5.1736	4
90.55	1.9595	1.0214	5.1649	4
90.6	1.9591	1.3021	5.1498	4
90.65	1.9588	0.9324	5.1544	4
90.7	1.9588	1.292	5.1586	4
90.75	1.9584	0.9721	5.1507	4
90.8	1.9579	1.4461	5.1503	4
90.85	1.9571	1.1288	5.1491	4
90.9	1.957	1.2749	5.1429	4
90.95	1.9567	1.172	5.1364	4
91	1.9564	1.2089	5.1491	4
91.05	1.9554	1.319	5.1481	4
91.1	1.955	1.1131	5.1413	4
91.15	1.9548	1.3443	5.1513	4
91.2	1.9543	1.3814	5.1502	4
91.25	1.9538	0.9645	5.1518	4
91.3	1.9534	1.5583	5.1521	4
91.35	1.9522	1.1785	5.1529	4
91.4	1.9521	1.232	5.1475	4
91.45	1.9513	1.3572	5.1515	4
91.5	1.9503	1.3509	5.1732	4
91.55	1.9501	1.162	5.1779	4
91.6	1.9497	1.2366	5.1574	4
91.65	1.9493	1.2644	5.145	4
91.7	1.9487	1.1862	5.1474	4
91.75	1.9481	1.2337	5.1494	4
91.8	1.9476	1.4425	5.1538	4
91.85	1.9469	1.1788	5.1544	4
91.9	1.9467	1.2163	5.1535	4
91.95	1.9464	1.107	5.1569	4
92	1.9461	1.4514	5.1362	4
92.05	1.9454	1.0763	5.1346	4
92.1	1.9448	1.267	5.1483	4
92.15	1.9447	1.0403	5.1404	4
92.2	1.9435	1.6843	5.1388	4
92.25	1.9432	0.7125	5.1273	4
92.3	1.9434	1.2822	5.1261	4
92.35	1.9425	1.2932	5.1423	4
92.4	1.9426	1.0346	5.1381	4
92.45	1.9423	1.0935	5.1383	4
92.5	1.9418	1.3845	5.1385	4
92.55	1.941	1.1639	5.1458	4
92.6	1.941	1.055	5.1504	4
92.65	1.9403	1.1319	5.154	4
92.7	1.9392	1.5111	5.1554	4
92.75	1.9392	0.8941	5.1366	4
92.8	1.9394	1.0998	5.1254	4
92.85	1.939	1.4413	5.1376	4
92.9	1.9383	0.9486	5.13	4
92.95	1.9383	1.139	5.1285	4
93	1.9381	1.1952	5.1371	4
93.05	1.9378	1.2062	5.1464	4
93.1	1.9378	1.0586	5.1309	4
93.15	1.9371	1.1314	5.1265	4
93.2	1.9371	1.1617	5.1376	4
93.25	1.9372	0.8303	5.1418	4
93.3	1.9373	1.1643	5.1436	4
93.35	1.9362	1.3504	5.138	4
93.4	1.9364	0.706	5.142	4
93.45	1.9362	1.4252	5.1444	4
93.5	1.9357	1.1541	5.131	4
93.55	1.9355	1.0292	5.117	4
93.6	1.9357	1.0184	5.1416	4
93.65	1.935	1.3228	5.1385	4
93.7	1.9352	0.8432	5.1333	4
93.75	1.9349	1.3518	5.1395	4
93.8	1.9345	0.9738	5.1437	4
93.85	1.9343	1.1783	5.1426	4
93.9	1.9343	0.8443	5.1392	4
93.95	1.9339	1.5374	5.1527	4
94	1.9333	0.8185	5.1541	4
94.05	1.9334	1.1313	5.1559	4
94.1	1.9329	1.2177	5.1438	4
94.15	1.9326	1.1563	5.1356	4
94.2	1.9326	0.9194	5.1527	4
94.25	1.9325	1.182	5.1525	4
94.3	1.932	1.0289	5.1341	4
94.35	1.9323	1.1083	5.1528	4
94.4	1.9317	1.203	5.1545	4
94.45	1.9318	0.962	5.1376	4
94.5	1.9314	1.3794	5.1605	4
94.55	1.9314	0.813	5.1739	4
94.6	1.9311	1.3222	5.1567	4
94.65	1.9306	1.1595	5.1428	4
94.7	1.9306	1.037	5.1587	4
94.75	1.9304	1.3312	5.1795	4
94.8	1.9297	1.0792	5.1621	4
94.85	1.9296	0.9782	5.1482	4
94.9	1.9295	1.2769	5.1557	4
94.95	1.9289	1.0402	5.1383	4
95	1.9288	1.1224	5.1348	4
95.05	1.9284	0.9987	5.1462	4
95.1	1.9283	1.173	5.1626	4
95.15	1.9281	1.1135	5.1508	4
95.2	1.9284	0.9342	5.1392	4
95.25	1.9279	1.3566	5.1495	4
95.3	1.9277	0.899	5.1273	4
95.35	1.9273	1.1359	5.1218	4
95.4	1.9276	1.0081	5.1353	4
95.45	1.9276	1.1108	5.1375	4
95.5	1.9274	1.0252	5.1577	4
95.55	1.9272	1.1107	5.1429	4
95.6	1.9269	1.1633	5.1184	4
95.65	1.9259	1.3608	5.1055	4
95.7	1.9258	0.8243	5.1051	4
95.75	1.9257	1.3257	5.1229	4
95.8	1.9258	0.8697	5.1297	4
95.85	1.9254	1.1471	5.1249	4
95.9	1.9255	1.0831	5.1239	4
95.95	1.9255	0.9344	5.1218	4
96	1.925	1.2474	5.1088	4
96.05	1.9249	1.1114	5.0996	4
96.1	1.9252	0.6638	5.116	4
96.15	1.9251	1.4221	5.1187	4
96.2	1.9243	1.1464	5.112	4
96.25	1.9249	0.7172	5.1246	4
96.3	1.9243	1.5972	5.1123	4
96.35	1.9238	0.9705	5.105	4
96.4	1.9235	1.1994	5.1122	4
96.45	1.9235	1.1142	5.1198	4
96.5	1.9227	1.3355	5.1236	4
96.55	1.923	0.7077	5.1083	4
96.6	1.9228	1.3373	5.1072	4
96.65	1.9227	1.0653	5.1315	4
96.7	1.9223	1.1547	5.1315	4
96.75	1.9225	0.6877	5.1254	4
96.8	1.9225	1.0918	5.1079	4
96.85	1.9224	0.8979	5.1073	4
96.9	1.9234	0.5984	5.1317	4
96.95	1.9238	0.9629	5.1392	4
97	1.9237	0.9155	5.1259	4
97.05	1.9244	0.5984	5.1264	4
97.1	1.9251	0.9544	5.1262	4
97.15	1.9253	0.7301	5.1422	4
97.2	1.9257	0.7555	5.1431	4
97.25	1.9266	0.4504	5.1343	4
97.3	1.9275	0.7253	5.146	4
97.35	1.9283	0.7681	5.1392	4
97.4	1.9296	0.3103	5.137	4
97.45	1.9304	0.9388	5.1411	4
97.5	1.9307	0.629	5.142	4
97.55	1.9316	0.4769	5.1496	4
97.6	1.9324	0.7398	5.1426	4
97.65	1.933	0.6339	5.1414	4
97.7	1.9338	0.6655	5.1446	4
97.75	1.9345	0.6482	5.1419	4
97.8	1.9348	0.7158	5.1556	4
97.85	1.9358	0.4932	5.1454	4
97.9	1.9364	0.7741	5.1396	4
97.95	1.9375	0.6047	5.1509	4
98	1.9382	0.5648	5.1482	4
98.05	1.9389	0.8073	5.1545	4
98.1	1.9393	0.8142	5.1619	4
98.15	1.9404	0.5566	5.1513	4
98.2	1.9407	0.8721	5.1412	4
98.25	1.9411	0.6819	5.129	4
98.3	1.942	0.6827	5.1465	4
98.35	1.9427	0.5362	5.147	4
98.4	1.943	1.083	5.1413	4
98.45	1.9437	0.4082	5.1578	4
98.5	1.9438	1.17	5.1609	4
98.55	1.9442	0.6142	5.154	4
98.6	1.9448	0.7851	5.1437	4
98.65	1.9455	0.8325	5.132	4
98.7	1.9462	0.6508	5.1386	4
98.75	1.9463	0.9773	5.1216	4
98.8	1.9474	0.559	5.1301	4
98.85	1.9476	0.9387	5.1422	4
98.9	1.9478	1.0989	5.1432	4
98.95	1.9479	0.6252	5.1316	4
99	1.9484	0.9937	5.1221	4
99.05	1.9483	0.952	5.1313	4
99.1	1.9487	0.9046	5.1353	4
99.15	1.9487	0.8452	5.1495	4
99.2	1.9493	0.871	5.1597	4
99.25	1.9491	1.0938	5.1447	4
99.3	1.9491	0.8032	5.1368	4
99.35	1.9493	1.0766	5.1329	4
99.4	1.9493	0.7797	5.1243	4
99.45	1.9496	1.1155	5.1279	4
99.5	1.9496	0.8706	5.1383	4
99.55	1.9501	0.8911	5.1384	4
99.6	1.9504	0.975	5.1345	4
99.65	1.9502	0.9596	5.1174	4
99.7	1.9508	0.7614	5.1179	4
99.75	1.9508	1.1435	5.141	4
99.8	1.9507	1.0165	5.1362	4
99.85	1.951	0.8057	5.1163	4
99.9	1.9512	1.0742	5.1089	4
99.95	1.9511	0.958	5.1273	4
100	1.9517	0.8078	5.136	4
100.05	1.9517	1.0906	5.1347	4
100.1	1.9516	0.8639	5.138	4
100.15	1.9518	1.1226	5.14	4
100.2	1.9515	1.0176	5.1547	4
100.25	1.9518	0.7855	5.1616	4
100.3	1.9518	1.1306	5.1739	4
100.35	1.9514	1.1161	5.1751	4
100.4	1.9521	0.6629	5.1611	4
100.45	1.9524	0.9069	5.1653	4
100.5	1.9521	1.187	5.1661	4
100.55	1.9522	0.7666	5.1513	4
100.6	1.9529	0.9147	5.1462	4
100.65	1.9526	1.0987	5.1497	4
100.7	1.9527	0.9702	5.1586	4
100.75	1.9531	0.789	5.159	4
100.8	1.9527	1.221	5.1511	4
100.85	1.9531	0.826	5.1439	4
100.9	1.9531	0.9737	5.1502	4
100.95	1.953	1.1098	5.1752	4
101	1.953	0.9095	5.1807	4
101.05	1.953	1.0795	5.1704	4
101.1	1.9533	0.8594	5.1816	4
101.15	1.9533	0.9083	5.1822	4
101.2	1.9537	1.0442	5.1836	4
101.25	1.9538	0.8592	5.1998	4
101.3	1.954	0.8834	5.1983	4
101.35	1.9541	1.0019	5.1969	4
101.4	1.9543	0.8773	5.1865	4
101.45	1.9545	1.0496	5.1765	4
101.5	1.9544	0.8481	5.1803	4
101.55	1.9544	1.1348	5.1668	4
101.6	1.9545	0.838	5.1712	4
101.65	1.9546	1.0973	5.1686	4
101.7	1.9554	0.778	5.1837	4
101.75	1.9551	1.1176	5.1953	4
101.8	1.9549	0.9236	5.1712	4
101.85	1.9549	0.8275	5.1662	4
101.9	1.9557	0.8693	5.1643	4
101.95	1.9559	0.8555	5.1729	4
102	1.9569	0.553	5.183	4
102.05	1.9569	1.1423	5.1727	4
102.1	1.9571	0.6901	5.1788	4
102.15	1.9575	1.0205	5.1848	4
102.2	1.9579	0.6233	5.1842	4
102.25	1.9584	0.7342	5.1893	4
102.3	1.959	0.8505	5.1879	4
102.35	1.9591	0.9232	5.1836	4
102.4	1.96	0.6122	5.1826	4
102.45	1.9603	0.8689	5.1754	4
102.5	1.9605	0.8248	5.1788	4
102.55	1.9609	0.8513	5.1965	4
102.6	1.9617	0.5489	5.1881	4
102.65	1.9622	0.9096	5.1789	4
102.7	1.9621	0.7302	5.1699	4
102.75	1.9632	0.589	5.1788	4
102.8	1.9639	0.8803	5.1878	4
102.85	1.9639	0.9157	5.176	4
102.9	1.9647	0.5629	5.1815	4
102.95	1.9654	0.7292	5.186	4
103	1.9659	0.8968	5.1877	4
103.05	1.9659	0.7261	5.176	4
103.1	1.9666	0.5655	5.1796	4
103.15	1.9676	0.7723	5.1873	4
103.2	1.9674	1.1099	5.1909	4
103.25	1.9674	0.6361	5.1932	4
103.3	1.9688	0.3873	5.1781	4
103.35	1.9691	1.1718	5.1806	4
103.4	1.9692	0.6389	5.1862	4
103.45	1.9705	0.4456	5.1784	4
103.5	1.9708	1.1435	5.1753	4
103.55	1.9707	0.8216	5.1745	4
103.6	1.9719	0.3792	5.1603	4
103.65	1.9722	1.0994	5.1565	4
103.7	1.9721	0.7074	5.1791	4
103.75	1.9729	0.7535	5.1947	4
103.8	1.9734	0.8727	5.1829	4
103.85	1.9734	0.8924	5.1812	4
103.9	1.9737	0.7898	5.1939	4
103.95	1.9744	0.6174	5.1909	4
104	1.9751	0.8827	5.1937	4
104.05	1.9747	1.146	5.1985	4
104.1	1.9751	0.4681	5.1772	4
104.15	1.9761	0.9337	5.1743	4
104.2	1.9759	1.0784	5.1871	4
104.25	1.9765	0.6616	5.1806	4
104.3	1.9768	1.0032	5.1809	4
104.35	1.9767	1.0643	5.1901	4
104.4	1.9774	0.5115	5.2035	4
104.45	1.978	0.9812	5.2186	4
104.5	1.9775	1.162	5.2263	4
104.55	1.9776	0.778	5.2193	4
104.6	1.978	0.6811	5.1973	4
104.65	1.9782	1.2009	5.2013	4
104.7	1.9778	1.0143	5.2174	4
104.75	1.9785	0.6884	5.208	4
104.8	1.9787	0.9528	5.1953	4
104.85	1.9786	1.0792	5.1892	4
104.9	1.9785	0.923	5.1859	4
104.95	1.9791	0.6714	5.1824	4
105	1.979	1.3015	5.1767	4
105.05	1.9789	0.8931	5.1961	4
105.1	1.9794	0.6811	5.2024	4
105.15	1.9798	0.9164	5.2052	4
105.2	1.9799	1.0823	5.2128	4
105.25	1.9803	0.7351	5.203	4
105.3	1.9808	0.9662	5.2051	4
105.35	1.9806	1.0041	5.2057	4
105.4	1.9806	0.7975	5.1795	4
105.45	1.9815	0.7275	5.162	4
105.5	1.9818	0.9414	5.1814	4
105.55	1.9817	0.8622	5.1876	4
105.6	1.9824	0.6691	5.1791	4
105.65	1.983	0.8251	5.1775	4
105.7	1.9831	1.1574	5.1786	4
105.75	1.9835	0.6012	5.1658	4
105.8	1.9844	0.7219	5.17	4
105.85	1.9845	0.9713	5.169	4
105.9	1.9845	0.8028	5.1659	4
105.95	1.985	0.6731	5.1745	4
106	1.9857	0.8256	5.1823	4
106.05	1.9861	0.8224	5.1937	4
106.1	1.9865	0.8064	5.1893	4
106.15	1.987	0.6936	5.1738	4
106.2	1.9876	0.7803	5.1651	4
106.25	1.9878	0.7774	5.1606	4
106.3	1.9884	0.6909	5.1693	4
106.35	1.9888	0.9315	5.172	4
106.4	1.9895	0.4903	5.1722	4
106.45	1.9902	0.874	5.1772	4
106.5	1.9899	0.9772	5.1718	4
106.55	1.991	0.3029	5.1661	4
106.6	1.992	0.7356	5.1695	4
106.65	1.9924	1.0017	5.1734	4
106.7	1.9923	0.8261	5.1735	4
106.75	1.9935	0.3841	5.1707	4
106.8	1.9939	0.9794	5.1818	4
106.85	1.9943	0.8011	5.1944	4
106.9	1.9946	0.7558	5.1878	4
106.95	1.996	0.5722	5.1917	4
107	1.9969	0.6683	5.2001	4
107.05	1.9971	0.9053	5.2028	4
107.1	1.9971	0.8209	5.203	4
107.15	1.9981	0.6142	5.1863	4
107.2	1.9986	0.8865	5.1956	4
107.25	1.9987	0.8503	5.1956	4
107.3	1.9992	0.6454	5.1794	4
107.35	2.0001	0.595	5.1943	4
107.4	2.0005	0.9692	5.2004	4
107.45	2.0008	0.9139	5.1883	4
107.5	2.0014	0.5347	5.1711	4
107.55	2.002	1.0425	5.1652	4
107.6	2.002	0.7851	5.1776	4
107.65	2.0028	0.6521	5.1868	4
107.7	2.0031	0.993	5.1945	4
107.75	2.0033	0.8322	5.198	4
107.8	2.0036	0.8403	5.1865	4
107.85	2.0039	0.8209	5.1846	4
107.9	2.0045	0.8105	5.1938	4
107.95	2.0049	1.0321	5.1932	4
108	2.005	0.6918	5.1788	4
108.05	2.0058	0.7198	5.1678	4
108.1	2.0058	1.2329	5.1754	4
108.15	2.0058	0.6327	5.185	4
108.2	2.0067	0.7635	5.1785	4
108.25	2.0069	0.8194	5.1781	4
108.3	2.0075	0.8943	5.1715	4
108.35	2.0075	1.1103	5.1732	4
108.4	2.0076	0.9176	5.1812	4
108.45	2.0082	0.7327	5.1911	4
108.5	2.0086	1.0049	5.1944	4
108.55	2.0087	0.838	5.2107	4
108.6	2.0089	0.9463	5.2155	4
108.65	2.0091	0.8455	5.1996	4
108.7	2.0093	0.9024	5.1875	4
108.75	2.0091	1.0759	5.1901	4
108.8	2.0099	0.6041	5.1699	4
108.85	2.0102	1.1327	5.1811	4
108.9	2.0106	0.6429	5.1891	4
108.95	2.0106	0.9817	5.1802	4
109	2.0109	0.9174	5.1684	4
109.05	2.0108	0.9181	5.1732	4
109.1	2.0113	0.7409	5.182	4
109.15	2.0113	1.0416	5.1796	4
109.2	2.0109	1.1544	5.18	4
109.25	2.0113	0.5863	5.1865	4
109.3	2.0122	0.8309	5.1659	4
109.35	2.0115	1.3592	5.1636	4
109.4	2.0118	0.6691	5.1682	4
109.45	2.013	0.5802	5.176	4
109.5	2.0131	1.0844	5.1855	4
109.55	2.0127	1.1489	5.182	4
109.6	2.0132	0.5876	5.163	4
109.65	2.0139	1.0771	5.1664	4
109.7	2.0136	0.9723	5.1626	4
109.75	2.0137	0.9059	5.1587	4
109.8	2.014	0.8587	5.164	4
109.85	2.0137	1.2013	5.1836	4
109.9	2.0137	0.7801	5.2004	4
109.95	2.0145	0.773	5.1839	4
110	2.0136	1.5981	5.1862	4
110.05	2.0144	0.2289	5.2021	4
110.1	2.0151	1.0103	5.1947	4
110.15	2.0147	1.1806	5.1868	4
110.2	2.0144	0.863	5.1912	4
110.25	2.0153	0.6467	5.2037	4
110.3	2.0152	1.4985	5.2135	4
110.35	2.0153	0.4396	5.2085	4
110.4	2.0156	1.1802	5.181	4
110.45	2.0156	0.7949	5.1788	4
110.5	2.0157	1.107	5.1843	4
110.55	2.0164	0.3962	5.1981	4
110.6	2.0168	1.096	5.1982	4
110.65	2.016	1.1712	5.2222	4
110.7	2.017	0.5227	5.2326	4
110.75	2.0173	0.9444	5.207	4
110.8	2.0174	1.1023	5.2066	4
110.85	2.018	0.7966	5.204	4
110.9	2.0189	0.7007	5.2093	4
110.95	2.0187	1.1741	5.2082	4
111	2.0191	0.5355	5.2025	4
111.05	2.0198	0.8693	5.1979	4
111.1	2.0201	0.9186	5.1828	4
111.15	2.0202	0.9933	5.2018	4
111.2	2.0205	0.8578	5.2152	4
111.25	2.0205	0.9965	5.1958	4
111.3	2.0207	0.7827	5.1912	4
111.35	2.0218	0.661	5.1926	4
111.4	2.0217	1.0537	5.1965	4
111.45	2.0221	0.756	5.184	4
111.5	2.0225	0.9352	5.1624	4
111.55	2.0233	0.667	5.1665	4
111.6	2.0229	1.2053	5.1728	4
111.65	2.0227	0.8663	5.1767	4
111.7	2.0238	0.5836	5.1985	4
111.75	2.0237	1.0578	5.1886	4
111.8	2.0241	1.0832	5.1708	4
111.85	2.0245	0.4404	5.1609	4
111.9	2.0245	1.387	5.1693	4
111.95	2.0246	0.4479	5.177	4
112	2.0254	1.1807	5.174	4
112.05	2.0252	0.8595	5.1805	4
112.1	2.0258	0.9905	5.1861	4
112.15	2.0254	0.8928	5.1757	4
112.2	2.026	0.993	5.1608	4
112.25	2.0257	0.9753	5.1681	4
112.3	2.0259	0.9734	5.1832	4
112.35	2.0259	1.1522	5.1825	4
112.4	2.0256	0.9765	5.1723	4
112.45	2.0257	1.0011	5.1743	4
112.5	2.0257	1.1409	5.178	4
112.55	2.0254	0.9844	5.1586	4
112.6	2.0266	0.6247	5.1375	4
112.65	2.0259	1.4219	5.141	4
112.7	2.0255	0.9268	5.1602	4
112.75	2.0261	0.8341	5.1547	4
112.8	2.0265	0.7934	5.1465	4
112.85	2.0266	1.2601	5.1487	4
112.9	2.0262	0.9174	5.1425	4
112.95	2.0265	0.8534	5.1546	4
113	2.0272	0.9963	5.158	4
113.05	2.0265	1.2115	5.1564	4
113.1	2.0268	0.77	5.1597	4
113.15	2.028	0.6701	5.1621	4
113.2	2.0272	1.6445	5.175	4
113.25	2.0269	0.6972	5.1652	4
113.3	2.0276	0.8852	5.1632	4
113.35	2.0275	1.0362	5.154	4
113.4	2.0276	0.913	5.1475	4
113.45	2.0286	0.6231	5.1667	4
113.5	2.0288	1.119	5.1482	4
113.55	2.0284	0.924	5.1436	4
113.6	2.029	0.7216	5.1579	4
113.65	2.0289	0.725	5.1486	4
113.7	2.0293	1.0267	5.1435	4
113.75	2.0292	0.7882	5.1513	4
113.8	2.0306	0.6944	5.1592	4
113.85	2.03	1.2187	5.1713	4
113.9	2.0307	0.57	5.1536	4
113.95	2.0315	0.6493	5.1336	4
114	2.0324	0.787	5.1372	4
114.05	2.0324	0.9733	5.1346	4
114.1	2.0336	0.5972	5.1386	4
114.15	2.0333	1.1673	5.1461	4
114.2	2.0335	0.5192	5.1493	4
114.25	2.0346	0.7746	5.1415	4
114.3	2.0346	0.9315	5.144	4
114.35	2.0347	1.1258	5.1443	4
114.4	2.0355	0.4554	5.1315	4
114.45	2.0359	0.9476	5.1514	4
114.5	2.0354	0.9957	5.1779	4
114.55	2.0363	0.6423	5.1689	4
114.6	2.0366	0.7387	5.1795	4
114.65	2.0376	0.9768	5.1668	4
114.7	2.0373	0.7795	5.1516	4
114.75	2.0382	0.7489	5.1653	4
114.8	2.0379	1.3527	5.1595	4
114.85	2.0379	0.4677	5.167	4
114.9	2.039	0.9941	5.1741	4
114.95	2.0386	0.9827	5.1655	4
115	2.0388	1.0764	5.1665	4
115.05	2.0396	0.5291	5.1476	4
115.1	2.0397	1.3309	5.1544	4
115.15	2.0394	0.7815	5.167	4
115.2	2.0397	0.9947	5.1685	4
115.25	2.04	0.7761	5.1671	4
115.3	2.0405	0.9769	5.1625	4
115.35	2.0402	1.1099	5.1672	4
115.4	2.0407	1.0173	5.1683	4
115.45	2.0403	1.177	5.1652	4
115.5	2.0406	0.7548	5.1752	4
115.55	2.0407	1.0454	5.1702	4
115.6	2.04	1.6094	5.1524	4
115.65	2.04	0.4486	5.165	4
115.7	2.0411	0.7608	5.1675	4
115.75	2.0405	1.2843	5.1623	4
115.8	2.0405	1.0507	5.1614	4
115.85	2.0407	0.7577	5.1724	4
115.9	2.0416	0.7153	5.1661	4
115.95	2.0411	1.5097	5.1333	4
116	2.0412	0.6296	5.1409	4
116.05	2.0418	0.9445	5.1514	4
116.1	2.0413	1.1756	5.1483	4
116.15	2.0414	0.7307	5.1518	4
116.2	2.0419	1.0414	5.1515	4
116.25	2.0408	1.4558	5.1458	4
116.3	2.0414	0.3193	5.1478	4
116.35	2.0424	0.8845	5.14	4
116.4	2.0422	1.2524	5.1426	4
116.45	2.0415	1.2499	5.1502	4
116.5	2.042	0.5445	5.1513	4
116.55	2.0425	1.1848	5.1559	4
116.6	2.0417	1.0986	5.1591	4
116.65	2.0415	1.1518	5.1562	4
116.7	2.0418	0.6651	5.1563	4
116.75	2.0422	1.0797	5.1673	4
116.8	2.0419	1.145	5.1704	4
116.85	2.0415	1.0881	5.1586	4
116.9	2.0417	0.8611	5.1674	4
116.95	2.042	0.9859	5.1702	4
117	2.0417	1.1658	5.1702	4
117.05	2.0417	1.0895	5.1642	4
117.1	2.0412	1.0634	5.179	4
117.15	2.0426	0.5326	5.2061	4
117.2	2.0426	0.9402	5.1749	4
117.25	2.0429	0.9913	5.145	4
117.3	2.0426	0.8789	5.1514	4
117.35	2.0437	0.5983	5.1499	4
117.4	2.0442	0.9722	5.159	4
117.45	2.0442	0.8968	5.1506	4
117.5	2.0448	0.762	5.151	4
117.55	2.0455	0.6759	5.1478	4
117.6	2.0455	0.9679	5.1336	4
117.65	2.046	0.7974	5.1352	4
117.7	2.0456	1.0924	5.1395	4
117.75	2.0461	0.8021	5.1375	4
117.8	2.0466	0.9639	5.1477	4
117.85	2.0464	1.11	5.1389	4
117.9	2.046	1.1558	5.1406	4
117.95	2.0462	0.6621	5.144	4
118	2.0467	0.9346	5.1452	4
118.05	2.0464	1.1937	5.1524	4
118.1	2.0458	1.1567	5.1467	4
118.15	2.0463	0.6521	5.1619	4
118.2	2.0466	1.1328	5.1622	4
118.25	2.0464	0.9543	5.1629	4
118.3	2.0466	0.9087	5.1587	4
118.35	2.0464	1.1839	5.1491	4
118.4	2.0464	0.9276	5.1586	4
118.45	2.0467	0.8559	5.1687	4
118.5	2.0464	1.1554	5.1788	4
118.55	2.0468	0.7769	5.1862	4
118.6	2.0471	0.8634	5.1846	4
118.65	2.0474	0.9529	5.1814	4
118.7	2.0471	1.1216	5.1634	4
118.75	2.0475	0.7487	5.1489	4
118.8	2.0476	1.1845	5.1664	4
118.85	2.0472	1.0944	5.167	4
118.9	2.0474	0.8337	5.1778	4
118.95	2.0479	0.6653	5.1806	4
119	2.0475	1.5587	5.1738	4
119.05	2.0476	0.5805	5.166	4
119.1	2.0481	1.097	5.1534	4
119.15	2.0481	0.8517	5.1588	4
119.2	2.048	1.0723	5.16	4
119.25	2.0484	0.6891	5.1648	4
119.3	2.0486	0.9839	5.1572	4
119.35	2.0491	0.784	5.1602	4
119.4	2.0494	0.9196	5.1747	4
119.45	2.0495	1.0183	5.171	4
119.5	2.0497	0.8233	5.1484	4
119.55	2.0501	0.7204	5.1486	4
119.6	2.0508	0.7323	5.1675	4
119.65	2.0502	1.4356	5.1717	4
119.7	2.0506	0.7255	5.1658	4
119.75	2.0512	0.6008	5.1722	4
119.8	2.0518	1.0306	5.1832	4
119.85	2.0515	1.1015	5.1814	4
119.9	2.0516	0.8506	5.171	4
119.95	2.0522	0.8783	5.1835	4
120	2.0528	0.6413	5.1936	4
120.05	2.0532	1.1753	5.1747	4
120.1	2.0525	1.1022	5.1467	4
120.15	2.0532	0.4487	5.1489	4
120.2	2.0537	1.0057	5.1601	4
120.25	2.0531	1.1025	5.1696	4
120.3	2.0538	0.8619	5.1755	4
120.35	2.054	0.6915	5.1669	4
120.4	2.0545	1.1262	5.1685	4
120.45	2.0554	0.1439	5.158	4
120.5	2.0555	1.3673	5.15	4
120.55	2.0556	0.7765	5.1481	4
120.6	2.0566	0.458	5.1595	4
120.65	2.057	1.1874	5.1757	4
120.7	2.0565	1.1305	5.1688	4
120.75	2.057	0.5841	5.175	4
120.8	2.058	0.8137	5.1707	4
120.85	2.0582	0.8229	5.1735	4
120.9	2.0581	1.2388	5.1788	4
120.95	2.0579	0.834	5.1879	4
121	2.0589	0.6502	5.1806	4
121.05	2.0585	1.1942	5.1682	4
121.1	2.0584	0.982	5.1806	4
121.15	2.0583	1.0554	5.1677	4
121.2	2.0584	0.8658	5.1711	4
121.25	2.0584	1.0184	5.1674	4
121.3	2.0589	0.8891	5.1539	4
121.35	2.0586	1.1985	5.142	4
121.4	2.0589	0.772	5.1345	4
121.45	2.0591	0.9484	5.1403	4
121.5	2.0591	1.1793	5.1614	4
121.55	2.0586	1.0065	5.1541	4
121.6	2.0588	0.759	5.1672	4
121.65	2.0587	1.2386	5.1746	4
121.7	2.059	0.6986	5.1656	4
121.75	2.0595	0.9109	5.1636	4
121.8	2.0596	1.048	5.1558	4
121.85	2.0596	0.9743	5.1609	4
121.9	2.0603	0.7393	5.1556	4
121.95	2.0598	1.2674	5.1471	4
122	2.0596	0.917	5.1533	4
122.05	2.0602	0.7558	5.1542	4
122.1	2.0602	1.1109	5.1343	4
122.15	2.0605	0.7249	5.1331	4
122.2	2.0606	0.8543	5.1569	4
122.25	2.0607	1.0764	5.1634	4
122.3	2.0606	0.7652	5.1636	4
122.35	2.0608	1.2278	5.1618	4
122.4	2.0607	0.7261	5.1414	4
122.45	2.061	1.0938	5.1489	4
122.5	2.0614	0.7286	5.1791	4
122.55	2.0616	0.9981	5.1761	4
122.6	2.0617	0.9424	5.1791	4
122.65	2.0619	0.9502	5.1798	4
122.7	2.0624	0.5548	5.1623	4
122.75	2.0622	1.3791	5.171	4
122.8	2.062	0.9403	5.174	4
122.85	2.0623	0.964	5.174	4
122.9	2.0626	0.7731	5.1788	4
122.95	2.063	0.8484	5.1735	4
123	2.0633	0.9953	5.1818	4
123.05	2.0628	1.0739	5.1777	4
123.1	2.0631	0.8002	5.17	4
123.15	2.0635	1.1507	5.1863	4
123.2	2.0637	0.7267	5.176	4
123.25	2.0639	1.0817	5.165	4
123.3	2.064	0.8648	5.1502	4
123.35	2.0636	1.0466	5.1482	4
123.4	2.0646	0.5736	5.1558	4
123.45	2.0646	1.1841	5.1476	4
123.5	2.0645	0.7199	5.1643	4
123.55	2.0649	0.9076	5.1577	4
123.6	2.0654	0.7042	5.1537	4
123.65	2.0656	0.9317	5.1563	4
123.7	2.0664	0.6458	5.1517	4
123.75	2.0673	0.682	5.1515	4
123.8	2.068	0.6861	5.1529	4
123.85	2.0679	1.0716	5.1446	4
123.9	2.0681	0.594	5.1361	4
123.95	2.0691	0.7259	5.1288	4
124	2.0691	0.8719	5.1357	4
124.05	2.0697	0.6957	5.1498	4
124.1	2.0705	0.7052	5.138	4
124.15	2.0715	0.7101	5.147	4
124.2	2.0715	0.8587	5.153	4
124.25	2.0722	0.7385	5.1443	4
124.3	2.073	0.5904	5.1386	4
124.35	2.0738	0.8071	5.1462	4
124.4	2.0742	0.7428	5.1425	4
124.45	2.0751	0.5298	5.1273	4
124.5	2.0756	0.9129	5.1412	4
124.55	2.0759	0.6263	5.158	4
124.6	2.077	0.4228	5.1439	4
124.65	2.0782	0.7808	5.1526	4
124.7	2.0781	0.8371	5.1382	4
124.75	2.0787	0.5644	5.1229	4
124.8	2.0795	0.5653	5.1209	4
124.85	2.0806	0.7636	5.14	4
124.9	2.081	0.7696	5.1543	4
124.95	2.0817	0.6779	5.151	4
125	2.0825	0.6217	5.1507	4
125.05	2.0829	0.8057	5.1514	4
125.1	2.0843	0.2833	5.1517	4
125.15	2.0849	0.8062	5.1504	4
125.2	2.0852	0.7669	5.1583	4
125.25	2.0862	0.5548	5.1492	4
125.3	2.0862	1.0231	5.1381	4
125.35	2.0875	0.2129	5.1261	4
125.4	2.088	1.0521	5.1231	4
125.45	2.088	0.7972	5.1469	4
125.5	2.0897	0.1784	5.1568	4
125.55	2.0908	0.9711	5.1666	4
125.6	2.0904	0.9699	5.161	4
125.65	2.0913	0.355	5.1559	4
125.7	2.0923	0.5198	5.1512	4
125.75	2.0933	0.7369	5.136	4
125.8	2.0934	0.832	5.146	4
125.85	2.0944	0.4521	5.1401	4
125.9	2.0955	0.5766	5.1449	4
125.95	2.0957	1.0134	5.1577	4
126	2.0961	0.5941	5.1482	4
126.05	2.0972	0.6467	5.1512	4
126.1	2.0977	0.8424	5.1559	4
126.15	2.0982	0.7156	5.1508	4
126.2	2.0992	0.5248	5.1594	4
126.25	2.1001	0.7648	5.1493	4
126.3	2.1001	0.8723	5.1427	4
126.35	2.1013	0.3497	5.1411	4
126.4	2.1023	0.5576	5.1416	4
126.45	2.1033	0.7216	5.1531	4
126.5	2.1039	0.6116	5.1646	4
126.55	2.1049	0.6644	5.1624	4
126.6	2.105	0.8093	5.1545	4
126.65	2.1052	0.8115	5.1476	4
126.7	2.1062	0.4323	5.1492	4
126.75	2.1069	0.7373	5.1478	4
126.8	2.1073	0.7746	5.142	4
126.85	2.1088	0.1425	5.1473	4
126.9	2.1094	1.2267	5.1492	4
126.95	2.1093	0.596	5.1536	4
127	2.1107	0.6114	5.1514	4
127.05	2.1115	0.7913	5.1437	4
127.1	2.1117	0.8095	5.1447	4
127.15	2.112	0.6998	5.1445	4
127.2	2.1129	0.6594	5.1409	4
127.25	2.1135	0.7774	5.1404	4
127.3	2.1143	0.7257	5.1506	4
127.35	2.1146	0.6569	5.1507	4
127.4	2.1154	0.8735	5.1404	4
127.45	2.1157	0.67	5.1364	4
127.5	2.1166	0.6925	5.144	4
127.55	2.1173	0.676	5.1503	4
127.6	2.1177	0.9931	5.1656	4
127.65	2.118	0.6006	5.1602	4
127.7	2.119	0.6704	5.1643	4
127.75	2.1191	0.828	5.1526	4
127.8	2.1196	0.976	5.1479	4
127.85	2.1194	0.8622	5.1496	4
127.9	2.1201	0.6111	5.1329	4
127.95	2.1206	0.8365	5.1503	4
128	2.1212	0.7046	5.1567	4
128.05	2.1219	0.6293	5.143	4
128.1	2.1226	0.8719	5.1507	4
128.15	2.1223	0.8669	5.1652	4
128.2	2.1227	0.8798	5.1613	4
128.25	2.1233	0.6421	5.1552	4
128.3	2.124	1.0409	5.1601	4
128.35	2.124	0.8726	5.1656	4
128.4	2.1249	0.6202	5.1443	4
128.45	2.1255	0.757	5.1269	4
128.5	2.1258	0.9988	5.1303	4
128.55	2.1261	0.6174	5.1363	4
128.6	2.1271	0.6742	5.1367	4
128.65	2.1275	0.8369	5.1293	4
128.7	2.1285	0.457	5.1291	4
128.75	2.1288	0.8462	5.1489	4
128.8	2.1299	0.5087	5.1405	4
128.85	2.1306	0.6544	5.1442	4
128.9	2.132	0.5733	5.1482	4
128.95	2.1327	0.7138	5.1491	4
129	2.1341	0.3132	5.1578	4
129.05	2.1348	0.8735	5.157	4
129.1	2.1357	0.5473	5.1451	4
129.15	2.1368	0.4488	5.1426	4
129.2	2.1381	0.5667	5.1478	4
129.25	2.1383	0.7975	5.1353	4
129.3	2.139	0.1872	5.1361	4
129.35	2.1402	0.8415	5.1514	4
129.4	2.1414	0.3293	5.148	4
129.45	2.1423	0.8786	5.1359	4
129.5	2.1436	0.1627	5.1443	4
129.55	2.1445	0.863	5.1356	4
129.6	2.1453	0.52	5.1381	4
129.65	2.146	0.5796	5.1397	4
129.7	2.1473	0.5726	5.1409	4
129.75	2.148	0.6121	5.1537	4
129.8	2.1489	0.5847	5.1447	4
129.85	2.1502	0.4803	5.134	4
129.9	2.1508	0.6438	5.13	4
129.95	2.1517	0.7239	5.1394	4
130	2.1523	0.5533	5.1454	4
130.05	2.1533	0.7713	5.1409	4
130.1	2.1539	0.653	5.1521	4
130.15	2.1545	0.8599	5.1613	4
130.2	2.1552	0.5057	5.1533	4
130.25	2.1562	0.7518	5.1542	4
130.3	2.1565	0.6396	5.1554	4
130.35	2.1575	0.6468	5.165	4
130.4	2.158	0.726	5.1546	4
130.45	2.1585	0.8646	5.153	4
130.5	2.1591	0.7053	5.1587	4
130.55	2.1597	0.8007	5.1483	4
130.6	2.1597	0.9022	5.1449	4
130.65	2.16	0.9144	5.1385	4
130.7	2.1608	0.486	5.1296	4
130.75	2.1613	1.0472	5.1428	4
130.8	2.1613	0.7129	5.1551	4
130.85	2.1626	0.677	5.1393	4
130.9	2.1629	0.9326	5.1404	4
130.95	2.163	0.9204	5.1414	4
131	2.164	0.6803	5.1373	4
131.05	2.1643	1.0187	5.1406	4
131.1	2.1645	0.6796	5.137	4
131.15	2.1649	0.8453	5.1441	4
131.2	2.1648	0.9583	5.1501	4
131.25	2.165	0.8511	5.142	4
131.3	2.1651	0.9605	5.1358	4
131.35	2.1656	0.8287	5.1415	4
131.4	2.1659	0.8801	5.1531	4
131.45	2.1663	0.8674	5.1339	4
131.5	2.167	0.6731	5.1215	4
131.55	2.167	1.0858	5.1302	4
131.6	2.1668	0.9282	5.1176	4
131.65	2.1682	0.4987	5.1284	4
131.7	2.1682	1.2691	5.138	4
131.75	2.1683	0.7958	5.1312	4
131.8	2.169	0.7851	5.1408	4
131.85	2.1695	0.8721	5.1432	4
131.9	2.1691	1.3497	5.1506	4
131.95	2.1695	0.499	5.1631	4
132	2.1701	1.1201	5.165	4
132.05	2.17	0.849	5.1487	4
132.1	2.17	1.199	5.1461	4
132.15	2.1704	0.6475	5.1643	4
132.2	2.1704	1.2403	5.1483	4
132.25	2.1707	0.6281	5.144	4
132.3	2.1707	1.1995	5.1447	4
132.35	2.1706	0.6797	5.1262	4
132.4	2.1707	1.2985	5.1339	4
132.45	2.1705	0.6488	5.1518	4
132.5	2.1712	1.0198	5.1648	4
132.55	2.1709	0.977	5.1539	4
132.6	2.171	1.0059	5.1333	4
132.65	2.1719	0.5267	5.1546	4
132.7	2.1721	1.1329	5.163	4
132.75	2.1722	0.7624	5.145	4
132.8	2.1727	0.8514	5.1566	4
132.85	2.1727	1.0229	5.1623	4
132.9	2.1737	0.5738	5.1633	4
132.95	2.1737	1.228	5.1629	4
133	2.1737	0.6551	5.1513	4
133.05	2.1746	0.8043	5.159	4
133.1	2.174	1.1563	5.1609	4
133.15	2.1745	0.6154	5.1422	4
133.2	2.1754	0.9586	5.1501	4
133.25	2.1753	0.9431	5.1467	4
133.3	2.1759	0.7863	5.1499	4
133.35	2.1764	0.7787	5.1541	4
133.4	2.1767	1.0054	5.1523	4
133.45	2.1767	0.8187	5.1559	4
133.5	2.1764	1.1608	5.1696	4
133.55	2.1769	0.5899	5.18	4
133.6	2.1771	1.3224	5.168	4
133.65	2.1776	0.3435	5.1631	4
133.7	2.1781	1.1116	5.1692	4
133.75	2.1782	0.7723	5.1713	4
133.8	2.1786	0.755	5.1702	4
133.85	2.1793	0.7257	5.1608	4
133.9	2.1794	1.0233	5.1496	4
133.95	2.1797	0.6918	5.1723	4
134	2.1807	0.8327	5.1752	4
134.05	2.1807	0.6943	5.1518	4
134.1	2.1819	0.8776	5.1511	4
134.15	2.1822	0.5277	5.1642	4
134.2	2.1829	0.9425	5.1738	4
134.25	2.1831	0.4083	5.1574	4
134.3	2.1836	1.1271	5.1547	4
134.35	2.1839	0.615	5.1742	4
134.4	2.1848	0.7611	5.1741	4
134.45	2.1854	0.6657	5.169	4
134.5	2.1861	0.6966	5.1653	4
134.55	2.1861	0.794	5.1538	4
134.6	2.187	0.7899	5.1544	4
134.65	2.1873	0.496	5.1439	4
134.7	2.1882	1.1507	5.1344	4
134.75	2.1886	0.3814	5.1507	4
134.8	2.1899	0.9957	5.1544	4
134.85	2.1899	0.3847	5.1441	4
134.9	2.191	1.0497	5.1444	4
134.95	2.1909	0.4529	5.1558	4
135	2.1918	0.9976	5.1413	4
135.05	2.1927	0.4059	5.1213	4
135.1	2.1938	0.7807	5.1519	4
135.15	2.1937	0.9569	5.1672	4
135.2	2.1944	0.6515	5.169	4
135.25	2.1951	0.5089	5.1545	4
135.3	2.1957	1.0528	5.1244	4
135.35	2.1957	0.5726	5.1347	4
135.4	2.197	0.6052	5.1457	4
135.45	2.1969	1.1962	5.1562	4
135.5	2.1973	0.5611	5.1598	4
135.55	2.1978	1.0487	5.1486	4
135.6	2.198	0.7127	5.1286	4
135.65	2.1981	0.9458	5.1282	4
135.7	2.1988	0.6019	5.1363	4
135.75	2.1996	0.8685	5.1244	4
135.8	2.1998	0.6782	5.1183	4
135.85	2.2002	0.9016	5.1314	4
135.9	2.201	0.6596	5.1418	4
135.95	2.2014	0.9834	5.1503	4
136	2.2017	0.8142	5.1561	4
136.05	2.2022	0.9442	5.1467	4
136.1	2.2024	0.7116	5.1548	4
136.15	2.2029	0.9359	5.1622	4
136.2	2.2031	0.7902	5.1583	4
136.25	2.2037	0.8838	5.1514	4
136.3	2.2041	0.7142	5.1396	4
136.35	2.2045	0.8898	5.152	4
136.4	2.2051	0.6529	5.153	4
136.45	2.2054	1.1036	5.1404	4
136.5	2.2054	0.8991	5.1432	4
136.55	2.2062	0.7282	5.1471	4
136.6	2.2062	1.0871	5.157	4
136.65	2.2061	0.8496	5.1751	4
136.7	2.2068	0.7842	5.1863	4
136.75	2.2069	1.0969	5.179	4
136.8	2.2068	0.944	5.1572	4
136.85	2.2074	0.8691	5.1725	4
136.9	2.2074	0.8934	5.1783	4
136.95	2.2075	1.1123	5.1666	4
137	2.2078	0.9347	5.1674	4
137.05	2.2079	1.0592	5.1665	4
137.1	2.2078	0.7642	5.1686	4
137.15	2.2079	1.0316	5.1654	4
137.2	2.2075	1.1345	5.1498	4
137.25	2.2075	1.0425	5.143	4
137.3	2.2076	0.8075	5.1354	4
137.35	2.2081	1.0168	5.1552	4
137.4	2.2081	0.9364	5.1689	4
137.45	2.2082	0.973	5.1542	4
137.5	2.2083	0.8638	5.1607	4
137.55	2.2082	1.1658	5.1693	4
137.6	2.2082	0.9016	5.1638	4
137.65	2.2085	0.8829	5.174	4
137.7	2.2086	1.1948	5.1815	4
137.75	2.2083	1.0972	5.1829	4
137.8	2.2087	0.782	5.1777	4
137.85	2.2086	1.1242	5.1661	4
137.9	2.2084	1.0881	5.1626	4
137.95	2.2084	0.8682	5.1525	4
138	2.2085	1.1751	5.1449	4
138.05	2.2082	1.1415	5.1427	4
138.1	2.2079	0.9515	5.1406	4
138.15	2.2082	0.8839	5.1485	4
138.2	2.2081	1.1187	5.1526	4
138.25	2.2081	1.1132	5.1646	4
138.3	2.2078	0.9169	5.1587	4
138.35	2.208	1.0635	5.133	4
138.4	2.2077	1.1625	5.1401	4
138.45	2.2074	0.9971	5.1508	4
138.5	2.2076	0.8691	5.1553	4
138.55	2.2077	1.1871	5.1545	4
138.6	2.2074	1.0114	5.1497	4
138.65	2.2075	1.1072	5.1518	4
138.7	2.2076	0.9254	5.1547	4
138.75	2.2076	0.9889	5.1468	4
138.8	2.2076	1.2148	5.1452	4
138.85	2.207	0.9408	5.1461	4
138.9	2.2066	1.256	5.1386	4
138.95	2.2066	0.7442	5.1377	4
139	2.2064	1.3034	5.146	4
139.05	2.2064	0.7761	5.1443	4
139.1	2.2066	1.084	5.1302	4
139.15	2.2065	1.1589	5.1336	4
139.2	2.2063	1.0389	5.1416	4
139.25	2.2061	1.1242	5.1379	4
139.3	2.2061	0.9171	5.1466	4
139.35	2.2064	1.1071	5.1339	4
139.4	2.2061	1.044	5.1423	4
139.45	2.2063	1.0675	5.1646	4
139.5	2.206	1.0387	5.1531	4
139.55	2.2061	0.9847	5.1465	4
139.6	2.2061	0.8283	5.148	4
139.65	2.2064	1.1486	5.1747	4
139.7	2.2063	0.861	5.1687	4
139.75	2.2067	0.8993	5.1437	4
139.8	2.207	1.0135	5.1479	4
139.85	2.2067	1	5.1574	4
139.9	2.2069	1.0937	5.1728	4
139.95	2.2071	0.6328	5.1753	4
140	2.2071	1.4151	5.1615	4
140.05	2.2073	0.5851	5.1747	4
140.1	2.2075	1.1114	5.1716	4
140.15	2.2077	0.7971	5.1645	4
140.2	2.2075	0.9396	5.1702	4
140.25	2.208	0.7816	5.1663	4
140.3	2.2081	0.8658	5.1613	4
140.35	2.2084	1.0342	5.1539	4
140.4	2.2086	0.8094	5.1516	4
140.45	2.2091	0.7228	5.1557	4
140.5	2.2098	0.8756	5.1507	4
140.55	2.2099	0.9034	5.1433	4
140.6	2.2103	0.7792	5.1533	4
140.65	2.2108	0.8512	5.1525	4
140.7	2.2112	0.7988	5.167	4
140.75	2.2112	0.8964	5.162	4
140.8	2.212	0.7299	5.158	4
140.85	2.2123	0.7463	5.1603	4
140.9	2.2129	1.07	5.1673	4
140.95	2.2135	0.4587	5.1751	4
141	2.2142	0.8965	5.1574	4
141.05	2.2141	0.7782	5.1424	4
141.1	2.2152	0.33	5.1591	4
141.15	2.2162	1.1237	5.1755	4
141.2	2.2166	0.3888	5.1738	4
141.25	2.2175	0.9314	5.1776	4
141.3	2.2182	0.3198	5.1631	4
141.35	2.2187	1.245	5.1631	4
141.4	2.2194	0.3295	5.1661	4
141.45	2.2205	0.7336	5.1643	4
141.5	2.2208	0.6628	5.1618	4
141.55	2.2215	0.7495	5.1657	4
141.6	2.2225	0.3348	5.1853	4
141.65	2.2239	0.7747	5.1713	4
141.7	2.2233	1.0199	5.1587	4
141.75	2.2247	0.2865	5.1595	4
141.8	2.2253	0.8593	5.1542	4
141.85	2.226	0.6377	5.1569	4
141.9	2.2269	0.5395	5.1649	4
141.95	2.2279	0.7189	5.1569	4
142	2.2282	0.664	5.1598	4
142.05	2.2293	0.5543	5.164	4
142.1	2.2299	0.687	5.1724	4
142.15	2.2307	0.4253	5.167	5
142.2	2.2318	0.9614	5.156	5
142.25	2.2324	0.2877	5.1673	5
142.3	2.2326	0.9968	5.1719	5
142.35	2.2319	0.2505	5.1879	5
142.4	2.2399	1.3104	5.1877	5
142.45	2.2607	1.3157	5.1858	5
142.5	2.2904	2.3851	5.1908	5
142.55	2.3302	2.9697	5.1646	5
142.6	2.3791	4.0411	5.1579	5
142.65	2.4375	4.8493	5.1589	5
142.7	2.5039	6.8149	5.1632	5
142.75	2.5802	7.7449	5.1869	5
142.8	2.6646	9.6722	5.1941	5
142.85	2.7581	11.556	5.1848	5
142.9	2.86	13.7132	5.1852	5
142.95	2.9701	16.0053	5.1969	5
143	3.0886	18.7208	5.1852	5
143.05	3.2154	22.0395	5.1774	5
143.1	3.3509	25.246	5.1685	5
143.15	3.4949	28.9663	5.1643	5
143.2	3.6476	33.7705	5.1655	5
143.25	3.8103	38.5538	5.1729	5
143.3	3.9822	44.1945	5.1818	5
143.35	4.1642	50.925	5.1838	5
143.4	4.3567	58.3884	5.1761	5
143.45	4.5599	66.4546	5.1709	5
143.5	4.7723	76.4478	5.1743	5
143.55	4.9948	87.7159	5.1688	5
143.6	5.2264	100.3511	5.1745	5
143.65	5.4655	116.1841	5.1716	5
143.7	5.7122	134.6577	5.1674	5
143.75	5.9648	157.1736	5.1833	5
143.8	6.2243	182.3191	5.1791	5
143.85	6.4902	210.5815	5.1833	5
143.9	6.7619	241.3742	5.184	5
143.95	7.0385	274.9804	5.1657	5
144	7.3206	311.8422	5.1778	5
144.05	7.608	351.6247	5.1778	6
144.1	7.9001	393.8523	5.169	6
144.15	8.1959	439.4363	5.1688	6
144.2	8.4956	488.4437	5.1741	6
144.25	8.7972	539.8382	5.1732	6
144.3	9.0955	591.598	5.1823	6
144.35	9.3864	643.359	5.1811	6
144.4	9.6693	694.7604	5.1811	6
144.45	9.9439	745.5471	5.1743	6
144.5	10.2102	796.0981	5.18	6
144.55	10.4688	846.0206	5.1685	6
144.6	10.7202	894.5334	5.163	6
144.65	10.9626	942.5635	5.169	6
144.7	11.198	990.2457	5.1744	6
144.75	11.4271	1036.7816	5.1655	6
144.8	11.6488	1082.3411	5.1645	6
144.85	11.8632	1127.3485	5.1665	6
144.9	12.0713	1170.7493	5.1812	6
144.95	12.2729	1212.9924	5.1938	6
145	12.4684	1254.0621	5.1938	6
145.05	12.658	1294.153	5.19	6
145.1	12.8421	1332.6549	5.1839	6
145.15	13.0205	1370.2083	5.1791	6
145.2	13.1928	1407.0659	5.1706	6
145.25	13.3597	1442.6524	5.1685	6
145.3	13.5222	1476.2933	5.1718	6
145.35	13.6795	1508.599	5.1701	6
145.4	13.8318	1540.1171	5.1802	6
145.45	13.98	1569.5504	5.1736	6
145.5	14.1235	1597.6612	5.1561	6
145.55	14.2629	1624.7155	5.1558	6
145.6	14.3983	1650.4218	5.1449	6
145.65	14.53	1674.5696	5.152	6
145.7	14.657	1697.5023	5.1475	6
145.75	14.7801	1719.7544	5.1574	6
145.8	14.8998	1740.0596	5.1663	6
145.85	15.0149	1759.6622	5.1623	6
145.9	15.1268	1778.6047	5.1783	6
145.95	15.2362	1795.7026	5.1855	6
146	15.3419	1812.0243	5.1863	6
146.05	15.4438	1828.0429	5.1826	6
146.1	15.5434	1842.4355	5.1838	6
146.15	15.6397	1855.8209	5.2015	6
146.2	15.7323	1869.4175	5.2028	6
146.25	15.8226	1881.2351	5.1801	6
146.3	15.9105	1891.6426	5.1592	6
146.35	15.9946	1902.4633	5.1633	6
146.4	16.0765	1911.9425	5.1751	6
146.45	16.1563	1920.2409	5.1746	6
146.5	16.2333	1928.482	5.1721	6
146.55	16.3079	1935.7567	5.182	6
146.6	16.3805	1941.5214	5.1861	6
146.65	16.45	1947.5533	5.1872	6
146.7	16.5172	1953.3529	5.176	6
146.75	16.5825	1958.2661	5.1644	6
146.8	16.646	1962.1803	5.1784	6
146.85	16.7067	1966.5593	5.1884	6
146.9	16.7658	1970.0083	5.1826	6
146.95	16.823	1972.7582	5.1751	6
147	16.8777	1975.4423	5.1713	6
147.05	16.9307	1977.6591	5.1838	6
147.1	16.9828	1978.8283	5.1978	6
147.15	17.033	1980.0772	5.1965	6
147.2	17.0814	1980.8661	5.1973	6
147.25	17.1284	1980.555	5.1701	6
147.3	17.1733	1980.4586	5.1629	6
147.35	17.2167	1979.9038	5.169	6
147.4	17.2593	1978.6067	5.1627	6
147.45	17.3003	1977.3461	5.1766	6
147.5	17.3397	1975.7934	5.1886	6
147.55	17.3778	1973.8169	5.202	6
147.6	17.4149	1971.0388	5.1948	6
147.65	17.4503	1968.6166	5.1881	6
147.7	17.4846	1965.7135	5.196	6
147.75	17.518	1962.1651	5.1917	6
147.8	17.5503	1958.6787	5.1961	6
147.85	17.5813	1955.1979	5.1947	6
147.9	17.6114	1951.0865	5.1921	6
147.95	17.6405	1946.6679	5.1884	6
148	17.6682	1942.7734	5.1827	6
148.05	17.695	1937.8776	5.1797	6
148.1	17.7211	1932.6708	5.1946	6
148.15	17.7457	1928.1346	5.1952	6
148.2	17.77	1922.9871	5.1952	6
148.25	17.7938	1917.497	5.1994	6
148.3	17.8163	1912.1449	5.1967	6
148.35	17.8378	1906.7613	5.181	6
148.4	17.8589	1900.5734	5.1669	6
148.45	17.8788	1894.9688	5.1832	6
148.5	17.8982	1889.0686	5.1912	6
148.55	17.9167	1883.1347	5.183	6
148.6	17.9345	1877.0604	5.197	6
148.65	17.9518	1870.948	5.1979	6
148.7	17.9684	1864.9154	5.1846	6
148.75	17.9846	1858.5082	5.1774	6
148.8	17.9998	1852.1465	5.1819	6
148.85	18.0144	1845.7673	5.1799	6
148.9	18.0284	1839.3933	5.1813	6
148.95	18.0417	1833.1346	5.176	6
149	18.0545	1826.9272	5.1668	6
149.05	18.0671	1820.6594	5.1655	6
149.1	18.0788	1814.0515	5.1834	6
149.15	18.0898	1807.5765	5.1827	6
149.2	18.1009	1800.7555	5.1908	6
149.25	18.1113	1794.4388	5.1953	6
149.3	18.1211	1788.7347	5.1737	6
149.35	18.1309	1782.8996	5.1662	6
149.4	18.1405	1776.5708	5.1716	6
149.45	18.1486	1770.5726	5.1831	6
149.5	18.1569	1764.5721	5.1724	6
149.55	18.1653	1757.6907	5.1661	6
149.6	18.1725	1751.9358	5.1729	6
149.65	18.1795	1746.2655	5.1676	6
149.7	18.1869	1739.5818	5.1759	6
149.75	18.1932	1733.8882	5.1914	6
149.8	18.199	1728.6255	5.1843	6
149.85	18.2051	1722.4572	5.1715	6
149.9	18.2108	1716.3435	5.1936	6
149.95	18.2158	1711.0815	5.1774	6
150	18.2205	1705.6861	5.1831	6
150.05	18.2256	1699.7734	5.1995	6
150.1	18.2299	1694.4459	5.1893	6
150.15	18.2338	1689.3917	5.186	6
150.2	18.2377	1683.9528	5.1735	6
150.25	18.2414	1678.5006	5.1788	6
150.3	18.2447	1673.28	5.1628	6
150.35	18.2476	1668.3891	5.1526	6
150.4	18.2506	1663.3595	5.1659	6
150.45	18.2535	1658.0916	5.171	6
150.5	18.2561	1653.048	5.1781	6
150.55	18.2582	1648.5518	5.1722	6
150.6	18.2605	1643.7124	5.1759	6
150.65	18.2629	1638.3879	5.1852	6
150.7	18.2643	1634.2982	5.1977	6
150.75	18.266	1629.6865	5.1935	6
150.8	18.2682	1624.6162	5.1773	6
150.85	18.2693	1620.6598	5.1844	6
150.9	18.2703	1616.4581	5.1966	6
150.95	18.2716	1611.8491	5.1848	6
151	18.2727	1607.4802	5.1928	6
151.05	18.2733	1603.5516	5.2046	6
151.1	18.2739	1599.604	5.2065	6
151.15	18.2748	1595.2246	5.2057	6
151.2	18.2749	1591.5617	5.2036	6
151.25	18.2751	1587.814	5.1934	6
151.3	18.2754	1583.9558	5.1855	6
151.35	18.2755	1580.3449	5.1908	6
151.4	18.2755	1576.8543	5.2029	6
151.45	18.2756	1573.1134	5.1993	6
151.5	18.2754	1569.5012	5.1923	6
151.55	18.2747	1566.5498	5.1853	6
151.6	18.2746	1562.9472	5.1707	6
151.65	18.2742	1559.8021	5.1768	6
151.7	18.2735	1557.1344	5.1789	6
151.75	18.2733	1553.812	5.1748	6
151.8	18.2727	1550.7716	5.1886	6
151.85	18.272	1547.6269	5.1865	6
151.9	18.2714	1544.6332	5.1782	6
151.95	18.2708	1541.4768	5.1783	6
152	18.2697	1538.5804	5.1696	6
152.05	18.2689	1535.7186	5.1824	6
152.1	18.2682	1532.8554	5.1693	6
152.15	18.2672	1530.3486	5.1663	6
152.2	18.2663	1527.8347	5.169	6
152.25	18.2654	1525.0024	5.168	6
152.3	18.2642	1522.7194	5.1641	6
152.35	18.2633	1520.079	5.1575	6
152.4	18.2623	1517.4983	5.1738	6
152.45	18.2609	1515.2415	5.1783	6
152.5	18.2598	1512.8504	5.182	6
152.55	18.2586	1510.7516	5.1947	6
152.6	18.2573	1508.7019	5.1972	6
152.65	18.2563	1506.2284	5.1996	6
152.7	18.2549	1504.2035	5.1915	6
152.75	18.2535	1502.549	5.1774	6
152.8	18.2525	1500.2361	5.1712	6
152.85	18.2511	1498.105	5.1699	6
152.9	18.2495	1496.2652	5.1746	6
152.95	18.2483	1494.0939	5.173	6
153	18.247	1492.1282	5.1689	6
153.05	18.2457	1490.2497	5.1704	6
153.1	18.2441	1488.5839	5.1577	6
153.15	18.2428	1486.6501	5.1481	6
153.2	18.2416	1484.6396	5.1703	6
153.25	18.24	1483.0965	5.1634	6
153.3	18.2385	1481.4766	5.1795	6
153.35	18.2373	1479.5336	5.1839	6
153.4	18.2358	1478.0484	5.1611	6
153.45	18.2344	1476.4264	5.1614	6
153.5	18.2329	1475.0157	5.1563	6
153.55	18.2311	1474.0188	5.1528	6
153.6	18.2297	1472.4217	5.1545	6
153.65	18.2283	1470.9603	5.1661	6
153.7	18.2266	1469.9634	5.1734	6
153.75	18.2253	1468.5986	5.1491	6
153.8	18.224	1467.5093	5.1438	6
153.85	18.2226	1466.3299	5.1595	6
153.9	18.2213	1465.12	5.16	6
153.95	18.2198	1463.9404	5.157	6
154	18.2184	1462.6971	5.147	6
154.05	18.217	1461.5561	5.1532	6
154.1	18.2157	1460.4693	5.15	6
154.15	18.2145	1459.1515	5.1367	6
154.2	18.2132	1458.1677	5.1353	6
154.25	18.212	1456.9856	5.1438	6
154.3	18.2108	1455.7848	5.1558	6
154.35	18.2094	1454.872	5.1642	6
154.4	18.2084	1453.555	5.1537	6
154.45	18.2072	1452.4647	5.1591	6
154.5	18.2057	1451.7765	5.1623	6
154.55	18.2046	1450.5782	5.1682	6
154.6	18.2031	1449.9282	5.1653	6
154.65	18.2016	1449.2532	5.1397	6
154.7	18.2009	1447.73	5.1495	6
154.75	18.1996	1446.9093	5.1546	6
154.8	18.1981	1446.6158	5.1481	6
154.85	18.1974	1445.2086	5.1488	6
154.9	18.1962	1444.3205	5.1608	6
154.95	18.1945	1444.2352	5.1804	6
155	18.1937	1443.0538	5.1939	6
155.05	18.1927	1442.1551	5.1831	6
155.1	18.1913	1441.7227	5.1696	6
155.15	18.1902	1441.1503	5.1781	6
155.2	18.1893	1440.185	5.1727	6
155.25	18.1881	1439.4448	5.1601	6
155.3	18.1869	1439.0452	5.1574	6
155.35	18.1861	1438.0176	5.1665	6
155.4	18.1851	1437.2198	5.1673	6
155.45	18.1839	1436.6952	5.1578	6
155.5	18.1829	1435.9287	5.1516	6
155.55	18.1821	1434.8885	5.1624	6
155.6	18.1814	1433.9504	5.1806	6
155.65	18.1803	1433.6112	5.1921	6
155.7	18.1795	1432.7578	5.1801	6
155.75	18.1789	1431.536	5.1969	6
155.8	18.1779	1431.0762	5.2092	6
155.85	18.1768	1430.5321	5.1923	6
155.9	18.1764	1429.2102	5.194	6
155.95	18.1759	1428.2875	5.1964	6
156	18.1749	1427.6784	5.1893	6
156.05	18.1743	1426.7041	5.1705	6
156.1	18.1741	1425.2847	5.1896	6
156.15	18.1731	1424.9468	5.1852	6
156.2	18.1724	1424.1914	5.1646	6
156.25	18.1721	1422.8106	5.1803	6
156.3	18.171	1422.3771	5.1762	6
156.35	18.1702	1421.8838	5.1654	6
156.4	18.1698	1420.5826	5.17	6
156.45	18.1691	1419.9041	5.1725	6
156.5	18.1681	1419.6389	5.166	6
156.55	18.1675	1418.8141	5.169	6
156.6	18.1667	1418.405	5.1717	6
156.65	18.1656	1418.3695	5.1546	6
156.7	18.165	1417.6382	5.148	6
156.75	18.1643	1417.2699	5.1669	6
156.8	18.1634	1417.043	5.1652	6
156.85	18.1627	1416.5626	5.1741	6
156.9	18.162	1416.2342	5.1852	6
156.95	18.1612	1415.8414	5.1877	6
157	18.1604	1415.6181	5.1995	6
157.05	18.1598	1415.1473	5.1827	6
157.1	18.1592	1414.444	5.1782	6
157.15	18.1587	1413.8186	5.1796	6
157.2	18.1578	1413.7861	5.1814	6
157.25	18.1571	1413.4349	5.195	6
157.3	18.1566	1412.7735	5.1739	6
157.35	18.1558	1412.495	5.1553	6
157.4	18.1551	1412.2664	5.1722	6
157.45	18.1548	1411.5687	5.1718	6
157.5	18.1542	1411.2109	5.1817	6
157.55	18.1532	1411.3958	5.1916	6
157.6	18.1529	1410.5458	5.1854	6
157.65	18.1526	1409.8375	5.194	6
157.7	18.1514	1410.1821	5.183	6
157.75	18.1507	1410.0714	5.1647	6
157.8	18.1504	1409.036	5.1523	6
157.85	18.1496	1409.1395	5.1437	6
157.9	18.1487	1409.3287	5.1541	6
157.95	18.1485	1408.7831	5.1443	6
158	18.148	1408.3071	5.1482	6
158.05	18.1469	1409.0219	5.146	6
158.1	18.1465	1408.337	5.1428	6
158.15	18.1461	1408.02	5.1395	6
158.2	18.1452	1408.2012	5.1363	6
158.25	18.1448	1408.111	5.1453	6
158.3	18.1446	1407.4605	5.1413	6
158.35	18.144	1407.8309	5.1478	6
158.4	18.1434	1407.3924	5.1644	6
158.45	18.1434	1406.8205	5.1541	6
158.5	18.1426	1406.9025	5.1408	6
158.55	18.142	1406.9906	5.1483	6
158.6	18.1419	1406.3106	5.1548	6
158.65	18.1411	1406.2533	5.1713	6
158.7	18.1407	1406.3705	5.1648	6
158.75	18.1405	1405.5712	5.1524	6
158.8	18.1403	1405.6653	5.1578	6
158.85	18.1397	1405.5009	5.1514	6
158.9	18.1394	1405.1161	5.1597	6
158.95	18.1392	1404.9738	5.1667	6
159	18.1386	1404.719	5.1684	6
159.05	18.1383	1404.7883	5.1681	6
159.1	18.1379	1404.1218	5.1693	6
159.15	18.1372	1404.2946	5.1618	6
159.2	18.1371	1404.3087	5.1637	6
159.25	18.1367	1403.6844	5.1672	6
159.3	18.1363	1403.9781	5.176	6
159.35	18.1358	1403.9718	5.173	6
159.4	18.1354	1403.3702	5.1752	6
159.45	18.1354	1403.3907	5.166	6
159.5	18.1347	1403.2805	5.1618	6
159.55	18.1348	1402.5359	5.1664	6
159.6	18.1351	1402.2165	5.1676	6
159.65	18.1346	1401.6742	5.1715	6
159.7	18.1347	1401.0889	5.1879	6
159.75	18.1347	1400.7575	5.1814	6
159.8	18.1344	1400.0695	5.187	6
159.85	18.1346	1399.7518	5.1999	6
159.9	18.1346	1399.4665	5.1989	6
159.95	18.1343	1398.5477	5.1872	6
160	18.1343	1398.4038	5.1769	6
160.05	18.1342	1397.9984	5.1931	6
160.1	18.1339	1397.4019	5.1952	6
160.15	18.1339	1397.3777	5.1825	6
160.2	18.1335	1397.2868	5.1728	6
160.25	18.1334	1396.5858	5.1694	6
160.3	18.1337	1396.3563	5.1682	6
160.35	18.1332	1396.2714	5.1966	6
160.4	18.1329	1395.6722	5.1811	6
160.45	18.1332	1395.3067	5.1637	6
160.5	18.1327	1395.139	5.172	6
160.55	18.1322	1394.9351	5.1794	6
160.6	18.1325	1394.5912	5.1732	6
160.65	18.1324	1393.8863	5.1706	6
160.7	18.1317	1393.8026	5.1919	6
160.75	18.1322	1393.5667	5.1931	6
160.8	18.1323	1392.7987	5.1908	6
160.85	18.1318	1392.2588	5.184	6
160.9	18.1316	1392.6808	5.1631	6
160.95	18.132	1391.7926	5.169	6
161	18.1317	1390.9977	5.1688	6
161.05	18.1315	1391.3412	5.1684	6
161.1	18.1315	1390.9879	5.1617	6
161.15	18.1314	1389.7875	5.1643	6
161.2	18.1313	1389.9185	5.1648	6
161.25	18.1312	1389.9553	5.1722	6
161.3	18.1311	1388.9023	5.1911	6
161.35	18.1312	1388.6829	5.1949	6
161.4	18.131	1388.8538	5.1955	6
161.45	18.1307	1387.8718	5.2022	6
161.5	18.1308	1387.1794	5.2019	6
161.55	18.1306	1387.7318	5.1876	6
161.6	18.1299	1387.6217	5.1952	6
161.65	18.13	1386.5556	5.184	6
161.7	18.1297	1387.3604	5.1673	6
161.75	18.1292	1387.506	5.1586	6
161.8	18.1292	1386.0082	5.1545	6
161.85	18.129	1386.1576	5.1707	6
161.9	18.1285	1387.0865	5.1756	6
161.95	18.1284	1385.9601	5.1641	6
162	18.1281	1385.699	5.157	6
162.05	18.1278	1386.459	5.1545	6
162.1	18.1276	1386.1549	5.1643	6
162.15	18.1271	1385.2976	5.165	6
162.2	18.1271	1385.4204	5.1829	6
162.25	18.1272	1385.8102	5.1898	6
162.3	18.127	1385.2614	5.1841	6
162.35	18.1264	1384.9647	5.1893	6
162.4	18.1262	1385.4601	5.1929	6
162.45	18.1262	1385.5444	5.2025	6
162.5	18.1258	1384.8803	5.1942	6
162.55	18.1256	1384.611	5.1794	6
162.6	18.1261	1384.2435	5.1768	6
162.65	18.126	1384.3962	5.1719	6
162.7	18.1254	1383.9003	5.1769	6
162.75	18.1255	1383.0991	5.1755	6
162.8	18.1256	1383.5157	5.1646	6
162.85	18.1255	1383.6562	5.1629	6
162.9	18.1254	1382.5642	5.1521	6
162.95	18.1251	1382.2063	5.1738	6
163	18.1251	1382.6288	5.1834	6
163.05	18.1251	1382.677	5.1704	6
163.1	18.1248	1382.0371	5.1706	6
163.15	18.1241	1382.413	5.162	6
163.2	18.1241	1382.8412	5.1598	6
163.25	18.1242	1382.993	5.1738	6
163.3	18.124	1382.0346	5.1877	6
163.35	18.1237	1381.5673	5.1911	6
163.4	18.1238	1381.7237	5.1732	6
163.45	18.1241	1381.5567	5.1543	6
163.5	18.1238	1381.3006	5.1872	6
163.55	18.1231	1381.0871	5.1916	6
163.6	18.1233	1380.8678	5.1774	6
163.65	18.1234	1381.2088	5.1799	6
163.7	18.1229	1381.5531	5.1736	6
163.75	18.1226	1380.3506	5.194	6
163.8	18.1224	1380.0876	5.1813	6
163.85	18.1224	1380.5381	5.1679	6
163.9	18.1224	1380.7018	5.184	6
163.95	18.1219	1380.7518	5.1776	6
164	18.1216	1379.9414	5.1743	6
164.05	18.1217	1379.9605	5.1853	6
164.1	18.1214	1380.986	5.188	6
164.15	18.1218	1380.7819	5.1834	6
164.2	18.1219	1379.5417	5.204	6
164.25	18.121	1379.754	5.1986	6
164.3	18.1209	1380.0171	5.1907	6
164.35	18.1214	1379.7181	5.201	6
164.4	18.1213	1380.0889	5.1985	6
164.45	18.1207	1379.8714	5.194	6
164.5	18.121	1378.6961	5.1993	6
164.55	18.1212	1378.8258	5.208	6
164.6	18.1211	1379.4237	5.2139	6
164.65	18.1215	1378.9316	5.2132	6
164.7	18.1214	1377.7167	5.2007	6
164.75	18.1208	1377.75	5.1947	6
164.8	18.121	1377.6689	5.2043	6
164.85	18.1215	1377.2745	5.2083	6
164.9	18.1212	1377.6425	5.2028	6
164.95	18.1209	1376.7214	5.1845	6
165	18.1211	1375.9052	5.1734	6
165.05	18.1209	1376.5806	5.1827	6
165.1	18.121	1376.9195	5.1959	6
165.15	18.1212	1376.5872	5.2026	6
165.2	18.1206	1375.7865	5.1894	6
165.25	18.1202	1375.9234	5.1884	6
165.3	18.1208	1375.7573	5.2008	6
165.35	18.1211	1375.7699	5.1999	6
165.4	18.1212	1375.7318	5.2118	6
165.45	18.121	1374.5962	5.2238	6
165.5	18.1212	1373.5532	5.2074	6
165.55	18.121	1374.0686	5.19	6
165.6	18.1211	1374.2587	5.1761	6
165.65	18.1216	1373.2432	5.1844	6
165.7	18.121	1372.4162	5.2047	6
165.75	18.1207	1372.4954	5.2238	6
165.8	18.1214	1372.1259	5.2439	6
165.85	18.1217	1371.9187	5.2388	6
165.9	18.1213	1372.2148	5.2195	6
165.95	18.121	1371.2372	5.2184	6
166	18.1213	1370.6636	5.2105	6
166.05	18.1211	1371.4496	5.1986	6
166.1	18.1212	1371.4721	5.1943	6
166.15	18.1211	1370.8134	5.2047	6
166.2	18.1203	1370.5544	5.2046	6
166.25	18.1204	1370.4285	5.1889	6
166.3	18.1207	1370.1561	5.1782	6
166.35	18.1204	1371.025	5.1715	6
166.4	18.1206	1370.6811	5.181	6
166.45	18.1206	1369.3885	5.1827	6
166.5	18.1197	1370.078	5.1721	6
166.55	18.1192	1371.0228	5.1859	6
166.6	18.1195	1371.2161	5.1887	6
166.65	18.1192	1371.7751	5.1891	6
166.7	18.1177	1372.3125	5.1917	6
166.75	18.1177	1371.3875	5.1811	6
166.8	18.1177	1371.7267	5.2002	6
166.85	18.1171	1372.9684	5.1823	6
166.9	18.1177	1372.3773	5.1802	6
166.95	18.1183	1371.6427	5.1908	6
167	18.1175	1371.5862	5.1851	6
167.05	18.1181	1369.9414	5.1801	6
167.1	18.1191	1368.7804	5.1671	6
167.15	18.1193	1368.9662	5.1681	6
167.2	18.1204	1367.8492	5.1808	6
167.25	18.1213	1365.9304	5.1855	6
167.3	18.1212	1364.6203	5.1907	6
167.35	18.1216	1363.9031	5.1815	6
167.4	18.1225	1362.9033	5.1774	6
167.45	18.1227	1362.7933	5.182	6
167.5	18.1226	1361.8215	5.1741	6
167.55	18.1225	1360.7715	5.1705	6
167.6	18.1223	1360.9515	5.1818	6
167.65	18.1225	1361.2928	5.1816	6
167.7	18.1227	1360.8242	5.1855	6
167.75	18.1221	1360.0852	5.1796	6
167.8	18.1213	1360.4024	5.1751	6
167.85	18.1216	1360.2102	5.1793	6
167.9	18.1218	1360.2515	5.1649	6
167.95	18.1211	1360.9066	5.1613	6
168	18.121	1359.7182	5.1714	6
168.05	18.1213	1359.1182	5.1921	6
168.1	18.1207	1360.2842	5.2068	6
168.15	18.1209	1360.3547	5.2011	6
168.2	18.1212	1359.2561	5.1849	6
168.25	18.1201	1359.3384	5.1781	6
168.3	18.1194	1359.8996	5.1887	6
168.35	18.1201	1359.3364	5.1966	6
168.4	18.1202	1359.8092	5.1967	6
168.45	18.1194	1360.7369	5.1835	6
168.5	18.1194	1359.3797	5.1733	6
168.55	18.1193	1359.0057	5.1961	6
168.6	18.1187	1360.087	5.2191	6
168.65	18.119	1359.862	5.2032	6
168.7	18.1192	1359.7606	5.1958	6
168.75	18.1186	1359.7368	5.1889	6
168.8	18.1182	1358.8864	5.1923	6
168.85	18.1185	1358.5788	5.1886	6
168.9	18.1181	1359.4159	5.1897	6
168.95	18.1182	1359.5528	5.1986	6
169	18.1184	1359.4532	5.1974	6
169.05	18.118	1359.0194	5.1953	6
169.1	18.1176	1358.7772	5.2024	6
169.15	18.1177	1358.8002	5.1911	6
169.2	18.1177	1359.0144	5.1964	6
169.25	18.1176	1359.3397	5.2015	6
169.3	18.1177	1359.3545	5.1946	6
169.35	18.1172	1358.8934	5.19	6
169.4	18.1166	1358.3661	5.185	6
169.45	18.1165	1358.3717	5.1657	6
169.5	18.1165	1358.575	5.1705	6
169.55	18.1164	1359.2069	5.1794	6
169.6	18.1168	1359.0473	5.1731	6
169.65	18.1168	1358.9107	5.1662	6
169.7	18.1161	1358.514	5.1675	6
169.75	18.1161	1358.0441	5.1742	6
169.8	18.1161	1358.315	5.1688	6
169.85	18.1159	1358.6687	5.174	6
169.9	18.1159	1358.7622	5.1763	6
169.95	18.1161	1358.8723	5.1743	6
170	18.1157	1358.7223	5.1687	6
170.05	18.1151	1357.9734	5.1698	6
170.1	18.115	1357.8922	5.1649	6
170.15	18.1151	1358.1543	5.1611	6
170.2	18.1152	1358.3865	5.1627	6
170.25	18.1154	1358.3198	5.1706	6
170.3	18.1155	1358.5219	5.1642	6
170.35	18.1155	1358.345	5.1608	6
170.4	18.1151	1357.5029	5.158	6
170.45	18.115	1357.1316	5.1475	6
170.5	18.115	1357.4298	5.1636	6
170.55	18.115	1357.6322	5.1581	6
170.6	18.1151	1357.6712	5.1561	6
170.65	18.1153	1357.873	5.1557	6
170.7	18.1154	1357.6655	5.1625	6
170.75	18.1149	1357.1357	5.1753	6
170.8	18.1146	1356.5416	5.1653	6
170.85	18.1148	1356.4298	5.1806	6
170.9	18.1145	1357.1144	5.181	6
170.95	18.1148	1357.058	5.1588	6
171	18.1151	1357.0228	5.1537	6
171.05	18.115	1357.4412	5.1567	6
171.1	18.1151	1356.986	5.1498	6
171.15	18.1149	1355.7049	5.1629	6
171.2	18.1146	1355.6619	5.1518	6
171.25	18.1148	1355.7881	5.1427	6
171.3	18.1151	1355.3301	5.1473	6
171.35	18.115	1355.6288	5.1648	6
171.4	18.115	1356.0464	5.1648	6
171.45	18.1155	1355.3329	5.1672	6
171.5	18.1148	1354.9693	5.1819	6
171.55	18.1142	1354.8235	5.1754	6
171.6	18.1146	1354.535	5.168	6
171.65	18.1149	1354.5193	5.1716	6
171.7	18.1146	1355.3252	5.1767	6
171.75	18.1151	1354.8711	5.1696	6
171.8	18.1157	1354.1167	5.1466	6
171.85	18.1151	1354.2497	5.1415	6
171.9	18.1147	1353.6507	5.1649	6
171.95	18.1153	1352.446	5.1678	6
172	18.1154	1352.5127	5.1709	6
172.05	18.1153	1353.1254	5.1798	6
172.1	18.1159	1352.4814	5.1767	6
172.15	18.1165	1351.809	5.1842	6
172.2	18.1158	1352.1665	5.1893	6
172.25	18.1155	1351.039	5.1657	6
172.3	18.116	1350.0889	5.1635	6
172.35	18.1158	1350.668	5.1739	6
172.4	18.1161	1350.4345	5.1747	6
172.45	18.1167	1349.9088	5.1577	6
172.5	18.1169	1349.9297	5.144	6
172.55	18.1166	1349.2433	5.1579	6
172.6	18.1164	1348.2211	5.1554	6
172.65	18.1162	1348.4124	5.1558	6
172.7	18.1155	1349.7809	5.1604	6
172.75	18.1152	1350.5346	5.1499	6
172.8	18.1153	1350.4747	5.1398	6
172.85	18.1146	1351.6728	5.1305	6
172.9	18.1138	1352.0555	5.1362	6
172.95	18.114	1350.4063	5.1559	6
173	18.1135	1350.9531	5.1576	6
173.05	18.1126	1352.4084	5.1645	6
173.1	18.1134	1351.5583	5.162	6
173.15	18.1135	1351.6884	5.1695	6
173.2	18.1131	1352.6282	5.1564	6
173.25	18.1137	1352.0679	5.1402	6
173.3	18.1141	1351.4233	5.1464	6
173.35	18.1134	1351.1501	5.1454	6
173.4	18.1132	1350.6871	5.1575	6
173.45	18.1137	1350.1865	5.1494	6
173.5	18.1135	1350.7828	5.1736	6
173.55	18.1134	1351.1024	5.1794	6
173.6	18.1141	1350.2952	5.1842	6
173.65	18.1138	1350.9061	5.1789	6
173.7	18.1139	1350.9103	5.1721	6
173.75	18.114	1349.7324	5.1821	6
173.8	18.1132	1349.6684	5.1797	6
173.85	18.1135	1349.3977	5.16	6
173.9	18.1137	1349.2473	5.167	6
173.95	18.1134	1350.0875	5.1916	6
174	18.1136	1349.9248	5.1923	6
174.05	18.1141	1349.5132	5.1781	6
174.1	18.1138	1350.1529	5.1698	6
174.15	18.1134	1349.9883	5.1667	6
174.2	18.1136	1348.2824	5.1603	6
174.25	18.1131	1348.7031	5.1518	6
174.3	18.1127	1349.6173	5.1575	6
174.35	18.1133	1348.9806	5.1573	6
174.4	18.1135	1348.8679	5.1523	6
174.45	18.1129	1349.9662	5.165	6
174.5	18.1135	1349.3899	5.1558	6
174.55	18.1139	1348.9492	5.1466	6
174.6	18.1132	1348.5433	5.1601	6
174.65	18.1125	1348.1433	5.1539	6
174.7	18.1125	1348.216	5.1566	6
174.75	18.1126	1348.2162	5.1529	6
174.8	18.1126	1348.5992	5.1441	6
174.85	18.1126	1348.8252	5.1507	6
174.9	18.113	1348.5351	5.1565	6
174.95	18.1129	1348.9975	5.1664	6
175	18.1131	1348.9346	5.1657	6
175.05	18.1129	1348.0251	5.173	6
175.1	18.1123	1347.6111	5.17	6
175.15	18.1123	1347.8145	5.1635	6
175.2	18.1124	1347.8098	5.1502	6
175.25	18.1123	1348.1427	5.1472	6
175.3	18.1124	1348.4017	5.1593	6
175.35	18.1125	1348.3733	5.1586	6
175.4	18.1126	1348.5277	5.1612	6
175.45	18.1124	1348.9838	5.1601	6
175.5	18.1121	1348.4246	5.1315	6
175.55	18.1117	1347.399	5.1202	6
175.6	18.1115	1347.6766	5.1399	6
175.65	18.1114	1348.0892	5.1481	6
175.7	18.1116	1347.8904	5.1562	6
175.75	18.1118	1347.9273	5.1438	6
175.8	18.1117	1348.3701	5.1446	6
175.85	18.1118	1348.6052	5.1508	6
175.9	18.1122	1348.268	5.1345	6
175.95	18.1121	1348.5904	5.1354	6
176	18.1117	1348.38	5.1529	6
176.05	18.1113	1347.3603	5.1399	6
176.1	18.1113	1346.9434	5.1302	6
176.15	18.111	1347.6386	5.1388	6
176.2	18.1111	1347.6516	5.1462	6
176.25	18.1116	1347.3877	5.1468	6
176.3	18.1115	1347.6309	5.1424	6
176.35	18.1114	1348.0705	5.1545	6
176.4	18.1121	1347.5468	5.163	6
176.45	18.1124	1347.4157	5.1726	6
176.5	18.1118	1348.0637	5.1719	6
176.55	18.1118	1346.4249	5.1713	6
176.6	18.1118	1345.6974	5.1709	6
176.65	18.1114	1346.4739	5.1672	6
176.7	18.1115	1346.5128	5.1656	6
176.75	18.1118	1346.2766	5.17	6
176.8	18.1118	1346.5835	5.1668	6
176.85	18.1117	1346.7574	5.161	6
176.9	18.1118	1346.7917	5.1639	6
176.95	18.1119	1346.8928	5.1745	6
177	18.112	1346.7149	5.1641	6
177.05	18.1115	1345.9161	5.1389	6
177.1	18.1111	1345.4723	5.1347	6
177.15	18.1116	1345.0241	5.1332	6
177.2	18.1118	1344.9653	5.1366	6
177.25	18.1122	1344.72	5.1485	6
177.3	18.1129	1344.0797	5.1487	6
177.35	18.1129	1344.2122	5.1557	6
177.4	18.1122	1345.3559	5.1546	6
177.45	18.1124	1345.4743	5.1502	6
177.5	18.1126	1344.6165	5.1532	6
177.55	18.1116	1344.6552	5.151	6
177.6	18.1113	1344.8544	5.1546	6
177.65	18.1116	1344.5106	5.1665	6
177.7	18.1113	1345.1718	5.1681	6
177.75	18.1108	1346.0671	5.181	6
177.8	18.1115	1345.4484	5.1706	6
177.85	18.1115	1345.5222	5.1773	6
177.9	18.1112	1346.2739	5.1759	6
177.95	18.1113	1346.3084	5.151	6
178	18.1116	1345.9142	5.1528	6
178.05	18.111	1345.3861	5.1655	6
178.1	18.1106	1345.0572	5.1649	6
178.15	18.1107	1344.931	5.1683	6
178.2	18.1106	1345.4433	5.1714	6
178.25	18.1104	1345.854	5.1809	6
178.3	18.1107	1345.4872	5.1875	6
178.35	18.1109	1345.5853	5.1769	6
178.4	18.1107	1346.1328	5.1764	6
178.45	18.1113	1345.6011	5.1743	6
178.5	18.1112	1345.5903	5.1487	6
178.55	18.1108	1346.2211	5.1587	6
178.6	18.1107	1345.3357	5.1602	6
178.65	18.1106	1343.9438	5.1464	6
178.7	18.1101	1344.3054	5.1413	6
178.75	18.1097	1344.5492	5.1387	6
178.8	18.11	1344.0027	5.1356	6
178.85	18.1101	1344.2208	5.1443	6
178.9	18.11	1345.2022	5.1584	6
178.95	18.1103	1345.0584	5.15	6
179	18.1105	1344.9432	5.153	6
179.05	18.1104	1345.4056	5.1608	6
179.1	18.1104	1345.5505	5.1614	6
179.15	18.1106	1345.4655	5.1705	6
179.2	18.1105	1344.9191	5.1761	6
179.25	18.1102	1344.1902	5.174	6
179.3	18.1105	1343.7804	5.1845	6
179.35	18.1108	1343.6265	5.1799	6
179.4	18.1104	1344.2942	5.1688	6
179.45	18.1111	1343.8271	5.1781	6
179.5	18.1116	1343.4942	5.1818	6
179.55	18.1113	1343.9944	5.1656	6
179.6	18.1115	1343.7413	5.1449	6
179.65	18.1122	1343.014	5.1517	6
179.7	18.1122	1343.0315	5.1682	6
179.75	18.1116	1342.4944	5.1739	6
179.8	18.1115	1341.4909	5.1675	6
179.85	18.1117	1341.1891	5.1552	6
179.9	18.1115	1341.7427	5.1526	6
179.95	18.1114	1342.0034	5.1497	6
180	18.1118	1341.5624	5.1633	6
180.05	18.1122	1341.4096	5.1571	6
180.1	18.1119	1342.0248	5.1556	6
180.15	18.1128	1341.2176	5.1627	6
180.2	18.1128	1341.0097	5.1657	6
180.25	18.1118	1340.7831	5.1568	6
180.3	18.1121	1339.5769	5.1527	6
180.35	18.1125	1339.1152	5.1603	6
180.4	18.1122	1339.7071	5.1661	6
180.45	18.1125	1339.5605	5.1649	6
180.5	18.1129	1339.1139	5.1492	6
180.55	18.1128	1339.4229	5.1465	6
180.6	18.1122	1340.4293	5.1506	6
180.65	18.1128	1339.7794	5.1498	6
180.7	18.1127	1338.9268	5.1529	6
180.75	18.1121	1338.3379	5.1531	6
180.8	18.1124	1337.9721	5.1469	6
180.85	18.1128	1337.4483	5.1561	6
180.9	18.113	1337.2054	5.1756	6
180.95	18.1137	1336.691	5.1777	6
181	18.1141	1336.3047	5.1666	6
181.05	18.1142	1336.3999	5.1723	6
181.1	18.1138	1336.889	5.1664	6
181.15	18.1139	1335.4719	5.1536	6
181.2	18.1134	1335.4267	5.1729	6
181.25	18.1133	1335.7087	5.1762	6
181.3	18.1137	1335.2869	5.1652	6
181.35	18.1138	1335.4182	5.1627	6
181.4	18.1134	1336.1742	5.1487	6
181.45	18.1135	1336.1916	5.1476	6
181.5	18.114	1335.5367	5.1722	6
181.55	18.1133	1335.3328	5.1848	6
181.6	18.1128	1334.6471	5.1749	6
181.65	18.1129	1334.3508	5.159	6
181.7	18.113	1334.3443	5.1643	6
181.75	18.1131	1334.4862	5.1603	6
181.8	18.1127	1335.1208	5.1585	6
181.85	18.113	1334.9536	5.1582	6
181.9	18.1134	1334.7716	5.1606	6
181.95	18.1133	1334.9856	5.1671	6
182	18.113	1334.0565	5.1705	6
182.05	18.1128	1333.2636	5.1906	6
182.1	18.113	1333.0578	5.2039	6
182.15	18.1128	1333.5802	5.1755	6
182.2	18.113	1333.5241	5.1681	6
182.25	18.1134	1333.3948	5.1729	6
182.3	18.1134	1333.5544	5.1804	6
182.35	18.1134	1333.7	5.1856	6
182.4	18.1135	1333.468	5.1585	6
182.45	18.1134	1332.1588	5.1593	6
182.5	18.1128	1332.2015	5.1699	6
182.55	18.1129	1332.321	5.1651	6
182.6	18.1134	1331.8874	5.175	6
182.65	18.1133	1332.2679	5.176	6
182.7	18.1132	1332.5739	5.1619	6
182.75	18.1137	1331.8863	5.1566	6
182.8	18.1138	1331.8985	5.1578	6
182.85	18.1131	1332.0982	5.1687	6
182.9	18.1133	1330.6461	5.1454	6
182.95	18.1134	1330.0874	5.1441	6
183	18.1129	1330.9927	5.145	6
183.05	18.1131	1331.0334	5.1419	6
183.1	18.1136	1330.6196	5.1471	6
183.15	18.1132	1331.2526	5.1502	6
183.2	18.1134	1331.4788	5.1657	6
183.25	18.1139	1330.4647	5.1816	6
183.3	18.1128	1330.2052	5.1729	6
183.35	18.1126	1329.6662	5.1521	6
183.4	18.1129	1329.2404	5.1462	6
183.45	18.1126	1329.742	5.1411	6
183.5	18.1126	1329.8921	5.1521	6
183.55	18.1131	1329.2652	5.1464	6
183.6	18.1131	1329.5241	5.159	6
183.65	18.1131	1329.8637	5.1609	6
183.7	18.1134	1329.1037	5.158	6
183.75	18.1126	1328.5982	5.1721	6
183.8	18.1119	1328.7819	5.1691	6
183.85	18.1122	1328.4017	5.1804	6
183.9	18.1121	1328.7143	5.1753	6
183.95	18.112	1329.0435	5.164	6
184	18.1124	1328.8079	5.1581	6
184.05	18.1124	1328.9598	5.1577	6
184.1	18.1123	1329.4446	5.1657	6
184.15	18.1122	1329.7385	5.1721	6
184.2	18.1124	1328.8216	5.1624	6
184.25	18.1112	1328.7524	5.1676	6
184.3	18.1113	1328.5087	5.1811	6
184.35	18.1115	1328.3151	5.1777	6
184.4	18.1111	1329.0047	5.1702	6
184.45	18.111	1329.3821	5.1569	6
184.5	18.1113	1329.0929	5.1522	6
184.55	18.1109	1329.7848	5.1683	6
184.6	18.1109	1329.9107	5.1801	6
184.65	18.1112	1329.7546	5.1794	6
184.7	18.1111	1329.8916	5.1746	6
184.75	18.1106	1329.3567	5.1508	6
184.8	18.1102	1328.7389	5.1421	6
184.85	18.1099	1328.9037	5.1456	6
184.9	18.1098	1329.2299	5.1579	6
184.95	18.1095	1329.8471	5.1703	6
185	18.1098	1329.7657	5.174	6
185.05	18.1097	1330.0197	5.1709	6
185.1	18.1098	1330.2042	5.1757	6
185.15	18.1098	1330.3701	5.1816	6
185.2	18.1099	1330.4395	5.1824	6
185.25	18.1099	1330.5612	5.1938	6
185.3	18.1098	1330.9225	5.2107	6
185.35	18.1098	1330.5872	5.206	6
185.4	18.1091	1330.0661	5.201	6
185.45	18.1089	1329.4906	5.1838	6
185.5	18.1088	1329.6176	5.1849	6
185.55	18.1083	1330.5205	5.2045	6
185.6	18.1087	1330.034	5.1924	6
185.65	18.1086	1330.3849	5.1868	6
185.7	18.1084	1330.9944	5.1943	6
185.75	18.1086	1330.7295	5.2046	6
185.8	18.1085	1331.0382	5.1916	6
185.85	18.1083	1331.4639	5.1791	6
185.9	18.1087	1331.2021	5.1837	6
185.95	18.1086	1331.6982	5.1927	6
186	18.1086	1331.8922	5.2089	6
186.05	18.1088	1331.7741	5.2024	6
186.1	18.1088	1331.7171	5.1951	6
186.15	18.1082	1331.8012	5.2003	6
186.2	18.1078	1330.9353	5.2011	6
186.25	18.108	1330.3637	5.1995	6
186.3	18.1076	1331.0866	5.2025	6
186.35	18.1076	1331.2342	5.1911	6
186.4	18.108	1330.7147	5.1926	6
186.45	18.108	1331.0511	5.1953	6
186.5	18.1079	1331.1923	5.1821	6
186.55	18.1082	1331.1142	5.1927	6
186.6	18.1081	1331.4768	5.2047	6
186.65	18.1079	1331.8934	5.2057	6
186.7	18.1082	1331.6534	5.1927	6
186.75	18.1082	1331.9196	5.1791	6
186.8	18.1079	1332.5363	5.1832	6
186.85	18.1083	1332.1164	5.1796	6
186.9	18.1082	1332.3874	5.1868	6
186.95	18.108	1333.0088	5.2196	6
187	18.1081	1332.5824	5.2179	6
187.05	18.1077	1331.4586	5.2118	6
187.1	18.1067	1331.937	5.2007	6
187.15	18.107	1331.6552	5.1889	6
187.2	18.1073	1331.3821	5.1892	6
187.25	18.1067	1332.5723	5.1959	6
187.3	18.1071	1332.0972	5.2168	6
187.35	18.1074	1331.6916	5.2152	6
187.4	18.1065	1333.0752	5.2001	6
187.45	18.1071	1332.6427	5.1967	6
187.5	18.1075	1332.1197	5.1999	6
187.55	18.1069	1333.2532	5.1984	6
187.6	18.1071	1333.06	5.1928	6
187.65	18.1075	1332.5405	5.1871	6
187.7	18.1071	1333.4461	5.1967	6
187.75	18.1072	1333.643	5.1956	6
187.8	18.1077	1333.1933	5.189	6
187.85	18.1074	1333.6221	5.1755	6
187.9	18.107	1334.2375	5.1698	6
187.95	18.1075	1333.67	5.1709	6
188	18.1074	1334.0071	5.1754	6
188.05	18.1071	1333.8213	5.1946	6
188.1	18.1067	1332.9437	5.1838	6
188.15	18.1063	1333.0407	5.1658	6
188.2	18.106	1333.5397	5.1919	6
188.25	18.1059	1333.7899	5.1983	6
188.3	18.1061	1333.6523	5.2071	6
188.35	18.106	1333.9784	5.2048	6
188.4	18.1059	1334.2528	5.2008	6
188.45	18.1061	1333.9558	5.204	6
188.5	18.1058	1334.622	5.1816	6
188.55	18.1058	1334.8019	5.1779	6
188.6	18.1059	1334.6598	5.1969	6
188.65	18.1057	1335.172	5.1913	6
188.7	18.1055	1335.5112	5.1928	6
188.75	18.1059	1335.2885	5.1991	6
188.8	18.1057	1335.7814	5.1939	6
188.85	18.1056	1336.078	5.1999	6
188.9	18.1055	1336.2402	5.2066	6
188.95	18.1055	1336.5013	5.1965	6
189	18.1054	1336.7806	5.1931	6
189.05	18.1055	1336.5981	5.1904	6
189.1	18.1054	1336.9094	5.1827	6
189.15	18.1054	1337.1984	5.1707	6
189.2	18.1056	1337.18	5.1641	6
189.25	18.1056	1337.1148	5.1588	6
189.3	18.1054	1337.335	5.1464	6
189.35	18.1057	1337.2845	5.1738	6
189.4	18.1061	1337.1191	5.1986	6
189.45	18.1063	1337.0876	5.1881	6
189.5	18.1064	1337.1063	5.1913	6
189.55	18.1062	1335.9948	5.1886	6
189.6	18.1053	1335.7712	5.198	6
189.65	18.1056	1335.3576	5.2145	6
189.7	18.1055	1335.7927	5.217	6
189.75	18.1054	1336.1288	5.2141	6
189.8	18.1057	1335.6216	5.1972	6
189.85	18.1057	1335.819	5.195	6
189.9	18.1057	1336.0985	5.1907	6
189.95	18.1063	1335.6659	5.1848	6
190	18.1065	1335.6068	5.1845	6
190.05	18.1061	1336.3368	5.1967	6
190.1	18.1069	1335.2444	5.2027	6
190.15	18.1067	1335.612	5.1983	6
190.2	18.1068	1335.8757	5.198	6
190.25	18.1073	1335.383	5.1936	6
190.3	18.1073	1335.5229	5.1957	6
190.35	18.1071	1336.0209	5.2012	6
190.4	18.1077	1335.3239	5.1951	6
190.45	18.1074	1335.6495	5.1823	6
190.5	18.1072	1336.1775	5.192	6
190.55	18.1078	1335.3578	5.1904	6
190.6	18.1077	1335.569	5.1965	6
190.65	18.1072	1336.416	5.1895	6
190.7	18.1077	1335.492	5.1847	6
190.75	18.1076	1334.3018	5.1865	6
190.8	18.1069	1334.5724	5.1916	6
190.85	18.107	1334.3699	5.2049	6
190.9	18.1077	1333.7671	5.1901	6
190.95	18.1073	1334.5283	5.1904	6
191	18.1074	1334.6332	5.199	6
191.05	18.1075	1334.3773	5.1832	6
191.1	18.1072	1334.8855	5.1721	6
191.15	18.1074	1334.9205	5.18	6
191.2	18.1074	1334.9098	5.1955	6
191.25	18.1076	1334.9267	5.2096	6
191.3	18.1075	1335.1489	5.2089	6
191.35	18.1077	1334.9715	5.1899	6
191.4	18.1076	1335.1473	5.1861	6
191.45	18.1076	1335.4584	5.1865	6
191.5	18.1081	1335.0281	5.2042	6
191.55	18.1078	1335.5679	5.2028	6
191.6	18.108	1335.5154	5.2101	6
191.65	18.108	1335.0891	5.2053	6
191.7	18.1073	1334.2026	5.1944	6
191.75	18.1068	1333.9787	5.195	6
191.8	18.1069	1334.0866	5.2034	6
191.85	18.1066	1334.3758	5.1903	6
191.9	18.1064	1334.7693	5.1824	6
191.95	18.1063	1335.2422	5.1758	6
192	18.1067	1334.7456	5.1747	6
192.05	18.1063	1335.3665	5.1805	6
192.1	18.1064	1335.4273	5.1742	6
192.15	18.1065	1335.2312	5.1689	6
192.2	18.1065	1335.3723	5.1715	6
192.25	18.1064	1335.8146	5.1942	6
192.3	18.1066	1335.7074	5.1934	6
192.35	18.1065	1335.973	5.1868	6
192.4	18.1065	1336.1969	5.1895	6
192.45	18.107	1335.7461	5.1799	6
192.5	18.1069	1336.0172	5.1905	6
192.55	18.107	1336.1571	5.1926	6
192.6	18.1076	1335.4723	5.1848	6
192.65	18.1073	1335.9353	5.1962	6
192.7	18.1074	1335.9989	5.1844	6
192.75	18.1079	1335.2023	5.176	6
192.8	18.1074	1334.9438	5.1936	6
192.85	18.1069	1334.4224	5.2011	6
192.9	18.1076	1333.2916	5.1978	6
192.95	18.1074	1333.8437	5.191	6
193	18.1072	1334.1921	5.1951	6
193.05	18.1079	1333.388	5.2023	6
193.1	18.108	1333.2125	5.2043	6
193.15	18.1076	1333.8911	5.1979	6
193.2	18.1081	1333.4334	5.1722	6
193.25	18.1088	1332.6011	5.1732	6
193.3	18.1084	1333.5241	5.2039	6
193.35	18.1087	1333.2025	5.2052	6
193.4	18.1094	1332.2996	5.1899	6
193.45	18.1091	1332.9848	5.1919	6
193.5	18.1093	1332.792	5.1802	6
193.55	18.1098	1332.1814	5.1871	6
193.6	18.1098	1331.5181	5.1834	6
193.65	18.1094	1330.7459	5.1782	6
193.7	18.1098	1329.8602	5.1724	6
193.75	18.1096	1330.0133	5.1803	6
193.8	18.1097	1330.0019	5.1755	6
193.85	18.1101	1329.535	5.1832	6
193.9	18.11	1330.0173	5.1959	6
193.95	18.1102	1329.7112	5.1832	6
194	18.1105	1329.5395	5.188	6
194.05	18.1104	1330.034	5.2046	6
194.1	18.1106	1329.9715	5.2004	6
194.15	18.1109	1329.7612	5.2095	6
194.2	18.1104	1330.3249	5.2145	6
194.25	18.11	1329.1785	5.2002	6
194.3	18.1099	1328.2019	5.2022	6
194.35	18.1094	1328.9944	5.1791	6
194.4	18.1098	1328.5738	5.1654	6
194.45	18.1103	1327.9975	5.1604	6
194.5	18.1099	1328.8124	5.1611	6
194.55	18.11	1328.8433	5.1787	6
194.6	18.1106	1328.0691	5.1962	6
194.65	18.1101	1328.9276	5.1986	6
194.7	18.11	1329.2185	5.2086	6
194.75	18.111	1327.9874	5.2237	6
194.8	18.1102	1329.063	5.2081	6
194.85	18.1102	1328.0464	5.1948	6
194.9	18.1099	1326.6783	5.193	6
194.95	18.1092	1327.4831	5.2	6
195	18.1095	1327.0909	5.1769	6
195.05	18.1097	1326.9872	5.164	6
195.1	18.1094	1327.718	5.1736	6
195.15	18.1096	1327.5746	5.1796	6
195.2	18.1098	1327.3795	5.1789	6
195.25	18.1096	1327.8468	5.1641	6
195.3	18.1098	1327.823	5.1651	6
195.35	18.1102	1327.5461	5.1901	6
195.4	18.11	1327.9766	5.184	6
195.45	18.11	1328.1812	5.1799	6
195.5	18.1097	1327.6626	5.1685	6
195.55	18.1096	1326.2538	5.1649	6
195.6	18.1089	1327.0787	5.1677	6
195.65	18.109	1326.9747	5.1774	6
195.7	18.1095	1326.5139	5.1998	6
195.75	18.109	1327.2549	5.1936	6
195.8	18.109	1327.218	5.1845	6
195.85	18.1092	1327.1124	5.188	6
195.9	18.1092	1327.316	5.1905	6
195.95	18.1094	1327.2483	5.1816	6
196	18.1093	1327.4716	5.1732	6
196.05	18.1094	1327.4577	5.1817	6
196.1	18.1096	1327.3866	5.1903	6
196.15	18.1093	1327.8612	5.179	6
196.2	18.1089	1327.3757	5.1912	6
196.25	18.1089	1325.7955	5.203	6
196.3	18.1084	1326.2279	5.2018	6
196.35	18.1083	1326.7366	5.1974	6
196.4	18.1091	1325.7685	5.177	6
196.45	18.1093	1325.5501	5.165	6
196.5	18.1085	1326.567	5.173	6
196.55	18.109	1326.1308	5.1758	6
196.6	18.1095	1325.4922	5.1855	6
196.65	18.1092	1326.1129	5.1762	6
196.7	18.1094	1326.0921	5.1664	6
196.75	18.11	1325.4526	5.1835	6
196.8	18.1103	1325.3172	5.1993	6
196.85	18.1104	1325.2817	5.1919	6
196.9	18.1096	1325.0355	5.1768	6
196.95	18.1095	1323.6486	5.1841	6
197	18.1095	1323.4554	5.2078	6
197.05	18.1086	1324.8822	5.2157	6
197.1	18.1089	1324.5712	5.2166	6
197.15	18.1096	1323.6663	5.2091	6
197.2	18.1088	1324.8514	5.2015	6
197.25	18.1089	1324.9938	5.207	6
197.3	18.1099	1323.8584	5.1945	6
197.35	18.1094	1324.516	5.1954	6
197.4	18.1087	1325.5858	5.1978	6
197.45	18.1099	1324.0892	5.1967	6
197.5	18.1099	1324.3926	5.2084	6
197.55	18.1092	1325.2404	5.1965	6
197.6	18.11	1322.835	5.182	6
197.65	18.1098	1321.4948	5.167	6
197.7	18.1094	1322.0556	5.1658	6
197.75	18.11	1321.2918	5.1886	6
197.8	18.1105	1320.7771	5.188	6
197.85	18.1106	1321.0565	5.1955	6
197.9	18.1112	1320.4621	5.1928	6
197.95	18.1113	1320.497	5.1906	6
198	18.1115	1320.18	5.1941	6
198.05	18.112	1319.5655	5.1852	6
198.1	18.1117	1320.1238	5.187	6
198.15	18.1117	1319.3259	5.1843	6
198.2	18.1116	1317.892	5.187	6
198.25	18.111	1318.4556	5.1795	6
198.3	18.1112	1318.2585	5.1689	6
198.35	18.1117	1317.863	5.1881	6
198.4	18.1111	1318.7892	5.183	6
198.45	18.1113	1318.6038	5.1759	6
198.5	18.1118	1318.0603	5.1877	6
198.55	18.1112	1319.0415	5.1791	6
198.6	18.1113	1319.0628	5.1843	6
198.65	18.112	1317.792	5.1831	6
198.7	18.1113	1317.2787	5.1711	6
198.75	18.1106	1317.0976	5.1617	6
198.8	18.1108	1316.9062	5.1567	6
198.85	18.1109	1316.9056	5.1663	6
198.9	18.1105	1317.694	5.1738	6
198.95	18.11	1318.4053	5.1715	6
199	18.1101	1318.3579	5.1833	6
199.05	18.1101	1318.4659	5.1939	6
199.1	18.1099	1318.9045	5.1855	6
199.15	18.1096	1319.4912	5.1878	6
199.2	18.1098	1319.3644	5.1816	6
199.25	18.1097	1319.4552	5.1809	6
199.3	18.1087	1319.4928	5.1857	6
199.35	18.1081	1319.3256	5.1927	6
199.4	18.1083	1319.0636	5.1935	6
199.45	18.108	1319.6346	5.1823	6
199.5	18.1081	1319.6823	5.1711	6
199.55	18.1082	1319.6538	5.1797	6
199.6	18.1079	1320.031	5.1726	6
199.65	18.108	1320.0182	5.1714	6
199.7	18.1083	1319.7379	5.1763	6
199.75	18.1082	1320.0583	5.1834	6
199.8	18.1086	1319.6514	5.1893	6
199.85	18.109	1319.3337	5.1724	6
199.9	18.1094	1318.8408	5.1644	6
199.95	18.1096	1318.7422	5.1636	6
200	18.1096	1318.8503	5.1889	6
200.05	18.1096	1318.1765	5.1807	6
200.1	18.1093	1316.921	5.1694	6
200.15	18.1087	1317.3127	5.1796	6
200.2	18.1086	1317.4592	5.1993	6
200.25	18.1089	1317.1553	5.2072	6
200.3	18.1088	1317.6359	5.2014	6
200.35	18.1089	1317.7227	5.2019	6
200.4	18.1088	1317.9361	5.1926	6
200.45	18.1083	1318.5713	5.1867	6
200.5	18.1085	1318.3287	5.1778	6
200.55	18.1084	1318.6794	5.1834	6
200.6	18.1084	1319.056	5.1784	6
200.65	18.1086	1318.6293	5.1782	6
200.7	18.1086	1318.7573	5.1822	6
200.75	18.1085	1319.0479	5.1852	6
200.8	18.1086	1318.5509	5.2037	6
200.85	18.108	1317.9446	5.2026	6
200.9	18.1075	1317.8304	5.2146	6
200.95	18.1076	1317.86	5.2175	6
201	18.1076	1318.0018	5.1996	6
201.05	18.1072	1318.78	5.2025	6
201.1	18.1075	1318.4636	5.2101	6
201.15	18.1074	1318.5175	5.2093	6
201.2	18.1069	1319.322	5.1991	6
201.25	18.1071	1319.2	5.2014	6
201.3	18.1068	1319.6651	5.2118	6
201.35	18.1064	1320.3939	5.1921	6
201.4	18.1066	1320.1942	5.1954	6
201.45	18.1066	1320.2876	5.195	6
201.5	18.1062	1321.0338	5.1923	6
201.55	18.1065	1320.7746	5.2064	6
201.6	18.1063	1321.2685	5.2029	6
201.65	18.106	1321.6808	5.1941	6
201.7	18.1062	1321.5814	5.1902	6
201.75	18.1059	1322.072	5.1825	6
201.8	18.1059	1322.1434	5.1889	6
201.85	18.106	1322.1164	5.1918	6
201.9	18.1055	1322.95	5.1783	6
201.95	18.1058	1322.6263	5.1821	6
202	18.1057	1321.9118	5.1884	6
202.05	18.1044	1321.9832	5.1782	6
202.1	18.1046	1321.3137	5.169	6
202.15	18.1051	1320.8529	5.1691	6
202.2	18.1044	1321.9294	5.1698	6
202.25	18.1045	1321.8089	5.1597	6
202.3	18.105	1321.3041	5.1576	6
202.35	18.1047	1321.9961	5.1627	6
202.4	18.1044	1322.5619	5.1772	6
202.45	18.1047	1322.2002	5.1829	6
202.5	18.1045	1322.6955	5.1851	6
202.55	18.1047	1322.5494	5.1817	6
202.6	18.105	1322.1846	5.1682	6
202.65	18.1046	1323.0379	5.1604	6
202.7	18.1051	1322.5526	5.1695	6
202.75	18.1053	1322.2124	5.1941	6
202.8	18.1047	1323.1596	5.1934	6
202.85	18.1051	1322.5391	5.1856	6
202.9	18.1055	1321.9718	5.169	6
202.95	18.1054	1322.4043	5.1654	6
203	18.1056	1322.2308	5.1678	6
203.05	18.1065	1321.0113	5.1821	6
203.1	18.1065	1321.1027	5.1868	6
203.15	18.1071	1320.4662	5.171	6
203.2	18.108	1319.3728	5.1878	6
203.25	18.1082	1319.2761	5.1867	6
203.3	18.1085	1319.0599	5.1626	6
203.35	18.1093	1318.1416	5.1868	6
203.4	18.1094	1318.1492	5.1963	6
203.45	18.1098	1317.5271	5.2027	6
203.5	18.1101	1315.8025	5.2104	6
203.55	18.1097	1315.4403	5.2043	6
203.6	18.1102	1314.7957	5.2014	6
203.65	18.1107	1314.1987	5.1926	6
203.7	18.1107	1314.1828	5.1859	6
203.75	18.1114	1313.4599	5.1844	6
203.8	18.1118	1313.2389	5.183	6
203.85	18.1118	1313.4917	5.1977	6
203.9	18.1121	1313.0147	5.1988	6
203.95	18.112	1313.0793	5.2092	6
204	18.1119	1312.8392	5.2055	6
204.05	18.1118	1311.1496	5.1822	6
204.1	18.1117	1310.6534	5.1808	6
204.15	18.1116	1310.8722	5.1844	6
204.2	18.1116	1311.0021	5.1778	6
204.25	18.1119	1310.6616	5.1719	6
204.3	18.1117	1311.1096	5.1746	6
204.35	18.1115	1311.5825	5.1781	6
204.4	18.1115	1311.6659	5.1741	6
204.45	18.1117	1311.6557	5.1767	6
204.5	18.1114	1311.4584	5.192	6
204.55	18.1108	1310.6761	5.2061	6
204.6	18.1108	1310.0613	5.206	6
204.65	18.1107	1310.3075	5.2076	6
204.7	18.1105	1310.7747	5.2153	6
204.75	18.1106	1310.8517	5.2189	6
204.8	18.1105	1311.0179	5.1993	6
204.85	18.1103	1311.3676	5.1805	6
204.9	18.1106	1311.1947	5.1933	6
204.95	18.1106	1311.4194	5.2056	6
205	18.1105	1311.7611	5.2136	6
205.05	18.1105	1311.6873	5.2115	6
205.1	18.1103	1311.1293	5.2057	6
205.15	18.1097	1310.4386	5.1971	6
205.2	18.1095	1310.3676	5.1704	6
205.25	18.1096	1310.4025	5.1787	6
205.3	18.1094	1310.8555	5.1954	6
205.35	18.1095	1311.0293	5.19	6
205.4	18.1096	1311.0425	5.1864	6
205.45	18.1096	1311.28	5.1804	6
205.5	18.1097	1311.1403	5.159	6
205.55	18.1098	1311.3116	5.1671	6
205.6	18.1098	1311.6028	5.1753	6
205.65	18.1101	1311.3542	5.1881	6
205.7	18.1099	1311.5078	5.1793	6
205.75	18.1095	1311.4031	5.1864	6
205.8	18.1092	1310.2711	5.1869	6
205.85	18.1089	1310.069	5.1779	6
205.9	18.1087	1310.4519	5.1885	6
205.95	18.1088	1310.2553	5.1898	6
206	18.1088	1310.3796	5.1884	6
206.05	18.1088	1310.5207	5.1743	6
206.1	18.1091	1310.3241	5.1837	6
206.15	18.1089	1310.6094	5.199	6
206.2	18.109	1310.7187	5.1797	6
206.25	18.1088	1310.9247	5.1698	6
206.3	18.1086	1311.2925	5.1791	6
206.35	18.1087	1311.3202	5.1705	6
206.4	18.1086	1311.5683	5.1692	6
206.45	18.1084	1312.1091	5.1688	6
206.5	18.1084	1311.4907	5.1878	6
206.55	18.1078	1310.5861	5.1769	6
206.6	18.1072	1310.9203	5.1806	6
206.65	18.1074	1310.9267	5.1901	6
206.7	18.1075	1310.9106	5.1769	6
206.75	18.1074	1311.2611	5.171	6
206.8	18.1074	1311.3598	5.1977	6
206.85	18.1073	1311.4098	5.1863	6
206.9	18.1074	1311.3871	5.1836	6
206.95	18.1075	1311.3361	5.1741	6
207	18.1072	1311.7486	5.1692	6
207.05	18.107	1311.9775	5.1725	6
207.1	18.1075	1311.42	5.1704	6
207.15	18.1073	1311.7843	5.1768	6
207.2	18.1072	1312.1719	5.1798	6
207.25	18.1079	1311.3108	5.19	6
207.3	18.1079	1311.5166	5.1901	6
207.35	18.1075	1312.2354	5.1939	6
207.4	18.108	1311.5826	5.1894	6
207.45	18.108	1311.1475	5.1953	6
207.5	18.1072	1310.8404	5.1839	6
207.55	18.1069	1310.5995	5.179	6
207.6	18.1074	1309.961	5.1957	6
207.65	18.1068	1310.7335	5.185	6
207.7	18.1063	1311.3573	5.1755	6
207.75	18.1069	1310.5461	5.1585	6
207.8	18.1067	1311.0129	5.1582	6
207.85	18.1063	1311.7096	5.1646	6
207.9	18.1067	1311.428	5.1624	6
207.95	18.107	1311.2264	5.1636	6
208	18.1069	1311.4889	5.1697	6
208.05	18.1065	1312.0815	5.1917	6
208.1	18.1068	1311.7307	5.1811	6
208.15	18.1069	1311.6462	5.1725	6
208.2	18.1066	1312.0932	5.1706	6
208.25	18.1065	1312.4427	5.1639	6
208.3	18.1072	1311.7421	5.1692	6
208.35	18.1072	1311.6559	5.1732	6
208.4	18.1067	1312.5744	5.1739	6
208.45	18.1072	1311.9597	5.1898	6
208.5	18.1077	1311.4199	5.1851	6
208.55	18.1069	1312.6426	5.1848	6
208.6	18.1071	1311.0854	5.1897	6
208.65	18.1069	1309.7858	5.1846	6
208.7	18.1061	1310.7844	5.1794	6
208.75	18.1059	1310.9176	5.1741	6
208.8	18.1065	1310.2789	5.1789	6
208.85	18.1062	1310.9425	5.1744	6
208.9	18.1058	1311.6247	5.1511	6
208.95	18.106	1311.2696	5.1582	6
209	18.106	1311.4329	5.1704	6
209.05	18.1056	1312.2187	5.163	6
209.1	18.1056	1312.3442	5.1687	6
209.15	18.1062	1311.7103	5.1737	6
209.2	18.1057	1312.4606	5.1841	6
209.25	18.1053	1312.9711	5.1726	6
209.3	18.1059	1312.1514	5.1695	6
209.35	18.1057	1312.7365	5.1732	6
209.4	18.1051	1313.5582	5.1709	6
209.45	18.1056	1312.8169	5.1731	6
209.5	18.1057	1312.8271	5.1601	6
209.55	18.1053	1313.663	5.1595	6
209.6	18.1054	1313.4787	5.1749	6
209.65	18.1057	1313.1859	5.1741	6
209.7	18.1053	1313.9328	5.1725	6
209.75	18.1049	1314.4914	5.1773	6
209.8	18.1055	1313.7324	5.18	6
209.85	18.1054	1314.0754	5.1808	6
209.9	18.105	1314.7834	5.1752	6
209.95	18.1055	1314.2652	5.1686	6
210	18.1053	1314.4792	5.1671	6
210.05	18.1049	1315.0441	5.1617	6
210.1	18.105	1314.9361	5.1715	6
210.15	18.1049	1315.0469	5.1688	6
210.2	18.104	1314.7272	5.1603	6
210.25	18.1038	1313.7998	5.163	6
210.3	18.1038	1313.8719	5.1686	6
210.35	18.1033	1314.6622	5.1519	6
210.4	18.1037	1314.214	5.1474	6
210.45	18.1035	1314.6243	5.1524	6
210.5	18.1035	1314.8634	5.161	6
210.55	18.1036	1314.7353	5.1632	6
210.6	18.1033	1315.081	5.1841	6
210.65	18.1036	1314.98	5.1703	6
210.7	18.1034	1315.3636	5.165	6
210.75	18.1033	1315.5091	5.1658	6
210.8	18.1036	1315.3645	5.1592	6
210.85	18.1034	1315.8418	5.1634	6
210.9	18.1033	1316.1369	5.1646	6
210.95	18.1033	1315.999	5.1565	6
211	18.103	1316.3101	5.1754	6
211.05	18.1028	1316.7803	5.1737	6
211.1	18.1027	1316.875	5.1778	6
211.15	18.1028	1317.0136	5.1908	6
211.2	18.1026	1317.3498	5.2064	6
211.25	18.1028	1317.267	5.2052	6
211.3	18.103	1317.2075	5.1925	6
211.35	18.103	1317.176	5.1808	6
211.4	18.1028	1317.4323	5.1723	6
211.45	18.103	1317.1539	5.1648	6
211.5	18.1027	1317.7067	5.1774	6
211.55	18.1026	1317.9588	5.1705	6
211.6	18.1029	1317.4606	5.1691	6
211.65	18.1027	1317.9566	5.178	6
211.7	18.1026	1318.3481	5.1711	6
211.75	18.1029	1318.1983	5.1731	6
211.8	18.1029	1318.3175	5.1751	6
211.85	18.1028	1318.4801	5.1837	6
211.9	18.1028	1318.6217	5.1843	6
211.95	18.1028	1318.645	5.1874	6
212	18.1028	1318.6919	5.1868	6
212.05	18.1027	1318.7137	5.1809	6
212.1	18.1029	1318.7755	5.1763	6
212.15	18.1029	1318.9294	5.1791	6
212.2	18.1029	1318.9493	5.1811	6
212.25	18.1026	1319.4389	5.1957	6
212.3	18.1025	1319.7283	5.1842	6
212.35	18.1027	1319.5089	5.1752	6
212.4	18.1025	1319.7335	5.1894	6
212.45	18.1026	1319.7723	5.1749	6
212.5	18.103	1319.5111	5.1712	6
212.55	18.103	1319.7359	5.1833	6
212.6	18.103	1319.7863	5.1911	6
212.65	18.1029	1319.9212	5.1815	6
212.7	18.1029	1319.7778	5.1686	6
212.75	18.1028	1320.0375	5.1621	6
212.8	18.103	1319.9565	5.1743	6
212.85	18.1032	1319.7353	5.1838	6
212.9	18.1032	1319.8755	5.1738	6
212.95	18.1032	1319.9186	5.1711	6
213	18.1032	1320.0042	5.1794	6
213.05	18.103	1320.3762	5.1784	6
213.1	18.1031	1320.3773	5.1747	6
213.15	18.1034	1320.0038	5.1643	6
213.2	18.1031	1320.525	5.1542	6
213.25	18.1034	1320.1245	5.159	6
213.3	18.1036	1320.0834	5.1673	6
213.35	18.1034	1320.4715	5.1598	6
213.4	18.1035	1320.2818	5.1631	6
213.45	18.1037	1320.1162	5.1852	6
213.5	18.1034	1320.6849	5.1821	6
213.55	18.1037	1320.3634	5.1656	6
213.6	18.1039	1320.1328	5.1487	6
213.65	18.1034	1320.8616	5.1656	6
213.7	18.1036	1320.7234	5.1653	6
213.75	18.104	1320.2849	5.1438	6
213.8	18.1035	1321.1684	5.1409	6
213.85	18.1038	1320.9586	5.1496	6
213.9	18.1041	1320.5506	5.1615	6
213.95	18.1037	1321.1079	5.1547	6
214	18.1039	1321.0177	5.149	6
214.05	18.104	1320.7337	5.1563	6
214.1	18.1039	1321.0707	5.1461	6
214.15	18.104	1321.2439	5.1424	6
214.2	18.1044	1320.7881	5.138	6
214.25	18.1041	1320.9634	5.1342	6
214.3	18.1042	1321.0145	5.1475	6
214.35	18.1044	1320.8501	5.1436	6
214.4	18.1044	1321.1854	5.1463	6
214.45	18.1043	1321.3311	5.1568	6
214.5	18.1043	1321.2264	5.1653	6
214.55	18.1042	1321.4025	5.1793	6
214.6	18.1041	1321.6249	5.1716	6
214.65	18.1043	1321.5042	5.165	6
214.7	18.1044	1321.5968	5.1805	6
214.75	18.1044	1321.6769	5.1757	6
214.8	18.1047	1321.3564	5.1807	6
214.85	18.1048	1321.3656	5.1925	6
214.9	18.1046	1321.8555	5.1945	6
214.95	18.1051	1321.3933	5.1892	6
215	18.1053	1321.2543	5.1599	6
215.05	18.1048	1321.8964	5.1436	6
215.1	18.1054	1321.2754	5.1497	6
215.15	18.1057	1320.899	5.1556	6
215.2	18.105	1321.8831	5.1564	6
215.25	18.1053	1321.5661	5.1303	6
215.3	18.106	1320.6718	5.1306	6
215.35	18.1055	1321.6682	5.1308	6
215.4	18.1056	1321.5422	5.1255	6
215.45	18.1062	1320.6449	5.1294	6
215.5	18.1064	1320.6303	5.1276	6
215.55	18.1061	1320.8719	5.1374	6
215.6	18.1061	1319.1478	5.1222	6
215.65	18.1059	1318.1642	5.1376	6
215.7	18.1056	1318.6772	5.1651	6
215.75	18.1058	1318.4937	5.1486	6
215.8	18.1065	1317.6698	5.1589	6
215.85	18.1065	1317.6479	5.1713	6
215.9	18.1067	1317.5369	5.1574	6
215.95	18.107	1317.2542	5.1549	6
216	18.1075	1316.5413	5.1521	6
216.05	18.1075	1316.711	5.149	6
216.1	18.1075	1316.7971	5.1605	6
216.15	18.1081	1316.1988	5.1574	6
216.2	18.1085	1315.7848	5.1644	6
216.25	18.1082	1316.2447	5.1556	6
216.3	18.1086	1315.746	5.1374	6
216.35	18.1092	1315.0427	5.1363	6
216.4	18.1093	1315.1906	5.1603	6
216.45	18.1094	1315.253	5.1708	6
216.5	18.11	1314.0078	5.1574	6
216.55	18.1094	1313.1313	5.1421	6
216.6	18.1089	1313.1242	5.1517	6
216.65	18.1094	1312.5421	5.157	6
216.7	18.1094	1312.3946	5.1621	6
216.75	18.1092	1312.8248	5.1607	6
216.8	18.1093	1312.7435	5.156	6
216.85	18.1096	1312.4447	5.1458	6
216.9	18.1095	1312.6795	5.1527	6
216.95	18.1095	1312.9576	5.1742	6
217	18.1096	1312.9045	5.1689	6
217.05	18.1097	1312.9336	5.1389	6
217.1	18.1095	1313.217	5.1374	6
217.15	18.1096	1313.1469	5.1649	6
217.2	18.1094	1312.7155	5.1695	6
217.25	18.109	1311.7237	5.1565	6
217.3	18.1086	1311.7543	5.16	6
217.35	18.1084	1312.1107	5.1491	6
217.4	18.1086	1312.0131	5.1453	6
217.45	18.1083	1312.524	5.1555	6
217.5	18.1085	1312.5539	5.1755	6
217.55	18.1086	1312.4086	5.1627	6
217.6	18.1083	1312.9053	5.16	6
217.65	18.1086	1312.6647	5.1667	6
217.7	18.1085	1312.5315	5.1707	6
217.75	18.1081	1313.3554	5.1598	6
217.8	18.1081	1313.6151	5.1411	6
217.85	18.1084	1313.259	5.1501	6
217.9	18.108	1313.8847	5.1552	6
217.95	18.1078	1314.2364	5.149	6
218	18.108	1313.3327	5.1691	6
218.05	18.1071	1313.1143	5.1642	6
218.1	18.1064	1313.475	5.1704	6
218.15	18.1064	1313.2431	5.1604	6
218.2	18.106	1313.844	5.1584	6
218.25	18.1056	1314.5382	5.1633	6
218.3	18.1059	1314.2185	5.1558	6
218.35	18.1058	1314.3917	5.1581	6
218.4	18.1053	1315.1929	5.1683	6
218.45	18.1055	1315.0737	5.168	6
218.5	18.1058	1314.7055	5.1649	6
218.55	18.1052	1315.691	5.1626	6
218.6	18.105	1316.0219	5.1651	6
218.65	18.1056	1315.2328	5.1668	6
218.7	18.1052	1315.7462	5.1737	6
218.75	18.1052	1316.1445	5.1854	6
218.8	18.1058	1315.5163	5.1756	6
218.85	18.1057	1315.7049	5.1748	6
218.9	18.1049	1316.5753	5.1833	6
218.95	18.1053	1316.1142	5.1751	6
219	18.1054	1316.19	5.1618	6
219.05	18.1047	1317.0679	5.1621	6
219.1	18.1051	1316.5629	5.1691	6
219.15	18.1054	1316.2803	5.1675	6
219.2	18.1052	1316.7959	5.1681	6
219.25	18.1052	1316.8124	5.1689	6
219.3	18.1053	1316.492	5.176	6
219.35	18.1051	1316.5757	5.1812	6
219.4	18.1048	1317.1645	5.1671	6
219.45	18.1054	1316.5529	5.141	6
219.5	18.1053	1316.9814	5.1456	6
219.55	18.1053	1317.0643	5.1514	6
219.6	18.1055	1316.8466	5.1617	6
219.65	18.1053	1317.1701	5.1771	6
219.7	18.105	1316.7972	5.1734	6
219.75	18.1043	1316.1127	5.1759	6
219.8	18.1042	1315.8091	5.1777	6
219.85	18.1038	1316.4158	5.1501	6
219.9	18.1037	1316.7253	5.1553	6
219.95	18.104	1316.5415	5.1676	6
220	18.1039	1316.8907	5.1569	6
220.05	18.1037	1317.1302	5.1508	6
220.1	18.1037	1317.1739	5.1587	6
220.15	18.1037	1317.2887	5.169	6
220.2	18.1037	1317.2127	5.1797	6
220.25	18.1037	1317.3654	5.1732	6
220.3	18.1035	1317.8941	5.172	6
220.35	18.1036	1317.6467	5.1678	6
220.4	18.1035	1317.8297	5.1752	6
220.45	18.103	1318.7618	5.1862	6
220.5	18.1036	1318.0366	5.182	6
220.55	18.1037	1317.9528	5.1739	6
220.6	18.1031	1318.9401	5.1692	6
220.65	18.1035	1318.5296	5.1755	6
220.7	18.1035	1318.3961	5.1757	6
220.75	18.1032	1318.8272	5.1651	6
220.8	18.103	1319.0736	5.1685	6
220.85	18.1033	1318.773	5.1679	6
220.9	18.1034	1318.9332	5.1622	6
220.95	18.1033	1319.2586	5.159	6
221	18.1035	1319.1218	5.1621	6
221.05	18.1036	1319.0742	5.1661	6
221.1	18.1033	1319.6003	5.1636	6
221.15	18.1033	1319.5023	5.1381	6
221.2	18.1034	1319.3932	5.1453	6
221.25	18.1032	1319.7776	5.1389	6
221.3	18.103	1320.0979	5.1364	6
221.35	18.1034	1319.6145	5.1403	6
221.4	18.103	1320.1808	5.1432	6
221.45	18.1029	1320.4921	5.1602	6
221.5	18.1031	1320.1711	5.163	6
221.55	18.1029	1320.5465	5.1561	6
221.6	18.1027	1320.8818	5.1438	6
221.65	18.1031	1320.4406	5.1545	6
221.7	18.103	1320.6119	5.18	6
221.75	18.1029	1320.8857	5.1677	6
221.8	18.103	1321.0068	5.1774	6
221.85	18.1032	1320.8535	5.1659	6
221.9	18.1029	1321.3215	5.1583	6
221.95	18.1027	1321.6013	5.1718	6
222	18.1029	1321.4652	5.1691	6
222.05	18.1028	1321.6771	5.1738	6
222.1	18.1026	1322.0599	5.1796	6
222.15	18.1027	1321.8734	5.1778	6
222.2	18.1031	1321.4743	5.188	6
222.25	18.103	1321.9693	5.1806	6
222.3	18.1031	1321.9301	5.1906	6
222.35	18.1034	1321.5244	5.2045	6
222.4	18.1033	1321.7885	5.1966	6
222.45	18.1032	1322.0398	5.184	6
222.5	18.1034	1321.889	5.1825	6
222.55	18.1035	1321.7204	5.1845	6
222.6	18.1034	1322.0545	5.1931	6
222.65	18.1033	1322.2559	5.1797	6
222.7	18.1037	1321.8417	5.1837	6
222.75	18.1035	1322.163	5.1824	6
222.8	18.1032	1322.724	5.1699	6
222.85	18.1036	1322.2728	5.1865	6
222.9	18.1037	1322.2816	5.1987	6
222.95	18.1034	1322.723	5.1865	6
223	18.1037	1322.2534	5.1651	6
223.05	18.1038	1322.2264	5.1738	6
223.1	18.1039	1322.3268	5.1836	6
223.15	18.1041	1322.1478	5.1932	6
223.2	18.1044	1321.9507	5.2008	6
223.25	18.1046	1321.9576	5.201	6
223.3	18.105	1321.4519	5.1864	6
223.35	18.105	1321.5004	5.1713	6
223.4	18.105	1321.471	5.1808	6
223.45	18.1056	1320.8998	5.2044	6
223.5	18.1055	1321.2073	5.2024	6
223.55	18.1052	1321.589	5.1741	6
223.6	18.1057	1320.9134	5.1755	6
223.65	18.1056	1321.2548	5.1768	6
223.7	18.1055	1321.372	5.1746	6
223.75	18.1055	1321.496	5.1699	6
223.8	18.1058	1321.0311	5.181	6
223.85	18.1056	1321.272	5.1928	6
223.9	18.1053	1321.7118	5.1848	6
223.95	18.1057	1321.1443	5.1624	6
224	18.1057	1320.9019	5.1694	6
224.05	18.1054	1321.4065	5.1628	6
224.1	18.1057	1321.4799	5.168	6
224.15	18.1059	1320.7006	5.1778	6
224.2	18.1051	1320.1792	5.173	6
224.25	18.1048	1320.0152	5.1605	6
224.3	18.105	1319.8974	5.1523	6
224.35	18.1047	1320.6417	5.1752	6
224.4	18.1047	1320.726	5.1802	6
224.45	18.1049	1320.3428	5.1852	6
224.5	18.1046	1320.6871	5.1925	6
224.55	18.1044	1321.1903	5.1835	6
224.6	18.1046	1320.8401	5.1855	6
224.65	18.1047	1320.8806	5.1893	6
224.7	18.1043	1321.5512	5.19	6
224.75	18.1048	1321.0931	5.1898	6
224.8	18.1046	1321.2804	5.1686	6
224.85	18.1043	1321.8784	5.1656	6
224.9	18.1044	1321.7386	5.1586	6
224.95	18.1043	1321.7365	5.1528	6
225	18.1039	1322.442	5.1649	6
225.05	18.104	1322.5031	5.179	6
225.1	18.1049	1321.4343	5.1871	6
225.15	18.1042	1322.4678	5.1881	6
225.2	18.1042	1322.6446	5.1842	6
225.25	18.1052	1321.334	5.1851	6
225.3	18.1049	1321.9388	5.1717	6
225.35	18.1045	1322.6395	5.1826	6
225.4	18.1051	1321.7669	5.1828	6
225.45	18.1051	1321.9595	5.1884	6
225.5	18.1045	1322.7826	5.1881	6
225.55	18.1048	1322.4448	5.1765	6
225.6	18.1051	1322.21	5.1816	6
225.65	18.1047	1322.8875	5.1796	6
225.7	18.1052	1322.2072	5.1687	6
225.75	18.1051	1322.4396	5.1736	6
225.8	18.1048	1323.008	5.1754	6
225.85	18.1056	1321.9612	5.1781	6
225.9	18.1053	1322.4126	5.191	6
225.95	18.105	1323.0215	5.1895	6
226	18.1057	1321.9916	5.1757	6
226.05	18.1055	1322.1791	5.1732	6
226.1	18.105	1323.0112	5.1633	6
226.15	18.1053	1322.5821	5.1597	6
226.2	18.1053	1322.4015	5.1526	6
226.25	18.1047	1323.3497	5.1679	6
226.3	18.1049	1322.9877	5.1684	6
226.35	18.1054	1322.3991	5.152	6
226.4	18.1048	1322.7848	5.1442	6
226.45	18.1043	1321.9724	5.1483	6
226.5	18.1044	1320.7297	5.1664	6
226.55	18.104	1321.1371	5.1652	6
226.6	18.1035	1321.9691	5.1636	6
226.65	18.1039	1321.3075	5.1731	6
226.7	18.104	1321.1463	5.1485	6
226.75	18.1033	1322.3751	5.1407	6
226.8	18.1037	1322.0443	5.1624	6
226.85	18.1042	1321.4482	5.1606	6
226.9	18.1036	1322.3126	5.1375	6
226.95	18.1038	1322.1846	5.1343	6
227	18.1043	1321.6339	5.1573	6
227.05	18.1041	1322.1268	5.1758	6
227.1	18.104	1322.4061	5.1674	6
227.15	18.1047	1321.677	5.1581	6
227.2	18.1049	1321.6105	5.1691	6
227.25	18.1049	1321.7122	5.1753	6
227.3	18.105	1321.5103	5.1893	6
227.35	18.1052	1321.5541	5.1721	6
227.4	18.1056	1320.9714	5.1698	6
227.45	18.1057	1320.9897	5.1633	6
227.5	18.1053	1321.6734	5.1588	6
227.55	18.1055	1321.5583	5.161	6
227.6	18.1061	1320.8394	5.1659	6
227.65	18.106	1320.996	5.1595	6
227.7	18.1056	1321.7017	5.1637	6
227.75	18.1063	1320.8089	5.1781	6
227.8	18.1066	1320.4766	5.1869	6
227.85	18.106	1321.3566	5.162	6
227.9	18.1063	1321.1756	5.1663	6
227.95	18.1067	1320.8238	5.1681	6
228	18.1062	1321.431	5.1497	6
228.05	18.1066	1320.9651	5.1487	6
228.1	18.1072	1320.2693	5.1659	6
228.15	18.107	1320.6857	5.1819	6
228.2	18.1071	1320.7854	5.1743	6
228.25	18.1079	1319.3728	5.1569	6
228.3	18.1073	1318.6728	5.172	6
228.35	18.1063	1319.1419	5.181	6
228.4	18.1069	1318.2869	5.1905	6
228.45	18.1073	1317.6051	5.1852	6
228.5	18.1066	1318.6689	5.1566	6
228.55	18.1067	1318.861	5.1641	6
228.6	18.1074	1317.8907	5.1856	6
228.65	18.1073	1317.9657	5.1723	6
228.7	18.1069	1318.7233	5.1505	6
228.75	18.1072	1318.3341	5.147	6
228.8	18.1074	1318.1765	5.1717	6
228.85	18.1073	1318.479	5.1727	6
228.9	18.1077	1318.0617	5.1778	6
228.95	18.1077	1318.1587	5.1819	6
229	18.1074	1318.5724	5.1666	6
229.05	18.1078	1318.0573	5.1756	6
229.1	18.1084	1317.3675	5.1806	6
229.15	18.1079	1318.3008	5.1734	6
229.2	18.1077	1318.5641	5.1904	6
229.25	18.1084	1316.8423	5.191	6
229.3	18.1076	1316.465	5.1942	6
229.35	18.1068	1316.7048	5.1953	6
229.4	18.107	1316.4993	5.1889	6
229.45	18.1072	1316.2842	5.1804	6
229.5	18.1067	1317.1138	5.1761	6
229.55	18.1065	1317.334	5.1838	6
229.6	18.1066	1317.3099	5.1948	6
229.65	18.1064	1317.5842	5.1899	6
229.7	18.1069	1317.0493	5.1901	6
229.75	18.1065	1317.7529	5.1833	6
229.8	18.1064	1317.8756	5.178	6
229.85	18.1067	1317.5233	5.1813	6
229.9	18.1063	1318.058	5.1884	6
229.95	18.1063	1318.0003	5.1864	6
230	18.1062	1318.2929	5.1787	6
230.05	18.1061	1318.5238	5.1733	6
230.1	18.1065	1317.9723	5.1638	6
230.15	18.1061	1318.5162	5.1762	6
230.2	18.1059	1319.0853	5.1815	6
230.25	18.1063	1318.3716	5.1715	6
230.3	18.1059	1319.072	5.201	6
230.35	18.1058	1319.4361	5.2155	6
230.4	18.106	1319.1605	5.2012	6
230.45	18.1055	1319.892	5.1854	6
230.5	18.1059	1318.7979	5.1863	6
230.55	18.1054	1317.9219	5.1998	6
230.6	18.1046	1318.3069	5.1928	6
230.65	18.105	1317.627	5.1704	6
230.7	18.1051	1317.4739	5.1664	6
230.75	18.1045	1318.3766	5.1703	6
230.8	18.1047	1318.2332	5.1832	6
230.85	18.105	1317.772	5.1775	6
230.9	18.1046	1318.5508	5.1611	6
230.95	18.1045	1318.7591	5.161	6
231	18.1046	1318.5988	5.1617	6
231.05	18.1044	1318.9353	5.1681	6
231.1	18.1046	1318.6786	5.1719	6
231.15	18.1044	1319.1417	5.1604	6
231.2	18.1042	1319.4334	5.1586	6
231.25	18.1047	1318.8602	5.1599	6
231.3	18.1045	1319.4587	5.1796	6
231.35	18.1043	1319.7387	5.1953	6
231.4	18.1046	1319.3631	5.1753	6
231.45	18.1044	1319.7063	5.1638	6
231.5	18.1042	1320.0622	5.1794	6
231.55	18.1044	1319.9657	5.1632	6
231.6	18.1042	1320.1187	5.1613	6
231.65	18.1038	1320.726	5.1578	6
231.7	18.1042	1320.4167	5.1563	6
231.75	18.1042	1320.2269	5.1741	6
231.8	18.1038	1320.7811	5.1691	6
231.85	18.1041	1320.5216	5.1656	6
231.9	18.1045	1320.0182	5.1548	6
231.95	18.1041	1320.759	5.1542	6
232	18.1044	1320.4591	5.1835	6
232.05	18.1046	1320.3047	5.1876	6
232.1	18.1043	1320.9743	5.1929	6
232.15	18.1048	1320.2844	5.1958	6
232.2	18.1049	1320.3541	5.2048	6
232.25	18.1046	1320.8992	5.2	6
232.3	18.1053	1319.9677	5.1847	6
232.35	18.1051	1320.2671	5.1688	6
232.4	18.1045	1321.1054	5.1575	6
232.45	18.1053	1320.0602	5.1602	6
232.5	18.1054	1319.8358	5.1769	6
232.55	18.1045	1321.2791	5.1596	6
232.6	18.1056	1319.8982	5.1401	6
232.65	18.1059	1319.4832	5.1551	6
232.7	18.1054	1320.2068	5.1573	6
232.75	18.106	1319.5802	5.1737	6
232.8	18.1062	1319.2385	5.171	6
232.85	18.1061	1318.6423	5.1478	6
232.9	18.1052	1318.2	5.1496	6
232.95	18.1049	1318.0677	5.1549	6
233	18.1057	1317.1339	5.1557	6
233.05	18.1052	1317.812	5.15	6
233.1	18.1048	1318.4072	5.1528	6
233.15	18.1057	1317.1778	5.1626	6
233.2	18.1057	1317.0772	5.1588	6
233.25	18.105	1318.2601	5.1639	6
233.3	18.1053	1317.965	5.1605	6
233.35	18.1061	1317.0808	5.1362	6
233.4	18.1056	1317.807	5.153	6
233.45	18.1053	1318.2216	5.1623	6
233.5	18.1062	1317.0542	5.1617	6
233.55	18.1061	1317.1948	5.1509	6
233.6	18.1057	1317.8285	5.1436	6
233.65	18.1064	1317.0069	5.1617	6
233.7	18.1067	1316.623	5.1552	6
233.75	18.1061	1317.5285	5.1609	6
233.8	18.1065	1316.9453	5.1555	6
233.85	18.1067	1316.7245	5.1538	6
233.9	18.1062	1317.4989	5.1554	6
233.95	18.1068	1316.8745	5.1498	6
234	18.107	1316.7566	5.1633	6
234.05	18.1069	1317.3047	5.1707	6
234.1	18.1077	1316.203	5.1691	6
234.15	18.1077	1316.183	5.1768	6
234.2	18.1072	1316.5353	5.1708	6
234.25	18.1073	1314.9458	5.1681	6
234.3	18.1071	1314.085	5.1799	6
234.35	18.1064	1315.1582	5.1662	6
234.4	18.1067	1314.8609	5.1658	6
234.45	18.1074	1314.0083	5.1769	6
234.5	18.1066	1315.0114	5.1578	6
234.55	18.1064	1315.3644	5.1492	6
234.6	18.1071	1314.4044	5.1527	6
234.65	18.1067	1314.9119	5.1522	6
234.7	18.1062	1315.7169	5.1697	6
234.75	18.1068	1315.1557	5.1689	6
234.8	18.1071	1314.852	5.1696	6
234.85	18.1064	1315.7018	5.1796	6
234.9	18.1063	1315.7879	5.176	6
234.95	18.1068	1315.0905	5.1723	6
235	18.1064	1315.7951	5.1804	6
235.05	18.1062	1316.2204	5.1899	6
235.1	18.1068	1315.5016	5.1774	6
235.15	18.1063	1316.1129	5.174	6
235.2	18.1062	1316.3924	5.1775	6
235.25	18.1063	1316.3678	5.1813	6
235.3	18.1068	1315.9117	5.1801	6
235.35	18.1064	1316.5796	5.1819	6
235.4	18.1059	1316.6409	5.1887	6
235.45	18.1062	1314.53	5.1943	6
235.5	18.1054	1314.8396	5.1943	6
235.55	18.1047	1315.8938	5.188	6
235.6	18.1053	1315.2048	5.1829	6
235.65	18.1051	1315.3548	5.1808	6
235.7	18.1042	1316.6012	5.1878	6
235.75	18.1046	1316.1656	5.1785	6
235.8	18.1051	1315.4146	5.1753	6
235.85	18.1044	1316.5715	5.1737	6
235.9	18.1045	1316.4207	5.1576	6
235.95	18.1049	1315.7605	5.1873	6
236	18.1046	1316.3668	5.1988	6
236.05	18.1045	1316.6907	5.1913	6
236.1	18.105	1316.2057	5.2009	6
236.15	18.105	1316.1144	5.2001	6
236.2	18.1046	1316.7528	5.1907	6
236.25	18.1049	1316.4127	5.1842	6
236.3	18.1052	1316.0888	5.1899	6
236.35	18.1047	1316.6697	5.1857	6
236.4	18.1047	1316.7827	5.1727	6
236.45	18.1051	1316.2757	5.1738	6
236.5	18.1048	1316.9822	5.192	6
236.55	18.1047	1317.3588	5.205	6
236.6	18.105	1316.9509	5.1859	6
236.65	18.1047	1317.4691	5.1608	6
236.7	18.1043	1317.9708	5.1717	6
236.75	18.1047	1317.558	5.2003	6
236.8	18.1047	1317.7578	5.2014	6
236.85	18.1045	1318.141	5.2086	6
236.9	18.1045	1317.9575	5.2089	6
236.95	18.1046	1317.9622	5.2167	6
237	18.1048	1317.8308	5.203	6
237.05	18.1048	1317.7799	5.1963	6
237.1	18.1047	1318.0391	5.1938	6
237.15	18.1048	1317.7482	5.1796	6
237.2	18.1049	1317.6412	5.1821	6
237.25	18.105	1317.7793	5.1821	6
237.3	18.1052	1317.468	5.1772	6
237.35	18.105	1317.7306	5.1719	6
237.4	18.1052	1317.5409	5.1801	6
237.45	18.1055	1317.3891	5.2073	6
237.5	18.1053	1317.6823	5.2184	6
237.55	18.1055	1317.1417	5.1982	6
237.6	18.1049	1316.6661	5.1957	6
237.65	18.1045	1315.8633	5.1981	6
237.7	18.1043	1316.1445	5.209	6
237.75	18.1042	1316.4624	5.2063	6
237.8	18.1048	1315.724	5.1956	6
237.85	18.1041	1316.5548	5.1963	6
237.9	18.1043	1316.2796	5.1992	6
237.95	18.1046	1316.0043	5.204	6
238	18.1042	1316.5467	5.1966	6
238.05	18.1042	1316.7384	5.1908	6
238.1	18.1044	1316.546	5.2077	6
238.15	18.1044	1316.5904	5.2092	6
238.2	18.1045	1316.6178	5.1982	6
238.25	18.1046	1316.426	5.204	6
238.3	18.1046	1316.5803	5.196	6
238.35	18.1049	1316.1511	5.187	6
238.4	18.105	1316.0645	5.1831	6
238.45	18.1052	1315.8997	5.1861	6
238.5	18.1053	1315.736	5.1937	6
238.55	18.1054	1315.7278	5.187	6
238.6	18.1058	1315.2853	5.1857	6
238.65	18.1058	1315.2002	5.1882	6
238.7	18.1059	1315.1865	5.197	6
238.75	18.1063	1314.7088	5.1939	6
238.8	18.1068	1314.2317	5.1908	6
238.85	18.1072	1313.9116	5.2074	6
238.9	18.1074	1313.7653	5.1955	6
238.95	18.1077	1313.303	5.1861	6
239	18.108	1313.0098	5.1865	6
239.05	18.1083	1312.6317	5.1963	6
239.1	18.1082	1312.739	5.1984	6
239.15	18.1082	1312.7191	5.1944	6
239.2	18.1084	1311.4936	5.1734	6
239.25	18.1074	1311.0559	5.1804	6
239.3	18.1071	1310.98	5.1858	6
239.35	18.1075	1310.5519	5.1961	6
239.4	18.1077	1310.5711	5.21	6
239.45	18.1073	1311.0787	5.2287	6
239.5	18.1077	1310.5853	5.2362	6
239.55	18.1078	1310.457	5.2166	6
239.6	18.1075	1310.8508	5.2086	6
239.65	18.1078	1310.6132	5.2112	6
239.7	18.1083	1310.0761	5.2134	6
239.75	18.1078	1310.752	5.2198	6
239.8	18.1079	1310.7492	5.2077	6
239.85	18.1084	1310.385	5.2096	6
239.9	18.1083	1310.5008	5.2324	6
239.95	18.1079	1311.1086	5.2189	6
240	18.1085	1310.5256	5.2027	6
240.05	18.1084	1310.6923	5.216	6
240.1	18.1077	1310.6007	5.212	6
240.15	18.1075	1309.2248	5.1966	6
240.2	18.1073	1309.2482	5.1923	6
240.25	18.1072	1309.5115	5.2076	6
240.3	18.1074	1309.2515	5.2156	6
240.35	18.1073	1309.6004	5.2151	6
240.4	18.1068	1310.2118	5.2002	6
240.45	18.1072	1309.6554	5.2055	6
240.5	18.1072	1309.8547	5.2143	6
240.55	18.1067	1310.4589	5.2114	6
240.6	18.1069	1310.1473	5.2075	6
240.65	18.1069	1310.0553	5.2157	6
240.7	18.1069	1310.2718	5.2034	6
240.75	18.1068	1310.5931	5.193	6
240.8	18.1068	1310.6297	5.1828	6
240.85	18.1065	1310.899	5.1731	6
240.9	18.1065	1311.1554	5.1739	6
240.95	18.1068	1310.876	5.1621	6
241	18.1066	1311.0087	5.1634	6
241.05	18.1063	1311.4689	5.1782	6
241.1	18.1069	1310.8883	5.1876	6
241.15	18.1069	1310.6655	5.1855	6
241.2	18.1058	1310.6273	5.1801	6
241.25	18.1053	1309.8115	5.1772	6
241.3	18.1056	1309.5153	5.174	6
241.35	18.1053	1310.0322	5.1747	6
241.4	18.1052	1310.0252	5.1842	6
241.45	18.1051	1310.0847	5.1993	6
241.5	18.1052	1310.0018	5.1919	6
241.55	18.1052	1310.182	5.1865	6
241.6	18.1051	1310.4565	5.1947	6
241.65	18.1053	1310.3617	5.1803	6
241.7	18.1055	1310.1619	5.1665	6
241.75	18.1054	1310.4124	5.1729	6
241.8	18.1054	1310.3227	5.1813	6
241.85	18.1054	1310.3039	5.1733	6
241.9	18.1054	1310.4464	5.1727	6
241.95	18.1056	1310.2314	5.1751	6
242	18.1053	1310.6621	5.1888	6
242.05	18.1054	1310.6464	5.196	6
242.1	18.1056	1310.5851	5.1951	6
242.15	18.1056	1310.8961	5.1912	6
242.2	18.1055	1310.9624	5.1835	6
242.25	18.1054	1311.0203	5.1862	6
242.3	18.1055	1310.7085	5.189	6
242.35	18.1051	1311.4788	5.1887	6
242.4	18.1054	1311.2607	5.1903	6
242.45	18.1059	1310.5454	5.1909	6
242.5	18.1053	1311.6028	5.1952	6
242.55	18.1056	1311.3171	5.2092	6
242.6	18.106	1310.7008	5.2046	6
242.65	18.1056	1311.288	5.2047	6
242.7	18.1055	1311.6257	5.2028	6
242.75	18.1059	1311.2332	5.1831	6
242.8	18.1058	1311.5535	5.1863	6
242.85	18.1057	1311.5716	5.1928	6
242.9	18.1055	1310.6278	5.1802	6
242.95	18.1048	1310.1772	5.1696	6
243	18.1048	1310.0419	5.1811	6
243.05	18.105	1309.6916	5.1855	6
243.1	18.1045	1310.4011	5.1894	6
243.15	18.1047	1310.2144	5.1879	6
243.2	18.105	1309.8463	5.1778	6
243.25	18.1046	1310.424	5.1754	6
243.3	18.1049	1310.0614	5.16	6
243.35	18.1051	1309.8727	5.1666	6
243.4	18.1048	1310.3696	5.1783	6
243.45	18.1048	1310.4263	5.1913	6
243.5	18.1049	1310.2056	5.1933	6
243.55	18.1046	1310.6241	5.2007	6
243.6	18.1047	1310.6433	5.1964	6
243.65	18.1049	1310.469	5.1866	6
243.7	18.1048	1310.6163	5.1874	6
243.75	18.1047	1310.9382	5.1926	6
243.8	18.1048	1310.9713	5.1941	6
243.85	18.1049	1310.7931	5.1989	6
243.9	18.1045	1311.3047	5.1853	6
243.95	18.1046	1311.19	5.1758	6
244	18.1047	1311.1973	5.1768	6
244.05	18.105	1310.9884	5.1703	6
244.1	18.105	1311.0101	5.185	6
244.15	18.1051	1310.9848	5.1937	6
244.2	18.1051	1311.0131	5.1835	6
244.25	18.105	1311.2034	5.1905	6
244.3	18.105	1311.0501	5.1836	6
244.35	18.1051	1310.9095	5.2016	6
244.4	18.1053	1310.8462	5.2008	6
244.45	18.1052	1311.1191	5.1965	6
244.5	18.1054	1310.6841	5.1884	6
244.55	18.106	1309.9258	5.1768	6
244.6	18.1053	1310.9347	5.1816	6
244.65	18.1053	1310.9017	5.1654	6
244.7	18.1056	1310.5414	5.1763	6
244.75	18.1057	1310.4833	5.168	6
244.8	18.1051	1311.2605	5.1613	6
244.85	18.1055	1311.0194	5.1741	6
244.9	18.106	1309.7227	5.1752	6
244.95	18.1045	1310.0032	5.1877	6
245	18.1042	1309.8072	5.1886	6
245.05	18.1047	1308.9009	5.1715	6
245.1	18.1041	1309.7923	5.1712	6
245.15	18.1038	1310.2543	5.1667	6
245.2	18.1044	1309.5135	5.17	6
245.25	18.1045	1309.4732	5.1623	6
245.3	18.104	1310.2203	5.1649	6
245.35	18.1041	1310.125	5.1629	6
245.4	18.1042	1310.0742	5.167	6
245.45	18.1038	1310.5288	5.176	6
245.5	18.1035	1310.9366	5.1665	6
245.55	18.1036	1310.9553	5.1587	6
245.6	18.1037	1310.9393	5.1622	6
245.65	18.1037	1311.1448	5.1636	6
245.7	18.1037	1311.354	5.1818	6
245.75	18.1037	1311.3237	5.1921	6
245.8	18.1038	1311.2302	5.178	6
245.85	18.1035	1311.7124	5.1781	6
245.9	18.1031	1312.2679	5.1744	6
245.95	18.1034	1311.7867	5.1665	6
246	18.1035	1311.7412	5.1643	6
246.05	18.1028	1312.5691	5.1802	6
246.1	18.1035	1311.7875	5.1814	6
246.15	18.1038	1311.2136	5.1785	6
246.2	18.1032	1312.3913	5.1815	6
246.25	18.1033	1312.3608	5.189	6
246.3	18.1041	1311.2809	5.1723	6
246.35	18.1036	1312.0882	5.1603	6
246.4	18.1034	1312.4464	5.1832	6
246.45	18.1041	1311.4999	5.192	6
246.5	18.1043	1311.3557	5.1871	6
246.55	18.1039	1311.9658	5.1666	6
246.6	18.1041	1311.7924	5.1554	6
246.65	18.1045	1311.1231	5.1648	6
246.7	18.1041	1311.8063	5.1624	6
246.75	18.1041	1311.9176	5.1639	6
246.8	18.1048	1311.1103	5.1606	6
246.85	18.1047	1311.3071	5.1706	6
246.9	18.1045	1311.4997	5.1793	6
246.95	18.1049	1311.061	5.1549	6
247	18.1049	1311.184	5.1623	6
247.05	18.1046	1311.5766	5.1482	6
247.1	18.1049	1311.4417	5.154	6
247.15	18.1049	1311.3075	5.1734	6
247.2	18.1048	1311.638	5.1605	6
247.25	18.1049	1311.2777	5.1471	6
247.3	18.1049	1311.2117	5.1654	6
247.35	18.1047	1311.4503	5.1681	6
247.4	18.1052	1310.9858	5.1645	6
247.45	18.105	1311.4093	5.1661	6
247.5	18.1049	1311.611	5.1551	6
247.55	18.1052	1311.0753	5.1446	6
247.6	18.1054	1311.0773	5.1456	6
247.65	18.105	1311.6287	5.1612	6
247.7	18.1056	1310.9831	5.1654	6
247.75	18.1057	1310.8713	5.158	6
247.8	18.1052	1311.5499	5.1545	6
247.85	18.1053	1311.597	5.1603	6
247.9	18.1057	1310.8909	5.1563	6
247.95	18.1047	1310.5561	5.1443	6
248	18.1043	1310.0778	5.1409	6
248.05	18.1045	1309.7189	5.1587	6
248.1	18.1046	1309.8512	5.1606	6
248.15	18.1043	1310.3496	5.1426	6
248.2	18.1046	1309.9927	5.1404	6
248.25	18.1046	1310.0066	5.1399	6
248.3	18.1042	1310.5323	5.1529	6
248.35	18.1044	1310.4103	5.1489	6
248.4	18.1048	1309.9527	5.1592	6
248.45	18.1047	1310.129	5.1803	6
248.5	18.1046	1310.3318	5.1805	6
248.55	18.1054	1309.4125	5.1903	6
248.6	18.1053	1309.5752	5.1926	6
248.65	18.1049	1310.2239	5.1993	6
248.7	18.1053	1309.6554	5.188	6
248.75	18.1056	1309.4514	5.1746	6
248.8	18.1051	1310.3404	5.1792	6
248.85	18.1057	1309.8038	5.1737	6
248.9	18.106	1309.4465	5.1934	6
248.95	18.1059	1309.7466	5.1899	6
249	18.106	1309.5029	5.1809	6
249.05	18.1064	1309.0313	5.1939	6
249.1	18.1063	1309.3349	5.1956	6
249.15	18.1064	1309.1186	5.1932	6
249.2	18.1068	1308.7434	5.1977	6
249.25	18.1066	1308.8943	5.1933	6
249.3	18.1067	1308.9526	5.1849	6
249.35	18.107	1308.4359	5.1836	6
249.4	18.1071	1308.3031	5.1816	6
249.45	18.1068	1308.7164	5.1861	6
249.5	18.1076	1307.7414	5.184	6
249.55	18.1075	1307.2008	5.1868	6
249.6	18.1065	1306.8001	5.1607	6
249.65	18.1069	1305.7425	5.1609	6
249.7	18.1074	1305.1711	5.1859	6
249.75	18.107	1305.8615	5.1803	6
249.8	18.1076	1305.1353	5.1649	6
249.85	18.1081	1304.3738	5.168	6
249.9	18.1078	1304.7837	5.1798	6
249.95	18.1079	1304.6078	5.176	6
250	18.1086	1303.7919	5.187	6
250.05	18.1084	1304.3585	5.1845	6
250.1	18.1087	1304.0621	5.1827	6
250.15	18.1091	1303.5022	5.1687	6
250.2	18.1091	1303.6603	5.166	6
250.25	18.1092	1303.5671	5.172	6
250.3	18.1096	1302.973	5.184	6
250.35	18.1094	1303.3146	5.1903	6
250.4	18.1093	1302.3334	5.1834	6
250.45	18.109	1301.2816	5.1799	6
250.5	18.1084	1301.9547	5.1771	6
250.55	18.1084	1302.046	5.181	6
250.6	18.1086	1301.5089	5.1667	6
250.65	18.1082	1302.0597	5.1377	6
250.7	18.1081	1302.2032	5.1473	6
250.75	18.1084	1301.9617	5.1615	6
250.8	18.1082	1302.3518	5.1656	6
250.85	18.108	1302.8204	5.166	6
250.9	18.108	1302.9929	5.1742	6
250.95	18.1081	1303.0056	5.1823	6
251	18.1076	1303.6061	5.1678	6
251.05	18.1076	1303.5613	5.1695	6
251.1	18.1078	1303.3298	5.184	6
251.15	18.1078	1303.4453	5.1735	6
251.2	18.1075	1303.8033	5.1627	6
251.25	18.1074	1302.8113	5.1675	6
251.3	18.1069	1301.828	5.1742	6
251.35	18.1062	1302.495	5.1661	6
251.4	18.1062	1302.3496	5.1651	6
251.45	18.1065	1301.8816	5.1599	6
251.5	18.1062	1302.6397	5.1552	6
251.55	18.1064	1302.4395	5.1682	6
251.6	18.1069	1301.6023	5.1877	6
251.65	18.1067	1302.051	5.1994	6
251.7	18.1069	1302.0081	5.1979	6
251.75	18.1074	1301.2654	5.2056	6
251.8	18.1073	1301.5383	5.2037	6
251.85	18.107	1302.0998	5.2093	6
251.9	18.1076	1301.187	5.2003	6
251.95	18.1076	1301.1203	5.1958	6
252	18.1074	1301.5331	5.1932	6
252.05	18.1074	1301.5866	5.1719	6
252.1	18.1073	1301.6255	5.1692	6
252.15	18.1072	1301.7871	5.1656	6
252.2	18.1068	1302.3325	5.1782	6
252.25	18.1066	1302.5316	5.1883	6
252.3	18.1067	1302.279	5.1851	6
252.35	18.1061	1301.7914	5.1862	6
252.4	18.105	1301.9221	5.1746	6
252.45	18.1051	1301.7909	5.1651	6
252.5	18.1052	1301.8056	5.1727	6
252.55	18.1044	1302.9835	5.1488	6
252.6	18.1045	1302.8407	5.1436	6
252.65	18.1051	1302.2025	5.1717	6
252.7	18.1046	1302.7667	5.1841	6
252.75	18.1045	1302.9005	5.1893	6
252.8	18.1049	1302.2929	5.1776	6
252.85	18.1049	1302.3643	5.1764	6
252.9	18.1043	1303.3832	5.1953	6
252.95	18.1048	1302.8724	5.193	6
253	18.1049	1302.5065	5.1802	6
253.05	18.1044	1303.3351	5.176	6
253.1	18.1047	1303.0884	5.1648	6
253.15	18.1052	1302.3281	5.1629	6
253.2	18.1048	1302.9811	5.176	6
253.25	18.1046	1303.3721	5.1807	6
253.3	18.105	1302.8947	5.1653	6
253.35	18.1049	1302.9057	5.1599	6
253.4	18.1042	1303.8573	5.1652	6
253.45	18.1047	1303.1887	5.1599	6
253.5	18.1052	1302.6185	5.1692	6
253.55	18.1046	1303.3676	5.166	6
253.6	18.1047	1303.2745	5.1561	6
253.65	18.1051	1302.788	5.1607	6
253.7	18.1045	1303.5487	5.1622	6
253.75	18.1038	1304.4847	5.1539	6
253.8	18.1046	1303.4863	5.1353	6
253.85	18.1046	1303.7229	5.137	6
253.9	18.1041	1304.8006	5.137	6
253.95	18.1048	1303.8947	5.1433	6
254	18.105	1303.6405	5.1449	6
254.05	18.1043	1304.5422	5.1382	6
254.1	18.1044	1304.4021	5.1413	6
254.15	18.1047	1304.141	5.1416	6
254.2	18.1045	1304.4745	5.1438	6
254.25	18.1045	1304.6083	5.1596	6
254.3	18.1048	1304.2116	5.162	6
254.35	18.105	1304.0543	5.1555	6
254.4	18.1047	1304.4401	5.1552	6
254.45	18.1049	1304.2216	5.1631	6
254.5	18.1048	1304.2231	5.1687	6
254.55	18.1047	1304.5712	5.1625	6
254.6	18.105	1304.343	5.1452	6
254.65	18.1051	1303.9517	5.1437	6
254.7	18.1045	1303.2404	5.1549	6
254.75	18.1043	1302.3373	5.1635	6
254.8	18.1042	1302.3384	5.162	6
254.85	18.104	1302.6905	5.1419	6
254.9	18.1041	1302.6106	5.1372	6
254.95	18.1043	1302.3261	5.1383	6
255	18.1042	1302.4791	5.148	6
255.05	18.1044	1302.3991	5.1557	6
255.1	18.1048	1302.0503	5.1644	6
255.15	18.1048	1301.9661	5.1645	6
255.2	18.1049	1301.9252	5.1419	6
255.25	18.1052	1301.667	5.1555	6
255.3	18.1052	1301.7069	5.1652	6
255.35	18.1052	1301.777	5.1497	6
255.4	18.1054	1301.4913	5.1445	6
255.45	18.1055	1301.4511	5.1477	6
255.5	18.1055	1301.4533	5.1486	6
255.55	18.1055	1301.4934	5.1489	6
255.6	18.1058	1300.9544	5.1345	6
255.65	18.1059	1301.0211	5.1307	6
255.7	18.106	1301.2994	5.1413	6
255.75	18.1063	1300.8947	5.1345	6
255.8	18.1062	1301.0094	5.1386	6
255.85	18.1059	1301.4765	5.1367	6
255.9	18.1058	1301.6299	5.1447	6
255.95	18.1061	1301.1682	5.1548	6
256	18.1058	1301.5711	5.1563	6
256.05	18.1058	1301.9227	5.1643	6
256.1	18.1062	1301.41	5.1589	6
256.15	18.1061	1301.4735	5.1515	6
256.2	18.1057	1302.2237	5.1576	6
256.25	18.1061	1301.866	5.1678	6
256.3	18.1061	1301.7011	5.1627	6
256.35	18.1056	1302.471	5.1684	6
256.4	18.1055	1302.6103	5.1656	6
256.45	18.1055	1301.6831	5.1666	6
256.5	18.1046	1301.4069	5.1652	6
256.55	18.1041	1301.8744	5.1675	6
256.6	18.1043	1301.7043	5.1562	6
256.65	18.1043	1301.8291	5.1438	6
256.7	18.1037	1302.8911	5.1464	6
256.75	18.1038	1302.9127	5.1546	6
256.8	18.1042	1302.417	5.161	6
256.85	18.1035	1303.4492	5.1433	6
256.9	18.1035	1303.6383	5.1482	6
256.95	18.1039	1303.0081	5.1654	6
257	18.1034	1303.8312	5.1626	6
257.05	18.1031	1304.2628	5.1498	6
257.1	18.1036	1303.5645	5.1584	6
257.15	18.1036	1303.6204	5.1538	6
257.2	18.1029	1304.6196	5.1581	6
257.25	18.1032	1304.0827	5.1534	6
257.3	18.1038	1303.3563	5.1578	6
257.35	18.103	1304.5211	5.17	6
257.4	18.1031	1304.3833	5.154	6
257.45	18.1037	1303.5995	5.132	6
257.5	18.1034	1304.2802	5.1272	6
257.55	18.1032	1304.506	5.1429	6
257.6	18.104	1303.5723	5.1675	6
257.65	18.104	1303.5941	5.1804	6
257.7	18.1037	1304.0672	5.1752	6
257.75	18.1044	1303.138	5.1771	6
257.8	18.1043	1303.3288	5.1722	6
257.85	18.1042	1303.5365	5.1672	6
257.9	18.1044	1303.1381	5.1629	6
257.95	18.1046	1303.1006	5.165	6
258	18.1045	1303.2557	5.1666	6
258.05	18.1045	1303.1005	5.1669	6
258.1	18.1046	1303.0665	5.1737	6
258.15	18.1046	1303.1965	5.1712	6
258.2	18.1047	1303.2246	5.1721	6
258.25	18.1049	1302.9941	5.1615	6
258.3	18.1049	1302.9809	5.1571	6
258.35	18.1052	1302.6969	5.1585	6
258.4	18.1056	1302.2014	5.1705	6
258.45	18.1054	1302.5431	5.1704	6
258.5	18.1057	1302.2611	5.1671	6
258.55	18.1061	1301.7673	5.1512	6
258.6	18.1059	1302.1627	5.1527	6
258.65	18.106	1302.2709	5.1601	6
258.7	18.1065	1301.749	5.156	6
258.75	18.1065	1301.729	5.1551	6
258.8	18.1062	1302.1481	5.1529	6
258.85	18.1065	1301.4665	5.1798	6
258.9	18.1068	1301.3195	5.186	6
258.95	18.1065	1301.8338	5.183	6
259	18.1066	1301.7085	5.1763	6
259.05	18.1065	1300.5097	5.166	6
259.1	18.1056	1300.2822	5.1918	6
259.15	18.1055	1300.2601	5.1931	6
259.2	18.1059	1299.7453	5.1745	6
259.25	18.1055	1300.2696	5.1748	6
259.3	18.1054	1300.489	5.1683	6
259.35	18.1055	1300.3792	5.175	6
259.4	18.1056	1300.3855	5.1817	6
259.45	18.1054	1300.907	5.1803	6
259.5	18.1055	1300.917	5.1843	6
259.55	18.1058	1300.6598	5.1728	6
259.6	18.1055	1300.9812	5.1883	6
259.65	18.1051	1301.5094	5.1883	6
259.7	18.1054	1301.3303	5.1734	6
259.75	18.1056	1301.1649	5.1643	6
259.8	18.105	1301.8522	5.1559	6
259.85	18.1049	1301.9614	5.1569	6
259.9	18.1054	1301.261	5.1675	6
259.95	18.1051	1301.6438	5.1562	6
260	18.105	1302.0869	5.1666	6
260.05	18.1053	1301.5971	5.1712	6
260.1	18.1055	1301.348	5.1824	6
260.15	18.1051	1301.9395	5.176	6
260.2	18.1054	1301.5313	5.1564	6
260.25	18.106	1300.8933	5.1552	6
260.3	18.1058	1301.0663	5.1524	6
260.35	18.1058	1301.3823	5.1654	6
260.4	18.1064	1300.6574	5.1838	6
260.45	18.1066	1300.6039	5.1644	6
260.5	18.1064	1301.0437	5.1762	6
260.55	18.1067	1300.59	5.1963	6
260.6	18.1068	1299.9343	5.1867	6
260.65	18.1061	1299.47	5.2004	6
260.7	18.1056	1298.9534	5.2055	6
260.75	18.1058	1298.4232	5.185	6
260.8	18.1057	1298.7208	5.1608	6
260.85	18.1055	1299.0866	5.154	6
260.9	18.1059	1298.5864	5.1653	6
260.95	18.1059	1298.5519	5.1735	6
261	18.1058	1298.9617	5.1901	6
261.05	18.106	1298.9432	5.1928	6
261.1	18.1064	1298.3196	5.1858	6
261.15	18.1062	1298.5795	5.1917	6
261.2	18.1063	1298.5771	5.1833	6
261.25	18.1065	1298.2672	5.1781	6
261.3	18.1066	1298.1086	5.1918	6
261.35	18.1064	1298.4191	5.1877	6
261.4	18.1064	1298.346	5.1839	6
261.45	18.107	1297.8661	5.1814	6
261.5	18.1071	1297.8878	5.1853	6
261.55	18.1068	1298.1384	5.2084	6
261.6	18.1072	1297.5733	5.1995	6
261.65	18.1075	1297.1627	5.202	6
261.7	18.1071	1297.7739	5.1971	6
261.75	18.1073	1297.657	5.1796	6
261.8	18.1079	1296.8434	5.1801	6
261.85	18.1072	1296.5236	5.1797	6
261.9	18.1065	1295.8061	5.1801	6
261.95	18.107	1294.8787	5.1777	6
262	18.1069	1295.1082	5.1919	6
262.05	18.1066	1295.7262	5.1853	6
262.1	18.1071	1295.0841	5.1914	6
262.15	18.1071	1295.1226	5.1877	6
262.2	18.107	1295.2942	5.1679	6
262.25	18.1069	1295.3725	5.1718	6
262.3	18.1073	1294.9912	5.1863	6
262.35	18.1073	1294.907	5.1833	6
262.4	18.1071	1295.1725	5.1961	6
262.45	18.1074	1294.7768	5.1942	6
262.5	18.1079	1294.312	5.1899	6
262.55	18.1075	1294.8897	5.194	6
262.6	18.1073	1295.2378	5.1819	6
262.65	18.1076	1294.8647	5.1758	6
262.7	18.1073	1295.2487	5.1783	6
262.75	18.107	1295.7288	5.1728	6
262.8	18.1073	1295.2446	5.1925	6
262.85	18.1074	1294.952	5.189	6
262.9	18.1067	1294.6831	5.1814	6
262.95	18.1065	1293.7486	5.1787	6
263	18.1066	1293.472	5.1702	6
263.05	18.1065	1293.7335	5.1655	6
263.1	18.1061	1294.2784	5.1525	6
263.15	18.1067	1293.2691	5.1588	6
263.2	18.1066	1293.3121	5.1608	6
263.25	18.1063	1294.071	5.1425	6
263.3	18.1067	1293.5501	5.1441	6
263.35	18.1071	1293.1386	5.1566	6
263.4	18.1066	1293.9422	5.1594	6
263.45	18.1069	1293.7577	5.1717	6
263.5	18.107	1293.4224	5.1712	6
263.55	18.107	1293.4625	5.1647	6
263.6	18.107	1293.4955	5.165	6
263.65	18.1071	1293.31	5.1558	6
263.7	18.1071	1293.3152	5.169	6
263.75	18.1069	1293.4696	5.1842	6
263.8	18.1068	1293.7322	5.1813	6
263.85	18.107	1293.5891	5.167	6
263.9	18.1073	1293.2747	5.1533	6
263.95	18.1069	1293.8377	5.1635	6
264	18.107	1293.1576	5.1608	6
264.05	18.1068	1291.5897	5.1595	7
264.1	18.1061	1291.8044	5.1597	7
264.15	18.1058	1292.2634	5.1555	7
264.2	18.1058	1292.3348	5.1546	7
264.25	18.1053	1291.2264	5.1625	7
264.3	18.0999	1282.1978	5.1776	7
264.35	18.0858	1257.0678	5.1915	7
264.4	18.0616	1216.5342	5.1866	7
264.45	18.0255	1163.5631	5.1829	7
264.5	17.9783	1097.0824	5.1872	7
264.55	17.9193	1018.1129	5.1966	7
264.6	17.8464	929.4953	5.2169	7
264.65	17.7597	830.4113	5.2076	7
264.7	17.6585	722.3265	5.1852	7
264.75	17.541	607.2514	5.1873	7
264.8	17.4056	487.9399	5.1873	8
264.85	17.2516	365.1492	5.1917	8
264.9	17.0776	240.83	5.1885	8
264.95	16.8818	117.1806	5.1859	8
265	16.6679	0.4113	5.1972	8
265.05	16.4559	-82.8653	5.1954	8
265.1	16.2587	-134.2474	5.2199	8
265.15	16.0651	-179.825	5.2289	8
265.2	15.87	-223.7416	5.2168	8
265.25	15.6706	-263.2864	5.2134	8
265.3	15.4666	-297.6497	5.215	8
265.35	15.2593	-328.7801	5.2126	8
265.4	15.0482	-355.4368	5.2118	8
265.45	14.8342	-378.2325	5.1966	8
265.5	14.6173	-398.9631	5.1995	8
265.55	14.3974	-417.1446	5.1962	8
265.6	14.175	-433.0865	5.2081	8
265.65	13.951	-447.4896	5.2181	8
265.7	13.7242	-459.0619	5.2122	8
265.75	13.4936	-466.5077	5.2033	8
265.8	13.2574	-467.3726	5.1968	8
265.85	13.0158	-461.9972	5.1951	8
265.9	12.7696	-450.956	5.1837	8
265.95	12.5208	-437.0752	5.1808	8
266	12.2704	-422.2844	5.1972	8
266.05	12.0189	-406.7327	5.207	8
266.1	11.7664	-390.3444	5.2063	8
266.15	11.5142	-375.2958	5.1936	8
266.2	11.2619	-361.2887	5.1954	8
266.25	11.009	-347.3624	5.2045	8
266.3	10.7562	-333.7254	5.2013	8
266.35	10.5026	-320.2269	5.204	8
266.4	10.2469	-305.0869	5.2124	8
266.45	9.9906	-289.6288	5.1963	8
266.5	9.7342	-274.6987	5.1931	8
266.55	9.4778	-260.6728	5.194	8
266.6	9.2205	-246.369	5.1725	8
266.65	8.9639	-233.9494	5.1767	8
266.7	8.7073	-222.5025	5.1869	8
266.75	8.4501	-210.9997	5.1963	8
266.8	8.1931	-200.2209	5.2004	8
266.85	7.937	-190.8493	5.2052	8
266.9	7.6804	-181.5819	5.2198	8
266.95	7.424	-173.8378	5.2199	8
267	7.1664	-165.0977	5.2112	8
267.05	6.9101	-157.6157	5.1958	8
267.1	6.6532	-149.7519	5.1922	8
267.15	6.3963	-143.6581	5.2067	8
267.2	6.1386	-137.203	5.2162	8
267.25	5.8812	-130.9723	5.2062	8
267.3	5.6241	-126.2189	5.2089	8
267.35	5.3663	-121.5668	5.2024	8
267.4	5.1081	-117.0614	5.203	8
267.45	4.8507	-113.8314	5.1835	8
267.5	4.5927	-110.1023	5.1836	8
267.55	4.3339	-106.032	5.1901	8
267.6	4.0751	-102.5561	5.1874	8
267.65	3.8153	-97.8762	5.2071	8
267.7	3.5557	-94.4718	5.2088	8
267.75	3.2959	-90.9698	5.2099	8
267.8	3.0365	-88.429	5.2118	8
267.85	2.7761	-84.9713	5.2086	8
267.9	2.5153	-81.0005	5.2098	8
267.95	2.2543	-77.2641	5.2114	8
268	1.9931	-73.7123	5.2089	8
268.05	1.7311	-69.2435	5.2119	8
268.1	1.47	-66.5875	5.2002	8
268.15	1.2076	-62.8661	5.1941	8
268.2	0.9466	-61.323	5.1876	8
268.25	0.6847	-58.5657	5.1762	8
268.3	0.4231	-56.6736	5.1738	8
268.35	0.1616	-55.1571	5.1632	8
268.4	-0.1002	-53.2135	5.1799	8
268.45	-0.3615	-52.0734	5.1955	8
268.5	-0.6243	-50.1712	5.1804	8
268.55	-0.8873	-47.6791	5.178	8
268.6	-1.1487	-46.2008	5.178	8
268.65	-1.4117	-43.4384	5.1899	8
268.7	-1.6748	-41.5439	5.1902	8
268.75	-1.938	-39.7988	5.1691	8
268.8	-2.2011	-37.7919	5.171	8
268.85	-2.463	-37.7886	5.1708	8
268.9	-2.726	-36.4918	5.1853	8
268.95	-2.9893	-35.499	5.1983	8
269	-3.2518	-35.6186	5.1814	8
269.05	-3.5154	-34.2349	5.1825	8
269.1	-3.7778	-34.189	5.1869	8
269.15	-4.0404	-33.8266	5.1915	8
269.2	-4.3037	-33.2	5.1925	8
269.25	-4.5661	-33.6296	5.1765	8
269.3	-4.8291	-32.6152	5.1693	8
269.35	-5.0909	-32.8234	5.1716	8
269.4	-5.3542	-32.1649	5.171	8
269.45	-5.6181	-30.8694	5.1831	8
269.5	-5.8804	-31.0245	5.1854	8
269.55	-6.1432	-30.6698	5.1987	8
269.6	-6.4066	-29.6723	5.192	8
269.65	-6.6689	-30.4304	5.1883	8
269.7	-6.9322	-30.1506	5.1945	8
269.75	-7.1958	-29.324	5.1922	8
269.8	-7.4582	-29.6095	5.1847	8
