Indentation

 + User defined profile

+ User defined profile
   Acquisition rate :	20.0 [Hz]
   Linear load 20.00  µN ; 100.00 µN/min
   Pause in load 2 s
   Linear load 0.00  µN ; 100.00 µN/min
   Pause in load 120 s
   Linear depth 16.00  µm ; 500.00 µm/min
   Pause in depth 120 s
   Linear depth 0.00  µm ; 1000.00 µm/min
+ TTX - UNHT Bio S/N: 1000136751 settings
   Fn contact : 25 µN
   Approach distance : 20 µm
   Approach speed : 100 µm/min
   Retract speed : 200 µm/min
   Retract time : 5 sec
   Dz sensor in large range
   Load in fine range
   FnRef in fine range
   FnRef contactload :500.000 µN
   Stiffness threshold : 1 µN/µm

   X Position :8779.40 µm
   Y Position :36704.57 µm
   Z Position :7456.63 µm

Date :6/9/2026
Time :12:48:46 PM

Analysis n # 1

   Method :	Hertz

Cycle # 1

 + Parameters

  Load Fit [10%,98%]

 + Main results

   EHz=	125.97 	kPa

 + Hypothesis


 + Additional results

   ErHz=	138.43 kPa
   h offset=	0.73 µm
   R2=	0.99

Cycle # 2

 + Parameters

  Load Fit [10%,98%]

 + Main results

   EHz=	1002 	kPa

 + Hypothesis


 + Additional results

   ErHz=	1101.14 kPa
   h offset=	2.42 µm
   R2=	0.98

Analysis n # 2

   Method :	Oliver & Pharr

Cycle # 1

 + Parameters

  Unload Fit [40%,98%]

 + Main results

   HIT=	2.2594 	kPa
   EIT=	191.77 	kPa
   E*=	210.74 	kPa

 + Hypothesis

   !!! Indenter not calibrated !!!
   m out of O&P hypothesis
   Poisson's ratio(nu)=	0.30 

 + Additional results

   HVIT=	0.00023031 	 Vickers
   RIT 2E-005/9/2=	-15.47 	%
   nIT=	65.22 %
   Fmax=	19.78 	µN
   hmax=	3.44 	µm
   S=	22.2473 	µN/µm
   F/S²=	0.0400 	µm²/µN
   hc=	2.79 	µm
   hr=	2.55 	µm
   hp=	-4.84 	µm
   m=	9.3113 
   Epsilon=	0.73 
   R2=	0.996
   Ap=	8753.09 	µm²
   Welast=	12.75 pJ
   Wplast=	6.80 pJ
   Wtotal=	19.55 pJ
   Er=	210.74 	kPa

Cycle # 2

 + Parameters

  Unload Fit [40%,98%]

 + Main results

   HIT=	22.035 	kPa
   EIT=	8284.7 	kPa
   E*=	9104.1 	kPa

 + Hypothesis

   !!! Indenter not calibrated !!!
   m out of O&P hypothesis
   Poisson's ratio(nu)=	0.30 

 + Additional results

   HVIT=	0.0022462 	 Vickers
   RIT 0.0011/2/120=	-250.47 	%
   nIT=	1.47 %
   Fmax=	1078.69 	µN
   hmax=	16.18 	µm
   S=	2272.8633 	µN/µm
   F/S²=	0.0002 	µm²/µN
   hc=	15.83 	µm
   hr=	15.70 	µm
   hp=	15.11 	µm
   m=	2.2547 
   Epsilon=	0.73 
   R2=	1.000
   Ap=	48953.31 	µm²
   Welast=	245.48 pJ
   Wplast=	16484.12 pJ
   Wtotal=	16729.60 pJ
   Er=	9103.9 	kPa

Measured values
Time (s)	Pd (µm)	Fn (µN)	FnRef (µN)	SegmentID

0	0	0	5.1349	0
0.05	0.0907	0.2252	5.1371	0
0.1	0.1816	0.0192	5.1349	0
0.15	0.2718	0.223	5.1208	0
0.2	0.3618	0.2478	5.1203	0
0.25	0.4516	0.4385	5.1279	0
0.3	0.5413	0.523	5.1124	0
0.35	0.6306	0.7937	5.1223	0
0.4	0.72	0.8885	5.1325	0
0.45	0.8094	0.9429	5.1257	0
0.5	0.8982	1.2434	5.113	0
0.55	0.9864	1.721	5.1265	0
0.6	1.0754	1.4589	5.1294	0
0.65	1.1633	2.4849	5.1296	1
0.7	1.2521	2.1479	5.1284	1
0.75	1.3402	2.7402	5.1274	1
0.8	1.4273	3.3021	5.116	1
0.85	1.5	3.6276	5.11	1
0.9	1.5413	2.8966	5.1291	1
0.95	1.5629	4.129	5.1358	1
1	1.5811	3.1217	5.1215	1
1.05	1.599	3.2824	5.1174	1
1.1	1.6145	3.6109	5.1193	1
1.15	1.629	3.7141	5.1266	1
1.2	1.6426	3.6642	5.1271	1
1.25	1.656	3.6034	5.1394	1
1.3	1.668	4.0018	5.1351	1
1.35	1.6803	3.6009	5.1112	1
1.4	1.6918	3.962	5.0974	1
1.45	1.7028	3.9505	5.1179	1
1.5	1.7138	3.6937	5.1332	1
1.55	1.7251	3.9718	5.1268	1
1.6	1.7344	4.3958	5.1289	1
1.65	1.7453	3.4552	5.1343	1
1.7	1.7551	4.6576	5.14	1
1.75	1.7646	3.7856	5.1361	1
1.8	1.7749	4.258	5.1296	1
1.85	1.7847	4.2324	5.1138	1
1.9	1.794	4.3986	5.1204	1
1.95	1.8033	4.4148	5.1306	1
2	1.8123	4.6317	5.1276	1
2.05	1.8213	4.537	5.126	1
2.1	1.8311	4.4407	5.1243	1
2.15	1.8402	4.6845	5.1152	1
2.2	1.8492	4.7679	5.1278	1
2.25	1.8583	4.5543	5.1346	1
2.3	1.8672	5.1086	5.1382	1
2.35	1.8763	4.3608	5.1344	1
2.4	1.885	5.4689	5.1149	1
2.45	1.8934	4.7985	5.1207	1
2.5	1.9027	4.9738	5.1276	1
2.55	1.9115	5.2342	5.1329	1
2.6	1.9203	5.0772	5.1452	1
2.65	1.9289	5.1951	5.1448	1
2.7	1.9379	5.3246	5.1463	1
2.75	1.9463	5.4274	5.1358	1
2.8	1.955	5.2942	5.1381	1
2.85	1.9637	5.4852	5.1297	1
2.9	1.9728	5.4709	5.1231	1
2.95	1.9812	5.7801	5.1274	1
3	1.9908	5.1975	5.131	1
3.05	1.9994	5.9931	5.1299	1
3.1	2.0078	5.6306	5.1259	1
3.15	2.0171	5.732	5.126	1
3.2	2.0261	5.641	5.1356	1
3.25	2.0347	6.1471	5.1394	1
3.3	2.044	5.5241	5.1346	1
3.35	2.0529	6.3277	5.1416	1
3.4	2.0618	5.9005	5.1374	1
3.45	2.0714	5.9574	5.1286	1
3.5	2.0798	6.4868	5.1209	1
3.55	2.0892	6.081	5.1529	1
3.6	2.0985	6.3346	5.1711	1
3.65	2.1078	6.4194	5.1743	1
3.7	2.1169	6.4335	5.1666	1
3.75	2.126	6.5621	5.1597	1
3.8	2.1346	6.7336	5.1434	1
3.85	2.1437	6.5228	5.1424	1
3.9	2.1528	6.9732	5.1387	1
3.95	2.1619	6.7043	5.1377	1
4	2.1708	7.0033	5.1506	1
4.05	2.1802	6.7314	5.1641	1
4.1	2.1896	7.2149	5.1544	1
4.15	2.1983	7.2615	5.1285	1
4.2	2.2078	7.2133	5.1447	1
4.25	2.2167	7.3372	5.1517	1
4.3	2.2253	7.6075	5.132	1
4.35	2.2347	7.0542	5.1377	1
4.4	2.244	7.8949	5.1257	1
4.45	2.2528	7.4772	5.1153	1
4.5	2.2626	7.6124	5.1251	1
4.55	2.2713	8.0397	5.1132	1
4.6	2.2806	7.4392	5.1209	1
4.65	2.2896	8.1536	5.1306	1
4.7	2.2987	7.9203	5.1308	1
4.75	2.3078	8.0897	5.1161	1
4.8	2.3172	8.0714	5.1144	1
4.85	2.3262	8.3899	5.1113	1
4.9	2.3358	8.0985	5.1271	1
4.95	2.3446	8.5532	5.1401	1
5	2.3535	8.4619	5.1359	1
5.05	2.3628	8.7228	5.1424	1
5.1	2.372	8.325	5.1604	1
5.15	2.3808	9.116	5.1529	1
5.2	2.3896	8.4963	5.1402	1
5.25	2.3994	8.6744	5.155	1
5.3	2.4086	9.0252	5.1631	1
5.35	2.4177	9.1107	5.1509	1
5.4	2.4271	8.789	5.1446	1
5.45	2.4365	9.2841	5.1333	1
5.5	2.4453	9.2407	5.1303	1
5.55	2.4553	9.1438	5.135	1
5.6	2.4648	9.3142	5.1358	1
5.65	2.4744	9.4334	5.1255	1
5.7	2.4834	9.5427	5.1322	1
5.75	2.4935	9.2869	5.1503	1
5.8	2.502	10.0559	5.1448	1
5.85	2.5113	9.3823	5.1291	1
5.9	2.5213	9.8128	5.143	1
5.95	2.5308	9.8192	5.1496	1
6	2.5402	10.1396	5.1596	1
6.05	2.5499	9.662	5.1613	1
6.1	2.5598	10.2149	5.1464	1
6.15	2.5692	10.0892	5.15	1
6.2	2.5785	10.588	5.1495	1
6.25	2.588	9.9725	5.1492	1
6.3	2.5978	10.6388	5.1518	1
6.35	2.6064	10.6634	5.1523	1
6.4	2.6167	10.3129	5.1508	1
6.45	2.6261	10.7621	5.1471	1
6.5	2.6349	10.9613	5.1397	1
6.55	2.6445	10.5394	5.1239	1
6.6	2.6548	10.8431	5.1173	1
6.65	2.6641	11.3017	5.1376	1
6.7	2.6736	10.9217	5.1403	1
6.75	2.6831	11.1374	5.1399	1
6.8	2.6928	11.4341	5.1415	1
6.85	2.7018	11.4475	5.1484	1
6.9	2.7118	11.0755	5.1441	1
6.95	2.7211	11.8135	5.1262	1
7	2.7302	11.6347	5.1322	1
7.05	2.7399	11.659	5.1446	1
7.1	2.749	11.9095	5.1467	1
7.15	2.7578	12.0945	5.1569	1
7.2	2.768	11.562	5.1561	1
7.25	2.7773	12.4047	5.1451	1
7.3	2.7862	12.0215	5.151	1
7.35	2.7956	12.498	5.1443	1
7.4	2.8047	12.0827	5.15	1
7.45	2.8139	12.758	5.1566	1
7.5	2.8227	12.5217	5.1501	1
7.55	2.8325	12.317	5.1488	1
7.6	2.8415	12.9896	5.1474	1
7.65	2.851	12.5462	5.1576	1
7.7	2.8602	12.9605	5.1564	1
7.75	2.869	13.1378	5.1614	1
7.8	2.8774	13.2703	5.1686	1
7.85	2.8871	12.8923	5.1571	1
7.9	2.8958	13.7236	5.1598	1
7.95	2.9046	13.1279	5.155	1
8	2.9138	13.4964	5.1511	1
8.05	2.923	13.3187	5.1289	1
8.1	2.9318	14.03	5.128	1
8.15	2.9406	13.5094	5.1555	1
8.2	2.9494	14.2014	5.1744	1
8.25	2.9581	13.7986	5.1671	1
8.3	2.9673	14.2138	5.1705	1
8.35	2.9763	14.0126	5.1723	1
8.4	2.9848	14.3164	5.1691	1
8.45	2.9931	14.3463	5.1688	1
8.5	3.0019	14.4478	5.175	1
8.55	3.0098	14.6499	5.1657	1
8.6	3.0187	14.4579	5.1571	1
8.65	3.0273	14.8138	5.1674	1
8.7	3.036	14.8058	5.1587	1
8.75	3.044	14.9901	5.1585	1
8.8	3.0532	14.8083	5.1582	1
8.85	3.0613	15.2731	5.1517	1
8.9	3.0697	15.2782	5.1523	1
8.95	3.078	15.3166	5.1409	1
9	3.0867	15.1815	5.1328	1
9.05	3.0943	15.8254	5.143	1
9.1	3.1027	15.2079	5.1439	1
9.15	3.1117	15.8082	5.1358	1
9.2	3.1197	15.7975	5.14	1
9.25	3.1277	15.9091	5.1266	1
9.3	3.1364	15.6235	5.1179	1
9.35	3.144	16.5772	5.1239	1
9.4	3.1522	15.6683	5.121	1
9.45	3.1606	16.4082	5.1185	1
9.5	3.1681	16.2501	5.121	1
9.55	3.1763	16.4976	5.1354	1
9.6	3.1845	16.2146	5.1449	1
9.65	3.1927	16.8242	5.1386	1
9.7	3.2002	16.7174	5.148	1
9.75	3.2085	16.6517	5.1337	1
9.8	3.2163	16.9419	5.1341	2
9.85	3.2241	17.1275	5.1409	2
9.9	3.2317	16.8466	5.1342	2
9.95	3.2403	17.0713	5.1361	2
10	3.2472	17.4759	5.148	2
10.05	3.255	17.1329	5.1435	2
10.1	3.262	17.6676	5.1427	2
10.15	3.2695	17.4411	5.1488	2
10.2	3.2761	17.8293	5.1479	2
10.25	3.2832	17.5087	5.1421	2
10.3	3.2896	18.0426	5.1415	2
10.35	3.296	17.7328	5.1294	2
10.4	3.3017	18.2625	5.1125	2
10.45	3.3075	17.869	5.1313	2
10.5	3.313	18.3904	5.1366	2
10.55	3.3185	17.9885	5.1282	2
10.6	3.3238	18.3304	5.1104	2
10.65	3.3293	18.133	5.0944	2
10.7	3.3342	18.7354	5.1205	2
10.75	3.3393	18.0658	5.1198	2
10.8	3.3445	18.732	5.1152	2
10.85	3.3488	18.4667	5.1491	2
10.9	3.3534	18.8638	5.1418	2
10.95	3.3574	18.5606	5.1197	2
11	3.3617	18.9394	5.1202	2
11.05	3.3656	18.5465	5.1248	2
11.1	3.3701	18.9124	5.1398	2
11.15	3.3734	18.9847	5.1401	2
11.2	3.3776	18.7533	5.1344	2
11.25	3.3807	19.2086	5.1369	2
11.3	3.3841	18.9953	5.1416	2
11.35	3.3874	19.1331	5.1257	2
11.4	3.3905	19.1501	5.1169	2
11.45	3.3928	19.3937	5.1189	2
11.5	3.3963	18.8818	5.1185	2
11.55	3.399	19.4062	5.1253	2
11.6	3.4016	19.3673	5.1364	2
11.65	3.4045	19.0645	5.1259	2
11.7	3.407	19.4697	5.1337	2
11.75	3.4086	19.6805	5.1338	2
11.8	3.4107	18.9799	5.1269	3
11.85	3.4136	19.7764	5.1329	3
11.9	3.4153	19.3089	5.1315	3
11.95	3.4176	19.5455	5.1315	3
12	3.4193	19.4396	5.1374	3
12.05	3.4213	19.5585	5.1241	3
12.1	3.4228	19.5751	5.1243	3
12.15	3.4245	19.4036	5.1229	3
12.2	3.4253	19.6084	5.1138	3
12.25	3.4266	19.4912	5.1337	3
12.3	3.4268	19.5927	5.1372	3
12.35	3.4273	19.4842	5.1327	3
12.4	3.4277	19.6299	5.1228	3
12.45	3.4286	19.3962	5.1111	3
12.5	3.4284	19.5827	5.1145	3
12.55	3.4284	19.3073	5.1174	3
12.6	3.4281	19.4884	5.127	3
12.65	3.4276	19.4315	5.1285	3
12.7	3.4269	19.3479	5.105	3
12.75	3.4264	19.3402	5.1211	3
12.8	3.4255	19.3516	5.1376	3
12.85	3.4247	19.2107	5.1349	3
12.9	3.4231	19.6196	5.1409	3
12.95	3.4217	18.9159	5.1356	3
13	3.4205	19.4559	5.1391	3
13.05	3.4188	19.1294	5.1372	3
13.1	3.417	19.2206	5.125	3
13.15	3.4155	18.7654	5.1269	3
13.2	3.4135	19.3534	5.1256	3
13.25	3.4109	19.149	5.124	3
13.3	3.4092	18.8076	5.1187	3
13.35	3.407	19.0775	5.1219	3
13.4	3.4047	18.9146	5.1256	3
13.45	3.4021	18.7848	5.133	3
13.5	3.3999	18.8208	5.1411	3
13.55	3.3961	19.0862	5.1306	3
13.6	3.3939	18.5529	5.1202	3
13.65	3.391	18.6173	5.0938	3
13.7	3.3882	18.6331	5.0871	3
13.75	3.385	18.4655	5.1028	3
13.8	3.3821	18.3608	5.104	3
13.85	3.3784	18.6623	5.1179	3
13.9	3.375	18.2115	5.1204	3
13.95	3.3722	18.4123	5.1235	3
14	3.3688	18.1431	5.1449	3
14.05	3.3655	18.4444	5.1344	3
14.1	3.362	18.022	5.1222	3
14.15	3.3586	17.9085	5.1332	3
14.2	3.3554	18.0859	5.1234	3
14.25	3.3518	17.751	5.1359	3
14.3	3.3482	18.0897	5.1484	3
14.35	3.3444	17.6508	5.1552	3
14.4	3.3402	18.1388	5.1593	3
14.45	3.336	17.5111	5.1397	3
14.5	3.3321	17.6877	5.1363	3
14.55	3.3285	17.4688	5.1596	3
14.6	3.3247	17.3974	5.1657	3
14.65	3.3209	17.5581	5.1636	3
14.7	3.3167	17.0995	5.162	3
14.75	3.3125	17.4773	5.1516	3
14.8	3.3085	16.9217	5.1495	3
14.85	3.3041	17.3237	5.1487	3
14.9	3.3	16.9896	5.1608	3
14.95	3.2957	16.7967	5.1517	3
15	3.2917	16.8814	5.1296	3
15.05	3.288	16.6636	5.1262	3
15.1	3.2833	16.8216	5.1345	3
15.15	3.2797	16.4381	5.1466	3
15.2	3.2748	16.5918	5.1343	3
15.25	3.2707	16.4918	5.131	3
15.3	3.2663	16.2919	5.1418	3
15.35	3.2626	16.0726	5.1377	3
15.4	3.2583	16.4327	5.1369	3
15.45	3.2535	16.0708	5.144	3
15.5	3.2488	16.1373	5.1407	3
15.55	3.2449	15.7824	5.1473	3
15.6	3.2402	16.1569	5.1444	3
15.65	3.2358	15.4406	5.1469	3
15.7	3.2316	15.9343	5.1469	3
15.75	3.2272	15.3802	5.1164	3
15.8	3.2229	15.6416	5.1181	3
15.85	3.2188	15.3612	5.1339	3
15.9	3.2139	15.5031	5.1286	3
15.95	3.2098	15.0155	5.1313	3
16	3.2059	15.0026	5.1303	3
16.05	3.2015	15.0788	5.1231	3
16.1	3.1976	14.8045	5.1056	3
16.15	3.194	14.5421	5.1086	3
16.2	3.1901	14.7979	5.1133	3
16.25	3.1859	14.4636	5.1029	3
16.3	3.1813	14.7776	5.1088	3
16.35	3.1775	14.2612	5.1167	3
16.4	3.1735	14.3996	5.1005	3
16.45	3.1696	14.2462	5.1014	3
16.5	3.1659	14.1421	5.1008	3
16.55	3.1622	14.0514	5.0962	3
16.6	3.1578	14.3593	5.0939	3
16.65	3.1535	13.6282	5.0884	3
16.7	3.1495	14.0373	5.1079	3
16.75	3.1447	13.9839	5.1148	3
16.8	3.1408	13.5172	5.1088	3
16.85	3.1362	13.8268	5.1154	3
16.9	3.132	13.5623	5.1229	3
16.95	3.1274	13.6402	5.1286	3
17	3.1235	13.2696	5.1183	3
17.05	3.119	13.5795	5.1174	3
17.1	3.1149	13.1699	5.111	3
17.15	3.1098	13.6772	5.1127	3
17.2	3.1055	12.982	5.1221	3
17.25	3.1008	13.6108	5.1203	3
17.3	3.0956	13.0436	5.1068	3
17.35	3.0909	13.2552	5.1127	3
17.4	3.086	13.0362	5.1196	3
17.45	3.0801	13.6071	5.1185	3
17.5	3.075	12.7491	5.1193	3
17.55	3.0699	12.9558	5.1182	3
17.6	3.0648	12.7521	5.1154	3
17.65	3.0597	12.7072	5.11	3
17.7	3.054	12.8528	5.1142	3
17.75	3.0486	12.6244	5.1078	3
17.8	3.0428	12.6518	5.1185	3
17.85	3.0375	12.6528	5.1302	3
17.9	3.0321	12.4471	5.1267	3
17.95	3.026	12.6947	5.1279	3
18	3.0201	12.1126	5.1168	3
18.05	3.0148	12.5196	5.101	3
18.1	3.0085	12.3451	5.0988	3
18.15	3.0024	12.3372	5.1032	3
18.2	2.9964	12.0197	5.1074	3
18.25	2.9906	12.0728	5.1183	3
18.3	2.9847	11.9426	5.1107	3
18.35	2.9788	11.8777	5.1093	3
18.4	2.9723	12.2295	5.097	3
18.45	2.9659	11.686	5.0795	3
18.5	2.9601	11.5326	5.085	3
18.55	2.9548	11.5068	5.0962	3
18.6	2.9485	11.4559	5.1054	3
18.65	2.9435	11.0655	5.104	3
18.7	2.9375	11.1765	5.0927	3
18.75	2.9323	10.9446	5.1093	3
18.8	2.9272	10.915	5.0939	3
18.85	2.9213	11.0553	5.0944	3
18.9	2.9156	10.7167	5.1047	3
18.95	2.9101	10.6068	5.1043	3
19	2.9049	10.4473	5.0986	3
19.05	2.8996	10.4315	5.0933	3
19.1	2.8945	10.3444	5.1054	3
19.15	2.8887	10.5313	5.1241	3
19.2	2.8837	9.8893	5.1328	3
19.25	2.8783	10.2781	5.1287	3
19.3	2.8725	10.2346	5.1211	3
19.35	2.8676	9.6271	5.1035	3
19.4	2.8618	10.3229	5.1129	3
19.45	2.8563	9.7734	5.138	3
19.5	2.8504	9.9223	5.1294	3
19.55	2.8447	9.6529	5.1354	3
19.6	2.839	9.7578	5.146	3
19.65	2.8331	9.5745	5.129	3
19.7	2.8281	9.4514	5.1033	3
19.75	2.8224	9.4181	5.0991	3
19.8	2.8162	9.7762	5.1039	3
19.85	2.8106	8.8491	5.1042	3
19.9	2.8053	9.3456	5.1074	3
19.95	2.7985	9.4658	5.1051	3
20	2.7925	8.9964	5.1017	3
20.05	2.7869	8.9809	5.1031	3
20.1	2.7806	9.2747	5.1004	3
20.15	2.7738	8.9612	5.0953	3
20.2	2.7688	8.489	5.1	3
20.25	2.7623	9.3353	5.0947	3
20.3	2.7557	8.7453	5.0906	3
20.35	2.7498	8.5618	5.0876	3
20.4	2.7434	8.7313	5.0938	3
20.45	2.7364	8.7631	5.0965	3
20.5	2.7299	8.4818	5.096	3
20.55	2.7229	8.784	5.1	3
20.6	2.7162	8.3333	5.118	3
20.65	2.7097	8.6269	5.1343	3
20.7	2.7026	8.2186	5.1358	3
20.75	2.6953	8.4515	5.1179	3
20.8	2.6883	8.1691	5.1093	3
20.85	2.6808	8.3761	5.1086	3
20.9	2.6738	7.8124	5.1068	3
20.95	2.6667	8.5662	5.1026	3
21	2.6585	7.932	5.1155	3
21.05	2.6516	7.9538	5.1113	3
21.1	2.6449	7.8238	5.1063	3
21.15	2.637	8.2312	5.1098	3
21.2	2.6291	7.728	5.1086	3
21.25	2.6219	7.5101	5.0967	3
21.3	2.6144	7.7212	5.0987	3
21.35	2.6065	7.6867	5.0907	3
21.4	2.5991	7.2946	5.0902	3
21.45	2.5919	7.6823	5.0751	3
21.5	2.5831	7.6885	5.0921	3
21.55	2.576	7.0041	5.1078	3
21.6	2.5679	7.5797	5.0998	3
21.65	2.5601	7.1056	5.0907	3
21.7	2.5517	7.3767	5.0822	3
21.75	2.5438	7.0024	5.086	3
21.8	2.5351	7.5871	5.1048	3
21.85	2.5267	6.9825	5.0982	3
21.9	2.5187	6.9206	5.0926	3
21.95	2.5104	7.0745	5.0876	3
22	2.5019	6.9711	5.097	3
22.05	2.4938	6.4805	5.1222	3
22.1	2.4853	7.0049	5.1058	3
22.15	2.4762	6.5925	5.0985	3
22.2	2.468	6.8002	5.097	3
22.25	2.459	6.3806	5.0888	3
22.3	2.4505	6.7076	5.1032	3
22.35	2.4417	6.2737	5.0916	3
22.4	2.4333	6.2174	5.0854	3
22.45	2.4246	6.1806	5.0926	3
22.5	2.4157	6.229	5.0794	3
22.55	2.4073	5.8852	5.0817	3
22.6	2.3989	6.05	5.0648	3
22.65	2.3897	6.0053	5.0747	3
22.7	2.3811	5.8819	5.0875	3
22.75	2.372	5.8858	5.0837	3
22.8	2.3632	5.5934	5.0916	3
22.85	2.3536	6.2967	5.09	3
22.9	2.344	5.3855	5.0797	3
22.95	2.3349	5.9193	5.0865	3
23	2.3258	5.4535	5.101	3
23.05	2.3164	5.663	5.1119	3
23.1	2.3077	5.0291	5.1118	3
23.15	2.2984	5.4255	5.0974	3
23.2	2.2888	5.3294	5.092	3
23.25	2.2791	5.311	5.0997	3
23.3	2.2697	5.1259	5.104	3
23.35	2.2597	5.4636	5.0926	3
23.4	2.2501	4.8011	5.0817	3
23.45	2.2408	5.1669	5.0937	3
23.5	2.2307	4.7459	5.088	3
23.55	2.2209	5.1574	5.089	3
23.6	2.2111	4.5209	5.0905	3
23.65	2.2009	5.0782	5.0829	3
23.7	2.1906	4.585	5.087	3
23.75	2.1808	4.8068	5.0852	3
23.8	2.1706	4.5582	5.0921	4
23.85	2.1603	4.6529	5.1104	4
23.9	2.1495	4.4788	5.1025	4
23.95	2.1394	4.4783	5.1	4
24	2.1288	4.4956	5.0943	4
24.05	2.1187	4.0721	5.0785	4
24.1	2.1081	4.5062	5.0847	4
24.15	2.0986	3.9108	5.0831	4
24.2	2.0887	4.4323	5.0812	4
24.25	2.0784	4.0768	5.0868	4
24.3	2.069	4.0197	5.0944	4
24.35	2.0595	3.8095	5.1139	4
24.4	2.0498	4.2345	5.0993	4
24.45	2.0411	3.3247	5.1099	4
24.5	2.0321	4.305	5.1088	4
24.55	2.0224	3.5907	5.0934	4
24.6	2.0135	3.7952	5.0964	4
24.65	2.004	3.7759	5.0952	4
24.7	1.9961	3.4223	5.0845	4
24.75	1.9869	3.8131	5.0878	4
24.8	1.9782	3.3643	5.0934	4
24.85	1.9691	3.6111	5.0965	4
24.9	1.9601	3.8335	5.1065	4
24.95	1.9522	2.9022	5.1072	4
25	1.9446	3.5323	5.1039	4
25.05	1.9354	3.5957	5.0899	4
25.1	1.9274	2.9768	5.0893	4
25.15	1.9195	3.4057	5.1085	4
25.2	1.9109	3.3084	5.1049	4
25.25	1.9031	3.148	5.0905	4
25.3	1.8955	3.1185	5.1125	4
25.35	1.8875	3.2846	5.1308	4
25.4	1.8804	2.76	5.1257	4
25.45	1.8728	3.0942	5.115	4
25.5	1.866	2.753	5.1177	4
25.55	1.8579	3.3028	5.1168	4
25.6	1.8506	2.6554	5.1167	4
25.65	1.8437	3.0035	5.1035	4
25.7	1.836	2.972	5.0993	4
25.75	1.8289	2.794	5.1096	4
25.8	1.8217	2.6608	5.1103	4
25.85	1.8147	2.9744	5.1119	4
25.9	1.8079	2.5995	5.1034	4
25.95	1.8012	2.8627	5.0977	4
26	1.7943	2.5371	5.1035	4
26.05	1.7876	2.7172	5.0841	4
26.1	1.7807	2.6302	5.0877	4
26.15	1.7744	2.433	5.0968	4
26.2	1.7672	2.7593	5.1008	4
26.25	1.7607	2.4879	5.1091	4
26.3	1.7544	2.3463	5.1197	4
26.35	1.748	2.6768	5.1109	4
26.4	1.742	2.1262	5.0889	4
26.45	1.7363	2.5635	5.0847	4
26.5	1.73	2.3717	5.0971	4
26.55	1.7243	2.2291	5.094	4
26.6	1.7184	2.3603	5.0985	4
26.65	1.7127	2.0882	5.112	4
26.7	1.7074	2.1077	5.1054	4
26.75	1.7015	2.3403	5.0969	4
26.8	1.6956	2.1128	5.1062	4
26.85	1.6904	1.9874	5.1206	4
26.9	1.6847	2.4217	5.1234	4
26.95	1.6788	2.0633	5.1088	4
27	1.6731	1.9503	5.1011	4
27.05	1.6679	1.9693	5.1032	4
27.1	1.6627	2.135	5.1144	4
27.15	1.658	1.6631	5.1128	4
27.2	1.6525	2.1183	5.0991	4
27.25	1.6479	1.5684	5.0957	4
27.3	1.6428	2.1424	5.1041	4
27.35	1.6382	1.4975	5.1058	4
27.4	1.6328	2.1342	5.1177	4
27.45	1.6276	1.6974	5.1117	4
27.5	1.6234	1.5089	5.1009	4
27.55	1.6179	2.1008	5.0908	4
27.6	1.6128	1.7855	5.0787	4
27.65	1.609	1.3258	5.0838	4
27.7	1.6041	2.1705	5.0883	4
27.75	1.598	1.7415	5.0923	4
27.8	1.5944	1.5262	5.1006	4
27.85	1.5892	1.9074	5.0954	4
27.9	1.5847	1.6751	5.0925	4
27.95	1.5798	1.7648	5.1035	4
28	1.5758	1.3817	5.11	4
28.05	1.5714	1.673	5.1096	4
28.1	1.567	1.5058	5.1123	4
28.15	1.5638	1.1752	5.1184	4
28.2	1.5599	1.6159	5.1085	4
28.25	1.5556	1.4179	5.0918	4
28.3	1.5522	1.0469	5.0893	4
28.35	1.5479	1.661	5.0939	4
28.4	1.5441	0.945	5.1013	4
28.45	1.5409	1.1707	5.0848	4
28.5	1.5369	1.4012	5.0849	4
28.55	1.5333	1.2149	5.105	4
28.6	1.5301	1.1131	5.1003	4
28.65	1.5263	1.3241	5.1041	4
28.7	1.5223	1.3159	5.1119	4
28.75	1.5189	0.9457	5.1053	4
28.8	1.5154	1.2888	5.1011	4
28.85	1.5117	1.3927	5.0823	4
28.9	1.5084	0.8782	5.0947	4
28.95	1.5054	1.1882	5.1003	4
29	1.5013	1.2764	5.0977	4
29.05	1.4979	1.1176	5.098	4
29.1	1.4955	0.6508	5.1053	4
29.15	1.4923	1.4602	5.1294	4
29.2	1.4883	1.1032	5.1318	4
29.25	1.4855	0.8465	5.1336	4
29.3	1.4824	1.1271	5.1392	4
29.35	1.479	1.0687	5.1234	4
29.4	1.4757	0.9663	5.0942	4
29.45	1.4729	0.9414	5.0991	4
29.5	1.4698	1.0002	5.1079	4
29.55	1.467	1.0568	5.1198	4
29.6	1.464	1.0072	5.0977	4
29.65	1.4607	0.9482	5.0957	4
29.7	1.4577	1.0054	5.0962	4
29.75	1.4554	0.6763	5.0931	4
29.8	1.4521	1.3686	5.0929	4
29.85	1.449	0.5843	5.0897	4
29.9	1.4461	1.0648	5.0932	4
29.95	1.4431	0.9022	5.0926	4
30	1.4404	0.8737	5.0924	4
30.05	1.438	0.7733	5.0798	4
30.1	1.4352	0.7817	5.0705	4
30.15	1.4329	0.5851	5.0758	4
30.2	1.4308	0.5695	5.0756	4
30.25	1.4289	0.5801	5.0741	4
30.3	1.4269	0.5675	5.0745	4
30.35	1.4255	0.1188	5.0847	4
30.4	1.4242	0.4572	5.0725	4
30.45	1.4229	0.2336	5.0591	4
30.5	1.4211	0.6018	5.0654	4
30.55	1.4193	0.2912	5.0678	4
30.6	1.4172	0.8885	5.0851	4
30.65	1.4151	0.4463	5.0893	4
30.7	1.413	0.7209	5.0903	4
30.75	1.4105	0.6762	5.0762	4
30.8	1.4083	0.6793	5.0583	4
30.85	1.4053	0.8375	5.0634	4
30.9	1.4031	0.5473	5.0708	4
30.95	1.4005	0.8693	5.0961	4
31	1.3979	0.7294	5.1081	4
31.05	1.3958	0.3815	5.0946	4
31.1	1.3937	0.9057	5.0921	4
31.15	1.3912	0.8205	5.0919	4
31.2	1.3891	0.4647	5.0935	4
31.25	1.3866	0.9949	5.0985	4
31.3	1.3838	0.7024	5.1045	4
31.35	1.3813	0.6656	5.0885	4
31.4	1.3797	0.5776	5.0831	4
31.45	1.3769	0.9592	5.0853	4
31.5	1.3742	0.8294	5.0925	4
31.55	1.3719	0.5012	5.0953	4
31.6	1.3695	1.1154	5.0992	4
31.65	1.3666	0.6972	5.0974	4
31.7	1.3644	0.6162	5.1188	4
31.75	1.362	0.9219	5.13	4
31.8	1.3593	0.6064	5.105	4
31.85	1.3568	1.0173	5.0978	4
31.9	1.3544	0.5779	5.0939	4
31.95	1.3519	0.9472	5.0828	4
32	1.3493	0.6713	5.0803	4
32.05	1.3463	0.9708	5.0834	4
32.1	1.344	0.5002	5.0926	4
32.15	1.3411	0.9473	5.0948	4
32.2	1.3387	0.8455	5.0849	4
32.25	1.3367	0.6342	5.0653	4
32.3	1.3335	1.0939	5.0826	4
32.35	1.3308	0.7952	5.1009	4
32.4	1.3278	0.7831	5.0921	4
32.45	1.3261	0.5691	5.0905	4
32.5	1.3234	0.948	5.0996	4
32.55	1.3206	0.9135	5.0762	4
32.6	1.3184	0.5121	5.0779	4
32.65	1.316	1.028	5.0909	4
32.7	1.3126	0.9171	5.09	4
32.75	1.31	0.7345	5.091	4
32.8	1.3071	1.077	5.0726	4
32.85	1.3042	0.6844	5.0607	4
32.9	1.3014	1.1611	5.0774	4
32.95	1.2992	0.3945	5.0829	4
33	1.2962	1.2815	5.0855	4
33.05	1.2934	0.5794	5.075	4
33.1	1.2911	0.8893	5.0843	4
33.15	1.2881	0.9481	5.0925	4
33.2	1.2854	0.8482	5.0712	4
33.25	1.2833	0.7017	5.0758	4
33.3	1.2804	1.0249	5.0908	4
33.35	1.2776	0.7231	5.0858	4
33.4	1.2751	0.9285	5.0872	4
33.45	1.2721	0.8923	5.091	4
33.5	1.2695	0.6644	5.0966	4
33.55	1.2668	1.0025	5.1002	4
33.6	1.2645	0.6794	5.0907	4
33.65	1.2617	0.9372	5.0881	4
33.7	1.2587	0.8508	5.0876	4
33.75	1.2557	0.6996	5.0817	4
33.8	1.2535	0.8157	5.0824	4
33.85	1.2502	1.0072	5.0963	4
33.9	1.248	0.6435	5.0866	4
33.95	1.2456	0.7319	5.0617	4
34	1.2433	0.9423	5.0795	4
34.05	1.2407	0.5958	5.0766	4
34.1	1.2384	0.6131	5.0695	4
34.15	1.2357	0.953	5.0793	4
34.2	1.2333	0.5301	5.0646	4
34.25	1.231	0.8878	5.0772	4
34.3	1.2283	0.4888	5.0906	4
34.35	1.226	0.8842	5.0771	4
34.4	1.2237	0.4489	5.0755	4
34.45	1.2211	0.8611	5.078	4
34.5	1.2193	0.3308	5.0886	4
34.55	1.2169	0.7467	5.1023	4
34.6	1.2148	0.6041	5.0948	4
34.65	1.2123	0.7683	5.0835	4
34.7	1.2102	0.5282	5.0829	4
34.75	1.2083	0.5897	5.1036	4
34.8	1.2056	0.8639	5.1119	4
34.85	1.2043	0.0548	5.0987	4
34.9	1.2023	0.807	5.1145	4
34.95	1.2001	0.531	5.1241	4
35	1.1986	0.2543	5.1351	4
35.05	1.1967	0.6456	5.1308	4
35.1	1.1945	0.4361	5.1119	4
35.15	1.1928	0.282	5.1087	4
35.2	1.1911	0.6091	5.1027	4
35.25	1.1893	0.3036	5.1049	4
35.3	1.188	0.2362	5.0885	4
35.35	1.1871	0.1654	5.0804	4
35.4	1.184	1.1791	5.0933	4
35.45	1.1835	-0.6815	5.0978	4
35.5	1.1823	0.5999	5.0979	4
35.55	1.1804	0.6204	5.1009	4
35.6	1.1786	0.0095	5.1041	4
35.65	1.1784	-0.1927	5.0985	4
35.7	1.1766	0.7812	5.0917	4
35.75	1.1742	0.1385	5.0907	4
35.8	1.1742	-0.0225	5.0913	4
35.85	1.1723	0.364	5.0859	4
35.9	1.1702	0.5139	5.081	4
35.95	1.1706	-0.8593	5.0844	4
36	1.1693	0.7955	5.0965	4
36.05	1.1671	0.374	5.0986	4
36.1	1.1671	-0.689	5.0825	4
36.15	1.166	0.5463	5.0921	4
36.2	1.1641	0.3561	5.0895	4
36.25	1.1631	-0.1651	5.0949	4
36.3	1.1632	-0.0273	5.1027	4
36.35	1.1616	0.2772	5.1056	4
36.4	1.1602	0.082	5.1012	4
36.45	1.1598	-0.3276	5.1009	4
36.5	1.1585	0.3499	5.1	4
36.55	1.1573	0.0562	5.0972	4
36.6	1.1573	-0.3335	5.101	4
36.65	1.1564	-0.0126	5.1211	4
36.7	1.1554	0.2429	5.1179	4
36.75	1.1545	-0.293	5.1003	4
36.8	1.1541	-0.0293	5.1159	4
36.85	1.1531	0.2186	5.1291	4
36.9	1.1521	-0.236	5.1185	4
36.95	1.1523	-0.5382	5.1118	4
37	1.1514	0.3294	5.1158	4
37.05	1.1506	-0.3565	5.1402	4
37.1	1.1508	-0.2925	5.1302	4
37.15	1.1496	0.2227	5.1027	4
37.2	1.1494	-0.3998	5.1127	4
37.25	1.1488	-0.0466	5.1289	4
37.3	1.1482	-0.2107	5.1264	4
37.35	1.1477	-0.2642	5.1244	4
37.4	1.1473	-0.0241	5.1098	4
37.45	1.1468	-0.3022	5.1172	4
37.5	1.1468	-0.1552	5.1154	4
37.55	1.1464	-0.2439	5.102	4
37.6	1.1463	-0.2715	5.0958	4
37.65	1.146	-0.3064	5.095	4
37.7	1.1455	-0.0343	5.1123	4
37.75	1.145	-0.2682	5.1277	4
37.8	1.1448	-0.3558	5.1308	4
37.85	1.1445	-0.0405	5.1466	4
37.9	1.1439	-0.3521	5.1458	4
37.95	1.1442	-0.1963	5.1262	4
38	1.1438	-0.1405	5.1122	4
38.05	1.1432	-0.1018	5.1195	4
38.1	1.1428	-0.2593	5.1329	4
38.15	1.1423	-0.2227	5.131	4
38.2	1.142	-0.3228	5.1276	4
38.25	1.1418	-0.0081	5.1248	4
38.3	1.1411	-0.3293	5.1172	4
38.35	1.1412	-0.257	5.1218	4
38.4	1.1402	0.0524	5.1099	4
38.45	1.1395	-0.0704	5.1309	4
38.5	1.1394	-0.3742	5.1399	4
38.55	1.139	0.0742	5.1219	4
38.6	1.1379	-0.1812	5.1365	4
38.65	1.1381	-0.5171	5.1302	4
38.7	1.1375	0.0646	5.1241	4
38.75	1.137	-0.1329	5.1126	4
38.8	1.1369	-0.3693	5.0997	4
38.85	1.1365	0.1691	5.1135	4
38.9	1.1353	0.0538	5.1375	4
38.95	1.1347	-0.2331	5.1398	4
39	1.1339	0.0186	5.1484	4
39.05	1.1331	-0.1916	5.1318	4
39.1	1.1329	-0.3005	5.1198	4
39.15	1.1324	0.1215	5.1106	4
39.2	1.1316	-0.1413	5.1263	4
39.25	1.1315	-0.1815	5.133	4
39.3	1.1307	0.1726	5.1261	4
39.35	1.1301	-0.5088	5.1279	4
39.4	1.1301	0.0216	5.1267	4
39.45	1.1289	-0.0092	5.1083	4
39.5	1.1284	-0.1501	5.1217	4
39.55	1.1278	-0.1355	5.1295	4
39.6	1.1269	0.1402	5.1278	4
39.65	1.1268	-0.3839	5.1201	4
39.7	1.1263	-0.0394	5.1099	4
39.75	1.1254	0.1243	5.1211	4
39.8	1.1251	-0.5072	5.1183	4
39.85	1.1248	0.1532	5.1206	4
39.9	1.1242	-0.0599	5.1174	4
39.95	1.1242	-0.3227	5.1168	4
40	1.1235	0.1826	5.1202	4
40.05	1.1229	-0.3891	5.116	4
40.1	1.1226	0.1379	5.1274	4
40.15	1.1216	-0.1039	5.1382	4
40.2	1.1213	-0.2403	5.1385	4
40.25	1.1207	-0.0011	5.1266	4
40.3	1.12	-0.1971	5.1234	4
40.35	1.1198	-0.3321	5.1371	4
40.4	1.1197	-0.1947	5.1354	4
40.45	1.1188	-0.0675	5.1317	4
40.5	1.1186	-0.4629	5.1405	4
40.55	1.1181	-0.0036	5.1218	4
40.6	1.1178	-0.2013	5.1089	4
40.65	1.1177	-0.3336	5.0975	4
40.7	1.1174	0.0443	5.0946	4
40.75	1.1168	-0.3648	5.1212	4
40.8	1.1172	-0.4006	5.1312	4
40.85	1.1167	0.0403	5.1084	4
40.9	1.1165	-0.5337	5.1148	4
40.95	1.1168	-0.1012	5.1159	4
41	1.1162	-0.3656	5.1262	4
41.05	1.1161	-0.1984	5.1242	4
41.1	1.116	-0.4387	5.1178	4
41.15	1.1154	0.065	5.1136	4
41.2	1.1147	-0.3443	5.0988	4
41.25	1.1154	-0.6792	5.1069	4
41.3	1.1148	0.0971	5.1	4
41.35	1.1144	-0.4893	5.0879	4
41.4	1.1154	-0.5521	5.0997	4
41.45	1.1159	-0.2582	5.1114	4
41.5	1.1147	0.0188	5.1062	4
41.55	1.1146	-0.5974	5.1	4
41.6	1.1149	-0.514	5.1016	4
41.65	1.1142	0.0928	5.1154	4
41.7	1.1137	-0.4878	5.1069	4
41.75	1.1144	-0.4967	5.1167	4
41.8	1.1139	0.0158	5.1252	4
41.85	1.1138	-0.3574	5.1214	4
41.9	1.1138	-0.4179	5.124	4
41.95	1.114	-0.1407	5.1061	4
42	1.1131	-0.1171	5.1026	4
42.05	1.1134	-0.5209	5.1059	4
42.1	1.1135	-0.2435	5.1007	4
42.15	1.1137	-0.3649	5.1074	4
42.2	1.1129	0.1108	5.113	4
42.25	1.1128	-0.5787	5.1206	4
42.3	1.1125	0.1339	5.1296	4
42.35	1.1119	-0.3339	5.1208	4
42.4	1.1118	-0.2726	5.1165	4
42.45	1.1119	-0.4264	5.1223	4
42.5	1.1113	0.2018	5.108	4
42.55	1.1106	-0.3788	5.1144	4
42.6	1.1108	-0.3476	5.1303	4
42.65	1.1115	-0.6134	5.1191	4
42.7	1.1096	0.9576	5.1125	4
42.75	1.1099	-1.3897	5.1247	4
42.8	1.1102	0.4581	5.1427	4
42.85	1.1086	-0.1656	5.1359	4
42.9	1.1085	-0.2848	5.12	4
42.95	1.108	0.0553	5.1265	4
43	1.1078	-0.375	5.1269	4
43.05	1.1069	0.0381	5.1269	4
43.1	1.1067	-0.2049	5.1244	4
43.15	1.1059	0.0272	5.1152	4
43.2	1.1053	-0.0599	5.1299	4
43.25	1.1052	-0.5027	5.1193	4
43.3	1.1036	0.7439	5.1113	4
43.35	1.1032	-0.6258	5.124	4
43.4	1.1034	-0.0153	5.1164	4
43.45	1.1019	0.4001	5.1039	4
43.5	1.1016	-0.3874	5.0992	4
43.55	1.1011	-0.0302	5.1071	4
43.6	1.1004	0.0866	5.1025	4
43.65	1.0994	0.0568	5.0788	4
43.7	1.0992	-0.1486	5.0822	4
43.75	1.0986	-0.1548	5.0963	4
43.8	1.0972	0.4409	5.0986	4
43.85	1.0959	0.089	5.0982	4
43.9	1.0959	-0.4197	5.0987	4
43.95	1.0947	0.7907	5.1147	4
44	1.0931	-0.2087	5.1141	4
44.05	1.0925	0.0174	5.0848	4
44.1	1.0915	0.2454	5.0787	4
44.15	1.09	0.2282	5.0863	4
44.2	1.0904	-0.5305	5.0975	4
44.25	1.0891	0.5183	5.0886	4
44.3	1.0878	-0.1118	5.0931	4
44.35	1.0879	-0.3422	5.1143	4
44.4	1.0868	0.3443	5.1204	4
44.45	1.0855	0.1899	5.1106	4
44.5	1.0857	-0.6397	5.0959	4
44.55	1.085	0.4856	5.092	4
44.6	1.0837	-0.0782	5.1079	4
44.65	1.083	-0.1598	5.1176	4
44.7	1.0827	-0.1091	5.1151	4
44.75	1.0818	0.0694	5.0957	4
44.8	1.0812	-0.0444	5.0974	4
44.85	1.0806	0.0432	5.1084	4
44.9	1.0796	0.0541	5.1114	4
44.95	1.0785	0.3937	5.1278	4
45	1.0777	-0.4075	5.1073	4
45.05	1.0771	0.3957	5.0876	4
45.1	1.0757	-0.0582	5.0867	4
45.15	1.0751	0.0544	5.0866	4
45.2	1.0737	0.1248	5.0935	4
45.25	1.0727	0.1668	5.0882	4
45.3	1.0715	0.0485	5.0989	4
45.35	1.071	0.0297	5.1127	4
45.4	1.0697	0.1938	5.122	4
45.45	1.0686	0.2693	5.1212	4
45.5	1.0678	-0.2696	5.1254	4
45.55	1.067	0.4703	5.1158	4
45.6	1.0652	0.2132	5.121	4
45.65	1.0649	-0.2946	5.1463	4
45.7	1.0634	0.6502	5.1542	4
45.75	1.0624	-0.2146	5.1464	4
45.8	1.0621	0.1046	5.1191	4
45.85	1.0607	0.47	5.1009	4
45.9	1.059	0.0192	5.1153	4
45.95	1.0583	0.0565	5.1211	4
46	1.057	0.2994	5.1087	4
46.05	1.0562	-0.0322	5.1012	4
46.1	1.0548	0.5048	5.108	4
46.15	1.0536	-0.0799	5.1032	4
46.2	1.053	0.22	5.0959	4
46.25	1.0514	0.347	5.1006	4
46.3	1.0507	-0.1652	5.115	4
46.35	1.0499	0.4574	5.109	4
46.4	1.0477	0.3407	5.0881	4
46.45	1.047	-0.1563	5.0946	4
46.5	1.0457	0.6263	5.1023	4
46.55	1.0443	0.1261	5.1028	4
46.6	1.0435	0.1207	5.1086	4
46.65	1.0425	0.1757	5.1159	4
46.7	1.0406	0.5562	5.1273	4
46.75	1.0394	-0.0083	5.1309	4
46.8	1.0383	0.3457	5.1434	4
46.85	1.0372	0.0764	5.1424	4
46.9	1.0357	0.4796	5.1346	4
46.95	1.0345	-0.0947	5.1123	4
47	1.0336	0.3567	5.1176	4
47.05	1.0323	0.1429	5.1146	4
47.1	1.0312	0.315	5.1	4
47.15	1.0301	0.0696	5.0991	4
47.2	1.0292	0.3581	5.1016	4
47.25	1.0274	0.3587	5.1196	4
47.3	1.0265	-0.0083	5.1182	4
47.35	1.0251	0.3814	5.1238	4
47.4	1.0237	0.1839	5.1255	4
47.45	1.0224	0.1476	5.1035	4
47.5	1.0211	0.3451	5.1036	4
47.55	1.0202	0.1784	5.1131	4
47.6	1.019	0.2164	5.1136	4
47.65	1.0178	0.0511	5.1056	4
47.7	1.0165	0.3806	5.0884	4
47.75	1.0146	0.2153	5.0758	4
47.8	1.0141	-0.0706	5.0905	4
47.85	1.0123	0.5128	5.0911	4
47.9	1.0115	-0.0392	5.1012	4
47.95	1.0109	0.0816	5.094	4
48	1.0094	0.369	5.0957	4
48.05	1.0081	0.1293	5.1038	4
48.1	1.0069	0.2507	5.1167	4
48.15	1.0056	0.1315	5.1212	4
48.2	1.0053	-0.2106	5.1104	4
48.25	1.0035	0.7936	5.1096	4
48.3	1.0023	-0.38	5.1025	4
48.35	1.0016	0.1866	5.1171	4
48.4	0.9997	0.4657	5.1247	4
48.45	0.9987	-0.2304	5.1228	4
48.5	0.9982	0.0987	5.1174	4
48.55	0.9969	0.4038	5.1021	4
48.6	0.9961	-0.3127	5.0966	4
48.65	0.9952	0.5759	5.1137	4
48.7	0.9939	-0.0723	5.1075	4
48.75	0.9932	0.0463	5.0975	4
48.8	0.992	0.0695	5.1087	4
48.85	0.9909	0.1732	5.1162	4
48.9	0.9901	-0.0964	5.1294	4
48.95	0.9897	-0.0499	5.1193	4
49	0.9889	0.0421	5.1074	4
49.05	0.9883	0.0573	5.1204	4
49.1	0.9871	-0.106	5.1287	4
49.15	0.9871	-0.2061	5.1453	4
49.2	0.9856	0.4509	5.1388	4
49.25	0.9849	-0.289	5.1468	4
49.3	0.9841	-0.0153	5.1468	4
49.35	0.9836	-0.0351	5.1233	4
49.4	0.983	0.0038	5.1211	4
49.45	0.9823	-0.0616	5.1152	4
49.5	0.9817	-0.0392	5.1099	4
49.55	0.9813	-0.1183	5.1289	4
49.6	0.9803	0.1313	5.1109	4
49.65	0.9803	-0.3817	5.1201	4
49.7	0.9795	0.0798	5.1341	4
49.75	0.979	-0.1806	5.1244	4
49.8	0.9785	-0.244	5.1374	4
49.85	0.9778	0.1291	5.1241	4
49.9	0.977	-0.096	5.1213	4
49.95	0.9769	-0.1378	5.1285	4
50	0.9762	-0.1525	5.1249	4
50.05	0.976	-0.1914	5.1223	4
50.1	0.9752	0.1689	5.1181	4
50.15	0.9744	-0.2816	5.1182	4
50.2	0.9746	-0.3507	5.1128	4
50.25	0.9739	-0.0284	5.0999	4
50.3	0.9733	-0.1062	5.1025	4
50.35	0.9734	-0.2888	5.1122	4
50.4	0.9718	0.2227	5.1046	4
50.45	0.9713	-0.2761	5.1176	4
50.5	0.9715	-0.408	5.119	4
50.55	0.9706	0.2505	5.0984	4
50.6	0.9703	-0.4276	5.0985	4
50.65	0.9699	-0.1131	5.0991	4
50.7	0.9691	0.0629	5.1082	4
50.75	0.969	-0.3198	5.1131	4
50.8	0.9684	0.229	5.1207	4
50.85	0.9679	-0.5477	5.117	4
50.9	0.9672	0.171	5.1043	4
50.95	0.9665	-0.1618	5.1102	4
51	0.9661	0.0914	5.1235	4
51.05	0.9654	-0.2419	5.1102	4
51.1	0.965	0.0232	5.1076	4
51.15	0.9643	-0.0482	5.127	4
51.2	0.9633	0.0603	5.124	4
51.25	0.9631	-0.6174	5.1196	4
51.3	0.9626	0.2937	5.1295	4
51.35	0.9613	-0.0046	5.1306	4
51.4	0.9619	-0.5945	5.1323	4
51.45	0.9609	0.3671	5.1449	4
51.5	0.9599	-0.1152	5.14	4
51.55	0.9599	-0.3621	5.129	4
51.6	0.9598	0.0236	5.1224	4
51.65	0.9588	-0.0328	5.1165	4
51.7	0.9587	-0.4738	5.1125	4
51.75	0.958	0.0621	5.1121	4
51.8	0.9574	-0.2242	5.1255	4
51.85	0.9566	0.1204	5.1187	4
51.9	0.9567	-0.4825	5.1118	4
51.95	0.956	0.1856	5.1149	4
52	0.955	-0.0767	5.1299	4
52.05	0.9547	-0.3927	5.1247	4
52.1	0.9544	-0.0869	5.1202	4
52.15	0.9536	0.1323	5.1301	4
52.2	0.9533	-0.3741	5.1228	4
52.25	0.9531	-0.1551	5.1152	4
52.3	0.9526	-0.1162	5.117	4
52.35	0.9522	-0.1832	5.1269	4
52.4	0.9516	-0.0966	5.1164	4
52.45	0.9509	-0.1547	5.1116	4
52.5	0.9504	-0.1225	5.1167	4
52.55	0.95	-0.154	5.1065	4
52.6	0.9499	-0.2898	5.109	4
52.65	0.9494	-0.0635	5.0949	4
52.7	0.9487	-0.1655	5.0901	4
52.75	0.9492	-0.5291	5.1082	4
52.8	0.9493	-0.1607	5.1025	4
52.85	0.948	0.106	5.1038	4
52.9	0.9481	-0.667	5.1037	4
52.95	0.9478	0.0907	5.1099	4
53	0.9473	-0.2714	5.1133	4
53.05	0.9473	-0.4447	5.1006	4
53.1	0.9471	-0.0689	5.101	4
53.15	0.9466	-0.2413	5.1146	4
53.2	0.9463	-0.3467	5.1324	4
53.25	0.9463	-0.3316	5.1197	4
53.3	0.9463	-0.2502	5.1067	4
53.35	0.9456	-0.0962	5.1111	4
53.4	0.9459	-0.5592	5.12	4
53.45	0.9459	-0.1807	5.1211	4
53.5	0.9454	-0.0405	5.1358	4
53.55	0.9456	-0.6262	5.1369	4
53.6	0.9457	-0.0935	5.126	4
53.65	0.945	-0.015	5.1262	4
53.7	0.9451	-0.6737	5.1267	4
53.75	0.9447	0.0543	5.135	4
53.8	0.9446	-0.5688	5.1141	4
53.85	0.9447	-0.1252	5.107	4
53.9	0.9447	-0.3554	5.1018	4
53.95	0.9452	-0.253	5.1039	4
54	0.9441	-0.0501	5.1182	4
54.05	0.9443	-0.576	5.1154	4
54.1	0.9437	-0.1305	5.1177	4
54.15	0.9434	-0.1074	5.1079	4
54.2	0.943	-0.5053	5.1151	4
54.25	0.9428	0.0167	5.1221	4
54.3	0.9421	-0.1924	5.1055	4
54.35	0.9422	-0.3441	5.1052	4
54.4	0.9415	-0.0722	5.1131	4
54.45	0.9413	-0.3775	5.0972	4
54.5	0.9409	-0.1192	5.103	4
54.55	0.9412	-0.3177	5.1039	4
54.6	0.9404	0.0141	5.1079	4
54.65	0.9402	-0.2472	5.1072	4
54.7	0.9397	-0.2093	5.1058	4
54.75	0.9392	-0.1312	5.1112	4
54.8	0.9387	-0.1352	5.1201	4
54.85	0.9382	-0.2427	5.1129	4
54.9	0.9383	-0.1473	5.1124	4
54.95	0.9382	-0.3767	5.126	4
55	0.9374	0.295	5.1232	4
55.05	0.9371	-0.6658	5.1183	4
55.1	0.9369	0.0923	5.1185	4
55.15	0.936	-0.064	5.1112	4
55.2	0.9355	-0.0931	5.0869	4
55.25	0.9357	-0.3489	5.0892	4
55.3	0.935	0.1959	5.1177	4
55.35	0.9345	-0.4283	5.1241	4
55.4	0.934	-0.0271	5.1123	4
55.45	0.9337	-0.3999	5.0947	4
55.5	0.9328	0.2336	5.0938	4
55.55	0.9327	-0.5045	5.1082	4
55.6	0.9325	-0.107	5.1106	4
55.65	0.9314	0.1954	5.102	4
55.7	0.9311	-0.3359	5.0978	4
55.75	0.9304	0.0497	5.1043	4
55.8	0.9302	-0.0817	5.1324	4
55.85	0.9297	-0.2588	5.1296	4
55.9	0.9292	0.2544	5.1213	4
55.95	0.9284	-0.27	5.1234	4
56	0.9282	-0.3007	5.126	4
56.05	0.9273	0.2697	5.1179	4
56.1	0.927	-0.4099	5.1112	4
56.15	0.9266	0.0281	5.1104	4
56.2	0.9259	0.1082	5.1224	4
56.25	0.9253	-0.3718	5.107	4
56.3	0.9246	0.3492	5.1056	4
56.35	0.9242	-0.488	5.1121	4
56.4	0.9239	-0.0428	5.1105	4
56.45	0.9229	0.1119	5.1136	4
56.5	0.923	-0.6127	5.106	4
56.55	0.9225	0.172	5.1023	4
56.6	0.9216	0.2023	5.1099	4
56.65	0.9215	-0.5946	5.1176	4
56.7	0.921	0.216	5.1032	4
56.75	0.9198	0.1337	5.1023	4
56.8	0.9199	-0.5475	5.1034	4
56.85	0.9193	0.2321	5.0876	4
56.9	0.9186	-0.1432	5.103	4
56.95	0.9183	0.0016	5.1224	4
57	0.9177	-0.3013	5.1124	4
57.05	0.9168	0.3109	5.1097	4
57.1	0.9161	-0.2791	5.1122	4
57.15	0.9156	0.1826	5.1233	4
57.2	0.9148	-0.169	5.1291	4
57.25	0.9138	0.1642	5.1371	4
57.3	0.913	-0.0022	5.1491	4
57.35	0.9125	0.0209	5.1424	4
57.4	0.9112	-0.0587	5.141	4
57.45	0.9106	0.3084	5.1464	4
57.5	0.9096	-0.1542	5.1409	4
57.55	0.9092	0.0298	5.1353	4
57.6	0.908	0.2345	5.1472	4
57.65	0.9067	0.1289	5.1268	4
57.7	0.9065	-0.2666	5.1119	4
57.75	0.9056	0.3869	5.118	4
57.8	0.9036	0.2224	5.1197	4
57.85	0.9034	-0.1777	5.142	4
57.9	0.9023	0.1932	5.1511	4
57.95	0.9014	0.1753	5.1501	4
58	0.9008	-0.2155	5.1364	4
58.05	0.9002	0.148	5.1359	4
58.1	0.8989	0.0751	5.1538	4
58.15	0.8986	-0.1417	5.1487	4
58.2	0.8972	0.3632	5.1436	4
58.25	0.897	-0.3339	5.1379	4
58.3	0.8958	0.3497	5.1361	4
58.35	0.8949	-0.0666	5.137	4
58.4	0.8942	-0.1955	5.1238	4
58.45	0.8934	0.2312	5.122	4
58.5	0.8926	-0.104	5.1104	4
58.55	0.8922	-0.0617	5.1216	4
58.6	0.8912	0.1326	5.1375	4
58.65	0.8908	-0.1564	5.1418	4
58.7	0.8899	0.2928	5.1367	4
58.75	0.8892	-0.4472	5.1399	4
58.8	0.8887	0.2809	5.1414	4
58.85	0.8873	0.1002	5.1379	4
58.9	0.8868	-0.1387	5.1388	4
58.95	0.8863	-0.0097	5.143	4
59	0.8848	0.3917	5.1474	4
59.05	0.8841	-0.4459	5.1427	4
59.1	0.8842	0.1367	5.1385	4
59.15	0.8822	0.2492	5.1557	4
59.2	0.8815	-0.0245	5.157	4
59.25	0.8815	-0.3615	5.1405	4
59.3	0.8804	0.5948	5.1291	4
59.35	0.8791	-0.1979	5.1326	4
59.4	0.8792	-0.4066	5.1386	4
59.45	0.8786	0.2725	5.1406	4
59.5	0.8769	0.2709	5.1475	4
59.55	0.8768	-0.4745	5.1355	4
59.6	0.8765	0.1504	5.1261	4
59.65	0.8745	0.4077	5.1382	4
59.7	0.8741	-0.3344	5.1358	4
59.75	0.8743	-0.2081	5.137	4
59.8	0.8733	0.41	5.1482	4
59.85	0.8725	-0.3671	5.1666	4
59.9	0.8725	-0.1564	5.1529	4
59.95	0.8716	0.1418	5.1482	4
60	0.8708	-0.0234	5.1694	4
60.05	0.8701	-0.0557	5.1665	4
60.1	0.8693	-0.1239	5.1516	4
60.15	0.8684	0.2132	5.1496	4
60.2	0.8679	-0.3165	5.1546	4
60.25	0.868	-0.359	5.1529	4
60.3	0.8674	0.2602	5.138	4
60.35	0.8663	-0.295	5.1465	4
60.4	0.8666	-0.3141	5.1499	4
60.45	0.8661	-0.0284	5.1536	4
60.5	0.8654	-0.2305	5.1456	4
60.55	0.8654	-0.2589	5.14	4
60.6	0.8645	0.0434	5.14	4
60.65	0.8638	-0.0485	5.1303	4
60.7	0.864	-0.3447	5.1231	4
60.75	0.8633	0.1259	5.1411	4
60.8	0.8624	-0.1273	5.1494	4
60.85	0.862	-0.1633	5.1421	4
60.9	0.8617	-0.0469	5.1343	4
60.95	0.8611	-0.0353	5.1299	4
61	0.8606	-0.1091	5.1356	4
61.05	0.8598	0.0658	5.1317	4
61.1	0.8593	-0.3022	5.1014	4
61.15	0.8582	0.3809	5.1105	4
61.2	0.8578	-0.4933	5.1247	4
61.25	0.8573	0.3023	5.1428	4
61.3	0.8568	-0.3189	5.1587	4
61.35	0.8561	-0.1391	5.1496	4
61.4	0.8554	-0.0546	5.1432	4
61.45	0.8547	0.1116	5.1268	4
61.5	0.8544	-0.2171	5.1287	4
61.55	0.8538	-0.0895	5.1223	4
61.6	0.853	0.0862	5.124	4
61.65	0.8525	-0.1564	5.1458	4
61.7	0.8521	-0.3458	5.1239	4
61.75	0.8517	0.143	5.1149	4
61.8	0.8504	-0.0601	5.127	4
61.85	0.8507	-0.2908	5.1213	4
61.9	0.85	-0.0138	5.124	4
61.95	0.8494	0.0299	5.1311	4
62	0.849	-0.4264	5.1503	4
62.05	0.8486	0.051	5.1525	4
62.1	0.8478	-0.1277	5.141	4
62.15	0.8472	-0.2359	5.1299	4
62.2	0.8471	0.0773	5.1325	4
62.25	0.8466	-0.367	5.1286	4
62.3	0.8463	-0.1209	5.1176	4
62.35	0.846	-0.0042	5.1218	4
62.4	0.8455	-0.3932	5.1125	4
62.45	0.8455	-0.02	5.0988	4
62.5	0.8448	-0.1719	5.1038	4
62.55	0.8446	-0.2035	5.1107	4
62.6	0.844	-0.192	5.0996	4
62.65	0.8438	-0.2503	5.1206	4
62.7	0.844	-0.2096	5.1212	4
62.75	0.8436	-0.1392	5.0868	4
62.8	0.8433	-0.2204	5.0877	4
62.85	0.8434	-0.4298	5.1097	4
62.9	0.8424	0.2842	5.1118	4
62.95	0.8425	-0.7011	5.1077	4
63	0.8424	0.0017	5.1065	4
63.05	0.8416	-0.1198	5.1156	4
63.1	0.8412	-0.3343	5.1202	4
63.15	0.8408	0.0035	5.1193	4
63.2	0.8403	-0.2887	5.1109	4
63.25	0.8403	-0.0939	5.1128	4
63.3	0.8404	-0.3837	5.1265	4
63.35	0.8404	-0.3678	5.1157	4
63.4	0.8397	0.3876	5.1082	4
63.45	0.8396	-0.9116	5.1189	4
63.5	0.8402	-0.1286	5.1165	4
63.55	0.8384	0.268	5.1194	4
63.6	0.8379	-0.4387	5.1093	4
63.65	0.8388	-0.5643	5.1093	4
63.7	0.838	0.3222	5.1305	4
63.75	0.8374	-0.5283	5.1152	4
63.8	0.8381	-0.4802	5.1106	4
63.85	0.8377	0.0006	5.1054	4
63.9	0.8368	-0.0266	5.0935	4
63.95	0.8373	-0.7859	5.107	4
64	0.8376	-0.1582	5.1038	4
64.05	0.8363	0.3138	5.0907	4
64.1	0.8358	-0.5225	5.0964	4
64.15	0.8363	-0.4634	5.1058	4
64.2	0.8356	0.3236	5.1189	4
64.25	0.8347	-0.4004	5.109	4
64.3	0.8352	-0.5551	5.1183	4
64.35	0.8348	0.0035	5.1248	4
64.4	0.8337	0.0544	5.1219	4
64.45	0.834	-0.5684	5.1296	4
64.5	0.8339	-0.0704	5.1173	4
64.55	0.8323	0.2792	5.1029	4
64.6	0.832	-0.3548	5.1147	4
64.65	0.8322	-0.336	5.1151	4
64.7	0.8313	0.2236	5.1244	4
64.75	0.8302	-0.1066	5.131	4
64.8	0.8306	-0.5897	5.1192	4
64.85	0.8306	0.1982	5.1175	4
64.9	0.8292	-0.0276	5.117	4
64.95	0.8294	-0.4173	5.1168	4
65	0.8292	-0.1504	5.1151	4
65.05	0.8283	0.1808	5.1064	4
65.1	0.8279	-0.3431	5.1115	4
65.15	0.8273	-0.1161	5.1163	4
65.2	0.8268	-0.0621	5.1068	4
65.25	0.8258	0.1313	5.1087	4
65.3	0.8255	-0.4525	5.1089	4
65.35	0.8256	-0.024	5.0984	4
65.4	0.8242	0.2932	5.1095	4
65.45	0.8236	-0.2797	5.1127	4
65.5	0.8239	-0.569	5.1269	4
65.55	0.823	0.4418	5.1351	4
65.6	0.8226	-0.2967	5.149	4
65.65	0.8218	-0.0933	5.1432	4
65.7	0.8211	0.0393	5.1326	4
65.75	0.8207	-0.2055	5.1378	4
65.8	0.8201	0.1348	5.1438	4
65.85	0.8198	-0.3367	5.1439	4
65.9	0.8192	0.1311	5.1387	4
65.95	0.818	0.0444	5.131	4
66	0.8179	-0.4612	5.1211	4
66.05	0.8174	0.2841	5.1311	4
66.1	0.8164	-0.1149	5.141	4
66.15	0.8161	-0.3099	5.1284	4
66.2	0.8157	0.0198	5.118	4
66.25	0.8145	0.1092	5.1185	4
66.3	0.8143	-0.2297	5.1252	4
66.35	0.8141	-0.4607	5.1279	4
66.4	0.8134	0.3323	5.1204	4
66.45	0.8123	0.0392	5.1222	4
66.5	0.8122	-0.4357	5.1439	4
66.55	0.8118	0.3352	5.1455	4
66.6	0.8104	-0.0592	5.143	4
66.65	0.81	0.0568	5.1493	4
66.7	0.8097	-0.5243	5.1419	4
66.75	0.8086	0.5278	5.1488	4
66.8	0.8081	-0.5621	5.1543	4
66.85	0.8078	0.1533	5.1398	4
66.9	0.8065	0.121	5.1352	4
66.95	0.8067	-0.5459	5.1301	4
67	0.8058	0.2638	5.1282	4
67.05	0.805	0.0343	5.1359	4
67.1	0.8043	-0.4015	5.1267	4
67.15	0.8046	0.1399	5.1306	4
67.2	0.8028	0.188	5.1541	4
67.25	0.803	-0.3978	5.143	4
67.3	0.8025	-0.0529	5.1238	4
67.35	0.8013	0.231	5.1307	4
67.4	0.8014	-0.6208	5.1481	4
67.45	0.8014	-0.1039	5.1458	4
67.5	0.7997	0.4911	5.1404	4
67.55	0.7993	-0.708	5.1422	4
67.6	0.7991	0.1115	5.1548	4
67.65	0.7982	0.023	5.1468	4
67.7	0.7974	-0.3445	5.1238	4
67.75	0.7977	-0.1379	5.131	4
67.8	0.7964	-0.0555	5.1276	4
67.85	0.7964	-0.0498	5.1256	4
67.9	0.7957	-0.2547	5.1417	4
67.95	0.7952	0.4015	5.1253	4
68	0.7939	-0.2502	5.1258	4
68.05	0.794	-0.1443	5.1256	4
68.1	0.7928	0.1385	5.1188	4
68.15	0.7921	-0.1354	5.1329	4
68.2	0.7919	-0.1522	5.1267	4
68.25	0.7916	-0.2193	5.1117	4
68.3	0.791	0.0748	5.125	4
68.35	0.7903	-0.2529	5.1234	4
68.4	0.7898	0.0303	5.1289	4
68.45	0.7893	-0.1672	5.1314	4
68.5	0.7884	0.2336	5.1412	4
68.55	0.7879	-0.479	5.1472	4
68.6	0.7876	-0.0489	5.1327	4
68.65	0.7871	-0.2376	5.1183	4
68.7	0.7867	-0.0966	5.1271	4
68.75	0.7865	-0.3531	5.1355	4
68.8	0.7862	-0.0712	5.1482	4
68.85	0.7852	0.062	5.1471	4
68.9	0.7853	-0.4798	5.1388	4
68.95	0.785	-0.0879	5.143	4
69	0.7844	0.0257	5.1433	4
69.05	0.7839	-0.2677	5.1324	4
69.1	0.7838	-0.4337	5.1261	4
69.15	0.7837	-0.1017	5.136	4
69.2	0.7826	0.1013	5.1358	4
69.25	0.7826	-0.5148	5.1249	4
69.3	0.7825	-0.117	5.1102	4
69.35	0.782	-0.1438	5.1199	4
69.4	0.7821	-0.4546	5.1471	4
69.45	0.7823	-0.1269	5.1471	4
69.5	0.7815	-0.1747	5.1452	4
69.55	0.7816	-0.3782	5.1427	4
69.6	0.7809	0.0058	5.1229	4
69.65	0.781	-0.4843	5.1326	4
69.7	0.7807	-0.0781	5.1597	4
69.75	0.7809	-0.5754	5.1536	4
69.8	0.7803	0.0699	5.146	4
69.85	0.7797	-0.4966	5.1352	4
69.9	0.7798	-0.0843	5.1421	4
69.95	0.7793	-0.3833	5.1676	4
70	0.7792	-0.1021	5.1589	4
70.05	0.7787	-0.4555	5.1522	4
70.1	0.7789	-0.223	5.1417	4
70.15	0.7791	-0.3948	5.1372	4
70.2	0.7785	-0.1048	5.1222	4
70.25	0.7789	-0.5304	5.1267	4
70.3	0.7789	-0.2531	5.1335	4
70.35	0.7781	0.0252	5.1236	4
70.4	0.7781	-0.509	5.1208	4
70.45	0.7782	-0.4948	5.1258	4
70.5	0.7776	0.1949	5.1187	4
70.55	0.777	-0.5762	5.1329	4
70.6	0.7776	-0.2109	5.127	4
70.65	0.7772	-0.3162	5.114	4
70.7	0.777	-0.192	5.1186	4
70.75	0.7773	-0.6407	5.1044	4
70.8	0.7776	-0.3938	5.113	4
70.85	0.7777	-0.389	5.1204	4
70.9	0.7782	-0.5121	5.1187	4
70.95	0.778	-0.2551	5.1312	4
71	0.7783	-0.4561	5.1201	4
71.05	0.7784	-0.4041	5.1174	4
71.1	0.7782	-0.1831	5.1296	4
71.15	0.7782	-0.4873	5.1277	4
71.2	0.7786	-0.3869	5.1253	4
71.25	0.7786	-0.3446	5.1248	4
71.3	0.7781	-0.1986	5.123	4
71.35	0.7779	-0.3105	5.128	4
71.4	0.7777	-0.3772	5.1305	4
71.45	0.7774	-0.0363	5.1395	4
71.5	0.7774	-0.5487	5.1509	4
71.55	0.7776	-0.3176	5.1416	4
71.6	0.7772	0.086	5.1267	4
71.65	0.7766	-0.4524	5.1156	4
71.7	0.7772	-0.239	5.1173	4
71.75	0.7762	-0.1373	5.1127	4
71.8	0.7761	-0.1775	5.1214	4
71.85	0.7763	-0.5096	5.1154	4
71.9	0.7759	-0.1653	5.0988	4
71.95	0.776	-0.104	5.1064	4
72	0.7756	-0.6935	5.1029	4
72.05	0.7754	0.2977	5.1061	4
72.1	0.7754	-0.761	5.1123	4
72.15	0.7751	0.0036	5.1013	4
72.2	0.7754	-0.3796	5.1115	4
72.25	0.7745	-0.2465	5.1061	4
72.3	0.7746	-0.2195	5.0971	4
72.35	0.7743	-0.3445	5.0894	4
72.4	0.7739	-0.2358	5.0857	4
72.45	0.7745	-0.4185	5.0964	4
72.5	0.774	-0.2449	5.092	4
72.55	0.774	-0.2076	5.0852	4
72.6	0.774	-0.3145	5.0784	4
72.65	0.7741	-0.2705	5.0878	4
72.7	0.7742	-0.5156	5.1006	4
72.75	0.7741	-0.4042	5.1049	4
72.8	0.7741	-0.1836	5.1022	4
72.85	0.7733	-0.1359	5.0892	4
72.9	0.7735	-0.6898	5.077	4
72.95	0.7743	-0.396	5.0928	4
73	0.7734	0.0599	5.1001	4
73.05	0.774	-0.857	5.0858	4
73.1	0.7749	-0.4485	5.1051	4
73.15	0.7739	0.1887	5.1019	4
73.2	0.7746	-1.1475	5.0962	4
73.25	0.7753	-0.2558	5.0911	4
73.3	0.7747	-0.2155	5.0937	4
73.35	0.7756	-0.8301	5.1012	4
73.4	0.7761	-0.5622	5.1102	4
73.45	0.7763	-0.3523	5.1063	4
73.5	0.7759	-0.2979	5.1061	4
73.55	0.7771	-0.8687	5.1049	4
73.6	0.7778	-0.5457	5.1027	4
73.65	0.7778	-0.3268	5.1068	4
73.7	0.778	-0.6558	5.1058	4
73.75	0.7786	-0.7316	5.1026	4
73.8	0.779	-0.3595	5.1075	4
73.85	0.7797	-0.8703	5.1038	4
73.9	0.7805	-0.534	5.0841	4
73.95	0.7809	-0.6583	5.0782	4
74	0.7813	-0.5149	5.0876	4
74.05	0.7824	-1.0117	5.1156	4
74.1	0.7828	-0.338	5.1197	4
74.15	0.7831	-0.6213	5.1171	4
74.2	0.7837	-0.6111	5.1035	4
74.25	0.7849	-0.9645	5.1029	4
74.3	0.7856	-0.5547	5.118	4
74.35	0.7864	-0.8617	5.1195	4
74.4	0.7871	-0.6507	5.1232	4
74.45	0.7881	-0.8245	5.116	4
74.5	0.7888	-0.4879	5.1173	4
74.55	0.7898	-0.9314	5.114	4
74.6	0.7909	-0.6225	5.1058	4
74.65	0.7917	-0.9417	5.1081	4
74.7	0.7925	-0.6109	5.0934	4
74.75	0.7936	-0.8479	5.0887	4
74.8	0.7941	-0.5858	5.0941	4
74.85	0.7951	-0.8545	5.0969	4
74.9	0.7958	-0.7801	5.084	4
74.95	0.7966	-0.887	5.0688	4
75	0.7975	-0.7334	5.0923	4
75.05	0.7982	-0.7603	5.1101	4
75.1	0.7993	-0.639	5.0853	4
75.15	0.8003	-0.9701	5.083	4
75.2	0.8014	-0.5459	5.0892	4
75.25	0.8025	-1.1791	5.0923	4
75.3	0.8032	-0.4531	5.1026	4
75.35	0.8042	-1.1335	5.0946	4
75.4	0.8055	-0.76	5.0936	4
75.45	0.8061	-0.6409	5.1	4
75.5	0.8074	-0.9954	5.0978	4
75.55	0.8085	-0.7371	5.0983	4
75.6	0.8093	-0.7859	5.0879	4
75.65	0.8099	-0.7897	5.0978	4
75.7	0.8114	-0.8568	5.1122	4
75.75	0.8123	-0.8537	5.1082	4
75.8	0.8133	-0.6831	5.093	4
75.85	0.8143	-1.0222	5.0916	4
75.9	0.8156	-0.7578	5.1017	4
75.95	0.8164	-0.8202	5.106	4
76	0.8176	-1.0248	5.0854	4
76.05	0.8184	-0.6336	5.0844	4
76.1	0.82	-1.0085	5.0946	4
76.15	0.8209	-0.7272	5.0991	4
76.2	0.8223	-1.0641	5.0971	4
76.25	0.8234	-0.7376	5.0877	4
76.3	0.8248	-1.0537	5.0812	4
76.35	0.8259	-0.772	5.0813	4
76.4	0.8269	-1.0524	5.0859	4
76.45	0.8279	-0.6383	5.0891	4
76.5	0.829	-1.0009	5.0847	4
76.55	0.8305	-0.9802	5.0803	4
76.6	0.8321	-1.2064	5.0784	4
76.65	0.8328	-0.4216	5.0796	4
76.7	0.8345	-1.5442	5.0737	4
76.75	0.8364	-0.7615	5.0799	4
76.8	0.837	-0.9182	5.0853	4
76.85	0.8386	-1.1455	5.0739	4
76.9	0.8408	-1.2518	5.0863	4
76.95	0.8421	-0.5567	5.0901	4
77	0.8432	-1.263	5.0739	4
77.05	0.8454	-1.122	5.0952	4
77.1	0.8461	-0.8039	5.0881	4
77.15	0.8473	-0.9839	5.0912	4
77.2	0.849	-1.3028	5.0936	4
77.25	0.8509	-1.0645	5.0984	4
77.3	0.852	-0.7729	5.0865	4
77.35	0.8533	-1.0211	5.0753	4
77.4	0.8554	-1.4882	5.0752	4
77.45	0.8566	-0.6048	5.0876	4
77.5	0.8574	-1.1614	5.0726	4
77.55	0.86	-1.3666	5.0753	4
77.6	0.8615	-0.7243	5.0859	4
77.65	0.8627	-1.1519	5.083	4
77.7	0.8642	-1.1747	5.0865	4
77.75	0.8661	-1.0627	5.0828	4
77.8	0.8674	-0.8335	5.0905	4
77.85	0.869	-1.3267	5.0919	4
77.9	0.8709	-1.2291	5.0785	4
77.95	0.8724	-0.8832	5.0724	4
78	0.8734	-0.9885	5.087	4
78.05	0.8757	-1.6303	5.0907	4
78.1	0.8777	-0.8934	5.0787	4
78.15	0.8792	-1.1652	5.0893	4
78.2	0.8815	-1.4953	5.0821	4
78.25	0.8835	-1.1806	5.0717	4
78.3	0.885	-0.8229	5.0792	4
78.35	0.8865	-1.3744	5.0856	4
78.4	0.8886	-1.2982	5.0842	4
78.45	0.8904	-1.097	5.0831	4
78.5	0.8917	-0.8185	5.0946	4
78.55	0.8941	-1.6299	5.1089	4
78.6	0.8954	-0.7276	5.1037	4
78.65	0.8967	-0.98	5.0902	4
78.7	0.8987	-1.5035	5.0981	4
78.75	0.9003	-0.6929	5.0973	4
78.8	0.901	-0.9237	5.1107	4
78.85	0.9029	-1.1094	5.1153	4
78.9	0.9049	-1.0562	5.1104	4
78.95	0.9057	-0.7653	5.1006	4
79	0.9068	-0.7549	5.0794	4
79.05	0.9083	-1.4022	5.0656	4
79.1	0.9091	-0.2992	5.074	4
79.15	0.9105	-1.362	5.08	4
79.2	0.9113	-0.409	5.0895	4
79.25	0.9121	-0.9923	5.0915	4
79.3	0.9134	-0.7292	5.0939	4
79.35	0.9142	-0.6898	5.0967	4
79.4	0.9152	-0.7765	5.0925	4
79.45	0.9163	-0.8388	5.0897	4
79.5	0.9169	-0.5191	5.0997	4
79.55	0.9173	-0.608	5.103	4
79.6	0.9185	-0.921	5.1015	4
79.65	0.9193	-0.4548	5.0959	4
79.7	0.9193	-0.6969	5.089	4
79.75	0.9202	-0.5985	5.0885	4
79.8	0.921	-0.8039	5.0913	4
79.85	0.9214	-0.1573	5.095	4
79.9	0.9221	-0.8605	5.0898	4
79.95	0.9229	-0.6335	5.1201	4
80	0.9232	-0.2877	5.1142	4
80.05	0.9233	-0.6123	5.0862	4
80.1	0.9244	-0.7853	5.115	4
80.15	0.9244	0.0381	5.1359	4
80.2	0.9245	-0.8876	5.1167	4
80.25	0.9257	-0.3625	5.0905	4
80.3	0.9258	-0.6179	5.0782	4
80.35	0.9259	-0.3567	5.0901	4
80.4	0.9264	-0.5167	5.0968	4
80.45	0.9269	-0.6791	5.0856	4
80.5	0.9267	0.0489	5.093	4
80.55	0.9272	-1.0024	5.0903	4
80.6	0.9277	-0.1736	5.0746	4
80.65	0.9275	-0.2616	5.0862	4
80.7	0.9279	-0.9011	5.094	4
80.75	0.9281	0.0107	5.102	4
80.8	0.9285	-0.6812	5.0989	4
80.85	0.9285	-0.2371	5.1063	4
80.9	0.9292	-0.5563	5.1069	4
80.95	0.9283	0.0958	5.0959	4
81	0.9282	-0.5657	5.0887	4
81.05	0.929	-0.5416	5.0973	4
81.1	0.9281	0.3919	5.1036	4
81.15	0.9278	-0.7819	5.0968	4
81.2	0.9284	-0.313	5.0928	4
81.25	0.928	0.0158	5.0979	4
81.3	0.9277	-0.3098	5.1082	4
81.35	0.9285	-0.411	5.1188	4
81.4	0.9281	-0.0468	5.1238	4
81.45	0.9271	0.1276	5.0975	4
81.5	0.9272	-0.7906	5.0821	4
81.55	0.9273	-0.1704	5.0776	4
81.6	0.9272	-0.1303	5.0732	4
81.65	0.9264	-0.0854	5.0761	4
81.7	0.9265	-0.5415	5.0712	4
81.75	0.9263	-0.0233	5.086	4
81.8	0.926	-0.2442	5.0976	4
81.85	0.9258	-0.2733	5.0872	4
81.9	0.9255	-0.1443	5.0772	4
81.95	0.925	-0.1112	5.062	4
82	0.9253	-0.5004	5.0638	4
82.05	0.9247	0.1424	5.0704	4
82.1	0.9242	-0.2376	5.0828	4
82.15	0.9239	-0.1742	5.1038	4
82.2	0.9239	-0.3178	5.0978	4
82.25	0.9235	0.0619	5.0899	4
82.3	0.9231	-0.2597	5.0956	4
82.35	0.923	-0.2094	5.1032	4
82.4	0.9226	-0.0734	5.1109	4
82.45	0.9217	0.0358	5.1197	4
82.5	0.9214	-0.1634	5.1063	4
82.55	0.9211	-0.1721	5.0998	4
82.6	0.9203	0.0572	5.0946	4
82.65	0.9197	-0.0899	5.0914	4
82.7	0.9196	-0.2599	5.095	4
82.75	0.9191	0.0241	5.1016	4
82.8	0.9184	-0.0539	5.1018	4
82.85	0.9174	0.0529	5.0949	4
82.9	0.917	-0.1946	5.0971	4
82.95	0.9164	0.309	5.1003	4
83	0.9159	-0.2274	5.0996	4
83.05	0.9155	-0.2185	5.1167	4
83.1	0.9149	0.0416	5.1159	4
83.15	0.914	0.0958	5.1054	4
83.2	0.9136	-0.0785	5.1045	4
83.25	0.913	-0.0285	5.0976	4
83.3	0.9117	0.0903	5.1018	4
83.35	0.9109	0.0874	5.1116	4
83.4	0.9105	-0.2818	5.1043	4
83.45	0.9105	0.1011	5.0978	4
83.5	0.9095	0.0283	5.1142	4
83.55	0.9089	-0.1671	5.1137	4
83.6	0.9089	-0.1613	5.097	4
83.65	0.9075	0.1868	5.0957	4
83.7	0.9068	-0.2043	5.1089	4
83.75	0.9067	-0.207	5.1017	4
83.8	0.906	0.1591	5.1071	4
83.85	0.9053	-0.055	5.1053	4
83.9	0.9049	-0.2765	5.0999	4
83.95	0.9042	0.1294	5.1002	4
84	0.9031	-0.2135	5.091	4
84.05	0.9028	0.0834	5.0823	4
84.1	0.9027	-0.393	5.074	4
84.15	0.902	0.2063	5.0869	4
84.2	0.9013	-0.2533	5.1087	4
84.25	0.9016	-0.4043	5.1108	4
84.3	0.9009	0.0952	5.0985	4
84.35	0.9002	-0.2754	5.0957	4
84.4	0.9006	-0.2195	5.1084	4
84.45	0.9001	-0.0343	5.1121	4
84.5	0.8995	-0.1584	5.1054	4
84.55	0.8996	-0.2816	5.1101	4
84.6	0.8987	0.0061	5.0973	4
84.65	0.8988	-0.5125	5.0868	4
84.7	0.8987	-0.185	5.0879	4
84.75	0.8982	-0.0553	5.0929	4
84.8	0.8982	-0.4886	5.0957	4
84.85	0.8981	-0.0813	5.0889	4
84.9	0.8976	-0.2475	5.0978	4
84.95	0.8976	-0.4079	5.1066	4
85	0.8979	-0.3416	5.0998	4
85.05	0.8972	0.0804	5.0925	4
85.1	0.8967	-0.439	5.0951	4
85.15	0.8971	-0.5138	5.1023	4
85.2	0.8965	0.0878	5.1045	4
85.25	0.8961	-0.4562	5.0916	4
85.3	0.8963	-0.3467	5.0849	4
85.35	0.8967	-0.3585	5.1101	4
85.4	0.8957	-0.0005	5.0952	4
85.45	0.8961	-0.6045	5.0939	4
85.5	0.896	-0.184	5.1102	4
85.55	0.8962	-0.2397	5.1121	4
85.6	0.8963	-0.3528	5.1212	4
85.65	0.8964	-0.3085	5.1325	4
85.7	0.8959	-0.0699	5.1327	4
85.75	0.8957	-0.5282	5.1358	4
85.8	0.8959	-0.209	5.1314	4
85.85	0.896	-0.4068	5.1328	4
85.9	0.8958	-0.2184	5.1125	4
85.95	0.8961	-0.6652	5.0965	4
86	0.896	-0.0977	5.0966	4
86.05	0.8958	-0.3693	5.0979	4
86.1	0.8961	-0.5252	5.0917	4
86.15	0.896	-0.1044	5.0926	4
86.2	0.896	-0.6244	5.1054	4
86.25	0.8962	-0.3432	5.1203	4
86.3	0.8962	-0.2762	5.1096	4
86.35	0.8963	-0.725	5.1009	4
86.4	0.8971	-0.3122	5.0882	4
86.45	0.8973	-0.5142	5.0976	4
86.5	0.8974	-0.3695	5.1045	4
86.55	0.8976	-0.4828	5.0951	4
86.6	0.898	-0.4964	5.0915	4
86.65	0.8986	-0.7089	5.0929	4
86.7	0.8987	-0.2014	5.0995	4
86.75	0.8991	-0.6387	5.1036	4
86.8	0.8997	-0.5109	5.1033	4
86.85	0.9	-0.5157	5.1006	4
86.9	0.9001	-0.4527	5.0947	4
86.95	0.9006	-0.7326	5.105	4
87	0.9016	-0.654	5.1182	4
87.05	0.902	-0.4067	5.1331	4
87.1	0.9027	-0.7145	5.1279	4
87.15	0.9036	-0.7449	5.101	4
87.2	0.9042	-0.5216	5.0955	4
87.25	0.905	-0.8945	5.0939	4
87.3	0.9061	-0.4853	5.095	4
87.35	0.9065	-0.929	5.1108	4
87.4	0.9075	-0.5509	5.1253	4
87.45	0.9081	-0.6572	5.1199	4
87.5	0.9088	-0.9058	5.0979	4
87.55	0.9099	-0.4917	5.0817	4
87.6	0.9101	-0.7171	5.0855	4
87.65	0.911	-0.8073	5.0923	4
87.7	0.9119	-0.6663	5.0947	4
87.75	0.9128	-0.8287	5.0971	4
87.8	0.9137	-0.6088	5.0974	4
87.85	0.9145	-0.6985	5.1021	4
87.9	0.9157	-0.8562	5.1235	4
87.95	0.9165	-0.7238	5.1326	4
88	0.9177	-0.806	5.1473	4
88.05	0.9184	-0.6916	5.1333	4
88.1	0.9194	-0.7264	5.1243	4
88.15	0.9199	-0.7533	5.1163	4
88.2	0.9209	-0.7038	5.1267	4
88.25	0.9217	-0.7611	5.1409	4
88.3	0.9227	-0.8164	5.1276	4
88.35	0.9233	-0.7172	5.1199	4
88.4	0.9245	-0.9445	5.1204	4
88.45	0.925	-0.4691	5.1053	4
88.5	0.926	-0.8102	5.1028	4
88.55	0.9268	-0.8838	5.1079	4
88.6	0.9283	-0.8412	5.1064	4
88.65	0.9289	-0.6512	5.0999	4
88.7	0.9299	-0.915	5.0959	4
88.75	0.9309	-0.6144	5.1034	4
88.8	0.9314	-0.9487	5.1117	4
88.85	0.9324	-0.569	5.1052	4
88.9	0.9341	-1.2938	5.1006	4
88.95	0.9343	0.0284	5.0919	4
89	0.9349	-1.0197	5.1151	4
89.05	0.9367	-1.0544	5.1195	4
89.1	0.9371	-0.3705	5.1145	4
89.15	0.9379	-0.9029	5.1192	4
89.2	0.9385	-0.6118	5.1234	4
89.25	0.9394	-0.7273	5.1256	4
89.3	0.9401	-0.7787	5.1281	4
89.35	0.941	-0.6749	5.1154	4
89.4	0.9422	-0.6689	5.112	4
89.45	0.9422	-0.5776	5.098	4
89.5	0.9435	-0.8021	5.0852	4
89.55	0.9445	-0.9384	5.0892	4
89.6	0.9449	-0.368	5.0997	4
89.65	0.9458	-0.9718	5.0962	4
89.7	0.9467	-0.6989	5.0892	4
89.75	0.9478	-0.7122	5.0774	4
89.8	0.9489	-0.8032	5.0842	4
89.85	0.9496	-0.6955	5.0814	4
89.9	0.9508	-0.9455	5.0967	4
89.95	0.9512	-0.5467	5.1074	4
90	0.9518	-0.6472	5.1085	4
90.05	0.9526	-0.8683	5.1164	4
90.1	0.954	-0.7077	5.1069	4
90.15	0.9547	-0.7835	5.0948	4
90.2	0.9558	-0.8174	5.1095	4
90.25	0.9568	-0.8153	5.1048	4
90.3	0.9576	-0.6616	5.1099	4
90.35	0.9579	-0.5963	5.1154	4
90.4	0.9591	-0.9968	5.0981	4
90.45	0.9602	-0.6399	5.0774	4
90.5	0.9611	-0.7685	5.0957	4
90.55	0.962	-0.8638	5.11	4
90.6	0.9631	-0.8103	5.1073	4
90.65	0.9637	-0.6735	5.0995	4
90.7	0.965	-1.1136	5.0911	4
90.75	0.966	-0.4834	5.0935	4
90.8	0.9668	-1.0554	5.0898	4
90.85	0.9678	-0.7129	5.0857	4
90.9	0.9689	-0.9044	5.0917	4
90.95	0.9702	-1.0314	5.1	4
91	0.9716	-0.7789	5.0776	4
91.05	0.9731	-0.9994	5.0822	4
91.1	0.9744	-0.9725	5.0907	4
91.15	0.9755	-0.7641	5.0828	4
91.2	0.9766	-1.2056	5.0777	4
91.25	0.9785	-0.8829	5.0859	4
91.3	0.98	-1.0278	5.0844	4
91.35	0.9814	-1.0774	5.0625	4
91.4	0.9834	-1.2303	5.0705	4
91.45	0.9847	-0.8489	5.0794	4
91.5	0.986	-1.078	5.0719	4
91.55	0.9877	-0.9037	5.0797	4
91.6	0.9887	-1.0851	5.1007	4
91.65	0.9909	-1.0487	5.0982	4
91.7	0.9923	-0.9708	5.0888	4
91.75	0.9931	-0.5872	5.0914	4
91.8	0.9943	-1.2182	5.0974	4
91.85	0.9953	-0.678	5.0936	4
91.9	0.9958	-0.7035	5.0818	4
91.95	0.9969	-0.8918	5.0907	4
92	0.9984	-0.9807	5.0961	4
92.05	1.0002	-0.8552	5.0915	4
92.1	1.0008	-0.6937	5.0836	4
92.15	1.0014	-0.7938	5.0864	4
92.2	1.0029	-0.9448	5.0993	4
92.25	1.0038	-0.5891	5.0998	4
92.3	1.0047	-0.7333	5.1098	4
92.35	1.006	-0.9416	5.1266	4
92.4	1.0065	-0.4227	5.1363	4
92.45	1.0073	-0.876	5.1332	4
92.5	1.0084	-0.785	5.1105	4
92.55	1.0097	-0.852	5.1112	4
92.6	1.0109	-0.7994	5.1195	4
92.65	1.0119	-0.6616	5.1167	4
92.7	1.0124	-0.664	5.1113	4
92.75	1.0133	-0.9002	5.1216	4
92.8	1.0145	-0.6751	5.1273	4
92.85	1.0148	-0.5918	5.1399	4
92.9	1.0158	-0.8262	5.1284	4
92.95	1.0165	-0.5333	5.1222	4
93	1.0169	-0.6578	5.122	4
93.05	1.0176	-0.6714	5.1173	4
93.1	1.0183	-0.613	5.1242	4
93.15	1.0195	-0.8014	5.1162	4
93.2	1.0201	-0.4919	5.1233	4
93.25	1.0205	-0.5041	5.1365	4
93.3	1.0211	-0.6528	5.1203	4
93.35	1.0215	-0.47	5.1099	4
93.4	1.0218	-0.5446	5.1089	4
93.45	1.0222	-0.4638	5.1238	4
93.5	1.0227	-0.5974	5.1293	4
93.55	1.023	-0.2834	5.1444	4
93.6	1.0232	-0.5968	5.1531	4
93.65	1.0241	-0.5502	5.131	4
93.7	1.0242	-0.196	5.1238	4
93.75	1.0246	-0.6704	5.1519	4
93.8	1.0249	-0.2599	5.1425	4
93.85	1.0247	-0.3286	5.135	4
93.9	1.0249	-0.5145	5.1293	4
93.95	1.0249	-0.3577	5.1297	4
94	1.0248	-0.3021	5.1334	4
94.05	1.0251	-0.5457	5.1176	4
94.1	1.0249	-0.2011	5.129	4
94.15	1.0253	-0.5202	5.1332	4
94.2	1.0257	-0.2457	5.1234	4
94.25	1.0257	-0.3824	5.1246	4
94.3	1.0256	-0.292	5.1293	4
94.35	1.0258	-0.4228	5.1246	4
94.4	1.0256	-0.1912	5.1262	4
94.45	1.0255	-0.3643	5.1116	4
94.5	1.0254	-0.2317	5.1095	4
94.55	1.0258	-0.7689	5.1021	4
94.6	1.0254	0.4155	5.0964	4
94.65	1.0248	-0.6662	5.1087	4
94.7	1.0256	-0.2158	5.1125	4
94.75	1.025	-0.2973	5.1174	4
94.8	1.025	-0.3041	5.1183	4
94.85	1.025	-0.3778	5.1214	4
94.9	1.0251	-0.2472	5.1152	4
94.95	1.0251	-0.3259	5.1153	4
95	1.0251	-0.2178	5.1096	4
95.05	1.0251	-0.5364	5.1001	4
95.1	1.0249	0.0759	5.1033	4
95.15	1.0241	-0.2552	5.1181	4
95.2	1.0248	-0.4368	5.1353	4
95.25	1.0243	-0.0025	5.1382	4
95.3	1.0241	-0.2665	5.136	4
95.35	1.0242	-0.3565	5.1348	4
95.4	1.0241	-0.2126	5.14	4
95.45	1.0238	-0.3655	5.1313	4
95.5	1.0236	-0.1863	5.124	4
95.55	1.023	-0.156	5.1363	4
95.6	1.0234	-0.3239	5.1179	4
95.65	1.0229	-0.0633	5.1105	4
95.7	1.0232	-0.6427	5.0998	4
95.75	1.0231	-0.004	5.1085	4
95.8	1.023	-0.5708	5.1157	4
95.85	1.0229	-0.1238	5.0975	4
95.9	1.0226	-0.2326	5.098	4
95.95	1.0227	-0.4331	5.1036	4
96	1.0229	-0.2867	5.1051	4
96.05	1.0226	-0.3189	5.103	4
96.1	1.023	-0.614	5.0861	4
96.15	1.0231	-0.3327	5.0818	4
96.2	1.023	-0.3887	5.1005	4
96.25	1.0233	-0.5524	5.1192	4
96.3	1.0236	-0.3917	5.1234	4
96.35	1.0238	-0.3478	5.1181	4
96.4	1.0243	-0.6146	5.1222	4
96.45	1.0248	-0.4325	5.1107	4
96.5	1.025	-0.6072	5.0989	4
96.55	1.0253	-0.3841	5.0921	4
96.6	1.026	-0.6714	5.0932	4
96.65	1.0264	-0.1757	5.0985	4
96.7	1.026	-0.3372	5.1018	4
96.75	1.0266	-0.625	5.1103	4
96.8	1.027	-0.4532	5.1052	4
96.85	1.0269	-0.17	5.0936	4
96.9	1.0271	-0.7625	5.1039	4
96.95	1.0281	-0.3706	5.1066	4
97	1.0278	-0.3968	5.0887	4
97.05	1.0281	-0.4496	5.1017	4
97.1	1.0289	-0.7433	5.1028	4
97.15	1.0292	-0.4031	5.1024	4
97.2	1.0294	-0.543	5.1007	4
97.25	1.0299	-0.4558	5.1103	4
97.3	1.0299	-0.6052	5.1035	4
97.35	1.0305	-0.4707	5.1051	4
97.4	1.0306	-0.5545	5.1044	4
97.45	1.0318	-0.6666	5.1021	4
97.5	1.0319	-0.4529	5.1098	4
97.55	1.0322	-0.5126	5.1069	4
97.6	1.033	-0.6813	5.0955	4
97.65	1.0335	-0.5342	5.0858	4
97.7	1.0336	-0.3868	5.1125	4
97.75	1.0346	-0.6998	5.1013	4
97.8	1.0349	-0.4809	5.1011	4
97.85	1.0352	-0.4214	5.0992	4
97.9	1.0355	-0.6397	5.1058	4
97.95	1.0365	-0.8068	5.093	4
98	1.0364	-0.1686	5.0798	4
98.05	1.0368	-0.6838	5.102	4
98.1	1.0377	-0.6208	5.0989	4
98.15	1.0376	-0.2013	5.093	4
98.2	1.0376	-0.3962	5.1084	4
98.25	1.0385	-0.7355	5.1006	4
98.3	1.0385	-0.2668	5.1077	4
98.35	1.0388	-0.6016	5.1073	4
98.4	1.0391	-0.4165	5.1055	4
98.45	1.0395	-0.4207	5.1009	4
98.5	1.0393	-0.3144	5.0977	4
98.55	1.0398	-0.663	5.1092	4
98.6	1.0399	-0.1758	5.1036	4
98.65	1.0402	-0.5162	5.0969	4
98.7	1.0402	-0.2413	5.0973	4
98.75	1.0403	-0.5255	5.0923	4
98.8	1.041	-0.3806	5.0926	4
98.85	1.0412	-0.5538	5.1044	4
98.9	1.0413	-0.1809	5.1015	4
98.95	1.0413	-0.6925	5.1	4
99	1.0416	-0.1191	5.0849	4
99.05	1.0415	-0.5934	5.0807	4
99.1	1.0416	-0.1216	5.0857	4
99.15	1.0411	-0.4986	5.0811	4
99.2	1.0419	-0.4968	5.0732	4
99.25	1.0417	-0.191	5.0671	4
99.3	1.0418	-0.5225	5.0808	4
99.35	1.0423	-0.4771	5.0842	4
99.4	1.0419	-0.0105	5.0895	4
99.45	1.042	-0.6785	5.0921	4
99.5	1.0425	-0.3743	5.1057	4
99.55	1.0419	-0.0626	5.1183	4
99.6	1.0422	-0.4803	5.1095	4
99.65	1.0425	-0.5849	5.092	4
99.7	1.0425	-0.1452	5.0847	4
99.75	1.0424	-0.4552	5.0838	4
99.8	1.043	-0.5271	5.0699	4
99.85	1.0429	-0.1783	5.0783	4
99.9	1.0435	-0.6054	5.0814	4
99.95	1.0434	-0.1593	5.0866	4
100	1.0436	-0.585	5.0834	4
100.05	1.0438	-0.3948	5.0875	4
100.1	1.0444	-0.459	5.0843	4
100.15	1.0445	-0.436	5.0801	4
100.2	1.0449	-0.497	5.0999	4
100.25	1.0449	-0.3215	5.0946	4
100.3	1.0453	-0.5299	5.081	4
100.35	1.0457	-0.3845	5.0823	4
100.4	1.0458	-0.4148	5.073	4
100.45	1.0459	-0.232	5.0764	4
100.5	1.0462	-0.6414	5.0933	4
100.55	1.046	-0.0601	5.1004	4
100.6	1.0462	-0.5902	5.096	4
100.65	1.0468	-0.5387	5.1177	4
100.7	1.0465	-0.0802	5.1154	4
100.75	1.0467	-0.6559	5.1066	4
100.8	1.0472	-0.4139	5.0824	4
100.85	1.0467	-0.0683	5.0761	4
100.9	1.0467	-0.5855	5.0948	4
100.95	1.047	-0.3446	5.1038	4
101	1.047	-0.3938	5.1093	4
101.05	1.0473	-0.3724	5.0916	4
101.1	1.047	-0.2221	5.0877	4
101.15	1.0476	-0.6549	5.1014	4
101.2	1.0478	-0.1741	5.1057	4
101.25	1.0474	-0.2341	5.0853	4
101.3	1.0474	-0.6054	5.0923	4
101.35	1.0477	-0.1327	5.0957	4
101.4	1.0474	-0.4079	5.0986	4
101.45	1.0474	-0.2147	5.0943	4
101.5	1.048	-0.6456	5.1003	4
101.55	1.0477	0.0099	5.1051	4
101.6	1.0477	-0.389	5.0941	4
101.65	1.0478	-0.355	5.0958	4
101.7	1.0478	-0.2771	5.0983	4
101.75	1.0475	0.0406	5.0969	4
101.8	1.0471	-0.382	5.0854	4
101.85	1.0471	-0.1567	5.0811	4
101.9	1.0466	-0.191	5.0943	4
101.95	1.0466	-0.2613	5.1022	4
102	1.0461	0.0072	5.1011	4
102.05	1.0466	-0.7054	5.0825	4
102.1	1.0457	0.3676	5.0862	4
102.15	1.0452	-0.3815	5.0967	4
102.2	1.0445	0.056	5.1124	4
102.25	1.0441	0.0559	5.1023	4
102.3	1.0434	-0.4144	5.0998	4
102.35	1.0441	-0.4073	5.0985	4
102.4	1.043	0.4255	5.1053	4
102.45	1.0428	-0.8247	5.1091	4
102.5	1.0431	0.0847	5.1103	4
102.55	1.0422	-0.1464	5.1006	4
102.6	1.0417	0.0076	5.0934	4
102.65	1.0418	-0.5278	5.1055	4
102.7	1.0411	0.1418	5.1001	4
102.75	1.0412	-0.6489	5.105	4
102.8	1.0408	0.0626	5.1065	4
102.85	1.0407	-0.4887	5.0938	4
102.9	1.0408	-0.0494	5.0972	4
102.95	1.0403	-0.1845	5.0872	4
103	1.0406	-0.4419	5.0958	4
103.05	1.0407	-0.3861	5.1148	4
103.1	1.0404	0.2262	5.1087	4
103.15	1.0395	-0.5247	5.1154	4
103.2	1.0403	-0.247	5.1279	4
103.25	1.0392	0.1452	5.126	4
103.3	1.039	-0.4259	5.1093	4
103.35	1.0397	-0.5012	5.0923	4
103.4	1.0393	-0.102	5.101	4
103.45	1.0384	-0.01	5.1097	4
103.5	1.039	-0.6	5.1016	4
103.55	1.0382	0.2363	5.0961	4
103.6	1.0379	-0.4184	5.1088	4
103.65	1.0372	0.0722	5.1095	4
103.7	1.0369	-0.1805	5.0946	4
103.75	1.0369	-0.0743	5.0938	4
103.8	1.0359	0.0077	5.0984	4
103.85	1.0354	-0.2192	5.1039	4
103.9	1.0349	0.1234	5.1102	4
103.95	1.0337	0.2279	5.1143	4
104	1.0333	-0.3634	5.115	4
104.05	1.0325	0.4728	5.1417	4
104.1	1.0314	-0.1707	5.143	4
104.15	1.0315	-0.0949	5.1185	4
104.2	1.0303	0.2795	5.1169	4
104.25	1.0295	-0.1453	5.126	4
104.3	1.0289	0.0575	5.1329	4
104.35	1.0274	0.3001	5.1203	4
104.4	1.0268	-0.2192	5.1172	4
104.45	1.0262	0.1771	5.12	4
104.5	1.0252	0.1785	5.117	4
104.55	1.0244	-0.1843	5.1262	4
104.6	1.0233	0.3826	5.1235	4
104.65	1.0225	-0.1322	5.1081	4
104.7	1.0213	0.2298	5.1152	4
104.75	1.021	-0.1752	5.1171	4
104.8	1.02	0.3588	5.1019	4
104.85	1.0188	0.0154	5.1012	4
104.9	1.0187	-0.1569	5.1077	4
104.95	1.0176	0.3208	5.1188	4
105	1.0165	0.0614	5.1117	4
105.05	1.0166	-0.4318	5.0978	4
105.1	1.0152	0.6454	5.0989	4
105.15	1.0137	-0.1603	5.1022	4
105.2	1.0145	-0.4158	5.0929	4
105.25	1.0128	0.5977	5.0825	4
105.3	1.0122	-0.287	5.1018	4
105.35	1.0119	-0.0451	5.1087	4
105.4	1.0109	0.1723	5.1038	4
105.45	1.01	-0.1222	5.0994	4
105.5	1.0101	-0.2674	5.1013	4
105.55	1.0087	0.3127	5.1112	4
105.6	1.0083	-0.3343	5.1048	4
105.65	1.0076	0.0162	5.1021	4
105.7	1.0074	-0.3211	5.0992	4
105.75	1.0066	0.2635	5.1011	4
105.8	1.006	-0.5045	5.1072	4
105.85	1.0058	0.2663	5.1145	4
105.9	1.0056	-0.6647	5.1137	4
105.95	1.0054	0.224	5.1174	4
106	1.005	-0.4458	5.1178	4
106.05	1.0045	0.233	5.1412	4
106.1	1.0036	-0.3396	5.1355	4
106.15	1.0038	-0.2898	5.1262	4
106.2	1.0033	-0.1444	5.1225	4
106.25	1.003	-0.0798	5.1071	4
106.3	1.0027	-0.2204	5.1028	4
106.35	1.0023	-0.0052	5.1149	4
106.4	1.0015	-0.3467	5.1084	4
106.45	1.002	-0.3395	5.1048	4
106.5	1.0012	-0.0639	5.1122	4
106.55	1.0014	-0.2645	5.1124	4
106.6	1.0014	-0.2404	5.0992	4
106.65	1.0012	-0.1286	5.0914	4
106.7	1.0008	-0.1483	5.1031	4
106.75	1.0006	-0.2195	5.0916	4
106.8	0.9998	-0.0031	5.0845	4
106.85	1	-0.5453	5.0984	4
106.9	0.9995	0.0468	5.1131	4
106.95	0.9989	-0.2101	5.098	4
107	0.999	-0.349	5.0926	4
107.05	0.9988	-0.1058	5.1001	4
107.1	0.9976	0.0857	5.1181	4
107.15	0.9975	-0.3989	5.1344	4
107.2	0.9971	-0.0107	5.1145	4
107.25	0.9968	-0.2427	5.1036	4
107.3	0.9966	0.1007	5.1044	4
107.35	0.996	-0.2638	5.1057	4
107.4	0.9956	-0.0754	5.0967	4
107.45	0.9951	-0.1994	5.093	4
107.5	0.9949	-0.0863	5.1031	4
107.55	0.9942	-0.0287	5.0933	4
107.6	0.994	-0.1676	5.0876	4
107.65	0.9932	0.0052	5.0957	4
107.7	0.9926	-0.0452	5.0927	4
107.75	0.9925	-0.3484	5.0966	4
107.8	0.992	0.219	5.0874	4
107.85	0.9909	-0.1038	5.0761	4
107.9	0.9905	-0.2145	5.0802	4
107.95	0.99	-0.1228	5.0778	4
108	0.9893	0.1259	5.0801	4
108.05	0.9889	-0.3028	5.0822	4
108.1	0.9882	-0.0613	5.0744	4
108.15	0.9876	-0.0291	5.0981	4
108.2	0.9867	-0.0074	5.0964	4
108.25	0.9867	-0.1233	5.0889	4
108.3	0.9857	0.1761	5.0932	4
108.35	0.985	-0.1645	5.0914	4
108.4	0.9845	-0.0156	5.0958	4
108.45	0.9839	-0.1773	5.0976	4
108.5	0.9831	0.1452	5.0967	4
108.55	0.9828	-0.3043	5.1102	4
108.6	0.9821	0.1272	5.1064	4
108.65	0.9814	-0.0381	5.0993	4
108.7	0.9811	-0.2789	5.0983	4
108.75	0.9805	-0.0118	5.1142	4
108.8	0.9794	0.2105	5.1026	4
108.85	0.9789	-0.2483	5.097	4
108.9	0.9785	0.0893	5.1067	4
108.95	0.9773	0.088	5.1053	4
109	0.9769	-0.1501	5.1159	4
109.05	0.9766	-0.2184	5.1208	4
109.1	0.9757	0.1725	5.1118	4
109.15	0.9753	-0.3714	5.1188	4
109.2	0.9748	0.1578	5.1179	4
109.25	0.9739	-0.0188	5.1125	4
109.3	0.9737	-0.2895	5.1005	4
109.35	0.9734	0.0181	5.0952	4
109.4	0.973	-0.1865	5.1058	4
109.45	0.9721	0.0433	5.1022	4
109.5	0.9716	-0.254	5.1029	4
109.55	0.9715	-0.2174	5.1135	4
109.6	0.9711	-0.0675	5.1092	4
109.65	0.971	-0.3445	5.092	4
109.7	0.9706	-0.047	5.0785	4
109.75	0.9699	-0.1647	5.0687	4
109.8	0.9696	-0.2116	5.0654	4
109.85	0.9694	-0.2847	5.0693	4
109.9	0.9692	-0.2824	5.0996	4
109.95	0.969	-0.4366	5.1002	4
110	0.9694	-0.2173	5.0836	4
110.05	0.9692	-0.1593	5.0966	4
110.1	0.9687	-0.2871	5.096	4
110.15	0.9687	-0.4694	5.0847	4
110.2	0.9683	0.0096	5.0866	4
110.25	0.9685	-0.5477	5.0934	4
110.3	0.969	-0.5837	5.0994	4
110.35	0.9688	-0.1012	5.0931	4
110.4	0.9683	-0.2682	5.0966	4
110.45	0.9685	-0.3961	5.1015	4
110.5	0.9686	-0.2465	5.1021	4
110.55	0.9682	-0.1368	5.1026	4
110.6	0.9681	-0.5531	5.0814	4
110.65	0.9684	-0.3791	5.0867	4
110.7	0.9677	0.1011	5.0961	4
110.75	0.9683	-0.7875	5.0933	4
110.8	0.9685	-0.3308	5.1059	4
110.85	0.9683	-0.0931	5.1193	4
110.9	0.9681	-0.4434	5.1179	4
110.95	0.9684	-0.2492	5.1282	4
111	0.9683	-0.4534	5.1327	4
111.05	0.9679	-0.084	5.1186	4
111.1	0.9684	-0.6591	5.1008	4
111.15	0.9684	-0.133	5.0989	4
111.2	0.9682	-0.3005	5.1071	4
111.25	0.9683	-0.4426	5.1057	4
111.3	0.9681	-0.2951	5.1088	4
111.35	0.9683	-0.2733	5.0985	4
111.4	0.9681	-0.4602	5.0903	4
111.45	0.9682	-0.3375	5.0949	4
111.5	0.9679	-0.4129	5.0867	4
111.55	0.9684	-0.3766	5.0794	4
111.6	0.9688	-0.4165	5.0802	4
111.65	0.9687	-0.464	5.0867	4
111.7	0.9683	-0.0496	5.105	4
111.75	0.9691	-0.8207	5.1071	4
111.8	0.9689	0.0701	5.1073	4
111.85	0.9689	-0.2873	5.0895	4
111.9	0.9691	-0.8525	5.0844	4
111.95	0.9692	0.2608	5.1189	4
112	0.9685	-0.6876	5.1263	4
112.05	0.9693	-0.5508	5.1136	4
112.1	0.9696	-0.0978	5.1044	4
112.15	0.9682	-0.1715	5.0942	4
112.2	0.9692	-0.5631	5.1069	4
112.25	0.9692	-0.4844	5.1265	4
112.3	0.9688	0.1005	5.1104	4
112.35	0.969	-0.4984	5.1012	4
112.4	0.9691	-0.3553	5.1004	4
112.45	0.9695	-0.3403	5.1036	4
112.5	0.9688	-0.1326	5.1009	4
112.55	0.9692	-0.6456	5.105	4
112.6	0.969	-0.0709	5.114	4
112.65	0.9685	-0.3508	5.115	4
112.7	0.9688	-0.3521	5.115	4
112.75	0.9686	-0.2671	5.1048	4
112.8	0.9684	-0.3166	5.0959	4
112.85	0.9685	-0.3824	5.1058	4
112.9	0.9685	-0.1968	5.0936	4
112.95	0.9682	-0.4475	5.088	4
113	0.969	-0.297	5.0939	4
113.05	0.9681	-0.3354	5.1003	4
113.1	0.9683	-0.0055	5.1122	4
113.15	0.9684	-0.7625	5.0959	4
113.2	0.9685	0.0382	5.0913	4
113.25	0.9681	-0.3306	5.1143	4
113.3	0.9678	-0.476	5.1137	4
113.35	0.9683	-0.2297	5.1045	4
113.4	0.9684	-0.5314	5.1036	4
113.45	0.9681	-0.0702	5.1023	4
113.5	0.9683	-0.5034	5.114	4
113.55	0.9686	-0.5531	5.1126	4
113.6	0.968	0.2131	5.1176	4
113.65	0.9688	-0.9941	5.1138	4
113.7	0.9681	0.0196	5.1017	4
113.75	0.9682	-0.1308	5.1033	4
113.8	0.9683	-0.8667	5.1068	4
113.85	0.9689	0.1497	5.1109	4
113.9	0.9681	-0.5632	5.1138	4
113.95	0.9686	-0.5603	5.125	4
114	0.9682	0.1525	5.1237	4
114.05	0.968	-0.8987	5.1167	4
114.1	0.9686	0.0277	5.1286	4
114.15	0.9684	-0.4381	5.1294	4
114.2	0.9687	-0.733	5.1349	4
114.25	0.969	0.1235	5.123	4
114.3	0.9685	-0.8269	5.1046	4
114.35	0.9697	-0.3109	5.1297	4
114.4	0.9693	-0.3856	5.1195	4
114.45	0.969	-0.4444	5.0981	4
114.5	0.9694	-0.287	5.1015	4
114.55	0.9697	-0.8174	5.1024	4
114.6	0.9705	-0.1361	5.1254	4
114.65	0.9709	-0.8544	5.1213	4
114.7	0.9709	-0.2655	5.1144	4
114.75	0.9715	-0.6521	5.1225	4
114.8	0.9713	-0.4771	5.1221	4
114.85	0.9722	-0.7595	5.1183	4
114.9	0.972	-0.0017	5.1127	4
114.95	0.9723	-0.9707	5.1142	4
115	0.9737	-0.373	5.1286	4
115.05	0.9736	-0.7168	5.1411	4
115.1	0.974	-0.1294	5.1398	4
115.15	0.9746	-1.1409	5.1577	4
115.2	0.9754	-0.2407	5.1621	4
115.25	0.9754	-0.3655	5.156	4
115.3	0.9763	-0.9786	5.1542	4
115.35	0.9775	-0.4712	5.1496	4
115.4	0.9772	-0.3991	5.1404	4
115.45	0.9776	-0.6061	5.1484	4
115.5	0.9784	-0.5996	5.1512	4
115.55	0.9786	-0.6032	5.1489	4
115.6	0.9794	-0.4577	5.144	4
115.65	0.98	-0.7075	5.1462	4
115.7	0.9806	-0.6741	5.14	4
115.75	0.9812	-0.3836	5.1323	4
115.8	0.9816	-0.7731	5.1304	4
115.85	0.9828	-0.6851	5.1175	4
115.9	0.9828	-0.3158	5.1233	4
115.95	0.9834	-1.0007	5.1194	4
116	0.9846	-0.4808	5.1231	4
116.05	0.9849	-0.7476	5.1375	4
116.1	0.9854	-0.3024	5.1482	4
116.15	0.9862	-0.9726	5.142	4
116.2	0.9869	-0.5103	5.1169	4
116.25	0.9874	-0.6403	5.1225	4
116.3	0.9882	-0.6185	5.1275	4
116.35	0.9889	-0.8114	5.1193	4
116.4	0.9902	-0.806	5.1235	4
116.45	0.9899	-0.1446	5.126	4
116.5	0.9913	-1.3049	5.1218	4
116.55	0.993	-0.5865	5.117	4
116.6	0.9933	-0.6024	5.1277	4
116.65	0.9936	-0.5264	5.131	4
116.7	0.995	-1.1577	5.1157	4
116.75	0.9955	-0.3395	5.1225	4
116.8	0.9961	-0.6772	5.1214	4
116.85	0.9971	-0.8631	5.1244	4
116.9	0.9984	-0.6472	5.1176	4
116.95	0.9982	-0.442	5.1253	4
117	0.9994	-1.1806	5.1348	4
117.05	1.0007	-0.5566	5.1375	4
117.1	1.0009	-0.5997	5.1097	4
117.15	1.002	-0.9171	5.0996	4
117.2	1.0028	-0.9624	5.1058	4
117.25	1.0036	-0.4857	5.1066	4
117.3	1.0042	-0.8716	5.1196	4
117.35	1.0058	-0.8756	5.1316	4
117.4	1.0066	-0.5483	5.1271	4
117.45	1.0068	-0.6156	5.1198	4
117.5	1.0084	-1.1893	5.1096	4
117.55	1.0092	-0.4137	5.1062	4
117.6	1.0098	-0.7848	5.0943	4
117.65	1.0115	-1.0553	5.0919	4
117.7	1.0125	-0.6815	5.1057	4
117.75	1.0127	-0.5757	5.1059	4
117.8	1.0135	-0.9262	5.1023	4
117.85	1.0151	-0.8623	5.112	4
117.9	1.0149	0.0123	5.1196	4
117.95	1.0157	-1.2277	5.1185	4
118	1.017	-0.5729	5.1073	4
118.05	1.0174	-0.5705	5.0986	4
118.1	1.0173	-0.352	5.0971	4
118.15	1.018	-1.0641	5.1071	4
118.2	1.0192	-0.4831	5.1178	4
118.25	1.0193	-0.4621	5.1188	4
118.3	1.0202	-0.9009	5.115	4
118.35	1.0212	-0.6881	5.1044	4
118.4	1.0215	-0.24	5.0966	4
118.45	1.0222	-0.98	5.1044	4
118.5	1.0229	-0.3418	5.1012	4
118.55	1.023	-0.6622	5.0925	4
118.6	1.0239	-0.5426	5.0949	4
118.65	1.0248	-0.8335	5.1074	4
118.7	1.0252	-0.2636	5.1187	4
118.75	1.0251	-0.3589	5.1174	4
118.8	1.0256	-0.735	5.1198	4
118.85	1.0264	-0.4219	5.1178	4
118.9	1.0265	-0.38	5.1195	4
118.95	1.0273	-0.7933	5.1202	4
119	1.0282	-0.6752	5.11	4
119.05	1.028	-0.1129	5.1194	4
119.1	1.0281	-0.7352	5.1325	4
119.15	1.0286	-0.3498	5.1295	4
119.2	1.0292	-0.6219	5.1272	4
119.25	1.029	-0.2449	5.1079	4
119.3	1.0296	-0.6868	5.1108	4
119.35	1.0302	-0.4177	5.1285	4
119.4	1.0303	-0.4244	5.1119	4
119.45	1.0305	-0.5548	5.1035	4
119.5	1.0308	-0.4451	5.108	4
119.55	1.0313	-0.3861	5.0987	4
119.6	1.0316	-0.5053	5.0909	4
119.65	1.0313	-0.2514	5.1037	4
119.7	1.0322	-0.9389	5.1264	4
119.75	1.0324	-0.0385	5.1358	4
119.8	1.0325	-0.5632	5.1384	4
119.85	1.0329	-0.4221	5.1383	4
119.9	1.0329	-0.4279	5.1279	4
119.95	1.0332	-0.357	5.1298	4
120	1.033	-0.684	5.1445	4
120.05	1.0336	-0.1646	5.1348	4
120.1	1.0336	-0.7408	5.1303	4
120.15	1.0341	-0.115	5.1313	4
120.2	1.0343	-0.6738	5.1262	4
120.25	1.0347	-0.2629	5.1186	4
120.3	1.0347	-0.4248	5.123	4
120.35	1.035	-0.3925	5.1412	4
120.4	1.0347	-0.2759	5.1368	4
120.45	1.0351	-0.573	5.1273	4
120.5	1.0348	-0.0309	5.1333	4
120.55	1.0345	-0.5638	5.1346	4
120.6	1.0348	-0.3365	5.1421	4
120.65	1.0349	-0.3333	5.1224	4
120.7	1.0346	-0.1847	5.1058	4
120.75	1.0353	-0.5818	5.1154	4
120.8	1.0348	-0.0419	5.1192	4
120.85	1.035	-0.4854	5.109	4
120.9	1.0351	-0.4519	5.1027	4
120.95	1.0355	-0.2946	5.1054	4
121	1.0345	-0.054	5.12	4
121.05	1.035	-0.4607	5.1231	4
121.1	1.0346	-0.2456	5.1357	4
121.15	1.0347	-0.2583	5.1265	4
121.2	1.0337	-0.0493	5.1298	4
121.25	1.0339	-0.5512	5.1384	4
121.3	1.0345	-0.3985	5.1243	4
121.35	1.0336	0.2144	5.124	4
121.4	1.0339	-0.5387	5.1321	4
121.45	1.0337	-0.3691	5.1221	4
121.5	1.0333	0.3455	5.1189	4
121.55	1.0333	-0.8382	5.1183	4
121.6	1.0336	0.0626	5.1356	4
121.65	1.0329	-0.3813	5.138	4
121.7	1.0323	0.2342	5.1282	4
121.75	1.0322	-0.6986	5.1285	4
121.8	1.032	0.1966	5.1242	4
121.85	1.0317	-0.3469	5.1194	4
121.9	1.031	-0.1206	5.1279	4
121.95	1.0314	-0.3453	5.1372	4
122	1.0304	0.0397	5.1538	4
122.05	1.03	-0.4182	5.1531	4
122.1	1.0297	0.1348	5.1393	4
122.15	1.0294	-0.5065	5.1304	4
122.2	1.0289	0.3214	5.1322	4
122.25	1.0289	-0.5384	5.142	4
122.3	1.0284	-0.0435	5.1285	4
122.35	1.0281	0.0854	5.1151	4
122.4	1.0272	-0.1973	5.1124	4
122.45	1.0276	-0.3385	5.0952	4
122.5	1.0273	-0.1007	5.0929	4
122.55	1.026	0.1833	5.1141	4
122.6	1.0255	-0.322	5.1244	4
122.65	1.0254	-0.023	5.1246	4
122.7	1.0251	-0.339	5.1039	4
122.75	1.0247	0.3973	5.0888	4
122.8	1.0245	-0.8607	5.0974	4
122.85	1.0244	0.5215	5.0958	4
122.9	1.0229	-0.0923	5.1059	4
122.95	1.0226	-0.198	5.1014	4
123	1.0227	-0.4737	5.0869	4
123.05	1.0215	0.626	5.096	4
123.1	1.0206	-0.4979	5.1205	4
123.15	1.0204	0.1389	5.1244	4
123.2	1.0203	-0.5183	5.1189	4
123.25	1.0186	0.708	5.1272	4
123.3	1.0184	-0.5471	5.1437	4
123.35	1.018	-0.0497	5.1531	4
123.4	1.0168	0.2358	5.1626	4
123.45	1.0163	-0.1392	5.1528	4
123.5	1.0162	-0.3439	5.158	4
123.55	1.0154	0.3011	5.1635	4
123.6	1.0149	-0.3886	5.152	4
123.65	1.015	-0.3235	5.1582	4
123.7	1.0145	0.1733	5.1715	4
123.75	1.0141	-0.2296	5.1689	4
123.8	1.0133	-0.1225	5.1609	4
123.85	1.0136	-0.1776	5.1552	4
123.9	1.0126	-0.1094	5.1516	4
123.95	1.012	-0.1831	5.1561	4
124	1.0127	-0.5581	5.147	4
124.05	1.0113	0.2933	5.1448	4
124.1	1.0119	-0.439	5.1358	4
124.15	1.0115	-0.2816	5.1301	4
124.2	1.0122	-0.2151	5.1454	4
124.25	1.011	-0.1416	5.1382	4
124.3	1.0117	-0.4448	5.1564	4
124.35	1.0116	-0.399	5.1564	4
124.4	1.0118	-0.221	5.1538	4
124.45	1.0112	-0.2055	5.158	4
124.5	1.0115	-0.5387	5.1393	4
124.55	1.0112	-0.3784	5.1483	4
124.6	1.0116	-0.2758	5.1486	4
124.65	1.0119	-0.7142	5.1408	4
124.7	1.012	-0.3338	5.1361	4
124.75	1.0124	-0.4324	5.1362	4
124.8	1.0125	-0.6454	5.1333	4
124.85	1.0134	-0.4884	5.1331	4
124.9	1.0139	-0.7367	5.1271	4
124.95	1.0147	-0.4624	5.1145	4
125	1.0154	-0.7966	5.1117	4
125.05	1.0162	-0.4788	5.1224	4
125.1	1.0166	-1.0377	5.1226	4
125.15	1.0175	-0.2702	5.1087	4
125.2	1.0179	-1.0526	5.1214	4
125.25	1.0192	-0.5447	5.1208	4
125.3	1.0197	-0.8426	5.128	4
125.35	1.0204	-0.4716	5.1356	4
125.4	1.0208	-0.9145	5.1234	4
125.45	1.0226	-0.8633	5.1192	4
125.5	1.0231	-0.6214	5.1151	4
125.55	1.0235	-0.5865	5.1155	4
125.6	1.0248	-1.2008	5.1108	4
125.65	1.0262	-0.6676	5.1086	4
125.7	1.0259	-0.3345	5.1287	4
125.75	1.0279	-1.4153	5.1301	4
125.8	1.0291	-0.7203	5.1321	4
125.85	1.0297	-0.3865	5.1344	4
125.9	1.0305	-1.2184	5.1292	4
125.95	1.0317	-0.4778	5.1291	4
126	1.0326	-0.9508	5.1304	4
126.05	1.0331	-0.3461	5.1439	4
126.1	1.034	-1.1224	5.1389	4
126.15	1.0351	-0.5674	5.1141	4
126.2	1.0357	-0.7427	5.1152	4
126.25	1.0365	-0.797	5.1233	4
126.3	1.0376	-0.7712	5.1191	4
126.35	1.038	-0.3993	5.1297	4
126.4	1.0389	-0.8073	5.1293	4
126.45	1.0397	-0.5841	5.1247	4
126.5	1.0403	-0.6929	5.1232	4
126.55	1.0408	-0.3399	5.1312	4
126.6	1.041	-0.8263	5.1351	4
126.65	1.042	-0.7448	5.1252	4
126.7	1.0422	-0.2962	5.1287	4
126.75	1.0425	-0.6505	5.1121	4
126.8	1.0436	-0.7663	5.1105	4
126.85	1.0444	-0.4292	5.1109	4
126.9	1.0441	-0.3755	5.0986	4
126.95	1.0453	-0.8463	5.0995	4
127	1.0454	-0.3708	5.1165	4
127.05	1.0461	-0.5873	5.1141	4
127.1	1.0459	-0.3077	5.1332	4
127.15	1.0468	-0.7409	5.1325	4
127.2	1.047	-0.34	5.1227	4
127.25	1.0473	-0.3256	5.1246	4
127.3	1.0475	-0.7679	5.1273	4
127.35	1.048	-0.1967	5.1359	4
127.4	1.0482	-0.4371	5.1391	4
127.45	1.0485	-0.6023	5.1355	4
127.5	1.0489	-0.2818	5.1344	4
127.55	1.0484	-0.3721	5.1338	4
127.6	1.0485	-0.2891	5.1411	4
127.65	1.0489	-0.5275	5.1484	4
127.7	1.0484	-0.036	5.1555	4
127.75	1.0487	-0.5494	5.1637	4
127.8	1.0487	-0.234	5.1579	4
127.85	1.0488	-0.5244	5.1464	4
127.9	1.0493	-0.3028	5.1446	4
127.95	1.0479	-0.0065	5.1442	4
128	1.0486	-0.7323	5.1495	4
128.05	1.0483	0.1472	5.1398	4
128.1	1.048	-0.3976	5.1498	4
128.15	1.0484	-0.5509	5.1463	4
128.2	1.048	0.17	5.1239	4
128.25	1.0472	-0.2156	5.1343	4
128.3	1.0487	-0.7296	5.132	4
128.35	1.0473	0.4452	5.1259	4
128.4	1.0472	-0.7117	5.1453	4
128.45	1.0474	-0.067	5.1465	4
128.5	1.0472	-0.3939	5.1319	4
128.55	1.047	-0.2406	5.1251	4
128.6	1.0468	-0.2691	5.1303	4
128.65	1.0466	-0.2452	5.1271	4
128.7	1.0468	-0.3308	5.1199	4
128.75	1.0465	-0.1885	5.1423	4
128.8	1.0465	-0.3992	5.1584	4
128.85	1.0457	0.0592	5.1531	4
128.9	1.0458	-0.5812	5.1524	4
128.95	1.046	-0.185	5.1463	4
129	1.0456	-0.1869	5.1505	4
129.05	1.0457	-0.5047	5.1422	4
129.1	1.0454	0.0039	5.1433	4
129.15	1.0453	-0.4176	5.1469	4
129.2	1.0454	-0.4653	5.129	4
129.25	1.0457	-0.2838	5.1234	4
129.3	1.045	-0.0821	5.1226	4
129.35	1.045	-0.5259	5.1281	4
129.4	1.0457	-0.4943	5.1348	4
129.45	1.0456	-0.1955	5.1308	4
129.5	1.0454	-0.4715	5.1483	4
129.55	1.0461	-0.4796	5.1549	4
129.6	1.046	-0.2857	5.1412	4
129.65	1.0463	-0.4867	5.1386	4
129.7	1.0462	-0.4572	5.1292	4
129.75	1.0469	-0.6545	5.1273	4
129.8	1.0468	-0.1295	5.1277	4
129.85	1.0475	-0.7214	5.1415	4
129.9	1.0484	-0.6209	5.1441	4
129.95	1.0489	-0.3054	5.1293	4
130	1.0483	-0.4659	5.1196	4
130.05	1.0495	-0.8238	5.1311	4
130.1	1.0497	-0.2123	5.1227	4
130.15	1.0498	-0.5647	5.1191	4
130.2	1.0502	-0.5536	5.1287	4
130.25	1.0509	-0.7394	5.1285	4
130.3	1.051	-0.27	5.1126	4
130.35	1.0515	-0.7433	5.1123	4
130.4	1.0521	-0.4862	5.1244	4
130.45	1.0521	-0.4982	5.1221	4
130.5	1.0522	-0.3584	5.1135	4
130.55	1.0533	-0.9128	5.1108	4
130.6	1.0539	-0.2946	5.1108	4
130.65	1.0536	-0.4115	5.1214	4
130.7	1.0545	-0.7795	5.1214	4
130.75	1.0549	-0.3869	5.1324	4
130.8	1.0553	-0.5099	5.1492	4
130.85	1.0558	-0.663	5.1527	4
130.9	1.0563	-0.3539	5.156	4
130.95	1.0563	-0.549	5.1541	4
131	1.057	-0.5162	5.1459	4
131.05	1.0578	-0.9674	5.156	4
131.1	1.0583	-0.2092	5.1418	4
131.15	1.0579	-0.3553	5.1367	4
131.2	1.0588	-0.8747	5.127	4
131.25	1.0592	-0.2815	5.1138	4
131.3	1.059	-0.4366	5.1224	4
131.35	1.0598	-0.7416	5.1288	4
131.4	1.0602	-0.3675	5.1273	4
131.45	1.0596	-0.1616	5.1404	4
131.5	1.0609	-0.9389	5.1423	4
131.55	1.061	-0.0848	5.1596	4
131.6	1.061	-0.6157	5.1731	4
131.65	1.0615	-0.2817	5.161	4
131.7	1.0615	-0.5262	5.1413	4
131.75	1.0617	-0.3129	5.1262	4
131.8	1.0615	-0.3721	5.1303	4
131.85	1.0613	-0.1882	5.1445	4
131.9	1.062	-0.6812	5.1452	4
131.95	1.0618	0.0548	5.1327	4
132	1.0616	-0.4492	5.1177	4
132.05	1.0621	-0.4505	5.1122	4
132.1	1.0614	0.0742	5.1102	4
132.15	1.0616	-0.6456	5.1097	4
132.2	1.0615	-0.29	5.122	4
132.25	1.0617	-0.282	5.1107	4
132.3	1.0613	-0.2261	5.1149	4
132.35	1.0614	-0.2048	5.1149	4
132.4	1.0611	-0.3407	5.1125	4
132.45	1.061	-0.0878	5.1139	4
132.5	1.0601	-0.0737	5.1037	4
132.55	1.0604	-0.6283	5.1088	4
132.6	1.06	0.3224	5.1387	4
132.65	1.0595	-0.4857	5.1349	4
132.7	1.0596	-0.2427	5.1222	4
132.75	1.0595	-0.3065	5.1256	4
132.8	1.0591	0.0352	5.1284	4
132.85	1.0592	-0.4695	5.138	4
132.9	1.0586	-0.0055	5.1437	4
132.95	1.0585	-0.2316	5.1472	4
133	1.0581	-0.0372	5.1244	4
133.05	1.0576	-0.3664	5.1123	4
133.1	1.0578	-0.252	5.1222	4
133.15	1.0569	0.1301	5.1125	4
133.2	1.0567	-0.4381	5.1214	4
133.25	1.0568	-0.1983	5.1228	4
133.3	1.0562	0.0127	5.1056	4
133.35	1.0556	-0.2278	5.1138	4
133.4	1.0557	-0.2555	5.1082	4
133.45	1.0549	0.1387	5.112	4
133.5	1.0548	-0.479	5.1295	4
133.55	1.0547	-0.0998	5.1211	4
133.6	1.054	-0.0801	5.1111	4
133.65	1.0532	0.0064	5.1239	4
133.7	1.0534	-0.4032	5.133	4
133.75	1.0528	0.1034	5.115	4
133.8	1.0522	-0.1513	5.1196	4
133.85	1.0513	0.0639	5.1251	4
133.9	1.0514	-0.5744	5.118	4
133.95	1.0505	0.4685	5.1184	4
134	1.05	-0.531	5.1185	4
134.05	1.0499	0.1108	5.1039	4
134.1	1.0491	-0.0843	5.1226	4
134.15	1.0485	-0.1798	5.1147	4
134.2	1.0486	-0.2629	5.1065	4
134.25	1.0479	0.0316	5.1256	4
134.3	1.0469	-0.0976	5.1361	4
134.35	1.0467	-0.0941	5.1136	4
134.4	1.0464	-0.3557	5.0861	4
134.45	1.0461	0.0062	5.0725	4
134.5	1.0454	-0.1718	5.0794	4
134.55	1.045	-0.2769	5.0972	4
134.6	1.0442	0.2257	5.0945	4
134.65	1.0437	-0.3275	5.106	4
134.7	1.0436	-0.1505	5.1151	4
134.75	1.0431	-0.0933	5.1078	4
134.8	1.0426	-0.1132	5.0987	4
134.85	1.0429	-0.4271	5.0917	4
134.9	1.0423	0.0513	5.1001	4
134.95	1.0419	-0.3209	5.1156	4
135	1.042	-0.2448	5.111	4
135.05	1.0419	-0.3087	5.1166	4
135.1	1.0421	-0.1722	5.1264	4
135.15	1.0413	-0.2043	5.1308	4
135.2	1.041	-0.1086	5.1391	4
135.25	1.041	-0.4272	5.1463	4
135.3	1.0406	-0.027	5.1401	4
135.35	1.0407	-0.5978	5.1356	4
135.4	1.0405	-0.0618	5.1332	4
135.45	1.0401	-0.4275	5.1222	4
135.5	1.0406	-0.4551	5.1251	4
135.55	1.0402	-0.0947	5.1294	4
135.6	1.0406	-0.557	5.1307	4
135.65	1.0405	-0.1544	5.1435	4
135.7	1.0404	-0.3971	5.1405	4
135.75	1.0405	-0.4568	5.1304	4
135.8	1.041	-0.3754	5.1233	4
135.85	1.0405	-0.2769	5.12	4
135.9	1.0412	-0.5311	5.1309	4
135.95	1.0409	-0.0497	5.1302	4
136	1.0411	-0.6392	5.1223	4
136.05	1.0409	-0.162	5.114	4
136.1	1.0407	-0.5455	5.1278	4
136.15	1.0409	-0.3314	5.1308	4
136.2	1.0415	-0.6543	5.1412	4
136.25	1.0414	-0.1615	5.1492	4
136.3	1.0417	-0.7551	5.1399	4
136.35	1.0423	-0.3862	5.1352	4
136.4	1.0424	-0.4587	5.132	4
136.45	1.0429	-0.3972	5.1236	4
136.5	1.0432	-0.7748	5.1208	4
136.55	1.0437	-0.3826	5.1153	4
136.6	1.044	-0.7063	5.1289	4
136.65	1.0449	-0.5143	5.1234	4
136.7	1.0451	-0.5469	5.1035	4
136.75	1.0459	-0.5252	5.115	4
136.8	1.0459	-0.4787	5.1041	4
136.85	1.0465	-0.6224	5.1111	4
136.9	1.0468	-0.2446	5.1449	4
136.95	1.0473	-0.6441	5.1273	4
137	1.0476	-0.5696	5.1166	4
137.05	1.048	-0.4151	5.1277	4
137.1	1.0479	-0.4888	5.1212	4
137.15	1.0489	-0.8177	5.1187	4
137.2	1.0491	-0.1795	5.124	4
137.25	1.0496	-0.6847	5.1303	4
137.3	1.0504	-0.3783	5.1456	4
137.35	1.0506	-0.5648	5.1497	4
137.4	1.0511	-0.366	5.1472	4
137.45	1.0514	-0.6046	5.1406	4
137.5	1.0513	-0.2911	5.1183	4
137.55	1.0522	-0.8603	5.1193	4
137.6	1.0523	-0.0546	5.1329	4
137.65	1.0523	-0.6266	5.1208	4
137.7	1.0527	-0.4809	5.1	4
137.75	1.053	-0.5159	5.0977	4
137.8	1.0532	-0.2842	5.1065	4
137.85	1.0534	-0.5993	5.1101	4
137.9	1.0543	-0.6437	5.1174	4
137.95	1.0539	-0.1673	5.1022	4
138	1.0543	-0.5042	5.0904	4
138.05	1.0548	-0.6684	5.1036	4
138.1	1.0556	-0.4667	5.1073	4
138.15	1.0551	-0.3426	5.103	4
138.2	1.0563	-0.8736	5.1125	4
138.25	1.0563	-0.2028	5.0972	4
138.3	1.0563	-0.4869	5.1007	4
138.35	1.057	-0.405	5.0973	4
138.4	1.0575	-0.6398	5.1042	4
138.45	1.0575	-0.1585	5.1304	4
138.5	1.0581	-0.9308	5.1292	4
138.55	1.058	-0.0259	5.1051	4
138.6	1.0586	-0.9829	5.0824	4
138.65	1.0592	-0.3715	5.0732	4
138.7	1.0598	-0.7095	5.0917	4
138.75	1.0602	-0.3277	5.11	4
138.8	1.0605	-0.691	5.1047	4
138.85	1.0612	-0.5564	5.0867	4
138.9	1.0611	-0.2892	5.0881	4
138.95	1.0622	-0.9615	5.0953	4
139	1.0623	-0.1162	5.0814	4
139.05	1.0624	-0.3923	5.0874	4
139.1	1.0626	-0.7256	5.1122	4
139.15	1.0635	-0.3654	5.1098	4
139.2	1.063	-0.2192	5.1006	4
139.25	1.0639	-0.8325	5.0934	4
139.3	1.0645	-0.3645	5.0889	4
139.35	1.0638	-0.1181	5.0999	4
139.4	1.0633	-0.2457	5.1026	4
139.45	1.0642	-0.9696	5.1122	4
139.5	1.0645	0.1251	5.1113	4
139.55	1.0648	-1.0076	5.1071	4
139.6	1.0647	0.141	5.1036	4
139.65	1.065	-0.731	5.1061	4
139.7	1.0649	-0.0539	5.1237	4
139.75	1.065	-0.5655	5.1192	4
139.8	1.0652	-0.4534	5.1099	4
139.85	1.065	-0.2154	5.1088	4
139.9	1.0654	-0.4055	5.0958	4
139.95	1.0654	-0.6785	5.0936	4
140	1.0663	-0.2129	5.0984	4
140.05	1.0655	-0.2747	5.114	4
140.1	1.0661	-0.38	5.1138	4
140.15	1.0661	-0.449	5.102	4
140.2	1.0662	-0.1077	5.1227	4
140.25	1.0653	-0.2621	5.1165	4
140.3	1.066	-0.4312	5.0935	4
140.35	1.0661	-0.6695	5.1012	4
140.4	1.0671	-0.264	5.1015	4
140.45	1.0651	0.4641	5.102	4
140.5	1.0652	-0.8898	5.0936	4
140.55	1.0655	-0.0757	5.0707	4
140.6	1.0651	-0.4454	5.092	4
140.65	1.0651	-0.2072	5.0968	4
140.7	1.0663	-0.9232	5.0911	4
140.75	1.0656	0.2664	5.0969	4
140.8	1.0651	-0.4486	5.0917	4
140.85	1.0657	-0.407	5.085	4
140.9	1.0662	-0.4984	5.0919	4
140.95	1.0655	0.2532	5.0887	4
141	1.0651	-0.9261	5.1051	4
141.05	1.0664	-0.2346	5.1079	4
141.1	1.0652	0.0398	5.0982	4
141.15	1.0659	-0.6033	5.0948	4
141.2	1.0658	-0.2869	5.0935	4
141.25	1.0654	-0.1091	5.1034	4
141.3	1.0654	-0.4433	5.0973	4
141.35	1.0662	-0.7757	5.0916	4
141.4	1.0653	0.2418	5.0873	4
141.45	1.0649	-0.1914	5.0879	4
141.5	1.0655	-0.8513	5.0959	4
141.55	1.0656	0.1332	5.0832	4
141.6	1.0652	-0.4554	5.0873	4
141.65	1.0657	-0.4114	5.1039	4
141.7	1.0655	-0.3455	5.1046	4
141.75	1.0655	-0.1924	5.1006	4
141.8	1.0652	-0.2622	5.0891	4
141.85	1.066	-0.5821	5.0881	4
141.9	1.0655	-0.0827	5.0934	4
141.95	1.0652	-0.3513	5.1037	4
142	1.0649	-0.2318	5.1183	4
142.05	1.0645	-0.1795	5.1232	4
142.1	1.0645	-0.4282	5.1203	4
142.15	1.0645	-0.1326	5.1241	4
142.2	1.0643	-0.0601	5.1151	4
142.25	1.0639	-0.3751	5.1003	4
142.3	1.0634	0.1777	5.0967	4
142.35	1.0633	-0.6035	5.1	4
142.4	1.0638	0.0581	5.1193	4
142.45	1.0627	-0.4207	5.1131	4
142.5	1.0629	-0.0503	5.1215	4
142.55	1.0623	-0.1407	5.1282	4
142.6	1.0618	-0.1366	5.1184	4
142.65	1.0609	0.1193	5.1185	4
142.7	1.0601	-0.3523	5.1132	4
142.75	1.0591	0.6323	5.1139	4
142.8	1.0592	-1.1082	5.1351	4
142.85	1.0593	0.3188	5.1413	4
142.9	1.0575	0.2277	5.1203	4
142.95	1.057	-0.2468	5.0948	4
143	1.0571	-0.3031	5.115	4
143.05	1.0564	0.3607	5.1334	4
143.1	1.0553	-0.1609	5.118	4
143.15	1.0551	-0.0825	5.1139	4
143.2	1.0541	0.1198	5.1094	4
143.25	1.0543	-0.1907	5.1071	4
143.3	1.0532	0.1586	5.1132	4
143.35	1.0526	-0.1635	5.1193	4
143.4	1.052	0.0237	5.1199	4
143.45	1.0511	0.1456	5.0996	4
143.5	1.0501	-0.1172	5.1072	4
143.55	1.05	-0.1368	5.133	4
143.6	1.0485	0.4403	5.1188	4
143.65	1.0481	-0.6603	5.0951	4
143.7	1.0477	0.3271	5.1049	4
143.75	1.0468	-0.165	5.1211	4
143.8	1.0464	0.0374	5.1181	5
143.85	1.046	-0.2621	5.1089	5
143.9	1.0449	0.2969	5.1028	5
143.95	1.0444	-0.3128	5.0838	5
144	1.0444	0.3256	5.0853	5
144.05	1.0483	-0.3922	5.1022	5
144.1	1.0631	0.3507	5.0944	5
144.15	1.0902	0.3477	5.0862	5
144.2	1.1274	0.6334	5.0819	5
144.25	1.1745	0.9931	5.0846	5
144.3	1.2318	1.497	5.0765	5
144.35	1.2992	1.8682	5.0803	5
144.4	1.3755	2.8237	5.0972	5
144.45	1.4618	3.1293	5.1028	5
144.5	1.5575	4.0119	5.0844	5
144.55	1.6617	5.6538	5.0794	5
144.6	1.7756	6.1488	5.0884	5
144.65	1.8975	7.7626	5.0847	5
144.7	2.0284	9.6196	5.1045	5
144.75	2.1682	11.5527	5.1108	5
144.8	2.3166	13.2219	5.0953	5
144.85	2.4721	16.2876	5.0968	5
144.9	2.6362	18.7927	5.1083	5
144.95	2.8075	22.6511	5.1251	5
145	2.9872	26.1413	5.1202	5
145.05	3.1738	31.527	5.1179	5
145.1	3.3691	36.6715	5.101	5
145.15	3.5715	43.6253	5.0961	5
145.2	3.7829	51.3678	5.1119	5
145.25	4.0039	61.1664	5.1124	5
145.3	4.2362	72.0625	5.1105	5
145.35	4.4781	86.7829	5.1145	5
145.4	4.731	103.1777	5.1103	5
145.45	4.9915	124.1186	5.1031	5
145.5	5.2601	149.3073	5.0885	5
145.55	5.5349	180.1934	5.0857	5
145.6	5.8157	215.8791	5.1137	5
145.65	6.1008	258.4077	5.108	6
145.7	6.3899	307.7844	5.1107	6
145.75	6.6807	365.1287	5.1081	6
145.8	6.9724	431.8323	5.0947	6
145.85	7.2612	508.7697	5.0935	6
145.9	7.5406	594.2263	5.0925	6
145.95	7.8081	685.8591	5.0929	6
146	8.0658	781.0858	5.093	6
146.05	8.3159	875.5548	5.0946	6
146.1	8.5597	968.0138	5.0988	6
146.15	8.798	1057.5901	5.0979	6
146.2	9.0301	1144.2733	5.09	6
146.25	9.258	1225.9518	5.0847	6
146.3	9.4805	1303.7031	5.0862	6
146.35	9.6973	1378.2478	5.0846	6
146.4	9.9095	1449.0037	5.0841	6
146.45	10.1163	1516.9943	5.0817	6
146.5	10.3176	1582.2648	5.0734	6
146.55	10.5139	1643.8615	5.0725	6
146.6	10.7039	1703.433	5.0589	6
146.65	10.8888	1760.6342	5.0642	6
146.7	11.0692	1814.7044	5.0828	6
146.75	11.2447	1866.3697	5.0967	6
146.8	11.4151	1915.6272	5.0876	6
146.85	11.5814	1961.4697	5.0707	6
146.9	11.7431	2004.7438	5.0828	6
146.95	11.8999	2046.0461	5.1003	6
147	12.053	2084.4732	5.0983	6
147.05	12.2021	2120.0054	5.0733	6
147.1	12.3466	2154.0155	5.0735	6
147.15	12.4873	2185.2597	5.0659	6
147.2	12.6251	2212.8143	5.0824	6
147.25	12.7583	2239.2136	5.084	6
147.3	12.8873	2263.5995	5.0666	6
147.35	13.013	2285.9701	5.063	6
147.4	13.1369	2304.3556	5.067	6
147.45	13.2573	2320.4184	5.0731	6
147.5	13.3737	2335.0541	5.0591	6
147.55	13.4869	2347.6449	5.0507	6
147.6	13.5961	2359.6	5.0579	6
147.65	13.7019	2369.9934	5.0514	6
147.7	13.8053	2377.6088	5.0495	6
147.75	13.9049	2384.6789	5.0534	6
147.8	14.0017	2390.716	5.0574	6
147.85	14.0959	2394.5072	5.067	6
147.9	14.1869	2397.314	5.0649	6
147.95	14.2743	2400.009	5.0662	6
148	14.3596	2400.5806	5.0723	6
148.05	14.443	2399.1431	5.0569	6
148.1	14.5228	2397.68	5.0712	6
148.15	14.6002	2395.4129	5.0741	6
148.2	14.6757	2390.8499	5.05	6
148.25	14.7478	2385.9579	5.0485	6
148.3	14.8172	2381.3224	5.0403	6
148.35	14.8861	2374.1063	5.0494	6
148.4	14.9524	2366.2949	5.0743	6
148.45	15.0161	2358.5174	5.0778	6
148.5	15.078	2349.1785	5.0785	6
148.55	15.1381	2338.6816	5.0728	6
148.6	15.196	2327.9623	5.0765	6
148.65	15.2519	2317.1068	5.0843	6
148.7	15.3066	2304.5316	5.0781	6
148.75	15.3591	2291.4568	5.0892	6
148.8	15.4094	2278.7696	5.0862	6
148.85	15.4585	2264.4617	5.0767	6
148.9	15.5058	2249.7624	5.0778	6
148.95	15.5513	2235.2592	5.0837	6
149	15.5952	2220.114	5.0924	6
149.05	15.638	2204.0196	5.0832	6
149.1	15.6789	2188.4439	5.0706	6
149.15	15.7181	2172.4775	5.0842	6
149.2	15.7562	2155.5272	5.0827	6
149.25	15.7927	2138.4766	5.0758	6
149.3	15.8271	2122.3936	5.0728	6
149.35	15.8613	2104.8673	5.0747	6
149.4	15.8939	2087.2084	5.0769	6
149.45	15.9246	2070.7613	5.0551	6
149.5	15.9551	2052.6224	5.0613	6
149.55	15.9838	2034.9091	5.064	6
149.6	16.0112	2017.5376	5.0413	6
149.65	16.0379	1999.6364	5.049	6
149.7	16.0636	1981.5792	5.0587	6
149.75	16.0874	1964.5796	5.0653	6
149.8	16.111	1946.2237	5.073	6
149.85	16.1334	1928.2973	5.0559	6
149.9	16.1543	1910.9785	5.0535	6
149.95	16.1746	1893.1667	5.0704	6
150	16.1943	1875.5858	5.0645	6
150.05	16.2125	1858.4763	5.058	6
150.1	16.23	1841.4779	5.0646	6
150.15	16.2468	1824.2132	5.0556	6
150.2	16.2627	1807.3298	5.0536	6
150.25	16.2777	1790.9142	5.068	6
150.3	16.2923	1774.1136	5.086	6
150.35	16.3059	1757.3895	5.0682	6
150.4	16.3183	1741.6898	5.0577	6
150.45	16.3303	1725.7105	5.0639	6
150.5	16.3422	1709.1205	5.0813	6
150.55	16.3528	1693.7619	5.0808	6
150.6	16.3626	1678.8236	5.0632	6
150.65	16.3727	1662.9065	5.0891	6
150.7	16.3817	1648.0673	5.1093	6
150.75	16.3897	1633.7661	5.0962	6
150.8	16.3976	1619.0023	5.0779	6
150.85	16.4048	1604.5925	5.0893	6
150.9	16.4111	1591.3874	5.0976	6
150.95	16.4177	1577.4397	5.0889	6
151	16.4236	1563.6575	5.0791	6
151.05	16.4288	1550.5871	5.0704	6
151.1	16.4336	1537.6996	5.0551	6
151.15	16.438	1524.7839	5.0488	6
151.2	16.4416	1513.0614	5.0512	6
151.25	16.4452	1500.9596	5.0542	6
151.3	16.4484	1489.0445	5.0666	6
151.35	16.4507	1477.9877	5.0698	6
151.4	16.453	1467.1289	5.0697	6
151.45	16.4554	1455.9968	5.0726	6
151.5	16.4569	1445.8062	5.0653	6
151.55	16.458	1435.8888	5.0698	6
151.6	16.4595	1425.143	5.0589	6
151.65	16.4604	1415.1604	5.0577	6
151.7	16.4607	1405.9052	5.074	6
151.75	16.461	1396.4683	5.0738	6
151.8	16.4612	1387.0429	5.0733	6
151.85	16.4608	1378.5397	5.0703	6
151.9	16.4603	1370.1249	5.0737	6
151.95	16.4595	1362.1113	5.0762	6
152	16.4587	1353.7972	5.0795	6
152.05	16.4574	1346.0993	5.0826	6
152.1	16.4563	1338.4338	5.0816	6
152.15	16.4546	1331.0848	5.0675	6
152.2	16.4527	1324.1244	5.0553	6
152.25	16.4511	1316.9872	5.0503	6
152.3	16.4491	1310.7795	5.0531	6
152.35	16.4469	1304.663	5.0561	6
152.4	16.4452	1297.8391	5.0663	6
152.45	16.4428	1292.1122	5.0771	6
152.5	16.4402	1286.3568	5.0638	6
152.55	16.4382	1279.8741	5.0657	6
152.6	16.4356	1274.3984	5.0647	6
152.65	16.4329	1268.9875	5.0741	6
152.7	16.4305	1263.3826	5.0893	6
152.75	16.4276	1258.3719	5.0702	6
152.8	16.4249	1253.4726	5.0634	6
152.85	16.4225	1248.0457	5.057	6
152.9	16.4192	1243.7544	5.0556	6
152.95	16.4164	1239.0465	5.0778	6
153	16.4138	1234.0422	5.0924	6
153.05	16.4105	1230.1073	5.0999	6
153.1	16.4072	1226.3875	5.0926	6
153.15	16.4041	1222.4983	5.0719	6
153.2	16.4009	1218.5572	5.0727	6
153.25	16.3979	1214.92	5.0675	6
153.3	16.3945	1211.9045	5.0603	6
153.35	16.3915	1208.1772	5.0664	6
153.4	16.3884	1204.5952	5.0671	6
153.45	16.3854	1201.3321	5.0763	6
153.5	16.3821	1198.3962	5.0706	6
153.55	16.3792	1195.0061	5.0702	6
153.6	16.3758	1192.594	5.0736	6
153.65	16.3721	1190.2864	5.0755	6
153.7	16.3693	1187.1757	5.0925	6
153.75	16.3663	1184.3125	5.104	6
153.8	16.3626	1182.3023	5.1038	6
153.85	16.3593	1180.1102	5.0839	6
153.9	16.3567	1177.0631	5.0894	6
153.95	16.3529	1176.1155	5.1038	6
154	16.3496	1174.4279	5.094	6
154.05	16.3469	1171.6053	5.0894	6
154.1	16.3436	1170.0239	5.1127	6
154.15	16.3401	1168.7606	5.097	6
154.2	16.3375	1166.2474	5.0742	6
154.25	16.3341	1164.8895	5.0692	6
154.3	16.3311	1163.2226	5.0788	6
154.35	16.3283	1161.5856	5.0881	6
154.4	16.3252	1160.3669	5.0785	6
154.45	16.3226	1158.5444	5.0713	6
154.5	16.3202	1156.5913	5.0899	6
154.55	16.317	1155.7725	5.0864	6
154.6	16.3146	1154.1763	5.0984	6
154.65	16.3125	1151.8667	5.0938	6
154.7	16.3092	1151.6049	5.082	6
154.75	16.3068	1150.1291	5.0807	6
154.8	16.3045	1148.3787	5.0804	6
154.85	16.3015	1148.0348	5.0814	6
154.9	16.2991	1146.6448	5.0898	6
154.95	16.2972	1145.0154	5.0828	6
155	16.2945	1144.4227	5.0963	6
155.05	16.292	1143.4539	5.0865	6
155.1	16.2898	1142.1896	5.0908	6
155.15	16.2878	1140.7527	5.1168	6
155.2	16.2849	1140.5705	5.0952	6
155.25	16.283	1139.2721	5.0813	6
155.3	16.2811	1137.9906	5.0721	6
155.35	16.2784	1137.9486	5.0719	6
155.4	16.276	1137.4553	5.0806	6
155.45	16.274	1136.2314	5.0879	6
155.5	16.2712	1136.4064	5.0874	6
155.55	16.2684	1136.7244	5.0817	6
155.6	16.2667	1135.5593	5.0714	6
155.65	16.2646	1134.9985	5.0577	6
155.7	16.2623	1134.9939	5.0566	6
155.75	16.2605	1134.2266	5.0784	6
155.8	16.2585	1133.7787	5.0732	6
155.85	16.2567	1133.585	5.0626	6
155.9	16.2551	1133.1576	5.0686	6
155.95	16.2531	1133.0406	5.0815	6
156	16.2515	1132.4422	5.079	6
156.05	16.2497	1132.2326	5.0767	6
156.1	16.2482	1131.8603	5.0796	6
156.15	16.2464	1131.5744	5.0696	6
156.2	16.2447	1131.064	5.0747	6
156.25	16.2432	1130.6158	5.0837	6
156.3	16.2416	1130.7306	5.0785	6
156.35	16.2402	1130.3668	5.0916	6
156.4	16.2389	1129.6141	5.1014	6
156.45	16.2369	1130.1431	5.0863	6
156.5	16.2359	1129.4112	5.0845	6
156.55	16.2349	1128.6181	5.0968	6
156.6	16.2331	1128.9398	5.0819	6
156.65	16.2318	1128.3956	5.0777	6
156.7	16.2311	1127.1874	5.0783	6
156.75	16.2296	1127.3871	5.0768	6
156.8	16.2283	1127.2903	5.0725	6
156.85	16.2276	1126.2364	5.0559	6
156.9	16.2262	1126.3861	5.0563	6
156.95	16.2248	1126.573	5.0679	6
157	16.224	1126.196	5.0722	6
157.05	16.223	1125.7821	5.0682	6
157.1	16.2214	1126.3682	5.0789	6
157.15	16.2205	1126.0718	5.0925	6
157.2	16.2197	1125.2746	5.088	6
157.25	16.218	1126.2322	5.0841	6
157.3	16.2169	1126.332	5.0946	6
157.35	16.2161	1125.9168	5.1008	6
157.4	16.2145	1126.4778	5.0858	6
157.45	16.2133	1126.8352	5.0762	6
157.5	16.2122	1126.7975	5.0785	6
157.55	16.2112	1127.046	5.0911	6
157.6	16.2098	1127.6797	5.0927	6
157.65	16.2094	1127.3234	5.0913	6
157.7	16.2077	1128.3237	5.0888	6
157.75	16.2064	1129.2376	5.1027	6
157.8	16.2058	1128.6056	5.1066	6
157.85	16.2044	1129.5732	5.0996	6
157.9	16.2032	1130.1324	5.0922	6
157.95	16.2025	1129.7523	5.0878	6
158	16.2016	1130.2789	5.0888	6
158.05	16.2002	1131.4922	5.0943	6
158.1	16.1996	1131.8678	5.1021	6
158.15	16.1984	1132.2787	5.1079	6
158.2	16.1972	1133.5716	5.1065	6
158.25	16.1968	1133.807	5.0965	6
158.3	16.1957	1134.1473	5.1037	6
158.35	16.1947	1135.2086	5.1041	6
158.4	16.1945	1134.8766	5.1129	6
158.45	16.1936	1135.1013	5.1186	6
158.5	16.1928	1136.0602	5.105	6
158.55	16.1923	1136.5552	5.108	6
158.6	16.1918	1136.0346	5.1053	6
158.65	16.1907	1137.2803	5.0865	6
158.7	16.1904	1137.7068	5.0803	6
158.75	16.1905	1136.4425	5.0873	6
158.8	16.1895	1137.2922	5.0921	6
158.85	16.1893	1137.9836	5.082	6
158.9	16.1893	1137.5315	5.0719	6
158.95	16.1885	1137.2832	5.0888	6
159	16.1875	1138.4286	5.1069	6
159.05	16.1876	1138.6554	5.0995	6
159.1	16.1876	1137.8713	5.1184	6
159.15	16.1864	1138.252	5.1101	6
159.2	16.1865	1138.2105	5.1052	6
159.25	16.1872	1137.9266	5.1095	6
159.3	16.1862	1138.9249	5.0985	6
159.35	16.1857	1138.4536	5.0921	6
159.4	16.186	1138.1704	5.1041	6
159.45	16.1855	1139.3601	5.1153	6
159.5	16.1849	1140.1895	5.1052	6
159.55	16.185	1138.5512	5.1139	6
159.6	16.1846	1138.4347	5.1152	6
159.65	16.1839	1139.8312	5.1026	6
159.7	16.1842	1139.6495	5.0965	6
159.75	16.1844	1138.833	5.1069	6
159.8	16.183	1139.4968	5.1094	6
159.85	16.1831	1139.472	5.0988	6
159.9	16.1834	1139.4438	5.0969	6
159.95	16.1831	1140.4379	5.1106	6
160	16.1828	1140.075	5.1229	6
160.05	16.1827	1138.7594	5.1051	6
160.1	16.1824	1139.2201	5.0993	6
160.15	16.1821	1140.2173	5.0984	6
160.2	16.1824	1140.266	5.0929	6
160.25	16.1819	1140.4295	5.094	6
160.3	16.1812	1140.1981	5.1008	6
160.35	16.1813	1139.8139	5.0967	6
160.4	16.1816	1139.7969	5.0817	6
160.45	16.1814	1140.4458	5.0952	6
160.5	16.1817	1140.3875	5.1062	6
160.55	16.1814	1139.7167	5.092	6
160.6	16.1814	1138.8806	5.0947	6
160.65	16.1814	1138.9741	5.0991	6
160.7	16.1816	1139.2995	5.098	6
160.75	16.1817	1139.5608	5.1151	6
160.8	16.1821	1138.9349	5.1043	6
160.85	16.1821	1137.5994	5.095	6
160.9	16.1821	1137.2953	5.0936	6
160.95	16.1824	1137.3882	5.0815	6
161	16.1831	1136.8853	5.0931	6
161.05	16.1833	1136.7705	5.0987	6
161.1	16.1829	1135.8692	5.0946	6
161.15	16.1829	1134.9553	5.1025	6
161.2	16.1829	1135.2614	5.1065	6
161.25	16.1832	1135.3298	5.1142	6
161.3	16.1831	1135.5666	5.0965	6
161.35	16.183	1134.6537	5.096	6
161.4	16.1829	1133.9849	5.0912	6
161.45	16.1832	1134.0081	5.0968	6
161.5	16.1829	1134.9167	5.1144	6
161.55	16.1833	1134.5514	5.1037	6
161.6	16.1832	1133.4678	5.0916	6
161.65	16.1824	1133.8952	5.1099	6
161.7	16.183	1133.243	5.1166	6
161.75	16.1832	1133.5709	5.12	6
161.8	16.1829	1134.0787	5.1072	6
161.85	16.1829	1132.9084	5.1049	6
161.9	16.183	1132.2204	5.0977	6
161.95	16.1826	1132.9206	5.1151	6
162	16.1823	1133.6708	5.1357	6
162.05	16.1826	1133.5717	5.119	6
162.1	16.1822	1132.9271	5.113	6
162.15	16.1815	1132.839	5.1157	6
162.2	16.1813	1133.3087	5.1266	6
162.25	16.1817	1133.2546	5.1471	6
162.3	16.1811	1134.645	5.1394	6
162.35	16.1809	1134.7688	5.1169	6
162.4	16.1807	1133.8355	5.1286	6
162.45	16.1798	1134.4928	5.1253	6
162.5	16.1797	1134.9688	5.1166	6
162.55	16.1802	1134.6642	5.1173	6
162.6	16.1802	1135.3097	5.1048	6
162.65	16.1799	1135.7414	5.1009	6
162.7	16.1804	1133.6791	5.1077	6
162.75	16.1795	1134.0871	5.1104	6
162.8	16.1793	1134.8194	5.1157	6
162.85	16.1798	1134.2504	5.1314	6
162.9	16.1798	1134.822	5.1389	6
162.95	16.1792	1135.9986	5.1118	6
163	16.1796	1134.4862	5.1086	6
163.05	16.1792	1133.6687	5.1033	6
163.1	16.1784	1135.0138	5.095	6
163.15	16.1788	1135.0288	5.1114	6
163.2	16.1792	1134.7589	5.1059	6
163.25	16.1784	1136.092	5.0989	6
163.3	16.1785	1136.236	5.1028	6
163.35	16.1788	1134.4925	5.1013	6
163.4	16.178	1134.5634	5.1011	6
163.45	16.1775	1135.5408	5.1145	6
163.5	16.1781	1135.0233	5.1017	6
163.55	16.1782	1135.2904	5.0991	6
163.6	16.1774	1136.7705	5.089	6
163.65	16.1778	1136.6381	5.0953	6
163.7	16.1782	1135.5069	5.0937	6
163.75	16.1772	1135.7784	5.0967	6
163.8	16.1769	1136.1869	5.1037	6
163.85	16.1781	1134.9199	5.0967	6
163.9	16.1776	1135.9648	5.0969	6
163.95	16.1775	1136.4619	5.0887	6
164	16.1783	1135.7021	5.0876	6
164.05	16.1783	1135.8147	5.099	6
164.1	16.1775	1135.4199	5.1	6
164.15	16.1777	1134.4738	5.0971	6
164.2	16.1779	1134.5047	5.0996	6
164.25	16.178	1134.8275	5.1185	6
164.3	16.1783	1134.6862	5.1284	6
164.35	16.1784	1134.8886	5.1313	6
164.4	16.1782	1135.3606	5.1304	6
164.45	16.1789	1133.5557	5.1306	6
164.5	16.1782	1133.4049	5.1348	6
164.55	16.1781	1133.8006	5.1508	6
164.6	16.1789	1133.0664	5.1293	6
164.65	16.1788	1133.4808	5.1207	6
164.7	16.1788	1133.937	5.1221	6
164.75	16.1792	1133.4892	5.119	6
164.8	16.1791	1132.2327	5.1315	6
164.85	16.1787	1131.9326	5.1278	6
164.9	16.1785	1132.3082	5.1238	6
164.95	16.1786	1132.4078	5.1367	6
165	16.1792	1132.0126	5.122	6
165.05	16.1788	1132.9419	5.1083	6
165.1	16.1789	1132.7005	5.1162	6
165.15	16.1793	1130.7482	5.1233	6
165.2	16.179	1130.7983	5.1174	6
165.25	16.1785	1131.2988	5.0993	6
165.3	16.179	1131.0215	5.0973	6
165.35	16.1793	1130.9844	5.1057	6
165.4	16.1794	1131.1249	5.1116	6
165.45	16.1792	1130.8224	5.1234	6
165.5	16.1798	1128.6611	5.1176	6
165.55	16.1792	1129.1982	5.1123	6
165.6	16.1791	1129.5712	5.1086	6
165.65	16.1795	1129.0998	5.1144	6
165.7	16.1796	1129.4942	5.1118	6
165.75	16.1795	1129.5191	5.1102	6
165.8	16.1793	1128.3775	5.1134	6
165.85	16.1794	1127.6644	5.1293	6
165.9	16.1791	1128.4029	5.1224	6
165.95	16.1792	1128.7591	5.112	6
166	16.1796	1128.3952	5.1075	6
166.05	16.1794	1128.825	5.0975	6
166.1	16.1794	1128.1002	5.0973	6
166.15	16.1794	1126.7914	5.1043	6
166.2	16.1795	1126.4759	5.0926	6
166.25	16.1795	1126.7425	5.079	6
166.3	16.1796	1127.0689	5.0988	6
166.35	16.1799	1126.8347	5.1159	6
166.4	16.1798	1126.7801	5.1192	6
166.45	16.1794	1126.026	5.1196	6
166.5	16.1793	1125.5255	5.1071	6
166.55	16.1796	1125.3622	5.1025	6
166.6	16.1798	1125.4959	5.1191	6
166.65	16.18	1125.6896	5.1253	6
166.7	16.1801	1125.7334	5.1166	6
166.75	16.1799	1124.6736	5.1116	6
166.8	16.1793	1124.3079	5.1158	6
166.85	16.1794	1124.5379	5.115	6
166.9	16.1796	1124.4316	5.1107	6
166.95	16.1796	1124.7938	5.1171	6
167	16.1795	1125.3299	5.1187	6
167.05	16.1793	1125.0691	5.1182	6
167.1	16.1791	1124.1561	5.1313	6
167.15	16.1792	1123.9346	5.1301	6
167.2	16.1786	1125.1119	5.1405	6
167.25	16.1792	1124.464	5.1389	6
167.3	16.1795	1124.2337	5.1192	6
167.35	16.1791	1125.0887	5.1144	6
167.4	16.1789	1123.9667	5.1032	6
167.45	16.1792	1122.3113	5.1194	6
167.5	16.1787	1123.3405	5.1177	6
167.55	16.1785	1123.8925	5.1126	6
167.6	16.1794	1122.9217	5.1137	6
167.65	16.1789	1123.7379	5.114	6
167.7	16.1789	1123.5907	5.1054	6
167.75	16.1789	1122.2123	5.1018	6
167.8	16.1787	1121.8049	5.1123	6
167.85	16.1784	1122.5896	5.1274	6
167.9	16.1787	1122.5825	5.1272	6
167.95	16.1786	1122.7706	5.1067	6
168	16.1786	1123.1913	5.1115	6
168.05	16.1786	1122.8274	5.1137	6
168.1	16.1785	1121.417	5.1188	6
168.15	16.1778	1121.7771	5.1177	6
168.2	16.1781	1121.7727	5.1232	6
168.25	16.178	1122.0608	5.1336	6
168.3	16.1778	1122.6863	5.1178	6
168.35	16.1776	1123.3726	5.1196	6
168.4	16.1782	1122.569	5.12	6
168.45	16.1776	1121.9535	5.1163	6
168.5	16.1772	1121.6319	5.1132	6
168.55	16.1777	1121.0702	5.0948	6
168.6	16.1776	1121.3606	5.0989	6
168.65	16.1775	1121.7485	5.1315	6
168.7	16.1778	1121.7361	5.1149	6
168.75	16.1779	1121.5053	5.097	6
168.8	16.1775	1121.4534	5.1026	6
168.85	16.1774	1119.9912	5.1101	6
168.9	16.1776	1119.4613	5.0972	6
168.95	16.1777	1119.8019	5.0948	6
169	16.1778	1119.8992	5.1071	6
169.05	16.1781	1119.7847	5.1061	6
169.1	16.1777	1120.4613	5.0984	6
169.15	16.178	1120.257	5.1035	6
169.2	16.178	1119.1864	5.093	6
169.25	16.1777	1118.6744	5.0848	6
169.3	16.1775	1119.0167	5.0956	6
169.35	16.178	1118.68	5.0824	6
169.4	16.1781	1118.7523	5.0747	6
169.45	16.1782	1118.9933	5.0761	6
169.5	16.1787	1118.5125	5.0949	6
169.55	16.1789	1117.3699	5.1048	6
169.6	16.1785	1116.7224	5.1073	6
169.65	16.1788	1116.319	5.115	6
169.7	16.1792	1116.0285	5.1222	6
169.75	16.1793	1116.1924	5.1285	6
169.8	16.1793	1116.4701	5.1204	6
169.85	16.1795	1115.8815	5.1084	6
169.9	16.1791	1115.0445	5.0951	6
169.95	16.1791	1114.428	5.0882	6
170	16.1791	1114.4887	5.1035	6
170.05	16.1793	1114.5113	5.1128	6
170.1	16.1795	1114.6086	5.1139	6
170.15	16.1794	1115.1037	5.1192	6
170.2	16.1796	1114.1388	5.1215	6
170.25	16.1792	1113.1377	5.1188	6
170.3	16.179	1113.1107	5.1107	6
170.35	16.179	1113.2369	5.1143	6
170.4	16.1796	1112.9277	5.1368	6
170.45	16.1794	1113.396	5.1356	6
170.5	16.1798	1112.9151	5.1237	6
170.55	16.1797	1111.7228	5.1292	6
170.6	16.1796	1111.2154	5.1036	6
170.65	16.1795	1111.4168	5.1033	6
170.7	16.1797	1111.4979	5.101	6
170.75	16.1801	1111.2334	5.1151	6
170.8	16.1801	1111.3404	5.1235	6
170.85	16.1797	1110.7337	5.1218	6
170.9	16.18	1109.236	5.1173	6
170.95	16.1797	1109.4302	5.0934	6
171	16.1794	1110.0322	5.0967	6
171.05	16.1797	1109.6962	5.1146	6
171.1	16.1796	1110.1333	5.0973	6
171.15	16.1794	1109.9721	5.0924	6
171.2	16.1796	1108.241	5.1086	6
171.25	16.1795	1108.1381	5.0999	6
171.3	16.1796	1108.3201	5.0973	6
171.35	16.1796	1108.5719	5.0964	6
171.4	16.1798	1108.457	5.094	6
171.45	16.1799	1108.1772	5.1021	6
171.5	16.1794	1107.2626	5.094	6
171.55	16.1792	1106.5746	5.0835	6
171.6	16.1791	1106.902	5.0931	6
171.65	16.1797	1106.5239	5.1015	6
171.7	16.1793	1107.456	5.1122	6
171.75	16.1794	1107.5999	5.1137	6
171.8	16.18	1106.2453	5.1196	6
171.85	16.1794	1105.746	5.1044	6
171.9	16.1788	1106.3629	5.1002	6
171.95	16.1796	1105.387	5.1031	6
172	16.1797	1105.5312	5.1081	6
172.05	16.1794	1106.4063	5.1184	6
172.1	16.1798	1105.7385	5.121	6
172.15	16.1797	1104.2528	5.1118	6
172.2	16.1788	1104.8354	5.103	6
172.25	16.1791	1104.6032	5.1063	6
172.3	16.1795	1104.0884	5.1112	6
172.35	16.1792	1104.9394	5.1101	6
172.4	16.1792	1105.308	5.1134	6
172.45	16.1795	1104.1062	5.111	6
172.5	16.179	1103.4749	5.1141	6
172.55	16.1784	1104.467	5.126	6
172.6	16.1786	1104.3426	5.1103	6
172.65	16.1789	1104.1081	5.1149	6
172.7	16.1782	1105.2279	5.1228	6
172.75	16.1784	1105.1542	5.1226	6
172.8	16.1784	1104.0829	5.1201	6
172.85	16.1774	1103.9199	5.1277	6
172.9	16.1772	1104.165	5.1185	6
172.95	16.1776	1103.8538	5.1199	6
173	16.1776	1104.2189	5.1254	6
173.05	16.1771	1105.2585	5.1263	6
173.1	16.1777	1104.7173	5.1249	6
173.15	16.1779	1104.1132	5.1168	6
173.2	16.177	1104.0568	5.1356	6
173.25	16.1764	1103.7883	5.1253	6
173.3	16.1768	1103.4138	5.1064	6
173.35	16.1764	1104.3279	5.1173	6
173.4	16.1762	1105.0396	5.124	6
173.45	16.1763	1105.2305	5.122	6
173.5	16.1765	1105.2808	5.1357	6
173.55	16.1759	1106.1421	5.1235	6
173.6	16.1758	1105.3708	5.1062	6
173.65	16.1752	1104.7508	5.108	6
173.7	16.1749	1104.9266	5.133	6
173.75	16.1745	1105.5766	5.1502	6
173.8	16.1743	1106.0115	5.1448	6
173.85	16.1745	1106.1647	5.1412	6
173.9	16.1743	1106.7492	5.1348	6
173.95	16.1743	1106.9297	5.1418	6
174	16.1741	1107.482	5.1497	6
174.05	16.1745	1107.1473	5.1275	6
174.1	16.1742	1107.5361	5.1208	6
174.15	16.1737	1106.9748	5.124	6
174.2	16.1738	1105.938	5.1309	6
174.25	16.1738	1106.0449	5.1264	6
174.3	16.1732	1107.1143	5.1201	6
174.35	16.1736	1106.9333	5.1423	6
174.4	16.1741	1106.4013	5.1403	6
174.45	16.1735	1107.3435	5.1262	6
174.5	16.1733	1107.8995	5.1365	6
174.55	16.1744	1106.7796	5.151	6
174.6	16.1736	1108.0309	5.1507	6
174.65	16.1734	1108.5498	5.1361	6
174.7	16.1739	1107.3145	5.135	6
174.75	16.1731	1106.7262	5.1353	6
174.8	16.1724	1106.9289	5.1243	6
174.85	16.1727	1106.8676	5.1316	6
174.9	16.1729	1106.9331	5.1325	6
174.95	16.1726	1107.5911	5.1326	6
175	16.1726	1107.7259	5.1302	6
175.05	16.1729	1107.3046	5.1339	6
175.1	16.1726	1107.9302	5.1219	6
175.15	16.1728	1107.9537	5.1153	6
175.2	16.1728	1108.0107	5.1183	6
175.25	16.1726	1108.3892	5.1445	6
175.3	16.1728	1108.407	5.148	6
175.35	16.1728	1108.5909	5.1436	6
175.4	16.1725	1108.5692	5.1374	6
175.45	16.1723	1107.5647	5.1246	6
175.5	16.1719	1107.8673	5.1489	6
175.55	16.1714	1108.5825	5.1507	6
175.6	16.1717	1108.3196	5.1357	6
175.65	16.1713	1109.1377	5.1407	6
175.7	16.1711	1109.7386	5.1542	6
175.75	16.1711	1109.8738	5.1501	6
175.8	16.1711	1110.1407	5.1417	6
175.85	16.1706	1111.0468	5.1455	6
175.9	16.171	1110.8707	5.1441	6
175.95	16.1714	1110.481	5.1305	6
176	16.1711	1111.1472	5.1322	6
176.05	16.1712	1111.1277	5.1482	6
176.1	16.1716	1110.7068	5.1332	6
176.15	16.1713	1111.4266	5.1303	6
176.2	16.1712	1111.9307	5.1327	6
176.25	16.1718	1111.1512	5.129	6
176.3	16.1714	1110.6548	5.1305	6
176.35	16.1708	1110.3144	5.1324	6
176.4	16.1712	1109.7076	5.1418	6
176.45	16.1713	1109.9272	5.1339	6
176.5	16.1712	1110.2593	5.1461	6
176.55	16.1714	1110.1598	5.1432	6
176.6	16.1717	1109.8912	5.138	6
176.65	16.172	1109.8813	5.1363	6
176.7	16.1722	1109.7986	5.1247	6
176.75	16.1727	1109.1962	5.1223	6
176.8	16.1733	1108.6594	5.1379	6
176.85	16.1736	1108.6299	5.1405	6
176.9	16.1737	1108.6765	5.1295	6
176.95	16.174	1108.5869	5.1255	6
177	16.1741	1108.2971	5.1125	6
177.05	16.1735	1107.6184	5.122	6
177.1	16.1731	1107.1337	5.1369	6
177.15	16.1737	1106.6147	5.146	6
177.2	16.1735	1107.0413	5.139	6
177.25	16.1733	1107.5439	5.1486	6
177.3	16.1739	1107.1285	5.1449	6
177.35	16.1745	1106.3896	5.1207	6
177.4	16.1737	1107.6325	5.1035	6
177.45	16.1743	1107.221	5.1173	6
177.5	16.175	1106.5478	5.1289	6
177.55	16.1748	1106.8669	5.144	6
177.6	16.1743	1106.3957	5.1431	6
177.65	16.1742	1104.9018	5.128	6
177.7	16.1745	1104.4142	5.1363	6
177.75	16.1743	1105.0738	5.1326	6
177.8	16.1746	1105.0876	5.131	6
177.85	16.1751	1104.7164	5.136	6
177.9	16.175	1104.9934	5.139	6
177.95	16.1746	1105.5429	5.1476	6
178	16.1757	1104.5572	5.143	6
178.05	16.1757	1104.8092	5.1479	6
178.1	16.1754	1104.6084	5.1529	6
178.15	16.1756	1102.6801	5.1534	6
178.2	16.1756	1102.3382	5.1497	6
178.25	16.1752	1103.1129	5.1508	6
178.3	16.1755	1102.9311	5.1668	6
178.35	16.1759	1102.5625	5.155	6
178.4	16.1756	1103.3264	5.1492	6
178.45	16.1754	1104.0476	5.1537	6
178.5	16.1762	1103.0528	5.1522	6
178.55	16.1758	1102.6993	5.1368	6
178.6	16.1751	1102.3228	5.1242	6
178.65	16.1754	1101.3493	5.1223	6
178.7	16.1756	1101.0243	5.13	6
178.75	16.175	1101.9497	5.1334	6
178.8	16.1753	1101.8947	5.1355	6
178.85	16.1755	1101.5038	5.1416	6
178.9	16.1755	1101.7724	5.1406	6
178.95	16.1751	1102.5975	5.1437	6
179	16.1754	1102.3857	5.1288	6
179.05	16.1752	1101.6803	5.1259	6
179.1	16.1747	1101.1007	5.1331	6
179.15	16.1744	1101.3853	5.1241	6
179.2	16.1744	1101.5423	5.1351	6
179.25	16.1745	1101.5304	5.1477	6
179.3	16.1743	1102.0867	5.148	6
179.35	16.1744	1102.2463	5.1491	6
179.4	16.1743	1102.4711	5.1418	6
179.45	16.1744	1102.4833	5.1373	6
179.5	16.174	1103.3972	5.1304	6
179.55	16.1737	1103.7522	5.1337	6
179.6	16.1733	1102.8134	5.1379	6
179.65	16.1724	1102.6736	5.1481	6
179.7	16.172	1103.3765	5.1488	6
179.75	16.1718	1103.7858	5.1306	6
179.8	16.1715	1104.3116	5.1365	6
179.85	16.1713	1104.8859	5.1484	6
179.9	16.1713	1105.1981	5.1468	6
179.95	16.1713	1105.4814	5.1465	6
180	16.1711	1106.1142	5.144	6
180.05	16.1714	1105.8536	5.1498	6
180.1	16.1715	1106.0006	5.1514	6
180.15	16.171	1106.7615	5.1407	6
180.2	16.1712	1106.7061	5.1443	6
180.25	16.1715	1106.5614	5.1578	6
180.3	16.171	1107.4701	5.1408	6
180.35	16.1712	1107.3492	5.1256	6
180.4	16.1711	1107.4315	5.122	6
180.45	16.1712	1106.7011	5.1276	6
180.5	16.1703	1106.5967	5.1273	6
180.55	16.1703	1106.3295	5.0986	6
180.6	16.1706	1106.201	5.1075	6
180.65	16.1703	1106.6875	5.1281	6
180.7	16.1702	1107.099	5.1348	6
180.75	16.1707	1106.7271	5.1311	6
180.8	16.1707	1106.8602	5.1128	6
180.85	16.1703	1107.4994	5.1054	6
180.9	16.171	1106.6867	5.0907	6
180.95	16.1709	1107.0172	5.0955	6
181	16.171	1107.3224	5.0954	6
181.05	16.1712	1107.3494	5.1006	6
181.1	16.1717	1106.8331	5.1297	6
181.15	16.1715	1107.2605	5.1303	6
181.2	16.1714	1107.4703	5.1172	6
181.25	16.172	1106.8181	5.1109	6
181.3	16.1723	1106.6283	5.115	6
181.35	16.1718	1107.4414	5.1205	6
181.4	16.1724	1106.0567	5.1287	6
181.45	16.1727	1104.3241	5.1412	6
181.5	16.1723	1104.7551	5.1404	6
181.55	16.1724	1104.5596	5.1355	6
181.6	16.173	1103.7805	5.1396	6
181.65	16.1732	1103.6767	5.1452	6
181.7	16.1731	1104.2421	5.1512	6
181.75	16.1737	1103.5268	5.1449	6
181.8	16.1744	1102.8282	5.1288	6
181.85	16.1741	1103.1955	5.1186	6
181.9	16.1744	1102.98	5.1206	6
181.95	16.175	1102.3573	5.1212	6
182	16.1751	1101.682	5.1122	6
182.05	16.1745	1100.9161	5.1303	6
182.1	16.1746	1100.3256	5.1363	6
182.15	16.1749	1100.0518	5.1057	6
182.2	16.1746	1100.6572	5.0952	6
182.25	16.1746	1100.8071	5.1111	6
182.3	16.1749	1100.5593	5.1175	6
182.35	16.175	1100.7466	5.1284	6
182.4	16.1753	1100.6788	5.1289	6
182.45	16.1752	1100.8378	5.118	6
182.5	16.1754	1099.9655	5.1317	6
182.55	16.1753	1098.6535	5.1324	6
182.6	16.1747	1099.0392	5.1234	6
182.65	16.1749	1098.7707	5.1169	6
182.7	16.1749	1098.9466	5.1159	6
182.75	16.1745	1099.8248	5.1243	6
182.8	16.1747	1099.8028	5.1287	6
182.85	16.1749	1099.7187	5.139	6
182.9	16.1744	1100.4865	5.1222	6
182.95	16.1746	1100.3778	5.1051	6
183	16.1746	1100.2843	5.1182	6
183.05	16.1741	1099.6428	5.1074	6
183.1	16.1736	1099.5419	5.1043	6
183.15	16.1738	1099.4093	5.1098	6
183.2	16.1735	1099.8917	5.1043	6
183.25	16.1731	1100.6006	5.1151	6
183.3	16.1734	1100.3821	5.1287	6
183.35	16.1734	1100.6392	5.114	6
183.4	16.1729	1101.4412	5.1094	6
183.45	16.1733	1101.1001	5.1216	6
183.5	16.1731	1101.5732	5.1185	6
183.55	16.1728	1102.339	5.1186	6
183.6	16.1732	1101.9264	5.1315	6
183.65	16.173	1101.0128	5.1282	6
183.7	16.1722	1100.5604	5.1049	6
183.75	16.1724	1100.2149	5.1071	6
183.8	16.1726	1100.3556	5.1162	6
183.85	16.1724	1100.6069	5.1145	6
183.9	16.1726	1100.5757	5.1289	6
183.95	16.173	1100.3508	5.125	6
184	16.1732	1100.264	5.1315	6
184.05	16.1736	1099.8673	5.1389	6
184.1	16.1742	1099.3457	5.1239	6
184.15	16.1743	1099.4124	5.1169	6
184.2	16.1747	1098.9846	5.1218	6
184.25	16.1748	1098.611	5.1263	6
184.3	16.1748	1097.1824	5.1197	6
184.35	16.1748	1096.1978	5.1181	6
184.4	16.1747	1096.5201	5.1201	6
184.45	16.1752	1095.9125	5.1002	6
184.5	16.1766	1094.3231	5.0983	6
184.55	16.1758	1095.5343	5.129	6
184.6	16.1762	1095.3667	5.1096	6
184.65	16.1773	1093.8192	5.1115	6
184.7	16.1768	1094.163	5.1208	6
184.75	16.1758	1093.9097	5.1121	6
184.8	16.1768	1091.7449	5.1223	6
184.85	16.177	1091.3464	5.1261	6
184.9	16.1761	1092.9481	5.1152	6
184.95	16.1766	1092.5378	5.1223	6
185	16.1774	1091.2757	5.1411	6
185.05	16.1767	1092.472	5.1268	6
185.1	16.1763	1093.2138	5.1106	6
185.15	16.1769	1091.3712	5.123	6
185.2	16.1769	1090.1798	5.1229	6
185.25	16.1758	1091.6963	5.1001	6
185.3	16.1767	1090.7647	5.1176	6
185.35	16.1775	1089.6488	5.1258	6
185.4	16.1767	1090.8839	5.1202	6
185.45	16.1771	1090.6023	5.117	6
185.5	16.1777	1089.566	5.1041	6
185.55	16.1771	1088.894	5.1053	6
185.6	16.1763	1088.7252	5.0985	6
185.65	16.1766	1088.5207	5.1085	6
185.7	16.1768	1088.3674	5.1202	6
185.75	16.176	1089.6949	5.1038	6
185.8	16.1761	1089.7724	5.1089	6
185.85	16.1762	1089.7308	5.1015	6
185.9	16.176	1090.2238	5.1113	6
185.95	16.1757	1090.3507	5.1183	6
186	16.1751	1089.6275	5.0993	6
186.05	16.1752	1088.8358	5.0841	6
186.1	16.1743	1090.2085	5.0753	6
186.15	16.1741	1090.5294	5.0975	6
186.2	16.1746	1090.2913	5.1088	6
186.25	16.1745	1090.5879	5.1004	6
186.3	16.1741	1091.2445	5.0869	6
186.35	16.1748	1090.5883	5.0876	6
186.4	16.1751	1090.299	5.0938	6
186.45	16.1747	1090.7556	5.1115	6
186.5	16.1743	1089.8249	5.1055	6
186.55	16.1744	1088.3614	5.1031	6
186.6	16.1744	1088.5674	5.1003	6
186.65	16.1743	1089.0295	5.098	6
186.7	16.1747	1088.5444	5.1041	6
186.75	16.1748	1088.5018	5.102	6
186.8	16.1746	1089.0303	5.0994	6
186.85	16.175	1088.6487	5.0944	6
186.9	16.1747	1089.1536	5.0881	6
186.95	16.1746	1089.5877	5.0925	6
187	16.1746	1089.2736	5.0947	6
187.05	16.1742	1088.2184	5.0938	6
187.1	16.1738	1088.15	5.0943	6
187.15	16.1735	1088.6027	5.1035	6
187.2	16.1739	1088.2467	5.1071	6
187.25	16.1738	1088.6985	5.102	6
187.3	16.1733	1089.6332	5.1	6
187.35	16.1736	1089.3943	5.1126	6
187.4	16.1735	1089.6073	5.0976	6
187.45	16.1734	1089.9841	5.1038	6
187.5	16.1737	1089.6853	5.1055	6
187.55	16.1737	1089.719	5.1003	6
187.6	16.1735	1089.3901	5.1082	6
187.65	16.1729	1088.6674	5.1036	6
187.7	16.1728	1088.328	5.1107	6
187.75	16.1722	1089.0956	5.1243	6
187.8	16.1724	1088.9774	5.1211	6
187.85	16.1724	1089.0502	5.1196	6
187.9	16.1725	1089.2311	5.1202	6
187.95	16.1727	1089.0495	5.1236	6
188	16.1725	1089.4559	5.1123	6
188.05	16.1722	1090.0011	5.1068	6
188.1	16.1726	1089.684	5.1171	6
188.15	16.1726	1090.0341	5.1206	6
188.2	16.1726	1090.1863	5.1332	6
188.25	16.1729	1089.9371	5.1374	6
188.3	16.1728	1089.4302	5.1234	6
188.35	16.1719	1088.9367	5.117	6
188.4	16.1719	1088.4808	5.1191	6
188.45	16.1721	1088.2282	5.1207	6
188.5	16.1717	1089.0609	5.1024	6
188.55	16.1719	1089.1157	5.083	6
188.6	16.1724	1088.6538	5.1066	6
188.65	16.1722	1088.9258	5.1206	6
188.7	16.1721	1088.9788	5.1153	6
188.75	16.1722	1088.9587	5.1181	6
188.8	16.1723	1088.9967	5.1077	6
188.85	16.1718	1089.8951	5.1191	6
188.9	16.1721	1089.5585	5.1217	6
188.95	16.1722	1089.6106	5.1279	6
189	16.172	1090.0636	5.1366	6
189.05	16.1723	1089.6134	5.1394	6
189.1	16.1721	1088.1193	5.1287	6
189.15	16.1718	1087.638	5.1209	6
189.2	16.1713	1088.4191	5.1206	6
189.25	16.172	1087.7326	5.1358	6
189.3	16.1716	1088.2301	5.137	6
189.35	16.1711	1089.1021	5.1236	6
189.4	16.1716	1088.431	5.1247	6
189.45	16.1716	1088.5315	5.1241	6
189.5	16.1712	1089.24	5.1372	6
189.55	16.1715	1088.9873	5.1344	6
189.6	16.1714	1089.138	5.1268	6
189.65	16.1712	1089.5705	5.1311	6
189.7	16.1712	1089.6963	5.1459	6
189.75	16.1713	1089.6507	5.1622	6
189.8	16.1711	1090.0071	5.1457	6
189.85	16.1713	1089.9497	5.1275	6
189.9	16.1715	1089.6563	5.1271	6
189.95	16.1712	1089.4788	5.13	6
190	16.1706	1088.9208	5.143	6
190.05	16.1707	1088.4445	5.1386	6
190.1	16.1708	1088.6266	5.13	6
190.15	16.171	1088.4859	5.1372	6
190.2	16.1713	1088.2539	5.122	6
190.25	16.1717	1087.8856	5.1147	6
190.3	16.1718	1087.8195	5.1151	6
190.35	16.1718	1087.9211	5.111	6
190.4	16.1718	1088.0309	5.1172	6
190.45	16.172	1087.7837	5.1246	6
190.5	16.1723	1087.6906	5.141	6
190.55	16.1724	1087.7651	5.1334	6
190.6	16.1729	1087.1403	5.1233	6
190.65	16.1732	1086.6004	5.1199	6
190.7	16.1731	1086.8569	5.1145	6
190.75	16.173	1086.5841	5.1186	6
190.8	16.1731	1084.9946	5.1255	6
190.85	16.1729	1084.8441	5.1293	6
190.9	16.1727	1085.2136	5.1344	6
190.95	16.1732	1084.3808	5.1196	6
191	16.1734	1084.2162	5.1039	6
191.05	16.1733	1084.7278	5.1061	6
191.1	16.1735	1084.7139	5.1147	6
191.15	16.1735	1084.6215	5.1163	6
191.2	16.1733	1085.1264	5.1149	6
191.25	16.173	1085.7218	5.1015	6
191.3	16.1738	1084.7537	5.1055	6
191.35	16.1739	1084.6669	5.1057	6
191.4	16.1732	1084.3868	5.0992	6
191.45	16.1734	1082.6265	5.1179	6
191.5	16.1738	1082.2261	5.1283	6
191.55	16.1734	1083.1167	5.1157	6
191.6	16.174	1082.5093	5.117	6
191.65	16.1747	1081.5542	5.121	6
191.7	16.1745	1081.9323	5.0957	6
191.75	16.1746	1081.924	5.091	6
191.8	16.1755	1080.9804	5.1086	6
191.85	16.1755	1081.2735	5.1079	6
191.9	16.1751	1081.538	5.1005	6
191.95	16.1751	1079.9576	5.095	6
192	16.1749	1079.2437	5.1091	6
192.05	16.1746	1079.7058	5.1298	6
192.1	16.1749	1079.4001	5.1225	6
192.15	16.1751	1079.3092	5.1067	6
192.2	16.1753	1079.1181	5.1044	6
192.25	16.1752	1079.4874	5.1276	6
192.3	16.1756	1079.3506	5.1288	6
192.35	16.1761	1078.9902	5.1111	6
192.4	16.1755	1079.111	5.1186	6
192.45	16.1752	1077.9962	5.1269	6
192.5	16.1754	1077.3217	5.1427	6
192.55	16.175	1078.048	5.1328	6
192.6	16.175	1078.3707	5.1144	6
192.65	16.1756	1077.6513	5.111	6
192.7	16.1752	1078.3265	5.1052	6
192.75	16.1752	1078.4062	5.0921	6
192.8	16.1757	1077.9321	5.092	6
192.85	16.1751	1078.7032	5.0933	6
192.9	16.1749	1077.9315	5.0984	6
192.95	16.1745	1076.9228	5.1137	6
193	16.174	1077.3721	5.1105	6
193.05	16.1735	1078.0686	5.1073	6
193.1	16.174	1077.653	5.1042	6
193.15	16.1738	1078.0784	5.1099	6
193.2	16.1734	1078.8388	5.1084	6
193.25	16.1737	1078.6385	5.104	6
193.3	16.1736	1078.987	5.1149	6
193.35	16.1732	1079.6004	5.1272	6
193.4	16.1731	1079.8783	5.1265	6
193.45	16.1732	1079.544	5.1188	6
193.5	16.1726	1078.9296	5.1225	6
193.55	16.1722	1078.6973	5.1314	6
193.6	16.1726	1078.2473	5.1467	6
193.65	16.1722	1078.9986	5.1464	6
193.7	16.1717	1079.7422	5.1354	6
193.75	16.1719	1079.5235	5.1285	6
193.8	16.1713	1080.204	5.128	6
193.85	16.171	1080.528	5.121	6
193.9	16.171	1080.6695	5.1246	6
193.95	16.1713	1080.6258	5.1382	6
194	16.1711	1081.0915	5.1249	6
194.05	16.1711	1081.3108	5.1062	6
194.1	16.1712	1081.2412	5.1123	6
194.15	16.1708	1081.8305	5.1153	6
194.2	16.1708	1081.9687	5.1227	6
194.25	16.171	1081.9562	5.115	6
194.3	16.171	1082.1258	5.1227	6
194.35	16.1706	1081.9513	5.1201	6
194.4	16.1699	1081.0406	5.1236	6
194.45	16.17	1080.3746	5.1397	6
194.5	16.1696	1081.0923	5.1261	6
194.55	16.1696	1081.267	5.1082	6
194.6	16.1695	1081.5436	5.0946	6
194.65	16.1694	1081.7752	5.0958	6
194.7	16.1692	1081.9827	5.1037	6
194.75	16.1689	1082.3756	5.1069	6
194.8	16.1692	1082.2911	5.1085	6
194.85	16.169	1082.7931	5.1204	6
194.9	16.1689	1083.0084	5.1166	6
194.95	16.169	1083.037	5.1131	6
195	16.1684	1083.8608	5.124	6
195.05	16.1688	1083.4519	5.1146	6
195.1	16.1684	1084.2744	5.1128	6
195.15	16.1683	1084.4705	5.1196	6
195.2	16.1685	1084.2176	5.1179	6
195.25	16.1681	1084.9701	5.1245	6
195.3	16.1681	1085.0647	5.1275	6
195.35	16.168	1085.3477	5.1174	6
195.4	16.1679	1085.7286	5.1189	6
195.45	16.1674	1086.5963	5.1226	6
195.5	16.1674	1086.5838	5.1143	6
195.55	16.1675	1086.5915	5.1051	6
195.6	16.1669	1087.4152	5.0965	6
195.65	16.1671	1087.063	5.0962	6
195.7	16.1672	1087.2142	5.1139	6
195.75	16.167	1087.7772	5.14	6
195.8	16.167	1087.985	5.1253	6
195.85	16.1671	1087.822	5.1183	6
195.9	16.167	1088.1786	5.1091	6
195.95	16.1668	1088.6124	5.1006	6
196	16.1669	1088.568	5.1244	6
196.05	16.1673	1088.3131	5.1436	6
196.1	16.1672	1088.6561	5.1375	6
196.15	16.167	1089.0315	5.1231	6
196.2	16.1674	1088.6337	5.1132	6
196.25	16.1672	1088.9971	5.1242	6
196.3	16.1669	1089.7594	5.1168	6
196.35	16.1672	1089.3481	5.1131	6
196.4	16.1675	1088.9822	5.1216	6
196.45	16.1671	1089.5144	5.1044	6
196.5	16.1675	1089.2197	5.1212	6
196.55	16.1683	1088.3634	5.116	6
196.6	16.1681	1088.6616	5.1031	6
196.65	16.1681	1088.9641	5.1169	6
196.7	16.1685	1088.3828	5.1321	6
196.75	16.1685	1088.365	5.114	6
196.8	16.1684	1088.8304	5.0975	6
196.85	16.1687	1088.4932	5.114	6
196.9	16.169	1088.0868	5.1225	6
196.95	16.169	1088.1195	5.119	6
197	16.1692	1088.0606	5.1243	6
197.05	16.1697	1087.5785	5.1176	6
197.1	16.1695	1087.8978	5.1096	6
197.15	16.1693	1088.1249	5.1198	6
197.2	16.1697	1086.5914	5.1185	6
197.25	16.1691	1086.1638	5.1082	6
197.3	16.1688	1086.3148	5.1084	6
197.35	16.1694	1085.5944	5.0928	6
197.4	16.1695	1085.7093	5.0925	6
197.45	16.1691	1086.3633	5.1033	6
197.5	16.1694	1086.0196	5.1	6
197.55	16.1697	1085.9572	5.0913	6
197.6	16.1695	1086.294	5.0916	6
197.65	16.169	1086.8895	5.1072	6
197.7	16.1696	1086.2225	5.0938	6
197.75	16.1697	1086.0319	5.0801	6
197.8	16.1694	1086.6248	5.0915	6
197.85	16.17	1085.9612	5.0953	6
197.9	16.1703	1085.7937	5.1021	6
197.95	16.17	1086.3956	5.1108	6
198	16.1703	1086.0681	5.0925	6
198.05	16.1704	1086.0873	5.0883	6
198.1	16.1705	1086.0871	5.0959	6
198.15	16.1705	1086.1597	5.1071	6
198.2	16.1706	1085.9821	5.114	6
198.25	16.1708	1085.7784	5.1092	6
198.3	16.1707	1086.0289	5.1083	6
198.35	16.1705	1086.4014	5.1079	6
198.4	16.1707	1086.2864	5.1031	6
198.45	16.1706	1086.2955	5.0984	6
198.5	16.1701	1085.7058	5.1033	6
198.55	16.1698	1084.934	5.1017	6
198.6	16.1699	1084.77	5.1024	6
198.65	16.1696	1085.4026	5.1017	6
198.7	16.1695	1085.7467	5.1132	6
198.75	16.1698	1085.4082	5.1145	6
198.8	16.1697	1085.6342	5.1159	6
198.85	16.1695	1086.248	5.125	6
198.9	16.17	1085.8319	5.1054	6
198.95	16.1701	1085.8366	5.0949	6
199	16.1697	1086.5772	5.0953	6
199.05	16.1701	1086.2463	5.1027	6
199.1	16.1703	1086.0044	5.0958	6
199.15	16.1701	1086.2674	5.1023	6
199.2	16.1701	1086.5206	5.1085	6
199.25	16.1709	1085.4907	5.0983	6
199.3	16.1709	1085.5502	5.1001	6
199.35	16.1707	1086.1649	5.1018	6
199.4	16.1717	1084.9627	5.1135	6
199.45	16.1722	1084.5045	5.1129	6
199.5	16.1714	1085.8245	5.0917	6
199.55	16.1719	1085.1243	5.1014	6
199.6	16.1729	1082.7472	5.1088	6
199.65	16.1713	1083.4502	5.0819	6
199.7	16.1709	1083.6259	5.0881	6
199.75	16.1725	1081.5747	5.0878	6
199.8	16.1719	1082.4035	5.0907	6
199.85	16.1709	1083.7348	5.0866	6
199.9	16.1724	1081.9507	5.0752	6
199.95	16.1731	1081.1702	5.083	6
200	16.1718	1083.2119	5.0867	6
200.05	16.1727	1082.1919	5.0916	6
200.1	16.1735	1081.1242	5.0973	6
200.15	16.1725	1082.6875	5.0865	6
200.2	16.1724	1082.9323	5.0862	6
200.25	16.1735	1081.5257	5.0987	6
200.3	16.173	1082.2791	5.1051	6
200.35	16.1721	1082.098	5.1027	6
200.4	16.1727	1079.7214	5.0882	6
200.45	16.1728	1079.5838	5.0869	6
200.5	16.1717	1081.3235	5.1063	6
200.55	16.1725	1080.3737	5.094	6
200.6	16.1729	1079.8223	5.0937	6
200.65	16.1716	1081.7335	5.1144	6
200.7	16.1719	1081.5081	5.1064	6
200.75	16.1725	1080.6381	5.1059	6
200.8	16.1715	1082.0079	5.1187	6
200.85	16.1716	1082.2051	5.1147	6
200.9	16.1721	1081.6135	5.1029	6
200.95	16.1713	1082.73	5.1	6
201	16.171	1083.2879	5.0934	6
201.05	16.1715	1082.7795	5.1006	6
201.1	16.171	1083.3638	5.1181	6
201.15	16.1708	1082.6453	5.1095	6
201.2	16.1709	1081.156	5.1134	6
201.25	16.1709	1081.0822	5.1272	6
201.3	16.1706	1081.7155	5.1105	6
201.35	16.171	1081.5073	5.1195	6
201.4	16.1712	1081.3725	5.127	6
201.45	16.1708	1082.0109	5.1027	6
201.5	16.1707	1082.1995	5.1049	6
201.55	16.1713	1081.5186	5.1167	6
201.6	16.1707	1082.4355	5.1128	6
201.65	16.1706	1082.79	5.1228	6
201.7	16.1713	1081.9867	5.141	6
201.75	16.1705	1083.118	5.1233	6
201.8	16.1704	1083.4402	5.1187	6
201.85	16.171	1082.8294	5.126	6
201.9	16.1706	1083.5034	5.127	6
201.95	16.1703	1083.8815	5.1186	6
202	16.1707	1083.2262	5.1074	6
202.05	16.1708	1083.0704	5.1084	6
202.1	16.1704	1083.9276	5.1229	6
202.15	16.1705	1083.0938	5.0937	6
202.2	16.1704	1081.716	5.0753	6
202.25	16.1697	1082.0045	5.104	6
202.3	16.1694	1082.6024	5.1116	6
202.35	16.1697	1082.1163	5.1035	6
202.4	16.1697	1082.3139	5.0991	6
202.45	16.1691	1083.4612	5.1016	6
202.5	16.1697	1082.7967	5.1058	6
202.55	16.1698	1082.6956	5.1019	6
202.6	16.1693	1083.2781	5.0818	6
202.65	16.1692	1083.5138	5.0713	6
202.7	16.1698	1082.8428	5.0774	6
202.75	16.17	1082.6784	5.0751	6
202.8	16.1698	1083.4601	5.0726	6
202.85	16.1703	1082.9293	5.0748	6
202.9	16.171	1082.094	5.088	6
202.95	16.1705	1082.8901	5.1104	6
203	16.1708	1082.5902	5.0997	6
203.05	16.1712	1082.2865	5.0896	6
203.1	16.1713	1082.298	5.0865	6
203.15	16.1711	1082.6264	5.0919	6
203.2	16.1716	1082.0366	5.0901	6
203.25	16.172	1081.7074	5.1042	6
203.3	16.1713	1082.2393	5.1177	6
203.35	16.1711	1080.6768	5.103	6
203.4	16.1712	1079.6306	5.0929	6
203.45	16.1706	1080.4778	5.1112	6
203.5	16.1706	1080.6596	5.1206	6
203.55	16.1713	1079.8024	5.1115	6
203.6	16.1708	1080.4801	5.1009	6
203.65	16.1703	1081.3946	5.0823	6
203.7	16.1707	1080.7094	5.0722	6
203.75	16.1706	1081.1028	5.094	6
203.8	16.1701	1081.863	5.1036	6
203.85	16.1702	1081.9138	5.1006	6
203.9	16.1703	1081.7321	5.1085	6
203.95	16.1697	1082.736	5.0995	6
204	16.1699	1082.7804	5.0984	6
204.05	16.1704	1082.1745	5.0943	6
204.1	16.17	1082.6646	5.0974	6
204.15	16.17	1082.6673	5.1188	6
204.2	16.1701	1082.6535	5.1166	6
204.25	16.1704	1082.6433	5.105	6
204.3	16.1702	1082.8867	5.1105	6
204.35	16.1702	1083.0124	5.0886	6
204.4	16.1701	1083.1526	5.0843	6
204.45	16.1698	1082.4254	5.0876	6
204.5	16.1692	1081.7127	5.09	6
204.55	16.1689	1081.878	5.1064	6
204.6	16.169	1081.7365	5.1085	6
204.65	16.1689	1082.0547	5.0938	6
204.7	16.1686	1082.6422	5.1057	6
204.75	16.1688	1082.3666	5.1011	6
204.8	16.1687	1082.6079	5.107	6
204.85	16.1685	1083.1582	5.1082	6
204.9	16.1685	1083.2249	5.1212	6
204.95	16.1689	1082.6611	5.123	6
205	16.1686	1083.0195	5.1155	6
205.05	16.1686	1083.1314	5.1107	6
205.1	16.1689	1082.8915	5.1258	6
205.15	16.1687	1083.2454	5.133	6
205.2	16.1685	1083.634	5.1213	6
205.25	16.1689	1083.3892	5.1115	6
205.3	16.1687	1083.7379	5.1302	6
205.35	16.1686	1083.896	5.1381	6
205.4	16.1685	1084.2457	5.1178	6
205.45	16.1683	1084.6547	5.111	6
205.5	16.1684	1084.6064	5.1141	6
205.55	16.1681	1085.1248	5.1199	6
205.6	16.168	1085.6334	5.1218	6
205.65	16.1682	1085.5558	5.1163	6
205.7	16.1679	1085.9972	5.1094	6
205.75	16.1676	1086.5049	5.1141	6
205.8	16.1676	1086.6474	5.1225	6
205.85	16.1675	1086.7536	5.1282	6
205.9	16.1671	1087.3814	5.1193	6
205.95	16.1672	1087.5076	5.1159	6
206	16.1671	1087.7559	5.1242	6
206.05	16.1667	1088.4474	5.1322	6
206.1	16.1668	1088.5116	5.1294	6
206.15	16.1669	1088.4521	5.1361	6
206.2	16.1668	1088.6868	5.1336	6
206.25	16.1664	1089.1189	5.1045	6
206.3	16.1666	1088.9961	5.0916	6
206.35	16.1668	1088.9686	5.0849	6
206.4	16.1664	1089.4151	5.0907	6
206.45	16.1664	1089.3744	5.0995	6
206.5	16.1665	1089.4182	5.0984	6
206.55	16.1665	1089.756	5.1133	6
206.6	16.1662	1090.1475	5.1293	6
206.65	16.1663	1090.0751	5.1326	6
206.7	16.1663	1090.134	5.1177	6
206.75	16.1663	1090.2475	5.1087	6
206.8	16.1665	1090.328	5.1261	6
206.85	16.1666	1090.3215	5.1323	6
206.9	16.1666	1090.3087	5.1186	6
206.95	16.1662	1090.8943	5.1095	6
207	16.1664	1090.7521	5.1122	6
207.05	16.1667	1090.3885	5.1103	6
207.1	16.1665	1090.8733	5.1047	6
207.15	16.1665	1091.0969	5.0978	6
207.2	16.1669	1090.6163	5.0975	6
207.25	16.167	1090.3544	5.101	6
207.3	16.1666	1091.163	5.0832	6
207.35	16.167	1091.0112	5.093	6
207.4	16.1675	1090.3684	5.0906	6
207.45	16.1671	1090.8589	5.0927	6
207.5	16.1673	1090.8024	5.098	6
207.55	16.1677	1090.4283	5.107	6
207.6	16.1676	1090.6367	5.1127	6
207.65	16.1672	1091.3127	5.1005	6
207.7	16.1679	1090.5024	5.0997	6
207.75	16.1676	1090.9305	5.0923	6
207.8	16.1676	1091.0798	5.0906	6
207.85	16.1681	1090.5255	5.0961	6
207.9	16.168	1090.7274	5.1003	6
207.95	16.1682	1090.5154	5.1035	6
208	16.1686	1090.125	5.1039	6
208.05	16.1689	1089.9245	5.0954	6
208.1	16.1688	1090.0517	5.1016	6
208.15	16.1691	1089.6028	5.1117	6
208.2	16.1694	1089.2839	5.1009	6
208.25	16.1694	1089.6195	5.0948	6
208.3	16.1698	1089.3716	5.1075	6
208.35	16.1699	1089.3471	5.1328	6
208.4	16.1697	1089.6488	5.1247	6
208.45	16.1696	1089.6116	5.1417	6
208.5	16.1692	1088.8245	5.1546	6
208.55	16.1689	1088.4758	5.146	6
208.6	16.1688	1088.4018	5.1524	6
208.65	16.169	1088.272	5.1443	6
208.7	16.169	1088.3374	5.1276	6
208.75	16.1694	1087.9372	5.1335	6
208.8	16.1699	1087.3509	5.135	6
208.85	16.17	1087.36	5.1311	6
208.9	16.1703	1087.1594	5.1299	6
208.95	16.1709	1086.4486	5.1309	6
209	16.1709	1086.6044	5.1449	6
209.05	16.1711	1086.324	5.153	6
209.1	16.1713	1086.1	5.1349	6
209.15	16.1715	1085.8934	5.1383	6
209.2	16.1717	1085.6231	5.1436	6
209.25	16.1719	1085.44	5.1485	6
209.3	16.172	1085.4356	5.1435	6
209.35	16.1719	1085.822	5.133	6
209.4	16.1723	1085.2331	5.1313	6
209.45	16.1721	1085.5142	5.1419	6
209.5	16.1723	1085.0487	5.137	6
209.55	16.1723	1083.5652	5.1382	6
209.6	16.172	1083.3284	5.1416	6
209.65	16.1721	1083.2092	5.1346	6
209.7	16.1721	1083.4236	5.1327	6
209.75	16.1723	1083.2155	5.1472	6
209.8	16.1722	1083.5797	5.1407	6
209.85	16.1721	1083.6704	5.1287	6
209.9	16.1721	1083.7026	5.1351	6
209.95	16.1724	1083.3772	5.1434	6
210	16.172	1083.9552	5.1339	6
210.05	16.1717	1084.2611	5.1324	6
210.1	16.1723	1083.7709	5.1229	6
210.15	16.1721	1084.3361	5.108	6
210.2	16.1718	1084.9361	5.1165	6
210.25	16.1724	1084.0097	5.1344	6
210.3	16.1719	1083.2282	5.1258	6
210.35	16.171	1083.147	5.1319	6
210.4	16.1715	1082.5084	5.1225	6
210.45	16.1714	1082.6383	5.119	6
210.5	16.171	1083.349	5.1298	6
210.55	16.1715	1082.8165	5.1079	6
210.6	16.1716	1082.8901	5.1078	6
210.65	16.1711	1083.5927	5.1353	6
210.7	16.1716	1083.2043	5.1532	6
210.75	16.1717	1083.1754	5.143	6
210.8	16.1715	1083.6654	5.135	6
210.85	16.1717	1083.3056	5.1349	6
210.9	16.1716	1083.5825	5.1564	6
210.95	16.1713	1083.9399	5.1565	6
211	16.1718	1083.4119	5.1368	6
211.05	16.1718	1083.528	5.1145	6
211.1	16.1716	1083.8669	5.1088	6
211.15	16.1718	1082.4663	5.1328	6
211.2	16.1716	1081.2439	5.1323	6
211.25	16.1714	1081.2337	5.135	6
211.3	16.1718	1080.8968	5.1356	6
211.35	16.1722	1080.5487	5.1391	6
211.4	16.1726	1080.0872	5.1315	6
211.45	16.1729	1079.6995	5.1154	6
211.5	16.1733	1079.4328	5.1107	6
211.55	16.1737	1078.9032	5.11	6
211.6	16.174	1078.5619	5.1112	6
211.65	16.1742	1078.3861	5.1164	6
211.7	16.1748	1077.7588	5.1131	6
211.75	16.175	1077.5394	5.1219	6
211.8	16.175	1076.4402	5.1428	6
211.85	16.1751	1075.0681	5.1486	6
211.9	16.175	1075.084	5.1398	6
211.95	16.1749	1075.2828	5.1259	6
212	16.1753	1074.7749	5.1132	6
212.05	16.1753	1074.9324	5.1149	6
212.1	16.1752	1075.2701	5.1178	6
212.15	16.1755	1074.8359	5.1307	6
212.2	16.1755	1074.7785	5.1178	6
212.25	16.1754	1074.6272	5.1136	6
212.3	16.1751	1073.4714	5.1324	6
212.35	16.175	1072.6341	5.1297	6
212.4	16.1748	1073.1078	5.1229	6
212.45	16.1746	1073.4961	5.1247	6
212.5	16.1746	1073.6967	5.1152	6
212.55	16.1745	1074.0199	5.1092	6
212.6	16.1744	1074.2579	5.0988	6
212.65	16.174	1074.9733	5.0972	6
212.7	16.1743	1074.5111	5.1129	6
212.75	16.1739	1075.3246	5.1178	6
212.8	16.1735	1075.0487	5.1051	6
212.85	16.1732	1073.7138	5.0927	6
212.9	16.1726	1074.3309	5.0884	6
212.95	16.1724	1074.7314	5.0968	6
213	16.1726	1074.4055	5.0978	6
213.05	16.1721	1075.0913	5.1086	6
213.1	16.1719	1075.3976	5.1111	6
213.15	16.1723	1075.0851	5.1077	6
213.2	16.1716	1076.0144	5.1213	6
213.25	16.1715	1076.4891	5.1139	6
213.3	16.1711	1077.0051	5.108	6
213.35	16.1711	1077.1526	5.0925	6
213.4	16.1709	1077.4406	5.1029	6
213.45	16.1706	1077.9069	5.1172	6
213.5	16.1708	1077.675	5.1204	6
213.55	16.171	1077.7231	5.131	6
213.6	16.1708	1077.84	5.1268	6
213.65	16.1698	1077.7497	5.1389	6
213.7	16.1698	1076.3663	5.1511	6
213.75	16.1699	1076.1054	5.1446	6
213.8	16.1691	1077.1275	5.1306	6
213.85	16.1697	1076.5459	5.1317	6
213.9	16.1702	1075.7928	5.1221	6
213.95	16.1695	1077.0173	5.1267	6
214	16.1695	1076.9839	5.1324	6
214.05	16.1702	1076.0728	5.1262	6
214.1	16.1694	1077.3906	5.1313	6
214.15	16.1696	1077.2627	5.128	6
214.2	16.17	1076.769	5.1123	6
214.25	16.1697	1077.4917	5.1276	6
214.3	16.1695	1077.8583	5.1379	6
214.35	16.17	1077.2928	5.1339	6
214.4	16.1697	1077.7834	5.1373	6
214.45	16.1694	1078.1674	5.1363	6
214.5	16.1696	1077.9901	5.1252	6
214.55	16.1697	1077.986	5.1148	6
214.6	16.1697	1077.9778	5.1208	6
214.65	16.1699	1078.0493	5.1204	6
214.7	16.1703	1077.7409	5.1319	6
214.75	16.171	1077.0225	5.1379	6
214.8	16.1707	1077.4513	5.1161	6
214.85	16.1708	1077.26	5.1217	6
214.9	16.1713	1076.3677	5.1254	6
214.95	16.1708	1075.8039	5.1317	6
215	16.1704	1075.1018	5.1282	6
215.05	16.1707	1074.6784	5.1114	6
215.1	16.1711	1074.4251	5.1098	6
215.15	16.1713	1074.2784	5.1057	6
215.2	16.1712	1074.6635	5.1072	6
215.25	16.1717	1074.007	5.107	6
215.3	16.1718	1073.9487	5.0983	6
215.35	16.1715	1074.4843	5.0971	6
215.4	16.1718	1074.2521	5.0876	6
215.45	16.172	1074.1261	5.0824	6
215.5	16.172	1074.3112	5.0935	6
215.55	16.1723	1073.9543	5.0978	6
215.6	16.1724	1074.0053	5.1124	6
215.65	16.1724	1073.9884	5.1008	6
215.7	16.1725	1073.9369	5.0841	6
215.75	16.1721	1074.0741	5.0877	6
215.8	16.172	1072.5888	5.0919	6
215.85	16.1718	1072.0749	5.0905	6
215.9	16.1713	1072.7188	5.0928	6
215.95	16.1717	1072.1225	5.0973	6
216	16.1719	1071.9786	5.1057	6
216.05	16.1713	1072.902	5.0964	6
216.1	16.1715	1072.7937	5.0844	6
216.15	16.1717	1072.3986	5.0882	6
216.2	16.1714	1072.798	5.1014	6
216.25	16.1713	1072.9572	5.1	6
216.3	16.1716	1072.8122	5.1027	6
216.35	16.1718	1072.6074	5.1007	6
216.4	16.1716	1073.084	5.097	6
216.45	16.1715	1073.2622	5.0994	6
216.5	16.1719	1072.936	5.0943	6
216.55	16.172	1072.8802	5.073	6
216.6	16.1714	1072.8283	5.0917	6
216.65	16.1712	1071.5132	5.1122	6
216.7	16.1714	1070.8255	5.1042	6
216.75	16.1709	1071.4823	5.1046	6
216.8	16.1712	1071.3054	5.1106	6
216.85	16.1715	1070.9657	5.1064	6
216.9	16.1716	1071.0161	5.101	6
216.95	16.1711	1071.8063	5.0947	6
217	16.1717	1071.1163	5.0899	6
217.05	16.1718	1071.1385	5.0953	6
217.1	16.1716	1071.3027	5.0993	6
217.15	16.1719	1071.0912	5.1103	6
217.2	16.1724	1070.4779	5.0956	6
217.25	16.1723	1070.6633	5.0936	6
217.3	16.1725	1070.3676	5.0952	6
217.35	16.1731	1069.6872	5.1058	6
217.4	16.173	1069.3728	5.109	6
217.45	16.1726	1068.3108	5.1043	6
217.5	16.1727	1067.1736	5.116	6
217.55	16.1726	1067.2774	5.1179	6
217.6	16.1724	1067.498	5.0984	6
217.65	16.1725	1067.3554	5.0974	6
217.7	16.1727	1067.2597	5.1141	6
217.75	16.1724	1067.7234	5.1176	6
217.8	16.1722	1068.0129	5.1054	6
217.85	16.1725	1067.6596	5.1026	6
217.9	16.1726	1067.9027	5.1242	6
217.95	16.1723	1068.6507	5.1339	6
218	16.1726	1068.1489	5.1198	6
218.05	16.173	1067.7833	5.1146	6
218.1	16.1723	1068.5634	5.1171	6
218.15	16.1718	1067.7611	5.1196	6
218.2	16.1719	1066.5521	5.1136	6
218.25	16.1715	1067.021	5.1067	6
218.3	16.171	1067.7599	5.1158	6
218.35	16.1713	1067.3245	5.1032	6
218.4	16.1715	1067.2285	5.1007	6
218.45	16.1714	1067.5131	5.0999	6
218.5	16.1714	1067.7382	5.1084	6
218.55	16.1717	1067.4713	5.1223	6
218.6	16.1719	1067.2432	5.1164	6
218.65	16.1719	1067.4166	5.12	6
218.7	16.1724	1067.0461	5.1295	6
218.75	16.1725	1066.9745	5.1256	6
218.8	16.1725	1066.9462	5.1211	6
218.85	16.1727	1066.8701	5.1173	6
218.9	16.1727	1066.6458	5.1313	6
218.95	16.1722	1065.6361	5.1342	6
219	16.1722	1064.5805	5.1279	6
219.05	16.1721	1064.8498	5.1194	6
219.1	16.1726	1064.1484	5.1112	6
219.15	16.1728	1063.9936	5.1062	6
219.2	16.1729	1064.0577	5.1011	6
219.25	16.1733	1063.5074	5.11	6
219.3	16.1735	1063.2278	5.1371	6
219.35	16.1732	1063.7869	5.1301	6
219.4	16.1734	1063.6082	5.1115	6
219.45	16.1734	1063.5792	5.1112	6
219.5	16.1737	1063.3401	5.1031	6
219.55	16.174	1063.0908	5.1026	6
219.6	16.1736	1062.1598	5.1136	6
219.65	16.1738	1060.7194	5.1171	6
219.7	16.1737	1060.9807	5.121	6
219.75	16.1739	1060.7964	5.1201	6
219.8	16.1737	1061.1449	5.1177	6
219.85	16.1742	1060.5196	5.1104	6
219.9	16.1743	1060.4084	5.1064	6
219.95	16.1744	1060.2704	5.1057	6
220	16.1746	1060.0928	5.1102	6
220.05	16.175	1059.7126	5.1172	6
220.1	16.1749	1059.4672	5.1086	6
220.15	16.1742	1059.0638	5.0981	6
220.2	16.1744	1057.5815	5.1209	6
220.25	16.1744	1057.7224	5.1401	6
220.3	16.1736	1058.7393	5.1379	6
220.35	16.1739	1058.4486	5.1387	6
220.4	16.1743	1058.0184	5.1216	6
220.45	16.1737	1058.9797	5.1212	6
220.5	16.1732	1059.7772	5.1231	6
220.55	16.1743	1058.3984	5.1143	6
220.6	16.1737	1059.3876	5.1127	6
220.65	16.1729	1060.5394	5.1207	6
220.7	16.1735	1059.1357	5.1327	6
220.75	16.1726	1058.7933	5.1344	6
220.8	16.1717	1059.7329	5.1282	6
220.85	16.1721	1059.0386	5.1262	6
220.9	16.1716	1059.7411	5.1229	6
220.95	16.1709	1061.0084	5.1318	6
221	16.1711	1060.5785	5.1335	6
221.05	16.1708	1061.1297	5.131	6
221.1	16.1699	1062.4742	5.1273	6
221.15	16.1705	1061.807	5.1323	6
221.2	16.1707	1061.6226	5.1515	6
221.25	16.1694	1063.6731	5.1421	6
221.3	16.1697	1063.1242	5.1111	6
221.35	16.1702	1062.3175	5.105	6
221.4	16.1687	1064.4981	5.098	6
221.45	16.1686	1064.8975	5.0981	6
221.5	16.17	1063.1529	5.1045	6
221.55	16.1691	1064.3058	5.1112	6
221.6	16.1682	1065.5347	5.112	6
221.65	16.1694	1064.1956	5.0947	6
221.7	16.1691	1064.6681	5.0812	6
221.75	16.1679	1066.1312	5.1017	6
221.8	16.1682	1065.7163	5.1017	6
221.85	16.1692	1064.4768	5.0881	6
221.9	16.1686	1065.3944	5.1009	6
221.95	16.1687	1065.3877	5.1058	6
222	16.1695	1064.0834	5.1139	6
222.05	16.1689	1063.3126	5.1254	6
222.1	16.1679	1063.6527	5.1215	6
222.15	16.1678	1063.6391	5.1143	6
222.2	16.1682	1063.1939	5.108	6
222.25	16.1677	1063.8301	5.1113	6
222.3	16.1674	1064.438	5.0937	6
222.35	16.1676	1064.0749	5.0871	6
222.4	16.1679	1063.681	5.098	6
222.45	16.1674	1064.5877	5.1031	6
222.5	16.1677	1064.4101	5.1126	6
222.55	16.1678	1064.3145	5.1155	6
222.6	16.168	1064.2202	5.109	6
222.65	16.1674	1064.823	5.1016	6
222.7	16.1675	1064.7946	5.1042	6
222.75	16.1678	1064.5706	5.1205	6
222.8	16.1676	1064.9202	5.1185	6
222.85	16.1676	1064.9718	5.1185	6
222.9	16.1678	1064.8994	5.12	6
222.95	16.1679	1064.7326	5.1087	6
223	16.1678	1064.9292	5.113	6
223.05	16.1678	1064.9859	5.1054	6
223.1	16.168	1064.8515	5.11	6
223.15	16.1677	1065.2965	5.1146	6
223.2	16.1677	1065.3007	5.102	6
223.25	16.1679	1065.1579	5.1034	6
223.3	16.168	1065.1351	5.1054	6
223.35	16.1678	1065.5919	5.1099	6
223.4	16.1684	1064.8023	5.1141	6
223.45	16.1686	1064.5884	5.109	6
223.5	16.168	1065.4286	5.1257	6
223.55	16.1688	1064.5656	5.1388	6
223.6	16.1694	1063.6961	5.1398	6
223.65	16.1691	1064.4018	5.1371	6
223.7	16.1696	1063.7995	5.1239	6
223.75	16.1704	1062.8549	5.1209	6
223.8	16.1702	1063.3251	5.1222	6
223.85	16.1702	1063.462	5.1122	6
223.9	16.1709	1062.6174	5.1026	6
223.95	16.1711	1062.2995	5.0936	6
224	16.1705	1063.1002	5.1085	6
224.05	16.171	1062.3657	5.1045	6
224.1	16.1718	1061.3569	5.0947	6
224.15	16.1713	1062.4283	5.1067	6
224.2	16.1711	1061.9804	5.0982	6
224.25	16.1713	1059.6566	5.1066	6
224.3	16.1708	1059.9477	5.1222	6
224.35	16.1703	1060.7137	5.1154	6
224.4	16.171	1059.9095	5.1041	6
224.45	16.171	1059.8939	5.0875	6
224.5	16.1705	1060.7526	5.1006	6
224.55	16.1706	1060.7805	5.0997	6
224.6	16.1706	1060.7779	5.1031	6
224.65	16.1698	1062.1651	5.1203	6
224.7	16.1697	1062.2839	5.1294	6
224.75	16.1696	1062.2548	5.1136	6
224.8	16.1691	1063.2412	5.0884	6
224.85	16.1686	1063.9062	5.0941	6
224.9	16.1691	1063.206	5.1184	6
224.95	16.1687	1063.9557	5.1214	6
225	16.1682	1064.6655	5.0997	6
225.05	16.1685	1064.2629	5.1013	6
225.1	16.1682	1064.7612	5.0959	6
225.15	16.1681	1064.9875	5.1099	6
225.2	16.1682	1064.8381	5.112	6
225.25	16.168	1065.19	5.1003	6
225.3	16.1679	1065.3521	5.1121	6
225.35	16.1683	1064.8243	5.1087	6
225.4	16.1679	1065.4375	5.1147	6
225.45	16.1676	1066.0893	5.1126	6
225.5	16.1679	1065.7285	5.1075	6
225.55	16.168	1065.942	5.1146	6
225.6	16.1674	1066.7022	5.1235	6
225.65	16.1676	1066.6805	5.1462	6
225.7	16.1684	1065.8146	5.1408	6
225.75	16.1678	1066.5822	5.1082	6
225.8	16.1679	1066.5656	5.1006	6
225.85	16.1687	1065.3917	5.0957	6
225.9	16.1682	1066.0646	5.1026	6
225.95	16.1685	1065.9213	5.1133	6
226	16.1689	1065.1924	5.1212	6
226.05	16.1686	1065.7276	5.127	6
226.1	16.1685	1065.4831	5.1254	6
226.15	16.1686	1063.631	5.1259	6
226.2	16.1683	1063.4557	5.1278	6
226.25	16.1683	1063.6536	5.1262	6
226.3	16.1683	1063.6143	5.1219	6
226.35	16.1683	1063.6685	5.1074	6
226.4	16.1681	1063.8158	5.1095	6
226.45	16.1683	1063.7216	5.1077	6
226.5	16.1682	1064.0685	5.1076	6
226.55	16.1681	1064.3934	5.1249	6
226.6	16.1683	1064.1249	5.1321	6
226.65	16.168	1064.6397	5.1313	6
226.7	16.1675	1065.585	5.1354	6
226.75	16.1677	1065.3081	5.1265	6
226.8	16.1675	1065.3159	5.1345	6
226.85	16.1667	1066.5879	5.154	6
226.9	16.1671	1066.1809	5.1458	6
226.95	16.1676	1065.5427	5.1183	6
227	16.1669	1066.5655	5.1172	6
227.05	16.1673	1066.0958	5.1277	6
227.1	16.1678	1065.4327	5.141	6
227.15	16.1672	1066.2305	5.1367	6
227.2	16.1673	1066.0893	5.1403	6
227.25	16.1679	1065.2082	5.1343	6
227.3	16.167	1066.4972	5.1208	6
227.35	16.1669	1066.8061	5.1196	6
227.4	16.1673	1066.2673	5.1301	6
227.45	16.1669	1066.8483	5.1259	6
227.5	16.1661	1068.068	5.104	6
227.55	16.1665	1067.5719	5.1023	6
227.6	16.1665	1067.7574	5.1141	6
227.65	16.1657	1068.9505	5.1235	6
227.7	16.1661	1068.2864	5.1234	6
227.75	16.1658	1068.6513	5.1209	6
227.8	16.1654	1069.3437	5.1216	6
227.85	16.1657	1068.734	5.1055	6
227.9	16.1661	1068.4655	5.1008	6
227.95	16.1656	1069.1992	5.114	6
228	16.1655	1069.2889	5.1163	6
228.05	16.166	1068.6719	5.1253	6
228.1	16.1653	1069.823	5.1182	6
228.15	16.1651	1070.1547	5.0935	6
228.2	16.1653	1069.7963	5.0803	6
228.25	16.1646	1070.8118	5.0951	6
228.3	16.1646	1070.8877	5.1017	6
228.35	16.1648	1070.5565	5.1028	6
228.4	16.1646	1070.9912	5.1002	6
228.45	16.1648	1071.8138	5.1028	6
228.5	16.1655	1072.8382	5.1106	6
228.55	16.1652	1073.8212	5.0953	6
228.6	16.165	1074.1678	5.0863	6
228.65	16.1656	1073.4394	5.0973	6
228.7	16.165	1074.2425	5.1126	6
228.75	16.165	1074.4609	5.118	6
228.8	16.1654	1073.8934	5.111	6
228.85	16.1648	1074.8572	5.1047	6
228.9	16.1645	1075.2092	5.1063	6
228.95	16.1649	1074.7643	5.1222	6
229	16.1646	1075.587	5.13	6
229.05	16.1641	1076.1208	5.1233	6
229.1	16.1647	1075.408	5.1218	6
229.15	16.1648	1075.4934	5.1272	6
229.2	16.1641	1076.5265	5.1291	6
229.25	16.1646	1075.7917	5.1164	6
229.3	16.1649	1075.2762	5.0994	6
229.35	16.1645	1076.1782	5.1052	6
229.4	16.1647	1076.0396	5.0958	6
229.45	16.1652	1075.4963	5.0809	6
229.5	16.1649	1076.0492	5.0734	6
229.55	16.1646	1076.4585	5.0588	6
229.6	16.165	1076.0033	5.0609	6
229.65	16.1649	1076.247	5.0775	6
229.7	16.1643	1077.1268	5.0801	6
229.75	16.1646	1076.881	5.0879	6
229.8	16.1648	1076.4656	5.0868	6
229.85	16.1638	1077.8907	5.0806	6
229.9	16.1639	1077.7498	5.1021	6
229.95	16.1639	1077.7266	5.0973	6
230	16.1635	1078.5826	5.0915	6
230.05	16.1634	1078.8307	5.0894	6
230.1	16.1629	1079.4993	5.0982	6
230.15	16.1622	1080.3777	5.0971	6
230.2	16.1625	1080.0745	5.0786	6
230.25	16.1621	1082.2028	5.0779	6
230.3	16.1618	1083.8029	5.0976	6
230.35	16.1624	1083.224	5.1108	6
230.4	16.1619	1083.9037	5.1027	6
230.45	16.1615	1084.6145	5.0908	6
230.5	16.1618	1084.2704	5.0894	6
230.55	16.1615	1084.6653	5.0936	6
230.6	16.1611	1085.4789	5.1012	6
230.65	16.1611	1085.5208	5.1029	6
230.7	16.1608	1085.8731	5.0868	6
230.75	16.1606	1086.2899	5.0909	6
230.8	16.1604	1086.6049	5.0927	6
230.85	16.1602	1086.7968	5.0857	6
230.9	16.1601	1086.9247	5.0921	6
230.95	16.1603	1087.5617	5.092	6
231	16.1607	1088.743	5.0942	6
231.05	16.1608	1089.3721	5.0904	6
231.1	16.1612	1088.9806	5.086	6
231.15	16.1614	1088.9033	5.0901	6
231.2	16.1613	1088.8621	5.0877	6
231.25	16.1616	1088.4692	5.087	6
231.3	16.1617	1088.4992	5.0973	6
231.35	16.1617	1088.766	5.1013	6
231.4	16.1621	1088.2543	5.108	6
231.45	16.1621	1088.155	5.1311	6
231.5	16.1619	1088.5365	5.1389	6
231.55	16.1621	1088.2431	5.1171	6
231.6	16.1624	1087.9977	5.0984	6
231.65	16.1623	1088.4305	5.0979	6
231.7	16.1624	1088.3004	5.1213	6
231.75	16.1626	1088.31	5.1079	6
231.8	16.1632	1088.8374	5.0934	6
231.85	16.1642	1088.8041	5.1085	6
231.9	16.1646	1088.6333	5.1193	6
231.95	16.165	1088.121	5.1169	6
232	16.1659	1087.0061	5.107	6
232.05	16.1662	1086.7611	5.1043	6
232.1	16.1662	1086.5059	5.101	6
232.15	16.1667	1085.847	5.0993	6
232.2	16.1676	1084.9201	5.115	6
232.25	16.1676	1085.0946	5.1147	6
232.3	16.1681	1084.3487	5.095	6
232.35	16.1687	1083.4521	5.0816	6
232.4	16.1687	1083.5088	5.0825	6
232.45	16.1687	1083.6184	5.0864	6
232.5	16.1695	1082.1626	5.0873	6
232.55	16.1692	1081.3186	5.0912	6
232.6	16.1686	1081.751	5.0906	6
232.65	16.1693	1080.6591	5.1031	6
232.7	16.1694	1080.6194	5.1116	6
232.75	16.1691	1081.2123	5.1087	6
232.8	16.169	1081.4184	5.1121	6
232.85	16.1698	1080.2137	5.1234	6
232.9	16.1699	1080.2781	5.1073	6
232.95	16.1695	1081.047	5.1034	6
233	16.1701	1080.4032	5.0998	6
233.05	16.1705	1079.7349	5.105	6
233.1	16.17	1080.4832	5.1118	6
233.15	16.17	1080.7827	5.1249	6
233.2	16.1709	1079.574	5.1409	6
233.25	16.1705	1080.3093	5.1264	6
233.3	16.1703	1080.6145	5.1229	6
233.35	16.1711	1079.623	5.1217	6
233.4	16.1712	1079.5221	5.121	6
233.45	16.1706	1080.3813	5.1403	6
233.5	16.171	1079.8745	5.1352	6
233.55	16.1718	1078.923	5.1378	6
233.6	16.1709	1080.2934	5.1353	6
233.65	16.1708	1080.3982	5.1205	6
233.7	16.1715	1078.3434	5.128	6
233.75	16.1706	1077.8925	5.1299	6
233.8	16.1697	1079.0328	5.1239	6
233.85	16.171	1077.3107	5.137	6
233.9	16.171	1077.4765	5.1432	6
233.95	16.1701	1078.7954	5.1293	6
234	16.1708	1077.7019	5.1338	6
234.05	16.1714	1076.9181	5.135	6
234.1	16.1711	1077.584	5.1286	6
234.15	16.1711	1077.5828	5.1097	6
234.2	16.172	1076.3379	5.1161	6
234.25	16.1721	1076.3058	5.1187	6
234.3	16.1719	1076.7754	5.112	6
234.35	16.1726	1075.8524	5.1258	6
234.4	16.1727	1075.7435	5.1232	6
234.45	16.1726	1075.9198	5.1227	6
234.5	16.1726	1075.8569	5.1277	6
234.55	16.1725	1075.3652	5.1141	6
234.6	16.172	1074.4715	5.0993	6
234.65	16.1718	1074.2256	5.0923	6
234.7	16.1717	1074.5405	5.087	6
234.75	16.1719	1074.3875	5.0916	6
234.8	16.1713	1075.107	5.1073	6
234.85	16.1714	1075.207	5.1079	6
234.9	16.1715	1074.9692	5.1038	6
234.95	16.1711	1075.439	5.1189	6
235	16.1712	1075.4141	5.1245	6
235.05	16.1713	1075.1715	5.1261	6
235.1	16.171	1075.778	5.1152	6
235.15	16.171	1075.7446	5.113	6
235.2	16.1712	1075.6614	5.1164	6
235.25	16.1705	1076.6994	5.1	6
235.3	16.1706	1076.8375	5.1028	6
235.35	16.1707	1076.8254	5.1098	6
235.4	16.17	1077.832	5.1058	6
235.45	16.17	1077.7937	5.1078	6
235.5	16.1697	1077.665	5.1145	6
235.55	16.1692	1076.706	5.0983	6
235.6	16.1683	1077.0537	5.0927	6
235.65	16.1683	1077.2637	5.0845	6
235.7	16.1684	1077.3412	5.0795	6
235.75	16.1679	1078.14	5.0835	6
235.8	16.1674	1079.0194	5.0904	6
235.85	16.1676	1078.7882	5.0824	6
235.9	16.1672	1079.1807	5.0784	6
235.95	16.1666	1080.0102	5.0897	6
236	16.1668	1079.8404	5.0912	6
236.05	16.1667	1080.0757	5.102	6
236.1	16.1666	1080.1222	5.1111	6
236.15	16.1663	1080.53	5.108	6
236.2	16.1665	1080.2975	5.0844	6
236.25	16.1667	1080.196	5.0778	6
236.3	16.1667	1080.2322	5.1021	6
236.35	16.1669	1080.0185	5.1154	6
236.4	16.1671	1079.7522	5.086	6
236.45	16.1671	1079.708	5.0715	6
236.5	16.1671	1079.6421	5.0826	6
236.55	16.1674	1079.7014	5.1022	6
236.6	16.1676	1079.3653	5.1079	6
236.65	16.1676	1079.5855	5.1092	6
236.7	16.1677	1079.4548	5.0993	6
236.75	16.1679	1079.3969	5.1113	6
236.8	16.1676	1079.8442	5.1036	6
236.85	16.1676	1079.8646	5.0946	6
236.9	16.1676	1079.9556	5.0963	6
236.95	16.1678	1079.9018	5.114	6
237	16.1679	1080.021	5.1234	6
237.05	16.1682	1079.6628	5.1105	6
237.1	16.1681	1079.7577	5.1053	6
237.15	16.1679	1080.1605	5.1121	6
237.2	16.1687	1079.1748	5.1002	6
237.25	16.1682	1079.8301	5.1167	6
237.3	16.1681	1080.1053	5.1161	6
237.35	16.1692	1078.5644	5.0998	6
237.4	16.169	1078.9573	5.1046	6
237.45	16.1685	1079.8818	5.1069	6
237.5	16.1695	1078.6604	5.1114	6
237.55	16.1694	1078.6548	5.1082	6
237.6	16.1686	1080.077	5.0989	6
237.65	16.1695	1078.9825	5.1012	6
237.7	16.17	1078.3592	5.1039	6
237.75	16.169	1079.7608	5.1104	6
237.8	16.1696	1078.8646	5.1186	6
237.85	16.1699	1078.405	5.1051	6
237.9	16.1693	1079.4615	5.1072	6
237.95	16.1693	1079.6632	5.1132	6
238	16.1698	1079.2116	5.1047	6
238.05	16.17	1079.0218	5.0899	6
238.1	16.1695	1079.5806	5.0745	6
238.15	16.1697	1079.1193	5.0862	6
238.2	16.17	1078.7679	5.108	6
238.25	16.1699	1079.2852	5.1089	6
238.3	16.1698	1079.1266	5.0898	6
238.35	16.1698	1077.6514	5.0925	6
238.4	16.169	1077.5861	5.0997	6
238.45	16.1687	1078.2103	5.1082	6
238.5	16.1694	1077.3038	5.1177	6
238.55	16.1692	1077.7729	5.1115	6
238.6	16.1691	1078.0125	5.1055	6
238.65	16.1694	1077.7239	5.1277	6
238.7	16.1693	1077.8955	5.1342	6
238.75	16.1695	1077.791	5.1198	6
238.8	16.1695	1078.0278	5.126	6
238.85	16.1697	1077.9364	5.1162	6
238.9	16.1696	1077.9552	5.1089	6
238.95	16.1697	1077.8831	5.1198	6
239	16.1695	1078.1316	5.1252	6
239.05	16.1695	1078.0918	5.1328	6
239.1	16.1693	1078.3083	5.1167	6
239.15	16.1693	1078.6172	5.1149	6
239.2	16.1692	1078.7403	5.1257	6
239.25	16.1693	1078.6003	5.1036	6
239.3	16.1696	1078.3233	5.0986	6
239.35	16.1696	1078.4473	5.1177	6
239.4	16.17	1078.0538	5.1204	6
239.45	16.1697	1078.4174	5.1095	6
239.5	16.1698	1078.2328	5.104	6
239.55	16.17	1078.0975	5.1056	6
239.6	16.17	1078.3024	5.1042	6
239.65	16.1701	1078.18	5.0995	6
239.7	16.1705	1077.8579	5.1035	6
239.75	16.1705	1077.3964	5.1172	6
239.8	16.1697	1076.7113	5.1196	6
239.85	16.17	1075.4491	5.1086	6
239.9	16.1697	1075.8032	5.1253	6
239.95	16.1692	1076.6814	5.1314	6
240	16.1689	1077.1414	5.1097	6
240.05	16.1662	1080.8115	5.1197	6
240.1	16.1634	1085.0453	5.1241	6
240.15	16.1622	1086.7728	5.1125	6
240.2	16.1596	1091.2999	5.1147	6
240.25	16.1583	1095.0465	5.131	6
240.3	16.1606	1092.381	5.1381	6
240.35	16.1627	1089.362	5.1415	6
240.4	16.1644	1087.2514	5.1387	6
240.45	16.1684	1081.7044	5.133	6
240.5	16.1718	1076.9429	5.1213	6
240.55	16.1719	1076.7429	5.126	6
240.6	16.1727	1075.7872	5.1315	6
240.65	16.1741	1072.9759	5.1214	6
240.7	16.1732	1072.5235	5.1243	6
240.75	16.1726	1073.0226	5.1239	6
240.8	16.1735	1071.722	5.137	6
240.85	16.1738	1071.4573	5.132	6
240.9	16.1734	1072.3288	5.1292	6
240.95	16.1741	1071.3327	5.1309	6
241	16.174	1071.4725	5.1323	6
241.05	16.1734	1072.3189	5.1307	6
241.1	16.1735	1072.2016	5.1187	6
241.15	16.1737	1071.8782	5.1189	6
241.2	16.1734	1072.4689	5.1445	6
241.25	16.1731	1072.1579	5.1415	6
241.3	16.1728	1070.6533	5.1221	6
241.35	16.1721	1071.1286	5.1193	6
241.4	16.1723	1070.9119	5.1134	6
241.45	16.1722	1071.0298	5.1084	6
241.5	16.1719	1071.6418	5.1082	6
241.55	16.1723	1071.1486	5.1	6
241.6	16.1719	1071.7257	5.1047	6
241.65	16.172	1071.7954	5.1007	6
241.7	16.1724	1071.277	5.0966	6
241.75	16.1723	1071.5453	5.1024	6
241.8	16.1721	1071.9211	5.1126	6
241.85	16.1729	1070.8513	5.1238	6
241.9	16.1728	1071.3832	5.1246	6
241.95	16.1723	1072.3684	5.1049	6
242	16.1722	1071.1725	5.0998	6
242.05	16.1716	1070.3106	5.1045	6
242.1	16.1707	1071.3096	5.1058	6
242.15	16.1705	1071.661	5.1128	6
242.2	16.1711	1070.7942	5.1057	6
242.25	16.1702	1072.2618	5.11	6
242.3	16.17	1072.7077	5.1117	6
242.35	16.1708	1071.5997	5.1173	6
242.4	16.1703	1072.2991	5.1037	6
242.45	16.1696	1073.3682	5.114	6
242.5	16.1706	1072.1938	5.1208	6
242.55	16.1705	1072.1878	5.1195	6
242.6	16.1698	1073.2411	5.1104	6
242.65	16.1701	1072.8322	5.0969	6
242.7	16.1706	1072.041	5.096	6
242.75	16.17	1072.9317	5.0856	6
242.8	16.1703	1072.6985	5.0828	6
242.85	16.1715	1071.0765	5.0775	6
242.9	16.1718	1070.7218	5.0837	6
242.95	16.172	1070.7005	5.0992	6
243	16.1739	1067.5468	5.1151	6
243.05	16.1761	1063.1304	5.1146	6
243.1	16.179	1058.7405	5.1049	6
243.15	16.1844	1051.3527	5.1005	6
243.2	16.1904	1042.983	5.1076	6
243.25	16.1911	1041.2772	5.1227	6
243.3	16.182	1052.1505	5.1232	6
243.35	16.1753	1061.2109	5.1136	6
243.4	16.1791	1056.0073	5.1122	6
243.45	16.1731	1064.3102	5.1082	6
243.5	16.1627	1078.7929	5.0973	6
243.55	16.1677	1071.7101	5.0866	6
243.6	16.171	1067.2185	5.0966	6
243.65	16.164	1076.9432	5.1052	6
243.7	16.1605	1081.9346	5.0986	6
243.75	16.1654	1074.9945	5.0941	6
243.8	16.1657	1074.6571	5.0891	6
243.85	16.1616	1080.7194	5.101	6
243.9	16.1621	1079.9357	5.0892	6
243.95	16.1643	1077.0091	5.0764	6
244	16.1639	1077.5465	5.0825	6
244.05	16.1621	1079.9093	5.0669	6
244.1	16.1627	1079.1665	5.063	6
244.15	16.1636	1077.9747	5.0763	6
244.2	16.163	1078.8072	5.0996	6
244.25	16.1629	1079.0575	5.1098	6
244.3	16.1627	1080.4345	5.1035	6
244.35	16.1644	1080.0331	5.0926	6
244.4	16.1648	1079.6866	5.0957	6
244.45	16.1637	1081.2165	5.1003	6
244.5	16.164	1081.0386	5.0898	6
244.55	16.1653	1079.2876	5.0991	6
244.6	16.1646	1080.2029	5.0922	6
244.65	16.1641	1081.1414	5.0838	6
244.7	16.1655	1079.1079	5.0719	6
244.75	16.1652	1079.6154	5.0807	6
244.8	16.1648	1080.3069	5.088	6
244.85	16.1658	1078.8476	5.0633	6
244.9	16.1657	1079.006	5.0725	6
244.95	16.1653	1079.853	5.0818	6
245	16.1663	1078.6159	5.0606	6
245.05	16.1666	1078.0903	5.0535	6
245.1	16.1659	1079.2682	5.074	6
245.15	16.1667	1078.2522	5.089	6
245.2	16.1673	1077.4781	5.082	6
245.25	16.1664	1078.6316	5.0732	6
245.3	16.1667	1078.3199	5.082	6
245.35	16.1674	1077.291	5.0878	6
245.4	16.1666	1078.2538	5.0815	6
245.45	16.1668	1077.9796	5.0897	6
245.5	16.167	1077.6504	5.0842	6
245.55	16.167	1077.8578	5.0927	6
245.6	16.1667	1078.5993	5.0875	6
245.65	16.1669	1078.4091	5.0826	6
245.7	16.1672	1078.0714	5.0814	6
245.75	16.1664	1079.1813	5.0723	6
245.8	16.1665	1079.1847	5.0821	6
245.85	16.167	1078.4995	5.0912	6
245.9	16.1667	1078.9954	5.0774	6
245.95	16.166	1080.1277	5.0817	6
246	16.1669	1079.0473	5.0854	6
246.05	16.1669	1079.1222	5.0998	6
246.1	16.1663	1079.8734	5.0908	6
246.15	16.1671	1078.91	5.0765	6
246.2	16.1681	1077.7011	5.0686	6
246.25	16.1684	1077.6209	5.0686	6
246.3	16.1691	1076.8803	5.0846	6
246.35	16.1703	1075.0897	5.0846	6
246.4	16.1707	1074.6757	5.0982	6
246.45	16.1707	1074.6082	5.1121	6
246.5	16.1722	1072.4326	5.1011	6
246.55	16.172	1071.5789	5.0882	6
246.6	16.172	1069.9786	5.0783	6
246.65	16.173	1068.2714	5.0822	6
246.7	16.1734	1067.7635	5.0845	6
246.75	16.1735	1067.7021	5.0601	6
246.8	16.1739	1067.2148	5.0502	6
246.85	16.1743	1066.646	5.0462	6
246.9	16.1744	1066.6507	5.058	6
246.95	16.1744	1066.7262	5.0783	6
247	16.1749	1066.0426	5.0737	6
247.05	16.1749	1066.0702	5.0781	6
247.1	16.1748	1066.0305	5.0758	6
247.15	16.1746	1064.7418	5.0694	6
247.2	16.1743	1064.0662	5.0736	6
247.25	16.174	1064.5597	5.0919	6
247.3	16.1742	1064.4252	5.1129	6
247.35	16.1743	1064.3807	5.1102	6
247.4	16.1738	1065.1473	5.0941	6
247.45	16.1738	1065.0227	5.1059	6
247.5	16.1741	1064.5825	5.1058	6
247.55	16.1734	1065.6797	5.0843	6
247.6	16.1734	1065.8313	5.0726	6
247.65	16.1739	1065.3763	5.0805	6
247.7	16.1731	1065.5081	5.0981	6
247.75	16.1728	1064.3814	5.1009	6
247.8	16.1726	1064.1597	5.0987	6
247.85	16.1722	1064.9045	5.1015	6
247.9	16.1722	1064.8064	5.0697	6
247.95	16.1724	1064.5835	5.0658	6
248	16.1722	1064.7693	5.0711	6
248.05	16.1722	1064.828	5.0778	6
248.1	16.1727	1064.3241	5.0961	6
248.15	16.1731	1063.7495	5.0919	6
248.2	16.1727	1064.4083	5.08	6
248.25	16.1729	1064.0927	5.0879	6
248.3	16.1731	1064.0438	5.0963	6
248.35	16.1727	1064.7805	5.1024	6
248.4	16.1727	1063.8802	5.1168	6
248.45	16.172	1063.2136	5.1035	6
248.5	16.1715	1063.4806	5.0925	6
248.55	16.1712	1063.866	5.0669	6
248.6	16.1712	1063.8704	5.0738	6
248.65	16.1708	1064.4143	5.093	6
248.7	16.1705	1064.8582	5.0934	6
248.75	16.1707	1064.7221	5.0918	6
248.8	16.1701	1065.7345	5.08	6
248.85	16.1702	1065.746	5.0808	6
248.9	16.17	1065.9555	5.0873	6
248.95	16.169	1067.3592	5.0986	6
249	16.169	1067.5658	5.0981	6
249.05	16.1689	1067.8048	5.1	6
249.1	16.1672	1070.2785	5.1159	6
249.15	16.1664	1071.5005	5.1169	6
249.2	16.167	1070.6948	5.0929	6
249.25	16.1655	1072.8729	5.0832	6
249.3	16.1648	1074.0337	5.1027	6
249.35	16.1662	1071.9544	5.1211	6
249.4	16.1659	1072.4755	5.1155	6
249.45	16.165	1073.8318	5.1016	6
249.5	16.167	1071.0506	5.096	6
249.55	16.1673	1070.6503	5.0787	6
249.6	16.1662	1072.3549	5.0963	6
249.65	16.1681	1069.6267	5.1001	6
249.7	16.1688	1068.731	5.0803	6
249.75	16.1675	1070.556	5.0819	6
249.8	16.1685	1069.3151	5.0935	6
249.85	16.1699	1067.3971	5.118	6
249.9	16.1686	1069.2769	5.1053	6
249.95	16.1687	1069.2296	5.0856	6
250	16.17	1067.3832	5.1031	6
250.05	16.1698	1067.7492	5.1117	6
250.1	16.1689	1069.1385	5.1048	6
250.15	16.17	1067.7895	5.0989	6
250.2	16.1703	1067.5023	5.0919	6
250.25	16.1687	1069.7694	5.1076	6
250.3	16.1694	1069.0012	5.1175	6
250.35	16.1699	1068.2719	5.1256	6
250.4	16.1681	1070.7636	5.1222	6
250.45	16.1683	1070.343	5.1204	6
250.5	16.169	1067.7151	5.1149	6
250.55	16.1671	1069.1957	5.11	6
250.6	16.1667	1069.8292	5.1143	6
250.65	16.168	1067.855	5.1134	6
250.7	16.167	1069.1421	5.1201	6
250.75	16.1659	1070.7673	5.1118	6
250.8	16.1673	1068.7799	5.1073	6
250.85	16.167	1069.1243	5.1187	6
250.9	16.166	1070.5483	5.1045	6
250.95	16.1668	1069.5502	5.0944	6
251	16.1672	1068.9844	5.0974	6
251.05	16.1664	1070.2888	5.0907	6
251.1	16.1669	1069.6149	5.1034	6
251.15	16.167	1069.5435	5.106	6
251.2	16.1664	1070.4873	5.0913	6
251.25	16.1661	1070.7782	5.0841	6
251.3	16.1663	1070.6767	5.1109	6
251.35	16.166	1071.2942	5.1302	6
251.4	16.166	1071.1403	5.1393	6
251.45	16.1661	1071.328	5.1202	6
251.5	16.1665	1072.7963	5.1029	6
251.55	16.1669	1072.6649	5.1038	6
251.6	16.1667	1072.593	5.1024	6
251.65	16.1663	1073.3147	5.1156	6
251.7	16.1673	1071.9855	5.1019	6
251.75	16.1664	1072.2644	5.0847	6
251.8	16.1661	1074.0868	5.1019	6
251.85	16.1674	1072.6717	5.1056	6
251.9	16.1666	1073.3729	5.1132	6
251.95	16.1655	1075.3898	5.1035	6
252	16.1666	1074.1553	5.1062	6
252.05	16.1669	1074.0244	5.1235	6
252.1	16.1654	1076.0874	5.1149	6
252.15	16.1659	1075.1282	5.1032	6
252.2	16.1666	1074.199	5.0928	6
252.25	16.1658	1075.4226	5.087	6
252.3	16.1659	1075.367	5.0925	6
252.35	16.1666	1074.7726	5.1031	6
252.4	16.1664	1075.1225	5.0994	6
252.45	16.1662	1075.385	5.0986	6
252.5	16.1665	1075.3463	5.1109	6
252.55	16.1666	1075.2692	5.1093	6
252.6	16.1666	1075.2742	5.1098	6
252.65	16.1663	1075.7882	5.1148	6
252.7	16.1664	1075.6376	5.1087	6
252.75	16.1665	1075.4352	5.0982	6
252.8	16.1661	1076.4181	5.0969	6
252.85	16.1666	1075.6999	5.0876	6
252.9	16.167	1075.1769	5.0917	6
252.95	16.1661	1076.4389	5.0825	6
253	16.1665	1076.0023	5.0878	6
253.05	16.1677	1074.4481	5.1023	6
253.1	16.1666	1076.128	5.0964	6
253.15	16.1669	1075.6501	5.0768	6
253.2	16.1677	1074.468	5.0674	6
253.25	16.1674	1075.0858	5.0676	6
253.3	16.1672	1075.4757	5.0782	6
253.35	16.168	1074.1333	5.0793	6
253.4	16.1682	1074.2196	5.086	6
253.45	16.1676	1075.1426	5.1145	6
253.5	16.1685	1073.7646	5.1049	6
253.55	16.1686	1072.9233	5.0981	6
253.6	16.1677	1073.3316	5.0925	6
253.65	16.1683	1071.5586	5.0948	6
253.7	16.1681	1070.7844	5.1046	6
253.75	16.1672	1072.1638	5.0922	6
253.8	16.1679	1071.5106	5.0928	6
253.85	16.1681	1071.4384	5.0965	6
253.9	16.1672	1072.7018	5.0971	6
253.95	16.1677	1072.288	5.1117	6
254	16.1678	1072.145	5.1154	6
254.05	16.1673	1072.9166	5.1308	6
254.1	16.1674	1072.7419	5.1318	6
254.15	16.1676	1072.6376	5.1133	6
254.2	16.1677	1072.4356	5.1118	6
254.25	16.1675	1072.8032	5.1024	6
254.3	16.1674	1073.1212	5.0928	6
254.35	16.1681	1072.2948	5.12	6
254.4	16.1677	1072.6996	5.1345	6
254.45	16.1673	1073.3035	5.1291	6
254.5	16.1678	1072.6104	5.1196	6
254.55	16.1676	1072.9193	5.1108	6
254.6	16.1669	1073.8767	5.119	6
254.65	16.1669	1073.8744	5.1244	6
254.7	16.1677	1072.7635	5.1251	6
254.75	16.1669	1073.9513	5.114	6
254.8	16.1667	1074.4536	5.1013	6
254.85	16.1677	1073.0249	5.1108	6
254.9	16.1671	1074.1762	5.1118	6
254.95	16.1668	1074.7259	5.1107	6
255	16.1673	1073.8428	5.0992	6
255.05	16.1665	1074.9539	5.1029	6
255.1	16.1664	1075.2972	5.1045	6
255.15	16.1669	1074.7018	5.1018	6
255.2	16.1669	1074.8756	5.088	6
255.25	16.1665	1075.4295	5.0997	6
255.3	16.167	1074.7297	5.1031	6
255.35	16.1666	1075.4078	5.0956	6
255.4	16.1667	1075.6424	5.1052	6
255.45	16.1666	1075.6759	5.1128	6
255.5	16.1667	1075.6257	5.1111	6
255.55	16.1664	1076.1193	5.1048	6
255.6	16.1667	1075.6739	5.0947	6
255.65	16.1672	1075.1362	5.0946	6
255.7	16.1664	1076.1587	5.1086	6
255.75	16.1668	1075.6275	5.1205	6
255.8	16.1671	1075.4372	5.1279	6
255.85	16.1668	1076.0726	5.141	6
255.9	16.1676	1075.0846	5.1201	6
255.95	16.1675	1075.0679	5.1016	6
256	16.1674	1075.1762	5.1025	6
256.05	16.1682	1074.0964	5.0763	6
256.1	16.1679	1074.6513	5.0847	6
256.15	16.1678	1074.8638	5.1051	6
256.2	16.1682	1074.1295	5.0912	6
256.25	16.1678	1074.9782	5.0869	6
256.3	16.1671	1075.7961	5.0822	6
256.35	16.1661	1076.959	5.0802	6
256.4	16.1653	1078.1949	5.0906	6
256.45	16.1646	1079.2702	5.101	6
256.5	16.1642	1080.0089	5.0838	6
256.55	16.1641	1080.2432	5.0832	6
256.6	16.1637	1080.7636	5.0884	6
256.65	16.1638	1080.6063	5.0785	6
256.7	16.1636	1081.0244	5.0684	6
256.75	16.1637	1080.9661	5.0858	6
256.8	16.164	1080.5664	5.0971	6
256.85	16.1637	1081.2242	5.0906	6
256.9	16.1644	1081.7735	5.0854	6
256.95	16.1654	1082.0366	5.07	6
257	16.1649	1082.99	5.0734	6
257.05	16.1652	1082.6184	5.0873	6
257.1	16.166	1081.3186	5.08	6
257.15	16.1652	1082.5793	5.0655	6
257.2	16.1656	1082.0889	5.0701	6
257.25	16.1669	1080.359	5.0816	6
257.3	16.166	1081.7245	5.0829	6
257.35	16.1662	1081.437	5.0718	6
257.4	16.1672	1080.1483	5.0867	6
257.45	16.167	1080.6256	5.0851	6
257.5	16.1665	1081.3132	5.0739	6
257.55	16.1669	1080.7636	5.0943	6
257.6	16.167	1080.5897	5.1077	6
257.65	16.1665	1081.5189	5.0981	6
257.7	16.167	1080.9364	5.0814	6
257.75	16.1673	1080.7958	5.0951	6
257.8	16.1671	1081.1546	5.1033	6
257.85	16.1673	1080.7172	5.0836	6
257.9	16.1671	1080.9883	5.078	6
257.95	16.167	1081.31	5.0947	6
258	16.1674	1080.8578	5.1001	6
258.05	16.1677	1080.6049	5.1006	6
258.1	16.1666	1082.3205	5.1037	6
258.15	16.1669	1081.8905	5.1032	6
258.2	16.1683	1079.8201	5.0975	6
258.25	16.1661	1083.0943	5.0959	6
258.3	16.1665	1082.502	5.094	6
258.35	16.1683	1080.0646	5.0825	6
258.4	16.1667	1082.3791	5.0913	6
258.45	16.1665	1082.6018	5.0974	6
258.5	16.1675	1081.3144	5.1014	6
258.55	16.1672	1081.8879	5.0968	6
258.6	16.1668	1082.3892	5.0914	6
258.65	16.1671	1082.0095	5.0709	6
258.7	16.1671	1082.1496	5.0678	6
258.75	16.167	1082.2964	5.0941	6
258.8	16.1669	1082.4797	5.1069	6
258.85	16.1665	1083.0238	5.0948	6
258.9	16.1671	1082.2321	5.1064	6
258.95	16.1663	1083.2145	5.1054	6
259	16.1662	1083.3819	5.0947	6
259.05	16.1669	1082.4386	5.1017	6
259.1	16.1666	1082.9882	5.0945	6
259.15	16.1661	1084.041	5.0884	6
259.2	16.1672	1082.4563	5.1012	6
259.25	16.1671	1082.4538	5.1092	6
259.3	16.1658	1084.6647	5.1296	6
259.35	16.167	1083.0327	5.1177	6
259.4	16.1671	1082.7984	5.1059	6
259.45	16.1656	1085.0105	5.101	6
259.5	16.166	1084.5863	5.1026	6
259.55	16.1671	1083.1271	5.1217	6
259.6	16.1657	1085.269	5.1133	6
259.65	16.1654	1085.4647	5.1168	6
259.7	16.1669	1083.3668	5.1169	6
259.75	16.1654	1085.8726	5.1027	6
259.8	16.166	1085.0719	5.1009	6
259.85	16.1665	1084.3552	5.109	6
259.9	16.1657	1085.6593	5.1233	6
259.95	16.1663	1084.9144	5.1105	6
260	16.1658	1085.6551	5.0901	6
260.05	16.166	1085.3311	5.0895	6
260.1	16.166	1085.2873	5.0814	6
260.15	16.1657	1085.9467	5.082	6
260.2	16.1661	1085.5621	5.0976	6
260.25	16.1658	1085.8077	5.1067	6
260.3	16.1655	1086.1371	5.1039	6
260.35	16.1658	1085.9334	5.0883	6
260.4	16.1657	1086.0397	5.1019	6
260.45	16.1657	1086.0122	5.1044	6
260.5	16.1653	1086.6841	5.106	6
260.55	16.1657	1086.3396	5.1085	6
260.6	16.1662	1085.5765	5.1013	6
260.65	16.165	1087.4501	5.0874	6
260.7	16.1657	1086.5522	5.1016	6
260.75	16.1663	1085.5563	5.1102	6
260.8	16.165	1087.3352	5.0925	6
260.85	16.1653	1086.8401	5.0857	6
260.9	16.1664	1085.4882	5.0922	6
260.95	16.1658	1086.5491	5.0911	6
261	16.1658	1086.6786	5.0871	6
261.05	16.1666	1085.4625	5.0965	6
261.1	16.1664	1085.6652	5.0904	6
261.15	16.1663	1085.7858	5.0777	6
261.2	16.1667	1085.2676	5.0853	6
261.25	16.1669	1085.2097	5.0898	6
261.3	16.1675	1084.2112	5.0853	6
261.35	16.1658	1086.5112	5.0906	6
261.4	16.1673	1084.6732	5.0748	6
261.45	16.1678	1083.997	5.0752	6
261.5	16.1658	1087.132	5.093	6
261.55	16.1682	1084.0086	5.0821	6
261.6	16.1677	1084.6478	5.0813	6
261.65	16.1669	1085.841	5.0898	6
261.7	16.1681	1084.1641	5.0994	6
261.75	16.1679	1084.4457	5.081	6
261.8	16.1673	1085.2559	5.0794	6
261.85	16.1675	1085.1541	5.1058	6
261.9	16.1682	1084.2532	5.1052	6
261.95	16.1678	1085.02	5.1025	6
262	16.167	1086.1998	5.098	6
262.05	16.1689	1083.4812	5.1033	6
262.1	16.1682	1084.5572	5.1118	6
262.15	16.1672	1086.0193	5.1073	6
262.2	16.1692	1083.4156	5.1029	6
262.25	16.1692	1083.4017	5.1043	6
262.3	16.1675	1085.7923	5.0953	6
262.35	16.1692	1083.5372	5.0935	6
262.4	16.1704	1081.9408	5.1072	6
262.45	16.1682	1084.988	5.112	6
262.5	16.1698	1083.125	5.1018	6
262.55	16.1708	1081.4384	5.0919	6
262.6	16.1692	1081.8166	5.0903	6
262.65	16.1691	1081.1436	5.1133	6
262.7	16.1699	1080.0961	5.1153	6
262.75	16.1703	1079.7568	5.0997	6
262.8	16.1692	1081.4092	5.0916	6
262.85	16.17	1080.2654	5.1088	6
262.9	16.1704	1079.8164	5.1132	6
262.95	16.1693	1081.3255	5.1208	6
263	16.1692	1081.5165	5.1169	6
263.05	16.1699	1080.4279	5.1099	6
263.1	16.1692	1081.5905	5.1126	6
263.15	16.1692	1081.8573	5.1026	6
263.2	16.1702	1080.4007	5.1026	6
263.25	16.1692	1081.8348	5.1132	6
263.3	16.1695	1081.4116	5.1141	6
263.35	16.1697	1081.0766	5.1033	6
263.4	16.1691	1082.0983	5.1225	6
263.45	16.1688	1082.536	5.1194	6
263.5	16.1696	1081.6695	5.1141	6
263.55	16.1689	1082.8819	5.0999	6
263.6	16.169	1082.7293	5.0988	6
263.65	16.1695	1082.0312	5.0981	6
263.7	16.1688	1083.061	5.0958	6
263.75	16.1688	1083.1698	5.1053	6
263.8	16.1689	1083.1035	5.0914	6
263.85	16.1689	1082.9101	5.0867	6
263.9	16.1684	1083.6846	5.0912	6
263.95	16.1681	1083.948	5.081	6
264	16.1691	1082.7875	5.0707	6
264.05	16.1687	1083.4385	5.0806	6
264.1	16.1684	1084.0991	5.0816	6
264.15	16.1685	1083.9037	5.1029	6
264.2	16.1689	1083.2658	5.0883	6
264.25	16.1679	1084.2945	5.0867	6
264.3	16.1678	1083.8069	5.0945	6
264.35	16.1682	1081.8082	5.0887	6
264.4	16.1671	1082.9687	5.0895	6
264.45	16.1677	1082.3354	5.0935	6
264.5	16.1678	1082.2623	5.0992	6
264.55	16.168	1082.1779	5.1042	6
264.6	16.1678	1082.5675	5.0965	6
264.65	16.168	1082.505	5.1153	6
264.7	16.1685	1081.6358	5.1038	6
264.75	16.1675	1083.1009	5.0881	6
264.8	16.1685	1081.9038	5.0977	6
264.85	16.1685	1081.6656	5.0965	6
264.9	16.1681	1082.3752	5.0899	6
264.95	16.1688	1081.4379	5.0877	6
265	16.1694	1080.5168	5.0933	6
265.05	16.1686	1081.8858	5.0851	6
265.1	16.1694	1080.8769	5.082	6
265.15	16.1702	1079.982	5.0934	6
265.2	16.1692	1081.3091	5.0862	6
265.25	16.17	1080.1939	5.0811	6
265.3	16.17	1080.4408	5.0911	6
265.35	16.1703	1080.0385	5.0911	6
265.4	16.1704	1079.9706	5.0929	6
265.45	16.1701	1080.6228	5.0831	6
265.5	16.1708	1079.3951	5.0733	6
265.55	16.1707	1079.5486	5.0871	6
265.6	16.17	1080.6171	5.0896	6
265.65	16.1709	1079.3052	5.0983	7
265.7	16.1713	1078.6915	5.0965	7
265.75	16.1702	1080.6156	5.1034	7
265.8	16.1715	1079.1282	5.1135	7
265.85	16.1719	1074.1988	5.111	7
265.9	16.1641	1060.2565	5.1094	7
265.95	16.1511	1022.6823	5.0921	7
266	16.1293	965.2264	5.0872	7
266.05	16.093	896.6916	5.0927	7
266.1	16.049	807.2552	5.0933	7
266.15	15.9934	701.2002	5.0942	7
266.2	15.9215	585.987	5.0931	8
266.25	15.8387	454.4891	5.1136	8
266.3	15.7409	311.2143	5.1171	8
266.35	15.6249	160.0139	5.1006	8
266.4	15.4917	4.7004	5.0965	8
266.45	15.3506	-135.1214	5.1017	8
266.5	15.2067	-244.5279	5.0968	8
266.55	15.0568	-338.8844	5.1162	8
266.6	14.901	-426.8752	5.1157	8
266.65	14.7377	-505.0863	5.1051	8
266.7	14.5667	-574.4064	5.1037	8
266.75	14.3886	-636.7483	5.1103	8
266.8	14.2049	-692.1266	5.1228	8
266.85	14.0157	-741.2432	5.1138	8
266.9	13.821	-783.7109	5.1073	8
266.95	13.6239	-824.0278	5.1049	8
267	13.42	-857.0165	5.0957	8
267.05	13.2113	-883.9683	5.1054	8
267.1	13.0001	-908.4799	5.1009	8
267.15	12.7811	-923.8156	5.1193	8
267.2	12.556	-931.8371	5.1265	8
267.25	12.3271	-934.7463	5.1005	8
267.3	12.0915	-929.2858	5.1085	8
267.35	11.8506	-917.6875	5.1197	8
267.4	11.604	-898.9865	5.118	8
267.45	11.3519	-873.7412	5.1227	8
267.5	11.0934	-840.7954	5.1343	8
267.55	10.8281	-798.6648	5.1164	8
267.6	10.5612	-755.0533	5.1115	8
267.65	10.2894	-706.4691	5.1154	8
267.7	10.0109	-649.0782	5.1103	8
267.75	9.7274	-585.4995	5.0954	8
267.8	9.437	-512.8469	5.089	8
267.85	9.1424	-435.6801	5.1077	8
267.9	8.8528	-366.9773	5.1226	8
267.95	8.5688	-306.5114	5.1138	8
268	8.2929	-258.1678	5.1207	8
268.05	8.0255	-222.4994	5.1094	8
268.1	7.7659	-198.3533	5.0992	8
268.15	7.5115	-181.7177	5.0983	8
268.2	7.2607	-170.9863	5.0931	8
268.25	7.0086	-159.6526	5.0995	8
268.3	6.7562	-147.6403	5.0917	8
268.35	6.5049	-137.4384	5.102	8
268.4	6.2546	-130.3047	5.1089	8
268.45	6.0033	-122.5569	5.1172	8
268.5	5.7514	-114.1766	5.106	8
268.55	5.4989	-105.9549	5.096	8
268.6	5.2463	-98.4938	5.0968	8
268.65	4.9944	-92.4783	5.0948	8
268.7	4.7422	-86.802	5.0964	8
268.75	4.489	-80.694	5.1023	8
268.8	4.2377	-77.4965	5.1093	8
268.85	3.9849	-72.9162	5.1095	8
268.9	3.7326	-68.9065	5.0953	8
268.95	3.4813	-66.6634	5.1105	8
269	3.2273	-61.9813	5.1114	8
269.05	2.9736	-58.3274	5.0991	8
269.1	2.7193	-53.572	5.0974	8
269.15	2.4664	-50.757	5.0878	8
269.2	2.2115	-46.6498	5.0955	8
269.25	1.9573	-44.0323	5.1035	8
269.3	1.7038	-41.9613	5.0981	8
269.35	1.4497	-39.639	5.1052	8
269.4	1.1951	-37.4337	5.1066	8
269.45	0.9411	-36.6257	5.0962	8
269.5	0.6862	-35.1336	5.1025	8
269.55	0.4319	-34.391	5.113	8
269.6	0.1773	-33.22	5.0972	8
269.65	-0.0788	-30.8117	5.0949	8
269.7	-0.3338	-29.7528	5.1092	8
269.75	-0.5884	-29.2318	5.1186	8
269.8	-0.845	-26.9253	5.1152	8
269.85	-1.1003	-25.9766	5.1116	8
269.9	-1.355	-25.733	5.1027	8
269.95	-1.6119	-23.6401	5.1005	8
270	-1.8674	-23.6311	5.1059	8
270.05	-2.1235	-23.1557	5.1013	8
270.1	-2.3805	-21.4761	5.109	8
270.15	-2.637	-20.7786	5.1085	8
270.2	-2.8945	-19.3198	5.0913	8
270.25	-3.1516	-18.4209	5.1029	8
270.3	-3.4082	-18.5288	5.0996	8
270.35	-3.6655	-18.3802	5.101	8
270.4	-3.9224	-18.4529	5.0998	8
270.45	-4.1793	-17.8919	5.0942	8
270.5	-4.4361	-17.916	5.0932	8
270.55	-4.6927	-18.7419	5.0972	8
270.6	-4.9501	-18.0371	5.1005	8
270.65	-5.2067	-18.0632	5.0745	8
270.7	-5.4637	-18.1101	5.0742	8
270.75	-5.7198	-19.5249	5.0966	8
270.8	-5.978	-18.0409	5.1109	8
270.85	-6.235	-18.4004	5.1156	8
270.9	-6.4929	-17.7269	5.1216	8
270.95	-6.7497	-18.4702	5.1152	8
271	-7.0079	-17.719	5.1084	8
271.05	-7.2661	-16.7775	5.1149	8
271.1	-7.524	-16.2411	5.1125	8
271.15	-7.7811	-16.3207	5.1081	8
271.2	-8.0376	-17.2734	5.0947	8
