Indentation

 + User defined profile

+ User defined profile
   Acquisition rate :	20.0 [Hz]
   Linear load 20.00  µN ; 100.00 µN/min
   Pause in load 2 s
   Linear load 0.00  µN ; 100.00 µN/min
   Pause in load 120 s
   Linear depth 20.00  µm ; 500.00 µm/min
   Pause in depth 120 s
   Linear depth 0.00  µm ; 1000.00 µm/min
+ TTX - UNHT Bio S/N: 1000136751 settings
   Fn contact : 25 µN
   Approach distance : 20 µm
   Approach speed : 100 µm/min
   Retract speed : 200 µm/min
   Retract time : 5 sec
   Dz sensor in large range
   Load in fine range
   FnRef in fine range
   FnRef contactload :500.000 µN
   Stiffness threshold : 1 µN/µm

   X Position :9882.24 µm
   Y Position :38824.97 µm
   Z Position :8208.80 µm

Date :6/9/2026
Time :3:51:23 PM

Analysis n # 1

   Method :	Hertz

Cycle # 1

 + Parameters

  Load Fit [10%,98%]

 + Main results

   EHz=	9.3332 	kPa

 + Hypothesis


 + Additional results

   ErHz=	10.26 kPa
   h offset=	-0.89 µm
   R2=	0.97

Cycle # 2

 + Parameters

  Load Fit [10%,98%]

 + Main results

   EHz=	24.184 	kPa

 + Hypothesis


 + Additional results

   ErHz=	26.58 kPa
   h offset=	2.42 µm
   R2=	0.98

Analysis n # 2

   Method :	Oliver & Pharr

Cycle # 1

 + Parameters

  Unload Fit [40%,98%]

 + Main results

   HIT=	0.54746 	kPa
   EIT=	33.038 	kPa
   E*=	36.305 	kPa

 + Hypothesis

   !!! Indenter not calibrated !!!
   m out of O&P hypothesis
   Poisson's ratio(nu)=	0.30 

 + Additional results

   HVIT=	5.5806E-005 	 Vickers
   RIT 1.4E-005/6/2=	-38.35 	%
   nIT=	24.69 %
   Fmax=	14.20 	µN
   hmax=	9.89 	µm
   S=	6.5985 	µN/µm
   F/S²=	0.3262 	µm²/µN
   hc=	8.33 	µm
   hr=	7.74 	µm
   hp=	-227.82 	µm
   m=	110.4350 
   Epsilon=	0.73 
   R2=	0.964
   Ap=	25944.08 	µm²
   Welast=	9.30 pJ
   Wplast=	28.36 pJ
   Wtotal=	37.66 pJ
   Er=	36.305 	kPa

Cycle # 2

 + Parameters

  Unload Fit [40%,98%]

 + Main results

   HIT=	8.7812 	kPa
   EIT=	3264.8 	kPa
   E*=	3587.7 	kPa

 + Hypothesis

   !!! Indenter not calibrated !!!
   m out of O&P hypothesis
   Poisson's ratio(nu)=	0.30 

 + Additional results

   HVIT=	0.00089512 	 Vickers
   RIT 0.00054/2/120=	-3729.18 	%
   nIT=	6.15 %
   Fmax=	536.40 	µN
   hmax=	20.23 	µm
   S=	1000.5538 	µN/µm
   F/S²=	0.0005 	µm²/µN
   hc=	19.84 	µm
   hr=	19.69 	µm
   hp=	13.83 	µm
   m=	11.9362 
   Epsilon=	0.73 
   R2=	1.000
   Ap=	61085.89 	µm²
   Welast=	197.21 pJ
   Wplast=	3009.31 pJ
   Wtotal=	3206.52 pJ
   Er=	3587.7 	kPa

Measured values
Time (s)	Pd (µm)	Fn (µN)	FnRef (µN)	SegmentID

0	0	0	5.0966	0
0.05	0.1422	1.3581	5.0902	0
0.1	0.2845	0.3397	5.0848	0
0.15	0.4243	0.2166	5.1132	0
0.2	0.5618	0.9443	5.1192	0
0.25	0.6977	1.1623	5.1179	0
0.3	0.8326	0.3008	5.1153	0
0.35	0.9642	1.3351	5.1164	0
0.4	1.0955	0.88	5.1329	0
0.45	1.2252	0.8594	5.1141	0
0.5	1.3531	1.1932	5.1044	0
0.55	1.4797	1.1956	5.1166	0
0.6	1.6052	0.9514	5.1124	0
0.65	1.7285	1.8593	5.1178	0
0.7	1.8514	1.2785	5.1086	0
0.75	1.9721	1.268	5.0965	0
0.8	2.0914	1.9734	5.0895	0
0.85	2.2107	1.6903	5.0908	0
0.9	2.3292	1.1767	5.0981	0
0.95	2.4449	2.4411	5.1058	0
1	2.5609	1.6324	5.1076	0
1.05	2.6756	1.7644	5.1163	0
1.1	2.7884	2.3962	5.1073	0
1.15	2.9007	2.1969	5.1013	0
1.2	3.0123	1.993	5.1073	0
1.25	3.1222	2.6575	5.1035	0
1.3	3.2318	2.6351	5.0944	0
1.35	3.341	2.174	5.0898	0
1.4	3.4486	2.814	5.089	0
1.45	3.5557	2.951	5.1101	0
1.5	3.6622	2.7802	5.1156	0
1.55	3.7679	2.7626	5.1092	0
1.6	3.8724	3.5148	5.1186	0
1.65	3.977	3.0071	5.0844	0
1.7	4.0799	3.6546	5.0866	0
1.75	4.1828	3.5816	5.0974	0
1.8	4.2849	3.7114	5.1061	0
1.85	4.3866	3.6953	5.1135	0
1.9	4.4875	3.6739	5.0977	0
1.95	4.5874	4.3108	5.0899	0
2	4.6872	4.1474	5.1039	1
2.05	4.7865	3.7879	5.1058	1
2.1	4.8838	5.0339	5.1018	1
2.15	4.983	4.0983	5.0983	1
2.2	5.0791	5.0399	5.1107	1
2.25	5.16	4.1324	5.1184	1
2.3	5.2078	5.1285	5.1085	1
2.35	5.2433	4.6959	5.0947	1
2.4	5.2773	4.4001	5.0703	1
2.45	5.3096	5.0204	5.0855	1
2.5	5.3402	4.6628	5.0982	1
2.55	5.37	4.705	5.1095	1
2.6	5.4	4.6224	5.1254	1
2.65	5.4283	4.9279	5.1203	1
2.7	5.4576	4.732	5.108	1
2.75	5.4861	4.411	5.1078	1
2.8	5.5139	5.3291	5.1182	1
2.85	5.5416	4.4983	5.1247	1
2.9	5.5691	4.9163	5.1051	1
2.95	5.5963	5.2898	5.1048	1
3	5.624	4.3918	5.104	1
3.05	5.6515	5.2169	5.0968	1
3.1	5.6789	4.6985	5.1024	1
3.15	5.7058	5.2306	5.102	1
3.2	5.7332	4.7613	5.0994	1
3.25	5.7589	5.4555	5.1058	1
3.3	5.7863	4.8124	5.0895	1
3.35	5.8138	5.3861	5.0893	1
3.4	5.8404	4.9755	5.1058	1
3.45	5.8683	5.1969	5.1185	1
3.5	5.8962	4.7105	5.1217	1
3.55	5.9231	6.0977	5.1162	1
3.6	5.9514	4.2409	5.1279	1
3.65	5.979	5.7814	5.1275	1
3.7	6.0059	5.3324	5.1209	1
3.75	6.0341	5.0114	5.118	1
3.8	6.0623	5.2584	5.0942	1
3.85	6.0894	6.0287	5.094	1
3.9	6.1175	4.8159	5.1004	1
3.95	6.1473	4.9909	5.0929	1
4	6.1746	6.0517	5.0919	1
4.05	6.203	5.4611	5.0971	1
4.1	6.2317	5.1737	5.0937	1
4.15	6.2604	5.9745	5.0804	1
4.2	6.2891	5.1945	5.0691	1
4.25	6.3181	5.7186	5.0768	1
4.3	6.3473	5.7376	5.0908	1
4.35	6.376	5.4779	5.094	1
4.4	6.4057	5.8338	5.0835	1
4.45	6.4351	5.5534	5.0685	1
4.5	6.4641	6.0448	5.0793	1
4.55	6.4938	5.6636	5.0755	1
4.6	6.5233	5.9427	5.0765	1
4.65	6.553	5.9729	5.065	1
4.7	6.583	6.0423	5.0524	1
4.75	6.6124	6.0764	5.068	1
4.8	6.6429	6.0206	5.0716	1
4.85	6.6723	6.1219	5.0682	1
4.9	6.7029	6.2717	5.0743	1
4.95	6.7333	5.9221	5.07	1
5	6.7635	6.5503	5.0692	1
5.05	6.7936	6.2962	5.0726	1
5.1	6.8247	6.1305	5.0769	1
5.15	6.8551	6.6724	5.0869	1
5.2	6.8856	6.4252	5.0837	1
5.25	6.9161	6.6743	5.0934	1
5.3	6.9485	5.8411	5.0879	1
5.35	6.9789	7.5571	5.087	1
5.4	7.01	5.9564	5.079	1
5.45	7.0424	6.4658	5.0631	1
5.5	7.0733	7.2237	5.0707	1
5.55	7.1041	6.8661	5.0743	1
5.6	7.1366	6.1698	5.0685	1
5.65	7.1683	7.4148	5.0615	1
5.7	7.1991	6.9694	5.0681	1
5.75	7.2323	6.6368	5.0694	1
5.8	7.2647	6.8088	5.0583	1
5.85	7.2958	8.0295	5.0662	1
5.9	7.3278	6.4045	5.0795	1
5.95	7.3618	6.8377	5.0706	1
6	7.3937	7.7541	5.0674	1
6.05	7.426	7.133	5.0645	1
6.1	7.4597	7.0101	5.0619	1
6.15	7.4927	7.6545	5.0586	1
6.2	7.525	7.2774	5.0631	1
6.25	7.5583	7.4432	5.078	1
6.3	7.5913	7.4862	5.0751	1
6.35	7.6243	7.7904	5.0717	1
6.4	7.6573	7.7774	5.0834	1
6.45	7.6914	7.4401	5.0885	1
6.5	7.7242	8.3636	5.0809	1
6.55	7.7576	7.4362	5.0711	1
6.6	7.7914	8.0584	5.0742	1
6.65	7.8242	8.3783	5.0972	1
6.7	7.8578	7.7868	5.0906	1
6.75	7.8912	8.4492	5.0775	1
6.8	7.9242	8.4015	5.0864	1
6.85	7.9583	8.2597	5.0712	1
6.9	7.9918	8.6236	5.0601	1
6.95	8.0255	8.3705	5.0587	1
7	8.0594	8.7674	5.0565	1
7.05	8.0931	8.478	5.0656	1
7.1	8.1267	8.9497	5.0637	1
7.15	8.1604	8.5469	5.0605	1
7.2	8.1942	9.177	5.0591	1
7.25	8.2276	8.9749	5.058	1
7.3	8.2618	9.0605	5.0751	1
7.35	8.296	9.0367	5.0913	1
7.4	8.3292	9.5444	5.0785	1
7.45	8.363	9.2135	5.0806	1
7.5	8.397	9.4846	5.0807	1
7.55	8.4308	9.7002	5.0704	1
7.6	8.4644	9.7452	5.0735	1
7.65	8.4981	9.5304	5.0786	2
7.7	8.5319	10.2662	5.0761	2
7.75	8.5649	9.8663	5.0771	2
7.8	8.5989	9.8591	5.0768	2
7.85	8.6321	10.6511	5.0776	2
7.9	8.6643	10.1434	5.0714	2
7.95	8.6983	10.2164	5.0718	2
8	8.7309	10.9044	5.061	2
8.05	8.762	10.9282	5.0596	2
8.1	8.7952	10.0746	5.0727	2
8.15	8.8278	11.1797	5.0724	2
8.2	8.8584	11.3368	5.073	2
8.25	8.8902	10.5539	5.0731	2
8.3	8.9216	11.3856	5.0657	2
8.35	8.9518	11.587	5.0711	2
8.4	8.9826	11.0208	5.0834	2
8.45	9.013	11.7886	5.0892	2
8.5	9.0422	11.6764	5.0794	2
8.55	9.0724	11.5563	5.0741	2
8.6	9.1019	12.0309	5.0707	2
8.65	9.1311	11.799	5.0644	2
8.7	9.1601	12.1931	5.0705	2
8.75	9.1886	12.0478	5.0761	2
8.8	9.2173	12.266	5.0704	2
8.85	9.2455	12.5102	5.0827	2
8.9	9.2727	12.4227	5.082	2
8.95	9.3011	12.1553	5.0948	2
9	9.3277	13.2571	5.0904	2
9.05	9.3538	12.8579	5.0578	2
9.1	9.382	12.2014	5.073	2
9.15	9.4079	13.594	5.0905	2
9.2	9.4332	13.2192	5.1129	2
9.25	9.4591	12.9963	5.113	2
9.3	9.4852	13.2625	5.0897	2
9.35	9.5097	13.7036	5.0941	2
9.4	9.5347	13.3246	5.0921	2
9.45	9.5594	13.7282	5.0969	2
9.5	9.5836	13.5244	5.109	2
9.55	9.6072	14.248	5.0919	2
9.6	9.6306	13.6374	5.0977	2
9.65	9.6546	14.1859	5.0899	3
9.7	9.6776	14.2033	5.0959	3
9.75	9.7001	14.3815	5.1088	3
9.8	9.7237	13.8125	5.1066	3
9.85	9.7446	15.4087	5.1082	3
9.9	9.7663	13.8925	5.1089	3
9.95	9.7885	14.7815	5.0993	3
10	9.808	15.0334	5.101	3
10.05	9.8292	14.4645	5.1062	3
10.1	9.8498	14.8863	5.1005	3
10.15	9.8687	15.4049	5.0945	3
10.2	9.8886	14.4839	5.092	3
10.25	9.9074	15.7081	5.089	3
10.3	9.9242	15.4856	5.0928	3
10.35	9.943	14.8901	5.1155	3
10.4	9.9602	15.8679	5.1136	3
10.45	9.9763	15.7039	5.1048	3
10.5	9.9932	15.129	5.0999	3
10.55	10.0091	16.3098	5.1072	3
10.6	10.0232	15.8491	5.117	3
10.65	10.0393	15.3764	5.1162	3
10.7	10.0532	16.5157	5.1039	3
10.75	10.067	15.8165	5.1076	3
10.8	10.0809	16.0821	5.1138	3
10.85	10.0934	16.6335	5.1039	3
10.9	10.1057	16.1584	5.0899	3
10.95	10.119	16.1418	5.0774	3
11	10.1294	17.2825	5.0836	3
11.05	10.1411	15.835	5.0789	3
11.1	10.1528	16.6581	5.0808	3
11.15	10.1629	16.7893	5.0943	3
11.2	10.1735	16.5115	5.0981	3
11.25	10.1842	16.3036	5.1028	3
11.3	10.1931	17.3668	5.1041	3
11.35	10.2014	16.7161	5.0868	3
11.4	10.2098	17.1384	5.083	3
11.45	10.2187	16.5973	5.0906	3
11.5	10.2266	17.3121	5.1015	3
11.55	10.2332	17.1081	5.1116	3
11.6	10.2412	16.8214	5.1067	3
11.65	10.2475	17.2902	5.1	3
11.7	10.2537	17.3918	5.086	3
11.75	10.2598	16.7455	5.0862	3
11.8	10.2654	17.67	5.0859	3
11.85	10.2701	17.1316	5.0804	3
11.9	10.2764	16.8852	5.0844	3
11.95	10.2808	18.044	5.0883	3
12	10.2854	16.7506	5.0983	3
12.05	10.2898	17.7553	5.0963	3
12.1	10.2928	17.715	5.1118	3
12.15	10.296	17.2917	5.1281	3
12.2	10.3005	17.0468	5.1259	3
12.25	10.3021	18.2145	5.1094	3
12.3	10.305	16.9423	5.0986	3
12.35	10.308	17.6659	5.0992	3
12.4	10.3097	17.5696	5.0944	3
12.45	10.3116	17.6462	5.0845	3
12.5	10.3135	17.041	5.091	3
12.55	10.3149	18.1658	5.1083	3
12.6	10.3153	17.4186	5.1084	3
12.65	10.3161	17.6252	5.112	3
12.7	10.3169	17.5796	5.107	3
12.75	10.3169	17.5092	5.1085	3
12.8	10.317	17.5547	5.1171	3
12.85	10.3172	17.6205	5.1156	3
12.9	10.3168	17.2015	5.1183	3
12.95	10.3171	17.6667	5.1134	3
13	10.3157	17.5032	5.1009	3
13.05	10.316	16.9557	5.0875	3
13.1	10.3155	17.5701	5.0785	3
13.15	10.3134	17.5548	5.0794	3
13.2	10.3124	17.1576	5.0827	3
13.25	10.3115	17.2188	5.0836	3
13.3	10.3095	17.7233	5.1023	3
13.35	10.3075	17.0413	5.1149	3
13.4	10.306	17.156	5.1059	3
13.45	10.304	17.2958	5.1073	3
13.5	10.3009	17.5877	5.1088	3
13.55	10.2986	16.6992	5.1111	3
13.6	10.296	17.5776	5.1055	3
13.65	10.2921	17.3139	5.1123	3
13.7	10.29	16.5924	5.1175	3
13.75	10.2873	17.3188	5.1096	3
13.8	10.2829	17.4989	5.1074	3
13.85	10.28	16.564	5.1045	3
13.9	10.2767	17.3193	5.0968	3
13.95	10.2718	17.1419	5.091	3
14	10.2682	16.8089	5.0767	3
14.05	10.2643	17.0572	5.076	3
14.1	10.26	16.8173	5.0924	3
14.15	10.2567	16.4641	5.1086	3
14.2	10.252	17.1523	5.1306	3
14.25	10.2469	16.7025	5.1351	3
14.3	10.2431	16.2746	5.1316	3
14.35	10.2381	17.087	5.1311	3
14.4	10.2329	16.5827	5.1078	3
14.45	10.229	16.0021	5.0933	3
14.5	10.2244	16.7695	5.1004	3
14.55	10.2184	16.6645	5.1034	3
14.6	10.2136	16.0535	5.1085	3
14.65	10.2091	16.1335	5.1177	3
14.7	10.2031	16.8102	5.1314	3
14.75	10.1973	16.1323	5.1172	3
14.8	10.1928	15.8274	5.1108	3
14.85	10.1863	16.6599	5.1104	3
14.9	10.1802	16.0608	5.1061	3
14.95	10.1751	15.7385	5.1133	3
15	10.1693	16.3232	5.1007	3
15.05	10.1622	16.3196	5.0969	3
15.1	10.1563	15.6459	5.1109	3
15.15	10.1499	16.0874	5.1006	3
15.2	10.1427	16.1625	5.1001	3
15.25	10.1358	15.9157	5.1009	3
15.3	10.1298	15.3646	5.0987	3
15.35	10.1221	16.3523	5.0934	3
15.4	10.1149	15.5504	5.0899	3
15.45	10.1084	15.4331	5.0816	3
15.5	10.1015	15.833	5.081	3
15.55	10.0938	15.7838	5.086	3
15.6	10.0873	14.8287	5.0761	3
15.65	10.0804	15.7616	5.0804	3
15.7	10.0727	15.2828	5.0878	3
15.75	10.0653	15.4331	5.0735	3
15.8	10.0585	14.8581	5.0596	3
15.85	10.0511	15.3657	5.0855	3
15.9	10.0436	15.0517	5.0751	3
15.95	10.0365	14.8897	5.0612	3
16	10.0281	15.5247	5.0922	3
16.05	10.02	14.8975	5.0829	3
16.1	10.0134	14.0496	5.0859	3
16.15	10.006	15.2219	5.077	3
16.2	9.9958	15.4874	5.0611	3
16.25	9.9892	13.4477	5.0646	3
16.3	9.9822	15.0494	5.0699	3
16.35	9.9729	14.9513	5.0751	3
16.4	9.9654	13.7226	5.0776	3
16.45	9.9586	14.6361	5.0765	3
16.5	9.9485	14.852	5.0893	3
16.55	9.9419	13.3013	5.0983	3
16.6	9.9345	14.2141	5.1074	3
16.65	9.9248	14.9494	5.1019	3
16.7	9.9166	13.2806	5.0924	3
16.75	9.9104	13.4963	5.0977	3
16.8	9.9006	14.9944	5.0955	3
16.85	9.8922	12.9601	5.1065	3
16.9	9.885	13.8784	5.0898	3
16.95	9.8758	13.8434	5.0863	3
17	9.867	13.4048	5.102	3
17.05	9.8596	12.9501	5.0934	3
17.1	9.8506	14.0344	5.1033	3
17.15	9.8414	13.4956	5.1096	3
17.2	9.8337	12.76	5.11	3
17.25	9.8256	13.6057	5.0926	3
17.3	9.8153	13.5828	5.0765	3
17.35	9.8074	12.3091	5.0683	3
17.4	9.7996	13.409	5.0788	3
17.45	9.789	13.4696	5.1031	3
17.5	9.7799	13.0244	5.0994	3
17.55	9.7721	12.2564	5.1086	3
17.6	9.763	13.5349	5.1137	3
17.65	9.7526	13.0524	5.1147	3
17.7	9.7433	12.4202	5.1015	3
17.75	9.7342	12.7117	5.1067	3
17.8	9.7246	13.0326	5.115	3
17.85	9.7147	12.3479	5.1146	3
17.9	9.7057	12.7955	5.1086	3
17.95	9.6955	12.6911	5.1097	3
18	9.6858	12.6176	5.1017	3
18.05	9.6759	12.291	5.0996	3
18.1	9.6661	12.6734	5.0952	3
18.15	9.6548	12.7397	5.1067	3
18.2	9.6452	11.9037	5.11	3
18.25	9.6354	12.2628	5.0996	3
18.3	9.624	13.0664	5.0976	3
18.35	9.6127	12.0663	5.1091	3
18.4	9.6035	11.5854	5.1103	3
18.45	9.5918	12.9103	5.1052	3
18.5	9.5802	12.1459	5.1123	3
18.55	9.5697	11.9024	5.1048	3
18.6	9.5593	11.9192	5.0934	3
18.65	9.5474	12.5805	5.0938	3
18.7	9.5366	11.3566	5.091	3
18.75	9.526	11.9085	5.0933	3
18.8	9.5136	12.3864	5.1107	3
18.85	9.5018	11.6537	5.1081	3
18.9	9.4914	11.3144	5.1013	3
18.95	9.4793	12.4581	5.1055	3
19	9.4669	11.3271	5.086	3
19.05	9.4558	11.4847	5.0739	3
19.1	9.4442	11.4185	5.0822	3
19.15	9.4317	11.9827	5.0921	3
19.2	9.4196	11.2337	5.0863	3
19.25	9.4082	11.233	5.0948	3
19.3	9.3956	11.68	5.1002	3
19.35	9.383	11.1824	5.071	3
19.4	9.3709	11.1254	5.0757	3
19.45	9.3585	11.3603	5.0881	3
19.5	9.3459	10.9895	5.0851	3
19.55	9.3342	11.0558	5.0958	3
19.6	9.3212	11.0279	5.097	3
19.65	9.3084	11.1253	5.0965	3
19.7	9.2955	10.6195	5.0839	3
19.75	9.2831	10.9887	5.0801	3
19.8	9.2696	10.9692	5.0831	3
19.85	9.2581	10.1625	5.0885	3
19.9	9.2449	11.0231	5.085	3
19.95	9.2318	10.409	5.0891	3
20	9.2188	10.4491	5.085	3
20.05	9.2055	10.8197	5.0873	3
20.1	9.1925	10.2015	5.0894	3
20.15	9.1794	10.329	5.0909	3
20.2	9.1659	10.457	5.0892	3
20.25	9.1526	9.9551	5.0696	3
20.3	9.1392	10.4147	5.07	3
20.35	9.1255	10.1503	5.0887	3
20.4	9.1122	9.8888	5.0985	3
20.45	9.0987	10.0012	5.0846	3
20.5	9.0849	10.0828	5.0822	3
20.55	9.0714	9.7067	5.0852	3
20.6	9.0574	10.1817	5.0866	3
20.65	9.0441	9.0406	5.0813	3
20.7	9.0299	10.5671	5.0879	3
20.75	9.0149	9.3467	5.0917	3
20.8	9.0018	9.4148	5.0878	3
20.85	8.9876	9.7515	5.0892	3
20.9	8.9731	9.6284	5.0816	3
20.95	8.9593	9.1013	5.099	3
21	8.9448	9.8831	5.0972	3
21.05	8.9309	8.9729	5.102	3
21.1	8.9162	9.7065	5.1117	3
21.15	8.9016	8.9904	5.0922	3
21.2	8.8873	9.1708	5.0817	3
21.25	8.8721	9.248	5.094	3
21.3	8.8574	8.9034	5.1102	3
21.35	8.8424	9.344	5.1176	3
21.4	8.8274	8.9739	5.1087	3
21.45	8.8125	8.8859	5.1103	3
21.5	8.7978	8.9482	5.1115	3
21.55	8.7815	9.0881	5.0893	3
21.6	8.7667	8.5492	5.0876	3
21.65	8.752	8.5352	5.0841	4
21.7	8.7362	8.9196	5.0941	4
21.75	8.7198	8.9268	5.0993	4
21.8	8.7051	7.9506	5.0962	4
21.85	8.6888	9.3893	5.0972	4
21.9	8.6727	8.279	5.0877	4
21.95	8.6577	8.3055	5.09	4
22	8.6425	8.6306	5.111	4
22.05	8.6265	8.5659	5.1232	4
22.1	8.6113	8.077	5.1201	4
22.15	8.5963	8.4847	5.0777	4
22.2	8.5809	8.2985	5.0756	4
22.25	8.5655	8.5642	5.0869	4
22.3	8.5504	8.0357	5.0807	4
22.35	8.5356	8.4283	5.0836	4
22.4	8.5207	8.0553	5.0804	4
22.45	8.5056	8.2964	5.0735	4
22.5	8.4909	7.9382	5.0839	4
22.55	8.4767	8.0756	5.0817	4
22.6	8.4608	8.5744	5.0911	4
22.65	8.4465	7.6202	5.0863	4
22.7	8.4323	8.0925	5.0874	4
22.75	8.417	8.3284	5.1072	4
22.8	8.4023	7.4589	5.1001	4
22.85	8.3883	7.9583	5.1019	4
22.9	8.3731	8.3524	5.11	4
22.95	8.3591	7.5197	5.107	4
23	8.3451	7.9918	5.1069	4
23.05	8.3311	7.8104	5.0932	4
23.1	8.317	7.6784	5.0903	4
23.15	8.3035	7.5532	5.1012	4
23.2	8.2895	7.7394	5.0929	4
23.25	8.2751	7.7735	5.0906	4
23.3	8.2615	7.5303	5.0954	4
23.35	8.2482	7.2824	5.0996	4
23.4	8.2343	8.0607	5.0951	4
23.45	8.2204	7.2752	5.0935	4
23.5	8.2073	7.3346	5.0826	4
23.55	8.1937	7.7875	5.0777	4
23.6	8.1803	7.2201	5.1039	4
23.65	8.1671	7.4577	5.1257	4
23.7	8.1535	7.6619	5.1337	4
23.75	8.1396	7.4513	5.1293	4
23.8	8.1268	7.166	5.1029	4
23.85	8.1129	7.6507	5.0955	4
23.9	8.099	7.3678	5.1055	4
23.95	8.0868	6.8346	5.0848	4
24	8.0738	7.596	5.0711	4
24.05	8.0603	7.2382	5.07	4
24.1	8.0477	7.0976	5.0816	4
24.15	8.0347	7.3498	5.1073	4
24.2	8.0217	7.1473	5.1036	4
24.25	8.0093	6.7931	5.0901	4
24.3	7.9969	6.998	5.0945	4
24.35	7.9843	6.9976	5.0937	4
24.4	7.972	7.0201	5.1055	4
24.45	7.96	6.4081	5.1071	4
24.5	7.9486	6.8123	5.1048	4
24.55	7.9368	6.6218	5.0903	4
24.6	7.9254	6.6004	5.0974	4
24.65	7.9131	6.8368	5.1061	4
24.7	7.9011	6.5182	5.095	4
24.75	7.8901	6.3979	5.1005	4
24.8	7.8783	6.7276	5.104	4
24.85	7.867	6.3922	5.0889	4
24.9	7.8562	6.3483	5.1112	4
24.95	7.8445	6.8385	5.128	4
25	7.833	6.3657	5.1224	4
25.05	7.8215	6.7828	5.0992	4
25.1	7.8095	6.5756	5.0877	4
25.15	7.7983	6.208	5.0896	4
25.2	7.7875	6.3607	5.0989	4
25.25	7.7761	6.5167	5.1028	4
25.3	7.765	6.2692	5.0984	4
25.35	7.7536	6.7522	5.088	4
25.4	7.743	5.9107	5.1084	4
25.45	7.7319	6.4729	5.1024	4
25.5	7.7203	6.4156	5.1054	4
25.55	7.7095	6.2279	5.1111	4
25.6	7.6987	6.2253	5.1024	4
25.65	7.6884	5.8372	5.0955	4
25.7	7.678	5.9615	5.0835	4
25.75	7.6671	6.2266	5.0797	4
25.8	7.6565	5.8766	5.088	4
25.85	7.6466	5.9556	5.0929	4
25.9	7.6363	6.1392	5.0861	4
25.95	7.6257	6.1509	5.1065	4
26	7.6156	5.6957	5.1074	4
26.05	7.6054	6.1265	5.0952	4
26.1	7.5948	6.219	5.0854	4
26.15	7.5842	5.8652	5.0898	4
26.2	7.5747	5.8887	5.0953	4
26.25	7.5639	6.3211	5.0998	4
26.3	7.5532	6.0372	5.1124	4
26.35	7.5433	5.6549	5.1004	4
26.4	7.5331	6.1186	5.101	4
26.45	7.5226	6.2858	5.1123	4
26.5	7.5117	6.1079	5.0981	4
26.55	7.5009	6.0885	5.0899	4
26.6	7.4904	6.3622	5.0916	4
26.65	7.4794	5.9753	5.0779	4
26.7	7.469	6.3801	5.0551	4
26.75	7.4581	6.2521	5.0702	4
26.8	7.4474	6.2515	5.0901	4
26.85	7.4374	5.9388	5.0914	4
26.9	7.4269	5.8914	5.08	4
26.95	7.4161	6.4233	5.0778	4
27	7.4055	5.9608	5.0911	4
27.05	7.3956	5.5604	5.0979	4
27.1	7.3858	6.0647	5.0961	4
27.15	7.3751	5.8438	5.0942	4
27.2	7.3649	5.8983	5.0958	4
27.25	7.3553	5.7364	5.091	4
27.3	7.3451	5.6598	5.0886	4
27.35	7.3356	5.9737	5.1004	4
27.4	7.3257	5.4379	5.0844	4
27.45	7.3159	5.8673	5.0961	4
27.5	7.3071	5.2641	5.1001	4
27.55	7.2978	5.4791	5.0892	4
27.6	7.2885	5.9536	5.0962	4
27.65	7.2791	5.1166	5.093	4
27.7	7.2701	5.5021	5.0735	4
27.75	7.2608	5.6861	5.0809	4
27.8	7.251	5.5456	5.0972	4
27.85	7.2425	5.3691	5.1029	4
27.9	7.2339	5.4325	5.0881	4
27.95	7.2241	5.6488	5.0929	4
28	7.2151	5.3899	5.0956	4
28.05	7.2054	5.4841	5.0967	4
28.1	7.1966	5.243	5.071	4
28.15	7.1874	5.3229	5.0681	4
28.2	7.1785	5.3168	5.0889	4
28.25	7.1695	5.3437	5.0776	4
28.3	7.1611	5.1184	5.0769	4
28.35	7.1523	5.3661	5.0948	4
28.4	7.1435	5.0804	5.0808	4
28.45	7.1348	5.4593	5.0623	4
28.5	7.126	5.1534	5.064	4
28.55	7.1174	5.2577	5.071	4
28.6	7.1091	4.8703	5.0788	4
28.65	7.1006	5.3665	5.0851	4
28.7	7.0921	5.2383	5.0819	4
28.75	7.0834	5.1217	5.0759	4
28.8	7.0755	4.8256	5.0774	4
28.85	7.0668	5.3719	5.0775	4
28.9	7.0583	5.0991	5.07	4
28.95	7.05	5.1786	5.0625	4
29	7.0415	5.0909	5.0642	4
29.05	7.0333	5.059	5.065	4
29.1	7.0249	5.1273	5.0631	4
29.15	7.0167	5.0213	5.0554	4
29.2	7.0085	4.7766	5.0555	4
29.25	7.0007	5.0903	5.0516	4
29.3	6.9923	4.9084	5.0479	4
29.35	6.9848	4.8484	5.0539	4
29.4	6.9765	5.2536	5.0602	4
29.45	6.9684	4.8158	5.0671	4
29.5	6.9602	5.3771	5.0706	4
29.55	6.9518	4.6432	5.0736	4
29.6	6.9434	5.4029	5.0822	4
29.65	6.9351	5.0284	5.0844	4
29.7	6.9265	5.1671	5.0841	4
29.75	6.9185	5.0484	5.0856	4
29.8	6.9098	5.0265	5.0879	4
29.85	6.9021	4.952	5.086	4
29.9	6.8932	5.4225	5.0791	4
29.95	6.8855	4.4091	5.069	4
30	6.8776	5.3821	5.0702	4
30.05	6.8689	5.0918	5.0708	4
30.1	6.8611	4.9649	5.0732	4
30.15	6.8528	4.9566	5.0737	4
30.2	6.8442	5.1932	5.068	4
30.25	6.8364	4.6036	5.0612	4
30.3	6.829	4.8981	5.0763	4
30.35	6.8208	4.8969	5.0836	4
30.4	6.8128	4.884	5.0756	4
30.45	6.8047	4.667	5.0611	4
30.5	6.7978	4.6646	5.0601	4
30.55	6.7901	4.8539	5.0554	4
30.6	6.7825	4.8053	5.0539	4
30.65	6.7753	4.3736	5.062	4
30.7	6.768	5.0871	5.0461	4
30.75	6.7596	4.8403	5.0408	4
30.8	6.7521	4.8012	5.04	4
30.85	6.7445	4.6294	5.0531	4
30.9	6.7375	4.4688	5.0674	4
30.95	6.7295	4.9356	5.0591	4
31	6.7218	4.6461	5.0474	4
31.05	6.7146	4.6182	5.0468	4
31.1	6.7071	4.9773	5.0545	4
31.15	6.6992	4.6152	5.0642	4
31.2	6.6923	4.7264	5.0706	4
31.25	6.6842	5.0362	5.0731	4
31.3	6.6767	4.5459	5.0779	4
31.35	6.6693	4.7444	5.0756	4
31.4	6.6617	4.7699	5.0723	4
31.45	6.6534	5.0961	5.0493	4
31.5	6.6465	4.4109	5.0377	4
31.55	6.6387	5.096	5.0453	4
31.6	6.6308	4.7176	5.0623	4
31.65	6.6239	4.4072	5.0778	4
31.7	6.6166	4.922	5.0792	4
31.75	6.6088	4.8015	5.0735	4
31.8	6.6016	4.5037	5.0756	4
31.85	6.5943	4.8155	5.0687	4
31.9	6.5863	4.8358	5.075	4
31.95	6.5788	4.7375	5.0707	4
32	6.5714	4.5243	5.0685	4
32.05	6.5641	4.6117	5.0704	4
32.1	6.5567	4.7772	5.0618	4
32.15	6.5491	4.7466	5.0536	4
32.2	6.5423	4.4919	5.0501	4
32.25	6.5348	4.8615	5.0425	4
32.3	6.5269	4.7147	5.0428	4
32.35	6.5194	4.6372	5.0681	4
32.4	6.5119	4.691	5.0704	4
32.45	6.5044	4.7056	5.0659	4
32.5	6.4969	4.6627	5.0729	4
32.55	6.4899	4.4654	5.0767	4
32.6	6.4823	5.0239	5.0725	4
32.65	6.4753	4.4529	5.0721	4
32.7	6.4672	4.8948	5.0873	4
32.75	6.4601	4.4861	5.084	4
32.8	6.4526	4.6002	5.0838	4
32.85	6.4455	4.5855	5.0848	4
32.9	6.438	4.7774	5.0716	4
32.95	6.4301	4.9858	5.0713	4
33	6.4234	4.1146	5.0733	4
33.05	6.4159	5.2098	5.0865	4
33.1	6.4073	4.8896	5.078	4
33.15	6.4006	4.2855	5.0673	4
33.2	6.3935	4.6844	5.0663	4
33.25	6.3852	5.1047	5.0802	4
33.3	6.3773	4.5427	5.086	4
33.35	6.3706	4.4497	5.0725	4
33.4	6.3626	5.1664	5.0749	4
33.45	6.3545	4.6758	5.0798	4
33.5	6.3478	4.3586	5.0673	4
33.55	6.3408	4.742	5.0626	4
33.6	6.3326	5.1019	5.0772	4
33.65	6.3253	4.0287	5.0755	4
33.7	6.319	4.4543	5.0764	4
33.75	6.3111	4.9606	5.0666	4
33.8	6.3034	4.7784	5.0677	4
33.85	6.2969	4.0385	5.0846	4
33.9	6.29	4.8519	5.081	4
33.95	6.2826	4.3143	5.0778	4
34	6.2757	4.4367	5.0763	4
34.05	6.2687	4.2855	5.0828	4
34.1	6.262	4.3998	5.0872	4
34.15	6.2555	4.1719	5.0734	4
34.2	6.249	4.4087	5.0872	4
34.25	6.2421	4.2714	5.0879	4
34.3	6.2362	4.1389	5.0882	4
34.35	6.2296	4.1844	5.0951	4
34.4	6.2226	4.5714	5.0948	4
34.45	6.2158	3.843	5.0945	4
34.5	6.2098	4.3863	5.0955	4
34.55	6.2028	4.3729	5.0903	4
34.6	6.1967	4.0792	5.0929	4
34.65	6.1908	3.7206	5.0729	4
34.7	6.1848	4.3879	5.0794	4
34.75	6.1779	4.2322	5.0978	4
34.8	6.1722	3.8175	5.0976	4
34.85	6.1666	3.71	5.1	4
34.9	6.1611	4.1081	5.1052	4
34.95	6.1547	4.0615	5.123	4
35	6.1492	3.6758	5.1146	4
35.05	6.1437	3.8771	5.1249	4
35.1	6.138	3.8453	5.1245	4
35.15	6.1323	3.9816	5.0998	4
35.2	6.1268	3.6229	5.1051	4
35.25	6.1216	3.8467	5.1118	4
35.3	6.1159	3.6978	5.1264	4
35.35	6.1101	4.0533	5.125	4
35.4	6.1049	3.4345	5.0966	4
35.45	6.0997	3.9817	5.0946	4
35.5	6.0941	3.6337	5.0965	4
35.55	6.0892	3.5871	5.0817	4
35.6	6.0836	3.7842	5.0992	4
35.65	6.078	3.9706	5.102	4
35.7	6.0723	3.6333	5.0917	4
35.75	6.0678	3.396	5.0909	4
35.8	6.0617	4.1685	5.0812	4
35.85	6.0558	3.8706	5.0863	4
35.9	6.0512	3.5191	5.103	4
35.95	6.0457	3.9714	5.1018	4
36	6.0395	3.8936	5.0924	4
36.05	6.035	3.3187	5.0762	4
36.1	6.0291	4.1875	5.072	4
36.15	6.0233	3.7899	5.0657	4
36.2	6.0179	3.6764	5.0683	4
36.25	6.0131	3.6406	5.098	4
36.3	6.0066	4.5992	5.1003	4
36.35	6.0006	3.6811	5.087	4
36.4	5.9957	3.7943	5.098	4
36.45	5.9901	3.7862	5.0981	4
36.5	5.9845	3.922	5.0987	4
36.55	5.9791	3.8204	5.0958	4
36.6	5.9736	3.7459	5.0875	4
36.65	5.9681	3.8946	5.0947	4
36.7	5.9629	3.3273	5.0757	4
36.75	5.9576	3.9711	5.0898	4
36.8	5.9517	3.7423	5.0956	4
36.85	5.9468	3.4762	5.0874	4
36.9	5.942	3.7683	5.0969	4
36.95	5.9373	3.3566	5.1012	4
37	5.9322	3.8051	5.1148	4
37.05	5.927	3.5905	5.1081	4
37.1	5.9221	3.6458	5.0996	4
37.15	5.917	3.6471	5.1078	4
37.2	5.9126	3.3359	5.1011	4
37.25	5.9074	4.0385	5.0854	4
37.3	5.9017	3.7009	5.0885	4
37.35	5.8964	3.6099	5.0909	4
37.4	5.8914	3.3381	5.0919	4
37.45	5.8862	4.1024	5.1021	4
37.5	5.8806	3.6483	5.111	4
37.55	5.8761	3.4649	5.1083	4
37.6	5.871	3.7261	5.1055	4
37.65	5.8659	3.5014	5.104	4
37.7	5.8603	3.9702	5.0885	4
37.75	5.8554	3.321	5.0917	4
37.8	5.8507	3.7398	5.1017	4
37.85	5.8453	3.7634	5.0913	4
37.9	5.8402	3.4728	5.1045	4
37.95	5.8354	3.7246	5.1112	4
38	5.8303	3.453	5.1112	4
38.05	5.8252	3.7592	5.1106	4
38.1	5.8201	3.5506	5.1118	4
38.15	5.8154	3.596	5.1233	4
38.2	5.81	3.9322	5.1288	4
38.25	5.8049	3.4108	5.114	4
38.3	5.7995	3.9201	5.1165	4
38.35	5.7942	3.4631	5.1254	4
38.4	5.7893	3.5355	5.1275	4
38.45	5.784	3.9294	5.1212	4
38.5	5.7787	3.5772	5.1145	4
38.55	5.7739	3.4219	5.1049	4
38.6	5.7692	3.7243	5.1004	4
38.65	5.7633	3.8353	5.1059	4
38.7	5.7585	3.611	5.1161	4
38.75	5.7533	3.6294	5.1256	4
38.8	5.7485	4.004	5.1291	4
38.85	5.7436	3.492	5.1082	4
38.9	5.7388	3.7377	5.1134	4
38.95	5.7336	3.6459	5.1245	4
39	5.7284	3.7425	5.1083	4
39.05	5.7235	3.4149	5.1263	4
39.1	5.7187	3.8465	5.126	4
39.15	5.7132	3.7249	5.1121	4
39.2	5.7085	3.1251	5.1063	4
39.25	5.7036	3.7133	5.097	4
39.3	5.6981	3.8667	5.1071	4
39.35	5.693	3.3274	5.1136	4
39.4	5.6894	3.2789	5.1202	4
39.45	5.6842	3.7505	5.1253	4
39.5	5.6784	3.9648	5.12	4
39.55	5.6744	2.705	5.113	4
39.6	5.67	3.8447	5.1126	4
39.65	5.6643	3.7987	5.1114	4
39.7	5.6599	2.9621	5.1196	4
39.75	5.656	3.326	5.1169	4
39.8	5.6507	3.7969	5.0935	4
39.85	5.646	3.2503	5.0723	4
39.9	5.6419	3.1569	5.0744	4
39.95	5.6375	3.6084	5.0827	4
40	5.6324	3.35	5.082	4
40.05	5.6286	3.1922	5.0721	4
40.1	5.6242	3.4106	5.0697	4
40.15	5.6198	3.2224	5.081	4
40.2	5.6156	3.4732	5.0744	4
40.25	5.611	3.167	5.0692	4
40.3	5.6073	3.0992	5.0813	4
40.35	5.6034	3.2029	5.0897	4
40.4	5.5985	3.4196	5.0917	4
40.45	5.5939	3.3742	5.0949	4
40.5	5.5898	2.9666	5.0923	4
40.55	5.5861	3.2164	5.1049	4
40.6	5.5816	3.3369	5.1143	4
40.65	5.5771	3.3201	5.0975	4
40.7	5.5726	3.3068	5.093	4
40.75	5.5687	3.0407	5.0961	4
40.8	5.5651	2.8664	5.0966	4
40.85	5.5615	3.2833	5.1014	4
40.9	5.5556	3.9169	5.084	4
40.95	5.5522	2.3946	5.0751	4
41	5.5492	2.9852	5.0753	4
41.05	5.5448	3.5918	5.0757	4
41.1	5.5403	3.0902	5.0862	4
41.15	5.5371	2.7652	5.0842	4
41.2	5.5335	3.1734	5.086	4
41.25	5.529	3.3191	5.092	4
41.3	5.5258	2.699	5.0824	4
41.35	5.522	3.2718	5.0759	4
41.4	5.5168	3.6354	5.0829	4
41.45	5.5129	2.776	5.0865	4
41.5	5.5099	2.8972	5.0802	4
41.55	5.5057	3.5245	5.0798	4
41.6	5.5011	3.1168	5.0798	4
41.65	5.4975	2.7925	5.0768	4
41.7	5.4937	3.3594	5.0786	4
41.75	5.4892	3.1824	5.083	4
41.8	5.4858	2.9974	5.0843	4
41.85	5.4815	3.5275	5.0854	4
41.9	5.4762	3.4543	5.0879	4
41.95	5.4729	2.7164	5.0774	4
42	5.4692	3.3985	5.0732	4
42.05	5.464	3.5454	5.088	4
42.1	5.46	3.1011	5.0793	4
42.15	5.4567	3.0519	5.0718	4
42.2	5.4517	3.6831	5.0759	4
42.25	5.4476	2.8306	5.0783	4
42.3	5.444	3.1992	5.0706	4
42.35	5.4392	3.4236	5.0544	4
42.4	5.4347	3.1844	5.0462	4
42.45	5.432	2.5412	5.0579	4
42.5	5.4276	3.7302	5.082	4
42.55	5.4226	3.2303	5.0826	4
42.6	5.419	3.0858	5.089	4
42.65	5.4151	3.331	5.0836	4
42.7	5.4107	3.376	5.0521	4
42.75	5.4061	3.3986	5.0559	4
42.8	5.402	3.2391	5.063	4
42.85	5.3975	3.5701	5.0728	4
42.9	5.3931	3.1735	5.0735	4
42.95	5.3887	3.3675	5.0635	4
43	5.3842	3.3089	5.0559	4
43.05	5.38	3.2636	5.061	4
43.1	5.3758	3.4001	5.0839	4
43.15	5.3715	3.2894	5.0895	4
43.2	5.3675	3.0987	5.0839	4
43.25	5.3632	3.4536	5.081	4
43.3	5.359	3.1368	5.08	4
43.35	5.3553	3.1913	5.0919	4
43.4	5.3511	3.1811	5.0845	4
43.45	5.3467	3.3083	5.0693	4
43.5	5.3429	2.8891	5.0777	4
43.55	5.3392	3.29	5.0947	4
43.6	5.335	3.2204	5.1092	4
43.65	5.3315	3.0256	5.1041	4
43.7	5.3279	3.1022	5.0894	4
43.75	5.3237	3.2489	5.1009	4
43.8	5.3196	3.0454	5.0871	4
43.85	5.3163	2.6991	5.0697	4
43.9	5.313	3.2862	5.0705	4
43.95	5.3084	3.2055	5.0657	4
44	5.3049	2.6115	5.0596	4
44.05	5.3019	3.0701	5.074	4
44.1	5.2973	3.3499	5.0868	4
44.15	5.2941	2.5642	5.0727	4
44.2	5.291	2.9019	5.0633	4
44.25	5.2868	3.477	5.0672	4
44.3	5.283	2.8123	5.0854	4
44.35	5.2803	2.6249	5.086	4
44.4	5.2764	3.2587	5.1102	4
44.45	5.2727	3.0583	5.1085	4
44.5	5.2693	2.7854	5.1053	4
44.55	5.2656	3.034	5.1086	4
44.6	5.2616	3.0207	5.1159	4
44.65	5.2581	2.9543	5.1196	4
44.7	5.2548	2.7326	5.0974	4
44.75	5.2516	3.031	5.0949	4
44.8	5.248	2.8997	5.0913	4
44.85	5.2445	2.9327	5.0834	4
44.9	5.2409	3.2141	5.1059	4
44.95	5.2375	2.7473	5.12	4
45	5.2339	2.9906	5.1225	4
45.05	5.2306	2.9519	5.1211	4
45.1	5.2265	3.0231	5.1127	4
45.15	5.2234	2.8245	5.1167	4
45.2	5.2206	2.6781	5.1149	4
45.25	5.2164	3.457	5.1036	4
45.3	5.2126	3.0106	5.1269	4
45.35	5.2095	2.5944	5.1408	4
45.4	5.206	3.3478	5.1376	4
45.45	5.2019	2.5601	5.1232	4
45.5	5.199	2.9199	5.1197	4
45.55	5.1954	3.0616	5.1194	4
45.6	5.1916	2.8741	5.1141	4
45.65	5.1893	2.5957	5.0996	4
45.7	5.1856	3.2852	5.0986	4
45.75	5.1814	3.1157	5.1077	4
45.8	5.1785	2.5554	5.1099	4
45.85	5.1743	3.4461	5.0946	4
45.9	5.1713	2.5698	5.091	4
45.95	5.1681	2.9824	5.0928	4
46	5.1644	3.1349	5.0906	4
46.05	5.161	2.5856	5.1003	4
46.1	5.1577	3.0944	5.1071	4
46.15	5.1542	2.9313	5.1021	4
46.2	5.1507	2.7736	5.1034	4
46.25	5.1473	3.2114	5.1116	4
46.3	5.1436	2.8027	5.1078	4
46.35	5.1409	2.8491	5.1035	4
46.4	5.1375	2.8817	5.1204	4
46.45	5.1337	3.1231	5.1197	4
46.5	5.1301	2.9165	5.1044	4
46.55	5.1271	2.726	5.109	4
46.6	5.1238	3.0265	5.1072	4
46.65	5.1203	3.0167	5.1042	4
46.7	5.1169	2.8793	5.1102	4
46.75	5.1136	2.9757	5.1038	4
46.8	5.11	2.9478	5.1033	4
46.85	5.1067	2.8807	5.1028	4
46.9	5.1037	2.7695	5.1036	4
46.95	5.0996	3.1946	5.1213	4
47	5.0955	3.104	5.1314	4
47.05	5.0925	2.5943	5.1241	4
47.1	5.0888	3.3338	5.1235	4
47.15	5.0853	2.8037	5.125	4
47.2	5.0819	3.0043	5.111	4
47.25	5.0785	2.9462	5.0901	4
47.3	5.0748	3.0572	5.0979	4
47.35	5.071	2.9598	5.0967	4
47.4	5.0677	2.782	5.0991	4
47.45	5.0638	3.0625	5.1044	4
47.5	5.0605	3.0091	5.1083	4
47.55	5.0582	2.3943	5.1123	4
47.6	5.0543	3.6206	5.1078	4
47.65	5.0507	2.6589	5.098	4
47.7	5.048	2.519	5.1184	4
47.75	5.0449	3.1338	5.1358	4
47.8	5.0412	2.6177	5.1296	4
47.85	5.0374	3.0831	5.1114	4
47.9	5.0344	2.6621	5.0845	4
47.95	5.0305	3.0849	5.0748	4
48	5.0278	2.5975	5.0939	4
48.05	5.0245	2.8149	5.1011	4
48.1	5.0208	3.2476	5.1011	4
48.15	5.0175	2.7526	5.0916	4
48.2	5.0145	2.6521	5.0941	4
48.25	5.0114	3.0749	5.1046	4
48.3	5.0081	2.6608	5.11	4
48.35	5.0048	3.0579	5.104	4
48.4	5.0018	2.5804	5.0905	4
48.45	4.998	3.2245	5.0884	4
48.5	4.9944	2.8409	5.0896	4
48.55	4.9917	2.5015	5.1077	4
48.6	4.9883	3.2203	5.1275	4
48.65	4.9844	3.0254	5.1204	4
48.7	4.9812	2.5479	5.1002	4
48.75	4.978	3.1167	5.1007	4
48.8	4.9749	2.5124	5.1136	4
48.85	4.972	3.0284	5.1228	4
48.9	4.9684	2.7273	5.1149	4
48.95	4.9652	2.7545	5.1001	4
49	4.9614	3.1208	5.0949	4
49.05	4.9585	2.5098	5.0832	4
49.1	4.9558	2.6529	5.0812	4
49.15	4.9524	3.2978	5.109	4
49.2	4.949	2.4456	5.106	4
49.25	4.9462	3.1416	5.0873	4
49.3	4.9424	2.7265	5.0875	4
49.35	4.9393	2.9416	5.0944	4
49.4	4.9362	2.7576	5.1097	4
49.45	4.9333	2.7637	5.1076	4
49.5	4.9296	3.0052	5.1034	4
49.55	4.9267	2.6734	5.1108	4
49.6	4.9237	2.8213	5.1071	4
49.65	4.9205	3.0584	5.1114	4
49.7	4.917	2.6499	5.1082	4
49.75	4.9143	2.8965	5.1085	4
49.8	4.9109	2.7839	5.0921	4
49.85	4.9075	3.0102	5.0927	4
49.9	4.9039	2.8892	5.1232	4
49.95	4.9007	2.5614	5.1109	4
50	4.8978	3.0314	5.0968	4
50.05	4.8944	2.5393	5.108	4
50.1	4.8919	3.048	5.1324	4
50.15	4.8885	2.7224	5.1317	4
50.2	4.885	2.9644	5.1144	4
50.25	4.8829	2.0104	5.1267	4
50.3	4.8794	3.44	5.1429	4
50.35	4.8757	2.6977	5.1331	4
50.4	4.8725	2.9617	5.1232	4
50.45	4.8692	2.5939	5.1088	4
50.5	4.8666	2.7446	5.109	4
50.55	4.8635	2.4485	5.1139	4
50.6	4.8606	3.0914	5.0867	4
50.65	4.8575	2.5156	5.0827	4
50.7	4.8547	2.9551	5.0996	4
50.75	4.8519	2.4916	5.1125	4
50.8	4.8486	2.8633	5.1225	4
50.85	4.8459	2.4469	5.1048	4
50.9	4.8428	2.8189	5.109	4
50.95	4.8397	2.8532	5.1222	4
51	4.8369	2.5034	5.1221	4
51.05	4.8344	2.5447	5.1354	4
51.1	4.8316	2.5978	5.1495	4
51.15	4.8286	2.7888	5.1415	4
51.2	4.8252	2.9252	5.1289	4
51.25	4.8223	2.5435	5.1403	4
51.3	4.8196	2.738	5.146	4
51.35	4.817	2.5814	5.131	4
51.4	4.8138	2.5456	5.1363	4
51.45	4.811	2.8865	5.1365	4
51.5	4.8086	2.1847	5.1161	4
51.55	4.8063	2.8177	5.0952	4
51.6	4.8033	2.3937	5.1104	4
51.65	4.8009	2.6834	5.122	4
51.7	4.7977	2.7231	5.1204	4
51.75	4.7945	2.9114	5.1231	4
51.8	4.7924	2.0974	5.1237	4
51.85	4.7898	2.7519	5.1311	4
51.9	4.7871	2.7327	5.1285	4
51.95	4.785	1.9189	5.1278	4
52	4.783	2.997	5.1277	4
52.05	4.7798	2.6009	5.1378	4
52.1	4.7775	2.275	5.1509	4
52.15	4.7754	2.5038	5.1439	4
52.2	4.7724	2.5843	5.137	4
52.25	4.7699	2.5047	5.1372	4
52.3	4.768	2.1356	5.1552	4
52.35	4.7651	2.719	5.1659	4
52.4	4.763	2.2586	5.1538	4
52.45	4.7608	2.3626	5.1411	4
52.5	4.7591	2.3956	5.1246	4
52.55	4.7561	2.6215	5.1321	4
52.6	4.7543	2.2257	5.1424	4
52.65	4.7517	2.7506	5.1419	4
52.7	4.749	2.3223	5.1385	4
52.75	4.7474	2.0977	5.1279	4
52.8	4.7455	2.4147	5.1187	4
52.85	4.7422	2.9092	5.1257	4
52.9	4.7403	1.869	5.1292	4
52.95	4.7384	2.4517	5.1332	4
53	4.7358	2.5624	5.1314	4
53.05	4.7336	2.3747	5.1313	4
53.1	4.732	1.9875	5.1344	4
53.15	4.7292	2.9263	5.143	4
53.2	4.7266	2.0943	5.1545	4
53.25	4.7246	2.4102	5.1405	4
53.3	4.7228	2.2345	5.1373	4
53.35	4.7203	2.6409	5.1304	4
53.4	4.718	2.3006	5.1294	4
53.45	4.7162	2.1996	5.1394	4
53.5	4.7138	2.594	5.1465	4
53.55	4.7124	1.9554	5.1408	4
53.6	4.7108	2.3324	5.1427	4
53.65	4.7082	2.6174	5.1485	4
53.7	4.7056	2.2267	5.145	4
53.75	4.7042	2.1371	5.1236	4
53.8	4.7023	2.2861	5.1314	4
53.85	4.7001	2.4672	5.146	4
53.9	4.6985	1.894	5.143	4
53.95	4.697	2.3362	5.1248	4
54	4.6941	2.6877	5.1268	4
54.05	4.6929	1.4689	5.1394	4
54.1	4.6913	2.5905	5.1383	4
54.15	4.6889	2.3332	5.1346	4
54.2	4.6873	2.072	5.1298	4
54.25	4.6858	2.0357	5.1299	4
54.3	4.6842	2.22	5.1285	4
54.35	4.6825	2.208	5.1381	4
54.4	4.6808	1.9671	5.1282	4
54.45	4.6792	2.3358	5.129	4
54.5	4.6772	2.2156	5.1444	4
54.55	4.6759	1.8731	5.1371	4
54.6	4.6739	2.5053	5.1254	4
54.65	4.6718	2.0488	5.1235	4
54.7	4.6702	2.1277	5.1147	4
54.75	4.669	2.0172	5.1109	4
54.8	4.6674	2.2615	5.1126	4
54.85	4.6658	2.026	5.1298	4
54.9	4.6643	2.1283	5.12	4
54.95	4.6626	2.0522	5.117	4
55	4.6608	2.257	5.1265	4
55.05	4.6594	2.0695	5.1107	4
55.1	4.6581	1.9151	5.1107	4
55.15	4.6566	2.0942	5.1256	4
55.2	4.655	2.1515	5.1247	4
55.25	4.6539	1.8009	5.1512	4
55.3	4.6525	2.4495	5.1457	4
55.35	4.6506	1.9469	5.1342	4
55.4	4.649	2.1666	5.1307	4
55.45	4.6482	1.7307	5.1198	4
55.5	4.6462	2.4826	5.1081	4
55.55	4.644	2.0927	5.0949	4
55.6	4.6438	1.5094	5.0936	4
55.65	4.6424	2.4366	5.0998	4
55.7	4.6404	2.2357	5.1024	4
55.75	4.6391	1.878	5.1073	4
55.8	4.6376	1.9471	5.0928	4
55.85	4.6358	2.4166	5.1036	4
55.9	4.6345	1.879	5.1113	4
55.95	4.6331	2.1109	5.0949	4
56	4.6306	2.7099	5.0935	4
56.05	4.6287	1.6706	5.0921	4
56.1	4.628	2.1822	5.1124	4
56.15	4.6258	2.4577	5.1173	4
56.2	4.6241	1.946	5.1054	4
56.25	4.6226	2.2641	5.0882	4
56.3	4.62	2.4171	5.0986	4
56.35	4.6182	2.3494	5.1068	4
56.4	4.617	1.7007	5.1087	4
56.45	4.6149	2.832	5.1196	4
56.5	4.6129	1.8079	5.119	4
56.55	4.6115	2.2634	5.1206	4
56.6	4.6095	2.435	5.122	4
56.65	4.6076	1.9993	5.1417	4
56.7	4.6064	2.2516	5.1248	4
56.75	4.604	2.3871	5.1171	4
56.8	4.6016	2.4738	5.1181	4
56.85	4.6002	2.0308	5.112	4
56.9	4.5981	2.5409	5.1201	4
56.95	4.5957	2.4584	5.1212	4
57	4.5948	1.6081	5.133	4
57.05	4.5931	2.679	5.1225	4
57.1	4.5908	2.2521	5.1134	4
57.15	4.5893	2.0354	5.0983	4
57.2	4.5882	1.7717	5.0939	4
57.25	4.5864	2.5357	5.1079	4
57.3	4.5843	2.0545	5.1175	4
57.35	4.5835	1.7113	5.1127	4
57.4	4.5816	2.5657	5.1164	4
57.45	4.5795	1.9835	5.1091	4
57.5	4.5784	2.0005	5.0876	4
57.55	4.5765	2.2581	5.0837	4
57.6	4.5748	2.0853	5.0884	4
57.65	4.5737	1.8795	5.0848	4
57.7	4.5729	2.0367	5.0846	4
57.75	4.571	2.2344	5.0951	4
57.8	4.5698	1.6646	5.0937	4
57.85	4.5688	2.3381	5.092	4
57.9	4.5667	2.0097	5.1059	4
57.95	4.5654	2.0998	5.0942	4
58	4.5645	1.7225	5.0817	4
58.05	4.5624	2.4876	5.0854	4
58.1	4.5612	1.7893	5.0819	4
58.15	4.5605	1.5941	5.0928	4
58.2	4.5587	2.7263	5.0926	4
58.25	4.5574	1.4244	5.0824	4
58.3	4.5568	2.016	5.092	4
58.35	4.5557	2.0125	5.0952	4
58.4	4.5538	2.1173	5.1159	4
58.45	4.5527	1.9251	5.1208	4
58.5	4.5511	1.9894	5.0954	4
58.55	4.5501	2.0702	5.1148	4
58.6	4.5484	2.0301	5.1299	4
58.65	4.5475	1.626	5.1258	4
58.7	4.5456	2.5252	5.1231	4
58.75	4.5441	1.6733	5.1002	4
58.8	4.5432	1.8429	5.1126	4
58.85	4.5425	1.9958	5.1256	4
58.9	4.5411	1.9552	5.1159	4
58.95	4.5404	1.8823	5.0977	4
59	4.5393	1.7653	5.086	4
59.05	4.538	2.3187	5.0977	4
59.1	4.5368	1.6114	5.0995	4
59.15	4.5365	1.6734	5.0876	4
59.2	4.5349	2.3013	5.0963	4
59.25	4.5337	1.7114	5.0982	4
59.3	4.533	1.8163	5.1022	4
59.35	4.5323	1.8242	5.1085	4
59.4	4.531	2.1801	5.0966	4
59.45	4.5299	1.5124	5.0749	4
59.5	4.529	2.1522	5.0924	4
59.55	4.5278	1.775	5.1	4
59.6	4.5265	1.9402	5.0907	4
59.65	4.5265	1.6209	5.1183	4
59.7	4.5249	1.937	5.1352	4
59.75	4.5239	1.9746	5.1329	4
59.8	4.5227	1.7088	5.1278	4
59.85	4.5219	2.1044	5.122	4
59.9	4.5206	1.7483	5.1285	4
59.95	4.52	1.8131	5.1247	4
60	4.5187	2.0691	5.1099	4
60.05	4.5177	1.7525	5.1059	4
60.1	4.5165	2.0137	5.1128	4
60.15	4.5156	1.8983	5.12	4
60.2	4.5145	1.8644	5.1142	4
60.25	4.5137	1.8287	5.0959	4
60.3	4.5122	2.1731	5.097	4
60.35	4.5111	1.6721	5.1033	4
60.4	4.5103	1.8851	5.1076	4
60.45	4.5089	2.0161	5.1039	4
60.5	4.5078	1.9866	5.1037	4
60.55	4.5074	1.543	5.1221	4
60.6	4.5061	2.2253	5.1255	4
60.65	4.5044	1.899	5.1088	4
60.7	4.5035	1.9544	5.0974	4
60.75	4.5024	1.9084	5.1176	4
60.8	4.5012	2.2566	5.1215	4
60.85	4.5005	1.4731	5.1197	4
60.9	4.4997	2.1192	5.1111	4
60.95	4.4978	2.1051	5.1071	4
61	4.4974	1.434	5.1083	4
61.05	4.4965	2.1681	5.0996	4
61.1	4.4945	2.158	5.1068	4
61.15	4.4934	1.9013	5.1133	4
61.2	4.4928	1.6871	5.1083	4
61.25	4.4911	2.2976	5.1117	4
61.3	4.4904	1.7981	5.1056	4
61.35	4.4895	1.8766	5.1192	4
61.4	4.4884	2.1276	5.1205	4
61.45	4.4865	1.9752	5.1058	4
61.5	4.4857	1.738	5.1041	4
61.55	4.4849	2.009	5.0994	4
61.6	4.4829	2.196	5.0879	4
61.65	4.4815	1.8139	5.079	4
61.7	4.4806	2.0718	5.0805	4
61.75	4.4791	2.1294	5.0974	4
61.8	4.4781	1.4946	5.0825	4
61.85	4.4772	2.1212	5.0686	4
61.9	4.4755	2.3288	5.0754	4
61.95	4.4746	1.4689	5.0893	4
62	4.4739	2.2705	5.0966	4
62.05	4.4718	2.1285	5.0909	4
62.1	4.4706	1.8476	5.0923	4
62.15	4.4695	2.201	5.0945	4
62.2	4.4679	2.0178	5.0777	4
62.25	4.467	2.0562	5.0877	4
62.3	4.4657	1.9573	5.0981	4
62.35	4.4641	2.3142	5.1014	4
62.4	4.4626	1.9825	5.0893	4
62.45	4.4611	2.0402	5.0777	4
62.5	4.4598	2.1781	5.1084	4
62.55	4.4587	1.776	5.1217	4
62.6	4.4575	2.208	5.1065	4
62.65	4.4558	2.0847	5.1019	4
62.7	4.4548	1.7624	5.0973	4
62.75	4.4536	2.1798	5.1019	4
62.8	4.4514	2.3112	5.113	4
62.85	4.4507	1.6913	5.113	4
62.9	4.4498	1.8671	5.0927	4
62.95	4.448	2.311	5.0867	4
63	4.4466	1.9193	5.0955	4
63.05	4.4456	1.95	5.113	4
63.1	4.4443	2.1408	5.1109	4
63.15	4.4429	1.9072	5.1193	4
63.2	4.4416	2.1334	5.1136	4
63.25	4.44	2.0384	5.115	4
63.3	4.4385	2.1967	5.1252	4
63.35	4.4374	1.9948	5.1296	4
63.4	4.4359	2.0757	5.12	4
63.45	4.4347	2.2898	5.1292	4
63.5	4.4335	1.8406	5.1279	4
63.55	4.4326	1.977	5.1061	4
63.6	4.4311	2.0591	5.1002	4
63.65	4.4292	2.2041	5.1224	4
63.7	4.4284	1.715	5.1386	4
63.75	4.4276	2.0671	5.1202	4
63.8	4.4257	2.3206	5.1133	4
63.85	4.4243	1.7755	5.1026	4
63.9	4.4235	1.8902	5.1101	4
63.95	4.4222	2.0696	5.1107	4
64	4.4207	1.9631	5.1129	4
64.05	4.4197	1.8379	5.1095	4
64.1	4.4185	2.0461	5.1118	4
64.15	4.4174	1.9716	5.1207	4
64.2	4.4169	1.6868	5.1184	4
64.25	4.4155	2.103	5.1324	4
64.3	4.4143	1.96	5.134	4
64.35	4.4136	1.698	5.1176	4
64.4	4.4119	2.4008	5.1286	4
64.45	4.4104	1.8654	5.123	4
64.5	4.4095	1.8167	5.1	4
64.55	4.4084	1.9877	5.1089	4
64.6	4.407	2.1494	5.1075	4
64.65	4.4058	1.8934	5.1155	4
64.7	4.4048	1.7842	5.1236	4
64.75	4.404	2.0258	5.1089	4
64.8	4.4028	1.9022	5.1113	4
64.85	4.4023	1.5611	5.1035	4
64.9	4.4016	2.1348	5.105	4
64.95	4.3995	2.0088	5.102	4
65	4.3992	1.4951	5.0909	4
65.05	4.3985	1.8442	5.1091	4
65.1	4.3974	2.0785	5.1082	4
65.15	4.397	1.7223	5.1025	4
65.2	4.3961	1.85	5.1089	4
65.25	4.395	1.9085	5.1013	4
65.3	4.3941	1.8239	5.1169	4
65.35	4.3936	1.6804	5.1301	4
65.4	4.3924	2.0504	5.1213	4
65.45	4.3919	1.4233	5.1258	4
65.5	4.3916	1.7021	5.1156	4
65.55	4.3902	2.1273	5.1154	4
65.6	4.3893	1.6199	5.1228	4
65.65	4.3892	1.5539	5.1373	4
65.7	4.3885	2.0361	5.1448	4
65.75	4.3873	1.6021	5.123	4
65.8	4.3872	1.5835	5.105	4
65.85	4.3866	1.6518	5.1083	4
65.9	4.386	1.7524	5.1099	4
65.95	4.3855	1.5635	5.1061	4
66	4.3849	1.6725	5.1026	4
66.05	4.3845	1.4627	5.1209	4
66.1	4.3841	1.7276	5.1282	4
66.15	4.3835	1.4986	5.1226	4
66.2	4.3839	1.3795	5.1435	4
66.25	4.3833	1.7346	5.1512	4
66.3	4.3828	1.3987	5.1328	4
66.35	4.3826	1.5786	5.1211	4
66.4	4.3824	1.5932	5.1164	4
66.45	4.3821	1.4599	5.1081	4
66.5	4.3825	1.4066	5.101	4
66.55	4.3819	1.6672	5.1074	4
66.6	4.382	1.3677	5.1294	4
66.65	4.382	1.4443	5.13	4
66.7	4.3818	1.368	5.1281	4
66.75	4.3822	1.5049	5.1272	4
66.8	4.3821	1.2443	5.1211	4
66.85	4.3823	1.7195	5.1074	4
66.9	4.3818	1.3453	5.1009	4
66.95	4.3816	1.4256	5.098	4
67	4.3825	0.9711	5.1037	4
67.05	4.3821	1.9594	5.1057	4
67.1	4.3818	1.2191	5.0972	4
67.15	4.3827	1.0787	5.0994	4
67.2	4.3827	1.4604	5.1062	4
67.25	4.3825	1.7499	5.1078	4
67.3	4.3827	0.9043	5.1135	4
67.35	4.3832	1.5909	5.1275	4
67.4	4.3828	1.4683	5.1295	4
67.45	4.383	1.4154	5.1219	4
67.5	4.3833	1.2432	5.1087	4
67.55	4.3831	1.5734	5.1198	4
67.6	4.3828	1.4296	5.1293	4
67.65	4.3833	1.3968	5.1223	4
67.7	4.3829	1.5097	5.1174	4
67.75	4.3835	1.3343	5.1252	4
67.8	4.3837	1.1505	5.119	4
67.85	4.3833	1.8465	5.1125	4
67.9	4.3829	1.296	5.1191	4
67.95	4.3838	1.1848	5.1199	4
68	4.3838	1.5707	5.1122	4
68.05	4.3842	1.0766	5.1108	4
68.1	4.3847	1.2782	5.1175	4
68.15	4.3847	1.4132	5.1238	4
68.2	4.3848	1.2915	5.1042	4
68.25	4.3852	1.2962	5.1019	4
68.3	4.3852	1.342	5.1101	4
68.35	4.3856	1.3796	5.112	4
68.4	4.3859	1.2415	5.1201	4
68.45	4.3864	1.3055	5.1149	4
68.5	4.3866	1.3033	5.1059	4
68.55	4.3867	1.2425	5.1009	4
68.6	4.3875	1.1885	5.1139	4
68.65	4.3879	1.3596	5.1089	4
68.7	4.3882	1.228	5.0972	4
68.75	4.3889	1.2145	5.1051	4
68.8	4.3889	1.4445	5.0942	4
68.85	4.3887	1.3811	5.0933	4
68.9	4.3894	1.0461	5.0837	4
68.95	4.3899	1.4148	5.0792	4
69	4.3892	1.7537	5.1068	4
69.05	4.3898	0.8816	5.1194	4
69.1	4.3903	1.4036	5.133	4
69.15	4.39	1.6287	5.1315	4
69.2	4.3905	1.1366	5.1273	4
69.25	4.3907	1.3789	5.1302	4
69.3	4.3908	1.4113	5.1319	4
69.35	4.391	1.2636	5.1258	4
69.4	4.3913	1.2487	5.1225	4
69.45	4.3921	1.1457	5.1154	4
69.5	4.392	1.5371	5.1146	4
69.55	4.3928	1.0339	5.1115	4
69.6	4.3931	1.3931	5.1105	4
69.65	4.3931	1.4073	5.1132	4
69.7	4.3938	1.091	5.0914	4
69.75	4.3942	1.4076	5.0942	4
69.8	4.394	1.4577	5.1052	4
69.85	4.3943	1.1444	5.1026	4
69.9	4.3951	1.0742	5.1108	4
69.95	4.3952	1.4693	5.0975	4
70	4.3956	1.1594	5.0974	4
70.05	4.3963	1.2973	5.1092	4
70.1	4.3964	1.5661	5.1126	4
70.15	4.397	0.8325	5.1081	4
70.2	4.3976	1.3998	5.1034	4
70.25	4.3972	1.6366	5.0985	4
70.3	4.3977	1.0442	5.1055	4
70.35	4.3988	1.0257	5.1031	4
70.4	4.3989	1.6735	5.0985	4
70.45	4.3989	1.1598	5.0906	4
70.5	4.4	0.9005	5.0984	4
70.55	4.4005	1.5661	5.1169	4
70.6	4.4006	1.2364	5.1162	4
70.65	4.4016	1.0603	5.1243	4
70.7	4.4017	1.4857	5.1186	4
70.75	4.4015	1.3899	5.1074	4
70.8	4.4026	1.0775	5.1165	4
70.85	4.403	1.1561	5.1077	4
70.9	4.4035	1.3412	5.1033	4
70.95	4.4037	1.2997	5.1162	4
71	4.4041	1.2683	5.1164	4
71.05	4.4053	1.164	5.1164	4
71.1	4.405	1.5574	5.1015	4
71.15	4.4059	0.8014	5.0979	4
71.2	4.4063	1.5865	5.1186	4
71.25	4.406	1.5183	5.1175	4
71.3	4.407	0.7447	5.1162	4
71.35	4.4075	1.5016	5.1238	4
71.4	4.4075	1.5404	5.1196	4
71.45	4.4076	1.2591	5.1226	4
71.5	4.4083	1.2294	5.1152	4
71.55	4.4081	1.4737	5.129	4
71.6	4.4086	1.1138	5.1259	4
71.65	4.4091	1.4428	5.1016	4
71.7	4.4089	1.2768	5.1105	4
71.75	4.4092	1.2926	5.1136	4
71.8	4.4097	1.3672	5.1129	4
71.85	4.4097	1.2863	5.1179	4
71.9	4.4104	1.3084	5.1308	4
71.95	4.4103	1.4106	5.1239	4
72	4.4106	1.4856	5.1312	4
72.05	4.4107	1.1753	5.1307	4
72.1	4.4113	1.2199	5.1227	4
72.15	4.4111	1.7355	5.1144	4
72.2	4.4113	1.1098	5.1274	4
72.25	4.4118	1.4148	5.1326	4
72.3	4.4119	1.5997	5.1201	4
72.35	4.4117	1.4374	5.1261	4
72.4	4.4122	1.2011	5.1202	4
72.45	4.4126	1.5341	5.1289	4
72.5	4.4125	1.4183	5.1349	4
72.55	4.4127	1.3483	5.1416	4
72.6	4.4127	1.3137	5.133	4
72.65	4.4133	1.3222	5.1272	4
72.7	4.4133	1.4886	5.1333	4
72.75	4.4133	1.4708	5.1356	4
72.8	4.4137	1.2349	5.1244	4
72.85	4.4139	1.5446	5.1261	4
72.9	4.4143	1.2139	5.1209	4
72.95	4.4145	1.5234	5.1194	4
73	4.4136	1.7261	5.1306	4
73.05	4.414	1.1547	5.1152	4
73.1	4.4143	1.3056	5.1106	4
73.15	4.4141	1.7024	5.1213	4
73.2	4.4144	1.1859	5.1389	4
73.25	4.4147	1.577	5.139	4
73.3	4.4147	1.5338	5.1303	4
73.35	4.415	1.2832	5.1299	4
73.4	4.4152	1.4625	5.1314	4
73.45	4.4148	1.6924	5.1333	4
73.5	4.4143	1.3713	5.139	4
73.55	4.4147	1.386	5.1326	4
73.6	4.4145	1.7215	5.1358	4
73.65	4.4149	1.1121	5.1237	4
73.7	4.4157	1.2171	5.1092	4
73.75	4.4155	1.8393	5.1049	4
73.8	4.4152	1.2334	5.0948	4
73.85	4.4161	1.1992	5.1056	4
73.9	4.4165	1.3306	5.1147	4
73.95	4.4162	1.6361	5.1093	4
74	4.4166	1.1508	5.1131	4
74.05	4.4172	1.468	5.1122	4
74.1	4.4168	1.7058	5.1079	4
74.15	4.4173	1.1699	5.1035	4
74.2	4.4172	1.8362	5.1197	4
74.25	4.4163	1.7182	5.1405	4
74.3	4.4163	1.4456	5.1415	4
74.35	4.4157	1.7827	5.1206	4
74.4	4.4151	1.6269	5.0909	4
74.45	4.4145	1.6868	5.0966	4
74.5	4.4145	1.5748	5.1151	4
74.55	4.4142	1.9029	5.1094	4
74.6	4.4128	1.9748	5.1062	4
74.65	4.4125	1.5563	5.1108	4
74.7	4.4119	1.9484	5.1072	4
74.75	4.4111	1.6336	5.1011	4
74.8	4.4111	1.5448	5.1099	4
74.85	4.4108	1.5743	5.1086	4
74.9	4.4101	1.916	5.1077	4
74.95	4.4104	1.2287	5.1077	4
75	4.41	1.8881	5.1073	4
75.05	4.4091	1.9947	5.0922	4
75.1	4.4085	1.4885	5.0973	4
75.15	4.4086	1.6354	5.1136	4
75.2	4.4072	2.1824	5.1249	4
75.25	4.4068	1.318	5.1313	4
75.3	4.4066	1.8795	5.1299	4
75.35	4.405	2.3005	5.1264	4
75.4	4.4042	1.5603	5.1245	4
75.45	4.4037	2.0288	5.1192	4
75.5	4.4025	1.8553	5.1148	4
75.55	4.4022	1.6753	5.1262	4
75.6	4.4016	1.7837	5.1261	4
75.65	4.4009	1.7169	5.1257	4
75.7	4.4	2.0853	5.1214	4
75.75	4.3992	1.8694	5.131	4
75.8	4.3988	1.676	5.1278	4
75.85	4.3975	2.1501	5.1192	4
75.9	4.3964	1.7561	5.1311	4
75.95	4.3959	1.7413	5.1263	4
76	4.3948	2.0019	5.1245	4
76.05	4.3937	1.841	5.1242	4
76.1	4.3932	1.9938	5.1176	4
76.15	4.3928	1.631	5.1103	4
76.2	4.3918	2.2326	5.1358	4
76.25	4.3905	1.6822	5.1275	4
76.3	4.39	1.8584	5.104	4
76.35	4.3887	2.251	5.079	4
76.4	4.3877	1.8091	5.0933	4
76.45	4.3871	1.7317	5.1114	4
76.5	4.3861	2.0632	5.1184	4
76.55	4.3849	1.9033	5.1157	4
76.6	4.3839	1.9553	5.1145	4
76.65	4.3829	2.0115	5.1193	4
76.7	4.3819	1.9682	5.1214	4
76.75	4.3809	1.8597	5.1254	4
76.8	4.3798	1.9821	5.1191	4
76.85	4.3785	1.922	5.1132	4
76.9	4.3775	1.8199	5.1315	4
76.95	4.3766	2.1521	5.1274	4
77	4.3753	1.9439	5.1193	4
77.05	4.3748	1.7253	5.1283	4
77.1	4.3744	1.9162	5.1107	4
77.15	4.3729	2.1418	5.1083	4
77.2	4.3716	2.0805	5.1175	4
77.25	4.3707	1.7152	5.1005	4
77.3	4.3695	2.237	5.0948	4
77.35	4.3687	1.6842	5.1022	4
77.4	4.3673	2.381	5.107	4
77.45	4.3663	1.7491	5.1186	4
77.5	4.3654	2.0156	5.0971	4
77.55	4.3645	1.8664	5.1006	4
77.6	4.3638	1.7971	5.0985	4
77.65	4.3625	2.2347	5.0946	4
77.7	4.3608	2.2084	5.0954	4
77.75	4.3596	1.8726	5.1097	4
77.8	4.3584	2.277	5.1185	4
77.85	4.3565	2.2092	5.113	4
77.9	4.3551	2.0924	5.1093	4
77.95	4.3544	1.8306	5.1024	4
78	4.3526	2.3949	5.0972	4
78.05	4.3514	1.9724	5.107	4
78.1	4.3504	1.9816	5.1107	4
78.15	4.3483	2.401	5.1064	4
78.2	4.3475	1.666	5.1139	4
78.25	4.3467	1.9778	5.1192	4
78.3	4.3456	2.2507	5.1199	4
78.35	4.3442	1.7423	5.1197	4
78.4	4.3434	2.0325	5.1173	4
78.45	4.3415	2.0688	5.1236	4
78.5	4.3406	2.0299	5.1189	4
78.55	4.3395	2.0407	5.1311	4
78.6	4.3388	1.5027	5.1333	4
78.65	4.3377	2.3616	5.1112	4
78.7	4.3368	1.5585	5.1157	4
78.75	4.3368	1.7058	5.0998	4
78.8	4.3363	2.0104	5.1149	4
78.85	4.3353	1.8413	5.1216	4
78.9	4.3346	1.9896	5.1074	4
78.95	4.3329	2.0072	5.1007	4
79	4.3328	1.441	5.0968	4
79.05	4.3323	1.7991	5.1004	4
79.1	4.3316	1.6324	5.0997	4
79.15	4.3313	1.6245	5.0919	4
79.2	4.331	1.6023	5.1155	4
79.25	4.3306	1.7302	5.1189	4
79.3	4.3305	1.4279	5.1104	4
79.35	4.3302	1.622	5.1019	4
79.4	4.3297	1.699	5.0934	4
79.45	4.3291	1.7336	5.096	4
79.5	4.3294	1.3068	5.094	4
79.55	4.3291	1.8211	5.0904	4
79.6	4.3281	1.8364	5.1067	4
79.65	4.3277	1.3374	5.1192	4
79.7	4.3277	1.6864	5.1384	4
79.75	4.3269	1.9029	5.1443	4
79.8	4.3268	1.4445	5.1149	4
79.85	4.3264	1.7592	5.1069	4
79.9	4.3257	1.8294	5.1155	4
79.95	4.3247	1.906	5.1011	4
80	4.3245	1.4449	5.1127	4
80.05	4.3239	1.8957	5.1279	4
80.1	4.3227	2.047	5.1324	4
80.15	4.322	1.6074	5.1148	4
80.2	4.3208	2.0288	5.105	4
80.25	4.32	1.7516	5.1238	4
80.3	4.3196	1.5758	5.1305	4
80.35	4.3184	2.1607	5.1244	4
80.4	4.3173	1.8065	5.1174	4
80.45	4.3164	1.8584	5.1026	4
80.5	4.316	1.645	5.1064	4
80.55	4.3146	2.2973	5.1124	4
80.6	4.314	1.6	5.098	4
80.65	4.3135	1.8295	5.0913	4
80.7	4.3123	2.0862	5.0886	4
80.75	4.3113	1.838	5.0879	4
80.8	4.3107	1.7589	5.0893	4
80.85	4.3099	1.9808	5.095	4
80.9	4.3086	2.0057	5.1017	4
80.95	4.3078	1.7769	5.0836	4
81	4.3067	1.9255	5.09	4
81.05	4.3061	1.9908	5.1014	4
81.1	4.3052	1.6402	5.0983	4
81.15	4.3038	2.3925	5.0835	4
81.2	4.302	1.8505	5.0792	4
81.25	4.3019	1.4077	5.0834	4
81.3	4.301	2.3873	5.0699	4
81.35	4.2994	1.8332	5.0695	4
81.4	4.299	1.8068	5.0872	4
81.45	4.2983	1.9417	5.0754	4
81.5	4.2971	2.0645	5.0858	4
81.55	4.2963	1.6707	5.1007	4
81.6	4.2956	1.8942	5.1128	4
81.65	4.2943	2.059	5.1125	4
81.7	4.2933	1.9532	5.1003	4
81.75	4.2922	1.9352	5.1202	4
81.8	4.2913	1.9135	5.1144	4
81.85	4.2906	1.8916	5.1077	4
81.9	4.2894	1.9455	5.1145	4
81.95	4.2889	1.9152	5.1251	4
82	4.2873	2.2082	5.1059	4
82.05	4.2862	1.8457	5.1036	4
82.1	4.2859	1.6733	5.1154	4
82.15	4.2843	2.438	5.1025	4
82.2	4.2834	1.605	5.0921	4
82.25	4.2825	2.092	5.1009	4
82.3	4.2811	2.2294	5.0961	4
82.35	4.2797	1.8302	5.0973	4
82.4	4.2783	2.1339	5.1137	4
82.45	4.2773	1.8036	5.1113	4
82.5	4.2765	2.0607	5.106	4
82.55	4.2755	2.168	5.12	4
82.6	4.2738	1.8785	5.1263	4
82.65	4.2731	1.9156	5.1103	4
82.7	4.2718	1.9069	5.0921	4
82.75	4.2704	2.2589	5.1035	4
82.8	4.269	2.056	5.123	4
82.85	4.2677	1.9585	5.1125	4
82.9	4.2667	1.997	5.1041	4
82.95	4.2658	1.9875	5.1112	4
83	4.2649	1.7716	5.1072	4
83.05	4.2639	2.0161	5.1092	4
83.1	4.2623	2.2713	5.0936	4
83.15	4.2615	1.614	5.0899	4
83.2	4.2608	1.8828	5.0878	4
83.25	4.2599	1.9163	5.0901	4
83.3	4.2587	1.9075	5.1032	4
83.35	4.2573	2.0749	5.114	4
83.4	4.2564	1.6153	5.1052	4
83.45	4.2559	2.147	5.1078	4
83.5	4.2544	2.0306	5.1012	4
83.55	4.2535	1.8053	5.0968	4
83.6	4.2524	2.1723	5.0972	4
83.65	4.2503	2.4259	5.1031	4
83.7	4.2494	1.6814	5.1027	4
83.75	4.2485	2.1481	5.1015	4
83.8	4.2463	2.5597	5.1199	4
83.85	4.2449	1.9145	5.1211	4
83.9	4.2434	2.2281	5.1093	4
83.95	4.2416	2.3408	5.1173	4
84	4.2406	1.8571	5.1177	4
84.05	4.2399	2.0387	5.1147	4
84.1	4.2382	2.1481	5.1153	4
84.15	4.2368	1.9695	5.1258	4
84.2	4.2361	1.8656	5.1287	4
84.25	4.235	2.1205	5.1189	4
84.3	4.2336	2.0508	5.1149	4
84.35	4.2325	1.7202	5.1156	4
84.4	4.2311	2.2282	5.0989	4
84.45	4.2297	1.8732	5.0981	4
84.5	4.2287	2.005	5.1016	4
84.55	4.2271	2.2458	5.099	4
84.6	4.2257	1.792	5.1083	4
84.65	4.2249	2.0145	5.1117	4
84.7	4.2232	2.4149	5.1103	4
84.75	4.222	1.7507	5.1054	4
84.8	4.2212	2.1377	5.0935	4
84.85	4.2195	2.1237	5.0955	4
84.9	4.2186	1.7805	5.0849	4
84.95	4.2177	1.9636	5.1	4
85	4.2165	2.1768	5.1141	4
85.05	4.215	2.1389	5.1089	4
85.1	4.214	1.6666	5.1031	4
85.15	4.2124	2.3817	5.1116	4
85.2	4.2112	2.0104	5.1163	4
85.25	4.2103	1.9839	5.1009	4
85.3	4.2091	2.1646	5.1153	4
85.35	4.2076	1.7901	5.121	4
85.4	4.2065	2.1109	5.0896	4
85.45	4.2047	2.0524	5.0896	4
85.5	4.2041	1.6771	5.1056	4
85.55	4.2026	2.4836	5.0922	4
85.6	4.201	1.8448	5.0951	4
85.65	4.2003	1.913	5.0978	4
85.7	4.1987	2.2674	5.1025	4
85.75	4.1972	1.9804	5.106	4
85.8	4.1962	2.1141	5.102	4
85.85	4.1944	2.1852	5.1037	4
85.9	4.1926	2.2847	5.1067	4
85.95	4.1916	1.9661	5.1099	4
86	4.1904	2.001	5.1294	4
86.05	4.1889	2.3565	5.1246	4
86.1	4.187	1.9567	5.1085	4
86.15	4.1866	1.7599	5.1114	4
86.2	4.1853	2.4208	5.1237	4
86.25	4.1834	2.1512	5.1293	4
86.3	4.1824	1.8512	5.1302	4
86.35	4.1809	2.1968	5.1331	4
86.4	4.1793	2.0358	5.1046	4
86.45	4.1784	1.8303	5.1189	4
86.5	4.1773	2.0941	5.135	4
86.55	4.1758	2.1754	5.1147	4
86.6	4.1749	1.846	5.1109	4
86.65	4.1737	1.9473	5.1146	4
86.7	4.172	2.4608	5.1128	4
86.75	4.1707	1.676	5.1033	4
86.8	4.1695	2.2477	5.1024	4
86.85	4.1677	2.225	5.1159	4
86.9	4.1666	1.8604	5.1202	4
86.95	4.1653	2.2748	5.1145	4
87	4.1633	2.1919	5.1073	4
87.05	4.1622	2.0084	5.1028	4
87.1	4.1607	2.3315	5.1227	4
87.15	4.159	1.8903	5.1231	4
87.2	4.1582	2.1459	5.1289	4
87.25	4.1564	2.127	5.1468	4
87.3	4.155	2.16	5.1522	4
87.35	4.1536	1.9808	5.1353	4
87.4	4.1523	2.128	5.1258	4
87.45	4.1507	2.2158	5.1281	4
87.5	4.1492	2.0237	5.1306	4
87.55	4.1479	2.1659	5.1239	4
87.6	4.1466	2.2025	5.1328	4
87.65	4.1451	1.9834	5.1272	4
87.7	4.1444	1.9678	5.1188	4
87.75	4.1424	2.2637	5.1208	4
87.8	4.1412	2.0431	5.1176	4
87.85	4.14	1.9231	5.103	4
87.9	4.1384	2.2239	5.0905	4
87.95	4.137	2.1038	5.11	4
88	4.1359	1.7691	5.1105	4
88.05	4.1346	2.2371	5.0981	4
88.1	4.1331	2.1418	5.1047	4
88.15	4.1321	1.8946	5.1061	4
88.2	4.1309	2.0546	5.1122	4
88.25	4.1289	2.3173	5.1117	4
88.3	4.1278	1.7423	5.1132	4
88.35	4.1275	1.9278	5.1221	4
88.4	4.1257	2.1937	5.1121	4
88.45	4.1248	1.6001	5.1001	4
88.5	4.1243	1.9056	5.1093	4
88.55	4.1231	1.9762	5.103	4
88.6	4.122	1.8859	5.1056	4
88.65	4.1212	1.6646	5.1118	4
88.7	4.1205	1.9751	5.1153	4
88.75	4.1197	1.7783	5.1193	4
88.8	4.1189	1.8063	5.1234	4
88.85	4.1187	1.6691	5.1286	4
88.9	4.1173	2.2089	5.1199	4
88.95	4.1162	1.6007	5.1197	4
89	4.1156	1.7552	5.1215	4
89.05	4.1146	1.9212	5.1166	4
89.1	4.1142	1.6199	5.1004	4
89.15	4.114	1.6802	5.1036	4
89.2	4.1132	1.9515	5.0997	4
89.25	4.1122	1.6536	5.1078	4
89.3	4.1121	1.5103	5.1312	4
89.35	4.1112	1.9595	5.1327	4
89.4	4.1102	1.8782	5.114	4
89.45	4.1097	1.5668	5.1093	4
89.5	4.1092	1.7344	5.1189	4
89.55	4.1081	2.0104	5.1183	4
89.6	4.1076	1.4639	5.0917	4
89.65	4.1074	1.6504	5.0999	4
89.7	4.1063	1.8615	5.1048	4
89.75	4.1058	1.6362	5.103	4
89.8	4.1059	1.4255	5.1138	4
89.85	4.1051	1.9087	5.1213	4
89.9	4.104	1.7969	5.1184	4
89.95	4.1037	1.5259	5.1004	4
90	4.1036	1.7662	5.0947	4
90.05	4.1031	1.7398	5.1153	4
90.1	4.1028	1.4437	5.1311	4
90.15	4.1024	1.6948	5.1011	4
90.2	4.1016	1.8893	5.068	4
90.25	4.1015	1.4114	5.0822	4
90.3	4.1017	1.3515	5.1	4
90.35	4.101	1.9262	5.1073	4
90.4	4.1004	1.5822	5.1209	4
90.45	4.1005	1.3878	5.1094	4
90.5	4.1	1.755	5.0812	4
90.55	4.0996	1.4432	5.1068	4
90.6	4.0999	1.5689	5.1171	4
90.65	4.0997	1.6347	5.1132	4
90.7	4.099	1.5837	5.1139	4
90.75	4.0989	1.3942	5.1181	4
90.8	4.0987	1.6739	5.1146	4
90.85	4.0986	1.4178	5.1198	4
90.9	4.0989	1.3033	5.1199	4
90.95	4.0992	1.4601	5.1215	4
91	4.0989	1.5435	5.1262	4
91.05	4.0991	1.2363	5.125	4
91.1	4.0995	1.4043	5.1148	4
91.15	4.0994	1.5015	5.1006	4
91.2	4.0993	1.2477	5.1107	4
91.25	4.0996	1.3226	5.0901	4
91.3	4.0992	1.8301	5.0962	4
91.35	4.099	1.5193	5.1184	4
91.4	4.0992	1.248	5.1237	4
91.45	4.099	1.6508	5.1204	4
91.5	4.0988	1.3898	5.1125	4
91.55	4.0991	1.3322	5.1202	4
91.6	4.0992	1.4564	5.1178	4
91.65	4.099	1.5896	5.1013	4
91.7	4.0992	1.2898	5.1054	4
91.75	4.0994	1.3703	5.1009	4
91.8	4.0999	1.3951	5.0886	4
91.85	4.0999	1.2829	5.1143	4
91.9	4.1004	1.346	5.1222	4
91.95	4.1001	1.5602	5.1212	4
92	4.0998	1.2697	5.1063	4
92.05	4.1001	1.3938	5.0959	4
92.1	4.1	1.541	5.1071	4
92.15	4.1	1.3951	5.0947	4
92.2	4.1004	1.3667	5.1007	4
92.25	4.1002	1.5052	5.0981	4
92.3	4.1005	1.2683	5.0888	4
92.35	4.1007	1.4467	5.0938	4
92.4	4.1009	1.3573	5.0763	4
92.45	4.101	1.4283	5.0695	4
92.5	4.1008	1.424	5.0872	4
92.55	4.1008	1.2466	5.097	4
92.6	4.1015	1.2542	5.0938	4
92.65	4.1019	1.3234	5.0817	4
92.7	4.1025	1.1225	5.0896	4
92.75	4.1033	1.1339	5.0735	4
92.8	4.1037	1.3319	5.0714	4
92.85	4.1039	1.3943	5.0871	4
92.9	4.1047	1.0495	5.0921	4
92.95	4.1052	1.4337	5.1011	4
93	4.1056	1.1268	5.1096	4
93.05	4.1064	1.0778	5.105	4
93.1	4.1066	1.518	5.0974	4
93.15	4.1064	1.5146	5.0876	4
93.2	4.107	1.1656	5.0873	4
93.25	4.1071	1.5463	5.094	4
93.3	4.107	1.5536	5.1174	4
93.35	4.1072	1.2968	5.1431	4
93.4	4.1072	1.5498	5.1415	4
93.45	4.1072	1.491	5.1285	4
93.5	4.1075	1.237	5.1142	4
93.55	4.1075	1.7815	5.121	4
93.6	4.107	1.4575	5.1278	4
93.65	4.107	1.3995	5.1334	4
93.7	4.1071	1.549	5.1403	4
93.75	4.1067	1.5491	5.1526	4
93.8	4.1068	1.3866	5.1348	4
93.85	4.107	1.5041	5.1294	4
93.9	4.1066	1.5676	5.1337	4
93.95	4.1061	1.6253	5.1182	4
94	4.1061	1.2437	5.1064	4
94.05	4.1064	1.6657	5.1044	4
94.1	4.1056	1.803	5.1109	4
94.15	4.1056	1.2938	5.1363	4
94.2	4.1062	1.3975	5.1408	4
94.25	4.1055	1.9378	5.1313	4
94.3	4.1053	1.2951	5.1241	4
94.35	4.1053	1.6105	5.1174	4
94.4	4.1043	1.9769	5.1126	4
94.45	4.1038	1.6398	5.0962	4
94.5	4.1039	1.3513	5.1282	4
94.55	4.1037	1.8231	5.1332	4
94.6	4.1029	1.7851	5.119	4
94.65	4.1025	1.6599	5.1172	4
94.7	4.102	1.6273	5.1062	4
94.75	4.1012	1.9034	5.1023	4
94.8	4.1008	1.6585	5.1084	4
94.85	4.1004	1.5881	5.1153	4
94.9	4.0997	1.896	5.124	4
94.95	4.0991	1.6904	5.1138	4
95	4.0988	1.5797	5.0955	4
95.05	4.0982	1.965	5.0908	4
95.1	4.0978	1.5885	5.0996	4
95.15	4.0972	1.9747	5.126	4
95.2	4.0966	1.5268	5.1436	4
95.25	4.0963	1.6636	5.1313	4
95.3	4.0959	1.7688	5.1084	4
95.35	4.0957	1.5663	5.0984	4
95.4	4.0955	1.6031	5.1051	4
95.45	4.0948	1.7974	5.1177	4
95.5	4.0943	1.5464	5.1258	4
95.55	4.0942	1.5106	5.1119	4
95.6	4.0934	1.9073	5.089	4
95.65	4.0928	1.7197	5.0922	4
95.7	4.0931	1.3186	5.0884	4
95.75	4.0926	1.8672	5.0873	4
95.8	4.0919	1.4548	5.1005	4
95.85	4.0922	1.4663	5.1062	4
95.9	4.092	1.7617	5.1168	4
95.95	4.0913	1.6096	5.1148	4
96	4.091	1.4164	5.0944	4
96.05	4.0913	1.3329	5.0968	4
96.1	4.0911	1.6513	5.0878	4
96.15	4.0914	1.3436	5.0815	4
96.2	4.0915	1.5976	5.0859	4
96.25	4.091	1.8254	5.087	4
96.3	4.0905	1.597	5.1023	4
96.35	4.0902	1.5571	5.0918	4
96.4	4.0893	1.9261	5.1046	4
96.45	4.0887	1.5638	5.1067	4
96.5	4.0887	1.5227	5.0872	4
96.55	4.0882	1.7508	5.0984	4
96.6	4.0876	1.8354	5.1072	4
96.65	4.0873	1.4735	5.1168	4
96.7	4.0868	1.8466	5.1177	4
96.75	4.0864	1.7135	5.0928	4
96.8	4.0861	1.5618	5.0839	4
96.85	4.0858	1.4612	5.0884	4
96.9	4.085	2.0002	5.0923	4
96.95	4.0842	1.5124	5.0796	4
97	4.0843	1.5631	5.0679	4
97.05	4.0837	1.7766	5.0817	4
97.1	4.0831	1.6988	5.0841	4
97.15	4.0829	1.4536	5.1008	4
97.2	4.0829	1.8155	5.0963	4
97.25	4.0821	1.8761	5.0896	4
97.3	4.0815	1.5247	5.1073	4
97.35	4.0812	1.6988	5.1009	4
97.4	4.0801	1.8804	5.0952	4
97.45	4.0795	1.6459	5.1029	4
97.5	4.0794	1.5653	5.0942	4
97.55	4.0786	1.8816	5.1053	4
97.6	4.0781	1.7053	5.1124	4
97.65	4.0778	1.5067	5.0858	4
97.7	4.0771	1.9001	5.0919	4
97.75	4.0766	1.704	5.0934	4
97.8	4.0762	1.7096	5.0728	4
97.85	4.0756	1.7265	5.07	4
97.9	4.0747	1.8493	5.077	4
97.95	4.0744	1.6487	5.084	4
98	4.0743	1.6596	5.0797	4
98.05	4.0733	1.9936	5.065	4
98.1	4.0726	1.6035	5.0708	4
98.15	4.0722	1.5683	5.0965	4
98.2	4.0714	2.1442	5.1087	4
98.25	4.0709	1.427	5.0937	4
98.3	4.0706	1.6286	5.0861	4
98.35	4.0697	1.8979	5.0918	4
98.4	4.0688	1.7409	5.0646	4
98.45	4.0686	1.6305	5.052	4
98.5	4.068	1.8892	5.0404	4
98.55	4.0666	1.8956	5.0538	4
98.6	4.0665	1.4902	5.0829	4
98.65	4.0655	1.9095	5.086	4
98.7	4.0645	1.9575	5.1023	4
98.75	4.0641	1.7685	5.1071	4
98.8	4.0635	1.5987	5.0893	4
98.85	4.0627	1.942	5.0876	4
98.9	4.0619	1.7646	5.088	4
98.95	4.0617	1.576	5.0765	4
99	4.0612	1.7807	5.0542	4
99.05	4.0603	1.7077	5.0466	4
99.1	4.0599	1.6777	5.0588	4
99.15	4.0598	1.5499	5.0458	4
99.2	4.0595	1.6296	5.0529	4
99.25	4.0592	1.7252	5.0703	4
99.3	4.0586	1.7352	5.072	4
99.35	4.0578	1.8447	5.0802	4
99.4	4.0573	1.5884	5.0749	4
99.45	4.0567	1.7527	5.0709	4
99.5	4.056	1.7068	5.0814	4
99.55	4.0554	1.7292	5.0853	4
99.6	4.0548	1.8313	5.0824	4
99.65	4.0543	1.7236	5.0608	4
99.7	4.0535	1.8019	5.0474	4
99.75	4.0529	1.8144	5.055	4
99.8	4.0521	1.7797	5.0728	4
99.85	4.0515	1.7732	5.1034	4
99.9	4.0515	1.6314	5.0974	4
99.95	4.0501	2.2033	5.0676	4
100	4.0496	1.5791	5.055	4
100.05	4.0487	1.8798	5.0539	4
100.1	4.0479	2.1386	5.0707	4
100.15	4.0472	1.5864	5.0663	4
100.2	4.0467	1.7196	5.0422	4
100.25	4.0459	1.9172	5.0429	4
100.3	4.0453	1.6548	5.0561	4
100.35	4.0452	1.6524	5.0542	4
100.4	4.0446	1.7704	5.0451	4
100.45	4.0436	1.8405	5.0548	4
100.5	4.0433	1.4873	5.0711	4
100.55	4.0425	1.8608	5.0664	4
100.6	4.0418	1.6634	5.065	4
100.65	4.0415	1.6042	5.0562	4
100.7	4.0413	1.6387	5.062	4
100.75	4.0406	1.7455	5.0743	4
100.8	4.0403	1.4324	5.0704	4
100.85	4.0403	1.7666	5.0735	4
100.9	4.0391	1.8026	5.0772	4
100.95	4.0391	1.4361	5.0703	4
101	4.0389	1.5914	5.0751	4
101.05	4.0381	1.879	5.0663	4
101.1	4.0381	1.202	5.0585	4
101.15	4.0385	1.64	5.0575	4
101.2	4.038	1.5398	5.057	4
101.25	4.0375	1.6807	5.0621	4
101.3	4.0377	1.2489	5.064	4
101.35	4.0375	1.7876	5.0598	4
101.4	4.0367	1.5647	5.0682	4
101.45	4.0371	1.2734	5.0739	4
101.5	4.0367	1.7333	5.0622	4
101.55	4.0365	1.5571	5.0662	4
101.6	4.0364	1.434	5.0705	4
101.65	4.0366	1.5335	5.0759	4
101.7	4.036	1.7005	5.0813	4
101.75	4.0361	1.3946	5.0724	4
101.8	4.0363	1.3515	5.0752	4
101.85	4.0363	1.608	5.0723	4
101.9	4.0356	1.5339	5.0695	4
101.95	4.0358	1.1935	5.0623	4
102	4.0355	1.692	5.0792	4
102.05	4.0358	1.1064	5.0903	4
102.1	4.036	1.6363	5.0639	4
102.15	4.0362	1.3314	5.0618	4
102.2	4.0361	1.6021	5.0537	4
102.25	4.0365	1.2347	5.0571	4
102.3	4.0364	1.6506	5.0669	4
102.35	4.0363	1.4492	5.0695	4
102.4	4.0365	1.3994	5.0819	4
102.45	4.0368	1.3526	5.0806	4
102.5	4.0362	1.7847	5.0897	4
102.55	4.0366	1.1049	5.1018	4
102.6	4.0368	1.5062	5.0932	4
102.65	4.0366	1.4825	5.0746	4
102.7	4.0367	1.4118	5.0832	4
102.75	4.0367	1.3013	5.0906	4
102.8	4.0368	1.5372	5.0698	4
102.85	4.0371	1.3302	5.0518	4
102.9	4.0373	1.3956	5.072	4
102.95	4.0373	1.3977	5.0903	4
103	4.0371	1.555	5.0866	4
103.05	4.0375	1.0389	5.0817	4
103.1	4.0383	1.5019	5.0771	4
103.15	4.038	1.5756	5.0741	4
103.2	4.038	1.342	5.0628	4
103.25	4.0386	1.2026	5.0671	4
103.3	4.0387	1.5565	5.0889	4
103.35	4.0388	1.3349	5.0901	4
103.4	4.0396	1.2587	5.0833	4
103.45	4.0395	1.5944	5.0819	4
103.5	4.0394	1.2445	5.0861	4
103.55	4.0397	1.3344	5.0932	4
103.6	4.0398	1.4918	5.0781	4
103.65	4.0399	1.3758	5.0761	4
103.7	4.0407	1.2019	5.093	4
103.75	4.0407	1.6763	5.0953	4
103.8	4.0408	1.1082	5.0891	4
103.85	4.0413	1.2989	5.0664	4
103.9	4.0414	1.444	5.0618	4
103.95	4.0415	1.4368	5.0725	4
104	4.042	1.1825	5.0668	4
104.05	4.0422	1.3704	5.0653	4
104.1	4.0425	1.3109	5.0561	4
104.15	4.0424	1.3672	5.0627	4
104.2	4.0426	1.3526	5.0878	4
104.25	4.0431	1.1961	5.0881	4
104.3	4.0437	1.3856	5.073	4
104.35	4.044	1.1427	5.0634	4
104.4	4.0445	1.4364	5.0583	4
104.45	4.0449	1.0753	5.0711	4
104.5	4.0457	1.1538	5.0693	4
104.55	4.0462	1.4972	5.0829	4
104.6	4.0462	1.3713	5.0976	4
104.65	4.0467	1.2814	5.0829	4
104.7	4.0473	1.1436	5.0885	4
104.75	4.0474	1.3525	5.0957	4
104.8	4.0476	1.1311	5.0868	4
104.85	4.0484	1.2118	5.0881	4
104.9	4.049	1.2055	5.0789	4
104.95	4.0493	1.3369	5.069	4
105	4.0502	0.8251	5.07	4
105.05	4.051	1.2381	5.0882	4
105.1	4.0513	1.1487	5.0941	4
105.15	4.0527	0.9727	5.0764	4
105.2	4.0533	1.2063	5.1038	4
105.25	4.0536	1.2441	5.1191	4
105.3	4.0547	0.7489	5.1099	4
105.35	4.0557	1.2038	5.1099	4
105.4	4.0566	0.9204	5.0993	4
105.45	4.0576	1.016	5.0993	4
105.5	4.0582	1.0196	5.0943	4
105.55	4.0596	0.9482	5.1119	4
105.6	4.0607	0.9634	5.1282	4
105.65	4.0618	1.0099	5.1284	4
105.7	4.0626	0.8792	5.12	4
105.75	4.0639	1.031	5.1209	4
105.8	4.065	0.7892	5.127	4
105.85	4.0659	1.1533	5.1277	4
105.9	4.0671	0.6717	5.1143	4
105.95	4.0693	0.7208	5.1084	4
106	4.0704	1.014	5.1095	4
106.05	4.0715	0.7372	5.1208	4
106.1	4.0734	0.6338	5.1202	4
106.15	4.0746	0.9942	5.1088	4
106.2	4.076	0.5582	5.1015	4
106.25	4.0784	0.5215	5.1173	4
106.3	4.0798	0.773	5.1227	4
106.35	4.0816	0.6024	5.1202	4
106.4	4.0835	0.4314	5.1093	4
106.45	4.0853	0.8595	5.1058	4
106.5	4.087	0.4523	5.1201	4
106.55	4.0893	0.5216	5.1223	4
106.6	4.0911	0.5943	5.1153	4
106.65	4.093	0.4251	5.1019	4
106.7	4.0951	0.4502	5.0957	4
106.75	4.0973	0.3785	5.1136	4
106.8	4.0992	0.6149	5.1107	4
106.85	4.1018	0.1961	5.1051	4
106.9	4.1041	0.3297	5.1001	4
106.95	4.1061	0.6679	5.1116	4
107	4.1084	0.2408	5.1205	4
107.05	4.1109	0.3288	5.1134	4
107.1	4.113	0.7722	5.1151	4
107.15	4.1154	0.0114	5.1113	4
107.2	4.1178	0.5709	5.1082	4
107.25	4.12	0.4061	5.121	4
107.3	4.1217	0.4719	5.1288	4
107.35	4.1241	0.3711	5.136	4
107.4	4.1264	0.564	5.1283	4
107.45	4.1282	0.5581	5.1046	4
107.5	4.1304	0.5016	5.0822	4
107.55	4.1328	0.3024	5.1024	4
107.6	4.1345	0.6825	5.1198	4
107.65	4.1362	0.6189	5.131	4
107.7	4.1383	0.4174	5.1313	4
107.75	4.1404	0.5195	5.1305	4
107.8	4.1417	0.8093	5.125	4
107.85	4.1437	0.3991	5.1124	4
107.9	4.1459	0.5854	5.1027	4
107.95	4.1476	0.6309	5.1063	4
108	4.1492	0.5467	5.1288	4
108.05	4.1513	0.6016	5.1377	4
108.1	4.1533	0.7274	5.1414	4
108.15	4.1554	0.4493	5.1413	4
108.2	4.1571	0.745	5.1263	4
108.25	4.159	0.5672	5.1158	4
108.3	4.1606	0.7352	5.1114	4
108.35	4.1628	0.491	5.0941	4
108.4	4.1645	0.621	5.0717	4
108.45	4.1662	0.6319	5.0764	4
108.5	4.168	0.6234	5.0783	4
108.55	4.1701	0.4602	5.0881	4
108.6	4.1722	0.6658	5.107	4
108.65	4.174	0.4729	5.1165	4
108.7	4.1761	0.6711	5.1119	4
108.75	4.1779	0.5453	5.0904	4
108.8	4.1799	0.7996	5.1025	4
108.85	4.1819	0.3347	5.1196	4
108.9	4.1834	0.9679	5.1095	4
108.95	4.1848	0.4503	5.1095	4
109	4.1866	0.7626	5.0894	4
109.05	4.1884	0.5578	5.1046	4
109.1	4.1903	0.7126	5.107	4
109.15	4.1924	0.3583	5.1024	4
109.2	4.1943	0.904	5.1028	4
109.25	4.1955	0.8686	5.1028	4
109.3	4.1979	0.3619	5.0856	4
109.35	4.1997	0.73	5.0694	4
109.4	4.2008	0.9119	5.0742	4
109.45	4.2024	0.5158	5.0767	4
109.5	4.2046	0.6026	5.0923	4
109.55	4.2061	0.7869	5.1024	4
109.6	4.2078	0.8428	5.1032	4
109.65	4.2096	0.4867	5.0988	4
109.7	4.2115	0.87	5.0962	4
109.75	4.2122	0.9089	5.0846	4
109.8	4.2142	0.5479	5.1009	4
109.85	4.2159	0.9238	5.1168	4
109.9	4.2172	0.8403	5.1241	4
109.95	4.2186	0.5854	5.1276	4
110	4.2205	0.8916	5.1047	4
110.05	4.2213	0.8805	5.0952	4
110.1	4.2234	0.502	5.103	4
110.15	4.2253	0.6721	5.1056	4
110.2	4.2271	0.7862	5.1078	4
110.25	4.2285	0.7639	5.1061	4
110.3	4.2307	0.5178	5.1164	4
110.35	4.2321	1.0968	5.1133	4
110.4	4.2336	0.5747	5.094	4
110.45	4.2357	0.6585	5.1113	4
110.5	4.2367	1.0229	5.117	4
110.55	4.2376	0.8401	5.1036	4
110.6	4.2399	0.2833	5.0929	4
110.65	4.2417	0.768	5.0858	4
110.7	4.2433	0.809	5.0989	4
110.75	4.2447	0.6471	5.0901	4
110.8	4.2467	0.5446	5.0889	4
110.85	4.248	0.9577	5.1007	4
110.9	4.2495	0.609	5.1018	4
110.95	4.2519	0.5459	5.0976	4
111	4.2533	0.9366	5.0966	4
111.05	4.2547	0.8113	5.0957	4
111.1	4.2563	0.6232	5.1081	4
111.15	4.2578	0.902	5.1014	4
111.2	4.2591	0.7318	5.1105	4
111.25	4.2607	0.861	5.1059	4
111.3	4.2619	0.7626	5.0923	4
111.35	4.2637	0.8183	5.0988	4
111.4	4.265	0.7302	5.0829	4
111.45	4.2665	0.881	5.0913	4
111.5	4.2675	0.9237	5.0999	4
111.55	4.2692	0.8199	5.0989	4
111.6	4.2708	0.7199	5.1067	4
111.65	4.2723	0.9536	5.1127	4
111.7	4.2735	0.7654	5.1195	4
111.75	4.2749	0.9222	5.1086	4
111.8	4.2759	0.9251	5.1074	4
111.85	4.2774	0.7778	5.1092	4
111.9	4.2786	1.141	5.0947	4
111.95	4.28	0.7997	5.0774	4
112	4.2811	0.9963	5.0952	4
112.05	4.2823	1.0046	5.1218	4
112.1	4.2833	0.9819	5.1253	4
112.15	4.285	0.9096	5.1396	4
112.2	4.2861	0.8849	5.1325	4
112.25	4.2873	1.0515	5.1349	4
112.3	4.2882	1.0072	5.1219	4
112.35	4.2897	0.8255	5.1144	4
112.4	4.2901	1.4069	5.1147	4
112.45	4.2909	0.898	5.099	4
112.5	4.2921	1.2116	5.1061	4
112.55	4.2928	1.0746	5.1123	4
112.6	4.2933	1.147	5.1189	4
112.65	4.2947	0.8513	5.1131	4
112.7	4.2953	1.395	5.1012	4
112.75	4.2964	0.6816	5.0941	4
112.8	4.2981	1.0458	5.1009	4
112.85	4.2988	0.9354	5.1057	4
112.9	4.2994	1.2941	5.0915	4
112.95	4.3006	0.6345	5.0921	4
113	4.3021	1.1683	5.0959	4
113.05	4.303	0.9084	5.0851	4
113.1	4.3046	0.7657	5.0981	4
113.15	4.3059	0.992	5.1089	4
113.2	4.3066	1.2172	5.1062	4
113.25	4.3077	0.6886	5.1121	4
113.3	4.3091	1.0279	5.1063	4
113.35	4.3097	1.2827	5.1012	4
113.4	4.3111	0.6366	5.098	4
113.45	4.3127	0.9109	5.0899	4
113.5	4.3134	1.3561	5.0996	4
113.55	4.3141	0.7837	5.1014	4
113.6	4.3161	0.7621	5.0943	4
113.65	4.3164	1.4451	5.0867	4
113.7	4.3172	0.8961	5.082	4
113.75	4.3193	0.4912	5.0916	4
113.8	4.3204	1.3809	5.0959	4
113.85	4.3206	1.1297	5.1093	4
113.9	4.3223	0.728	5.0973	4
113.95	4.3235	0.9595	5.0825	4
114	4.324	1.3613	5.084	4
114.05	4.325	0.8641	5.0754	4
114.1	4.3267	0.852	5.075	4
114.15	4.3273	1.3507	5.0831	4
114.2	4.3282	0.878	5.0811	4
114.25	4.3299	0.7608	5.0897	4
114.3	4.3307	1.3029	5.0864	4
114.35	4.3315	0.8623	5.0906	4
114.4	4.333	0.8547	5.0986	4
114.45	4.3341	1.1038	5.0789	4
114.5	4.3346	1.2844	5.0788	4
114.55	4.336	0.5799	5.1014	4
114.6	4.337	1.2802	5.0912	4
114.65	4.3371	1.2792	5.0874	4
114.7	4.3386	0.5698	5.0922	4
114.75	4.34	1.1913	5.0944	4
114.8	4.3403	1.35	5.0997	4
114.85	4.341	0.8961	5.0856	4
114.9	4.3425	0.9668	5.1013	4
114.95	4.3429	1.4313	5.1123	4
115	4.3433	1.2437	5.088	4
115.05	4.3445	0.8227	5.0935	4
115.1	4.3456	1.1812	5.1077	4
115.15	4.3455	1.5276	5.1084	4
115.2	4.3468	0.6398	5.0829	4
115.25	4.3479	1.4817	5.0737	4
115.3	4.3479	1.3763	5.0812	4
115.35	4.3483	1.1144	5.0763	4
115.4	4.3496	1.0422	5.0834	4
115.45	4.35	1.4883	5.0863	4
115.5	4.3499	1.4143	5.0835	4
115.55	4.3511	0.8558	5.0854	4
115.6	4.3519	1.3068	5.0905	4
115.65	4.3518	1.6608	5.0881	4
115.7	4.3529	0.7302	5.0864	4
115.75	4.3534	1.6382	5.0819	4
115.8	4.3534	1.2314	5.0859	4
115.85	4.3534	1.629	5.0901	4
115.9	4.3541	0.9898	5.0887	4
115.95	4.355	1.3656	5.0904	4
116	4.3551	1.4658	5.0934	4
116.05	4.3555	1.1815	5.1043	4
116.1	4.3564	1.1755	5.0964	4
116.15	4.3568	1.2775	5.0986	4
116.2	4.357	1.37	5.0845	4
116.25	4.3576	1.2457	5.0722	4
116.3	4.3587	1.0808	5.0701	4
116.35	4.3588	1.6341	5.0731	4
116.4	4.3589	1.0186	5.082	4
116.45	4.3602	1.0103	5.087	4
116.5	4.3603	1.7204	5.0729	4
116.55	4.3599	1.2956	5.0801	4
116.6	4.3609	0.9939	5.0772	4
116.65	4.3618	1.4059	5.0634	4
116.7	4.3618	1.4377	5.0646	4
116.75	4.3619	1.2311	5.0728	4
116.8	4.3626	1.0625	5.0998	4
116.85	4.3632	1.6501	5.1152	4
116.9	4.3633	1.3395	5.0864	4
116.95	4.364	1.1595	5.0741	4
117	4.3642	1.5857	5.0609	4
117.05	4.3639	1.6499	5.0684	4
117.1	4.3646	1.1257	5.0836	4
117.15	4.3648	1.5385	5.0645	4
117.2	4.3642	1.6906	5.0632	4
117.25	4.3644	1.2256	5.0659	4
117.3	4.3647	1.6713	5.0706	4
117.35	4.3641	1.8407	5.0697	4
117.4	4.364	1.3534	5.0564	4
117.45	4.3641	1.6437	5.0543	4
117.5	4.3637	1.6485	5.0631	4
117.55	4.3629	1.9236	5.0851	4
117.6	4.3628	1.3148	5.0767	4
117.65	4.3632	1.5673	5.0567	4
117.7	4.3626	1.9208	5.0676	4
117.75	4.3622	1.4427	5.0818	4
117.8	4.3622	1.6421	5.0776	4
117.85	4.3614	1.9249	5.0781	4
117.9	4.361	1.5719	5.0773	4
117.95	4.3611	1.4025	5.0881	4
118	4.36	2.3243	5.091	4
118.05	4.36	1.0318	5.0794	4
118.1	4.3614	1.3138	5.0891	4
118.15	4.3597	2.4226	5.0881	4
118.2	4.3585	1.7375	5.0971	4
118.25	4.3596	0.9441	5.0999	4
118.3	4.3592	2.2671	5.0908	4
118.35	4.3573	2.2368	5.0883	4
118.4	4.3576	0.9804	5.0918	4
118.45	4.3581	1.6639	5.1078	4
118.5	4.356	2.7202	5.1156	4
118.55	4.3555	0.9005	5.097	4
118.6	4.3569	1.4316	5.0807	4
118.65	4.3545	2.6516	5.0766	4
118.7	4.3538	1.3633	5.0773	4
118.75	4.3548	1.447	5.0956	4
118.8	4.3535	2.3804	5.1023	4
118.85	4.3522	1.6225	5.1002	4
118.9	4.3525	1.5071	5.0952	4
118.95	4.3518	1.9788	5.097	4
119	4.3506	2.3036	5.0942	4
119.05	4.3497	1.5287	5.0768	4
119.1	4.3494	1.7981	5.0796	4
119.15	4.348	2.2168	5.0956	4
119.2	4.347	1.7426	5.0994	4
119.25	4.3467	1.9805	5.0851	4
119.3	4.3458	1.7152	5.0764	4
119.35	4.345	2.0124	5.0774	4
119.4	4.3443	1.6673	5.0693	4
119.45	4.3435	2.0417	5.0757	4
119.5	4.3423	2.1953	5.0755	4
119.55	4.3413	1.6505	5.0676	4
119.6	4.341	1.9275	5.0744	4
119.65	4.34	2.1807	5.0722	4
119.7	4.3388	1.6582	5.0771	4
119.75	4.3386	1.8216	5.075	4
119.8	4.3376	2.1372	5.0716	4
119.85	4.3362	2.1337	5.0874	4
119.9	4.3356	1.6459	5.0862	4
119.95	4.3341	2.3801	5.0595	4
120	4.333	1.8229	5.0596	4
120.05	4.3322	1.8788	5.0638	4
120.1	4.3316	1.8756	5.0541	4
120.15	4.3304	2.316	5.0397	4
120.2	4.3297	1.4429	5.0416	4
120.25	4.3288	2.127	5.0727	4
120.3	4.3276	1.8314	5.0914	4
120.35	4.3271	1.8609	5.0748	4
120.4	4.3269	1.6353	5.0646	4
120.45	4.326	2.1252	5.0552	4
120.5	4.3254	1.5657	5.0729	4
120.55	4.3254	1.4435	5.079	4
120.6	4.3243	2.2458	5.0716	4
120.65	4.3235	1.6072	5.0738	4
120.7	4.3238	1.2509	5.0565	4
120.75	4.3234	2.1534	5.0519	4
120.8	4.3221	1.7347	5.0649	4
120.85	4.3224	1.5471	5.0634	4
120.9	4.322	1.7323	5.0562	4
120.95	4.321	2.061	5.0624	4
121	4.3206	1.5345	5.062	4
121.05	4.3205	1.6984	5.0644	4
121.1	4.3197	1.9017	5.0694	4
121.15	4.3192	1.6082	5.0659	4
121.2	4.3187	1.8673	5.0576	4
121.25	4.3182	1.6112	5.0515	4
121.3	4.3175	2.0036	5.0619	4
121.35	4.3177	1.4002	5.0627	4
121.4	4.3167	1.9491	5.0492	4
121.45	4.3156	1.9544	5.0526	4
121.5	4.3153	1.4219	5.0558	4
121.55	4.3152	1.9829	5.0702	4
121.6	4.314	1.9349	5.0727	4
121.65	4.3137	1.3788	5.0818	4
121.7	4.314	1.6479	5.0751	4
121.75	4.3129	2.0233	5.0771	4
121.8	4.312	1.7076	5.0913	4
121.85	4.3125	1.3611	5.0686	4
121.9	4.3117	2.1038	5.0822	4
121.95	4.3107	1.8972	5.0859	4
122	4.3101	1.5148	5.0666	4
122.05	4.3096	1.8041	5.0557	4
122.1	4.3086	1.9701	5.0658	4
122.15	4.308	1.6872	5.0691	4
122.2	4.3076	1.8106	5.0632	4
122.25	4.3064	1.9975	5.0707	4
122.3	4.3054	1.9073	5.0728	4
122.35	4.305	1.6994	5.0472	4
122.4	4.304	2.1575	5.0507	4
122.45	4.3031	1.8273	5.0588	4
122.5	4.3022	1.8408	5.0482	4
122.55	4.3013	2.0384	5.0598	4
122.6	4.3002	1.9847	5.0757	4
122.65	4.2993	1.9559	5.0892	4
122.7	4.2983	1.845	5.0738	4
122.75	4.2972	2.0566	5.0666	4
122.8	4.2961	2.0937	5.0669	4
122.85	4.2953	1.7221	5.0637	4
122.9	4.2942	2.3742	5.0785	4
122.95	4.2927	1.8901	5.0802	4
123	4.2919	2.1097	5.063	4
123.05	4.2906	2.0514	5.0592	4
123.1	4.2894	2.1557	5.0806	4
123.15	4.2881	1.9395	5.0853	4
123.2	4.2874	1.994	5.0874	4
123.25	4.2861	2.0689	5.09	4
123.3	4.2847	2.302	5.08	4
123.35	4.2831	1.9347	5.0705	4
123.4	4.2827	1.7377	5.0625	4
123.45	4.2808	2.6164	5.0606	4
123.5	4.2801	1.7161	5.0537	4
123.55	4.2794	1.8552	5.0604	4
123.6	4.2787	2.1456	5.0616	4
123.65	4.2764	2.213	5.0497	4
123.7	4.2755	1.7193	5.0563	4
123.75	4.2746	2.2013	5.0634	4
123.8	4.2725	2.5874	5.0746	4
123.85	4.2709	2.0659	5.0842	4
123.9	4.2707	1.7273	5.0796	4
123.95	4.2683	2.9975	5.0821	4
124	4.2666	1.7695	5.0867	4
124.05	4.2657	1.9591	5.0851	4
124.1	4.2646	2.3397	5.0775	4
124.15	4.2628	2.1275	5.0814	4
124.2	4.2626	1.5924	5.0931	4
124.25	4.2606	2.7308	5.0815	4
124.3	4.2589	1.9261	5.0737	4
124.35	4.2584	2.0543	5.0686	4
124.4	4.2574	1.6932	5.0579	4
124.45	4.2552	2.9817	5.0668	4
124.5	4.2539	1.4556	5.0557	4
124.55	4.2537	1.9621	5.0547	4
124.6	4.2519	2.4377	5.0662	4
124.65	4.2501	2.0846	5.0557	4
124.7	4.2493	1.8305	5.0577	4
124.75	4.248	2.5156	5.0641	4
124.8	4.2462	1.9762	5.0613	4
124.85	4.2455	1.9005	5.0662	4
124.9	4.2438	2.4193	5.0797	4
124.95	4.2418	2.2778	5.0726	4
125	4.2411	1.6968	5.0679	4
125.05	4.2399	2.2577	5.071	4
125.1	4.238	2.3234	5.0691	4
125.15	4.2374	1.715	5.0931	4
125.2	4.2365	2.1857	5.0999	4
125.25	4.2351	2.1387	5.0996	4
125.3	4.2341	1.7723	5.1031	4
125.35	4.2338	1.7673	5.0955	4
125.4	4.2323	2.2252	5.0829	4
125.45	4.2318	1.3989	5.0777	4
125.5	4.2315	1.9364	5.082	4
125.55	4.2301	2.0899	5.0762	4
125.6	4.229	1.6876	5.0904	4
125.65	4.2292	1.4766	5.0984	4
125.7	4.2283	1.9842	5.1027	4
125.75	4.2272	2.0186	5.0918	4
125.8	4.2271	1.4118	5.0827	4
125.85	4.227	1.7114	5.0983	4
125.9	4.2255	2.2938	5.1014	4
125.95	4.2255	1.1058	5.0936	4
126	4.2251	1.9236	5.0798	4
126.05	4.2238	1.964	5.0618	4
126.1	4.2236	1.1739	5.0661	4
126.15	4.224	1.8605	5.0725	4
126.2	4.2231	1.8527	5.0677	4
126.25	4.2229	1.4164	5.0684	4
126.3	4.2229	1.5827	5.0649	4
126.35	4.2218	1.9572	5.0733	4
126.4	4.2212	1.6629	5.0766	4
126.45	4.2219	1.0466	5.0697	4
126.5	4.2209	2.4029	5.0882	4
126.55	4.2196	1.6643	5.0979	4
126.6	4.2193	1.4279	5.0767	4
126.65	4.2192	1.9487	5.0551	4
126.7	4.2179	1.8782	5.0459	4
126.75	4.2174	1.6676	5.0589	4
126.8	4.2174	1.6833	5.0599	4
126.85	4.2157	2.3459	5.0493	4
126.9	4.215	1.8593	5.0557	4
126.95	4.2145	1.7228	5.0645	4
127	4.2129	2.3854	5.0726	4
127.05	4.2113	2.0065	5.0708	4
127.1	4.2104	1.8297	5.0719	4
127.15	4.2092	2.1364	5.0703	4
127.2	4.2082	2.0441	5.0788	4
127.25	4.2077	1.7112	5.0876	4
127.3	4.207	2.0256	5.0807	4
127.35	4.2059	1.8765	5.071	4
127.4	4.2057	1.676	5.0653	4
127.45	4.2048	1.9925	5.0619	4
127.5	4.2036	2.1371	5.0855	4
127.55	4.2029	1.5604	5.0835	4
127.6	4.2022	1.9751	5.0642	4
127.65	4.2015	1.8786	5.0666	4
127.7	4.2003	1.8781	5.077	4
127.75	4.2	1.4623	5.0773	4
127.8	4.1994	2.0782	5.0727	4
127.85	4.1985	1.6386	5.0535	4
127.9	4.1987	1.5705	5.0671	4
127.95	4.198	1.8229	5.0743	4
128	4.1968	1.9326	5.0659	4
128.05	4.1965	1.6393	5.0746	4
128.1	4.1967	1.5254	5.0806	4
128.15	4.1958	1.992	5.0778	4
128.2	4.195	1.7514	5.0725	4
128.25	4.1948	1.4698	5.0713	4
128.3	4.1944	1.714	5.0735	4
128.35	4.194	1.8211	5.0812	4
128.4	4.1935	1.7111	5.0935	4
128.45	4.1931	1.8807	5.0876	4
128.5	4.1924	1.7046	5.0662	4
128.55	4.1919	1.6519	5.0711	4
128.6	4.1913	1.8692	5.0688	4
128.65	4.1903	1.8628	5.0598	4
128.7	4.1898	1.5737	5.0689	4
128.75	4.1888	2.051	5.053	4
128.8	4.1875	2.133	5.0497	4
128.85	4.1871	1.3159	5.0432	4
128.9	4.1865	2.1684	5.054	4
128.95	4.1853	1.8391	5.0698	4
129	4.1845	1.9267	5.0695	4
129.05	4.1838	1.7553	5.0684	4
129.1	4.1832	2.0788	5.0683	4
129.15	4.1818	1.8871	5.0792	4
129.2	4.1813	1.7241	5.0897	4
129.25	4.1811	1.7706	5.0794	4
129.3	4.1796	2.504	5.0719	4
129.35	4.1788	1.4054	5.0654	4
129.4	4.1789	1.7542	5.0553	4
129.45	4.177	2.3996	5.0647	4
129.5	4.1761	1.8749	5.0569	4
129.55	4.1759	1.6251	5.0619	4
129.6	4.1751	2.0657	5.0648	4
129.65	4.1732	2.4049	5.0649	4
129.7	4.1726	1.5425	5.0745	4
129.75	4.1719	2.1393	5.0561	4
129.8	4.1701	2.1677	5.0428	4
129.85	4.169	1.8285	5.0355	4
129.9	4.1682	1.9252	5.0315	4
129.95	4.1665	2.3049	5.0528	4
130	4.1659	1.5473	5.055	4
130.05	4.165	2.2229	5.0598	4
130.1	4.1638	1.9546	5.0664	4
130.15	4.1629	1.8555	5.0649	4
130.2	4.1626	1.57	5.0744	4
130.25	4.1611	2.6625	5.0847	4
130.3	4.1599	1.4854	5.0898	4
130.35	4.1596	2.1162	5.0918	4
130.4	4.1584	1.9318	5.0808	4
130.45	4.1567	2.0887	5.0737	4
130.5	4.1565	1.6259	5.0684	4
130.55	4.1548	2.3432	5.0698	4
130.6	4.1532	2.0582	5.0757	4
130.65	4.1529	1.6984	5.083	4
130.7	4.1518	2.0248	5.1054	4
130.75	4.1505	2.3465	5.1107	4
130.8	4.1495	1.4395	5.0995	4
130.85	4.1489	2.4369	5.0946	4
130.9	4.1474	1.7367	5.1108	4
130.95	4.1463	2.1392	5.1059	4
131	4.1455	1.6935	5.0975	4
131.05	4.1441	2.4873	5.1037	4
131.1	4.1433	1.7479	5.1057	4
131.15	4.1426	1.7083	5.1178	4
131.2	4.1411	2.3605	5.1333	4
131.25	4.1403	1.7138	5.1352	4
131.3	4.1394	1.9125	5.1201	4
131.35	4.1387	2.3155	5.1149	4
131.4	4.137	1.7649	5.1016	4
131.45	4.1366	1.9265	5.1109	4
131.5	4.1348	2.3648	5.133	4
131.55	4.1337	1.7379	5.1237	4
131.6	4.1339	1.4819	5.1084	4
131.65	4.1326	2.3427	5.1249	4
131.7	4.1318	1.6733	5.1415	4
131.75	4.1315	1.6203	5.1354	4
131.8	4.1304	2.2114	5.1235	4
131.85	4.1297	1.4313	5.1113	4
131.9	4.1289	2.246	5.1154	4
131.95	4.1286	1.6888	5.1218	4
132	4.1278	1.7248	5.1091	4
132.05	4.127	2.1729	5.0903	4
132.1	4.1257	1.7945	5.0941	4
132.15	4.1249	1.7076	5.1156	4
132.2	4.1243	2.121	5.1122	4
132.25	4.1229	1.7294	5.0947	4
132.3	4.1223	2.0983	5.0767	4
132.35	4.1214	1.6717	5.0812	4
132.4	4.1205	2.245	5.1004	4
132.45	4.12	1.3183	5.1042	4
132.5	4.1191	2.3407	5.1116	4
132.55	4.118	1.6273	5.1039	4
132.6	4.1167	2.2111	5.1009	4
132.65	4.1162	1.7324	5.1062	4
132.7	4.1154	1.7545	5.0915	4
132.75	4.1146	1.8306	5.1007	4
132.8	4.1138	1.9931	5.1104	4
132.85	4.1133	1.3931	5.0978	4
132.9	4.1129	2.0864	5.1005	4
132.95	4.1115	2.0285	5.0935	4
133	4.1107	1.8814	5.1099	4
133.05	4.1106	1.5506	5.105	4
133.1	4.1087	2.4207	5.0949	4
133.15	4.1082	1.3012	5.0943	4
133.2	4.1082	1.8237	5.0895	4
133.25	4.1067	2.3114	5.1038	4
133.3	4.1058	1.3501	5.1102	4
133.35	4.1058	1.7648	5.0989	4
133.4	4.1051	1.978	5.0937	4
133.45	4.1034	1.9389	5.0981	4
133.5	4.1039	1.2815	5.1013	4
133.55	4.1039	1.5632	5.0932	4
133.6	4.1021	2.798	5.0931	4
133.65	4.1023	0.811	5.1126	4
133.7	4.1029	1.5631	5.1048	4
133.75	4.1008	2.6503	5.0884	4
133.8	4.1003	0.9392	5.0643	4
133.85	4.1012	1.6086	5.074	4
133.9	4.1003	1.7789	5.0933	4
133.95	4.1002	1.5588	5.0788	4
134	4.1004	1.4273	5.0799	4
134.05	4.0997	1.8354	5.0789	4
134.1	4.1	1.3673	5.0782	4
134.15	4.1001	1.4497	5.0866	4
134.2	4.0991	2.1078	5.0823	4
134.25	4.0993	0.9727	5.089	4
134.3	4.0998	1.5027	5.095	4
134.35	4.0986	2.4273	5.0932	4
134.4	4.0977	1.1886	5.0867	4
134.45	4.0985	1.404	5.0909	4
134.5	4.098	1.8646	5.0916	4
134.55	4.0974	1.419	5.0916	4
134.6	4.0977	1.5884	5.0805	4
134.65	4.0976	1.4382	5.0819	4
134.7	4.0969	1.9354	5.0711	4
134.75	4.0964	1.2793	5.0567	4
134.8	4.0973	1.3335	5.0767	4
134.85	4.0971	1.8193	5.0931	4
134.9	4.0966	1.6408	5.0798	4
134.95	4.0974	1.0234	5.0875	4
135	4.0964	2.2175	5.1061	4
135.05	4.0956	1.4693	5.1138	4
135.1	4.0963	1.0735	5.0897	4
135.15	4.0963	1.9438	5.0737	4
135.2	4.0954	1.8823	5.0716	4
135.25	4.0955	1.0753	5.0811	4
135.3	4.0962	1.5154	5.0961	4
135.35	4.0946	2.0433	5.0993	4
135.4	4.0946	1.1901	5.1058	4
135.45	4.0953	1.3671	5.1211	4
135.5	4.0939	2.3083	5.1122	4
135.55	4.0944	0.9286	5.1033	4
135.6	4.0946	1.7585	5.1001	4
135.65	4.0938	1.6777	5.101	4
135.7	4.0939	1.3191	5.0954	4
135.75	4.0934	1.8105	5.1001	4
135.8	4.0934	1.444	5.101	4
135.85	4.0926	1.7276	5.0838	4
135.9	4.093	1.297	5.076	4
135.95	4.0932	1.4303	5.0731	4
136	4.0923	2.2106	5.0716	4
136.05	4.0923	1.0138	5.0766	4
136.1	4.0929	1.5143	5.0846	4
136.15	4.0917	2.2612	5.0864	4
136.2	4.0914	1.2304	5.0993	4
136.25	4.0919	1.6452	5.1118	4
136.3	4.0916	1.4992	5.1025	4
136.35	4.0911	1.7633	5.0987	4
136.4	4.091	1.3513	5.0919	4
136.45	4.0904	1.9215	5.0954	4
136.5	4.0905	1.273	5.0886	4
136.55	4.0903	1.8032	5.0871	4
136.6	4.0898	1.7795	5.1025	4
136.65	4.0893	1.4561	5.0967	4
136.7	4.0896	1.318	5.103	4
136.75	4.0891	2.0042	5.0995	4
136.8	4.0885	1.1578	5.086	4
136.85	4.089	1.8683	5.087	4
136.9	4.0889	1.2234	5.0963	4
136.95	4.0887	1.974	5.1062	4
137	4.0886	1.1496	5.1037	4
137.05	4.0889	1.6065	5.0996	4
137.1	4.0888	1.4371	5.1148	4
137.15	4.0888	1.6262	5.1073	4
137.2	4.0884	1.4355	5.1023	4
137.25	4.0882	1.7073	5.125	4
137.3	4.0879	1.4411	5.1286	4
137.35	4.0882	1.5864	5.1411	4
137.4	4.0871	1.7154	5.1325	4
137.45	4.088	1.239	5.143	4
137.5	4.0875	1.5313	5.1513	4
137.55	4.087	2.1739	5.1242	4
137.6	4.0864	1.1665	5.1112	4
137.65	4.087	1.603	5.1168	4
137.7	4.0867	1.5916	5.1235	4
137.75	4.0859	1.907	5.1212	4
137.8	4.0858	1.3103	5.114	4
137.85	4.0861	1.5856	5.1239	4
137.9	4.0858	1.5523	5.1192	4
137.95	4.0863	1.3942	5.1351	4
138	4.0848	2.133	5.132	4
138.05	4.0855	0.9395	5.145	4
138.1	4.0852	1.8424	5.1692	4
138.15	4.0843	1.8772	5.1572	4
138.2	4.0842	1.2321	5.1281	4
138.25	4.0845	1.5088	5.1407	4
138.3	4.0841	1.6802	5.149	4
138.35	4.0849	0.9572	5.1469	4
138.4	4.0846	1.9953	5.1327	4
138.45	4.0843	1.3471	5.1329	4
138.5	4.0846	1.4634	5.1682	4
138.55	4.0855	0.8605	5.1644	4
138.6	4.0852	2.0325	5.1432	4
138.65	4.0852	0.9822	5.1158	4
138.7	4.0866	1.2173	5.1068	4
138.75	4.0866	1.3867	5.138	4
138.8	4.0873	1.2053	5.1488	4
138.85	4.0876	1.1858	5.1484	4
138.9	4.0884	1.4469	5.1449	4
138.95	4.0887	0.7474	5.1374	4
139	4.0898	1.3608	5.1312	4
139.05	4.09	1.1236	5.1244	4
139.1	4.0904	1.4984	5.1261	4
139.15	4.0909	1.0596	5.1383	4
139.2	4.0923	0.9262	5.1306	4
139.25	4.0923	1.7131	5.152	4
139.3	4.0929	1.0644	5.1573	4
139.35	4.0937	0.855	5.1398	4
139.4	4.0948	1.5607	5.1459	4
139.45	4.0941	1.2822	5.1401	4
139.5	4.0953	1.0844	5.1292	4
139.55	4.0949	1.6682	5.1386	4
139.6	4.0951	1.1102	5.1252	4
139.65	4.0956	1.2692	5.132	4
139.7	4.0966	1.1834	5.1312	4
139.75	4.096	1.5763	5.1274	4
139.8	4.0974	1.036	5.138	4
139.85	4.098	1.3474	5.1494	4
139.9	4.0983	1.5135	5.1571	4
139.95	4.0978	1.507	5.1543	4
140	4.0986	0.9257	5.1458	4
140.05	4.0988	1.8289	5.1525	4
140.1	4.0983	1.4678	5.1524	4
140.15	4.0986	1.1483	5.162	4
140.2	4.0993	1.3104	5.1483	4
140.25	4.0987	1.7806	5.1459	4
140.3	4.0999	0.5467	5.15	4
140.35	4.1	2.1054	5.1398	4
140.4	4.0994	1.08	5.1515	4
140.45	4.1	1.6556	5.1545	4
140.5	4.0996	1.5146	5.1571	4
140.55	4.0998	1.5075	5.1552	4
140.6	4.1	1.4157	5.1521	4
140.65	4.0998	1.6942	5.1621	4
140.7	4.0997	1.2801	5.1719	4
140.75	4.1007	1.3568	5.1591	4
140.8	4.0994	1.7821	5.1443	4
140.85	4.1002	1.3999	5.1545	4
140.9	4.0999	1.4449	5.1498	4
140.95	4.0995	2.0406	5.145	4
141	4.0995	1.063	5.1403	4
141.05	4.1003	1.4157	5.1367	4
141.1	4.099	2.1432	5.1321	4
141.15	4.0991	1.0895	5.1412	4
141.2	4.0991	1.6116	5.1387	4
141.25	4.0992	1.4975	5.1235	4
141.3	4.0983	1.5549	5.1315	4
141.35	4.0994	1.4929	5.1444	4
141.4	4.0987	1.5902	5.1517	4
141.45	4.0994	1.5302	5.1555	4
141.5	4.098	1.6843	5.1335	4
141.55	4.0989	1.0484	5.1259	4
141.6	4.099	1.6978	5.126	4
141.65	4.0991	1.2914	5.1236	5
141.7	4.0989	1.6554	5.1287	5
141.75	4.0993	1.3876	5.1316	5
141.8	4.0987	1.8669	5.1288	5
141.85	4.0996	1.0012	5.1356	5
141.9	4.1068	1.8181	5.1252	5
141.95	4.1226	1.1922	5.1354	5
142	4.1462	1.8821	5.1284	5
142.05	4.1792	1.5413	5.1412	5
142.1	4.2202	2.1256	5.1503	5
142.15	4.2706	1.8596	5.1241	5
142.2	4.3294	1.8528	5.1262	5
142.25	4.396	2.6074	5.1306	5
142.3	4.4715	2.1551	5.14	5
142.35	4.5544	2.4232	5.1552	5
142.4	4.6443	3.4681	5.1465	5
142.45	4.7438	2.1755	5.1267	5
142.5	4.8491	3.6494	5.1258	5
142.55	4.9641	3.4302	5.145	5
142.6	5.0863	3.639	5.1476	5
142.65	5.2157	3.9772	5.142	5
142.7	5.3526	4.1955	5.1466	5
142.75	5.4968	4.7243	5.143	5
142.8	5.6482	4.5863	5.1432	5
142.85	5.8054	5.1665	5.1534	5
142.9	5.9704	5.5182	5.1601	5
142.95	6.1427	5.966	5.1534	5
143	6.3222	6.1526	5.141	5
143.05	6.5077	6.6138	5.152	5
143.1	6.6994	7.4973	5.1601	5
143.15	6.8991	7.0336	5.1426	5
143.2	7.1034	8.4487	5.1452	5
143.25	7.3153	8.2292	5.1494	5
143.3	7.5324	9.1801	5.1407	5
143.35	7.7559	9.7709	5.1479	5
143.4	7.9854	10.0478	5.1576	5
143.45	8.22	10.9116	5.1504	5
143.5	8.4602	11.8177	5.1364	5
143.55	8.7064	11.6504	5.1335	5
143.6	8.9568	13.9486	5.1485	6
143.65	9.2145	14.0083	5.1274	6
143.7	9.4764	15.5328	5.1174	6
143.75	9.743	17.2607	5.1206	6
143.8	10.0139	18.5353	5.1206	6
143.85	10.2836	20.3329	5.1376	6
143.9	10.5481	23.4856	5.1261	6
143.95	10.8107	25.3329	5.1154	6
144	11.0705	28.4597	5.1183	6
144.05	11.3286	31.8568	5.0946	6
144.1	11.5845	36.1783	5.0834	6
144.15	11.8375	40.8883	5.0995	6
144.2	12.087	46.0504	5.1246	6
144.25	12.3317	52.9857	5.1246	6
144.3	12.5719	60.5756	5.1207	6
144.35	12.8073	68.0226	5.1186	6
144.4	13.0362	77.5895	5.1084	6
144.45	13.2595	87.9978	5.1073	6
144.5	13.4771	98.5558	5.1208	6
144.55	13.6877	110.2871	5.1309	6
144.6	13.893	122.7251	5.1381	6
144.65	14.0922	136.458	5.1165	6
144.7	14.286	150.4204	5.1119	6
144.75	14.4725	166.1289	5.1102	6
144.8	14.6531	182.651	5.0911	6
144.85	14.8279	200.2449	5.1055	6
144.9	14.9976	217.9843	5.1065	6
144.95	15.1614	236.7483	5.1029	6
145	15.32	255.6748	5.1122	6
145.05	15.4736	274.821	5.1144	6
145.1	15.623	293.6458	5.1279	6
145.15	15.7676	312.6661	5.1521	6
145.2	15.9083	330.9988	5.1441	6
145.25	16.0446	349.0779	5.1349	6
145.3	16.1771	366.6831	5.136	6
145.35	16.305	384.1507	5.1357	6
145.4	16.4293	400.8952	5.1224	6
145.45	16.5496	418.0976	5.1194	6
145.5	16.6661	434.5833	5.123	6
145.55	16.7795	450.5424	5.1111	6
145.6	16.8898	466.2439	5.118	6
145.65	16.9968	481.4847	5.1421	6
145.7	17.1012	495.5603	5.1375	6
145.75	17.2018	510.1172	5.1361	6
145.8	17.2999	523.5776	5.1322	6
145.85	17.3952	536.433	5.1397	6
145.9	17.4875	548.3564	5.1473	6
145.95	17.5766	560.4575	5.1286	6
146	17.6632	571.5606	5.1202	6
146.05	17.7481	581.5779	5.1099	6
146.1	17.8303	591.9795	5.0943	6
146.15	17.9102	601.9507	5.0932	6
146.2	17.9883	610.4099	5.0945	6
146.25	18.0636	619.0111	5.0911	6
146.3	18.1365	627.6135	5.0973	6
146.35	18.2075	635.3896	5.1027	6
146.4	18.2769	642.7149	5.0956	6
146.45	18.3439	649.788	5.0829	6
146.5	18.4086	656.0799	5.0986	6
146.55	18.4713	662.2461	5.1081	6
146.6	18.5327	667.3709	5.116	6
146.65	18.5918	672.8562	5.1207	6
146.7	18.6489	678.2438	5.102	6
146.75	18.7052	682.1638	5.0884	6
146.8	18.7593	686.5222	5.0928	6
146.85	18.8115	690.8753	5.1061	6
146.9	18.863	694.0562	5.1141	6
146.95	18.9126	697.1587	5.1014	6
147	18.9607	700.215	5.0915	6
147.05	19.0067	703.3439	5.1009	6
147.1	19.0524	705.1703	5.1075	6
147.15	19.0962	707.3109	5.1025	6
147.2	19.138	709.993	5.1028	6
147.25	19.1796	711.2797	5.1152	6
147.3	19.2195	712.9802	5.1237	6
147.35	19.2579	714.4554	5.1108	6
147.4	19.2949	715.4655	5.0967	6
147.45	19.3315	715.379	5.0954	6
147.5	19.3665	716.6081	5.1049	6
147.55	19.4005	717.4166	5.1052	6
147.6	19.434	717.1154	5.1095	6
147.65	19.4658	717.6899	5.1059	6
147.7	19.4964	718.0574	5.0942	6
147.75	19.5265	717.7953	5.115	6
147.8	19.5555	717.5332	5.1122	6
147.85	19.5836	717.1502	5.0953	6
147.9	19.6104	717.3116	5.1108	6
147.95	19.6376	715.7192	5.1357	6
148	19.6627	715.3663	5.1461	6
148.05	19.6867	715.3947	5.1301	6
148.1	19.7109	714.1646	5.1106	6
148.15	19.7342	712.8579	5.1213	6
148.2	19.7559	712.4099	5.1207	6
148.25	19.777	711.9152	5.1065	6
148.3	19.7986	709.9339	5.1078	6
148.35	19.8189	708.5176	5.1126	6
148.4	19.8368	708.8155	5.1128	6
148.45	19.8561	706.6963	5.1227	6
148.5	19.8748	704.7384	5.1215	6
148.55	19.8915	704.4073	5.1239	6
148.6	19.9081	703.2713	5.1157	6
148.65	19.9255	700.2705	5.1006	6
148.7	19.9408	699.3628	5.1097	6
148.75	19.9553	699.1001	5.106	6
148.8	19.9706	696.7327	5.1037	6
148.85	19.9851	694.6181	5.1077	6
148.9	19.9974	694.7898	5.113	6
148.95	20.0105	693.3551	5.1244	6
149	20.0241	690.5026	5.1083	6
149.05	20.0355	690.1906	5.1022	6
149.1	20.0466	689.5543	5.1145	6
149.15	20.0592	686.1885	5.1206	6
149.2	20.0699	684.9151	5.1196	6
149.25	20.0794	685.0266	5.1069	6
149.3	20.0906	681.9038	5.1261	6
149.35	20.1007	679.6551	5.1377	6
149.4	20.1087	680.1134	5.139	6
149.45	20.1182	677.9723	5.1376	6
149.5	20.128	674.8045	5.1237	6
149.55	20.1352	674.9568	5.12	6
149.6	20.143	673.9609	5.1282	6
149.65	20.1519	670.6245	5.1226	6
149.7	20.1591	669.2273	5.1023	6
149.75	20.1649	669.7595	5.1077	6
149.8	20.173	666.9407	5.1252	6
149.85	20.1799	664.3305	5.1475	6
149.9	20.185	664.9527	5.1465	6
149.95	20.191	663.7345	5.1388	6
150	20.1978	660.0973	5.1286	6
150.05	20.2022	659.9618	5.1193	6
150.1	20.2075	659.8694	5.1177	6
150.15	20.2137	657.4587	5.1261	6
150.2	20.2182	656.4953	5.1395	6
150.25	20.2223	655.9021	5.137	6
150.3	20.2274	653.9299	5.1485	6
150.35	20.2319	652.3886	5.137	6
150.4	20.2352	651.6972	5.1179	6
150.45	20.2385	650.0424	5.109	6
150.5	20.243	647.8446	5.1147	6
150.55	20.2461	648.0983	5.1341	6
150.6	20.2493	647.4648	5.1406	6
150.65	20.253	644.6095	5.1289	6
150.7	20.2557	644.0682	5.1237	6
150.75	20.2583	644.0319	5.1252	6
150.8	20.2614	642.071	5.1331	6
150.85	20.2647	640.4715	5.1318	6
150.9	20.266	640.5936	5.1201	6
150.95	20.2684	639.696	5.1251	6
151	20.2712	637.618	5.1157	6
151.05	20.2724	637.858	5.1195	6
151.1	20.2738	637.7505	5.1231	6
151.15	20.2768	635.3725	5.1281	6
151.2	20.2782	634.8218	5.1255	6
151.25	20.2788	635.5508	5.1356	6
151.3	20.2812	633.378	5.1312	6
151.35	20.283	632.203	5.1379	6
151.4	20.2833	633.1699	5.1532	6
151.45	20.2853	631.7612	5.1342	6
151.5	20.2876	629.618	5.117	6
151.55	20.288	630.1231	5.1177	6
151.6	20.2886	629.8253	5.1144	6
151.65	20.2906	627.4622	5.1039	6
151.7	20.2914	626.9305	5.1074	6
151.75	20.2912	627.7403	5.1285	6
151.8	20.293	625.9033	5.139	6
151.85	20.2942	624.4029	5.1398	6
151.9	20.294	625.0089	5.1341	6
151.95	20.2946	624.3674	5.1252	6
152	20.2958	622.6368	5.127	6
152.05	20.2962	622.2603	5.142	6
152.1	20.2959	622.8876	5.1467	6
152.15	20.2973	620.882	5.1316	6
152.2	20.2979	619.8714	5.1249	6
152.25	20.2973	620.5711	5.1266	6
152.3	20.2983	619.0776	5.1054	6
152.35	20.299	617.569	5.1042	6
152.4	20.2983	618.2616	5.1068	6
152.45	20.2988	617.5989	5.0945	6
152.5	20.2996	616.12	5.1131	6
152.55	20.2993	616.3887	5.1317	6
152.6	20.299	616.3177	5.1213	6
152.65	20.2996	614.5842	5.1242	6
152.7	20.2993	614.6636	5.1307	6
152.75	20.2991	614.5809	5.1244	6
152.8	20.2996	613.3791	5.1219	6
152.85	20.2994	612.741	5.1176	6
152.9	20.2989	612.9171	5.1204	6
152.95	20.2994	611.8811	5.1196	6
153	20.2993	611.0879	5.1175	6
153.05	20.299	611.0107	5.1222	6
153.1	20.2991	610.3732	5.1123	6
153.15	20.2993	609.3018	5.1221	6
153.2	20.2988	609.2529	5.1274	6
153.25	20.2986	608.8243	5.1133	6
153.3	20.2985	607.6978	5.1075	6
153.35	20.2977	607.6194	5.1042	6
153.4	20.2975	607.3304	5.1066	6
153.45	20.2976	606.5877	5.1188	6
153.5	20.2973	606.2628	5.1033	6
153.55	20.2969	606.2576	5.0983	6
153.6	20.2968	605.3979	5.1036	6
153.65	20.2963	605.1727	5.1321	6
153.7	20.2958	605.3569	5.1258	6
153.75	20.296	604.0769	5.1114	6
153.8	20.2953	603.8587	5.1117	6
153.85	20.2945	604.113	5.1118	6
153.9	20.2946	603.2746	5.1286	6
153.95	20.2943	602.873	5.1317	6
154	20.2937	602.9846	5.1186	6
154.05	20.2931	602.8552	5.1101	6
154.1	20.2932	601.8484	5.1258	6
154.15	20.2921	602.1843	5.1372	6
154.2	20.2915	602.0179	5.1192	6
154.25	20.2913	601.1806	5.1011	6
154.3	20.2906	601.1162	5.0954	6
154.35	20.2899	601.2116	5.0937	6
154.4	20.2896	600.3213	5.0895	6
154.45	20.2892	599.8526	5.096	6
154.5	20.2886	600.2805	5.1007	6
154.55	20.2884	599.6188	5.1005	6
154.6	20.2883	598.8472	5.1064	6
154.65	20.2872	599.4977	5.0957	6
154.7	20.2869	598.9916	5.1048	6
154.75	20.287	597.9987	5.1164	6
154.8	20.2861	598.6101	5.1105	6
154.85	20.2854	598.7283	5.1001	6
154.9	20.2856	597.4427	5.1015	6
154.95	20.2851	597.4001	5.1084	6
155	20.2839	597.9718	5.1028	6
155.05	20.2838	597.2181	5.104	6
155.1	20.2836	596.5078	5.0953	6
155.15	20.2829	596.8419	5.0819	6
155.2	20.2822	597.1291	5.0886	6
155.25	20.2827	595.4352	5.0898	6
155.3	20.2818	595.6939	5.0902	6
155.35	20.2805	596.7112	5.0927	6
155.4	20.2809	595.1847	5.0844	6
155.45	20.2805	594.7226	5.0822	6
155.5	20.2788	596.3982	5.0848	6
155.55	20.2794	594.739	5.0841	6
155.6	20.2793	593.8768	5.0898	6
155.65	20.2778	595.1866	5.1046	6
155.7	20.2776	594.5932	5.1024	6
155.75	20.2778	593.5899	5.077	6
155.8	20.2767	594.5792	5.0764	6
155.85	20.2761	594.8015	5.0974	6
155.9	20.2764	593.6082	5.1044	6
155.95	20.2757	593.9972	5.1023	6
156	20.2747	594.4165	5.1029	6
156.05	20.2747	593.6814	5.0918	6
156.1	20.2744	593.5651	5.1025	6
156.15	20.2737	593.695	5.0965	6
156.2	20.2733	593.2654	5.0903	6
156.25	20.2728	593.1625	5.0955	6
156.3	20.2724	593.1741	5.0907	6
156.35	20.272	592.657	5.0759	6
156.4	20.2717	592.477	5.0887	6
156.45	20.2711	592.5563	5.105	6
156.5	20.2712	592.0112	5.1024	6
156.55	20.2707	591.7595	5.0908	6
156.6	20.2702	592.1526	5.0863	6
156.65	20.27	591.5086	5.0773	6
156.7	20.2695	591.553	5.086	6
156.75	20.2688	591.4872	5.0904	6
156.8	20.269	590.9604	5.1038	6
156.85	20.2688	590.6282	5.1231	6
156.9	20.2682	591.0671	5.1197	6
156.95	20.2682	590.1835	5.1213	6
157	20.2681	589.7955	5.1165	6
157.05	20.2668	590.4587	5.0926	6
157.1	20.2668	589.8834	5.0984	6
157.15	20.2666	588.915	5.1096	6
157.2	20.2659	589.6353	5.0999	6
157.25	20.2657	589.372	5.084	6
157.3	20.2657	589.0104	5.083	6
157.35	20.265	589.2043	5.0858	6
157.4	20.2643	589.447	5.0674	6
157.45	20.2643	589.1097	5.0851	6
157.5	20.2639	588.8639	5.1082	6
157.55	20.2635	589.2778	5.1113	6
157.6	20.2631	588.9686	5.1081	6
157.65	20.2629	588.9814	5.099	6
157.7	20.2625	588.6982	5.0918	6
157.75	20.262	589.0414	5.1136	6
157.8	20.2619	588.8616	5.1248	6
157.85	20.2614	588.5807	5.1241	6
157.9	20.2612	588.6835	5.0998	6
157.95	20.2605	588.6239	5.088	6
158	20.2601	589.0066	5.0944	6
158.05	20.2603	588.0559	5.0897	6
158.1	20.2596	588.2051	5.0988	6
158.15	20.259	588.7678	5.1053	6
158.2	20.2592	587.5613	5.1089	6
158.25	20.2589	588.036	5.1086	6
158.3	20.2582	588.7034	5.1063	6
158.35	20.2585	587.6055	5.0989	6
158.4	20.2581	588.194	5.0948	6
158.45	20.2574	588.3942	5.0981	6
158.5	20.2576	587.7398	5.1122	6
158.55	20.2572	587.8102	5.12	6
158.6	20.2563	587.9741	5.1112	6
158.65	20.2566	587.6631	5.1184	6
158.7	20.2566	587.1771	5.0906	6
158.75	20.2556	587.9474	5.067	6
158.8	20.2557	587.9405	5.0819	6
158.85	20.2556	586.8615	5.1033	6
158.9	20.2548	587.4399	5.1182	6
158.95	20.2545	588.045	5.1049	6
159	20.2547	586.7085	5.1025	6
159.05	20.2543	586.9081	5.1081	6
159.1	20.2538	587.7544	5.1031	6
159.15	20.2533	587.005	5.1106	6
159.2	20.2534	586.6412	5.1059	6
159.25	20.2531	587.4427	5.0938	6
159.3	20.2527	587.3353	5.0916	6
159.35	20.253	586.8478	5.0876	6
159.4	20.253	587.0204	5.1028	6
159.45	20.2524	586.8978	5.1048	6
159.5	20.2527	586.314	5.1064	6
159.55	20.2525	586.8389	5.1047	6
159.6	20.2521	586.5883	5.0875	6
159.65	20.2522	586.05	5.0787	6
159.7	20.252	586.5597	5.0872	6
159.75	20.2512	586.6737	5.0971	6
159.8	20.2515	585.6477	5.0881	6
159.85	20.2514	586.1075	5.0658	6
159.9	20.2506	586.6062	5.0822	6
159.95	20.2511	585.2667	5.0899	6
160	20.2514	585.3989	5.0858	6
160.05	20.2505	586.4959	5.0925	6
160.1	20.2504	585.6622	5.0823	6
160.15	20.2508	585.1384	5.0874	6
160.2	20.2501	586.4038	5.0846	6
160.25	20.2496	585.885	5.0884	6
160.3	20.2503	584.5371	5.1071	6
160.35	20.2498	585.6371	5.1175	6
160.4	20.2493	585.435	5.1323	6
160.45	20.2498	583.7295	5.1253	6
160.5	20.2496	584.4296	5.1215	6
160.55	20.2491	585.1083	5.1248	6
160.6	20.2495	583.4454	5.1244	6
160.65	20.2494	583.7549	5.1204	6
160.7	20.249	584.5397	5.119	6
160.75	20.2494	583.21	5.1209	6
160.8	20.2493	582.5953	5.1305	6
160.85	20.2491	583.3079	5.1302	6
160.9	20.2492	583.0758	5.115	6
160.95	20.2492	582.1479	5.0914	6
161	20.2488	582.7795	5.096	6
161.05	20.2489	582.7615	5.1005	6
161.1	20.2485	582.2963	5.0994	6
161.15	20.2483	582.2559	5.1068	6
161.2	20.2485	582.5317	5.1072	6
161.25	20.2484	582.2242	5.1087	6
161.3	20.2475	582.422	5.1087	6
161.35	20.2477	582.3485	5.0927	6
161.4	20.2477	582.5381	5.0887	6
161.45	20.2468	582.9565	5.0915	6
161.5	20.2465	582.6248	5.078	6
161.55	20.2468	582.58	5.0969	6
161.6	20.2462	583.7166	5.1026	6
161.65	20.2458	583.1696	5.0984	6
161.7	20.2456	582.7651	5.1142	6
161.75	20.2454	583.4656	5.1042	6
161.8	20.2449	584.2485	5.0913	6
161.85	20.2449	583.0276	5.0981	6
161.9	20.2445	583.0593	5.1147	6
161.95	20.2442	584.039	5.1399	6
162	20.2446	583.9139	5.1291	6
162.05	20.2443	583.4885	5.1333	6
162.1	20.2434	584.0971	5.1395	6
162.15	20.2436	584.1868	5.1321	6
162.2	20.2439	584.1654	5.1283	6
162.25	20.2433	584.4804	5.1282	6
162.3	20.2433	583.6359	5.1232	6
162.35	20.2435	583.3762	5.1094	6
162.4	20.2435	583.9774	5.0976	6
162.45	20.2435	583.8659	5.1191	6
162.5	20.2436	582.6674	5.1243	6
162.55	20.2434	582.5869	5.1216	6
162.6	20.2435	582.8603	5.1225	6
162.65	20.2442	582.3078	5.1354	6
162.7	20.2438	581.6633	5.1436	6
162.75	20.2434	581.1404	5.1278	6
162.8	20.244	580.7319	5.1325	6
162.85	20.244	581.264	5.1524	6
162.9	20.2438	581.0767	5.1494	6
162.95	20.2434	580.3136	5.1437	6
163	20.2433	580.5469	5.1504	6
163.05	20.2432	581.2168	5.1471	6
163.1	20.2435	580.7008	5.1307	6
163.15	20.2432	579.838	5.1114	6
163.2	20.2425	580.5137	5.1308	6
163.25	20.2426	580.7324	5.125	6
163.3	20.2429	580.518	5.1089	6
163.35	20.2422	580.743	5.1134	6
163.4	20.2415	580.7032	5.1121	6
163.45	20.2418	580.5248	5.1142	6
163.5	20.2419	580.9065	5.1273	6
163.55	20.2415	581.7756	5.1282	6
163.6	20.2415	580.4574	5.1177	6
163.65	20.2411	580.0345	5.1219	6
163.7	20.2407	580.9875	5.1289	6
163.75	20.2412	581.0004	5.128	6
163.8	20.2416	580.497	5.1261	6
163.85	20.241	580.3815	5.1156	6
163.9	20.2408	580.2966	5.1069	6
163.95	20.2412	579.9084	5.1209	6
164	20.2411	580.4933	5.1182	6
164.05	20.2408	580.8884	5.1047	6
164.1	20.241	579.4592	5.096	6
164.15	20.2407	579.6532	5.0927	6
164.2	20.2401	580.8257	5.0968	6
164.25	20.2408	580.1464	5.112	6
164.3	20.2408	579.7869	5.1025	6
164.35	20.2398	580.0379	5.0875	6
164.4	20.2401	579.6835	5.0946	6
164.45	20.2404	579.5631	5.0979	6
164.5	20.2403	580.1476	5.1008	6
164.55	20.2402	580.1403	5.1101	6
164.6	20.2399	579.0868	5.1006	6
164.65	20.2397	578.8129	5.1102	6
164.7	20.2396	579.3812	5.1185	6
164.75	20.2399	579.3988	5.124	6
164.8	20.24	579.5119	5.1132	6
164.85	20.2392	579.4336	5.0965	6
164.9	20.2389	579.253	5.0804	6
164.95	20.2391	579.2158	5.0807	6
165	20.2388	580.0891	5.0977	6
165.05	20.2395	579.7569	5.1136	6
165.1	20.2391	579.5854	5.1213	6
165.15	20.2385	579.0797	5.1177	6
165.2	20.2383	579.3538	5.1125	6
165.25	20.2387	579.4743	5.1309	6
165.3	20.2386	579.8909	5.1182	6
165.35	20.2383	580.5107	5.1104	6
165.4	20.2383	579.2619	5.1206	6
165.45	20.2377	579.4094	5.0985	6
165.5	20.2376	579.8164	5.1089	6
165.55	20.2378	579.7505	5.1193	6
165.6	20.2379	580.1306	5.1117	6
165.65	20.2377	580.2195	5.1051	6
165.7	20.2373	579.4531	5.0992	6
165.75	20.237	579.3014	5.12	6
165.8	20.2369	579.8469	5.1172	6
165.85	20.2372	579.9268	5.1146	6
165.9	20.2372	580.2472	5.0976	6
165.95	20.2368	580.7646	5.0823	6
166	20.2365	580.0353	5.0962	6
166.05	20.236	580.1661	5.0974	6
166.1	20.2361	580.4698	5.1074	6
166.15	20.2361	580.688	5.11	6
166.2	20.2365	580.5421	5.1073	6
166.25	20.2366	580.6847	5.1117	6
166.3	20.2366	580.2891	5.1208	6
166.35	20.2364	579.4355	5.1342	6
166.4	20.2359	580.0982	5.1367	6
166.45	20.2362	580.211	5.1232	6
166.5	20.2366	579.9871	5.1185	6
166.55	20.2365	580.7149	5.1215	6
166.6	20.2365	580.6178	5.1208	6
166.65	20.2363	579.6115	5.1245	6
166.7	20.2357	579.9803	5.1176	6
166.75	20.2358	580.116	5.1139	6
166.8	20.2361	580.0707	5.1201	6
166.85	20.2364	580.0114	5.1328	6
166.9	20.2362	580.496	5.1436	6
166.95	20.2364	579.4791	5.1377	6
167	20.2361	578.5614	5.1236	6
167.05	20.2356	579.4895	5.1239	6
167.1	20.2358	579.6565	5.1144	6
167.15	20.2365	579.0031	5.1045	6
167.2	20.2364	579.5368	5.1199	6
167.25	20.236	580.1533	5.13	6
167.3	20.2363	578.5221	5.1389	6
167.35	20.2361	578.1708	5.131	6
167.4	20.2357	579.1024	5.1287	6
167.45	20.2364	578.5744	5.134	6
167.5	20.2369	578.3543	5.1353	6
167.55	20.2366	579.0583	5.1436	6
167.6	20.2364	578.5201	5.1378	6
167.65	20.2367	576.9379	5.1285	6
167.7	20.2365	577.4415	5.1361	6
167.75	20.2368	577.6295	5.1299	6
167.8	20.2375	576.9517	5.1283	6
167.85	20.2376	577.1435	5.1336	6
167.9	20.2372	577.045	5.1327	6
167.95	20.2372	575.7464	5.1404	6
168	20.2368	576.2709	5.1311	6
168.05	20.2368	576.7283	5.1322	6
168.1	20.2372	576.4322	5.1327	6
168.15	20.2373	576.6024	5.1166	6
168.2	20.2367	576.8641	5.1163	6
168.25	20.2364	575.8426	5.1158	6
168.3	20.2366	575.2586	5.1404	6
168.35	20.2362	576.0351	5.1456	6
168.4	20.2364	576.1245	5.1441	6
168.45	20.2369	575.8381	5.1559	6
168.5	20.2369	575.7592	5.1401	6
168.55	20.2358	575.8962	5.14	6
168.6	20.236	575.3249	5.145	6
168.65	20.236	575.4962	5.1224	6
168.7	20.2358	576.1622	5.1106	6
168.75	20.236	576.2734	5.1264	6
168.8	20.2365	575.9517	5.1267	6
168.85	20.2363	575.4838	5.1361	6
168.9	20.2357	575.0841	5.1429	6
168.95	20.2356	575.2718	5.1401	6
169	20.2362	574.9147	5.1418	6
169.05	20.2362	575.2606	5.1337	6
169.1	20.2363	575.3712	5.1313	6
169.15	20.2365	575.1702	5.1241	6
169.2	20.2364	573.9951	5.1189	6
169.25	20.236	573.9426	5.1047	6
169.3	20.236	574.3247	5.0996	6
169.35	20.2365	573.904	5.115	6
169.4	20.2366	573.9707	5.1157	6
169.45	20.2363	574.744	5.1061	6
169.5	20.2366	573.5601	5.0928	6
169.55	20.2361	572.663	5.0803	6
169.6	20.2356	573.3513	5.0967	6
169.65	20.2359	573.3809	5.0889	6
169.7	20.2365	572.8788	5.0958	6
169.75	20.2362	573.4749	5.0962	6
169.8	20.2361	573.5736	5.095	6
169.85	20.2362	572.3727	5.0881	6
169.9	20.2358	572.2363	5.0703	6
169.95	20.2356	572.9158	5.0844	6
170	20.236	572.7349	5.1029	6
170.05	20.2363	572.4735	5.1086	6
170.1	20.2363	573.0213	5.1156	6
170.15	20.2359	572.8559	5.1225	6
170.2	20.236	571.4763	5.1243	6
170.25	20.2354	572.2218	5.1377	6
170.3	20.2352	572.8297	5.1212	6
170.35	20.2354	572.7339	5.1207	6
170.4	20.2357	572.53	5.1239	6
170.45	20.2354	573.3116	5.1069	6
170.5	20.2354	572.4887	5.1039	6
170.55	20.2352	571.5964	5.1043	6
170.6	20.2346	572.64	5.1368	6
170.65	20.2348	572.8297	5.1572	6
170.7	20.2355	572.2661	5.1379	6
170.75	20.2351	573.1186	5.1236	6
170.8	20.2352	573.0913	5.1159	6
170.85	20.2349	572.1462	5.1158	6
170.9	20.2341	571.9766	5.1166	6
170.95	20.2342	572.0484	5.1106	6
171	20.2341	572.7368	5.1199	6
171.05	20.2341	572.9106	5.1289	6
171.1	20.2341	573.0428	5.1184	6
171.15	20.2342	573.1968	5.1431	6
171.2	20.2341	573.2151	5.149	6
171.25	20.234	572.1034	5.1346	6
171.3	20.234	571.8718	5.1233	6
171.35	20.2339	572.5226	5.1232	6
171.4	20.2339	572.9388	5.1273	6
171.45	20.2343	572.7398	5.1179	6
171.5	20.234	573.1513	5.1134	6
171.55	20.2334	573.9426	5.1272	6
171.6	20.2333	573.2203	5.1325	6
171.65	20.2331	572.3163	5.1207	6
171.7	20.2324	573.2276	5.1089	6
171.75	20.2328	573.0083	5.1322	6
171.8	20.2333	572.9547	5.1494	6
171.85	20.2332	573.3001	5.1313	6
171.9	20.233	573.786	5.1253	6
171.95	20.2335	573.3306	5.1207	6
172	20.2335	572.8366	5.1268	6
172.05	20.2323	573.1781	5.1497	6
172.1	20.2327	572.512	5.15	6
172.15	20.2331	572.2452	5.1339	6
172.2	20.2328	572.9919	5.1325	6
172.25	20.2328	573.2328	5.1373	6
172.3	20.2337	572.2031	5.1393	6
172.35	20.2332	573.2464	5.1498	6
172.4	20.2328	573.7306	5.1616	6
172.45	20.2329	572.1545	5.1549	6
172.5	20.2323	572.07	5.1427	6
172.55	20.2319	573.0458	5.1309	6
172.6	20.2322	573.0934	5.1257	6
172.65	20.2329	572.5662	5.1296	6
172.7	20.2325	573.3182	5.1328	6
172.75	20.2326	573.2586	5.1268	6
172.8	20.233	572.9906	5.1329	6
172.85	20.2328	572.7814	5.1155	6
172.9	20.2318	572.9371	5.1303	6
172.95	20.2321	572.3512	5.1475	6
173	20.2322	572.3715	5.1373	6
173.05	20.2319	573.091	5.1297	6
173.1	20.2319	573.3425	5.1289	6
173.15	20.2323	573.1219	5.1407	6
173.2	20.2325	573.2771	5.1488	6
173.25	20.2321	574.0069	5.1332	6
173.3	20.2316	573.6342	5.1245	6
173.35	20.2316	572.2331	5.1118	6
173.4	20.231	573.054	5.099	6
173.45	20.2308	573.5639	5.0921	6
173.5	20.2317	572.7266	5.0991	6
173.55	20.232	572.6972	5.1126	6
173.6	20.2316	573.6295	5.1062	6
173.65	20.2323	572.9171	5.1007	6
173.7	20.2326	572.7704	5.109	6
173.75	20.232	573.1352	5.1001	6
173.8	20.2313	572.3851	5.0892	6
173.85	20.232	571.033	5.0932	6
173.9	20.2317	571.8942	5.0966	6
173.95	20.2316	572.4854	5.1032	6
174	20.2322	571.7209	5.0973	6
174.05	20.2326	571.5496	5.0946	6
174.1	20.232	572.6138	5.1053	6
174.15	20.2326	572.0946	5.1075	6
174.2	20.2335	570.4022	5.1009	6
174.25	20.2324	570.3755	5.1044	6
174.3	20.2324	570.1671	5.1142	6
174.35	20.2336	568.9455	5.1101	6
174.4	20.2333	569.3619	5.1179	6
174.45	20.2332	569.6763	5.1251	6
174.5	20.2338	569.1297	5.1251	6
174.55	20.2342	569.0293	5.125	6
174.6	20.2338	569.3428	5.1245	6
174.65	20.2331	568.8938	5.1201	6
174.7	20.2336	568.0086	5.1269	6
174.75	20.2332	568.7052	5.1195	6
174.8	20.2329	569.377	5.1139	6
174.85	20.2337	568.6003	5.1144	6
174.9	20.2339	568.6832	5.1103	6
174.95	20.2335	569.4804	5.1217	6
175	20.2335	568.8459	5.1171	6
175.05	20.2332	567.7292	5.111	6
175.1	20.2324	568.5947	5.1036	6
175.15	20.2324	569.0082	5.1042	6
175.2	20.2333	568.0528	5.1221	6
175.25	20.2333	568.421	5.1174	6
175.3	20.233	568.9956	5.1018	6
175.35	20.2338	568.2952	5.1209	6
175.4	20.234	567.5976	5.1184	6
175.45	20.2325	568.1317	5.1194	6
175.5	20.2325	567.8394	5.1312	6
175.55	20.2333	567.1128	5.1179	6
175.6	20.2326	568.2426	5.1102	6
175.65	20.2325	568.6678	5.0983	6
175.7	20.2332	568.0263	5.1154	6
175.75	20.2333	568.2029	5.1176	6
175.8	20.2329	568.5137	5.0895	6
175.85	20.2323	567.9925	5.102	6
175.9	20.2325	566.8201	5.117	6
175.95	20.2323	567.2009	5.1138	6
176	20.232	567.7351	5.1329	6
176.05	20.2325	567.3206	5.1521	6
176.1	20.233	566.9291	5.1326	6
176.15	20.2327	567.5951	5.1128	6
176.2	20.2328	568.0053	5.1208	6
176.25	20.2333	567.0281	5.1201	6
176.3	20.2326	566.4265	5.1199	6
176.35	20.2314	567.6451	5.1353	6
176.4	20.2321	566.9879	5.1285	6
176.45	20.2325	566.6448	5.1062	6
176.5	20.2317	567.7594	5.1034	6
176.55	20.2321	567.3652	5.1096	6
176.6	20.2326	566.9533	5.0991	6
176.65	20.2324	567.6031	5.1049	6
176.7	20.232	567.3992	5.1149	6
176.75	20.2319	566.0006	5.1329	6
176.8	20.2316	566.0571	5.1131	6
176.85	20.2311	567.1944	5.0927	6
176.9	20.2317	566.5146	5.1114	6
176.95	20.2321	566.2374	5.1091	6
177	20.2313	567.5462	5.0953	6
177.05	20.2315	567.5936	5.0996	6
177.1	20.2323	566.8075	5.1109	6
177.15	20.2313	567.5614	5.1177	6
177.2	20.2299	567.8699	5.1095	6
177.25	20.2303	566.7042	5.1035	6
177.3	20.2298	567.4442	5.0917	6
177.35	20.2292	568.51	5.0866	6
177.4	20.2298	567.9633	5.1133	6
177.45	20.2301	567.8984	5.1072	6
177.5	20.2298	568.4781	5.1117	6
177.55	20.2298	568.5786	5.1103	6
177.6	20.2305	567.9026	5.1101	6
177.65	20.231	567.6699	5.1063	6
177.7	20.2307	568.1054	5.0887	6
177.75	20.2305	566.9706	5.0991	6
177.8	20.2303	566.2973	5.1026	6
177.85	20.23	566.72	5.0946	6
177.9	20.2296	567.3516	5.1046	6
177.95	20.2301	567.006	5.108	6
178	20.2305	566.8799	5.115	6
178.05	20.2302	567.4174	5.124	6
178.1	20.2301	567.6205	5.1157	6
178.15	20.2307	567.1554	5.1259	6
178.2	20.2305	567.4971	5.1272	6
178.25	20.23	567.7553	5.1313	6
178.3	20.2296	566.9351	5.1311	6
178.35	20.2297	566.62	5.1287	6
178.4	20.2292	567.4456	5.1359	6
178.45	20.2294	567.3608	5.1328	6
178.5	20.2296	567.2839	5.1256	6
178.55	20.2294	567.812	5.1303	6
178.6	20.2293	567.9969	5.1297	6
178.65	20.2296	567.7518	5.1278	6
178.7	20.2292	568.4504	5.1174	6
178.75	20.2293	568.6919	5.1226	6
178.8	20.2298	568.3141	5.1187	6
178.85	20.2295	567.9934	5.1214	6
178.9	20.2285	567.7747	5.1186	6
178.95	20.2285	567.4358	5.1242	6
179	20.2288	567.4817	5.1219	6
179.05	20.2287	567.7238	5.11	6
179.1	20.2286	568.3128	5.1117	6
179.15	20.229	568.1007	5.1318	6
179.2	20.2297	567.5523	5.1285	6
179.25	20.2293	568.1973	5.1174	6
179.3	20.2295	568.1728	5.1331	6
179.35	20.2303	567.4065	5.1301	6
179.4	20.2301	567.8773	5.1175	6
179.45	20.2298	567.8883	5.1118	6
179.5	20.2295	566.8568	5.097	6
179.55	20.2294	566.6135	5.1097	6
179.6	20.2294	567.0135	5.108	6
179.65	20.2294	567.0388	5.0969	6
179.7	20.2299	566.5874	5.0921	6
179.75	20.2297	566.866	5.0998	6
179.8	20.2296	567.2408	5.1076	6
179.85	20.23	566.9951	5.0962	6
179.9	20.23	567.0807	5.0886	6
179.95	20.2299	567.4335	5.1067	6
180	20.23	567.5284	5.1099	6
180.05	20.2297	566.6144	5.1097	6
180.1	20.229	566.2264	5.0891	6
180.15	20.2288	566.6061	5.0759	6
180.2	20.2292	566.3362	5.1003	6
180.25	20.2291	566.4394	5.1092	6
180.3	20.2292	566.5181	5.1137	6
180.35	20.2296	566.3298	5.1112	6
180.4	20.2301	565.8725	5.0981	6
180.45	20.23	566.1653	5.1136	6
180.5	20.2304	565.7949	5.1158	6
180.55	20.2308	565.5453	5.109	6
180.6	20.2304	565.9942	5.0944	6
180.65	20.23	565.1107	5.0941	6
180.7	20.2299	564.5252	5.0991	6
180.75	20.2297	564.893	5.1011	6
180.8	20.2295	565.4816	5.0907	6
180.85	20.2299	565.0545	5.094	6
180.9	20.2301	565.0744	5.0868	6
180.95	20.2298	566.0313	5.0942	6
181	20.2303	565.5329	5.1084	6
181.05	20.2307	565.197	5.0897	6
181.1	20.2307	565.4422	5.0895	6
181.15	20.2306	565.2345	5.0897	6
181.2	20.2308	563.4657	5.0975	6
181.25	20.2302	563.5188	5.0921	6
181.3	20.23	563.9538	5.0855	6
181.35	20.2303	563.7764	5.0966	6
181.4	20.2307	563.6026	5.1128	6
181.45	20.2305	564.144	5.1335	6
181.5	20.2304	564.2981	5.1397	6
181.55	20.2307	564.2521	5.1319	6
181.6	20.231	564.2617	5.1155	6
181.65	20.2309	564.6801	5.1201	6
181.7	20.2304	564.2811	5.1435	6
181.75	20.2298	563.7358	5.1362	6
181.8	20.2297	563.717	5.1137	6
181.85	20.2294	564.2812	5.1155	6
181.9	20.2295	564.522	5.1172	6
181.95	20.2299	564.1969	5.1171	6
182	20.2298	564.4741	5.1187	6
182.05	20.2296	564.8987	5.1271	6
182.1	20.2299	564.5261	5.1321	6
182.15	20.2298	564.5997	5.1243	6
182.2	20.2294	565.3523	5.1209	6
182.25	20.2294	564.8124	5.1294	6
182.3	20.2287	564.068	5.1368	6
182.35	20.2282	564.2314	5.1299	6
182.4	20.2285	563.9931	5.1137	6
182.45	20.2286	563.8644	5.1096	6
182.5	20.2283	564.4069	5.1226	6
182.55	20.2286	564.2213	5.1153	6
182.6	20.229	563.9355	5.1149	6
182.65	20.2289	564.4199	5.1185	6
182.7	20.229	564.437	5.1089	6
182.75	20.2293	564.201	5.1211	6
182.8	20.2293	564.4599	5.1269	6
182.85	20.2295	564.3186	5.1122	6
182.9	20.2293	563.8298	5.1078	6
182.95	20.2286	563.3603	5.1049	6
183	20.2287	562.9722	5.0855	6
183.05	20.2288	563.1769	5.0776	6
183.1	20.2284	563.9267	5.0969	6
183.15	20.229	563.2705	5.0926	6
183.2	20.2291	563.3039	5.0954	6
183.25	20.2287	564.2026	5.0989	6
183.3	20.2289	564.0046	5.0901	6
183.35	20.2294	563.5326	5.0946	6
183.4	20.2289	564.4442	5.1058	6
183.45	20.229	564.4789	5.1014	6
183.5	20.2294	563.7642	5.0995	6
183.55	20.2288	563.5064	5.0849	6
183.6	20.2278	563.7654	5.0851	6
183.65	20.2284	562.8912	5.1059	6
183.7	20.2285	563.0095	5.0943	6
183.75	20.2282	563.6334	5.1044	6
183.8	20.2284	563.5498	5.0991	6
183.85	20.2287	563.3828	5.0955	6
183.9	20.2286	563.6865	5.0993	6
183.95	20.2287	563.6911	5.107	6
184	20.2291	563.4299	5.1218	6
184.05	20.2291	563.6828	5.106	6
184.1	20.2291	564.1588	5.0977	6
184.15	20.2291	564.0272	5.1133	6
184.2	20.2289	563.4486	5.1183	6
184.25	20.228	563.2356	5.115	6
184.3	20.2281	563.0109	5.1148	6
184.35	20.2281	563.3307	5.1026	6
184.4	20.2281	563.5035	5.1158	6
184.45	20.2282	563.6514	5.1124	6
184.5	20.2284	563.7148	5.0912	6
184.55	20.2283	563.8364	5.1022	6
184.6	20.2283	563.7836	5.1018	6
184.65	20.2285	563.8496	5.104	6
184.7	20.2291	563.4759	5.1165	6
184.75	20.2293	563.4651	5.1242	6
184.8	20.2298	563.1933	5.1241	6
184.85	20.2296	563.0148	5.1289	6
184.9	20.2292	561.9848	5.12	6
184.95	20.2286	561.9752	5.1104	6
185	20.2288	561.9554	5.1189	6
185.05	20.2289	561.8649	5.1216	6
185.1	20.2294	561.6292	5.1102	6
185.15	20.2294	561.8522	5.11	6
185.2	20.2298	561.5785	5.1175	6
185.25	20.2299	561.4	5.1132	6
185.3	20.2302	561.2978	5.1057	6
185.35	20.2304	561.4069	5.1079	6
185.4	20.2307	561.2505	5.1238	6
185.45	20.2303	560.7294	5.1255	6
185.5	20.2296	560.2413	5.122	6
185.55	20.2294	560.5911	5.1283	6
185.6	20.2299	560.1419	5.1297	6
185.65	20.2297	560.3464	5.1278	6
185.7	20.2294	560.8244	5.1148	6
185.75	20.2299	560.3788	5.1087	6
185.8	20.2304	559.9233	5.1145	6
185.85	20.23	560.7209	5.1213	6
185.9	20.2303	560.5274	5.1128	6
185.95	20.2306	560.1053	5.1247	6
186	20.2302	560.0762	5.1205	6
186.05	20.2296	559.3554	5.1224	6
186.1	20.2295	558.7928	5.1278	6
186.15	20.2295	559.0254	5.1184	6
186.2	20.2298	559.0309	5.1197	6
186.25	20.2302	558.6992	5.1196	6
186.3	20.23	559.0937	5.109	6
186.35	20.2302	559.1266	5.1093	6
186.4	20.2303	559.0619	5.1138	6
186.45	20.2304	559.164	5.1201	6
186.5	20.2304	559.5097	5.1272	6
186.55	20.2303	559.1556	5.1239	6
186.6	20.2297	558.3556	5.1211	6
186.65	20.2292	558.3962	5.1109	6
186.7	20.2292	558.5922	5.1127	6
186.75	20.2292	558.72	5.1102	6
186.8	20.229	558.994	5.1052	6
186.85	20.2295	558.672	5.11	6
186.9	20.2294	558.9284	5.0927	6
186.95	20.2296	558.9119	5.1009	6
187	20.2299	558.6548	5.1061	6
187.05	20.2298	559.0435	5.1173	6
187.1	20.2297	559.429	5.1367	6
187.15	20.2298	558.3281	5.12	6
187.2	20.2291	557.7381	5.0944	6
187.25	20.2285	558.3669	5.0834	6
187.3	20.2291	557.8934	5.0888	6
187.35	20.2291	557.8681	5.0889	6
187.4	20.2283	558.9504	5.0892	6
187.45	20.2284	559.0168	5.0883	6
187.5	20.2291	558.3319	5.0888	6
187.55	20.2287	559.0758	5.0979	6
187.6	20.2284	559.4955	5.0879	6
187.65	20.229	558.7884	5.083	6
187.7	20.229	558.8547	5.1023	6
187.75	20.2286	559.7516	5.1138	6
187.8	20.2289	558.7185	5.1187	6
187.85	20.2285	557.7569	5.1205	6
187.9	20.2278	558.6048	5.1108	6
187.95	20.2281	558.4618	5.1238	6
188	20.2286	557.9921	5.1194	6
188.05	20.2283	558.4221	5.1074	6
188.1	20.228	559.0448	5.1188	6
188.15	20.2286	558.5157	5.1114	6
188.2	20.2289	558.1884	5.103	6
188.25	20.2284	559.0311	5.104	6
188.3	20.2285	559.1471	5.12	6
188.35	20.2292	558.4003	5.1225	6
188.4	20.2287	559.1832	5.1147	6
188.45	20.2281	559.8509	5.1268	6
188.5	20.2281	558.4477	5.1429	6
188.55	20.2276	558.2103	5.1273	6
188.6	20.2267	559.6604	5.1088	6
188.65	20.227	559.1916	5.102	6
188.7	20.2275	558.6972	5.1	6
188.75	20.2269	559.7859	5.1071	6
188.8	20.2266	560.1095	5.1142	6
188.85	20.2274	559.2605	5.1197	6
188.9	20.2272	559.9275	5.1171	6
188.95	20.2266	560.9075	5.112	6
189	20.2272	560.2537	5.1175	6
189.05	20.2274	560.0039	5.1104	6
189.1	20.2265	561.2646	5.1013	6
189.15	20.2269	560.9164	5.1091	6
189.2	20.2274	560.3266	5.1193	6
189.25	20.2269	561.2497	5.1237	6
189.3	20.2263	561.6205	5.115	6
189.35	20.2264	559.9298	5.1073	6
189.4	20.2259	560.0301	5.1127	6
189.45	20.2252	561.0333	5.1173	6
189.5	20.2255	560.9262	5.107	6
189.55	20.226	560.3553	5.0962	6
189.6	20.2256	561.1917	5.1056	6
189.65	20.2252	561.8861	5.1057	6
189.7	20.2259	560.9513	5.1176	6
189.75	20.2259	561.1087	5.1227	6
189.8	20.2254	562.0668	5.1045	6
189.85	20.2259	561.6326	5.1034	6
189.9	20.2263	561.2398	5.1225	6
189.95	20.2259	561.9722	5.1312	6
190	20.2261	562.0692	5.1397	6
190.05	20.2265	561.7121	5.1423	6
190.1	20.2265	561.8453	5.13	6
190.15	20.2261	562.5514	5.1312	6
190.2	20.2264	562.2197	5.1352	6
190.25	20.2267	561.9145	5.1415	6
190.3	20.2266	562.2933	5.1413	6
190.35	20.2261	561.9348	5.1272	6
190.4	20.2259	560.5933	5.1339	6
190.45	20.2256	560.8663	5.1319	6
190.5	20.2255	561.3231	5.1251	6
190.55	20.2259	561.0217	5.1304	6
190.6	20.2264	560.6408	5.1288	6
190.65	20.2263	560.907	5.1302	6
190.7	20.2266	560.6082	5.1324	6
190.75	20.2272	560.0911	5.1225	6
190.8	20.2272	560.1077	5.1034	6
190.85	20.2271	560.3429	5.0982	6
190.9	20.2277	559.8331	5.1182	6
190.95	20.2277	560.0521	5.1197	6
191	20.2277	560.1043	5.1219	6
191.05	20.2281	559.6722	5.124	6
191.1	20.2284	559.5518	5.1134	6
191.15	20.2284	559.4633	5.1165	6
191.2	20.2281	558.9579	5.1095	6
191.25	20.2279	558.0107	5.1093	6
191.3	20.2278	558.0542	5.1095	6
191.35	20.2278	558.2393	5.1023	6
191.4	20.2281	558.0992	5.1143	6
191.45	20.2284	557.8701	5.1261	6
191.5	20.2284	558.026	5.1277	6
191.55	20.2287	558.0805	5.1209	6
191.6	20.2289	557.7693	5.1029	6
191.65	20.2292	557.4811	5.0985	6
191.7	20.229	557.8809	5.0996	6
191.75	20.2291	558.0276	5.0964	6
191.8	20.2295	557.4956	5.1003	6
191.85	20.2293	557.2197	5.1031	6
191.9	20.2283	556.8518	5.1026	6
191.95	20.2284	556.2895	5.0976	6
192	20.2287	556.096	5.0969	6
192.05	20.2285	556.5664	5.1098	6
192.1	20.2285	556.5833	5.1042	6
192.15	20.2288	556.1916	5.0988	6
192.2	20.2289	556.1762	5.09	6
192.25	20.2289	556.4688	5.0722	6
192.3	20.2291	556.4413	5.0889	6
192.35	20.2294	556.1911	5.0964	6
192.4	20.2295	556.1993	5.1015	6
192.45	20.2294	556.4929	5.0973	6
192.5	20.2294	555.4471	5.1006	6
192.55	20.2289	554.672	5.1038	6
192.6	20.2286	555.027	5.0921	6
192.65	20.2289	554.9504	5.0944	6
192.7	20.2289	555.0425	5.1088	6
192.75	20.229	555.2628	5.1155	6
192.8	20.2288	555.7552	5.1274	6
192.85	20.229	555.4958	5.1181	6
192.9	20.2293	555.1539	5.1146	6
192.95	20.2287	556.1463	5.1254	6
193	20.229	555.9711	5.116	6
193.05	20.2295	555.5437	5.0993	6
193.1	20.2292	555.9453	5.0994	6
193.15	20.2287	555.3328	5.1106	6
193.2	20.2285	554.1486	5.1161	6
193.25	20.2283	554.5712	5.1055	6
193.3	20.2284	554.9759	5.1143	6
193.35	20.2289	554.2527	5.1168	6
193.4	20.2288	554.4644	5.1038	6
193.45	20.2285	555.1682	5.0927	6
193.5	20.2289	554.7248	5.095	6
193.55	20.2289	554.7925	5.1101	6
193.6	20.2286	555.5883	5.1188	6
193.65	20.2291	554.9045	5.1031	6
193.7	20.229	554.9808	5.1011	6
193.75	20.2286	555.6889	5.0959	6
193.8	20.2285	554.7841	5.1005	6
193.85	20.2281	554.1333	5.1151	6
193.9	20.2277	554.7096	5.1024	6
193.95	20.2277	554.9312	5.0964	6
194	20.2278	554.68	5.1042	6
194.05	20.2277	555.034	5.1109	6
194.1	20.2277	555.0807	5.1075	6
194.15	20.228	554.8823	5.1066	6
194.2	20.2284	554.6571	5.1237	6
194.25	20.2283	555.0123	5.1138	6
194.3	20.2282	555.3658	5.1031	6
194.35	20.2283	555.24	5.1268	6
194.4	20.2286	555.1282	5.1294	6
194.45	20.2285	555.5593	5.143	6
194.5	20.2281	555.2475	5.144	6
194.55	20.2278	554.2454	5.1357	6
194.6	20.2274	554.4259	5.1527	6
194.65	20.2268	555.3014	5.1499	6
194.7	20.2271	554.9279	5.1434	6
194.75	20.2273	554.805	5.1406	6
194.8	20.2268	555.6673	5.1363	6
194.85	20.2272	555.4804	5.1272	6
194.9	20.2276	555.1426	5.1397	6
194.95	20.2273	555.6098	5.1417	6
195	20.2271	555.9628	5.1348	6
195.05	20.2274	555.6381	5.1208	6
195.1	20.2276	555.4915	5.1411	6
195.15	20.2276	555.6774	5.1428	6
195.2	20.2275	555.8687	5.1108	6
195.25	20.228	555.4733	5.1013	6
195.3	20.2277	554.6485	5.096	6
195.35	20.2269	554.545	5.1015	6
195.4	20.2268	554.7963	5.1089	6
195.45	20.227	554.6886	5.1199	6
195.5	20.2268	555.1536	5.1234	6
195.55	20.2266	555.4777	5.1125	6
195.6	20.2268	555.2869	5.1135	6
195.65	20.227	554.9951	5.1198	6
195.7	20.2269	555.2998	5.1222	6
195.75	20.2269	555.435	5.1213	6
195.8	20.2272	555.3637	5.1098	6
195.85	20.227	555.8051	5.0987	6
195.9	20.2271	555.7568	5.0907	6
195.95	20.2271	555.9209	5.1003	6
196	20.2275	555.5615	5.116	6
196.05	20.2277	555.602	5.111	6
196.1	20.2275	555.7015	5.1136	6
196.15	20.2273	554.5709	5.119	6
196.2	20.2269	553.9592	5.1011	6
196.25	20.2267	554.2536	5.1091	6
196.3	20.2266	554.3657	5.1103	6
196.35	20.2271	553.9095	5.1013	6
196.4	20.2269	554.48	5.1129	6
196.45	20.2269	554.7135	5.1201	6
196.5	20.2272	554.349	5.1148	6
196.55	20.2271	554.6521	5.1014	6
196.6	20.2273	554.7417	5.1023	6
196.65	20.2276	554.547	5.1183	6
196.7	20.2276	554.6669	5.1262	6
196.75	20.2276	554.9857	5.1337	6
196.8	20.2275	555.1098	5.1335	6
196.85	20.2276	554.9515	5.1264	6
196.9	20.2276	555.2453	5.1183	6
196.95	20.2273	554.8684	5.1179	6
197	20.2268	554.0518	5.1328	6
197.05	20.2266	554.1286	5.1387	6
197.1	20.2267	554.2616	5.1268	6
197.15	20.2272	553.6361	5.1265	6
197.2	20.2273	553.5287	5.1128	6
197.25	20.2271	554.0368	5.0995	6
197.3	20.2274	553.7327	5.1162	6
197.35	20.2273	554.0839	5.1179	6
197.4	20.2269	554.9412	5.1242	6
197.45	20.2274	554.2674	5.119	6
197.5	20.2275	554.3095	5.1209	6
197.55	20.2274	554.7422	5.1368	6
197.6	20.2277	554.3175	5.1327	6
197.65	20.228	553.8667	5.1207	6
197.7	20.2277	554.5248	5.1158	6
197.75	20.2275	554.3134	5.119	6
197.8	20.2271	553.0163	5.1248	6
197.85	20.2265	553.3326	5.1196	6
197.9	20.2262	553.7597	5.1362	6
197.95	20.2266	553.314	5.1386	6
198	20.2265	553.4728	5.1282	6
198.05	20.2265	553.8887	5.1338	6
198.1	20.227	553.3998	5.1416	6
198.15	20.227	553.5795	5.137	6
198.2	20.2268	554.0082	5.1323	6
198.25	20.2273	553.4138	5.143	6
198.3	20.2273	553.5499	5.1448	6
198.35	20.2272	554.0029	5.1249	6
198.4	20.2277	553.5201	5.1145	6
198.45	20.2283	553.0355	5.1269	6
198.5	20.2278	553.9344	5.1156	6
198.55	20.228	553.6383	5.1114	6
198.6	20.228	552.2613	5.1195	6
198.65	20.2269	552.2231	5.1355	6
198.7	20.2266	552.4457	5.1308	6
198.75	20.2273	551.7715	5.1119	6
198.8	20.2271	552.3408	5.1279	6
198.85	20.2271	552.7566	5.1239	6
198.9	20.2272	552.5243	5.1254	6
198.95	20.2277	552.2422	5.1171	6
199	20.2273	553.0802	5.1009	6
199.05	20.2275	552.8783	5.111	6
199.1	20.2276	552.6464	5.111	6
199.15	20.227	553.3638	5.1077	6
199.2	20.2273	553.2023	5.1191	6
199.25	20.2272	553.3058	5.115	6
199.3	20.227	553.9616	5.1138	6
199.35	20.2272	553.965	5.0927	6
199.4	20.2271	553.4677	5.0695	6
199.45	20.2261	552.968	5.0819	6
199.5	20.226	552.5859	5.1003	6
199.55	20.2262	552.6057	5.0948	6
199.6	20.2262	552.6904	5.0979	6
199.65	20.2261	552.9094	5.1117	6
199.7	20.2261	552.9961	5.1001	6
199.75	20.2266	552.5536	5.0963	6
199.8	20.2261	553.2349	5.1141	6
199.85	20.2262	553.3695	5.0967	6
199.9	20.2265	553.0397	5.0811	6
199.95	20.2263	553.1788	5.097	6
200	20.2263	553.4791	5.1091	6
200.05	20.2266	553.3827	5.1138	6
200.1	20.2267	553.365	5.1047	6
200.15	20.2268	553.3266	5.1084	6
200.2	20.2267	553.442	5.1044	6
200.25	20.2274	552.8657	5.1089	6
200.3	20.2273	552.8483	5.122	6
200.35	20.2264	552.6902	5.1255	6
200.4	20.2264	551.7146	5.1251	6
200.45	20.2264	551.7668	5.1226	6
200.5	20.2262	552.4271	5.1188	6
200.55	20.2263	552.4307	5.103	6
200.6	20.2264	552.2041	5.1109	6
200.65	20.2264	552.2835	5.1156	6
200.7	20.2264	552.5146	5.112	6
200.75	20.2264	552.4111	5.114	6
200.8	20.2267	552.1589	5.0981	6
200.85	20.2264	552.6067	5.0666	6
200.9	20.2266	552.4363	5.0793	6
200.95	20.2266	552.5665	5.0953	6
201	20.2267	552.6918	5.1108	6
201.05	20.2267	552.7507	5.1019	6
201.1	20.2267	553.0589	5.0897	6
201.15	20.227	552.8886	5.0919	6
201.2	20.2268	553.0258	5.0921	6
201.25	20.2264	553.387	5.0904	6
201.3	20.226	552.3991	5.086	6
201.35	20.2257	551.906	5.097	6
201.4	20.2253	552.5602	5.1089	6
201.45	20.2256	552.3502	5.1019	6
201.5	20.2256	552.4943	5.1117	6
201.55	20.2256	552.7753	5.1278	6
201.6	20.226	552.3508	5.1232	6
201.65	20.2257	552.698	5.1105	6
201.7	20.2256	553.0346	5.1214	6
201.75	20.2258	552.9358	5.142	6
201.8	20.2259	552.8617	5.1443	6
201.85	20.2259	553.1056	5.1467	6
201.9	20.226	552.9505	5.1417	6
201.95	20.2262	552.738	5.1454	6
202	20.2258	553.3982	5.1335	6
202.05	20.2259	553.3585	5.1334	6
202.1	20.2264	552.7815	5.1426	6
202.15	20.2262	553.3081	5.1355	6
202.2	20.226	553.5581	5.1228	6
202.25	20.2263	552.981	5.1308	6
202.3	20.2261	553.3649	5.1365	6
202.35	20.2252	553.3693	5.1272	6
202.4	20.2252	552.1764	5.1191	6
202.45	20.225	552.417	5.1305	6
202.5	20.2247	553.0259	5.1377	6
202.55	20.2253	552.1218	5.1099	6
202.6	20.2253	552.1468	5.0979	6
202.65	20.2251	552.8736	5.0987	6
202.7	20.2256	552.2612	5.1029	6
202.75	20.2258	552.1059	5.1244	6
202.8	20.2253	553.0287	5.1126	6
202.85	20.2258	552.5219	5.1177	6
202.9	20.2262	552.0294	5.1459	6
202.95	20.2258	552.7487	5.1424	6
203	20.2257	552.9631	5.1286	6
203.05	20.2264	551.9426	5.1239	6
203.1	20.2263	552.1328	5.1145	6
203.15	20.226	552.8999	5.1188	6
203.2	20.2266	552.1786	5.1101	6
203.25	20.2267	551.9955	5.1171	6
203.3	20.2262	552.6789	5.1231	6
203.35	20.2268	551.9599	5.1141	6
203.4	20.227	551.1454	5.1162	6
203.45	20.226	551.0642	5.117	6
203.5	20.2257	550.9063	5.1462	6
203.55	20.2259	550.7945	5.1411	6
203.6	20.2257	551.2639	5.1202	6
203.65	20.2256	551.138	5.1219	6
203.7	20.2257	551.0625	5.1187	6
203.75	20.2255	551.5749	5.1139	6
203.8	20.2257	551.3065	5.1242	6
203.85	20.2258	551.1588	5.1352	6
203.9	20.2257	551.5118	5.1341	6
203.95	20.2259	551.3927	5.1167	6
204	20.2263	551.0704	5.1257	6
204.05	20.2262	551.4571	5.1295	6
204.1	20.2262	551.5524	5.126	6
204.15	20.2266	551.0679	5.1342	6
204.2	20.2264	551.3098	5.1073	6
204.25	20.2264	551.6265	5.1122	6
204.3	20.2269	551.1687	5.129	6
204.35	20.227	551.0231	5.1083	6
204.4	20.2266	551.2686	5.0978	6
204.45	20.2264	550.355	5.0956	6
204.5	20.2262	549.7569	5.1083	6
204.55	20.2257	550.4541	5.1101	6
204.6	20.2256	550.6735	5.1092	6
204.65	20.2258	550.3827	5.1168	6
204.7	20.2255	550.8777	5.1265	6
204.75	20.2255	551.0561	5.1207	6
204.8	20.2262	550.5001	5.1163	6
204.85	20.2263	550.5806	5.1227	6
204.9	20.2261	551.1093	5.1461	6
204.95	20.2267	550.4426	5.1573	6
205	20.2267	550.5168	5.1497	6
205.05	20.2263	551.216	5.1555	6
205.1	20.2267	550.5783	5.161	6
205.15	20.227	550.1906	5.1486	6
205.2	20.2265	551.1654	5.1475	6
205.25	20.2269	550.7342	5.1479	6
205.3	20.2274	550.2293	5.1599	6
205.35	20.2268	551.0119	5.1577	6
205.4	20.2266	550.3332	5.1437	6
205.45	20.2264	549.2105	5.1358	6
205.5	20.2258	549.8935	5.1325	6
205.55	20.2258	549.9189	5.1218	6
205.6	20.2261	549.5406	5.1204	6
205.65	20.2261	549.6151	5.1168	6
205.7	20.2261	549.7966	5.1258	6
205.75	20.2263	549.64	5.129	6
205.8	20.2265	549.6065	5.1204	6
205.85	20.2266	549.7349	5.1077	6
205.9	20.2267	549.7831	5.1214	6
205.95	20.227	549.5829	5.136	6
206	20.2271	549.6548	5.1183	6
206.05	20.2271	549.6652	5.1044	6
206.1	20.2271	549.6574	5.1157	6
206.15	20.2269	549.9235	5.1271	6
206.2	20.2269	550.0947	5.1209	6
206.25	20.227	549.8913	5.1207	6
206.3	20.2268	549.7001	5.1368	6
206.35	20.2261	549.0883	5.1363	6
206.4	20.2261	548.5941	5.1139	6
206.45	20.2259	549.0395	5.1326	6
206.5	20.2261	548.9052	5.1416	6
206.55	20.2262	548.9355	5.1381	6
206.6	20.2257	549.5102	5.1358	6
206.65	20.2256	549.5381	5.1411	6
206.7	20.2256	549.5861	5.1431	6
206.75	20.2257	550.0208	5.1397	6
206.8	20.2259	549.9301	5.1317	6
206.85	20.226	549.8016	5.1355	6
206.9	20.2259	550.0002	5.1437	6
206.95	20.226	549.9769	5.141	6
207	20.2263	549.8416	5.143	6
207.05	20.2265	549.9698	5.1354	6
207.1	20.2266	549.9804	5.134	6
207.15	20.2271	549.446	5.1088	6
207.2	20.2272	549.4094	5.1008	6
207.25	20.227	549.5066	5.1055	6
207.3	20.227	548.6322	5.1199	6
207.35	20.2265	547.4558	5.12	6
207.4	20.2263	547.4941	5.1033	6
207.45	20.2264	547.6377	5.1131	6
207.5	20.2271	546.918	5.1203	6
207.55	20.2273	546.9629	5.1193	6
207.6	20.2273	547.2195	5.1195	6
207.65	20.2276	546.7114	5.126	6
207.7	20.2278	546.4799	5.1206	6
207.75	20.2277	546.6631	5.1207	6
207.8	20.228	546.5028	5.1127	6
207.85	20.2284	546.2521	5.1133	6
207.9	20.2285	546.2195	5.1151	6
207.95	20.2288	545.9119	5.1328	6
208	20.229	545.7074	5.1273	6
208.05	20.2289	545.2003	5.1152	6
208.1	20.2285	544.3642	5.1227	6
208.15	20.2284	544.0889	5.1267	6
208.2	20.2286	543.8708	5.1271	6
208.25	20.2285	544.0746	5.1381	6
208.3	20.2285	544.2773	5.1383	6
208.35	20.2286	544.1517	5.1532	6
208.4	20.2286	544.2373	5.1552	6
208.45	20.2286	544.4804	5.1476	6
208.5	20.2288	544.2771	5.1525	6
208.55	20.229	544.2765	5.1465	6
208.6	20.2287	544.6402	5.1445	6
208.65	20.2289	544.6048	5.1293	6
208.7	20.229	544.0344	5.1325	6
208.75	20.2282	543.6196	5.1441	6
208.8	20.2278	543.5256	5.1452	6
208.85	20.2279	543.6327	5.1546	6
208.9	20.2281	543.6977	5.1537	6
208.95	20.2279	543.8603	5.1409	6
209	20.2278	543.9739	5.1486	6
209.05	20.2278	543.9882	5.1499	6
209.1	20.2279	544.1636	5.147	6
209.15	20.228	544.2458	5.1341	6
209.2	20.2279	544.4775	5.1225	6
209.25	20.2279	544.5567	5.1395	6
209.3	20.2281	544.5323	5.1471	6
209.35	20.228	544.743	5.1309	6
209.4	20.2279	544.7451	5.1118	6
209.45	20.2277	544.2929	5.1035	6
209.5	20.2273	543.5474	5.1331	6
209.55	20.227	543.947	5.1298	6
209.6	20.2267	544.3061	5.1037	6
209.65	20.2268	544.0195	5.0931	6
209.7	20.2268	544.2429	5.0906	6
209.75	20.2264	544.8624	5.098	6
209.8	20.2264	544.7774	5.112	6
209.85	20.2264	544.8483	5.1195	6
209.9	20.2263	545.1986	5.1107	6
209.95	20.2263	545.478	5.1064	6
210	20.2267	545.0306	5.1143	6
210.05	20.2265	545.3042	5.1139	6
210.1	20.2264	545.5843	5.114	6
210.15	20.2268	545.1384	5.133	6
210.2	20.2266	545.4724	5.1351	6
210.25	20.2267	545.5015	5.1324	6
210.3	20.2268	545.4226	5.1327	6
210.35	20.2263	545.1519	5.1239	6
210.4	20.2255	544.522	5.1256	6
210.45	20.2252	544.5695	5.1177	6
210.5	20.225	544.9605	5.1139	6
210.55	20.2249	545.2416	5.1211	6
210.6	20.2251	545.2302	5.1166	6
210.65	20.2249	545.5859	5.1104	6
210.7	20.2248	545.7834	5.1095	6
210.75	20.225	545.4729	5.1125	6
210.8	20.225	545.6891	5.1104	6
210.85	20.2249	546.077	5.1171	6
210.9	20.2252	545.7975	5.1376	6
210.95	20.2253	545.7039	5.1534	6
211	20.2248	546.4242	5.1656	6
211.05	20.225	546.1751	5.1477	6
211.1	20.2251	546.0211	5.1319	6
211.15	20.2245	546.9102	5.1254	6
211.2	20.2246	546.9283	5.1143	6
211.25	20.225	546.6526	5.1079	6
211.3	20.2246	547.3953	5.1129	6
211.35	20.2246	547.7014	5.1348	6
211.4	20.2249	547.2651	5.1261	6
211.45	20.2245	547.7901	5.1152	6
211.5	20.2243	548.2754	5.1373	6
211.55	20.2246	547.8867	5.1688	6
211.6	20.2243	548.3481	5.1596	6
211.65	20.224	549.0342	5.1469	6
211.7	20.2244	548.5538	5.1291	6
211.75	20.2238	548.1252	5.115	6
211.8	20.2227	548.184	5.1205	6
211.85	20.2229	547.7057	5.1151	6
211.9	20.2229	547.705	5.1138	6
211.95	20.2228	548.1282	5.1319	6
212	20.2231	547.9545	5.1273	6
212.05	20.2233	547.7082	5.1327	6
212.1	20.2231	548.1175	5.1365	6
212.15	20.2233	548.0747	5.1373	6
212.2	20.2236	547.7329	5.1483	6
212.25	20.2236	547.9708	5.1333	6
212.3	20.2238	547.8097	5.1375	6
212.35	20.2241	547.5527	5.1451	6
212.4	20.2243	547.3607	5.1299	6
212.45	20.2243	547.3444	5.1258	6
212.5	20.2248	546.7501	5.1224	6
212.55	20.225	546.4919	5.1102	6
212.6	20.2252	546.4337	5.1099	6
212.65	20.2256	546.1307	5.1211	6
212.7	20.226	545.8284	5.1188	6
212.75	20.226	545.8833	5.1074	6
212.8	20.2261	545.6166	5.113	6
212.85	20.2263	545.414	5.1261	6
212.9	20.2265	545.5307	5.1252	6
212.95	20.227	545.0741	5.1334	6
213	20.2273	544.8366	5.1373	6
213.05	20.2271	545.1551	5.1266	6
213.1	20.2275	544.6756	5.1124	6
213.15	20.2271	543.9933	5.121	6
213.2	20.2263	543.65	5.1376	6
213.25	20.2263	543.445	5.1316	6
213.3	20.2267	543.0329	5.1182	6
213.35	20.2265	543.4319	5.1131	6
213.4	20.2264	543.4661	5.1248	6
213.45	20.2266	543.1658	5.1363	6
213.5	20.2268	543.0623	5.1072	6
213.55	20.2266	543.4227	5.1	6
213.6	20.2269	543.0311	5.1157	6
213.65	20.227	542.7349	5.1096	6
213.7	20.2268	543.141	5.1175	6
213.75	20.227	543.0197	5.1386	6
213.8	20.2275	542.6328	5.1442	6
213.85	20.2271	543.2936	5.1308	6
213.9	20.2273	543.2083	5.1263	6
213.95	20.2272	543.3827	5.1305	6
214	20.227	543.5087	5.1308	6
214.05	20.2266	542.7322	5.1319	6
214.1	20.2261	542.6186	5.1343	6
214.15	20.226	542.8122	5.1365	6
214.2	20.2261	542.5871	5.1388	6
214.25	20.2259	543.0178	5.1398	6
214.3	20.2259	543.3412	5.1343	6
214.35	20.226	543.1905	5.1375	6
214.4	20.2261	543.0668	5.1456	6
214.45	20.2257	543.6633	5.1357	6
214.5	20.2257	543.641	5.1377	6
214.55	20.2261	543.2358	5.1507	6
214.6	20.2258	543.8303	5.1522	6
214.65	20.2257	544.1316	5.1356	6
214.7	20.2266	542.9261	5.1214	6
214.75	20.2267	542.8767	5.12	6
214.8	20.2263	543.5448	5.1068	6
214.85	20.2271	542.479	5.109	6
214.9	20.2275	541.9783	5.1094	6
214.95	20.2266	543.2455	5.1134	6
215	20.2266	542.3967	5.1398	6
215.05	20.2266	540.6905	5.1449	6
215.1	20.2252	542.0965	5.1478	6
215.15	20.2253	542.2466	5.1462	6
215.2	20.226	541.1831	5.1375	6
215.25	20.2254	541.9925	5.1478	6
215.3	20.2248	543.0637	5.1453	6
215.35	20.2257	541.7931	5.139	6
215.4	20.2258	541.8948	5.1328	6
215.45	20.2251	543.1178	5.1187	6
215.5	20.2252	542.9295	5.1307	6
215.55	20.2258	542.2997	5.1234	6
215.6	20.225	543.4015	5.1265	6
215.65	20.2248	543.7657	5.131	6
215.7	20.2253	543.1481	5.1193	6
215.75	20.2254	543.2182	5.1237	6
215.8	20.2249	544.1566	5.1276	6
215.85	20.2253	543.7554	5.1512	6
215.9	20.2253	543.477	5.1587	6
215.95	20.2252	543.814	5.1375	6
216	20.2251	544.0401	5.1254	6
216.05	20.2255	543.5693	5.1188	6
216.1	20.2255	543.8046	5.1211	6
216.15	20.2253	544.0464	5.1284	6
216.2	20.2251	543.6119	5.1345	6
216.25	20.2245	542.9745	5.1326	6
216.3	20.2242	543.1201	5.1166	6
216.35	20.2241	543.4595	5.1194	6
216.4	20.2242	543.4477	5.1284	6
216.45	20.2246	543.1568	5.1101	6
216.5	20.2246	543.2609	5.1103	6
216.55	20.2243	543.616	5.1066	6
216.6	20.2245	543.3921	5.1048	6
216.65	20.2243	543.6169	5.1004	6
216.7	20.2241	544.1335	5.1041	6
216.75	20.2242	544.1884	5.1148	6
216.8	20.2241	544.2805	5.1237	6
216.85	20.2241	544.3411	5.1195	6
216.9	20.224	544.5295	5.1121	6
216.95	20.2242	544.4565	5.088	6
217	20.2242	544.4573	5.1063	6
217.05	20.2242	544.62	5.1313	6
217.1	20.2245	544.509	5.1292	6
217.15	20.2244	544.7466	5.1169	6
217.2	20.2246	544.5777	5.1127	6
217.25	20.2247	544.5383	5.1238	6
217.3	20.2247	544.7341	5.1095	6
217.35	20.2247	544.7114	5.0901	6
217.4	20.2248	544.6458	5.0998	6
217.45	20.2247	544.875	5.1092	6
217.5	20.2245	545.1893	5.114	6
217.55	20.2246	544.9757	5.1219	6
217.6	20.2244	545.2972	5.0957	6
217.65	20.2242	545.6916	5.0998	6
217.7	20.2243	545.6589	5.1006	6
217.75	20.2241	545.8373	5.1165	6
217.8	20.2236	545.3469	5.1093	6
217.85	20.2231	544.7531	5.0765	6
217.9	20.2228	545.088	5.093	6
217.95	20.2227	545.3388	5.1039	6
218	20.2229	545.2675	5.1087	6
218.05	20.2229	545.2922	5.0984	6
218.1	20.2225	545.7791	5.0906	6
218.15	20.2227	545.5492	5.087	6
218.2	20.2227	545.5963	5.0812	6
218.25	20.2226	545.8744	5.0858	6
218.3	20.2224	546.2095	5.1067	6
218.35	20.2226	545.9136	5.1097	6
218.4	20.2224	546.3422	5.0953	6
218.45	20.2223	546.6061	5.0969	6
218.5	20.2227	546.1751	5.098	6
218.55	20.2227	546.2943	5.0916	6
218.6	20.2229	546.3996	5.0949	6
218.65	20.223	546.3522	5.1001	6
218.7	20.2232	546.1134	5.1032	6
218.75	20.2231	546.4285	5.1116	6
218.8	20.2232	546.6277	5.0986	6
218.85	20.2233	546.5257	5.0905	6
218.9	20.2232	546.5446	5.0817	6
218.95	20.2232	546.7915	5.0928	6
219	20.2233	546.7281	5.1078	6
219.05	20.223	547.0858	5.117	6
219.1	20.2231	547.1577	5.1183	6
219.15	20.2233	546.7837	5.1135	6
219.2	20.2232	546.8975	5.1214	6
219.25	20.223	547.3562	5.1153	6
219.3	20.2238	546.3737	5.1171	6
219.35	20.2234	546.9043	5.1173	6
219.4	20.2232	547.501	5.1181	6
219.45	20.2235	546.9311	5.1034	6
219.5	20.2236	546.7055	5.0964	6
219.55	20.223	547.8022	5.1075	6
219.6	20.2234	547.1588	5.1172	6
219.65	20.224	546.6198	5.119	6
219.7	20.2234	547.7231	5.1222	6
219.75	20.2235	547.5595	5.1284	6
219.8	20.2244	546.4668	5.1204	6
219.85	20.2237	547.4634	5.1237	6
219.9	20.2237	547.6925	5.1297	6
219.95	20.2246	546.5752	5.118	6
220	20.2241	547.4068	5.1062	6
220.05	20.224	547.7787	5.1089	6
220.1	20.2249	546.5648	5.1301	6
220.15	20.2245	547.1924	5.1448	6
220.2	20.224	548.1296	5.1499	6
220.25	20.2247	546.9913	5.1445	6
220.3	20.2242	546.13	5.148	6
220.35	20.2231	546.4591	5.1413	6
220.4	20.2235	545.8851	5.1238	6
220.45	20.2234	545.9286	5.1229	6
220.5	20.2231	546.48	5.134	6
220.55	20.2233	546.4924	5.1353	6
220.6	20.2235	546.4705	5.1424	6
220.65	20.2232	547.178	5.1369	6
220.7	20.2233	547.1149	5.1418	6
220.75	20.2234	546.7956	5.1482	6
220.8	20.2229	547.3405	5.1331	6
220.85	20.2232	547.1282	5.1433	6
220.9	20.2237	546.5596	5.1577	6
220.95	20.2234	547.051	5.1606	6
221	20.2233	547.3601	5.1803	6
221.05	20.2236	546.9582	5.1649	6
221.1	20.2239	546.7696	5.1381	6
221.15	20.2234	547.4229	5.1374	6
221.2	20.2238	546.9229	5.1337	6
221.25	20.2238	547.0258	5.1318	6
221.3	20.2235	547.5815	5.1229	6
221.35	20.2238	547.3454	5.1342	6
221.4	20.224	547.1205	5.1382	6
221.45	20.224	547.5237	5.1357	6
221.5	20.224	547.5344	5.1389	6
221.55	20.2243	547.0242	5.1362	6
221.6	20.2241	547.4205	5.1456	6
221.65	20.224	547.6784	5.1411	6
221.7	20.2244	547.2175	5.1347	6
221.75	20.2244	547.308	5.1266	6
221.8	20.2239	548.0155	5.1106	6
221.85	20.2242	547.6495	5.1228	6
221.9	20.2246	547.213	5.1343	6
221.95	20.2243	547.755	5.1305	6
222	20.2242	548.0269	5.1258	6
222.05	20.2246	547.4469	5.1193	6
222.1	20.2244	547.7011	5.121	6
222.15	20.2241	548.223	5.1342	6
222.2	20.2244	547.7619	5.1457	6
222.25	20.224	546.8994	5.1473	6
222.3	20.2232	546.8364	5.1402	6
222.35	20.223	546.856	5.1329	6
222.4	20.2231	546.689	5.1451	6
222.45	20.2229	547.0937	5.1255	6
222.5	20.2229	547.3158	5.1079	6
222.55	20.2231	547.1413	5.1214	6
222.6	20.2229	547.5033	5.1316	6
222.65	20.2232	547.3871	5.1531	6
222.7	20.2231	547.5216	5.1413	6
222.75	20.2229	547.8275	5.1457	6
222.8	20.2232	547.5593	5.1457	6
222.85	20.2233	547.4887	5.1357	6
222.9	20.2231	547.7889	5.1321	6
222.95	20.2232	547.6891	5.1323	6
223	20.2234	547.5788	5.1402	6
223.05	20.2234	547.8062	5.1449	6
223.1	20.2235	547.8109	5.1525	6
223.15	20.2237	547.6187	5.1531	6
223.2	20.2236	547.7824	5.1414	6
223.25	20.2234	547.9733	5.1456	6
223.3	20.2235	547.7922	5.1551	6
223.35	20.2237	547.4988	5.1423	6
223.4	20.2237	547.6349	5.1505	6
223.45	20.2237	547.8499	5.1472	6
223.5	20.2239	547.7378	5.1308	6
223.55	20.2236	548.0414	5.132	6
223.6	20.2239	547.7059	5.1188	6
223.65	20.224	547.5837	5.1252	6
223.7	20.2235	548.2913	5.1346	6
223.75	20.2242	547.5745	5.1298	6
223.8	20.2243	547.5871	5.1487	6
223.85	20.224	548.0237	5.1504	6
223.9	20.2242	547.8062	5.1469	6
223.95	20.2246	547.1258	5.1417	6
224	20.2241	547.8075	5.1398	6
224.05	20.2241	548.0265	5.1415	6
224.1	20.2248	547.1895	5.1275	6
224.15	20.2247	547.441	5.1432	6
224.2	20.2247	547.8515	5.1547	6
224.25	20.2253	547.0011	5.1654	6
224.3	20.2248	546.3925	5.1794	6
224.35	20.2238	546.4536	5.1553	6
224.4	20.2238	546.0805	5.1496	6
224.45	20.2238	546.1223	5.1678	6
224.5	20.2233	547.1534	5.166	6
224.55	20.2235	546.7687	5.1534	6
224.6	20.2238	546.6188	5.1445	6
224.65	20.2235	547.2969	5.1462	6
224.7	20.2238	546.9622	5.1611	6
224.75	20.224	546.7007	5.151	6
224.8	20.2235	547.4252	5.1475	6
224.85	20.2238	547.1255	5.1417	6
224.9	20.2242	546.8273	5.1455	6
224.95	20.2237	547.4942	5.1661	6
225	20.2239	547.3311	5.1514	6
225.05	20.224	547.2114	5.1348	6
225.1	20.224	547.3896	5.1305	6
225.15	20.2241	547.4754	5.13	6
225.2	20.2244	547.2747	5.1376	6
225.25	20.2244	547.5268	5.1315	6
225.3	20.2242	547.6826	5.1325	6
225.35	20.2245	547.4074	5.1403	6
225.4	20.2244	547.7443	5.1392	6
225.45	20.2244	547.7984	5.1496	6
225.5	20.2247	547.3968	5.1449	6
225.55	20.2247	547.3987	5.1315	6
225.6	20.2243	548.0395	5.141	6
225.65	20.2246	547.7405	5.1496	6
225.7	20.2251	547.3308	5.1641	6
225.75	20.2246	547.9918	5.1509	6
225.8	20.2248	547.8726	5.1379	6
225.85	20.2253	547.0896	5.1173	6
225.9	20.2251	547.5545	5.1089	6
225.95	20.2247	547.7802	5.1212	6
226	20.2242	546.4337	5.1305	6
226.05	20.2237	546.096	5.1349	6
226.1	20.2233	546.9362	5.119	6
226.15	20.2235	546.867	5.1187	6
226.2	20.224	546.2283	5.1356	6
226.25	20.2239	546.5912	5.1302	6
226.3	20.2237	546.8971	5.1213	6
226.35	20.2239	546.4412	5.1102	6
226.4	20.224	546.4099	5.0919	6
226.45	20.2237	546.8374	5.1026	6
226.5	20.2238	546.9734	5.1149	6
226.55	20.2241	546.6649	5.11	6
226.6	20.2241	546.775	5.118	6
226.65	20.2241	546.9108	5.1114	6
226.7	20.2242	546.6768	5.0993	6
226.75	20.2243	546.6208	5.1132	6
226.8	20.2242	547.0947	5.1217	6
226.85	20.2242	547.1534	5.1121	6
226.9	20.2244	546.9125	5.0972	6
226.95	20.2242	547.2446	5.0975	6
227	20.2244	547.0582	5.0939	6
227.05	20.2247	546.6671	5.0984	6
227.1	20.2248	546.6255	5.113	6
227.15	20.2249	546.5772	5.1047	6
227.2	20.2249	546.4801	5.1061	6
227.25	20.225	546.3696	5.1186	6
227.3	20.2249	546.626	5.1129	6
227.35	20.2252	546.6086	5.1114	6
227.4	20.2253	546.6364	5.1124	6
227.45	20.2254	546.5515	5.1161	6
227.5	20.2254	546.5904	5.1165	6
227.55	20.2255	546.0962	5.0985	6
227.6	20.2249	545.2869	5.0897	6
227.65	20.2245	545.1095	5.107	6
227.7	20.2246	545.0114	5.1169	6
227.75	20.2247	545.0379	5.1258	6
227.8	20.2248	545.089	5.1213	6
227.85	20.225	544.7845	5.1008	6
227.9	20.225	544.6733	5.0872	6
227.95	20.225	544.7768	5.0866	6
228	20.2253	544.709	5.0822	6
228.05	20.2254	544.6423	5.0773	6
228.1	20.2255	544.513	5.0994	6
228.15	20.2257	544.306	5.1298	6
228.2	20.2257	544.3697	5.1177	6
228.25	20.2256	544.4479	5.0946	6
228.3	20.226	544.0566	5.0911	6
228.35	20.2259	544.2537	5.1023	6
228.4	20.2258	544.6711	5.1013	6
228.45	20.2263	544.2566	5.1077	6
228.5	20.2262	544.4639	5.1208	6
228.55	20.2259	544.8822	5.1243	6
228.6	20.2263	544.4869	5.1194	6
228.65	20.2265	544.2361	5.1275	6
228.7	20.2261	544.3827	5.1228	6
228.75	20.2256	543.3492	5.1235	6
228.8	20.2255	542.6079	5.1373	6
228.85	20.2252	543.0761	5.1292	6
228.9	20.2251	543.3501	5.1148	6
228.95	20.2254	543.069	5.1138	6
229	20.2255	543.2378	5.1313	6
229.05	20.2253	543.5771	5.1429	6
229.1	20.2256	543.269	5.1302	6
229.15	20.2255	543.4676	5.1285	6
229.2	20.2254	543.7083	5.1227	6
229.25	20.2257	543.4648	5.1302	6
229.3	20.2257	543.6325	5.1373	6
229.35	20.2256	543.9355	5.1322	6
229.4	20.2262	543.1772	5.133	6
229.45	20.2258	543.7033	5.1263	6
229.5	20.2257	543.8377	5.1338	6
229.55	20.2261	543.2119	5.1422	6
229.6	20.2261	543.3655	5.1308	6
229.65	20.226	543.6617	5.1429	6
229.7	20.2264	543.1135	5.1351	6
229.75	20.2265	543.129	5.113	6
229.8	20.2262	543.2904	5.1046	6
229.85	20.2259	542.1473	5.1216	6
229.9	20.2256	541.7829	5.1504	6
229.95	20.2255	542.165	5.1547	6
230	20.2258	541.9073	5.1668	6
230.05	20.2258	541.9573	5.1636	6
230.1	20.2256	542.4242	5.1378	6
230.15	20.226	542.1807	5.1385	6
230.2	20.2263	541.944	5.1359	6
230.25	20.2262	542.2783	5.1394	6
230.3	20.2263	542.2627	5.1433	6
230.35	20.2266	541.7265	5.1195	6
230.4	20.2267	541.7175	5.1253	6
230.45	20.2266	542.0558	5.1369	6
230.5	20.227	541.6053	5.1328	6
230.55	20.2271	541.4103	5.1209	6
230.6	20.2269	541.7692	5.1078	6
230.65	20.2271	541.7704	5.131	6
230.7	20.2276	541.3178	5.1314	6
230.75	20.2274	541.0478	5.1163	6
230.8	20.2267	540.4106	5.1111	6
230.85	20.2267	539.8139	5.1169	6
230.9	20.2267	539.7118	5.1251	6
230.95	20.2265	540.093	5.1156	6
231	20.2269	539.861	5.1226	6
231.05	20.2269	539.8441	5.1199	6
231.1	20.2268	540.1836	5.1081	6
231.15	20.2268	540.0417	5.1185	6
231.2	20.2269	540.038	5.1305	6
231.25	20.2268	540.3975	5.1193	6
231.3	20.227	540.3663	5.1212	6
231.35	20.227	540.1162	5.124	6
231.4	20.227	540.1964	5.1141	6
231.45	20.2271	540.3404	5.1261	6
231.5	20.2272	540.1068	5.1119	6
231.55	20.2274	539.9269	5.1055	6
231.6	20.2271	540.1917	5.1029	6
231.65	20.2269	539.4175	5.1061	6
231.7	20.2265	538.7625	5.127	6
231.75	20.2261	539.0465	5.1342	6
231.8	20.2259	539.297	5.1463	6
231.85	20.2262	539.093	5.1324	6
231.9	20.2265	538.7997	5.1218	6
231.95	20.2263	539.0235	5.1056	6
232	20.2263	539.0859	5.0963	6
232.05	20.2267	538.6957	5.107	6
232.1	20.2265	539.0432	5.1247	6
232.15	20.2261	539.7865	5.1163	6
232.2	20.2266	539.299	5.1302	6
232.25	20.2266	539.2668	5.1357	6
232.3	20.2259	540.243	5.1236	6
232.35	20.2263	539.7963	5.127	6
232.4	20.2266	539.2879	5.118	6
232.45	20.2262	539.9414	5.1176	6
232.5	20.226	540.1346	5.1134	6
232.55	20.2268	539.0655	5.1155	6
232.6	20.226	538.9719	5.1365	6
232.65	20.2249	538.8299	5.1299	6
232.7	20.2252	538.1245	5.1143	6
232.75	20.2256	537.6596	5.1215	6
232.8	20.2251	538.7135	5.1326	6
232.85	20.2257	538.0714	5.1425	6
232.9	20.2263	537.406	5.1465	6
232.95	20.2257	538.2764	5.1476	6
233	20.2256	538.6138	5.1397	6
233.05	20.2264	537.5223	5.127	6
233.1	20.2262	538.0113	5.1299	6
233.15	20.2255	539.0287	5.1217	6
233.2	20.2262	538.1529	5.1299	6
233.25	20.2265	537.7384	5.1322	6
233.3	20.2256	538.9462	5.1229	6
233.35	20.226	538.3546	5.1313	6
233.4	20.2264	537.7644	5.1206	6
233.45	20.2259	538.5082	5.1127	6
233.5	20.2257	538.8353	5.1094	6
233.55	20.2261	538.2282	5.0948	6
233.6	20.226	538.4497	5.0981	6
233.65	20.2252	539.3502	5.112	6
233.7	20.225	538.376	5.1048	6
233.75	20.2247	537.8781	5.114	6
233.8	20.224	538.7694	5.1188	6
233.85	20.2241	539.0276	5.128	6
233.9	20.2244	538.6113	5.1395	6
233.95	20.2243	538.8409	5.1392	6
234	20.224	539.3319	5.1255	6
234.05	20.2242	539.133	5.1151	6
234.1	20.2244	539.0099	5.132	6
234.15	20.2242	539.3272	5.1413	6
234.2	20.2239	539.8291	5.1394	6
234.25	20.2243	539.4272	5.1172	6
234.3	20.2245	539.2788	5.115	6
234.35	20.2239	540.0241	5.1316	6
234.4	20.2241	539.7077	5.1389	6
234.45	20.2245	539.2152	5.133	6
234.5	20.2241	539.9079	5.1378	6
234.55	20.2241	540.0622	5.1343	6
234.6	20.2249	539.2246	5.1401	6
234.65	20.2249	539.3304	5.1413	6
234.7	20.2245	539.8303	5.1255	6
234.75	20.2251	539.0326	5.1363	6
234.8	20.2253	538.8772	5.1498	6
234.85	20.2249	539.67	5.1482	6
234.9	20.2251	539.4954	5.142	6
234.95	20.2257	538.7614	5.1378	6
235	20.2251	539.6566	5.158	6
235.05	20.2252	539.8599	5.1712	6
235.1	20.2261	538.493	5.1664	6
235.15	20.2254	538.1829	5.1461	6
235.2	20.2242	538.0201	5.1538	6
235.25	20.2249	536.9211	5.1839	6
235.3	20.2249	536.9428	5.1687	6
235.35	20.2244	537.7437	5.1521	6
235.4	20.2247	537.3191	5.1468	6
235.45	20.2251	536.8518	5.1383	6
235.5	20.2248	537.672	5.1517	6
235.55	20.2249	537.7036	5.1569	6
235.6	20.2252	537.2334	5.1459	6
235.65	20.2254	537.177	5.1456	6
235.7	20.2251	537.5434	5.143	6
235.75	20.2253	537.3483	5.1458	6
235.8	20.2257	536.8488	5.1472	6
235.85	20.2256	537.146	5.1421	6
235.9	20.2255	537.272	5.1398	6
235.95	20.2259	536.8745	5.1302	6
236	20.2259	537.0043	5.1287	6
236.05	20.2258	537.1188	5.1217	6
236.1	20.2256	537.4151	5.1154	6
236.15	20.2259	537.2815	5.123	6
236.2	20.226	537.2902	5.1217	6
236.25	20.2259	537.5948	5.118	6
236.3	20.2259	537.5489	5.1256	6
236.35	20.2256	537.1284	5.1227	6
236.4	20.2246	537.0163	5.1342	6
236.45	20.2241	537.0368	5.115	6
236.5	20.2243	536.8747	5.0961	6
236.55	20.224	537.571	5.109	6
236.6	20.2236	538.1189	5.1092	6
236.65	20.2238	537.7185	5.1164	6
236.7	20.2236	538.0434	5.1085	6
236.75	20.2233	538.6008	5.1082	6
236.8	20.2238	538.1221	5.123	6
236.85	20.2239	537.938	5.1371	6
236.9	20.2235	538.4237	5.1295	6
236.95	20.2237	538.2579	5.1074	6
237	20.2239	538.0739	5.1046	6
237.05	20.2235	538.7712	5.1172	6
237.1	20.2233	538.8898	5.1135	6
237.15	20.2237	538.394	5.1118	6
237.2	20.2235	538.8702	5.1217	6
237.25	20.2234	539.1912	5.1255	6
237.3	20.2239	538.6321	5.1312	6
237.35	20.2238	538.8905	5.1238	6
237.4	20.2234	539.3816	5.1217	6
237.45	20.2235	539.1224	5.1182	6
237.5	20.2238	538.9379	5.1255	6
237.55	20.2236	539.4093	5.1343	6
237.6	20.2236	539.524	5.1314	6
237.65	20.2238	539.2429	5.1355	6
237.7	20.2237	539.2994	5.1339	6
237.75	20.2237	539.5554	5.1333	6
237.8	20.224	539.3174	5.1317	6
237.85	20.2241	539.4311	5.1274	6
237.9	20.2241	539.5453	5.0978	6
237.95	20.2238	539.7119	5.0934	6
238	20.2236	539.7833	5.0894	6
238.05	20.2236	539.9232	5.0768	6
238.1	20.2237	539.879	5.0793	6
238.15	20.2238	539.7479	5.1054	6
238.2	20.2237	539.8323	5.1215	6
238.25	20.2241	539.5551	5.1255	6
238.3	20.2243	539.1413	5.1406	6
238.35	20.2235	538.5341	5.1372	6
238.4	20.2231	537.8898	5.1234	6
238.45	20.2232	537.5716	5.1202	6
238.5	20.223	537.811	5.1039	6
238.55	20.2233	537.7822	5.118	6
238.6	20.2235	537.3885	5.1313	6
238.65	20.2231	537.8499	5.1189	6
238.7	20.2232	537.903	5.117	6
238.75	20.2236	537.5536	5.1111	6
238.8	20.2234	537.8922	5.1147	6
238.85	20.2232	538.2226	5.1185	6
238.9	20.2237	537.7881	5.1096	6
238.95	20.2235	538.0071	5.1234	6
239	20.223	538.5862	5.113	6
239.05	20.2232	538.328	5.1097	6
239.1	20.2231	538.4394	5.1128	6
239.15	20.2226	539.2083	5.1045	6
239.2	20.2228	539.0244	5.1245	6
239.25	20.2228	538.9788	5.1337	6
239.3	20.2226	539.3919	5.1052	6
239.35	20.2225	539.4981	5.0997	6
239.4	20.2229	539.0031	5.1079	6
239.45	20.2226	539.4083	5.1181	6
239.5	20.2224	539.6646	5.1429	6
239.55	20.2226	539.3627	5.1309	6
239.6	20.2224	539.5926	5.1221	6
239.65	20.2222	539.9522	5.1095	6
239.7	20.2224	539.6194	5.1157	6
239.75	20.2224	539.7451	5.1249	6
239.8	20.2224	539.9791	5.1275	6
239.85	20.2227	539.8121	5.1387	6
239.9	20.2226	539.9401	5.1471	6
239.95	20.2224	540.3452	5.1488	6
240	20.2226	539.9579	5.1377	6
240.05	20.2227	539.8715	5.1199	6
240.1	20.2224	540.314	5.127	6
240.15	20.2228	539.9756	5.1415	6
240.2	20.2229	539.6606	5.1205	6
240.25	20.2225	540.0795	5.1146	6
240.3	20.2227	539.9688	5.122	6
240.35	20.2228	539.7381	5.1298	6
240.4	20.2225	540.1879	5.1303	6
240.45	20.2226	540.3091	5.1199	6
240.5	20.223	539.8446	5.1173	6
240.55	20.223	539.9247	5.1193	6
240.6	20.2229	540.1108	5.1158	6
240.65	20.2233	539.7202	5.127	6
240.7	20.2234	539.6668	5.1346	6
240.75	20.2236	539.6514	5.1543	6
240.8	20.2237	539.3746	5.1492	6
240.85	20.2237	539.351	5.135	6
240.9	20.2236	539.5598	5.1324	6
240.95	20.2238	539.1546	5.1119	6
241	20.224	539.0208	5.1028	6
241.05	20.2239	539.4057	5.1075	6
241.1	20.2242	539.0292	5.1333	6
241.15	20.2243	538.7691	5.1486	6
241.2	20.2235	538.4607	5.1246	6
241.25	20.2232	537.9634	5.1289	6
241.3	20.2229	538.2022	5.1263	6
241.35	20.2228	538.3544	5.1293	6
241.4	20.2228	538.5435	5.1418	6
241.45	20.2224	539.0672	5.1369	6
241.5	20.2226	538.9632	5.1531	6
241.55	20.2227	538.8485	5.146	6
241.6	20.2226	539.3387	5.1264	6
241.65	20.2228	539.3459	5.131	6
241.7	20.2228	539.1849	5.123	6
241.75	20.2227	539.6355	5.1179	6
241.8	20.2226	539.9234	5.1224	6
241.85	20.2226	539.7967	5.1141	6
241.9	20.2225	539.9024	5.1098	6
241.95	20.2221	540.4101	5.096	6
242	20.2224	540.3101	5.0991	6
242.05	20.2225	540.2567	5.1124	6
242.1	20.2223	540.8042	5.1268	6
242.15	20.2223	540.7862	5.1343	6
242.2	20.2224	540.488	5.1208	6
242.25	20.2221	541.0671	5.1063	6
242.3	20.2221	541.2415	5.1055	6
242.35	20.2224	540.9737	5.1123	6
242.4	20.2222	541.3085	5.145	6
242.45	20.2219	541.7083	5.1435	6
242.5	20.2223	541.2446	5.1206	6
242.55	20.2221	541.3639	5.1183	6
242.6	20.2219	541.7455	5.1353	6
242.65	20.2219	541.6747	5.1289	6
242.7	20.2222	541.5087	5.1211	6
242.75	20.2223	541.7031	5.1216	6
242.8	20.2222	541.8593	5.1264	6
242.85	20.2224	541.6293	5.1193	6
242.9	20.2224	541.6806	5.0983	6
242.95	20.2221	542.011	5.0912	6
243	20.2223	541.8819	5.1127	6
243.05	20.2225	541.6728	5.117	6
243.1	20.2222	541.843	5.1017	6
243.15	20.2221	541.9068	5.1239	6
243.2	20.2223	541.8411	5.134	6
243.25	20.2223	541.9735	5.1225	6
243.3	20.2222	542.1	5.1201	6
243.35	20.2223	542.084	5.1176	6
243.4	20.2223	542.2492	5.1164	6
243.45	20.2224	542.3732	5.1224	6
243.5	20.2224	542.5541	5.1062	6
243.55	20.2222	542.6257	5.1148	6
243.6	20.2223	542.8597	5.1307	6
243.65	20.2221	542.9661	5.108	6
243.7	20.222	543.0167	5.1081	6
243.75	20.2216	543.4814	5.1019	6
243.8	20.2216	543.5722	5.1123	6
243.85	20.2216	543.6575	5.1112	6
243.9	20.2216	543.8049	5.1052	6
243.95	20.222	543.6795	5.1156	6
244	20.2221	543.5636	5.1092	6
244.05	20.2221	543.405	5.1103	6
244.1	20.2223	543.0938	5.0933	6
244.15	20.2224	543.073	5.0787	6
244.2	20.2225	543.1631	5.0921	6
244.25	20.2224	543.0344	5.1009	6
244.3	20.2224	542.9229	5.1076	6
244.35	20.2226	542.9605	5.1036	6
244.4	20.2226	542.9678	5.0916	6
244.45	20.2227	542.8127	5.1098	6
244.5	20.2228	542.8966	5.1121	6
244.55	20.2229	542.8484	5.1042	6
244.6	20.223	542.6401	5.1108	6
244.65	20.2231	542.4445	5.1115	6
244.7	20.2233	542.3023	5.1146	6
244.75	20.2238	542.0354	5.1099	6
244.8	20.2241	541.5669	5.1143	6
244.85	20.2242	541.5823	5.1345	6
244.9	20.2242	541.479	5.1304	6
244.95	20.2245	541.156	5.1184	6
245	20.2246	541.2818	5.1241	6
245.05	20.2246	541.3308	5.1182	6
245.1	20.2248	540.796	5.1136	6
245.15	20.2242	540.1662	5.1203	6
245.2	20.2235	540.1403	5.109	6
245.25	20.2234	540.0335	5.1042	6
245.3	20.2235	539.9431	5.1089	6
245.35	20.2232	540.2976	5.0977	6
245.4	20.2232	540.3191	5.0907	6
245.45	20.2234	540.257	5.1021	6
245.5	20.2233	540.4429	5.1147	6
245.55	20.2234	540.4337	5.1249	6
245.6	20.2234	540.5193	5.128	6
245.65	20.2235	540.2549	5.1125	6
245.7	20.2238	540.113	5.1165	6
245.75	20.2238	540.2052	5.1065	6
245.8	20.2239	539.9486	5.1041	6
245.85	20.2243	539.6057	5.1035	6
245.9	20.2242	539.8737	5.108	6
245.95	20.2242	540.0479	5.0945	6
246	20.2244	539.8365	5.0893	6
246.05	20.2244	539.9259	5.1099	6
246.1	20.224	540.4425	5.1189	6
246.15	20.2241	540.1339	5.1084	6
246.2	20.2242	540.0846	5.1251	6
246.25	20.2243	540.2647	5.1349	6
246.3	20.2244	540.1093	5.1229	6
246.35	20.2244	540.1688	5.1221	6
246.4	20.2243	540.4393	5.1269	6
246.45	20.2241	540.528	5.1152	6
246.5	20.2243	540.3592	5.1176	6
246.55	20.2242	540.6416	5.1297	6
246.6	20.2241	540.8789	5.1363	6
246.65	20.2241	540.8272	5.122	6
246.7	20.224	541.1355	5.1169	6
246.75	20.2241	541.1935	5.1171	6
246.8	20.2241	541.2445	5.1194	6
246.85	20.224	541.4911	5.1126	6
246.9	20.2242	541.3623	5.1081	6
246.95	20.2242	541.0934	5.1031	6
247	20.2235	540.7669	5.1052	6
247.05	20.2231	540.4013	5.1242	6
247.1	20.2231	540.3	5.1208	6
247.15	20.2227	540.851	5.1003	6
247.2	20.2225	541.308	5.0992	6
247.25	20.2229	541.0534	5.1124	6
247.3	20.2225	541.3115	5.11	6
247.35	20.2223	541.6555	5.1225	6
247.4	20.2226	541.3237	5.1283	6
247.45	20.2226	541.2864	5.1166	6
247.5	20.2226	541.7168	5.1254	6
247.55	20.2228	541.4317	5.1249	6
247.6	20.2231	541.0923	5.1124	6
247.65	20.2229	541.391	5.1323	6
247.7	20.2232	541.2826	5.1346	6
247.75	20.2236	540.7765	5.1249	6
247.8	20.223	541.3778	5.1174	6
247.85	20.2233	541.3752	5.115	6
247.9	20.2238	540.8592	5.12	6
247.95	20.2236	541.1111	5.1215	6
248	20.2234	541.5655	5.1326	6
248.05	20.2238	541.0088	5.1198	6
248.1	20.2241	540.6293	5.1069	6
248.15	20.2237	541.2469	5.1104	6
248.2	20.2242	540.8541	5.1166	6
248.25	20.2247	540.1645	5.1212	6
248.3	20.2242	540.8304	5.1175	6
248.35	20.2243	540.702	5.1101	6
248.4	20.2246	540.3569	5.1257	6
248.45	20.2243	540.934	5.1275	6
248.5	20.2246	540.6006	5.1124	6
248.55	20.2248	540.2172	5.1237	6
248.6	20.2245	540.8453	5.1272	6
248.65	20.2245	540.8648	5.1322	6
248.7	20.2246	540.6898	5.131	6
248.75	20.2248	540.6154	5.1116	6
248.8	20.2248	540.5658	5.0884	6
248.85	20.2248	540.5254	5.0735	6
248.9	20.225	540.5512	5.0848	6
248.95	20.2249	540.92	5.1019	6
249	20.2246	540.3035	5.1148	6
249.05	20.2237	539.7567	5.0966	6
249.1	20.2237	539.6745	5.0949	6
249.15	20.2236	539.7406	5.1097	6
249.2	20.2236	539.7726	5.1126	6
249.25	20.2233	540.2023	5.1172	6
249.3	20.2233	540.308	5.1246	6
249.35	20.2232	540.4028	5.1254	6
249.4	20.2229	540.7213	5.1145	6
249.45	20.223	540.7198	5.1245	6
249.5	20.2232	540.639	5.1323	6
249.55	20.2228	541.0444	5.1249	6
249.6	20.223	540.8802	5.1164	6
249.65	20.2231	540.8988	5.1134	6
249.7	20.223	540.9266	5.1071	6
249.75	20.2231	541.0409	5.1091	6
249.8	20.2236	540.6268	5.1082	6
249.85	20.2234	540.8959	5.1187	6
249.9	20.2233	540.9544	5.1162	6
249.95	20.2236	540.6303	5.1083	6
250	20.2239	540.4831	5.1038	6
250.05	20.2241	540.3529	5.1151	6
250.1	20.2242	539.9936	5.0958	6
250.15	20.2243	539.9088	5.1067	6
250.2	20.2245	539.7944	5.1135	6
250.25	20.2247	539.5208	5.1102	6
250.3	20.2251	539.0879	5.1168	6
250.35	20.2252	538.8654	5.1157	6
250.4	20.2255	538.5938	5.1229	6
250.45	20.2258	538.3759	5.1219	6
250.5	20.226	538.2074	5.1083	6
250.55	20.2261	538.2593	5.1011	6
250.6	20.2267	537.5937	5.1115	6
250.65	20.2269	537.4867	5.1205	6
250.7	20.2267	537.1059	5.1206	6
250.75	20.2263	536.0041	5.1186	6
250.8	20.2262	535.7341	5.1181	6
250.85	20.2264	535.6998	5.1167	6
250.9	20.2267	535.5227	5.1227	6
250.95	20.2267	535.6315	5.1333	6
251	20.2268	535.325	5.1241	6
251.05	20.227	535.2176	5.1227	6
251.1	20.2269	535.5309	5.129	6
251.15	20.2268	535.5575	5.1247	6
251.2	20.2269	535.4293	5.1242	6
251.25	20.227	535.4937	5.1235	6
251.3	20.2272	535.5417	5.1252	6
251.35	20.2274	535.4218	5.1239	6
251.4	20.2275	534.9644	5.1131	6
251.45	20.2275	535.0432	5.1094	6
251.5	20.2276	535.294	5.1242	6
251.55	20.2278	534.6987	5.1389	6
251.6	20.2273	533.5902	5.1355	6
251.65	20.2265	533.8265	5.1173	6
251.7	20.2267	533.579	5.1062	6
251.75	20.227	533.3669	5.1166	6
251.8	20.2268	533.8315	5.1061	6
251.85	20.2268	533.7357	5.0933	6
251.9	20.227	533.4346	5.107	6
251.95	20.2268	533.8589	5.1232	6
252	20.2265	534.3526	5.1224	6
252.05	20.2264	534.3025	5.121	6
252.1	20.2267	534.2735	5.139	6
252.15	20.2266	534.6529	5.1223	6
252.2	20.2265	534.8485	5.1106	6
252.25	20.2267	534.5079	5.1139	6
252.3	20.2266	534.8143	5.1139	6
252.35	20.2264	535.1942	5.1208	6
252.4	20.2266	534.7154	5.1084	6
252.45	20.2264	534.4843	5.0917	6
252.5	20.2255	533.9729	5.0901	6
252.55	20.2256	533.1386	5.1003	6
252.6	20.2258	533.2473	5.1197	6
252.65	20.2257	533.4521	5.1098	6
252.7	20.2256	533.2374	5.1019	6
252.75	20.2252	533.7274	5.1091	6
252.8	20.2254	533.9351	5.1192	6
252.85	20.2257	533.796	5.1353	6
252.9	20.2256	533.9023	5.127	6
252.95	20.2253	534.4308	5.1305	6
253	20.2257	534.0156	5.1349	6
253.05	20.2256	533.9657	5.1167	6
253.1	20.2252	534.6812	5.1015	6
253.15	20.2257	534.2527	5.1218	6
253.2	20.2259	534.1538	5.1333	6
253.25	20.2253	534.9182	5.1205	6
253.3	20.2254	534.6929	5.1188	6
253.35	20.226	534.0501	5.1327	6
253.4	20.2255	534.8529	5.1247	6
253.45	20.2252	535.0736	5.1195	6
253.5	20.2256	534.5944	5.1312	6
253.55	20.2253	535.3125	5.1389	6
253.6	20.2249	535.6029	5.1408	6
253.65	20.2246	534.3346	5.12	6
253.7	20.2241	533.9444	5.1171	6
253.75	20.2232	535.1461	5.1258	6
253.8	20.2234	534.9186	5.1272	6
253.85	20.2236	534.8927	5.1379	6
253.9	20.223	535.6829	5.1443	6
253.95	20.2227	535.7883	5.133	6
254	20.2229	535.5126	5.1437	6
254.05	20.2231	535.6357	5.1433	6
254.1	20.223	535.8801	5.1284	6
254.15	20.2233	535.569	5.1324	6
254.2	20.2232	535.617	5.126	6
254.25	20.2232	535.7502	5.1242	6
254.3	20.2234	535.5608	5.122	6
254.35	20.2234	535.3891	5.1122	6
254.4	20.2235	535.3338	5.1062	6
254.45	20.2233	535.6122	5.1	6
254.5	20.2234	535.6362	5.0988	6
254.55	20.2234	535.5613	5.0957	6
254.6	20.2234	535.6994	5.1072	6
254.65	20.2233	535.9443	5.122	6
254.7	20.2234	535.6742	5.1083	6
254.75	20.2234	535.7254	5.1256	6
254.8	20.2231	536.3183	5.1443	6
254.85	20.2232	536.2582	5.1265	6
254.9	20.2235	536.1122	5.1072	6
254.95	20.2231	536.7042	5.1025	6
255	20.223	536.8381	5.1142	6
255.05	20.2232	536.7104	5.1157	6
255.1	20.223	536.9383	5.1115	6
255.15	20.2229	537.2016	5.1086	6
255.2	20.2231	536.9729	5.1084	6
255.25	20.2234	536.8583	5.1209	6
255.3	20.2232	537.1264	5.1252	6
255.35	20.2231	537.3009	5.1134	6
255.4	20.2232	537.1638	5.1226	6
255.45	20.2229	537.6308	5.1339	6
255.5	20.2227	538.1231	5.1319	6
255.55	20.2228	537.9161	5.14	6
255.6	20.2228	537.8672	5.1287	6
255.65	20.2225	538.1799	5.1276	6
255.7	20.2228	538.1869	5.1413	6
255.75	20.2228	538.3301	5.1367	6
255.8	20.2226	538.4602	5.1228	6
255.85	20.2223	538.8525	5.105	6
255.9	20.2223	538.8673	5.1163	6
255.95	20.2225	538.7693	5.1251	6
256	20.2226	538.7093	5.125	6
256.05	20.2228	538.4822	5.1133	6
256.1	20.2227	538.6435	5.1138	6
256.15	20.2232	538.1898	5.1259	6
256.2	20.2234	538.0856	5.1201	6
256.25	20.2234	538.2845	5.1234	6
256.3	20.2236	537.8436	5.1393	6
256.35	20.2232	536.9063	5.1437	6
256.4	20.2226	536.7409	5.1474	6
256.45	20.2226	536.7726	5.1412	6
256.5	20.2228	536.3202	5.16	6
256.55	20.2227	536.5544	5.1597	6
256.6	20.2227	536.7545	5.1454	6
256.65	20.2232	536.0624	5.1418	6
256.7	20.2231	536.2653	5.1506	6
256.75	20.2231	536.3527	5.1485	6
256.8	20.2234	536.0764	5.1504	6
256.85	20.2235	535.9824	5.1478	6
256.9	20.2233	536.4334	5.1429	6
256.95	20.2236	536.1582	5.1475	6
257	20.2236	536.1142	5.1392	6
257.05	20.2236	536.0848	5.1202	6
257.1	20.2235	536.4681	5.128	6
257.15	20.2239	536.0696	5.1271	6
257.2	20.2239	536.0898	5.1355	6
257.25	20.2237	536.4658	5.1299	6
257.3	20.2238	536.2121	5.1208	6
257.35	20.2239	535.9749	5.1182	6
257.4	20.2239	536.3629	5.119	6
257.45	20.2243	536.101	5.1418	6
257.5	20.2243	536.0987	5.1709	6
257.55	20.2241	536.4123	5.1649	6
257.6	20.224	536.4155	5.1415	6
257.65	20.2242	536.1603	5.1496	6
257.7	20.2244	536.1023	5.1521	6
257.75	20.2242	536.4097	5.1363	6
257.8	20.2241	536.4333	5.11	6
257.85	20.2245	535.9141	5.1082	6
257.9	20.2242	536.1995	5.1058	6
257.95	20.224	536.5975	5.1107	6
258	20.2245	536.2596	5.1272	6
258.05	20.2244	536.4676	5.128	6
258.1	20.224	537.1187	5.1282	6
258.15	20.2243	536.6844	5.1196	6
258.2	20.2245	536.3245	5.1142	6
258.25	20.2241	536.7746	5.1228	6
258.3	20.2242	536.5323	5.1408	6
258.35	20.224	535.3098	5.1567	6
258.4	20.2235	534.9991	5.1435	6
258.45	20.2233	535.4061	5.1205	6
258.5	20.2239	534.6743	5.1258	6
258.55	20.2241	534.3386	5.1247	6
258.6	20.2239	534.8534	5.1348	6
258.65	20.2242	534.7234	5.1373	6
258.7	20.2246	534.133	5.1234	6
258.75	20.224	534.7814	5.1278	6
258.8	20.224	534.8952	5.1474	6
258.85	20.2244	534.452	5.1492	6
258.9	20.2241	534.7955	5.1277	6
258.95	20.2237	535.4005	5.1143	6
259	20.224	534.9471	5.1193	6
259.05	20.2242	534.7696	5.1379	6
259.1	20.2238	535.3534	5.1432	6
259.15	20.2238	535.3378	5.1311	6
259.2	20.2241	534.837	5.1339	6
259.25	20.224	535.2875	5.1452	6
259.3	20.2241	535.5154	5.1408	6
259.35	20.2247	534.7418	5.1355	6
259.4	20.2248	534.4956	5.1287	6
259.45	20.2242	535.2051	5.1336	6
259.5	20.2248	534.5332	5.1389	6
259.55	20.2251	534.2854	5.148	6
259.6	20.2246	535.0034	5.1396	6
259.65	20.2245	535.0392	5.1221	6
259.7	20.2249	534.6004	5.1167	6
259.75	20.2247	535.1004	5.1478	6
259.8	20.2246	535.4104	5.1551	6
259.85	20.2246	535.4271	5.1445	6
259.9	20.2247	535.3785	5.1373	6
259.95	20.2243	535.83	5.1224	6
260	20.2236	535.5955	5.1267	6
260.05	20.2234	534.648	5.1427	6
260.1	20.223	535.0854	5.1439	6
260.15	20.2228	535.4809	5.136	6
260.2	20.2232	534.8125	5.1206	6
260.25	20.2233	534.7345	5.1266	6
260.3	20.2229	535.4585	5.1423	6
260.35	20.2232	535.0682	5.1288	6
260.4	20.2236	534.4965	5.111	6
260.45	20.223	535.3142	5.1027	6
260.5	20.2231	535.2948	5.1091	6
260.55	20.2236	534.6637	5.122	6
260.6	20.2233	535.1282	5.1242	6
260.65	20.223	535.7949	5.1223	6
260.7	20.2236	535.1076	5.134	6
260.75	20.2238	535.0019	5.1515	6
260.8	20.2231	536.0859	5.1359	6
260.85	20.2232	535.6374	5.1028	6
260.9	20.2236	535.0134	5.0992	6
260.95	20.2229	535.9928	5.0955	6
261	20.2231	535.8382	5.1046	6
261.05	20.2234	535.2631	5.1037	6
261.1	20.2231	535.713	5.0949	6
261.15	20.223	536.1943	5.1193	6
261.2	20.2235	535.6264	5.1266	6
261.25	20.2234	535.9302	5.1148	6
261.3	20.2232	536.4277	5.1328	6
261.35	20.2236	536.0703	5.118	6
261.4	20.2235	536.0721	5.1378	6
261.45	20.2234	536.1962	5.1486	6
261.5	20.2237	535.953	5.118	6
261.55	20.2234	536.2415	5.1127	6
261.6	20.2236	536.1463	5.1221	6
261.65	20.2238	536.1827	5.1384	6
261.7	20.2236	536.3281	5.1281	6
261.75	20.2236	536.355	5.1156	6
261.8	20.2236	536.2703	5.122	6
261.85	20.2234	536.5782	5.1224	6
261.9	20.2233	536.8043	5.1249	6
261.95	20.2236	536.559	5.1186	6
262	20.2235	536.6908	5.1072	6
262.05	20.2232	537.0639	5.1079	6
262.1	20.2235	536.7654	5.0993	6
262.15	20.2238	536.316	5.1046	6
262.2	20.2234	536.9894	5.1044	6
262.25	20.2234	536.9059	5.0984	6
262.3	20.2238	536.2012	5.1058	6
262.35	20.2234	536.6846	5.1181	6
262.4	20.2226	536.2621	5.102	6
262.45	20.2226	534.8399	5.0918	6
262.5	20.2222	535.3346	5.0943	6
262.55	20.2217	536.2171	5.1056	6
262.6	20.2217	535.9834	5.1049	6
262.65	20.2222	535.3304	5.1084	6
262.7	20.2215	536.4739	5.1038	6
262.75	20.2214	536.6332	5.0903	6
262.8	20.2222	535.4055	5.0873	6
262.85	20.2219	535.9901	5.0776	6
262.9	20.2212	537.1722	5.09	6
262.95	20.2218	536.3952	5.1036	6
263	20.2221	535.8377	5.0944	6
263.05	20.2212	537.3443	5.1255	6
263.1	20.2215	537.0897	5.1186	6
263.15	20.2224	535.913	5.1075	6
263.2	20.2215	536.8938	5.1124	6
263.25	20.2211	537.439	5.1159	6
263.3	20.222	536.4144	5.1248	6
263.35	20.2218	536.731	5.1411	6
263.4	20.2212	537.7021	5.144	6
263.45	20.2219	536.8281	5.1451	6
263.5	20.2221	536.4771	5.1353	6
263.55	20.2215	537.2564	5.1364	6
263.6	20.2218	536.8258	5.1329	7
263.65	20.2222	536.4048	5.1202	7
263.7	20.2219	536.8436	5.1404	7
263.75	20.2217	537.1853	5.1444	7
263.8	20.2219	535.7492	5.1321	7
263.85	20.2166	529.2393	5.1334	7
263.9	20.2009	511.7219	5.1268	7
263.95	20.173	483.5041	5.1223	7
264	20.1321	447.0556	5.1155	7
264.05	20.0775	403.8469	5.1007	7
264.1	20.0082	354.6072	5.106	7
264.15	19.9234	300.938	5.1166	7
264.2	19.8216	244.5386	5.1179	7
264.25	19.7014	187.9459	5.119	8
264.3	19.5628	130.9147	5.1189	8
264.35	19.4053	75.0529	5.1321	8
264.4	19.2271	23.138	5.1208	8
264.45	19.0335	-17.5695	5.1003	8
264.5	18.8339	-40.635	5.1016	8
264.55	18.6291	-52.5872	5.1055	8
264.6	18.4192	-58.802	5.118	8
264.65	18.2054	-61.268	5.1191	8
264.7	17.988	-60.4378	5.1213	8
264.75	17.7676	-56.8377	5.1103	8
264.8	17.5445	-50.3428	5.1074	8
264.85	17.3199	-43.3763	5.1338	8
264.9	17.095	-37.8884	5.1399	8
264.95	16.8704	-34.0359	5.1341	8
265	16.6452	-31.0843	5.1236	8
265.05	16.4207	-29.6181	5.1238	8
265.1	16.196	-29.0986	5.1377	8
265.15	15.9694	-27.5352	5.1329	8
265.2	15.7426	-26.8645	5.127	8
265.25	15.5149	-25.9589	5.1404	8
265.3	15.2866	-25.0387	5.142	8
265.35	15.0577	-24.2269	5.1171	8
265.4	14.8278	-23.2211	5.1116	8
265.45	14.5976	-22.6152	5.1117	8
265.5	14.3663	-21.0153	5.0939	8
265.55	14.1338	-19.159	5.0968	8
265.6	13.9013	-18.3055	5.1211	8
265.65	13.6681	-16.9777	5.1142	8
265.7	13.4349	-15.8206	5.1035	8
265.75	13.2007	-14.4294	5.1187	8
265.8	12.9659	-13.6349	5.1287	8
265.85	12.7302	-12.5296	5.12	8
265.9	12.4941	-11.671	5.1042	8
265.95	12.2577	-11.1902	5.112	8
266	12.0202	-10.3109	5.128	8
266.05	11.7826	-9.8077	5.1263	8
266.1	11.5437	-8.5748	5.1296	8
266.15	11.3052	-8.5618	5.1135	8
266.2	11.0659	-8.162	5.1005	8
266.25	10.8263	-7.8128	5.1178	8
266.3	10.5866	-7.6211	5.114	8
266.35	10.3465	-7.8612	5.1078	8
266.4	10.1053	-7.6657	5.1046	8
266.45	9.8639	-7.1169	5.1047	8
266.5	9.6224	-7.2246	5.1022	8
266.55	9.3794	-6.8019	5.1028	8
266.6	9.1363	-6.4424	5.112	8
266.65	8.894	-7.2494	5.1248	8
266.7	8.6504	-6.8062	5.1314	8
266.75	8.4067	-6.6478	5.1237	8
266.8	8.1631	-7.3479	5.1289	8
266.85	7.9184	-7.2249	5.1142	8
266.9	7.6732	-6.9278	5.124	8
266.95	7.428	-7.2359	5.1376	8
267	7.1823	-7.5392	5.1388	8
267.05	6.9348	-5.996	5.1452	8
267.1	6.6891	-6.3793	5.1401	8
267.15	6.4428	-6.2423	5.131	8
267.2	6.1956	-5.9626	5.1222	8
267.25	5.948	-5.3672	5.1138	8
267.3	5.7018	-5.8038	5.1316	8
267.35	5.455	-6.2156	5.1489	8
267.4	5.2059	-5.2126	5.1414	8
267.45	4.9578	-5.9247	5.1374	8
267.5	4.7098	-6.2713	5.1319	8
267.55	4.4604	-4.9563	5.125	8
267.6	4.2121	-5.8406	5.1309	8
267.65	3.9631	-6.313	5.15	8
267.7	3.7123	-5.1548	5.1414	8
267.75	3.4629	-5.8106	5.1416	8
267.8	3.2135	-6.5461	5.1437	8
267.85	2.963	-5.7051	5.1504	8
267.9	2.7134	-6.1506	5.1492	8
267.95	2.4632	-6.3755	5.1419	8
268	2.2125	-6.3555	5.1454	8
268.05	1.9619	-6.1767	5.1493	8
268.1	1.7116	-6.411	5.1369	8
268.15	1.461	-7.2638	5.1486	8
268.2	1.2092	-6.4892	5.1568	8
268.25	0.9584	-6.9345	5.1606	8
268.3	0.7074	-7.2894	5.145	8
268.35	0.4556	-7.2704	5.1445	8
268.4	0.2033	-6.9422	5.1405	8
268.45	-0.0481	-7.7447	5.1276	8
268.5	-0.3004	-7.437	5.1093	8
268.55	-0.5528	-7.2185	5.1065	8
268.6	-0.8046	-7.7626	5.113	8
268.65	-1.0564	-8.0942	5.1055	8
268.7	-1.3094	-7.4071	5.1131	8
268.75	-1.561	-8.4545	5.1285	8
268.8	-1.8132	-8.0218	5.1352	8
268.85	-2.0653	-8.0838	5.1327	8
268.9	-2.3179	-8.1123	5.1344	8
268.95	-2.5699	-8.7286	5.1407	8
269	-2.8224	-8.5073	5.1404	8
269.05	-3.0744	-8.5902	5.1383	8
269.1	-3.2969	-8.8121	5.1449	8
269.15	-3.4441	-8.5214	5.1504	8
269.2	-3.548	-8.2543	5.15	8
