Indentation

 + User defined profile

+ User defined profile
   Acquisition rate :	20.0 [Hz]
   Linear load 20.00  µN ; 100.00 µN/min
   Pause in load 2 s
   Linear load 0.00  µN ; 100.00 µN/min
   Pause in load 120 s
   Linear depth 20.00  µm ; 500.00 µm/min
   Pause in depth 120 s
   Linear depth 0.00  µm ; 1000.00 µm/min
+ TTX - UNHT Bio S/N: 1000136751 settings
   Fn contact : 25 µN
   Approach distance : 20 µm
   Approach speed : 100 µm/min
   Retract speed : 200 µm/min
   Retract time : 5 sec
   Dz sensor in large range
   Load in fine range
   FnRef in fine range
   FnRef contactload :500.000 µN
   Stiffness threshold : 1 µN/µm

   X Position :9771.84 µm
   Y Position :38593.87 µm
   Z Position :8237.80 µm

Date :6/9/2026
Time :4:53:04 PM

Analysis n # 1

   Method :	Hertz

Cycle # 1

 + Parameters

  Load Fit [10%,98%]

 + Main results

   EHz=	122.41 	kPa

 + Hypothesis


 + Additional results

   ErHz=	134.52 kPa
   h offset=	-0.05 µm
   R2=	0.99

Cycle # 2

 + Parameters

  Load Fit [10%,98%]

 + Main results

   EHz=	756.63 	kPa

 + Hypothesis


 + Additional results

   ErHz=	831.46 kPa
   h offset=	2.19 µm
   R2=	1.00

Analysis n # 2

   Method :	Oliver & Pharr

Cycle # 1

 + Parameters

  Unload Fit [40%,98%]

 + Main results

   HIT=	3.2184 	kPa
   EIT=	229.14 	kPa
   E*=	251.8 	kPa

 + Hypothesis

   !!! Indenter not calibrated !!!
   m out of O&P hypothesis
   Poisson's ratio(nu)=	0.30 

 + Additional results

   HVIT=	0.00032807 	 Vickers
   CIT -1/-1/-1=	4.65 	%
   nIT=	41.86 %
   Fmax=	27.80 	µN
   hmax=	3.52 	µm
   S=	26.4073 	µN/µm
   F/S²=	0.0399 	µm²/µN
   hc=	2.76 	µm
   hr=	2.47 	µm
   hp=	-17.12 	µm
   m=	19.6064 
   Epsilon=	0.73 
   R2=	1.003
   Ap=	8638.32 	µm²
   Welast=	15.98 pJ
   Wplast=	22.20 pJ
   Wtotal=	38.17 pJ
   Er=	251.8 	kPa

Cycle # 2

 + Parameters

  Unload Fit [40%,98%]

 + Main results

   HIT=	26.17 	kPa
   EIT=	6123.2 	kPa
   E*=	6728.8 	kPa

 + Hypothesis

   !!! Indenter not calibrated !!!
   m out of O&P hypothesis
   Poisson's ratio(nu)=	0.30 

 + Additional results

   HVIT=	0.0026677 	 Vickers
   RIT -1/-1/-1=	-306.43 	%
   nIT=	5.43 %
   Fmax=	1586.37 	µN
   hmax=	20.30 	µm
   S=	1869.3265 	µN/µm
   F/S²=	0.0005 	µm²/µN
   hc=	19.68 	µm
   hr=	19.45 	µm
   hp=	-14.22 	µm
   m=	40.6740 
   Epsilon=	0.73 
   R2=	1.002
   Ap=	60617.64 	µm²
   Welast=	1108.44 pJ
   Wplast=	19302.14 pJ
   Wtotal=	20410.58 pJ
   Er=	6728.7 	kPa

Measured values
Time (s)	Pd (µm)	Fn (µN)	FnRef (µN)	SegmentID

0	0	0	5.1168	1
0.05	0.0878	1.29	5.1059	1
0.1	0.1773	0.6947	5.1089	1
0.15	0.2643	1.6384	5.1141	1
0.2	0.3374	1.7084	5.1075	1
0.25	0.3821	1.9143	5.094	1
0.3	0.4163	1.5231	5.0897	1
0.35	0.4467	2.4517	5.0938	1
0.4	0.4764	1.7211	5.0905	1
0.45	0.5044	2.5293	5.0843	1
0.5	0.532	1.9758	5.089	1
0.55	0.558	2.7423	5.0845	1
0.6	0.5834	2.3243	5.0849	1
0.65	0.6085	2.8699	5.1031	1
0.7	0.6321	2.9571	5.1112	1
0.75	0.6558	2.7938	5.1017	1
0.8	0.6802	2.5302	5.0975	1
0.85	0.7028	3.498	5.1107	1
0.9	0.7253	2.97	5.1067	1
0.95	0.7475	3.5374	5.088	1
1	0.7696	3.0852	5.0944	1
1.05	0.7918	3.5696	5.0965	1
1.1	0.813	3.7655	5.0888	1
1.15	0.8346	3.4064	5.0886	1
1.2	0.8559	3.9898	5.1005	1
1.25	0.8763	3.9917	5.1	1
1.3	0.8975	3.6456	5.0823	1
1.35	0.9178	4.4826	5.0776	1
1.4	0.9367	4.429	5.0819	1
1.45	0.9578	3.8991	5.0838	1
1.5	0.9778	4.8361	5.0904	1
1.55	0.9973	4.5049	5.0943	1
1.6	1.0176	4.412	5.0909	1
1.65	1.0367	5.0047	5.0972	1
1.7	1.0559	4.934	5.106	1
1.75	1.0755	4.5257	5.1117	1
1.8	1.0946	5.508	5.1069	1
1.85	1.1129	5.3393	5.0965	1
1.9	1.1323	4.8751	5.1037	1
1.95	1.1525	5.0322	5.1042	1
2	1.1703	6.0737	5.1039	1
2.05	1.1893	5.2381	5.1062	1
2.1	1.2085	5.4411	5.0971	1
2.15	1.2262	6.3048	5.0948	1
2.2	1.2444	5.5985	5.1023	1
2.25	1.2624	6.097	5.0944	1
2.3	1.2801	6.3885	5.092	1
2.35	1.2977	6.0548	5.0846	1
2.4	1.3152	6.7844	5.0846	1
2.45	1.3328	6.1994	5.0808	1
2.5	1.3507	6.5159	5.0863	1
2.55	1.3678	6.9193	5.101	1
2.6	1.3849	6.761	5.107	1
2.65	1.4026	7.0198	5.1014	1
2.7	1.4196	7.3952	5.0967	1
2.75	1.4361	6.9834	5.1052	1
2.8	1.4539	7.2571	5.1114	1
2.85	1.4697	7.7449	5.1204	1
2.9	1.486	7.6151	5.1263	1
2.95	1.5026	7.5004	5.1205	1
3	1.5191	7.9058	5.1168	1
3.05	1.535	8.0279	5.1202	1
3.1	1.5514	7.8974	5.1229	1
3.15	1.5676	8.1795	5.1169	1
3.2	1.5831	8.2042	5.1053	1
3.25	1.5984	8.8468	5.107	1
3.3	1.6144	7.9419	5.1285	1
3.35	1.6306	8.5858	5.1226	1
3.4	1.6462	8.9796	5.1132	1
3.45	1.6618	8.5427	5.1208	1
3.5	1.6779	8.98	5.12	1
3.55	1.6915	9.5404	5.1273	1
3.6	1.7071	8.5327	5.1157	1
3.65	1.7228	9.1694	5.0937	1
3.7	1.7368	10.0667	5.0976	1
3.75	1.7523	8.6132	5.1085	1
3.8	1.7679	9.7913	5.1174	1
3.85	1.7814	10.2732	5.1263	1
3.9	1.7963	9.2933	5.1197	1
3.95	1.812	9.7387	5.1271	1
4	1.8258	10.578	5.1132	1
4.05	1.8393	10.1051	5.1175	1
4.1	1.8551	9.7682	5.1267	1
4.15	1.8685	10.9468	5.1259	1
4.2	1.882	10.6014	5.1211	1
4.25	1.8968	10.0646	5.1176	1
4.3	1.9104	11.2105	5.1357	1
4.35	1.9234	10.915	5.1293	1
4.4	1.9379	10.4903	5.1211	1
4.45	1.9525	11.0355	5.1481	1
4.5	1.9649	11.6636	5.1577	1
4.55	1.9778	11.3272	5.1474	1
4.6	1.9919	10.8233	5.1448	1
4.65	2.005	12.0174	5.138	1
4.7	2.0176	11.6124	5.1429	1
4.75	2.0318	11.2342	5.1346	1
4.8	2.0451	12.0517	5.1238	1
4.85	2.0578	11.8057	5.1132	1
4.9	2.0713	11.7509	5.1083	1
4.95	2.0847	12.1926	5.1148	1
5	2.097	12.4077	5.1276	1
5.05	2.1102	11.9882	5.147	1
5.1	2.1238	12.1289	5.1613	1
5.15	2.1361	12.9117	5.1473	1
5.2	2.1488	12.414	5.1305	1
5.25	2.1623	12.2112	5.1284	1
5.3	2.1742	13.3046	5.1191	1
5.35	2.1867	12.5571	5.1257	1
5.4	2.2	12.9476	5.1234	1
5.45	2.2121	13.1986	5.1293	1
5.5	2.2243	13.0136	5.1416	1
5.55	2.2372	13.2393	5.1437	1
5.6	2.2496	13.2219	5.1443	1
5.65	2.2616	13.8392	5.1343	1
5.7	2.2736	13.339	5.1367	1
5.75	2.2862	13.5829	5.1396	1
5.8	2.2981	14.0059	5.1346	1
5.85	2.3096	13.9228	5.138	1
5.9	2.3219	13.9614	5.1327	1
5.95	2.3336	14.369	5.1381	1
6	2.3446	14.0249	5.1337	1
6.05	2.3571	14.4912	5.1331	1
6.1	2.3681	14.3461	5.1381	1
6.15	2.3796	15.0331	5.1304	1
6.2	2.3908	14.6651	5.1299	1
6.25	2.4016	14.9601	5.134	1
6.3	2.4132	14.9673	5.1232	1
6.35	2.4235	15.1964	5.1311	1
6.4	2.4345	15.3084	5.1363	1
6.45	2.4458	14.9971	5.1241	1
6.5	2.4563	15.7019	5.1275	1
6.55	2.4668	15.3343	5.1139	1
6.6	2.4771	15.8191	5.1082	1
6.65	2.4881	15.4208	5.122	1
6.7	2.4988	15.9144	5.1272	1
6.75	2.509	16.1974	5.1412	1
6.8	2.5196	15.6995	5.1361	1
6.85	2.5301	16.1964	5.1298	1
6.9	2.5395	16.6156	5.1314	1
6.95	2.5496	16.0476	5.144	1
7	2.5601	16.4665	5.1517	1
7.05	2.5701	16.6272	5.131	1
7.1	2.5795	16.8842	5.1193	1
7.15	2.5904	16.3263	5.1308	1
7.2	2.6004	16.8906	5.1425	1
7.25	2.6093	17.5734	5.1419	1
7.3	2.6192	16.4758	5.1181	1
7.35	2.6296	17.4185	5.1093	1
7.4	2.6386	17.4611	5.1083	1
7.45	2.6481	17.2472	5.1066	1
7.5	2.6578	17.3582	5.1097	1
7.55	2.6673	17.6051	5.1033	1
7.6	2.6764	18.0059	5.1133	1
7.65	2.6862	17.4354	5.1163	1
7.7	2.6954	18.0327	5.1107	1
7.75	2.7049	18.0883	5.1147	1
7.8	2.7136	18.1772	5.1189	1
7.85	2.7238	17.8994	5.1251	1
7.9	2.7323	18.6914	5.135	1
7.95	2.7411	18.272	5.1321	1
8	2.7506	18.4219	5.1122	1
8.05	2.7589	18.8765	5.111	1
8.1	2.7673	18.7428	5.098	1
8.15	2.7766	18.3101	5.0893	1
8.2	2.7851	19.6669	5.1029	1
8.25	2.7938	18.3157	5.1001	1
8.3	2.8029	19.4657	5.1042	1
8.35	2.811	18.9994	5.1075	1
8.4	2.8194	19.5781	5.127	1
8.45	2.828	19.2963	5.1345	1
8.5	2.8365	19.5984	5.1223	1
8.55	2.8442	19.7553	5.1089	1
8.6	2.8527	19.7072	5.1006	1
8.65	2.8608	19.525	5.1066	1
8.7	2.8686	20.6133	5.0891	1
8.75	2.8766	19.4106	5.0883	1
8.8	2.8854	20.339	5.096	1
8.85	2.8929	20.3132	5.0989	1
8.9	2.9013	20.1037	5.1024	1
8.95	2.9092	20.5625	5.0987	1
9	2.9171	20.5226	5.1028	1
9.05	2.9248	20.5771	5.1086	1
9.1	2.9335	20.487	5.1057	1
9.15	2.9411	20.8854	5.1094	1
9.2	2.9492	20.6659	5.1064	1
9.25	2.9564	21.2669	5.106	1
9.3	2.9643	20.9458	5.1175	1
9.35	2.9719	21.2161	5.1003	1
9.4	2.9796	21.13	5.1014	1
9.45	2.9871	21.3886	5.0999	1
9.5	2.995	21.2207	5.0911	1
9.55	3.0019	21.9371	5.101	1
9.6	3.0098	21.0545	5.1048	1
9.65	3.0177	21.9767	5.11	1
9.7	3.0248	21.7914	5.1025	1
9.75	3.0317	22.1332	5.1091	1
9.8	3.0394	21.6468	5.1096	1
9.85	3.0472	22.1748	5.116	1
9.9	3.054	22.4528	5.1175	1
9.95	3.0618	21.9858	5.11	1
10	3.0685	22.6327	5.1055	1
10.05	3.0754	22.6519	5.1152	1
10.1	3.0822	22.3572	5.1162	1
10.15	3.0896	22.8307	5.115	1
10.2	3.0959	22.9925	5.1228	1
10.25	3.1034	22.5191	5.1115	1
10.3	3.1099	23.3455	5.1072	1
10.35	3.1166	23.0854	5.0983	1
10.4	3.1232	23.2726	5.107	1
10.45	3.1302	23.3591	5.118	1
10.5	3.1365	23.478	5.1028	1
10.55	3.143	23.6555	5.1217	1
10.6	3.1497	23.2089	5.1201	1
10.65	3.157	23.7097	5.1163	1
10.7	3.1631	24.0089	5.1234	1
10.75	3.1697	23.6197	5.105	1
10.8	3.1763	24.0822	5.105	1
10.85	3.1828	23.9085	5.1215	1
10.9	3.1893	24.3142	5.1276	1
10.95	3.1954	24.3188	5.1164	1
11	3.2014	24.3192	5.0961	1
11.05	3.2082	24.1241	5.1066	1
11.1	3.2144	24.7572	5.1101	1
11.15	3.2207	24.5171	5.104	1
11.2	3.2272	24.6535	5.1125	1
11.25	3.2333	24.7548	5.1059	1
11.3	3.2396	25.0494	5.0982	1
11.35	3.2454	24.7975	5.1014	1
11.4	3.2519	25.1208	5.1043	1
11.45	3.258	25.1183	5.1162	1
11.5	3.2638	25.37	5.1123	1
11.55	3.2705	24.9945	5.1019	1
11.6	3.276	25.8559	5.1093	1
11.65	3.2817	25.4299	5.1085	1
11.7	3.2885	25.3087	5.1138	1
11.75	3.294	26.0492	5.1002	1
11.8	3.2995	25.7685	5.0827	1
11.85	3.3063	25.318	5.0826	1
11.9	3.3119	26.3196	5.081	1
11.95	3.3172	26.215	5.0847	1
12	3.3235	25.5043	5.0954	2
12.05	3.3298	26.6579	5.0856	2
12.1	3.335	26.4022	5.0802	2
12.15	3.3415	25.8179	5.0784	2
12.2	3.3474	27.0465	5.0833	2
12.25	3.3524	26.3322	5.0864	2
12.3	3.3589	26.461	5.097	2
12.35	3.3632	27.2829	5.0985	2
12.4	3.3681	26.3819	5.0919	2
12.45	3.3738	26.9267	5.0785	2
12.5	3.3785	27.0415	5.0896	2
12.55	3.3834	26.4694	5.0899	2
12.6	3.3884	27.2719	5.0951	2
12.65	3.3918	27.1001	5.0886	2
12.7	3.3965	26.9259	5.0852	2
12.75	3.4009	27.3495	5.1027	2
12.8	3.4049	26.9154	5.0899	2
12.85	3.4087	27.4834	5.0887	2
12.9	3.4127	26.9873	5.0942	2
12.95	3.4164	27.3752	5.0877	2
13	3.4202	27.3607	5.0818	2
13.05	3.424	27.1105	5.0931	2
13.1	3.4276	27.4841	5.0982	2
13.15	3.4308	27.4369	5.0992	2
13.2	3.4342	27.401	5.1025	2
13.25	3.4378	27.3204	5.104	2
13.3	3.4412	27.4816	5.0961	2
13.35	3.4444	27.4311	5.105	2
13.4	3.4479	27.3208	5.1055	2
13.45	3.4511	27.7298	5.0972	2
13.5	3.454	27.5579	5.109	2
13.55	3.4575	27.318	5.1047	2
13.6	3.4605	27.7159	5.1099	2
13.65	3.4627	27.6697	5.0997	2
13.7	3.466	27.3761	5.0757	2
13.75	3.4689	27.6353	5.095	2
13.8	3.4716	27.7004	5.1	2
13.85	3.4743	27.7161	5.1059	2
13.9	3.4769	27.6505	5.1094	2
13.95	3.4791	27.9492	5.0998	2
14	3.4816	27.6175	5.1071	3
14.05	3.4844	27.8014	5.1216	3
14.1	3.4863	27.8884	5.118	3
14.15	3.4882	27.9592	5.1071	3
14.2	3.4912	27.4951	5.1109	3
14.25	3.4927	28.2716	5.1122	3
14.3	3.4944	27.4693	5.1073	3
14.35	3.4964	27.9663	5.0915	3
14.4	3.4973	27.9057	5.0898	3
14.45	3.4987	27.7089	5.0938	3
14.5	3.5003	27.4684	5.0945	3
14.55	3.501	28.0742	5.0937	3
14.6	3.5016	27.4847	5.0978	3
14.65	3.5026	27.8141	5.1071	3
14.7	3.5028	27.6191	5.1027	3
14.75	3.5033	27.7128	5.1003	3
14.8	3.5038	27.5213	5.0983	3
14.85	3.5038	27.7234	5.0961	3
14.9	3.5039	27.4715	5.0911	3
14.95	3.504	27.468	5.0737	3
15	3.5032	27.6287	5.0887	3
15.05	3.5031	27.408	5.1022	3
15.1	3.5017	27.7191	5.0962	3
15.15	3.5013	27.1583	5.0884	3
15.2	3.5012	27.2139	5.0955	3
15.25	3.5001	27.5077	5.1125	3
15.3	3.4992	27.1671	5.097	3
15.35	3.4978	27.4561	5.0769	3
15.4	3.4964	27.2203	5.0894	3
15.45	3.4953	26.8621	5.1027	3
15.5	3.4933	27.7138	5.099	3
15.55	3.4915	26.6738	5.1002	3
15.6	3.4907	26.9244	5.1111	3
15.65	3.4888	27.509	5.1066	3
15.7	3.4861	26.6864	5.1019	3
15.75	3.4854	26.5847	5.1053	3
15.8	3.4828	27.2314	5.1207	3
15.85	3.4802	26.7299	5.1184	3
15.9	3.4787	26.4283	5.1264	3
15.95	3.4765	26.8718	5.1323	3
16	3.474	26.5048	5.1291	3
16.05	3.4722	26.2068	5.1228	3
16.1	3.4701	26.5171	5.1053	3
16.15	3.467	26.6624	5.1029	3
16.2	3.465	25.7487	5.1072	3
16.25	3.4625	26.6919	5.1029	3
16.3	3.4593	26.2271	5.1225	3
16.35	3.4573	25.819	5.1119	3
16.4	3.4549	26.0243	5.0848	3
16.45	3.4515	26.123	5.0761	3
16.5	3.449	25.6526	5.0806	3
16.55	3.4468	25.8015	5.0892	3
16.6	3.4436	25.8542	5.0853	3
16.65	3.4409	25.6197	5.07	3
16.7	3.4382	25.3507	5.0815	3
16.75	3.4354	25.9094	5.0857	3
16.8	3.432	25.4813	5.0912	3
16.85	3.4297	25.03	5.0807	3
16.9	3.4267	25.3415	5.0771	3
16.95	3.4227	25.7207	5.0932	3
17	3.4202	24.5365	5.0878	3
17.05	3.4175	25.4763	5.0853	3
17.1	3.4135	25.0808	5.1029	3
17.15	3.4104	24.8243	5.0811	3
17.2	3.4081	24.6538	5.0792	3
17.25	3.4045	25.0865	5.0846	3
17.3	3.4005	24.8561	5.0768	3
17.35	3.3977	24.2705	5.0707	3
17.4	3.3948	24.736	5.0603	3
17.45	3.3909	24.67	5.0722	3
17.5	3.388	24.0318	5.0831	3
17.55	3.3849	24.779	5.0937	3
17.6	3.3811	24.1672	5.0981	3
17.65	3.3777	24.2962	5.0835	3
17.7	3.375	23.5778	5.0812	3
17.75	3.3716	24.3589	5.082	3
17.8	3.3677	23.885	5.0777	3
17.85	3.3646	23.4403	5.0689	3
17.9	3.3613	23.9373	5.0834	3
17.95	3.3569	23.8397	5.1099	3
18	3.3543	23.0393	5.1135	3
18.05	3.3511	23.7654	5.1129	3
18.1	3.3472	23.2937	5.124	3
18.15	3.3443	23.2204	5.1163	3
18.2	3.3416	23.0075	5.102	3
18.25	3.3377	23.4416	5.0947	3
18.3	3.3338	23.1741	5.0979	3
18.35	3.3309	22.5107	5.116	3
18.4	3.3276	23.3803	5.1157	3
18.45	3.3233	22.7229	5.1148	3
18.5	3.3209	22.2169	5.1123	3
18.55	3.3174	23.1723	5.1067	3
18.6	3.3135	22.3598	5.1195	3
18.65	3.3104	22.5532	5.1135	3
18.7	3.3063	22.5036	5.1222	3
18.75	3.3027	22.4569	5.1187	3
18.8	3.2995	22.0407	5.1089	3
18.85	3.2955	22.4077	5.1132	3
18.9	3.2921	22.0753	5.1036	3
18.95	3.2887	22.0522	5.1137	3
19	3.2851	22.0802	5.1111	3
19.05	3.2806	22.0589	5.1097	3
19.1	3.2779	21.2693	5.1096	3
19.15	3.2739	22.3261	5.1106	3
19.2	3.2691	21.8064	5.0971	3
19.25	3.2656	21.4283	5.11	3
19.3	3.2621	21.3344	5.1122	3
19.35	3.2577	21.9285	5.1052	3
19.4	3.2538	21.0937	5.1012	3
19.45	3.2505	21.2595	5.095	3
19.5	3.2466	21.2505	5.1016	3
19.55	3.2424	21.3384	5.0987	3
19.6	3.2392	20.6497	5.1011	3
19.65	3.235	21.5424	5.0953	3
19.7	3.2297	20.9822	5.102	3
19.75	3.2266	20.6213	5.1108	3
19.8	3.2224	20.8791	5.0922	3
19.85	3.2182	20.7735	5.0957	3
19.9	3.2139	20.6427	5.0981	3
19.95	3.21	20.4115	5.0894	3
20	3.2055	20.7568	5.1085	3
20.05	3.2011	20.4794	5.1132	3
20.1	3.1975	19.988	5.111	3
20.15	3.1936	20.6059	5.1146	3
20.2	3.1881	20.4449	5.1059	3
20.25	3.1849	19.485	5.1001	3
20.3	3.1805	20.605	5.1254	3
20.35	3.1761	19.6608	5.1375	3
20.4	3.1722	19.9212	5.1354	3
20.45	3.1681	19.5676	5.1207	3
20.5	3.1632	20.0558	5.1204	3
20.55	3.1588	19.5191	5.1056	3
20.6	3.1547	19.3584	5.1083	3
20.65	3.1507	19.7041	5.1138	3
20.7	3.1458	19.3685	5.1232	3
20.75	3.1424	19.0288	5.1224	3
20.8	3.1375	19.3951	5.1078	3
20.85	3.1331	19.1278	5.1099	3
20.9	3.1289	19.0891	5.1129	3
20.95	3.1244	18.6802	5.0984	3
21	3.1201	19.0851	5.098	3
21.05	3.1154	18.7547	5.1085	3
21.1	3.1117	18.4883	5.1017	3
21.15	3.1077	18.6	5.0996	3
21.2	3.1029	18.9179	5.105	3
21.25	3.0988	17.9875	5.1063	3
21.3	3.0945	18.7471	5.1039	3
21.35	3.09	18.1019	5.1038	3
21.4	3.0854	18.4028	5.1001	3
21.45	3.0812	17.9588	5.1079	3
21.5	3.0772	17.9229	5.1059	3
21.55	3.0721	18.345	5.0937	3
21.6	3.0679	17.7022	5.1023	3
21.65	3.0633	17.8619	5.1086	3
21.7	3.0591	17.9275	5.0976	3
21.75	3.0549	17.282	5.1216	3
21.8	3.0505	18.0066	5.1369	3
21.85	3.0454	17.2276	5.1302	3
21.9	3.0412	17.6383	5.1354	3
21.95	3.0364	17.0257	5.123	3
22	3.0324	17.4049	5.1245	3
22.05	3.0274	17.3519	5.1233	3
22.1	3.0231	17.0092	5.1268	3
22.15	3.0188	16.9708	5.134	3
22.2	3.0139	17.3083	5.1213	3
22.25	3.0088	16.7295	5.1055	3
22.3	3.0045	16.9539	5.0887	3
22.35	2.9991	16.9166	5.1031	3
22.4	2.9944	16.5246	5.1189	3
22.45	2.9903	16.7185	5.108	3
22.5	2.9849	16.5752	5.1073	3
22.55	2.9802	16.5554	5.1001	3
22.6	2.9753	16.3733	5.0856	3
22.65	2.9702	16.412	5.0927	3
22.7	2.9653	16.3275	5.1157	3
22.75	2.9603	16.2328	5.1118	3
22.8	2.9556	16.1299	5.1147	3
22.85	2.9505	15.9871	5.1259	3
22.9	2.9453	16.0941	5.1196	3
22.95	2.9405	15.7237	5.1268	3
23	2.9353	16.0428	5.1201	3
23.05	2.93	15.6856	5.1369	3
23.1	2.9251	15.6704	5.1444	3
23.15	2.9203	15.5379	5.1325	3
23.2	2.9149	15.5729	5.1353	3
23.25	2.9102	15.3974	5.1287	3
23.3	2.9047	15.5492	5.1306	3
23.35	2.8999	15.0575	5.137	3
23.4	2.8942	15.5172	5.1426	3
23.45	2.8889	14.9297	5.1498	3
23.5	2.8839	15.283	5.1369	3
23.55	2.879	14.7954	5.1302	3
23.6	2.8735	15.0109	5.1214	3
23.65	2.8688	14.6632	5.1188	3
23.7	2.8636	14.8756	5.1308	3
23.75	2.8578	14.7489	5.1384	3
23.8	2.8528	14.4475	5.131	3
23.85	2.8476	14.4739	5.1187	3
23.9	2.8426	14.4426	5.1097	3
23.95	2.837	14.45	5.1137	3
24	2.8317	14.217	5.1147	3
24.05	2.8265	14.1579	5.1143	3
24.1	2.8207	14.2139	5.1229	3
24.15	2.8159	13.7584	5.1217	3
24.2	2.811	14.0035	5.1199	3
24.25	2.8052	13.7569	5.1173	3
24.3	2.8002	13.7531	5.114	3
24.35	2.7939	13.9359	5.1141	3
24.4	2.7889	13.3628	5.115	3
24.45	2.7831	14.0396	5.1181	3
24.5	2.7776	13.142	5.0989	3
24.55	2.7728	13.4996	5.1085	3
24.6	2.7668	13.5987	5.1207	3
24.65	2.7609	13.2083	5.1321	3
24.7	2.7564	13.0347	5.1538	3
24.75	2.7495	13.647	5.1457	3
24.8	2.7444	12.6655	5.1331	3
24.85	2.7386	13.1806	5.1228	3
24.9	2.7329	12.8008	5.1261	3
24.95	2.7272	13.0207	5.1209	3
25	2.7213	12.5852	5.1126	3
25.05	2.716	12.6713	5.1192	3
25.1	2.7098	12.7837	5.1123	3
25.15	2.7044	12.4414	5.1115	3
25.2	2.6987	12.4268	5.1209	3
25.25	2.6926	12.6278	5.1236	3
25.3	2.6868	12.2641	5.1373	3
25.35	2.681	12.2077	5.1438	3
25.4	2.6746	12.3194	5.1195	3
25.45	2.6693	11.7903	5.0912	3
25.5	2.663	12.3928	5.0942	3
25.55	2.6574	11.6859	5.1097	3
25.6	2.6509	12.3012	5.1219	3
25.65	2.6446	11.5487	5.1012	3
25.7	2.6387	11.957	5.0912	3
25.75	2.6326	11.6409	5.103	3
25.8	2.6263	11.7189	5.1005	3
25.85	2.6206	11.2837	5.0957	3
25.9	2.6139	11.8712	5.1075	3
25.95	2.6074	11.2403	5.1141	3
26	2.6011	11.5774	5.13	4
26.05	2.5949	11.137	5.1206	4
26.1	2.5879	11.5158	5.1077	4
26.15	2.5812	11.1539	5.1104	4
26.2	2.5746	11.2843	5.1238	4
26.25	2.568	10.9797	5.1237	4
26.3	2.562	11.1604	5.1185	4
26.35	2.5555	10.9658	5.1181	4
26.4	2.5489	11.2076	5.1266	4
26.45	2.5427	10.6963	5.1134	4
26.5	2.5372	10.9527	5.1047	4
26.55	2.5306	10.9321	5.095	4
26.6	2.5251	10.7936	5.1079	4
26.65	2.5196	10.7234	5.1108	4
26.7	2.5134	11.0558	5.1091	4
26.75	2.5072	10.6474	5.1193	4
26.8	2.5019	10.4907	5.1106	4
26.85	2.4961	10.9301	5.1112	4
26.9	2.4911	10.2935	5.1104	4
26.95	2.4859	10.7803	5.1253	4
27	2.4808	10.488	5.1507	4
27.05	2.4753	10.7333	5.1391	4
27.1	2.47	10.3687	5.1071	4
27.15	2.4653	10.2341	5.1211	4
27.2	2.4604	10.5591	5.1318	4
27.25	2.4555	10.2228	5.1373	4
27.3	2.4513	10.1964	5.1315	4
27.35	2.4462	10.5985	5.1318	4
27.4	2.4418	9.8602	5.1437	4
27.45	2.4371	10.7032	5.1393	4
27.5	2.4321	10.0902	5.1249	4
27.55	2.4276	10.274	5.1071	4
27.6	2.4232	9.9702	5.1118	4
27.65	2.4193	10.0831	5.1173	4
27.7	2.415	10.2545	5.113	4
27.75	2.4107	10.016	5.1177	4
27.8	2.4064	9.9566	5.1266	4
27.85	2.4019	10.4127	5.1128	4
27.9	2.3974	9.7643	5.1261	4
27.95	2.3937	10.1658	5.112	4
28	2.3892	9.8491	5.1136	4
28.05	2.3853	10.0331	5.1155	4
28.1	2.3809	9.9262	5.1034	4
28.15	2.3774	9.7561	5.1099	4
28.2	2.3728	10.2832	5.094	4
28.25	2.3692	9.4197	5.0919	4
28.3	2.3656	10.1009	5.0968	4
28.35	2.3617	9.9295	5.108	4
28.4	2.3575	9.7362	5.1233	4
28.45	2.3546	9.5571	5.1175	4
28.5	2.3505	10.0532	5.1194	4
28.55	2.347	9.619	5.118	4
28.6	2.3437	9.777	5.1055	4
28.65	2.34	9.8687	5.1193	4
28.7	2.3365	9.8483	5.1186	4
28.75	2.3333	9.4545	5.0994	4
28.8	2.3298	9.7563	5.103	4
28.85	2.3269	9.6165	5.1202	4
28.9	2.3231	9.7272	5.1144	4
28.95	2.3205	9.3402	5.1157	4
29	2.3171	9.7217	5.12	4
29.05	2.3133	9.8549	5.1254	4
29.1	2.3101	9.1984	5.1236	4
29.15	2.3072	9.6385	5.1055	4
29.2	2.3038	9.7011	5.0962	4
29.25	2.3005	9.4757	5.1031	4
29.3	2.2973	9.5317	5.1106	4
29.35	2.2944	9.3503	5.1074	4
29.4	2.2914	9.6988	5.1149	4
29.45	2.2881	9.4059	5.1357	4
29.5	2.2853	9.3936	5.113	4
29.55	2.2829	9.5173	5.1085	4
29.6	2.2795	9.5942	5.1073	4
29.65	2.277	9.1178	5.1034	4
29.7	2.2748	9.2888	5.1077	4
29.75	2.2715	9.7062	5.1016	4
29.8	2.2688	9.0336	5.0905	4
29.85	2.2666	9.3157	5.0896	4
29.9	2.2634	9.7128	5.0976	4
29.95	2.2604	9.1546	5.1084	4
30	2.2586	9.0004	5.1088	4
30.05	2.2563	9.4402	5.1191	4
30.1	2.253	9.5574	5.1329	4
30.15	2.2514	8.7002	5.1353	4
30.2	2.249	9.6363	5.1444	4
30.25	2.2458	9.4746	5.1366	4
30.3	2.2436	8.9477	5.1316	4
30.35	2.2413	9.2708	5.1379	4
30.4	2.2382	9.5719	5.1341	4
30.45	2.2355	9.0451	5.1459	4
30.5	2.2339	9.2129	5.1368	4
30.55	2.2307	9.3438	5.1332	4
30.6	2.2286	9.0926	5.1396	4
30.65	2.227	8.8848	5.1267	4
30.7	2.2241	9.5949	5.127	4
30.75	2.2213	9.2378	5.1234	4
30.8	2.2194	8.9149	5.1276	4
30.85	2.2174	9.2506	5.1271	4
30.9	2.2149	9.1776	5.1163	4
30.95	2.2124	9.2497	5.1274	4
31	2.2103	9.1127	5.1385	4
31.05	2.2077	9.2088	5.1428	4
31.1	2.2057	9.1842	5.1257	4
31.15	2.203	9.1253	5.1044	4
31.2	2.2012	9.2272	5.1134	4
31.25	2.1987	9.0357	5.1126	4
31.3	2.1965	9.3232	5.1194	4
31.35	2.1942	9.0749	5.1307	4
31.4	2.1922	9.0736	5.1219	4
31.45	2.1903	9.1144	5.1087	4
31.5	2.1882	9.0419	5.1001	4
31.55	2.1866	8.9237	5.1121	4
31.6	2.1848	8.9765	5.1184	4
31.65	2.1823	9.3565	5.1006	4
31.7	2.1811	8.369	5.0956	4
31.75	2.179	9.4358	5.1167	4
31.8	2.1769	8.5986	5.1309	4
31.85	2.1758	8.8316	5.1306	4
31.9	2.1735	9.1524	5.1207	4
31.95	2.1719	8.8645	5.1268	4
32	2.1711	8.4978	5.1439	4
32.05	2.1695	9.0099	5.1398	4
32.1	2.1677	8.7846	5.1433	4
32.15	2.1664	8.6285	5.1423	4
32.2	2.1651	8.8115	5.1343	4
32.25	2.1638	8.6637	5.131	4
32.3	2.1629	8.5641	5.1314	4
32.35	2.162	8.6213	5.1301	4
32.4	2.1605	8.8111	5.1507	4
32.45	2.1593	8.4527	5.1542	4
32.5	2.1591	8.3323	5.1547	4
32.55	2.1582	8.6738	5.1444	4
32.6	2.1571	8.5836	5.1407	4
32.65	2.1563	8.5034	5.1407	4
32.7	2.1559	8.3719	5.1271	4
32.75	2.1546	8.6551	5.1093	4
32.8	2.1541	8.0771	5.1224	4
32.85	2.1536	8.5469	5.1429	4
32.9	2.1532	8.1727	5.1413	4
32.95	2.1529	8.4136	5.133	4
33	2.1524	8.2456	5.1303	4
33.05	2.1521	8.3079	5.1407	4
33.1	2.1518	8.3034	5.148	4
33.15	2.1516	8.1658	5.1435	4
33.2	2.1514	8.2062	5.1297	4
33.25	2.1511	8.3046	5.1202	4
33.3	2.1507	7.9746	5.126	4
33.35	2.1509	8.3775	5.1108	4
33.4	2.1503	8.0257	5.1051	4
33.45	2.1511	8.0379	5.1097	4
33.5	2.151	8.0447	5.1106	4
33.55	2.1513	7.9997	5.0993	4
33.6	2.1517	7.8561	5.096	4
33.65	2.1514	8.4525	5.1177	4
33.7	2.1519	7.6298	5.1184	4
33.75	2.1525	8.1575	5.1115	4
33.8	2.1522	8.0377	5.1247	4
33.85	2.1534	7.6896	5.1133	4
33.9	2.1532	8.3145	5.1108	4
33.95	2.154	7.6244	5.1214	4
34	2.1543	8.04	5.1299	4
34.05	2.1545	7.8123	5.1366	4
34.1	2.1559	7.7002	5.1557	4
34.15	2.1564	8.1121	5.1529	4
34.2	2.1568	7.7262	5.1386	4
34.25	2.158	7.6542	5.1325	4
34.3	2.158	8.1798	5.1333	4
34.35	2.1586	7.6042	5.1294	4
34.4	2.1593	8.0712	5.1478	4
34.45	2.1598	7.8376	5.1484	4
34.5	2.1604	7.8069	5.1411	4
34.55	2.1608	8.0051	5.1444	4
34.6	2.1613	7.8772	5.1395	4
34.65	2.1615	8.04	5.1298	4
34.7	2.1623	7.9318	5.132	4
34.75	2.1628	7.8716	5.1337	4
34.8	2.1633	7.9975	5.1353	4
34.85	2.1637	8.0139	5.125	4
34.9	2.1646	7.6814	5.1289	4
34.95	2.1647	8.3912	5.136	4
35	2.1647	7.8873	5.141	4
35.05	2.1653	7.8961	5.1396	4
35.1	2.1652	8.2524	5.1228	4
35.15	2.1653	7.8756	5.1201	4
35.2	2.1658	8.185	5.1111	4
35.25	2.1653	8.4223	5.1162	4
35.3	2.1659	7.6729	5.1258	4
35.35	2.1653	8.6907	5.1141	4
35.4	2.165	7.9471	5.1098	4
35.45	2.1658	7.976	5.1225	4
35.5	2.1658	8.2864	5.1406	4
35.55	2.1654	8.1356	5.1313	4
35.6	2.1653	8.1342	5.1124	4
35.65	2.1648	8.3664	5.1221	4
35.7	2.165	7.9679	5.1246	4
35.75	2.1645	8.4101	5.1288	4
35.8	2.1651	7.8454	5.1344	4
35.85	2.1646	8.7408	5.12	4
35.9	2.1647	7.8344	5.1126	4
35.95	2.1647	8.4178	5.1088	4
36	2.1642	8.2618	5.1018	4
36.05	2.1637	8.2858	5.1123	4
36.1	2.1638	8.0494	5.1195	4
36.15	2.1639	8.3916	5.1192	4
36.2	2.1634	8.1685	5.1189	4
36.25	2.1631	8.6795	5.1152	4
36.3	2.1629	7.8121	5.1123	4
36.35	2.1627	8.5707	5.106	4
36.4	2.1622	8.3019	5.1022	4
36.45	2.1618	8.226	5.1024	4
36.5	2.1616	8.3333	5.1088	4
36.55	2.1609	8.7245	5.1094	4
36.6	2.1601	8.11	5.1054	4
36.65	2.1602	8.4704	5.1029	4
36.7	2.159	8.5049	5.1153	4
36.75	2.1589	8.3118	5.1279	4
36.8	2.1578	8.5964	5.1215	4
36.85	2.1575	8.3968	5.1113	4
36.9	2.1564	8.5714	5.1149	4
36.95	2.156	8.3862	5.1119	4
37	2.1555	8.4256	5.1208	4
37.05	2.1547	8.7251	5.1232	4
37.1	2.154	8.3171	5.1145	4
37.15	2.1539	8.3593	5.122	4
37.2	2.1522	8.8071	5.1278	4
37.25	2.1521	8.2482	5.1199	4
37.3	2.1509	8.6163	5.1201	4
37.35	2.1504	8.4557	5.1261	4
37.4	2.1497	8.3372	5.1335	4
37.45	2.1485	8.9426	5.1313	4
37.5	2.1482	8.0178	5.1171	4
37.55	2.1479	8.5813	5.1142	4
37.6	2.1466	8.621	5.1268	4
37.65	2.1465	8.0137	5.1264	4
37.7	2.1465	8.5835	5.1469	4
37.75	2.146	8.1352	5.1604	4
37.8	2.1451	8.7906	5.1496	4
37.85	2.145	8.0732	5.1317	4
37.9	2.1446	8.5533	5.1074	4
37.95	2.1433	8.6363	5.1163	4
38	2.143	8.0766	5.1201	4
38.05	2.1437	7.953	5.1116	4
38.1	2.143	8.8178	5.1118	4
38.15	2.1429	7.5948	5.1109	4
38.2	2.144	8.2892	5.1187	4
38.25	2.1428	8.4137	5.1278	4
38.3	2.1423	8.3556	5.1126	4
38.35	2.1422	7.947	5.0922	4
38.4	2.1422	8.4675	5.0962	4
38.45	2.1413	8.4192	5.1029	4
38.5	2.1412	8.3197	5.0957	4
38.55	2.1412	8.125	5.0974	4
38.6	2.1399	9.0086	5.111	4
38.65	2.1385	8.2012	5.1136	4
38.7	2.1386	8.5023	5.1104	4
38.75	2.1371	8.715	5.105	4
38.8	2.1367	8.1464	5.1075	4
38.85	2.136	8.6765	5.1279	4
38.9	2.1351	8.449	5.1113	4
38.95	2.1347	8.3084	5.0905	4
39	2.1342	8.6317	5.0995	4
39.05	2.1331	8.4765	5.1095	4
39.1	2.1325	8.4496	5.1221	4
39.15	2.1312	8.6695	5.1206	4
39.2	2.1311	7.9356	5.111	4
39.25	2.1306	8.7783	5.1042	4
39.3	2.1293	8.4804	5.1036	4
39.35	2.1289	8.4448	5.1021	4
39.4	2.1284	8.4045	5.0966	4
39.45	2.1273	8.7591	5.0859	4
39.5	2.1271	8.0918	5.0941	4
39.55	2.1261	8.9114	5.0837	4
39.6	2.125	8.4345	5.0919	4
39.65	2.1248	8.3636	5.0907	4
39.7	2.1239	8.6335	5.0881	4
39.75	2.1231	8.5564	5.1242	4
39.8	2.1226	8.4084	5.122	4
39.85	2.1209	8.9303	5.1239	4
39.9	2.1206	8.0884	5.1202	4
39.95	2.1202	8.6429	5.1108	4
40	2.1193	8.4077	5.1171	4
40.05	2.1186	8.5107	5.1111	4
40.1	2.1179	8.5123	5.1106	4
40.15	2.1175	8.2127	5.1212	4
40.2	2.1169	8.6982	5.1119	4
40.25	2.1162	8.257	5.1036	4
40.3	2.1164	8.243	5.1029	4
40.35	2.1157	8.5649	5.1031	4
40.4	2.1151	8.1995	5.1043	4
40.45	2.1149	8.5402	5.1072	4
40.5	2.114	8.2292	5.1248	4
40.55	2.1136	8.4528	5.1343	4
40.6	2.1131	8.3566	5.1422	4
40.65	2.1129	8.2251	5.1472	4
40.7	2.1126	8.529	5.1059	4
40.75	2.1122	8.1454	5.1063	4
40.8	2.1122	8.2946	5.1355	4
40.85	2.1108	8.874	5.1393	4
40.9	2.1101	8.2691	5.1326	4
40.95	2.1097	8.5416	5.1293	4
41	2.1087	8.5469	5.1451	4
41.05	2.108	8.5374	5.1604	4
41.1	2.1073	8.3732	5.1554	4
41.15	2.1066	8.7019	5.1452	4
41.2	2.1056	8.3489	5.1357	4
41.25	2.1052	8.5032	5.1274	4
41.3	2.1043	8.5993	5.1421	4
41.35	2.103	8.7618	5.1261	4
41.4	2.1023	8.3727	5.1219	4
41.45	2.1018	8.5287	5.1323	4
41.5	2.1011	8.5619	5.1426	4
41.55	2.1005	8.4686	5.1382	4
41.6	2.0995	8.6185	5.1245	4
41.65	2.0991	8.437	5.1276	4
41.7	2.0978	8.6175	5.1326	4
41.75	2.097	8.5397	5.1381	4
41.8	2.0966	8.4189	5.1389	4
41.85	2.0957	8.7009	5.1379	4
41.9	2.0948	8.3762	5.1446	4
41.95	2.0936	8.7436	5.1364	4
42	2.0928	8.3295	5.1247	4
42.05	2.0924	8.378	5.1351	4
42.1	2.0907	9.1328	5.1398	4
42.15	2.0902	8.11	5.1502	4
42.2	2.0897	8.7295	5.1304	4
42.25	2.0885	8.5502	5.1129	4
42.3	2.0877	8.5229	5.1284	4
42.35	2.087	8.5848	5.1331	4
42.4	2.0861	8.5257	5.1323	4
42.45	2.085	8.6382	5.1296	4
42.5	2.0842	8.517	5.1059	4
42.55	2.0835	8.6376	5.0965	4
42.6	2.0824	8.7989	5.0974	4
42.65	2.0818	8.3604	5.0995	4
42.7	2.0803	9.0137	5.1196	4
42.75	2.0792	8.315	5.121	4
42.8	2.0784	8.7349	5.1298	4
42.85	2.077	8.537	5.1204	4
42.9	2.0759	8.7428	5.1062	4
42.95	2.0751	8.3577	5.1154	4
43	2.0742	8.8206	5.1176	4
43.05	2.0736	8.2433	5.1045	4
43.1	2.0729	8.6791	5.0934	4
43.15	2.0722	8.5143	5.1016	4
43.2	2.071	8.7258	5.1019	4
43.25	2.0707	8.1624	5.0943	4
43.3	2.07	8.7439	5.0938	4
43.35	2.0687	8.4431	5.0889	4
43.4	2.0682	8.233	5.0935	4
43.45	2.0679	8.4667	5.1135	4
43.5	2.0666	8.752	5.0918	4
43.55	2.066	8.0827	5.0972	4
43.6	2.0658	8.5719	5.1305	4
43.65	2.0649	8.2996	5.1245	4
43.7	2.0651	8.2751	5.114	4
43.75	2.0643	8.4567	5.1332	4
43.8	2.0633	8.7169	5.131	4
43.85	2.0627	8.193	5.1071	4
43.9	2.0623	8.4166	5.1086	4
43.95	2.0615	8.4272	5.1219	4
44	2.0615	8.1294	5.1119	4
44.05	2.061	8.5248	5.1039	4
44.1	2.0606	8.3648	5.1074	4
44.15	2.0593	8.8097	5.1033	4
44.2	2.0591	8.0418	5.1126	4
44.25	2.0588	8.4116	5.1234	4
44.3	2.058	8.4254	5.135	4
44.35	2.0584	7.8419	5.1368	4
44.4	2.0584	8.326	5.1225	4
44.45	2.0574	8.5428	5.1183	4
44.5	2.0583	7.5075	5.1224	4
44.55	2.0583	8.5808	5.1153	4
44.6	2.0579	8.1232	5.1111	4
44.65	2.0584	7.8302	5.1166	4
44.7	2.0581	8.5723	5.1157	4
44.75	2.0577	8.034	5.1147	4
44.8	2.058	8.2195	5.1143	4
44.85	2.0574	8.2127	5.1303	4
44.9	2.0578	7.9496	5.1286	4
44.95	2.0578	8.426	5.1279	4
45	2.0578	8.0917	5.1291	4
45.05	2.0578	8.1589	5.1292	4
45.1	2.0577	8.1658	5.1259	4
45.15	2.0577	8.1832	5.1367	4
45.2	2.0577	8.312	5.1545	4
45.25	2.0573	8.1143	5.1362	4
45.3	2.0571	8.459	5.117	4
45.35	2.0568	8.1652	5.1091	4
45.4	2.0564	8.4713	5.1113	4
45.45	2.0562	8.0499	5.1184	4
45.5	2.0561	8.3034	5.1303	4
45.55	2.0558	8.2207	5.1325	4
45.6	2.0555	8.2898	5.1167	4
45.65	2.0545	8.7537	5.0961	4
45.7	2.0537	8.1593	5.1074	4
45.75	2.0544	7.982	5.1373	4
45.8	2.0541	8.6134	5.1465	4
45.85	2.0532	8.3977	5.1475	4
45.9	2.0531	8.3164	5.1299	4
45.95	2.0522	8.4027	5.1356	4
46	2.0521	8.334	5.1422	4
46.05	2.0519	8.2355	5.1172	4
46.1	2.0512	8.4994	5.1066	4
46.15	2.0505	8.2212	5.1157	4
46.2	2.0501	8.3421	5.1016	4
46.25	2.0497	8.3714	5.1007	4
46.3	2.0495	8.1855	5.1079	4
46.35	2.0495	8.3399	5.0962	4
46.4	2.049	8.2738	5.0989	4
46.45	2.0484	8.2687	5.1032	4
46.5	2.0477	8.4294	5.1117	4
46.55	2.047	8.4884	5.1072	4
46.6	2.0471	8.1027	5.1227	4
46.65	2.0466	8.6161	5.124	4
46.7	2.0454	8.439	5.1042	4
46.75	2.0459	7.8574	5.1053	4
46.8	2.0454	8.8646	5.1051	4
46.85	2.044	8.6646	5.1189	4
46.9	2.0441	8.0075	5.114	4
46.95	2.0433	8.7269	5.1088	4
47	2.0423	8.4058	5.1287	4
47.05	2.0415	8.5434	5.1209	4
47.1	2.041	8.2969	5.1078	4
47.15	2.0403	8.668	5.1218	4
47.2	2.0393	8.6113	5.1236	4
47.25	2.0392	8.1974	5.1239	4
47.3	2.0387	8.3813	5.1156	4
47.35	2.0382	8.3529	5.1212	4
47.4	2.0378	8.2795	5.1204	4
47.45	2.0375	8.4019	5.1123	4
47.5	2.0367	8.1873	5.1055	4
47.55	2.0373	8.3294	5.0965	4
47.6	2.0364	8.0386	5.0979	4
47.65	2.0364	8.6223	5.102	4
47.7	2.0358	8.1528	5.1083	4
47.75	2.0357	8.4038	5.1262	4
47.8	2.0352	8.296	5.1286	4
47.85	2.035	8.2422	5.115	4
47.9	2.0346	8.4142	5.1102	4
47.95	2.0338	8.6489	5.1119	4
48	2.0324	8.413	5.1165	4
48.05	2.0324	8.4243	5.1284	4
48.1	2.0309	8.9532	5.1191	4
48.15	2.0304	8.2249	5.1207	4
48.2	2.0296	8.8219	5.1136	4
48.25	2.0283	8.4998	5.1194	4
48.3	2.0278	8.389	5.1268	4
48.35	2.0276	8.3521	5.1159	4
48.4	2.0263	8.7404	5.1081	4
48.45	2.0256	8.4263	5.1126	4
48.5	2.0252	8.1306	5.1163	4
48.55	2.0248	8.842	5.1332	4
48.6	2.0241	8.0786	5.1266	4
48.65	2.0238	8.4055	5.1128	4
48.7	2.0229	8.6454	5.1093	4
48.75	2.0221	8.2012	5.0962	4
48.8	2.0218	8.5431	5.1173	4
48.85	2.0213	8.2787	5.1275	4
48.9	2.0205	8.4518	5.131	4
48.95	2.0197	8.5323	5.1307	4
49	2.0197	8.0405	5.1293	4
49.05	2.0191	8.7701	5.1273	4
49.1	2.0186	8.1799	5.1255	4
49.15	2.0185	8.1652	5.1221	4
49.2	2.0179	8.4113	5.1264	4
49.25	2.0176	8.2582	5.1173	4
49.3	2.017	8.3782	5.1123	4
49.35	2.0165	8.2597	5.1149	4
49.4	2.0161	8.4058	5.1165	4
49.45	2.0161	8.2181	5.1199	4
49.5	2.0158	8.3838	5.119	4
49.55	2.0154	8.1934	5.123	4
49.6	2.015	8.2548	5.1007	4
49.65	2.0145	8.5006	5.0882	4
49.7	2.0142	8.0766	5.1015	4
49.75	2.014	8.3288	5.119	4
49.8	2.0129	8.7771	5.1155	4
49.85	2.0128	7.8675	5.1176	4
49.9	2.0131	8.4341	5.1321	4
49.95	2.0115	8.7611	5.115	4
50	2.0108	8.1552	5.1098	4
50.05	2.0111	8.2048	5.1366	4
50.1	2.0103	8.6064	5.1239	4
50.15	2.0095	8.3029	5.1187	4
50.2	2.0101	8.1785	5.1368	4
50.25	2.0093	8.5958	5.1394	4
50.3	2.0089	8.2595	5.1407	4
50.35	2.0086	8.5166	5.1473	4
50.4	2.0082	8.2029	5.1569	4
50.45	2.0073	8.6035	5.1523	4
50.5	2.0069	8.0455	5.133	4
50.55	2.0062	8.6945	5.13	4
50.6	2.0053	8.4309	5.1541	4
50.65	2.0051	8.1869	5.1517	4
50.7	2.0047	8.6259	5.1427	4
50.75	2.004	8.3205	5.1268	4
50.8	2.0038	8.224	5.1392	4
50.85	2.0039	8.3689	5.1577	4
50.9	2.0029	8.6022	5.1493	4
50.95	2.0024	8.2088	5.1536	4
51	2.0022	8.4276	5.1404	4
51.05	2.0014	8.3374	5.1242	4
51.1	2.0011	8.3879	5.1248	4
51.15	2.0008	8.3124	5.1113	4
51.2	2.0001	8.5939	5.1103	4
51.25	1.9997	8.1974	5.1176	4
51.3	1.9995	8.3816	5.1216	4
51.35	1.9995	8.0203	5.1277	4
51.4	1.9988	8.6468	5.1166	4
51.45	1.9986	7.9199	5.1065	4
51.5	1.9987	8.0966	5.1154	4
51.55	1.9975	8.6214	5.1027	4
51.6	1.9984	7.724	5.1044	4
51.65	1.9989	8.0098	5.1056	4
51.7	1.9984	8.6136	5.0873	4
51.75	1.998	7.8256	5.0859	4
51.8	1.9994	7.6122	5.0977	4
51.85	1.9996	8.5054	5.1146	4
51.9	1.9987	8.1873	5.1103	4
51.95	1.9992	7.8919	5.1073	4
52	1.9997	8.0408	5.1089	4
52.05	1.9989	8.5812	5.1073	4
52.1	1.9998	7.497	5.1112	4
52.15	2.0006	7.9403	5.1221	4
52.2	2.0005	8.4012	5.1189	4
52.25	2.0006	7.8153	5.1312	4
52.3	2.0022	7.5094	5.1153	4
52.35	2.0022	8.3138	5.1062	4
52.4	2.002	8.1581	5.1152	4
52.45	2.0028	7.4855	5.1127	4
52.5	2.0035	8.217	5.1187	4
52.55	2.0029	8.1388	5.1136	4
52.6	2.0035	7.5669	5.1122	4
52.65	2.0043	8.1123	5.1321	4
52.7	2.0042	8.0691	5.1463	4
52.75	2.0051	7.7799	5.1493	4
52.8	2.0054	7.9745	5.14	4
52.85	2.0056	8.2933	5.1328	4
52.9	2.006	7.868	5.1399	4
52.95	2.0064	8.1768	5.1468	4
53	2.0062	8.0583	5.1593	4
53.05	2.0059	8.1808	5.1305	4
53.1	2.0067	7.5598	5.1313	4
53.15	2.0071	8.5017	5.145	4
53.2	2.0064	8.1084	5.15	4
53.25	2.0065	8.2735	5.1686	4
53.3	2.007	7.6465	5.164	4
53.35	2.0069	8.7481	5.1574	4
53.4	2.0064	7.7726	5.1397	4
53.45	2.0074	8.0737	5.1268	4
53.5	2.0072	8.3062	5.1306	4
53.55	2.0069	8.2861	5.1365	4
53.6	2.0075	7.5678	5.1534	4
53.65	2.0077	8.5016	5.1615	4
53.7	2.0072	8.1543	5.1705	4
53.75	2.0079	7.8621	5.1578	4
53.8	2.0075	8.548	5.1374	4
53.85	2.0077	7.7884	5.1212	4
53.9	2.0079	8.1783	5.1304	4
53.95	2.0082	8.047	5.1386	4
54	2.0079	8.2617	5.1272	4
54.05	2.0082	8.0349	5.1409	4
54.1	2.0078	8.2541	5.1519	4
54.15	2.0083	7.9936	5.1501	4
54.2	2.0082	8.3072	5.1335	4
54.25	2.0084	7.8349	5.1384	4
54.3	2.0081	8.4266	5.142	4
54.35	2.0083	7.8177	5.1446	4
54.4	2.0084	8.4431	5.1572	4
54.45	2.0083	7.9238	5.1566	4
54.5	2.0085	8.1329	5.1588	4
54.55	2.0081	8.3748	5.1324	4
54.6	2.0081	8.1074	5.125	4
54.65	2.009	7.9183	5.1391	4
54.7	2.0085	8.8489	5.1447	4
54.75	2.0076	7.9683	5.1387	4
54.8	2.008	8.1487	5.1217	4
54.85	2.0072	8.559	5.1257	4
54.9	2.0066	8.2612	5.1373	4
54.95	2.0072	7.7655	5.1362	4
55	2.0072	8.4028	5.143	4
55.05	2.007	8.0025	5.1276	4
55.1	2.0078	7.8044	5.0995	4
55.15	2.0084	8.0794	5.1027	4
55.2	2.0085	7.9645	5.1119	4
55.25	2.0093	7.6747	5.116	4
55.3	2.0102	8.0166	5.1186	4
55.35	2.0104	7.9773	5.1204	4
55.4	2.011	7.8062	5.1272	4
55.45	2.012	7.5446	5.1125	4
55.5	2.0122	8.3998	5.1108	4
55.55	2.0129	7.3804	5.1065	4
55.6	2.014	8.0707	5.1169	4
55.65	2.0144	7.7822	5.1414	4
55.7	2.0146	8.102	5.1425	4
55.75	2.0159	7.6819	5.1385	4
55.8	2.0162	7.9858	5.1403	4
55.85	2.0167	7.871	5.1399	4
55.9	2.0171	8.2005	5.1483	4
55.95	2.0176	7.6347	5.1543	4
56	2.0179	8.3916	5.1489	4
56.05	2.0177	7.7697	5.1512	4
56.1	2.0185	8.0573	5.1489	4
56.15	2.0189	7.9256	5.1528	4
56.2	2.0191	8.1112	5.1421	4
56.25	2.0196	7.6636	5.1358	4
56.3	2.0203	8.2609	5.1463	4
56.35	2.0197	8.2784	5.1425	4
56.4	2.0202	7.7116	5.1329	4
56.45	2.0209	8.2297	5.136	4
56.5	2.0202	8.3206	5.1219	4
56.55	2.0203	8.082	5.1037	4
56.6	2.0208	7.9681	5.0958	4
56.65	2.0203	8.5135	5.1203	4
56.7	2.0201	8.1426	5.1153	4
56.75	2.02	8.1516	5.1194	4
56.8	2.0201	8.2023	5.1429	4
56.85	2.0197	8.3243	5.1536	4
56.9	2.0198	8.258	5.132	4
56.95	2.0197	8.2136	5.1379	4
57	2.019	8.3762	5.1506	4
57.05	2.0196	7.8356	5.1518	4
57.1	2.0199	8.0245	5.1442	4
57.15	2.0198	8.6305	5.1448	4
57.2	2.0198	7.738	5.1394	4
57.25	2.0201	8.2002	5.136	4
57.3	2.0198	8.3452	5.1348	4
57.35	2.0192	8.1929	5.132	4
57.4	2.0199	7.8229	5.1317	4
57.45	2.0198	8.3973	5.1364	4
57.5	2.0191	8.5103	5.1505	4
57.55	2.0192	7.9303	5.1509	4
57.6	2.0194	8.2833	5.1574	4
57.65	2.0186	8.4235	5.1505	4
57.7	2.0184	8.0538	5.1487	4
57.75	2.0186	8.3373	5.1332	4
57.8	2.0184	8.2749	5.1306	4
57.85	2.0178	8.4225	5.1406	4
57.9	2.0182	7.8637	5.1408	4
57.95	2.0179	8.3791	5.1548	4
58	2.0175	8.4786	5.1353	4
58.05	2.0169	8.132	5.1241	4
58.1	2.0175	8.0211	5.1224	4
58.15	2.0172	8.4071	5.109	4
58.2	2.017	8.1902	5.1299	4
58.25	2.0174	8.0632	5.1389	4
58.3	2.0169	8.5015	5.1192	4
58.35	2.0165	8.2508	5.1048	4
58.4	2.0165	7.9761	5.1057	4
58.45	2.0161	8.6295	5.1144	4
58.5	2.0156	8.0797	5.1204	4
58.55	2.016	8.0466	5.1211	4
58.6	2.0154	8.6013	5.1413	4
58.65	2.0148	8.2336	5.1448	4
58.7	2.015	8.1189	5.1456	4
58.75	2.0146	8.3695	5.132	4
58.8	2.0143	8.1842	5.1112	4
58.85	2.0141	8.2275	5.1206	4
58.9	2.0139	8.2066	5.1208	4
58.95	2.0137	8.2772	5.1239	4
59	2.0131	8.4056	5.1424	4
59.05	2.0136	7.9744	5.1382	4
59.1	2.0131	8.5528	5.1421	4
59.15	2.013	7.8289	5.1318	4
59.2	2.0134	8.4932	5.1175	4
59.25	2.0127	8.2098	5.1223	4
59.3	2.0122	8.6432	5.136	4
59.35	2.0126	7.5152	5.1455	4
59.4	2.0123	8.7472	5.1286	4
59.45	2.0118	8.1728	5.1164	4
59.5	2.0121	7.9198	5.1266	4
59.55	2.0123	8.5039	5.1533	4
59.6	2.0115	8.2649	5.1606	4
59.65	2.0119	7.9986	5.1511	4
59.7	2.0117	8.4445	5.1221	4
59.75	2.0116	8.0426	5.1181	4
59.8	2.0111	8.4482	5.1283	4
59.85	2.0117	7.7678	5.1199	4
59.9	2.0108	8.7671	5.1075	4
59.95	2.0108	8.0027	5.1099	4
60	2.0109	8.1602	5.1168	4
60.05	2.0108	8.3385	5.1208	4
60.1	2.0101	8.3804	5.1173	4
60.15	2.0102	8.0455	5.1099	4
60.2	2.0102	8.3092	5.1107	4
60.25	2.0093	8.4291	5.1134	4
60.3	2.0095	7.9056	5.1072	4
60.35	2.0098	8.2892	5.121	4
60.4	2.0095	8.3	5.1299	4
60.45	2.0096	8.0725	5.1366	4
60.5	2.0096	8.3036	5.1445	4
60.55	2.0089	8.2601	5.1446	4
60.6	2.0086	8.3485	5.1275	4
60.65	2.0089	7.7785	5.136	4
60.7	2.0091	8.4318	5.1536	4
60.75	2.0087	8.2289	5.162	4
60.8	2.0088	8.1062	5.1622	4
60.85	2.0085	8.2662	5.1484	4
60.9	2.0086	8.0419	5.1459	4
60.95	2.0085	8.1508	5.1338	4
61	2.0088	8.2287	5.1201	4
61.05	2.0085	7.9797	5.1181	4
61.1	2.0086	8.3173	5.1163	4
61.15	2.0087	7.8243	5.1354	4
61.2	2.0087	8.4058	5.1598	4
61.25	2.0091	7.8886	5.1423	4
61.3	2.0095	7.9361	5.1383	4
61.35	2.009	8.3429	5.1315	4
61.4	2.009	8.0982	5.134	4
61.45	2.0098	7.7822	5.1209	4
61.5	2.0103	8.2012	5.1129	4
61.55	2.0098	8.1386	5.1044	4
61.6	2.0104	8.0015	5.1086	4
61.65	2.0103	8.0966	5.1362	4
61.7	2.0105	8.0051	5.1386	4
61.75	2.0103	8.3054	5.1309	4
61.8	2.0109	7.7079	5.1213	4
61.85	2.0109	8.4628	5.125	4
61.9	2.0107	7.9069	5.1264	4
61.95	2.0112	7.793	5.1335	4
62	2.0119	8.2154	5.133	4
62.05	2.0116	8.0527	5.1203	4
62.1	2.0123	7.8241	5.1254	4
62.15	2.0124	8.2184	5.1454	4
62.2	2.012	8.2649	5.1422	4
62.25	2.0129	7.693	5.1231	4
62.3	2.0134	8.0678	5.1412	4
62.35	2.0133	8.1878	5.1404	4
62.4	2.0137	7.6666	5.143	4
62.45	2.0136	8.4408	5.1223	4
62.5	2.0138	7.7973	5.1203	4
62.55	2.0143	8.0639	5.1215	4
62.6	2.0143	8.022	5.1218	4
62.65	2.0147	8.0396	5.1233	4
62.7	2.0153	7.9494	5.1329	4
62.75	2.0155	8.1089	5.1237	4
62.8	2.0156	7.8924	5.1146	4
62.85	2.0166	7.9681	5.1144	4
62.9	2.0161	8.1503	5.1175	4
62.95	2.0168	7.9737	5.1052	4
63	2.017	8.0412	5.0956	4
63.05	2.0168	8.2109	5.1038	4
63.1	2.0175	7.6261	5.107	4
63.15	2.0177	8.3696	5.1099	4
63.2	2.018	7.8558	5.1165	4
63.25	2.0181	8.1612	5.118	4
63.3	2.0188	7.8235	5.1052	4
63.35	2.0188	8.404	5.0892	4
63.4	2.0185	7.9881	5.1027	4
63.45	2.0193	7.8158	5.1136	4
63.5	2.0191	8.5685	5.1085	4
63.55	2.0188	8.015	5.096	4
63.6	2.019	7.9226	5.0918	4
63.65	2.0189	8.5335	5.1118	4
63.7	2.0187	7.9244	5.1285	4
63.75	2.0192	8.1705	5.1348	4
63.8	2.0188	8.3345	5.147	4
63.85	2.0185	8.1493	5.1484	4
63.9	2.0187	8.0933	5.1431	4
63.95	2.0184	8.274	5.138	4
64	2.0184	8.1772	5.129	4
64.05	2.0187	8.2203	5.1211	4
64.1	2.0183	8.2024	5.1196	4
64.15	2.0184	8.2736	5.1239	4
64.2	2.0176	8.3638	5.1399	4
64.25	2.0179	8.1034	5.1461	4
64.3	2.0177	8.3329	5.1479	4
64.35	2.0172	8.2982	5.1455	4
64.4	2.0167	8.3588	5.1372	4
64.45	2.0165	8.1288	5.1527	4
64.5	2.0161	8.5122	5.1514	4
64.55	2.016	8.1139	5.1536	4
64.6	2.0159	8.5016	5.1626	4
64.65	2.0157	8.1424	5.1535	4
64.7	2.0152	8.5364	5.1427	4
64.75	2.0146	8.1935	5.1257	4
64.8	2.0144	8.3039	5.1193	4
64.85	2.0139	8.3271	5.1292	4
64.9	2.0135	8.4743	5.1325	4
64.95	2.0132	8.0723	5.1354	4
65	2.013	8.6009	5.1372	4
65.05	2.0121	8.3891	5.1361	4
65.1	2.0114	8.3188	5.1367	4
65.15	2.0117	8.2362	5.1361	4
65.2	2.0111	8.497	5.1297	4
65.25	2.0109	8.2531	5.1308	4
65.3	2.0108	8.3979	5.1339	4
65.35	2.0098	8.4477	5.1411	4
65.4	2.0095	8.2436	5.1321	4
65.45	2.0088	8.3687	5.1307	4
65.5	2.0083	8.5181	5.1197	4
65.55	2.0082	7.9417	5.1252	4
65.6	2.008	8.5301	5.1285	4
65.65	2.0071	8.43	5.1157	4
65.7	2.0069	8.0747	5.1184	4
65.75	2.0066	8.725	5.1218	4
65.8	2.0058	8.0963	5.1099	4
65.85	2.0063	8.2438	5.1102	4
65.9	2.0052	8.6072	5.1172	4
65.95	2.0051	8.0525	5.1263	4
66	2.0054	8.4337	5.124	4
66.05	2.0044	8.5048	5.109	4
66.1	2.0037	8.3135	5.0994	4
66.15	2.0037	8.1533	5.0982	4
66.2	2.003	8.4352	5.1092	4
66.25	2.0031	8.2442	5.1243	4
66.3	2.0027	8.4484	5.119	4
66.35	2.0023	8.2036	5.1134	4
66.4	2.0021	8.3128	5.1224	4
66.45	2.0015	8.2972	5.1161	4
66.5	2.0013	8.3746	5.1018	4
66.55	2.0009	8.1516	5.111	4
66.6	2.0001	8.7184	5.1177	4
66.65	1.9993	8.1168	5.1324	4
66.7	1.9995	8.3949	5.1473	4
66.75	1.999	8.3534	5.1541	4
66.8	1.9985	8.45	5.1443	4
66.85	1.9979	8.4623	5.1369	4
66.9	1.9978	7.9506	5.1295	4
66.95	1.9975	8.6566	5.1335	4
67	1.997	8.1424	5.1423	4
67.05	1.9967	8.3428	5.1243	4
67.1	1.9964	8.4676	5.1284	4
67.15	1.9956	8.2482	5.1376	4
67.2	1.9955	8.2668	5.1377	4
67.25	1.9949	8.4504	5.1458	4
67.3	1.9947	8.3425	5.14	4
67.35	1.9944	8.3034	5.1333	4
67.4	1.9939	8.366	5.1495	4
67.45	1.9932	8.5206	5.1514	4
67.5	1.9929	7.9465	5.1496	4
67.55	1.9927	8.6638	5.1407	4
67.6	1.9924	8.0638	5.1319	4
67.65	1.9919	8.4281	5.1272	4
67.7	1.9919	8.1618	5.1295	4
67.75	1.9914	8.4098	5.1339	4
67.8	1.9916	8.2366	5.1405	4
67.85	1.9908	8.618	5.138	4
67.9	1.9898	8.5464	5.1357	4
67.95	1.9899	7.8861	5.126	4
68	1.9897	8.5725	5.1276	4
68.05	1.9883	8.5699	5.1237	4
68.1	1.9889	7.7661	5.124	4
68.15	1.9884	8.681	5.1272	4
68.2	1.9877	8.4288	5.1188	4
68.25	1.9872	8.38	5.1231	4
68.3	1.9872	8.2401	5.1161	4
68.35	1.9861	8.7153	5.1048	4
68.4	1.9855	8.195	5.1249	4
68.45	1.9852	8.4618	5.1364	4
68.5	1.9849	8.016	5.1299	4
68.55	1.9844	8.9334	5.1351	4
68.6	1.9838	7.8928	5.1466	4
68.65	1.9836	8.632	5.1411	4
68.7	1.9832	8.1648	5.1363	4
68.75	1.9827	8.6062	5.1467	4
68.8	1.9822	8.2663	5.1564	4
68.85	1.9821	8.3535	5.1225	4
68.9	1.9813	8.4679	5.1116	4
68.95	1.9809	8.3569	5.1161	4
69	1.9806	8.1171	5.1273	4
69.05	1.9797	8.8367	5.1303	4
69.1	1.9791	7.9335	5.1192	4
69.15	1.9791	8.6431	5.1384	4
69.2	1.9786	8.1127	5.1514	4
69.25	1.9777	8.4849	5.1543	4
69.3	1.9779	8.0789	5.1556	4
69.35	1.9778	8.3812	5.1432	4
69.4	1.9772	8.3814	5.1254	4
69.45	1.9772	8.1112	5.1354	4
69.5	1.9767	8.3166	5.1404	4
69.55	1.9765	8.5671	5.1384	4
69.6	1.9764	7.6577	5.146	4
69.65	1.9767	8.6622	5.1547	4
69.7	1.9762	7.8591	5.1303	4
69.75	1.9764	8.3554	5.1182	4
69.8	1.9769	7.819	5.1264	4
69.85	1.9771	8.3701	5.1345	4
69.9	1.9767	8.1215	5.1431	4
69.95	1.9772	7.9411	5.1206	4
70	1.9767	8.2921	5.1109	4
70.05	1.9769	8.3758	5.129	4
70.1	1.9769	7.3713	5.1256	4
70.15	1.9774	8.8075	5.1259	4
70.2	1.9769	7.6795	5.1349	4
70.25	1.9778	8.1749	5.134	4
70.3	1.9778	8.1326	5.1353	4
70.35	1.9776	8.239	5.1296	4
70.4	1.9776	8.203	5.1279	4
70.45	1.9779	7.8635	5.1254	4
70.5	1.9774	8.4574	5.1139	4
70.55	1.9779	7.9935	5.1218	4
70.6	1.9775	8.0885	5.1273	4
70.65	1.9781	8.4118	5.1215	4
70.7	1.9774	7.9403	5.1466	4
70.75	1.9782	8.1737	5.1491	4
70.8	1.9776	8.112	5.1373	4
70.85	1.9775	8.2063	5.1252	4
70.9	1.9778	7.9043	5.1288	4
70.95	1.9785	8.0505	5.1364	4
71	1.9773	8.5516	5.117	4
71.05	1.9786	7.4799	5.1062	4
71.1	1.9779	8.4732	5.1339	4
71.15	1.9784	8.0832	5.1494	4
71.2	1.9781	7.9141	5.1283	4
71.25	1.9787	8.2869	5.1023	4
71.3	1.9784	7.9686	5.1149	4
71.35	1.9789	8.0858	5.1223	4
71.4	1.9786	8.6006	5.1237	4
71.45	1.979	7.5038	5.1318	4
71.5	1.9788	8.8376	5.1284	4
71.55	1.9792	7.4487	5.1233	4
71.6	1.9782	9.0077	5.1285	4
71.65	1.9796	7.1366	5.1273	4
71.7	1.9786	8.9527	5.1396	4
71.75	1.9788	7.7016	5.1445	4
71.8	1.9789	8.2302	5.1322	4
71.85	1.979	8.0232	5.1308	4
71.9	1.9785	8.7753	5.1181	4
71.95	1.9782	7.468	5.1178	4
72	1.9793	8.5058	5.1182	4
72.05	1.9786	7.8737	5.1173	4
72.1	1.9786	8.7985	5.1105	4
72.15	1.9788	7.185	5.0995	4
72.2	1.979	9.1478	5.1048	4
72.25	1.9779	7.681	5.1092	4
72.3	1.9796	8.1259	5.0978	4
72.35	1.9789	8.2334	5.0982	4
72.4	1.9784	8.5331	5.1052	4
72.45	1.9782	7.7764	5.1031	4
72.5	1.979	8.2718	5.0909	4
72.55	1.9778	8.3935	5.0843	4
72.6	1.9784	8.0313	5.1083	4
72.65	1.9779	8.1675	5.1223	4
72.7	1.9786	8.3124	5.1222	4
72.75	1.9774	8.198	5.121	4
72.8	1.9785	7.8705	5.1211	4
72.85	1.9774	8.6546	5.1154	4
72.9	1.9777	7.7268	5.1093	4
72.95	1.9779	8.2297	5.1086	4
73	1.9781	7.955	5.116	4
73.05	1.9774	8.6778	5.1208	4
73.1	1.9778	7.4225	5.1165	4
73.15	1.9781	8.6291	5.1057	4
73.2	1.9783	7.7915	5.1006	4
73.25	1.9793	8.1545	5.1039	4
73.3	1.979	8.0836	5.1022	4
73.35	1.9798	7.9575	5.1227	4
73.4	1.9798	7.8145	5.116	4
73.45	1.9806	8.1474	5.1097	4
73.5	1.9805	7.8371	5.1093	4
73.55	1.9812	8.0155	5.1042	4
73.6	1.9811	8.1497	5.1221	4
73.65	1.982	7.4074	5.1263	4
73.7	1.9821	8.5519	5.1112	4
73.75	1.9825	7.3386	5.1077	4
73.8	1.9837	8.1917	5.1056	4
73.85	1.9845	7.2767	5.1121	4
73.9	1.985	8.5404	5.1203	4
73.95	1.9857	7.2321	5.1161	4
74	1.9865	8.3028	5.1151	4
74.05	1.9865	7.7028	5.1146	4
74.1	1.9878	7.6283	5.1224	4
74.15	1.9881	8.0222	5.1147	4
74.2	1.9894	7.5149	5.1019	4
74.25	1.9898	8.0239	5.1094	4
74.3	1.9914	7.4778	5.1259	4
74.35	1.9923	7.7859	5.1256	4
74.4	1.9925	7.7867	5.1085	4
74.45	1.9932	7.8792	5.1108	4
74.5	1.9942	7.6305	5.1257	4
74.55	1.9946	8.1706	5.1195	4
74.6	1.9957	7.3081	5.1145	4
74.65	1.9967	8.0278	5.1104	4
74.7	1.9972	7.8167	5.1133	4
74.75	1.9984	7.429	5.1186	4
74.8	1.9993	7.8367	5.1091	4
74.85	2.0003	7.7378	5.1092	4
74.9	2.0009	7.7441	5.113	4
74.95	2.0022	7.6111	5.1172	4
75	2.0033	7.5396	5.1124	4
75.05	2.0043	8.037	5.1221	4
75.1	2.0049	7.51	5.1341	4
75.15	2.0061	7.7816	5.1333	4
75.2	2.007	7.7399	5.1188	4
75.25	2.0079	7.8154	5.1112	4
75.3	2.0093	7.5045	5.1091	4
75.35	2.0104	7.835	5.1145	4
75.4	2.0106	7.9754	5.1196	4
75.45	2.0115	7.5243	5.1154	4
75.5	2.0128	7.6908	5.1209	4
75.55	2.0133	7.9387	5.1184	4
75.6	2.0137	7.8815	5.1065	4
75.65	2.0151	7.3394	5.1125	4
75.7	2.0155	8.4198	5.1185	4
75.75	2.016	7.3353	5.1177	4
75.8	2.0171	8.092	5.1085	4
75.85	2.0177	7.8049	5.0907	4
75.9	2.0185	7.7952	5.0953	4
75.95	2.0196	7.5765	5.1029	4
76	2.0199	8.1995	5.0988	4
76.05	2.021	7.4499	5.1206	4
76.1	2.0218	8.2041	5.1411	4
76.15	2.0217	7.8327	5.1356	4
76.2	2.0226	7.8998	5.1198	4
76.25	2.0232	7.907	5.0958	4
76.3	2.0233	8.142	5.0857	4
76.35	2.0238	7.7215	5.0843	4
76.4	2.0247	7.9157	5.0904	4
76.45	2.0245	8.3684	5.1018	4
76.5	2.025	7.7607	5.1132	4
76.55	2.0253	8.1651	5.1055	4
76.6	2.0256	8.0251	5.1064	4
76.65	2.0256	8.1923	5.118	4
76.7	2.0257	8.3609	5.1283	4
76.75	2.0256	7.7306	5.1172	4
76.8	2.0258	8.5095	5.1138	4
76.85	2.0258	7.9916	5.1131	4
76.9	2.0265	7.8193	5.11	4
76.95	2.0263	8.7688	5.1193	4
77	2.0258	7.7474	5.1151	4
77.05	2.0266	8.2916	5.1076	4
77.1	2.0261	8.2414	5.1225	4
77.15	2.0259	8.061	5.131	4
77.2	2.0263	8.291	5.1431	4
77.25	2.0256	8.1483	5.1524	4
77.3	2.0259	8.1581	5.1432	4
77.35	2.0259	8.0611	5.1438	4
77.4	2.0251	8.6723	5.1469	4
77.45	2.0263	7.3421	5.1428	4
77.5	2.026	8.8377	5.1457	4
77.55	2.0249	8.2763	5.1534	4
77.6	2.0252	7.6319	5.1373	4
77.65	2.0251	8.6559	5.1403	4
77.7	2.0242	8.1914	5.1449	4
77.75	2.0249	7.7338	5.1366	4
77.8	2.0254	8.3	5.1454	4
77.85	2.0246	8.5565	5.1556	4
77.9	2.025	7.673	5.1473	4
77.95	2.0253	8.1924	5.1447	4
78	2.0251	8.2911	5.1568	4
78.05	2.0251	8.2506	5.1681	4
78.1	2.0254	7.7645	5.1625	4
78.15	2.0249	8.6915	5.1535	4
78.2	2.0245	7.9881	5.1417	4
78.25	2.0255	7.7856	5.1357	4
78.3	2.0257	8.4976	5.1503	4
78.35	2.025	8.1045	5.152	4
78.4	2.0252	7.9699	5.1324	4
78.45	2.0256	8.0284	5.1284	4
78.5	2.0254	8.2658	5.132	4
78.55	2.0261	7.632	5.1276	4
78.6	2.0264	8.2074	5.1274	4
78.65	2.0263	8.1455	5.1233	4
78.7	2.0269	7.8417	5.1261	4
78.75	2.0273	8.1255	5.1197	4
78.8	2.0272	8.1087	5.1152	4
78.85	2.0275	7.9628	5.1325	4
78.9	2.0281	7.9347	5.122	4
78.95	2.0283	8.1832	5.1049	4
79	2.0284	7.8702	5.1197	4
79.05	2.0292	7.8636	5.1166	4
79.1	2.0292	8.2636	5.1272	4
79.15	2.0293	7.9487	5.1338	4
79.2	2.0302	7.8788	5.1213	4
79.25	2.0303	8.1629	5.1121	4
79.3	2.0305	7.891	5.1161	4
79.35	2.0312	8.0301	5.124	4
79.4	2.0315	8.0508	5.1434	4
79.45	2.0319	7.8451	5.1396	4
79.5	2.0324	8.0314	5.1163	4
79.55	2.0324	8.009	5.1193	4
79.6	2.0332	7.754	5.137	4
79.65	2.0338	8.1959	5.1359	4
79.7	2.0335	8.0776	5.1265	4
79.75	2.0345	7.496	5.1398	4
79.8	2.035	8.2896	5.1326	4
79.85	2.035	7.993	5.1219	4
79.9	2.0356	7.8192	5.1147	4
79.95	2.0361	7.8903	5.1111	4
80	2.0367	8.0554	5.1139	4
80.05	2.0371	7.979	5.1024	4
80.1	2.0374	7.8191	5.1013	4
80.15	2.0379	8.0621	5.1119	4
80.2	2.0381	8.0198	5.101	4
80.25	2.0385	7.8313	5.1248	4
80.3	2.0388	8.2252	5.1086	4
80.35	2.0385	8.116	5.0953	4
80.4	2.0391	7.9035	5.112	4
80.45	2.0397	8.0366	5.114	4
80.5	2.0397	8.02	5.1264	4
80.55	2.0397	8.1638	5.1239	4
80.6	2.0405	7.7956	5.1044	4
80.65	2.0405	8.2515	5.1058	4
80.7	2.0408	7.94	5.1089	4
80.75	2.0407	8.1691	5.1101	4
80.8	2.0412	8.1012	5.104	4
80.85	2.041	7.9935	5.0947	4
80.9	2.0418	8.0454	5.0823	4
80.95	2.042	7.9146	5.0831	4
81	2.0424	8.0192	5.0937	4
81.05	2.0421	8.3041	5.0997	4
81.1	2.0423	7.9449	5.0846	4
81.15	2.043	7.9509	5.0943	4
81.2	2.0435	7.8441	5.095	4
81.25	2.0436	8.385	5.0945	4
81.3	2.0446	7.5381	5.1007	4
81.35	2.0453	8.1593	5.1108	4
81.4	2.0453	8.186	5.1204	4
81.45	2.0457	7.6814	5.108	4
81.5	2.0464	8.0317	5.1017	4
81.55	2.047	8.0006	5.1114	4
81.6	2.047	8.0332	5.1059	4
81.65	2.0477	7.769	5.0915	4
81.7	2.0484	7.7877	5.0883	4
81.75	2.0487	8.2068	5.0954	4
81.8	2.049	7.7513	5.0952	4
81.85	2.05	7.9799	5.0935	4
81.9	2.0495	8.3899	5.1005	4
81.95	2.0501	7.6078	5.1088	4
82	2.0503	8.1464	5.1072	4
82.05	2.0505	8.1027	5.1171	4
82.1	2.0503	8.0605	5.1089	4
82.15	2.0511	7.7659	5.1016	4
82.2	2.0512	8.2744	5.1107	4
82.25	2.0517	7.9754	5.1033	4
82.3	2.0521	8.0204	5.1049	4
82.35	2.0525	8.0313	5.1228	4
82.4	2.0518	8.5313	5.1295	4
82.45	2.0525	7.4084	5.1205	4
82.5	2.0528	8.705	5.12	4
82.55	2.0526	7.6121	5.1042	4
82.6	2.0532	8.3319	5.0754	4
82.65	2.0533	8.0471	5.097	4
82.7	2.0532	8.2915	5.1105	4
82.75	2.0534	7.984	5.1073	4
82.8	2.0537	8.2573	5.1149	4
82.85	2.0535	8.1192	5.1195	4
82.9	2.0535	8.194	5.1217	4
82.95	2.0531	7.9527	5.1095	4
83	2.0533	8.3181	5.0922	4
83.05	2.0528	8.2683	5.0935	4
83.1	2.0537	7.8587	5.0994	4
83.15	2.0528	8.6223	5.1054	4
83.2	2.0527	8.1558	5.1156	4
83.25	2.0529	8.0771	5.1225	4
83.3	2.0529	8.3863	5.1315	4
83.35	2.0522	8.2062	5.1132	4
83.4	2.0524	8.1756	5.1124	4
83.45	2.0522	8.31	5.1073	4
83.5	2.0516	8.404	5.1011	4
83.55	2.0516	8.0284	5.1242	4
83.6	2.0524	7.9307	5.1167	4
83.65	2.0527	8.3957	5.1099	4
83.7	2.0526	7.9593	5.127	4
83.75	2.0526	8.298	5.1295	4
83.8	2.0531	7.8987	5.1275	4
83.85	2.0529	8.3217	5.1228	4
83.9	2.0532	7.9197	5.1127	4
83.95	2.0534	8.3488	5.1223	4
84	2.0531	8.0103	5.1108	4
84.05	2.0532	8.2856	5.1204	4
84.1	2.0531	8.3091	5.1329	4
84.15	2.0524	8.5906	5.1326	4
84.2	2.0524	7.8402	5.1188	4
84.25	2.0521	8.6961	5.1132	4
84.3	2.0516	8.1783	5.1014	4
84.35	2.0517	8.1278	5.1098	4
84.4	2.0516	8.4123	5.1259	4
84.45	2.0507	8.4593	5.1173	4
84.5	2.0507	7.9823	5.109	4
84.55	2.0505	8.6198	5.1126	4
84.6	2.0497	8.2372	5.1244	4
84.65	2.0497	8.114	5.112	4
84.7	2.05	8.1938	5.1048	4
84.75	2.0493	8.5459	5.1117	4
84.8	2.0498	7.8852	5.1224	4
84.85	2.0493	8.489	5.1307	4
84.9	2.0489	8.2076	5.1181	4
84.95	2.0486	8.2248	5.1228	4
85	2.0489	8.0371	5.1244	4
85.05	2.0486	8.5771	5.1091	4
85.1	2.0486	7.7936	5.1154	4
85.15	2.0486	8.509	5.1285	4
85.2	2.0483	8.0192	5.1326	4
85.25	2.0485	8.4007	5.1244	4
85.3	2.0483	8.0323	5.1206	4
85.35	2.0481	8.4324	5.1292	4
85.4	2.0475	8.267	5.1396	4
85.45	2.0478	8.1798	5.1417	4
85.5	2.047	8.3719	5.1247	4
85.55	2.0467	8.4206	5.1202	4
85.6	2.0462	8.1397	5.1268	4
85.65	2.0466	8.3174	5.1272	4
85.7	2.0452	8.7466	5.1351	4
85.75	2.0461	7.4407	5.1458	4
85.8	2.0453	9.1121	5.1323	4
85.85	2.0445	8.0026	5.1178	4
85.9	2.0441	8.5749	5.1141	4
85.95	2.0446	7.9204	5.1131	4
86	2.0429	9.2523	5.112	4
86.05	2.043	7.4576	5.1184	4
86.1	2.043	8.6072	5.1294	4
86.15	2.0422	8.2305	5.1211	4
86.2	2.0421	8.3827	5.1186	4
86.25	2.0425	7.5848	5.1295	4
86.3	2.0423	8.9568	5.1296	4
86.35	2.0413	7.9261	5.125	4
86.4	2.0423	8.118	5.1252	4
86.45	2.0419	8.3439	5.1141	4
86.5	2.0411	8.615	5.126	4
86.55	2.0411	7.5777	5.1284	4
86.6	2.0415	8.5955	5.1254	4
86.65	2.0401	8.5106	5.1336	4
86.7	2.0405	7.9573	5.1373	4
86.75	2.0402	8.3297	5.1407	4
86.8	2.0392	8.6727	5.1311	4
86.85	2.0387	8.2061	5.1223	4
86.9	2.0393	8.0962	5.1097	4
86.95	2.038	8.6666	5.1174	4
87	2.0376	8.2663	5.1373	4
87.05	2.0382	7.9416	5.1469	4
87.1	2.0379	8.6887	5.1465	4
87.15	2.0368	8.4754	5.1419	4
87.2	2.0368	8.0501	5.1386	4
87.25	2.0363	8.6684	5.1439	4
87.3	2.0357	8.1507	5.1408	4
87.35	2.035	8.5048	5.1237	4
87.4	2.035	8.0721	5.1161	4
87.45	2.0347	8.6547	5.1058	4
87.5	2.0343	8.1329	5.0949	4
87.55	2.034	8.3856	5.1045	4
87.6	2.0335	8.3399	5.1194	4
87.65	2.0332	8.418	5.123	4
87.7	2.0328	8.22	5.1145	4
87.75	2.0321	8.6176	5.1255	4
87.8	2.0315	8.1189	5.1361	4
87.85	2.0312	8.5596	5.1249	4
87.9	2.0306	8.2982	5.1349	4
87.95	2.0303	8.3865	5.1348	4
88	2.03	8.2372	5.1258	4
88.05	2.0295	8.4893	5.1276	4
88.1	2.029	8.232	5.1413	4
88.15	2.0289	8.418	5.1308	4
88.2	2.0283	8.4512	5.1348	4
88.25	2.0284	8.0325	5.1456	4
88.3	2.0286	8.2291	5.1515	4
88.35	2.028	8.6114	5.1432	4
88.4	2.0275	8.1084	5.1392	4
88.45	2.0274	8.375	5.1528	4
88.5	2.0269	8.3523	5.1583	4
88.55	2.0263	8.5563	5.1592	4
88.6	2.0266	7.9288	5.1591	4
88.65	2.0264	8.3987	5.1677	4
88.7	2.0259	8.3674	5.1798	4
88.75	2.0256	8.2733	5.1699	4
88.8	2.0255	8.2007	5.1621	4
88.85	2.0247	8.4966	5.1464	4
88.9	2.0241	8.2627	5.1594	4
88.95	2.0243	8.163	5.1769	4
89	2.0241	8.3154	5.147	4
89.05	2.0237	8.4226	5.1337	4
89.1	2.0236	8.2771	5.1302	4
89.15	2.0238	8.1814	5.129	4
89.2	2.0231	8.53	5.1346	4
89.25	2.0225	8.3222	5.1373	4
89.3	2.0222	8.1964	5.151	4
89.35	2.022	8.3258	5.1599	4
89.4	2.021	8.6072	5.1656	4
89.45	2.0208	8.1105	5.1667	4
89.5	2.0207	8.371	5.1515	4
89.55	2.0202	8.401	5.1358	4
89.6	2.0198	8.4257	5.1372	4
89.65	2.0192	8.1388	5.1288	4
89.7	2.0194	8.2423	5.1394	4
89.75	2.0188	8.3493	5.1646	4
89.8	2.0184	8.3645	5.1739	4
89.85	2.0183	8.1409	5.1575	4
89.9	2.0181	8.4436	5.137	4
89.95	2.0177	8.1377	5.1328	4
90	2.0177	8.235	5.1242	4
90.05	2.0173	8.3136	5.1329	4
90.1	2.0168	8.3632	5.1418	4
90.15	2.0168	8.107	5.1409	4
90.2	2.0173	8.0066	5.1429	4
90.25	2.0161	8.9707	5.1383	4
90.3	2.0158	7.7031	5.1285	4
90.35	2.0161	8.4246	5.114	4
90.4	2.0156	8.3621	5.1144	4
90.45	2.0146	8.4758	5.1174	4
90.5	2.0156	7.7064	5.1006	4
90.55	2.0151	8.7226	5.1081	4
90.6	2.0141	8.3187	5.1066	4
90.65	2.0148	7.8646	5.1104	4
90.7	2.0142	8.4992	5.1218	4
90.75	2.0135	8.3688	5.1081	4
90.8	2.0138	7.9891	5.1133	4
90.85	2.0141	8.0445	5.1315	4
90.9	2.0132	8.9294	5.1398	4
90.95	2.0126	7.727	5.1562	4
91	2.0134	8.4077	5.1337	4
91.05	2.0122	8.2697	5.1145	4
91.1	2.0119	8.3849	5.1397	4
91.15	2.0124	7.8484	5.1489	4
91.2	2.0121	8.5124	5.1457	4
91.25	2.0114	8.2769	5.1179	4
91.3	2.0121	8.0559	5.102	4
91.35	2.0112	8.2029	5.1108	4
91.4	2.0124	8.2495	5.1186	4
91.45	2.011	8.4323	5.1316	4
91.5	2.0116	8.0006	5.1304	4
91.55	2.011	8.2921	5.1318	4
91.6	2.011	8.1924	5.1401	4
91.65	2.0103	8.4604	5.1226	4
91.7	2.011	7.6058	5.1213	4
91.75	2.0107	8.9347	5.1191	4
91.8	2.0113	7.3766	5.1293	4
91.85	2.0109	8.7906	5.1288	4
91.9	2.0107	7.7689	5.1097	4
91.95	2.0109	8.2366	5.1114	4
92	2.0111	7.8436	5.1146	4
92.05	2.0114	8.4989	5.1168	4
92.1	2.0111	7.7051	5.1295	4
92.15	2.0119	8.3311	5.1245	4
92.2	2.0115	7.897	5.1268	4
92.25	2.0122	8.1234	5.1356	4
92.3	2.0123	7.7573	5.1369	4
92.35	2.0126	8.3138	5.1315	4
92.4	2.0127	7.6072	5.133	4
92.45	2.0138	8.047	5.1317	4
92.5	2.0133	8.1115	5.1384	4
92.55	2.0144	7.7294	5.1455	4
92.6	2.015	7.8991	5.1418	4
92.65	2.0155	8.0967	5.1196	4
92.7	2.0155	7.9116	5.1104	4
92.75	2.0165	7.7437	5.1091	4
92.8	2.0165	8.3106	5.1093	4
92.85	2.017	7.7854	5.1058	4
92.9	2.0181	7.643	5.09	4
92.95	2.0188	8.0659	5.092	4
93	2.0188	8.0192	5.0982	4
93.05	2.0202	7.3817	5.098	4
93.1	2.0207	8.218	5.0847	4
93.15	2.0207	7.9983	5.0882	4
93.2	2.0217	7.6941	5.106	4
93.25	2.0228	7.7416	5.0939	4
93.3	2.023	8.2283	5.0814	4
93.35	2.0233	7.8113	5.0921	4
93.4	2.0241	7.9038	5.0908	4
93.45	2.0246	8.1233	5.0737	4
93.5	2.0247	8.0089	5.0774	4
93.55	2.0254	7.7615	5.0865	4
93.6	2.0258	8.0656	5.0775	4
93.65	2.0256	8.0528	5.083	4
93.7	2.0261	7.968	5.0933	4
93.75	2.0269	7.8055	5.0983	4
93.8	2.0271	8.2164	5.1037	4
93.85	2.0274	7.885	5.108	4
93.9	2.0279	7.8297	5.1143	4
93.95	2.0281	8.2167	5.1124	4
94	2.028	8.1913	5.1201	4
94.05	2.0287	7.6017	5.1109	4
94.1	2.0291	8.2715	5.1118	4
94.15	2.0289	8.1567	5.1195	4
94.2	2.0292	7.9206	5.115	4
94.25	2.0296	7.9173	5.1226	4
94.3	2.0289	8.5838	5.1193	4
94.35	2.0296	7.5549	5.1048	4
94.4	2.0302	8.1476	5.109	4
94.45	2.0304	8.0392	5.1203	4
94.5	2.0303	8.3083	5.1202	4
94.55	2.0311	7.7787	5.1077	4
94.6	2.0317	8.0512	5.1083	4
94.65	2.0315	8.3265	5.1264	4
94.7	2.0318	7.9296	5.1249	4
94.75	2.0322	7.831	5.1212	4
94.8	2.0323	8.3771	5.128	4
94.85	2.0321	7.8779	5.1255	4
94.9	2.033	7.9829	5.1271	4
94.95	2.033	8.2649	5.1101	4
95	2.0326	8.214	5.1123	4
95.05	2.0332	7.9156	5.1222	4
95.1	2.0331	8.2408	5.1315	4
95.15	2.0323	8.3691	5.1368	4
95.2	2.0329	7.679	5.1232	4
95.25	2.033	8.4539	5.1085	4
95.3	2.0328	8.1536	5.1141	4
95.35	2.0329	8.159	5.1164	4
95.4	2.033	8.1233	5.128	4
95.45	2.0324	8.438	5.1162	4
95.5	2.0323	8.1042	5.123	4
95.55	2.0326	8.1814	5.1394	4
95.6	2.0322	8.4124	5.1363	4
95.65	2.0322	8.1216	5.135	4
95.7	2.0322	8.1339	5.1296	4
95.75	2.0314	8.6847	5.1034	4
95.8	2.0307	8.2129	5.1093	4
95.85	2.0309	8.1868	5.114	4
95.9	2.0305	8.5433	5.1122	4
95.95	2.03	8.1435	5.0995	4
96	2.0304	8.1397	5.0939	4
96.05	2.0296	8.6673	5.0946	4
96.1	2.0289	8.2637	5.0818	4
96.15	2.0293	7.8948	5.0905	4
96.2	2.0289	8.5601	5.0964	4
96.25	2.0283	8.3215	5.0892	4
96.3	2.0277	8.375	5.1059	4
96.35	2.0274	8.4973	5.1171	4
96.4	2.0267	8.3933	5.1209	4
96.45	2.0263	8.2617	5.1216	4
96.5	2.0259	8.4646	5.129	4
96.55	2.0252	8.3767	5.1298	4
96.6	2.0249	8.3806	5.1094	4
96.65	2.0242	8.5991	5.1205	4
96.7	2.0238	8.2482	5.124	4
96.75	2.0234	8.5089	5.1111	4
96.8	2.022	8.373	5.1247	4
96.85	2.0222	8.4066	5.1265	4
96.9	2.0218	8.1396	5.1327	4
96.95	2.0217	8.7228	5.133	4
97	2.0211	7.9802	5.1195	4
97.05	2.0206	8.7292	5.1315	4
97.1	2.0195	8.2966	5.1329	4
97.15	2.0197	8.0933	5.1322	4
97.2	2.0199	8.2647	5.1212	4
97.25	2.0193	8.4224	5.1198	4
97.3	2.0184	8.4435	5.1083	4
97.35	2.0181	8.1562	5.1013	4
97.4	2.0178	8.3888	5.0997	4
97.45	2.0174	8.407	5.0996	4
97.5	2.017	8.2383	5.0924	4
97.55	2.0164	8.5105	5.1	4
97.6	2.0158	8.3028	5.1071	4
97.65	2.0157	8.1235	5.113	4
97.7	2.0149	8.6888	5.1146	4
97.75	2.0149	8.1515	5.1021	4
97.8	2.0143	8.5802	5.1107	4
97.85	2.014	8.192	5.1114	4
97.9	2.0136	8.3377	5.0979	4
97.95	2.0124	8.7044	5.1066	4
98	2.0126	7.9478	5.1306	4
98.05	2.0122	8.6198	5.125	4
98.1	2.0115	8.4054	5.1055	4
98.15	2.0113	8.0782	5.0997	4
98.2	2.0116	8.2269	5.1141	4
98.25	2.0102	8.7224	5.1189	4
98.3	2.0103	7.7985	5.1052	4
98.35	2.0107	8.4368	5.1047	4
98.4	2.0097	8.5087	5.1017	4
98.45	2.0098	8.0781	5.1076	4
98.5	2.0094	8.3777	5.1093	4
98.55	2.0096	8.0277	5.1081	4
98.6	2.0086	8.6887	5.1253	4
98.65	2.0093	7.7974	5.1201	4
98.7	2.0083	8.7045	5.1084	4
98.75	2.0082	8.1153	5.115	4
98.8	2.0079	8.4456	5.1095	4
98.85	2.0077	8.2305	5.1011	4
98.9	2.0066	8.714	5.1141	4
98.95	2.0061	7.9608	5.1049	4
99	2.0059	8.7262	5.097	4
99.05	2.0056	7.9189	5.11	4
99.1	2.005	8.9975	5.1149	4
99.15	2.0042	7.8562	5.1157	4
99.2	2.0045	8.3644	5.1212	4
99.25	2.004	8.2241	5.1186	4
99.3	2.0043	8.0114	5.1056	4
99.35	2.0049	7.9035	5.115	4
99.4	2.0049	8.4165	5.1221	4
99.45	2.0047	7.844	5.1158	4
99.5	2.0055	8.0078	5.1122	4
99.55	2.0056	8.1335	5.096	4
99.6	2.0063	7.8777	5.1179	4
99.65	2.0066	8.1347	5.1234	4
99.7	2.0065	7.8199	5.1151	4
99.75	2.0066	8.4255	5.1172	4
99.8	2.0069	7.7426	5.1159	4
99.85	2.0073	8.2841	5.1244	4
99.9	2.0069	8.1315	5.144	4
99.95	2.0066	8.2145	5.1385	4
100	2.0073	7.782	5.1242	4
100.05	2.0072	8.5203	5.1218	4
100.1	2.0073	7.8448	5.1353	4
100.15	2.0079	8.253	5.1441	4
100.2	2.0075	7.9866	5.1363	4
100.25	2.0075	8.3219	5.132	4
100.3	2.008	7.8201	5.1266	4
100.35	2.0078	8.4409	5.1147	4
100.4	2.0075	8.1644	5.1124	4
100.45	2.0076	8.1512	5.0935	4
100.5	2.0078	7.9718	5.0977	4
100.55	2.0074	8.624	5.1082	4
100.6	2.0068	7.9295	5.1139	4
100.65	2.0074	8.2458	5.1159	4
100.7	2.0069	8.237	5.1088	4
100.75	2.0069	8.3411	5.1187	4
100.8	2.0069	8.0402	5.1102	4
100.85	2.0068	8.3942	5.1123	4
100.9	2.0064	8.0662	5.1298	4
100.95	2.0066	8.2385	5.1257	4
101	2.0063	8.1797	5.1275	4
101.05	2.0067	8.1599	5.1153	4
101.1	2.0069	7.9592	5.1006	4
101.15	2.007	8.2922	5.1145	4
101.2	2.0067	8.118	5.1167	4
101.25	2.0068	8.1756	5.119	4
101.3	2.0066	8.3569	5.1332	4
101.35	2.0068	7.8951	5.1315	4
101.4	2.0069	8.2599	5.1318	4
101.45	2.0067	8.3954	5.1172	4
101.5	2.006	7.9672	5.0988	4
101.55	2.007	7.9946	5.1055	4
101.6	2.0063	8.4082	5.1191	4
101.65	2.0065	8.1849	5.1328	4
101.7	2.0064	7.8865	5.1365	4
101.75	2.0064	8.5996	5.1335	4
101.8	2.0059	8.0544	5.1342	4
101.85	2.006	8.2509	5.133	4
101.9	2.0059	8.161	5.1418	4
101.95	2.0053	8.3858	5.1371	4
102	2.0053	7.9579	5.1378	4
102.05	2.0059	8.1207	5.1378	4
102.1	2.005	8.5842	5.1345	4
102.15	2.005	7.95	5.1386	4
102.2	2.0055	8.0642	5.1341	4
102.25	2.0053	8.2307	5.1127	4
102.3	2.0048	8.3191	5.0937	4
102.35	2.005	8.0736	5.0959	4
102.4	2.0045	8.3328	5.0989	4
102.45	2.0049	8.2008	5.0896	4
102.5	2.0044	8.2857	5.0852	4
102.55	2.0045	8.0603	5.1009	4
102.6	2.0042	8.795	5.1012	4
102.65	2.0035	7.892	5.1076	4
102.7	2.0038	8.6672	5.1074	4
102.75	2.0026	8.0517	5.1172	4
102.8	2.0027	8.7791	5.1216	4
102.85	2.0017	7.7597	5.1232	4
102.9	2.002	8.9841	5.1203	4
102.95	2.0012	7.792	5.1061	4
103	2.0016	8.381	5.1046	4
103.05	2.0006	8.3777	5.1367	4
103.1	2.0013	7.8633	5.1367	4
103.15	2.0008	8.5073	5.1182	4
103.2	2.0009	8.0891	5.1176	4
103.25	1.9998	8.5035	5.1207	4
103.3	2.0004	8.0965	5.1307	4
103.35	1.9992	8.5507	5.1114	4
103.4	1.9999	8.181	5.1038	4
103.45	1.9991	8.3825	5.0985	4
103.5	1.9989	8.1001	5.1011	4
103.55	1.9984	8.4093	5.1113	4
103.6	1.9985	8.1631	5.1115	4
103.65	1.9975	8.7547	5.11	4
103.7	1.9976	7.9715	5.1267	4
103.75	1.997	8.5058	5.1208	4
103.8	1.9969	8.2456	5.1173	4
103.85	1.9965	8.1797	5.1108	4
103.9	1.997	8.0236	5.1029	4
103.95	1.9967	8.5004	5.1065	4
104	1.9963	7.9689	5.0934	4
104.05	1.9964	8.4436	5.1056	4
104.1	1.996	8.0243	5.1183	4
104.15	1.9962	8.3338	5.1116	4
104.2	1.9963	7.9977	5.1089	4
104.25	1.9962	8.1336	5.1055	4
104.3	1.9964	8.1338	5.1214	4
104.35	1.9965	8.1798	5.126	4
104.4	1.9967	7.9747	5.1146	4
104.45	1.9971	8.1384	5.1229	4
104.5	1.9965	8.1262	5.1314	4
104.55	1.9968	8.0953	5.1284	4
104.6	1.9975	7.9747	5.1189	4
104.65	1.997	8.4484	5.0996	4
104.7	1.9976	7.8444	5.1014	4
104.75	1.998	8.0229	5.1003	4
104.8	1.998	8.1975	5.1061	4
104.85	1.9978	8.145	5.1076	4
104.9	1.9982	8.0299	5.0983	4
104.95	1.9981	8.1645	5.1003	4
105	1.9978	8.3875	5.0976	4
105.05	1.9977	8.0328	5.1082	4
105.1	1.9979	8.1929	5.1236	4
105.15	1.997	8.5453	5.1156	4
105.2	1.9972	7.6661	5.1185	4
105.25	1.997	8.5533	5.1232	4
105.3	1.9965	8.072	5.1299	4
105.35	1.9967	8.2098	5.1473	4
105.4	1.9968	8.0218	5.1366	4
105.45	1.9962	8.5257	5.1305	4
105.5	1.9964	7.7898	5.1259	4
105.55	1.9965	8.3391	5.1136	4
105.6	1.9965	8.2103	5.126	4
105.65	1.9967	8.1236	5.11	4
105.7	1.9965	8.1821	5.1131	4
105.75	1.9967	8.1638	5.1342	4
105.8	1.9963	8.2818	5.1228	4
105.85	1.9968	7.9829	5.1144	4
105.9	1.9965	8.1161	5.1279	4
105.95	1.9963	8.4688	5.1151	4
106	1.9964	7.8181	5.1012	4
106.05	1.9969	8.2177	5.103	4
106.1	1.9964	8.2638	5.0976	4
106.15	1.9963	8.0993	5.1028	4
106.2	1.9966	8.1441	5.1258	4
106.25	1.9969	7.9302	5.1308	4
106.3	1.9966	8.3721	5.1278	4
106.35	1.9968	7.9297	5.1163	4
106.4	1.9965	8.243	5.1201	4
106.45	1.9969	7.9556	5.1114	4
106.5	1.9967	8.3377	5.1184	4
106.55	1.9973	7.8371	5.1285	4
106.6	1.9973	8.2507	5.1262	4
106.65	1.9974	8.0018	5.1256	4
106.7	1.9975	8.2733	5.1247	4
106.75	1.9977	7.9491	5.1437	4
106.8	1.9977	8.4233	5.1501	4
106.85	1.9979	7.7925	5.1372	4
106.9	1.9981	8.197	5.1205	4
106.95	1.9979	8.1447	5.1183	4
107	1.9976	8.2558	5.1158	4
107.05	1.9978	7.8573	5.1033	4
107.1	1.9983	8.2186	5.1051	4
107.15	1.9981	8.1392	5.1121	4
107.2	1.9982	8.2417	5.1149	4
107.25	1.9982	8.0097	5.1087	4
107.3	1.9984	8.4054	5.1157	4
107.35	1.9983	7.8661	5.1119	4
107.4	1.9988	8.2585	5.1048	4
107.45	1.9983	8.1682	5.1135	4
107.5	1.9983	8.1205	5.1249	4
107.55	1.9982	8.2044	5.1133	4
107.6	1.9986	8.0073	5.1114	4
107.65	1.9986	8.1103	5.1095	4
107.7	1.9989	8.0609	5.1057	4
107.75	1.9986	8.39	5.1143	4
107.8	1.9987	7.9341	5.1325	4
107.85	1.9985	8.2849	5.1287	4
107.9	1.9988	8.065	5.1005	4
107.95	1.9988	8.2396	5.0992	4
108	1.9992	7.9289	5.1081	4
108.05	1.9988	8.3164	5.1038	4
108.1	1.9989	7.8822	5.0982	4
108.15	1.9991	8.2428	5.1003	4
108.2	1.9993	8.0601	5.0919	4
108.25	1.9993	8.1835	5.1049	4
108.3	1.9995	7.9343	5.1091	4
108.35	1.9996	8.3613	5.1002	4
108.4	1.9993	7.9232	5.0982	4
108.45	1.9995	8.3482	5.0867	4
108.5	2	7.7404	5.074	4
108.55	1.9999	8.4755	5.0783	4
108.6	2.0003	7.9346	5.0884	4
108.65	2.0001	8.2294	5.0936	4
108.7	2	8.2896	5.0902	4
108.75	1.9995	8.0135	5.0899	4
108.8	1.9998	8.1592	5.0957	4
108.85	1.9998	8.0805	5.0842	4
108.9	1.9999	8.1469	5.0918	4
108.95	1.9996	8.3895	5.0884	4
109	1.9995	8.0789	5.0879	4
109.05	1.9993	8.2897	5.1038	4
109.1	1.9993	7.9276	5.0964	4
109.15	1.999	8.626	5.0935	4
109.2	1.9986	8.0221	5.1022	4
109.25	1.9987	8.298	5.1001	4
109.3	1.9987	8.1013	5.1054	4
109.35	1.9983	8.5232	5.0973	4
109.4	1.9981	8.0958	5.0829	4
109.45	1.9981	8.2816	5.0808	4
109.5	1.9977	8.2203	5.0789	4
109.55	1.9978	8.2024	5.072	4
109.6	1.9971	8.3364	5.0813	4
109.65	1.9972	8.0993	5.0783	4
109.7	1.9968	8.3909	5.0718	4
109.75	1.9967	8.1518	5.0705	4
109.8	1.9967	8.2598	5.0774	4
109.85	1.9961	8.496	5.0776	4
109.9	1.9959	8.0599	5.0696	4
109.95	1.9963	8.0886	5.0755	4
110	1.9954	8.7054	5.081	4
110.05	1.9954	7.783	5.0988	4
110.1	1.9953	8.5903	5.1036	4
110.15	1.9947	8.1674	5.0908	4
110.2	1.9948	8.1436	5.0893	4
110.25	1.9946	8.2662	5.0934	4
110.3	1.9946	8.174	5.1064	4
110.35	1.9949	8.2267	5.0901	4
110.4	1.9946	8.2271	5.082	4
110.45	1.9948	7.8651	5.0904	4
110.5	1.9944	8.6007	5.0896	4
110.55	1.9942	7.6743	5.0976	4
110.6	1.9947	8.25	5.0894	4
110.65	1.9947	8.1472	5.0867	4
110.7	1.9947	7.9985	5.1035	4
110.75	1.9948	8.1972	5.0965	4
110.8	1.9948	8.1152	5.0926	4
110.85	1.9948	8.0055	5.0975	4
110.9	1.9951	8.2002	5.1015	4
110.95	1.9952	7.9353	5.1013	4
111	1.9952	8.2543	5.0911	4
111.05	1.9952	7.965	5.0959	4
111.1	1.9953	8.0189	5.1124	4
111.15	1.996	7.9948	5.1202	4
111.2	1.9959	8.3779	5.1427	4
111.25	1.9958	7.8134	5.1327	4
111.3	1.9968	7.9306	5.1134	4
111.35	1.9965	8.2567	5.1156	4
111.4	1.9968	7.923	5.107	4
111.45	1.9972	8.0239	5.1187	4
111.5	1.9976	8.0399	5.1211	4
111.55	1.9974	8.2308	5.1095	4
111.6	1.9979	7.9046	5.1161	4
111.65	1.9987	7.737	5.1029	4
111.7	1.9991	8.0825	5.0839	4
111.75	1.999	7.9129	5.0977	4
111.8	1.9999	7.832	5.0999	4
111.85	1.9998	8.2182	5.0948	4
111.9	1.9998	7.9299	5.1033	4
111.95	2.0005	7.8117	5.1059	4
112	2.0012	7.99	5.1043	4
112.05	2.0011	8.2908	5.0875	4
112.1	2.0014	7.7024	5.096	4
112.15	2.002	7.9632	5.0915	4
112.2	2.0024	8.1919	5.0802	4
112.25	2.0023	7.8971	5.0876	4
112.3	2.0033	7.8256	5.0883	4
112.35	2.0035	8.1905	5.0931	4
112.4	2.0032	8.1774	5.0986	4
112.45	2.0043	7.383	5.0909	4
112.5	2.0048	8.4127	5.0951	4
112.55	2.0042	8.0503	5.0999	4
112.6	2.0053	7.6914	5.1115	4
112.65	2.0055	8.3003	5.1157	4
112.7	2.0053	8.1312	5.1133	4
112.75	2.006	7.6077	5.1167	4
112.8	2.0066	8.1758	5.0942	4
112.85	2.0065	7.9585	5.0966	4
112.9	2.0074	7.8906	5.0988	4
112.95	2.0075	8.0926	5.1015	4
113	2.0077	7.8731	5.1143	4
113.05	2.0082	8.1575	5.1117	4
113.1	2.0087	7.7978	5.0949	4
113.15	2.0093	7.984	5.0886	4
113.2	2.0097	7.962	5.0957	4
113.25	2.01	8.0578	5.0942	4
113.3	2.0106	7.8791	5.0948	4
113.35	2.0109	7.9912	5.1	4
113.4	2.0114	7.956	5.1157	4
113.45	2.0121	7.8041	5.1197	4
113.5	2.0122	8.2599	5.0979	4
113.55	2.0123	7.9888	5.083	4
113.6	2.013	7.9226	5.0839	4
113.65	2.0134	8.1812	5.104	4
113.7	2.0138	7.8148	5.1124	4
113.75	2.0143	7.8971	5.1243	4
113.8	2.0146	8.238	5.1204	4
113.85	2.0146	7.9294	5.125	4
113.9	2.0151	8.1557	5.1285	4
113.95	2.0155	7.8664	5.1314	4
114	2.0156	8.0888	5.1161	4
114.05	2.0164	7.9506	5.097	4
114.1	2.0164	8.052	5.0905	4
114.15	2.0169	8.0785	5.0976	4
114.2	2.017	8.0701	5.1093	4
114.25	2.0169	8.0519	5.1184	4
114.3	2.0169	8.2618	5.1176	4
114.35	2.017	7.9004	5.1215	4
114.4	2.0168	8.4061	5.125	4
114.45	2.0174	7.8553	5.1126	4
114.5	2.0167	8.4763	5.1302	4
114.55	2.0172	8.1388	5.1305	4
114.6	2.0166	8.1405	5.1253	4
114.65	2.0165	8.5576	5.1425	4
114.7	2.016	8.0092	5.1416	4
114.75	2.0163	8.2794	5.1357	4
114.8	2.016	8.3441	5.1391	4
114.85	2.0161	8.0906	5.1303	4
114.9	2.0153	8.6167	5.1254	4
114.95	2.0153	8.0161	5.1031	4
115	2.0147	8.4657	5.1006	4
115.05	2.0145	8.2523	5.1012	4
115.1	2.014	8.1109	5.1018	4
115.15	2.0141	8.4464	5.117	4
115.2	2.0138	8.1681	5.1259	4
115.25	2.0137	8.1816	5.1323	4
115.3	2.0134	8.6544	5.1372	4
115.35	2.0129	7.8018	5.1241	4
115.4	2.013	8.6733	5.1194	4
115.45	2.0127	7.8875	5.1124	4
115.5	2.0127	8.4676	5.1193	4
115.55	2.0123	8.2945	5.1301	4
115.6	2.0119	8.0351	5.1172	4
115.65	2.0117	8.4262	5.1135	4
115.7	2.0114	8.1663	5.1181	4
115.75	2.0111	8.3043	5.1207	4
115.8	2.0113	8.2358	5.1043	4
115.85	2.0109	8.1903	5.0827	4
115.9	2.0106	8.398	5.0773	4
115.95	2.0106	8.1142	5.0942	4
116	2.0108	7.8487	5.1083	4
116.05	2.0108	8.6028	5.1042	4
116.1	2.0104	7.8258	5.0933	4
116.15	2.0108	8.2231	5.1121	4
116.2	2.0107	8.2251	5.1206	4
116.25	2.0105	8.0958	5.1134	4
116.3	2.011	7.9475	5.1243	4
116.35	2.0111	8.1233	5.1195	4
116.4	2.0113	8.0509	5.1247	4
116.45	2.0123	7.8995	5.1341	4
116.5	2.0117	8.2826	5.1224	4
116.55	2.0126	7.7903	5.1184	4
116.6	2.0125	8.0826	5.1362	4
116.65	2.0129	8.1839	5.1446	4
116.7	2.0128	7.8912	5.1537	4
116.75	2.0128	8.268	5.14	4
116.8	2.0131	7.7595	5.1382	4
116.85	2.0141	7.791	5.1331	4
116.9	2.0141	8.3628	5.1267	4
116.95	2.0146	7.4294	5.1252	4
117	2.0154	8.2638	5.1304	4
117.05	2.0154	7.7331	5.1385	4
117.1	2.016	8.2691	5.1305	4
117.15	2.0165	7.7501	5.1165	4
117.2	2.0167	8.3058	5.1094	4
117.25	2.0168	7.9017	5.112	4
117.3	2.0173	8.1115	5.1232	4
117.35	2.0171	7.9879	5.1264	4
117.4	2.0175	8.2653	5.1364	4
117.45	2.0168	8.1918	5.1382	4
117.5	2.0178	7.8536	5.1171	4
117.55	2.0178	8.19	5.1208	4
117.6	2.0174	8.6365	5.1427	4
117.65	2.0174	7.7149	5.1489	4
117.7	2.018	8.2216	5.1497	4
117.75	2.017	8.5583	5.1479	4
117.8	2.0167	8.0252	5.1349	4
117.85	2.0172	8.0897	5.1197	4
117.9	2.0166	8.3969	5.1126	4
117.95	2.016	8.3118	5.1067	4
118	2.0165	7.7151	5.1144	4
118.05	2.0166	8.4577	5.1364	4
118.1	2.016	8.4639	5.1571	4
118.15	2.016	7.881	5.1532	4
118.2	2.0159	8.3653	5.1533	4
118.25	2.0157	8.3473	5.1437	4
118.3	2.0157	7.7301	5.1557	4
118.35	2.0161	8.5194	5.1625	4
118.4	2.0153	7.9092	5.1352	4
118.45	2.0166	7.9965	5.1422	4
118.5	2.0167	8.2594	5.1555	4
118.55	2.016	8.0657	5.1469	4
118.6	2.0169	8.0094	5.1452	4
118.65	2.0169	7.9837	5.147	4
118.7	2.0168	8.166	5.1564	4
118.75	2.0183	7.3826	5.1422	4
118.8	2.0182	8.4169	5.1327	4
118.85	2.0188	7.624	5.1298	4
118.9	2.0198	7.7298	5.1276	4
118.95	2.0201	8.1748	5.1149	4
119	2.021	7.6456	5.1151	4
119.05	2.0217	7.7343	5.1023	4
119.1	2.0227	7.958	5.1003	4
119.15	2.0235	7.4974	5.1094	4
119.2	2.024	8.1129	5.1112	4
119.25	2.0252	7.2477	5.1157	4
119.3	2.0262	7.961	5.117	4
119.35	2.0267	7.7586	5.1273	4
119.4	2.0276	7.746	5.1149	4
119.45	2.0292	7.4559	5.1083	4
119.5	2.0298	8.0128	5.1231	4
119.55	2.0303	7.5888	5.1288	4
119.6	2.0316	7.7239	5.1416	4
119.65	2.0329	7.4573	5.1457	4
119.7	2.0336	8.0064	5.1468	4
119.75	2.035	7.3388	5.1474	4
119.8	2.0362	7.7734	5.1422	4
119.85	2.0371	7.6824	5.1306	4
119.9	2.0382	7.514	5.1234	4
119.95	2.0391	7.7332	5.1394	4
120	2.0405	7.3982	5.1482	4
120.05	2.042	7.7809	5.1316	4
120.1	2.0433	7.5788	5.1293	4
120.15	2.0441	7.5358	5.1444	4
120.2	2.0453	7.7627	5.1555	4
120.25	2.046	7.61	5.1478	4
120.3	2.0472	7.532	5.1398	4
120.35	2.0482	7.7719	5.1337	4
120.4	2.0493	7.5327	5.1345	4
120.45	2.0505	7.6122	5.1293	4
120.5	2.0522	7.4855	5.1253	4
120.55	2.053	7.9439	5.1391	4
120.6	2.0542	7.5049	5.1546	4
120.65	2.0556	7.5986	5.165	4
120.7	2.0567	7.8607	5.1643	4
120.75	2.0577	7.5786	5.1649	4
120.8	2.0585	7.7296	5.1597	4
120.85	2.0592	7.6887	5.1377	4
120.9	2.0606	7.6317	5.1285	4
120.95	2.0618	7.7187	5.1281	4
121	2.063	7.6645	5.1324	4
121.05	2.0639	7.5454	5.1417	4
121.1	2.0642	8.1762	5.1534	4
121.15	2.0649	7.4096	5.1442	4
121.2	2.0663	7.8184	5.1348	4
121.25	2.0663	8.0948	5.141	4
121.3	2.0677	7.4471	5.1333	4
121.35	2.0686	8.0194	5.1381	4
121.4	2.0691	7.7015	5.1405	4
121.45	2.0695	7.8325	5.1124	4
121.5	2.0702	8.0389	5.1151	4
121.55	2.071	7.6218	5.1302	4
121.6	2.072	8.1672	5.1259	4
121.65	2.0719	7.9001	5.1268	4
121.7	2.0727	7.7304	5.117	4
121.75	2.073	8.2647	5.1194	4
121.8	2.0732	7.8611	5.1138	4
121.85	2.0736	7.9361	5.0759	4
121.9	2.0742	7.8764	5.0808	4
121.95	2.0742	8.2826	5.1089	4
122	2.075	7.7147	5.1071	4
122.05	2.0751	8.1694	5.1013	4
122.1	2.0753	8.1566	5.0892	4
122.15	2.0754	8.0208	5.0992	4
122.2	2.076	7.9866	5.1023	4
122.25	2.0764	8.1108	5.1042	4
122.3	2.0765	8.0873	5.0953	4
122.35	2.0765	8.1829	5.0952	4
122.4	2.0767	7.8944	5.1151	4
122.45	2.0764	8.5325	5.1231	4
122.5	2.0763	8.0083	5.1143	4
122.55	2.0768	7.97	5.1036	4
122.6	2.077	8.2208	5.1106	4
122.65	2.0765	8.4453	5.1125	4
122.7	2.0767	7.8076	5.1015	4
122.75	2.0772	8.2235	5.0943	4
122.8	2.0766	8.4101	5.1141	4
122.85	2.0764	8.0321	5.102	4
122.9	2.0764	8.1175	5.0831	4
122.95	2.0761	8.4427	5.0948	4
123	2.076	8.1105	5.0957	4
123.05	2.0764	8.0881	5.1074	4
123.1	2.0758	8.6051	5.1174	4
123.15	2.0754	8.063	5.1066	4
123.2	2.0757	8.3176	5.1109	4
123.25	2.0754	8.3164	5.1113	4
123.3	2.0754	8.3116	5.1106	4
123.35	2.0746	8.4472	5.1092	4
123.4	2.0736	8.5003	5.1167	4
123.45	2.0737	8.1118	5.1127	4
123.5	2.0734	8.4658	5.099	4
123.55	2.0727	8.5177	5.1073	4
123.6	2.0726	8.1161	5.1236	4
123.65	2.0719	8.5974	5.1054	4
123.7	2.0714	8.2151	5.0994	4
123.75	2.0715	8.1612	5.1025	4
123.8	2.0709	8.5415	5.0956	4
123.85	2.0702	8.3823	5.0902	4
123.9	2.0706	7.7953	5.0789	4
123.95	2.0703	8.7019	5.0891	4
124	2.0695	8.2567	5.0763	4
124.05	2.0692	8.3596	5.0836	4
124.1	2.0693	8.0907	5.1026	4
124.15	2.069	8.4719	5.105	4
124.2	2.0687	8.1556	5.1054	4
124.25	2.0688	8.2664	5.0891	4
124.3	2.0679	8.5257	5.0878	4
124.35	2.0674	8.302	5.0998	4
124.4	2.0673	8.1302	5.1104	4
124.45	2.0667	8.6432	5.1106	4
124.5	2.0658	8.4755	5.1037	4
124.55	2.0658	8.0481	5.1129	4
124.6	2.0655	8.5577	5.1144	4
124.65	2.0647	8.2671	5.0933	4
124.7	2.064	8.6305	5.0842	4
124.75	2.0642	8.1685	5.089	4
124.8	2.0634	8.9018	5.1043	4
124.85	2.0627	8.0641	5.1043	4
124.9	2.063	8.2478	5.1	4
124.95	2.0618	8.754	5.1089	4
125	2.061	8.3687	5.099	4
125.05	2.0613	7.9317	5.0956	4
125.1	2.0609	8.8732	5.0976	4
125.15	2.0597	8.285	5.0945	4
125.2	2.0597	8.3809	5.0957	4
125.25	2.0587	8.5565	5.0935	4
125.3	2.0581	8.4357	5.0979	4
125.35	2.0576	8.1975	5.1071	4
125.4	2.0575	8.3842	5.0979	4
125.45	2.0568	8.4184	5.088	4
125.5	2.0564	8.406	5.1056	4
125.55	2.0567	7.9302	5.1188	4
125.6	2.0562	8.6519	5.1116	4
125.65	2.055	8.3612	5.0976	4
125.7	2.0553	8.0531	5.1064	4
125.75	2.0553	8.3066	5.1272	4
125.8	2.0546	8.2789	5.0995	4
125.85	2.0544	8.2121	5.0812	4
125.9	2.0545	8.2215	5.085	4
125.95	2.0536	8.7847	5.0802	4
126	2.0534	7.8855	5.0939	4
126.05	2.0538	8.3787	5.109	4
126.1	2.0534	8.2917	5.1016	4
126.15	2.0534	8.118	5.0805	4
126.2	2.0532	8.3366	5.0988	4
126.25	2.0525	8.3745	5.1123	4
126.3	2.0522	8.0652	5.0953	4
126.35	2.0521	8.5733	5.101	4
126.4	2.0515	8.2188	5.1073	4
126.45	2.0512	8.3482	5.1229	4
126.5	2.051	8.3234	5.1182	4
126.55	2.0508	8.159	5.0912	4
126.6	2.0512	8.0874	5.0963	4
126.65	2.051	8.4387	5.0936	4
126.7	2.0506	8.0984	5.0932	4
126.75	2.0507	7.9738	5.1036	4
126.8	2.0504	8.582	5.1172	4
126.85	2.0496	8.3189	5.1284	4
126.9	2.0498	8.0725	5.1234	4
126.95	2.0494	8.4359	5.1125	4
127	2.049	8.268	5.1165	4
127.05	2.049	8.2401	5.108	4
127.1	2.0487	8.434	5.106	4
127.15	2.0479	8.3292	5.0979	4
127.2	2.0481	8.0917	5.1025	4
127.25	2.0473	8.6623	5.105	4
127.3	2.0467	8.3246	5.1124	4
127.35	2.0461	8.2491	5.1021	4
127.4	2.0454	8.5293	5.0841	4
127.45	2.0452	8.2171	5.0933	4
127.5	2.0453	8.1226	5.1026	4
127.55	2.0454	8.1736	5.1081	4
127.6	2.0446	8.66	5.0967	4
127.65	2.044	8.319	5.099	4
127.7	2.0441	8.0131	5.0954	4
127.75	2.0439	8.6735	5.0992	4
127.8	2.0431	8.2382	5.1013	4
127.85	2.0433	8.3123	5.0901	4
127.9	2.0426	8.2604	5.0978	4
127.95	2.042	8.5592	5.1083	4
128	2.0416	8.1751	5.1194	4
128.05	2.0416	8.2559	5.1157	4
128.1	2.0405	8.8075	5.1064	4
128.15	2.0398	8.0805	5.1244	4
128.2	2.0394	8.5373	5.1164	4
128.25	2.0392	8.1672	5.1152	4
128.3	2.0385	8.5848	5.1135	4
128.35	2.0384	8.0803	5.1026	4
128.4	2.038	8.5541	5.1141	4
128.45	2.0379	8.299	5.1257	4
128.5	2.0374	8.5361	5.1266	4
128.55	2.0367	8.1568	5.124	4
128.6	2.0364	8.3861	5.123	4
128.65	2.0362	8.2838	5.1293	4
128.7	2.0361	8.2873	5.1235	4
128.75	2.0359	8.2727	5.1253	4
128.8	2.0351	8.5155	5.1309	4
128.85	2.0349	7.9412	5.119	4
128.9	2.0345	8.6697	5.0989	4
128.95	2.0342	7.9699	5.0904	4
129	2.0341	8.3377	5.1075	4
129.05	2.0339	8.284	5.1138	4
129.1	2.0338	8.2543	5.1118	4
129.15	2.0334	8.4004	5.1142	4
129.2	2.0333	8.0294	5.1004	4
129.25	2.0331	8.2651	5.1064	4
129.3	2.0326	8.3674	5.1263	4
129.35	2.0324	7.9748	5.1188	4
129.4	2.0326	8.3268	5.116	4
129.45	2.0319	8.3345	5.1096	4
129.5	2.0319	8.1639	5.1039	4
129.55	2.0316	8.3011	5.1062	4
129.6	2.0318	8.1362	5.1114	4
129.65	2.0317	8.2352	5.1218	4
129.7	2.0315	8.3327	5.1223	4
129.75	2.0318	7.8233	5.1206	4
129.8	2.032	8.2658	5.114	4
129.85	2.0314	8.343	5.1222	4
129.9	2.0311	8.1891	5.1425	4
129.95	2.0316	7.872	5.1361	4
130	2.0313	8.7502	5.1251	4
130.05	2.0306	8.1278	5.1205	4
130.1	2.0309	8.0795	5.1134	4
130.15	2.0311	8.0256	5.0999	4
130.2	2.031	8.4426	5.1039	4
130.25	2.0307	7.9685	5.1066	4
130.3	2.031	8.1463	5.1308	4
130.35	2.031	8.1646	5.1428	4
130.4	2.0303	8.3568	5.1419	4
130.45	2.0304	7.8745	5.1505	4
130.5	2.0313	8.041	5.141	4
130.55	2.031	8.244	5.1287	4
130.6	2.0313	8.0985	5.1108	4
130.65	2.0318	7.9276	5.1125	4
130.7	2.0322	8.2032	5.1254	4
130.75	2.0319	8.2117	5.1178	4
130.8	2.0324	7.6429	5.1139	4
130.85	2.033	8.24	5.1159	4
130.9	2.0326	8.2226	5.1107	4
130.95	2.0327	7.9444	5.1162	4
131	2.0341	7.604	5.1027	4
131.05	2.0337	8.5245	5.1114	4
131.1	2.0337	7.7743	5.115	4
131.15	2.0347	7.6605	5.1095	4
131.2	2.0341	8.7017	5.1032	4
131.25	2.0344	7.6402	5.1054	4
131.3	2.0356	7.7404	5.1268	4
131.35	2.0355	8.537	5.1273	4
131.4	2.0356	7.7163	5.11	4
131.45	2.0364	7.9154	5.111	4
131.5	2.0369	8.0757	5.1408	4
131.55	2.0364	8.2838	5.1496	4
131.6	2.0371	7.6499	5.1386	4
131.65	2.0377	8.2213	5.1237	4
131.7	2.0372	8.1118	5.1097	4
131.75	2.0381	7.7405	5.1033	4
131.8	2.0384	7.9784	5.1229	4
131.85	2.0376	8.6588	5.1393	4
131.9	2.0386	7.3787	5.1283	4
131.95	2.0393	8.1498	5.1213	4
132	2.039	8.3469	5.1253	4
132.05	2.0395	7.7417	5.1298	4
132.1	2.0394	8.4236	5.1348	4
132.15	2.0393	8.0975	5.1492	4
132.2	2.0391	8.1786	5.1501	4
132.25	2.0399	7.8644	5.1399	4
132.3	2.0395	8.3291	5.1309	4
132.35	2.0399	7.9773	5.115	4
132.4	2.0404	8.001	5.1189	4
132.45	2.04	8.3642	5.1289	4
132.5	2.0397	8.1108	5.1299	4
132.55	2.0403	7.8505	5.123	4
132.6	2.0398	8.5492	5.1213	4
132.65	2.0402	8.0163	5.123	4
132.7	2.0401	8.0788	5.1228	4
132.75	2.0411	7.8427	5.1304	4
132.8	2.041	8.2873	5.1503	4
132.85	2.0409	8.0483	5.1711	4
132.9	2.0419	7.791	5.1622	4
132.95	2.0416	8.2614	5.1523	4
133	2.0409	8.448	5.1504	4
133.05	2.0415	7.5793	5.1518	4
133.1	2.0419	8.3233	5.1477	4
133.15	2.0419	7.8861	5.1434	4
133.2	2.042	8.2558	5.1284	4
133.25	2.0426	7.7159	5.1203	4
133.3	2.0428	8.3436	5.1263	4
133.35	2.042	8.3164	5.1292	4
133.4	2.0425	7.8587	5.1303	4
133.45	2.0426	8.1403	5.1388	4
133.5	2.0423	8.5138	5.1425	4
133.55	2.0429	7.5623	5.1286	4
133.6	2.0432	8.4743	5.1052	4
133.65	2.0426	8.2659	5.1186	4
133.7	2.0428	7.8562	5.1019	4
133.75	2.0432	8.1099	5.0984	4
133.8	2.0431	8.2574	5.1117	4
133.85	2.0429	8.0946	5.1271	4
133.9	2.0438	7.6895	5.1303	4
133.95	2.0437	8.5171	5.1126	4
134	2.0436	7.9509	5.0968	4
134.05	2.0443	7.8554	5.1106	4
134.1	2.0441	8.3374	5.1238	4
134.15	2.0435	8.2855	5.1376	4
134.2	2.0443	7.5594	5.1288	4
134.25	2.0446	8.5467	5.1166	4
134.3	2.0441	8.1202	5.1251	4
134.35	2.0443	8.1189	5.1407	4
134.4	2.0446	8.0316	5.1423	4
134.45	2.0444	8.1231	5.1214	4
134.5	2.0446	7.9675	5.1211	4
134.55	2.0446	8.2077	5.1231	4
134.6	2.0444	8.1096	5.1294	4
134.65	2.0453	7.901	5.1426	4
134.7	2.0454	8.1012	5.1284	4
134.75	2.0454	8.1114	5.1343	4
134.8	2.0466	7.5967	5.1263	4
134.85	2.0465	8.3778	5.1217	4
134.9	2.047	7.9311	5.1365	4
134.95	2.0467	8.1568	5.1245	4
135	2.0477	7.6916	5.1232	4
135.05	2.0478	8.2362	5.1305	4
135.1	2.0479	7.7552	5.1274	4
135.15	2.0491	7.9072	5.1322	4
135.2	2.0497	7.8302	5.1221	4
135.25	2.0496	8.1634	5.1253	4
135.3	2.0512	7.3205	5.1304	4
135.35	2.051	8.4415	5.1225	4
135.4	2.052	7.3873	5.1308	4
135.45	2.0535	7.6616	5.1107	4
135.5	2.0533	8.4293	5.1027	4
135.55	2.0535	7.722	5.1194	4
135.6	2.0552	7.2677	5.1232	4
135.65	2.0558	8.3816	5.1131	4
135.7	2.0557	7.5453	5.1107	4
135.75	2.057	7.8422	5.1081	4
135.8	2.0578	7.5935	5.1119	4
135.85	2.0584	8.2115	5.1183	4
135.9	2.0589	7.6829	5.1123	4
135.95	2.06	7.8034	5.0992	4
136	2.06	8.1389	5.0954	4
136.05	2.0604	7.9158	5.1016	4
136.1	2.0607	7.9104	5.0927	4
136.15	2.0613	7.9964	5.1095	4
136.2	2.0619	7.8555	5.1142	4
136.25	2.0623	7.9633	5.1163	4
136.3	2.0627	8.0428	5.1219	4
136.35	2.0633	7.7365	5.1103	4
136.4	2.0635	8.355	5.1044	4
136.45	2.0641	7.5275	5.1053	4
136.5	2.0641	8.2879	5.087	4
136.55	2.0644	7.9898	5.0763	4
136.6	2.0644	7.9901	5.0955	4
136.65	2.0657	7.6455	5.1051	4
136.7	2.0654	8.4888	5.115	4
136.75	2.0656	7.8195	5.1059	4
136.8	2.0667	8.0642	5.1092	4
136.85	2.0664	8.3078	5.1182	4
136.9	2.0664	7.9438	5.0941	4
136.95	2.0668	7.9548	5.0973	4
137	2.0665	8.5808	5.1078	4
137.05	2.0667	7.8496	5.1039	4
137.1	2.067	7.9959	5.0982	4
137.15	2.0671	8.1861	5.0852	4
137.2	2.0664	8.3694	5.0831	4
137.25	2.0671	7.7846	5.1015	4
137.3	2.0669	8.4064	5.1128	4
137.35	2.0663	8.4093	5.1033	4
137.4	2.0664	8.0059	5.0869	4
137.45	2.0671	7.9883	5.0948	4
137.5	2.0665	8.6104	5.0977	4
137.55	2.0665	7.7091	5.0936	4
137.6	2.0676	7.8894	5.102	4
137.65	2.0672	8.2308	5.0909	4
137.7	2.0674	7.9092	5.0924	4
137.75	2.0687	7.3384	5.1198	4
137.8	2.0691	8.5205	5.1207	4
137.85	2.069	7.8299	5.1031	4
137.9	2.0701	7.6742	5.1003	4
137.95	2.0708	8.0878	5.1231	4
138	2.0711	8.1414	5.1316	4
138.05	2.0715	7.7111	5.1317	4
138.1	2.0724	7.9351	5.1356	4
138.15	2.0723	7.9792	5.1165	4
138.2	2.0728	7.9456	5.1005	4
138.25	2.0739	7.4825	5.1151	4
138.3	2.0745	8.3271	5.1304	4
138.35	2.0749	7.638	5.1338	4
138.4	2.0762	7.688	5.1348	4
138.45	2.0767	8.0176	5.1407	4
138.5	2.077	7.9946	5.14	4
138.55	2.0774	7.7886	5.1146	4
138.6	2.0789	7.6701	5.1036	4
138.65	2.0785	8.3168	5.1034	4
138.7	2.0786	7.8619	5.1132	4
138.75	2.0799	7.4241	5.1222	4
138.8	2.0796	8.6348	5.1278	4
138.85	2.0798	7.6225	5.1368	4
138.9	2.0814	7.553	5.1259	4
138.95	2.0816	8.4469	5.1138	4
139	2.0817	7.6527	5.1271	4
139.05	2.0829	7.9414	5.14	4
139.1	2.0835	8.0667	5.1437	4
139.15	2.0826	8.3213	5.121	4
139.2	2.0835	7.5724	5.1171	4
139.25	2.0846	7.7462	5.114	4
139.3	2.0844	8.4382	5.1138	4
139.35	2.0849	7.5821	5.1167	4
139.4	2.0859	7.944	5.1239	4
139.45	2.0858	8.3789	5.1369	4
139.5	2.0863	7.7508	5.135	4
139.55	2.0869	8.1505	5.131	4
139.6	2.0871	8.0434	5.1334	4
139.65	2.0868	8.2409	5.128	4
139.7	2.0877	7.6119	5.1057	4
139.75	2.0878	8.307	5.0995	4
139.8	2.0874	8.1664	5.1166	4
139.85	2.0879	7.8209	5.1306	4
139.9	2.0878	8.3537	5.1343	4
139.95	2.0876	8.2749	5.1129	4
140	2.0874	8.0901	5.1006	4
140.05	2.0875	8.379	5.1048	4
140.1	2.088	7.6766	5.1233	4
140.15	2.0872	9.0445	5.1102	4
140.2	2.0874	7.4318	5.1185	4
140.25	2.0875	8.533	5.1296	4
140.3	2.0869	8.4317	5.1176	4
140.35	2.0864	8.0396	5.1115	4
140.4	2.0875	7.7651	5.1028	4
140.45	2.0869	8.7434	5.0961	4
140.5	2.0862	8.113	5.0888	4
140.55	2.0874	7.8681	5.076	4
140.6	2.0872	8.4052	5.0777	4
140.65	2.0856	8.9592	5.0942	4
140.7	2.0858	7.4756	5.1077	4
140.75	2.0858	8.8619	5.1032	4
140.8	2.0847	8.241	5.093	4
140.85	2.0848	8.2323	5.0877	4
140.9	2.0843	8.3643	5.0814	4
140.95	2.0835	8.6185	5.0897	4
141	2.0827	8.2992	5.1045	4
141.05	2.083	8.3517	5.1126	4
141.1	2.0821	8.5574	5.0984	4
141.15	2.081	8.7434	5.0935	4
141.2	2.0809	7.7287	5.0975	4
141.25	2.0805	8.8978	5.1183	4
141.3	2.0795	8.3735	5.1352	4
141.35	2.0793	8.4978	5.1226	4
141.4	2.0787	8.2833	5.1255	4
141.45	2.0776	8.9908	5.1193	4
141.5	2.0767	8.3659	5.1133	4
141.55	2.0763	8.5027	5.1169	4
141.6	2.0757	8.4817	5.122	4
141.65	2.0743	8.8271	5.1198	4
141.7	2.0738	8.1383	5.1033	4
141.75	2.0732	8.8687	5.1175	4
141.8	2.0721	8.2915	5.1217	4
141.85	2.0712	8.9017	5.1097	4
141.9	2.0705	8.0384	5.1099	4
141.95	2.07	8.6499	5.1293	4
142	2.0689	8.8195	5.1274	4
142.05	2.0683	8.1149	5.1135	4
142.1	2.0682	8.5772	5.1253	4
142.15	2.0666	8.9432	5.1409	4
142.2	2.0651	8.3455	5.122	4
142.25	2.0654	8.4649	5.1195	4
142.3	2.064	8.7332	5.1292	4
142.35	2.0627	8.6791	5.117	4
142.4	2.0626	8.1201	5.1085	4
142.45	2.0618	8.4941	5.1207	4
142.5	2.0607	9.1453	5.122	4
142.55	2.0598	7.7459	5.1216	4
142.6	2.0597	9.0803	5.1133	4
142.65	2.0582	8.4005	5.1204	4
142.7	2.0568	8.9449	5.1179	4
142.75	2.0574	7.6763	5.1214	4
142.8	2.0563	9.1496	5.1171	4
142.85	2.0552	8.408	5.1072	4
142.9	2.055	8.2971	5.1121	4
142.95	2.0548	8.0923	5.11	4
143	2.0536	9.1689	5.103	4
143.05	2.053	7.9061	5.124	4
143.1	2.053	8.5394	5.1357	4
143.15	2.0519	8.6683	5.1392	4
143.2	2.051	8.3854	5.1389	4
143.25	2.0509	8.3576	5.1315	4
143.3	2.0508	8.1919	5.1398	4
143.35	2.0494	8.9569	5.1564	4
143.4	2.049	8.0794	5.1656	4
143.45	2.0491	8.1667	5.1549	4
143.5	2.048	8.8719	5.1246	4
143.55	2.0471	8.2032	5.118	4
143.6	2.0475	7.9658	5.1249	4
143.65	2.047	8.9278	5.1274	4
143.7	2.046	7.9046	5.1196	4
143.75	2.0463	8.4402	5.1285	4
143.8	2.0464	7.8392	5.1403	4
143.85	2.0454	8.8341	5.1478	4
143.9	2.0457	7.8121	5.1431	4
143.95	2.0449	8.555	5.1329	4
144	2.0451	7.931	5.1378	4
144.05	2.0448	8.4295	5.1396	4
144.1	2.0451	7.7733	5.1324	4
144.15	2.0449	8.3516	5.1395	4
144.2	2.0449	8.0745	5.1386	4
144.25	2.0451	8.0468	5.1241	4
144.3	2.0458	7.9212	5.123	4
144.35	2.0455	8.3139	5.1189	4
144.4	2.046	7.685	5.1068	4
144.45	2.0466	8.2324	5.1021	4
144.5	2.0464	8.1939	5.1154	4
144.55	2.0467	7.8976	5.1362	4
144.6	2.0466	8.238	5.1394	4
144.65	2.0466	8.0752	5.1266	4
144.7	2.047	7.802	5.1208	4
144.75	2.0472	8.3085	5.1112	4
144.8	2.0472	7.8732	5.1187	4
144.85	2.0483	7.7597	5.1393	4
144.9	2.0484	8.3528	5.1336	4
144.95	2.0477	8.135	5.1315	4
145	2.0485	7.7695	5.1221	4
145.05	2.0489	8.1141	5.1051	4
145.1	2.0485	8.1801	5.0909	4
145.15	2.0495	7.625	5.1068	4
145.2	2.0502	8.0146	5.1394	4
145.25	2.0499	8.3465	5.1432	4
145.3	2.0499	7.8488	5.1285	4
145.35	2.0509	7.8862	5.1251	4
145.4	2.051	8.2168	5.1118	4
145.45	2.0513	7.7434	5.1135	4
145.5	2.0517	8.0085	5.1205	4
145.55	2.0523	7.7075	5.1227	4
145.6	2.053	8.117	5.1212	4
145.65	2.0537	7.7589	5.1139	4
145.7	2.0543	7.9318	5.1209	4
145.75	2.0545	8.0134	5.1288	4
145.8	2.055	7.8207	5.1218	4
145.85	2.0556	7.7795	5.1129	4
145.9	2.0565	7.8716	5.1073	4
145.95	2.0575	7.4695	5.1228	4
146	2.0582	8.0394	5.1311	5
146.05	2.0583	7.8922	5.1178	5
146.1	2.0595	7.4508	5.1156	5
146.15	2.0602	8.1366	5.1137	5
146.2	2.0606	7.7863	5.1084	5
146.25	2.0649	7.3647	5.0891	5
146.3	2.077	8.3529	5.0961	5
146.35	2.0983	8.5434	5.1107	5
146.4	2.1277	8.5979	5.1114	5
146.45	2.164	9.6179	5.113	5
146.5	2.2078	10.6986	5.1155	5
146.55	2.2596	11.0417	5.1094	5
146.6	2.3181	12.1893	5.0925	5
146.65	2.3838	13.4715	5.0992	5
146.7	2.4572	14.598	5.1145	5
146.75	2.537	16.349	5.1149	5
146.8	2.6238	18.3756	5.1167	5
146.85	2.7179	20.1632	5.1275	5
146.9	2.8181	22.706	5.1375	5
146.95	2.9253	25.0202	5.1269	5
147	3.039	28.2422	5.123	5
147.05	3.1596	31.5725	5.1279	5
147.1	3.287	35.1057	5.13	5
147.15	3.421	39.2954	5.1229	5
147.2	3.5614	44.3285	5.1079	5
147.25	3.7097	49.4509	5.1161	5
147.3	3.8656	55.4769	5.1162	5
147.35	4.0297	61.9935	5.1082	5
147.4	4.2021	69.8909	5.1049	5
147.45	4.3833	78.652	5.0975	5
147.5	4.5731	88.8696	5.0842	5
147.55	4.7717	99.8887	5.0779	5
147.6	4.979	111.7894	5.0913	5
147.65	5.1941	125.7026	5.1016	5
147.7	5.4186	139.4768	5.0957	5
147.75	5.6499	155.4305	5.1019	5
147.8	5.8876	172.8098	5.1119	5
147.85	6.1332	190.5719	5.1134	5
147.9	6.3854	210.2934	5.1198	5
147.95	6.6438	231.4543	5.1191	5
148	6.9083	253.2959	5.1165	5
148.05	7.1777	277.5794	5.1125	5
148.1	7.4527	302.7788	5.1162	5
148.15	7.7319	330.397	5.124	5
148.2	8.0162	359.1792	5.1286	6
148.25	8.3043	390.3171	5.1317	6
148.3	8.5958	424.029	5.133	6
148.35	8.8908	459.249	5.1261	6
148.4	9.1878	496.3559	5.1421	6
148.45	9.4816	535.5055	5.1288	6
148.5	9.769	575.2987	5.1043	6
148.55	10.0484	617.5361	5.0911	6
148.6	10.3202	662.1488	5.0867	6
148.65	10.5843	707.9863	5.0986	6
148.7	10.8418	753.541	5.0978	6
148.75	11.0916	800.8654	5.1	6
148.8	11.3341	849.472	5.112	6
148.85	11.57	898.7387	5.0941	6
148.9	11.7997	948.1054	5.0847	6
148.95	12.0216	1000.228	5.085	6
149	12.236	1054.015	5.0836	6
149.05	12.4455	1106.5729	5.0946	6
149.1	12.6482	1160.0785	5.0967	6
149.15	12.8444	1214.6492	5.0875	6
149.2	13.036	1268.2047	5.0786	6
149.25	13.2229	1321.1885	5.0698	6
149.3	13.4045	1374.5588	5.0877	6
149.35	13.582	1426.2142	5.082	6
149.4	13.7557	1476.0707	5.0864	6
149.45	13.9239	1525.5403	5.0892	6
149.5	14.0878	1574.5282	5.0824	6
149.55	14.2486	1622.2624	5.0855	6
149.6	14.4061	1668.6562	5.0798	6
149.65	14.5593	1714.1252	5.0823	6
149.7	14.7092	1758.3666	5.0725	6
149.75	14.856	1800.6718	5.0593	6
149.8	14.9993	1841.7223	5.0762	6
149.85	15.1388	1882.5848	5.0778	6
149.9	15.2755	1921.452	5.0643	6
149.95	15.4081	1960.214	5.0756	6
150	15.5365	1999.5864	5.0752	6
150.05	15.6626	2037.0495	5.067	6
150.1	15.7856	2072.8363	5.061	6
150.15	15.9053	2109.1541	5.0583	6
150.2	16.0233	2143.5891	5.0695	6
150.25	16.1409	2172.8401	5.072	6
150.3	16.2541	2203.126	5.0611	6
150.35	16.364	2233.5427	5.0659	6
150.4	16.4728	2260.7695	5.0608	6
150.45	16.5781	2287.9713	5.0528	6
150.5	16.6806	2314.9543	5.0795	6
150.55	16.7822	2339.1966	5.0959	6
150.6	16.8807	2362.7805	5.075	6
150.65	16.9764	2386.0999	5.0737	6
150.7	17.0704	2408.1031	5.0715	6
150.75	17.1629	2428.3254	5.0601	6
150.8	17.2531	2448.0482	5.0705	6
150.85	17.342	2465.3268	5.0704	6
150.9	17.4293	2481.0922	5.0603	6
150.95	17.5141	2496.8344	5.0647	6
151	17.597	2511.597	5.0791	6
151.05	17.6784	2524.8467	5.0799	6
151.1	17.7573	2538.3241	5.083	6
151.15	17.8345	2550.5154	5.0895	6
151.2	17.91	2561.8936	5.0978	6
151.25	17.9822	2573.9374	5.0933	6
151.3	18.053	2584.4772	5.075	6
151.35	18.1227	2594.6642	5.0759	6
151.4	18.1903	2604.607	5.0726	6
151.45	18.2559	2614.1545	5.0772	6
151.5	18.3214	2621.2193	5.0787	6
151.55	18.3846	2628.6396	5.0569	6
151.6	18.4463	2635.3286	5.063	6
151.65	18.508	2639.2411	5.0867	6
151.7	18.5666	2644.8339	5.1016	6
151.75	18.6234	2650.3371	5.0921	6
151.8	18.6796	2654.0421	5.0712	6
151.85	18.7341	2657.79	5.0649	6
151.9	18.7871	2661.6536	5.0609	6
151.95	18.8392	2663.8301	5.0748	6
152	18.8903	2665.1323	5.0778	6
152.05	18.939	2667.4913	5.0745	6
152.1	18.9873	2668.4166	5.0718	6
152.15	19.0348	2668.0483	5.0417	6
152.2	19.08	2668.9458	5.0502	6
152.25	19.1248	2668.8718	5.0822	6
152.3	19.169	2667.272	5.0815	6
152.35	19.2109	2666.6301	5.0701	6
152.4	19.2521	2665.5037	5.063	6
152.45	19.293	2663.0152	5.0604	6
152.5	19.3323	2660.8491	5.0615	6
152.55	19.3705	2658.5104	5.0713	6
152.6	19.4082	2655.2298	5.0921	6
152.65	19.445	2651.5045	5.0881	6
152.7	19.4803	2648.1138	5.0745	6
152.75	19.5152	2643.5563	5.0942	6
152.8	19.5496	2638.5095	5.0911	6
152.85	19.5823	2634.3488	5.0761	6
152.9	19.6147	2629.074	5.0621	6
152.95	19.6467	2622.8458	5.079	6
153	19.6769	2617.4383	5.0845	6
153.05	19.7064	2611.6252	5.0766	6
153.1	19.7357	2604.9169	5.0878	6
153.15	19.7638	2598.6005	5.087	6
153.2	19.7908	2592.5273	5.0657	6
153.25	19.8175	2585.8923	5.0867	6
153.3	19.844	2578.0043	5.0736	6
153.35	19.8687	2571.4894	5.0609	6
153.4	19.8926	2565.0833	5.0487	6
153.45	19.9171	2556.6639	5.0428	6
153.5	19.9401	2549.1833	5.0521	6
153.55	19.9613	2543.1039	5.0461	6
153.6	19.9838	2534.491	5.0634	6
153.65	20.0057	2525.7643	5.0701	6
153.7	20.025	2519.7456	5.0673	6
153.75	20.0453	2511.4794	5.0669	6
153.8	20.0658	2502.0102	5.0662	6
153.85	20.0837	2495.0123	5.0845	6
153.9	20.1014	2487.4408	5.0869	6
153.95	20.1196	2478.0328	5.0603	6
154	20.1362	2470.2444	5.0822	6
154.05	20.152	2462.9775	5.1071	6
154.1	20.1688	2453.5712	5.1147	6
154.15	20.1844	2444.9246	5.0968	6
154.2	20.1986	2437.5238	5.0815	6
154.25	20.2133	2428.7636	5.0811	6
154.3	20.2282	2419.167	5.081	6
154.35	20.2411	2411.5548	5.0855	6
154.4	20.254	2402.8141	5.0743	6
154.45	20.2681	2393.3372	5.064	6
154.5	20.28	2386.1241	5.078	6
154.55	20.2919	2377.6577	5.0851	6
154.6	20.3038	2367.9549	5.0733	6
154.65	20.3143	2359.2012	5.0713	6
154.7	20.325	2351.2191	5.0588	6
154.75	20.3355	2342.9417	5.0523	6
154.8	20.3454	2334.3943	5.0578	6
154.85	20.3545	2326.79	5.0697	6
154.9	20.364	2318.0491	5.0762	6
154.95	20.3731	2309.4767	5.0606	6
155	20.3811	2301.9186	5.0529	6
155.05	20.3897	2293.2743	5.0558	6
155.1	20.3983	2283.9683	5.0695	6
155.15	20.4052	2276.9701	5.0755	6
155.2	20.4126	2268.6662	5.0742	6
155.25	20.4204	2259.444	5.0756	6
155.3	20.4262	2252.5727	5.0837	6
155.35	20.4323	2244.9347	5.0908	6
155.4	20.4393	2235.8138	5.0872	6
155.45	20.4451	2228.3176	5.0873	6
155.5	20.4505	2221.0914	5.1021	6
155.55	20.4565	2212.4357	5.0996	6
155.6	20.4617	2204.4205	5.0805	6
155.65	20.466	2197.5504	5.0725	6
155.7	20.4709	2189.955	5.0839	6
155.75	20.4757	2182.0017	5.0793	6
155.8	20.4793	2175.5672	5.0806	6
155.85	20.4832	2168.4344	5.0856	6
155.9	20.4874	2160.5252	5.087	6
155.95	20.4905	2153.9691	5.07	6
156	20.4938	2146.9214	5.062	6
156.05	20.4974	2139.5837	5.066	6
156.1	20.5005	2132.5285	5.0625	6
156.15	20.5033	2125.6269	5.0686	6
156.2	20.5059	2119.0653	5.0753	6
156.25	20.5091	2111.6007	5.0607	6
156.3	20.5111	2105.2689	5.0509	6
156.35	20.5132	2099.2316	5.0465	6
156.4	20.516	2091.8169	5.044	6
156.45	20.5177	2085.6212	5.0328	6
156.5	20.5189	2080.1129	5.0466	6
156.55	20.5211	2072.9038	5.0615	6
156.6	20.5226	2066.8358	5.0612	6
156.65	20.5234	2061.5412	5.0656	6
156.7	20.5247	2055.1446	5.0678	6
156.75	20.526	2048.996	5.0563	6
156.8	20.5269	2043.3213	5.0615	6
156.85	20.5273	2038.1813	5.0479	6
156.9	20.5284	2032.0979	5.0418	6
156.95	20.5293	2026.2138	5.0455	6
157	20.5291	2021.787	5.0371	6
157.05	20.5296	2016.3884	5.0297	6
157.1	20.5304	2010.5827	5.0448	6
157.15	20.5299	2006.1887	5.0476	6
157.2	20.5294	2002.0411	5.0507	6
157.25	20.53	1996.0874	5.059	6
157.3	20.5303	1990.4648	5.0623	6
157.35	20.5294	1986.7821	5.0661	6
157.4	20.5294	1981.8423	5.0738	6
157.45	20.5298	1975.7946	5.0715	6
157.5	20.5287	1972.0746	5.0756	6
157.55	20.5275	1968.5996	5.0828	6
157.6	20.5277	1963.1395	5.0703	6
157.65	20.5267	1959.2783	5.0716	6
157.7	20.5248	1956.8754	5.0748	6
157.75	20.5246	1951.9413	5.0659	6
157.8	20.5239	1947.4789	5.0524	6
157.85	20.5218	1945.0715	5.0546	6
157.9	20.5212	1940.7419	5.0585	6
157.95	20.5204	1936.2796	5.0736	6
158	20.5187	1933.296	5.0678	6
158.05	20.5177	1929.1274	5.0554	6
158.1	20.5168	1925.3178	5.062	6
158.15	20.5157	1921.7718	5.0567	6
158.2	20.5142	1918.5061	5.0567	6
158.25	20.513	1914.8635	5.0613	6
158.3	20.5122	1910.8047	5.0671	6
158.35	20.5104	1908.1591	5.071	6
158.4	20.5093	1904.6086	5.0604	6
158.45	20.508	1901.1669	5.0597	6
158.5	20.5063	1898.4901	5.0647	6
158.55	20.505	1895.2874	5.0707	6
158.6	20.5034	1892.3561	5.0996	6
158.65	20.5018	1889.4561	5.0963	6
158.7	20.5001	1886.699	5.0952	6
158.75	20.4985	1883.7473	5.1113	6
158.8	20.4968	1881.0576	5.1009	6
158.85	20.4952	1878.37	5.0872	6
158.9	20.4938	1875.6122	5.0955	6
158.95	20.4918	1873.4759	5.0875	6
159	20.4903	1870.7615	5.0849	6
159.05	20.4884	1868.4487	5.0947	6
159.1	20.4867	1866.0359	5.0961	6
159.15	20.4852	1863.2786	5.0871	6
159.2	20.4832	1861.1131	5.0786	6
159.25	20.4811	1859.1456	5.0878	6
159.3	20.4795	1856.6781	5.0853	6
159.35	20.4776	1854.8378	5.0853	6
159.4	20.4753	1853.4338	5.0941	6
159.45	20.4738	1851.0527	5.0874	6
159.5	20.4724	1848.5186	5.1005	6
159.55	20.4702	1847.1982	5.0989	6
159.6	20.4688	1844.7763	5.1023	6
159.65	20.4679	1841.7026	5.0992	6
159.7	20.4655	1840.5077	5.1034	6
159.75	20.4635	1838.9253	5.1142	6
159.8	20.4621	1836.6977	5.0995	6
159.85	20.4601	1835.5087	5.0994	6
159.9	20.4578	1834.6616	5.0934	6
159.95	20.4563	1832.6676	5.0922	6
160	20.4549	1830.2163	5.1054	6
160.05	20.4525	1829.5415	5.0978	6
160.1	20.4511	1827.4034	5.0923	6
160.15	20.4495	1825.4921	5.0702	6
160.2	20.4471	1824.6458	5.0627	6
160.25	20.4453	1823.0676	5.0729	6
160.3	20.4437	1821.4906	5.0755	6
160.35	20.4418	1820.1609	5.0782	6
160.4	20.44	1819.0539	5.066	6
160.45	20.4386	1817.4062	5.062	6
160.5	20.4363	1816.7673	5.0837	6
160.55	20.4346	1815.4692	5.0838	6
160.6	20.4331	1813.9748	5.0787	6
160.65	20.431	1813.4433	5.0769	6
160.7	20.4297	1811.6814	5.0739	6
160.75	20.4284	1810.3136	5.0707	6
160.8	20.4268	1809.0261	5.0655	6
160.85	20.4253	1807.7253	5.0739	6
160.9	20.4242	1805.919	5.0705	6
160.95	20.4231	1804.3232	5.071	6
161	20.4211	1804.0987	5.0829	6
161.05	20.4201	1801.9541	5.0687	6
161.1	20.4189	1800.2493	5.0546	6
161.15	20.417	1799.9407	5.0587	6
161.2	20.4159	1798.1862	5.0682	6
161.25	20.415	1796.3129	5.0834	6
161.3	20.4132	1795.914	5.0739	6
161.35	20.4114	1795.395	5.066	6
161.4	20.4105	1793.4279	5.076	6
161.45	20.4088	1792.914	5.077	6
161.5	20.4068	1792.6631	5.0735	6
161.55	20.4058	1790.7416	5.0587	6
161.6	20.4043	1789.9249	5.0484	6
161.65	20.4024	1789.859	5.0608	6
161.7	20.4013	1788.439	5.0536	6
161.75	20.4	1787.6835	5.0452	6
161.8	20.3982	1787.4724	5.0415	6
161.85	20.3972	1786.4769	5.0282	6
161.9	20.3959	1785.7015	5.041	6
161.95	20.3945	1784.9545	5.0515	6
162	20.3932	1784.2841	5.0588	6
162.05	20.3919	1783.5622	5.0692	6
162.1	20.3908	1782.6341	5.071	6
162.15	20.3894	1781.8853	5.0653	6
162.2	20.3878	1781.5515	5.0573	6
162.25	20.3866	1780.9393	5.0688	6
162.3	20.3858	1779.9465	5.0877	6
162.35	20.3841	1779.7819	5.0828	6
162.4	20.3829	1779.1911	5.089	6
162.45	20.382	1778.1114	5.0908	6
162.5	20.3804	1778.1889	5.0917	6
162.55	20.379	1777.7908	5.111	6
162.6	20.3783	1776.7425	5.1202	6
162.65	20.3768	1776.314	5.1041	6
162.7	20.3755	1776.2851	5.0776	6
162.75	20.3744	1775.7476	5.0658	6
162.8	20.3737	1774.8235	5.0681	6
162.85	20.3722	1774.7961	5.0675	6
162.9	20.3711	1774.3631	5.0675	6
162.95	20.3704	1773.487	5.0789	6
163	20.3692	1773.2153	5.0766	6
163.05	20.3679	1773.1817	5.0905	6
163.1	20.3675	1771.8669	5.0921	6
163.15	20.3667	1770.9796	5.0949	6
163.2	20.3651	1771.4597	5.1014	6
163.25	20.3645	1770.6323	5.0875	6
163.3	20.3638	1769.6183	5.0898	6
163.35	20.3623	1770.0173	5.0884	6
163.4	20.3615	1769.3217	5.0846	6
163.45	20.361	1768.4561	5.0851	6
163.5	20.3598	1768.5822	5.1002	6
163.55	20.3593	1767.9167	5.1183	6
163.6	20.3588	1766.6792	5.1098	6
163.65	20.3578	1766.5863	5.0879	6
163.7	20.3566	1766.5396	5.0869	6
163.75	20.3566	1764.938	5.0867	6
163.8	20.3551	1765.5948	5.0938	6
163.85	20.3544	1765.1579	5.0837	6
163.9	20.3539	1764.1854	5.0778	6
163.95	20.3531	1764.0007	5.0831	6
164	20.3518	1764.1522	5.075	6
164.05	20.3519	1762.7607	5.096	6
164.1	20.3508	1762.6656	5.1119	6
164.15	20.3497	1762.8383	5.1008	6
164.2	20.3491	1762.2652	5.0982	6
164.25	20.3488	1761.4064	5.095	6
164.3	20.3472	1762.321	5.09	6
164.35	20.347	1761.2646	5.1128	6
164.4	20.3461	1761.1032	5.1083	6
164.45	20.3452	1761.1302	5.0907	6
164.5	20.3446	1760.7654	5.0799	6
164.55	20.344	1760.4455	5.0866	6
164.6	20.3432	1759.9787	5.105	6
164.65	20.3422	1760.3505	5.1001	6
164.7	20.3418	1759.453	5.0866	6
164.75	20.3409	1759.5566	5.0721	6
164.8	20.3398	1759.717	5.0887	6
164.85	20.3396	1759.0296	5.0912	6
164.9	20.339	1758.6632	5.0761	6
164.95	20.3381	1759.0888	5.0757	6
165	20.338	1758.2872	5.0791	6
165.05	20.3374	1758.0611	5.0921	6
165.1	20.3367	1758.1257	5.09	6
165.15	20.3359	1757.9186	5.0909	6
165.2	20.3357	1757.38	5.0901	6
165.25	20.3348	1757.3433	5.0946	6
165.3	20.3344	1757.1417	5.1016	6
165.35	20.334	1756.2285	5.1016	6
165.4	20.3338	1756.2129	5.0947	6
165.45	20.3331	1756.181	5.1006	6
165.5	20.333	1755.1949	5.0987	6
165.55	20.3324	1755.4042	5.0944	6
165.6	20.332	1754.746	5.1017	6
165.65	20.3315	1754.9631	5.1096	6
165.7	20.3313	1753.8681	5.1133	6
165.75	20.3305	1753.86	5.0915	6
165.8	20.33	1753.9461	5.078	6
165.85	20.33	1752.7131	5.078	6
165.9	20.3296	1752.9797	5.0746	6
165.95	20.3288	1752.8762	5.0844	6
166	20.329	1751.8725	5.0833	6
166.05	20.3286	1751.9459	5.0922	6
166.1	20.3277	1751.8309	5.105	6
166.15	20.3278	1751.3615	5.0975	6
166.2	20.3277	1750.5062	5.097	6
166.25	20.3271	1750.2066	5.099	6
166.3	20.327	1750.4038	5.1027	6
166.35	20.3269	1749.1753	5.1088	6
166.4	20.3264	1749.3414	5.1095	6
166.45	20.3257	1749.8732	5.1086	6
166.5	20.3256	1748.4486	5.1064	6
166.55	20.3254	1748.3064	5.1032	6
166.6	20.3249	1748.4634	5.1084	6
166.65	20.3245	1747.7921	5.0979	6
166.7	20.3248	1747.2492	5.0964	6
166.75	20.3244	1746.7964	5.1084	6
166.8	20.3233	1746.9426	5.0997	6
166.85	20.3237	1746.3806	5.1005	6
166.9	20.3236	1745.5649	5.0983	6
166.95	20.3225	1746.2496	5.0934	6
167	20.3226	1746.0856	5.1131	6
167.05	20.3233	1744.258	5.1208	6
167.1	20.3222	1744.6702	5.1283	6
167.15	20.322	1744.9983	5.1211	6
167.2	20.3225	1743.3056	5.1112	6
167.25	20.3216	1743.2061	5.1048	6
167.3	20.3213	1743.7512	5.1062	6
167.35	20.3217	1742.7234	5.1002	6
167.4	20.3214	1741.6294	5.0964	6
167.45	20.3209	1742.1878	5.0981	6
167.5	20.3208	1742.048	5.0894	6
167.55	20.3211	1740.433	5.0736	6
167.6	20.3204	1741.0284	5.0745	6
167.65	20.3202	1741.0766	5.0665	6
167.7	20.3205	1739.1985	5.0537	6
167.75	20.3205	1738.6866	5.0641	6
167.8	20.32	1739.5109	5.0655	6
167.85	20.3207	1737.4612	5.0748	6
167.9	20.3206	1736.8131	5.0948	6
167.95	20.3202	1737.5478	5.074	6
168	20.3199	1736.5812	5.0766	6
168.05	20.3198	1735.4991	5.0726	6
168.1	20.3191	1736.4556	5.0494	6
168.15	20.3188	1736.8026	5.0648	6
168.2	20.3182	1736.0025	5.0618	6
168.25	20.3183	1735.7542	5.0488	6
168.3	20.3171	1737.2753	5.0617	6
168.35	20.3176	1735.7613	5.0675	6
168.4	20.3171	1735.2953	5.0758	6
168.45	20.3168	1736.2809	5.0669	6
168.5	20.3164	1736.0753	5.0569	6
168.55	20.3163	1734.8881	5.0571	6
168.6	20.3154	1735.6636	5.0482	6
168.65	20.3157	1735.8623	5.0462	6
168.7	20.3152	1735.3636	5.043	6
168.75	20.3148	1734.6367	5.0567	6
168.8	20.3144	1734.9953	5.0761	6
168.85	20.3146	1735.1316	5.0726	6
168.9	20.3142	1734.6562	5.0581	6
168.95	20.3136	1734.3101	5.0531	6
169	20.3134	1734.5729	5.0571	6
169.05	20.3137	1734.4903	5.058	6
169.1	20.3126	1734.6686	5.0518	6
169.15	20.3125	1733.7165	5.0524	6
169.2	20.3126	1733.7056	5.0638	6
169.25	20.3121	1734.7982	5.0659	6
169.3	20.3126	1733.5314	5.0706	6
169.35	20.3121	1732.7074	5.0612	6
169.4	20.3117	1733.4323	5.0643	6
169.45	20.3121	1733.1272	5.0563	6
169.5	20.3119	1732.9552	5.0644	6
169.55	20.311	1732.6986	5.073	6
169.6	20.3113	1731.9798	5.0603	6
169.65	20.3111	1732.7351	5.0635	6
169.7	20.311	1732.9076	5.081	6
169.75	20.3106	1731.9794	5.0773	6
169.8	20.3105	1731.3551	5.0788	6
169.85	20.3102	1731.9511	5.0723	6
169.9	20.3102	1732.4389	5.0795	6
169.95	20.3104	1731.3823	5.0685	6
170	20.3097	1730.9997	5.0625	6
170.05	20.309	1732.0202	5.0823	6
170.1	20.3097	1731.3412	5.09	6
170.15	20.3092	1732.1908	5.083	6
170.2	20.3085	1732.2293	5.0861	6
170.25	20.3086	1730.8934	5.0766	6
170.3	20.3083	1731.5105	5.0711	6
170.35	20.3077	1732.6557	5.0693	6
170.4	20.3081	1732.0856	5.0737	6
170.45	20.3074	1731.7105	5.0695	6
170.5	20.3068	1731.634	5.0748	6
170.55	20.3065	1732.0404	5.0866	6
170.6	20.3065	1732.3215	5.0888	6
170.65	20.3063	1732.8803	5.0773	6
170.7	20.306	1732.5361	5.0875	6
170.75	20.3059	1731.4759	5.0866	6
170.8	20.3055	1731.9047	5.0927	6
170.85	20.3056	1732.1119	5.0895	6
170.9	20.3055	1732.5929	5.0735	6
170.95	20.3056	1732.3815	5.0646	6
171	20.305	1731.6997	5.0651	6
171.05	20.3045	1731.6127	5.0763	6
171.1	20.3046	1731.6373	5.0916	6
171.15	20.3047	1731.984	5.0634	6
171.2	20.3046	1732.3861	5.0747	6
171.25	20.3048	1731.9475	5.0835	6
171.3	20.3044	1730.9837	5.0877	6
171.35	20.3042	1730.756	5.0823	6
171.4	20.3042	1731.1916	5.0782	6
171.45	20.3045	1730.8815	5.0788	6
171.5	20.3041	1731.6276	5.0639	6
171.55	20.3036	1732.0383	5.0708	6
171.6	20.3039	1729.9207	5.0822	6
171.65	20.3033	1729.9682	5.0722	6
171.7	20.3031	1730.7239	5.0782	6
171.75	20.3038	1730.0799	5.0671	6
171.8	20.304	1729.9192	5.0564	6
171.85	20.3036	1730.6047	5.0645	6
171.9	20.3036	1729.5644	5.0566	6
171.95	20.3037	1728.4449	5.0731	6
172	20.3032	1729.2837	5.0768	6
172.05	20.3029	1729.9965	5.0729	6
172.1	20.3037	1729.3332	5.0837	6
172.15	20.3033	1729.9644	5.076	6
172.2	20.3023	1730.3446	5.0578	6
172.25	20.3024	1729.0094	5.0633	6
172.3	20.3023	1729.0176	5.0594	6
172.35	20.3012	1730.8275	5.0682	6
172.4	20.3017	1730.3684	5.0423	6
172.45	20.3019	1730.3805	5.0335	6
172.5	20.3014	1731.2662	5.0425	6
172.55	20.301	1730.5702	5.0286	6
172.6	20.3011	1729.4263	5.0327	6
172.65	20.3012	1729.4631	5.0309	6
172.7	20.301	1730.1287	5.0412	6
172.75	20.3014	1729.8798	5.0472	6
172.8	20.3017	1729.8418	5.0355	6
172.85	20.3016	1729.9161	5.0353	6
172.9	20.3014	1729.1777	5.0426	6
172.95	20.3014	1728.0493	5.0533	6
173	20.3014	1728.0423	5.0585	6
173.05	20.3011	1728.7927	5.061	6
173.1	20.3016	1728.3669	5.0669	6
173.15	20.3018	1728.5578	5.0716	6
173.2	20.3013	1729.0739	5.0741	6
173.25	20.3014	1727.9054	5.0623	6
173.3	20.3012	1727.1936	5.0652	6
173.35	20.3013	1727.2078	5.0818	6
173.4	20.3016	1727.1612	5.053	6
173.45	20.3019	1726.9787	5.0435	6
173.5	20.3021	1727.2345	5.0448	6
173.55	20.3025	1726.7012	5.0654	6
173.6	20.3021	1726.0695	5.0759	6
173.65	20.302	1725.0606	5.0636	6
173.7	20.3025	1724.3857	5.0564	6
173.75	20.3023	1724.9669	5.0601	6
173.8	20.3024	1724.9575	5.0471	6
173.85	20.3031	1724.4113	5.044	6
173.9	20.303	1724.4585	5.0522	6
173.95	20.3024	1723.6697	5.0548	6
174	20.3027	1722.7918	5.0491	6
174.05	20.3025	1723.0521	5.061	6
174.1	20.3025	1723.5545	5.0705	6
174.15	20.3026	1723.7172	5.0687	6
174.2	20.3031	1723.4354	5.0669	6
174.25	20.3026	1722.9412	5.0692	6
174.3	20.3018	1722.6203	5.0701	6
174.35	20.3021	1722.0422	5.0598	6
174.4	20.3022	1722.3072	5.0563	6
174.45	20.3021	1722.7355	5.0617	6
174.5	20.3024	1722.6217	5.0835	6
174.55	20.3026	1722.2123	5.0855	6
174.6	20.3019	1721.8858	5.0781	6
174.65	20.3018	1721.3699	5.077	6
174.7	20.3018	1721.3918	5.0602	6
174.75	20.3014	1722.1763	5.0529	6
174.8	20.3016	1722.1996	5.0676	6
174.85	20.3019	1722.1558	5.074	6
174.9	20.3016	1722.2477	5.0911	6
174.95	20.3009	1721.5351	5.0701	6
175	20.301	1720.7423	5.0593	6
175.05	20.3009	1721.0435	5.0665	6
175.1	20.3005	1721.8874	5.0604	6
175.15	20.301	1721.5575	5.0548	6
175.2	20.3008	1722.0302	5.0595	6
175.25	20.3005	1722.5822	5.064	6
175.3	20.3006	1721.2365	5.0455	6
175.35	20.3003	1720.5152	5.0477	6
175.4	20.2998	1721.2669	5.0514	6
175.45	20.3003	1720.9504	5.0512	6
175.5	20.3002	1721.2253	5.0694	6
175.55	20.2999	1722.0387	5.0803	6
175.6	20.3002	1721.9557	5.0702	6
175.65	20.3003	1721.5624	5.0754	6
175.7	20.2995	1721.1392	5.0656	6
175.75	20.2994	1720.6126	5.0719	6
175.8	20.2997	1720.6017	5.0823	6
175.85	20.2995	1721.0436	5.0553	6
175.9	20.2993	1721.478	5.0604	6
175.95	20.2997	1721.2445	5.083	6
176	20.2996	1721.7681	5.0853	6
176.05	20.2993	1721.7861	5.0866	6
176.1	20.2994	1720.1219	5.0895	6
176.15	20.2991	1720.0258	5.0803	6
176.2	20.2989	1720.4636	5.0715	6
176.25	20.2993	1720.1914	5.068	6
176.3	20.2995	1720.287	5.0861	6
176.35	20.2993	1720.8555	5.0829	6
176.4	20.2995	1720.7668	5.0699	6
176.45	20.2994	1720.6889	5.08	6
176.5	20.2988	1719.9211	5.0843	6
176.55	20.2986	1719.4472	5.0812	6
176.6	20.2981	1720.3388	5.0852	6
176.65	20.2979	1720.9791	5.0875	6
176.7	20.2979	1720.9029	5.0795	6
176.75	20.2975	1721.6041	5.0615	6
176.8	20.2974	1721.9266	5.057	6
176.85	20.2976	1721.6747	5.063	6
176.9	20.2975	1721.1332	5.0602	6
176.95	20.2967	1720.9189	5.0795	6
177	20.2968	1720.6954	5.0954	6
177.05	20.2972	1720.4623	5.1011	6
177.1	20.2969	1721.1381	5.0916	6
177.15	20.2969	1721.3402	5.0871	6
177.2	20.2974	1720.7785	5.0932	6
177.25	20.2972	1721.3352	5.0884	6
177.3	20.2974	1721.3112	5.0883	6
177.35	20.2977	1720.9116	5.0914	6
177.4	20.2974	1720.3346	5.0786	6
177.45	20.297	1719.5533	5.0765	6
177.5	20.2971	1719.4597	5.0725	6
177.55	20.2968	1719.9825	5.0883	6
177.6	20.297	1720.0679	5.0885	6
177.65	20.2973	1719.8874	5.0938	6
177.7	20.2973	1720.3612	5.0958	6
177.75	20.2977	1720.1152	5.0872	6
177.8	20.2981	1719.8217	5.1047	6
177.85	20.2981	1719.6867	5.1174	6
177.9	20.2984	1718.0127	5.1124	6
177.95	20.2987	1716.9874	5.1157	6
178	20.2988	1717.2281	5.1037	6
178.05	20.2988	1717.2874	5.0915	6
178.1	20.2999	1715.9231	5.0831	6
178.15	20.2996	1716.6151	5.0843	6
178.2	20.2997	1716.9155	5.0996	6
178.25	20.3002	1715.8552	5.1032	6
178.3	20.3	1714.7865	5.1087	6
178.35	20.299	1715.3879	5.0899	6
178.4	20.2995	1714.9536	5.0879	6
178.45	20.3001	1714.632	5.0972	6
178.5	20.2997	1715.4368	5.0849	6
178.55	20.2999	1715.3436	5.0791	6
178.6	20.3004	1714.7934	5.0841	6
178.65	20.3001	1714.648	5.09	6
178.7	20.2993	1714.1162	5.0836	6
178.75	20.2993	1713.6645	5.0825	6
178.8	20.2997	1713.3404	5.0799	6
178.85	20.2995	1713.9463	5.0859	6
178.9	20.2995	1714.2009	5.088	6
178.95	20.3002	1713.5555	5.0931	6
179	20.3	1713.9332	5.0847	6
179.05	20.2995	1714.0476	5.0887	6
179.1	20.2991	1712.848	5.0872	6
179.15	20.2989	1712.7644	5.0727	6
179.2	20.2984	1713.9657	5.0905	6
179.25	20.2983	1714.4221	5.1067	6
179.3	20.2986	1714.085	5.1024	6
179.35	20.2986	1714.1976	5.0919	6
179.4	20.2981	1715.175	5.0863	6
179.45	20.2985	1714.5849	5.0851	6
179.5	20.2985	1713.2866	5.0809	6
179.55	20.2972	1714.0493	5.0826	6
179.6	20.2974	1713.9277	5.088	6
179.65	20.298	1713.2865	5.1012	6
179.7	20.2977	1713.9301	5.1041	6
179.75	20.2973	1714.6622	5.0864	6
179.8	20.298	1713.9572	5.0736	6
179.85	20.2981	1713.894	5.0907	6
179.9	20.2972	1715.2451	5.0905	6
179.95	20.2969	1714.6486	5.0795	6
180	20.297	1713.2426	5.097	6
180.05	20.2965	1713.8973	5.0965	6
180.1	20.296	1714.8256	5.0955	6
180.15	20.2969	1713.7281	5.1025	6
180.2	20.2968	1713.9929	5.0938	6
180.25	20.2963	1715.0793	5.087	6
180.3	20.2972	1714.1161	5.0808	6
180.35	20.2975	1713.9238	5.0891	6
180.4	20.2971	1714.6843	5.0875	6
180.45	20.2971	1713.2172	5.0723	6
180.5	20.2974	1711.7756	5.0739	6
180.55	20.297	1712.498	5.0842	6
180.6	20.2967	1713.0402	5.0853	6
180.65	20.2975	1712.2569	5.0882	6
180.7	20.2973	1712.7702	5.0905	6
180.75	20.2967	1713.8819	5.0976	6
180.8	20.2972	1713.3957	5.0889	6
180.85	20.2976	1712.8747	5.0945	6
180.9	20.2967	1713.7964	5.1023	6
180.95	20.2966	1712.2106	5.1112	6
181	20.2969	1711.0689	5.1043	6
181.05	20.2963	1712.2447	5.0859	6
181.1	20.2964	1712.3667	5.0875	6
181.15	20.2969	1711.879	5.0959	6
181.2	20.2967	1712.4504	5.0915	6
181.25	20.2964	1712.9009	5.0952	6
181.3	20.2968	1712.5964	5.0877	6
181.35	20.2968	1712.7008	5.0745	6
181.4	20.2964	1712.9957	5.0851	6
181.45	20.2964	1711.604	5.0906	6
181.5	20.2964	1711.2591	5.0921	6
181.55	20.296	1711.8692	5.0759	6
181.6	20.296	1711.9759	5.0648	6
181.65	20.2959	1712.1119	5.0838	6
181.7	20.2959	1712.3066	5.0964	6
181.75	20.296	1712.5747	5.1006	6
181.8	20.2959	1712.8609	5.0968	6
181.85	20.2962	1712.7433	5.0806	6
181.9	20.2965	1712.531	5.0722	6
181.95	20.2963	1711.8393	5.0877	6
182	20.2962	1710.729	5.097	6
182.05	20.2964	1710.3133	5.1022	6
182.1	20.2963	1710.7036	5.0997	6
182.15	20.2965	1710.9123	5.0998	6
182.2	20.297	1710.4595	5.0935	6
182.25	20.2969	1710.89	5.0885	6
182.3	20.2965	1711.3894	5.0967	6
182.35	20.2973	1710.5374	5.0878	6
182.4	20.2975	1710.4755	5.0953	6
182.45	20.297	1709.7604	5.0816	6
182.5	20.2967	1708.9562	5.0545	6
182.55	20.2974	1708.0512	5.0564	6
182.6	20.2968	1709.1638	5.0825	6
182.65	20.2968	1709.5418	5.0796	6
182.7	20.2975	1708.7568	5.074	6
182.75	20.2974	1709.2666	5.0584	6
182.8	20.2972	1709.8779	5.0616	6
182.85	20.2979	1709.0194	5.06	6
182.9	20.2982	1707.9295	5.0709	6
182.95	20.2972	1707.7189	5.076	6
183	20.2974	1706.962	5.0731	6
183.05	20.2982	1706.0007	5.0716	6
183.1	20.2978	1706.9437	5.0633	6
183.15	20.2977	1707.3146	5.0344	6
183.2	20.2986	1706.311	5.042	6
183.25	20.2984	1706.5888	5.054	6
183.3	20.298	1707.4015	5.0578	6
183.35	20.2984	1706.0055	5.0587	6
183.4	20.2982	1704.6812	5.0671	6
183.45	20.2976	1705.4279	5.0747	6
183.5	20.2979	1705.2556	5.0699	6
183.55	20.2988	1704.3934	5.0728	6
183.6	20.2987	1704.9217	5.073	6
183.65	20.2988	1705.0121	5.0712	6
183.7	20.2999	1703.7835	5.067	6
183.75	20.3001	1703.4655	5.0562	6
183.8	20.2994	1702.9656	5.0566	6
183.85	20.2998	1701.4727	5.0523	6
183.9	20.3	1701.3081	5.0449	6
183.95	20.2996	1702.0166	5.0356	6
184	20.3002	1701.5064	5.0216	6
184.05	20.3008	1700.9567	5.0249	6
184.1	20.301	1700.8298	5.0237	6
184.15	20.3009	1700.2056	5.0175	6
184.2	20.301	1698.536	5.0354	6
184.25	20.3012	1697.842	5.0331	6
184.3	20.301	1698.4374	5.0466	6
184.35	20.3012	1698.3051	5.0385	6
184.4	20.3019	1697.5749	5.0213	6
184.45	20.3017	1697.9845	5.0278	6
184.5	20.3015	1697.6725	5.032	6
184.55	20.3016	1695.7772	5.0424	6
184.6	20.3016	1695.2521	5.0581	6
184.65	20.3011	1696.3254	5.0544	6
184.7	20.3015	1696.0453	5.0606	6
184.75	20.3024	1694.9999	5.057	6
184.8	20.3018	1696.0815	5.0621	6
184.85	20.3015	1695.8745	5.0534	6
184.9	20.3022	1693.5378	5.0283	6
184.95	20.3019	1693.7481	5.0308	6
185	20.3011	1695.0097	5.0349	6
185.05	20.3018	1694.3758	5.051	6
185.1	20.3022	1693.9682	5.0705	6
185.15	20.3015	1695.2914	5.049	6
185.2	20.3016	1694.2176	5.0366	6
185.25	20.3019	1692.2833	5.0588	6
185.3	20.3014	1692.8366	5.0599	6
185.35	20.3013	1693.1439	5.0545	6
185.4	20.3019	1692.329	5.0547	6
185.45	20.3015	1693.0919	5.0593	6
185.5	20.3011	1693.786	5.0493	6
185.55	20.3013	1692.5518	5.0491	6
185.6	20.3007	1691.8459	5.0551	6
185.65	20.3004	1692.3019	5.0477	6
185.7	20.3004	1692.5586	5.0572	6
185.75	20.3005	1692.6196	5.0498	6
185.8	20.3003	1693.0179	5.0429	6
185.85	20.3003	1693.3244	5.0573	6
185.9	20.3003	1692.9524	5.0708	6
185.95	20.2999	1691.9667	5.0873	6
186	20.2995	1691.4874	5.072	6
186.05	20.2995	1691.5562	5.0573	6
186.1	20.2999	1691.353	5.0569	6
186.15	20.2997	1691.8508	5.0607	6
186.2	20.2995	1692.3267	5.0722	6
186.25	20.3	1691.9475	5.0695	6
186.3	20.2997	1691.9024	5.0615	6
186.35	20.2988	1691.5622	5.0662	6
186.4	20.2987	1691.0137	5.0695	6
186.45	20.2989	1690.9217	5.0739	6
186.5	20.2986	1691.5383	5.0769	6
186.55	20.2988	1691.633	5.0522	6
186.6	20.2991	1691.2808	5.0451	6
186.65	20.2992	1691.3908	5.0389	6
186.7	20.299	1691.4528	5.0266	6
186.75	20.2988	1690.2994	5.0287	6
186.8	20.2985	1689.64	5.0413	6
186.85	20.2983	1690.143	5.0438	6
186.9	20.2984	1690.2554	5.0329	6
186.95	20.2984	1690.3445	5.0351	6
187	20.2981	1691.1709	5.0523	6
187.05	20.2984	1691.0596	5.0734	6
187.1	20.2986	1690.9476	5.0656	6
187.15	20.2981	1691.154	5.0531	6
187.2	20.2977	1690.0374	5.036	6
187.25	20.2977	1689.3286	5.0362	6
187.3	20.2978	1689.4816	5.0411	6
187.35	20.2979	1689.4775	5.0337	6
187.4	20.298	1689.5612	5.0476	6
187.45	20.2982	1689.2625	5.0643	6
187.5	20.2981	1689.7867	5.0771	6
187.55	20.2978	1690.3542	5.0867	6
187.6	20.2982	1689.4003	5.0796	6
187.65	20.2975	1688.6158	5.0653	6
187.7	20.297	1688.597	5.0578	6
187.75	20.2972	1688.2272	5.0659	6
187.8	20.2977	1687.8656	5.071	6
187.85	20.2978	1688.2037	5.0614	6
187.9	20.2982	1687.9166	5.0363	6
187.95	20.2986	1687.4825	5.0275	6
188	20.2989	1687.5694	5.0499	6
188.05	20.2987	1687.4051	5.075	6
188.1	20.2983	1686.43	5.0678	6
188.15	20.2987	1685.3547	5.0524	6
188.2	20.2983	1686.0553	5.0479	6
188.25	20.2981	1686.466	5.0629	6
188.3	20.2989	1685.4686	5.0807	6
188.35	20.2992	1685.426	5.0822	6
188.4	20.2988	1686.2819	5.0718	6
188.45	20.2996	1685.3515	5.0598	6
188.5	20.2996	1683.8654	5.0659	6
188.55	20.2986	1684.1738	5.0648	6
188.6	20.2987	1684.0796	5.0507	6
188.65	20.2995	1683.0156	5.0518	6
188.7	20.2985	1684.5641	5.0502	6
188.75	20.2989	1684.3997	5.0531	6
188.8	20.2996	1683.7239	5.0507	6
188.85	20.2992	1684.292	5.0542	6
188.9	20.2988	1684.0908	5.0593	6
188.95	20.2988	1682.402	5.0512	6
189	20.299	1682.1388	5.0662	6
189.05	20.298	1683.5626	5.069	6
189.1	20.2986	1682.8368	5.0572	6
189.15	20.2985	1683.1306	5.05	6
189.2	20.2981	1684.0226	5.0492	6
189.25	20.298	1684.1762	5.0579	6
189.3	20.2983	1683.8681	5.057	6
189.35	20.2978	1682.8846	5.0509	6
189.4	20.2973	1682.6417	5.0631	6
189.45	20.2976	1682.3472	5.0647	6
189.5	20.2978	1682.2026	5.0504	6
189.55	20.2975	1682.838	5.0493	6
189.6	20.2974	1683.1317	5.0558	6
189.65	20.2977	1682.9268	5.0683	6
189.7	20.2977	1683.1403	5.08	6
189.75	20.2974	1683.7098	5.0625	6
189.8	20.2971	1682.7378	5.0425	6
189.85	20.2968	1681.8044	5.0524	6
189.9	20.296	1682.8949	5.0511	6
189.95	20.2958	1683.2614	5.0394	6
190	20.2959	1683.4301	5.0347	6
190.05	20.2955	1684.3614	5.0415	6
190.1	20.2952	1684.9046	5.0376	6
190.15	20.2956	1684.6139	5.0359	6
190.2	20.2957	1684.6878	5.0361	6
190.25	20.295	1685.7461	5.0357	6
190.3	20.2953	1685.3174	5.0196	6
190.35	20.2953	1684.0921	5.0046	6
190.4	20.2942	1684.3965	5.0127	6
190.45	20.2942	1684.5355	5.0358	6
190.5	20.2945	1684.3879	5.0468	6
190.55	20.2941	1685.1319	5.0475	6
190.6	20.2937	1685.8969	5.0273	6
190.65	20.2938	1685.9641	5.0266	6
190.7	20.2936	1686.3677	5.0421	6
190.75	20.2929	1687.4871	5.0549	6
190.8	20.2929	1687.5208	5.0505	6
190.85	20.2926	1688.1882	5.0248	6
190.9	20.2925	1688.5502	5.0261	6
190.95	20.2925	1688.7476	5.0333	6
191	20.2927	1688.5828	5.0341	6
191.05	20.2925	1687.4652	5.0335	6
191.1	20.2919	1687.1492	5.0274	6
191.15	20.2917	1687.3821	5.0438	6
191.2	20.2921	1686.9226	5.0549	6
191.25	20.2918	1687.6033	5.0577	6
191.3	20.2914	1688.1937	5.061	6
191.35	20.2923	1687.2034	5.0751	6
191.4	20.292	1687.8482	5.0752	6
191.45	20.2916	1688.5502	5.0662	6
191.5	20.2923	1687.6722	5.0601	6
191.55	20.2922	1688.091	5.0687	6
191.6	20.2918	1688.8697	5.062	6
191.65	20.2919	1688.719	5.046	6
191.7	20.2922	1688.4153	5.0522	6
191.75	20.2921	1688.6711	5.0545	6
191.8	20.2923	1688.6611	5.0414	6
191.85	20.2925	1688.1368	5.037	6
191.9	20.2919	1687.3964	5.025	6
191.95	20.2916	1686.9101	5.0443	6
192	20.2921	1686.5013	5.0592	6
192.05	20.2916	1687.3193	5.0478	6
192.1	20.2913	1687.6903	5.0449	6
192.15	20.2919	1687.1606	5.0481	6
192.2	20.2916	1687.7478	5.0486	6
192.25	20.2913	1688.3299	5.0378	6
192.3	20.2918	1687.8578	5.0348	6
192.35	20.2917	1688.0272	5.0373	6
192.4	20.2915	1688.4203	5.0326	6
192.45	20.2917	1688.4874	5.0539	6
192.5	20.2917	1688.5424	5.055	6
192.55	20.2916	1688.9565	5.048	6
192.6	20.2914	1689.3485	5.0662	6
192.65	20.2917	1689.2584	5.0683	6
192.7	20.2912	1689.9491	5.0507	6
192.75	20.2911	1690.1877	5.0409	6
192.8	20.2909	1689.2361	5.0255	6
192.85	20.2905	1688.7373	5.0261	6
192.9	20.29	1689.2667	5.0231	6
192.95	20.2902	1688.9919	5.0216	6
193	20.2901	1689.2989	5.0283	6
193.05	20.2896	1690.0803	5.0318	6
193.1	20.2894	1690.4072	5.0448	6
193.15	20.2894	1690.4745	5.0484	6
193.2	20.2893	1690.815	5.041	6
193.25	20.2892	1691.2578	5.0493	6
193.3	20.2895	1691.088	5.0492	6
193.35	20.2899	1690.7424	5.0323	6
193.4	20.2896	1691.3157	5.0134	6
193.45	20.2898	1691.1697	5.0096	6
193.5	20.2902	1690.8764	5.0297	6
193.55	20.29	1691.269	5.038	6
193.6	20.29	1691.3894	5.0249	6
193.65	20.2903	1691.2264	5.0258	6
193.7	20.2903	1691.4458	5.0244	6
193.75	20.2903	1691.7206	5.0296	6
193.8	20.2902	1691.6171	5.0327	6
193.85	20.2904	1691.3717	5.0412	6
193.9	20.2906	1691.5698	5.0512	6
193.95	20.2906	1691.708	5.0494	6
194	20.2906	1690.7983	5.0474	6
194.05	20.2902	1689.9961	5.0367	6
194.1	20.29	1690.0229	5.0312	6
194.15	20.29	1690.0239	5.0443	6
194.2	20.2899	1690.4894	5.0517	6
194.25	20.2899	1690.7704	5.0606	6
194.3	20.2899	1690.7661	5.0539	6
194.35	20.2898	1690.911	5.0427	6
194.4	20.2902	1690.6492	5.0362	6
194.45	20.2909	1689.9648	5.0347	6
194.5	20.2907	1690.3979	5.0504	6
194.55	20.2912	1690.0606	5.0639	6
194.6	20.2916	1689.54	5.0661	6
194.65	20.2915	1689.8544	5.0627	6
194.7	20.2914	1690.1384	5.0545	6
194.75	20.2918	1689.7189	5.0641	6
194.8	20.292	1689.5571	5.061	6
194.85	20.2918	1690.1932	5.0552	6
194.9	20.2922	1689.6365	5.0594	6
194.95	20.2926	1689.2809	5.053	6
195	20.2919	1689.5738	5.0425	6
195.05	20.2918	1688.0638	5.0447	6
195.1	20.2918	1687.5645	5.0556	6
195.15	20.2915	1688.3628	5.0617	6
195.2	20.2918	1688.2444	5.0649	6
195.25	20.2928	1687.0328	5.0746	6
195.3	20.2929	1687.1729	5.0706	6
195.35	20.2932	1687.1092	5.0703	6
195.4	20.2943	1685.7598	5.0727	6
195.45	20.2947	1685.4991	5.0376	6
195.5	20.2947	1685.6804	5.0502	6
195.55	20.2959	1684.2443	5.0634	6
195.6	20.2968	1683.2355	5.0646	6
195.65	20.2968	1683.3539	5.0767	6
195.7	20.2974	1680.9331	5.0767	6
195.75	20.2983	1678.6107	5.0765	6
195.8	20.2982	1678.8099	5.0694	6
195.85	20.2985	1678.4777	5.0572	6
195.9	20.3001	1676.674	5.0664	6
195.95	20.3003	1676.6052	5.0665	6
196	20.3001	1677.1132	5.0844	6
196.05	20.3012	1675.3584	5.0853	6
196.1	20.3016	1673.4412	5.0798	6
196.15	20.3005	1673.8285	5.0776	6
196.2	20.3013	1672.976	5.0707	6
196.25	20.3021	1672.0804	5.0659	6
196.3	20.3015	1673.023	5.0755	6
196.35	20.3015	1673.2374	5.075	6
196.4	20.3022	1672.0831	5.0625	6
196.45	20.3016	1671.3996	5.0594	6
196.5	20.3012	1670.9893	5.061	6
196.55	20.3016	1670.3213	5.07	6
196.6	20.3022	1669.8089	5.0736	6
196.65	20.302	1670.0913	5.0691	6
196.7	20.3022	1670.0249	5.0728	6
196.75	20.3026	1669.1303	5.0776	6
196.8	20.3024	1667.7601	5.0801	6
196.85	20.3017	1667.8375	5.0501	6
196.9	20.3021	1667.4694	5.0378	6
196.95	20.3025	1667.0051	5.042	6
197	20.3024	1667.3419	5.0406	6
197.05	20.3022	1667.8119	5.0556	6
197.1	20.3025	1666.5736	5.0669	6
197.15	20.3021	1665.307	5.0647	6
197.2	20.3014	1665.6842	5.0515	6
197.25	20.3016	1665.4505	5.042	6
197.3	20.3021	1665.062	5.0467	6
197.35	20.3019	1665.6158	5.0432	6
197.4	20.3019	1665.7854	5.0496	6
197.45	20.3021	1664.6093	5.0654	6
197.5	20.3016	1663.9447	5.0619	6
197.55	20.3012	1664.2648	5.0681	6
197.6	20.3013	1664.198	5.0781	6
197.65	20.3014	1664.0794	5.0831	6
197.7	20.3009	1664.6507	5.0762	6
197.75	20.3006	1665.3586	5.0663	6
197.8	20.301	1664.0622	5.0761	6
197.85	20.3005	1663.3623	5.0755	6
197.9	20.2995	1664.3221	5.0749	6
197.95	20.2998	1664.0198	5.0543	6
198	20.3002	1663.5868	5.0471	6
198.05	20.2998	1664.3191	5.0723	6
198.1	20.2997	1664.8221	5.0709	6
198.15	20.3005	1663.8613	5.0541	6
198.2	20.3	1663.059	5.053	6
198.25	20.2989	1663.4614	5.0562	6
198.3	20.2994	1662.8155	5.0622	6
198.35	20.3	1662.1765	5.0657	6
198.4	20.2991	1663.7039	5.0686	6
198.45	20.2996	1663.0677	5.0689	6
198.5	20.3004	1662.1619	5.059	6
198.55	20.2997	1663.1247	5.0448	6
198.6	20.2993	1662.2879	5.061	6
198.65	20.2996	1660.6206	5.059	6
198.7	20.2992	1661.1635	5.0563	6
198.75	20.2991	1661.5547	5.0538	6
198.8	20.2997	1660.8107	5.0544	6
198.85	20.2999	1660.5824	5.0534	6
198.9	20.2995	1661.2054	5.0619	6
198.95	20.2997	1660.8831	5.0734	6
199	20.2999	1659.4294	5.072	6
199.05	20.2994	1659.1676	5.0725	6
199.1	20.2991	1659.6532	5.0916	6
199.15	20.2998	1658.8047	5.0881	6
199.2	20.2998	1658.8504	5.0797	6
199.25	20.2995	1659.3646	5.072	6
199.3	20.2999	1658.9522	5.0731	6
199.35	20.3001	1658.3938	5.072	6
199.4	20.2991	1658.2127	5.0603	6
199.45	20.2989	1657.4056	5.0845	6
199.5	20.2994	1656.7782	5.0786	6
199.55	20.2989	1657.8448	5.0699	6
199.6	20.2991	1657.8018	5.0763	6
199.65	20.2996	1657.1181	5.088	6
199.7	20.299	1658.1317	5.091	6
199.75	20.2987	1658.4848	5.068	6
199.8	20.2988	1656.875	5.0555	6
199.85	20.298	1656.8092	5.059	6
199.9	20.2977	1657.2418	5.0578	6
199.95	20.2985	1656.3169	5.0473	6
200	20.2979	1657.1445	5.0419	6
200.05	20.2981	1657.108	5.0443	6
200.1	20.2988	1656.3498	5.0525	6
200.15	20.2981	1657.4169	5.0531	6
200.2	20.2978	1657.5208	5.0403	6
200.25	20.298	1655.5862	5.0371	6
200.3	20.2968	1656.1496	5.0376	6
200.35	20.2966	1656.4825	5.045	6
200.4	20.2972	1655.6848	5.0634	6
200.45	20.2964	1656.8549	5.0615	6
200.5	20.2966	1656.9564	5.0548	6
200.55	20.2973	1656.138	5.0577	6
200.6	20.2967	1657.3831	5.046	6
200.65	20.2965	1657.7394	5.043	6
200.7	20.2972	1656.2187	5.0493	6
200.75	20.2958	1656.4984	5.056	6
200.8	20.2953	1656.856	5.0521	6
200.85	20.296	1656.0853	5.0474	6
200.9	20.2955	1657.0466	5.0502	6
200.95	20.2948	1657.9439	5.0495	6
201	20.2955	1657.177	5.0504	6
201.05	20.2949	1658.0122	5.0526	6
201.1	20.2947	1658.3838	5.0511	6
201.15	20.2948	1658.2119	5.0345	6
201.2	20.2947	1658.529	5.0276	6
201.25	20.2946	1658.7126	5.0583	6
201.3	20.2945	1658.0318	5.0646	6
201.35	20.2939	1657.3403	5.0457	6
201.4	20.294	1656.911	5.0435	6
201.45	20.294	1656.974	5.0368	6
201.5	20.2938	1657.4841	5.0424	6
201.55	20.2943	1656.7792	5.0353	6
201.6	20.2947	1656.5612	5.0371	6
201.65	20.294	1657.8122	5.0534	6
201.7	20.2946	1657.089	5.0647	6
201.75	20.2948	1656.9472	5.0689	6
201.8	20.2942	1658.047	5.0696	6
201.85	20.2944	1657.8853	5.0673	6
201.9	20.2947	1657.0478	5.057	6
201.95	20.2934	1657.1605	5.0563	6
202	20.2931	1656.5337	5.0559	6
202.05	20.2937	1655.8499	5.0554	6
202.1	20.293	1656.9522	5.0502	6
202.15	20.2934	1656.7729	5.0451	6
202.2	20.2938	1656.1083	5.0371	6
202.25	20.2934	1656.8974	5.0485	6
202.3	20.2936	1656.7223	5.0478	6
202.35	20.294	1656.2206	5.0427	6
202.4	20.2933	1657.395	5.038	6
202.45	20.2937	1656.9296	5.0349	6
202.5	20.2937	1656.9926	5.033	6
202.55	20.2936	1657.569	5.0437	6
202.6	20.294	1656.2872	5.0566	6
202.65	20.2933	1655.548	5.0577	6
202.7	20.2926	1655.9274	5.0571	6
202.75	20.293	1655.3364	5.0434	6
202.8	20.2931	1655.5433	5.049	6
202.85	20.2923	1656.7252	5.0487	6
202.9	20.2929	1655.8534	5.0628	6
202.95	20.2929	1656.0212	5.0548	6
203	20.292	1657.4393	5.048	6
203.05	20.2925	1656.7499	5.0515	6
203.1	20.2927	1656.3698	5.0394	6
203.15	20.2914	1658.2082	5.0208	6
203.2	20.2917	1657.9488	5.0168	6
203.25	20.292	1657.5002	5.0263	6
203.3	20.2914	1658.7062	5.0387	6
203.35	20.2914	1658.7128	5.0441	6
203.4	20.2919	1657.8884	5.0392	6
203.45	20.2909	1657.8879	5.0399	6
203.5	20.2907	1657.1464	5.033	6
203.55	20.2907	1657.1102	5.0411	6
203.6	20.2902	1657.8867	5.033	6
203.65	20.2906	1657.4396	5.0247	6
203.7	20.2906	1657.4326	5.0406	6
203.75	20.2901	1658.3531	5.0496	6
203.8	20.2907	1657.7086	5.0425	6
203.85	20.2908	1657.7016	5.0574	6
203.9	20.29	1659.162	5.0608	6
203.95	20.2907	1658.3578	5.0688	6
204	20.2909	1658.1505	5.0625	6
204.05	20.29	1659.6102	5.0707	6
204.1	20.2905	1659.0967	5.0665	6
204.15	20.2907	1658.8311	5.0525	6
204.2	20.2899	1660.011	5.0448	6
204.25	20.2898	1660.306	5.0407	6
204.3	20.2902	1659.8984	5.0303	6
204.35	20.2896	1660.709	5.0228	6
204.4	20.2892	1661.4299	5.0152	6
204.45	20.2894	1661.2295	5.0239	6
204.5	20.2897	1661.0175	5.0183	6
204.55	20.2897	1660.938	5.0161	6
204.6	20.2891	1660.2237	5.0363	6
204.65	20.2893	1658.6728	5.0492	6
204.7	20.2893	1658.9294	5.0569	6
204.75	20.2887	1659.6484	5.0656	6
204.8	20.2892	1659.1942	5.0629	6
204.85	20.2895	1658.9621	5.0517	6
204.9	20.2893	1659.5129	5.0671	6
204.95	20.2893	1659.5993	5.08	6
205	20.2903	1658.3393	5.0584	6
205.05	20.2897	1659.2769	5.0501	6
205.1	20.2898	1659.5554	5.0634	6
205.15	20.2902	1658.8265	5.0709	6
205.2	20.2905	1659.0669	5.0735	6
205.25	20.2897	1659.7938	5.06	6
205.3	20.2906	1659.0536	5.0604	6
205.35	20.2909	1658.5864	5.0539	6
205.4	20.2908	1658.9416	5.0624	6
205.45	20.2904	1659.6685	5.0722	6
205.5	20.2918	1657.8198	5.0576	6
205.55	20.2911	1659.0469	5.0597	6
205.6	20.2912	1658.9824	5.073	6
205.65	20.2917	1658.399	5.0852	6
205.7	20.2916	1658.7386	5.1081	6
205.75	20.291	1658.2084	5.1102	6
205.8	20.2908	1656.9842	5.091	6
205.85	20.2908	1656.9317	5.0784	6
205.9	20.2904	1657.5558	5.0749	6
205.95	20.2905	1657.5751	5.0658	6
206	20.2905	1657.5425	5.0626	6
206.05	20.2904	1658.0608	5.0907	6
206.1	20.2906	1657.7148	5.1091	6
206.15	20.291	1657.4311	5.092	6
206.2	20.2906	1658.2082	5.0975	6
206.25	20.2913	1657.2856	5.1008	6
206.3	20.2912	1657.5973	5.0999	6
206.35	20.2909	1658.1385	5.0939	6
206.4	20.2913	1657.6003	5.0811	6
206.45	20.2913	1657.7661	5.0855	6
206.5	20.2908	1658.6443	5.0818	6
206.55	20.2911	1658.3719	5.082	6
206.6	20.2911	1658.6024	5.0896	6
206.65	20.2912	1658.62	5.0818	6
206.7	20.2912	1658.8287	5.0837	6
206.75	20.2916	1657.5315	5.0958	6
206.8	20.2914	1656.0336	5.0797	6
206.85	20.2912	1655.9244	5.0897	6
206.9	20.2916	1655.5941	5.0963	6
206.95	20.292	1655.1451	5.1009	6
207	20.2922	1655.094	5.1048	6
207.05	20.2924	1654.9244	5.0772	6
207.1	20.2928	1654.6681	5.0738	6
207.15	20.2928	1654.6792	5.0737	6
207.2	20.2926	1655.1215	5.0776	6
207.25	20.293	1654.84	5.0861	6
207.3	20.2932	1654.4928	5.0772	6
207.35	20.2927	1655.3293	5.0688	6
207.4	20.2931	1655.0047	5.0741	6
207.45	20.2932	1654.8501	5.0751	6
207.5	20.2928	1655.4745	5.0805	6
207.55	20.2926	1655.0219	5.0777	6
207.6	20.2925	1653.4459	5.074	6
207.65	20.2921	1653.6298	5.061	6
207.7	20.292	1654.0119	5.0578	6
207.75	20.2922	1653.8277	5.0792	6
207.8	20.2923	1653.8815	5.0723	6
207.85	20.2921	1654.3015	5.0644	6
207.9	20.2923	1654.1651	5.0669	6
207.95	20.2926	1653.9989	5.074	6
208	20.2924	1654.2103	5.0773	6
208.05	20.2926	1653.9661	5.0861	6
208.1	20.2925	1654.228	5.0867	6
208.15	20.2927	1654.1292	5.0903	6
208.2	20.2928	1654.0284	5.0688	6
208.25	20.2929	1654.1721	5.0762	6
208.3	20.293	1654.024	5.0858	6
208.35	20.2929	1653.3167	5.0645	6
208.4	20.2926	1652.1781	5.0597	6
208.45	20.2925	1652.0536	5.0626	6
208.5	20.2924	1652.4943	5.0613	6
208.55	20.2928	1652.1266	5.0607	6
208.6	20.2927	1652.2472	5.0811	6
208.65	20.2927	1652.2779	5.0918	6
208.7	20.2929	1652.0972	5.0928	6
208.75	20.2929	1652.3633	5.0976	6
208.8	20.2929	1652.3915	5.1079	6
208.85	20.293	1652.3389	5.1014	6
208.9	20.2929	1652.6071	5.0913	6
208.95	20.2927	1652.9347	5.0867	6
209	20.293	1652.7665	5.0852	6
209.05	20.2927	1653.3182	5.0849	6
209.1	20.2926	1652.9909	5.0764	6
209.15	20.2923	1651.4799	5.0941	6
209.2	20.2916	1651.8943	5.1129	6
209.25	20.2916	1652.0263	5.1003	6
209.3	20.2926	1650.8488	5.0888	6
209.35	20.292	1651.932	5.0747	6
209.4	20.2919	1652.2565	5.0719	6
209.45	20.2928	1650.9421	5.0862	6
209.5	20.2925	1651.5958	5.079	6
209.55	20.2919	1652.5801	5.0708	6
209.6	20.2926	1651.624	5.0708	6
209.65	20.2925	1651.9153	5.0699	6
209.7	20.292	1652.7817	5.0759	6
209.75	20.2924	1652.4732	5.0721	6
209.8	20.2929	1651.8539	5.0708	6
209.85	20.2922	1652.9263	5.0811	6
209.9	20.2923	1652.5635	5.0855	6
209.95	20.2925	1650.6797	5.0861	6
210	20.2919	1650.371	5.0773	6
210.05	20.2919	1650.3668	5.0744	6
210.1	20.2921	1650.1799	5.0832	6
210.15	20.2924	1649.8622	5.0741	6
210.2	20.2923	1650.0528	5.0698	6
210.25	20.2922	1650.5049	5.0743	6
210.3	20.2928	1649.7073	5.0639	6
210.35	20.2928	1649.9565	5.0663	6
210.4	20.2923	1650.5744	5.073	6
210.45	20.2929	1649.9915	5.0731	6
210.5	20.2932	1649.8681	5.077	6
210.55	20.2933	1649.9504	5.0853	6
210.6	20.2931	1650.3689	5.0732	6
210.65	20.2937	1649.4048	5.0534	6
210.7	20.2934	1648.7403	5.064	6
210.75	20.2921	1649.0595	5.0705	6
210.8	20.2926	1648.1407	5.0701	6
210.85	20.2928	1648.0332	5.0694	6
210.9	20.2919	1649.3546	5.0715	6
210.95	20.292	1649.4467	5.0777	6
211	20.2927	1648.492	5.064	6
211.05	20.292	1649.6066	5.0602	6
211.1	20.2918	1650.0471	5.044	6
211.15	20.293	1648.3847	5.0368	6
211.2	20.2928	1648.7888	5.0561	6
211.25	20.2924	1649.5134	5.0584	6
211.3	20.2935	1648.0018	5.0611	6
211.35	20.2939	1647.4264	5.0611	6
211.4	20.2931	1648.7298	5.0596	6
211.45	20.2932	1648.1895	5.065	6
211.5	20.2932	1646.4081	5.0604	6
211.55	20.2919	1647.463	5.0666	6
211.6	20.2918	1647.8162	5.0698	6
211.65	20.2927	1646.4915	5.0553	6
211.7	20.2925	1646.9559	5.0676	6
211.75	20.2923	1647.2191	5.0752	6
211.8	20.2932	1645.969	5.0786	6
211.85	20.2936	1645.7028	5.0881	6
211.9	20.2931	1646.5861	5.0748	6
211.95	20.2937	1646.0654	5.0573	6
212	20.2943	1645.3683	5.0543	6
212.05	20.2938	1646.1201	5.0535	6
212.1	20.294	1646.0106	5.0584	6
212.15	20.2947	1645.0422	5.0771	6
212.2	20.2942	1644.3934	5.0842	6
212.25	20.2939	1643.479	5.082	6
212.3	20.2942	1642.9054	5.0923	6
212.35	20.2946	1642.5648	5.095	6
212.4	20.2945	1642.748	5.082	6
212.45	20.2945	1642.9449	5.0847	6
212.5	20.2949	1642.3786	5.0776	6
212.55	20.2949	1642.5109	5.0645	6
212.6	20.2946	1643.0653	5.0799	6
212.65	20.2951	1642.528	5.0595	6
212.7	20.2951	1642.7402	5.0518	6
212.75	20.2949	1643.333	5.0767	6
212.8	20.295	1641.9886	5.0657	6
212.85	20.2944	1641.0413	5.0673	6
212.9	20.2936	1641.8233	5.0692	6
212.95	20.2941	1641.2729	5.0607	6
213	20.2941	1641.3514	5.0634	6
213.05	20.2936	1642.3158	5.063	6
213.1	20.2935	1642.6584	5.0611	6
213.15	20.2939	1642.0158	5.0669	6
213.2	20.2934	1642.8629	5.0789	6
213.25	20.2929	1643.7513	5.0815	6
213.3	20.2934	1643.064	5.0655	6
213.35	20.2931	1643.4517	5.0686	6
213.4	20.2923	1644.8435	5.0602	6
213.45	20.2924	1644.6959	5.0544	6
213.5	20.2923	1643.5733	5.0557	6
213.55	20.2909	1644.1013	5.0424	6
213.6	20.2907	1644.2778	5.0631	6
213.65	20.2914	1643.3507	5.0637	6
213.7	20.2907	1644.6433	5.0777	6
213.75	20.2903	1645.2253	5.0922	6
213.8	20.291	1644.3835	5.0827	6
213.85	20.2906	1644.996	5.0873	6
213.9	20.2902	1645.7712	5.0839	6
213.95	20.2904	1645.469	5.0538	6
214	20.2904	1645.6505	5.0593	6
214.05	20.2899	1646.264	5.0561	6
214.1	20.2899	1646.4663	5.063	6
214.15	20.2899	1646.6057	5.0528	6
214.2	20.2899	1646.4804	5.0346	6
214.25	20.2896	1647.0394	5.0499	6
214.3	20.2896	1647.3234	5.0585	6
214.35	20.2901	1646.66	5.0595	6
214.4	20.2896	1647.4361	5.0635	6
214.45	20.2894	1648.0015	5.064	6
214.5	20.2896	1647.669	5.0668	6
214.55	20.2894	1647.9578	5.0657	6
214.6	20.289	1648.7772	5.0814	6
214.65	20.2893	1648.5022	5.0895	6
214.7	20.289	1647.3846	5.0624	6
214.75	20.2881	1647.4846	5.059	6
214.8	20.2878	1647.8238	5.059	6
214.85	20.2882	1647.4724	5.0607	6
214.9	20.2875	1648.4793	5.0627	6
214.95	20.2872	1648.8553	5.063	6
215	20.2878	1648.089	5.0738	6
215.05	20.2874	1648.7681	5.0755	6
215.1	20.287	1649.4973	5.0807	6
215.15	20.2877	1648.642	5.0914	6
215.2	20.2876	1649.0803	5.0863	6
215.25	20.2869	1650.1397	5.087	6
215.3	20.2875	1649.5916	5.0798	6
215.35	20.2876	1649.3123	5.0592	6
215.4	20.2867	1650.7055	5.0674	6
215.45	20.287	1650.3946	5.0749	6
215.5	20.2873	1649.9828	5.0719	6
215.55	20.2864	1651.429	5.065	6
215.6	20.2865	1651.4161	5.0625	6
215.65	20.2867	1651.1586	5.0631	6
215.7	20.2865	1651.561	5.0717	6
215.75	20.2863	1652.0222	5.0771	6
215.8	20.2867	1651.702	5.0845	6
215.85	20.2866	1652.025	5.0733	6
215.9	20.2862	1652.6978	5.0779	6
215.95	20.2863	1652.5569	5.0745	6
216	20.2865	1652.4942	5.0773	6
216.05	20.2863	1652.8155	5.0906	6
216.1	20.2862	1652.9342	5.077	6
216.15	20.2866	1652.4734	5.0694	6
216.2	20.2869	1652.2101	5.0891	6
216.25	20.2864	1652.9615	5.0891	6
216.3	20.2868	1652.5402	5.0781	6
216.35	20.287	1652.3054	5.0812	6
216.4	20.2866	1653.1164	5.0842	6
216.45	20.2869	1652.7126	5.0711	6
216.5	20.2872	1652.5383	5.0782	6
216.55	20.287	1652.8468	5.0711	6
216.6	20.2874	1652.4295	5.0574	6
216.65	20.2875	1652.4148	5.0634	6
216.7	20.2874	1652.5887	5.078	6
216.75	20.2876	1652.4467	5.073	6
216.8	20.2878	1652.3314	5.0691	6
216.85	20.2878	1652.4126	5.062	6
216.9	20.288	1652.2994	5.057	6
216.95	20.288	1652.3287	5.0584	6
217	20.2881	1652.2654	5.0683	6
217.05	20.2884	1652.0148	5.0695	6
217.1	20.2885	1652.1642	5.0657	6
217.15	20.2882	1652.7812	5.0711	6
217.2	20.2887	1652.0699	5.0735	6
217.25	20.2886	1652.2972	5.0578	6
217.3	20.2886	1652.6462	5.0651	6
217.35	20.2891	1652.0035	5.0662	6
217.4	20.2894	1651.7	5.0587	6
217.45	20.2891	1651.5431	5.0675	6
217.5	20.2888	1650.2114	5.0748	6
217.55	20.2887	1649.7292	5.0831	6
217.6	20.2887	1649.8177	5.0792	6
217.65	20.2888	1649.8192	5.069	6
217.7	20.2887	1649.7788	5.0816	6
217.75	20.2889	1649.488	5.0569	6
217.8	20.2889	1649.6973	5.0498	6
217.85	20.2887	1650.2007	5.0757	6
217.9	20.289	1649.903	5.0877	6
217.95	20.289	1650.1501	5.1041	6
218	20.289	1650.3431	5.0964	6
218.05	20.2894	1650.0963	5.0749	6
218.1	20.2896	1649.9856	5.0772	6
218.15	20.2892	1650.6654	5.0833	6
218.2	20.2894	1650.461	5.0901	6
218.25	20.2896	1650.3421	5.0875	6
218.3	20.2891	1650.9201	5.0873	6
218.35	20.2895	1650.5598	5.0907	6
218.4	20.2897	1650.3637	5.0646	6
218.45	20.2896	1650.4924	5.0546	6
218.5	20.2899	1650.1173	5.0663	6
218.55	20.2904	1649.6531	5.0777	6
218.6	20.2904	1649.7925	5.0886	6
218.65	20.2907	1649.5599	5.0855	6
218.7	20.2913	1648.8667	5.0664	6
218.75	20.2914	1648.9221	5.0726	6
218.8	20.2914	1648.3234	5.0701	6
218.85	20.2917	1646.0314	5.0565	6
218.9	20.2915	1645.5213	5.0499	6
218.95	20.2916	1645.4757	5.0491	6
219	20.2923	1644.4839	5.0615	6
219.05	20.2924	1644.4386	5.0657	6
219.1	20.2923	1644.775	5.0653	6
219.15	20.2931	1643.7717	5.0737	6
219.2	20.2935	1643.5125	5.0707	6
219.25	20.2934	1643.9215	5.0694	6
219.3	20.2941	1643.0757	5.0711	6
219.35	20.2945	1642.5917	5.0511	6
219.4	20.2941	1643.1398	5.0553	6
219.45	20.2944	1642.9399	5.0738	6
219.5	20.2947	1642.3671	5.0613	6
219.55	20.2942	1641.7167	5.0602	6
219.6	20.2939	1640.8884	5.072	6
219.65	20.2942	1640.323	5.0653	6
219.7	20.2941	1640.6543	5.0442	6
219.75	20.294	1640.7962	5.0403	6
219.8	20.2944	1640.2798	5.0385	6
219.85	20.2942	1640.7408	5.0489	6
219.9	20.2942	1640.7727	5.0454	6
219.95	20.2948	1640.1073	5.0506	6
220	20.2947	1640.3927	5.052	6
220.05	20.2948	1640.4776	5.0495	6
220.1	20.2952	1639.8742	5.0581	6
220.15	20.2951	1639.1806	5.0594	6
220.2	20.2944	1638.6545	5.0671	6
220.25	20.2947	1637.6802	5.0613	6
220.3	20.2949	1637.5185	5.0511	6
220.35	20.2946	1637.9154	5.0635	6
220.4	20.2949	1637.6107	5.0681	6
220.45	20.2949	1637.675	5.0599	6
220.5	20.2949	1637.6238	5.0625	6
220.55	20.2949	1637.9149	5.0612	6
220.6	20.2949	1638.0291	5.0575	6
220.65	20.2948	1638.1757	5.058	6
220.7	20.2947	1638.341	5.0626	6
220.75	20.2947	1637.8062	5.0802	6
220.8	20.2943	1636.7268	5.0717	6
220.85	20.2942	1636.3983	5.0776	6
220.9	20.2941	1636.5474	5.0922	6
220.95	20.2942	1636.7685	5.0888	6
221	20.2938	1637.2962	5.089	6
221.05	20.294	1637.1654	5.0733	6
221.1	20.2941	1637.0321	5.0783	6
221.15	20.2939	1637.3787	5.0849	6
221.2	20.2938	1637.687	5.072	6
221.25	20.2944	1636.8954	5.0618	6
221.3	20.294	1637.5236	5.0587	6
221.35	20.2939	1637.9649	5.0653	6
221.4	20.2937	1637.2419	5.0768	6
221.45	20.2931	1636.269	5.0664	6
221.5	20.2923	1636.5437	5.064	6
221.55	20.2927	1636.5299	5.0674	6
221.6	20.2925	1636.9575	5.0664	6
221.65	20.2925	1636.9736	5.0831	6
221.7	20.2919	1637.707	5.0839	6
221.75	20.2922	1637.2778	5.0671	6
221.8	20.292	1637.8859	5.0676	6
221.85	20.2921	1638.028	5.0809	6
221.9	20.2922	1637.8624	5.0858	6
221.95	20.292	1638.3469	5.0852	6
222	20.2918	1638.4204	5.0849	6
222.05	20.2921	1638.0715	5.0916	6
222.1	20.2919	1638.5603	5.0953	6
222.15	20.2921	1638.4397	5.0938	6
222.2	20.2923	1638.1783	5.1043	6
222.25	20.292	1637.1396	5.0895	6
222.3	20.2916	1636.6429	5.0709	6
222.35	20.2914	1636.8044	5.0705	6
222.4	20.2914	1636.9193	5.0896	6
222.45	20.2908	1637.7866	5.0841	6
222.5	20.291	1637.5446	5.079	6
222.55	20.2907	1637.9602	5.0751	6
222.6	20.2906	1638.259	5.0681	6
222.65	20.2909	1637.9185	5.0532	6
222.7	20.2911	1638.0401	5.061	6
222.75	20.2911	1638.2001	5.0701	6
222.8	20.2914	1637.7784	5.0671	6
222.85	20.2913	1637.8593	5.0831	6
222.9	20.2916	1637.7834	5.0815	6
222.95	20.2917	1637.6157	5.0746	6
223	20.2922	1637.1249	5.0654	6
223.05	20.2924	1637.1108	5.0585	6
223.1	20.2926	1636.8525	5.0652	6
223.15	20.2928	1635.668	5.0855	6
223.2	20.2923	1634.7518	5.084	6
223.25	20.2921	1634.7447	5.0793	6
223.3	20.2926	1634.1393	5.0929	6
223.35	20.2924	1634.4853	5.0924	6
223.4	20.2922	1634.7714	5.0809	6
223.45	20.2928	1634.1662	5.0767	6
223.5	20.2927	1634.4159	5.0676	6
223.55	20.2924	1634.7723	5.0814	6
223.6	20.2927	1634.5892	5.0877	6
223.65	20.2929	1634.3759	5.0829	6
223.7	20.2926	1634.9647	5.0846	6
223.75	20.2927	1635.0811	5.0684	6
223.8	20.2929	1634.7221	5.0707	6
223.85	20.2923	1635.5069	5.0594	6
223.9	20.2922	1635.8205	5.0523	6
223.95	20.292	1634.873	5.0499	6
224	20.2911	1634.4624	5.0629	6
224.05	20.2908	1634.7605	5.0643	6
224.1	20.291	1634.7185	5.0589	6
224.15	20.291	1634.7254	5.0697	6
224.2	20.291	1634.8541	5.0801	6
224.25	20.2911	1634.7629	5.0704	6
224.3	20.2914	1634.4615	5.0509	6
224.35	20.2913	1634.7939	5.064	6
224.4	20.2915	1634.7322	5.0794	6
224.45	20.2916	1634.4491	5.09	6
224.5	20.2916	1634.5988	5.0841	6
224.55	20.2918	1634.3811	5.0853	6
224.6	20.2921	1634.1567	5.0835	6
224.65	20.2918	1634.5978	5.0851	6
224.7	20.2918	1634.6813	5.0784	6
224.75	20.2918	1634.849	5.0754	6
224.8	20.292	1634.9726	5.0825	6
224.85	20.2918	1634.8165	5.097	6
224.9	20.2914	1633.6435	5.0907	6
224.95	20.291	1633.4637	5.1115	6
225	20.2908	1633.7324	5.1074	6
225.05	20.2906	1633.9689	5.0952	6
225.1	20.2907	1633.8533	5.0881	6
225.15	20.2906	1634.1233	5.0935	6
225.2	20.2907	1634.3632	5.098	6
225.25	20.291	1634.0533	5.0792	6
225.3	20.2907	1634.6019	5.0793	6
225.35	20.2907	1634.7504	5.089	6
225.4	20.291	1634.3573	5.0751	6
225.45	20.2909	1634.5211	5.0829	6
225.5	20.2909	1634.6517	5.0986	6
225.55	20.291	1634.7896	5.091	6
225.6	20.291	1634.7419	5.1021	6
225.65	20.2908	1635.0477	5.1022	6
225.7	20.2908	1635.0918	5.1056	6
225.75	20.2913	1634.4694	5.1059	6
225.8	20.2915	1634.178	5.1097	6
225.85	20.2915	1633.7521	5.1126	6
225.9	20.2912	1632.5839	5.0879	6
225.95	20.2914	1631.7084	5.0804	6
226	20.2915	1631.7853	5.091	6
226.05	20.2916	1631.7475	5.0972	6
226.1	20.2918	1631.3951	5.0969	6
226.15	20.2918	1631.4891	5.0852	6
226.2	20.2916	1631.759	5.0883	6
226.25	20.2921	1631.271	5.0763	6
226.3	20.2922	1631.2657	5.0584	6
226.35	20.2921	1631.507	5.0577	6
226.4	20.2922	1631.4121	5.0597	6
226.45	20.2924	1631.4337	5.085	6
226.5	20.2927	1631.2391	5.0852	6
226.55	20.2928	1631.2501	5.0718	6
226.6	20.2929	1631.2825	5.0795	6
226.65	20.2934	1630.4383	5.0742	6
226.7	20.2933	1629.6647	5.0718	6
226.75	20.2929	1628.6133	5.079	6
226.8	20.2934	1627.8185	5.0726	6
226.85	20.2935	1627.6593	5.073	6
226.9	20.2933	1628.0663	5.0794	6
226.95	20.2934	1628.0093	5.0881	6
227	20.2938	1627.4101	5.0797	6
227.05	20.2936	1627.7212	5.0695	6
227.1	20.2933	1628.2449	5.0768	6
227.15	20.2939	1627.4605	5.0513	6
227.2	20.2941	1627.54	5.0469	6
227.25	20.2936	1628.2245	5.0643	6
227.3	20.2938	1627.9972	5.0531	6
227.35	20.2942	1627.455	5.0488	6
227.4	20.2936	1627.0431	5.0609	6
227.45	20.2931	1626.1626	5.0507	6
227.5	20.2937	1625.2899	5.0547	6
227.55	20.2936	1625.5693	5.0523	6
227.6	20.2933	1626.245	5.0544	6
227.65	20.2937	1625.6997	5.0547	6
227.7	20.2939	1625.5558	5.0373	6
227.75	20.2934	1626.2948	5.0518	6
227.8	20.2933	1626.4457	5.0585	6
227.85	20.2935	1626.0368	5.0449	6
227.9	20.2932	1626.5539	5.0564	6
227.95	20.2927	1627.4955	5.0489	6
228	20.2934	1626.6835	5.0305	6
228.05	20.2939	1625.7898	5.036	6
228.1	20.2932	1625.2861	5.0437	6
228.15	20.294	1622.729	5.0485	6
228.2	20.2947	1621.7015	5.0423	6
228.25	20.2943	1622.5087	5.0458	6
228.3	20.2947	1621.9745	5.0457	6
228.35	20.2949	1621.6748	5.0397	6
228.4	20.2943	1622.5617	5.0367	6
228.45	20.2941	1622.8549	5.029	6
228.5	20.2942	1622.7267	5.0367	6
228.55	20.2943	1622.7467	5.0477	6
228.6	20.2939	1623.3547	5.0408	6
228.65	20.294	1623.3691	5.0501	6
228.7	20.2941	1622.792	5.059	6
228.75	20.2935	1622.1899	5.0537	6
228.8	20.2928	1622.4934	5.0631	6
228.85	20.293	1622.1951	5.0605	6
228.9	20.2929	1622.3444	5.0609	6
228.95	20.2923	1623.3233	5.0644	6
229	20.2923	1623.4295	5.061	6
229.05	20.2925	1622.9886	5.0704	6
229.1	20.2919	1624.0352	5.0715	6
229.15	20.2919	1624.2679	5.0632	6
229.2	20.2923	1623.7365	5.0565	6
229.25	20.2921	1624.1059	5.0553	6
229.3	20.2919	1624.6784	5.0536	6
229.35	20.2923	1624.0432	5.0493	6
229.4	20.2927	1623.5671	5.0578	6
229.45	20.2921	1624.383	5.0598	6
229.5	20.2925	1623.4572	5.0582	6
229.55	20.2928	1621.4985	5.0517	6
229.6	20.292	1621.6508	5.0402	6
229.65	20.2918	1621.9481	5.0544	6
229.7	20.2927	1620.9529	5.0647	6
229.75	20.2924	1621.4093	5.0566	6
229.8	20.292	1622.1235	5.0641	6
229.85	20.2925	1621.5185	5.0599	6
229.9	20.2924	1621.7328	5.0554	6
229.95	20.2918	1622.5008	5.0537	6
230	20.2918	1622.7093	5.0531	6
230.05	20.2917	1622.8696	5.0478	6
230.1	20.2915	1623.0013	5.0358	6
230.15	20.2912	1623.5762	5.0421	6
230.2	20.2914	1623.3565	5.0411	6
230.25	20.2917	1623.1777	5.0555	6
230.3	20.2915	1623.4996	5.0642	6
230.35	20.2915	1623.1916	5.0511	6
230.4	20.2913	1621.917	5.0304	6
230.45	20.2909	1621.4447	5.0522	6
230.5	20.2907	1621.7873	5.0482	6
230.55	20.2908	1621.6878	5.0386	6
230.6	20.2908	1621.7681	5.0502	6
230.65	20.2907	1622.0732	5.0565	6
230.7	20.2905	1622.3227	5.063	6
230.75	20.2907	1622.0376	5.0576	6
230.8	20.2907	1622.2859	5.0378	6
230.85	20.2906	1622.7042	5.0374	6
230.9	20.2909	1622.4375	5.0541	6
230.95	20.291	1622.1794	5.0595	6
231	20.2907	1622.4661	5.0425	6
231.05	20.2907	1622.4139	5.0372	6
231.1	20.2911	1621.9723	5.0435	6
231.15	20.2909	1622.4831	5.0369	6
231.2	20.2909	1622.6125	5.0427	6
231.25	20.291	1622.5014	5.0298	6
231.3	20.2909	1622.7099	5.0294	6
231.35	20.2908	1622.9471	5.0373	6
231.4	20.291	1622.0482	5.0563	6
231.45	20.2907	1620.7048	5.0747	6
231.5	20.2904	1620.4831	5.0753	6
231.55	20.2906	1620.2553	5.0589	6
231.6	20.2907	1619.9375	5.0428	6
231.65	20.2902	1620.6565	5.0356	6
231.7	20.2908	1619.9936	5.0406	6
231.75	20.2909	1619.8283	5.0585	6
231.8	20.2906	1620.4078	5.0512	6
231.85	20.2909	1620.2447	5.0496	6
231.9	20.2913	1619.9045	5.047	6
231.95	20.2908	1620.4871	5.0561	6
232	20.2906	1620.7749	5.0494	6
232.05	20.2909	1620.2482	5.0418	6
232.1	20.2911	1620.066	5.044	6
232.15	20.2912	1620.2728	5.0517	6
232.2	20.2917	1619.7091	5.0638	6
232.25	20.2921	1619.291	5.0631	6
232.3	20.2918	1619.5945	5.0432	6
232.35	20.2918	1619.5175	5.0361	6
232.4	20.2922	1617.9836	5.0285	6
232.45	20.2916	1617.21	5.0389	6
232.5	20.2917	1616.9492	5.0468	6
232.55	20.292	1616.5969	5.0316	6
232.6	20.2918	1616.8378	5.0412	6
232.65	20.2916	1616.9071	5.0374	6
232.7	20.292	1616.7486	5.0516	6
232.75	20.2918	1616.9541	5.0572	6
232.8	20.292	1616.9217	5.0431	6
232.85	20.2922	1616.6002	5.0486	6
232.9	20.2923	1616.6823	5.0339	6
232.95	20.2921	1616.8557	5.0295	6
233	20.2924	1616.6387	5.0306	6
233.05	20.2925	1616.7305	5.0378	6
233.1	20.2922	1617.1213	5.0536	6
233.15	20.2921	1617.5753	5.0408	6
233.2	20.2928	1616.6153	5.036	6
233.25	20.2919	1616.3428	5.0332	6
233.3	20.2913	1615.7846	5.0335	6
233.35	20.2917	1614.8582	5.033	6
233.4	20.2913	1615.5825	5.0121	6
233.45	20.291	1616.2158	5.0147	6
233.5	20.2912	1615.8108	5.0427	6
233.55	20.2908	1616.5057	5.0559	6
233.6	20.2905	1617.0482	5.0484	6
233.65	20.2907	1616.903	5.0517	6
233.7	20.2906	1617.1918	5.041	6
233.75	20.2905	1617.5521	5.0475	6
233.8	20.2903	1617.8245	5.0355	6
233.85	20.2903	1617.7991	5.0464	6
233.9	20.2896	1618.7741	5.0464	6
233.95	20.2898	1618.5223	5.0424	6
234	20.2898	1618.4194	5.0388	6
234.05	20.2897	1618.869	5.04	6
234.1	20.29	1618.8262	5.0676	6
234.15	20.2903	1618.6994	5.0835	6
234.2	20.2898	1619.2463	5.0746	6
234.25	20.2899	1619.0646	5.0663	6
234.3	20.2896	1619.5594	5.0727	6
234.35	20.2897	1618.718	5.0546	6
234.4	20.2891	1617.6621	5.0517	6
234.45	20.2889	1617.8186	5.0531	6
234.5	20.2889	1617.8383	5.0512	6
234.55	20.2892	1617.5448	5.0459	6
234.6	20.2887	1618.1635	5.0475	6
234.65	20.2887	1618.1514	5.0547	6
234.7	20.2889	1618.0832	5.0405	6
234.75	20.2888	1618.3161	5.0385	6
234.8	20.288	1619.3725	5.0632	6
234.85	20.2884	1618.9506	5.0696	6
234.9	20.2884	1619.0268	5.0726	6
234.95	20.2877	1620.2625	5.0614	6
235	20.2878	1620.0146	5.0469	6
235.05	20.288	1619.8368	5.0528	6
235.1	20.2873	1620.7343	5.0441	6
235.15	20.2875	1620.5721	5.0404	6
235.2	20.2881	1620.02	5.0465	6
235.25	20.2878	1620.505	5.0556	6
235.3	20.2876	1620.9224	5.0481	6
235.35	20.2882	1620.1023	5.0414	6
235.4	20.2883	1620.303	5.0538	6
235.45	20.2879	1620.976	5.0596	6
235.5	20.2884	1620.0432	5.0648	6
235.55	20.2885	1620.0051	5.0562	6
235.6	20.2882	1620.6841	5.0504	6
235.65	20.2885	1620.1374	5.05	6
235.7	20.2886	1620.2509	5.0592	6
235.75	20.2882	1620.8944	5.054	6
235.8	20.2883	1620.9417	5.0525	6
235.85	20.2886	1620.6227	5.0466	6
235.9	20.2883	1621.1276	5.0665	6
235.95	20.2882	1621.4337	5.0642	6
236	20.2887	1620.6862	5.0389	6
236.05	20.2884	1621.0013	5.0517	6
236.1	20.2883	1621.4927	5.0573	6
236.15	20.2891	1620.6354	5.0697	6
236.2	20.2891	1620.4254	5.0787	6
236.25	20.2884	1619.8175	5.0861	6
236.3	20.2887	1618.0296	5.088	6
236.35	20.2889	1617.8426	5.0768	6
236.4	20.2887	1618.2656	5.0759	6
236.45	20.2891	1617.7333	5.0852	6
236.5	20.2892	1617.6008	5.0816	6
236.55	20.2888	1618.2303	5.0865	6
236.6	20.2887	1618.3947	5.0829	6
236.65	20.289	1617.9282	5.0812	6
236.7	20.2889	1618.2669	5.0709	6
236.75	20.2889	1618.4497	5.0776	6
236.8	20.2894	1617.8375	5.0866	6
236.85	20.2894	1617.9339	5.0818	6
236.9	20.2895	1618.1978	5.0646	6
236.95	20.2895	1618.2293	5.0519	6
237	20.2897	1618.1293	5.0629	6
237.05	20.2893	1618.5935	5.0722	6
237.1	20.2893	1618.5772	5.0632	6
237.15	20.2896	1618.331	5.0659	6
237.2	20.2894	1618.6269	5.0577	6
237.25	20.2893	1618.7488	5.046	6
237.3	20.2898	1618.2349	5.0391	6
237.35	20.2896	1618.5935	5.033	6
237.4	20.2893	1619.2134	5.0415	6
237.45	20.2898	1618.6388	5.0651	6
237.5	20.2897	1618.776	5.0616	6
237.55	20.289	1619.8343	5.0748	6
237.6	20.2897	1619.0759	5.0817	6
237.65	20.2897	1619.0758	5.0742	6
237.7	20.2887	1619.1149	5.0678	6
237.75	20.2882	1618.2665	5.0584	6
237.8	20.2885	1617.7238	5.0648	6
237.85	20.288	1618.6741	5.0626	6
237.9	20.288	1618.6879	5.0606	6
237.95	20.2885	1617.9968	5.0669	6
238	20.2884	1618.4809	5.0587	6
238.05	20.2883	1618.7346	5.0538	6
238.1	20.2887	1618.0663	5.0581	6
238.15	20.2884	1618.5921	5.0463	6
238.2	20.2883	1618.8558	5.06	6
238.25	20.2887	1618.2932	5.0491	6
238.3	20.2886	1618.617	5.0493	6
238.35	20.2885	1618.8318	5.0569	6
238.4	20.2889	1618.4703	5.0597	6
238.45	20.2889	1618.4407	5.0728	6
238.5	20.2887	1618.7838	5.0757	6
238.55	20.2886	1618.8808	5.0777	6
238.6	20.2886	1618.9825	5.0838	6
238.65	20.2885	1619.2027	5.0839	6
238.7	20.2885	1619.3508	5.0822	6
238.75	20.2882	1619.8616	5.0614	6
238.8	20.2884	1619.6268	5.0611	6
238.85	20.2883	1619.968	5.0714	6
238.9	20.2882	1620.2634	5.0794	6
238.95	20.2883	1620.1156	5.084	6
239	20.2884	1620.0426	5.0724	6
239.05	20.2882	1620.2165	5.0691	6
239.1	20.2882	1620.3099	5.0734	6
239.15	20.2881	1620.3366	5.0668	6
239.2	20.2883	1620.1499	5.0706	6
239.25	20.2886	1620.0773	5.0733	6
239.3	20.2885	1620.2119	5.0697	6
239.35	20.2886	1620.1373	5.0694	6
239.4	20.2887	1620.1276	5.0717	6
239.45	20.2884	1620.648	5.0793	6
239.5	20.2882	1620.5744	5.0761	6
239.55	20.2878	1619.3441	5.0778	6
239.6	20.2875	1618.829	5.0979	6
239.65	20.2872	1619.1824	5.0879	6
239.7	20.2874	1619.0041	5.0907	6
239.75	20.2875	1618.9843	5.0905	6
239.8	20.2874	1619.1682	5.0838	6
239.85	20.2875	1619.1686	5.0825	6
239.9	20.288	1618.5916	5.084	6
239.95	20.2879	1618.8356	5.0942	6
240	20.2878	1619.0659	5.0979	6
240.05	20.2882	1618.5473	5.0914	6
240.1	20.2882	1618.7257	5.09	6
240.15	20.288	1618.9945	5.0783	6
240.2	20.2883	1618.5984	5.0733	6
240.25	20.2883	1618.6415	5.0807	6
240.3	20.288	1619.0996	5.0896	6
240.35	20.2884	1618.796	5.087	6
240.4	20.2885	1618.7363	5.0841	6
240.45	20.2886	1618.6911	5.0824	6
240.5	20.2888	1618.2503	5.0871	6
240.55	20.289	1618.1717	5.087	6
240.6	20.289	1618.2781	5.0969	6
240.65	20.2895	1617.7973	5.0928	6
240.7	20.2894	1617.9633	5.0699	6
240.75	20.2891	1618.2853	5.0557	6
240.8	20.2896	1617.6674	5.0801	6
240.85	20.2896	1617.8209	5.0904	6
240.9	20.2895	1618.1783	5.0855	6
240.95	20.2899	1617.7625	5.0999	6
241	20.2895	1618.3783	5.1106	6
241.05	20.2895	1618.4611	5.1044	6
241.1	20.2899	1618.0575	5.0878	6
241.15	20.2898	1618.2562	5.0779	6
241.2	20.2896	1618.4961	5.0586	6
241.25	20.2896	1618.0145	5.0638	6
241.3	20.2892	1617.1116	5.0644	6
241.35	20.2886	1617.1408	5.0649	6
241.4	20.2884	1617.3674	5.0642	6
241.45	20.2886	1617.2548	5.0797	6
241.5	20.2884	1617.3255	5.0964	6
241.55	20.288	1617.9645	5.0805	6
241.6	20.2882	1617.7757	5.0768	6
241.65	20.2884	1617.5978	5.0831	6
241.7	20.2881	1618.3045	5.0687	6
241.75	20.2883	1618.1065	5.0549	6
241.8	20.2887	1617.533	5.0477	6
241.85	20.2886	1617.819	5.0439	6
241.9	20.2882	1618.3303	5.0515	6
241.95	20.2888	1617.7584	5.0396	6
242	20.2887	1617.7817	5.05	6
242.05	20.2885	1618.2781	5.0586	6
242.1	20.2886	1618.2527	5.0546	6
242.15	20.2889	1617.9639	5.0568	6
242.2	20.2888	1618.2311	5.0497	6
242.25	20.2887	1618.3017	5.0474	6
242.3	20.289	1618.0152	5.0738	6
242.35	20.2891	1617.783	5.0889	6
242.4	20.2891	1617.9788	5.0897	6
242.45	20.2892	1617.8241	5.0744	6
242.5	20.2895	1617.3961	5.0646	6
242.55	20.2892	1618.0152	5.0592	6
242.6	20.2896	1617.708	5.0548	6
242.65	20.29	1617.2271	5.0649	6
242.7	20.2893	1618.2889	5.0611	6
242.75	20.2893	1618.2079	5.0448	6
242.8	20.2895	1618.0754	5.0489	6
242.85	20.289	1618.7829	5.0489	6
242.9	20.2887	1617.8885	5.0533	6
242.95	20.2889	1616.3711	5.055	6
243	20.2885	1616.674	5.0497	6
243.05	20.2885	1616.7597	5.0681	6
243.1	20.2889	1616.2539	5.0629	6
243.15	20.2887	1616.4497	5.063	6
243.2	20.2888	1616.3195	5.0757	6
243.25	20.2892	1615.8748	5.0844	6
243.3	20.2893	1615.8454	5.0885	6
243.35	20.2896	1615.6827	5.0745	6
243.4	20.29	1615.2314	5.0696	6
243.45	20.29	1615.3246	5.068	6
243.5	20.2901	1615.267	5.0617	6
243.55	20.2902	1615.1348	5.0763	6
243.6	20.2902	1615.3794	5.065	6
243.65	20.2903	1615.3861	5.0527	6
243.7	20.2905	1615.2761	5.0562	6
243.75	20.2907	1615.0181	5.0444	6
243.8	20.2908	1614.9876	5.0596	6
243.85	20.2911	1614.6563	5.0708	6
243.9	20.2915	1614.1813	5.0464	6
243.95	20.2915	1614.22	5.0325	6
244	20.2918	1613.8327	5.0448	6
244.05	20.292	1613.5515	5.0612	6
244.1	20.2917	1612.7923	5.0506	6
244.15	20.2917	1611.5702	5.0436	6
244.2	20.2918	1611.1333	5.0413	6
244.25	20.2917	1611.2935	5.0346	6
244.3	20.2919	1611.3677	5.0228	6
244.35	20.2922	1610.9793	5.0204	6
244.4	20.2922	1611.0051	5.0306	6
244.45	20.2923	1611.1514	5.0469	6
244.5	20.2924	1611.0477	5.0404	6
244.55	20.2925	1610.9127	5.0531	6
244.6	20.2925	1610.917	5.0585	6
244.65	20.2924	1611.1963	5.0336	6
244.7	20.2925	1611.1124	5.0344	6
244.75	20.2925	1611.2782	5.0489	6
244.8	20.2923	1611.4735	5.0516	6
244.85	20.2922	1611.6626	5.0524	6
244.9	20.2921	1611.1828	5.0459	6
244.95	20.2917	1610.0457	5.0533	6
245	20.2914	1609.8315	5.0712	6
245.05	20.2914	1609.7296	5.0593	6
245.1	20.2914	1609.672	5.0303	6
245.15	20.2911	1610.1826	5.0386	6
245.2	20.2913	1610.1517	5.0605	6
245.25	20.2914	1610.1907	5.0504	6
245.3	20.2913	1610.4382	5.0349	6
245.35	20.2914	1610.4661	5.0363	6
245.4	20.2916	1610.2495	5.0197	6
245.45	20.2913	1610.6045	5.0225	6
245.5	20.2913	1610.6915	5.0314	6
245.55	20.2915	1610.6063	5.0265	6
245.6	20.2916	1610.6271	5.0409	6
245.65	20.2915	1610.9266	5.043	6
245.7	20.2918	1610.5629	5.0354	6
245.75	20.2918	1610.5693	5.0207	6
245.8	20.2916	1611.0393	5.0144	6
245.85	20.2914	1610.1849	5.0269	6
245.9	20.2912	1608.91	5.0379	6
245.95	20.2904	1609.8353	5.0414	6
246	20.2903	1610.1132	5.0455	6
246.05	20.2907	1609.6416	5.0428	6
246.1	20.2902	1610.4446	5.0575	6
246.15	20.2899	1610.7834	5.0479	6
246.2	20.2905	1610.0225	5.0432	6
246.25	20.29	1610.6166	5.0361	6
246.3	20.2898	1611.0607	5.0086	6
246.35	20.2903	1610.4346	5.017	6
246.4	20.2903	1610.5883	5.0265	6
246.45	20.2899	1611.1905	5.0253	6
246.5	20.2903	1610.6364	5.0315	6
246.55	20.2902	1610.7655	5.0265	6
246.6	20.29	1611.2147	5.0518	6
246.65	20.2902	1611.0728	5.0629	6
246.7	20.2905	1610.9304	5.0564	6
246.75	20.2903	1611.3839	5.0555	6
246.8	20.2899	1611.7367	5.0407	6
246.85	20.2899	1611.77	5.0629	6
246.9	20.2898	1611.92	5.0776	6
246.95	20.2895	1612.5161	5.059	6
247	20.2892	1612.2635	5.04	6
247.05	20.2888	1611.113	5.0515	6
247.1	20.288	1611.4221	5.0666	6
247.15	20.2881	1611.5549	5.0751	6
247.2	20.2881	1611.6648	5.0645	6
247.25	20.288	1611.8626	5.066	6
247.3	20.288	1611.7977	5.0509	6
247.35	20.2883	1611.5417	5.0404	6
247.4	20.2882	1611.7611	5.0449	6
247.45	20.2884	1611.5756	5.0464	6
247.5	20.2888	1611.1532	5.0621	6
247.55	20.2887	1611.4218	5.0594	6
247.6	20.2884	1611.7528	5.0501	6
247.65	20.2887	1611.3695	5.0466	6
247.7	20.2884	1611.8194	5.0364	6
247.75	20.288	1612.4478	5.04	6
247.8	20.288	1612.4037	5.0414	6
247.85	20.2882	1612.21	5.0403	6
247.9	20.2876	1613.2431	5.0288	6
247.95	20.2876	1613.2784	5.0203	6
248	20.2881	1612.6477	5.0414	6
248.05	20.2875	1613.3237	5.0515	6
248.1	20.2872	1613.8319	5.0384	6
248.15	20.2878	1613.0733	5.0275	6
248.2	20.2878	1613.1534	5.0405	6
248.25	20.2871	1614.3104	5.0372	6
248.3	20.2875	1613.8464	5.0331	6
248.35	20.2879	1613.3024	5.0446	6
248.4	20.2872	1614.2834	5.0492	6
248.45	20.2874	1614.1819	5.029	6
248.5	20.2879	1613.4648	5.0359	6
248.55	20.2875	1614.1199	5.0336	6
248.6	20.2873	1614.5457	5.0474	6
248.65	20.2881	1613.6084	5.0566	6
248.7	20.2879	1613.9087	5.0431	6
248.75	20.2879	1613.9427	5.0384	6
248.8	20.2881	1613.5564	5.0556	6
248.85	20.2886	1613.1538	5.0599	6
248.9	20.2885	1613.328	5.0426	6
248.95	20.2885	1613.5557	5.0506	6
249	20.2888	1612.9569	5.0656	6
249.05	20.2889	1612.9982	5.0694	6
249.1	20.2881	1613.6622	5.0758	6
249.15	20.2883	1612.0212	5.0761	6
249.2	20.2877	1611.9041	5.0646	6
249.25	20.2872	1612.7214	5.0653	6
249.3	20.2873	1612.6005	5.0712	6
249.35	20.2873	1612.5125	5.0549	6
249.4	20.2867	1613.5073	5.0482	6
249.45	20.2869	1613.2077	5.0614	6
249.5	20.287	1613.2169	5.0594	6
249.55	20.2867	1613.6353	5.0697	6
249.6	20.2868	1613.661	5.0543	6
249.65	20.2866	1613.8124	5.0469	6
249.7	20.2866	1613.7648	5.0468	6
249.75	20.2864	1614.241	5.0481	6
249.8	20.2867	1614.0437	5.0663	6
249.85	20.2867	1614.048	5.0748	6
249.9	20.2865	1614.5645	5.0725	6
249.95	20.2866	1614.395	5.0799	6
250	20.2866	1614.2618	5.0764	6
250.05	20.2862	1615.1333	5.0748	6
250.1	20.2869	1614.3638	5.0673	6
250.15	20.2866	1614.8142	5.0647	6
250.2	20.286	1615.4449	5.0679	6
250.25	20.2866	1614.6695	5.0533	6
250.3	20.2866	1614.7438	5.0407	6
250.35	20.286	1615.7269	5.0429	6
250.4	20.2863	1615.3246	5.0428	6
250.45	20.2868	1614.7745	5.0442	6
250.5	20.2861	1615.8111	5.0472	6
250.55	20.2862	1615.6489	5.0604	6
250.6	20.2865	1615.2507	5.0656	6
250.65	20.286	1615.8265	5.0539	6
250.7	20.2856	1616.2719	5.048	6
250.75	20.2861	1615.6649	5.0459	6
250.8	20.2863	1615.5132	5.0486	6
250.85	20.2861	1616.005	5.0399	6
250.9	20.2862	1615.8118	5.0349	6
250.95	20.2867	1615.3139	5.0457	6
251	20.2862	1616.0361	5.0456	6
251.05	20.286	1616.4645	5.0438	6
251.1	20.2863	1616.1207	5.042	6
251.15	20.2861	1616.4676	5.0486	6
251.2	20.2855	1617.2738	5.0507	6
251.25	20.286	1616.7574	5.0501	6
251.3	20.2862	1616.5167	5.0602	6
251.35	20.2857	1617.3623	5.0599	6
251.4	20.2857	1617.2819	5.0477	6
251.45	20.2862	1616.6174	5.0516	6
251.5	20.2856	1617.6285	5.0466	6
251.55	20.2854	1618.0064	5.0411	6
251.6	20.2861	1617.086	5.0396	6
251.65	20.2857	1617.5868	5.0364	6
251.7	20.2856	1617.8688	5.0504	6
251.75	20.2858	1617.4791	5.0582	6
251.8	20.2859	1617.5497	5.0564	6
251.85	20.2856	1618.0234	5.0535	6
251.9	20.2857	1617.8233	5.0479	6
251.95	20.2857	1618.0299	5.0517	6
252	20.2855	1618.3812	5.0603	6
252.05	20.2852	1618.8343	5.0559	6
252.1	20.2851	1618.9804	5.055	6
252.15	20.2849	1619.3141	5.0507	6
252.2	20.2846	1619.8547	5.0466	6
252.25	20.2844	1620.124	5.0655	6
252.3	20.2845	1620.066	5.0535	6
252.35	20.284	1620.7396	5.0516	6
252.4	20.284	1621.0562	5.0627	6
252.45	20.2842	1620.8799	5.0766	6
252.5	20.284	1621.1727	5.0796	6
252.55	20.2836	1621.6586	5.0684	6
252.6	20.284	1621.1862	5.0556	6
252.65	20.2837	1621.7761	5.046	6
252.7	20.2834	1622.2034	5.0554	6
252.75	20.2834	1622.2707	5.0661	6
252.8	20.2834	1622.4169	5.0728	6
252.85	20.283	1622.9426	5.0749	6
252.9	20.283	1622.934	5.0746	6
252.95	20.2828	1623.1465	5.0721	6
253	20.2825	1623.61	5.0655	6
253.05	20.2828	1623.1417	5.053	6
253.1	20.2827	1623.3985	5.0505	6
253.15	20.2826	1623.6549	5.0591	6
253.2	20.2833	1622.8568	5.0727	6
253.25	20.2834	1622.7751	5.0791	6
253.3	20.2832	1623.2703	5.0671	6
253.35	20.2839	1622.4566	5.0717	6
253.4	20.2845	1621.5146	5.0734	6
253.45	20.2841	1622.0848	5.0722	6
253.5	20.2846	1621.5229	5.0639	6
253.55	20.2853	1620.721	5.0614	6
253.6	20.2851	1621.2016	5.0691	6
253.65	20.2853	1620.9076	5.0706	6
253.7	20.286	1619.9516	5.0507	6
253.75	20.286	1620.0487	5.046	6
253.8	20.2864	1619.8501	5.0652	6
253.85	20.2872	1618.7794	5.0614	6
253.9	20.2872	1618.7253	5.0577	6
253.95	20.2873	1618.7802	5.0657	6
254	20.2879	1617.9633	5.0483	6
254.05	20.288	1617.8103	5.0466	6
254.1	20.2881	1617.6981	5.0608	6
254.15	20.2887	1617.0649	5.0661	6
254.2	20.2893	1616.3129	5.0447	6
254.25	20.2894	1616.4025	5.0428	6
254.3	20.2896	1616.0394	5.0188	6
254.35	20.2904	1614.8354	5.0348	6
254.4	20.2905	1614.6493	5.0448	6
254.45	20.2908	1614.4094	5.0249	6
254.5	20.2917	1613.2671	5.0307	6
254.55	20.2918	1613.1504	5.0403	6
254.6	20.292	1612.9025	5.0412	6
254.65	20.2925	1612.2689	5.0444	6
254.7	20.2928	1611.9395	5.0421	6
254.75	20.2929	1611.921	5.0501	6
254.8	20.2932	1611.4312	5.0464	6
254.85	20.2934	1611.058	5.0377	6
254.9	20.2929	1610.213	5.0572	6
254.95	20.2927	1609.2786	5.0563	6
255	20.2931	1608.6993	5.0597	6
255.05	20.2928	1609.356	5.0639	6
255.1	20.2929	1609.2378	5.0561	6
255.15	20.2936	1608.2302	5.057	6
255.2	20.2931	1609.1303	5.0594	6
255.25	20.2931	1609.3343	5.0591	6
255.3	20.2938	1608.256	5.0564	6
255.35	20.2937	1608.711	5.0395	6
255.4	20.2932	1609.3119	5.0453	6
255.45	20.2939	1608.3831	5.0664	6
255.5	20.294	1608.3744	5.065	6
255.55	20.2937	1608.6339	5.0695	6
255.6	20.2936	1607.3912	5.0592	6
255.65	20.2937	1606.0351	5.0768	6
255.7	20.2935	1606.2136	5.0733	6
255.75	20.2936	1606.4193	5.0608	6
255.8	20.2941	1605.8406	5.0548	6
255.85	20.2942	1605.687	5.0652	6
255.9	20.2939	1606.1219	5.0751	6
255.95	20.2943	1605.7038	5.0679	6
256	20.2946	1605.4289	5.0606	6
256.05	20.2943	1605.9483	5.0813	6
256.1	20.2943	1606.1162	5.0745	6
256.15	20.2948	1605.3825	5.0572	6
256.2	20.2945	1605.5818	5.0515	6
256.25	20.2941	1604.8335	5.0536	6
256.3	20.2943	1603.2873	5.0718	6
256.35	20.2941	1603.5279	5.0568	6
256.4	20.2939	1604.0447	5.0612	6
256.45	20.2941	1603.5854	5.0562	6
256.5	20.2942	1603.3016	5.0348	6
256.55	20.2936	1604.1599	5.0482	6
256.6	20.2941	1603.7432	5.0733	6
256.65	20.2946	1603.2356	5.0951	6
256.7	20.2945	1603.7199	5.0842	6
256.75	20.2946	1603.5378	5.0733	6
256.8	20.2952	1602.8575	5.0836	6
256.85	20.295	1602.6282	5.0827	6
256.9	20.2945	1601.6765	5.0835	6
256.95	20.2945	1600.893	5.086	6
257	20.2946	1600.9093	5.0717	6
257.05	20.2944	1601.2018	5.0506	6
257.1	20.2943	1601.4294	5.0431	6
257.15	20.2944	1601.3776	5.057	6
257.2	20.2945	1601.2621	5.075	6
257.25	20.2942	1601.5748	5.0662	6
257.3	20.2941	1601.6791	5.0511	6
257.35	20.2946	1601.2258	5.0536	6
257.4	20.2943	1601.6151	5.037	6
257.45	20.2941	1601.6371	5.0547	6
257.5	20.294	1600.4144	5.0716	6
257.55	20.2935	1599.777	5.0889	6
257.6	20.293	1600.4085	5.0959	6
257.65	20.2932	1600.1886	5.0929	6
257.7	20.2932	1600.1567	5.0924	6
257.75	20.2928	1600.7954	5.0842	6
257.8	20.2927	1601.0377	5.0942	6
257.85	20.293	1600.6018	5.0813	6
257.9	20.2926	1601.1053	5.0583	6
257.95	20.2925	1601.3528	5.0588	6
258	20.2928	1600.9073	5.0503	6
258.05	20.2928	1601.011	5.0488	6
258.1	20.2926	1601.399	5.0606	6
258.15	20.2926	1601.3427	5.0515	6
258.2	20.2925	1601.3433	5.0569	6
258.25	20.292	1600.6033	5.062	6
258.3	20.2919	1599.6823	5.0784	6
258.35	20.2914	1600.3265	5.071	6
258.4	20.2915	1600.3057	5.0635	6
258.45	20.2919	1599.5965	5.0814	6
258.5	20.2913	1600.4634	5.0756	6
258.55	20.2913	1600.5798	5.0715	6
258.6	20.2914	1600.4307	5.08	6
258.65	20.2908	1601.3287	5.0791	6
258.7	20.2903	1602.1009	5.0714	6
258.75	20.2903	1602.0393	5.0576	6
258.8	20.2904	1602.0041	5.0502	6
258.85	20.2896	1603.0117	5.042	6
258.9	20.2898	1603.0023	5.0494	6
258.95	20.2901	1602.6479	5.0433	6
259	20.2893	1603.7901	5.0515	6
259.05	20.2893	1603.9453	5.0592	6
259.1	20.2897	1603.3482	5.0589	6
259.15	20.2893	1604.0888	5.0669	6
259.2	20.2891	1604.4404	5.0597	6
259.25	20.2897	1603.6326	5.0556	6
259.3	20.2892	1604.179	5.0605	6
259.35	20.2889	1604.2517	5.058	6
259.4	20.2884	1603.1066	5.0417	6
259.45	20.2883	1602.489	5.0481	6
259.5	20.2873	1603.68	5.0546	6
259.55	20.2875	1603.6641	5.0455	6
259.6	20.2872	1603.508	5.0476	6
259.65	20.2871	1604.0868	5.055	6
259.7	20.2869	1604.4157	5.0602	6
259.75	20.2876	1603.865	5.0722	6
259.8	20.2866	1605.0217	5.051	6
259.85	20.2868	1604.9582	5.0439	6
259.9	20.2865	1605.0539	5.0432	6
259.95	20.2866	1605.0086	5.032	6
260	20.2862	1605.4933	5.0258	6
260.05	20.2869	1604.769	5.0239	6
260.1	20.2871	1604.6672	5.0257	6
260.15	20.2873	1604.5403	5.04	6
260.2	20.2874	1604.4073	5.0542	6
260.25	20.2876	1604.1225	5.0603	6
260.3	20.2876	1604.1632	5.0631	6
260.35	20.2878	1603.7638	5.0696	6
260.4	20.2879	1603.8858	5.0694	6
260.45	20.2878	1604.0532	5.0613	6
260.5	20.2881	1603.7447	5.0482	6
260.55	20.2875	1604.3106	5.04	6
260.6	20.2876	1604.4445	5.0393	6
260.65	20.2873	1604.8339	5.0404	6
260.7	20.2877	1604.4757	5.0488	6
260.75	20.2871	1605.3371	5.058	6
260.8	20.2871	1605.4967	5.0539	6
260.85	20.2872	1605.0887	5.0602	6
260.9	20.2872	1605.387	5.0729	6
260.95	20.2868	1606.0874	5.0606	6
261	20.2873	1605.371	5.0431	6
261.05	20.287	1605.8559	5.0469	6
261.1	20.2867	1606.3497	5.0533	6
261.15	20.2868	1606.189	5.0578	6
261.2	20.2872	1605.6739	5.0469	6
261.25	20.2868	1606.5207	5.0455	6
261.3	20.2871	1606.215	5.0533	6
261.35	20.2875	1605.6033	5.0639	6
261.4	20.2873	1605.9979	5.0638	6
261.45	20.287	1606.3484	5.0676	6
261.5	20.2875	1605.6506	5.069	6
261.55	20.2876	1605.597	5.048	6
261.6	20.287	1606.312	5.0485	6
261.65	20.2873	1605.8544	5.0566	6
261.7	20.2875	1605.5672	5.0486	6
261.75	20.287	1606.1972	5.0554	6
261.8	20.2871	1606.211	5.0548	6
261.85	20.2876	1605.6031	5.047	6
261.9	20.2873	1606.1339	5.0621	6
261.95	20.2871	1606.4319	5.0734	6
262	20.2875	1605.8546	5.0661	6
262.05	20.2875	1605.8276	5.0621	6
262.1	20.2875	1605.9938	5.047	6
262.15	20.2878	1605.6101	5.049	6
262.2	20.2882	1605.1828	5.0477	6
262.25	20.2881	1604.6035	5.0424	6
262.3	20.2876	1603.7059	5.0462	6
262.35	20.2876	1603.044	5.0561	6
262.4	20.288	1602.5037	5.0536	6
262.45	20.2878	1602.9761	5.0394	6
262.5	20.2879	1602.6442	5.0438	6
262.55	20.2884	1601.9357	5.0548	6
262.6	20.2884	1602.1533	5.0501	6
262.65	20.2886	1601.9772	5.0505	6
262.7	20.289	1601.3164	5.0489	6
262.75	20.2888	1601.6348	5.0513	6
262.8	20.2888	1601.5731	5.0399	6
262.85	20.2891	1601.2625	5.0275	6
262.9	20.2892	1601.2761	5.0258	6
262.95	20.2889	1601.6105	5.0377	6
263	20.2893	1600.9753	5.0451	6
263.05	20.2894	1601.0228	5.0545	6
263.1	20.2896	1600.9733	5.0559	6
263.15	20.2898	1600.8127	5.0522	6
263.2	20.2901	1600.4177	5.0544	6
263.25	20.29	1600.56	5.052	6
263.3	20.2901	1600.3941	5.0522	6
263.35	20.2901	1600.5945	5.0677	6
263.4	20.2903	1600.2416	5.0761	6
263.45	20.2903	1600.3365	5.069	6
263.5	20.2905	1600.2075	5.0705	6
263.55	20.2908	1599.9341	5.0809	6
263.6	20.2907	1600.0605	5.0716	6
263.65	20.2907	1600.0212	5.0624	6
263.7	20.2905	1598.9722	5.0683	6
263.75	20.2901	1598.1009	5.0613	6
263.8	20.2898	1598.2385	5.0606	6
263.85	20.2897	1598.3048	5.0549	6
263.9	20.2895	1598.6048	5.0565	6
263.95	20.2895	1598.8746	5.0661	6
264	20.2894	1599.0316	5.0548	6
264.05	20.2894	1599.152	5.0602	6
264.1	20.2895	1599.0202	5.0709	6
264.15	20.2898	1598.725	5.0696	6
264.2	20.2897	1598.8358	5.0803	6
264.25	20.29	1598.6124	5.0701	6
264.3	20.2903	1598.2601	5.0504	6
264.35	20.2905	1597.9986	5.0408	6
264.4	20.2907	1597.9634	5.0537	6
264.45	20.2913	1597.2706	5.0812	6
264.5	20.2915	1596.8812	5.0779	6
264.55	20.2915	1596.7827	5.0747	6
264.6	20.2916	1596.7037	5.0542	6
264.65	20.2917	1596.7747	5.0448	6
264.7	20.292	1596.4735	5.0578	6
264.75	20.2916	1597.0209	5.0494	6
264.8	20.2915	1596.1281	5.0303	6
264.85	20.2911	1595.148	5.0468	6
264.9	20.2906	1595.313	5.0411	6
264.95	20.2908	1595.1823	5.0349	6
265	20.2911	1594.9312	5.0359	6
265.05	20.291	1595.235	5.0553	6
265.1	20.2913	1594.8574	5.0663	6
265.15	20.2918	1594.2806	5.0452	6
265.2	20.2915	1594.7146	5.0451	6
265.25	20.292	1594.2244	5.0575	6
265.3	20.2921	1593.8847	5.0538	6
265.35	20.292	1594.1042	5.0335	6
265.4	20.2922	1593.8722	5.0472	6
265.45	20.2924	1593.6662	5.0604	6
265.5	20.2923	1593.9248	5.0465	6
265.55	20.2924	1593.9546	5.0295	6
265.6	20.2925	1593.7424	5.0236	6
265.65	20.2924	1593.9476	5.0256	6
265.7	20.2919	1593.0608	5.0372	6
265.75	20.2915	1592.1351	5.0613	6
265.8	20.2914	1592.267	5.0725	6
265.85	20.2913	1592.4437	5.0656	6
265.9	20.2914	1592.4154	5.0457	6
265.95	20.2914	1592.367	5.0402	6
266	20.2911	1592.9603	5.0411	6
266.05	20.2913	1592.5949	5.0365	6
266.1	20.2913	1592.7176	5.0323	6
266.15	20.291	1593.2961	5.0405	6
266.2	20.2912	1593.1074	5.0452	6
266.25	20.2914	1592.8026	5.0425	6
266.3	20.2911	1593.3252	5.0328	6
266.35	20.291	1593.618	5.0345	6
266.4	20.2912	1593.2339	5.0256	6
266.45	20.2909	1593.751	5.0358	6
266.5	20.2907	1594.2069	5.0375	6
266.55	20.2909	1593.9244	5.0239	6
266.6	20.2908	1594.2828	5.0356	6
266.65	20.2902	1594.4184	5.043	6
266.7	20.2898	1593.3194	5.0313	6
266.75	20.2896	1592.9729	5.0264	6
266.8	20.2894	1593.3715	5.0287	6
266.85	20.2893	1593.4176	5.045	6
266.9	20.2895	1593.2417	5.0394	6
266.95	20.2893	1593.4802	5.0427	6
267	20.2892	1593.7461	5.0471	6
267.05	20.2891	1594.0189	5.0353	6
267.1	20.289	1594.1435	5.0347	6
267.15	20.289	1594.2695	5.0524	6
267.2	20.2888	1594.6474	5.0492	6
267.25	20.2891	1594.4437	5.0424	6
267.3	20.2894	1594.2998	5.0367	6
267.35	20.2892	1594.6012	5.046	6
267.4	20.2895	1594.3893	5.0525	6
267.45	20.2904	1593.2359	5.0486	6
267.5	20.2903	1593.4603	5.0474	6
267.55	20.2907	1593.1234	5.0426	6
267.6	20.2911	1592.4979	5.0378	6
267.65	20.2914	1592.1635	5.0129	6
267.7	20.2918	1591.502	5.0153	6
267.75	20.2925	1590.6353	5.0325	6
267.8	20.2931	1589.9399	5.0252	6
267.85	20.2929	1589.2144	5.027	6
267.9	20.2927	1587.793	5.0442	6
267.95	20.2928	1587.2595	5.0317	6
268	20.293	1587.1417	5.029	6
268.05	20.2932	1586.7821	5.0237	6
268.1	20.2933	1586.739	5.0208	6
268.15	20.2936	1586.3556	5.0174	6
268.2	20.2939	1586.1116	5.0259	7
268.25	20.2938	1586.3653	5.0317	7
268.3	20.2937	1586.6433	5.0214	7
268.35	20.2939	1586.6038	5.0153	7
268.4	20.2935	1585.5905	5.0202	7
268.45	20.2893	1577.8826	5.018	7
268.5	20.2796	1556.0304	5.0261	7
268.55	20.2627	1520.3726	5.0265	7
268.6	20.2369	1473.3683	5.0262	7
268.65	20.2031	1413.5856	5.0443	7
268.7	20.1609	1342.3102	5.0529	7
268.75	20.1083	1261.999	5.055	7
268.8	20.0446	1172.5014	5.0527	7
268.85	19.9704	1073.5419	5.0386	7
268.9	19.8834	968.7361	5.0565	7
268.95	19.7818	859.8561	5.0624	7
269	19.6666	745.2464	5.0526	7
269.05	19.5347	629.1721	5.0743	7
269.1	19.3851	513.4612	5.0585	7
269.15	19.2172	399.6391	5.0552	7
269.2	19.0275	292.409	5.0637	7
269.25	18.8112	199.1546	5.0611	8
269.3	18.5661	122.9372	5.0655	8
269.35	18.2913	65.551	5.054	8
269.4	17.9914	23.2402	5.0566	8
269.45	17.6911	-1.9036	5.0465	8
269.5	17.4269	-3.3081	5.052	8
269.55	17.1893	-2.9561	5.0643	8
269.6	16.9573	-7.26	5.0721	8
269.65	16.7261	-12.9145	5.0743	8
269.7	16.4949	-19.329	5.0761	8
269.75	16.2637	-26.9458	5.072	8
269.8	16.0314	-34.3053	5.0833	8
269.85	15.7977	-40.5657	5.0888	8
269.9	15.5625	-45.6835	5.0761	8
269.95	15.3269	-50.7714	5.0687	8
270	15.0903	-55.8396	5.0728	8
270.05	14.8534	-61.4359	5.0778	8
270.1	14.615	-65.6824	5.0855	8
270.15	14.3756	-69.4169	5.0855	8
270.2	14.135	-72.2427	5.0772	8
270.25	13.8939	-74.7446	5.0718	8
270.3	13.6507	-75.1367	5.0921	8
270.35	13.406	-75.047	5.0926	8
270.4	13.1623	-77.2082	5.0779	8
270.45	12.9177	-79.1374	5.0766	8
270.5	12.6712	-79.3885	5.0863	8
270.55	12.4222	-76.9033	5.1018	8
270.6	12.1725	-74.1895	5.108	8
270.65	11.9227	-72.3974	5.0936	8
270.7	11.6723	-70.5588	5.0772	8
270.75	11.4214	-68.9497	5.0666	8
270.8	11.1699	-67.0111	5.0627	8
270.85	10.9185	-65.6532	5.0677	8
270.9	10.6662	-63.8802	5.0861	8
270.95	10.4133	-62.0726	5.1031	8
271	10.1595	-59.7741	5.1031	8
271.05	9.9051	-56.9393	5.1089	8
271.1	9.6507	-54.3104	5.0899	8
271.15	9.3962	-53.0553	5.0955	8
271.2	9.1411	-51.6552	5.0939	8
271.25	8.8861	-50.7004	5.0841	8
271.3	8.6305	-49.5086	5.0905	8
271.35	8.3746	-48.8709	5.0944	8
271.4	8.1175	-47.6179	5.0842	8
271.45	7.8601	-46.5267	5.0989	8
271.5	7.6022	-45.1084	5.0901	8
271.55	7.3435	-43.0991	5.0755	8
271.6	7.0838	-40.4433	5.0737	8
271.65	6.8244	-38.3882	5.0693	8
271.7	6.5643	-35.7182	5.0737	8
271.75	6.3043	-33.7768	5.0821	8
271.8	6.0438	-31.4237	5.0912	8
271.85	5.784	-30.0923	5.1078	8
271.9	5.5235	-28.698	5.0989	8
271.95	5.2632	-27.9831	5.0968	8
272	5.0022	-27.2155	5.0959	8
272.05	4.741	-26.5841	5.092	8
272.1	4.4791	-25.4706	5.0951	8
272.15	4.2163	-23.7168	5.0842	8
272.2	3.9542	-23.0574	5.0646	8
272.25	3.6923	-23.1628	5.0718	8
272.3	3.4296	-23.1014	5.0708	8
272.35	3.1664	-22.7182	5.0754	8
272.4	2.9037	-22.4481	5.0814	8
272.45	2.6407	-22.0935	5.0845	8
272.5	2.3774	-22.1862	5.092	8
272.55	2.1132	-21.8008	5.0993	8
272.6	1.85	-22.0426	5.0983	8
272.65	1.586	-21.3828	5.0896	8
272.7	1.3219	-21.3872	5.0832	8
272.75	1.0572	-20.8619	5.0809	8
272.8	0.7925	-20.0328	5.0653	8
272.85	0.5281	-19.8146	5.0616	8
272.9	0.2632	-19.3795	5.0742	8
272.95	-0.0024	-18.6214	5.0733	8
273	-0.2681	-17.9983	5.0885	8
273.05	-0.533	-18.2814	5.0886	8
273.1	-0.7981	-18.2927	5.0876	8
273.15	-1.0636	-17.8561	5.0896	8
273.2	-1.3284	-18.5881	5.0893	8
273.25	-1.5943	-18.4278	5.1054	8
273.3	-1.8595	-18.5259	5.1023	8
273.35	-2.1243	-18.5886	5.0957	8
273.4	-2.3897	-18.9125	5.0959	8
273.45	-2.6557	-18.9298	5.0877	8
273.5	-2.9216	-18.7132	5.0751	8
273.55	-3.187	-18.7885	5.0781	8
273.6	-3.453	-18.9704	5.0812	8
273.65	-3.7196	-18.5585	5.0646	8
273.7	-3.9856	-18.5282	5.0534	8
273.75	-4.2517	-18.3419	5.0584	8
273.8	-4.5181	-17.8196	5.0709	8
273.85	-4.7846	-17.308	5.0776	8
273.9	-5.0504	-17.295	5.0749	8
273.95	-5.3162	-17.4333	5.0684	8
274	-5.5821	-17.297	5.0741	8
274.05	-5.8469	-17.9271	5.0857	8
274.1	-6.1128	-17.6885	5.0762	8
274.15	-6.3781	-18.2763	5.0704	8
274.2	-6.6438	-17.9264	5.0571	8
