Indentation

 + User defined profile

+ User defined profile
   Acquisition rate :	20.0 [Hz]
   Linear load 20.00  µN ; 100.00 µN/min
   Pause in load 2 s
   Linear load 0.00  µN ; 100.00 µN/min
   Pause in load 120 s
   Linear depth 24.00  µm ; 500.00 µm/min
   Pause in depth 120 s
   Linear depth 0.00  µm ; 1000.00 µm/min
+ TTX - UNHT Bio S/N: 1000136751 settings
   Fn contact : 25 µN
   Approach distance : 20 µm
   Approach speed : 100 µm/min
   Retract speed : 200 µm/min
   Retract time : 5 sec
   Dz sensor in large range
   Load in fine range
   FnRef in fine range
   FnRef contactload :500.000 µN
   Stiffness threshold : 1 µN/µm

   X Position :10204.70 µm
   Y Position :40163.90 µm
   Z Position :8749.76 µm

Date :6/9/2026
Time :2:33:54 PM

Analysis n # 1

   Method :	Hertz

Cycle # 1

 + Parameters

  Load Fit [10%,98%]

 + Main results

   EHz=	155.57 	kPa

 + Hypothesis


 + Additional results

   ErHz=	170.95 kPa
   h offset=	1.11 µm
   R2=	0.97

Cycle # 2

 + Parameters

  Load Fit [10%,98%]

 + Main results

   EHz=	3604.8 	kPa

 + Hypothesis


 + Additional results

   ErHz=	3961.27 kPa
   h offset=	3.98 µm
   R2=	1.00

Analysis n # 2

   Method :	Oliver & Pharr

Cycle # 1

 + Parameters

  Unload Fit [40%,98%]

 + Main results

   HIT=	2.2599 	kPa
   EIT=	199.11 	kPa
   E*=	218.8 	kPa

 + Hypothesis

   !!! Indenter not calibrated !!!
   m out of O&P hypothesis
   Poisson's ratio(nu)=	0.30 

 + Additional results

   HVIT=	0.00023036 	 Vickers
   RIT 2.1E-005/9/2=	-9.80 	%
   nIT=	61.44 %
   Fmax=	20.54 	µN
   hmax=	3.54 	µm
   S=	23.5368 	µN/µm
   F/S²=	0.0371 	µm²/µN
   hc=	2.90 	µm
   hr=	2.66 	µm
   hp=	-0.43 	µm
   m=	4.5442 
   Epsilon=	0.73 
   R2=	0.991
   Ap=	9088.33 	µm²
   Welast=	11.33 pJ
   Wplast=	7.11 pJ
   Wtotal=	18.44 pJ
   Er=	218.8 	kPa

Cycle # 2

 + Parameters

  Unload Fit [40%,98%]

 + Main results

   HIT=	44.095 	kPa
   EIT=	7839.6 	kPa
   E*=	8614.9 	kPa

 + Hypothesis

   !!! Indenter not calibrated !!!
   m out of O&P hypothesis
   Poisson's ratio(nu)=	0.30 

 + Additional results

   HVIT=	0.0044949 	 Vickers
   CIT 0.0032/3/120=	78.99 	%
   nIT=	2.73 %
   Fmax=	3154.61 	µN
   hmax=	24.20 	µm
   S=	2600.0063 	µN/µm
   F/S²=	0.0005 	µm²/µN
   hc=	23.32 	µm
   hr=	22.98 	µm
   hp=	21.31 	µm
   m=	2.3835 
   Epsilon=	0.73 
   R2=	1.000
   Ap=	71540.56 	µm²
   Welast=	2136.95 pJ
   Wplast=	76058.25 pJ
   Wtotal=	78195.20 pJ
   Er=	8614.8 	kPa

Measured values
Time (s)	Pd (µm)	Fn (µN)	FnRef (µN)	SegmentID

0	0	0	5.1415	0
0.05	0.0986	-0.8157	5.1384	0
0.1	0.1958	0.1658	5.1569	0
0.15	0.293	0.3142	5.1448	0
0.2	0.3902	-0.219	5.1156	0
0.25	0.4864	0.1263	5.1022	0
0.3	0.5817	0.8418	5.1117	0
0.35	0.6778	0.3179	5.1235	0
0.4	0.773	0.1941	5.1345	0
0.45	0.8667	0.7703	5.1323	0
0.5	0.9603	1.3765	5.1281	0
0.55	1.0547	0.953	5.1361	0
0.6	1.1484	0.8541	5.1311	0
0.65	1.2407	2.0546	5.1321	1
0.7	1.3342	1.4693	5.1398	1
0.75	1.4267	2.1892	5.1396	1
0.8	1.5192	2.5074	5.1482	1
0.85	1.6074	2.9485	5.134	1
0.9	1.6724	2.5595	5.115	1
0.95	1.7055	3.3748	5.1332	1
1	1.7298	2.9804	5.1194	1
1.05	1.7527	2.8497	5.108	1
1.1	1.7736	3.3653	5.1203	1
1.15	1.792	3.5334	5.1208	1
1.2	1.8113	2.7442	5.1305	1
1.25	1.8288	3.9501	5.1305	1
1.3	1.8444	3.6779	5.1229	1
1.35	1.8616	3.0367	5.1245	1
1.4	1.8775	3.8301	5.1317	1
1.45	1.8915	4.2569	5.1237	1
1.5	1.9074	2.9971	5.1139	1
1.55	1.9227	4.0967	5.123	1
1.6	1.9361	4.2659	5.1268	1
1.65	1.9502	3.8421	5.1303	1
1.7	1.9642	3.9631	5.1364	1
1.75	1.9775	4.4591	5.1395	1
1.8	1.9907	4.1411	5.1513	1
1.85	2.0046	4.1781	5.1452	1
1.9	2.0176	4.3707	5.1266	1
1.95	2.0298	4.8576	5.1301	1
2	2.043	4.1346	5.1337	1
2.05	2.0564	4.6015	5.1438	1
2.1	2.068	5.3805	5.1539	1
2.15	2.0805	4.368	5.1462	1
2.2	2.0937	4.8316	5.1511	1
2.25	2.1054	5.3438	5.1576	1
2.3	2.1169	4.995	5.1477	1
2.35	2.1295	4.9458	5.1491	1
2.4	2.1412	5.6251	5.1492	1
2.45	2.1516	5.5646	5.1473	1
2.5	2.1644	4.7407	5.1395	1
2.55	2.1765	5.7294	5.13	1
2.6	2.1871	6.0177	5.1457	1
2.65	2.1992	4.883	5.1481	1
2.7	2.2116	5.6362	5.1404	1
2.75	2.2217	6.3767	5.13	1
2.8	2.2331	5.5073	5.1324	1
2.85	2.2455	5.4986	5.1562	1
2.9	2.2571	6.3755	5.1787	1
2.95	2.2677	5.9933	5.1769	1
3	2.2801	5.7484	5.1838	1
3.05	2.2916	6.3485	5.1623	1
3.1	2.3023	6.4407	5.1387	1
3.15	2.314	5.9509	5.1489	1
3.2	2.3263	6.3281	5.1525	1
3.25	2.3375	6.6891	5.1567	1
3.3	2.349	6.3158	5.1488	1
3.35	2.3603	6.6224	5.1318	1
3.4	2.3712	6.8393	5.1477	1
3.45	2.3829	6.436	5.1631	1
3.5	2.3945	6.9155	5.1618	1
3.55	2.4061	6.7408	5.1596	1
3.6	2.4176	6.9694	5.1453	1
3.65	2.4286	7.1997	5.1558	1
3.7	2.4393	7.2691	5.1665	1
3.75	2.4512	6.7866	5.1574	1
3.8	2.4628	7.5349	5.1389	1
3.85	2.473	7.6144	5.1321	1
3.9	2.4844	7.1451	5.1325	1
3.95	2.4961	7.4729	5.142	1
4	2.5067	8.089	5.1651	1
4.05	2.5177	7.5636	5.1546	1
4.1	2.5289	7.9366	5.1497	1
4.15	2.5393	8.2933	5.1739	1
4.2	2.5502	7.9701	5.159	1
4.25	2.562	7.791	5.1581	1
4.3	2.5724	8.7886	5.1642	1
4.35	2.5822	8.4256	5.1655	1
4.4	2.5939	7.9184	5.164	1
4.45	2.6048	8.9678	5.1594	1
4.5	2.6145	8.7434	5.166	1
4.55	2.6258	8.299	5.169	1
4.6	2.6364	9.0491	5.1609	1
4.65	2.6463	9.21	5.136	1
4.7	2.6566	8.8214	5.121	1
4.75	2.6672	9.0459	5.1345	1
4.8	2.6771	9.4576	5.1307	1
4.85	2.687	9.2994	5.1292	1
4.9	2.6979	9.1069	5.1554	1
4.95	2.7077	10.0036	5.1694	1
5	2.7175	9.5509	5.1727	1
5.05	2.7279	9.6024	5.1703	1
5.1	2.7377	10.1177	5.1583	1
5.15	2.7475	10.0346	5.1592	1
5.2	2.7575	9.9634	5.1527	1
5.25	2.7674	10.1918	5.1457	1
5.3	2.7768	10.3887	5.1465	1
5.35	2.7862	10.3756	5.1294	1
5.4	2.7962	10.2616	5.1317	1
5.45	2.8057	10.7742	5.1478	1
5.5	2.8152	10.9128	5.1514	1
5.55	2.8245	10.7388	5.1416	1
5.6	2.8338	10.999	5.1387	1
5.65	2.8429	11.0436	5.1552	1
5.7	2.8518	11.2992	5.1533	1
5.75	2.8608	11.3575	5.1592	1
5.8	2.8697	11.4085	5.1631	1
5.85	2.8786	11.5578	5.1599	1
5.9	2.8874	11.5184	5.1635	1
5.95	2.8957	12.0483	5.1575	1
6	2.9046	11.6146	5.1435	1
6.05	2.913	12.2079	5.1598	1
6.1	2.9209	12.3011	5.1531	1
6.15	2.9294	11.9165	5.1487	1
6.2	2.9384	12.1573	5.1475	1
6.25	2.9457	12.9069	5.1544	1
6.3	2.9535	12.4397	5.1765	1
6.35	2.9617	12.7768	5.1666	1
6.4	2.9697	12.8106	5.1517	1
6.45	2.9764	13.2097	5.1513	1
6.5	2.9848	12.5486	5.144	1
6.55	2.9925	13.3767	5.1384	1
6.6	2.9995	13.4971	5.1443	1
6.65	3.0069	13.1212	5.158	1
6.7	3.0153	13.2425	5.1702	1
6.75	3.022	14.0161	5.1525	1
6.8	3.0292	13.4938	5.1478	1
6.85	3.0372	13.4274	5.1465	1
6.9	3.0445	13.8497	5.1481	1
6.95	3.0509	14.5986	5.1636	1
7	3.0583	13.3751	5.1581	1
7.05	3.0662	14.1944	5.1583	1
7.1	3.0727	14.5777	5.1603	1
7.15	3.0795	14.2163	5.1509	1
7.2	3.0871	14.0618	5.1429	1
7.25	3.094	14.9269	5.1446	1
7.3	3.0995	15.1977	5.1619	1
7.35	3.1067	14.2378	5.1673	1
7.4	3.1146	14.4517	5.1518	1
7.45	3.1202	15.752	5.1558	1
7.5	3.1262	14.5163	5.1633	1
7.55	3.1346	14.6477	5.1614	1
7.6	3.1401	16.0827	5.1589	1
7.65	3.146	15.2002	5.1503	1
7.7	3.1539	14.6818	5.1576	1
7.75	3.1608	15.9616	5.1574	1
7.8	3.1659	15.8024	5.1456	1
7.85	3.1731	15.0196	5.1525	1
7.9	3.18	15.8246	5.1471	1
7.95	3.1856	16.2341	5.133	1
8	3.1916	15.8595	5.1293	1
8.05	3.1991	15.4376	5.1428	1
8.1	3.2044	16.8356	5.1478	1
8.15	3.2102	16.287	5.1368	1
8.2	3.2178	15.3534	5.1357	1
8.25	3.2242	16.9631	5.1209	1
8.3	3.2291	16.6633	5.1171	1
8.35	3.2358	16.1484	5.143	1
8.4	3.2425	16.7566	5.154	1
8.45	3.2474	17.1668	5.1572	1
8.5	3.2535	16.6524	5.1759	1
8.55	3.2609	16.4182	5.1754	1
8.6	3.2662	17.7837	5.157	1
8.65	3.2714	17.2752	5.1575	1
8.7	3.278	16.7222	5.1538	1
8.75	3.2835	17.7771	5.1549	1
8.8	3.2879	17.8349	5.1569	1
8.85	3.2943	17.0959	5.1616	1
8.9	3.3012	17.3801	5.154	1
8.95	3.3059	18.2806	5.1542	1
9	3.3111	17.8147	5.1504	1
9.05	3.3176	17.4235	5.1574	1
9.1	3.3234	18.2922	5.1625	1
9.15	3.328	18.4164	5.1508	1
9.2	3.3331	18.1549	5.1444	1
9.25	3.3394	17.9985	5.1588	1
9.3	3.3445	18.7445	5.1635	1
9.35	3.3492	18.6637	5.1498	1
9.4	3.3552	18.148	5.1463	1
9.45	3.3605	19.2366	5.13	1
9.5	3.3644	19.259	5.1333	2
9.55	3.3695	18.7052	5.136	2
9.6	3.3744	19.4691	5.1514	2
9.65	3.3787	19.3838	5.15	2
9.7	3.3832	19.319	5.1265	2
9.75	3.388	19.2727	5.118	2
9.8	3.3924	19.3722	5.1215	2
9.85	3.3972	19.3327	5.1395	2
9.9	3.4019	19.235	5.1479	2
9.95	3.4067	19.4008	5.1451	2
10	3.4116	19.4544	5.1629	2
10.05	3.4163	19.3132	5.1612	2
10.1	3.4207	19.3088	5.1623	2
10.15	3.4249	19.5544	5.1599	2
10.2	3.429	19.4609	5.1631	2
10.25	3.4338	19.2151	5.1708	2
10.3	3.438	19.8851	5.1486	2
10.35	3.4403	20.2204	5.1353	2
10.4	3.4445	19.2727	5.1452	2
10.45	3.4485	19.8483	5.1329	2
10.5	3.4513	20.0553	5.132	2
10.55	3.4549	19.5397	5.1439	2
10.6	3.4587	19.7254	5.1339	2
10.65	3.4611	20.3438	5.1255	2
10.7	3.4638	20.0439	5.1352	2
10.75	3.467	19.9097	5.128	2
10.8	3.4704	20.0716	5.1208	2
10.85	3.4725	20.6779	5.1244	2
10.9	3.4748	19.9296	5.1427	2
10.95	3.4781	20.1242	5.143	2
11	3.4799	20.6076	5.1348	2
11.05	3.4815	20.3404	5.1273	2
11.1	3.4837	20.0357	5.1314	2
11.15	3.4859	20.796	5.1495	2
11.2	3.4876	20.29	5.148	2
11.25	3.4906	20.1139	5.1464	2
11.3	3.4925	20.6201	5.1556	2
11.35	3.4938	20.5163	5.1502	2
11.4	3.4957	20.2805	5.1466	2
11.45	3.4973	20.8324	5.1495	2
11.5	3.4989	20.4693	5.1524	3
11.55	3.5005	20.5384	5.1544	3
11.6	3.5018	20.4435	5.1426	3
11.65	3.5037	20.3974	5.1499	3
11.7	3.5052	20.7766	5.1561	3
11.75	3.507	20.2589	5.1535	3
11.8	3.5083	20.8624	5.1383	3
11.85	3.5088	20.6619	5.1466	3
11.9	3.509	20.6609	5.1557	3
11.95	3.5098	20.5101	5.1398	3
12	3.5102	20.564	5.1312	3
12.05	3.51	20.9857	5.1403	3
12.1	3.5103	19.9159	5.1517	3
12.15	3.511	20.634	5.1498	3
12.2	3.51	20.9152	5.1423	3
12.25	3.5092	20.2384	5.1497	3
12.3	3.5094	20.2041	5.1592	3
12.35	3.5086	20.701	5.1483	3
12.4	3.5077	20.104	5.1565	3
12.45	3.5077	20.2583	5.1632	3
12.5	3.5064	20.3586	5.1614	3
12.55	3.5054	20.0682	5.1617	3
12.6	3.5052	19.8763	5.167	3
12.65	3.5035	20.4125	5.1726	3
12.7	3.5017	20.0969	5.1923	3
12.75	3.5011	19.5915	5.1719	3
12.8	3.4999	20.2572	5.1478	3
12.85	3.4983	19.5547	5.1357	3
12.9	3.4971	19.7401	5.1316	3
12.95	3.4954	19.7308	5.1422	3
13	3.4936	19.6936	5.1383	3
13.05	3.4923	19.4907	5.1407	3
13.1	3.4903	19.4995	5.1397	3
13.15	3.488	19.8391	5.16	3
13.2	3.4864	19.1533	5.1559	3
13.25	3.4847	19.481	5.1367	3
13.3	3.4824	19.4312	5.1363	3
13.35	3.4804	19.0072	5.1457	3
13.4	3.4787	19.1437	5.1507	3
13.45	3.4765	19.0945	5.1466	3
13.5	3.4742	19.2057	5.1402	3
13.55	3.4719	18.8133	5.15	3
13.6	3.4697	18.8322	5.1382	3
13.65	3.4678	18.7141	5.1461	3
13.7	3.4652	19.0388	5.1557	3
13.75	3.4628	18.3834	5.1616	3
13.8	3.4611	18.6719	5.1581	3
13.85	3.4585	18.6931	5.1383	3
13.9	3.4555	18.5299	5.1158	3
13.95	3.4532	18.1635	5.1235	3
14	3.4502	18.659	5.1148	3
14.05	3.4471	18.3143	5.1085	3
14.1	3.4453	17.8883	5.1387	3
14.15	3.4431	18.0724	5.1498	3
14.2	3.4398	18.5227	5.1538	3
14.25	3.4367	17.8649	5.1659	3
14.3	3.4339	17.9413	5.1852	3
14.35	3.431	17.8822	5.1882	3
14.4	3.4284	17.7764	5.1679	3
14.45	3.4256	17.6219	5.1526	3
14.5	3.4223	17.9	5.1558	3
14.55	3.4185	17.7988	5.1601	3
14.6	3.4157	17.1939	5.1583	3
14.65	3.4125	17.8034	5.1379	3
14.7	3.4084	17.7182	5.1606	3
14.75	3.4056	16.8018	5.1714	3
14.8	3.4021	17.8573	5.1681	3
14.85	3.3976	17.4594	5.1629	3
14.9	3.3949	16.8111	5.1491	3
14.95	3.3912	17.4269	5.1429	3
15	3.3867	17.4168	5.1319	3
15.05	3.3828	16.88	5.1426	3
15.1	3.3793	16.9805	5.1479	3
15.15	3.3748	17.0514	5.1479	3
15.2	3.3714	16.5821	5.1418	3
15.25	3.3679	16.8586	5.1396	3
15.3	3.3634	16.9605	5.144	3
15.35	3.3596	16.2626	5.1595	3
15.4	3.3562	16.341	5.1708	3
15.45	3.3516	17.0153	5.1659	3
15.5	3.3475	16.109	5.1665	3
15.55	3.3445	15.7353	5.1566	3
15.6	3.3405	16.6148	5.1671	3
15.65	3.3357	16.0555	5.1784	3
15.7	3.3333	15.415	5.1702	3
15.75	3.3293	16.3089	5.1727	3
15.8	3.3244	16.0455	5.1721	3
15.85	3.321	15.2548	5.1813	3
15.9	3.3171	16.0041	5.1832	3
15.95	3.3123	15.7682	5.1765	3
16	3.3087	15.187	5.1884	3
16.05	3.305	15.6069	5.1669	3
16.1	3.2998	15.7929	5.1546	3
16.15	3.2956	15.2066	5.1698	3
16.2	3.2916	15.1998	5.1593	3
16.25	3.287	15.3687	5.1501	3
16.3	3.2824	15.1527	5.1479	3
16.35	3.2784	14.834	5.1463	3
16.4	3.2745	15.0513	5.1464	3
16.45	3.2702	14.9557	5.1534	3
16.5	3.266	14.7504	5.1475	3
16.55	3.2619	14.7979	5.1425	3
16.6	3.2568	14.9148	5.1463	3
16.65	3.2522	14.4911	5.1619	3
16.7	3.248	14.4325	5.1613	3
16.75	3.2428	14.8379	5.1537	3
16.8	3.2378	14.3863	5.1491	3
16.85	3.2339	14.1015	5.1415	3
16.9	3.2297	14.352	5.1424	3
16.95	3.224	14.5407	5.1456	3
17	3.2194	13.8512	5.1559	3
17.05	3.2147	14.2906	5.1457	3
17.1	3.2095	14.178	5.1306	3
17.15	3.2046	13.8444	5.1428	3
17.2	3.1997	13.7603	5.1375	3
17.25	3.195	14.0826	5.1443	3
17.3	3.1897	13.6333	5.1413	3
17.35	3.1855	13.4621	5.1338	3
17.4	3.1806	13.6209	5.1152	3
17.45	3.1747	13.9682	5.122	3
17.5	3.17	13.062	5.1388	3
17.55	3.165	13.6514	5.139	3
17.6	3.1591	13.4157	5.13	3
17.65	3.1546	12.8393	5.1256	3
17.7	3.1492	13.4567	5.1313	3
17.75	3.1437	13.0469	5.1336	3
17.8	3.1387	12.8785	5.1399	3
17.85	3.134	12.9432	5.126	3
17.9	3.1287	12.88	5.1245	3
17.95	3.1236	12.6206	5.1338	3
18	3.1189	12.3868	5.13	3
18.05	3.1134	12.6711	5.1346	3
18.1	3.1085	12.5051	5.1305	3
18.15	3.1037	12.0462	5.1261	3
18.2	3.0986	12.6059	5.1267	3
18.25	3.0927	12.303	5.1442	3
18.3	3.0878	12.0591	5.1405	3
18.35	3.0826	12.0845	5.1371	3
18.4	3.077	11.8424	5.1457	3
18.45	3.072	11.7982	5.142	3
18.5	3.0672	11.6394	5.1334	3
18.55	3.0622	11.8256	5.1304	3
18.6	3.0571	11.6738	5.1289	3
18.65	3.0514	11.6406	5.1189	3
18.7	3.0465	11.4615	5.1069	3
18.75	3.041	11.3092	5.1203	3
18.8	3.0358	11.2572	5.1407	3
18.85	3.0305	11.2598	5.1235	3
18.9	3.0254	11.0558	5.1213	3
18.95	3.0203	11.0951	5.1371	3
19	3.0157	10.6235	5.1403	3
19.05	3.01	11.3279	5.1533	3
19.1	3.0039	10.7945	5.1249	3
19.15	2.9997	10.4307	5.1109	3
19.2	2.9945	10.9036	5.1281	3
19.25	2.9892	10.5558	5.1326	3
19.3	2.9846	10.0241	5.1136	3
19.35	2.9795	10.6185	5.1028	3
19.4	2.9736	10.5401	5.1214	3
19.45	2.9683	10.0326	5.1269	3
19.5	2.9631	10.17	5.117	3
19.55	2.9578	10.2008	5.1201	3
19.6	2.9525	9.86	5.1343	3
19.65	2.9479	9.6884	5.1268	3
19.7	2.9423	10.0053	5.1337	3
19.75	2.9374	9.4151	5.1408	3
19.8	2.9328	9.4535	5.1471	3
19.85	2.9281	9.481	5.1427	3
19.9	2.9229	9.3528	5.1202	3
19.95	2.9184	9.1957	5.1218	3
20	2.9132	9.1938	5.1202	3
20.05	2.9083	9.0169	5.126	3
20.1	2.9032	9.1406	5.1152	3
20.15	2.8983	8.7578	5.0995	3
20.2	2.8932	9.0972	5.1064	3
20.25	2.8876	8.7016	5.1155	3
20.3	2.8829	8.4736	5.1292	3
20.35	2.8777	8.8679	5.1216	3
20.4	2.872	8.8218	5.1386	3
20.45	2.8675	8.0008	5.1413	3
20.5	2.8622	8.9005	5.1283	3
20.55	2.8563	8.5878	5.1267	3
20.6	2.851	8.2068	5.1236	3
20.65	2.8457	8.3397	5.1215	3
20.7	2.8395	8.4883	5.1169	3
20.75	2.8338	7.9927	5.1176	3
20.8	2.829	7.8406	5.129	3
20.85	2.8233	8.3791	5.1199	3
20.9	2.8172	7.8196	5.1209	3
20.95	2.8125	7.5836	5.1357	3
21	2.8063	8.1247	5.1255	3
21.05	2.7997	7.8811	5.1073	3
21.1	2.7947	7.2258	5.093	3
21.15	2.7894	7.8294	5.1043	3
21.2	2.7829	7.7372	5.1224	3
21.25	2.7776	7.1937	5.1189	3
21.3	2.7724	7.2791	5.1145	3
21.35	2.7657	7.8888	5.1046	3
21.4	2.7592	7.285	5.1	3
21.45	2.7538	6.8722	5.1083	3
21.5	2.7472	7.5378	5.1225	3
21.55	2.7404	7.2668	5.1319	3
21.6	2.7344	6.8113	5.1459	3
21.65	2.7284	7.2341	5.1381	3
21.7	2.7214	7.1594	5.145	3
21.75	2.7156	6.5837	5.1304	3
21.8	2.7093	6.9916	5.1283	3
21.85	2.7021	7.1569	5.1348	3
21.9	2.696	6.325	5.1143	3
21.95	2.6903	6.2969	5.0984	3
22	2.683	7.1017	5.1138	3
22.05	2.6756	6.3588	5.1243	3
22.1	2.6701	5.9602	5.1289	3
22.15	2.6631	6.8439	5.1286	3
22.2	2.6555	6.2889	5.1401	3
22.25	2.6497	5.6688	5.1366	3
22.3	2.6433	6.4816	5.1311	3
22.35	2.6354	6.4315	5.1301	3
22.4	2.6295	5.4596	5.129	3
22.45	2.6229	6.0102	5.1262	3
22.5	2.6149	6.4704	5.1432	3
22.55	2.6079	5.1026	5.1526	3
22.6	2.6021	5.6561	5.1502	3
22.65	2.5938	6.3391	5.1376	3
22.7	2.5861	5.5189	5.1399	3
22.75	2.5804	4.8965	5.1295	3
22.8	2.5729	6.3392	5.1217	3
22.85	2.5646	5.3192	5.1228	3
22.9	2.5583	4.8443	5.1303	3
22.95	2.5507	5.7635	5.1328	3
23	2.5418	5.6125	5.1441	3
23.05	2.5356	4.3754	5.1519	3
23.1	2.5286	5.2055	5.1498	3
23.15	2.5195	5.9277	5.1455	3
23.2	2.5127	3.9945	5.1557	3
23.25	2.5058	5.3326	5.1605	3
23.3	2.4965	5.582	5.1598	3
23.35	2.4893	3.9996	5.1498	3
23.4	2.4826	4.6352	5.1397	3
23.45	2.4733	5.4842	5.1363	3
23.5	2.4649	4.4065	5.1368	4
23.55	2.4589	3.79	5.143	4
23.6	2.4498	5.5042	5.1529	4
23.65	2.4406	4.3689	5.1401	4
23.7	2.4344	3.6193	5.122	4
23.75	2.4263	5.0512	5.1377	4
23.8	2.4174	4.3159	5.1581	4
23.85	2.4105	3.6118	5.1586	4
23.9	2.4033	4.3046	5.1451	4
23.95	2.395	4.363	5.1409	4
24	2.3875	3.751	5.1399	4
24.05	2.3808	3.7864	5.1404	4
24.1	2.3732	4.2116	5.1375	4
24.15	2.3661	3.7066	5.1336	4
24.2	2.3597	3.7486	5.1527	4
24.25	2.3525	3.9387	5.1682	4
24.3	2.3463	3.5082	5.1637	4
24.35	2.3399	3.6448	5.1605	4
24.4	2.3324	4.1178	5.1493	4
24.45	2.3258	3.2901	5.1363	4
24.5	2.3199	3.3585	5.1371	4
24.55	2.3128	4.0932	5.1384	4
24.6	2.3058	3.386	5.1448	4
24.65	2.3002	3.255	5.1437	4
24.7	2.2936	3.8602	5.1493	4
24.75	2.2867	3.4579	5.1477	4
24.8	2.2816	3.1094	5.1333	4
24.85	2.2757	3.4016	5.1272	4
24.9	2.2697	3.507	5.1342	4
24.95	2.2642	2.9328	5.124	4
25	2.2586	3.2995	5.1207	4
25.05	2.2527	3.3018	5.1286	4
25.1	2.247	3.0321	5.117	4
25.15	2.2418	3.0094	5.1263	4
25.2	2.2362	3.2559	5.1281	4
25.25	2.2307	2.7934	5.1355	4
25.3	2.2258	3.0779	5.1465	4
25.35	2.2206	2.7735	5.1495	4
25.4	2.2163	2.685	5.1559	4
25.45	2.2115	3.1138	5.1583	4
25.5	2.207	2.4918	5.1579	4
25.55	2.2025	2.9532	5.1591	4
25.6	2.1976	2.694	5.1551	4
25.65	2.1933	2.5145	5.1595	4
25.7	2.1893	2.4977	5.1649	4
25.75	2.1843	2.8961	5.1475	4
25.8	2.1801	2.4257	5.1446	4
25.85	2.1762	2.1015	5.1348	4
25.9	2.1723	2.6977	5.1389	4
25.95	2.1678	2.5104	5.1584	4
26	2.1639	2.2135	5.1589	4
26.05	2.1608	2.2824	5.1509	4
26.1	2.157	2.3927	5.1312	4
26.15	2.1529	2.2998	5.1304	4
26.2	2.1498	1.9517	5.123	4
26.25	2.1461	2.3825	5.1245	4
26.3	2.1426	2.132	5.1162	4
26.35	2.1391	2.1277	5.1192	4
26.4	2.1363	1.9523	5.1313	4
26.45	2.1326	2.5143	5.1144	4
26.5	2.1295	1.5392	5.1104	4
26.55	2.1271	1.9806	5.1128	4
26.6	2.1237	2.2179	5.1115	4
26.65	2.1207	1.8501	5.1093	4
26.7	2.1187	1.4349	5.1146	4
26.75	2.1152	2.5495	5.1137	4
26.8	2.112	1.6284	5.1209	4
26.85	2.11	1.6392	5.1208	4
26.9	2.1076	1.9144	5.1159	4
26.95	2.1047	1.9648	5.1151	4
27	2.103	1.1809	5.1086	4
27.05	2.1008	1.9428	5.088	4
27.1	2.0975	1.9208	5.0969	4
27.15	2.0957	1.1138	5.1166	4
27.2	2.0942	1.5616	5.1186	4
27.25	2.0915	1.8754	5.1043	4
27.3	2.0892	1.4662	5.0826	4
27.35	2.0874	1.5356	5.0856	4
27.4	2.0851	1.3122	5.0935	4
27.45	2.0837	1.5938	5.1124	4
27.5	2.0815	1.4027	5.1173	4
27.55	2.0795	1.5885	5.1188	4
27.6	2.0775	1.1627	5.1012	4
27.65	2.0764	1.3456	5.0932	4
27.7	2.0744	1.3824	5.0937	4
27.75	2.0724	1.4037	5.0896	4
27.8	2.0708	1.2145	5.0935	4
27.85	2.0697	1.3729	5.1039	4
27.9	2.0678	1.2352	5.1089	4
27.95	2.067	1.0839	5.1126	4
28	2.0657	1.2941	5.1308	4
28.05	2.0643	1.2871	5.1296	4
28.1	2.0638	0.8123	5.1105	4
28.15	2.0627	1.3842	5.0962	4
28.2	2.0611	1.1901	5.1048	4
28.25	2.0604	0.909	5.109	4
28.3	2.0583	1.517	5.1101	4
28.35	2.0574	0.8974	5.1174	4
28.4	2.0567	0.9007	5.1023	4
28.45	2.0558	1.376	5.1115	4
28.5	2.0545	0.9795	5.1187	4
28.55	2.0546	0.5854	5.107	4
28.6	2.0535	1.5281	5.0986	4
28.65	2.0523	0.8658	5.0882	4
28.7	2.0518	0.8128	5.1023	4
28.75	2.0504	1.3187	5.0925	4
28.8	2.0496	0.6392	5.0864	4
28.85	2.0498	0.6404	5.0965	4
28.9	2.0485	1.3877	5.0882	4
28.95	2.0476	0.7989	5.1031	4
29	2.0471	0.9586	5.1091	4
29.05	2.0462	0.8433	5.1023	4
29.1	2.0455	1.1253	5.1078	4
29.15	2.0449	0.6138	5.09	4
29.2	2.0446	0.8324	5.0956	4
29.25	2.0439	0.9902	5.1046	4
29.3	2.0426	1.1631	5.0997	4
29.35	2.0433	0.2873	5.1	4
29.4	2.043	1.087	5.1138	4
29.45	2.0419	1.0781	5.1045	4
29.5	2.0413	0.7444	5.0885	4
29.55	2.0414	0.6198	5.0913	4
29.6	2.0405	1.1665	5.1257	4
29.65	2.0399	0.57	5.14	4
29.7	2.0397	0.9092	5.1137	4
29.75	2.0386	1.114	5.1061	4
29.8	2.0379	0.8124	5.1135	4
29.85	2.0382	0.4191	5.1138	4
29.9	2.037	1.4462	5.1076	4
29.95	2.0359	0.7739	5.0974	4
30	2.0357	0.8352	5.1076	4
30.05	2.0352	0.9947	5.1153	4
30.1	2.0351	0.7527	5.1248	4
30.15	2.0343	1.1576	5.1335	4
30.2	2.0335	1.1103	5.1329	4
30.25	2.0328	0.6415	5.122	4
30.3	2.0319	1.4136	5.1038	4
30.35	2.0304	0.9916	5.0941	4
30.4	2.0296	1.0135	5.1026	4
30.45	2.0295	0.7444	5.0929	4
30.5	2.0284	1.3194	5.0907	4
30.55	2.027	1.1377	5.0974	4
30.6	2.0266	0.6056	5.113	4
30.65	2.026	1.3096	5.1194	4
30.7	2.0246	1.462	5.1261	4
30.75	2.0237	0.7612	5.1301	4
30.8	2.0233	0.9889	5.1069	4
30.85	2.0219	1.2449	5.1001	4
30.9	2.0202	1.1787	5.1123	4
30.95	2.0197	0.9443	5.1194	4
31	2.019	1.078	5.1299	4
31.05	2.0175	1.3663	5.1438	4
31.1	2.0163	1.0466	5.134	4
31.15	2.0154	0.9931	5.1203	4
31.2	2.0144	1.2377	5.1111	4
31.25	2.0132	1.1107	5.1291	4
31.3	2.0116	1.5899	5.1315	4
31.35	2.0109	0.7648	5.1293	4
31.4	2.01	1.4738	5.1423	4
31.45	2.0075	1.482	5.144	4
31.5	2.0066	1.0562	5.1475	4
31.55	2.0056	1.1123	5.149	4
31.6	2.0046	1.2032	5.1231	4
31.65	2.0024	1.7553	5.1217	4
31.7	2.0011	0.9366	5.1322	4
31.75	2.0005	1.2702	5.1388	4
31.8	1.9979	1.7902	5.1357	4
31.85	1.9964	0.7965	5.1277	4
31.9	1.996	1.1044	5.1374	4
31.95	1.9941	1.7386	5.1331	4
32	1.9924	1.2753	5.1349	4
32.05	1.9916	1.1007	5.1403	4
32.1	1.9906	1.4221	5.1374	4
32.15	1.9878	1.9462	5.147	4
32.2	1.9863	1.0839	5.1492	4
32.25	1.9854	1.0777	5.1441	4
32.3	1.9834	1.8718	5.1438	4
32.35	1.9813	1.2204	5.1286	4
32.4	1.9802	1.2189	5.1434	4
32.45	1.9787	1.5884	5.1482	4
32.5	1.9764	1.4249	5.1362	4
32.55	1.9753	1.1749	5.1371	4
32.6	1.9739	1.5732	5.1302	4
32.65	1.9714	1.6018	5.1386	4
32.7	1.9699	1.2637	5.115	4
32.75	1.9688	1.157	5.0958	4
32.8	1.9665	1.8386	5.1096	4
32.85	1.9654	0.8296	5.1326	4
32.9	1.9643	1.4066	5.1416	4
32.95	1.9617	1.9528	5.1506	4
33	1.9596	1.0882	5.1358	4
33.05	1.9598	1.02	5.1219	4
33.1	1.9571	2.0671	5.133	4
33.15	1.9543	1.6086	5.1429	4
33.2	1.9536	0.5775	5.1285	4
33.25	1.9527	1.8114	5.1286	4
33.3	1.9493	2.0871	5.1275	4
33.35	1.9478	0.6976	5.1149	4
33.4	1.9473	1.335	5.1086	4
33.45	1.9447	1.769	5.1129	4
33.5	1.9431	1.3536	5.1009	4
33.55	1.9421	1.1423	5.1	4
33.6	1.9397	1.9279	5.1035	4
33.65	1.9375	1.4849	5.1088	4
33.7	1.9363	1.0576	5.111	4
33.75	1.9354	1.3651	5.1136	4
33.8	1.9332	1.7395	5.1322	4
33.85	1.9314	1.0685	5.1412	4
33.9	1.9309	1.1524	5.1328	4
33.95	1.9285	1.7667	5.1251	4
34	1.9264	1.324	5.1259	4
34.05	1.9252	1.3095	5.1318	4
34.1	1.9228	1.9004	5.1345	4
34.15	1.9207	1.1247	5.1192	4
34.2	1.9202	1.1336	5.1225	4
34.25	1.9182	1.6298	5.1362	4
34.3	1.9166	1.2164	5.1293	4
34.35	1.9159	0.9304	5.1114	4
34.4	1.9144	1.4895	5.1081	4
34.45	1.9122	1.5975	5.144	4
34.5	1.9121	0.5379	5.1534	4
34.55	1.9105	1.7784	5.1164	4
34.6	1.9076	1.7684	5.1082	4
34.65	1.9075	0.3096	5.1273	4
34.7	1.9068	1.6601	5.1363	4
34.75	1.9035	1.9205	5.122	4
34.8	1.9034	0.2968	5.1071	4
34.85	1.9027	1.5858	5.1278	4
34.9	1.9006	1.4191	5.1337	4
34.95	1.9001	0.6432	5.1386	4
35	1.9	0.9465	5.1337	4
35.05	1.8973	2.0603	5.1302	4
35.1	1.8958	0.7929	5.1242	4
35.15	1.896	0.6377	5.1179	4
35.2	1.8943	1.7447	5.1297	4
35.25	1.8931	0.6039	5.1249	4
35.3	1.8945	0.1329	5.1157	4
35.35	1.8929	1.8978	5.1327	4
35.4	1.8913	0.6179	5.1365	4
35.45	1.8924	0.3154	5.1348	4
35.5	1.8913	1.6416	5.1429	4
35.55	1.8895	1.0333	5.128	4
35.6	1.8901	0.2402	5.1386	4
35.65	1.8897	1.2559	5.1302	4
35.7	1.8881	0.9378	5.1228	4
35.75	1.8884	0.5059	5.1299	4
35.8	1.8873	1.4271	5.1249	4
35.85	1.8864	0.6198	5.1321	4
35.9	1.887	0.5098	5.1305	4
35.95	1.8863	1.3246	5.134	4
36	1.8852	0.7358	5.1456	4
36.05	1.8854	0.6467	5.1314	4
36.1	1.8844	1.2315	5.1219	4
36.15	1.8841	0.7257	5.1322	4
36.2	1.8838	0.7083	5.1127	4
36.25	1.8834	0.969	5.1182	4
36.3	1.8824	1.0254	5.1135	4
36.35	1.8823	0.6228	5.1298	4
36.4	1.8824	0.928	5.156	4
36.45	1.8807	1.6698	5.1446	4
36.5	1.8797	0.7296	5.1377	4
36.55	1.8806	0.2849	5.1303	4
36.6	1.879	1.9285	5.1312	4
36.65	1.8771	1.136	5.1375	4
36.7	1.8767	0.7552	5.1257	4
36.75	1.8762	1.1294	5.1267	4
36.8	1.8749	1.1234	5.1259	4
36.85	1.8741	1.0838	5.1138	4
36.9	1.8732	1.2053	5.125	4
36.95	1.8715	1.1781	5.1335	4
37	1.8705	0.9696	5.1463	4
37.05	1.8702	0.8593	5.1357	4
37.1	1.8684	1.6195	5.1123	4
37.15	1.868	0.4467	5.1041	4
37.2	1.8677	1.219	5.1158	4
37.25	1.8657	1.476	5.1243	4
37.3	1.8652	0.5351	5.1149	4
37.35	1.8651	0.8856	5.1123	4
37.4	1.8645	1.0981	5.1156	4
37.45	1.8638	0.7448	5.1191	4
37.5	1.8639	0.9499	5.1173	4
37.55	1.8624	1.1415	5.1062	4
37.6	1.8617	1.1913	5.1194	4
37.65	1.8609	0.7838	5.1191	4
37.7	1.8589	1.7259	5.1138	4
37.75	1.8582	0.5415	5.1143	4
37.8	1.8576	1.108	5.1083	4
37.85	1.8561	1.292	5.0907	4
37.9	1.8552	0.8376	5.1043	4
37.95	1.8552	0.8908	5.1128	4
38	1.8536	1.6052	5.1394	4
38.05	1.8523	0.9422	5.1291	4
38.1	1.8527	0.6643	5.1151	4
38.15	1.8512	1.5952	5.1105	4
38.2	1.8487	1.6481	5.1044	4
38.25	1.8485	0.2901	5.1084	4
38.3	1.8474	1.7256	5.1237	4
38.35	1.8453	1.3224	5.1318	4
38.4	1.8442	1.0496	5.1369	4
38.45	1.8441	0.844	5.1238	4
38.5	1.8417	2.218	5.1184	4
38.55	1.8401	0.7097	5.1337	4
38.6	1.8398	1.0193	5.121	4
38.65	1.8383	1.4912	5.1086	4
38.7	1.836	1.6345	5.1242	4
38.75	1.8354	0.6169	5.1265	4
38.8	1.8345	1.4218	5.1224	4
38.85	1.8325	1.4745	5.1118	4
38.9	1.8315	1.1438	5.1142	4
38.95	1.8309	0.8761	5.1147	4
39	1.8291	1.787	5.1328	4
39.05	1.8273	1.0679	5.1311	4
39.1	1.8263	1.292	5.1315	4
39.15	1.8253	0.9447	5.132	4
39.2	1.824	1.5253	5.1203	4
39.25	1.8224	1.0739	5.1249	4
39.3	1.8213	1.4086	5.1345	4
39.35	1.8201	0.9877	5.1224	4
39.4	1.8191	1.3585	5.1239	4
39.45	1.8176	0.9777	5.1314	4
39.5	1.8164	1.2986	5.1222	4
39.55	1.8154	0.817	5.1208	4
39.6	1.8149	1.2977	5.1212	4
39.65	1.8131	1.2391	5.1258	4
39.7	1.8122	0.9735	5.1378	4
39.75	1.8111	1.2742	5.1448	4
39.8	1.8097	1.2808	5.1432	4
39.85	1.8085	1.0123	5.1384	4
39.9	1.8082	0.9495	5.1446	4
39.95	1.8067	1.526	5.1487	4
40	1.8054	1.1848	5.1323	4
40.05	1.8048	0.6736	5.1238	4
40.1	1.8035	1.7482	5.1281	4
40.15	1.8015	1.1583	5.1096	4
40.2	1.8013	0.7671	5.1063	4
40.25	1.8001	1.416	5.1166	4
40.3	1.7983	1.2999	5.1215	4
40.35	1.7978	0.8856	5.1204	4
40.4	1.797	1.1533	5.1346	4
40.45	1.7953	1.3269	5.1404	4
40.5	1.7942	1.0685	5.1268	4
40.55	1.793	1.1399	5.1231	4
40.6	1.7916	1.2304	5.117	4
40.65	1.7905	1.1924	5.1163	4
40.7	1.7899	0.9452	5.1213	4
40.75	1.789	1.2468	5.1264	4
40.8	1.7881	0.9729	5.1457	4
40.85	1.7871	1.1747	5.1501	4
40.9	1.7857	1.2713	5.1408	4
40.95	1.7849	0.92	5.1353	4
41	1.7832	1.7403	5.129	4
41.05	1.7822	0.6175	5.1325	4
41.1	1.7821	1.0236	5.1324	4
41.15	1.7795	1.7985	5.117	4
41.2	1.7784	0.7885	5.1144	4
41.25	1.7785	0.7905	5.1138	4
41.3	1.7764	1.9018	5.1152	4
41.35	1.7754	0.7261	5.116	4
41.4	1.7754	0.6934	5.1149	4
41.45	1.7739	1.7396	5.1283	4
41.5	1.7715	1.3925	5.1178	4
41.55	1.7718	0.3913	5.1119	4
41.6	1.7711	1.2429	5.122	4
41.65	1.7689	1.668	5.1226	4
41.7	1.768	0.7128	5.1198	4
41.75	1.7677	1.0915	5.1144	4
41.8	1.7664	1.3432	5.1062	4
41.85	1.7656	0.8542	5.1092	4
41.9	1.765	1.1173	5.1032	4
41.95	1.7631	1.5251	5.0969	4
42	1.7617	1.0827	5.1197	4
42.05	1.7611	1.0135	5.1242	4
42.1	1.7596	1.343	5.1243	4
42.15	1.7587	0.9715	5.1192	4
42.2	1.7577	1.22	5.121	4
42.25	1.7563	1.1361	5.1234	4
42.3	1.755	1.3413	5.1331	4
42.35	1.7539	0.8922	5.1386	4
42.4	1.7532	1.1307	5.1033	4
42.45	1.752	1.3162	5.1012	4
42.5	1.7498	1.6118	5.1089	4
42.55	1.7491	0.5242	5.0997	4
42.6	1.7479	1.5689	5.1134	4
42.65	1.7462	1.2013	5.0901	4
42.7	1.746	0.7986	5.0719	4
42.75	1.7451	1.3385	5.0786	4
42.8	1.7434	1.3445	5.0698	4
42.85	1.7427	0.7513	5.0887	4
42.9	1.7419	1.2187	5.1093	4
42.95	1.7408	1.1512	5.1142	4
43	1.7399	0.9377	5.1049	4
43.05	1.7391	1.1703	5.1048	4
43.1	1.7376	1.3342	5.1141	4
43.15	1.7361	1.0826	5.1149	4
43.2	1.7361	0.7525	5.1124	4
43.25	1.7346	1.2489	5.1156	4
43.3	1.7338	1.2063	5.1066	4
43.35	1.7331	0.8464	5.1043	4
43.4	1.7317	1.6347	5.1093	4
43.45	1.7305	0.7194	5.0956	4
43.5	1.7301	1.0151	5.0974	4
43.55	1.7289	1.2274	5.0968	4
43.6	1.7277	1.1685	5.0986	4
43.65	1.7272	0.6169	5.106	4
43.7	1.7266	1.3085	5.1055	4
43.75	1.7255	1.0322	5.1281	4
43.8	1.7254	0.6072	5.1459	4
43.85	1.7243	1.3364	5.1146	4
43.9	1.7225	1.3422	5.0959	4
43.95	1.7226	0.3233	5.1	4
44	1.7224	1.1072	5.1165	4
44.05	1.7206	1.2928	5.1176	4
44.1	1.7203	0.5803	5.1262	4
44.15	1.7199	0.9303	5.1265	4
44.2	1.7185	1.3354	5.1198	4
44.25	1.7176	0.7868	5.1142	4
44.3	1.7174	0.9175	5.1145	4
44.35	1.7165	0.9877	5.1166	4
44.4	1.7161	0.656	5.1157	4
44.45	1.7153	1.067	5.1126	4
44.5	1.7157	0.3889	5.1093	4
44.55	1.7154	0.9464	5.1221	4
44.6	1.7147	1.0346	5.1139	4
44.65	1.7142	0.6177	5.0994	4
44.7	1.7142	0.7904	5.1059	4
44.75	1.7136	0.9434	5.1026	4
44.8	1.7133	0.5732	5.0979	4
44.85	1.7134	0.7224	5.0854	4
44.9	1.7133	0.6745	5.0865	4
44.95	1.7126	0.7877	5.0851	4
45	1.7128	0.5375	5.0928	4
45.05	1.7126	0.7123	5.0983	4
45.1	1.7125	0.7639	5.102	4
45.15	1.7126	0.6671	5.107	4
45.2	1.7127	0.5521	5.0883	4
45.25	1.7126	0.7544	5.0847	4
45.3	1.7122	0.6713	5.0972	4
45.35	1.7124	0.5772	5.0799	4
45.4	1.7123	0.5802	5.0842	4
45.45	1.7118	0.9133	5.0974	4
45.5	1.7127	0.1333	5.1176	4
45.55	1.7131	0.6849	5.1168	4
45.6	1.7121	1.0113	5.1054	4
45.65	1.7128	-0.1921	5.1042	4
45.7	1.7133	0.9955	5.1087	4
45.75	1.7128	0.7149	5.1041	4
45.8	1.7127	0.4064	5.1023	4
45.85	1.7139	0.3561	5.1043	4
45.9	1.7133	0.8448	5.0992	4
45.95	1.7138	0.3441	5.1021	4
46	1.7138	0.6939	5.1019	4
46.05	1.7142	0.4682	5.0954	4
46.1	1.7139	0.8965	5.0862	4
46.15	1.7139	0.1236	5.0777	4
46.2	1.7143	0.9106	5.0879	4
46.25	1.7145	0.2219	5.0953	4
46.3	1.7146	0.7456	5.1139	4
46.35	1.7149	0.434	5.1088	4
46.4	1.7152	0.6637	5.1092	4
46.45	1.7146	0.8376	5.1079	4
46.5	1.7138	0.8589	5.1068	4
46.55	1.7153	-0.495	5.121	4
46.6	1.7157	1.4314	5.1214	4
46.65	1.7145	0.624	5.1183	4
46.7	1.7156	0.2069	5.1314	4
46.75	1.7159	0.8707	5.1248	4
46.8	1.7154	0.7358	5.1287	4
46.85	1.7156	0.5609	5.1288	4
46.9	1.7151	0.8218	5.1295	4
46.95	1.7154	0.2954	5.1351	4
47	1.7151	1.1235	5.1238	4
47.05	1.715	0.1239	5.1119	4
47.1	1.7154	1.1069	5.1003	4
47.15	1.7141	0.8668	5.1034	4
47.2	1.7146	0.2246	5.1159	4
47.25	1.7152	0.7167	5.1247	4
47.3	1.7138	1.1314	5.1332	4
47.35	1.7147	0.087	5.1315	4
47.4	1.7146	0.9751	5.1484	4
47.45	1.7135	1.0525	5.1546	4
47.5	1.7141	0.184	5.1416	4
47.55	1.7142	0.7746	5.1267	4
47.6	1.7141	0.8646	5.1329	4
47.65	1.7134	0.5766	5.144	4
47.7	1.7132	0.8781	5.1342	4
47.75	1.7131	0.3491	5.1224	4
47.8	1.7132	0.868	5.1264	4
47.85	1.7131	0.6052	5.1428	4
47.9	1.7129	0.7395	5.1418	4
47.95	1.7131	0.7412	5.1292	4
48	1.7131	0.494	5.1209	4
48.05	1.7124	1.0445	5.1327	4
48.1	1.7123	0.5739	5.142	4
48.15	1.7119	0.7072	5.1368	4
48.2	1.7121	0.7385	5.1318	4
48.25	1.7119	0.5121	5.1177	4
48.3	1.7126	0.4952	5.1191	4
48.35	1.7124	0.7179	5.1133	4
48.4	1.712	0.6968	5.105	4
48.45	1.712	0.7684	5.1314	4
48.5	1.7117	0.5943	5.1282	4
48.55	1.7122	0.4768	5.1163	4
48.6	1.7123	0.7036	5.1312	4
48.65	1.7119	0.6058	5.1284	4
48.7	1.7131	0.379	5.121	4
48.75	1.7123	1.1893	5.1183	4
48.8	1.712	0.3227	5.1132	4
48.85	1.7129	0.4558	5.129	4
48.9	1.7129	0.6639	5.1298	4
48.95	1.7125	0.7971	5.1413	4
49	1.7121	0.7683	5.1272	4
49.05	1.7124	0.295	5.1107	4
49.1	1.7132	0.5372	5.1224	4
49.15	1.7123	1.2488	5.1293	4
49.2	1.7124	0.0043	5.1459	4
49.25	1.7132	0.7287	5.1643	4
49.3	1.7125	0.9849	5.1497	4
49.35	1.7123	0.3003	5.1411	4
49.4	1.7133	0.392	5.1409	4
49.45	1.7124	1.334	5.1483	4
49.5	1.7125	0.0814	5.1564	4
49.55	1.7133	0.5444	5.1496	4
49.6	1.7129	0.9323	5.1735	4
49.65	1.713	0.544	5.1653	4
49.7	1.7133	0.4078	5.1419	4
49.75	1.7141	0.3415	5.137	4
49.8	1.7143	0.6023	5.1299	4
49.85	1.7136	0.8582	5.1367	4
49.9	1.7143	0.0484	5.1403	4
49.95	1.715	0.7577	5.1215	4
50	1.7144	0.7216	5.1212	4
50.05	1.7158	-0.1565	5.1274	4
50.1	1.7159	0.9607	5.1257	4
50.15	1.7153	0.6509	5.1197	4
50.2	1.716	-0.0395	5.1259	4
50.25	1.717	0.6044	5.1315	4
50.3	1.7168	0.4711	5.1224	4
50.35	1.7176	0.3419	5.1351	4
50.4	1.7178	0.7769	5.1369	4
50.45	1.7178	0.3894	5.1389	4
50.5	1.718	0.4485	5.1508	4
50.55	1.7188	0.4459	5.15	4
50.6	1.7186	0.7906	5.1587	4
50.65	1.7193	0.1936	5.149	4
50.7	1.7195	0.5195	5.1439	4
50.75	1.7195	0.8478	5.1547	4
50.8	1.7204	-0.0679	5.1441	4
50.85	1.7209	0.8145	5.1348	4
50.9	1.7205	0.7359	5.1337	4
50.95	1.7211	0.085	5.1298	4
51	1.7217	1.0331	5.1448	4
51.05	1.7209	0.4608	5.1462	4
51.1	1.7216	0.4281	5.1469	4
51.15	1.7218	0.8214	5.1452	4
51.2	1.721	0.7159	5.1321	4
51.25	1.7215	0.4308	5.1298	4
51.3	1.722	0.3758	5.1298	4
51.35	1.7219	0.8453	5.1341	4
51.4	1.7221	0.5875	5.1415	4
51.45	1.7219	0.6494	5.1469	4
51.5	1.7223	0.591	5.1464	4
51.55	1.722	0.6838	5.1287	4
51.6	1.7223	0.2531	5.1132	4
51.65	1.7233	0.4889	5.1403	4
51.7	1.7223	1.3794	5.1409	4
51.75	1.7222	0.2665	5.1293	4
51.8	1.7237	0.0534	5.1388	4
51.85	1.7225	1.7884	5.1484	4
51.9	1.7225	-0.2856	5.1556	4
51.95	1.7233	0.8934	5.1443	4
52	1.7225	0.9073	5.1336	4
52.05	1.7221	0.5054	5.1092	4
52.1	1.7227	0.5589	5.0992	4
52.15	1.7224	0.792	5.131	4
52.2	1.7223	0.6241	5.1375	4
52.25	1.7225	0.7703	5.1285	4
52.3	1.7226	0.1753	5.1285	4
52.35	1.7224	1.3123	5.1417	4
52.4	1.7223	0.1562	5.1492	4
52.45	1.7231	0.6496	5.1443	4
52.5	1.7225	1.0658	5.1414	4
52.55	1.7224	0.1854	5.1504	4
52.6	1.7237	0.5967	5.1515	4
52.65	1.7233	0.8731	5.165	4
52.7	1.7225	0.7837	5.1796	4
52.75	1.7239	-0.0408	5.1648	4
52.8	1.7238	0.9087	5.1478	4
52.85	1.7231	0.9609	5.1212	4
52.9	1.7239	-0.2489	5.1249	4
52.95	1.7251	0.6669	5.1272	4
53	1.7242	1.3168	5.1132	4
53.05	1.7243	-0.1671	5.1157	4
53.1	1.7255	0.5809	5.1163	4
53.15	1.7254	0.6999	5.1349	4
53.2	1.725	0.7531	5.1376	4
53.25	1.7266	-0.1985	5.1253	4
53.3	1.7257	1.4711	5.1205	4
53.35	1.7254	0.1735	5.1208	4
53.4	1.7264	0.2962	5.1237	4
53.45	1.7264	0.7805	5.1179	4
53.5	1.7267	0.3868	5.1181	4
53.55	1.7266	0.6138	5.1283	4
53.6	1.7273	0.436	5.1298	4
53.65	1.7272	0.6698	5.1381	4
53.7	1.7269	0.854	5.1602	4
53.75	1.7287	-0.4688	5.1509	4
53.8	1.7284	1.6181	5.136	4
53.85	1.7277	0.4018	5.1461	4
53.9	1.729	0.0309	5.1421	4
53.95	1.7292	0.9386	5.1482	4
54	1.7283	0.8435	5.1262	4
54.05	1.7282	0.4867	5.13	4
54.1	1.7284	0.7027	5.1248	4
54.15	1.7284	0.3687	5.1224	4
54.2	1.7284	1.0448	5.1201	4
54.25	1.7281	0.4339	5.1295	4
54.3	1.7289	0.4744	5.1442	4
54.35	1.7281	1.1733	5.1403	4
54.4	1.7277	0.5554	5.125	4
54.45	1.7286	0.2982	5.1154	4
54.5	1.7276	1.4797	5.1087	4
54.55	1.7272	0.2714	5.1045	4
54.6	1.7285	0.5377	5.1156	4
54.65	1.7275	1.1979	5.133	4
54.7	1.7271	0.5984	5.1544	4
54.75	1.7271	0.6437	5.1477	4
54.8	1.7279	0.368	5.135	4
54.85	1.7272	1.3072	5.1358	4
54.9	1.7261	0.6912	5.1414	4
54.95	1.7272	0.1612	5.1479	4
55	1.7267	1.3919	5.1354	4
55.05	1.7254	0.7873	5.1385	4
55.1	1.7267	0.1023	5.1282	4
55.15	1.726	1.342	5.1202	4
55.2	1.725	0.94	5.1264	4
55.25	1.7252	0.4496	5.131	4
55.3	1.7259	0.4115	5.1352	4
55.35	1.7244	1.6077	5.1379	4
55.4	1.7236	0.6072	5.1317	4
55.45	1.7246	0.2125	5.1235	4
55.5	1.7238	1.5328	5.1237	4
55.55	1.7224	0.8025	5.1413	4
55.6	1.7236	0.0909	5.1446	4
55.65	1.7228	1.7028	5.1217	4
55.7	1.7211	0.7273	5.1231	4
55.75	1.7215	0.5382	5.1385	4
55.8	1.7213	1.0656	5.1463	4
55.85	1.7199	1.2703	5.1551	4
55.9	1.7197	0.691	5.1586	4
55.95	1.7188	1.074	5.1622	4
56	1.7183	0.9093	5.1534	4
56.05	1.7173	1.2646	5.1479	4
56.1	1.7165	0.9818	5.1715	4
56.15	1.7156	1.2946	5.1696	4
56.2	1.7146	1.0814	5.1619	4
56.25	1.7138	0.8699	5.1525	4
56.3	1.7136	0.9842	5.1635	4
56.35	1.7111	1.9301	5.1558	4
56.4	1.7106	0.4636	5.1444	4
56.45	1.7112	0.7913	5.1548	4
56.5	1.7089	2.0281	5.1589	4
56.55	1.7074	0.8792	5.1588	4
56.6	1.7074	0.8016	5.1706	4
56.65	1.7051	1.9183	5.1664	4
56.7	1.7041	0.6093	5.1594	4
56.75	1.7034	1.3346	5.1709	4
56.8	1.7017	1.2427	5.1593	4
56.85	1.7007	1.4052	5.1435	4
56.9	1.6989	1.1371	5.1576	4
56.95	1.6982	1.0989	5.1587	4
57	1.6969	1.4306	5.1625	4
57.05	1.6947	1.5587	5.147	4
57.1	1.6947	0.3513	5.1313	4
57.15	1.6935	2.0455	5.1421	4
57.2	1.691	1.29	5.1394	4
57.25	1.6905	1.1595	5.1343	4
57.3	1.6888	1.232	5.1364	4
57.35	1.6878	1.3755	5.1621	4
57.4	1.6859	1.379	5.1861	4
57.45	1.6845	1.2675	5.1815	4
57.5	1.6844	0.5123	5.1731	4
57.55	1.6825	2.1501	5.1667	4
57.6	1.6803	0.929	5.172	4
57.65	1.6805	0.7605	5.1686	4
57.7	1.679	1.6454	5.1485	4
57.75	1.6767	1.329	5.1485	4
57.8	1.6759	0.9059	5.1468	4
57.85	1.6755	1.0866	5.1387	4
57.9	1.6729	1.8426	5.1424	4
57.95	1.6719	0.9176	5.1432	4
58	1.6714	0.7538	5.1491	4
58.05	1.6698	1.8333	5.1582	4
58.1	1.6679	1.169	5.1638	4
58.15	1.6681	0.5392	5.141	4
58.2	1.6661	2.0398	5.1173	4
58.25	1.6648	0.7895	5.1211	4
58.3	1.6643	0.9948	5.1339	4
58.35	1.6628	1.3591	5.1214	4
58.4	1.6616	1.0813	5.1231	4
58.45	1.6611	0.9646	5.1296	4
58.5	1.6599	1.2428	5.1401	4
58.55	1.6595	0.7674	5.1417	4
58.6	1.6584	1.5898	5.138	4
58.65	1.6574	0.8649	5.1311	4
58.7	1.6566	1.212	5.1254	4
58.75	1.6555	0.9816	5.1336	4
58.8	1.6552	0.7983	5.1379	4
58.85	1.6543	1.2481	5.1459	4
58.9	1.6523	1.2766	5.145	4
58.95	1.6525	0.2483	5.1315	4
59	1.6524	1.2362	5.1376	4
59.05	1.6507	1.1773	5.1419	4
59.1	1.6505	0.7836	5.1376	4
59.15	1.6502	0.9207	5.1425	4
59.2	1.6489	1.2039	5.1351	4
59.25	1.6485	0.6557	5.1239	4
59.3	1.6478	1.0982	5.1223	4
59.35	1.6468	0.9006	5.1355	4
59.4	1.6466	0.9616	5.1298	4
59.45	1.6464	0.791	5.13	4
59.5	1.646	0.8632	5.1503	4
59.55	1.6451	1.073	5.155	4
59.6	1.6445	0.8153	5.1407	4
59.65	1.6446	0.6199	5.1225	4
59.7	1.6435	1.4547	5.1132	4
59.75	1.6427	0.3891	5.1235	4
59.8	1.6429	1.0541	5.1339	4
59.85	1.6413	1.4108	5.134	4
59.9	1.6411	0.2594	5.1377	4
59.95	1.6415	1.0144	5.1544	4
60	1.6396	1.3778	5.1426	4
60.05	1.6393	0.3054	5.1293	4
60.1	1.6398	0.7616	5.127	4
60.15	1.6389	1.0107	5.1266	4
60.2	1.638	1.1567	5.1327	4
60.25	1.6377	0.5145	5.1452	4
60.3	1.6376	0.9592	5.1578	4
60.35	1.6371	1.0832	5.1472	4
60.4	1.6364	0.643	5.1458	4
60.45	1.6364	0.903	5.1502	4
60.5	1.6353	1.0898	5.1407	4
60.55	1.6346	0.891	5.1414	4
60.6	1.6344	0.6789	5.16	4
60.65	1.6334	1.359	5.1609	4
60.7	1.6322	1.083	5.1632	4
60.75	1.6321	0.4741	5.158	4
60.8	1.6319	1.0026	5.1541	4
60.85	1.6306	1.2129	5.1445	4
60.9	1.6296	0.6899	5.1295	4
60.95	1.63	0.6878	5.1481	4
61	1.6288	1.3672	5.1636	4
61.05	1.628	0.8123	5.1537	4
61.1	1.6287	0.6298	5.1602	4
61.15	1.6274	1.4492	5.1504	4
61.2	1.6264	0.7844	5.1465	4
61.25	1.6264	0.5489	5.1562	4
61.3	1.6256	1.2529	5.163	4
61.35	1.6255	0.5284	5.1597	4
61.4	1.6243	1.2509	5.1586	4
61.45	1.6239	0.7062	5.1556	4
61.5	1.6229	1.0266	5.1489	4
61.55	1.6222	1.1224	5.1436	4
61.6	1.6217	0.5582	5.1386	4
61.65	1.6217	0.9354	5.116	4
61.7	1.6207	1.184	5.1283	4
61.75	1.6202	0.5121	5.1399	4
61.8	1.6204	0.8587	5.1272	4
61.85	1.6203	0.7559	5.1182	4
61.9	1.6192	1.0964	5.0959	4
61.95	1.6184	1.0377	5.0919	4
62	1.6182	0.2976	5.089	4
62.05	1.6176	1.3432	5.0982	4
62.1	1.6165	0.8617	5.1134	4
62.15	1.6171	0.5856	5.1151	4
62.2	1.6166	1.178	5.1219	4
62.25	1.6145	1.4449	5.1219	4
62.3	1.6148	0.32	5.1179	4
62.35	1.6144	1.2473	5.1185	4
62.4	1.613	1.3426	5.1129	4
62.45	1.6121	0.5828	5.1323	4
62.5	1.6124	0.8755	5.1299	4
62.55	1.6106	1.4658	5.1013	4
62.6	1.6096	0.8163	5.1029	4
62.65	1.6095	0.8345	5.116	4
62.7	1.6091	1.117	5.1198	4
62.75	1.6075	1.2727	5.129	4
62.8	1.6074	0.5874	5.1408	4
62.85	1.6065	1.3456	5.1479	4
62.9	1.6051	1.1904	5.14	4
62.95	1.6044	0.9137	5.1261	4
63	1.6045	0.8857	5.121	4
63.05	1.6029	1.3798	5.1311	4
63.1	1.6019	0.842	5.1338	4
63.15	1.6017	0.8502	5.1325	4
63.2	1.6	1.6942	5.1479	4
63.25	1.5988	0.7998	5.1575	4
63.3	1.5986	0.9191	5.1384	4
63.35	1.5968	1.5132	5.1291	4
63.4	1.5956	1.0095	5.1251	4
63.45	1.5946	0.902	5.1105	4
63.5	1.5946	0.8817	5.1136	4
63.55	1.5923	1.9067	5.1235	4
63.6	1.5913	0.566	5.1342	4
63.65	1.592	0.6053	5.1296	4
63.7	1.5901	1.8329	5.1228	4
63.75	1.5884	0.8659	5.1211	4
63.8	1.5885	0.6825	5.1123	4
63.85	1.5873	1.2708	5.1245	4
63.9	1.5863	0.8547	5.1398	4
63.95	1.5857	1.1614	5.1375	4
64	1.5853	0.77	5.1235	4
64.05	1.584	1.3266	5.1125	4
64.1	1.5829	1.0432	5.1231	4
64.15	1.5832	0.2926	5.141	4
64.2	1.5828	1.285	5.1198	4
64.25	1.5809	1.2255	5.1284	4
64.3	1.5813	0.3007	5.1204	4
64.35	1.5806	1.5975	5.1104	4
64.4	1.5791	0.6883	5.1339	4
64.45	1.5798	0.6346	5.1399	4
64.5	1.5784	1.53	5.138	4
64.55	1.5771	0.8442	5.1368	4
64.6	1.5773	0.5206	5.1316	4
64.65	1.576	1.6413	5.1306	4
64.7	1.5748	0.5992	5.1277	4
64.75	1.5754	0.7668	5.1319	4
64.8	1.5743	0.9768	5.1397	4
64.85	1.5738	1.1522	5.1456	4
64.9	1.5728	0.9673	5.1397	4
64.95	1.5727	0.6594	5.1426	4
65	1.5717	1.2792	5.1421	4
65.05	1.5708	0.8898	5.1243	4
65.1	1.5706	0.4829	5.124	4
65.15	1.5699	1.2512	5.144	4
65.2	1.569	0.9178	5.1505	4
65.25	1.569	0.5387	5.1446	4
65.3	1.5685	1.0576	5.1365	4
65.35	1.5677	1.0411	5.1317	4
65.4	1.5669	0.8758	5.1328	4
65.45	1.5673	0.4297	5.1398	4
65.5	1.566	1.5625	5.1395	4
65.55	1.5653	0.6244	5.1469	4
65.6	1.5654	0.6985	5.1344	4
65.65	1.5645	1.1839	5.1406	4
65.7	1.5636	0.9886	5.1348	4
65.75	1.5626	1.0023	5.1248	4
65.8	1.5626	0.7054	5.1308	4
65.85	1.5619	0.9733	5.1386	4
65.9	1.5608	1.0404	5.1526	4
65.95	1.5604	0.7356	5.1513	4
66	1.5598	0.9711	5.1421	4
66.05	1.5591	0.8997	5.1342	4
66.1	1.5585	0.9194	5.1299	4
66.15	1.5575	1.1023	5.1246	4
66.2	1.5576	0.6927	5.1214	4
66.25	1.5567	1.0755	5.1179	4
66.3	1.5561	0.9705	5.1156	4
66.35	1.5559	0.6131	5.1173	4
66.4	1.5554	1.3273	5.1276	4
66.45	1.5548	0.5485	5.1419	4
66.5	1.5542	1.1723	5.1329	4
66.55	1.5531	0.9276	5.1317	4
66.6	1.553	0.5482	5.1335	4
66.65	1.5522	1.4393	5.1196	4
66.7	1.5514	0.5979	5.1126	4
66.75	1.551	1.0897	5.1077	4
66.8	1.5505	0.6483	5.121	4
66.85	1.5499	1.208	5.1271	4
66.9	1.5487	1.0558	5.1303	4
66.95	1.5488	0.497	5.1365	4
67	1.5486	0.9745	5.1457	4
67.05	1.5471	1.2846	5.1436	4
67.1	1.5479	0.0564	5.1376	4
67.15	1.5472	1.2974	5.1464	4
67.2	1.5457	1.205	5.1444	4
67.25	1.5455	0.4845	5.1465	4
67.3	1.5451	0.8167	5.1436	4
67.35	1.5444	1.0662	5.1459	4
67.4	1.5431	1.1347	5.1584	4
67.45	1.5435	0.3705	5.1513	4
67.5	1.5433	1.077	5.1384	4
67.55	1.5421	1.1856	5.1482	4
67.6	1.5415	0.559	5.1432	4
67.65	1.5412	1.0483	5.1323	4
67.7	1.5395	1.3758	5.1429	4
67.75	1.5396	0.313	5.1348	4
67.8	1.5392	1.1795	5.1408	4
67.85	1.5387	0.748	5.1495	4
67.9	1.5387	0.7392	5.1463	4
67.95	1.5376	1.1784	5.1476	4
68	1.5366	0.6809	5.1445	4
68.05	1.5368	0.6992	5.1469	4
68.1	1.5356	1.4689	5.1428	4
68.15	1.5347	0.5396	5.1528	4
68.2	1.5348	0.9079	5.1527	4
68.25	1.5338	1.2403	5.1401	4
68.3	1.5327	0.8415	5.1434	4
68.35	1.5328	0.7335	5.1473	4
68.4	1.532	1.0446	5.1521	4
68.45	1.531	1.2118	5.1462	4
68.5	1.5301	0.8112	5.1307	4
68.55	1.531	0.1122	5.1428	4
68.6	1.5305	1.4105	5.1464	4
68.65	1.5283	1.2483	5.1523	4
68.7	1.5292	0.0836	5.1427	4
68.75	1.5284	1.6392	5.1176	4
68.8	1.5266	1.0243	5.121	4
68.85	1.5276	-0.0002	5.1317	4
68.9	1.5269	1.6298	5.133	4
68.95	1.5253	1.1004	5.1275	4
69	1.5253	0.3461	5.1147	4
69.05	1.5255	0.9156	5.1186	4
69.1	1.5247	1.1036	5.1223	4
69.15	1.5236	0.8257	5.1032	4
69.2	1.5246	0.1007	5.0951	4
69.25	1.5237	1.4201	5.1058	4
69.3	1.5219	1.3116	5.1062	4
69.35	1.5222	0.1209	5.1078	4
69.4	1.5218	1.2624	5.1017	4
69.45	1.5199	1.1327	5.1015	4
69.5	1.5208	0.0818	5.1085	4
69.55	1.5202	1.615	5.1049	4
69.6	1.5187	0.7538	5.1078	4
69.65	1.519	0.6069	5.1056	4
69.7	1.5179	1.3985	5.1038	4
69.75	1.517	0.8028	5.1085	4
69.8	1.5173	0.6866	5.1053	4
69.85	1.5161	1.0807	5.1191	4
69.9	1.5159	0.8128	5.1375	4
69.95	1.5153	1.057	5.1478	4
70	1.5145	0.9144	5.1412	4
70.05	1.5141	0.9262	5.1249	4
70.1	1.5132	0.9426	5.1322	4
70.15	1.5126	1.0137	5.1338	4
70.2	1.5122	0.7051	5.1314	4
70.25	1.511	1.2617	5.1332	4
70.3	1.5111	0.4042	5.1439	4
70.35	1.5098	1.615	5.1412	4
70.4	1.5089	0.6261	5.126	4
70.45	1.5094	0.6092	5.1204	4
70.5	1.5085	1.0863	5.1299	4
70.55	1.5078	0.8962	5.1243	4
70.6	1.5083	0.3458	5.1089	4
70.65	1.5071	1.411	5.0983	4
70.7	1.5065	0.5292	5.1018	4
70.75	1.5068	0.6479	5.1234	4
70.8	1.5062	1.0249	5.1257	4
70.85	1.5056	0.5716	5.1127	4
70.9	1.5055	0.9645	5.105	4
70.95	1.5052	0.6647	5.115	4
71	1.5057	0.3711	5.1243	4
71.05	1.5064	0.4327	5.1164	4
71.1	1.5059	0.764	5.1333	4
71.15	1.5062	0.646	5.1482	4
71.2	1.5056	0.7536	5.1389	4
71.25	1.5066	0.3563	5.1307	4
71.3	1.5055	1.0451	5.1291	4
71.35	1.506	0.2375	5.1207	4
71.4	1.506	0.6575	5.1164	4
71.45	1.5061	0.5631	5.1177	4
71.5	1.5066	0.3015	5.1239	4
71.55	1.5076	0.4508	5.1202	4
71.6	1.5069	0.8915	5.0987	4
71.65	1.5074	0.2486	5.0984	4
71.7	1.5077	0.3978	5.1102	4
71.75	1.509	0.3136	5.1218	4
71.8	1.5085	0.709	5.1256	4
71.85	1.5091	0.2806	5.1215	4
71.9	1.5102	0.0374	5.131	4
71.95	1.5097	1.131	5.1298	4
72	1.5098	0.0612	5.1176	4
72.05	1.5121	-0.2997	5.1213	4
72.1	1.5118	1.7254	5.1259	4
72.15	1.5119	-0.8244	5.1203	4
72.2	1.5153	0.1592	5.1272	4
72.25	1.5144	0.6761	5.1317	4
72.3	1.5137	0.8852	5.1299	4
72.35	1.5169	-1.0645	5.1318	4
72.4	1.5168	1.3107	5.1288	4
72.45	1.5166	0.2932	5.1255	4
72.5	1.5176	0.1437	5.1273	4
72.55	1.5193	-0.3183	5.1388	4
72.6	1.5193	1.2994	5.1296	4
72.65	1.5192	-0.2885	5.1306	4
72.7	1.5212	0.0889	5.1355	4
72.75	1.5224	0.5135	5.1387	4
72.8	1.5209	1.0453	5.1361	4
72.85	1.5239	-1.2949	5.1317	4
72.9	1.525	0.9691	5.125	4
72.95	1.5236	0.9267	5.126	4
73	1.5262	-1.0505	5.1308	4
73.05	1.5276	0.6332	5.1462	4
73.1	1.5268	0.9318	5.1512	4
73.15	1.5286	-0.693	5.1582	4
73.2	1.5306	0.2225	5.1487	4
73.25	1.5309	0.5206	5.1412	4
73.3	1.5317	-0.2191	5.1338	4
73.35	1.5338	-0.0386	5.1145	4
73.4	1.5347	-0.0643	5.1345	4
73.45	1.5347	0.8899	5.1432	4
73.5	1.537	-0.9761	5.1371	4
73.55	1.5385	0.5268	5.1319	4
73.6	1.5391	0.1212	5.1353	4
73.65	1.5403	-0.2317	5.141	4
73.7	1.5431	-0.372	5.1317	4
73.75	1.5436	0.2978	5.1275	4
73.8	1.5453	-0.2089	5.1322	4
73.85	1.5464	0.1113	5.1208	4
73.9	1.5482	-0.3336	5.1107	4
73.95	1.5499	0.1245	5.1119	4
74	1.5508	0.2362	5.098	4
74.05	1.5531	-0.6312	5.1128	4
74.1	1.5547	0.1888	5.1018	4
74.15	1.5555	0.0592	5.1058	4
74.2	1.5578	-0.5806	5.1291	4
74.25	1.5587	0.5933	5.1161	4
74.3	1.5605	-0.4995	5.1179	4
74.35	1.5629	-0.1277	5.119	4
74.4	1.5637	0.306	5.1174	4
74.45	1.5653	-0.3844	5.1301	4
74.5	1.5671	-0.1208	5.1244	4
74.55	1.5679	0.1696	5.1225	4
74.6	1.5711	-1.1102	5.1278	4
74.65	1.5719	1.0475	5.1369	4
74.7	1.5724	-0.3916	5.1636	4
74.75	1.576	-0.8513	5.1621	4
74.8	1.577	0.6042	5.1705	4
74.85	1.5776	0.0641	5.1705	4
74.9	1.5802	-0.8769	5.151	4
74.95	1.5821	0.1588	5.1494	4
75	1.5831	-0.0089	5.1447	4
75.05	1.5846	-0.096	5.1523	4
75.1	1.5868	-0.4279	5.1568	4
75.15	1.5881	0.3401	5.1618	4
75.2	1.5888	0.1521	5.1687	4
75.25	1.5916	-0.8765	5.1671	4
75.3	1.5937	0.0884	5.1684	4
75.35	1.5938	0.5827	5.1608	4
75.4	1.5955	-0.7949	5.1486	4
75.45	1.5981	0.095	5.1626	4
75.5	1.5984	0.4246	5.1488	4
75.55	1.6003	-0.2831	5.1427	4
75.6	1.6024	-0.4308	5.1519	4
75.65	1.6027	0.7137	5.1669	4
75.7	1.6039	-0.3442	5.1743	4
75.75	1.6058	0.0222	5.1614	4
75.8	1.6073	0.0105	5.1442	4
75.85	1.6087	0.0636	5.1631	4
75.9	1.6098	-0.0043	5.1603	4
75.95	1.6109	0.2766	5.1633	4
76	1.6118	-0.1193	5.1666	4
76.05	1.6134	0.2338	5.1656	4
76.1	1.6142	-0.1618	5.1587	4
76.15	1.6163	-0.0348	5.1466	4
76.2	1.6171	0.2189	5.1507	4
76.25	1.6182	0.2894	5.1576	4
76.3	1.6189	0.0118	5.1669	4
76.35	1.6208	0.0898	5.1641	4
76.4	1.6211	0.4113	5.1503	4
76.45	1.6224	-0.222	5.158	4
76.5	1.6243	0.0283	5.1657	4
76.55	1.6238	0.8505	5.1653	4
76.6	1.6248	-0.0887	5.152	4
76.65	1.6272	-0.3919	5.1355	4
76.7	1.6279	1.0859	5.1422	4
76.75	1.6279	0.0325	5.1522	4
76.8	1.6294	0.1707	5.1501	4
76.85	1.6306	-0.1209	5.1448	4
76.9	1.6307	1.0163	5.1455	4
76.95	1.6319	-0.488	5.15	4
77	1.6332	0.658	5.1673	4
77.05	1.6329	0.6569	5.1607	4
77.1	1.6329	0.3473	5.1512	4
77.15	1.6355	-0.558	5.1413	4
77.2	1.6357	1.2785	5.149	4
77.25	1.6351	0.2114	5.1566	4
77.3	1.6377	-0.2242	5.1584	4
77.35	1.6375	0.9844	5.1675	4
77.4	1.6372	0.817	5.1728	4
77.45	1.639	-0.7556	5.155	4
77.5	1.6389	1.584	5.1493	4
77.55	1.6389	-0.0546	5.1536	4
77.6	1.6405	0.0875	5.1564	4
77.65	1.6408	0.9121	5.1673	4
77.7	1.6407	0.1685	5.1568	4
77.75	1.641	0.5927	5.1623	4
77.8	1.6421	0.3628	5.1577	4
77.85	1.642	0.1113	5.1471	4
77.9	1.6436	0.8967	5.1631	4
77.95	1.6434	-0.2005	5.1486	4
78	1.6439	1.3462	5.1488	4
78.05	1.6448	-0.6023	5.1547	4
78.1	1.6455	0.7297	5.1558	4
78.15	1.6463	0.3946	5.1679	4
78.2	1.6458	0.5147	5.1623	4
78.25	1.6472	0.4666	5.155	4
78.3	1.6474	0.3769	5.1551	4
78.35	1.6476	0.649	5.153	4
78.4	1.6492	-0.1965	5.1455	4
78.45	1.649	1.0003	5.1485	4
78.5	1.649	0.4416	5.1468	4
78.55	1.6498	0.3112	5.1518	4
78.6	1.6508	0.1796	5.1502	4
78.65	1.6509	0.9653	5.1474	4
78.7	1.6508	0.1669	5.1322	4
78.75	1.6516	0.6514	5.1275	4
78.8	1.6527	0.0475	5.1256	4
78.85	1.6522	1.1422	5.1297	4
78.9	1.6529	-0.2265	5.1201	4
78.95	1.6536	0.9375	5.1118	4
79	1.6533	0.238	5.1323	4
79.05	1.6547	0.3806	5.1384	4
79.1	1.6545	0.5867	5.1277	4
79.15	1.6542	0.9107	5.1121	4
79.2	1.6558	-0.4452	5.1087	4
79.25	1.656	1.1955	5.108	4
79.3	1.6567	0.0913	5.1138	4
79.35	1.6564	0.7609	5.1246	4
79.4	1.6579	0.2181	5.1292	4
79.45	1.6574	0.6651	5.1222	4
79.5	1.6578	0.7269	5.1317	4
79.55	1.6582	0.0609	5.1374	4
79.6	1.6594	0.5279	5.1349	4
79.65	1.6583	1.2401	5.1326	4
79.7	1.6593	-0.3101	5.1196	4
79.75	1.6595	1.004	5.1165	4
79.8	1.6578	1.2332	5.1371	4
79.85	1.6595	-0.4806	5.154	4
79.9	1.6605	1.0513	5.1474	4
79.95	1.6594	1.1405	5.1398	4
80	1.6601	-0.187	5.1395	4
80.05	1.661	1.0068	5.1531	4
80.1	1.6598	0.8268	5.1379	4
80.15	1.66	0.4354	5.1424	4
80.2	1.6603	0.6161	5.1508	4
80.25	1.6596	1.047	5.1407	4
80.3	1.6589	0.7359	5.1405	4
80.35	1.6605	0.014	5.1456	4
80.4	1.6596	1.1897	5.153	4
80.45	1.6592	0.9518	5.1327	4
80.5	1.6591	0.5093	5.1286	4
80.55	1.6601	0.4605	5.1364	4
80.6	1.6586	1.657	5.1363	4
80.65	1.6587	0.0599	5.1341	4
80.7	1.6589	0.998	5.1411	4
80.75	1.6578	1.1626	5.1418	4
80.8	1.6573	0.411	5.1584	4
80.85	1.6579	0.6232	5.1594	4
80.9	1.6566	1.4503	5.1363	4
80.95	1.6561	0.5161	5.1435	4
81	1.6564	0.7258	5.1454	4
81.05	1.656	0.8183	5.1435	4
81.1	1.6552	1.2046	5.1437	4
81.15	1.6557	0.1625	5.142	4
81.2	1.6552	1.4068	5.1416	4
81.25	1.6542	0.5617	5.1385	4
81.3	1.6546	0.7136	5.1503	4
81.35	1.6544	0.8289	5.1404	4
81.4	1.6533	1.2907	5.1382	4
81.45	1.6536	0.2053	5.1544	4
81.5	1.6535	1.1094	5.1593	4
81.55	1.6522	1.0252	5.136	4
81.6	1.652	0.5687	5.116	4
81.65	1.6519	1.1941	5.1241	4
81.7	1.6513	0.7247	5.1222	4
81.75	1.651	1.1454	5.1157	4
81.8	1.6501	0.6956	5.111	4
81.85	1.6499	0.7625	5.1076	4
81.9	1.6492	1.3214	5.1115	4
81.95	1.6488	0.3391	5.1262	4
82	1.6487	1.3612	5.1231	4
82.05	1.6473	1.0342	5.1181	4
82.1	1.6469	0.7937	5.1294	4
82.15	1.6472	0.731	5.1362	4
82.2	1.6455	1.6677	5.1426	4
82.25	1.6452	0.2831	5.1326	4
82.3	1.6452	1.1227	5.1244	4
82.35	1.6441	1.1166	5.1392	4
82.4	1.6436	0.7809	5.1383	4
82.45	1.6427	1.2528	5.1249	4
82.5	1.6416	1.1137	5.1221	4
82.55	1.6418	0.383	5.1244	4
82.6	1.6414	1.4062	5.1344	4
82.65	1.6402	0.7754	5.1353	4
82.7	1.6404	0.8866	5.1323	4
82.75	1.6397	0.8682	5.1146	4
82.8	1.6385	1.4671	5.1174	4
82.85	1.6378	0.6215	5.1261	4
82.9	1.6375	1.0813	5.1259	4
82.95	1.6361	1.0929	5.1418	4
83	1.6353	1.0265	5.1331	4
83.05	1.6349	0.7659	5.1213	4
83.1	1.6342	1.2269	5.1151	4
83.15	1.6327	0.9658	5.1143	4
83.2	1.6329	0.7363	5.1314	4
83.25	1.6312	1.5573	5.1295	4
83.3	1.63	0.9083	5.1129	4
83.35	1.6301	0.7283	5.1138	4
83.4	1.6292	1.3333	5.1284	4
83.45	1.6275	1.1684	5.1242	4
83.5	1.6272	0.8122	5.1195	4
83.55	1.6259	1.3297	5.1266	4
83.6	1.6257	0.7427	5.1329	4
83.65	1.6245	1.3566	5.1142	4
83.7	1.624	0.7413	5.1165	4
83.75	1.623	1.4954	5.1412	4
83.8	1.6222	0.8949	5.128	4
83.85	1.6213	1.171	5.1253	4
83.9	1.6203	1.0387	5.1435	4
83.95	1.6191	1.4143	5.1276	4
84	1.6185	0.5855	5.1193	4
84.05	1.6174	1.6109	5.1156	4
84.1	1.6157	1.0918	5.1114	4
84.15	1.6159	0.4083	5.1134	4
84.2	1.6148	1.7071	5.1068	4
84.25	1.6129	1.1695	5.1164	4
84.3	1.6134	0.4059	5.1311	4
84.35	1.6119	1.9516	5.1291	4
84.4	1.6109	0.3925	5.1317	4
84.45	1.6113	1.1184	5.1366	4
84.5	1.6086	1.6726	5.1435	4
84.55	1.6087	0.2755	5.1385	4
84.6	1.6081	1.4046	5.1215	4
84.65	1.6062	1.2522	5.1218	4
84.7	1.6062	0.4534	5.1332	4
84.75	1.6054	1.4554	5.1198	4
84.8	1.6044	0.8213	5.0912	4
84.85	1.6045	0.8753	5.097	4
84.9	1.6032	1.3246	5.1124	4
84.95	1.6033	0.252	5.1097	4
85	1.603	1.3069	5.1144	4
85.05	1.6012	1.3144	5.1218	4
85.1	1.6013	0.1699	5.1122	4
85.15	1.6014	1.1033	5.1205	4
85.2	1.5991	1.3977	5.1282	4
85.25	1.5993	0.2813	5.1273	4
85.3	1.5991	1.2408	5.1284	4
85.35	1.5975	1.1461	5.1194	4
85.4	1.597	0.758	5.126	4
85.45	1.5962	1.1138	5.1251	4
85.5	1.5958	0.7617	5.1204	4
85.55	1.5955	0.9486	5.1155	4
85.6	1.5934	1.6484	5.117	4
85.65	1.5937	0.1287	5.1375	4
85.7	1.5927	1.4877	5.1549	4
85.75	1.5912	1.0564	5.1461	4
85.8	1.5916	0.3439	5.1343	4
85.85	1.5906	1.6213	5.1254	4
85.9	1.5893	0.9704	5.1234	4
85.95	1.5896	0.4345	5.1195	4
86	1.5885	1.4932	5.1147	4
86.05	1.5881	0.3994	5.1214	4
86.1	1.5879	1.1786	5.1398	4
86.15	1.5874	0.6942	5.1325	4
86.2	1.5873	0.6486	5.1162	4
86.25	1.5867	1.205	5.1312	4
86.3	1.5856	0.8309	5.1389	4
86.35	1.5864	0.4214	5.121	4
86.4	1.5855	1.2521	5.128	4
86.45	1.585	0.4649	5.1318	4
86.5	1.5853	0.9109	5.1257	4
86.55	1.584	0.9447	5.1279	4
86.6	1.5842	0.6448	5.1085	4
86.65	1.5842	0.425	5.1162	4
86.7	1.5841	0.8805	5.1185	4
86.75	1.585	-0.0748	5.109	4
86.8	1.5851	0.8488	5.1082	4
86.85	1.5853	0.5432	5.1171	4
86.9	1.5862	-0.0511	5.1138	4
86.95	1.5868	0.6908	5.1242	4
87	1.5868	0.5551	5.1329	4
87.05	1.5868	0.5022	5.1206	4
87.1	1.5874	0.4173	5.1226	4
87.15	1.5875	0.6847	5.1117	4
87.2	1.5879	0.3755	5.1048	4
87.25	1.5883	0.459	5.0983	4
87.3	1.5876	1.1306	5.103	4
87.35	1.5875	0.1624	5.1042	4
87.4	1.5889	0.4045	5.1122	4
87.45	1.5875	1.4934	5.1235	4
87.5	1.5872	0.2323	5.1122	4
87.55	1.5881	0.4317	5.0969	4
87.6	1.5871	1.3718	5.1123	4
87.65	1.5871	0.303	5.1057	4
87.7	1.5882	0.2452	5.0968	4
87.75	1.5876	1.4146	5.1062	4
87.8	1.5865	0.6297	5.1036	4
87.85	1.5876	0.2514	5.1026	4
87.9	1.5878	0.9464	5.1136	4
87.95	1.5866	1.0549	5.1182	4
88	1.5869	0.2043	5.1083	4
88.05	1.5876	0.7328	5.0901	4
88.1	1.5867	0.9651	5.0927	4
88.15	1.5874	0.0183	5.0997	4
88.2	1.5884	0.5625	5.1064	4
88.25	1.5881	1.0544	5.1042	4
88.3	1.5874	0.5807	5.1152	4
88.35	1.5879	0.4034	5.1173	4
88.4	1.5875	0.9317	5.0988	4
88.45	1.5872	0.6454	5.0965	4
88.5	1.588	0.1574	5.0831	4
88.55	1.5875	1.2668	5.0772	4
88.6	1.5867	0.5139	5.1114	4
88.65	1.5877	0.2846	5.1279	4
88.7	1.5876	0.8871	5.1117	4
88.75	1.5865	1.2443	5.0982	4
88.8	1.5865	0.2389	5.116	4
88.85	1.5863	1.1756	5.1174	4
88.9	1.5854	0.8845	5.1005	4
88.95	1.5857	0.5215	5.0893	4
89	1.5853	1.008	5.1014	4
89.05	1.5847	0.8711	5.0975	4
89.1	1.5842	0.7547	5.0954	4
89.15	1.5846	0.6735	5.0937	4
89.2	1.5838	0.9764	5.0796	4
89.25	1.5829	1.119	5.061	4
89.3	1.5831	0.075	5.0626	4
89.35	1.5833	1.135	5.0875	4
89.4	1.5822	0.725	5.0854	4
89.45	1.5827	0.7632	5.0766	4
89.5	1.5823	0.6441	5.0692	4
89.55	1.5818	0.8238	5.0641	4
89.6	1.5823	0.4203	5.062	4
89.65	1.5822	0.6947	5.0557	4
89.7	1.5817	0.8648	5.0489	4
89.75	1.5822	0.4052	5.0485	4
89.8	1.5825	0.4814	5.0427	4
89.85	1.5822	1.1146	5.0454	4
89.9	1.582	0.5088	5.0589	4
89.95	1.5822	0.5328	5.065	4
90	1.5817	1.213	5.0682	4
90.05	1.5813	0.3843	5.0853	4
90.1	1.581	1.0975	5.0923	4
90.15	1.5808	0.674	5.0839	4
90.2	1.5804	0.7657	5.0957	4
90.25	1.5808	0.6578	5.1095	4
90.3	1.5802	1.104	5.1104	4
90.35	1.5795	0.763	5.0993	4
90.4	1.5799	0.43	5.101	4
90.45	1.5792	1.337	5.1015	4
90.5	1.5782	0.8516	5.0921	4
90.55	1.5784	0.3609	5.0912	4
90.6	1.5785	1.1212	5.0928	4
90.65	1.5774	0.7207	5.0805	4
90.7	1.5777	0.5973	5.0747	4
90.75	1.5778	0.6261	5.0627	4
90.8	1.5765	1.4142	5.0623	4
90.85	1.5762	0.4304	5.082	4
90.9	1.5772	0.3345	5.0834	4
90.95	1.576	1.55	5.081	4
91	1.5757	0.4651	5.089	4
91.05	1.5763	0.4005	5.0967	4
91.1	1.576	1.3138	5.1079	4
91.15	1.5748	0.7841	5.1137	4
91.2	1.5758	0.1392	5.1174	4
91.25	1.5753	1.2582	5.1056	4
91.3	1.5737	1.0151	5.1009	4
91.35	1.5741	0.3417	5.108	4
91.4	1.5742	0.8322	5.1007	4
91.45	1.5731	1.2425	5.1046	4
91.5	1.5733	0.2545	5.1121	4
91.55	1.574	0.7955	5.0942	4
91.6	1.5727	1.1946	5.0825	4
91.65	1.572	0.8462	5.0898	4
91.7	1.5727	0.291	5.0866	4
91.75	1.5721	1.364	5.1008	4
91.8	1.5713	0.6848	5.0866	4
91.85	1.5716	0.5583	5.081	4
91.9	1.5711	1.116	5.0968	4
91.95	1.57	1.0884	5.0934	4
92	1.5701	0.2562	5.11	4
92.05	1.5699	1.021	5.1161	4
92.1	1.5686	1.1571	5.112	4
92.15	1.5685	0.6222	5.1103	4
92.2	1.5684	0.7978	5.1116	4
92.25	1.5677	0.9012	5.1085	4
92.3	1.5675	0.7641	5.1225	4
92.35	1.5675	0.6638	5.1202	4
92.4	1.5668	1.117	5.1216	4
92.45	1.5663	0.6665	5.1288	4
92.5	1.5666	0.499	5.1301	4
92.55	1.5657	1.2619	5.1358	4
92.6	1.5657	0.3345	5.1208	4
92.65	1.5664	0.6935	5.1111	4
92.7	1.5656	0.9805	5.1139	4
92.75	1.565	0.5632	5.1093	4
92.8	1.5656	0.4673	5.1034	4
92.85	1.5647	1.0947	5.0909	4
92.9	1.5647	0.3859	5.0933	4
92.95	1.5647	0.7521	5.1073	4
93	1.5643	0.9005	5.1005	4
93.05	1.5644	0.3448	5.0819	4
93.1	1.5645	0.8236	5.0842	4
93.15	1.5646	0.5454	5.0958	4
93.2	1.5647	0.5699	5.1084	4
93.25	1.5648	0.8326	5.1082	4
93.3	1.5654	-0.039	5.1215	4
93.35	1.5664	0.5975	5.1332	4
93.4	1.5657	1.1692	5.1173	4
93.45	1.5661	-0.043	5.1112	4
93.5	1.5674	0.3279	5.121	4
93.55	1.5669	1.0833	5.1326	4
93.6	1.567	0.0075	5.1287	4
93.65	1.5687	0.1186	5.1145	4
93.7	1.5683	0.9207	5.1226	4
93.75	1.569	0.0707	5.122	4
93.8	1.5699	0.2244	5.1173	4
93.85	1.5701	0.834	5.1202	4
93.9	1.5703	0.0908	5.1223	4
93.95	1.5719	0.1787	5.1182	4
94	1.5722	0.4888	5.1	4
94.05	1.5724	0.3955	5.1013	4
94.1	1.5736	0.0729	5.1076	4
94.15	1.5747	0.1226	5.1165	4
94.2	1.5749	0.5937	5.1209	4
94.25	1.5762	-0.1573	5.1041	4
94.3	1.5771	0.4237	5.0865	4
94.35	1.578	0.2426	5.082	4
94.4	1.579	0.0782	5.1166	4
94.45	1.5804	0.1961	5.1271	4
94.5	1.5806	0.4388	5.1057	4
94.55	1.5814	0.1497	5.0948	4
94.6	1.5826	0.2022	5.0935	4
94.65	1.5833	0.3006	5.1013	4
94.7	1.5843	0.1985	5.0953	4
94.75	1.5852	0.0672	5.0945	4
94.8	1.5857	0.6041	5.101	4
94.85	1.5863	0.0214	5.1084	4
94.9	1.5875	0.217	5.1107	4
94.95	1.5881	0.6094	5.0963	4
95	1.5886	0.1596	5.0842	4
95.05	1.5891	0.4282	5.082	4
95.1	1.5896	0.5202	5.0953	4
95.15	1.5896	0.1822	5.0893	4
95.2	1.5911	0.299	5.0923	4
95.25	1.5915	0.4183	5.1025	4
95.3	1.5915	0.736	5.0937	4
95.35	1.5929	-0.2381	5.085	4
95.4	1.5938	0.8065	5.0659	4
95.45	1.5928	0.7875	5.0769	4
95.5	1.5947	-0.2022	5.0943	4
95.55	1.595	0.7164	5.0954	4
95.6	1.5944	0.9902	5.1021	4
95.65	1.5953	-0.2932	5.1107	4
95.7	1.5964	0.818	5.1017	4
95.75	1.5958	0.6774	5.0946	4
95.8	1.5966	0.3041	5.1135	4
95.85	1.5969	0.4804	5.125	4
95.9	1.5974	0.6083	5.1085	4
95.95	1.5966	0.9238	5.1064	4
96	1.5969	0.2252	5.1107	4
96.05	1.5979	0.4052	5.1072	4
96.1	1.5977	0.8236	5.1035	4
96.15	1.598	0.2106	5.0979	4
96.2	1.5994	0.2179	5.0978	4
96.25	1.5994	0.8212	5.0949	4
96.3	1.5998	0.2681	5.0813	4
96.35	1.6005	0.3126	5.082	4
96.4	1.6005	0.8168	5.0884	4
96.45	1.6006	0.3395	5.0851	4
96.5	1.6013	0.5113	5.0895	4
96.55	1.6014	0.609	5.096	4
96.6	1.6016	0.6017	5.103	4
96.65	1.6018	0.4612	5.0909	4
96.7	1.6024	0.2542	5.081	4
96.75	1.6023	0.918	5.0896	4
96.8	1.6023	0.3701	5.0829	4
96.85	1.6029	0.5121	5.0845	4
96.9	1.6029	0.6807	5.0831	4
96.95	1.6031	0.5187	5.0759	4
97	1.6034	0.5176	5.0843	4
97.05	1.6038	0.6908	5.0828	4
97.1	1.6033	0.7307	5.0987	4
97.15	1.6036	0.4221	5.1005	4
97.2	1.6043	0.4408	5.0927	4
97.25	1.6041	0.8584	5.089	4
97.3	1.6046	0.2494	5.0933	4
97.35	1.605	0.6606	5.1141	4
97.4	1.6048	0.6094	5.1171	4
97.45	1.6053	0.2957	5.0994	4
97.5	1.6056	0.6288	5.1035	4
97.55	1.6053	0.6687	5.1025	4
97.6	1.6052	0.72	5.0917	4
97.65	1.6061	0.1339	5.089	4
97.7	1.6061	0.8999	5.0812	4
97.75	1.6064	0.5131	5.1024	4
97.8	1.6064	0.5911	5.109	4
97.85	1.6071	0.5226	5.1047	4
97.9	1.6071	0.4786	5.0986	4
97.95	1.6075	0.7491	5.103	4
98	1.6068	0.7102	5.1018	4
98.05	1.607	0.7154	5.097	4
98.1	1.6069	0.5966	5.1081	4
98.15	1.6066	0.7367	5.1138	4
98.2	1.6069	0.657	5.1217	4
98.25	1.6062	0.8911	5.1316	4
98.3	1.6057	0.8782	5.1147	4
98.35	1.6062	0.2395	5.1129	4
98.4	1.6053	1.1618	5.1175	4
98.45	1.6056	0.3346	5.1007	4
98.5	1.6054	1.056	5.0954	4
98.55	1.605	0.6443	5.1022	4
98.6	1.6057	0.3933	5.0965	4
98.65	1.6053	0.9017	5.1074	4
98.7	1.6053	0.6299	5.0988	4
98.75	1.6055	0.3787	5.1102	4
98.8	1.6051	1.0547	5.1176	4
98.85	1.6052	0.375	5.1063	4
98.9	1.6049	0.8478	5.1017	4
98.95	1.6053	0.442	5.0921	4
99	1.6053	0.8206	5.0889	4
99.05	1.6055	0.2361	5.0908	4
99.1	1.606	0.7476	5.0803	4
99.15	1.6059	0.6059	5.0851	4
99.2	1.6055	0.7269	5.0927	4
99.25	1.6059	0.3041	5.0986	4
99.3	1.6059	0.9269	5.0946	4
99.35	1.6058	0.5452	5.0843	4
99.4	1.606	0.6721	5.0964	4
99.45	1.6064	0.3468	5.101	4
99.5	1.6063	0.9561	5.0961	4
99.55	1.6059	0.3879	5.1012	4
99.6	1.6068	0.5022	5.1014	4
99.65	1.606	0.9698	5.0948	4
99.7	1.6061	0.445	5.1023	4
99.75	1.6064	0.5405	5.1116	4
99.8	1.6065	0.8229	5.1164	4
99.85	1.6065	0.3965	5.1073	4
99.9	1.6071	0.7203	5.0948	4
99.95	1.6065	0.7166	5.0848	4
100	1.607	0.3822	5.0824	4
100.05	1.6072	0.6618	5.1071	4
100.1	1.6078	0.4629	5.1189	4
100.15	1.6078	0.6665	5.1302	4
100.2	1.608	0.522	5.1266	4
100.25	1.6082	0.4107	5.117	4
100.3	1.608	0.7717	5.1076	4
100.35	1.6073	0.9104	5.0922	4
100.4	1.6085	-0.2614	5.0891	4
100.45	1.6085	1.3677	5.1119	4
100.5	1.6081	0.1989	5.1194	4
100.55	1.6087	0.7073	5.1244	4
100.6	1.6092	0.4397	5.1172	4
100.65	1.6084	0.8914	5.1181	4
100.7	1.6093	0.3556	5.1171	4
100.75	1.6095	0.4583	5.1152	4
100.8	1.6094	0.9977	5.1189	4
100.85	1.6089	0.4115	5.1219	4
100.9	1.6099	0.1908	5.1197	4
100.95	1.6097	1.0796	5.1156	4
101	1.6099	0.1758	5.119	4
101.05	1.6103	0.8079	5.1334	4
101.1	1.6104	0.5968	5.1408	4
101.15	1.6104	0.5437	5.1245	4
101.2	1.6106	0.5758	5.1014	4
101.25	1.6105	0.7017	5.0975	4
101.3	1.6113	0.4575	5.1157	4
101.35	1.6114	0.3605	5.1293	4
101.4	1.6124	0.3927	5.1326	4
101.45	1.6122	0.8496	5.1429	4
101.5	1.6121	0.4377	5.1259	4
101.55	1.6135	-0.0717	5.1035	4
101.6	1.6137	0.8319	5.11	4
101.65	1.6133	0.782	5.1208	4
101.7	1.6143	-0.2907	5.1248	4
101.75	1.6154	0.6752	5.1345	4
101.8	1.6157	0.2991	5.1254	4
101.85	1.6164	0.3648	5.121	4
101.9	1.6174	0.0025	5.123	4
101.95	1.6176	0.7816	5.1176	4
102	1.6177	0.3606	5.1307	4
102.05	1.6189	0.1113	5.1236	4
102.1	1.6193	0.4057	5.1203	4
102.15	1.6197	0.4763	5.1231	4
102.2	1.6205	0.0604	5.1301	4
102.25	1.6216	0.3949	5.1169	4
102.3	1.6215	0.7227	5.0902	4
102.35	1.6223	-0.1145	5.1032	4
102.4	1.6237	0.0812	5.1041	4
102.45	1.6242	0.5025	5.1053	4
102.5	1.6243	0.3602	5.1001	4
102.55	1.6262	-0.108	5.1058	4
102.6	1.6276	0.1036	5.1139	4
102.65	1.6277	0.6083	5.0981	4
102.7	1.6282	0.1285	5.0929	4
102.75	1.6303	-0.4004	5.0949	4
102.8	1.6307	1.0391	5.0982	4
102.85	1.6319	-0.5443	5.0965	4
102.9	1.6331	0.5981	5.0943	4
102.95	1.6336	0.1645	5.0956	4
103	1.6345	0.2926	5.1065	4
103.05	1.6358	0.1876	5.1057	4
103.1	1.6366	0.2578	5.1175	4
103.15	1.637	0.5883	5.125	4
103.2	1.6377	-0.1143	5.1078	4
103.25	1.6389	0.5706	5.1244	4
103.3	1.6385	0.7668	5.1325	4
103.35	1.6392	-0.0068	5.1239	4
103.4	1.6403	0.544	5.1283	4
103.45	1.6399	0.4568	5.125	4
103.5	1.6409	0.283	5.121	4
103.55	1.6423	0.0751	5.1214	4
103.6	1.6423	0.9638	5.1167	4
103.65	1.6428	0.3134	5.1061	4
103.7	1.6433	0.2708	5.119	4
103.75	1.6438	0.8091	5.1282	4
103.8	1.6444	0.0726	5.1336	4
103.85	1.645	0.5711	5.1143	4
103.9	1.6452	0.4758	5.1084	4
103.95	1.6456	0.2976	5.1004	4
104	1.6465	0.4253	5.0964	4
104.05	1.6466	0.4153	5.0865	4
104.1	1.6465	0.6108	5.0778	4
104.15	1.6479	0.0435	5.0874	4
104.2	1.6479	0.9862	5.0954	4
104.25	1.648	0.3594	5.0979	4
104.3	1.6493	0.1513	5.0882	4
104.35	1.6495	0.7271	5.0777	4
104.4	1.6493	0.5545	5.0803	4
104.45	1.65	0.2533	5.0945	4
104.5	1.6509	0.4608	5.1103	4
104.55	1.6512	0.4154	5.1105	4
104.6	1.6515	0.5118	5.1014	4
104.65	1.6529	-0.2006	5.105	4
104.7	1.6528	1.1409	5.1183	4
104.75	1.6533	-0.1366	5.1182	4
104.8	1.6546	0.4413	5.1104	4
104.85	1.6545	0.4417	5.1052	4
104.9	1.6555	0.1387	5.1022	4
104.95	1.6564	0.2422	5.0951	4
105	1.6574	0.3545	5.0964	4
105.05	1.6578	0.0498	5.101	4
105.1	1.6592	0.3376	5.1017	4
105.15	1.6597	0.2899	5.1144	4
105.2	1.6605	0.2131	5.1066	4
105.25	1.6615	0.1044	5.0946	4
105.3	1.6629	0.2401	5.0931	4
105.35	1.663	0.5158	5.0986	4
105.4	1.6645	-0.1565	5.101	4
105.45	1.6652	0.3985	5.0986	4
105.5	1.6663	0.2145	5.1139	4
105.55	1.6677	0.0766	5.1106	4
105.6	1.6687	0.287	5.089	4
105.65	1.6685	0.5688	5.0769	4
105.7	1.6699	-0.2138	5.079	4
105.75	1.6707	0.5829	5.0882	4
105.8	1.6711	0.2303	5.0998	4
105.85	1.6719	0.2814	5.101	4
105.9	1.6729	0.1938	5.1049	4
105.95	1.6735	0.4032	5.0881	4
106	1.6743	0.328	5.0818	4
106.05	1.6746	0.562	5.0984	4
106.1	1.6757	0.0683	5.0935	4
106.15	1.6762	0.6052	5.0946	4
106.2	1.6769	0.139	5.1071	4
106.25	1.6772	0.5741	5.1065	4
106.3	1.6774	0.4146	5.1109	4
106.35	1.6784	0.4263	5.1125	4
106.4	1.6788	0.3867	5.1215	4
106.45	1.6799	0.0752	5.1347	4
106.5	1.6804	0.459	5.1358	4
106.55	1.6805	0.5889	5.126	4
106.6	1.6816	-0.0568	5.1203	4
106.65	1.6821	0.8112	5.1327	4
106.7	1.6823	0.1368	5.1393	4
106.75	1.6837	0.381	5.136	4
106.8	1.6837	0.6487	5.1382	4
106.85	1.684	0.276	5.1325	4
106.9	1.6848	0.4247	5.1358	4
106.95	1.6851	0.4845	5.1486	4
107	1.685	0.7664	5.146	4
107.05	1.6856	0.3607	5.1537	4
107.1	1.6854	1.0633	5.1665	4
107.15	1.6853	0.5475	5.1672	4
107.2	1.6861	0.1682	5.1731	4
107.25	1.686	1.3253	5.1659	4
107.3	1.686	0.3067	5.1483	4
107.35	1.6869	0.498	5.1402	4
107.4	1.6863	1.0708	5.1479	4
107.45	1.6861	0.2715	5.1634	4
107.5	1.6861	0.9238	5.1655	4
107.55	1.6863	0.5091	5.171	4
107.6	1.6865	0.4623	5.1556	4
107.65	1.6872	0.5074	5.1385	4
107.7	1.6875	0.4212	5.1468	4
107.75	1.6882	0.1988	5.161	4
107.8	1.689	0.3601	5.1595	4
107.85	1.6898	0.1896	5.1454	4
107.9	1.6905	0.3137	5.1326	4
107.95	1.6915	0.2357	5.1214	4
108	1.6914	0.512	5.1185	4
108.05	1.6926	0.1678	5.1322	4
108.1	1.6936	0.31	5.1326	4
108.15	1.6946	0.1534	5.1339	4
108.2	1.6963	-0.134	5.1536	4
108.25	1.697	0.4466	5.1481	4
108.3	1.6965	0.885	5.1478	4
108.35	1.6983	-0.6931	5.1599	4
108.4	1.7	0.6564	5.1527	4
108.45	1.6997	0.3042	5.1651	4
108.5	1.7013	-0.4068	5.1652	4
108.55	1.7028	0.4252	5.1543	4
108.6	1.7029	0.4357	5.1398	4
108.65	1.7042	-0.0812	5.133	4
108.7	1.7051	0.5343	5.1318	4
108.75	1.7062	-0.0652	5.1352	4
108.8	1.7067	0.7317	5.1369	4
108.85	1.7073	0.0703	5.15	4
108.9	1.7084	0.0214	5.1503	4
108.95	1.7088	0.9415	5.1403	4
109	1.7094	0.1555	5.1297	4
109.05	1.7108	0.0536	5.1329	4
109.1	1.7107	0.8925	5.1448	4
109.15	1.7103	0.5093	5.1347	4
109.2	1.7117	-0.0643	5.1405	4
109.25	1.7123	0.6397	5.1238	4
109.3	1.7116	0.7811	5.1183	4
109.35	1.7119	0.3641	5.1134	4
109.4	1.7131	0.1247	5.1013	4
109.45	1.7134	0.8985	5.0911	4
109.5	1.7133	0.4974	5.0914	4
109.55	1.7139	0.4816	5.1078	4
109.6	1.7147	0.3735	5.1147	4
109.65	1.714	1.1158	5.1009	4
109.7	1.714	0.5101	5.0936	4
109.75	1.7152	-0.1211	5.0805	4
109.8	1.7151	1.345	5.0769	4
109.85	1.7138	0.7654	5.1114	4
109.9	1.7153	-0.2717	5.1242	4
109.95	1.7155	1.1814	5.1276	4
110	1.7147	0.796	5.1293	4
110.05	1.715	0.2696	5.1098	4
110.1	1.716	0.4731	5.0967	4
110.15	1.7154	1.0153	5.0961	4
110.2	1.7155	0.512	5.101	4
110.25	1.7162	0.3478	5.0993	4
110.3	1.7161	0.897	5.0901	4
110.35	1.716	0.4727	5.1079	4
110.4	1.7167	0.3362	5.1254	4
110.45	1.7169	0.9942	5.1317	4
110.5	1.7165	0.4414	5.1277	4
110.55	1.7165	0.8438	5.115	4
110.6	1.716	0.7185	5.101	4
110.65	1.7162	0.4122	5.0768	4
110.7	1.7166	0.7715	5.0732	4
110.75	1.7155	1.0435	5.0829	4
110.8	1.7162	0.3432	5.0813	4
110.85	1.716	0.8439	5.1004	4
110.9	1.7153	0.9456	5.1265	4
110.95	1.7156	0.5624	5.1269	4
111	1.7152	0.9318	5.1327	4
111.05	1.715	0.8623	5.1183	4
111.1	1.7142	1.0875	5.1229	4
111.15	1.7137	0.6508	5.1224	4
111.2	1.7137	0.6654	5.1151	4
111.25	1.7124	1.3849	5.1117	4
111.3	1.712	0.452	5.1234	4
111.35	1.7117	1.0138	5.1345	4
111.4	1.711	0.9746	5.1381	4
111.45	1.7103	1.0812	5.1217	4
111.5	1.71	0.824	5.1264	4
111.55	1.7094	0.9936	5.1203	4
111.6	1.7084	1.054	5.1092	4
111.65	1.7074	1.1014	5.121	4
111.7	1.7072	0.7539	5.1274	4
111.75	1.7065	1.099	5.1243	4
111.8	1.7055	0.9346	5.1026	4
111.85	1.7045	1.1953	5.0941	4
111.9	1.7038	0.8056	5.1095	4
111.95	1.7031	1.2467	5.1147	4
112	1.7021	1.0094	5.113	4
112.05	1.7011	1.1629	5.1051	4
112.1	1.7009	0.7861	5.1009	4
112.15	1.7004	0.8799	5.1225	4
112.2	1.6994	1.3838	5.1267	4
112.25	1.6979	1.1241	5.1078	4
112.3	1.6973	0.8863	5.0985	4
112.35	1.6967	1.0992	5.1049	4
112.4	1.6951	1.2647	5.1086	4
112.45	1.6944	1.0846	5.1256	4
112.5	1.6936	0.8989	5.1477	4
112.55	1.6927	1.3609	5.1589	4
112.6	1.6911	1.2048	5.1427	4
112.65	1.6906	0.75	5.1204	4
112.7	1.6899	1.3654	5.1197	4
112.75	1.6884	1.3256	5.1223	4
112.8	1.6875	1.013	5.1268	4
112.85	1.6865	1.1338	5.1272	4
112.9	1.6852	1.2743	5.1406	4
112.95	1.6846	0.8457	5.1335	4
113	1.6833	1.4079	5.1181	4
113.05	1.6821	1.0912	5.1205	4
113.1	1.6808	1.2674	5.1336	4
113.15	1.6799	1.1745	5.1358	4
113.2	1.6791	1.1702	5.1331	4
113.25	1.6784	1.126	5.1322	4
113.3	1.677	1.2311	5.1386	4
113.35	1.6758	1.1747	5.1258	4
113.4	1.6743	1.3077	5.1263	4
113.45	1.6735	1.0026	5.1359	4
113.5	1.672	1.399	5.1264	4
113.55	1.6709	0.9481	5.1258	4
113.6	1.6704	0.9943	5.1194	4
113.65	1.6687	1.4231	5.1062	4
113.7	1.6677	0.9397	5.1154	4
113.75	1.6678	0.768	5.1173	4
113.8	1.6662	1.6431	5.1191	4
113.85	1.6653	0.7453	5.1232	4
113.9	1.665	0.9201	5.1321	4
113.95	1.6642	1.283	5.138	4
114	1.6627	1.2271	5.1245	4
114.05	1.6622	0.6631	5.1146	4
114.1	1.6615	1.3033	5.1064	4
114.15	1.6599	1.16	5.1043	4
114.2	1.6599	0.5626	5.114	4
114.25	1.6596	1.1498	5.1138	4
114.3	1.658	1.312	5.1196	4
114.35	1.6581	0.4568	5.1304	4
114.4	1.6577	1.1747	5.1218	4
114.45	1.6561	1.2244	5.1209	4
114.5	1.6559	0.6543	5.1205	4
114.55	1.6555	1.0168	5.1123	4
114.6	1.6547	1.0996	5.1105	4
114.65	1.6536	1.0172	5.0894	4
114.7	1.6534	0.8091	5.0804	4
114.75	1.6528	0.9063	5.098	4
114.8	1.6523	0.9345	5.1191	4
114.85	1.6518	0.8249	5.1282	4
114.9	1.6515	0.8553	5.1168	4
114.95	1.6507	1.0885	5.1127	4
115	1.6505	0.7122	5.0988	4
115.05	1.65	1.0721	5.0952	4
115.1	1.6494	0.6941	5.1056	4
115.15	1.6488	1.0238	5.1233	4
115.2	1.6481	0.8672	5.1308	4
115.25	1.6478	0.6137	5.1329	4
115.3	1.6472	1.2018	5.1403	4
115.35	1.6462	0.73	5.1455	4
115.4	1.6465	0.617	5.1365	4
115.45	1.6457	1.2323	5.1356	4
115.5	1.6452	0.4808	5.1373	4
115.55	1.6457	0.7509	5.1396	4
115.6	1.6443	1.3055	5.1388	4
115.65	1.6442	0.3022	5.1473	4
115.7	1.6449	0.5995	5.1522	4
115.75	1.6437	1.1098	5.1338	4
115.8	1.6433	0.6767	5.1188	4
115.85	1.6436	0.3667	5.1203	4
115.9	1.6437	0.9303	5.1286	4
115.95	1.6434	0.6149	5.1359	4
116	1.6435	0.6127	5.1222	4
116.05	1.6436	0.5719	5.1115	4
116.1	1.6433	0.8454	5.1142	4
116.15	1.6436	0.4233	5.1186	4
116.2	1.644	0.5905	5.1206	4
116.25	1.6436	0.6772	5.1123	4
116.3	1.6437	0.5933	5.1068	4
116.35	1.6439	0.6218	5.1219	4
116.4	1.6437	0.719	5.1393	4
116.45	1.6439	0.4692	5.1152	4
116.5	1.6439	0.9029	5.101	4
116.55	1.6438	0.5512	5.1053	4
116.6	1.6445	0.3801	5.1081	4
116.65	1.6442	0.8996	5.094	4
116.7	1.644	0.572	5.0993	4
116.75	1.6442	0.6083	5.1242	4
116.8	1.6442	0.8543	5.1144	4
116.85	1.6438	0.5528	5.1024	4
116.9	1.6442	0.55	5.094	4
116.95	1.644	0.8146	5.1018	4
117	1.6435	0.8078	5.1117	4
117.05	1.6435	0.6089	5.1151	4
117.1	1.6434	0.6639	5.1182	4
117.15	1.6429	0.9541	5.1226	4
117.2	1.6427	0.6669	5.1146	4
117.25	1.6424	0.8411	5.1201	4
117.3	1.6423	0.7458	5.1272	4
117.35	1.6419	0.8353	5.126	4
117.4	1.6418	0.7175	5.1259	4
117.45	1.6418	0.7474	5.1455	4
117.5	1.641	1.048	5.1389	4
117.55	1.6405	0.8792	5.1279	4
117.6	1.6401	0.6293	5.1234	4
117.65	1.6396	1.0957	5.1292	4
117.7	1.6391	0.9387	5.1485	4
117.75	1.6387	0.7271	5.1521	4
117.8	1.6386	1.0385	5.1319	4
117.85	1.6377	0.7894	5.1328	4
117.9	1.6373	0.944	5.1502	4
117.95	1.6372	0.5813	5.1484	4
118	1.6365	1.2974	5.1308	4
118.05	1.6356	0.7516	5.1294	4
118.1	1.6358	0.7745	5.132	4
118.15	1.635	1.1117	5.132	4
118.2	1.6343	0.8412	5.1199	4
118.25	1.6339	0.7601	5.1081	4
118.3	1.6331	1.0863	5.1038	4
118.35	1.6325	0.7573	5.1193	4
118.4	1.6324	0.9608	5.1226	4
118.45	1.6317	0.9601	5.1245	4
118.5	1.6311	1.0413	5.1433	4
118.55	1.6305	0.7941	5.1407	4
118.6	1.6303	1.0157	5.1311	4
118.65	1.6293	1.1058	5.1332	4
118.7	1.6289	0.6434	5.1283	4
118.75	1.6282	1.1243	5.1406	4
118.8	1.6267	1.2718	5.1526	4
118.85	1.626	0.8657	5.1489	4
118.9	1.6261	0.7426	5.1371	4
118.95	1.625	1.5297	5.1163	4
119	1.6243	0.5989	5.1129	4
119.05	1.6239	1.0561	5.1056	4
119.1	1.6229	1.0148	5.1104	4
119.15	1.6219	1.0829	5.1223	4
119.2	1.6216	0.695	5.126	4
119.25	1.621	1.0579	5.1255	4
119.3	1.6197	1.1602	5.1313	4
119.35	1.6193	0.7769	5.1339	4
119.4	1.6191	0.9013	5.1308	4
119.45	1.6178	1.3083	5.1171	4
119.5	1.6173	0.4794	5.1292	4
119.55	1.6177	0.8789	5.127	4
119.6	1.6167	1.13	5.1176	4
119.65	1.6162	0.8357	5.1138	4
119.7	1.6157	0.7347	5.1089	4
119.75	1.6154	1.0441	5.119	4
119.8	1.6142	1.0093	5.1228	4
119.85	1.6144	0.6319	5.1045	4
119.9	1.6138	1.0481	5.1128	4
119.95	1.6131	0.9209	5.1125	4
120	1.6124	0.9502	5.0989	4
120.05	1.6127	0.4555	5.0919	4
120.1	1.6115	1.4474	5.1022	4
120.15	1.6108	0.6574	5.0893	4
120.2	1.6112	0.6339	5.0971	4
120.25	1.6105	1.2589	5.1246	4
120.3	1.6095	0.7778	5.1245	4
120.35	1.6099	0.611	5.1052	4
120.4	1.6093	1.1766	5.1253	4
120.45	1.6085	1.0229	5.1314	4
120.5	1.6077	0.9718	5.1227	4
120.55	1.6071	0.8735	5.1127	4
120.6	1.6066	1.0067	5.1011	4
120.65	1.6055	1.0942	5.109	4
120.7	1.6049	0.9485	5.1286	4
120.75	1.6049	0.5469	5.1218	4
120.8	1.6043	1.3109	5.1411	4
120.85	1.6037	0.6922	5.1433	4
120.9	1.6026	1.2778	5.1346	4
120.95	1.6023	0.5725	5.1429	4
121	1.6015	1.2059	5.1269	4
121.05	1.6005	0.9387	5.118	4
121.1	1.6003	0.6993	5.1224	4
121.15	1.5999	0.9881	5.1298	4
121.2	1.5987	1.1694	5.1352	4
121.25	1.5988	0.3596	5.1236	4
121.3	1.5986	1.1084	5.1299	4
121.35	1.5978	0.8372	5.1433	4
121.4	1.5967	1.1948	5.1396	4
121.45	1.5961	0.6541	5.1299	4
121.5	1.5955	1.0839	5.1137	4
121.55	1.5947	1.1624	5.1267	4
121.6	1.594	0.6431	5.1322	4
121.65	1.5935	1.0755	5.114	4
121.7	1.5922	1.2398	5.1251	4
121.75	1.5924	0.2412	5.1326	4
121.8	1.592	1.5049	5.1233	4
121.85	1.5904	0.8179	5.1348	4
121.9	1.5908	0.7725	5.1355	4
121.95	1.5907	0.7665	5.1201	4
122	1.5892	1.3598	5.0965	4
122.05	1.5887	0.6538	5.101	4
122.1	1.5886	0.6962	5.1283	4
122.15	1.5876	1.2615	5.1206	4
122.2	1.5872	0.563	5.1229	4
122.25	1.5877	0.6869	5.123	4
122.3	1.5868	1.1302	5.1129	4
122.35	1.5865	0.6097	5.1111	4
122.4	1.5866	0.7483	5.1114	4
122.45	1.586	0.7997	5.1179	4
122.5	1.5855	0.8599	5.1072	4
122.55	1.5853	0.7798	5.0941	4
122.6	1.5849	0.7136	5.1057	4
122.65	1.5852	0.5559	5.1103	4
122.7	1.585	0.9216	5.1121	4
122.75	1.5839	1.1653	5.1095	4
122.8	1.5842	0.2673	5.1077	4
122.85	1.5844	0.719	5.1046	4
122.9	1.5834	1.3179	5.1158	4
122.95	1.5833	0.1866	5.137	4
123	1.5841	0.5129	5.1309	4
123.05	1.5834	1.3808	5.1201	4
123.1	1.5829	0.4187	5.1282	4
123.15	1.5835	0.7319	5.1249	4
123.2	1.5827	1.0131	5.123	4
123.25	1.5819	0.577	5.1273	4
123.3	1.5828	0.2329	5.1208	4
123.35	1.5827	1.1621	5.1266	4
123.4	1.5819	0.7445	5.1283	4
123.45	1.5827	0.1875	5.1274	4
123.5	1.5825	0.9437	5.1216	4
123.55	1.5817	0.9	5.1271	4
123.6	1.5822	0.2722	5.1153	4
123.65	1.5823	0.8899	5.0995	4
123.7	1.5818	0.7929	5.1034	4
123.75	1.5819	0.5343	5.1118	4
123.8	1.5823	0.5253	5.1147	4
123.85	1.5818	0.8029	5.1225	4
123.9	1.5821	0.5494	5.1296	4
123.95	1.5827	0.2641	5.136	4
124	1.5825	0.7848	5.1488	4
124.05	1.5825	0.4845	5.13	4
124.1	1.5825	0.7791	5.1272	4
124.15	1.5826	0.5168	5.128	4
124.2	1.5831	0.5003	5.1028	4
124.25	1.5826	0.9254	5.1328	4
124.3	1.5829	0.11	5.1379	4
124.35	1.5835	0.7196	5.126	4
124.4	1.5832	0.6689	5.1211	4
124.45	1.5833	0.3424	5.1225	4
124.5	1.5842	0.4405	5.1183	4
124.55	1.5837	1.0006	5.1188	4
124.6	1.5835	0.4065	5.1185	4
124.65	1.5847	0.2459	5.1344	4
124.7	1.5847	0.8469	5.132	4
124.75	1.5845	0.605	5.1281	4
124.8	1.5858	-0.046	5.1389	4
124.85	1.5859	0.9836	5.1305	4
124.9	1.5858	0.4024	5.125	4
124.95	1.5864	0.2691	5.1339	4
125	1.5867	0.4767	5.1313	4
125.05	1.5868	0.5737	5.1228	4
125.1	1.5871	0.4633	5.1168	4
125.15	1.5876	0.3847	5.1196	4
125.2	1.5889	-0.0542	5.1207	4
125.25	1.5896	0.7677	5.1224	4
125.3	1.5895	0.4518	5.1405	4
125.35	1.5909	-0.1468	5.15	4
125.4	1.5916	0.693	5.134	4
125.45	1.5919	0.2678	5.1212	4
125.5	1.5929	0.2078	5.1052	4
125.55	1.5937	0.3308	5.1064	4
125.6	1.5943	0.0683	5.1267	4
125.65	1.5955	0.3735	5.1347	4
125.7	1.5963	0.1035	5.1125	4
125.75	1.5978	-0.0051	5.1243	4
125.8	1.5983	0.4038	5.1423	4
125.85	1.5988	0.4018	5.1389	4
125.9	1.5999	-0.0539	5.1332	4
125.95	1.6015	0.0203	5.1243	4
126	1.6019	0.6137	5.1328	4
126.05	1.6032	-0.2517	5.1485	4
126.1	1.6056	-0.1247	5.1352	4
126.15	1.6066	0.6195	5.137	4
126.2	1.6069	-0.0437	5.1409	4
126.25	1.6087	-0.1245	5.1321	4
126.3	1.609	0.5961	5.1217	4
126.35	1.6098	-0.001	5.1261	4
126.4	1.6112	0.0358	5.1441	4
126.45	1.6118	0.4091	5.1651	4
126.5	1.6126	0.1001	5.167	4
126.55	1.6143	-0.0525	5.1658	4
126.6	1.6151	0.4818	5.1636	4
126.65	1.616	-0.06	5.1599	4
126.7	1.6172	0.1516	5.1552	4
126.75	1.6181	0.2113	5.1544	4
126.8	1.6188	0.2901	5.1468	4
126.85	1.62	0.1296	5.1337	4
126.9	1.6211	0.0779	5.1459	4
126.95	1.6222	0.1073	5.1384	4
127	1.6232	0.0447	5.1287	4
127.05	1.624	0.2215	5.125	4
127.1	1.6255	-0.1771	5.1195	4
127.15	1.6264	0.375	5.1203	4
127.2	1.6268	0.5178	5.1211	4
127.25	1.6281	-0.293	5.1126	4
127.3	1.629	0.5871	5.1203	4
127.35	1.6296	-0.0271	5.1387	4
127.4	1.6306	0.2965	5.1357	4
127.45	1.6314	0.3134	5.1237	4
127.5	1.6324	0.0418	5.1205	4
127.55	1.6333	0.613	5.1257	4
127.6	1.6342	0.1171	5.1307	4
127.65	1.6351	0.294	5.1229	4
127.7	1.6361	0.0156	5.1311	4
127.75	1.6375	0.0029	5.126	4
127.8	1.638	0.5833	5.1297	4
127.85	1.6387	0.1224	5.137	4
127.9	1.64	0.1193	5.1262	4
127.95	1.6407	0.3186	5.1196	4
128	1.6419	0.0216	5.1065	4
128.05	1.6427	0.3018	5.0985	4
128.1	1.6436	0.1484	5.1058	4
128.15	1.645	0.0035	5.1192	4
128.2	1.6462	0.3204	5.1307	4
128.25	1.6472	0.149	5.1215	4
128.3	1.6477	0.51	5.1272	4
128.35	1.6484	0.128	5.1183	4
128.4	1.6496	0.1968	5.1022	4
128.45	1.6502	0.1594	5.1124	4
128.5	1.6514	0.1236	5.1224	4
128.55	1.6521	0.3702	5.1132	4
128.6	1.6531	0.1839	5.1098	4
128.65	1.6542	0.1209	5.1121	4
128.7	1.6549	0.4425	5.1274	4
128.75	1.6558	0.1014	5.1346	4
128.8	1.6568	0.2974	5.1293	4
128.85	1.6576	0.2727	5.1304	4
128.9	1.6584	0.2774	5.1234	4
128.95	1.6591	0.3256	5.108	4
129	1.6605	-0.131	5.1013	4
129.05	1.6612	0.59	5.113	4
129.1	1.662	0.1385	5.1288	4
129.15	1.6629	-0.0744	5.1338	4
129.2	1.6641	0.1958	5.1331	4
129.25	1.6647	0.225	5.1294	4
129.3	1.6662	-0.0782	5.133	4
129.35	1.6681	0.0174	5.1545	4
129.4	1.6688	0.223	5.1422	4
129.45	1.6702	-0.0573	5.1378	4
129.5	1.6721	-0.2821	5.1427	4
129.55	1.673	0.6074	5.1286	4
129.6	1.6742	-0.4194	5.1343	4
129.65	1.6763	-0.1389	5.1348	4
129.7	1.6771	0.2541	5.1331	4
129.75	1.6783	-0.1281	5.1229	4
129.8	1.6808	-0.3463	5.1175	4
129.85	1.6815	0.5879	5.1288	4
129.9	1.6824	-0.1851	5.1305	4
129.95	1.6849	-0.3882	5.1448	4
130	1.6862	0.3295	5.133	4
130.05	1.6871	0.242	5.1193	4
130.1	1.6883	-0.1218	5.1367	4
130.15	1.6897	0.2119	5.1371	4
130.2	1.6903	0.0094	5.1205	4
130.25	1.6922	0.0371	5.1282	4
130.3	1.6933	0.0706	5.1196	4
130.35	1.6944	0.192	5.1238	4
130.4	1.6957	0.0296	5.1332	4
130.45	1.6968	0.11	5.122	4
130.5	1.698	0.1697	5.1283	4
130.55	1.699	0.1004	5.1175	4
130.6	1.6999	0.2799	5.1092	4
130.65	1.7011	0.0832	5.1126	4
130.7	1.7019	0.1838	5.1215	4
130.75	1.7027	0.3481	5.1471	4
130.8	1.7038	-0.0982	5.146	4
130.85	1.705	0.2724	5.1338	4
130.9	1.7059	0.2447	5.1274	4
130.95	1.7069	0.2258	5.1121	4
131	1.7075	0.1666	5.1288	4
131.05	1.7084	0.3089	5.1385	4
131.1	1.7094	0.1986	5.1531	4
131.15	1.7113	-0.1779	5.1482	4
131.2	1.7113	0.8499	5.145	4
131.25	1.7115	0.2256	5.144	4
131.3	1.7131	-0.3065	5.1389	4
131.35	1.7143	0.634	5.1341	4
131.4	1.7142	0.4773	5.1381	4
131.45	1.7158	-0.3646	5.138	4
131.5	1.7176	0.1889	5.1368	4
131.55	1.7178	0.608	5.1342	4
131.6	1.7186	0.1656	5.1472	4
131.65	1.7199	0.0708	5.1593	4
131.7	1.7202	0.7059	5.1555	4
131.75	1.7207	0.2928	5.1489	4
131.8	1.7221	-0.0302	5.1399	4
131.85	1.7232	0.422	5.1255	4
131.9	1.7232	0.4968	5.1318	4
131.95	1.7245	-0.1658	5.1434	4
132	1.7255	0.6184	5.1499	4
132.05	1.7252	0.6041	5.1541	4
132.1	1.7263	0.0318	5.1527	4
132.15	1.7276	0.3539	5.1494	4
132.2	1.7273	0.889	5.1331	4
132.25	1.7279	-0.1196	5.117	4
132.3	1.7293	0.4178	5.1365	4
132.35	1.7284	1.0248	5.1336	4
132.4	1.7291	-0.1005	5.122	4
132.45	1.7307	0.363	5.1189	4
132.5	1.7302	0.9369	5.133	4
132.55	1.7298	0.0851	5.1467	4
132.6	1.7313	0.302	5.1394	4
132.65	1.731	0.8793	5.1257	4
132.7	1.7309	0.4821	5.1174	4
132.75	1.7318	0.0061	5.1311	4
132.8	1.7324	0.7935	5.1521	4
132.85	1.7314	0.8047	5.1531	4
132.9	1.7321	0.1967	5.155	4
132.95	1.7334	0.2888	5.1379	4
133	1.733	1.081	5.1399	4
133.05	1.7335	0.2043	5.1503	4
133.1	1.7349	0.093	5.1265	4
133.15	1.7345	1.1133	5.1319	4
133.2	1.7342	0.6312	5.1416	4
133.25	1.7352	-0.0713	5.1293	4
133.3	1.7358	0.9731	5.1252	4
133.35	1.7348	0.6768	5.1312	4
133.4	1.7352	0.3884	5.1393	4
133.45	1.7364	0.3498	5.1346	4
133.5	1.7358	1.0383	5.126	4
133.55	1.7361	0.2908	5.128	4
133.6	1.7375	0.2204	5.124	4
133.65	1.7369	1.1386	5.1223	4
133.7	1.7365	0.4455	5.1051	4
133.75	1.738	-0.0611	5.0975	4
133.8	1.7378	1.1953	5.1175	4
133.85	1.7374	0.3171	5.1135	4
133.9	1.7385	0.2183	5.1012	4
133.95	1.7384	0.7695	5.1057	4
134	1.7384	0.53	5.0995	4
134.05	1.7396	0.1534	5.1138	4
134.1	1.7397	0.723	5.1144	4
134.15	1.7394	0.7821	5.1151	4
134.2	1.7401	0.1969	5.119	4
134.25	1.7408	0.6119	5.1101	4
134.3	1.7407	0.5771	5.1218	4
134.35	1.7414	0.2756	5.1254	4
134.4	1.7418	0.5482	5.1247	4
134.45	1.7417	0.7708	5.1172	4
134.5	1.7424	0.045	5.1102	4
134.55	1.743	0.7059	5.1317	4
134.6	1.743	0.4185	5.1379	4
134.65	1.7437	0.5133	5.1256	4
134.7	1.7444	0.3522	5.1189	4
134.75	1.7446	0.5625	5.1057	4
134.8	1.7447	0.5048	5.1015	4
134.85	1.7458	0.1399	5.119	4
134.9	1.7461	0.7076	5.1252	4
134.95	1.746	0.817	5.1361	4
135	1.7462	0.2795	5.1407	4
135.05	1.747	0.6975	5.1279	4
135.1	1.7458	0.8289	5.1276	4
135.15	1.7458	0.6978	5.1289	4
135.2	1.7465	0.2665	5.1151	4
135.25	1.7466	0.8432	5.107	4
135.3	1.7459	1.0863	5.1126	4
135.35	1.7462	0.2372	5.1114	4
135.4	1.7464	0.8485	5.1108	4
135.45	1.7455	0.9514	5.112	4
135.5	1.7456	0.3831	5.1079	4
135.55	1.7465	0.5252	5.1222	4
135.6	1.7458	1.0412	5.121	4
135.65	1.7463	0.1032	5.1176	4
135.7	1.7468	0.8796	5.1312	4
135.75	1.746	0.8091	5.1325	4
135.8	1.7456	0.6109	5.1134	4
135.85	1.7459	0.4648	5.1013	4
135.9	1.7465	0.6516	5.1012	4
135.95	1.7465	0.6516	5.1244	4
136	1.7462	0.793	5.1329	4
136.05	1.7465	0.3434	5.1156	4
136.1	1.7467	0.7806	5.1248	4
136.15	1.7469	0.4483	5.1187	4
136.2	1.7467	0.76	5.1119	4
136.25	1.7474	0.3948	5.1087	4
136.3	1.7479	0.4431	5.1127	4
136.35	1.7479	0.7403	5.1278	4
136.4	1.7482	0.34	5.1107	4
136.45	1.7487	0.556	5.0822	4
136.5	1.7489	0.7531	5.0928	4
136.55	1.749	0.3241	5.1041	4
136.6	1.7492	0.5849	5.0985	4
136.65	1.7502	0.1	5.0987	4
136.7	1.7501	0.8722	5.1217	4
136.75	1.7507	0.2914	5.1207	4
136.8	1.7507	0.5019	5.1008	4
136.85	1.751	0.7215	5.1115	4
136.9	1.7516	0.0945	5.1131	4
136.95	1.7525	0.4079	5.105	4
137	1.7526	0.6967	5.0919	4
137.05	1.7527	0.2261	5.0921	4
137.1	1.7531	0.622	5.0926	4
137.15	1.7538	0.1916	5.104	4
137.2	1.7543	0.787	5.1094	4
137.25	1.7552	-0.2405	5.1127	4
137.3	1.7563	0.6122	5.0952	4
137.35	1.7563	0.6067	5.087	4
137.4	1.7571	0.0716	5.0945	4
137.45	1.7576	0.6961	5.0897	4
137.5	1.7573	0.7627	5.0863	4
137.55	1.7579	0.0064	5.0982	4
137.6	1.7586	0.7717	5.0933	4
137.65	1.7582	0.6015	5.0855	4
137.7	1.7589	0.3954	5.0994	4
137.75	1.7594	0.3579	5.118	4
137.8	1.7591	0.9862	5.1187	4
137.85	1.7587	0.7226	5.1188	4
137.9	1.7596	0.0662	5.1196	4
137.95	1.7602	0.822	5.1122	4
138	1.7595	0.8904	5.1104	4
138.05	1.7601	0.2187	5.116	4
138.1	1.7607	0.7503	5.1122	4
138.15	1.7598	0.9148	5.1063	4
138.2	1.7603	0.2326	5.1016	4
138.25	1.7605	0.8585	5.122	4
138.3	1.7601	0.7866	5.1214	4
138.35	1.7603	0.353	5.1049	4
138.4	1.7603	0.7462	5.1074	4
138.45	1.7601	0.5996	5.1189	4
138.5	1.7602	0.8172	5.1411	4
138.55	1.7601	0.6091	5.1512	4
138.6	1.7598	0.7506	5.1331	4
138.65	1.7598	0.4936	5.1327	4
138.7	1.7604	0.5694	5.1275	4
138.75	1.7599	0.8798	5.1291	4
138.8	1.7597	0.6964	5.1352	4
138.85	1.7594	0.9023	5.1365	4
138.9	1.7593	0.9006	5.1459	4
138.95	1.7596	0.4488	5.1298	4
139	1.7599	0.5434	5.1455	4
139.05	1.7589	1.2748	5.1524	4
139.1	1.7587	0.2853	5.1314	4
139.15	1.7595	0.7552	5.1284	4
139.2	1.759	0.7248	5.1246	4
139.25	1.7588	0.8614	5.1132	4
139.3	1.7589	0.5832	5.1193	4
139.35	1.7589	0.7392	5.1186	4
139.4	1.7593	0.4359	5.1256	4
139.45	1.7589	1.0885	5.1187	4
139.5	1.7585	0.5064	5.1298	4
139.55	1.7587	0.8002	5.1427	4
139.6	1.7584	0.6748	5.1271	4
139.65	1.7584	0.8251	5.1315	4
139.7	1.7577	0.8276	5.1383	4
139.75	1.7575	0.6063	5.1257	4
139.8	1.7578	0.708	5.1096	4
139.85	1.7577	0.7717	5.1025	4
139.9	1.7568	1.0418	5.1032	4
139.95	1.757	0.5651	5.1113	4
140	1.7558	1.2107	5.1149	4
140.05	1.7554	0.7998	5.1264	4
140.1	1.7551	0.8744	5.1112	4
140.15	1.7545	1.0246	5.1274	4
140.2	1.754	0.9547	5.1471	4
140.25	1.7537	0.7122	5.1388	4
140.3	1.7531	1.2463	5.1361	4
140.35	1.7521	1.0282	5.1222	4
140.4	1.7511	1.0973	5.1137	4
140.45	1.7506	1.0316	5.1342	4
140.5	1.7487	1.4629	5.1205	4
140.55	1.7477	1.041	5.1103	4
140.6	1.7468	0.9793	5.1164	4
140.65	1.7455	1.2813	5.1225	4
140.7	1.7444	1.2485	5.1267	4
140.75	1.7435	1.1296	5.132	4
140.8	1.7421	1.4182	5.138	4
140.85	1.7413	0.8912	5.141	4
140.9	1.7401	1.3047	5.1311	4
140.95	1.7386	1.3083	5.1125	4
141	1.738	0.9516	5.1136	4
141.05	1.7364	1.5027	5.1274	4
141.1	1.7363	0.5273	5.116	4
141.15	1.7358	1.2068	5.1029	4
141.2	1.7339	1.5176	5.112	4
141.25	1.7334	0.6673	5.1258	4
141.3	1.7325	1.3141	5.1258	4
141.35	1.7322	0.706	5.1304	4
141.4	1.7313	1.2195	5.1302	4
141.45	1.7304	0.9852	5.1235	4
141.5	1.73	0.9345	5.1219	4
141.55	1.7288	1.0659	5.1293	4
141.6	1.7281	1.0765	5.1274	4
141.65	1.7271	0.9987	5.1277	4
141.7	1.7256	1.6027	5.1257	4
141.75	1.7251	0.3585	5.113	4
141.8	1.7251	1.2895	5.1163	4
141.85	1.7227	1.8303	5.1328	4
141.9	1.7211	0.9052	5.1454	4
141.95	1.7222	0.1485	5.1437	4
142	1.7202	2.5428	5.1309	4
142.05	1.7179	0.6474	5.1312	4
142.1	1.7191	0.5149	5.1389	4
142.15	1.7176	1.5753	5.1484	4
142.2	1.7148	1.9243	5.168	4
142.25	1.7162	-0.686	5.1589	4
142.3	1.7154	2.3199	5.1499	4
142.35	1.7115	1.6094	5.1366	4
142.4	1.7127	-0.2037	5.1377	4
142.45	1.713	1.3681	5.1482	4
142.5	1.7091	2.4662	5.1541	4
142.55	1.7087	-0.3711	5.1549	4
142.6	1.7101	1.0849	5.1511	4
142.65	1.707	2.0626	5.1515	4
142.7	1.7054	0.8556	5.1528	4
142.75	1.7071	-0.1171	5.1503	4
142.8	1.7052	2.5412	5.143	4
142.85	1.7024	1.0461	5.1527	4
142.9	1.7038	-0.1793	5.1564	4
142.95	1.7024	2.3037	5.1521	4
143	1.6999	1.0627	5.1411	4
143.05	1.7005	0.2798	5.1291	4
143.1	1.6999	1.6348	5.1311	4
143.15	1.697	1.5356	5.1273	4
143.2	1.6974	0.2702	5.1274	4
143.25	1.6972	1.45	5.1225	4
143.3	1.6945	1.6271	5.1107	4
143.35	1.694	0.6337	5.1217	4
143.4	1.6946	0.401	5.1139	4
143.45	1.6923	2.2242	5.104	4
143.5	1.6913	0.4009	5.1208	5
143.55	1.6917	0.8856	5.1153	5
143.6	1.6899	1.6132	5.1119	5
143.65	1.6884	1.04	5.0967	5
143.7	1.6887	0.5336	5.0934	5
143.75	1.6924	1.5046	5.1123	5
143.8	1.7093	1.5182	5.1067	5
143.85	1.74	1.6938	5.1206	5
143.9	1.7842	1.9031	5.1262	5
143.95	1.8399	3.589	5.1153	5
144	1.9088	3.6477	5.1143	5
144.05	1.9897	4.3224	5.1098	5
144.1	2.0811	6.5671	5.1102	5
144.15	2.1852	7.4676	5.1046	5
144.2	2.3	9.1656	5.1208	5
144.25	2.4253	11.6149	5.1259	5
144.3	2.5607	14.9288	5.1094	5
144.35	2.7076	17.3712	5.1078	5
144.4	2.8634	21.9771	5.1108	5
144.45	3.0293	26.9666	5.0981	5
144.5	3.2047	32.8237	5.1132	5
144.55	3.3898	39.149	5.1171	5
144.6	3.5835	47.9763	5.0975	5
144.65	3.7873	58.1922	5.1098	5
144.7	4.0019	70.4833	5.1269	5
144.75	4.2277	85.9272	5.1245	5
144.8	4.465	104.7142	5.115	5
144.85	4.7141	126.8913	5.118	5
144.9	4.9717	155.5017	5.1168	5
144.95	5.2391	189.3626	5.1247	5
145	5.5139	229.8288	5.1253	5
145.05	5.7926	280.1547	5.123	5
145.1	6.0749	341.1236	5.1269	5
145.15	6.361	411.7759	5.123	5
145.2	6.6498	492.7459	5.1284	5
145.25	6.9411	583.7732	5.1347	5
145.3	7.2356	682.2125	5.1194	5
145.35	7.5335	787.8167	5.105	5
145.4	7.8345	900.5826	5.1026	5
145.45	8.1405	1018.1111	5.1013	5
145.5	8.4521	1138.3415	5.1168	5
145.55	8.768	1261.5237	5.1315	5
145.6	9.0885	1388.4942	5.122	5
145.65	9.4139	1518.5464	5.116	5
145.7	9.742	1653.6671	5.1111	5
145.75	10.0725	1794.6662	5.1081	5
145.8	10.4069	1938.9067	5.1188	5
145.85	10.7446	2086.8133	5.1136	5
145.9	11.0843	2239.9977	5.0953	5
145.95	11.4266	2396.6313	5.0845	5
146	11.7707	2558.5601	5.0772	5
146.05	12.1166	2726.6797	5.0609	5
146.1	12.4645	2898.6628	5.0734	5
146.15	12.8135	3075.402	5.0744	5
146.2	13.1639	3257.5149	5.0477	6
146.25	13.5159	3444.3874	5.0667	6
146.3	13.8679	3637.1842	5.0978	6
146.35	14.2202	3836.846	5.0697	6
146.4	14.5732	4041.6382	5.0539	6
146.45	14.9251	4247.4927	5.0655	6
146.5	15.2709	4446.9172	5.0727	6
146.55	15.6099	4634.6015	5.0756	6
146.6	15.9386	4815.1449	5.0686	6
146.65	16.2573	4988.7193	5.0481	6
146.7	16.5673	5152.8905	5.0496	6
146.75	16.8674	5309.1315	5.0579	6
146.8	17.158	5459.4362	5.0527	6
146.85	17.4406	5601.7009	5.0505	6
146.9	17.7152	5735.1473	5.0549	6
146.95	17.9801	5862.6258	5.0486	6
147	18.2366	5983.6731	5.0476	6
147.05	18.4867	6095.9226	5.0318	6
147.1	18.7279	6203.2915	5.0214	6
147.15	18.9613	6304.1784	5.0348	6
147.2	19.1884	6397.17	5.044	6
147.25	19.4075	6485.1558	5.026	6
147.3	19.6188	6568.1092	5.0305	6
147.35	19.824	6643.9281	5.0409	6
147.4	20.0219	6714.8549	5.0328	6
147.45	20.2125	6781.1525	5.0309	6
147.5	20.3982	6840.7571	5.0243	6
147.55	20.5782	6894.9848	5.0257	6
147.6	20.7518	6944.5172	5.0232	6
147.65	20.9199	6988.4402	5.0063	6
147.7	21.0825	7027.7094	5.0138	6
147.75	21.2391	7063.7162	5.0126	6
147.8	21.391	7094.4391	5.015	6
147.85	21.5378	7120.8426	5.0173	6
147.9	21.6799	7142.8842	5.0204	6
147.95	21.8168	7160.8778	5.0251	6
148	21.9487	7175.474	5.0129	6
148.05	22.077	7185.7106	5.0134	6
148.1	22.1997	7194.1922	5.0055	6
148.15	22.3195	7197.4113	4.9999	6
148.2	22.4348	7197.8159	4.9998	6
148.25	22.5449	7196.7691	4.9894	6
148.3	22.6522	7191.1435	4.9885	6
148.35	22.7555	7182.8333	4.992	6
148.4	22.8552	7172.287	5.0058	6
148.45	22.9515	7158.6743	5.024	6
148.5	23.0441	7142.4446	5.0182	6
148.55	23.1338	7123.5979	5.014	6
148.6	23.2196	7103.3891	5.0014	6
148.65	23.3023	7080.6691	4.9967	6
148.7	23.3823	7055.697	5.0075	6
148.75	23.4593	7028.5998	4.989	6
148.8	23.5331	7000.2764	4.9985	6
148.85	23.604	6970.6179	5.0023	6
148.9	23.6727	6938.4724	4.9911	6
148.95	23.7379	6905.6968	4.9859	6
149	23.8003	6871.7217	4.9968	6
149.05	23.8609	6835.2143	5.0157	6
149.1	23.9183	6798.8271	5.0187	6
149.15	23.9732	6761.3609	5.0148	6
149.2	24.0268	6721.7108	5.0329	6
149.25	24.0777	6681.9922	5.0349	6
149.3	24.1263	6641.0182	5.0264	6
149.35	24.1728	6598.9387	5.029	6
149.4	24.2178	6556.3652	5.0142	6
149.45	24.2602	6514.3895	5.0126	6
149.5	24.3007	6471.2558	5.0179	6
149.55	24.34	6426.8108	5.022	6
149.6	24.3768	6382.4882	5.0287	6
149.65	24.4119	6337.8234	5.0103	6
149.7	24.4458	6292.4512	5.0152	6
149.75	24.478	6246.9854	5.0307	6
149.8	24.5085	6201.2407	5.0329	6
149.85	24.5377	6155.387	5.0377	6
149.9	24.5652	6109.7788	5.0261	6
149.95	24.5914	6063.7691	5.0182	6
150	24.6163	6017.7352	5.0253	6
150.05	24.6396	5971.767	5.0343	6
150.1	24.6617	5925.5422	5.0416	6
150.15	24.6823	5880.2008	5.0437	6
150.2	24.7024	5834.3299	5.0416	6
150.25	24.7207	5789.4052	5.0532	6
150.3	24.7379	5744.2226	5.0437	6
150.35	24.7545	5698.5617	5.0412	6
150.4	24.7695	5654.0612	5.0476	6
150.45	24.7835	5609.9473	5.0502	6
150.5	24.7971	5565.1679	5.0484	6
150.55	24.8097	5520.9999	5.0375	6
150.6	24.8206	5478.3006	5.0562	6
150.65	24.8313	5434.7874	5.0546	6
150.7	24.8413	5391.3337	5.0618	6
150.75	24.8494	5350.1842	5.0589	6
150.8	24.8576	5307.9925	5.0419	6
150.85	24.8651	5265.9563	5.0433	6
150.9	24.8714	5225.4754	5.0411	6
150.95	24.8772	5184.8255	5.0505	6
151	24.8827	5144.0862	5.0522	6
151.05	24.8869	5104.9483	5.0359	6
151.1	24.8909	5065.7396	5.0497	6
151.15	24.8947	5026.3284	5.0546	6
151.2	24.8971	4988.6243	5.0646	6
151.25	24.8992	4951.2768	5.085	6
151.3	24.9014	4913.3739	5.0685	6
151.35	24.9022	4876.9685	5.0668	6
151.4	24.9028	4840.8285	5.0923	6
151.45	24.9031	4804.9009	5.0837	6
151.5	24.9024	4770.2855	5.0899	6
151.55	24.9019	4735.441	5.1056	6
151.6	24.9011	4700.9173	5.099	6
151.65	24.8992	4667.9382	5.0977	6
151.7	24.8973	4634.8455	5.0962	6
151.75	24.8957	4601.5391	5.0919	6
151.8	24.8927	4569.9556	5.0935	6
151.85	24.8894	4538.6776	5.1208	6
151.9	24.8866	4507.103	5.1281	6
151.95	24.8828	4476.8453	5.1011	6
152	24.8787	4447.198	5.0918	6
152.05	24.875	4417.2285	5.0794	6
152.1	24.8713	4387.2134	5.0737	6
152.15	24.8666	4358.8891	5.0729	6
152.2	24.8621	4330.5797	5.093	6
152.25	24.8576	4302.2661	5.1163	6
152.3	24.8522	4275.6032	5.1261	6
152.35	24.8466	4249.2086	5.1299	6
152.4	24.8411	4222.3209	5.122	6
152.45	24.8354	4196.3682	5.1121	6
152.5	24.8297	4171.3743	5.1106	6
152.55	24.8236	4146.7738	5.1123	6
152.6	24.8171	4122.7061	5.1121	6
152.65	24.8108	4098.7809	5.1089	6
152.7	24.804	4075.7768	5.104	6
152.75	24.7969	4053.5159	5.0944	6
152.8	24.79	4031.2829	5.0938	6
152.85	24.7833	4009.3148	5.1006	6
152.9	24.7758	3988.6176	5.1134	6
152.95	24.7685	3967.9967	5.0997	6
153	24.7618	3946.9116	5.091	6
153.05	24.7543	3927.1973	5.0986	6
153.1	24.7466	3908.2109	5.0934	6
153.15	24.74	3887.9577	5.0893	6
153.2	24.7322	3869.7114	5.0892	6
153.25	24.7241	3852.1451	5.0813	6
153.3	24.7166	3834.0641	5.0776	6
153.35	24.7088	3816.9867	5.0696	6
153.4	24.7006	3801.0059	5.0603	6
153.45	24.693	3784.5071	5.0669	6
153.5	24.6857	3767.7956	5.0743	6
153.55	24.6776	3752.7792	5.0899	6
153.6	24.6703	3737.0662	5.0886	6
153.65	24.6634	3721.2714	5.0958	6
153.7	24.6552	3707.5298	5.0981	6
153.75	24.6478	3693.0002	5.1033	6
153.8	24.6407	3678.5284	5.1158	6
153.85	24.6326	3665.9478	5.1151	6
153.9	24.6248	3653.0162	5.1073	6
153.95	24.6176	3639.6959	5.1096	6
154	24.6095	3628.2381	5.1141	6
154.05	24.6014	3617.0678	5.1085	6
154.1	24.5941	3605.0577	5.0943	6
154.15	24.5863	3594.036	5.0839	6
154.2	24.5784	3583.5691	5.0893	6
154.25	24.5711	3572.8507	5.1016	6
154.3	24.5641	3562.4369	5.0993	6
154.35	24.557	3552.2692	5.0836	6
154.4	24.5493	3543.1055	5.0887	6
154.45	24.5419	3533.9252	5.0984	6
154.5	24.5351	3524.6029	5.0878	6
154.55	24.5282	3515.5465	5.066	6
154.6	24.5208	3507.5755	5.0806	6
154.65	24.5142	3498.8634	5.0849	6
154.7	24.5084	3489.5225	5.0761	6
154.75	24.5014	3482.1949	5.0733	6
154.8	24.4945	3474.9846	5.0859	6
154.85	24.4886	3466.3563	5.0819	6
154.9	24.4818	3459.5358	5.0827	6
154.95	24.4746	3453.752	5.0871	6
155	24.4688	3446.4835	5.0786	6
155.05	24.4628	3439.2646	5.093	6
155.1	24.4553	3434.7642	5.1033	6
155.15	24.4495	3428.4471	5.106	6
155.2	24.4444	3421.4885	5.0912	6
155.25	24.438	3416.6356	5.0848	6
155.3	24.432	3411.4542	5.0811	6
155.35	24.4267	3405.5808	5.0874	6
155.4	24.4213	3400.1053	5.0971	6
155.45	24.4151	3396.1127	5.1081	6
155.5	24.4102	3390.6924	5.1111	6
155.55	24.4051	3385.4393	5.0945	6
155.6	24.3993	3381.5915	5.1062	6
155.65	24.394	3377.4795	5.1283	6
155.7	24.3893	3372.679	5.1116	6
155.75	24.384	3369.0774	5.092	6
155.8	24.3789	3365.6759	5.1043	6
155.85	24.3743	3361.6291	5.1161	6
155.9	24.3695	3358.1951	5.1057	6
155.95	24.3646	3355.1806	5.1094	6
156	24.3601	3351.7589	5.1078	6
156.05	24.355	3349.1231	5.0958	6
156.1	24.3504	3346.3142	5.1087	6
156.15	24.3464	3342.9226	5.0978	6
156.2	24.3421	3340.1286	5.1041	6
156.25	24.3377	3337.8676	5.1115	6
156.3	24.3336	3335.2992	5.1058	6
156.35	24.3295	3332.7907	5.1197	6
156.4	24.3248	3331.5776	5.1185	6
156.45	24.3207	3330.03	5.1164	6
156.5	24.317	3327.7047	5.116	6
156.55	24.313	3326.2463	5.116	6
156.6	24.3091	3324.8777	5.1073	6
156.65	24.3058	3323.0623	5.0887	6
156.7	24.3025	3321.1222	5.1069	6
156.75	24.2986	3319.9119	5.1055	6
156.8	24.2949	3318.7606	5.0848	6
156.85	24.2921	3316.5719	5.094	6
156.9	24.2886	3315.6532	5.1003	6
156.95	24.2851	3315.0804	5.1119	6
157	24.2828	3312.8802	5.117	6
157.05	24.28	3311.473	5.0992	6
157.1	24.276	3311.6376	5.1133	6
157.15	24.2737	3309.8338	5.1075	6
157.2	24.2716	3308.0033	5.1033	6
157.25	24.2682	3308.0792	5.1184	6
157.3	24.2656	3307.0359	5.12	6
157.35	24.2637	3305.5276	5.1101	6
157.4	24.2616	3304.2387	5.1101	6
157.45	24.2586	3304.1386	5.1226	6
157.5	24.2568	3302.814	5.1058	6
157.55	24.255	3301.4976	5.0906	6
157.6	24.2517	3302.3113	5.116	6
157.65	24.2498	3301.3392	5.1042	6
157.7	24.2481	3300.1844	5.1047	6
157.75	24.2449	3301.2214	5.0952	6
157.8	24.243	3300.7367	5.0835	6
157.85	24.2416	3299.5928	5.095	6
157.9	24.2388	3300.2966	5.1007	6
157.95	24.2364	3300.8088	5.0909	6
158	24.2347	3300.2964	5.1074	6
158.05	24.2323	3300.8638	5.0948	6
158.1	24.2299	3301.614	5.0894	6
158.15	24.2284	3301.1902	5.0904	6
158.2	24.2267	3301.2857	5.0942	6
158.25	24.2248	3301.5818	5.1095	6
158.3	24.2233	3301.6387	5.1054	6
158.35	24.2222	3301.2927	5.0892	6
158.4	24.2207	3301.4242	5.0878	6
158.45	24.2191	3301.8056	5.0846	6
158.5	24.2183	3300.8445	5.0744	6
158.55	24.217	3300.9674	5.0816	6
158.6	24.2154	3301.5509	5.0954	6
158.65	24.2147	3301.054	5.1042	6
158.7	24.2133	3301.0487	5.1039	6
158.75	24.2119	3301.8061	5.1074	6
158.8	24.2108	3301.586	5.0975	6
158.85	24.2101	3301.6694	5.095	6
158.9	24.2089	3301.7392	5.1217	6
158.95	24.2074	3301.8291	5.1156	6
159	24.207	3301.6049	5.0985	6
159.05	24.2064	3300.9974	5.1042	6
159.1	24.2051	3301.0738	5.1069	6
159.15	24.2045	3301.7458	5.0862	6
159.2	24.2043	3301.3055	5.0773	6
159.25	24.2037	3300.3304	5.1031	6
159.3	24.2024	3301.4643	5.1052	6
159.35	24.2025	3301.2726	5.0944	6
159.4	24.2021	3300.2175	5.1045	6
159.45	24.2007	3300.749	5.1137	6
159.5	24.2002	3301.1627	5.1219	6
159.55	24.2004	3300.742	5.1079	6
159.6	24.1992	3301.4417	5.0994	6
159.65	24.1982	3300.8412	5.1169	6
159.7	24.1983	3300.1786	5.1191	6
159.75	24.1976	3301.176	5.1052	6
159.8	24.1969	3302.1697	5.1133	6
159.85	24.1966	3301.926	5.1103	6
159.9	24.1956	3301.5227	5.1059	6
159.95	24.1946	3302.2838	5.1004	6
160	24.1945	3302.2782	5.0981	6
160.05	24.1948	3301.8692	5.096	6
160.1	24.1947	3302.346	5.0801	6
160.15	24.1952	3301.5979	5.0777	6
160.2	24.1958	3299.4903	5.0762	6
160.25	24.1954	3298.7641	5.0934	6
160.3	24.1954	3298.4421	5.1227	6
160.35	24.1962	3297.4882	5.1245	6
160.4	24.1961	3297.725	5.117	6
160.45	24.1958	3298.01	5.0998	6
160.5	24.1954	3297.2156	5.0955	6
160.55	24.1952	3295.9541	5.105	6
160.6	24.1949	3296.166	5.1082	6
160.65	24.1946	3296.5175	5.1207	6
160.7	24.1948	3296.3478	5.1272	6
160.75	24.1948	3296.3748	5.1093	6
160.8	24.1944	3296.7101	5.1073	6
160.85	24.1939	3295.6253	5.0977	6
160.9	24.1938	3294.3972	5.0891	6
160.95	24.1926	3295.8745	5.1051	6
161	24.1923	3296.5299	5.1197	6
161.05	24.1929	3295.6037	5.1118	6
161.1	24.1922	3296.8719	5.0925	6
161.15	24.1922	3297.0042	5.087	6
161.2	24.1928	3296.23	5.0839	6
161.25	24.1924	3295.7452	5.0925	6
161.3	24.1913	3295.8307	5.0847	6
161.35	24.1909	3296.0903	5.0754	6
161.4	24.1912	3295.9308	5.0718	6
161.45	24.1901	3297.3127	5.0778	6
161.5	24.1899	3297.5194	5.0823	6
161.55	24.1899	3297.5411	5.0819	6
161.6	24.1898	3297.8661	5.0732	6
161.65	24.1895	3298.3499	5.0566	6
161.7	24.1891	3298.874	5.0631	6
161.75	24.1889	3298.9981	5.0617	6
161.8	24.1884	3300.0812	5.0805	6
161.85	24.1881	3300.5162	5.0897	6
161.9	24.1881	3300.6186	5.08	6
161.95	24.1872	3301.715	5.0824	6
162	24.1873	3300.1122	5.0828	6
162.05	24.1862	3300.6016	5.0787	6
162.1	24.1857	3301.3241	5.0828	6
162.15	24.1854	3301.8068	5.0942	6
162.2	24.1852	3302.2869	5.0988	6
162.25	24.1849	3302.7339	5.1067	6
162.3	24.1843	3303.4934	5.1099	6
162.35	24.1848	3302.9737	5.1035	6
162.4	24.1845	3303.424	5.0956	6
162.45	24.1841	3304.0685	5.102	6
162.5	24.1843	3303.8254	5.1035	6
162.55	24.1839	3304.5365	5.0987	6
162.6	24.1837	3306.2452	5.1116	6
162.65	24.1838	3307.6797	5.1175	6
162.7	24.1838	3307.8957	5.1157	6
162.75	24.183	3309.2364	5.1062	6
162.8	24.1833	3309.0708	5.0896	6
162.85	24.1837	3308.6748	5.0925	6
162.9	24.182	3310.8976	5.1108	6
162.95	24.1826	3309.9388	5.1169	6
163	24.1829	3309.7805	5.124	6
163.05	24.1819	3311.4194	5.1176	6
163.1	24.1822	3311.1782	5.1221	6
163.15	24.1824	3310.9665	5.1094	6
163.2	24.1821	3311.4024	5.1137	6
163.25	24.1817	3312.0893	5.123	6
163.3	24.1821	3311.7184	5.1315	6
163.35	24.1822	3311.679	5.1314	6
163.4	24.1813	3313.0569	5.1211	6
163.45	24.1815	3312.8972	5.1076	6
163.5	24.1816	3312.8474	5.108	6
163.55	24.1807	3314.0997	5.1105	6
163.6	24.1807	3314.2276	5.1055	6
163.65	24.1811	3313.6702	5.0913	6
163.7	24.1804	3314.8197	5.1032	6
163.75	24.1809	3315.6236	5.0904	6
163.8	24.1817	3316.0739	5.0797	6
163.85	24.1813	3316.8653	5.083	6
163.9	24.1816	3316.7875	5.0986	6
163.95	24.1815	3316.9009	5.1055	6
164	24.1813	3317.137	5.108	6
164.05	24.1813	3317.3021	5.0998	6
164.1	24.1811	3317.8101	5.1025	6
164.15	24.1813	3317.711	5.1084	6
164.2	24.1812	3317.7692	5.1059	6
164.25	24.1808	3318.4849	5.0981	6
164.3	24.181	3318.3547	5.1041	6
164.35	24.1808	3318.7163	5.0957	6
164.4	24.1808	3318.8867	5.0945	6
164.45	24.1804	3319.5361	5.1088	6
164.5	24.1804	3319.5552	5.1023	6
164.55	24.1805	3319.815	5.088	6
164.6	24.1804	3322.0125	5.097	6
164.65	24.181	3322.3799	5.0911	6
164.7	24.1811	3322.5038	5.0779	6
164.75	24.181	3322.7694	5.0859	6
164.8	24.1807	3322.9892	5.0778	6
164.85	24.1808	3322.8349	5.0837	6
164.9	24.1803	3323.5108	5.0879	6
164.95	24.1804	3323.6283	5.0933	6
165	24.1806	3323.4351	5.0986	6
165.05	24.1809	3323.3776	5.0742	6
165.1	24.1806	3324.0339	5.0747	6
165.15	24.1807	3324.0444	5.0907	6
165.2	24.1813	3323.2311	5.0868	6
165.25	24.1807	3324.138	5.0812	6
165.3	24.1806	3324.9194	5.0908	6
165.35	24.1817	3325.2102	5.0863	6
165.4	24.1818	3326.3299	5.0729	6
165.45	24.1816	3326.7988	5.068	6
165.5	24.1821	3326.1981	5.0909	6
165.55	24.1827	3325.5413	5.0981	6
165.6	24.1826	3325.7888	5.1002	6
165.65	24.1826	3325.854	5.0947	6
165.7	24.1836	3324.755	5.0973	6
165.75	24.1841	3324.0574	5.0964	6
165.8	24.1836	3324.8374	5.0891	6
165.85	24.1845	3323.8831	5.0772	6
165.9	24.1857	3322.2777	5.0704	6
165.95	24.1857	3322.4889	5.0614	6
166	24.1862	3322.002	5.0802	6
166.05	24.1874	3320.5473	5.0873	6
166.1	24.1879	3320.1154	5.0905	6
166.15	24.1881	3320.2486	5.0995	6
166.2	24.1893	3318.7908	5.0863	6
166.25	24.1901	3317.5426	5.0805	6
166.3	24.1899	3317.0274	5.084	6
166.35	24.1903	3314.8185	5.0812	6
166.4	24.1909	3313.7275	5.086	6
166.45	24.191	3313.8904	5.0937	6
166.5	24.1912	3313.6595	5.0967	6
166.55	24.1918	3312.9579	5.109	6
166.6	24.1918	3312.9146	5.1078	6
166.65	24.1918	3312.9428	5.1014	6
166.7	24.1924	3312.2921	5.097	6
166.75	24.1926	3312.0387	5.0998	6
166.8	24.1923	3311.6052	5.1071	6
166.85	24.1924	3309.7277	5.0902	6
166.9	24.1927	3309.2054	5.0935	6
166.95	24.1928	3309.3568	5.0972	6
167	24.1931	3309.0708	5.0902	6
167.05	24.1931	3309.0818	5.0959	6
167.1	24.193	3309.2715	5.0982	6
167.15	24.1932	3309.0185	5.1026	6
167.2	24.1934	3308.0732	5.1074	6
167.25	24.193	3306.9556	5.0932	6
167.3	24.193	3306.6096	5.0972	6
167.35	24.1935	3305.9889	5.0922	6
167.4	24.1937	3305.902	5.1007	6
167.45	24.1935	3306.3046	5.1054	6
167.5	24.1943	3305.3618	5.0897	6
167.55	24.1942	3305.5085	5.094	6
167.6	24.1939	3304.7409	5.1157	6
167.65	24.1942	3302.9714	5.131	6
167.7	24.194	3303.1236	5.1267	6
167.75	24.1936	3303.8086	5.1093	6
167.8	24.1939	3303.4147	5.0932	6
167.85	24.1938	3303.4468	5.0888	6
167.9	24.1935	3304.0235	5.096	6
167.95	24.1935	3303.3516	5.1012	6
168	24.1932	3302.1965	5.1021	6
168.05	24.193	3301.9378	5.0962	6
168.1	24.193	3302.1057	5.0971	6
168.15	24.1927	3302.6934	5.0953	6
168.2	24.1931	3302.1371	5.1041	6
168.25	24.1926	3302.9353	5.1024	6
168.3	24.1928	3302.7651	5.101	6
168.35	24.1931	3302.196	5.096	6
168.4	24.1926	3301.3173	5.0916	6
168.45	24.1927	3300.0193	5.0953	6
168.5	24.1926	3300.2668	5.1036	6
168.55	24.193	3299.8456	5.1154	6
168.6	24.1932	3299.688	5.1181	6
168.65	24.1934	3299.4796	5.1283	6
168.7	24.1937	3299.2764	5.1365	6
168.75	24.1934	3299.5213	5.1194	6
168.8	24.194	3297.1669	5.1002	6
168.85	24.1928	3297.3613	5.1113	6
168.9	24.1929	3297.2263	5.1134	6
168.95	24.1938	3296.0968	5.1125	6
169	24.1932	3297.2521	5.0984	6
169.05	24.1935	3296.9755	5.1014	6
169.1	24.1942	3296.1473	5.1159	6
169.15	24.1935	3296.5739	5.1173	6
169.2	24.193	3295.6232	5.1181	6
169.25	24.1932	3294.4726	5.1231	6
169.3	24.1928	3295.1895	5.1128	6
169.35	24.1925	3295.6898	5.0981	6
169.4	24.193	3295.1201	5.096	6
169.45	24.1928	3295.7336	5.1161	6
169.5	24.193	3295.6125	5.1197	6
169.55	24.1933	3295.1229	5.1122	6
169.6	24.1931	3293.7653	5.105	6
169.65	24.1927	3293.141	5.1042	6
169.7	24.1927	3293.2134	5.1104	6
169.75	24.1935	3292.3727	5.111	6
169.8	24.1934	3292.5536	5.0944	6
169.85	24.1938	3292.0938	5.09	6
169.9	24.195	3290.5524	5.0909	6
169.95	24.1953	3289.4807	5.1038	6
170	24.1952	3287.7345	5.1027	6
170.05	24.196	3286.1803	5.0997	6
170.1	24.1971	3284.9356	5.1114	6
170.15	24.1975	3284.7917	5.1178	6
170.2	24.198	3283.9559	5.1132	6
170.25	24.1991	3281.0294	5.1112	6
170.3	24.1989	3280.3034	5.1239	6
170.35	24.1996	3279.3747	5.1216	6
170.4	24.2006	3277.9656	5.1135	6
170.45	24.2008	3276.8548	5.1012	6
170.5	24.2011	3274.8291	5.1026	6
170.55	24.2019	3273.3765	5.1043	6
170.6	24.2024	3272.6103	5.1126	6
170.65	24.2027	3271.2652	5.0945	6
170.7	24.2029	3269.3995	5.0964	6
170.75	24.2035	3268.302	5.1156	6
170.8	24.2034	3268.132	5.1197	6
170.85	24.204	3265.8177	5.116	6
170.9	24.2044	3264.2335	5.1135	6
170.95	24.2043	3264.2605	5.1012	6
171	24.2047	3262.7175	5.1052	6
171.05	24.2047	3261.1762	5.1075	6
171.1	24.2046	3261.0355	5.1165	6
171.15	24.2047	3260.2593	5.1211	6
171.2	24.2049	3258.3601	5.1207	6
171.25	24.2043	3258.4651	5.1156	6
171.3	24.204	3258.693	5.1155	6
171.35	24.2042	3256.8236	5.1228	6
171.4	24.2032	3257.0488	5.1186	6
171.45	24.2028	3257.4111	5.1108	6
171.5	24.2028	3256.6574	5.1131	6
171.55	24.2019	3255.9717	5.1105	6
171.6	24.2009	3256.8015	5.1105	6
171.65	24.2009	3256.7717	5.1164	6
171.7	24.2003	3256.9745	5.1196	6
171.75	24.1991	3257.0923	5.1221	6
171.8	24.1995	3255.9973	5.1217	6
171.85	24.1993	3256.5869	5.131	6
171.9	24.199	3256.8623	5.1343	6
171.95	24.199	3255.4532	5.1386	6
172	24.1983	3255.0793	5.1422	6
172.05	24.1981	3255.2548	5.1247	6
172.1	24.1981	3255.4641	5.1299	6
172.15	24.1975	3256.2411	5.1366	6
172.2	24.1975	3255.2236	5.1295	6
172.25	24.197	3254.2951	5.1358	6
172.3	24.1962	3255.1889	5.1327	6
172.35	24.1964	3255.0602	5.1146	6
172.4	24.1964	3255.2565	5.1217	6
172.45	24.1956	3256.2357	5.1155	6
172.5	24.1952	3255.5084	5.1295	6
172.55	24.1949	3254.5971	5.1407	6
172.6	24.1944	3255.0593	5.1172	6
172.65	24.1936	3256.409	5.1088	6
172.7	24.1941	3255.8891	5.1247	6
172.75	24.1941	3255.9263	5.1367	6
172.8	24.1929	3257.5338	5.1271	6
172.85	24.193	3256.1449	5.116	6
172.9	24.1927	3255.0972	5.1283	6
172.95	24.1912	3256.9633	5.1299	6
173	24.1916	3256.6025	5.1414	6
173.05	24.1917	3256.4807	5.1425	6
173.1	24.1909	3257.6991	5.1316	6
173.15	24.1913	3257.2222	5.1288	6
173.2	24.1914	3257.0819	5.1255	6
173.25	24.1911	3257.6623	5.1205	6
173.3	24.1912	3257.4944	5.1262	6
173.35	24.191	3256.5084	5.1224	6
173.4	24.1907	3255.4944	5.1213	6
173.45	24.1907	3255.3508	5.1297	6
173.5	24.191	3255.0974	5.1485	6
173.55	24.191	3255.1533	5.1406	6
173.6	24.1911	3254.8956	5.1363	6
173.65	24.1912	3254.8281	5.1509	6
173.7	24.1915	3254.7445	5.1607	6
173.75	24.1922	3253.9815	5.1413	6
173.8	24.1923	3253.7927	5.1238	6
173.85	24.1921	3253.3275	5.1208	6
173.9	24.1921	3251.6224	5.1233	6
173.95	24.1922	3250.9288	5.1197	6
174	24.1918	3251.5274	5.1155	6
174.05	24.1919	3251.5202	5.124	6
174.1	24.1923	3250.9691	5.1149	6
174.15	24.1922	3251.1291	5.1175	6
174.2	24.1922	3251.2471	5.1323	6
174.25	24.1926	3250.9947	5.1327	6
174.3	24.193	3249.7814	5.1343	6
174.35	24.193	3247.8159	5.1366	6
174.4	24.1933	3246.6287	5.1206	6
174.45	24.1936	3246.4084	5.1191	6
174.5	24.1944	3245.5705	5.1167	6
174.55	24.1948	3245.0927	5.1132	6
174.6	24.1948	3245.2077	5.1249	6
174.65	24.1951	3244.3577	5.1389	6
174.7	24.1951	3242.7134	5.1457	6
174.75	24.195	3242.2391	5.132	6
174.8	24.1952	3241.9073	5.1345	6
174.85	24.1954	3241.7602	5.1317	6
174.9	24.1956	3241.7262	5.1184	6
174.95	24.1961	3240.8375	5.1181	6
175	24.1957	3239.8936	5.1146	6
175.05	24.1954	3239.129	5.1214	6
175.1	24.196	3238.3255	5.1325	6
175.15	24.1959	3238.4726	5.1228	6
175.2	24.1959	3238.3998	5.1063	6
175.25	24.1968	3237.1325	5.1045	6
175.3	24.196	3236.7394	5.1269	6
175.35	24.1961	3235.529	5.1347	6
175.4	24.197	3234.3678	5.1293	6
175.45	24.1964	3235.3967	5.1351	6
175.5	24.1966	3235.2845	5.1345	6
175.55	24.1973	3233.5355	5.1376	6
175.6	24.1967	3232.5308	5.1356	6
175.65	24.1961	3232.7946	5.1117	6
175.7	24.197	3231.6092	5.1287	6
175.75	24.1971	3231.4286	5.1273	6
175.8	24.1962	3232.6731	5.1169	6
175.85	24.1965	3231.0868	5.1145	6
175.9	24.1963	3229.7357	5.1144	6
175.95	24.1952	3231.0921	5.1169	6
176	24.1955	3230.711	5.1155	6
176.05	24.1959	3230.314	5.1085	6
176.1	24.1952	3231.3855	5.1106	6
176.15	24.1947	3231.0477	5.1067	6
176.2	24.1948	3229.2104	5.1146	6
176.25	24.1939	3229.9266	5.1105	6
176.3	24.193	3231.2339	5.1011	6
176.35	24.1938	3230.2279	5.1053	6
176.4	24.1938	3230.311	5.1072	6
176.45	24.1926	3232.1699	5.1213	6
176.5	24.1929	3231.8707	5.1221	6
176.55	24.1934	3229.735	5.1054	6
176.6	24.1921	3230.2968	5.1125	6
176.65	24.1913	3231.4228	5.1112	6
176.7	24.1918	3230.6542	5.1071	6
176.75	24.1912	3231.5599	5.1196	6
176.8	24.1905	3232.7925	5.1213	6
176.85	24.1905	3232.6738	5.1195	6
176.9	24.1903	3233.0318	5.1335	6
176.95	24.1898	3233.9117	5.1302	6
177	24.1899	3233.796	5.1263	6
177.05	24.1898	3234.138	5.1377	6
177.1	24.1889	3234.3359	5.1275	6
177.15	24.1893	3231.9704	5.1097	6
177.2	24.1887	3232.5755	5.1205	6
177.25	24.1878	3233.8542	5.1363	6
177.3	24.1882	3233.3206	5.1302	6
177.35	24.1879	3233.8163	5.1286	6
177.4	24.1868	3235.25	5.1321	6
177.45	24.1873	3234.6605	5.1391	6
177.5	24.1874	3234.7271	5.1202	6
177.55	24.1865	3236.1583	5.0997	6
177.6	24.187	3235.3136	5.0883	6
177.65	24.1872	3235.0367	5.102	6
177.7	24.1866	3236.1031	5.1128	6
177.75	24.187	3235.7383	5.1026	6
177.8	24.1874	3235.2246	5.0997	6
177.85	24.1868	3236.261	5.1103	6
177.9	24.1865	3236.7653	5.1137	6
177.95	24.1874	3235.3546	5.1162	6
178	24.1869	3236.1024	5.1172	6
178.05	24.1869	3236.3685	5.1151	6
178.1	24.1878	3235.0977	5.1172	6
178.15	24.1878	3235.3639	5.1248	6
178.2	24.1872	3236.4915	5.1228	6
178.25	24.1882	3235.0959	5.1266	6
178.3	24.1878	3235.4267	5.1209	6
178.35	24.1871	3236.6139	5.1261	6
178.4	24.1878	3235.3031	5.1292	6
178.45	24.1874	3234.4982	5.1407	6
178.5	24.1863	3235.0326	5.1516	6
178.55	24.1867	3234.4798	5.1508	6
178.6	24.187	3234.0912	5.1414	6
178.65	24.1862	3235.4503	5.1552	6
178.7	24.1866	3234.9562	5.1468	6
178.75	24.1876	3233.6789	5.1353	6
178.8	24.1864	3235.4184	5.1407	6
178.85	24.1865	3235.3348	5.1512	6
178.9	24.1874	3233.9918	5.1274	6
178.95	24.1865	3235.4805	5.1125	6
179	24.186	3236.1732	5.128	6
179.05	24.1867	3235.1823	5.124	6
179.1	24.1866	3235.4277	5.1063	6
179.15	24.1858	3236.5893	5.11	6
179.2	24.1864	3235.7983	5.1017	6
179.25	24.1867	3235.4563	5.1233	6
179.3	24.1858	3236.8617	5.1326	6
179.35	24.186	3236.7078	5.1358	6
179.4	24.1866	3236.0074	5.1465	6
179.45	24.186	3236.9455	5.1337	6
179.5	24.1861	3237.0067	5.1337	6
179.55	24.1867	3236.155	5.1371	6
179.6	24.1866	3236.5141	5.127	6
179.65	24.1861	3237.2796	5.1291	6
179.7	24.1865	3236.8007	5.1296	6
179.75	24.1871	3236.0465	5.111	6
179.8	24.1864	3237.111	5.1094	6
179.85	24.1866	3237.0528	5.1167	6
179.9	24.1876	3235.9073	5.1209	6
179.95	24.1873	3236.4249	5.1279	6
180	24.1869	3236.9858	5.1319	6
180.05	24.1878	3235.9182	5.139	6
180.1	24.1876	3236.2314	5.1213	6
180.15	24.1869	3237.1683	5.1103	6
180.2	24.1872	3236.7876	5.115	6
180.25	24.1871	3236.9022	5.1119	6
180.3	24.1871	3236.9813	5.112	6
180.35	24.1865	3237.3613	5.1251	6
180.4	24.1864	3236.0607	5.142	6
180.45	24.1864	3235.0849	5.136	6
180.5	24.1859	3235.9129	5.1197	6
180.55	24.1856	3236.5257	5.1169	6
180.6	24.1864	3235.4046	5.1284	6
180.65	24.1865	3235.139	5.1197	6
180.7	24.1855	3236.6659	5.1267	6
180.75	24.1863	3235.6961	5.1139	6
180.8	24.1872	3234.3182	5.0965	6
180.85	24.186	3235.8663	5.0898	6
180.9	24.1861	3236.0698	5.1109	6
180.95	24.1874	3234.339	5.1099	6
181	24.1869	3235.1827	5.093	6
181.05	24.1859	3236.5092	5.0937	6
181.1	24.1871	3234.9429	5.09	6
181.15	24.1872	3234.8961	5.0905	6
181.2	24.1856	3237.2284	5.089	6
181.25	24.186	3236.8479	5.0842	6
181.3	24.1867	3235.9168	5.0834	6
181.35	24.1856	3237.6002	5.0845	6
181.4	24.1854	3237.8382	5.0895	6
181.45	24.1865	3236.2512	5.0871	6
181.5	24.1856	3237.5963	5.0795	6
181.55	24.1854	3237.9427	5.0874	6
181.6	24.186	3236.9846	5.0765	6
181.65	24.1852	3238.1711	5.0731	6
181.7	24.185	3238.5383	5.0823	6
181.75	24.1856	3237.8323	5.075	6
181.8	24.1852	3238.3783	5.0744	6
181.85	24.1847	3239.2428	5.0885	6
181.9	24.1855	3238.2049	5.0996	6
181.95	24.1854	3238.4379	5.0884	6
182	24.1847	3239.5572	5.0878	6
182.05	24.1853	3238.7457	5.0935	6
182.1	24.1852	3238.9301	5.0872	6
182.15	24.1847	3239.6324	5.0814	6
182.2	24.1851	3239.22	5.0872	6
182.25	24.1851	3239.3439	5.0882	6
182.3	24.1844	3240.6559	5.0798	6
182.35	24.1847	3240.2189	5.0864	6
182.4	24.1851	3239.6957	5.0987	6
182.45	24.1833	3242.2037	5.1093	6
182.5	24.1841	3241.1553	5.104	6
182.55	24.1847	3240.7378	5.095	6
182.6	24.1835	3242.4219	5.1017	6
182.65	24.1841	3241.6342	5.1051	6
182.7	24.1849	3240.6254	5.1166	6
182.75	24.1839	3241.9949	5.1171	6
182.8	24.1841	3241.9064	5.1115	6
182.85	24.185	3240.5104	5.1026	6
182.9	24.1848	3240.9229	5.1033	6
182.95	24.184	3242.2713	5.106	6
183	24.1851	3240.6016	5.1066	6
183.05	24.1854	3240.4165	5.1163	6
183.1	24.1843	3242.1032	5.1127	6
183.15	24.1853	3241.0065	5.1019	6
183.2	24.1859	3240.1665	5.1077	6
183.25	24.1847	3241.759	5.1097	6
183.3	24.1849	3241.5714	5.1141	6
183.35	24.1862	3239.9355	5.109	6
183.4	24.1855	3241.1362	5.0963	6
183.45	24.1852	3241.793	5.1042	6
183.5	24.1863	3240.1146	5.0931	6
183.55	24.1863	3240.1022	5.0764	6
183.6	24.1858	3240.8878	5.0932	6
183.65	24.1868	3239.4382	5.1001	6
183.7	24.187	3239.3346	5.0901	6
183.75	24.1867	3239.8251	5.0948	6
183.8	24.1873	3238.9909	5.0772	6
183.85	24.1877	3238.5455	5.0814	6
183.9	24.1873	3239.1541	5.087	6
183.95	24.1875	3239.0738	5.0893	6
184	24.1881	3238.223	5.0942	6
184.05	24.1876	3239.1944	5.1012	6
184.1	24.1877	3239.2696	5.0981	6
184.15	24.1886	3238.1332	5.082	6
184.2	24.188	3239.0202	5.092	6
184.25	24.1885	3238.5017	5.118	6
184.3	24.1887	3237.1366	5.1075	6
184.35	24.1878	3236.8065	5.0981	6
184.4	24.1878	3236.2272	5.0968	6
184.45	24.1883	3235.708	5.1047	6
184.5	24.1878	3236.5378	5.1121	6
184.55	24.1878	3236.6447	5.1051	6
184.6	24.1881	3236.0524	5.0859	6
184.65	24.188	3236.3325	5.0859	6
184.7	24.1874	3237.213	5.0981	6
184.75	24.1879	3236.7518	5.0946	6
184.8	24.1883	3236.311	5.0962	6
184.85	24.1877	3237.3935	5.0972	6
184.9	24.1882	3236.5783	5.089	6
184.95	24.1886	3236.1043	5.0874	6
185	24.1875	3237.8051	5.0944	6
185.05	24.1882	3236.9639	5.0952	6
185.1	24.189	3235.966	5.0918	6
185.15	24.1878	3237.7045	5.0955	6
185.2	24.1878	3237.8761	5.0766	6
185.25	24.189	3236.1043	5.072	6
185.3	24.188	3237.6603	5.0854	6
185.35	24.1876	3238.1944	5.0777	6
185.4	24.1883	3235.8505	5.0779	6
185.45	24.1874	3235.5874	5.0713	6
185.5	24.1864	3236.9022	5.0818	6
185.55	24.1872	3235.6805	5.0952	6
185.6	24.1874	3235.5373	5.0976	6
185.65	24.1862	3237.4666	5.1081	6
185.7	24.1867	3236.84	5.0956	6
185.75	24.1876	3235.6961	5.0823	6
185.8	24.1869	3236.7047	5.0731	6
185.85	24.1872	3236.4433	5.0822	6
185.9	24.1885	3234.772	5.0939	6
185.95	24.1884	3235.2067	5.0891	6
186	24.1881	3235.6929	5.0971	6
186.05	24.189	3234.5234	5.0853	6
186.1	24.1894	3234.1571	5.0835	6
186.15	24.1888	3235.1087	5.09	6
186.2	24.1895	3234.3434	5.0933	6
186.25	24.1903	3233.3487	5.0936	6
186.3	24.1895	3234.5669	5.0739	6
186.35	24.1897	3234.4109	5.0641	6
186.4	24.1909	3231.8607	5.0917	6
186.45	24.1903	3231.3902	5.0832	6
186.5	24.1905	3230.8849	5.0768	6
186.55	24.1916	3229.2586	5.0954	6
186.6	24.1913	3229.8153	5.0985	6
186.65	24.1913	3229.7731	5.1099	6
186.7	24.192	3228.9049	5.0967	6
186.75	24.1926	3228.4451	5.0832	6
186.8	24.1924	3228.7145	5.0921	6
186.85	24.193	3227.7184	5.1001	6
186.9	24.1934	3225.9966	5.1121	6
186.95	24.1927	3225.5692	5.1078	6
187	24.1935	3224.3012	5.0945	6
187.05	24.1937	3223.907	5.0859	6
187.1	24.1931	3224.9293	5.0877	6
187.15	24.1935	3224.3733	5.089	6
187.2	24.1942	3223.4513	5.0924	6
187.25	24.1933	3224.4495	5.0872	6
187.3	24.193	3223.4059	5.0905	6
187.35	24.1935	3221.5729	5.0847	6
187.4	24.1929	3222.3191	5.1038	6
187.45	24.1921	3223.5656	5.1113	6
187.5	24.193	3222.3347	5.0928	6
187.55	24.1929	3222.672	5.1047	6
187.6	24.1922	3223.8884	5.127	6
187.65	24.1931	3222.724	5.123	6
187.7	24.1932	3221.3337	5.1081	6
187.75	24.1917	3221.7468	5.1	6
187.8	24.192	3221.0916	5.1101	6
187.85	24.1927	3219.9703	5.1124	6
187.9	24.1919	3221.2467	5.095	6
187.95	24.1917	3221.5875	5.0864	6
188	24.1927	3220.2134	5.0983	6
188.05	24.1921	3221.2301	5.1214	6
188.1	24.1916	3222.0637	5.1172	6
188.15	24.1922	3220.2804	5.1142	6
188.2	24.1915	3219.4688	5.1242	6
188.25	24.1904	3220.7957	5.1282	6
188.3	24.1908	3220.1442	5.1126	6
188.35	24.1914	3219.5873	5.1149	6
188.4	24.1902	3221.408	5.1276	6
188.45	24.1904	3221.3184	5.1203	6
188.5	24.1913	3219.8217	5.1136	6
188.55	24.1901	3221.5999	5.1064	6
188.6	24.1897	3222.2271	5.1047	6
188.65	24.191	3220.3971	5.1066	6
188.7	24.19	3221.8266	5.0792	6
188.75	24.1894	3221.5272	5.0801	6
188.8	24.1899	3219.1516	5.1023	6
188.85	24.1893	3219.9714	5.1053	6
188.9	24.1894	3219.8783	5.1009	6
188.95	24.1895	3219.4716	5.1	6
189	24.1892	3220.0848	5.1038	6
189.05	24.1895	3219.7593	5.1027	6
189.1	24.1896	3219.6932	5.1076	6
189.15	24.1893	3220.1021	5.1155	6
189.2	24.1889	3220.8068	5.1149	6
189.25	24.1892	3220.36	5.1069	6
189.3	24.1893	3220.4136	5.0928	6
189.35	24.1888	3221.4057	5.0879	6
189.4	24.1889	3221.2692	5.0912	6
189.45	24.1896	3220.232	5.0941	6
189.5	24.1887	3220.2986	5.1005	6
189.55	24.1881	3219.6026	5.1014	6
189.6	24.1888	3218.4443	5.1068	6
189.65	24.1881	3219.6199	5.1017	6
189.7	24.1871	3221.1794	5.1006	6
189.75	24.1886	3219.1409	5.0841	6
189.8	24.1875	3220.5451	5.0944	6
189.85	24.1865	3222.0106	5.0961	6
189.9	24.1883	3219.4587	5.0954	6
189.95	24.1877	3220.5491	5.1003	6
190	24.1864	3222.5044	5.104	6
190.05	24.1878	3220.554	5.1144	6
190.1	24.1879	3220.3416	5.1113	6
190.15	24.1857	3223.4558	5.1065	6
190.2	24.1867	3222.2092	5.102	6
190.25	24.1878	3220.6876	5.0965	6
190.3	24.1857	3223.8455	5.1039	6
190.35	24.1861	3223.3801	5.1049	6
190.4	24.1878	3220.9042	5.1095	6
190.45	24.1864	3223.0089	5.1072	6
190.5	24.1859	3223.9046	5.0832	6
190.55	24.1878	3221.1742	5.0811	6
190.6	24.1865	3222.927	5.0823	6
190.65	24.1854	3224.6763	5.081	6
190.7	24.1874	3221.9228	5.069	6
190.75	24.1868	3222.7966	5.0693	6
190.8	24.1857	3224.4106	5.0742	6
190.85	24.1871	3222.5817	5.0761	6
190.9	24.1869	3222.811	5.0766	6
190.95	24.1861	3224.2416	5.0791	6
191	24.1866	3223.4977	5.0758	6
191.05	24.187	3222.4923	5.0778	6
191.1	24.1857	3223.2658	5.0673	6
191.15	24.1861	3222.6145	5.0638	6
191.2	24.1867	3220.7093	5.0695	6
191.25	24.1855	3221.7193	5.0857	6
191.3	24.1856	3221.8597	5.0894	6
191.35	24.1861	3220.9016	5.0795	6
191.4	24.1854	3222.0227	5.0768	6
191.45	24.1848	3223.0248	5.0665	6
191.5	24.1858	3221.7137	5.0737	6
191.55	24.1848	3223.0995	5.0736	6
191.6	24.1842	3223.971	5.0757	6
191.65	24.1853	3222.4106	5.0955	6
191.7	24.1846	3223.398	5.0908	6
191.75	24.1839	3224.4618	5.0802	6
191.8	24.1846	3223.4942	5.0867	6
191.85	24.1847	3223.4502	5.0861	6
191.9	24.1838	3224.8078	5.0756	6
191.95	24.1844	3223.9535	5.0813	6
192	24.1848	3223.4285	5.0924	6
192.05	24.1842	3225.799	5.0885	6
192.1	24.1849	3226.5659	5.0794	6
192.15	24.1856	3224.7468	5.0843	6
192.2	24.1849	3224.123	5.075	6
192.25	24.1844	3225.758	5.074	6
192.3	24.1859	3224.5217	5.0886	6
192.35	24.1853	3224.0111	5.1187	6
192.4	24.1846	3225.0029	5.1215	6
192.45	24.1857	3223.9249	5.1123	6
192.5	24.1854	3223.6385	5.125	6
192.55	24.1851	3223.9561	5.126	6
192.6	24.1859	3222.9619	5.1134	6
192.65	24.186	3222.9864	5.115	6
192.7	24.1859	3223.3207	5.1057	6
192.75	24.1861	3222.9251	5.089	6
192.8	24.1867	3222.1228	5.092	6
192.85	24.1863	3222.8141	5.1067	6
192.9	24.1862	3223.1824	5.0919	6
192.95	24.1869	3222.0746	5.0851	6
193	24.1866	3222.5475	5.0716	6
193.05	24.1862	3223.3035	5.0894	6
193.1	24.1867	3222.6886	5.1003	6
193.15	24.1865	3222.9722	5.0879	6
193.2	24.1863	3223.3344	5.0753	6
193.25	24.1863	3223.4483	5.0914	6
193.3	24.1864	3223.5324	5.1189	6
193.35	24.1866	3223.1768	5.1013	6
193.4	24.1861	3223.9396	5.0959	6
193.45	24.1861	3224.1482	5.0986	6
193.5	24.187	3222.9831	5.1033	6
193.55	24.186	3224.3496	5.1321	6
193.6	24.1861	3224.222	5.1272	6
193.65	24.1868	3223.327	5.1039	6
193.7	24.1863	3224.2071	5.0859	6
193.75	24.1864	3224.1657	5.0873	6
193.8	24.1872	3223.005	5.1049	6
193.85	24.1869	3223.7044	5.1073	6
193.9	24.187	3223.7072	5.0962	6
193.95	24.1878	3222.7021	5.0836	6
194	24.1876	3222.9247	5.084	6
194.05	24.1882	3222.194	5.0827	6
194.1	24.1881	3222.4439	5.0871	6
194.15	24.1882	3222.4287	5.107	6
194.2	24.1887	3221.8138	5.1158	6
194.25	24.1885	3222.0266	5.1003	6
194.3	24.1878	3222.9812	5.0969	6
194.35	24.1883	3220.9694	5.0906	6
194.4	24.1878	3220.1568	5.0872	6
194.45	24.1868	3221.4245	5.0914	6
194.5	24.1874	3220.7642	5.0945	6
194.55	24.1872	3220.9826	5.1038	6
194.6	24.1863	3222.2688	5.1096	6
194.65	24.1864	3222.2038	5.1032	6
194.7	24.1863	3222.3775	5.0925	6
194.75	24.1855	3223.5615	5.0723	6
194.8	24.1851	3224.0697	5.0687	6
194.85	24.1855	3223.4704	5.0781	6
194.9	24.1848	3224.6208	5.0746	6
194.95	24.1845	3224.9815	5.0939	6
195	24.1852	3224.1354	5.0837	6
195.05	24.1845	3225.2672	5.0668	6
195.1	24.1842	3225.7431	5.0736	6
195.15	24.1847	3225.0686	5.0892	6
195.2	24.1847	3225.2809	5.0834	6
195.25	24.1842	3226.069	5.0633	6
195.3	24.1846	3225.646	5.08	6
195.35	24.1848	3225.3922	5.0865	6
195.4	24.1845	3225.9182	5.0638	6
195.45	24.1845	3226.1538	5.0648	6
195.5	24.1851	3225.2923	5.0456	6
195.55	24.1848	3225.6739	5.068	6
195.6	24.1847	3225.9103	5.0951	6
195.65	24.1854	3225.0723	5.0934	6
195.7	24.1853	3225.4313	5.1028	6
195.75	24.1851	3225.8141	5.0973	6
195.8	24.1854	3225.3563	5.0712	6
195.85	24.1853	3225.5948	5.0686	6
195.9	24.1844	3226.9158	5.08	6
195.95	24.1853	3225.9461	5.1073	6
196	24.1851	3226.0444	5.105	6
196.05	24.1844	3227.0649	5.0826	6
196.1	24.1847	3226.7284	5.0717	6
196.15	24.1852	3225.91	5.0648	6
196.2	24.1841	3227.4386	5.0856	6
196.25	24.1839	3227.8083	5.0823	6
196.3	24.1853	3225.9247	5.0593	6
196.35	24.1845	3227.1643	5.061	6
196.4	24.1837	3228.5731	5.0622	6
196.45	24.1853	3226.4446	5.0624	6
196.5	24.1851	3226.7945	5.0681	6
196.55	24.1837	3228.7166	5.0619	6
196.6	24.1848	3227.1289	5.0603	6
196.65	24.1851	3226.7515	5.0551	6
196.7	24.184	3228.4693	5.068	6
196.75	24.1846	3227.676	5.0713	6
196.8	24.185	3227.1359	5.0781	6
196.85	24.1843	3228.2188	5.0887	6
196.9	24.1843	3228.2954	5.0596	6
196.95	24.1849	3227.4344	5.0588	6
197	24.1846	3227.8404	5.0798	6
197.05	24.1844	3228.1554	5.0786	6
197.1	24.1851	3227.1894	5.0991	6
197.15	24.1852	3227.0758	5.0913	6
197.2	24.1852	3227.3943	5.0653	6
197.25	24.1857	3226.9743	5.0788	6
197.3	24.1865	3226.025	5.0762	6
197.35	24.1861	3226.5904	5.0685	6
197.4	24.1865	3226.1969	5.0707	6
197.45	24.1872	3225.5687	5.0715	6
197.5	24.1876	3224.9184	5.0787	6
197.55	24.1877	3224.7084	5.0679	6
197.6	24.1877	3224.8516	5.0672	6
197.65	24.1886	3223.7722	5.0806	6
197.7	24.1891	3223.1945	5.0866	6
197.75	24.1891	3223.2367	5.0812	6
197.8	24.1894	3222.8388	5.0739	6
197.85	24.1901	3222.0911	5.0855	6
197.9	24.1902	3221.8953	5.0879	6
197.95	24.1901	3222.2786	5.0777	6
198	24.1909	3221.2047	5.0815	6
198.05	24.1908	3221.1186	5.0682	6
198.1	24.1904	3220.5978	5.0565	6
198.15	24.1905	3218.8797	5.0674	6
198.2	24.191	3217.9607	5.0939	6
198.25	24.1904	3218.6832	5.1028	6
198.3	24.1899	3219.6115	5.0939	6
198.35	24.1906	3218.6385	5.1018	6
198.4	24.1907	3218.5405	5.0948	6
198.45	24.1897	3220.215	5.0881	6
198.5	24.1909	3218.6585	5.0894	6
198.55	24.1916	3217.6355	5.0941	6
198.6	24.1904	3219.3794	5.0874	6
198.65	24.1904	3219.1861	5.0795	6
198.7	24.1918	3216.068	5.0929	6
198.75	24.1904	3216.7928	5.1074	6
198.8	24.1895	3217.9069	5.0958	6
198.85	24.1909	3215.7933	5.0917	6
198.9	24.1905	3216.4946	5.0853	6
198.95	24.1892	3218.2878	5.0702	6
199	24.1906	3216.3137	5.0865	6
199.05	24.1909	3215.967	5.1066	6
199.1	24.1896	3218.0022	5.0822	6
199.15	24.1907	3216.6278	5.0937	6
199.2	24.1911	3216.0038	5.0982	6
199.25	24.1899	3217.8026	5.0858	6
199.3	24.1896	3216.8243	5.1026	6
199.35	24.1898	3214.8822	5.109	6
199.4	24.1897	3214.8205	5.1104	6
199.45	24.1891	3215.7463	5.1041	6
199.5	24.1896	3215.1763	5.0943	6
199.55	24.1899	3214.7197	5.0815	6
199.6	24.1892	3215.6427	5.0911	6
199.65	24.1891	3215.9528	5.1048	6
199.7	24.1893	3215.6326	5.111	6
199.75	24.1893	3215.6417	5.1054	6
199.8	24.1887	3216.3586	5.0841	6
199.85	24.1887	3216.276	5.0827	6
199.9	24.1891	3215.8175	5.0796	6
199.95	24.1886	3216.5998	5.0789	6
200	24.1882	3217.0967	5.0927	6
200.05	24.1884	3216.7118	5.0914	6
200.1	24.1884	3215.6266	5.0948	6
200.15	24.1874	3215.6743	5.1165	6
200.2	24.1878	3214.97	5.1171	6
200.25	24.1881	3214.5556	5.0891	6
200.3	24.1872	3215.9905	5.0925	6
200.35	24.1878	3215.5374	5.1025	6
200.4	24.1877	3215.6494	5.0915	6
200.45	24.1872	3216.4208	5.0998	6
200.5	24.1875	3216.1668	5.0913	6
200.55	24.1879	3215.7416	5.0787	6
200.6	24.1879	3215.7307	5.0803	6
200.65	24.1876	3216.1891	5.0803	6
200.7	24.1881	3215.4759	5.0904	6
200.75	24.1886	3214.8406	5.0944	6
200.8	24.1882	3215.4648	5.0907	6
200.85	24.1883	3215.4552	5.0979	6
200.9	24.1893	3214.2683	5.1123	6
200.95	24.189	3214.7281	5.1071	6
201	24.1886	3215.2846	5.0992	6
201.05	24.1901	3213.4682	5.1049	6
201.1	24.1893	3213.6212	5.1169	6
201.15	24.1884	3213.1365	5.1135	6
201.2	24.189	3211.6822	5.109	6
201.25	24.189	3211.8296	5.0962	6
201.3	24.1888	3212.2042	5.106	6
201.35	24.1893	3211.5004	5.1012	6
201.4	24.1899	3210.6566	5.08	6
201.45	24.1895	3211.3707	5.0776	6
201.5	24.1899	3210.8293	5.0917	6
201.55	24.1907	3209.861	5.1209	6
201.6	24.1903	3210.4878	5.1229	6
201.65	24.1906	3210.3586	5.1245	6
201.7	24.1916	3209.1811	5.126	6
201.75	24.1916	3208.7374	5.11	6
201.8	24.1905	3208.7988	5.1015	6
201.85	24.1915	3206.3597	5.1066	6
201.9	24.1914	3206.4582	5.1045	6
201.95	24.1908	3207.4968	5.1054	6
202	24.1915	3206.4631	5.0926	6
202.05	24.1918	3206.0335	5.069	6
202.1	24.1914	3206.7094	5.0685	6
202.15	24.1919	3206.1613	5.0766	6
202.2	24.1925	3205.2819	5.0797	6
202.25	24.1927	3205.1657	5.0701	6
202.3	24.1923	3204.312	5.0854	6
202.35	24.1927	3202.3729	5.0862	6
202.4	24.1928	3202.291	5.0792	6
202.45	24.1923	3202.9403	5.0869	6
202.5	24.1932	3201.6463	5.0802	6
202.55	24.1932	3201.7543	5.0797	6
202.6	24.1929	3202.3038	5.0795	6
202.65	24.1934	3201.6158	5.0812	6
202.7	24.1934	3200.664	5.0914	6
202.75	24.1931	3199.4109	5.0828	6
202.8	24.1924	3200.0358	5.0817	6
202.85	24.1932	3198.9606	5.0915	6
202.9	24.1934	3198.7398	5.0824	6
202.95	24.1929	3199.724	5.0963	6
203	24.1934	3198.8481	5.0942	6
203.05	24.1936	3198.7345	5.0804	6
203.1	24.1926	3199.0146	5.0858	6
203.15	24.1924	3197.6767	5.071	6
203.2	24.1924	3197.1955	5.0623	6
203.25	24.1919	3198.1366	5.0787	6
203.3	24.192	3198.0355	5.079	6
203.35	24.1925	3197.2141	5.0741	6
203.4	24.1923	3197.5694	5.0687	6
203.45	24.1923	3197.7592	5.0592	6
203.5	24.1932	3196.571	5.0548	6
203.55	24.1927	3195.9729	5.0597	6
203.6	24.1916	3195.9731	5.0674	6
203.65	24.1925	3194.4274	5.0656	6
203.7	24.1921	3195.1128	5.068	6
203.75	24.1918	3195.6723	5.0712	6
203.8	24.1925	3194.7226	5.0731	6
203.85	24.1924	3194.8686	5.0849	6
203.9	24.1918	3195.6667	5.0736	6
203.95	24.1922	3194.9994	5.0714	6
204	24.1921	3193.9773	5.0799	6
204.05	24.1914	3193.4278	5.0783	6
204.1	24.1918	3192.547	5.0889	6
204.15	24.1919	3192.4772	5.0922	6
204.2	24.1916	3192.8835	5.0954	6
204.25	24.1919	3192.4229	5.0988	6
204.3	24.1918	3192.6669	5.0951	6
204.35	24.1915	3193.1917	5.0942	6
204.4	24.192	3192.5303	5.0856	6
204.45	24.192	3192.2055	5.0951	6
204.5	24.1912	3191.8751	5.0937	6
204.55	24.1917	3190.0744	5.0965	6
204.6	24.1917	3190.0932	5.109	6
204.65	24.1906	3191.8271	5.1136	6
204.7	24.1913	3190.8725	5.1057	6
204.75	24.1911	3191.1531	5.1059	6
204.8	24.1902	3192.6772	5.0927	6
204.85	24.1904	3192.3272	5.0986	6
204.9	24.1913	3191.0078	5.0971	6
204.95	24.1898	3193.0988	5.0737	6
205	24.1899	3192.9966	5.0811	6
205.05	24.1908	3190.2588	5.0864	6
205.1	24.1891	3191.2732	5.0841	6
205.15	24.1885	3192.0581	5.0769	6
205.2	24.1895	3190.7146	5.0715	6
205.25	24.1891	3191.3293	5.0623	6
205.3	24.1882	3192.7859	5.0731	6
205.35	24.1886	3192.1906	5.0828	6
205.4	24.1889	3191.7044	5.0809	6
205.45	24.1875	3193.7466	5.0804	6
205.5	24.1874	3194.1589	5.0883	6
205.55	24.1881	3193.2234	5.0912	6
205.6	24.1871	3194.8048	5.0779	6
205.65	24.1864	3195.8029	5.0806	6
205.7	24.1871	3194.6611	5.0867	6
205.75	24.1864	3195.7291	5.0832	6
205.8	24.1856	3197.0034	5.0808	6
205.85	24.186	3196.4691	5.076	6
205.9	24.1858	3196.744	5.0849	6
205.95	24.1849	3197.9689	5.098	6
206	24.1851	3197.8018	5.1051	6
206.05	24.1855	3197.3904	5.1119	6
206.1	24.1849	3198.362	5.1161	6
206.15	24.1851	3198.0302	5.1256	6
206.2	24.1853	3197.7536	5.1202	6
206.25	24.1844	3199.056	5.1087	6
206.3	24.1846	3198.7052	5.0886	6
206.35	24.1843	3199.2253	5.0861	6
206.4	24.1841	3199.7466	5.0869	6
206.45	24.184	3199.9277	5.0856	6
206.5	24.1837	3200.2404	5.0971	6
206.55	24.184	3199.925	5.1018	6
206.6	24.1834	3200.8474	5.104	6
206.65	24.1831	3201.4432	5.1034	6
206.7	24.1836	3200.647	5.0905	6
206.75	24.183	3201.5967	5.0923	6
206.8	24.1826	3202.2009	5.0855	6
206.85	24.183	3201.6947	5.0945	6
206.9	24.183	3201.8193	5.1014	6
206.95	24.1824	3202.6989	5.0872	6
207	24.1821	3203.0617	5.0832	6
207.05	24.1825	3202.4803	5.1066	6
207.1	24.1819	3203.5753	5.1052	6
207.15	24.1817	3203.9157	5.0973	6
207.2	24.1827	3202.508	5.1034	6
207.25	24.182	3203.7466	5.1036	6
207.3	24.1819	3203.7611	5.0946	6
207.35	24.1822	3203.301	5.0771	6
207.4	24.1823	3203.7634	5.0898	6
207.45	24.1823	3205.552	5.1081	6
207.5	24.1824	3206.694	5.1264	6
207.55	24.1828	3206.4545	5.1139	6
207.6	24.1824	3206.9662	5.1055	6
207.65	24.1823	3206.9932	5.11	6
207.7	24.1824	3206.9802	5.0991	6
207.75	24.1821	3207.4859	5.0955	6
207.8	24.1824	3207.1567	5.1077	6
207.85	24.1821	3207.4817	5.1022	6
207.9	24.182	3207.6265	5.1022	6
207.95	24.1823	3207.1124	5.1128	6
208	24.1821	3207.5795	5.1052	6
208.05	24.1825	3206.9273	5.0996	6
208.1	24.1826	3207.0044	5.0931	6
208.15	24.1827	3206.7809	5.1056	6
208.2	24.1828	3206.7674	5.0935	6
208.25	24.1826	3207.1138	5.0751	6
208.3	24.1828	3206.7597	5.0681	6
208.35	24.1826	3207.0971	5.0739	6
208.4	24.183	3206.7266	5.0865	6
208.45	24.1831	3206.5064	5.0916	6
208.5	24.1834	3206.1641	5.0876	6
208.55	24.1835	3206.0996	5.0814	6
208.6	24.1835	3206.2533	5.082	6
208.65	24.184	3205.6125	5.0862	6
208.7	24.1839	3205.9418	5.0903	6
208.75	24.1842	3205.6952	5.1069	6
208.8	24.1843	3205.3103	5.1136	6
208.85	24.1844	3205.1622	5.1097	6
208.9	24.1849	3204.4528	5.1027	6
208.95	24.185	3204.5748	5.1002	6
209	24.185	3204.6589	5.0894	6
209.05	24.1857	3203.8542	5.0899	6
209.1	24.1853	3204.4423	5.0998	6
209.15	24.185	3204.8691	5.0845	6
209.2	24.1856	3204.0244	5.0768	6
209.25	24.1856	3204.0717	5.0853	6
209.3	24.1849	3205.2191	5.104	6
209.35	24.1857	3204.2186	5.1173	6
209.4	24.1855	3204.451	5.1055	6
209.45	24.1847	3205.6519	5.0995	6
209.5	24.1852	3204.9741	5.1012	6
209.55	24.1851	3205.1567	5.1146	6
209.6	24.1841	3206.5483	5.1155	6
209.65	24.1845	3206.1841	5.0988	6
209.7	24.1844	3206.599	5.1081	6
209.75	24.1837	3207.566	5.1178	6
209.8	24.184	3207.24	5.1072	6
209.85	24.1839	3207.4812	5.0972	6
209.9	24.1835	3208.2722	5.1042	6
209.95	24.1842	3208.7036	5.1022	6
210	24.1848	3209.0505	5.1027	6
210.05	24.1846	3209.3802	5.1109	6
210.1	24.1845	3209.6761	5.11	6
210.15	24.1849	3209.2705	5.0974	6
210.2	24.1848	3209.4438	5.108	6
210.25	24.1845	3210.0647	5.1235	6
210.3	24.1848	3209.583	5.1241	6
210.35	24.1852	3209.0992	5.1201	6
210.4	24.1846	3210.0789	5.1102	6
210.45	24.1844	3210.4103	5.1121	6
210.5	24.1853	3209.2687	5.1034	6
210.55	24.1847	3209.8945	5.0868	6
210.6	24.1838	3211.3139	5.0896	6
210.65	24.1852	3209.4396	5.0976	6
210.7	24.1852	3209.5786	5.1058	6
210.75	24.1845	3210.6661	5.0985	6
210.8	24.1853	3209.5404	5.0983	6
210.85	24.1855	3209.3555	5.1116	6
210.9	24.1852	3209.8224	5.1096	6
210.95	24.1847	3210.3984	5.0941	6
211	24.1855	3209.4314	5.0935	6
211.05	24.1851	3209.8377	5.0914	6
211.1	24.1847	3210.5181	5.1014	6
211.15	24.1857	3209.2575	5.1023	6
211.2	24.186	3209.1062	5.1113	6
211.25	24.1859	3209.4163	5.1157	6
211.3	24.1862	3208.6391	5.1134	6
211.35	24.1865	3206.8305	5.0985	6
211.4	24.1863	3206.0165	5.1056	6
211.45	24.1862	3206.2158	5.1096	6
211.5	24.1874	3204.7373	5.1132	6
211.55	24.1875	3204.6398	5.1007	6
211.6	24.1873	3205.0202	5.0954	6
211.65	24.1882	3203.9359	5.1021	6
211.7	24.1886	3203.4565	5.0939	6
211.75	24.1884	3203.7599	5.1034	6
211.8	24.1888	3203.2961	5.0981	6
211.85	24.1894	3202.4526	5.0937	6
211.9	24.1896	3202.1722	5.0892	6
211.95	24.1894	3202.6109	5.0855	6
212	24.1899	3202.0314	5.0968	6
212.05	24.1902	3201.5678	5.1029	6
212.1	24.19	3201.9271	5.1118	6
212.15	24.1897	3202.4405	5.1222	6
212.2	24.1902	3201.4574	5.1145	6
212.25	24.1899	3200.5122	5.1209	6
212.3	24.1887	3200.8402	5.1323	6
212.35	24.1893	3199.7024	5.1253	6
212.4	24.1894	3199.6458	5.102	6
212.45	24.1883	3201.2754	5.0917	6
212.5	24.1889	3200.5012	5.1129	6
212.55	24.1892	3200.1077	5.1099	6
212.6	24.1883	3201.2628	5.0929	6
212.65	24.1882	3201.5075	5.0806	6
212.7	24.1892	3200.403	5.0814	6
212.75	24.1886	3201.2398	5.0982	6
212.8	24.1885	3201.5443	5.1027	6
212.85	24.1894	3200.4244	5.1012	6
212.9	24.1896	3200.1175	5.1001	6
212.95	24.1891	3201.1336	5.0981	6
213	24.1895	3200.5545	5.1144	6
213.05	24.1897	3199.2504	5.1072	6
213.1	24.1888	3198.9545	5.0977	6
213.15	24.1887	3198.5913	5.1005	6
213.2	24.1897	3197.1829	5.096	6
213.25	24.1893	3197.6621	5.1019	6
213.3	24.1893	3197.9086	5.0854	6
213.35	24.1902	3196.5387	5.0828	6
213.4	24.1904	3196.354	5.0896	6
213.45	24.1906	3196.3275	5.0816	6
213.5	24.1909	3195.928	5.07	6
213.55	24.1915	3195.2811	5.0866	6
213.6	24.1913	3195.6046	5.1091	6
213.65	24.1908	3196.3382	5.1114	6
213.7	24.1913	3194.2979	5.0953	6
213.75	24.1906	3193.6674	5.0867	6
213.8	24.1898	3194.6532	5.08	6
213.85	24.1903	3193.8234	5.0853	6
213.9	24.19	3194.331	5.1053	6
213.95	24.1898	3194.8341	5.1033	6
214	24.1897	3194.7496	5.0998	6
214.05	24.1894	3195.1971	5.1077	6
214.1	24.1894	3195.3142	5.0982	6
214.15	24.1889	3196.0851	5.1026	6
214.2	24.1886	3196.6611	5.1115	6
214.25	24.1888	3196.3177	5.0998	6
214.3	24.1886	3196.6288	5.0838	6
214.35	24.1879	3197.596	5.0848	6
214.4	24.188	3197.4248	5.1031	6
214.45	24.1879	3196.798	5.1154	6
214.5	24.1866	3196.887	5.1167	6
214.55	24.1863	3196.9429	5.1113	6
214.6	24.1864	3196.7578	5.0959	6
214.65	24.1858	3197.6157	5.0985	6
214.7	24.1853	3198.544	5.11	6
214.75	24.1857	3198.1247	5.1161	6
214.8	24.1853	3198.6807	5.115	6
214.85	24.1847	3199.5445	5.0981	6
214.9	24.1848	3199.4365	5.09	6
214.95	24.1847	3199.6667	5.0974	6
215	24.1848	3199.6353	5.1122	6
215.05	24.1842	3200.5066	5.1156	6
215.1	24.1843	3200.317	5.0932	6
215.15	24.1844	3199.9992	5.0846	6
215.2	24.1835	3201.4675	5.0972	6
215.25	24.1838	3201.3555	5.091	6
215.3	24.1841	3200.9306	5.0873	6
215.35	24.1836	3202.728	5.0897	6
215.4	24.1837	3204.0889	5.0799	6
215.45	24.1842	3203.8405	5.0881	6
215.5	24.1841	3204.1937	5.0845	6
215.55	24.1836	3204.9741	5.0733	6
215.6	24.1837	3204.7168	5.0722	6
215.65	24.1836	3204.833	5.0734	6
215.7	24.1832	3205.5539	5.0724	6
215.75	24.1833	3205.3669	5.0765	6
215.8	24.1831	3205.6703	5.061	6
215.85	24.1831	3205.7725	5.0397	6
215.9	24.1826	3206.5946	5.0411	6
215.95	24.183	3206.2573	5.0557	6
216	24.1829	3206.4272	5.0686	6
216.05	24.1824	3207.2864	5.068	6
216.1	24.1827	3206.8689	5.0662	6
216.15	24.1831	3206.2712	5.0636	6
216.2	24.1823	3207.3075	5.0636	6
216.25	24.1825	3207.1807	5.054	6
216.3	24.1829	3206.661	5.0518	6
216.35	24.1823	3207.5585	5.0545	6
216.4	24.1822	3207.6608	5.0613	6
216.45	24.1828	3207.1327	5.0601	6
216.5	24.1824	3207.6675	5.0568	6
216.55	24.1823	3207.7956	5.0531	6
216.6	24.1827	3207.3991	5.0558	6
216.65	24.1826	3207.4286	5.052	6
216.7	24.1824	3207.8931	5.0502	6
216.75	24.1824	3208.0023	5.0638	6
216.8	24.1825	3207.806	5.0619	6
216.85	24.1823	3208.3162	5.0639	6
216.9	24.1826	3209.3513	5.0595	6
216.95	24.1832	3210.0503	5.0638	6
217	24.183	3210.6815	5.0734	6
217.05	24.1831	3210.5397	5.06	6
217.1	24.1838	3209.7097	5.064	6
217.15	24.1838	3209.7038	5.0676	6
217.2	24.1847	3208.6477	5.076	6
217.25	24.1856	3207.6344	5.0733	6
217.3	24.1861	3206.9828	5.0681	6
217.35	24.1872	3205.2477	5.0708	6
217.4	24.1875	3205.1739	5.0618	6
217.45	24.1881	3204.1587	5.0752	6
217.5	24.1886	3201.8509	5.0932	6
217.55	24.1881	3201.3129	5.0989	6
217.6	24.1886	3200.4151	5.0929	6
217.65	24.189	3199.7641	5.0973	6
217.7	24.1893	3199.5939	5.0934	6
217.75	24.1896	3199.2707	5.108	6
217.8	24.1904	3198.2833	5.1094	6
217.85	24.1906	3198.0062	5.0884	6
217.9	24.1911	3197.4921	5.0817	6
217.95	24.1919	3196.2837	5.081	6
218	24.1925	3195.7273	5.0787	6
218.05	24.1929	3194.9079	5.0766	6
218.1	24.1928	3193.625	5.0696	6
218.15	24.1935	3191.4467	5.0795	6
218.2	24.1939	3190.7368	5.0771	6
218.25	24.1938	3190.9333	5.0728	6
218.3	24.1948	3189.7305	5.0718	6
218.35	24.1953	3189.1158	5.0839	6
218.4	24.195	3189.5288	5.0821	6
218.45	24.1954	3187.5919	5.0811	6
218.5	24.1954	3185.9854	5.0814	6
218.55	24.1948	3186.7465	5.071	6
218.6	24.195	3186.4254	5.0723	6
218.65	24.1956	3185.5714	5.0812	6
218.7	24.1948	3186.9104	5.0794	6
218.75	24.1948	3186.3805	5.0797	6
218.8	24.1958	3183.1395	5.0793	6
218.85	24.1948	3183.6105	5.0739	6
218.9	24.1948	3183.8021	5.0786	6
218.95	24.1961	3182.0517	5.0772	6
219	24.1958	3182.6277	5.0712	6
219.05	24.1952	3183.3423	5.0677	6
219.1	24.1961	3180.3942	5.0585	6
219.15	24.196	3179.2498	5.0666	6
219.2	24.1954	3180.1581	5.0822	6
219.25	24.1963	3179.2293	5.0971	6
219.3	24.1974	3177.8	5.1066	6
219.35	24.1961	3179.0566	5.0828	6
219.4	24.1958	3177.8875	5.073	6
219.45	24.1969	3175.6936	5.0942	6
219.5	24.1956	3177.4256	5.0946	6
219.55	24.1955	3177.7071	5.0655	6
219.6	24.1968	3175.8079	5.0536	6
219.65	24.1959	3176.3257	5.0603	6
219.7	24.1944	3176.7481	5.0617	6
219.75	24.1957	3174.2649	5.0675	6
219.8	24.1951	3175.1948	5.0679	6
219.85	24.1933	3177.8189	5.0588	6
219.9	24.1946	3175.8673	5.0586	6
219.95	24.1943	3176.4638	5.0594	6
220	24.1929	3178.0887	5.0516	6
220.05	24.1934	3175.5439	5.0457	6
220.1	24.1936	3174.4724	5.0458	6
220.15	24.1924	3176.4803	5.0643	6
220.2	24.1929	3175.7711	5.0751	6
220.25	24.1942	3173.9955	5.09	6
220.3	24.1932	3175.6952	5.0884	6
220.35	24.1934	3175.3231	5.0753	6
220.4	24.1943	3172.6894	5.079	6
220.45	24.1933	3172.369	5.0932	6
220.5	24.1929	3172.7951	5.0917	6
220.55	24.1941	3171.2928	5.0954	6
220.6	24.194	3171.1534	5.0912	6
220.65	24.1932	3172.5701	5.0939	6
220.7	24.194	3171.4214	5.1014	6
220.75	24.195	3169.7475	5.0966	6
220.8	24.1937	3170.0246	5.109	6
220.85	24.1937	3169.0202	5.1035	6
220.9	24.1947	3167.4304	5.092	6
220.95	24.1938	3169.0036	5.0972	6
221	24.1939	3169.0232	5.085	6
221.05	24.1941	3168.6812	5.0922	6
221.1	24.1931	3169.9627	5.0977	6
221.15	24.1935	3168.3636	5.0842	6
221.2	24.1929	3167.5492	5.0771	6
221.25	24.1922	3168.3713	5.0703	6
221.3	24.1927	3167.6518	5.092	6
221.35	24.1925	3167.9522	5.1036	6
221.4	24.1915	3169.1757	5.0899	6
221.45	24.1916	3169.0563	5.0771	6
221.5	24.192	3168.372	5.079	6
221.55	24.1911	3169.738	5.0867	6
221.6	24.1908	3169.6677	5.0782	6
221.65	24.191	3167.6935	5.0736	6
221.7	24.1901	3168.097	5.0741	6
221.75	24.1894	3169.1	5.0723	6
221.8	24.1901	3168.2404	5.0715	6
221.85	24.1897	3168.9094	5.0797	6
221.9	24.1889	3169.9401	5.0762	6
221.95	24.189	3169.5282	5.0723	6
222	24.1893	3169.0751	5.056	6
222.05	24.1889	3169.7794	5.0586	6
222.1	24.1888	3170.0523	5.0661	6
222.15	24.1895	3169.0118	5.0606	6
222.2	24.189	3169.6376	5.0673	6
222.25	24.1884	3170.5205	5.0703	6
222.3	24.1891	3169.4991	5.0633	6
222.35	24.189	3168.8495	5.076	6
222.4	24.1879	3168.5238	5.0886	6
222.45	24.1881	3167.6998	5.0987	6
222.5	24.1884	3167.1617	5.0818	6
222.55	24.1873	3168.7575	5.0798	6
222.6	24.1875	3168.6905	5.0925	6
222.65	24.1878	3168.358	5.0939	6
222.7	24.1867	3169.9382	5.1011	6
222.75	24.1865	3170.2041	5.0978	6
222.8	24.1867	3169.8227	5.1081	6
222.85	24.1855	3171.5159	5.0977	6
222.9	24.1852	3172.0635	5.0732	6
222.95	24.186	3171.0835	5.0768	6
223	24.1849	3172.4623	5.0832	6
223.05	24.1842	3173.7099	5.0864	6
223.1	24.1857	3171.4665	5.075	6
223.15	24.1852	3172.4263	5.0639	6
223.2	24.1845	3173.4884	5.0844	6
223.25	24.1856	3171.8202	5.0887	6
223.3	24.1854	3172.1713	5.08	6
223.35	24.1846	3173.2638	5.0766	6
223.4	24.1853	3172.4095	5.0633	6
223.45	24.1856	3171.959	5.0657	6
223.5	24.1846	3173.484	5.0699	6
223.55	24.1847	3173.331	5.0608	6
223.6	24.1852	3172.5878	5.0844	6
223.65	24.1842	3174.1515	5.1041	6
223.7	24.184	3174.4628	5.0914	6
223.75	24.1848	3173.2682	5.0998	6
223.8	24.1841	3174.3199	5.1033	6
223.85	24.1833	3175.5765	5.0862	6
223.9	24.1841	3174.5001	5.0747	6
223.95	24.184	3174.4712	5.0787	6
224	24.1826	3176.6784	5.0915	6
224.05	24.1832	3175.8668	5.0898	6
224.1	24.184	3174.6123	5.0847	6
224.15	24.183	3176.4002	5.0777	6
224.2	24.1832	3176.322	5.0824	6
224.25	24.1843	3174.6954	5.0843	6
224.3	24.1833	3176.074	5.0869	6
224.35	24.1831	3176.644	5.0697	6
224.4	24.1838	3175.5827	5.0805	6
224.45	24.1832	3176.5231	5.1013	6
224.5	24.1833	3177.9073	5.1014	6
224.55	24.1844	3178.0799	5.0901	6
224.6	24.1841	3178.9199	5.1039	6
224.65	24.1842	3178.9458	5.1117	6
224.7	24.1844	3178.7003	5.1012	6
224.75	24.1842	3178.9297	5.0935	6
224.8	24.1841	3179.1928	5.0903	6
224.85	24.1845	3178.6917	5.0754	6
224.9	24.1843	3179.1881	5.0808	6
224.95	24.1842	3179.2757	5.1015	6
225	24.1845	3178.8847	5.1095	6
225.05	24.1836	3180.1998	5.1011	6
225.1	24.1838	3179.7048	5.0965	6
225.15	24.1838	3179.793	5.091	6
225.2	24.1836	3180.4072	5.0857	6
225.25	24.1843	3179.4461	5.1192	6
225.3	24.1839	3179.9544	5.1218	6
225.35	24.1841	3179.6203	5.1051	6
225.4	24.1843	3179.4317	5.1004	6
225.45	24.1842	3179.6375	5.0907	6
225.5	24.1841	3179.844	5.1092	6
225.55	24.1844	3179.5704	5.1169	6
225.6	24.1847	3179.0123	5.1091	6
225.65	24.1844	3179.5749	5.1041	6
225.7	24.1844	3179.4943	5.1054	6
225.75	24.185	3178.6878	5.1041	6
225.8	24.1847	3179.3548	5.1002	6
225.85	24.1841	3180.4962	5.1213	6
225.9	24.1846	3179.7688	5.1315	6
225.95	24.1845	3179.7013	5.1134	6
226	24.1831	3181.7367	5.1027	6
226.05	24.1844	3180.0496	5.1251	6
226.1	24.1849	3179.3409	5.1478	6
226.15	24.183	3182.3358	5.1468	6
226.2	24.1846	3180.1562	5.1369	6
226.25	24.1854	3178.9611	5.1394	6
226.3	24.1833	3181.9355	5.1315	6
226.35	24.1838	3181.4051	5.129	6
226.4	24.1857	3178.7483	5.1297	6
226.45	24.184	3181.0934	5.1155	6
226.5	24.1832	3182.3395	5.1233	6
226.55	24.1852	3179.349	5.1267	6
226.6	24.1842	3180.4913	5.1216	6
226.65	24.1823	3183.279	5.1194	6
226.7	24.184	3180.9539	5.0941	6
226.75	24.1842	3180.6706	5.0836	6
226.8	24.1822	3183.6142	5.0983	6
226.85	24.183	3182.4925	5.1183	6
226.9	24.1841	3180.8582	5.1133	6
226.95	24.1822	3183.5681	5.1087	6
227	24.1824	3183.434	5.107	6
227.05	24.1838	3181.5544	5.0933	6
227.1	24.1824	3183.6142	5.0827	6
227.15	24.1823	3183.8392	5.0996	6
227.2	24.1834	3182.3672	5.0964	6
227.25	24.1824	3183.8697	5.1062	6
227.3	24.1822	3184.2324	5.1134	6
227.35	24.1828	3183.4287	5.0875	6
227.4	24.1822	3185.4005	5.0964	6
227.45	24.1826	3186.6885	5.1146	6
227.5	24.1833	3186.1055	5.1206	6
227.55	24.183	3186.5758	5.122	6
227.6	24.1826	3187.0063	5.1246	6
227.65	24.1828	3186.6613	5.1277	6
227.7	24.1829	3186.4923	5.1143	6
227.75	24.1819	3187.8769	5.1184	6
227.8	24.1822	3187.5123	5.1118	6
227.85	24.1824	3187.2648	5.1045	6
227.9	24.1813	3188.9214	5.1023	6
227.95	24.1819	3188.1314	5.1038	6
228	24.1822	3187.744	5.1045	6
228.05	24.181	3189.3998	5.1187	6
228.1	24.1815	3188.7356	5.1314	6
228.15	24.1817	3188.3002	5.1263	6
228.2	24.181	3189.2671	5.1213	6
228.25	24.1812	3188.9072	5.11	6
228.3	24.1813	3188.8171	5.1125	6
228.35	24.1808	3189.5575	5.1012	6
228.4	24.1809	3189.5114	5.0944	6
228.45	24.1813	3190.337	5.0999	6
228.5	24.1813	3192.1803	5.0992	6
228.55	24.1815	3192.2436	5.1096	6
228.6	24.1815	3192.1354	5.1111	6
228.65	24.1812	3192.5228	5.0997	6
228.7	24.1812	3192.6995	5.0863	6
228.75	24.1811	3192.9596	5.0828	6
228.8	24.1808	3193.3454	5.0948	6
228.85	24.1811	3192.9493	5.1087	6
228.9	24.1807	3193.5154	5.1034	6
228.95	24.1807	3193.4625	5.1065	6
229	24.1812	3192.5528	5.0949	6
229.05	24.181	3193.0343	5.082	6
229.1	24.1805	3193.8979	5.0984	6
229.15	24.1812	3193.1105	5.1078	6
229.2	24.1814	3192.5025	5.0976	6
229.25	24.1806	3194.1817	5.0954	6
229.3	24.1817	3194.4402	5.0917	6
229.35	24.1832	3193.5973	5.0879	6
229.4	24.1822	3195.172	5.1012	6
229.45	24.1824	3195.0085	5.1016	6
229.5	24.1835	3193.5766	5.0998	6
229.55	24.1833	3193.7582	5.1051	6
229.6	24.1825	3194.9058	5.1078	6
229.65	24.1835	3193.7426	5.0921	6
229.7	24.1844	3192.6024	5.0839	6
229.75	24.183	3194.5424	5.101	6
229.8	24.1833	3194.28	5.1024	6
229.85	24.1847	3192.3934	5.0928	6
229.9	24.1837	3193.957	5.094	6
229.95	24.1833	3194.6374	5.0986	6
230	24.1846	3192.8669	5.0928	6
230.05	24.1848	3192.5433	5.0968	6
230.1	24.184	3193.8527	5.0949	6
230.15	24.1848	3192.5708	5.0834	6
230.2	24.1856	3191.5412	5.1029	6
230.25	24.1848	3192.6122	5.1179	6
230.3	24.1851	3192.1519	5.1116	6
230.35	24.1858	3191.2278	5.101	6
230.4	24.1858	3191.3309	5.0905	6
230.45	24.1859	3191.0937	5.0888	6
230.5	24.1859	3191.2907	5.0977	6
230.55	24.1863	3190.751	5.0968	6
230.6	24.1862	3190.9607	5.0953	6
230.65	24.1858	3191.5768	5.0944	6
230.7	24.1862	3191.0425	5.0866	6
230.75	24.186	3191.1687	5.0885	6
230.8	24.1859	3191.54	5.0852	6
230.85	24.186	3191.4692	5.1047	6
230.9	24.1864	3190.9265	5.1108	6
230.95	24.1859	3191.777	5.0989	6
231	24.1862	3191.456	5.1037	6
231.05	24.1866	3190.917	5.1068	6
231.1	24.1857	3192.1656	5.1174	6
231.15	24.186	3191.8455	5.1049	6
231.2	24.1864	3191.2832	5.0879	6
231.25	24.1855	3192.4453	5.0924	6
231.3	24.1859	3192.1479	5.0827	6
231.35	24.1864	3191.3971	5.0784	6
231.4	24.1857	3192.3284	5.075	6
231.45	24.1854	3192.8325	5.0839	6
231.5	24.1863	3191.7882	5.0908	6
231.55	24.1861	3192.032	5.095	6
231.6	24.1854	3192.9398	5.1112	6
231.65	24.1859	3192.0129	5.1123	6
231.7	24.1861	3190.3626	5.0954	6
231.75	24.1848	3190.9926	5.1066	6
231.8	24.1848	3190.832	5.1276	6
231.85	24.1852	3190.3721	5.1271	6
231.9	24.1848	3190.8942	5.1167	6
231.95	24.1847	3191.8064	5.1011	6
232	24.1854	3191.7489	5.1038	6
232.05	24.1853	3190.7586	5.0952	6
232.1	24.1845	3191.8637	5.0988	6
232.15	24.1849	3192.7335	5.1084	6
232.2	24.1856	3191.5619	5.114	6
232.25	24.1843	3192.6595	5.1169	6
232.3	24.1843	3194.3752	5.0994	6
232.35	24.1854	3193.2863	5.0969	6
232.4	24.1847	3193.6062	5.1016	6
232.45	24.1837	3195.8874	5.0952	6
232.5	24.1842	3195.7564	5.1026	6
232.55	24.1843	3195.7219	5.1044	6
232.6	24.1828	3197.7864	5.1162	6
232.65	24.1825	3198.3205	5.1106	6
232.7	24.1832	3197.3014	5.0898	6
232.75	24.1821	3198.7827	5.0928	6
232.8	24.1815	3199.7103	5.0997	6
232.85	24.1822	3198.8132	5.1089	6
232.9	24.1826	3198.3287	5.1098	6
232.95	24.1817	3199.6602	5.0986	6
233	24.1819	3199.4563	5.106	6
233.05	24.183	3198.1308	5.1096	6
233.1	24.1828	3198.2982	5.1156	6
233.15	24.1822	3199.1503	5.1168	6
233.2	24.1833	3197.6525	5.0974	6
233.25	24.1842	3196.4036	5.0933	6
233.3	24.1837	3197.2376	5.099	6
233.35	24.1844	3196.242	5.0989	6
233.4	24.1859	3194.1505	5.1057	6
233.45	24.1856	3194.7768	5.0973	6
233.5	24.1856	3194.826	5.0961	6
233.55	24.1874	3192.2206	5.0991	6
233.6	24.1875	3192.2897	5.1074	6
233.65	24.1871	3192.9368	5.1221	6
233.7	24.1882	3191.3975	5.1193	6
233.75	24.1888	3190.7186	5.1143	6
233.8	24.1877	3192.2374	5.0968	6
233.85	24.1878	3192.1959	5.0885	6
233.9	24.1886	3190.8336	5.1043	6
233.95	24.1875	3192.394	5.1017	6
234	24.1869	3193.245	5.1005	6
234.05	24.188	3191.7961	5.1127	6
234.1	24.1876	3192.3459	5.1042	6
234.15	24.1867	3193.7112	5.1003	6
234.2	24.1874	3192.3647	5.0929	6
234.25	24.1875	3190.5908	5.1061	6
234.3	24.1859	3191.9875	5.1241	6
234.35	24.1863	3191.52	5.1195	6
234.4	24.1871	3190.3917	5.1179	6
234.45	24.1859	3192.0429	5.1152	6
234.5	24.1858	3192.2567	5.0956	6
234.55	24.1867	3191.1223	5.1108	6
234.6	24.1862	3191.9195	5.1213	6
234.65	24.1858	3192.5521	5.1006	6
234.7	24.1863	3191.8204	5.0978	6
234.75	24.1864	3191.7021	5.1059	6
234.8	24.1863	3191.9996	5.1003	6
234.85	24.1862	3191.9964	5.0988	6
234.9	24.1863	3191.9389	5.1167	6
234.95	24.1868	3191.415	5.1129	6
235	24.1862	3192.2213	5.0835	6
235.05	24.1856	3193.0788	5.0881	6
235.1	24.1864	3191.9805	5.0912	6
235.15	24.1863	3192.3207	5.0857	6
235.2	24.1856	3193.3156	5.0866	6
235.25	24.1863	3192.4688	5.0962	6
235.3	24.1865	3192.5016	5.1121	6
235.35	24.1859	3193.3233	5.1127	6
235.4	24.1854	3193.9589	5.0934	6
235.45	24.1859	3193.3384	5.0851	6
235.5	24.1858	3193.1859	5.088	6
235.55	24.1851	3194.4013	5.0928	6
235.6	24.1857	3193.6076	5.0826	6
235.65	24.1862	3192.8981	5.0762	6
235.7	24.1853	3194.2763	5.0855	6
235.75	24.1854	3194.0471	5.0872	6
235.8	24.186	3193.1237	5.0854	6
235.85	24.1856	3193.9549	5.0882	6
235.9	24.1855	3194.1105	5.0963	6
235.95	24.1864	3192.7859	5.0945	6
236	24.1864	3192.8467	5.0924	6
236.05	24.1863	3193.1305	5.1015	6
236.1	24.1872	3192.1719	5.106	6
236.15	24.1873	3192.0842	5.1025	6
236.2	24.1868	3192.8581	5.0939	6
236.25	24.1872	3192.2632	5.0948	6
236.3	24.1877	3191.5037	5.1073	6
236.35	24.1874	3192.1277	5.1087	6
236.4	24.1875	3192.0364	5.088	6
236.45	24.1882	3190.971	5.094	6
236.5	24.188	3191.2865	5.0925	6
236.55	24.1876	3191.8704	5.0926	6
236.6	24.1879	3189.757	5.1075	6
236.65	24.1874	3189.1153	5.0949	6
236.7	24.1866	3190.2057	5.0859	6
236.75	24.187	3189.6697	5.0725	6
236.8	24.1872	3189.2913	5.0714	6
236.85	24.1862	3190.7875	5.0726	6
236.9	24.1863	3190.6681	5.0822	6
236.95	24.1868	3190.0392	5.0923	6
237	24.1863	3190.7165	5.0838	6
237.05	24.186	3191.1689	5.0852	6
237.1	24.1863	3191.0185	5.0983	6
237.15	24.1863	3191.1659	5.0802	6
237.2	24.1859	3191.7691	5.0932	6
237.25	24.1856	3192.1973	5.1105	6
237.3	24.1856	3192.0727	5.1171	6
237.35	24.1856	3192.1663	5.1171	6
237.4	24.1855	3192.425	5.1199	6
237.45	24.1853	3192.6411	5.1152	6
237.5	24.1858	3192.0427	5.102	6
237.55	24.1856	3192.3836	5.0883	6
237.6	24.1854	3192.6786	5.0862	6
237.65	24.1858	3192.2108	5.0935	6
237.7	24.1859	3192.1547	5.1063	6
237.75	24.1856	3192.5249	5.1197	6
237.8	24.1858	3192.1929	5.1235	6
237.85	24.186	3191.9538	5.116	6
237.9	24.1859	3192.3575	5.0976	6
237.95	24.1863	3191.9859	5.0724	6
238	24.1863	3191.9384	5.0797	6
238.05	24.1857	3192.7058	5.0944	6
238.1	24.1859	3192.5773	5.1045	6
238.15	24.1862	3192.1447	5.0968	6
238.2	24.186	3192.595	5.1069	6
238.25	24.1856	3193.2059	5.1074	6
238.3	24.1863	3192.0672	5.0822	6
238.35	24.1862	3192.4285	5.0758	6
238.4	24.1855	3193.2099	5.0777	6
238.45	24.186	3192.493	5.0945	6
238.5	24.186	3192.6318	5.1182	6
238.55	24.1857	3193.2886	5.1189	6
238.6	24.1859	3193.1107	5.1185	6
238.65	24.1864	3192.3882	5.1073	6
238.7	24.1861	3192.7007	5.1137	6
238.75	24.186	3193.0551	5.1314	6
238.8	24.1868	3191.9696	5.1189	6
238.85	24.1869	3191.9112	5.1042	6
238.9	24.1867	3192.2194	5.1064	6
238.95	24.1879	3190.8131	5.1098	6
239	24.189	3189.3207	5.1181	6
239.05	24.1891	3189.0217	5.1118	6
239.1	24.1896	3187.3395	5.1155	6
239.15	24.1906	3184.4857	5.1198	6
239.2	24.1906	3184.1705	5.1156	6
239.25	24.1909	3183.9172	5.1105	6
239.3	24.1922	3182.2573	5.1208	6
239.35	24.1933	3180.7297	5.1217	6
239.4	24.1936	3180.2941	5.1197	6
239.45	24.1945	3179.1816	5.117	6
239.5	24.1961	3176.5478	5.1053	6
239.55	24.1962	3174.6156	5.101	6
239.6	24.1965	3173.3839	5.1125	6
239.65	24.1975	3172.0793	5.1219	6
239.7	24.198	3171.4225	5.1198	6
239.75	24.1972	3172.5466	5.1036	6
239.8	24.1971	3171.6696	5.0986	6
239.85	24.1981	3168.751	5.1085	6
239.9	24.1977	3168.904	5.119	6
239.95	24.1964	3170.6779	5.1244	6
240	24.1973	3169.4144	5.1238	6
240.05	24.1972	3168.7955	5.1169	6
240.1	24.1959	3168.8255	5.109	6
240.15	24.1958	3168.2903	5.1179	6
240.2	24.1962	3167.935	5.1075	6
240.25	24.1963	3167.9764	5.103	6
240.3	24.196	3168.4097	5.1237	6
240.35	24.1967	3166.5228	5.1165	6
240.4	24.1964	3165.1124	5.1179	6
240.45	24.1955	3165.9324	5.1258	6
240.5	24.1963	3164.9007	5.1219	6
240.55	24.1969	3163.9764	5.1146	6
240.6	24.1959	3165.4858	5.1219	6
240.65	24.1966	3163.398	5.1096	6
240.7	24.1973	3160.7002	5.1022	6
240.75	24.1961	3162.1894	5.1077	6
240.8	24.1959	3162.5754	5.1149	6
240.85	24.1971	3160.7703	5.1129	6
240.9	24.1963	3161.4879	5.1196	6
240.95	24.195	3161.7652	5.1229	6
241	24.1956	3159.7894	5.1203	6
241.05	24.1958	3159.3803	5.1246	6
241.1	24.1946	3161.0697	5.1159	6
241.15	24.195	3160.6488	5.1238	6
241.2	24.1957	3159.6997	5.1301	6
241.25	24.1948	3159.6616	5.1311	6
241.3	24.1941	3159.0986	5.1249	6
241.35	24.1945	3158.0783	5.1111	6
241.4	24.1943	3158.5859	5.1128	6
241.45	24.1941	3159.0243	5.124	6
241.5	24.1945	3158.3468	5.1168	6
241.55	24.1941	3158.7978	5.1263	6
241.6	24.1936	3158.5752	5.1218	6
241.65	24.1935	3156.8816	5.1	6
241.7	24.1932	3156.8003	5.0881	6
241.75	24.1927	3157.5121	5.0833	6
241.8	24.1927	3157.5584	5.0901	6
241.85	24.1927	3157.5169	5.0997	6
241.9	24.1924	3158.1405	5.0848	6
241.95	24.1919	3158.6876	5.1003	6
242	24.1918	3158.5246	5.0908	6
242.05	24.1912	3157.6173	5.0823	6
242.1	24.1903	3157.52	5.064	6
242.15	24.1903	3157.4881	5.0611	6
242.2	24.19	3157.9104	5.0755	6
242.25	24.1897	3158.5821	5.0845	6
242.3	24.1896	3158.7093	5.0984	6
242.35	24.1893	3159.0276	5.1064	6
242.4	24.1891	3159.4869	5.1061	6
242.45	24.1893	3159.3465	5.1261	6
242.5	24.189	3159.7603	5.1434	6
242.55	24.1888	3159.995	5.1297	6
242.6	24.1886	3160.3263	5.1098	6
242.65	24.1886	3160.3382	5.1012	6
242.7	24.1883	3160.9058	5.1011	6
242.75	24.1881	3161.3675	5.105	6
242.8	24.1878	3160.7226	5.0974	6
242.85	24.1872	3159.991	5.1125	6
242.9	24.1869	3160.1181	5.134	6
242.95	24.1869	3160.0881	5.1415	6
243	24.1868	3160.2664	5.1284	6
243.05	24.1866	3160.594	5.1191	6
243.1	24.1864	3160.8038	5.122	6
243.15	24.1865	3160.7344	5.1119	6
243.2	24.1861	3161.3954	5.107	6
243.25	24.1865	3160.6951	5.1102	6
243.3	24.1863	3161.089	5.1258	6
243.35	24.1863	3161.2858	5.1386	6
243.4	24.1869	3160.4739	5.1265	6
243.45	24.1866	3160.9284	5.1166	6
243.5	24.1869	3160.6152	5.1187	6
243.55	24.1868	3160.5689	5.1344	6
243.6	24.1866	3160.8704	5.1409	6
243.65	24.1867	3160.9363	5.1204	6
243.7	24.1869	3160.7538	5.1219	6
243.75	24.1867	3160.984	5.1315	6
243.8	24.1866	3161.1766	5.117	6
243.85	24.1869	3160.8564	5.1078	6
243.9	24.1873	3160.4229	5.0905	6
243.95	24.1867	3161.2609	5.0883	6
244	24.1866	3161.3137	5.0931	6
244.05	24.1873	3160.3007	5.1033	6
244.1	24.1869	3161.1105	5.1211	6
244.15	24.1867	3161.4206	5.1011	6
244.2	24.1875	3160.3873	5.0795	6
244.25	24.1873	3160.5633	5.0827	6
244.3	24.1869	3161.3477	5.0808	6
244.35	24.1876	3160.2976	5.1028	6
244.4	24.1877	3160.2506	5.1055	6
244.45	24.1872	3160.9864	5.0876	6
244.5	24.1874	3160.4676	5.0647	6
244.55	24.1872	3159.3356	5.0857	6
244.6	24.1866	3158.9924	5.0956	6
244.65	24.1864	3159.2676	5.0805	6
244.7	24.1866	3159.1533	5.0874	6
244.75	24.1863	3159.5808	5.1086	6
244.8	24.1859	3160.2029	5.1138	6
244.85	24.1866	3159.1412	5.1085	6
244.9	24.1861	3159.9319	5.1041	6
244.95	24.1858	3160.5274	5.0977	6
245	24.1863	3159.7929	5.1094	6
245.05	24.1859	3160.3701	5.0948	6
245.1	24.1852	3161.5594	5.0947	6
245.15	24.1854	3161.4129	5.0863	6
245.2	24.1854	3161.4408	5.0907	6
245.25	24.1845	3162.7293	5.1101	6
245.3	24.1843	3163.059	5.0883	6
245.35	24.1845	3162.8816	5.0839	6
245.4	24.184	3163.4835	5.1036	6
245.45	24.1834	3164.2898	5.0967	6
245.5	24.1836	3163.9808	5.0967	6
245.55	24.1836	3164.1752	5.0974	6
245.6	24.1832	3164.7675	5.104	6
245.65	24.1833	3164.6146	5.0995	6
245.7	24.1836	3164.2332	5.0893	6
245.75	24.1834	3164.7366	5.0912	6
245.8	24.1837	3165.6232	5.0826	6
245.85	24.1845	3166.0739	5.0946	6
245.9	24.1842	3166.9124	5.105	6
245.95	24.184	3167.2898	5.0853	6
246	24.1845	3166.6472	5.0986	6
246.05	24.1845	3166.7166	5.0996	6
246.1	24.1841	3167.4253	5.0786	6
246.15	24.1846	3166.6909	5.0753	6
246.2	24.1852	3166.0171	5.0873	6
246.25	24.1848	3166.5261	5.0944	6
246.3	24.1853	3165.9219	5.1001	6
246.35	24.186	3165.0583	5.083	6
246.4	24.1858	3165.1636	5.0745	6
246.45	24.1856	3165.4695	5.0847	6
246.5	24.1865	3164.2141	5.0965	6
246.55	24.1864	3163.1745	5.1104	6
246.6	24.186	3162.1903	5.0997	6
246.65	24.1858	3162.1805	5.1008	6
246.7	24.1862	3161.4984	5.1066	6
246.75	24.1858	3162.0015	5.1116	6
246.8	24.1857	3162.2509	5.0986	6
246.85	24.1863	3161.3419	5.0827	6
246.9	24.1861	3161.6003	5.0805	6
246.95	24.1859	3162.1358	5.0808	6
247	24.1861	3161.7661	5.0868	6
247.05	24.186	3161.8211	5.092	6
247.1	24.1858	3162.1521	5.0857	6
247.15	24.1859	3162.2888	5.093	6
247.2	24.1857	3162.3712	5.0982	6
247.25	24.1857	3162.5195	5.1067	6
247.3	24.1858	3162.6704	5.1145	6
247.35	24.1855	3163.0858	5.1003	6
247.4	24.1853	3163.1717	5.118	6
247.45	24.1854	3163.1654	5.1278	6
247.5	24.185	3163.8837	5.1223	6
247.55	24.185	3163.6027	5.1147	6
247.6	24.1848	3163.9091	5.1083	6
247.65	24.1842	3164.8334	5.0947	6
247.7	24.1846	3164.4185	5.0875	6
247.75	24.1844	3164.7503	5.0952	6
247.8	24.1834	3166.1403	5.0962	6
247.85	24.1832	3166.44	5.0845	6
247.9	24.1833	3166.253	5.0857	6
247.95	24.1829	3166.887	5.1005	6
248	24.1824	3167.5501	5.1063	6
248.05	24.1828	3167.0088	5.0963	6
248.1	24.1827	3167.9242	5.1053	6
248.15	24.1824	3170.2106	5.1047	6
248.2	24.1827	3170.6686	5.1029	6
248.25	24.1828	3170.5655	5.099	6
248.3	24.1821	3171.5385	5.1106	6
248.35	24.1817	3172.2046	5.1161	6
248.4	24.1823	3171.5687	5.0969	6
248.45	24.1819	3172.2689	5.1047	6
248.5	24.1813	3173.0419	5.1175	6
248.55	24.1817	3172.5268	5.1106	6
248.6	24.1816	3172.6817	5.1072	6
248.65	24.181	3173.5373	5.0915	6
248.7	24.1814	3172.9518	5.081	6
248.75	24.1818	3172.3515	5.0953	6
248.8	24.1816	3172.8167	5.1115	6
248.85	24.182	3172.2682	5.097	6
248.9	24.1825	3171.7694	5.0892	6
248.95	24.1824	3171.9317	5.0933	6
249	24.1823	3172.1296	5.0977	6
249.05	24.1825	3171.83	5.118	6
249.1	24.1829	3171.3431	5.1139	6
249.15	24.1828	3171.4831	5.118	6
249.2	24.1832	3171.023	5.1041	6
249.25	24.1837	3170.8288	5.0855	6
249.3	24.1837	3172.481	5.0879	6
249.35	24.1842	3172.7769	5.1011	6
249.4	24.1843	3172.6058	5.0956	6
249.45	24.184	3173.0007	5.0884	6
249.5	24.1841	3172.8633	5.1025	6
249.55	24.1846	3172.2065	5.1018	6
249.6	24.1845	3172.549	5.1077	6
249.65	24.1845	3172.5797	5.0981	6
249.7	24.1847	3172.1469	5.0934	6
249.75	24.185	3171.7729	5.098	6
249.8	24.1846	3172.3299	5.0948	6
249.85	24.1843	3172.9471	5.1002	6
249.9	24.1848	3172.3583	5.1024	6
249.95	24.1849	3172.2274	5.108	6
250	24.1847	3172.5348	5.1056	6
250.05	24.1853	3171.7438	5.1066	6
250.1	24.1857	3171.3231	5.1187	6
250.15	24.1853	3172.0393	5.1078	6
250.2	24.1855	3171.8034	5.1169	6
250.25	24.186	3171.202	5.123	6
250.3	24.1854	3172.0596	5.1162	6
250.35	24.185	3172.5161	5.115	6
250.4	24.1855	3171.6479	5.106	6
250.45	24.185	3172.3983	5.1012	6
250.5	24.1845	3173.3173	5.1054	6
250.55	24.1854	3172.2039	5.0977	6
250.6	24.1855	3172.0239	5.1053	6
250.65	24.1847	3173.2998	5.1053	6
250.7	24.1849	3172.925	5.0983	6
250.75	24.1858	3171.8013	5.0958	6
250.8	24.1851	3172.9243	5.0784	6
250.85	24.1844	3173.8381	5.0793	6
250.9	24.1855	3172.3639	5.0704	6
250.95	24.1853	3172.6409	5.0651	6
251	24.1842	3174.423	5.0733	6
251.05	24.185	3173.2719	5.0705	6
251.1	24.1854	3172.701	5.0804	6
251.15	24.1842	3174.7376	5.0933	6
251.2	24.1849	3173.8945	5.093	6
251.25	24.1854	3173.1101	5.0905	6
251.3	24.1845	3174.3187	5.0956	6
251.35	24.1844	3174.6172	5.1032	6
251.4	24.1852	3173.5075	5.0915	6
251.45	24.1849	3173.9727	5.0909	6
251.5	24.1844	3174.677	5.0908	6
251.55	24.185	3173.7974	5.0807	6
251.6	24.1852	3173.7024	5.0741	6
251.65	24.1847	3174.4882	5.0852	6
251.7	24.1848	3174.2293	5.0869	6
251.75	24.185	3173.9941	5.0943	6
251.8	24.1848	3174.3541	5.069	6
251.85	24.1848	3174.2912	5.0717	6
251.9	24.185	3174.1972	5.0845	6
251.95	24.185	3174.1601	5.0842	6
252	24.1853	3173.7285	5.0871	6
252.05	24.1852	3174.0058	5.0672	6
252.1	24.1851	3174.155	5.0726	6
252.15	24.1854	3173.9283	5.0767	6
252.2	24.1854	3173.9334	5.0609	6
252.25	24.1851	3174.3047	5.0863	6
252.3	24.1853	3174.0619	5.0852	6
252.35	24.1853	3174.1678	5.065	6
252.4	24.1852	3174.3758	5.0648	6
252.45	24.1856	3173.8666	5.0563	6
252.5	24.1855	3173.9769	5.059	6
252.55	24.1852	3174.2638	5.0746	6
252.6	24.1857	3173.5078	5.0675	6
252.65	24.1855	3173.8281	5.0599	6
252.7	24.1851	3174.4852	5.0586	6
252.75	24.1854	3174.1294	5.058	6
252.8	24.1852	3174.3937	5.0449	6
252.85	24.1846	3175.2994	5.046	6
252.9	24.1847	3175.3441	5.0609	6
252.95	24.1849	3174.9897	5.0549	6
253	24.1844	3175.6687	5.0581	6
253.05	24.1843	3175.9455	5.0624	6
253.1	24.1848	3175.2584	5.0568	6
253.15	24.1846	3175.6766	5.0461	6
253.2	24.1842	3176.1506	5.0348	6
253.25	24.1849	3175.2689	5.0345	6
253.3	24.1851	3174.9287	5.0571	6
253.35	24.1847	3175.6205	5.0661	6
253.4	24.1851	3175.2584	5.0762	6
253.45	24.1856	3174.522	5.0762	6
253.5	24.1853	3174.9974	5.0697	6
253.55	24.1854	3174.8144	5.0851	6
253.6	24.1858	3174.2791	5.0744	6
253.65	24.1856	3174.4195	5.0565	6
253.7	24.1856	3174.5471	5.0538	6
253.75	24.1856	3174.7129	5.0523	6
253.8	24.1859	3173.7972	5.067	6
253.85	24.1855	3172.6614	5.068	6
253.9	24.185	3172.9816	5.0752	6
253.95	24.1854	3173.0805	5.0699	6
254	24.1852	3172.5492	5.063	6
254.05	24.1851	3172.3939	5.0865	6
254.1	24.185	3172.6272	5.1019	6
254.15	24.1852	3172.3881	5.1185	6
254.2	24.1853	3172.4002	5.1088	6
254.25	24.185	3172.9841	5.0998	6
254.3	24.1854	3172.2207	5.1062	6
254.35	24.1855	3172.118	5.1058	6
254.4	24.1849	3172.9925	5.1065	6
254.45	24.1854	3172.2814	5.1068	6
254.5	24.1857	3171.833	5.1049	6
254.55	24.1852	3172.6477	5.1098	6
254.6	24.1855	3172.2877	5.1096	6
254.65	24.186	3171.4926	5.1137	6
254.7	24.1857	3171.9343	5.1047	6
254.75	24.186	3171.627	5.0937	6
254.8	24.1861	3171.5867	5.1029	6
254.85	24.1863	3171.4202	5.0907	6
254.9	24.1868	3170.6987	5.0812	6
254.95	24.1872	3170.4684	5.0896	6
255	24.1872	3170.4854	5.0843	6
255.05	24.1875	3169.9443	5.079	6
255.1	24.188	3169.2127	5.0973	6
255.15	24.1884	3168.7154	5.1038	6
255.2	24.1882	3168.9592	5.0808	6
255.25	24.1891	3167.9124	5.0788	6
255.3	24.1895	3167.4272	5.0907	6
255.35	24.1892	3167.8488	5.0895	6
255.4	24.1896	3167.1994	5.0793	6
255.45	24.19	3167.0181	5.091	6
255.5	24.19	3167.1871	5.1034	6
255.55	24.1905	3166.4863	5.1157	6
255.6	24.1903	3166.2637	5.1172	6
255.65	24.19	3165.0025	5.1144	6
255.7	24.1903	3163.6108	5.1038	6
255.75	24.19	3163.9789	5.0811	6
255.8	24.1897	3164.7382	5.0892	6
255.85	24.1908	3163.3927	5.0958	6
255.9	24.1902	3164.1084	5.0956	6
255.95	24.1895	3165.3422	5.0891	6
256	24.1904	3163.9601	5.084	6
256.05	24.1905	3163.751	5.0986	6
256.1	24.1891	3165.8213	5.1115	6
256.15	24.1895	3165.3277	5.1013	6
256.2	24.1904	3163.9547	5.087	6
256.25	24.1889	3165.9403	5.0851	6
256.3	24.1882	3165.6295	5.0921	6
256.35	24.1892	3162.8774	5.0914	6
256.4	24.1882	3164.1361	5.0876	6
256.45	24.1873	3165.33	5.0939	6
256.5	24.1889	3163.1047	5.0743	6
256.55	24.1881	3164.1165	5.0883	6
256.6	24.187	3166.0253	5.1167	6
256.65	24.1878	3164.6257	5.1013	6
256.7	24.1877	3164.7638	5.0878	6
256.75	24.1863	3166.815	5.075	6
256.8	24.1864	3166.765	5.0647	6
256.85	24.1867	3166.1955	5.0814	6
256.9	24.1859	3167.4327	5.0945	6
256.95	24.185	3168.7794	5.0956	6
257	24.1855	3167.9999	5.0782	6
257.05	24.1853	3168.1808	5.07	6
257.1	24.1844	3169.6346	5.0746	6
257.15	24.1845	3169.4772	5.0722	6
257.2	24.1848	3169.1874	5.0726	6
257.25	24.1843	3169.9697	5.0823	6
257.3	24.1841	3170.3238	5.0775	6
257.35	24.1841	3170.2744	5.0979	6
257.4	24.184	3170.491	5.1135	6
257.45	24.1835	3171.1739	5.1052	6
257.5	24.1833	3171.4193	5.1029	6
257.55	24.1834	3171.3478	5.0957	6
257.6	24.183	3172.0635	5.0905	6
257.65	24.1828	3172.4852	5.0883	6
257.7	24.1827	3172.4197	5.0718	6
257.75	24.1824	3172.7192	5.0544	6
257.8	24.182	3173.3804	5.0638	6
257.85	24.1817	3173.6668	5.0648	6
257.9	24.182	3173.5646	5.0672	6
257.95	24.1815	3174.5185	5.0675	6
258	24.1815	3175.9609	5.0694	6
258.05	24.1819	3176.7765	5.0645	6
258.1	24.1821	3176.7411	5.0831	6
258.15	24.1814	3177.8	5.0883	6
258.2	24.1815	3177.6247	5.0852	6
258.25	24.1821	3176.8805	5.0958	6
258.3	24.1814	3177.9567	5.0818	6
258.35	24.1812	3178.3211	5.0817	6
258.4	24.182	3177.4384	5.0815	6
258.45	24.1819	3177.5155	5.073	6
258.5	24.1815	3178.0908	5.077	6
258.55	24.1816	3177.9655	5.0662	6
258.6	24.1822	3177.1539	5.0682	6
258.65	24.1814	3178.1201	5.0801	6
258.7	24.1815	3178.1078	5.0703	6
258.75	24.1822	3177.3518	5.0889	6
258.8	24.1821	3177.518	5.0759	6
258.85	24.182	3177.6764	5.0802	6
258.9	24.1821	3177.6428	5.0945	6
258.95	24.1824	3177.1227	5.0897	6
259	24.182	3178.7008	5.0784	6
259.05	24.1823	3180.0729	5.0723	6
259.1	24.183	3179.6361	5.0724	6
259.15	24.1827	3180.0577	5.0831	6
259.2	24.1822	3180.8443	5.0785	6
259.25	24.1824	3180.5479	5.0804	6
259.3	24.1825	3180.169	5.0953	6
259.35	24.1818	3181.3022	5.1002	6
259.4	24.182	3181.2901	5.0972	6
259.45	24.1827	3180.1963	5.1015	6
259.5	24.1826	3180.3735	5.1017	6
259.55	24.182	3181.082	5.0877	6
259.6	24.1825	3180.2591	5.0912	6
259.65	24.1831	3179.5257	5.0835	6
259.7	24.1827	3180.315	5.0621	6
259.75	24.1831	3179.6098	5.0601	6
259.8	24.1837	3178.6892	5.0569	6
259.85	24.184	3178.617	5.0528	6
259.9	24.1839	3178.5814	5.0671	6
259.95	24.1844	3177.9071	5.0713	6
260	24.185	3177.1916	5.0773	6
260.05	24.1851	3177.3185	5.0632	6
260.1	24.1851	3177.501	5.0561	6
260.15	24.1857	3176.6016	5.0461	6
260.2	24.1857	3176.5767	5.055	6
260.25	24.1857	3176.6549	5.0697	6
260.3	24.1863	3175.841	5.0703	6
260.35	24.1866	3175.4212	5.0673	6
260.4	24.1867	3175.6123	5.0789	6
260.45	24.1874	3174.6947	5.0712	6
260.5	24.1876	3174.3015	5.0741	6
260.55	24.1876	3174.3604	5.0755	6
260.6	24.1881	3173.7739	5.0724	6
260.65	24.1882	3173.5131	5.0693	6
260.7	24.1882	3173.5096	5.0652	6
260.75	24.1883	3173.3406	5.0629	6
260.8	24.1886	3172.8356	5.0719	6
260.85	24.1887	3172.7862	5.0673	6
260.9	24.1887	3173.1397	5.0736	6
260.95	24.1891	3172.0395	5.0943	6
261	24.1885	3171.073	5.0997	6
261.05	24.1881	3171.0572	5.0916	6
261.1	24.1886	3170.4628	5.0839	6
261.15	24.1884	3170.6919	5.0792	6
261.2	24.1877	3171.6554	5.0907	6
261.25	24.1884	3170.5916	5.0848	6
261.3	24.1887	3170.2793	5.0875	6
261.35	24.1879	3171.5396	5.0881	6
261.4	24.1885	3170.9499	5.08	6
261.45	24.1894	3169.8411	5.094	6
261.5	24.1889	3170.4807	5.1082	6
261.55	24.1887	3170.7683	5.1167	6
261.6	24.1898	3169.2325	5.1115	6
261.65	24.1896	3169.667	5.1084	6
261.7	24.189	3170.6684	5.1094	6
261.75	24.1897	3169.704	5.1024	6
261.8	24.1893	3169.9743	5.1139	6
261.85	24.1884	3169.8614	5.1077	6
261.9	24.1883	3168.6856	5.0951	6
261.95	24.1881	3168.7308	5.0944	6
262	24.1876	3169.4796	5.1021	6
262.05	24.1873	3169.9161	5.1125	6
262.1	24.1877	3169.5159	5.1169	6
262.15	24.1872	3170.1985	5.1167	6
262.2	24.1865	3171.1839	5.1196	6
262.25	24.1872	3170.2651	5.1202	6
262.3	24.187	3170.6167	5.1311	6
262.35	24.1859	3172.2689	5.1137	6
262.4	24.1864	3171.6134	5.092	6
262.45	24.1865	3171.4579	5.113	6
262.5	24.1855	3172.9667	5.11	6
262.55	24.1859	3172.4842	5.1163	6
262.6	24.1866	3171.4297	5.1373	6
262.65	24.186	3172.3264	5.138	6
262.7	24.1859	3172.4549	5.1324	6
262.75	24.1866	3171.4707	5.1083	6
262.8	24.1864	3171.7704	5.0959	6
262.85	24.1858	3172.596	5.1099	6
262.9	24.1863	3172.0733	5.1108	6
262.95	24.1869	3171.2514	5.105	6
263	24.1865	3171.9115	5.0898	6
263.05	24.1865	3171.6728	5.0909	6
263.1	24.1867	3171.3944	5.094	6
263.15	24.1863	3172.0614	5.0872	6
263.2	24.1861	3172.3653	5.0862	6
263.25	24.1863	3172.0304	5.085	6
263.3	24.1865	3171.8705	5.0865	6
263.35	24.1863	3172.3448	5.0858	6
263.4	24.1867	3171.9736	5.0946	6
263.45	24.1872	3171.2395	5.1086	6
263.5	24.187	3171.7767	5.1186	6
263.55	24.1869	3172.0069	5.1262	6
263.6	24.1873	3171.315	5.1375	6
263.65	24.187	3171.7387	5.1069	6
263.7	24.1866	3172.3448	5.0993	6
263.75	24.1869	3171.1601	5.1165	6
263.8	24.1864	3170.0342	5.1035	6
263.85	24.1857	3170.2807	5.1011	6
263.9	24.1865	3169.216	5.1237	6
263.95	24.1862	3169.8002	5.1301	6
264	24.1856	3170.6272	5.1276	6
264.05	24.1864	3169.4849	5.1283	6
264.1	24.1862	3169.7261	5.1248	6
264.15	24.1855	3170.898	5.1152	6
264.2	24.1862	3169.9585	5.1096	6
264.25	24.1865	3169.507	5.1218	6
264.3	24.1856	3170.9524	5.129	6
264.35	24.1858	3170.6058	5.1087	6
264.4	24.1868	3169.4186	5.0976	6
264.45	24.1864	3170.2677	5.1103	6
264.5	24.1866	3170.3713	5.1312	6
264.55	24.1875	3169.0186	5.1363	6
264.6	24.1877	3168.8064	5.1189	6
264.65	24.1874	3169.2106	5.1092	6
264.7	24.1886	3167.5028	5.1063	6
264.75	24.1899	3165.9713	5.1171	6
264.8	24.19	3165.9715	5.117	6
264.85	24.1903	3165.4488	5.1249	6
264.9	24.1911	3164.1747	5.1065	6
264.95	24.1915	3163.5983	5.0931	6
265	24.1913	3163.7971	5.1057	6
265.05	24.1914	3162.3398	5.0997	6
265.1	24.1918	3160.3456	5.1167	6
265.15	24.1915	3160.7498	5.1189	6
265.2	24.1914	3160.866	5.1066	6
265.25	24.1919	3160.1442	5.1059	6
265.3	24.1921	3159.9659	5.1019	6
265.35	24.1916	3160.8087	5.1227	6
265.4	24.1919	3160.1666	5.1239	6
265.45	24.1929	3158.9	5.1239	6
265.5	24.192	3159.6774	5.1231	6
265.55	24.192	3157.7272	5.1109	6
265.6	24.1928	3155.8401	5.116	6
265.65	24.1922	3156.9996	5.1392	6
265.7	24.1918	3157.4061	5.1341	6
265.75	24.1925	3156.4625	5.1228	6
265.8	24.1924	3156.7668	5.1147	6
265.85	24.1919	3157.6005	5.1003	6
265.9	24.192	3157.462	5.1097	6
265.95	24.1921	3156.841	5.1199	6
266	24.1914	3156.0497	5.122	6
266.05	24.1911	3155.523	5.1137	6
266.1	24.1911	3155.4315	5.1064	6
266.15	24.1913	3155.137	5.1106	6
266.2	24.1912	3155.3134	5.1222	6
266.25	24.1912	3155.6182	5.126	7
266.3	24.1919	3154.6077	5.1244	7
266.35	24.1917	3154.9996	5.1109	7
266.4	24.1911	3155.9684	5.1047	7
266.45	24.1904	3149.7383	5.0909	7
266.5	24.1825	3125.4522	5.1054	7
266.55	24.1641	3075.0919	5.1084	7
266.6	24.1359	2997.3409	5.1041	7
266.65	24.097	2893.6132	5.1168	7
266.7	24.0448	2767.1848	5.1229	7
266.75	23.9803	2615.6141	5.1249	7
266.8	23.9032	2438.9513	5.1245	7
266.85	23.8103	2241.1963	5.1174	7
266.9	23.702	2020.723	5.1177	7
266.95	23.5774	1777.9211	5.1142	7
267	23.4351	1515.7624	5.1075	7
267.05	23.2748	1235.2583	5.1288	8
267.1	23.096	937.0566	5.1289	8
267.15	22.8969	623.5249	5.1362	8
267.2	22.6759	296.5913	5.1347	8
267.25	22.4394	-22.374	5.1276	8
267.3	22.2232	-242.7168	5.1434	8
267.35	22.0424	-366.1468	5.1451	8
267.4	21.8721	-472.6702	5.1634	8
267.45	21.7027	-579.3328	5.1688	8
267.5	21.5321	-683.9077	5.1541	8
267.55	21.3597	-786.0271	5.142	8
267.6	21.1854	-886.3883	5.1405	8
267.65	21.0087	-984.1352	5.1591	8
267.7	20.8309	-1080.2228	5.153	8
267.75	20.6498	-1172.761	5.1519	8
267.8	20.4657	-1262.2272	5.1598	8
267.85	20.279	-1349.3205	5.1612	8
267.9	20.0887	-1432.0436	5.1527	8
267.95	19.895	-1510.3144	5.1479	8
268	19.6973	-1583.7062	5.1585	8
268.05	19.4942	-1651.0515	5.1548	8
268.1	19.2827	-1707.5678	5.1534	8
268.15	19.0621	-1751.8543	5.1815	8
268.2	18.835	-1787.5474	5.2057	8
268.25	18.5985	-1811.4472	5.2095	8
268.3	18.3503	-1819.5377	5.1836	8
268.35	18.0919	-1813.8461	5.1587	8
268.4	17.8193	-1788.11	5.1559	8
268.45	17.5268	-1735.1885	5.1671	8
268.5	17.2119	-1651.7453	5.1621	8
268.55	16.8609	-1517.6223	5.157	8
268.6	16.4582	-1310.7056	5.1654	8
268.65	16.0025	-1030.646	5.1652	8
268.7	15.5418	-743.7448	5.166	8
268.75	15.1324	-530.1303	5.1448	8
268.8	14.7849	-404.7486	5.1514	8
268.85	14.4775	-336.4772	5.1621	8
268.9	14.1889	-294.8373	5.1562	8
268.95	13.9088	-265.5343	5.1634	8
269	13.6344	-244.5996	5.1538	8
269.05	13.3624	-228.2419	5.1505	8
269.1	13.0922	-214.8938	5.1607	8
269.15	12.8239	-204.392	5.1635	8
269.2	12.5575	-196.7718	5.1456	8
269.25	12.2906	-189.4109	5.138	8
269.3	12.023	-181.7574	5.1513	8
269.35	11.7555	-174.3929	5.1568	8
269.4	11.4868	-165.7767	5.1564	8
269.45	11.2176	-157.3639	5.1588	8
269.5	10.9483	-149.4066	5.166	8
269.55	10.6788	-141.7328	5.1676	8
269.6	10.4092	-134.0143	5.1575	8
269.65	10.1389	-126.0884	5.1525	8
269.7	9.8692	-119.4089	5.1594	8
269.75	9.6	-113.1569	5.1541	8
269.8	9.332	-108.7877	5.1668	8
269.85	9.0646	-105.9161	5.1692	8
269.9	8.796	-101.6425	5.164	8
269.95	8.5281	-97.8754	5.1705	8
270	8.2604	-95.5263	5.1549	8
270.05	7.9925	-93.6569	5.1472	8
270.1	7.7235	-90.6576	5.1547	8
270.15	7.4562	-89.85	5.1587	8
270.2	7.1884	-88.7933	5.1686	8
270.25	6.92	-87.3836	5.1751	8
270.3	6.6503	-84.5682	5.1676	8
270.35	6.3816	-83.1381	5.1597	8
270.4	6.1118	-81.2052	5.1668	8
270.45	5.8415	-78.3252	5.1718	8
270.5	5.5715	-75.2767	5.1654	8
270.55	5.301	-72.0958	5.1613	8
270.6	5.0297	-68.2316	5.1571	8
270.65	4.7612	-67.633	5.1563	8
270.7	4.4913	-65.6014	5.1475	8
270.75	4.2204	-62.5454	5.1549	8
270.8	3.9495	-59.8831	5.1702	8
270.85	3.6798	-58.3188	5.1764	8
270.9	3.4094	-56.3159	5.1546	8
270.95	3.1399	-55.2572	5.1547	8
271	2.8693	-53.4848	5.1452	8
271.05	2.5981	-51.2578	5.1502	8
271.1	2.3271	-48.5453	5.161	8
271.15	2.0576	-47.8809	5.1625	8
271.2	1.7874	-46.2132	5.1578	8
271.25	1.5168	-43.909	5.1582	8
271.3	1.2467	-42.4192	5.1594	8
271.35	0.9766	-40.7996	5.165	8
271.4	0.7074	-39.2158	5.1622	8
271.45	0.4373	-37.5197	5.1655	8
271.5	0.1669	-36.1855	5.1682	8
271.55	-0.1033	-34.3277	5.1566	8
271.6	-0.3722	-33.9228	5.1654	8
271.65	-0.6411	-33.8457	5.1606	8
271.7	-0.9104	-33.7534	5.1631	8
271.75	-1.1801	-33.0945	5.1699	8
271.8	-1.4488	-33.2193	5.1779	8
271.85	-1.7175	-33.3022	5.1763	8
271.9	-1.9867	-32.4543	5.1588	8
271.95	-2.2556	-31.7825	5.1432	8
272	-2.5238	-31.9891	5.1567	8
272.05	-2.7927	-30.9462	5.1685	8
