Indentation

 + User defined profile

+ User defined profile
   Acquisition rate :	20.0 [Hz]
   Linear load 20.00  µN ; 100.00 µN/min
   Pause in load 2 s
   Linear load 0.00  µN ; 100.00 µN/min
   Pause in load 120 s
   Linear depth 18.00  µm ; 500.00 µm/min
   Pause in depth 120 s
   Linear depth 0.00  µm ; 1000.00 µm/min
+ TTX - UNHT Bio S/N: 1000136751 settings
   Fn contact : 25 µN
   Approach distance : 20 µm
   Approach speed : 100 µm/min
   Retract speed : 200 µm/min
   Retract time : 5 sec
   Dz sensor in large range
   Load in fine range
   FnRef in fine range
   FnRef contactload :500.000 µN
   Stiffness threshold : 1 µN/µm

   X Position :9640.60 µm
   Y Position :37137.13 µm
   Z Position :8064.42 µm

Date :6/9/2026
Time :9:11:21 AM

Analysis n # 1

   Method :	Hertz

Cycle # 1

 + Parameters

  Load Fit [10%,98%]

 + Main results

   EHz=	112.41 	kPa

 + Hypothesis


 + Additional results

   ErHz=	123.53 kPa
   h offset=	0.22 µm
   R2=	0.99

Cycle # 2

 + Parameters

  Load Fit [10%,98%]

 + Main results

   EHz=	370.97 	kPa

 + Hypothesis


 + Additional results

   ErHz=	407.66 kPa
   h offset=	1.34 µm
   R2=	0.99

Analysis n # 2

   Method :	Oliver & Pharr

Cycle # 1

 + Parameters

  Unload Fit [40%,98%]

 + Main results

   HIT=	2.4847 	kPa
   EIT=	177.56 	kPa
   E*=	195.12 	kPa

 + Hypothesis

   !!! Indenter not calibrated !!!
   m out of O&P hypothesis
   Poisson's ratio(nu)=	0.30 

 + Additional results

   HVIT=	0.00025328 	 Vickers
   RIT 1.8E-005/12/2=	-17.22 	%
   nIT=	64.25 %
   Fmax=	17.88 	µN
   hmax=	2.99 	µm
   S=	18.6744 	µN/µm
   F/S²=	0.0513 	µm²/µN
   hc=	2.30 	µm
   hr=	2.03 	µm
   hp=	-28.18 	µm
   m=	32.5660 
   Epsilon=	0.73 
   R2=	1.013
   Ap=	7194.28 	µm²
   Welast=	11.70 pJ
   Wplast=	6.51 pJ
   Wtotal=	18.21 pJ
   Er=	195.12 	kPa

Cycle # 2

 + Parameters

  Unload Fit [40%,98%]

 + Main results

   HIT=	23.059 	kPa
   EIT=	4895.7 	kPa
   E*=	5379.9 	kPa

 + Hypothesis

   !!! Indenter not calibrated !!!
   m out of O&P hypothesis
   Poisson's ratio(nu)=	0.30 

 + Additional results

   HVIT=	0.0023505 	 Vickers
   RIT 0.0013/2/120=	-833.93 	%
   nIT=	5.57 %
   Fmax=	1255.57 	µN
   hmax=	18.29 	µm
   S=	1416.5421 	µN/µm
   F/S²=	0.0006 	µm²/µN
   hc=	17.64 	µm
   hr=	17.40 	µm
   hp=	15.38 	µm
   m=	3.2777 
   Epsilon=	0.73 
   R2=	1.000
   Ap=	54451.06 	µm²
   Welast=	678.09 pJ
   Wplast=	11502.94 pJ
   Wtotal=	12181.04 pJ
   Er=	5379.9 	kPa

Measured values
Time (s)	Pd (µm)	Fn (µN)	FnRef (µN)	SegmentID

0	0	0	5.1661	1
0.05	0.0909	-0.3149	5.1685	1
0.1	0.1803	0.8535	5.1591	1
0.15	0.2665	0.629	5.1541	1
0.2	0.3216	0.4101	5.1639	1
0.25	0.3425	0.3565	5.1667	1
0.3	0.3546	0.695	5.1682	1
0.35	0.3656	0.1165	5.1637	1
0.4	0.3746	0.381	5.1706	1
0.45	0.3824	0.5157	5.1859	1
0.5	0.3904	0.1003	5.1836	1
0.55	0.3959	0.7561	5.1753	1
0.6	0.4026	-0.1529	5.1763	1
0.65	0.4082	0.3649	5.1651	1
0.7	0.4135	0.436	5.145	1
0.75	0.4186	0.0665	5.1586	1
0.8	0.423	0.4686	5.1772	1
0.85	0.4278	0.3255	5.1823	1
0.9	0.432	0.1211	5.1821	1
0.95	0.4365	0.4079	5.1758	1
1	0.4406	0.3129	5.1694	1
1.05	0.4445	0.0661	5.1828	1
1.1	0.4498	0.0988	5.1862	1
1.15	0.4531	0.5196	5.1672	1
1.2	0.457	0.3724	5.1654	1
1.25	0.4619	-0.1601	5.1773	1
1.3	0.4659	0.9684	5.1956	1
1.35	0.4694	0.0688	5.1835	1
1.4	0.4735	0.3385	5.1651	1
1.45	0.4772	0.7234	5.1778	1
1.5	0.4813	-0.0153	5.1722	1
1.55	0.4863	0.4641	5.1645	1
1.6	0.49	0.7136	5.171	1
1.65	0.4947	-0.1189	5.1614	1
1.7	0.4993	0.7903	5.1591	1
1.75	0.5035	0.1473	5.1679	1
1.8	0.5082	0.6421	5.1663	1
1.85	0.513	0.303	5.1735	1
1.9	0.5173	0.774	5.1748	1
1.95	0.5216	0.7631	5.187	1
2	0.5268	0.1305	5.1881	1
2.05	0.532	0.7804	5.1756	1
2.1	0.5363	0.8997	5.1702	1
2.15	0.5413	0.3128	5.1713	1
2.2	0.5472	0.589	5.1789	1
2.25	0.5516	0.8822	5.1795	1
2.3	0.5566	0.7483	5.1736	1
2.35	0.5624	0.3549	5.1778	1
2.4	0.5676	1.3129	5.1745	1
2.45	0.5727	0.4955	5.182	1
2.5	0.5792	0.739	5.1795	1
2.55	0.5845	1.1544	5.1716	1
2.6	0.5898	0.8054	5.1724	1
2.65	0.5957	1.0235	5.1681	1
2.7	0.6017	0.79	5.1728	1
2.75	0.6081	1.0548	5.1692	1
2.8	0.6141	1.099	5.1635	1
2.85	0.6207	0.6226	5.1671	1
2.9	0.6273	1.2751	5.1725	1
2.95	0.6336	0.9842	5.1792	1
3	0.6402	0.8898	5.1943	1
3.05	0.6467	1.5534	5.1968	1
3.1	0.6527	1.1362	5.1922	1
3.15	0.6606	0.9926	5.1639	1
3.2	0.6677	1.4514	5.1598	1
3.25	0.674	1.5412	5.1754	1
3.3	0.6819	0.8624	5.1752	1
3.35	0.6891	1.6092	5.1588	1
3.4	0.6959	1.6084	5.1453	1
3.45	0.7043	0.9115	5.153	1
3.5	0.7116	1.8413	5.1821	1
3.55	0.7184	1.7459	5.191	1
3.6	0.7261	1.4039	5.1752	1
3.65	0.7341	1.7652	5.1608	1
3.7	0.7421	1.5785	5.1638	1
3.75	0.7497	1.9574	5.1732	1
3.8	0.7578	1.5737	5.1713	1
3.85	0.7662	1.905	5.1701	1
3.9	0.7737	1.9778	5.1593	1
3.95	0.7826	1.4616	5.1532	1
4	0.7909	2.2509	5.17	1
4.05	0.7998	1.682	5.1683	1
4.1	0.8087	1.8737	5.1378	1
4.15	0.8167	2.2928	5.1247	1
4.2	0.826	1.6223	5.1279	1
4.25	0.8351	2.2253	5.1435	1
4.3	0.8441	2.1321	5.1575	1
4.35	0.8536	1.8188	5.1621	1
4.4	0.8626	2.5669	5.1601	1
4.45	0.8719	1.7402	5.1448	1
4.5	0.8826	2.125	5.1491	1
4.55	0.8915	2.6128	5.1407	1
4.6	0.9019	1.6256	5.1481	1
4.65	0.9131	2.4277	5.1571	1
4.7	0.9221	2.5604	5.143	1
4.75	0.9334	1.6527	5.1325	1
4.8	0.9442	2.6355	5.1292	1
4.85	0.9541	2.4454	5.1241	1
4.9	0.9651	2.1796	5.1457	1
4.95	0.9768	2.2721	5.1665	1
5	0.9876	2.7866	5.1513	1
5.05	0.9988	2.1096	5.137	1
5.1	1.0109	2.2959	5.1394	1
5.15	1.0224	3.1132	5.1518	1
5.2	1.0332	2.1996	5.1473	1
5.25	1.0462	2.4548	5.1697	1
5.3	1.0568	3.2268	5.1746	1
5.35	1.068	2.8865	5.1584	1
5.4	1.0813	2.0493	5.1546	1
5.45	1.0934	3.5559	5.1584	1
5.5	1.1037	3.2185	5.1651	1
5.55	1.1171	2.4545	5.1613	1
5.6	1.1298	3.289	5.168	1
5.65	1.1406	3.5797	5.1614	1
5.7	1.1531	2.8472	5.1523	1
5.75	1.1663	3.2655	5.1549	1
5.8	1.1779	3.5954	5.1533	1
5.85	1.1908	3.2147	5.15	1
5.9	1.2032	3.4208	5.1568	1
5.95	1.2161	3.5468	5.1588	1
6	1.2288	3.578	5.1504	1
6.05	1.2414	3.6642	5.1578	1
6.1	1.2542	3.7672	5.1471	1
6.15	1.2671	3.8087	5.1524	1
6.2	1.28	4.006	5.1613	1
6.25	1.2933	3.6522	5.1511	1
6.3	1.3056	4.5326	5.1489	1
6.35	1.3186	3.6318	5.1237	1
6.4	1.3321	4.167	5.1268	1
6.45	1.3447	4.4002	5.1368	1
6.5	1.3578	4.2719	5.1327	1
6.55	1.3714	4.1718	5.1308	1
6.6	1.3848	4.4821	5.1245	1
6.65	1.3978	4.7757	5.1223	1
6.7	1.4119	4.1928	5.1381	1
6.75	1.4249	4.9117	5.1569	1
6.8	1.438	4.8395	5.1478	1
6.85	1.4518	4.6909	5.141	1
6.9	1.4652	5.0163	5.1386	1
6.95	1.478	5.1317	5.1364	1
7	1.4915	4.9278	5.1357	1
7.05	1.5054	5.3856	5.1616	1
7.1	1.5188	5.1212	5.1617	1
7.15	1.5323	5.3679	5.1502	1
7.2	1.546	5.3857	5.1499	1
7.25	1.5594	5.4628	5.1437	1
7.3	1.573	5.6594	5.1472	1
7.35	1.5866	5.4615	5.148	1
7.4	1.6002	6.0477	5.1508	1
7.45	1.6139	5.6158	5.1485	1
7.5	1.6273	5.9463	5.1486	1
7.55	1.6406	5.9769	5.1524	1
7.6	1.6533	6.3743	5.1536	1
7.65	1.667	6.0696	5.1575	1
7.7	1.6807	6.3237	5.1629	1
7.75	1.6946	6.4149	5.1674	1
7.8	1.7079	6.4751	5.1712	1
7.85	1.7216	6.5561	5.1534	1
7.9	1.7351	6.8324	5.1432	1
7.95	1.7483	6.7196	5.1454	1
8	1.7617	6.871	5.1655	1
8.05	1.7757	6.7757	5.1781	1
8.1	1.7889	7.2376	5.1698	1
8.15	1.8025	6.9395	5.1572	1
8.2	1.8156	7.2118	5.1538	1
8.25	1.8283	7.6656	5.1558	1
8.3	1.8423	6.8891	5.1568	1
8.35	1.8562	7.6237	5.1622	1
8.4	1.869	7.6801	5.1765	1
8.45	1.8827	7.4681	5.1797	1
8.5	1.8967	7.5326	5.1668	1
8.55	1.9095	8.4036	5.1777	1
8.6	1.9224	7.6408	5.1735	1
8.65	1.9363	7.9342	5.1799	1
8.7	1.95	7.9795	5.1786	1
8.75	1.9631	8.301	5.1701	1
8.8	1.9772	8.0214	5.1706	1
8.85	1.99	8.6833	5.1701	1
8.9	2.0029	8.4805	5.1766	1
8.95	2.0161	8.5343	5.1739	1
9	2.029	8.6664	5.1699	1
9.05	2.0421	8.7631	5.1697	1
9.1	2.0554	8.6985	5.1535	1
9.15	2.0683	9.1335	5.163	1
9.2	2.0813	9.0064	5.1855	1
9.25	2.0943	9.2669	5.1785	1
9.3	2.1075	9.2413	5.1809	1
9.35	2.1207	9.2902	5.1615	1
9.4	2.1334	9.7328	5.1426	1
9.45	2.1468	9.2777	5.1611	1
9.5	2.1594	10.0879	5.1617	1
9.55	2.1718	9.9515	5.1492	1
9.6	2.1846	9.489	5.1394	1
9.65	2.1971	10.4655	5.1425	1
9.7	2.2089	10.0535	5.1545	1
9.75	2.2214	10.3677	5.166	1
9.8	2.2342	10.3282	5.1643	1
9.85	2.2456	10.8107	5.1746	1
9.9	2.2581	10.4318	5.1645	1
9.95	2.2703	10.7753	5.1735	1
10	2.2818	11.1485	5.1635	1
10.05	2.2941	10.7362	5.1567	1
10.1	2.3057	11.2505	5.1605	1
10.15	2.3168	11.6164	5.1631	1
10.2	2.3285	10.8937	5.1712	1
10.25	2.3404	11.6083	5.1735	1
10.3	2.3515	11.6298	5.1689	1
10.35	2.3623	11.8731	5.1746	1
10.4	2.3744	11.5548	5.1705	1
10.45	2.3853	12.1344	5.1746	1
10.5	2.3963	12.2821	5.1877	1
10.55	2.4077	11.5721	5.1834	1
10.6	2.4189	12.7246	5.1877	1
10.65	2.4284	12.5767	5.1785	1
10.7	2.4392	12.3752	5.1627	1
10.75	2.4503	12.5201	5.1592	1
10.8	2.4609	12.8843	5.1588	1
10.85	2.4715	12.8501	5.1721	1
10.9	2.4825	12.8137	5.1755	1
10.95	2.493	13.16	5.1774	1
11	2.5029	13.1922	5.1712	1
11.05	2.5133	13.1336	5.1607	1
11.1	2.5235	13.41	5.1754	1
11.15	2.5335	13.5906	5.171	1
11.2	2.5438	13.369	5.1603	1
11.25	2.554	13.9075	5.1588	1
11.3	2.564	13.6911	5.1548	1
11.35	2.5737	13.9767	5.1696	1
11.4	2.5834	14.0434	5.1887	1
11.45	2.5931	14.0625	5.1888	1
11.5	2.6029	14.2274	5.1766	1
11.55	2.612	14.5502	5.1848	1
11.6	2.6219	14.0263	5.197	1
11.65	2.6317	14.6733	5.1963	1
11.7	2.6404	14.8272	5.1821	1
11.75	2.6497	14.5402	5.1787	1
11.8	2.6598	14.7873	5.1689	1
11.85	2.6689	15.1155	5.1764	1
11.9	2.678	15.0264	5.2083	1
11.95	2.6871	15.1292	5.2097	2
12	2.6966	15.2502	5.1989	2
12.05	2.7053	15.4979	5.1889	2
12.1	2.7142	15.3421	5.1819	2
12.15	2.7235	15.6859	5.1829	2
12.2	2.7316	15.8708	5.1843	2
12.25	2.7403	15.4858	5.1797	2
12.3	2.7489	15.8115	5.1812	2
12.35	2.7567	16.1945	5.1823	2
12.4	2.7647	15.9918	5.1895	2
12.45	2.7728	16.0797	5.1762	2
12.5	2.7799	16.3253	5.1764	2
12.55	2.7869	16.3733	5.171	2
12.6	2.794	16.2209	5.1685	2
12.65	2.8013	16.4008	5.1841	2
12.7	2.8077	16.5533	5.1778	2
12.75	2.8142	16.593	5.1774	2
12.8	2.8205	16.7138	5.1772	2
12.85	2.827	16.5315	5.1804	2
12.9	2.8328	17.0985	5.1919	2
12.95	2.8382	16.8909	5.1796	2
13	2.8444	16.6933	5.1676	2
13.05	2.8501	16.9139	5.161	2
13.1	2.8553	16.9953	5.1569	2
13.15	2.8611	16.8943	5.1701	2
13.2	2.8658	17.2367	5.1547	2
13.25	2.8709	17.1079	5.1543	2
13.3	2.8754	17.4659	5.1526	2
13.35	2.8799	17.184	5.1529	2
13.4	2.885	17.1399	5.1713	2
13.45	2.8893	17.7366	5.1819	2
13.5	2.8938	16.9584	5.1796	2
13.55	2.8985	17.4813	5.1799	2
13.6	2.902	17.8236	5.1741	2
13.65	2.906	17.3691	5.1857	2
13.7	2.9102	17.4744	5.2031	2
13.75	2.9139	17.6615	5.1872	2
13.8	2.9171	17.7248	5.1799	2
13.85	2.9208	17.5723	5.17	2
13.9	2.9245	17.6948	5.1549	2
13.95	2.9277	17.707	5.1521	3
14	2.9308	17.8756	5.1515	3
14.05	2.9341	17.5045	5.1668	3
14.1	2.9375	17.8777	5.1714	3
14.15	2.9405	17.7353	5.1687	3
14.2	2.9437	17.86	5.1595	3
14.25	2.9463	17.8	5.1534	3
14.3	2.949	17.802	5.1664	3
14.35	2.9512	17.8376	5.1651	3
14.4	2.9533	17.7188	5.1633	3
14.45	2.9557	17.793	5.1904	3
14.5	2.9572	17.8326	5.1984	3
14.55	2.9589	17.766	5.1777	3
14.6	2.9603	17.78	5.1581	3
14.65	2.9612	17.9902	5.1516	3
14.7	2.9624	17.5019	5.1689	3
14.75	2.9635	18.0778	5.1675	3
14.8	2.9631	17.797	5.1605	3
14.85	2.9635	17.6078	5.1657	3
14.9	2.9635	17.6618	5.1698	3
14.95	2.9639	17.7369	5.1539	3
15	2.9642	17.5516	5.1521	3
15.05	2.9642	17.6482	5.1666	3
15.1	2.9637	17.453	5.183	3
15.15	2.9634	17.7221	5.1804	3
15.2	2.9625	17.4333	5.1765	3
15.25	2.962	17.4466	5.1751	3
15.3	2.9618	17.1689	5.1746	3
15.35	2.9607	17.5971	5.1673	3
15.4	2.9594	17.2567	5.1541	3
15.45	2.9588	17.2663	5.1396	3
15.5	2.9572	17.4167	5.1483	3
15.55	2.9559	17.1431	5.1536	3
15.6	2.9546	17.1511	5.1627	3
15.65	2.9529	17.1928	5.1545	3
15.7	2.9511	16.9064	5.1513	3
15.75	2.9498	16.9429	5.1352	3
15.8	2.948	17.0559	5.1407	3
15.85	2.9461	16.7954	5.1515	3
15.9	2.9445	16.7968	5.1538	3
15.95	2.943	16.6679	5.1633	3
16	2.9405	16.9829	5.145	3
16.05	2.9391	16.2816	5.1287	3
16.1	2.9374	16.5244	5.1426	3
16.15	2.9351	16.5814	5.1473	3
16.2	2.9324	16.5012	5.1459	3
16.25	2.9309	16.0279	5.139	3
16.3	2.9281	16.6618	5.1393	3
16.35	2.9258	15.9358	5.1308	3
16.4	2.9234	16.3612	5.1094	3
16.45	2.9208	15.9862	5.0988	3
16.5	2.9182	16.05	5.085	3
16.55	2.9155	16.0517	5.1043	3
16.6	2.9129	15.8672	5.1465	3
16.65	2.9101	16.0404	5.1755	3
16.7	2.9066	15.8201	5.1799	3
16.75	2.9035	15.7315	5.1573	3
16.8	2.9003	15.8941	5.1428	3
16.85	2.8976	15.3628	5.1444	3
16.9	2.8943	16.0081	5.1365	3
16.95	2.8912	15.0639	5.1424	3
17	2.8887	15.6733	5.1461	3
17.05	2.8843	15.6479	5.1321	3
17.1	2.8811	15.1004	5.1317	3
17.15	2.8778	15.3823	5.1456	3
17.2	2.8739	15.4348	5.1508	3
17.25	2.8705	14.7757	5.145	3
17.3	2.8674	15.2012	5.1558	3
17.35	2.8634	15.0315	5.1684	3
17.4	2.8594	15.2053	5.1648	3
17.45	2.8556	14.7412	5.171	3
17.5	2.8515	15.1745	5.1712	3
17.55	2.8471	14.8956	5.1879	3
17.6	2.8433	14.6279	5.1902	3
17.65	2.8391	14.8898	5.1722	3
17.7	2.8347	14.6239	5.1595	3
17.75	2.8305	14.4785	5.1634	3
17.8	2.8264	14.5865	5.1696	3
17.85	2.8212	14.7666	5.1716	3
17.9	2.8169	14.2422	5.1666	3
17.95	2.8126	14.5089	5.1724	3
18	2.8079	14.4114	5.1749	3
18.05	2.803	14.3479	5.1859	3
18.1	2.7985	13.7933	5.1836	3
18.15	2.7938	14.3657	5.1717	3
18.2	2.7887	14.0717	5.1554	3
18.25	2.784	14.0504	5.1577	3
18.3	2.7791	13.8184	5.1688	3
18.35	2.7734	14.3344	5.1644	3
18.4	2.7684	13.6268	5.1663	3
18.45	2.7637	13.8708	5.1513	3
18.5	2.7585	13.6083	5.1359	3
18.55	2.753	13.7655	5.1441	3
18.6	2.7473	13.6619	5.1698	3
18.65	2.7421	13.3986	5.1679	3
18.7	2.7363	13.6358	5.1487	3
18.75	2.7306	13.5122	5.1401	3
18.8	2.7254	13.2739	5.1497	3
18.85	2.7194	13.4621	5.157	3
18.9	2.7135	13.5059	5.1572	3
18.95	2.7083	12.8918	5.1513	3
19	2.7026	13.3393	5.1514	3
19.05	2.6964	13.14	5.1508	3
19.1	2.6909	12.723	5.1587	3
19.15	2.6847	13.0667	5.1551	3
19.2	2.6785	12.8377	5.1585	3
19.25	2.6722	12.8445	5.1807	3
19.3	2.6669	12.553	5.1792	3
19.35	2.6603	12.8216	5.1603	3
19.4	2.6538	12.6815	5.1462	3
19.45	2.6481	12.1527	5.1362	3
19.5	2.6424	12.5511	5.1511	3
19.55	2.636	12.6158	5.1667	3
19.6	2.63	11.9355	5.1584	3
19.65	2.6238	12.4435	5.1345	3
19.7	2.6173	11.9609	5.1171	3
19.75	2.6113	12.0223	5.1252	3
19.8	2.6045	12.0947	5.129	3
19.85	2.5986	11.7719	5.13	3
19.9	2.5919	11.8483	5.1375	3
19.95	2.5857	11.8513	5.1294	3
20	2.5789	11.7561	5.1269	3
20.05	2.5724	11.6078	5.1318	3
20.1	2.5661	11.5659	5.1346	3
20.15	2.5596	11.4069	5.1326	3
20.2	2.553	11.5552	5.1309	3
20.25	2.5469	10.9102	5.1386	3
20.3	2.5399	11.7319	5.1363	3
20.35	2.5334	10.9109	5.1402	3
20.4	2.5267	11.0998	5.1453	3
20.45	2.52	11.1958	5.1406	3
20.5	2.513	11.0282	5.1518	3
20.55	2.5065	10.8397	5.1694	3
20.6	2.4997	10.9923	5.1747	3
20.65	2.4927	10.6396	5.1541	3
20.7	2.4861	10.6616	5.1424	3
20.75	2.4793	10.5904	5.1681	3
20.8	2.472	10.811	5.1722	3
20.85	2.4648	10.5095	5.1578	3
20.9	2.4576	10.3433	5.1393	3
20.95	2.4507	10.2892	5.1264	3
21	2.4428	10.6249	5.139	3
21.05	2.4365	9.7427	5.1619	3
21.1	2.4294	10.4316	5.1465	3
21.15	2.4224	9.9835	5.1376	3
21.2	2.4153	9.9366	5.1448	3
21.25	2.4083	9.9353	5.1438	3
21.3	2.401	9.785	5.1387	3
21.35	2.3937	9.8023	5.1449	3
21.4	2.3861	9.6934	5.1522	3
21.45	2.3793	9.3413	5.1303	3
21.5	2.3717	9.7074	5.1282	3
21.55	2.3647	9.2736	5.1422	3
21.6	2.3575	9.1392	5.1429	3
21.65	2.3499	9.5829	5.1329	3
21.7	2.3426	8.9438	5.1334	3
21.75	2.3363	8.8993	5.1321	3
21.8	2.3288	9.1578	5.1273	3
21.85	2.3211	9.034	5.1341	3
21.9	2.314	8.4758	5.1322	3
21.95	2.3074	8.7926	5.1366	3
22	2.299	9.0778	5.1403	3
22.05	2.2925	7.9545	5.1429	3
22.1	2.2857	8.7018	5.1543	3
22.15	2.2781	8.4965	5.1461	3
22.2	2.2709	8.1513	5.1521	3
22.25	2.2638	8.2476	5.1508	3
22.3	2.2569	8.1303	5.1548	3
22.35	2.2495	8.1519	5.143	3
22.4	2.242	7.8882	5.1386	3
22.45	2.2346	7.9523	5.1489	3
22.5	2.2272	8.0025	5.1395	3
22.55	2.22	7.489	5.1445	3
22.6	2.2134	7.5662	5.1563	3
22.65	2.2055	7.9133	5.1573	3
22.7	2.1981	7.2376	5.1511	3
22.75	2.1911	7.4131	5.1428	3
22.8	2.1835	7.5667	5.1515	3
22.85	2.1761	7.2005	5.1737	3
22.9	2.1691	7.0581	5.1652	3
22.95	2.1613	7.3605	5.1604	3
23	2.153	7.3659	5.1752	3
23.05	2.1459	6.784	5.1878	3
23.1	2.1383	7.2142	5.1857	3
23.15	2.1305	6.897	5.182	3
23.2	2.1226	6.8763	5.1786	3
23.25	2.1147	6.854	5.1827	3
23.3	2.1071	6.4998	5.1885	3
23.35	2.0994	6.8918	5.1938	3
23.4	2.0904	6.9891	5.1823	3
23.45	2.0829	6.0082	5.1663	3
23.5	2.0752	6.6688	5.1644	3
23.55	2.0668	6.405	5.1621	3
23.6	2.0585	6.4129	5.1561	3
23.65	2.0506	6.1993	5.1511	3
23.7	2.0418	6.2731	5.16	3
23.75	2.035	5.538	5.169	3
23.8	2.0266	6.5427	5.1688	3
23.85	2.018	6.0071	5.1743	3
23.9	2.0099	5.8379	5.1727	3
23.95	2.0012	5.9014	5.1709	3
24	1.9928	6.1921	5.1526	3
24.05	1.9838	5.6325	5.1527	3
24.1	1.9751	5.9947	5.1716	3
24.15	1.9663	5.549	5.1727	3
24.2	1.9578	5.7378	5.1684	3
24.25	1.9487	5.6839	5.1847	3
24.3	1.9393	5.8578	5.1868	3
24.35	1.9304	5.2295	5.1952	3
24.4	1.9226	5.1886	5.1842	3
24.45	1.9128	5.5142	5.1833	3
24.5	1.9046	5.085	5.1774	3
24.55	1.8952	4.9688	5.1675	3
24.6	1.8859	5.8425	5.1665	3
24.65	1.8757	4.6943	5.1548	3
24.7	1.8666	5.1398	5.1587	3
24.75	1.8577	4.9755	5.1644	3
24.8	1.8476	5.1133	5.1628	3
24.85	1.8388	4.67	5.1848	3
24.9	1.8292	4.9477	5.1995	3
24.95	1.8187	4.9444	5.1788	3
25	1.8101	4.3529	5.1758	3
25.05	1.7997	4.968	5.1855	3
25.1	1.7898	4.6927	5.1912	3
25.15	1.78	4.3987	5.1815	3
25.2	1.77	4.6496	5.1892	3
25.25	1.7598	4.581	5.1685	3
25.3	1.7495	4.4013	5.1645	3
25.35	1.7391	4.3726	5.1917	3
25.4	1.7287	4.3409	5.1883	3
25.45	1.7186	4.2577	5.1732	3
25.5	1.7085	3.9834	5.1813	3
25.55	1.6974	4.6263	5.1763	3
25.6	1.6869	3.6113	5.1587	3
25.65	1.6768	4.1173	5.1619	3
25.7	1.6656	4.103	5.1571	3
25.75	1.6551	3.5992	5.1608	3
25.8	1.6446	4.1283	5.164	3
25.85	1.6338	3.5008	5.164	3
25.9	1.6236	3.8174	5.1739	3
25.95	1.6123	3.603	5.1796	4
26	1.6017	3.3298	5.1946	4
26.05	1.5917	3.3212	5.1938	4
26.1	1.5799	3.8293	5.1815	4
26.15	1.5691	3.1897	5.18	4
26.2	1.558	3.34	5.1818	4
26.25	1.5465	3.4748	5.1904	4
26.3	1.5358	2.9509	5.1957	4
26.35	1.5249	3.2199	5.1874	4
26.4	1.5143	3.1803	5.1739	4
26.45	1.5039	2.7746	5.1687	4
26.5	1.4935	3.3559	5.1654	4
26.55	1.4827	2.8584	5.163	4
26.6	1.4732	2.9469	5.1806	4
26.65	1.4627	2.8646	5.1839	4
26.7	1.4522	3.1173	5.1675	4
26.75	1.4419	2.5097	5.169	4
26.8	1.4318	3.131	5.1752	4
26.85	1.4214	2.8702	5.1698	4
26.9	1.412	2.4147	5.1731	4
26.95	1.4021	2.9893	5.1594	4
27	1.3916	2.7292	5.1442	4
27.05	1.3824	2.4915	5.156	4
27.1	1.3728	2.671	5.1515	4
27.15	1.3634	2.6472	5.138	4
27.2	1.3539	2.1839	5.1361	4
27.25	1.3455	2.3569	5.1428	4
27.3	1.3359	2.5827	5.155	4
27.35	1.3268	2.0753	5.1533	4
27.4	1.319	1.9576	5.171	4
27.45	1.3103	2.5767	5.174	4
27.5	1.301	2.1813	5.166	4
27.55	1.2933	1.6748	5.1599	4
27.6	1.2842	2.4177	5.1588	4
27.65	1.2753	2.0848	5.1606	4
27.7	1.2671	2.1239	5.1707	4
27.75	1.2589	1.725	5.1657	4
27.8	1.25	2.6283	5.1576	4
27.85	1.2412	1.7126	5.1388	4
27.9	1.2334	1.768	5.1377	4
27.95	1.2251	2.2948	5.1464	4
28	1.2164	1.8761	5.1457	4
28.05	1.2099	1.1004	5.1403	4
28.1	1.2015	2.7227	5.1468	4
28.15	1.1929	1.3992	5.1549	4
28.2	1.1864	1.4502	5.1422	4
28.25	1.1782	2.2547	5.1489	4
28.3	1.1705	1.3718	5.1682	4
28.35	1.1637	1.4479	5.1618	4
28.4	1.156	1.694	5.1679	4
28.45	1.1484	1.5035	5.1836	4
28.5	1.1413	1.4411	5.1766	4
28.55	1.1341	1.4267	5.1702	4
28.6	1.1274	1.4426	5.173	4
28.65	1.1207	1.2932	5.1707	4
28.7	1.114	1.399	5.1511	4
28.75	1.1072	1.3182	5.1509	4
28.8	1.1005	1.013	5.1644	4
28.85	1.0941	1.2938	5.1581	4
28.9	1.0875	1.2905	5.1443	4
28.95	1.0807	1.3402	5.1521	4
29	1.074	1.038	5.1609	4
29.05	1.0682	1.0954	5.1513	4
29.1	1.0613	1.3397	5.1395	4
29.15	1.055	0.8499	5.1479	4
29.2	1.049	1.1655	5.1453	4
29.25	1.0427	0.9187	5.13	4
29.3	1.0364	1.2356	5.1393	4
29.35	1.0303	0.7611	5.1639	4
29.4	1.0241	1.428	5.1689	4
29.45	1.0184	0.5929	5.1704	4
29.5	1.0122	1.079	5.1851	4
29.55	1.0062	1.1292	5.1781	4
29.6	0.9996	0.8263	5.1721	4
29.65	0.9945	0.9134	5.182	4
29.7	0.9882	1.0728	5.199	4
29.75	0.9819	0.7079	5.1983	4
29.8	0.9765	1.0349	5.1784	4
29.85	0.9699	1.0938	5.1784	4
29.9	0.9648	0.5851	5.1788	4
29.95	0.9598	0.8	5.1782	4
30	0.9529	1.1084	5.1737	4
30.05	0.948	0.4348	5.1849	4
30.1	0.9423	1.0377	5.1906	4
30.15	0.9359	0.7781	5.1876	4
30.2	0.9307	0.7253	5.1783	4
30.25	0.9253	0.6377	5.1854	4
30.3	0.9202	0.5922	5.1836	4
30.35	0.9144	1.0088	5.1842	4
30.4	0.9087	0.4341	5.1877	4
30.45	0.9045	0.4405	5.2002	4
30.5	0.8983	1.1294	5.1849	4
30.55	0.893	0.1411	5.1824	4
30.6	0.8887	0.51	5.1846	4
30.65	0.8826	0.919	5.1635	4
30.7	0.8782	0.1678	5.1637	4
30.75	0.8732	0.6371	5.1722	4
30.8	0.8672	0.6735	5.1844	4
30.85	0.8626	0.2476	5.1784	4
30.9	0.8583	0.4413	5.1652	4
30.95	0.8525	0.9818	5.1765	4
31	0.8473	0.1537	5.1674	4
31.05	0.843	0.3413	5.1621	4
31.1	0.8384	0.4908	5.171	4
31.15	0.8333	0.4981	5.1869	4
31.2	0.8288	0.2263	5.2001	4
31.25	0.8244	0.3281	5.1935	4
31.3	0.8193	0.5665	5.1983	4
31.35	0.8145	0.4148	5.2057	4
31.4	0.8101	0.1023	5.1961	4
31.45	0.8062	0.3095	5.1887	4
31.5	0.8011	0.6079	5.1926	4
31.55	0.7966	-0.0683	5.1894	4
31.6	0.7925	0.4316	5.1947	4
31.65	0.787	0.5847	5.2018	4
31.7	0.7825	-0.0418	5.208	4
31.75	0.7789	0.1244	5.1898	4
31.8	0.7743	0.4023	5.1838	4
31.85	0.7701	0.2084	5.2073	4
31.9	0.7658	-0.1149	5.2105	4
31.95	0.7619	0.263	5.2107	4
32	0.757	0.414	5.2039	4
32.05	0.7536	-0.4253	5.1952	4
32.1	0.75	0.365	5.2143	4
32.15	0.7449	0.267	5.2214	4
32.2	0.7412	-0.1491	5.1902	4
32.25	0.7376	-0.1115	5.1716	4
32.3	0.7328	0.5673	5.1664	4
32.35	0.7293	-0.6329	5.1752	4
32.4	0.7254	0.4355	5.1888	4
32.45	0.7209	-0.1426	5.1773	4
32.5	0.7169	0.2671	5.1723	4
32.55	0.7128	-0.1523	5.177	4
32.6	0.709	0.0537	5.1824	4
32.65	0.7053	-0.0251	5.1723	4
32.7	0.7015	-0.0832	5.1596	4
32.75	0.6977	-0.0993	5.1661	4
32.8	0.6942	-0.0153	5.1733	4
32.85	0.6902	-0.2	5.1809	4
32.9	0.6871	-0.1783	5.1793	4
32.95	0.6829	0.2793	5.1779	4
33	0.6786	-0.1025	5.1792	4
33.05	0.6753	-0.3566	5.1649	4
33.1	0.6714	0.1408	5.1834	4
33.15	0.6678	-0.1569	5.2009	4
33.2	0.665	-0.3864	5.2008	4
33.25	0.6611	-0.163	5.2074	4
33.3	0.6579	-0.0682	5.1946	4
33.35	0.6537	-0.3115	5.1866	4
33.4	0.6505	-0.0461	5.2035	4
33.45	0.6471	-0.3527	5.203	4
33.5	0.6437	0.0235	5.1787	4
33.55	0.6407	-0.433	5.1704	4
33.6	0.6371	0.0859	5.1801	4
33.65	0.6329	-0.0783	5.1691	4
33.7	0.6302	-0.7591	5.1653	4
33.75	0.6267	0.3387	5.1708	4
33.8	0.6225	-0.2964	5.1673	4
33.85	0.6202	-0.5917	5.1671	4
33.9	0.6169	-0.0387	5.162	4
33.95	0.6126	-0.1052	5.1565	4
34	0.6106	-0.773	5.1685	4
34.05	0.6072	0.0336	5.167	4
34.1	0.6034	-0.0391	5.1701	4
34.15	0.6007	-0.9432	5.1809	4
34.2	0.598	0.0601	5.188	4
34.25	0.5943	-0.4733	5.1851	4
34.3	0.5915	-0.3403	5.1749	4
34.35	0.5887	-0.518	5.1697	4
34.4	0.5853	-0.2018	5.1728	4
34.45	0.5826	-0.409	5.1655	4
34.5	0.58	-0.8371	5.17	4
34.55	0.5771	0.0042	5.1765	4
34.6	0.5742	-0.5674	5.1598	4
34.65	0.5721	-0.866	5.1696	4
34.7	0.5692	0.0718	5.1869	4
34.75	0.5659	-0.7746	5.1783	4
34.8	0.5631	-0.3878	5.1815	4
34.85	0.561	-0.7998	5.1742	4
34.9	0.5574	0.0591	5.1575	4
34.95	0.555	-0.833	5.1681	4
35	0.5529	-0.6854	5.1833	4
35.05	0.5493	0.0869	5.1853	4
35.1	0.547	-1.0221	5.1807	4
35.15	0.5449	-0.6196	5.1786	4
35.2	0.5417	-0.0638	5.1782	4
35.25	0.5387	-1.015	5.182	4
35.3	0.537	-0.6126	5.1777	4
35.35	0.5341	-0.366	5.1813	4
35.4	0.5312	-0.7061	5.1865	4
35.45	0.529	-0.419	5.1937	4
35.5	0.526	-0.8093	5.1844	4
35.55	0.5238	-0.3786	5.1916	4
35.6	0.5213	-0.678	5.1989	4
35.65	0.5186	-0.5168	5.1873	4
35.7	0.5164	-0.6844	5.186	4
35.75	0.5131	-0.2166	5.1894	4
35.8	0.5112	-0.9133	5.2037	4
35.85	0.5082	-0.2592	5.2041	4
35.9	0.5057	-0.8071	5.192	4
35.95	0.5038	-0.8061	5.1783	4
36	0.5011	-0.2334	5.1797	4
36.05	0.4986	-0.8087	5.202	4
36.1	0.4969	-0.7711	5.1876	4
36.15	0.4933	-0.0199	5.1843	4
36.2	0.4908	-0.9002	5.2087	4
36.25	0.4885	-0.567	5.2086	4
36.3	0.4855	-0.2512	5.202	4
36.35	0.4825	-0.7633	5.1925	4
36.4	0.4805	-0.6581	5.1802	4
36.45	0.4781	-0.7168	5.1772	4
36.5	0.4751	0.0343	5.1711	4
36.55	0.4723	-0.8881	5.1793	4
36.6	0.4703	-0.527	5.1881	4
36.65	0.4671	-0.2602	5.1744	4
36.7	0.4638	-0.266	5.1835	4
36.75	0.4613	-0.904	5.1868	4
36.8	0.4585	0.0505	5.1894	4
36.85	0.4558	-0.9653	5.2006	4
36.9	0.4537	-0.2804	5.1995	4
36.95	0.4505	-0.3906	5.1973	4
37	0.4473	-0.203	5.1982	4
37.05	0.4451	-1.1382	5.1931	4
37.1	0.4425	0.0066	5.1745	4
37.15	0.4385	-0.2816	5.1684	4
37.2	0.4373	-1.0968	5.1791	4
37.25	0.4346	-0.249	5.1753	4
37.3	0.4315	-0.1	5.1809	4
37.35	0.4289	-1.1914	5.178	4
37.4	0.4273	-0.3813	5.1862	4
37.45	0.4236	-0.358	5.2001	4
37.5	0.421	-0.658	5.1938	4
37.55	0.4192	-0.7332	5.1778	4
37.6	0.4166	-0.5786	5.1758	4
37.65	0.4131	-0.0075	5.1804	4
37.7	0.4119	-1.7443	5.1823	4
37.75	0.4094	-0.0161	5.179	4
37.8	0.4057	-0.1569	5.1875	4
37.85	0.404	-1.7269	5.2004	4
37.9	0.4026	-0.0111	5.2013	4
37.95	0.3984	-0.3803	5.1923	4
38	0.3967	-1.1369	5.1795	4
38.05	0.395	-0.5911	5.1763	4
38.1	0.3912	-0.2863	5.1834	4
38.15	0.3892	-0.776	5.1943	4
38.2	0.3874	-0.9559	5.1966	4
38.25	0.3844	-0.0598	5.1829	4
38.3	0.3817	-0.8983	5.1888	4
38.35	0.3801	-0.7494	5.1918	4
38.4	0.3776	-0.3408	5.1842	4
38.45	0.3747	-0.8885	5.186	4
38.5	0.3728	-0.4391	5.1878	4
38.55	0.3701	-0.7364	5.1783	4
38.6	0.3673	-0.5342	5.1888	4
38.65	0.3653	-0.7224	5.193	4
38.7	0.3621	-0.3949	5.1927	4
38.75	0.3597	-0.6638	5.2011	4
38.8	0.3576	-0.6038	5.2076	4
38.85	0.3553	-0.5486	5.2161	4
38.9	0.3524	-0.386	5.2233	4
38.95	0.3502	-0.8619	5.2162	4
39	0.3472	-0.2961	5.2074	4
39.05	0.345	-0.9113	5.2117	4
39.1	0.3423	-0.1781	5.2417	4
39.15	0.3396	-0.9493	5.2244	4
39.2	0.3377	-0.5353	5.2154	4
39.25	0.3344	-0.4084	5.2306	4
39.3	0.3322	-0.8971	5.2137	4
39.35	0.3297	-0.6385	5.2151	4
39.4	0.3269	-0.387	5.2176	4
39.45	0.3247	-1.0742	5.2136	4
39.5	0.3225	-0.068	5.2128	4
39.55	0.32	-1.1125	5.2077	4
39.6	0.3189	-0.9332	5.2154	4
39.65	0.3158	-0.1578	5.2095	4
39.7	0.3136	-1.1081	5.215	4
39.75	0.3118	-0.7697	5.2267	4
39.8	0.3089	-0.3308	5.2314	4
39.85	0.3064	-1.034	5.2317	4
39.9	0.3054	-1.0786	5.2235	4
39.95	0.3033	-0.7021	5.2275	4
40	0.3011	-0.7799	5.2099	4
40.05	0.2995	-0.9101	5.1976	4
40.1	0.2976	-1.0737	5.2077	4
40.15	0.2955	-0.57	5.2272	4
40.2	0.2934	-1.0187	5.222	4
40.25	0.2924	-1.1375	5.238	4
40.3	0.2903	-0.7067	5.2336	4
40.35	0.288	-0.8112	5.2202	4
40.4	0.287	-1.4262	5.2198	4
40.45	0.2853	-0.5541	5.1944	4
40.5	0.2826	-0.8391	5.1843	4
40.55	0.2819	-1.3742	5.1984	4
40.6	0.2802	-0.7441	5.2187	4
40.65	0.2776	-0.5693	5.2142	4
40.7	0.2766	-1.6614	5.2054	4
40.75	0.2755	-0.993	5.2152	4
40.8	0.2725	-0.1461	5.2114	4
40.85	0.2711	-1.8353	5.2027	4
40.9	0.2705	-0.8242	5.1906	4
40.95	0.268	-0.6878	5.1946	4
41	0.2663	-1.2401	5.1949	4
41.05	0.2663	-1.6208	5.202	4
41.1	0.264	-0.3359	5.2141	4
41.15	0.2622	-1.2925	5.2219	4
41.2	0.2615	-1.3429	5.2171	4
41.25	0.2601	-0.8112	5.2264	4
41.3	0.2582	-1.0396	5.2392	4
41.35	0.2569	-1.3232	5.2383	4
41.4	0.2556	-0.9222	5.2212	4
41.45	0.2542	-1.1961	5.1924	4
41.5	0.2526	-1.0388	5.2002	4
41.55	0.2513	-1.2731	5.2056	4
41.6	0.2504	-1.2388	5.1914	4
41.65	0.248	-0.5023	5.1952	4
41.7	0.2473	-1.8568	5.1998	4
41.75	0.2462	-0.6633	5.2059	4
41.8	0.2441	-1.0897	5.2135	4
41.85	0.2435	-1.417	5.2098	4
41.9	0.2421	-0.8069	5.2183	4
41.95	0.24	-0.9899	5.2099	4
42	0.24	-1.7873	5.2182	4
42.05	0.2381	-0.3776	5.2289	4
42.1	0.2366	-1.6038	5.2253	4
42.15	0.2359	-1.3179	5.2212	4
42.2	0.234	-0.6553	5.2143	4
42.25	0.2326	-1.4015	5.2249	4
42.3	0.2324	-1.5223	5.2195	4
42.35	0.231	-0.7417	5.1935	4
42.4	0.2293	-1.3653	5.2101	4
42.45	0.2289	-1.3438	5.2217	4
42.5	0.2275	-1.0966	5.2029	4
42.55	0.2265	-1.5068	5.2044	4
42.6	0.2254	-1.1127	5.2	4
42.65	0.2243	-1.3638	5.183	4
42.7	0.223	-0.9589	5.1793	4
42.75	0.2226	-1.7028	5.1847	4
42.8	0.2216	-0.9696	5.196	4
42.85	0.2205	-1.5043	5.2011	4
42.9	0.2192	-0.8683	5.1982	4
42.95	0.2186	-1.5151	5.1927	4
43	0.2175	-1.0697	5.1826	4
43.05	0.2166	-1.3867	5.1817	4
43.1	0.2154	-1.2429	5.2019	4
43.15	0.2152	-1.7602	5.2279	4
43.2	0.214	-0.8874	5.222	4
43.25	0.2136	-1.8957	5.1963	4
43.3	0.2123	-0.6419	5.1975	4
43.35	0.2109	-1.7141	5.193	4
43.4	0.2115	-1.7568	5.1854	4
43.45	0.2105	-0.9697	5.1883	4
43.5	0.209	-1.3413	5.1919	4
43.55	0.2093	-2.0275	5.2084	4
43.6	0.2078	-0.5248	5.1971	4
43.65	0.2066	-2.0277	5.1875	4
43.7	0.208	-1.7763	5.1913	4
43.75	0.2064	-0.8153	5.2117	4
43.8	0.2051	-1.5746	5.2207	4
43.85	0.2059	-2.0669	5.2116	4
43.9	0.2054	-0.8791	5.2032	4
43.95	0.204	-1.6033	5.2052	4
44	0.2044	-1.6807	5.197	4
44.05	0.2035	-1.314	5.2101	4
44.1	0.2025	-1.2689	5.2052	4
44.15	0.2027	-2.103	5.1941	4
44.2	0.2017	-0.7739	5.1929	4
44.25	0.2009	-1.8437	5.1945	4
44.3	0.201	-1.4025	5.1997	4
44.35	0.2003	-1.5314	5.2041	4
44.4	0.1993	-1.3529	5.2038	4
44.45	0.1989	-1.6007	5.1972	4
44.5	0.1979	-1.0566	5.193	4
44.55	0.1975	-1.8419	5.2075	4
44.6	0.1973	-1.0496	5.2112	4
44.65	0.1961	-1.5496	5.2089	4
44.7	0.1961	-1.6058	5.2166	4
44.75	0.1952	-1.1581	5.2377	4
44.8	0.194	-1.1785	5.23	4
44.85	0.1938	-2.0203	5.2189	4
44.9	0.1933	-0.883	5.2068	4
44.95	0.1923	-1.9153	5.2019	4
45	0.1925	-1.4487	5.1889	4
45.05	0.1918	-1.523	5.189	4
45.1	0.191	-1.3519	5.1892	4
45.15	0.1903	-1.3678	5.1866	4
45.2	0.1903	-1.9535	5.191	4
45.25	0.19	-1.3208	5.1787	4
45.3	0.1886	-0.9809	5.1743	4
45.35	0.1885	-2.2555	5.1925	4
45.4	0.1898	-1.7857	5.1896	4
45.45	0.1874	-0.4852	5.1869	4
45.5	0.1879	-2.4009	5.1753	4
45.55	0.1881	-1.2975	5.1642	4
45.6	0.1864	-1.0584	5.1667	4
45.65	0.1862	-1.9608	5.1732	4
45.7	0.1864	-1.7625	5.1822	4
45.75	0.1857	-1.2064	5.169	4
45.8	0.1854	-1.6995	5.1704	4
45.85	0.1851	-1.6166	5.176	4
45.9	0.1847	-1.3877	5.1805	4
45.95	0.1838	-1.2813	5.1985	4
46	0.1841	-2.1804	5.1873	4
46.05	0.1834	-1.0905	5.1646	4
46.1	0.1828	-1.646	5.1663	4
46.15	0.1828	-1.5216	5.1704	4
46.2	0.1823	-1.5046	5.1807	4
46.25	0.1821	-1.6193	5.1966	4
46.3	0.1816	-1.4936	5.1901	4
46.35	0.1811	-1.4992	5.1809	4
46.4	0.181	-1.5805	5.1699	4
46.45	0.1802	-1.434	5.1811	4
46.5	0.1804	-1.8954	5.1684	4
46.55	0.1798	-1.0747	5.1729	4
46.6	0.1789	-1.5625	5.194	4
46.65	0.1793	-2.022	5.1882	4
46.7	0.1791	-1.0953	5.1871	4
46.75	0.1779	-1.6931	5.2043	4
46.8	0.1785	-1.6694	5.204	4
46.85	0.1779	-1.4156	5.1959	4
46.9	0.1775	-1.5947	5.1776	4
46.95	0.1771	-1.5033	5.1794	4
47	0.177	-1.7687	5.1881	4
47.05	0.1762	-1.3157	5.188	4
47.1	0.1764	-1.7257	5.2081	4
47.15	0.1756	-1.3591	5.2116	4
47.2	0.1752	-1.5519	5.2004	4
47.25	0.1749	-1.6223	5.2046	4
47.3	0.1747	-1.4263	5.1901	4
47.35	0.1743	-1.7097	5.1812	4
47.4	0.174	-1.2963	5.1848	4
47.45	0.1724	-1.3318	5.1863	4
47.5	0.1729	-2.1266	5.1911	4
47.55	0.1723	-0.984	5.1789	4
47.6	0.1717	-1.8657	5.1844	4
47.65	0.172	-1.4794	5.1873	4
47.7	0.171	-1.1229	5.1817	4
47.75	0.1703	-1.518	5.1854	4
47.8	0.1706	-1.8682	5.2047	4
47.85	0.1695	-0.9239	5.2242	4
47.9	0.1688	-1.8882	5.2065	4
47.95	0.1689	-1.2925	5.1797	4
48	0.1676	-1.4706	5.1776	4
48.05	0.1676	-1.4797	5.1748	4
48.1	0.1672	-1.5434	5.1903	4
48.15	0.1661	-1.0795	5.1977	4
48.2	0.1652	-1.6921	5.1957	4
48.25	0.1656	-1.7042	5.1833	4
48.3	0.1648	-1.1817	5.189	4
48.35	0.1641	-1.3533	5.1876	4
48.4	0.1642	-1.9832	5.1814	4
48.45	0.1637	-1.0343	5.1704	4
48.5	0.1624	-1.7943	5.1737	4
48.55	0.1627	-1.596	5.1874	4
48.6	0.1618	-1.3258	5.1931	4
48.65	0.1617	-1.6718	5.2105	4
48.7	0.1613	-1.3946	5.197	4
48.75	0.1605	-1.4027	5.1969	4
48.8	0.1603	-1.7397	5.1816	4
48.85	0.1606	-1.7088	5.1528	4
48.9	0.16	-1.5686	5.1636	4
48.95	0.1599	-1.3905	5.1656	4
49	0.1594	-1.5463	5.1914	4
49.05	0.1594	-1.7801	5.2019	4
49.1	0.1581	-0.9718	5.1958	4
49.15	0.158	-2.0872	5.1985	4
49.2	0.1583	-1.4497	5.1826	4
49.25	0.1575	-1.3587	5.1672	4
49.3	0.1566	-1.5597	5.1714	4
49.35	0.1565	-1.6789	5.1749	4
49.4	0.1561	-1.4653	5.1876	4
49.45	0.1564	-1.7376	5.1908	4
49.5	0.1561	-1.4382	5.1951	4
49.55	0.1566	-1.9989	5.196	4
49.6	0.1559	-1.1864	5.1878	4
49.65	0.1553	-1.71	5.1976	4
49.7	0.1554	-1.6056	5.2041	4
49.75	0.1545	-1.1892	5.1934	4
49.8	0.1539	-1.5918	5.1923	4
49.85	0.154	-1.6533	5.1875	4
49.9	0.1532	-1.4019	5.1826	4
49.95	0.1533	-1.7749	5.1883	4
50	0.1531	-1.4229	5.1947	4
50.05	0.1529	-1.7202	5.1851	4
50.1	0.1525	-1.5338	5.1691	4
50.15	0.1521	-1.5203	5.1795	4
50.2	0.1517	-1.6356	5.1879	4
50.25	0.1519	-1.6184	5.1851	4
50.3	0.1516	-1.4104	5.1946	4
50.35	0.1513	-1.7872	5.2013	4
50.4	0.1517	-1.5336	5.1965	4
50.45	0.1509	-1.6293	5.1937	4
50.5	0.1508	-1.5451	5.1873	4
50.55	0.1508	-1.8318	5.1817	4
50.6	0.1502	-1.1509	5.1848	4
50.65	0.1499	-2.0502	5.1823	4
50.7	0.1505	-1.5534	5.1735	4
50.75	0.1497	-1.3842	5.1782	4
50.8	0.1494	-1.5827	5.1967	4
50.85	0.149	-1.5496	5.188	4
50.9	0.1487	-1.6945	5.1852	4
50.95	0.1485	-1.4268	5.1981	4
51	0.1485	-1.8371	5.1886	4
51.05	0.1483	-1.4752	5.1817	4
51.1	0.1484	-1.6513	5.1787	4
51.15	0.1478	-1.629	5.2004	4
51.2	0.1482	-1.9652	5.2024	4
51.25	0.1477	-1.1041	5.1915	4
51.3	0.1477	-1.9269	5.1897	4
51.35	0.1486	-1.8124	5.1942	4
51.4	0.1477	-1.2111	5.2061	4
51.45	0.1475	-1.9745	5.2136	4
51.5	0.1489	-2.1487	5.203	4
51.55	0.1481	-1.2452	5.1918	4
51.6	0.1478	-1.8591	5.179	4
51.65	0.1481	-1.8492	5.1708	4
51.7	0.149	-1.7966	5.185	4
51.75	0.1483	-1.5372	5.1908	4
51.8	0.149	-2.0168	5.1873	4
51.85	0.1493	-1.8561	5.1828	4
51.9	0.1495	-1.5878	5.19	4
51.95	0.1491	-1.9069	5.2069	4
52	0.1501	-2.0342	5.1978	4
52.05	0.1503	-1.492	5.1928	4
52.1	0.1498	-1.5401	5.1715	4
52.15	0.1505	-2.1723	5.176	4
52.2	0.1505	-1.5446	5.1881	4
52.25	0.1502	-1.8332	5.1908	4
52.3	0.1509	-2.0177	5.2045	4
52.35	0.1513	-1.8797	5.2124	4
52.4	0.152	-1.7859	5.2072	4
52.45	0.1519	-1.7125	5.2178	4
52.5	0.1528	-2.1328	5.2162	4
52.55	0.1526	-1.4908	5.1945	4
52.6	0.1525	-1.7931	5.1993	4
52.65	0.1529	-2.1477	5.1943	4
52.7	0.1536	-1.7477	5.1977	4
52.75	0.1541	-1.9266	5.194	4
52.8	0.1545	-1.8958	5.1966	4
52.85	0.1554	-1.9162	5.2047	4
52.9	0.1559	-2.0222	5.1994	4
52.95	0.156	-1.5702	5.1966	4
53	0.1568	-2.4392	5.1999	4
53.05	0.1579	-1.8668	5.1895	4
53.1	0.1576	-1.6473	5.1894	4
53.15	0.1587	-2.6754	5.1918	4
53.2	0.16	-1.6818	5.2078	4
53.25	0.1599	-1.9563	5.1992	4
53.3	0.1612	-2.2891	5.1797	4
53.35	0.1623	-2.0028	5.1795	4
53.4	0.1627	-2.0696	5.1768	4
53.45	0.1637	-2.0453	5.1766	4
53.5	0.1646	-2.233	5.1758	4
53.55	0.165	-1.8006	5.1745	4
53.6	0.1662	-2.3599	5.1898	4
53.65	0.1672	-1.8963	5.1836	4
53.7	0.1674	-1.8621	5.1861	4
53.75	0.1683	-2.3705	5.1985	4
53.8	0.1697	-2.1649	5.1789	4
53.85	0.1702	-1.6716	5.1665	4
53.9	0.1712	-2.2705	5.1751	4
53.95	0.1723	-2.0734	5.1804	4
54	0.1727	-1.7407	5.1968	4
54.05	0.173	-1.9654	5.1976	4
54.1	0.1745	-2.2316	5.1912	4
54.15	0.1748	-1.675	5.1819	4
54.2	0.1752	-2.0053	5.1991	4
54.25	0.1762	-2.2161	5.2055	4
54.3	0.1766	-1.7336	5.2028	4
54.35	0.1763	-1.814	5.212	4
54.4	0.1773	-2.1011	5.2051	4
54.45	0.178	-1.9434	5.2091	4
54.5	0.1781	-1.8676	5.2162	4
54.55	0.1792	-2.0268	5.2275	4
54.6	0.1796	-1.9111	5.2346	4
54.65	0.1805	-1.9	5.2176	4
54.7	0.1811	-1.9078	5.1939	4
54.75	0.1809	-1.7323	5.1999	4
54.8	0.1813	-1.9461	5.2018	4
54.85	0.1816	-2.0055	5.1987	4
54.9	0.1828	-2.0038	5.1994	4
54.95	0.183	-1.6226	5.1942	4
55	0.1833	-1.9163	5.1916	4
55.05	0.184	-1.8887	5.1947	4
55.1	0.1834	-1.6086	5.1973	4
55.15	0.1839	-1.9735	5.2049	4
55.2	0.1846	-2.0378	5.191	4
55.25	0.1846	-1.4362	5.1852	4
55.3	0.1856	-2.2766	5.1909	4
55.35	0.1854	-1.3604	5.195	4
55.4	0.1852	-1.8017	5.1883	4
55.45	0.1858	-2.0949	5.1896	4
55.5	0.1859	-1.4638	5.2011	4
55.55	0.1858	-1.7215	5.2031	4
55.6	0.1859	-1.8457	5.1865	4
55.65	0.1866	-1.8541	5.1856	4
55.7	0.1861	-1.2619	5.1723	4
55.75	0.1857	-2.0022	5.1791	4
55.8	0.187	-2.0653	5.1909	4
55.85	0.1861	-1.0097	5.1881	4
55.9	0.1857	-1.897	5.1927	4
55.95	0.1869	-2.0737	5.1845	4
56	0.1861	-1.1137	5.1859	4
56.05	0.1856	-1.7033	5.2153	4
56.1	0.1866	-2.214	5.2109	4
56.15	0.1861	-1.0365	5.2096	4
56.2	0.1854	-1.8082	5.2049	4
56.25	0.1863	-2.0419	5.2147	4
56.3	0.1868	-1.4385	5.2236	4
56.35	0.186	-1.5707	5.2055	4
56.4	0.1863	-1.7105	5.208	4
56.45	0.1865	-1.7951	5.2087	4
56.5	0.186	-1.6078	5.2045	4
56.55	0.1856	-1.5096	5.2073	4
56.6	0.1864	-2.1164	5.2094	4
56.65	0.1863	-1.4565	5.2262	4
56.7	0.1863	-1.6073	5.2263	4
56.75	0.1864	-1.9089	5.2301	4
56.8	0.1866	-1.5257	5.2306	4
56.85	0.1857	-1.5428	5.2098	4
56.9	0.186	-1.9929	5.2049	4
56.95	0.1866	-1.7113	5.2	4
57	0.1865	-1.5688	5.2196	4
57.05	0.1862	-1.7106	5.231	4
57.1	0.1871	-2.2689	5.1981	4
57.15	0.1869	-1.1362	5.1952	4
57.2	0.1867	-1.8611	5.1988	4
57.25	0.1874	-2.078	5.1965	4
57.3	0.1874	-1.5542	5.1912	4
57.35	0.1874	-1.8155	5.193	4
57.4	0.1877	-2.0165	5.2023	4
57.45	0.1889	-1.7645	5.2151	4
57.5	0.1884	-1.5777	5.2121	4
57.55	0.1889	-1.8633	5.212	4
57.6	0.1894	-2.054	5.1944	4
57.65	0.1894	-1.5024	5.1869	4
57.7	0.1892	-1.8177	5.209	4
57.75	0.1902	-2.262	5.1982	4
57.8	0.1903	-1.5447	5.1947	4
57.85	0.1904	-1.864	5.1939	4
57.9	0.1912	-1.992	5.2108	4
57.95	0.1923	-2.1468	5.2007	4
58	0.1921	-1.1421	5.177	4
58.05	0.1927	-2.5769	5.1749	4
58.1	0.1934	-1.7617	5.1669	4
58.15	0.1938	-1.9091	5.1756	4
58.2	0.194	-1.8245	5.1984	4
58.25	0.1948	-1.9182	5.2089	4
58.3	0.1954	-1.9123	5.2062	4
58.35	0.1961	-2.012	5.1861	4
58.4	0.1965	-1.7628	5.1876	4
58.45	0.1969	-2.112	5.2095	4
58.5	0.1977	-1.8772	5.2122	4
58.55	0.1979	-1.9217	5.2162	4
58.6	0.1983	-1.9673	5.201	4
58.65	0.199	-2.0516	5.1898	4
58.7	0.1999	-1.9172	5.2039	4
58.75	0.2003	-1.92	5.2092	4
58.8	0.2007	-1.9394	5.1979	4
58.85	0.2017	-2.1312	5.2044	4
58.9	0.2016	-1.6994	5.2006	4
58.95	0.203	-2.5442	5.1933	4
59	0.2037	-1.776	5.2066	4
59.05	0.2041	-1.9608	5.21	4
59.1	0.2055	-2.2074	5.201	4
59.15	0.2061	-1.9173	5.1945	4
59.2	0.2069	-2.209	5.2055	4
59.25	0.2077	-1.9561	5.2026	4
59.3	0.2085	-2.0852	5.2153	4
59.35	0.2093	-2.0227	5.2225	4
59.4	0.2101	-1.9609	5.2066	4
59.45	0.211	-2.1837	5.2131	4
59.5	0.2119	-2.0759	5.2092	4
59.55	0.2131	-2.1863	5.2096	4
59.6	0.2136	-1.9065	5.2142	4
59.65	0.2143	-2.041	5.2145	4
59.7	0.2157	-2.4276	5.2137	4
59.75	0.2166	-1.8862	5.2005	4
59.8	0.217	-2.0214	5.206	4
59.85	0.218	-2.166	5.2051	4
59.9	0.2187	-1.8945	5.1881	4
59.95	0.2191	-2.0519	5.2105	4
60	0.2201	-2.1981	5.2262	4
60.05	0.2208	-1.9663	5.2286	4
60.1	0.2219	-2.0521	5.2201	4
60.15	0.2225	-2.121	5.2065	4
60.2	0.2237	-2.0543	5.2083	4
60.25	0.2243	-2.0867	5.2259	4
60.3	0.2246	-1.6826	5.2207	4
60.35	0.2256	-2.4153	5.2347	4
60.4	0.227	-1.9523	5.2308	4
60.45	0.2269	-1.6441	5.2381	4
60.5	0.2281	-2.4129	5.2357	4
60.55	0.2287	-1.8829	5.2281	4
60.6	0.2294	-1.8662	5.2306	4
60.65	0.2299	-2.2816	5.2309	4
60.7	0.2312	-1.9282	5.2194	4
60.75	0.2312	-1.6711	5.2269	4
60.8	0.2319	-2.1473	5.2011	4
60.85	0.2333	-2.2865	5.2004	4
60.9	0.234	-1.8061	5.2156	4
60.95	0.2345	-2.0216	5.2121	4
61	0.2356	-2.3116	5.214	4
61.05	0.2358	-1.6148	5.1909	4
61.1	0.2364	-2.2326	5.1795	4
61.15	0.2372	-2.1357	5.1905	4
61.2	0.2383	-2.0206	5.1869	4
61.25	0.2385	-1.6736	5.1811	4
61.3	0.2395	-2.2762	5.1787	4
61.35	0.2402	-1.9858	5.1916	4
61.4	0.2406	-1.8617	5.2105	4
61.45	0.2413	-2.062	5.209	4
61.5	0.2426	-2.2459	5.2026	4
61.55	0.2432	-1.6302	5.2057	4
61.6	0.2438	-2.2234	5.2027	4
61.65	0.2455	-2.1556	5.2084	4
61.7	0.2453	-1.6242	5.194	4
61.75	0.2456	-1.9101	5.1914	4
61.8	0.2464	-2.1524	5.2107	4
61.85	0.2473	-1.9137	5.2216	4
61.9	0.2477	-2.0261	5.2159	4
61.95	0.2487	-2.1694	5.2127	4
62	0.2494	-1.8656	5.2259	4
62.05	0.25	-2.1131	5.2243	4
62.1	0.2501	-1.7035	5.2108	4
62.15	0.2513	-2.5969	5.1909	4
62.2	0.2525	-1.8053	5.1791	4
62.25	0.2529	-1.8942	5.1995	4
62.3	0.2534	-1.8538	5.1992	4
62.35	0.2549	-2.3866	5.2088	4
62.4	0.2556	-1.8391	5.2152	4
62.45	0.2561	-2.1581	5.1998	4
62.5	0.257	-2.2246	5.2076	4
62.55	0.258	-1.7982	5.2253	4
62.6	0.2589	-2.3961	5.2193	4
62.65	0.2598	-1.7287	5.1984	4
62.7	0.261	-2.555	5.2022	4
62.75	0.2617	-1.7665	5.2309	4
62.8	0.2627	-2.1362	5.2357	4
62.85	0.2635	-2.1863	5.2246	4
62.9	0.2645	-2.0316	5.2143	4
62.95	0.2652	-2.0261	5.2088	4
63	0.2664	-2.4814	5.2141	4
63.05	0.2679	-2.0676	5.2251	4
63.1	0.2684	-1.9525	5.2268	4
63.15	0.269	-1.9465	5.2318	4
63.2	0.27	-2.487	5.2208	4
63.25	0.2709	-1.8176	5.2157	4
63.3	0.2713	-2.2456	5.223	4
63.35	0.273	-2.2654	5.2172	4
63.4	0.2744	-2.3796	5.2116	4
63.45	0.2751	-1.7903	5.2044	4
63.5	0.2756	-2.1253	5.1992	4
63.55	0.2766	-2.1908	5.2324	4
63.6	0.2782	-2.2096	5.2393	4
63.65	0.2786	-1.7487	5.2305	4
63.7	0.2797	-2.509	5.2149	4
63.75	0.2808	-1.9726	5.219	4
63.8	0.2815	-2.1939	5.2246	4
63.85	0.2824	-1.9291	5.197	4
63.9	0.2828	-2.0384	5.1812	4
63.95	0.2845	-2.4655	5.1879	4
64	0.2852	-1.8705	5.2086	4
64.05	0.2854	-1.7944	5.2136	4
64.1	0.2867	-2.5226	5.2071	4
64.15	0.2879	-1.698	5.2169	4
64.2	0.2883	-2.2173	5.2193	4
64.25	0.2897	-2.1685	5.2121	4
64.3	0.29	-1.6438	5.2017	4
64.35	0.2901	-1.8613	5.2106	4
64.4	0.2912	-2.1894	5.2162	4
64.45	0.2919	-2.0303	5.1979	4
64.5	0.2921	-1.7681	5.2034	4
64.55	0.2933	-2.2734	5.2161	4
64.6	0.294	-1.883	5.2206	4
64.65	0.2953	-2.2286	5.2354	4
64.7	0.2963	-2.166	5.2336	4
64.75	0.2971	-1.889	5.2282	4
64.8	0.2974	-1.9833	5.2198	4
64.85	0.2986	-2.1597	5.2194	4
64.9	0.2994	-1.9114	5.2252	4
64.95	0.3005	-2.4767	5.2169	4
65	0.301	-1.4947	5.2137	4
65.05	0.3021	-2.5373	5.2234	4
65.1	0.3036	-1.9875	5.2309	4
65.15	0.304	-1.9796	5.2442	4
65.2	0.3047	-2.3235	5.2478	4
65.25	0.3061	-2.0083	5.2317	4
65.3	0.3061	-1.7694	5.2194	4
65.35	0.307	-2.2195	5.2149	4
65.4	0.3081	-2.2452	5.2159	4
65.45	0.3092	-2.1102	5.2191	4
65.5	0.3098	-1.9168	5.2169	4
65.55	0.3107	-2.3437	5.2206	4
65.6	0.3122	-1.9906	5.2256	4
65.65	0.3126	-1.9099	5.2274	4
65.7	0.3136	-2.2623	5.2301	4
65.75	0.3147	-2.1044	5.2291	4
65.8	0.315	-1.82	5.2271	4
65.85	0.316	-2.3009	5.2307	4
65.9	0.3167	-1.9076	5.2321	4
65.95	0.3176	-2.1522	5.2318	4
66	0.3191	-2.4849	5.2273	4
66.05	0.3203	-1.8603	5.2371	4
66.1	0.3205	-1.9811	5.2266	4
66.15	0.3217	-2.062	5.209	4
66.2	0.3226	-2.2267	5.2118	4
66.25	0.3234	-1.9276	5.2108	4
66.3	0.3238	-2.0798	5.2212	4
66.35	0.3251	-2.3045	5.212	4
66.4	0.3256	-1.7863	5.1993	4
66.45	0.3266	-2.2969	5.2084	4
66.5	0.3278	-2.2484	5.2126	4
66.55	0.329	-1.9288	5.1926	4
66.6	0.329	-1.8876	5.1933	4
66.65	0.331	-2.6309	5.2103	4
66.7	0.3321	-1.8183	5.2096	4
66.75	0.3328	-2.3511	5.2011	4
66.8	0.3337	-1.9426	5.2134	4
66.85	0.3346	-2.2762	5.1977	4
66.9	0.3354	-1.7642	5.1947	4
66.95	0.336	-2.2479	5.2183	4
67	0.3374	-2.2073	5.2127	4
67.05	0.3388	-2.4083	5.2093	4
67.1	0.3393	-1.5943	5.2225	4
67.15	0.34	-2.3932	5.2166	4
67.2	0.3421	-2.2689	5.2147	4
67.25	0.3426	-2.0328	5.2074	4
67.3	0.3439	-2.0216	5.2053	4
67.35	0.3452	-2.6315	5.2219	4
67.4	0.3461	-1.6637	5.214	4
67.45	0.3467	-2.3301	5.2203	4
67.5	0.3483	-2.2235	5.2173	4
67.55	0.3498	-2.2147	5.2108	4
67.6	0.3504	-1.8826	5.21	4
67.65	0.3514	-2.4507	5.2047	4
67.7	0.3532	-2.1896	5.2142	4
67.75	0.3534	-1.8565	5.2118	4
67.8	0.3549	-2.5363	5.1913	4
67.85	0.3563	-2.2181	5.1988	4
67.9	0.3566	-1.7939	5.204	4
67.95	0.358	-2.5233	5.2091	4
68	0.3594	-2.3239	5.2037	4
68.05	0.3604	-2.1625	5.1802	4
68.1	0.3618	-2.4489	5.1921	4
68.15	0.3633	-2.3099	5.1867	4
68.2	0.3649	-2.3219	5.1696	4
68.25	0.366	-2.1349	5.1708	4
68.3	0.3676	-2.6439	5.1933	4
68.35	0.3695	-2.4124	5.1901	4
68.4	0.3704	-1.998	5.1646	4
68.45	0.3719	-2.7592	5.1677	4
68.5	0.3741	-2.3137	5.1863	4
68.55	0.3751	-2.3529	5.1917	4
68.6	0.3771	-2.557	5.1909	4
68.65	0.3786	-2.3179	5.1847	4
68.7	0.3799	-2.2354	5.1812	4
68.75	0.3817	-2.4975	5.1865	4
68.8	0.3836	-2.3376	5.1922	4
68.85	0.3846	-2.1365	5.2003	4
68.9	0.3863	-2.6248	5.2049	4
68.95	0.388	-2.2604	5.1907	4
69	0.3893	-2.4073	5.195	4
69.05	0.3905	-2.3637	5.189	4
69.1	0.392	-2.3875	5.187	4
69.15	0.3937	-2.3842	5.1943	4
69.2	0.3949	-2.1009	5.2023	4
69.25	0.3964	-2.4598	5.198	4
69.3	0.3982	-2.4742	5.1931	4
69.35	0.3992	-2.0509	5.1905	4
69.4	0.4003	-2.1733	5.2042	4
69.45	0.4018	-2.6085	5.2151	4
69.5	0.4032	-1.9522	5.1988	4
69.55	0.4039	-2.4102	5.1938	4
69.6	0.4053	-2.0925	5.2049	4
69.65	0.4066	-2.304	5.198	4
69.7	0.4079	-1.9965	5.1974	4
69.75	0.4082	-1.8855	5.2109	4
69.8	0.4093	-2.4567	5.209	4
69.85	0.4109	-2.0698	5.2164	4
69.9	0.4108	-1.4136	5.2218	4
69.95	0.412	-2.716	5.2188	4
70	0.4138	-1.8877	5.2212	4
70.05	0.4131	-1.5385	5.2015	4
70.1	0.4141	-2.2026	5.1981	4
70.15	0.4153	-2.2436	5.2032	4
70.2	0.4157	-1.539	5.1989	4
70.25	0.4158	-2.0829	5.1981	4
70.3	0.417	-2.1342	5.1851	4
70.35	0.4178	-1.8624	5.1729	4
70.4	0.418	-1.8089	5.1984	4
70.45	0.4186	-2.0209	5.2065	4
70.5	0.42	-2.1343	5.1862	4
70.55	0.4194	-1.4561	5.1822	4
70.6	0.4202	-2.2223	5.1874	4
70.65	0.4209	-1.8822	5.195	4
70.7	0.4214	-1.8636	5.2033	4
70.75	0.4219	-1.7898	5.2128	4
70.8	0.4227	-2.0734	5.2108	4
70.85	0.4233	-1.7582	5.2056	4
70.9	0.423	-1.6547	5.2001	4
70.95	0.4231	-1.7712	5.2015	4
71	0.424	-2.0167	5.2076	4
71.05	0.4241	-1.4062	5.1822	4
71.1	0.4238	-1.9292	5.1779	4
71.15	0.4245	-1.8355	5.1882	4
71.2	0.4246	-1.5642	5.1867	4
71.25	0.4244	-1.6138	5.1985	4
71.3	0.425	-1.9355	5.2101	4
71.35	0.4247	-1.3383	5.205	4
71.4	0.4243	-1.5585	5.2204	4
71.45	0.4245	-1.8933	5.2245	4
71.5	0.4248	-1.6287	5.2136	4
71.55	0.424	-1.2902	5.1998	4
71.6	0.4242	-1.9044	5.1866	4
71.65	0.4244	-1.5547	5.1966	4
71.7	0.4241	-1.4047	5.201	4
71.75	0.4236	-1.4049	5.1973	4
71.8	0.4235	-1.7555	5.2115	4
71.85	0.4237	-1.5337	5.2074	4
71.9	0.4232	-1.3874	5.2143	4
71.95	0.4233	-1.76	5.2154	4
72	0.4228	-1.4484	5.2101	4
72.05	0.4225	-1.4918	5.2227	4
72.1	0.422	-1.5148	5.227	4
72.15	0.4218	-1.4824	5.2254	4
72.2	0.4218	-1.6167	5.2042	4
72.25	0.4216	-1.6215	5.2017	4
72.3	0.4211	-1.432	5.2078	4
72.35	0.4205	-1.5727	5.2112	4
72.4	0.4206	-1.6211	5.2106	4
72.45	0.42	-1.1862	5.2092	4
72.5	0.4199	-1.7535	5.2029	4
72.55	0.4191	-1.2804	5.1894	4
72.6	0.4185	-1.4575	5.1919	4
72.65	0.4183	-1.6346	5.1877	4
72.7	0.4185	-1.7127	5.1736	4
72.75	0.4185	-1.3955	5.1895	4
72.8	0.4182	-1.885	5.1977	4
72.85	0.4179	-1.0996	5.1876	4
72.9	0.4167	-1.3798	5.1709	4
72.95	0.4166	-1.6225	5.1784	4
73	0.4164	-1.4235	5.1771	4
73.05	0.4159	-1.4725	5.1791	4
73.1	0.4152	-1.4196	5.1916	4
73.15	0.4155	-1.6987	5.2103	4
73.2	0.4149	-1.3805	5.2202	4
73.25	0.4149	-1.5239	5.2104	4
73.3	0.4147	-1.5893	5.1971	4
73.35	0.4139	-1.3321	5.1964	4
73.4	0.4142	-1.8484	5.2013	4
73.45	0.4136	-1.0833	5.2024	4
73.5	0.4134	-1.7645	5.1896	4
73.55	0.4137	-1.7538	5.1962	4
73.6	0.4123	-0.9446	5.1911	4
73.65	0.412	-1.7669	5.196	4
73.7	0.4125	-1.726	5.2111	4
73.75	0.4122	-1.2698	5.1998	4
73.8	0.4112	-1.4007	5.1967	4
73.85	0.411	-1.6001	5.1961	4
73.9	0.4105	-1.4868	5.1956	4
73.95	0.4098	-1.445	5.2022	4
74	0.4101	-1.6395	5.196	4
74.05	0.4096	-1.4501	5.1954	4
74.1	0.4094	-1.4757	5.1854	4
74.15	0.4093	-1.753	5.1864	4
74.2	0.4086	-1.0177	5.2015	4
74.25	0.4077	-1.7614	5.2019	4
74.3	0.4081	-1.5448	5.2156	4
74.35	0.4076	-1.3057	5.2189	4
74.4	0.407	-1.5735	5.2144	4
74.45	0.4069	-1.7406	5.2099	4
74.5	0.407	-1.4409	5.1983	4
74.55	0.4063	-1.2911	5.2003	4
74.6	0.4064	-1.8294	5.2068	4
74.65	0.4063	-1.579	5.2027	4
74.7	0.4054	-1.2067	5.2026	4
74.75	0.4051	-1.6359	5.2089	4
74.8	0.4051	-1.6222	5.2057	4
74.85	0.4046	-1.3507	5.2132	4
74.9	0.4041	-1.4541	5.2113	4
74.95	0.4031	-1.0747	5.2119	4
75	0.4029	-1.8875	5.2163	4
75.05	0.4027	-1.2859	5.2186	4
75.1	0.4015	-1.2484	5.2253	4
75.15	0.4015	-1.9143	5.2177	4
75.2	0.4017	-1.1611	5.2071	4
75.25	0.4005	-1.2319	5.1995	4
75.3	0.4003	-1.6749	5.2084	4
75.35	0.4004	-1.5392	5.2105	4
75.4	0.3986	-0.756	5.2169	4
75.45	0.3984	-1.9375	5.211	4
75.5	0.3984	-1.6403	5.2098	4
75.55	0.3976	-1.0299	5.2153	4
75.6	0.3964	-1.5268	5.2258	4
75.65	0.3968	-1.8945	5.2178	4
75.7	0.3964	-0.9309	5.2106	4
75.75	0.3948	-1.4989	5.2044	4
75.8	0.3953	-1.7214	5.2066	4
75.85	0.3946	-1.2323	5.2177	4
75.9	0.3933	-1.0268	5.2314	4
75.95	0.3936	-2.1922	5.2215	4
76	0.3935	-1.0897	5.213	4
76.05	0.3921	-1.2314	5.2126	4
76.1	0.3922	-1.8118	5.2147	4
76.15	0.3917	-1.2225	5.2207	4
76.2	0.3903	-1.3911	5.219	4
76.25	0.3907	-1.8445	5.2147	4
76.3	0.3902	-0.9324	5.2071	4
76.35	0.3895	-1.6087	5.2149	4
76.4	0.3895	-1.4626	5.2199	4
76.45	0.3887	-1.456	5.2118	4
76.5	0.3877	-1.0409	5.204	4
76.55	0.3872	-1.8005	5.227	4
76.6	0.3873	-1.5879	5.2229	4
76.65	0.3864	-1.2511	5.2029	4
76.7	0.3855	-1.4043	5.1959	4
76.75	0.3856	-1.6982	5.2019	4
76.8	0.3849	-1.1352	5.195	4
76.85	0.3839	-1.4761	5.1864	4
76.9	0.3841	-1.6629	5.1885	4
76.95	0.3837	-1.4799	5.1988	4
77	0.3833	-1.2727	5.2045	4
77.05	0.3831	-1.6853	5.185	4
77.1	0.3834	-1.4514	5.1873	4
77.15	0.3824	-1.4384	5.1947	4
77.2	0.3822	-1.4734	5.188	4
77.25	0.3818	-1.7091	5.1964	4
77.3	0.3819	-1.42	5.1938	4
77.35	0.3812	-1.4657	5.1913	4
77.4	0.3811	-1.7392	5.2015	4
77.45	0.3806	-1.4368	5.1924	4
77.5	0.38	-1.4579	5.1934	4
77.55	0.3804	-1.8649	5.1864	4
77.6	0.3806	-1.5787	5.2025	4
77.65	0.3797	-1.292	5.2118	4
77.7	0.3804	-2.1672	5.2003	4
77.75	0.3802	-1.3266	5.2044	4
77.8	0.3796	-1.387	5.2007	4
77.85	0.3796	-2.1443	5.206	4
77.9	0.3808	-1.7265	5.2157	4
77.95	0.38	-1.3651	5.2002	4
78	0.3803	-1.9194	5.2012	4
78.05	0.3811	-1.9901	5.2031	4
78.1	0.3809	-1.3026	5.19	4
78.15	0.3807	-1.8291	5.1868	4
78.2	0.3816	-2.1582	5.193	4
78.25	0.3817	-1.4157	5.1991	4
78.3	0.3819	-2.1175	5.1999	4
78.35	0.3826	-1.8335	5.2017	4
78.4	0.3832	-1.616	5.2008	4
78.45	0.3825	-1.5382	5.1891	4
78.5	0.3833	-2.2628	5.1904	4
78.55	0.3837	-1.6819	5.1972	4
78.6	0.3843	-2.0518	5.1916	4
78.65	0.3847	-1.6658	5.1849	4
78.7	0.3848	-1.9214	5.1908	4
78.75	0.3855	-2.0557	5.2068	4
78.8	0.3858	-1.669	5.2189	4
78.85	0.386	-1.8175	5.2139	4
78.9	0.3871	-2.3282	5.2076	4
78.95	0.3876	-1.5496	5.2211	4
79	0.3879	-2.1187	5.2215	4
79.05	0.3886	-1.964	5.2003	4
79.1	0.389	-1.8159	5.1936	4
79.15	0.3895	-1.9485	5.2178	4
79.2	0.3899	-1.7061	5.2261	4
79.25	0.391	-2.2016	5.2264	4
79.3	0.3912	-1.6719	5.2334	4
79.35	0.392	-2.2072	5.2282	4
79.4	0.3927	-1.7724	5.225	4
79.45	0.3928	-1.6748	5.223	4
79.5	0.3929	-1.9813	5.2186	4
79.55	0.3936	-1.8658	5.2206	4
79.6	0.3939	-1.7774	5.2238	4
79.65	0.3945	-2.0269	5.216	4
79.7	0.3948	-1.7661	5.2119	4
79.75	0.3952	-2.0837	5.2177	4
79.8	0.3954	-1.6465	5.2214	4
79.85	0.396	-2.1737	5.2193	4
79.9	0.3964	-1.6324	5.221	4
79.95	0.397	-2.1547	5.2193	4
80	0.3973	-1.5959	5.2102	4
80.05	0.3976	-2.2148	5.2018	4
80.1	0.3986	-1.8704	5.2069	4
80.15	0.3988	-1.752	5.2108	4
80.2	0.3988	-1.6635	5.2125	4
80.25	0.3995	-2.0304	5.2143	4
80.3	0.3996	-1.4738	5.2016	4
80.35	0.3995	-2.0504	5.1976	4
80.4	0.4005	-1.7646	5.2179	4
80.45	0.4005	-1.7851	5.2193	4
80.5	0.4005	-1.7533	5.2148	4
80.55	0.4009	-1.7323	5.2303	4
80.6	0.4009	-1.7493	5.2231	4
80.65	0.4012	-1.7576	5.2362	4
80.7	0.4017	-1.7775	5.2439	4
80.75	0.4016	-1.7245	5.2203	4
80.8	0.4017	-1.7111	5.2259	4
80.85	0.4015	-1.7514	5.2324	4
80.9	0.4018	-1.7195	5.2188	4
80.95	0.4019	-1.6543	5.2094	4
81	0.4023	-1.9105	5.207	4
81.05	0.4026	-1.6141	5.2127	4
81.1	0.402	-1.4011	5.2219	4
81.15	0.402	-1.9625	5.2201	4
81.2	0.4024	-1.7936	5.2233	4
81.25	0.4022	-1.3761	5.2291	4
81.3	0.4023	-1.8533	5.2074	4
81.35	0.4027	-1.8124	5.22	4
81.4	0.4026	-1.5147	5.228	4
81.45	0.4026	-1.7916	5.2154	4
81.5	0.4032	-1.887	5.2022	4
81.55	0.4032	-1.5374	5.2197	4
81.6	0.4029	-1.5506	5.2221	4
81.65	0.4033	-1.9315	5.2102	4
81.7	0.4038	-1.7708	5.2123	4
81.75	0.4035	-1.3893	5.2044	4
81.8	0.4034	-1.8312	5.2212	4
81.85	0.4039	-1.7926	5.226	4
81.9	0.404	-1.6505	5.2179	4
81.95	0.4036	-1.5713	5.2126	4
82	0.4039	-1.9245	5.1997	4
82.05	0.4049	-1.9673	5.1912	4
82.1	0.4041	-1.1375	5.1988	4
82.15	0.4036	-1.8669	5.1945	4
82.2	0.4046	-2.2247	5.1908	4
82.25	0.4041	-1.0793	5.1943	4
82.3	0.4038	-1.9038	5.1849	4
82.35	0.4049	-2.0363	5.1922	4
82.4	0.4048	-1.2896	5.2104	4
82.45	0.4044	-1.9362	5.2041	4
82.5	0.4054	-2.0017	5.1975	4
82.55	0.4049	-1.3575	5.2058	4
82.6	0.4044	-1.6213	5.216	4
82.65	0.4059	-2.5668	5.1962	4
82.7	0.4058	-1.0288	5.2004	4
82.75	0.4049	-1.6722	5.2143	4
82.8	0.4065	-2.5023	5.2103	4
82.85	0.4065	-1.1998	5.2136	4
82.9	0.4057	-1.5498	5.2213	4
82.95	0.4064	-2.1032	5.1996	4
83	0.407	-1.7628	5.1969	4
83.05	0.4064	-1.4045	5.2084	4
83.1	0.4059	-1.593	5.2082	4
83.15	0.4067	-2.1121	5.2109	4
83.2	0.4067	-1.3817	5.216	4
83.25	0.4064	-1.8534	5.2153	4
83.3	0.4067	-1.8123	5.1955	4
83.35	0.4069	-1.6019	5.1906	4
83.4	0.4064	-1.4411	5.2156	4
83.45	0.4066	-1.9053	5.2311	4
83.5	0.4065	-1.5872	5.2379	4
83.55	0.4066	-1.851	5.2157	4
83.6	0.4067	-1.6776	5.2123	4
83.65	0.407	-1.7618	5.2151	4
83.7	0.4071	-1.2748	5.2166	4
83.75	0.4071	-2.112	5.2056	4
83.8	0.4069	-1.2344	5.2039	4
83.85	0.4077	-2.3745	5.1991	4
83.9	0.4078	-1.1756	5.1935	4
83.95	0.4071	-1.8697	5.194	4
84	0.4075	-1.7693	5.2059	4
84.05	0.4075	-1.6719	5.1934	4
84.1	0.4078	-1.4933	5.1932	4
84.15	0.4075	-2.0418	5.2129	4
84.2	0.4078	-1.3587	5.2097	4
84.25	0.4075	-1.9334	5.2137	4
84.3	0.4078	-1.4851	5.2088	4
84.35	0.4083	-2.1543	5.2127	4
84.4	0.408	-1.3065	5.2148	4
84.45	0.4078	-1.8382	5.2047	4
84.5	0.4084	-2.083	5.1915	4
84.55	0.4078	-1.0726	5.1906	4
84.6	0.4076	-2.0009	5.2155	4
84.65	0.4087	-2.056	5.2138	4
84.7	0.409	-1.3115	5.1883	4
84.75	0.4082	-1.9386	5.1942	4
84.8	0.409	-1.6932	5.2003	4
84.85	0.4086	-1.5984	5.2025	4
84.9	0.4083	-1.7523	5.1915	4
84.95	0.4092	-1.922	5.1913	4
85	0.4089	-1.5887	5.2025	4
85.05	0.4089	-1.54	5.2189	4
85.1	0.4094	-2.1168	5.2133	4
85.15	0.4093	-1.4609	5.2022	4
85.2	0.4096	-1.7797	5.1998	4
85.25	0.4099	-1.9621	5.2059	4
85.3	0.41	-1.4668	5.2039	4
85.35	0.4103	-2.1699	5.2047	4
85.4	0.4104	-1.3475	5.2055	4
85.45	0.4104	-1.9482	5.2071	4
85.5	0.4112	-1.9069	5.2036	4
85.55	0.4121	-1.9801	5.1957	4
85.6	0.4123	-1.6681	5.1903	4
85.65	0.4126	-2.0051	5.1872	4
85.7	0.4131	-1.9323	5.1953	4
85.75	0.4137	-1.7178	5.2211	4
85.8	0.4139	-1.6902	5.2395	4
85.85	0.4142	-1.9959	5.2244	4
85.9	0.4148	-1.8574	5.2203	4
85.95	0.4149	-1.8444	5.2169	4
86	0.4151	-1.7507	5.2167	4
86.05	0.4165	-2.3972	5.2124	4
86.1	0.4169	-1.4755	5.2187	4
86.15	0.417	-1.8987	5.2336	4
86.2	0.418	-2.2667	5.2402	4
86.25	0.4184	-1.7335	5.2261	4
86.3	0.4187	-1.8701	5.2194	4
86.35	0.4193	-2.1923	5.2187	4
86.4	0.4206	-1.9404	5.2186	4
86.45	0.4205	-1.8461	5.2267	4
86.5	0.4211	-2.0496	5.2217	4
86.55	0.4221	-2.1323	5.207	4
86.6	0.423	-1.8109	5.1955	4
86.65	0.4234	-2.0112	5.2178	4
86.7	0.4247	-2.1818	5.2099	4
86.75	0.4252	-1.8878	5.1954	4
86.8	0.4255	-1.8867	5.1808	4
86.85	0.4263	-2.1216	5.1812	4
86.9	0.4274	-2.084	5.2089	4
86.95	0.428	-1.7632	5.2174	4
87	0.4285	-2.1256	5.2064	4
87.05	0.4297	-1.9908	5.2045	4
87.1	0.4293	-1.6616	5.1884	4
87.15	0.4305	-2.366	5.1976	4
87.2	0.4309	-1.5769	5.2201	4
87.25	0.4317	-2.2651	5.2073	4
87.3	0.4324	-1.7343	5.1892	4
87.35	0.4328	-2.0612	5.1767	4
87.4	0.4334	-1.8503	5.1822	4
87.45	0.4341	-2.1107	5.2001	4
87.5	0.4339	-1.5818	5.1947	4
87.55	0.435	-2.1234	5.1805	4
87.6	0.4352	-1.8668	5.1821	4
87.65	0.4353	-1.6529	5.1914	4
87.7	0.4361	-2.2015	5.21	4
87.75	0.4371	-1.8196	5.2303	4
87.8	0.4371	-1.7888	5.2192	4
87.85	0.4379	-2.0661	5.1942	4
87.9	0.4381	-1.6728	5.195	4
87.95	0.4386	-2.0638	5.1959	4
88	0.4388	-1.7059	5.1895	4
88.05	0.4388	-1.7923	5.1973	4
88.1	0.4395	-2.2425	5.1928	4
88.15	0.4404	-1.7882	5.1995	4
88.2	0.4406	-1.7594	5.213	4
88.25	0.4415	-2.0754	5.2154	4
88.3	0.4424	-2.0452	5.201	4
88.35	0.4424	-1.5202	5.1888	4
88.4	0.4428	-2.2264	5.1933	4
88.45	0.444	-2.046	5.1948	4
88.5	0.4447	-1.8725	5.1936	4
88.55	0.4447	-1.8985	5.19	4
88.6	0.4459	-2.1711	5.1984	4
88.65	0.4466	-2.119	5.2017	4
88.7	0.4466	-1.5343	5.2115	4
88.75	0.4474	-2.3159	5.1936	4
88.8	0.4482	-1.8388	5.1969	4
88.85	0.449	-1.9823	5.203	4
88.9	0.4496	-2.0547	5.1857	4
88.95	0.4502	-1.9448	5.1873	4
89	0.4516	-2.3427	5.1945	4
89.05	0.4515	-1.3307	5.1874	4
89.1	0.4521	-2.3229	5.1818	4
89.15	0.4532	-2.1896	5.1704	4
89.2	0.4537	-1.5304	5.168	4
89.25	0.4542	-2.307	5.1766	4
89.3	0.4549	-1.946	5.1962	4
89.35	0.456	-2.123	5.196	4
89.4	0.4566	-1.9204	5.173	4
89.45	0.4573	-1.9569	5.1773	4
89.5	0.4587	-2.3207	5.1755	4
89.55	0.4589	-1.4926	5.2018	4
89.6	0.4589	-1.9157	5.2017	4
89.65	0.4604	-2.4089	5.2041	4
89.7	0.4607	-1.7004	5.2161	4
89.75	0.4608	-1.8504	5.2136	4
89.8	0.4622	-2.6015	5.215	4
89.85	0.4629	-1.7286	5.2148	4
89.9	0.4633	-1.8527	5.2221	4
89.95	0.4641	-2.0857	5.2271	4
90	0.4654	-2.1272	5.225	4
90.05	0.466	-1.941	5.204	4
90.1	0.4662	-1.7973	5.2069	4
90.15	0.4677	-2.4493	5.2075	4
90.2	0.4682	-1.9592	5.1912	4
90.25	0.4687	-1.9121	5.2	4
90.3	0.4697	-2.5809	5.2129	4
90.35	0.4706	-1.6645	5.2081	4
90.4	0.4714	-2.2868	5.2128	4
90.45	0.4725	-2.0603	5.2098	4
90.5	0.4738	-2.1931	5.2061	4
90.55	0.475	-2.305	5.2104	4
90.6	0.4758	-1.8011	5.21	4
90.65	0.4771	-2.5541	5.1941	4
90.7	0.4775	-1.8255	5.1883	4
90.75	0.4786	-2.2179	5.1924	4
90.8	0.4803	-2.6329	5.1976	4
90.85	0.4812	-1.6411	5.1839	4
90.9	0.4829	-2.8223	5.1862	4
90.95	0.4844	-2.044	5.197	4
91	0.4854	-2.0955	5.1938	4
91.05	0.4867	-2.4229	5.1795	4
91.1	0.4883	-2.1784	5.186	4
91.15	0.4893	-2.3828	5.1923	4
91.2	0.4905	-2.1383	5.1942	4
91.25	0.4924	-2.573	5.2158	4
91.3	0.4941	-2.2807	5.2029	4
91.35	0.4947	-1.8978	5.1904	4
91.4	0.4961	-2.6425	5.1948	4
91.45	0.4979	-2.2356	5.2009	4
91.5	0.4993	-2.3859	5.203	4
91.55	0.5003	-2.0399	5.1905	4
91.6	0.5014	-2.6054	5.1963	4
91.65	0.5034	-2.378	5.2065	4
91.7	0.5046	-2.0941	5.1947	4
91.75	0.5057	-2.4009	5.198	4
91.8	0.5076	-2.5616	5.1908	4
91.85	0.5083	-1.7188	5.1979	4
91.9	0.5095	-2.7355	5.2087	4
91.95	0.5123	-2.7507	5.2123	4
92	0.513	-1.8428	5.2214	4
92.05	0.5139	-2.1619	5.213	4
92.1	0.5155	-2.688	5.213	4
92.15	0.5168	-1.8415	5.217	4
92.2	0.5181	-2.4635	5.2109	4
92.25	0.5193	-2.1793	5.212	4
92.3	0.5209	-2.5113	5.2165	4
92.35	0.5222	-2.2067	5.2183	4
92.4	0.5234	-2.3144	5.2189	4
92.45	0.5253	-2.7475	5.2029	4
92.5	0.5265	-1.9715	5.1894	4
92.55	0.5279	-2.4479	5.1971	4
92.6	0.5298	-2.6258	5.2055	4
92.65	0.5311	-1.8333	5.2128	4
92.7	0.5317	-2.3113	5.2189	4
92.75	0.5337	-2.5192	5.2219	4
92.8	0.5354	-2.3906	5.2135	4
92.85	0.5362	-1.9527	5.2049	4
92.9	0.5374	-2.6326	5.1929	4
92.95	0.5393	-2.3747	5.1959	4
93	0.5399	-1.87	5.2068	4
93.05	0.5413	-2.3913	5.2146	4
93.1	0.543	-2.5002	5.207	4
93.15	0.5445	-2.0799	5.2234	4
93.2	0.5453	-2.2267	5.2375	4
93.25	0.5475	-2.6983	5.2284	4
93.3	0.5489	-2.1762	5.2157	4
93.35	0.5502	-2.2345	5.2229	4
93.4	0.5518	-2.3745	5.215	4
93.45	0.5536	-2.4802	5.2021	4
93.5	0.5544	-1.8063	5.2127	4
93.55	0.5561	-2.806	5.2278	4
93.6	0.5579	-2.2038	5.2219	4
93.65	0.5585	-1.9961	5.2117	4
93.7	0.5596	-2.4974	5.2246	4
93.75	0.5618	-2.4573	5.2495	4
93.8	0.5627	-1.888	5.242	4
93.85	0.5635	-2.3784	5.2301	4
93.9	0.5652	-2.299	5.2206	4
93.95	0.5663	-2.437	5.2086	4
94	0.5677	-2.0239	5.2024	4
94.05	0.5691	-2.4265	5.2166	4
94.1	0.5706	-2.3667	5.2271	4
94.15	0.5716	-1.9705	5.2244	4
94.2	0.5723	-2.3054	5.2145	4
94.25	0.5737	-2.0316	5.225	4
94.3	0.5751	-2.5622	5.2255	4
94.35	0.5761	-1.6277	5.1879	4
94.4	0.5772	-2.7259	5.1646	4
94.45	0.5786	-1.8521	5.1823	4
94.5	0.5796	-2.5478	5.1992	4
94.55	0.5809	-1.7937	5.2196	4
94.6	0.5816	-2.2869	5.2162	4
94.65	0.5829	-1.9243	5.205	4
94.7	0.5833	-2.1357	5.213	4
94.75	0.5845	-1.964	5.2134	4
94.8	0.5848	-2.0638	5.2342	4
94.85	0.5863	-2.1102	5.246	4
94.9	0.5867	-1.9308	5.2383	4
94.95	0.5877	-2.0831	5.2334	4
95	0.5885	-1.9354	5.2257	4
95.05	0.589	-1.9215	5.223	4
95.1	0.5895	-1.9983	5.2178	4
95.15	0.5903	-1.9389	5.1957	4
95.2	0.5908	-1.9932	5.1991	4
95.25	0.5915	-1.9791	5.211	4
95.3	0.5921	-1.7232	5.2028	4
95.35	0.5928	-2.263	5.2033	4
95.4	0.5937	-1.6935	5.21	4
95.45	0.594	-2.0042	5.2158	4
95.5	0.5947	-1.934	5.2034	4
95.55	0.5954	-1.9899	5.2064	4
95.6	0.5962	-1.9813	5.2227	4
95.65	0.5963	-1.8243	5.2251	4
95.7	0.5968	-1.8785	5.2348	4
95.75	0.5971	-2.0353	5.2241	4
95.8	0.5981	-1.7521	5.2173	4
95.85	0.5977	-1.6959	5.2212	4
95.9	0.5985	-2.0413	5.2172	4
95.95	0.5999	-2.318	5.2191	4
96	0.5999	-1.2754	5.227	4
96.05	0.6004	-2.2439	5.2216	4
96.1	0.6015	-2.007	5.212	4
96.15	0.601	-1.1908	5.2212	4
96.2	0.6021	-2.6198	5.2381	4
96.25	0.6027	-1.6336	5.2485	4
96.3	0.6031	-1.8109	5.2413	4
96.35	0.6032	-2.0798	5.2238	4
96.4	0.6039	-1.9041	5.2194	4
96.45	0.6047	-1.6914	5.2409	4
96.5	0.6048	-2.1462	5.2631	4
96.55	0.6054	-1.5727	5.2492	4
96.6	0.6057	-2.0673	5.2425	4
96.65	0.6055	-1.5045	5.2478	4
96.7	0.6064	-2.0055	5.2547	4
96.75	0.6064	-1.6145	5.2608	4
96.8	0.6065	-1.7518	5.2574	4
96.85	0.6074	-2.1724	5.2528	4
96.9	0.6071	-1.3174	5.2376	4
96.95	0.6077	-2.1687	5.2314	4
97	0.6087	-2.0054	5.2226	4
97.05	0.6085	-1.3867	5.2226	4
97.1	0.6087	-2.0562	5.2541	4
97.15	0.6093	-1.7836	5.2576	4
97.2	0.6096	-1.7219	5.2416	4
97.25	0.6099	-2.0258	5.2283	4
97.3	0.6099	-1.5778	5.2226	4
97.35	0.6108	-2.3024	5.2545	4
97.4	0.6113	-1.4616	5.2414	4
97.45	0.6116	-1.8934	5.2158	4
97.5	0.6125	-2.2158	5.2265	4
97.55	0.6124	-1.2287	5.2213	4
97.6	0.6121	-1.9383	5.2281	4
97.65	0.613	-1.9892	5.2225	4
97.7	0.6132	-1.5479	5.2072	4
97.75	0.6138	-2.215	5.2189	4
97.8	0.6142	-1.5293	5.2134	4
97.85	0.6144	-2.02	5.2266	4
97.9	0.615	-1.856	5.2318	4
97.95	0.6152	-1.5729	5.2202	4
98	0.6156	-2.1586	5.2104	4
98.05	0.6166	-1.977	5.2221	4
98.1	0.6168	-1.5554	5.2351	4
98.15	0.6171	-1.9929	5.2368	4
98.2	0.618	-1.8912	5.2272	4
98.25	0.618	-1.8353	5.2215	4
98.3	0.6182	-1.7635	5.2232	4
98.35	0.619	-2.0266	5.2139	4
98.4	0.6195	-1.88	5.2192	4
98.45	0.6196	-1.779	5.2155	4
98.5	0.62	-1.9151	5.2161	4
98.55	0.6206	-1.9732	5.215	4
98.6	0.6208	-1.6285	5.2193	4
98.65	0.6207	-1.7078	5.2318	4
98.7	0.6212	-1.8934	5.2269	4
98.75	0.6215	-1.6587	5.223	4
98.8	0.6213	-1.7264	5.2154	4
98.85	0.622	-2.1376	5.2007	4
98.9	0.6223	-1.6391	5.2135	4
98.95	0.6223	-1.6799	5.2178	4
99	0.6234	-2.0937	5.2248	4
99.05	0.6241	-1.7862	5.2555	4
99.1	0.6241	-1.81	5.2454	4
99.15	0.6241	-1.6409	5.2365	4
99.2	0.6248	-2.2765	5.2445	4
99.25	0.6255	-1.4091	5.2572	4
99.3	0.6253	-1.9958	5.2418	4
99.35	0.6265	-2.0858	5.2234	4
99.4	0.6268	-1.5985	5.2407	4
99.45	0.6265	-1.8212	5.2274	4
99.5	0.6272	-1.9719	5.2452	4
99.55	0.628	-1.8217	5.2609	4
99.6	0.6281	-1.939	5.2386	4
99.65	0.6288	-1.8525	5.2324	4
99.7	0.6298	-2.2307	5.2447	4
99.75	0.6302	-1.476	5.2433	4
99.8	0.6306	-2.2594	5.2397	4
99.85	0.6315	-2.0474	5.2226	4
99.9	0.6326	-2.0009	5.2191	4
99.95	0.6326	-1.6281	5.2106	4
100	0.6332	-2.1281	5.1981	4
100.05	0.6349	-2.3694	5.1904	4
100.1	0.635	-1.318	5.2019	4
100.15	0.6352	-2.3245	5.2195	4
100.2	0.6366	-2.3395	5.2102	4
100.25	0.6369	-1.4181	5.2037	4
100.3	0.6376	-2.2326	5.2068	4
100.35	0.6391	-2.1995	5.2123	4
100.4	0.6401	-1.9625	5.2286	4
100.45	0.6403	-1.7686	5.2312	4
100.5	0.6417	-2.4637	5.2101	4
100.55	0.6427	-1.9689	5.2015	4
100.6	0.6427	-1.8848	5.2018	4
100.65	0.6436	-2.2814	5.2041	4
100.7	0.6447	-2.032	5.2066	4
100.75	0.6452	-1.8064	5.2113	4
100.8	0.646	-2.26	5.2278	4
100.85	0.6469	-1.9902	5.2182	4
100.9	0.6473	-1.8127	5.2078	4
100.95	0.6484	-2.1494	5.2167	4
101	0.6491	-2.0726	5.2053	4
101.05	0.6499	-1.8497	5.2078	4
101.1	0.6505	-2.067	5.2073	4
101.15	0.6517	-2.3149	5.2052	4
101.2	0.6528	-1.8392	5.2068	4
101.25	0.6526	-1.7669	5.218	4
101.3	0.6539	-2.293	5.2216	4
101.35	0.6544	-1.7203	5.2076	4
101.4	0.6547	-1.9646	5.1986	4
101.45	0.6555	-2.2092	5.1965	4
101.5	0.6568	-1.9652	5.1924	4
101.55	0.6568	-1.7242	5.2242	4
101.6	0.6573	-2.0447	5.2215	4
101.65	0.6585	-1.9894	5.21	4
101.7	0.6592	-1.9442	5.2312	4
101.75	0.6589	-1.4529	5.2262	4
101.8	0.6602	-2.6242	5.2123	4
101.85	0.661	-1.3728	5.2057	4
101.9	0.6611	-2.3368	5.2009	4
101.95	0.6623	-1.883	5.2097	4
102	0.6626	-1.8946	5.2082	4
102.05	0.6627	-1.5455	5.1994	4
102.1	0.6629	-2.0477	5.1943	4
102.15	0.6643	-2.1013	5.1946	4
102.2	0.6642	-1.5565	5.2101	4
102.25	0.6651	-2.0544	5.211	4
102.3	0.6651	-1.7825	5.2083	4
102.35	0.6658	-1.6702	5.1766	4
102.4	0.6655	-1.8468	5.164	4
102.45	0.6662	-1.7248	5.1733	4
102.5	0.666	-1.4464	5.1686	4
102.55	0.6662	-1.9725	5.1755	4
102.6	0.6665	-1.5172	5.1851	4
102.65	0.6663	-1.9445	5.1895	4
102.7	0.6663	-1.2971	5.1827	4
102.75	0.6666	-2.2492	5.1716	4
102.8	0.667	-1.2309	5.177	4
102.85	0.6664	-1.723	5.1849	4
102.9	0.6669	-1.8625	5.1926	4
102.95	0.6674	-1.6999	5.2023	4
103	0.6675	-1.8176	5.1908	4
103.05	0.6674	-1.6369	5.1894	4
103.1	0.6685	-2.13	5.2145	4
103.15	0.6676	-1.1971	5.2144	4
103.2	0.6683	-2.1151	5.2095	4
103.25	0.6676	-1.4848	5.201	4
103.3	0.6682	-1.856	5.1913	4
103.35	0.6678	-1.3762	5.2051	4
103.4	0.6682	-2.0398	5.2057	4
103.45	0.6684	-1.5348	5.1987	4
103.5	0.6686	-1.7913	5.1886	4
103.55	0.6689	-1.6873	5.1832	4
103.6	0.6691	-2.0296	5.1947	4
103.65	0.6693	-1.158	5.1991	4
103.7	0.6687	-1.9919	5.2033	4
103.75	0.6695	-1.5493	5.2048	4
103.8	0.6691	-1.502	5.2057	4
103.85	0.6689	-1.7241	5.1906	4
103.9	0.6693	-1.8315	5.1861	4
103.95	0.6696	-1.5849	5.1846	4
104	0.6696	-1.8567	5.1789	4
104.05	0.6702	-1.9768	5.1854	4
104.1	0.6706	-1.5621	5.1849	4
104.15	0.6706	-1.8385	5.1825	4
104.2	0.6714	-1.9175	5.1914	4
104.25	0.6715	-1.8614	5.1917	4
104.3	0.6725	-2.0323	5.1939	4
104.35	0.6729	-1.8883	5.1993	4
104.4	0.6729	-1.8537	5.2116	4
104.45	0.6728	-1.6398	5.1926	4
104.5	0.6733	-1.5133	5.1724	4
104.55	0.6728	-1.3659	5.1835	4
104.6	0.6729	-1.9452	5.2038	4
104.65	0.6729	-1.1851	5.2057	4
104.7	0.6726	-1.8156	5.2171	4
104.75	0.6725	-1.1526	5.2172	4
104.8	0.6731	-2.3371	5.2117	4
104.85	0.6723	-0.7943	5.226	4
104.9	0.6718	-1.758	5.2195	4
104.95	0.6719	-1.7085	5.2028	4
105	0.6717	-1.3121	5.2212	4
105.05	0.6708	-1.278	5.2301	4
105.1	0.6703	-1.7378	5.2111	4
105.15	0.6712	-1.7021	5.1835	4
105.2	0.67	-1.053	5.1812	4
105.25	0.6699	-1.6552	5.1914	4
105.3	0.6696	-1.718	5.1817	4
105.35	0.6695	-1.232	5.1864	4
105.4	0.6679	-1.213	5.2001	4
105.45	0.6684	-2.2206	5.1966	4
105.5	0.6682	-1.0596	5.2026	4
105.55	0.6668	-1.3153	5.2062	4
105.6	0.6668	-1.8672	5.2111	4
105.65	0.6674	-1.568	5.2196	4
105.7	0.6661	-1.062	5.2049	4
105.75	0.6665	-2.1375	5.1976	4
105.8	0.6669	-1.3938	5.1989	4
105.85	0.6654	-1.0947	5.1996	4
105.9	0.6658	-1.849	5.205	4
105.95	0.6658	-1.5461	5.2098	4
106	0.6646	-1.1231	5.1878	4
106.05	0.6648	-2.2348	5.1658	4
106.1	0.6643	-1.0456	5.1751	4
106.15	0.664	-1.6879	5.1881	4
106.2	0.6643	-1.6494	5.201	4
106.25	0.6637	-1.2556	5.2179	4
106.3	0.663	-1.6449	5.207	4
106.35	0.6634	-1.8108	5.2031	4
106.4	0.6628	-1.4164	5.221	4
106.45	0.6625	-1.4978	5.2313	4
106.5	0.6626	-2.0063	5.2283	4
106.55	0.6624	-1.1729	5.2109	4
106.6	0.6621	-1.8721	5.2225	4
106.65	0.6624	-1.4568	5.223	4
106.7	0.6612	-1.3204	5.2195	4
106.75	0.6614	-2.028	5.2377	4
106.8	0.662	-1.7182	5.2389	4
106.85	0.661	-1.1635	5.2313	4
106.9	0.6614	-2.1517	5.2243	4
106.95	0.6617	-1.443	5.2209	4
107	0.6612	-1.6715	5.2284	4
107.05	0.6619	-1.939	5.2254	4
107.1	0.6612	-1.1368	5.2138	4
107.15	0.661	-1.9369	5.2228	4
107.2	0.662	-1.9907	5.2132	4
107.25	0.6618	-1.42	5.2018	4
107.3	0.6615	-1.8175	5.212	4
107.35	0.6618	-1.6754	5.217	4
107.4	0.662	-1.8046	5.2286	4
107.45	0.6622	-1.7485	5.23	4
107.5	0.6618	-1.3708	5.2152	4
107.55	0.6625	-2.1257	5.2115	4
107.6	0.6631	-1.6618	5.2063	4
107.65	0.6626	-1.4141	5.2198	4
107.7	0.6634	-2.3411	5.2351	4
107.75	0.6636	-1.5828	5.2147	4
107.8	0.6636	-1.6137	5.2149	4
107.85	0.6641	-2.1938	5.208	4
107.9	0.6651	-1.7255	5.199	4
107.95	0.6646	-1.6792	5.1874	4
108	0.6648	-1.6962	5.1912	4
108.05	0.6659	-2.1954	5.2025	4
108.1	0.6658	-1.2676	5.2146	4
108.15	0.6656	-1.8957	5.2151	4
108.2	0.6668	-2.0626	5.2158	4
108.25	0.6662	-1.214	5.2093	4
108.3	0.6664	-2.1638	5.2099	4
108.35	0.6671	-1.843	5.1892	4
108.4	0.6674	-1.5169	5.1807	4
108.45	0.6676	-2.153	5.1875	4
108.5	0.6684	-1.7909	5.1767	4
108.55	0.6683	-1.8715	5.1857	4
108.6	0.6681	-1.6238	5.2097	4
108.65	0.6687	-1.9256	5.2108	4
108.7	0.6692	-1.8799	5.1957	4
108.75	0.6699	-1.7889	5.204	4
108.8	0.6699	-1.8185	5.2151	4
108.85	0.6702	-1.7468	5.2195	4
108.9	0.6711	-2.2043	5.2191	4
108.95	0.671	-1.3937	5.2254	4
109	0.6715	-2.1144	5.2272	4
109.05	0.6722	-1.704	5.2128	4
109.1	0.6721	-1.6593	5.199	4
109.15	0.6726	-1.97	5.1975	4
109.2	0.6733	-1.9825	5.2116	4
109.25	0.673	-1.4852	5.2178	4
109.3	0.6736	-2.1909	5.2228	4
109.35	0.674	-1.4938	5.2077	4
109.4	0.6738	-1.8974	5.2116	4
109.45	0.6745	-1.9163	5.2318	4
109.5	0.6744	-1.5936	5.2187	4
109.55	0.6743	-1.6276	5.2017	4
109.6	0.6752	-2.4052	5.2057	4
109.65	0.676	-1.6066	5.2293	4
109.7	0.6757	-1.7158	5.2334	4
109.75	0.6765	-1.9314	5.2177	4
109.8	0.6769	-1.8589	5.2081	4
109.85	0.6771	-1.8442	5.209	4
109.9	0.6774	-1.7336	5.2084	4
109.95	0.678	-1.8973	5.2104	4
110	0.6784	-1.8401	5.207	4
110.05	0.6789	-1.8597	5.2073	4
110.1	0.6788	-1.8385	5.2142	4
110.15	0.6791	-1.8124	5.2005	4
110.2	0.6791	-1.5965	5.1923	4
110.25	0.6794	-1.8579	5.1874	4
110.3	0.6801	-1.9293	5.1991	4
110.35	0.6807	-1.6495	5.1999	4
110.4	0.6803	-1.6438	5.1902	4
110.45	0.6805	-1.9021	5.1837	4
110.5	0.6811	-1.9016	5.1774	4
110.55	0.6813	-1.6437	5.1832	4
110.6	0.6813	-1.7945	5.1835	4
110.65	0.681	-1.6032	5.1815	4
110.7	0.6818	-2.0565	5.1891	4
110.75	0.6824	-1.7112	5.1867	4
110.8	0.6819	-1.4841	5.1793	4
110.85	0.6824	-2.1265	5.1842	4
110.9	0.6834	-1.8897	5.1901	4
110.95	0.6834	-1.5364	5.1809	4
111	0.6835	-2.0745	5.1714	4
111.05	0.6839	-1.5817	5.18	4
111.1	0.6835	-1.866	5.1825	4
111.15	0.6842	-1.921	5.1867	4
111.2	0.6845	-1.8126	5.1721	4
111.25	0.6852	-1.8906	5.163	4
111.3	0.6858	-1.8848	5.1829	4
111.35	0.6864	-2.0317	5.1925	4
111.4	0.687	-1.8396	5.1818	4
111.45	0.6873	-1.74	5.1833	4
111.5	0.6882	-2.1236	5.1834	4
111.55	0.6887	-1.8581	5.1778	4
111.6	0.6891	-1.8836	5.1808	4
111.65	0.6891	-1.8485	5.2063	4
111.7	0.6898	-2.0363	5.2209	4
111.75	0.6903	-1.8512	5.204	4
111.8	0.6905	-1.8335	5.1785	4
111.85	0.6915	-2.3205	5.1682	4
111.9	0.6926	-1.7908	5.1625	4
111.95	0.6928	-2.005	5.1863	4
112	0.694	-2.1018	5.2149	4
112.05	0.6947	-1.9336	5.2066	4
112.1	0.6946	-1.846	5.2087	4
112.15	0.6953	-2.0731	5.2288	4
112.2	0.6962	-1.9988	5.2465	4
112.25	0.6973	-2.0964	5.2543	4
112.3	0.6985	-2.1592	5.2296	4
112.35	0.6996	-2.1093	5.2234	4
112.4	0.7002	-1.9504	5.1971	4
112.45	0.7009	-2.2603	5.1856	4
112.5	0.7018	-1.9292	5.1919	4
112.55	0.703	-2.2365	5.1779	4
112.6	0.7037	-1.983	5.1876	4
112.65	0.7047	-2.1538	5.1908	4
112.7	0.7062	-2.5996	5.1752	4
112.75	0.7073	-1.6741	5.1755	4
112.8	0.7079	-2.3444	5.1727	4
112.85	0.7096	-2.2235	5.1662	4
112.9	0.7111	-2.2752	5.1683	4
112.95	0.7115	-1.8402	5.1562	4
113	0.7134	-2.7213	5.1684	4
113.05	0.7148	-2.2657	5.1804	4
113.1	0.7156	-1.9647	5.1871	4
113.15	0.717	-2.5635	5.1951	4
113.2	0.719	-2.3396	5.1992	4
113.25	0.7199	-1.9554	5.199	4
113.3	0.7207	-2.3954	5.2002	4
113.35	0.7227	-2.4663	5.1895	4
113.4	0.7236	-1.9774	5.1928	4
113.45	0.724	-1.9982	5.1935	4
113.5	0.7265	-3.031	5.1856	4
113.55	0.7277	-1.839	5.1788	4
113.6	0.7283	-2.1586	5.1754	4
113.65	0.7298	-2.6172	5.1689	4
113.7	0.7316	-2.1314	5.1696	4
113.75	0.7323	-2.0833	5.1767	4
113.8	0.7336	-2.1863	5.1839	4
113.85	0.7348	-2.4773	5.181	4
113.9	0.7364	-2.1273	5.1883	4
113.95	0.737	-2.0224	5.1919	4
114	0.7383	-2.4556	5.1961	4
114.05	0.7396	-1.9738	5.2087	4
114.1	0.7404	-1.9992	5.2165	4
114.15	0.7413	-2.2527	5.205	4
114.2	0.7429	-2.2893	5.1869	4
114.25	0.7435	-1.933	5.1946	4
114.3	0.7443	-2.2271	5.2003	4
114.35	0.7456	-2.1552	5.2004	4
114.4	0.7466	-2.0182	5.1959	4
114.45	0.7471	-1.99	5.1909	4
114.5	0.7488	-2.5422	5.1813	4
114.55	0.7491	-1.4185	5.187	4
114.6	0.7499	-2.3208	5.1887	4
114.65	0.7514	-2.2534	5.1673	4
114.7	0.752	-1.9551	5.1609	4
114.75	0.7527	-2.1965	5.1776	4
114.8	0.7538	-2.1603	5.1718	4
114.85	0.7548	-1.9709	5.1691	4
114.9	0.7556	-2.2258	5.192	4
114.95	0.7569	-2.0933	5.1962	4
115	0.7576	-1.8613	5.1779	4
115.05	0.7584	-2.3623	5.1918	4
115.1	0.7599	-2.172	5.1911	4
115.15	0.76	-1.8719	5.2019	4
115.2	0.7608	-1.9094	5.2079	4
115.25	0.7623	-2.6282	5.211	4
115.3	0.7623	-1.0983	5.2257	4
115.35	0.7631	-2.731	5.2097	4
115.4	0.7644	-1.9266	5.2036	4
115.45	0.7642	-1.5525	5.2136	4
115.5	0.7653	-2.4967	5.1955	4
115.55	0.7667	-2.003	5.1849	4
115.6	0.7669	-1.7209	5.1681	4
115.65	0.7679	-2.352	5.178	4
115.7	0.7691	-1.8704	5.1713	4
115.75	0.7691	-1.8055	5.1645	4
115.8	0.7702	-2.2204	5.1756	4
115.85	0.7709	-2.0541	5.1533	4
115.9	0.7717	-1.9156	5.1633	4
115.95	0.772	-2.1235	5.175	4
116	0.7732	-2.0111	5.1616	4
116.05	0.7736	-1.7512	5.1619	4
116.1	0.7737	-2.008	5.1664	4
116.15	0.7752	-2.0387	5.1787	4
116.2	0.7757	-1.7599	5.1967	4
116.25	0.7753	-1.6813	5.1801	4
116.3	0.7768	-2.5918	5.1939	4
116.35	0.7777	-1.6349	5.1964	4
116.4	0.7776	-1.6942	5.1847	4
116.45	0.7788	-2.3115	5.1745	4
116.5	0.7792	-1.6934	5.1707	4
116.55	0.779	-1.5394	5.1866	4
116.6	0.7797	-2.2821	5.1976	4
116.65	0.7807	-1.8157	5.1848	4
116.7	0.7809	-1.6012	5.1774	4
116.75	0.781	-1.9862	5.1779	4
116.8	0.7814	-1.9021	5.177	4
116.85	0.7821	-1.9536	5.1777	4
116.9	0.7815	-1.2464	5.1904	4
116.95	0.7822	-2.1839	5.1906	4
117	0.7829	-1.9111	5.1929	4
117.05	0.783	-1.531	5.2027	4
117.1	0.783	-1.8033	5.2059	4
117.15	0.7836	-1.893	5.2157	4
117.2	0.7835	-1.5959	5.2215	4
117.25	0.7836	-1.7423	5.195	4
117.3	0.784	-1.8946	5.2204	4
117.35	0.7845	-1.7031	5.2229	4
117.4	0.7843	-1.6333	5.1971	4
117.45	0.7847	-1.7198	5.1987	4
117.5	0.7849	-1.9598	5.1867	4
117.55	0.7852	-1.537	5.191	4
117.6	0.7852	-1.8004	5.2115	4
117.65	0.7851	-1.4835	5.2133	4
117.7	0.7853	-1.9125	5.2056	4
117.75	0.7854	-1.6791	5.2009	4
117.8	0.7851	-1.3826	5.2061	4
117.85	0.7857	-2.3183	5.1981	4
117.9	0.786	-1.4597	5.1821	4
117.95	0.7856	-1.6203	5.1707	4
118	0.7861	-2.116	5.1654	4
118.05	0.7869	-1.6314	5.1928	4
118.1	0.7868	-1.8327	5.1975	4
118.15	0.7877	-2.0654	5.1865	4
118.2	0.7885	-1.8737	5.1937	4
118.25	0.7893	-2.3012	5.1808	4
118.3	0.7895	-1.4615	5.1723	4
118.35	0.7904	-2.4094	5.184	4
118.4	0.7913	-1.9174	5.1873	4
118.45	0.7918	-1.7677	5.1735	4
118.5	0.7919	-2.0627	5.1597	4
118.55	0.7932	-2.1178	5.1593	4
118.6	0.7942	-2.0443	5.1711	4
118.65	0.7947	-1.7467	5.1682	4
118.7	0.7955	-2.1919	5.1753	4
118.75	0.7964	-2.0871	5.1763	4
118.8	0.797	-1.8153	5.1609	4
118.85	0.7976	-2.1054	5.1734	4
118.9	0.7989	-2.1602	5.1931	4
118.95	0.7994	-1.7616	5.1912	4
119	0.7999	-2.0508	5.1989	4
119.05	0.8008	-2.1097	5.1831	4
119.1	0.8015	-2.001	5.1753	4
119.15	0.8018	-1.6407	5.1791	4
119.2	0.8026	-2.2309	5.1821	4
119.25	0.8036	-2.0907	5.1965	4
119.3	0.8038	-1.676	5.1898	4
119.35	0.8044	-2.0129	5.1836	4
119.4	0.8059	-2.1609	5.1769	4
119.45	0.8058	-1.7128	5.1699	4
119.5	0.8064	-1.948	5.1612	4
119.55	0.807	-1.9694	5.1557	4
119.6	0.8077	-1.9166	5.1705	4
119.65	0.8081	-1.7023	5.1649	4
119.7	0.8085	-2.0288	5.1654	4
119.75	0.8094	-1.9528	5.167	4
119.8	0.8099	-1.7462	5.1604	4
119.85	0.8101	-1.8861	5.1659	4
119.9	0.8108	-1.843	5.1689	4
119.95	0.8106	-1.7075	5.1641	4
120	0.811	-1.8917	5.1637	4
120.05	0.8116	-1.7761	5.1546	4
120.1	0.8116	-1.5575	5.1664	4
120.15	0.8119	-1.9894	5.1692	4
120.2	0.812	-1.518	5.1566	4
120.25	0.8119	-1.7332	5.1692	4
120.3	0.812	-1.7833	5.178	4
120.35	0.8124	-1.8642	5.1803	4
120.4	0.8125	-1.7537	5.1811	4
120.45	0.8131	-2.0944	5.1767	4
120.5	0.814	-1.8222	5.1791	4
120.55	0.8137	-1.4567	5.1626	4
120.6	0.8141	-2.0567	5.1519	4
120.65	0.8151	-1.9222	5.1682	4
120.7	0.8148	-1.3873	5.1788	4
120.75	0.8149	-2.0997	5.1784	4
120.8	0.8154	-1.621	5.17	4
120.85	0.8152	-1.8161	5.169	4
120.9	0.8155	-1.6799	5.1637	4
120.95	0.8158	-1.7792	5.1645	4
121	0.816	-1.7615	5.1814	4
121.05	0.8155	-1.2998	5.1683	4
121.1	0.8155	-2.0506	5.1608	4
121.15	0.8158	-1.5471	5.1604	4
121.2	0.8155	-1.6556	5.1474	4
121.25	0.8156	-1.7553	5.164	4
121.3	0.816	-1.6813	5.1907	4
121.35	0.8156	-1.3809	5.2037	4
121.4	0.8154	-1.826	5.2054	4
121.45	0.8154	-1.4716	5.1941	4
121.5	0.8157	-1.8507	5.1889	4
121.55	0.8156	-1.5423	5.1807	4
121.6	0.8152	-1.5737	5.1602	4
121.65	0.815	-1.8247	5.1515	4
121.7	0.815	-1.6849	5.1433	4
121.75	0.8149	-1.4709	5.1466	4
121.8	0.8157	-2.2185	5.1523	4
121.85	0.8156	-1.0699	5.1619	4
121.9	0.8154	-2.0339	5.1834	4
121.95	0.8159	-1.5731	5.1774	4
122	0.8157	-1.665	5.1844	4
122.05	0.8158	-1.6674	5.1967	4
122.1	0.8162	-1.851	5.1996	4
122.15	0.8165	-1.7759	5.1998	4
122.2	0.8166	-1.8051	5.1957	4
122.25	0.8167	-1.5655	5.1728	4
122.3	0.8172	-2.0195	5.1719	4
122.35	0.8174	-1.5301	5.186	4
122.4	0.8178	-1.9757	5.1787	4
122.45	0.8182	-1.7817	5.1994	4
122.5	0.8185	-1.9096	5.2122	4
122.55	0.8193	-1.9582	5.2091	4
122.6	0.8196	-1.7222	5.211	4
122.65	0.8197	-1.8469	5.2222	4
122.7	0.8204	-2.033	5.2195	4
122.75	0.821	-1.6816	5.2087	4
122.8	0.8214	-2.1361	5.2056	4
122.85	0.822	-1.8236	5.2025	4
122.9	0.8229	-2.2135	5.1969	4
122.95	0.8234	-1.8227	5.1943	4
123	0.8243	-2.0686	5.187	4
123.05	0.8247	-1.8736	5.1905	4
123.1	0.8255	-2.0273	5.1938	4
123.15	0.8262	-2.0592	5.1909	4
123.2	0.827	-1.923	5.2007	4
123.25	0.8275	-1.9764	5.1947	4
123.3	0.8282	-1.9438	5.2113	4
123.35	0.8291	-2.01	5.2122	4
123.4	0.8297	-1.9773	5.1898	4
123.45	0.8306	-2.0491	5.1883	4
123.5	0.8313	-2.1519	5.1894	4
123.55	0.8318	-1.7816	5.1793	4
123.6	0.8321	-1.9995	5.1578	4
123.65	0.8334	-2.2531	5.1656	4
123.7	0.8338	-1.6441	5.179	4
123.75	0.8342	-2.0425	5.1804	4
123.8	0.835	-1.8859	5.1895	4
123.85	0.8353	-1.9498	5.1729	4
123.9	0.8359	-2.117	5.155	4
123.95	0.837	-2.0205	5.1666	4
124	0.8374	-1.5699	5.1803	4
124.05	0.8378	-2.041	5.1781	4
124.1	0.8386	-2.0222	5.184	4
124.15	0.8387	-1.6452	5.1754	4
124.2	0.8389	-1.9433	5.1847	4
124.25	0.8398	-1.9621	5.1981	4
124.3	0.8397	-1.6801	5.181	4
124.35	0.8392	-1.648	5.1693	4
124.4	0.8407	-2.4475	5.1888	4
124.45	0.8409	-1.3173	5.1964	4
124.5	0.8407	-1.8539	5.1999	4
124.55	0.8417	-2.0599	5.1933	4
124.6	0.8415	-1.331	5.191	4
124.65	0.8416	-2.0106	5.1908	4
124.7	0.8423	-1.8883	5.1979	4
124.75	0.8424	-1.5163	5.1969	4
124.8	0.8417	-1.6165	5.1814	4
124.85	0.8426	-2.0652	5.1675	4
124.9	0.8426	-1.6148	5.1698	4
124.95	0.8428	-1.8048	5.1735	4
125	0.8431	-1.6808	5.1709	4
125.05	0.8436	-2.0029	5.163	4
125.1	0.8437	-1.2117	5.1688	4
125.15	0.8435	-2.0737	5.1673	4
125.2	0.8446	-1.8775	5.1667	4
125.25	0.8444	-1.493	5.1836	4
125.3	0.8442	-1.7357	5.1867	4
125.35	0.8448	-2.0969	5.1713	4
125.4	0.8449	-1.4627	5.1737	4
125.45	0.8451	-1.9473	5.1754	4
125.5	0.8464	-1.9965	5.1824	4
125.55	0.8462	-1.7672	5.1965	4
125.6	0.8462	-1.6397	5.1719	4
125.65	0.8468	-2.1346	5.1574	4
125.7	0.8476	-1.7714	5.1763	4
125.75	0.8475	-1.6893	5.1921	4
125.8	0.8485	-2.1401	5.1917	4
125.85	0.8486	-1.5757	5.2038	4
125.9	0.8491	-2.0105	5.1977	4
125.95	0.8499	-1.8888	5.1903	4
126	0.8508	-2.1166	5.1868	4
126.05	0.8507	-1.4851	5.1695	4
126.1	0.8511	-2.1963	5.1808	4
126.15	0.852	-1.7586	5.1911	4
126.2	0.8522	-1.8528	5.1905	4
126.25	0.8528	-1.854	5.1968	4
126.3	0.8532	-1.8537	5.1911	4
126.35	0.8537	-1.8837	5.1901	4
126.4	0.8546	-2.0351	5.201	4
126.45	0.8545	-1.6393	5.2024	4
126.5	0.855	-2.2461	5.1952	4
126.55	0.8558	-1.8153	5.1955	4
126.6	0.8559	-1.7258	5.1957	4
126.65	0.8568	-2.2047	5.1747	4
126.7	0.8576	-1.8623	5.18	4
126.75	0.858	-1.9315	5.1969	4
126.8	0.859	-1.9951	5.1992	4
126.85	0.8591	-1.645	5.1958	4
126.9	0.8599	-2.2424	5.183	4
126.95	0.8605	-2.0136	5.1739	4
127	0.8614	-1.7034	5.1853	4
127.05	0.8619	-2.2737	5.1953	4
127.1	0.863	-1.8045	5.2104	4
127.15	0.8634	-2.1352	5.2037	4
127.2	0.8644	-1.8157	5.1913	4
127.25	0.8652	-2.1814	5.2092	4
127.3	0.8657	-1.7584	5.1975	4
127.35	0.8663	-2.079	5.1893	4
127.4	0.8675	-2.1647	5.2049	4
127.45	0.8677	-1.8438	5.2166	4
127.5	0.8683	-2.0908	5.2236	4
127.55	0.8698	-2.2046	5.2018	4
127.6	0.8699	-1.5682	5.1893	4
127.65	0.871	-2.4624	5.1936	4
127.7	0.8717	-1.7834	5.187	4
127.75	0.8721	-1.933	5.1956	4
127.8	0.873	-2.0762	5.1966	4
127.85	0.874	-2.3447	5.1904	4
127.9	0.8743	-1.6095	5.1988	4
127.95	0.8752	-2.4858	5.2006	4
128	0.8762	-1.8985	5.2189	4
128.05	0.8772	-2.0964	5.2225	4
128.1	0.8784	-2.2476	5.2226	4
128.15	0.8795	-1.8357	5.2151	4
128.2	0.8798	-2.286	5.1993	4
128.25	0.8814	-2.1138	5.2114	4
128.3	0.8818	-1.943	5.2171	4
128.35	0.8825	-2.1669	5.2041	4
128.4	0.8838	-2.2944	5.1924	4
128.45	0.8844	-1.9647	5.1801	4
128.5	0.8854	-2.2644	5.1846	4
128.55	0.8871	-2.2008	5.2026	4
128.6	0.8876	-2.0819	5.2036	4
128.65	0.8891	-2.1599	5.2029	4
128.7	0.8898	-2.2129	5.1959	4
128.75	0.8916	-2.2221	5.1826	4
128.8	0.8918	-1.9835	5.184	4
128.85	0.8934	-2.3687	5.1943	4
128.9	0.8948	-2.1779	5.2032	4
128.95	0.8958	-2.01	5.2033	4
129	0.8969	-2.3081	5.2117	4
129.05	0.8982	-2.3147	5.2138	4
129.1	0.8985	-1.7708	5.1974	4
129.15	0.9	-2.4503	5.1876	4
129.2	0.9006	-1.9217	5.1823	4
129.25	0.9019	-2.2959	5.1923	4
129.3	0.9024	-1.6243	5.2031	4
129.35	0.9035	-2.6922	5.1909	4
129.4	0.905	-1.7761	5.1834	4
129.45	0.9055	-2.2646	5.2011	4
129.5	0.9064	-1.9479	5.2184	4
129.55	0.9074	-2.1866	5.2298	4
129.6	0.9083	-2.0318	5.2324	4
129.65	0.9089	-1.9533	5.2335	4
129.7	0.9103	-2.2399	5.2207	4
129.75	0.911	-1.9515	5.1961	4
129.8	0.9109	-1.4863	5.1933	4
129.85	0.9121	-2.4982	5.205	4
129.9	0.9133	-1.9741	5.2079	4
129.95	0.9135	-1.6665	5.2122	4
130	0.9146	-2.3432	5.2112	4
130.05	0.9153	-1.6452	5.2131	4
130.1	0.9156	-2.0425	5.2024	4
130.15	0.9159	-1.6916	5.2097	4
130.2	0.917	-2.1244	5.217	4
130.25	0.9172	-1.4673	5.22	4
130.3	0.9175	-1.9954	5.2373	4
130.35	0.9181	-1.9254	5.2194	4
130.4	0.9183	-1.573	5.2132	4
130.45	0.9179	-1.75	5.2089	4
130.5	0.9188	-1.9832	5.2033	4
130.55	0.9184	-1.2769	5.2029	4
130.6	0.9186	-2.1067	5.2033	4
130.65	0.919	-1.5551	5.2137	4
130.7	0.9192	-1.8946	5.2215	4
130.75	0.9186	-1.3252	5.2111	4
130.8	0.9188	-1.8183	5.1818	4
130.85	0.9186	-1.8354	5.1728	4
130.9	0.9191	-1.4885	5.194	4
130.95	0.9185	-1.5591	5.2016	4
131	0.9187	-1.8167	5.1961	4
131.05	0.9184	-1.4701	5.2092	4
131.1	0.9186	-1.8502	5.2103	4
131.15	0.9183	-1.3047	5.1909	4
131.2	0.9187	-1.9839	5.1898	4
131.25	0.9188	-1.5674	5.1911	4
131.3	0.9185	-1.3457	5.2128	4
131.35	0.918	-1.7662	5.2175	4
131.4	0.9183	-1.5322	5.2085	4
131.45	0.9175	-1.4192	5.2025	4
131.5	0.9176	-1.8157	5.1958	4
131.55	0.9174	-1.4524	5.19	4
131.6	0.9165	-1.3507	5.1996	4
131.65	0.9167	-1.7603	5.1993	4
131.7	0.9168	-1.7123	5.1823	4
131.75	0.9159	-0.8037	5.1834	4
131.8	0.9155	-2.1714	5.1963	4
131.85	0.9158	-1.114	5.195	4
131.9	0.915	-1.6165	5.2029	4
131.95	0.9144	-1.3627	5.1914	4
132	0.9146	-1.7339	5.1844	4
132.05	0.9145	-1.415	5.1826	4
132.1	0.9134	-1.305	5.1893	4
132.15	0.9132	-1.7906	5.1987	4
132.2	0.9125	-1.2126	5.1911	4
132.25	0.9117	-1.426	5.1826	4
132.3	0.912	-1.6248	5.19	4
132.35	0.9118	-1.3792	5.2074	4
132.4	0.9108	-1.3602	5.2176	4
132.45	0.9108	-1.6706	5.2275	4
132.5	0.9104	-1.4789	5.2458	4
132.55	0.9103	-1.4976	5.2292	4
132.6	0.9102	-1.469	5.2047	4
132.65	0.9098	-1.6342	5.1991	4
132.7	0.9094	-1.4117	5.1994	4
132.75	0.9087	-1.3836	5.1715	4
132.8	0.9088	-1.946	5.1644	4
132.85	0.9093	-1.6056	5.1832	4
132.9	0.9088	-1.549	5.1801	4
132.95	0.9087	-1.6721	5.1759	4
133	0.9085	-1.6562	5.1739	4
133.05	0.9084	-1.5819	5.17	4
133.1	0.9083	-1.7374	5.19	4
133.15	0.9082	-1.4907	5.1871	4
133.2	0.9079	-1.7883	5.1766	4
133.25	0.9082	-1.5169	5.1842	4
133.3	0.9083	-1.981	5.1707	4
133.35	0.909	-1.7525	5.1732	4
133.4	0.9085	-1.5696	5.1965	4
133.45	0.909	-1.9687	5.1997	4
133.5	0.9092	-1.6521	5.2225	4
133.55	0.9094	-1.6065	5.2168	4
133.6	0.9097	-1.8834	5.2163	4
133.65	0.9106	-1.9238	5.2233	4
133.7	0.9106	-1.6519	5.2287	4
133.75	0.911	-2.0442	5.2375	4
133.8	0.9107	-1.3395	5.2172	4
133.85	0.9107	-2.0218	5.197	4
133.9	0.9115	-1.8904	5.1967	4
133.95	0.9115	-1.696	5.2075	4
134	0.912	-2.0097	5.2051	4
134.05	0.9123	-1.8822	5.1973	4
134.1	0.9126	-1.6338	5.2062	4
134.15	0.9133	-2.2452	5.2187	4
134.2	0.9142	-1.7217	5.2077	4
134.25	0.9141	-1.8816	5.2009	4
134.3	0.9149	-2.19	5.192	4
134.35	0.9159	-1.8713	5.1969	4
134.4	0.9157	-1.6157	5.2033	4
134.45	0.9168	-2.2598	5.2131	4
134.5	0.9176	-1.9596	5.2166	4
134.55	0.9181	-1.8353	5.1999	4
134.6	0.9191	-2.0973	5.2039	4
134.65	0.9196	-2.0596	5.203	4
134.7	0.9202	-1.5883	5.1954	4
134.75	0.9214	-2.5801	5.2099	4
134.8	0.9219	-1.6298	5.2131	4
134.85	0.9226	-2.3146	5.2064	4
134.9	0.924	-2.1692	5.2136	4
134.95	0.9249	-1.7475	5.2125	4
135	0.9258	-2.3601	5.217	4
135.05	0.9267	-1.9214	5.2036	4
135.1	0.9279	-2.2214	5.1937	4
135.15	0.9285	-1.8523	5.2149	4
135.2	0.9292	-2.1614	5.2224	4
135.25	0.9311	-2.4882	5.2156	4
135.3	0.931	-1.4539	5.2078	4
135.35	0.9315	-2.4081	5.2096	4
135.4	0.9329	-2.0396	5.211	4
135.45	0.9327	-1.6452	5.1849	4
135.5	0.9335	-2.25	5.1735	4
135.55	0.9353	-2.3701	5.199	4
135.6	0.9356	-1.4586	5.2101	4
135.65	0.9367	-2.5612	5.2059	4
135.7	0.9374	-1.7449	5.1964	4
135.75	0.938	-2.0696	5.1939	4
135.8	0.9389	-1.9632	5.1834	4
135.85	0.9395	-2.0519	5.1762	4
135.9	0.9405	-1.7919	5.174	4
135.95	0.9405	-1.9431	5.1751	4
136	0.9417	-2.0525	5.1888	4
136.05	0.9421	-2.0433	5.1789	4
136.1	0.9429	-1.8154	5.1754	4
136.15	0.9432	-2.1337	5.1829	4
136.2	0.9442	-1.7688	5.1916	4
136.25	0.9444	-2.0209	5.1905	4
136.3	0.9453	-1.965	5.1839	4
136.35	0.9456	-1.6708	5.1866	4
136.4	0.9458	-2.0607	5.1828	4
136.45	0.9469	-1.9186	5.2007	4
136.5	0.9472	-1.7849	5.2116	4
136.55	0.9476	-2.0458	5.2054	4
136.6	0.9494	-2.058	5.1855	4
136.65	0.9487	-1.4286	5.1815	4
136.7	0.9492	-1.9338	5.198	4
136.75	0.9503	-2.0369	5.2044	4
136.8	0.9503	-1.5769	5.2185	4
136.85	0.9504	-1.7285	5.222	4
136.9	0.9507	-2.1581	5.2024	4
136.95	0.9507	-1.3625	5.1973	4
137	0.9505	-1.8195	5.1988	4
137.05	0.9507	-1.7701	5.1965	4
137.1	0.9512	-1.779	5.1765	4
137.15	0.9508	-1.5394	5.1858	4
137.2	0.9508	-1.5819	5.1779	4
137.25	0.9513	-1.8796	5.1678	4
137.3	0.951	-1.5242	5.1965	4
137.35	0.9512	-1.7978	5.2078	4
137.4	0.9514	-1.7046	5.2051	4
137.45	0.9515	-1.5202	5.1989	4
137.5	0.9515	-1.7804	5.1939	4
137.55	0.9511	-1.243	5.1811	4
137.6	0.9511	-1.9256	5.1873	4
137.65	0.9508	-1.3595	5.1953	4
137.7	0.95	-1.5344	5.1872	4
137.75	0.95	-1.6657	5.1855	4
137.8	0.9497	-1.4683	5.1902	4
137.85	0.9491	-1.2572	5.1754	4
137.9	0.9487	-1.7918	5.1838	4
137.95	0.9492	-1.4706	5.2106	4
138	0.9484	-1.3186	5.1937	4
138.05	0.9484	-1.7217	5.2031	4
138.1	0.9483	-1.5621	5.1993	4
138.15	0.9472	-1.1632	5.1881	4
138.2	0.947	-1.9413	5.1848	4
138.25	0.9476	-1.4889	5.1736	4
138.3	0.9467	-1.3061	5.1792	4
138.35	0.9468	-1.8451	5.1804	4
138.4	0.9466	-1.4092	5.1857	4
138.45	0.9464	-1.5754	5.1972	4
138.5	0.9459	-1.3834	5.1881	4
138.55	0.946	-1.8195	5.194	4
138.6	0.9454	-1.3748	5.2082	4
138.65	0.9452	-1.5064	5.2157	4
138.7	0.9451	-1.6868	5.2033	4
138.75	0.9448	-1.4187	5.1943	4
138.8	0.944	-1.367	5.194	4
138.85	0.944	-1.8514	5.1875	4
138.9	0.9439	-1.2102	5.1854	4
138.95	0.9433	-1.6645	5.181	4
139	0.9439	-1.8376	5.183	4
139.05	0.9435	-1.2346	5.1903	4
139.1	0.9423	-1.4208	5.177	4
139.15	0.9431	-1.9998	5.163	4
139.2	0.9425	-1.1739	5.1715	4
139.25	0.9426	-1.7739	5.1763	4
139.3	0.9426	-1.5426	5.1798	4
139.35	0.9422	-1.6659	5.1878	4
139.4	0.9423	-1.7443	5.1965	4
139.45	0.9419	-1.2356	5.2022	4
139.5	0.9413	-1.837	5.1836	4
139.55	0.9423	-2.0164	5.1803	4
139.6	0.9412	-0.8123	5.208	4
139.65	0.941	-2.3141	5.2093	4
139.7	0.9424	-1.6225	5.1949	4
139.75	0.9415	-1.2314	5.1872	4
139.8	0.9412	-1.7334	5.1949	4
139.85	0.9422	-1.9728	5.1959	4
139.9	0.9416	-0.9844	5.1948	4
139.95	0.9411	-2.0264	5.1983	4
140	0.9413	-1.4626	5.2083	4
140.05	0.9415	-1.9617	5.1843	4
140.1	0.9408	-0.8559	5.1805	4
140.15	0.9405	-2.1062	5.1748	4
140.2	0.9407	-1.3533	5.1773	4
140.25	0.9398	-1.4044	5.1777	4
140.3	0.94	-1.7003	5.1785	4
140.35	0.9398	-1.6243	5.1688	4
140.4	0.9399	-1.3628	5.1643	4
140.45	0.939	-1.5833	5.1821	4
140.5	0.939	-1.5428	5.1889	4
140.55	0.9384	-1.6999	5.173	4
140.6	0.9382	-1.1913	5.1882	4
140.65	0.9375	-1.6906	5.1971	4
140.7	0.9375	-1.444	5.1885	4
140.75	0.9368	-1.3985	5.205	4
140.8	0.9367	-1.5941	5.194	4
140.85	0.9361	-1.371	5.1905	4
140.9	0.9363	-1.8393	5.1937	4
140.95	0.9358	-1.3772	5.2127	4
141	0.9352	-1.466	5.2009	4
141.05	0.935	-1.6551	5.1829	4
141.1	0.935	-1.3852	5.1887	4
141.15	0.9344	-1.6506	5.1816	4
141.2	0.9345	-1.6418	5.19	4
141.25	0.9343	-1.432	5.1955	4
141.3	0.9336	-1.6785	5.1915	4
141.35	0.9343	-1.7569	5.201	4
141.4	0.9342	-1.4304	5.2078	4
141.45	0.9339	-1.7266	5.1827	4
141.5	0.9341	-1.6569	5.1784	4
141.55	0.9339	-1.6197	5.1749	4
141.6	0.934	-1.6404	5.1874	4
141.65	0.9337	-1.7811	5.1957	4
141.7	0.9339	-1.5209	5.183	4
141.75	0.9335	-1.6112	5.1756	4
141.8	0.9339	-1.9797	5.18	4
141.85	0.934	-1.4207	5.1796	4
141.9	0.934	-1.8052	5.1696	4
141.95	0.9345	-1.785	5.1692	4
142	0.9345	-1.6349	5.1896	4
142.05	0.9344	-1.7457	5.2052	4
142.1	0.9347	-1.7372	5.2085	4
142.15	0.9345	-1.7252	5.1878	4
142.2	0.9348	-1.85	5.1772	4
142.25	0.935	-1.6943	5.1682	4
142.3	0.9351	-1.8648	5.1734	4
142.35	0.9355	-1.792	5.1804	4
142.4	0.9354	-1.4965	5.1819	4
142.45	0.9355	-1.8451	5.1748	4
142.5	0.9363	-2.0537	5.1755	4
142.55	0.9364	-1.5978	5.1642	4
142.6	0.9365	-1.6759	5.1797	4
142.65	0.937	-1.9253	5.1779	4
142.7	0.9378	-1.9291	5.1601	4
142.75	0.9376	-1.6172	5.1536	4
142.8	0.9378	-1.9246	5.1624	4
142.85	0.9386	-2.0408	5.1659	4
142.9	0.9388	-1.4767	5.1781	4
142.95	0.9392	-1.9411	5.1814	4
143	0.94	-2.0085	5.1902	4
143.05	0.9399	-1.4714	5.1952	4
143.1	0.9398	-1.9015	5.1839	4
143.15	0.9407	-2.0542	5.2024	4
143.2	0.9412	-1.778	5.2091	4
143.25	0.9406	-1.5689	5.207	4
143.3	0.9416	-2.0961	5.1997	4
143.35	0.942	-1.8545	5.1724	4
143.4	0.9422	-1.8151	5.1774	4
143.45	0.9426	-1.9431	5.1937	4
143.5	0.9437	-2.1107	5.1779	4
143.55	0.9441	-1.7421	5.1846	4
143.6	0.9444	-1.9316	5.1842	4
143.65	0.945	-1.8794	5.1771	4
143.7	0.9458	-2.0497	5.1864	4
143.75	0.9461	-1.7775	5.1907	4
143.8	0.9465	-2.1399	5.177	4
143.85	0.9472	-1.6366	5.1688	4
143.9	0.9478	-2.1154	5.1712	4
143.95	0.9482	-1.7689	5.1699	4
144	0.9491	-2.2652	5.1754	4
144.05	0.95	-1.9243	5.1834	4
144.1	0.9511	-2.1827	5.1703	4
144.15	0.9521	-1.9356	5.1683	4
144.2	0.9527	-1.937	5.162	4
144.25	0.9532	-2.1517	5.1721	4
144.3	0.9539	-2.1	5.1919	4
144.35	0.9541	-1.7244	5.1789	4
144.4	0.9551	-2.3982	5.1788	4
144.45	0.9563	-1.9536	5.1894	4
144.5	0.9566	-1.8196	5.1908	4
144.55	0.9579	-2.1718	5.1914	4
144.6	0.9592	-2.2503	5.1874	4
144.65	0.9592	-1.5302	5.179	4
144.7	0.9593	-2.1094	5.1857	4
144.75	0.9603	-1.8834	5.1808	4
144.8	0.9613	-2.1	5.1839	4
144.85	0.9618	-1.4758	5.1998	4
144.9	0.9619	-2.0756	5.2048	4
144.95	0.9627	-1.8669	5.1989	4
145	0.9627	-1.6983	5.1795	4
145.05	0.9627	-1.8139	5.1891	4
145.1	0.9632	-1.849	5.1856	4
145.15	0.9632	-1.7678	5.1954	4
145.2	0.9637	-1.9059	5.2069	4
145.25	0.9643	-1.9334	5.2117	4
145.3	0.9646	-1.7793	5.2077	4
145.35	0.9647	-1.6241	5.1771	4
145.4	0.9651	-2.0036	5.1671	4
145.45	0.9657	-1.5029	5.1816	4
145.5	0.9651	-1.6952	5.1881	4
145.55	0.9658	-1.7938	5.2025	4
145.6	0.9659	-1.6629	5.211	4
145.65	0.9659	-1.5153	5.2149	4
145.7	0.9661	-1.9359	5.2123	4
145.75	0.9657	-1.3331	5.1919	4
145.8	0.9652	-1.6694	5.1907	4
145.85	0.9654	-1.7564	5.1884	4
145.9	0.9652	-1.5802	5.1809	4
145.95	0.965	-1.5147	5.1877	4
146	0.9655	-1.8563	5.1917	5
146.05	0.9656	-1.4303	5.1912	5
146.1	0.9647	-1.454	5.1769	5
146.15	0.9649	-1.8266	5.1647	5
146.2	0.9671	-1.7291	5.1735	5
146.25	0.9738	-1.0816	5.1756	5
146.3	0.9886	-1.9086	5.1888	5
146.35	1.0095	-1.1307	5.2039	5
146.4	1.0378	-0.6612	5.1834	5
146.45	1.0736	-0.6839	5.1694	5
146.5	1.1157	-0.1101	5.1825	5
146.55	1.1648	0.4033	5.1963	5
146.6	1.2208	1.0671	5.1918	5
146.65	1.2839	1.2028	5.185	5
146.7	1.3529	2.47	5.1996	5
146.75	1.4295	2.8516	5.211	5
146.8	1.5121	3.7735	5.1968	5
146.85	1.6012	4.5973	5.1969	5
146.9	1.6961	6.1547	5.1811	5
146.95	1.7983	7.0332	5.169	5
147	1.9067	8.2325	5.1601	5
147.05	2.0206	10.1762	5.1596	5
147.1	2.141	11.9356	5.182	5
147.15	2.2683	13.0167	5.176	5
147.2	2.4002	15.954	5.1624	5
147.25	2.5392	17.8372	5.1629	5
147.3	2.684	20.1907	5.16	5
147.35	2.8347	23.085	5.1647	5
147.4	2.9919	26.2563	5.1585	5
147.45	3.1564	29.1312	5.1526	5
147.5	3.3277	32.9788	5.1609	5
147.55	3.5067	37.316	5.1731	5
147.6	3.694	42.0176	5.1725	5
147.65	3.8908	46.4494	5.1697	5
147.7	4.0953	53.1662	5.1571	5
147.75	4.3085	59.8498	5.1603	5
147.8	4.5303	66.3822	5.1812	5
147.85	4.7586	75.3844	5.1996	5
147.9	4.9948	84.4456	5.2058	5
147.95	5.238	94.4975	5.1941	5
148	5.4871	106.1899	5.1798	5
148.05	5.7415	119.62	5.1781	6
148.1	6.0017	134.4391	5.1776	6
148.15	6.2673	150.5376	5.1889	6
148.2	6.5359	169.6704	5.1782	6
148.25	6.8082	190.6788	5.1759	6
148.3	7.0824	213.0997	5.1871	6
148.35	7.353	237.2437	5.1874	6
148.4	7.6178	262.8159	5.1881	6
148.45	7.8776	288.8062	5.1786	6
148.5	8.1311	316.3172	5.1873	6
148.55	8.3788	344.3246	5.1883	6
148.6	8.6204	373.7074	5.178	6
148.65	8.8566	403.9039	5.1741	6
148.7	9.0871	434.46	5.16	6
148.75	9.3113	466.361	5.1499	6
148.8	9.53	498.5203	5.1489	6
148.85	9.7435	530.7973	5.1633	6
148.9	9.9513	563.9319	5.1541	6
148.95	10.1543	597.1353	5.1612	6
149	10.3525	630.3414	5.1642	6
149.05	10.5459	662.9452	5.1627	6
149.1	10.7338	696.3273	5.1861	6
149.15	10.9183	728.8542	5.1779	6
149.2	11.0989	760.7254	5.1693	6
149.25	11.2745	793.3083	5.1641	6
149.3	11.4463	825.1997	5.1422	6
149.35	11.6141	856.0107	5.1572	6
149.4	11.7775	886.8598	5.1662	6
149.45	11.937	917.9958	5.1734	6
149.5	12.0932	947.6647	5.1745	6
149.55	12.2454	977.6264	5.1766	6
149.6	12.3934	1008.2271	5.1807	6
149.65	12.5383	1037.4972	5.1725	6
149.7	12.6803	1066.0706	5.1627	6
149.75	12.8184	1094.8014	5.16	6
149.8	12.9543	1121.3473	5.1589	6
149.85	13.0882	1145.619	5.1632	6
149.9	13.2186	1170.1882	5.1914	6
149.95	13.3462	1194.1284	5.1783	6
150	13.4706	1217.0336	5.1736	6
150.05	13.5914	1240.0616	5.1685	6
150.1	13.7101	1261.9555	5.1588	6
150.15	13.8258	1283.6836	5.1601	6
150.2	13.9389	1305.2427	5.1407	6
150.25	14.0494	1325.9584	5.1368	6
150.3	14.1578	1345.4073	5.143	6
150.35	14.263	1365.4635	5.1473	6
150.4	14.3657	1384.8646	5.1612	6
150.45	14.4669	1403.0682	5.147	6
150.5	14.5647	1421.7664	5.159	6
150.55	14.6595	1440.1028	5.1565	6
150.6	14.7523	1457.4854	5.1452	6
150.65	14.8434	1474.6229	5.1606	6
150.7	14.9317	1492.3563	5.1553	6
150.75	15.0181	1509.2742	5.1654	6
150.8	15.1029	1525.4071	5.1871	6
150.85	15.1846	1542.4324	5.1699	6
150.9	15.2654	1557.8907	5.1489	6
150.95	15.3443	1572.9027	5.1457	6
151	15.4213	1587.1999	5.1529	6
151.05	15.4964	1601.26	5.1628	6
151.1	15.5704	1614.3287	5.1489	6
151.15	15.6424	1627.1898	5.163	6
151.2	15.7125	1639.573	5.1669	6
151.25	15.7813	1650.0414	5.1579	6
151.3	15.8489	1660.2969	5.1632	6
151.35	15.9162	1669.8142	5.1557	6
151.4	15.9841	1675.6611	5.1576	6
151.45	16.0498	1681.358	5.1436	6
151.5	16.1131	1687.5302	5.1354	6
151.55	16.1752	1693.1248	5.1555	6
151.6	16.2358	1698.6161	5.1641	6
151.65	16.2943	1704.6961	5.1565	6
151.7	16.3511	1710.5468	5.1546	6
151.75	16.4071	1715.0928	5.1622	6
151.8	16.4622	1719.1398	5.1642	6
151.85	16.5158	1723.3196	5.1589	6
151.9	16.5682	1726.8073	5.1666	6
151.95	16.6189	1730.5213	5.1685	6
152	16.6678	1734.8593	5.1756	6
152.05	16.7166	1737.8699	5.1653	6
152.1	16.7649	1739.7893	5.1508	6
152.15	16.8109	1742.3217	5.1531	6
152.2	16.8564	1743.8293	5.1736	6
152.25	16.902	1743.4695	5.1693	6
152.3	16.9452	1744.6086	5.1645	6
152.35	16.9875	1745.5721	5.171	6
152.4	17.0294	1745.0108	5.1759	6
152.45	17.0694	1745.5786	5.1658	6
152.5	17.1085	1746.175	5.157	6
152.55	17.1471	1745.5455	5.1513	6
152.6	17.1846	1745.0529	5.1534	6
152.65	17.2208	1744.7081	5.16	6
152.7	17.2565	1743.7991	5.1708	6
152.75	17.2917	1742.5525	5.1543	6
152.8	17.3251	1741.904	5.1488	6
152.85	17.3577	1740.8333	5.1518	6
152.9	17.3897	1739.7451	5.163	6
152.95	17.4203	1738.9086	5.1494	6
153	17.4502	1738.0775	5.1545	6
153.05	17.4792	1737.3225	5.1726	6
153.1	17.5078	1736.1442	5.1699	6
153.15	17.5359	1734.2588	5.1837	6
153.2	17.5639	1731.4879	5.191	6
153.25	17.5913	1728.3465	5.1797	6
153.3	17.6181	1725.0368	5.1907	6
153.35	17.6436	1722.2794	5.1845	6
153.4	17.6684	1719.3508	5.1819	6
153.45	17.6928	1716.3748	5.1801	6
153.5	17.7163	1713.3912	5.151	6
153.55	17.739	1710.411	5.1673	6
153.6	17.7612	1707.1435	5.1778	6
153.65	17.7829	1703.7812	5.1747	6
153.7	17.8039	1700.6933	5.18	6
153.75	17.8246	1697.3363	5.1847	6
153.8	17.8445	1694.2234	5.1866	6
153.85	17.8639	1691.1486	5.1811	6
153.9	17.8825	1687.8552	5.1693	6
153.95	17.9007	1684.6041	5.1595	6
154	17.9184	1681.6186	5.1696	6
154.05	17.9356	1678.3386	5.1715	6
154.1	17.9523	1674.6703	5.1742	6
154.15	17.9683	1671.5829	5.1701	6
154.2	17.9842	1668.0793	5.168	6
154.25	17.9998	1664.1212	5.1795	6
154.3	18.0142	1661.7463	5.1722	6
154.35	18.0289	1658.1467	5.1649	6
154.4	18.0433	1653.8961	5.1565	6
154.45	18.0564	1651.0079	5.1479	6
154.5	18.0694	1647.8403	5.1567	6
154.55	18.0831	1643.1528	5.1655	6
154.6	18.0951	1640.0731	5.1707	6
154.65	18.1068	1636.9768	5.1796	6
154.7	18.119	1632.9	5.1788	6
154.75	18.1301	1629.7537	5.1642	6
154.8	18.1406	1626.981	5.1559	6
154.85	18.1515	1622.8901	5.156	6
154.9	18.1619	1619.286	5.1408	6
154.95	18.1716	1616.3159	5.1424	6
155	18.1814	1612.6753	5.1423	6
155.05	18.1909	1609.0323	5.1202	6
155.1	18.1998	1605.9624	5.1332	6
155.15	18.2087	1602.4817	5.1372	6
155.2	18.2173	1599.015	5.1405	6
155.25	18.2252	1595.9857	5.1554	6
155.3	18.233	1592.6519	5.1495	6
155.35	18.2411	1589.7405	5.1704	6
155.4	18.2485	1586.4585	5.1636	6
155.45	18.2554	1582.7406	5.151	6
155.5	18.2623	1579.1354	5.1552	6
155.55	18.2688	1575.8497	5.1819	6
155.6	18.2754	1572.5553	5.1795	6
155.65	18.2816	1569.4648	5.1662	6
155.7	18.2874	1566.804	5.1617	6
155.75	18.2935	1563.6578	5.1531	6
155.8	18.2991	1560.9429	5.1429	6
155.85	18.3045	1558.6519	5.1429	6
155.9	18.3099	1555.4203	5.1549	6
155.95	18.3148	1552.0047	5.1657	6
156	18.3191	1550.098	5.1706	6
156.05	18.324	1547.0723	5.1637	6
156.1	18.3284	1543.7057	5.1649	6
156.15	18.3324	1541.5222	5.1568	6
156.2	18.3364	1538.5153	5.1452	6
156.25	18.3409	1535.2115	5.1551	6
156.3	18.3443	1532.7993	5.1527	6
156.35	18.3478	1530.5001	5.1498	6
156.4	18.3516	1527.3379	5.1414	6
156.45	18.3549	1524.8867	5.1403	6
156.5	18.3582	1522.2728	5.1668	6
156.55	18.3613	1519.4652	5.1792	6
156.6	18.3641	1517.1078	5.164	6
156.65	18.3669	1514.6668	5.1491	6
156.7	18.3698	1511.8945	5.1361	6
156.75	18.3722	1509.781	5.1457	6
156.8	18.3746	1507.0788	5.148	6
156.85	18.3773	1504.2155	5.1399	6
156.9	18.3796	1501.8077	5.1407	6
156.95	18.3817	1499.7312	5.161	6
157	18.384	1497.1691	5.1723	6
157.05	18.3861	1494.6393	5.1606	6
157.1	18.3878	1492.525	5.1538	6
157.15	18.3896	1490.2435	5.1733	6
157.2	18.3913	1487.9184	5.1632	6
157.25	18.3928	1485.6174	5.1537	6
157.3	18.3941	1483.5519	5.1598	6
157.35	18.3954	1481.6306	5.1499	6
157.4	18.397	1479.1915	5.1676	6
157.45	18.3982	1477.0813	5.1684	6
157.5	18.399	1475.4994	5.1532	6
157.55	18.4004	1473.0631	5.1388	6
157.6	18.4017	1470.5362	5.1375	6
157.65	18.4022	1469.1522	5.1629	6
157.7	18.4033	1467.0248	5.1701	6
157.75	18.4042	1464.9413	5.1538	6
157.8	18.4047	1463.4517	5.1621	6
157.85	18.4052	1461.7061	5.1615	6
157.9	18.406	1459.3982	5.1675	6
157.95	18.4065	1457.7766	5.1523	6
158	18.4068	1456.1978	5.1511	6
158.05	18.4075	1454.0413	5.1556	6
158.1	18.4078	1452.5041	5.1476	6
158.15	18.408	1451.0498	5.1558	6
158.2	18.4084	1449.0177	5.1555	6
158.25	18.4086	1447.4146	5.1457	6
158.3	18.4085	1446.2572	5.1515	6
158.35	18.4089	1444.0565	5.1616	6
158.4	18.4092	1442.2174	5.1709	6
158.45	18.4088	1441.2421	5.1654	6
158.5	18.409	1439.3738	5.1663	6
158.55	18.4093	1437.6624	5.1721	6
158.6	18.4089	1436.7455	5.1677	6
158.65	18.4089	1435.3506	5.1714	6
158.7	18.4087	1433.8106	5.165	6
158.75	18.4083	1432.4961	5.1769	6
158.8	18.4077	1431.4601	5.1753	6
158.85	18.4076	1430.0605	5.1784	6
158.9	18.4077	1428.58	5.1843	6
158.95	18.4072	1427.3885	5.1905	6
159	18.4066	1426.467	5.1983	6
159.05	18.4068	1424.3539	5.2067	6
159.1	18.4063	1423.0155	5.192	6
159.15	18.4057	1422.1518	5.1794	6
159.2	18.4061	1419.9364	5.1883	6
159.25	18.406	1418.5227	5.1814	6
159.3	18.4052	1417.9833	5.1726	6
159.35	18.405	1416.3915	5.1682	6
159.4	18.4049	1414.7196	5.1759	6
159.45	18.4042	1414.0497	5.1908	6
159.5	18.4036	1412.973	5.1797	6
159.55	18.4035	1411.2423	5.1693	6
159.6	18.4029	1410.1659	5.1668	6
159.65	18.4022	1409.3263	5.1664	6
159.7	18.4019	1407.9213	5.1515	6
159.75	18.4016	1406.6267	5.1527	6
159.8	18.4008	1406.0448	5.1678	6
159.85	18.4003	1404.8695	5.1786	6
159.9	18.3997	1403.6851	5.186	6
159.95	18.3987	1402.9358	5.1799	6
160	18.3979	1402.2406	5.1656	6
160.05	18.3977	1400.844	5.1792	6
160.1	18.3967	1400.3118	5.1817	6
160.15	18.396	1399.4697	5.1735	6
160.2	18.3956	1398.097	5.1844	6
160.25	18.3947	1397.6055	5.1772	6
160.3	18.3942	1396.6338	5.1738	6
160.35	18.3937	1395.3338	5.1679	6
160.4	18.393	1394.4425	5.1767	6
160.45	18.3922	1393.8524	5.2034	6
160.5	18.3917	1392.9246	5.2052	6
160.55	18.3912	1391.6978	5.2033	6
160.6	18.39	1391.332	5.2051	6
160.65	18.3891	1390.6198	5.1905	6
160.7	18.3887	1389.3358	5.1946	6
160.75	18.388	1388.5064	5.1838	6
160.8	18.3871	1387.9075	5.1618	6
160.85	18.3867	1386.8479	5.1614	6
160.9	18.3861	1385.7941	5.1569	6
160.95	18.3852	1385.3185	5.1639	6
161	18.3843	1384.8039	5.1637	6
161.05	18.3838	1383.8591	5.1649	6
161.1	18.3831	1383.3863	5.1833	6
161.15	18.3823	1382.7907	5.1646	6
161.2	18.3816	1381.9423	5.1728	6
161.25	18.3806	1381.4257	5.1741	6
161.3	18.38	1380.6775	5.1807	6
161.35	18.3793	1379.8343	5.1755	6
161.4	18.3785	1379.4155	5.167	6
161.45	18.3778	1378.7451	5.1609	6
161.5	18.3774	1377.5064	5.1692	6
161.55	18.3762	1377.2805	5.1664	6
161.6	18.3755	1376.6629	5.1388	6
161.65	18.3747	1376.1051	5.1296	6
161.7	18.374	1375.4627	5.1363	6
161.75	18.3728	1375.4689	5.1623	6
161.8	18.3726	1374.5087	5.1729	6
161.85	18.3719	1373.7883	5.1625	6
161.9	18.3711	1373.5534	5.1434	6
161.95	18.3704	1372.8848	5.1414	6
162	18.37	1371.9854	5.167	6
162.05	18.3688	1371.9592	5.1806	6
162.1	18.3681	1371.4101	5.1971	6
162.15	18.3674	1370.7877	5.1769	6
162.2	18.3664	1370.5924	5.1763	6
162.25	18.3654	1370.3185	5.1713	6
162.3	18.3647	1369.8236	5.1659	6
162.35	18.3638	1369.4031	5.1677	6
162.4	18.363	1369.136	5.1657	6
162.45	18.3621	1368.9977	5.1755	6
162.5	18.3615	1368.4041	5.1776	6
162.55	18.3605	1368.5813	5.162	6
162.6	18.3597	1368.4126	5.1458	6
162.65	18.3591	1367.6705	5.1447	6
162.7	18.3581	1367.3885	5.1489	6
162.75	18.3572	1367.3746	5.1621	6
162.8	18.3566	1366.8522	5.1611	6
162.85	18.3558	1366.5472	5.1581	6
162.9	18.3549	1366.6839	5.1645	6
162.95	18.3542	1366.467	5.1532	6
163	18.3537	1365.9594	5.1485	6
163.05	18.3529	1365.9461	5.1549	6
163.1	18.3523	1365.4244	5.1683	6
163.15	18.3517	1365.1172	5.1616	6
163.2	18.3511	1364.8932	5.1577	6
163.25	18.3504	1364.7045	5.1671	6
163.3	18.3495	1364.5677	5.176	6
163.35	18.349	1364.2241	5.184	6
163.4	18.3484	1363.9698	5.1904	6
163.45	18.3478	1363.3297	5.1794	6
163.5	18.347	1363.251	5.1677	6
163.55	18.3465	1362.9627	5.1801	6
163.6	18.346	1362.683	5.1982	6
163.65	18.3453	1362.5769	5.1893	6
163.7	18.3444	1362.9079	5.1767	6
163.75	18.3441	1362.3936	5.1809	6
163.8	18.3436	1361.7679	5.1714	6
163.85	18.3427	1362.1106	5.1684	6
163.9	18.3426	1361.2087	5.1661	6
163.95	18.3424	1360.4222	5.1705	6
164	18.3413	1360.6901	5.1691	6
164.05	18.3412	1360.0925	5.1622	6
164.1	18.341	1359.204	5.1662	6
164.15	18.3402	1359.242	5.1566	6
164.2	18.3396	1358.634	5.1578	6
164.25	18.3397	1357.6601	5.1742	6
164.3	18.3392	1357.5561	5.1716	6
164.35	18.3387	1357.3152	5.1683	6
164.4	18.3382	1356.9639	5.1706	6
164.45	18.3378	1356.7261	5.1662	6
164.5	18.3372	1356.7095	5.1516	6
164.55	18.3367	1356.3193	5.1495	6
164.6	18.3366	1355.4313	5.1675	6
164.65	18.3359	1355.6297	5.1747	6
164.7	18.3356	1355.0688	5.1778	6
164.75	18.3358	1354.0351	5.1858	6
164.8	18.335	1354.0788	5.1754	6
164.85	18.335	1353.5159	5.1667	6
164.9	18.335	1352.4544	5.1833	6
164.95	18.3349	1352.0154	5.1728	6
165	18.3346	1351.3176	5.1713	6
165.05	18.3349	1350.2917	5.1906	6
165.1	18.3345	1349.796	5.1843	6
165.15	18.3342	1349.6729	5.1894	6
165.2	18.3343	1348.5833	5.1728	6
165.25	18.3339	1348.2178	5.1707	6
165.3	18.3332	1347.9209	5.1617	6
165.35	18.333	1347.5461	5.1473	6
165.4	18.3328	1346.6931	5.164	6
165.45	18.3327	1346.0207	5.1656	6
165.5	18.3324	1345.644	5.1562	6
165.55	18.3323	1344.904	5.1521	6
165.6	18.3325	1343.913	5.1586	6
165.65	18.332	1343.6157	5.1769	6
165.7	18.3319	1343.1426	5.1813	6
165.75	18.3317	1342.2617	5.1713	6
165.8	18.3314	1342.0113	5.153	6
165.85	18.3308	1341.4525	5.1352	6
165.9	18.3308	1340.8692	5.1402	6
165.95	18.3306	1340.2164	5.1541	6
166	18.3305	1339.8617	5.148	6
166.05	18.3304	1339.3475	5.1442	6
166.1	18.3301	1338.7502	5.1342	6
166.15	18.3301	1338.0962	5.1349	6
166.2	18.3295	1337.7201	5.1465	6
166.25	18.329	1337.7925	5.1461	6
166.3	18.3286	1337.1171	5.1353	6
166.35	18.3283	1336.9542	5.1291	6
166.4	18.3277	1336.9044	5.1556	6
166.45	18.3275	1336.335	5.1593	6
166.5	18.3275	1335.7652	5.143	6
166.55	18.3269	1335.3486	5.1351	6
166.6	18.327	1335.0553	5.1259	6
166.65	18.3269	1334.144	5.1374	6
166.7	18.3267	1333.9963	5.1299	6
166.75	18.326	1334.0648	5.1222	6
166.8	18.3259	1333.2615	5.1374	6
166.85	18.3259	1332.926	5.1379	6
166.9	18.3252	1332.7934	5.1274	6
166.95	18.325	1332.5992	5.1452	6
167	18.3251	1331.8412	5.1582	6
167.05	18.3245	1331.8497	5.1696	6
167.1	18.3242	1331.7466	5.1745	6
167.15	18.3239	1330.8431	5.1808	6
167.2	18.324	1330.7268	5.1792	6
167.25	18.3235	1330.6314	5.1594	6
167.3	18.3234	1329.5662	5.1649	6
167.35	18.3233	1329.4802	5.1767	6
167.4	18.3228	1329.1169	5.1763	6
167.45	18.3227	1328.535	5.1605	6
167.5	18.3226	1328.1788	5.1568	6
167.55	18.3219	1327.8053	5.173	6
167.6	18.322	1327.4538	5.185	6
167.65	18.3218	1326.9731	5.1773	6
167.7	18.3211	1326.9619	5.1659	6
167.75	18.321	1326.7773	5.1575	6
167.8	18.3207	1326.0066	5.14	6
167.85	18.3198	1326.4474	5.1533	6
167.9	18.3198	1326.2827	5.1648	6
167.95	18.3193	1325.9697	5.1676	6
168	18.3189	1326.2044	5.1666	6
168.05	18.3187	1326.2518	5.168	6
168.1	18.3182	1325.6437	5.1693	6
168.15	18.3175	1326.2858	5.166	6
168.2	18.317	1326.5226	5.1643	6
168.25	18.3168	1325.4645	5.1594	6
168.3	18.3163	1326.2042	5.1547	6
168.35	18.3161	1326.2223	5.1486	6
168.4	18.3158	1325.4647	5.1526	6
168.45	18.3156	1325.803	5.1526	6
168.5	18.3152	1325.7962	5.1358	6
168.55	18.3147	1325.2302	5.1347	6
168.6	18.3143	1325.6315	5.1369	6
168.65	18.3144	1325.5887	5.1199	6
168.7	18.3138	1324.9619	5.1134	6
168.75	18.3133	1325.208	5.1229	6
168.8	18.3131	1325.6816	5.1218	6
168.85	18.3129	1324.9449	5.1332	6
168.9	18.3124	1324.9321	5.1417	6
168.95	18.3119	1325.6919	5.1429	6
169	18.3121	1324.7462	5.1298	6
169.05	18.3112	1324.6512	5.1338	6
169.1	18.3109	1325.1147	5.1381	6
169.15	18.3112	1324.8124	5.1269	6
169.2	18.3105	1324.4889	5.1376	6
169.25	18.3097	1325.0605	5.1483	6
169.3	18.3098	1325.1298	5.139	6
169.35	18.3098	1324.548	5.1359	6
169.4	18.3088	1324.8314	5.1499	6
169.45	18.3089	1324.7962	5.1586	6
169.5	18.3088	1325.1334	5.1623	6
169.55	18.3085	1324.5961	5.1617	6
169.6	18.3079	1324.4103	5.1557	6
169.65	18.3079	1324.7465	5.1559	6
169.7	18.3082	1324.3645	5.1577	6
169.75	18.3075	1324.069	5.1754	6
169.8	18.3075	1323.4277	5.179	6
169.85	18.3081	1322.9619	5.1695	6
169.9	18.3078	1323.2466	5.156	6
169.95	18.3073	1322.5917	5.1511	6
170	18.3074	1321.8889	5.1556	6
170.05	18.3075	1322.406	5.1625	6
170.1	18.3075	1322.3225	5.1623	6
170.15	18.3074	1320.9508	5.1501	6
170.2	18.3067	1321.1913	5.1406	6
170.25	18.3068	1321.5195	5.1493	6
170.3	18.3068	1321.2344	5.1403	6
170.35	18.3063	1320.5012	5.1553	6
170.4	18.306	1320.6842	5.1609	6
170.45	18.3062	1320.8505	5.1643	6
170.5	18.3063	1320.5193	5.174	6
170.55	18.3057	1319.7849	5.1856	6
170.6	18.3055	1319.5825	5.1724	6
170.65	18.3055	1319.8053	5.1694	6
170.7	18.3055	1319.9522	5.1914	6
170.75	18.3049	1319.5799	5.1875	6
170.8	18.3046	1319.4479	5.1652	6
170.85	18.3049	1319.3968	5.173	6
170.9	18.3047	1319.9395	5.157	6
170.95	18.3045	1319.1066	5.143	6
171	18.3043	1318.5999	5.1516	6
171.05	18.3044	1318.675	5.1617	6
171.1	18.3044	1318.9783	5.1524	6
171.15	18.3042	1318.74	5.1468	6
171.2	18.3039	1317.7634	5.1515	6
171.25	18.3038	1317.9577	5.1591	6
171.3	18.3037	1318.36	5.1645	6
171.35	18.3038	1318.0338	5.1739	6
171.4	18.3033	1317.4206	5.1815	6
171.45	18.3031	1317.1837	5.1685	6
171.5	18.3031	1317.5431	5.1716	6
171.55	18.3034	1317.5723	5.1874	6
171.6	18.303	1317.3982	5.1939	6
171.65	18.3026	1316.7851	5.1816	6
171.7	18.3026	1316.7041	5.1814	6
171.75	18.3024	1317.4402	5.1756	6
171.8	18.3025	1317.2878	5.1669	6
171.85	18.3023	1316.2626	5.1629	6
171.9	18.3018	1316.3105	5.1658	6
171.95	18.3018	1316.6349	5.1726	6
172	18.3022	1316.3522	5.1876	6
172.05	18.3019	1316.3978	5.1911	6
172.1	18.3011	1316.0051	5.1649	6
172.15	18.3015	1315.2916	5.174	6
172.2	18.3014	1316.0384	5.1774	6
172.25	18.3013	1316.5175	5.1752	6
172.3	18.3014	1315.4848	5.1651	6
172.35	18.301	1314.6591	5.1671	6
172.4	18.3005	1315.2154	5.1807	6
172.45	18.3007	1315.2763	5.1798	6
172.5	18.3015	1314.5757	5.1621	6
172.55	18.3007	1314.8425	5.1528	6
172.6	18.3005	1314.0135	5.1463	6
172.65	18.3007	1313.5998	5.1568	6
172.7	18.3005	1314.2229	5.1648	6
172.75	18.3006	1314.5829	5.1624	6
172.8	18.3006	1313.5482	5.1598	6
172.85	18.3003	1312.9781	5.1605	6
172.9	18.3	1313.6891	5.1553	6
172.95	18.3004	1313.3851	5.1498	6
173	18.3003	1313.5354	5.1548	6
173.05	18.2999	1313.5454	5.1698	6
173.1	18.2998	1312.6013	5.1671	6
173.15	18.2997	1312.7066	5.1788	6
173.2	18.2996	1313.4646	5.173	6
173.25	18.2997	1313.7012	5.1633	6
173.3	18.2996	1312.8972	5.1622	6
173.35	18.2988	1312.328	5.1624	6
173.4	18.2986	1312.4204	5.1657	6
173.45	18.2987	1312.5798	5.1641	6
173.5	18.2991	1312.5335	5.1846	6
173.55	18.2992	1312.406	5.1871	6
173.6	18.2991	1311.413	5.1844	6
173.65	18.2992	1310.9393	5.1827	6
173.7	18.2995	1310.9169	5.1747	6
173.75	18.2995	1311.2497	5.1554	6
173.8	18.2998	1310.6148	5.1546	6
173.85	18.2995	1309.7223	5.1571	6
173.9	18.2994	1309.3462	5.1588	6
173.95	18.2993	1309.5822	5.1625	6
174	18.2997	1309.3808	5.1527	6
174.05	18.2994	1309.7351	5.1614	6
174.1	18.2992	1308.9138	5.1554	6
174.15	18.2989	1308.2575	5.1502	6
174.2	18.2992	1308.098	5.1696	6
174.25	18.2993	1308.3295	5.1729	6
174.3	18.2995	1308.3848	5.181	6
174.35	18.2994	1307.4743	5.1844	6
174.4	18.2989	1306.6578	5.1612	6
174.45	18.2988	1306.8784	5.1702	6
174.5	18.299	1306.901	5.1766	6
174.55	18.299	1307.0715	5.1682	6
174.6	18.299	1306.9731	5.1759	6
174.65	18.2988	1306.141	5.1865	6
174.7	18.2988	1305.964	5.1953	6
174.75	18.299	1305.779	5.1859	6
174.8	18.2989	1306.2239	5.1779	6
174.85	18.2991	1306.3081	5.1713	6
174.9	18.299	1304.7989	5.1691	6
174.95	18.2983	1304.7108	5.1537	6
175	18.2979	1305.5807	5.1583	6
175.05	18.2985	1304.9162	5.1586	6
175.1	18.298	1305.8832	5.1629	6
175.15	18.2979	1305.7395	5.1764	6
175.2	18.2976	1304.9657	5.1889	6
175.25	18.2974	1305.0592	5.178	6
175.3	18.2972	1305.5411	5.1544	6
175.35	18.2975	1305.5219	5.1392	6
175.4	18.2976	1305.4797	5.1244	6
175.45	18.2971	1304.904	5.1404	6
175.5	18.2968	1304.184	5.1456	6
175.55	18.2969	1304.3197	5.1448	6
175.6	18.2969	1304.6582	5.1444	6
175.65	18.2973	1304.5995	5.1485	6
175.7	18.2972	1304.7085	5.1602	6
175.75	18.297	1303.8011	5.1509	6
175.8	18.2965	1303.4014	5.1443	6
175.85	18.2966	1303.6219	5.1685	6
175.9	18.297	1303.7012	5.1674	6
175.95	18.297	1303.9555	5.1703	6
176	18.2969	1303.8067	5.1678	6
176.05	18.2965	1302.7643	5.15	6
176.1	18.2961	1302.8617	5.1372	6
176.15	18.2964	1302.7536	5.1263	6
176.2	18.2965	1302.9577	5.1415	6
176.25	18.2965	1303.3248	5.162	6
176.3	18.2966	1302.8955	5.1678	6
176.35	18.2962	1302.0884	5.1584	6
176.4	18.296	1301.8184	5.1621	6
176.45	18.2961	1301.9169	5.1728	6
176.5	18.2964	1301.8932	5.1591	6
176.55	18.2966	1301.8915	5.1477	6
176.6	18.2966	1301.5311	5.1622	6
176.65	18.2959	1300.8306	5.1582	6
176.7	18.2957	1300.5819	5.1602	6
176.75	18.2957	1300.8184	5.1832	6
176.8	18.2955	1301.349	5.1721	6
176.85	18.2956	1301.4015	5.1638	6
176.9	18.2962	1300.4468	5.1665	6
176.95	18.2956	1299.9853	5.1717	6
177	18.2955	1299.7759	5.1677	6
177.05	18.2962	1298.837	5.149	6
177.1	18.2961	1299.3226	5.1548	6
177.15	18.2955	1300.1002	5.1713	6
177.2	18.296	1298.9537	5.1681	6
177.25	18.2958	1297.9374	5.1624	6
177.3	18.2953	1298.4227	5.1714	6
177.35	18.2954	1298.6276	5.18	6
177.4	18.2962	1297.7826	5.1834	6
177.45	18.2961	1298.0849	5.185	6
177.5	18.2955	1299.251	5.193	6
177.55	18.2956	1297.9569	5.1938	6
177.6	18.2955	1297.0292	5.1899	6
177.65	18.2945	1298.534	5.1755	6
177.7	18.2945	1298.904	5.169	6
177.75	18.2953	1297.7722	5.189	6
177.8	18.295	1298.5539	5.2123	6
177.85	18.2943	1299.0997	5.2294	6
177.9	18.2945	1297.0839	5.2204	6
177.95	18.2944	1297.1616	5.1983	6
178	18.2937	1298.3508	5.1827	6
178.05	18.2936	1298.5521	5.194	6
178.1	18.2944	1297.9534	5.1943	6
178.15	18.2939	1298.7271	5.1876	6
178.2	18.2932	1298.7166	5.1803	6
178.25	18.2933	1297.2466	5.1744	6
178.3	18.2932	1297.5789	5.1718	6
178.35	18.2927	1298.6447	5.1871	6
178.4	18.2928	1298.6957	5.1822	6
178.45	18.2934	1298.0565	5.18	6
178.5	18.2931	1298.7573	5.1937	6
178.55	18.2924	1298.857	5.2014	6
178.6	18.2923	1297.5538	5.1919	6
178.65	18.2923	1297.2857	5.1922	6
178.7	18.2914	1298.9399	5.2061	6
178.75	18.2916	1298.8856	5.203	6
178.8	18.2922	1298.3081	5.206	6
178.85	18.2917	1299.4069	5.2035	6
178.9	18.2913	1299.8695	5.1888	6
178.95	18.2911	1298.7708	5.1806	6
179	18.2907	1298.2085	5.1827	6
179.05	18.2899	1299.4375	5.1777	6
179.1	18.2905	1299.1453	5.1732	6
179.15	18.2906	1298.9942	5.1871	6
179.2	18.2901	1299.9075	5.1844	6
179.25	18.2902	1299.9229	5.1772	6
179.3	18.2902	1300.3432	5.1829	6
179.35	18.29	1299.8172	5.182	6
179.4	18.2894	1299.2349	5.181	6
179.45	18.2893	1299.1822	5.18	6
179.5	18.2896	1299.0464	5.1757	6
179.55	18.2892	1299.7381	5.1725	6
179.6	18.2896	1299.385	5.169	6
179.65	18.2895	1299.6102	5.1533	6
179.7	18.2895	1299.9942	5.1591	6
179.75	18.2894	1300.285	5.1593	6
179.8	18.2892	1299.7412	5.1543	6
179.85	18.2887	1299.1871	5.1614	6
179.9	18.2883	1299.7373	5.1673	6
179.95	18.2885	1299.707	5.1709	6
180	18.2885	1299.8787	5.1823	6
180.05	18.2882	1300.5037	5.181	6
180.1	18.2886	1300.2559	5.1694	6
180.15	18.2886	1300.5621	5.1833	6
180.2	18.2887	1300.7725	5.188	6
180.25	18.2888	1300.424	5.1839	6
180.3	18.2881	1299.8414	5.1753	6
180.35	18.2881	1299.3689	5.1636	6
180.4	18.2879	1299.8162	5.1667	6
180.45	18.2879	1300.0458	5.1691	6
180.5	18.2881	1300.1644	5.177	6
180.55	18.2884	1300.0526	5.1775	6
180.6	18.2885	1300.1533	5.151	6
180.65	18.2883	1300.6644	5.1536	6
180.7	18.2885	1300.5447	5.1664	6
180.75	18.2883	1300.5176	5.1781	6
180.8	18.2877	1300.071	5.1926	6
180.85	18.2875	1299.7681	5.1771	6
180.9	18.2877	1299.6015	5.1704	6
180.95	18.2877	1300.0085	5.1588	6
181	18.2873	1300.7296	5.1458	6
181.05	18.2876	1300.4359	5.1472	6
181.1	18.2874	1300.9118	5.1581	6
181.15	18.2874	1301.4755	5.1687	6
181.2	18.2879	1300.9992	5.1756	6
181.25	18.2878	1301.2107	5.1712	6
181.3	18.2873	1300.6909	5.1686	6
181.35	18.2872	1299.5262	5.1567	6
181.4	18.2875	1299.1893	5.1519	6
181.45	18.2873	1299.7313	5.1509	6
181.5	18.2871	1300.1447	5.1583	6
181.55	18.2879	1299.4208	5.1697	6
181.6	18.2877	1299.9225	5.1714	6
181.65	18.2875	1300.6891	5.1853	6
181.7	18.2878	1300.3135	5.1769	6
181.75	18.288	1300.3111	5.1707	6
181.8	18.2874	1300.6569	5.1836	6
181.85	18.287	1299.8031	5.1773	6
181.9	18.2871	1299.3377	5.1811	6
181.95	18.2872	1299.5994	5.1861	6
182	18.287	1300.2441	5.1921	6
182.05	18.2873	1299.9543	5.1953	6
182.1	18.2873	1300.2408	5.1905	6
182.15	18.2873	1300.4682	5.1858	6
182.2	18.2874	1300.5813	5.1739	6
182.25	18.2874	1300.8863	5.1728	6
182.3	18.2874	1301.0606	5.1719	6
182.35	18.2871	1300.1704	5.1721	6
182.4	18.2866	1299.6293	5.1763	6
182.45	18.2864	1299.924	5.1758	6
182.5	18.2868	1299.5709	5.1512	6
182.55	18.2862	1300.5403	5.1514	6
182.6	18.2862	1300.9671	5.1686	6
182.65	18.2868	1300.3243	5.1654	6
182.7	18.2865	1300.972	5.1789	6
182.75	18.2864	1301.4402	5.1897	6
182.8	18.2869	1301.0097	5.1873	6
182.85	18.2873	1300.6469	5.1775	6
182.9	18.2866	1300.8429	5.1746	6
182.95	18.2861	1300.0227	5.1812	6
183	18.2865	1299.1593	5.1897	6
183.05	18.286	1300.0056	5.1751	6
183.1	18.2857	1300.613	5.1682	6
183.15	18.2861	1300.3117	5.1524	6
183.2	18.2861	1300.6959	5.1648	6
183.25	18.2858	1301.3957	5.1793	6
183.3	18.2861	1301.3304	5.1825	6
183.35	18.2862	1301.3193	5.1742	6
183.4	18.2863	1301.3914	5.1507	6
183.45	18.2865	1301.28	5.1517	6
183.5	18.286	1300.9468	5.1727	6
183.55	18.2858	1299.7754	5.173	6
183.6	18.2857	1299.8311	5.1479	6
183.65	18.2857	1300.1316	5.1307	6
183.7	18.2861	1299.757	5.136	6
183.75	18.2866	1299.1998	5.1505	6
183.8	18.2864	1299.638	5.1586	6
183.85	18.2868	1299.4747	5.1556	6
183.9	18.2878	1298.3809	5.1578	6
183.95	18.2877	1298.7907	5.1705	6
184	18.2874	1299.5234	5.1859	6
184.05	18.2878	1298.5755	5.1946	6
184.1	18.2874	1297.7313	5.1892	6
184.15	18.2869	1298.1682	5.1821	6
184.2	18.2872	1298.0505	5.1856	6
184.25	18.2876	1297.8134	5.187	6
184.3	18.2872	1298.7468	5.1836	6
184.35	18.2872	1298.9132	5.1913	6
184.4	18.2878	1298.2849	5.1877	6
184.45	18.2878	1298.7193	5.1896	6
184.5	18.2883	1298.5487	5.1979	6
184.55	18.2888	1297.8546	5.1906	6
184.6	18.2883	1296.8507	5.1915	6
184.65	18.2877	1296.6193	5.1868	6
184.7	18.2881	1296.3018	5.1844	6
184.75	18.288	1296.6262	5.1789	6
184.8	18.288	1296.8027	5.1819	6
184.85	18.2882	1296.7419	5.1794	6
184.9	18.2883	1296.8023	5.169	6
184.95	18.2882	1297.2375	5.1788	6
185	18.2884	1297.2008	5.1765	6
185.05	18.2883	1297.0333	5.1625	6
185.1	18.2879	1296.3102	5.1643	6
185.15	18.2877	1295.974	5.166	6
185.2	18.2881	1295.6485	5.1763	6
185.25	18.2879	1296.2126	5.1769	6
185.3	18.288	1296.4011	5.1594	6
185.35	18.2885	1295.804	5.1575	6
185.4	18.2881	1296.6763	5.18	6
185.45	18.2879	1297.2393	5.18	6
185.5	18.2886	1296.5037	5.1739	6
185.55	18.2883	1296.5538	5.1561	6
185.6	18.2875	1295.8733	5.1565	6
185.65	18.2875	1295.0762	5.1717	6
185.7	18.2875	1295.2767	5.1805	6
185.75	18.2875	1295.399	5.1759	6
185.8	18.2877	1295.4719	5.1579	6
185.85	18.2876	1295.694	5.1769	6
185.9	18.2879	1295.5182	5.1859	6
185.95	18.2882	1295.6604	5.1706	6
186	18.2883	1295.6416	5.1704	6
186.05	18.2883	1295.3484	5.1773	6
186.1	18.2881	1294.2578	5.1663	6
186.15	18.2877	1293.9452	5.1786	6
186.2	18.2878	1293.9755	5.1723	6
186.25	18.2878	1294.193	5.1699	6
186.3	18.2877	1294.6669	5.1862	6
186.35	18.2879	1294.6813	5.1943	6
186.4	18.2881	1294.5749	5.1897	6
186.45	18.2881	1294.8767	5.1809	6
186.5	18.2886	1294.5025	5.1827	6
186.55	18.2888	1294.1249	5.1663	6
186.6	18.2884	1293.0963	5.1858	6
186.65	18.2883	1292.3331	5.2028	6
186.7	18.2883	1292.4465	5.2093	6
186.75	18.2886	1292.1531	5.2092	6
186.8	18.2886	1292.4211	5.1975	6
186.85	18.2889	1292.5831	5.1727	6
186.9	18.2892	1292.4013	5.1792	6
186.95	18.2894	1292.277	5.1862	6
187	18.2893	1292.3103	5.1817	6
187.05	18.2895	1291.2417	5.1804	6
187.1	18.2889	1290.5903	5.1777	6
187.15	18.2886	1290.9347	5.1712	6
187.2	18.2891	1290.3429	5.167	6
187.25	18.289	1290.6821	5.1844	6
187.3	18.2889	1291.1948	5.1837	6
187.35	18.2893	1290.887	5.1674	6
187.4	18.2895	1290.8994	5.1712	6
187.45	18.2895	1291.1352	5.1806	6
187.5	18.2892	1290.833	5.1901	6
187.55	18.2888	1289.5808	5.2066	6
187.6	18.2888	1289.1596	5.199	6
187.65	18.2888	1289.4361	5.1889	6
187.7	18.2887	1289.5636	5.1928	6
187.75	18.289	1289.3195	5.1998	6
187.8	18.2891	1289.4364	5.193	6
187.85	18.2892	1289.5028	5.1671	6
187.9	18.2895	1289.446	5.1421	6
187.95	18.2897	1288.9518	5.1506	6
188	18.2893	1288.1286	5.1488	6
188.05	18.2892	1287.6281	5.1512	6
188.1	18.2893	1287.7455	5.1576	6
188.15	18.2895	1287.6545	5.1636	6
188.2	18.2896	1287.9187	5.1763	6
188.25	18.2897	1288.0011	5.1778	6
188.3	18.2899	1287.9223	5.174	6
188.35	18.2899	1288.1894	5.173	6
188.4	18.2897	1287.8751	5.1736	6
188.45	18.2896	1286.5097	5.1656	6
188.5	18.2896	1286.119	5.1564	6
188.55	18.2894	1286.5366	5.1505	6
188.6	18.2896	1286.5543	5.1616	6
188.65	18.2902	1285.936	5.1661	6
188.7	18.2901	1286.4684	5.1806	6
188.75	18.2905	1286.0773	5.186	6
188.8	18.2913	1285.1125	5.1784	6
188.85	18.2907	1284.9569	5.1815	6
188.9	18.2902	1284.2886	5.1788	6
188.95	18.2905	1283.8079	5.1764	6
189	18.2906	1283.8676	5.1758	6
189.05	18.2902	1284.7468	5.1691	6
189.1	18.2906	1284.2176	5.1614	6
189.15	18.2908	1283.8935	5.1684	6
189.2	18.2907	1284.2934	5.1817	6
189.25	18.2906	1283.9428	5.1753	6
189.3	18.2905	1282.4984	5.1871	6
189.35	18.2904	1282.068	5.1901	6
189.4	18.2901	1282.7135	5.1817	6
189.45	18.2903	1282.4469	5.1776	6
189.5	18.291	1281.8193	5.1688	6
189.55	18.2907	1282.3445	5.1642	6
189.6	18.2907	1282.4957	5.1727	6
189.65	18.2911	1281.8328	5.1836	6
189.7	18.2904	1281.4037	5.178	6
189.75	18.2894	1281.9084	5.1772	6
189.8	18.2896	1281.689	5.17	6
189.85	18.2896	1282.1455	5.1754	6
189.9	18.2893	1282.8336	5.172	6
189.95	18.2897	1282.4442	5.1762	6
190	18.29	1282.1595	5.1745	6
190.05	18.2897	1282.6921	5.1797	6
190.1	18.2894	1282.684	5.1783	6
190.15	18.2891	1281.4298	5.1763	6
190.2	18.2885	1281.4688	5.1725	6
190.25	18.2879	1282.4894	5.172	6
190.3	18.2884	1282.0083	5.1677	6
190.35	18.2885	1282.1779	5.1629	6
190.4	18.2879	1283.2705	5.1566	6
190.45	18.2882	1282.9768	5.1669	6
190.5	18.2884	1282.9884	5.1763	6
190.55	18.2876	1284.3077	5.1869	6
190.6	18.2872	1284.1281	5.1897	6
190.65	18.2869	1283.0372	5.1772	6
190.7	18.2864	1283.2992	5.1731	6
190.75	18.2859	1284.2185	5.1733	6
190.8	18.2865	1283.4509	5.1776	6
190.85	18.2866	1283.6432	5.1827	6
190.9	18.2862	1284.5419	5.1759	6
190.95	18.2867	1284.1577	5.1771	6
191	18.2868	1284.249	5.1822	6
191.05	18.2868	1284.3591	5.1836	6
191.1	18.2865	1284.9966	5.1993	6
191.15	18.2864	1284.9371	5.2009	6
191.2	18.2863	1283.4382	5.1814	6
191.25	18.2854	1283.697	5.1826	6
191.3	18.2848	1284.4815	5.1879	6
191.35	18.2852	1284.0849	5.1751	6
191.4	18.2848	1284.6887	5.1676	6
191.45	18.2844	1285.4724	5.1672	6
191.5	18.2845	1285.5007	5.1807	6
191.55	18.2849	1285.2231	5.1882	6
191.6	18.2845	1285.7317	5.1859	6
191.65	18.2846	1285.7899	5.1748	6
191.7	18.2847	1285.8856	5.171	6
191.75	18.2848	1285.9963	5.1441	6
191.8	18.2843	1286.6734	5.1519	6
191.85	18.284	1286.3523	5.1784	6
191.9	18.2837	1285.1984	5.1734	6
191.95	18.2832	1285.5228	5.1563	6
192	18.2828	1286.2129	5.1643	6
192.05	18.2834	1285.8046	5.168	6
192.1	18.2829	1286.4826	5.1807	6
192.15	18.2827	1287.0544	5.179	6
192.2	18.2825	1287.2493	5.1732	6
192.25	18.2826	1287.2423	5.1689	6
192.3	18.2821	1288.1638	5.1632	6
192.35	18.2824	1288.0145	5.1701	6
192.4	18.2824	1288.1603	5.1819	6
192.45	18.2824	1288.4107	5.1717	6
192.5	18.2823	1288.723	5.1594	6
192.55	18.2826	1288.4522	5.1549	6
192.6	18.2824	1288.7464	5.1656	6
192.65	18.282	1289.3417	5.1747	6
192.7	18.2823	1289.1077	5.1674	6
192.75	18.2821	1288.4381	5.1755	6
192.8	18.281	1288.5005	5.1745	6
192.85	18.2811	1288.2883	5.1822	6
192.9	18.2812	1288.2828	5.1785	6
192.95	18.2808	1288.9868	5.1682	6
193	18.2806	1289.3145	5.1793	6
193.05	18.2809	1289.0897	5.1861	6
193.1	18.2808	1289.3433	5.1878	6
193.15	18.2807	1289.6647	5.1891	6
193.2	18.2809	1289.5794	5.1724	6
193.25	18.2811	1289.5673	5.1664	6
193.3	18.2811	1289.8367	5.1777	6
193.35	18.281	1290.126	5.1832	6
193.4	18.2811	1290.2031	5.1848	6
193.45	18.2812	1290.1746	5.1633	6
193.5	18.2809	1290.757	5.1675	6
193.55	18.281	1290.9808	5.1705	6
193.6	18.2813	1290.6521	5.1499	6
193.65	18.281	1291.3616	5.1481	6
193.7	18.2809	1291.7348	5.1614	6
193.75	18.2813	1291.4697	5.1886	6
193.8	18.2812	1291.7952	5.1817	6
193.85	18.281	1292.2148	5.1651	6
193.9	18.281	1291.3722	5.1846	6
193.95	18.2806	1290.377	5.1793	6
194	18.28	1290.8503	5.1855	6
194.05	18.2801	1290.7939	5.2144	6
194.1	18.2803	1290.6584	5.2196	6
194.15	18.2801	1291.1164	5.2137	6
194.2	18.2798	1291.4788	5.1956	6
194.25	18.2802	1291.2421	5.1968	6
194.3	18.2803	1291.2429	5.2076	6
194.35	18.2802	1291.6201	5.2063	6
194.4	18.2804	1291.5931	5.2044	6
194.45	18.2807	1291.5335	5.2078	6
194.5	18.2801	1292.2986	5.2006	6
194.55	18.2802	1292.3512	5.1954	6
194.6	18.2802	1292.6103	5.2001	6
194.65	18.28	1292.9348	5.1906	6
194.7	18.2801	1292.9481	5.1756	6
194.75	18.2801	1293.1341	5.169	6
194.8	18.2801	1293.2547	5.1552	6
194.85	18.28	1293.4668	5.1721	6
194.9	18.28	1293.584	5.1838	6
194.95	18.2798	1293.7164	5.173	6
195	18.2801	1293.6734	5.1673	6
195.05	18.2801	1293.8333	5.1695	6
195.1	18.2804	1293.6448	5.166	6
195.15	18.2805	1293.657	5.1681	6
195.2	18.2806	1293.7567	5.1558	6
195.25	18.2803	1293.8012	5.1566	6
195.3	18.2801	1292.4548	5.169	6
195.35	18.28	1291.7571	5.1834	6
195.4	18.2804	1291.4153	5.185	6
195.45	18.2805	1291.2677	5.1692	6
195.5	18.2811	1290.5942	5.1782	6
195.55	18.2813	1290.5315	5.1868	6
195.6	18.2818	1290.2186	5.1783	6
195.65	18.2821	1290.023	5.1773	6
195.7	18.282	1290.2886	5.1913	6
195.75	18.2822	1290.2506	5.1695	6
195.8	18.2825	1289.9968	5.1494	6
195.85	18.2827	1290.0893	5.1648	6
195.9	18.2828	1290.0386	5.1871	6
195.95	18.2829	1289.9799	5.2106	6
196	18.2831	1289.9407	5.1864	6
196.05	18.2831	1290.0601	5.1947	6
196.1	18.2833	1290.0573	5.2192	6
196.15	18.2835	1290.0051	5.2139	6
196.2	18.2834	1290.0721	5.2181	6
196.25	18.2829	1289.6409	5.2093	6
196.3	18.2825	1288.9284	5.219	6
196.35	18.2824	1288.9254	5.2228	6
196.4	18.2822	1289.5514	5.2136	6
196.45	18.2824	1289.4333	5.2273	6
196.5	18.2823	1289.7227	5.2296	6
196.55	18.2823	1289.8325	5.225	6
196.6	18.2824	1289.7949	5.1878	6
196.65	18.2823	1290.0688	5.1784	6
196.7	18.2822	1290.2333	5.2081	6
196.75	18.2823	1290.257	5.2262	6
196.8	18.2822	1290.5165	5.2225	6
196.85	18.2822	1290.7557	5.2128	6
196.9	18.2821	1291.1219	5.2037	6
196.95	18.2823	1290.7722	5.1993	6
197	18.2821	1291.1556	5.198	6
197.05	18.2819	1291.6271	5.1955	6
197.1	18.2819	1291.6225	5.2076	6
197.15	18.282	1291.4058	5.2093	6
197.2	18.2811	1291.3027	5.2152	6
197.25	18.2807	1290.5345	5.2031	6
197.3	18.2806	1290.2292	5.2035	6
197.35	18.2803	1290.8505	5.2045	6
197.4	18.2803	1291.0189	5.1804	6
197.45	18.2806	1290.9998	5.1764	6
197.5	18.2804	1291.447	5.1844	6
197.55	18.28	1292.1599	5.1841	6
197.6	18.28	1292.1819	5.2003	6
197.65	18.2801	1292.2555	5.1923	6
197.7	18.2796	1293.2338	5.1922	6
197.75	18.28	1292.8365	5.1893	6
197.8	18.28	1292.9024	5.1857	6
197.85	18.2792	1293.9833	5.1827	6
197.9	18.2794	1293.8061	5.1806	6
197.95	18.2798	1293.3217	5.1898	6
198	18.279	1294.6476	5.1984	6
198.05	18.2794	1294.227	5.1907	6
198.1	18.2798	1293.7657	5.2057	6
198.15	18.2793	1294.8485	5.1919	6
198.2	18.2797	1294.4231	5.1743	6
198.25	18.2802	1293.9178	5.1691	6
198.3	18.2799	1294.4515	5.1819	6
198.35	18.2801	1294.5463	5.1866	6
198.4	18.2805	1294.3147	5.1622	6
198.45	18.2808	1294.1208	5.1772	6
198.5	18.2807	1294.3436	5.183	6
198.55	18.2807	1294.449	5.1731	6
198.6	18.2805	1293.8383	5.1826	6
198.65	18.28	1292.9364	5.1814	6
198.7	18.2795	1293.3135	5.1767	6
198.75	18.2794	1293.5067	5.1727	6
198.8	18.2793	1293.7445	5.1603	6
198.85	18.2796	1293.5168	5.1595	6
198.9	18.2794	1293.822	5.1604	6
198.95	18.2795	1293.8518	5.1649	6
199	18.2799	1293.6433	5.1721	6
199.05	18.28	1293.7427	5.1647	6
199.1	18.28	1293.812	5.1603	6
199.15	18.2799	1294.0489	5.1655	6
199.2	18.2799	1294.2633	5.1717	6
199.25	18.28	1294.2192	5.1755	6
199.3	18.2797	1294.829	5.1776	6
199.35	18.28	1294.3691	5.1874	6
199.4	18.2801	1294.3193	5.1799	6
199.45	18.2799	1294.8031	5.1758	6
199.5	18.2804	1294.3388	5.1819	6
199.55	18.2808	1293.8615	5.1796	6
199.6	18.2802	1294.9238	5.1926	6
199.65	18.2809	1294.2542	5.2142	6
199.7	18.2811	1293.9884	5.215	6
199.75	18.2806	1295.0315	5.2188	6
199.8	18.2811	1294.5082	5.2206	6
199.85	18.2815	1294.0654	5.2123	6
199.9	18.281	1294.9671	5.2067	6
199.95	18.2809	1294.8928	5.2021	6
200	18.2808	1293.3875	5.1872	6
200.05	18.28	1293.3116	5.1836	6
200.1	18.2794	1294.3053	5.2022	6
200.15	18.2798	1293.8976	5.1938	6
200.2	18.2798	1293.903	5.1798	6
200.25	18.2789	1295.2786	5.1933	6
200.3	18.2795	1294.628	5.2011	6
200.35	18.2799	1294.1272	5.1971	6
200.4	18.2792	1295.2578	5.1852	6
200.45	18.2795	1294.9943	5.1631	6
200.5	18.28	1294.4076	5.1702	6
200.55	18.2794	1295.4667	5.1694	6
200.6	18.2795	1295.6063	5.1763	6
200.65	18.2801	1294.9389	5.1914	6
200.7	18.2796	1295.7264	5.1748	6
200.75	18.2792	1296.4966	5.1674	6
200.8	18.2801	1295.3151	5.1655	6
200.85	18.2799	1295.7186	5.1628	6
200.9	18.2793	1296.7269	5.1771	6
200.95	18.28	1295.817	5.1828	6
201	18.2803	1295.5947	5.1943	6
201.05	18.2797	1296.7841	5.2039	6
201.1	18.2804	1295.8811	5.2115	6
201.15	18.2808	1295.3049	5.1984	6
201.2	18.2801	1296.5023	5.1899	6
201.25	18.2803	1296.2971	5.1875	6
201.3	18.281	1295.3444	5.1931	6
201.35	18.2805	1296.3333	5.2025	6
201.4	18.2805	1296.5265	5.2084	6
201.45	18.2811	1295.0078	5.1956	6
201.5	18.2806	1294.388	5.1983	6
201.55	18.2801	1294.7783	5.2165	6
201.6	18.2809	1293.8315	5.1892	6
201.65	18.281	1293.9187	5.166	6
201.7	18.2808	1294.3016	5.1686	6
201.75	18.281	1294.1291	5.1856	6
201.8	18.2811	1294.051	5.1963	6
201.85	18.2812	1294.2035	5.1986	6
201.9	18.2811	1294.5329	5.1964	6
201.95	18.2814	1294.3627	5.1734	6
202	18.2819	1293.9021	5.1682	6
202.05	18.2817	1294.3368	5.1722	6
202.1	18.2816	1294.5555	5.1632	6
202.15	18.2821	1294.013	5.177	6
202.2	18.2821	1294.1129	5.1959	6
202.25	18.282	1294.5398	5.1979	6
202.3	18.2823	1294.3927	5.1966	6
202.35	18.2829	1293.9563	5.1931	6
202.4	18.2829	1294.1218	5.2015	6
202.45	18.283	1294.1235	5.2006	6
202.5	18.2832	1292.9018	5.2061	6
202.55	18.2828	1291.8299	5.2014	6
202.6	18.2827	1291.9006	5.1832	6
202.65	18.283	1291.7547	5.1898	6
202.7	18.2835	1291.3629	5.196	6
202.75	18.2839	1291.0075	5.1896	6
202.8	18.284	1291.1222	5.202	6
202.85	18.2843	1290.6364	5.191	6
202.9	18.2849	1290.0346	5.1981	6
202.95	18.2848	1290.4109	5.2157	6
203	18.2851	1290.1648	5.2001	6
203.05	18.2858	1289.4077	5.2002	6
203.1	18.2857	1289.707	5.1965	6
203.15	18.2859	1289.739	5.1922	6
203.2	18.2864	1288.3127	5.1976	6
203.25	18.286	1287.1273	5.1802	6
203.3	18.2856	1287.4163	5.1899	6
203.35	18.2862	1286.8764	5.1999	6
203.4	18.2862	1286.9313	5.2081	6
203.45	18.2861	1287.2287	5.2185	6
203.5	18.2862	1287.1604	5.2274	6
203.55	18.2864	1286.9994	5.2254	6
203.6	18.2863	1287.2485	5.2167	6
203.65	18.2867	1287.0332	5.2078	6
203.7	18.287	1286.8497	5.182	6
203.75	18.2869	1286.827	5.171	6
203.8	18.2865	1285.9823	5.1636	6
203.85	18.2863	1285.1051	5.1623	6
203.9	18.2862	1285.215	5.1728	6
203.95	18.2861	1285.5112	5.1776	6
204	18.2859	1285.8437	5.1732	6
204.05	18.286	1285.7256	5.1887	6
204.1	18.2859	1285.9942	5.1995	6
204.15	18.2856	1286.5298	5.185	6
204.2	18.2861	1286.0545	5.1803	6
204.25	18.2865	1285.7445	5.1811	6
204.3	18.2862	1286.3862	5.1716	6
204.35	18.2865	1285.7528	5.1729	6
204.4	18.2865	1284.1626	5.1795	6
204.45	18.2858	1284.1566	5.1798	6
204.5	18.2859	1284.1946	5.1781	6
204.55	18.2865	1283.6015	5.188	6
204.6	18.2865	1283.8267	5.2026	6
204.65	18.2861	1284.4438	5.2117	6
204.7	18.2868	1283.8515	5.2058	6
204.75	18.2871	1283.6262	5.194	6
204.8	18.2866	1284.6185	5.1894	6
204.85	18.2868	1284.4265	5.1996	6
204.9	18.2874	1283.5928	5.2009	6
204.95	18.2865	1283.6093	5.2066	6
205	18.2861	1282.7943	5.2071	6
205.05	18.2865	1282.0918	5.2017	6
205.1	18.2863	1282.4883	5.2102	6
205.15	18.286	1283.1508	5.1912	6
205.2	18.2864	1282.5434	5.1947	6
205.25	18.2862	1282.9275	5.2128	6
205.3	18.2862	1283.2787	5.2154	6
205.35	18.2865	1282.8222	5.2224	6
205.4	18.2866	1282.9911	5.2381	6
205.45	18.2865	1283.4781	5.2346	6
205.5	18.2868	1282.5942	5.2119	6
205.55	18.2865	1281.5811	5.198	6
205.6	18.2859	1281.6862	5.2328	6
205.65	18.2859	1281.6578	5.2293	6
205.7	18.2863	1281.1169	5.2129	6
205.75	18.2862	1281.3896	5.2305	6
205.8	18.2861	1281.6798	5.2302	6
205.85	18.2865	1281.0966	5.2182	6
205.9	18.2869	1280.8567	5.2061	6
205.95	18.2867	1281.3517	5.2227	6
206	18.287	1281.1447	5.225	6
206.05	18.2874	1280.6174	5.2087	6
206.1	18.2867	1280.354	5.2132	6
206.15	18.2859	1279.7026	5.2169	6
206.2	18.2863	1278.9029	5.2274	6
206.25	18.2859	1279.6138	5.2167	6
206.3	18.2859	1280.0256	5.203	6
206.35	18.2861	1279.7487	5.2226	6
206.4	18.2861	1279.7166	5.2314	6
206.45	18.2857	1280.4393	5.2277	6
206.5	18.2859	1280.2747	5.2361	6
206.55	18.2862	1280.0352	5.2256	6
206.6	18.2859	1280.5703	5.2232	6
206.65	18.2859	1280.5538	5.2359	6
206.7	18.2861	1279.0631	5.2417	6
206.75	18.2851	1279.1323	5.2387	6
206.8	18.2847	1279.6199	5.2303	6
206.85	18.2852	1278.947	5.2235	6
206.9	18.2846	1280.0872	5.2106	6
206.95	18.2843	1280.6375	5.1998	6
207	18.2847	1280.0505	5.1974	6
207.05	18.2845	1280.6149	5.2015	6
207.1	18.2842	1281.1119	5.2196	6
207.15	18.2846	1280.8188	5.2466	6
207.2	18.2844	1281.2882	5.2254	6
207.25	18.2843	1281.4434	5.2244	6
207.3	18.2844	1281.3878	5.2341	6
207.35	18.2841	1281.7176	5.2313	6
207.4	18.2839	1280.699	5.2217	6
207.45	18.2837	1279.7747	5.2127	6
207.5	18.2831	1280.4358	5.2288	6
207.55	18.2831	1280.4333	5.214	6
207.6	18.2836	1279.8921	5.2014	6
207.65	18.2834	1280.4359	5.1996	6
207.7	18.2834	1280.6774	5.2037	6
207.75	18.2842	1279.7518	5.2098	6
207.8	18.2844	1279.5591	5.2184	6
207.85	18.2844	1279.7883	5.2159	6
207.9	18.2851	1279.0163	5.2317	6
207.95	18.2854	1278.6208	5.24	6
208	18.2852	1278.9732	5.2444	6
208.05	18.2853	1278.8806	5.2188	6
208.1	18.2856	1277.7692	5.209	6
208.15	18.2852	1276.8791	5.2123	6
208.2	18.2846	1277.1708	5.2023	6
208.25	18.2851	1276.633	5.2178	6
208.3	18.2855	1276.2616	5.2213	6
208.35	18.2851	1277.1105	5.2078	6
208.4	18.2852	1277.1202	5.2134	6
208.45	18.2857	1276.6975	5.2292	6
208.5	18.2852	1277.5122	5.2212	6
208.55	18.2851	1277.7847	5.2185	6
208.6	18.2854	1277.527	5.2236	6
208.65	18.2851	1278.0306	5.2219	6
208.7	18.2849	1278.3289	5.2266	6
208.75	18.285	1277.4022	5.2216	6
208.8	18.2837	1277.4216	5.2071	6
208.85	18.2833	1277.6848	5.1951	6
208.9	18.2838	1277.0298	5.2192	6
208.95	18.2832	1277.9869	5.2206	6
209	18.2827	1278.9434	5.2128	6
209.05	18.2833	1278.0214	5.2174	6
209.1	18.2833	1278.2604	5.2034	6
209.15	18.2827	1279.1875	5.2151	6
209.2	18.2831	1278.7371	5.2287	6
209.25	18.2834	1278.4406	5.2133	6
209.3	18.2828	1279.5532	5.2114	6
209.35	18.283	1279.254	5.2159	6
209.4	18.2836	1278.6196	5.2147	6
209.45	18.2833	1279.3378	5.1919	6
209.5	18.2835	1279.1069	5.1969	6
209.55	18.2841	1277.7178	5.2149	6
209.6	18.2832	1277.5328	5.2182	6
209.65	18.2828	1277.4044	5.2137	6
209.7	18.283	1276.9444	5.2029	6
209.75	18.2825	1277.6007	5.2132	6
209.8	18.2821	1278.3125	5.2265	6
209.85	18.2821	1278.242	5.2237	6
209.9	18.2819	1278.5712	5.1824	6
209.95	18.2816	1279.0137	5.1838	6
210	18.2815	1279.1721	5.2107	6
210.05	18.2812	1279.604	5.2091	6
210.1	18.2813	1279.6844	5.197	6
210.15	18.2811	1280.0454	5.1969	6
210.2	18.2806	1280.8978	5.1892	6
210.25	18.2808	1280.6446	5.1803	6
210.3	18.2805	1280.8791	5.1908	6
210.35	18.2802	1281.7323	5.1986	6
210.4	18.2807	1281.2166	5.1735	6
210.45	18.281	1281.0085	5.1816	6
210.5	18.2806	1281.7999	5.198	6
210.55	18.2809	1281.5379	5.2065	6
210.6	18.2813	1280.8469	5.2104	6
210.65	18.2806	1280.3767	5.1974	6
210.7	18.2798	1280.3193	5.1963	6
210.75	18.2803	1279.5809	5.1885	6
210.8	18.2802	1279.9016	5.1907	6
210.85	18.2798	1280.6916	5.2031	6
210.9	18.2801	1280.4655	5.2181	6
210.95	18.28	1280.5291	5.222	6
211	18.2798	1281.0408	5.1941	6
211.05	18.2797	1281.1634	5.1837	6
211.1	18.2796	1281.2681	5.1919	6
211.15	18.2794	1281.7489	5.2068	6
211.2	18.2797	1281.6016	5.2041	6
211.25	18.2799	1281.3573	5.1779	6
211.3	18.2797	1281.7377	5.1913	6
211.35	18.2799	1281.6568	5.2016	6
211.4	18.2806	1280.7661	5.1954	6
211.45	18.2802	1281.3796	5.2136	6
211.5	18.2802	1281.9598	5.2171	6
211.55	18.2808	1281.2665	5.2119	6
211.6	18.2807	1281.3536	5.2151	6
211.65	18.2802	1282.069	5.2125	6
211.7	18.2808	1281.339	5.2078	6
211.75	18.2811	1281.0502	5.1975	6
211.8	18.2811	1281.1421	5.2014	6
211.85	18.2815	1280.8582	5.196	6
211.9	18.2817	1280.7795	5.1869	6
211.95	18.2814	1280.7066	5.1947	6
212	18.2811	1279.5107	5.1958	6
212.05	18.2807	1279.1352	5.1912	6
212.1	18.2802	1279.9043	5.197	6
212.15	18.2807	1279.3989	5.2009	6
212.2	18.2809	1279.111	5.1982	6
212.25	18.2799	1280.5179	5.1835	6
212.3	18.2803	1280.0355	5.1796	6
212.35	18.2806	1279.445	5.1775	6
212.4	18.28	1280.4333	5.1674	6
212.45	18.2798	1280.845	5.198	6
212.5	18.2806	1279.7688	5.2025	6
212.55	18.28	1280.7769	5.1935	6
212.6	18.2792	1282.0024	5.1787	6
212.65	18.2801	1280.8591	5.1644	6
212.7	18.2798	1281.2173	5.1767	6
212.75	18.2787	1282.7973	5.173	6
212.8	18.2797	1281.7348	5.1713	6
212.85	18.2797	1281.759	5.1873	6
212.9	18.2788	1283.2965	5.1937	6
212.95	18.2793	1282.6443	5.1998	6
213	18.28	1281.7429	5.2018	6
213.05	18.2791	1283.127	5.1927	6
213.1	18.2792	1283.0395	5.1927	6
213.15	18.2802	1281.8095	5.1854	6
213.2	18.2796	1282.6625	5.1682	6
213.25	18.2796	1283.0868	5.1697	6
213.3	18.2805	1282.0939	5.1864	6
213.35	18.2804	1282.5104	5.1925	6
213.4	18.2799	1282.7652	5.1819	6
213.45	18.2794	1281.2981	5.1901	6
213.5	18.2793	1280.4623	5.1915	6
213.55	18.2786	1281.4798	5.1709	6
213.6	18.2789	1281.2791	5.1825	6
213.65	18.2794	1280.9185	5.197	6
213.7	18.2793	1281.1517	5.1915	6
213.75	18.2791	1281.4343	5.1913	6
213.8	18.2793	1281.2543	5.1895	6
213.85	18.2799	1280.5498	5.1829	6
213.9	18.2795	1281.2028	5.1831	6
213.95	18.2797	1281.2102	5.1898	6
214	18.2802	1280.6505	5.1897	6
214.05	18.2803	1280.7548	5.1787	6
214.1	18.2801	1281.1621	5.1721	6
214.15	18.2804	1280.9227	5.1876	6
214.2	18.2806	1280.7836	5.185	6
214.25	18.2807	1280.8954	5.1971	6
214.3	18.2806	1281.2493	5.2023	6
214.35	18.2809	1280.9598	5.2043	6
214.4	18.2808	1281.1022	5.1974	6
214.45	18.2805	1281.3981	5.189	6
214.5	18.2805	1281.4823	5.1928	6
214.55	18.281	1281.0573	5.1922	6
214.6	18.2806	1281.6626	5.1957	6
214.65	18.2808	1281.4686	5.1964	6
214.7	18.2812	1281.0598	5.1977	6
214.75	18.2809	1281.6559	5.1875	6
214.8	18.2808	1281.4755	5.1782	6
214.85	18.2807	1280.1994	5.1873	6
214.9	18.2799	1280.4668	5.1804	6
214.95	18.2798	1280.7277	5.1773	6
215	18.2798	1280.8392	5.192	6
215.05	18.2797	1281.0392	5.1915	6
215.1	18.2794	1281.6514	5.1949	6
215.15	18.2797	1281.446	5.195	6
215.2	18.2796	1281.6985	5.196	6
215.25	18.2795	1281.9021	5.2091	6
215.3	18.28	1281.3077	5.201	6
215.35	18.2797	1281.84	5.2011	6
215.4	18.2798	1281.9119	5.2164	6
215.45	18.2802	1281.5202	5.2026	6
215.5	18.2799	1281.9773	5.1855	6
215.55	18.2799	1282.2376	5.1912	6
215.6	18.2801	1282.0276	5.1983	6
215.65	18.28	1282.4698	5.2127	6
215.7	18.2798	1282.7689	5.2097	6
215.75	18.2801	1282.5284	5.2015	6
215.8	18.28	1282.7069	5.2031	6
215.85	18.2798	1282.9645	5.2214	6
215.9	18.2802	1282.5666	5.2242	6
215.95	18.2801	1282.7099	5.1985	6
216	18.2801	1282.8626	5.1823	6
216.05	18.2804	1282.6235	5.1832	6
216.1	18.2805	1282.5946	5.1915	6
216.15	18.2803	1283.0076	5.1933	6
216.2	18.2807	1282.5896	5.1864	6
216.25	18.2802	1282.3992	5.1878	6
216.3	18.2797	1281.618	5.1917	6
216.35	18.2797	1281.3096	5.1857	6
216.4	18.2795	1281.6245	5.2013	6
216.45	18.2794	1281.9504	5.214	6
216.5	18.2795	1281.7287	5.1931	6
216.55	18.2795	1281.8027	5.1982	6
216.6	18.2794	1282.1717	5.2057	6
216.65	18.2795	1282.0417	5.2015	6
216.7	18.2797	1281.8251	5.2018	6
216.75	18.2796	1282.0098	5.1995	6
216.8	18.2794	1282.4324	5.2105	6
216.85	18.2796	1282.306	5.2193	6
216.9	18.2798	1282.2077	5.2079	6
216.95	18.2793	1282.9154	5.191	6
217	18.2794	1282.6835	5.2011	6
217.05	18.2799	1282.1226	5.2055	6
217.1	18.2796	1282.7527	5.2055	6
217.15	18.2794	1283.2903	5.2022	6
217.2	18.2801	1282.4418	5.2134	6
217.25	18.2799	1282.832	5.2111	6
217.3	18.2793	1283.8705	5.2167	6
217.35	18.28	1283.1264	5.2151	6
217.4	18.2801	1282.9485	5.2107	6
217.45	18.2791	1284.5739	5.2009	6
217.5	18.28	1283.5393	5.2007	6
217.55	18.2807	1282.8334	5.2092	6
217.6	18.2794	1284.5534	5.202	6
217.65	18.2798	1284.1522	5.1973	6
217.7	18.2808	1282.8083	5.2021	6
217.75	18.28	1284.1484	5.2098	6
217.8	18.2795	1284.125	5.2052	6
217.85	18.2803	1281.4376	5.1936	6
217.9	18.2798	1281.7626	5.1893	6
217.95	18.279	1283.0916	5.1872	6
218	18.2801	1281.6758	5.1901	6
218.05	18.2804	1281.4062	5.1995	6
218.1	18.2794	1282.8541	5.194	6
218.15	18.2801	1282.0226	5.1802	6
218.2	18.2805	1281.3981	5.1885	6
218.25	18.2798	1282.5234	5.1826	6
218.3	18.2801	1282.3655	5.1824	6
218.35	18.2808	1281.4403	5.1834	6
218.4	18.2804	1282.2858	5.1906	6
218.45	18.2803	1282.5883	5.2006	6
218.5	18.2808	1281.8755	5.1801	6
218.55	18.2809	1281.9362	5.1779	6
218.6	18.2806	1282.4223	5.1753	6
218.65	18.281	1281.8531	5.1655	6
218.7	18.2814	1281.4191	5.1772	6
218.75	18.2811	1282.0389	5.1662	6
218.8	18.2817	1281.5038	5.1576	6
218.85	18.2819	1281.0865	5.1654	6
218.9	18.2816	1281.6002	5.1729	6
218.95	18.2817	1281.5562	5.1726	6
219	18.2818	1281.4947	5.1672	6
219.05	18.2813	1281.3209	5.1696	6
219.1	18.2806	1280.7786	5.1745	6
219.15	18.2806	1280.4518	5.178	6
219.2	18.2806	1280.6468	5.1885	6
219.25	18.2803	1280.9401	5.183	6
219.3	18.2803	1281.161	5.1856	6
219.35	18.2805	1280.9298	5.1805	6
219.4	18.2804	1281.1992	5.18	6
219.45	18.2802	1281.6484	5.1829	6
219.5	18.2806	1281.0256	5.1931	6
219.55	18.2806	1281.1861	5.1975	6
219.6	18.2803	1281.7894	5.1939	6
219.65	18.2809	1281.1442	5.1762	6
219.7	18.2809	1281.2889	5.186	6
219.75	18.2807	1281.7961	5.2082	6
219.8	18.281	1281.5115	5.2082	6
219.85	18.2814	1281.1472	5.2076	6
219.9	18.2809	1281.7995	5.1929	6
219.95	18.281	1281.7649	5.1944	6
220	18.2813	1281.3588	5.2062	6
220.05	18.2811	1281.866	5.1944	6
220.1	18.2809	1282.223	5.1968	6
220.15	18.2813	1281.8339	5.1937	6
220.2	18.2812	1282.0754	5.1926	6
220.25	18.2807	1282.1934	5.1924	6
220.3	18.2805	1280.9983	5.1751	6
220.35	18.2804	1280.4676	5.1778	6
220.4	18.2797	1281.4564	5.1663	6
220.45	18.2799	1281.4039	5.1594	6
220.5	18.2803	1280.937	5.162	6
220.55	18.28	1281.6241	5.1692	6
220.6	18.2798	1282.1307	5.1943	6
220.65	18.2802	1281.5166	5.1943	6
220.7	18.28	1281.9329	5.181	6
220.75	18.2799	1282.0985	5.1891	6
220.8	18.2801	1281.962	5.1892	6
220.85	18.2802	1282.0655	5.166	6
220.9	18.28	1282.2513	5.1573	6
220.95	18.2802	1281.9986	5.1753	6
221	18.2803	1282.2503	5.174	6
221.05	18.2806	1281.9822	5.1727	6
221.1	18.2811	1281.4216	5.176	6
221.15	18.2809	1281.7375	5.1811	6
221.2	18.2811	1281.6273	5.1785	6
221.25	18.2814	1281.3124	5.1847	6
221.3	18.2814	1281.3743	5.1802	6
221.35	18.2812	1281.6156	5.1621	6
221.4	18.2817	1281.2549	5.1552	6
221.45	18.282	1280.986	5.1546	6
221.5	18.2817	1281.1563	5.1842	6
221.55	18.2814	1279.89	5.1795	6
221.6	18.281	1279.3599	5.1659	6
221.65	18.2806	1279.7841	5.1723	6
221.7	18.2808	1279.7031	5.1587	6
221.75	18.2805	1280.1278	5.1572	6
221.8	18.2805	1280.2753	5.173	6
221.85	18.2808	1279.8318	5.1742	6
221.9	18.2808	1279.9555	5.1718	6
221.95	18.2807	1280.0955	5.169	6
222	18.2812	1279.4937	5.1732	6
222.05	18.2812	1279.8915	5.1757	6
222.1	18.2814	1279.9507	5.1905	6
222.15	18.2819	1279.2844	5.1984	6
222.2	18.282	1279.0933	5.1901	6
222.25	18.2818	1279.578	5.1992	6
222.3	18.2827	1278.6527	5.2228	6
222.35	18.2828	1278.5585	5.2191	6
222.4	18.2824	1279.1044	5.2109	6
222.45	18.2828	1278.774	5.2052	6
222.5	18.2832	1278.4547	5.2139	6
222.55	18.2828	1278.5476	5.2077	6
222.6	18.2824	1277.4128	5.1897	6
222.65	18.2824	1276.757	5.2027	6
222.7	18.2822	1276.9859	5.2105	6
222.75	18.2822	1277.0244	5.2169	6
222.8	18.2823	1277.1454	5.2222	6
222.85	18.2824	1277.1477	5.224	6
222.9	18.2827	1276.8509	5.2163	6
222.95	18.2825	1277.1731	5.2068	6
223	18.2827	1277.0658	5.1941	6
223.05	18.2828	1276.8138	5.2141	6
223.1	18.2826	1277.1898	5.2013	6
223.15	18.2826	1277.3102	5.191	6
223.2	18.2829	1277.0336	5.1999	6
223.25	18.2828	1277.3376	5.2016	6
223.3	18.2827	1277.6373	5.2065	6
223.35	18.2831	1277.5378	5.199	6
223.4	18.283	1277.6394	5.2057	6
223.45	18.2827	1277.4989	5.203	6
223.5	18.2822	1276.2934	5.1907	6
223.55	18.2818	1275.9467	5.1988	6
223.6	18.2818	1276.1281	5.203	6
223.65	18.2818	1276.1895	5.2106	6
223.7	18.2817	1276.3245	5.1857	6
223.75	18.2815	1276.7046	5.1813	6
223.8	18.2815	1276.848	5.2037	6
223.85	18.2816	1276.7046	5.2122	6
223.9	18.2815	1277.0614	5.2034	6
223.95	18.2814	1277.214	5.1936	6
224	18.2816	1276.8394	5.1936	6
224.05	18.2816	1277.0252	5.2071	6
224.1	18.2815	1277.4395	5.2133	6
224.15	18.2819	1276.9671	5.206	6
224.2	18.2821	1276.8714	5.2066	6
224.25	18.2817	1277.338	5.2046	6
224.3	18.282	1277.0901	5.1941	6
224.35	18.2824	1276.6467	5.1947	6
224.4	18.2824	1276.7548	5.2027	6
224.45	18.2821	1277.0687	5.1904	6
224.5	18.2824	1275.5231	5.1842	6
224.55	18.282	1274.7843	5.1974	6
224.6	18.2812	1275.8045	5.1998	6
224.65	18.2818	1275.2278	5.2085	6
224.7	18.2823	1274.7822	5.1953	6
224.75	18.2816	1275.9026	5.1925	6
224.8	18.2818	1275.6035	5.2016	6
224.85	18.2823	1275.0377	5.2065	6
224.9	18.2817	1275.9606	5.211	6
224.95	18.2819	1275.7756	5.2048	6
225	18.2821	1275.4366	5.1975	6
225.05	18.2819	1275.9686	5.1916	6
225.1	18.2818	1276.3537	5.2009	6
225.15	18.2822	1275.7158	5.2104	6
225.2	18.2819	1276.2786	5.2171	6
225.25	18.2818	1276.525	5.2031	6
225.3	18.2818	1276.465	5.204	6
225.35	18.2817	1276.757	5.2059	6
225.4	18.2818	1276.8817	5.2054	6
225.45	18.2818	1276.6807	5.1941	6
225.5	18.2808	1276.4594	5.2	6
225.55	18.2808	1275.4117	5.2094	6
225.6	18.2808	1275.4541	5.1943	6
225.65	18.28	1276.5972	5.198	6
225.7	18.2804	1276.2137	5.2104	6
225.75	18.2806	1275.8601	5.2169	6
225.8	18.28	1276.8904	5.2092	6
225.85	18.2802	1276.6497	5.1963	6
225.9	18.2808	1275.8049	5.1879	6
225.95	18.2804	1276.6373	5.1913	6
226	18.2804	1276.8018	5.2011	6
226.05	18.2811	1275.9459	5.2184	6
226.1	18.2807	1276.4841	5.2147	6
226.15	18.2803	1277.067	5.1969	6
226.2	18.2807	1276.5079	5.2025	6
226.25	18.2806	1276.814	5.2067	6
226.3	18.2803	1277.2805	5.193	6
226.35	18.2804	1277.2847	5.1912	6
226.4	18.2808	1276.9445	5.1976	6
226.45	18.2804	1277.5471	5.1999	6
226.5	18.2803	1277.8795	5.1915	6
226.55	18.2806	1277.4713	5.2073	6
226.6	18.2807	1277.3941	5.2276	6
226.65	18.2801	1278.3527	5.2202	6
226.7	18.2804	1278.0988	5.2153	6
226.75	18.2806	1277.1174	5.2036	6
226.8	18.2795	1277.1564	5.2045	6
226.85	18.2793	1277.0384	5.2254	6
226.9	18.2796	1276.6477	5.2155	6
226.95	18.2792	1277.3463	5.2024	6
227	18.2791	1277.5335	5.2232	6
227.05	18.2796	1276.8362	5.2241	6
227.1	18.2795	1277.2798	5.2177	6
227.15	18.2795	1277.4324	5.2066	6
227.2	18.2798	1276.9431	5.2067	6
227.25	18.2797	1277.2867	5.2084	6
227.3	18.2798	1277.2261	5.2047	6
227.35	18.2798	1277.222	5.2072	6
227.4	18.2798	1277.2947	5.1987	6
227.45	18.2797	1277.4135	5.1948	6
227.5	18.2797	1277.364	5.1864	6
227.55	18.2799	1277.2519	5.1893	6
227.6	18.2797	1277.5295	5.1973	6
227.65	18.2796	1277.6593	5.1908	6
227.7	18.2799	1277.4854	5.1997	6
227.75	18.2797	1277.8868	5.219	6
227.8	18.2799	1277.7658	5.2276	6
227.85	18.2798	1277.9606	5.2131	6
227.9	18.2796	1278.5689	5.195	6
227.95	18.2798	1278.4852	5.2156	6
228	18.2795	1278.9586	5.2038	6
228.05	18.2791	1279.6792	5.1885	6
228.1	18.2794	1279.3277	5.2048	6
228.15	18.2792	1279.6311	5.2019	6
228.2	18.2788	1280.2944	5.2	6
228.25	18.2791	1280.0398	5.219	6
228.3	18.2793	1279.8185	5.2127	6
228.35	18.279	1280.1691	5.2129	6
228.4	18.2785	1279.2	5.2199	6
228.45	18.2785	1277.9202	5.2123	6
228.5	18.2783	1278.264	5.2042	6
228.55	18.2786	1278.0608	5.2145	6
228.6	18.2787	1277.7135	5.23	6
228.65	18.2789	1277.6272	5.2407	6
228.7	18.2792	1277.3061	5.2372	6
228.75	18.2796	1277.0714	5.244	6
228.8	18.2796	1277.3221	5.245	6
228.85	18.2801	1276.732	5.2468	6
228.9	18.2803	1276.4292	5.2469	6
228.95	18.2804	1276.5364	5.2208	6
229	18.2807	1276.3034	5.2117	6
229.05	18.281	1275.9295	5.1989	6
229.1	18.2807	1276.3067	5.1871	6
229.15	18.2806	1276.4917	5.1999	6
229.2	18.2808	1276.4689	5.2004	6
229.25	18.2806	1276.759	5.2117	6
229.3	18.2804	1276.9618	5.2127	6
229.35	18.2805	1277.0449	5.2138	6
229.4	18.2807	1276.9547	5.2246	6
229.45	18.281	1276.6427	5.2296	6
229.5	18.2809	1277.0919	5.224	6
229.55	18.2809	1277.1626	5.222	6
229.6	18.2812	1276.7972	5.2284	6
229.65	18.2807	1277.4168	5.2247	6
229.7	18.2803	1277.9289	5.2141	6
229.75	18.2809	1276.8942	5.2153	6
229.8	18.28	1276.7763	5.2019	6
229.85	18.2792	1276.7524	5.1887	6
229.9	18.2797	1276.1044	5.1993	6
229.95	18.2796	1276.5203	5.2161	6
230	18.2792	1277.158	5.2164	6
230.05	18.2795	1276.8387	5.2278	6
230.1	18.2797	1276.6433	5.2174	6
230.15	18.2793	1277.2572	5.2047	6
230.2	18.2795	1277.1596	5.2005	6
230.25	18.2797	1276.8956	5.2048	6
230.3	18.2793	1277.3537	5.2036	6
230.35	18.2792	1277.5367	5.1857	6
230.4	18.2793	1277.4335	5.1829	6
230.45	18.2794	1277.3528	5.1912	6
230.5	18.2795	1277.4363	5.2045	6
230.55	18.2794	1277.3266	5.214	6
230.6	18.2796	1277.3424	5.2051	6
230.65	18.2801	1276.8906	5.2032	6
230.7	18.2799	1277.3102	5.1991	6
230.75	18.2798	1277.586	5.2029	6
230.8	18.2804	1276.837	5.19	6
230.85	18.2803	1276.9885	5.1776	6
230.9	18.2802	1277.293	5.1999	6
230.95	18.2809	1276.3031	5.2123	6
231	18.281	1276.2583	5.1969	6
231.05	18.2806	1277.0029	5.2042	6
231.1	18.2812	1276.3608	5.199	6
231.15	18.2812	1276.3634	5.1925	6
231.2	18.2808	1276.9341	5.1781	6
231.25	18.2807	1275.8697	5.1549	6
231.3	18.2804	1274.5977	5.1732	6
231.35	18.2797	1275.2301	5.1955	6
231.4	18.2801	1274.8772	5.2075	6
231.45	18.2805	1274.6293	5.2055	6
231.5	18.2799	1275.4406	5.1932	6
231.55	18.2799	1275.4749	5.1831	6
231.6	18.2803	1274.9984	5.1846	6
231.65	18.2801	1275.3758	5.1899	6
231.7	18.28	1275.667	5.1891	6
231.75	18.2804	1275.2237	5.1986	6
231.8	18.2804	1275.3852	5.213	6
231.85	18.2804	1275.49	5.1991	6
231.9	18.2808	1275.0843	5.1997	6
231.95	18.2806	1275.5255	5.1977	6
232	18.2809	1275.024	5.1888	6
232.05	18.2811	1274.8991	5.1839	6
232.1	18.2812	1275.0061	5.1919	6
232.15	18.2814	1274.5012	5.2044	6
232.2	18.2815	1274.4622	5.1944	6
232.25	18.2816	1274.4064	5.1913	6
232.3	18.2818	1274.3196	5.1972	6
232.35	18.282	1274.2983	5.1964	6
232.4	18.2823	1274.0623	5.1916	6
232.45	18.2821	1273.8422	5.1998	6
232.5	18.2817	1272.7627	5.1885	6
232.55	18.2817	1272.2064	5.184	6
232.6	18.2815	1272.5287	5.2023	6
232.65	18.2815	1272.6258	5.2135	6
232.7	18.2817	1272.3255	5.2193	6
232.75	18.2817	1272.493	5.2155	6
232.8	18.2815	1272.7819	5.2141	6
232.85	18.2818	1272.4801	5.2202	6
232.9	18.282	1272.313	5.2281	6
232.95	18.2817	1272.7908	5.2099	6
233	18.2816	1272.9465	5.1972	6
233.05	18.2818	1272.7059	5.2126	6
233.1	18.2815	1273.2209	5.2333	6
233.15	18.2817	1272.9575	5.2255	6
233.2	18.2818	1272.8759	5.2163	6
233.25	18.2818	1273.0751	5.213	6
233.3	18.282	1272.8061	5.1921	6
233.35	18.282	1272.7069	5.187	6
233.4	18.2817	1273.3352	5.1808	6
233.45	18.2821	1272.739	5.1906	6
233.5	18.2816	1271.6749	5.1875	6
233.55	18.281	1271.3915	5.1835	6
233.6	18.2811	1271.3406	5.1875	6
233.65	18.2814	1270.9693	5.1797	6
233.7	18.2812	1271.2358	5.1868	6
233.75	18.2814	1271.0627	5.1834	6
233.8	18.2817	1270.6084	5.1783	6
233.85	18.2821	1270.4621	5.1905	6
233.9	18.2821	1270.6963	5.1911	6
233.95	18.2826	1270.0282	5.1946	6
234	18.2828	1269.7665	5.1976	6
234.05	18.2825	1270.2919	5.2008	6
234.1	18.2826	1270.1725	5.2197	6
234.15	18.2828	1269.8994	5.2188	6
234.2	18.2823	1270.8287	5.2188	6
234.25	18.2823	1270.8745	5.2211	6
234.3	18.2828	1270.3327	5.2195	6
234.35	18.2826	1270.7872	5.2117	6
234.4	18.2826	1270.7425	5.1898	6
234.45	18.2827	1269.5793	5.1899	6
234.5	18.2824	1268.8719	5.1807	6
234.55	18.282	1269.2404	5.1796	6
234.6	18.2824	1268.8036	5.1979	6
234.65	18.2823	1268.8545	5.1999	6
234.7	18.2823	1268.9219	5.1758	6
234.75	18.2825	1268.798	5.179	6
234.8	18.2826	1268.5864	5.1795	6
234.85	18.2824	1268.8795	5.1686	6
234.9	18.2823	1268.9943	5.1703	6
234.95	18.2825	1268.7962	5.1863	6
235	18.2823	1269.2449	5.1873	6
235.05	18.2822	1269.5291	5.1824	6
235.1	18.2825	1269.2824	5.1782	6
235.15	18.2826	1269.3647	5.1776	6
235.2	18.2826	1269.4165	5.2013	6
235.25	18.2826	1269.3015	5.2101	6
235.3	18.2827	1269.4082	5.1979	6
235.35	18.2824	1269.234	5.1912	6
235.4	18.282	1268.3099	5.2014	6
235.45	18.2816	1268.3114	5.1928	6
235.5	18.2817	1268.3533	5.1915	6
235.55	18.2817	1268.3492	5.1843	6
235.6	18.2816	1268.517	5.1838	6
235.65	18.2817	1268.636	5.182	6
235.7	18.2819	1268.5438	5.1776	6
235.75	18.2816	1268.8064	5.1873	6
235.8	18.2815	1269.0902	5.1833	6
235.85	18.2814	1269.1813	5.1953	6
235.9	18.2813	1269.3881	5.2123	6
235.95	18.2811	1269.7273	5.2094	6
236	18.2813	1269.7835	5.2015	6
236.05	18.2811	1270.1001	5.1832	6
236.1	18.281	1270.2575	5.1838	6
236.15	18.2812	1270.1382	5.2125	6
236.2	18.281	1270.7757	5.2008	6
236.25	18.2806	1271.2077	5.2004	6
236.3	18.2812	1270.5261	5.2034	6
236.35	18.2809	1271.131	5.197	6
236.4	18.2804	1271.9096	5.2019	6
236.45	18.2804	1271.4488	5.1925	6
236.5	18.2801	1270.319	5.2065	6
236.55	18.2786	1271.3786	5.1994	6
236.6	18.2786	1271.3685	5.1832	6
236.65	18.2788	1271.2404	5.1862	6
236.7	18.2784	1271.8983	5.1659	6
236.75	18.278	1272.4098	5.1513	6
236.8	18.2781	1272.2702	5.1758	6
236.85	18.2778	1272.6522	5.1796	6
236.9	18.2773	1273.4107	5.1764	6
236.95	18.2777	1272.9537	5.1589	6
237	18.2775	1273.4281	5.1556	6
237.05	18.2774	1273.7726	5.1568	6
237.1	18.2776	1273.4202	5.1367	6
237.15	18.2773	1273.797	5.15	6
237.2	18.2773	1274.1489	5.1945	6
237.25	18.2774	1274.2183	5.212	6
237.3	18.2773	1274.4195	5.2022	6
237.35	18.2772	1274.7271	5.1967	6
237.4	18.2772	1274.7544	5.1903	6
237.45	18.2771	1274.9136	5.1858	6
237.5	18.2773	1274.5808	5.1847	6
237.55	18.2773	1274.5452	5.1854	6
237.6	18.2769	1275.263	5.185	6
237.65	18.2773	1274.8624	5.1931	6
237.7	18.2773	1274.9366	5.1805	6
237.75	18.2769	1275.6171	5.1798	6
237.8	18.277	1275.4857	5.197	6
237.85	18.2772	1275.3739	5.186	6
237.9	18.277	1275.7566	5.1843	6
237.95	18.277	1275.7612	5.1848	6
238	18.2771	1275.5152	5.1893	6
238.05	18.2771	1275.8181	5.2009	6
238.1	18.2771	1276.0194	5.1941	6
238.15	18.2775	1275.5675	5.2017	6
238.2	18.2772	1275.828	5.1963	6
238.25	18.2773	1275.7627	5.1902	6
238.3	18.2774	1275.6818	5.1892	6
238.35	18.2773	1275.9827	5.196	6
238.4	18.2774	1276.0125	5.2009	6
238.45	18.2772	1276.2039	5.194	6
238.5	18.2768	1276.7515	5.1932	6
238.55	18.2769	1276.6994	5.1826	6
238.6	18.277	1276.7302	5.1653	6
238.65	18.2768	1277.116	5.1674	6
238.7	18.277	1276.8651	5.1668	6
238.75	18.2772	1276.7846	5.1573	6
238.8	18.2768	1277.4513	5.1733	6
238.85	18.2771	1277.0525	5.1969	6
238.9	18.2772	1276.7864	5.2156	6
238.95	18.2768	1277.4878	5.2023	6
239	18.277	1277.4239	5.1812	6
239.05	18.2775	1276.8615	5.1757	6
239.1	18.2771	1277.4873	5.1648	6
239.15	18.277	1277.5883	5.1629	6
239.2	18.2774	1277.0542	5.169	6
239.25	18.2772	1277.3504	5.1513	6
239.3	18.2768	1277.9615	5.1557	6
239.35	18.2774	1277.3243	5.1645	6
239.4	18.2775	1277.2599	5.1734	6
239.45	18.2769	1278.1281	5.1897	6
239.5	18.2774	1277.5873	5.186	6
239.55	18.2776	1277.3657	5.1853	6
239.6	18.2769	1278.3802	5.1763	6
239.65	18.2772	1278.0748	5.1709	6
239.7	18.2778	1277.5242	5.1917	6
239.75	18.2773	1278.171	5.2023	6
239.8	18.2772	1278.44	5.1846	6
239.85	18.2777	1277.7178	5.1719	6
239.9	18.2776	1278.0898	5.1828	6
239.95	18.2771	1278.8096	5.1802	6
240	18.2774	1278.3377	5.1645	6
240.05	18.2774	1278.2476	5.169	6
240.1	18.2771	1278.8815	5.1815	6
240.15	18.2773	1278.5186	5.1966	6
240.2	18.277	1277.2917	5.2138	6
240.25	18.2759	1277.4452	5.1976	6
240.3	18.2759	1277.4169	5.1837	6
240.35	18.276	1277.3479	5.1616	6
240.4	18.2758	1277.9328	5.1598	6
240.45	18.2758	1277.9667	5.1829	6
240.5	18.2761	1277.5318	5.178	6
240.55	18.2758	1277.976	5.1868	6
240.6	18.2758	1278.1359	5.1772	6
240.65	18.2759	1278.14	5.1763	6
240.7	18.2759	1278.2599	5.176	6
240.75	18.2757	1278.631	5.1712	6
240.8	18.2757	1278.6242	5.1735	6
240.85	18.2758	1278.5777	5.1752	6
240.9	18.2757	1278.9152	5.1699	6
240.95	18.2757	1279.0895	5.1721	6
241	18.2759	1278.6872	5.1646	6
241.05	18.2755	1279.2158	5.1741	6
241.1	18.2757	1279.2734	5.1936	6
241.15	18.2758	1279.1472	5.1835	6
241.2	18.2755	1279.4565	5.1796	6
241.25	18.2753	1279.7866	5.1868	6
241.3	18.2754	1279.6705	5.1955	6
241.35	18.2752	1280.0284	5.1814	6
241.4	18.2751	1280.0511	5.1704	6
241.45	18.2753	1279.7486	5.1657	6
241.5	18.2752	1280.6521	5.174	6
241.55	18.2757	1281.6463	5.177	6
241.6	18.2761	1280.5754	5.1779	6
241.65	18.2755	1280.4521	5.1594	6
241.7	18.2756	1281.2889	5.1664	6
241.75	18.276	1280.5829	5.1692	6
241.8	18.2759	1279.9607	5.1725	6
241.85	18.2757	1280.0186	5.177	6
241.9	18.276	1279.7851	5.1681	6
241.95	18.2765	1279.273	5.1618	6
242	18.2766	1279.3595	5.1634	6
242.05	18.2767	1279.4444	5.167	6
242.1	18.2774	1278.6627	5.1751	6
242.15	18.2776	1278.4952	5.1653	6
242.2	18.277	1279.3677	5.1643	6
242.25	18.2777	1278.6419	5.1704	6
242.3	18.2782	1277.9274	5.1733	6
242.35	18.2775	1278.981	5.1607	6
242.4	18.2779	1278.4026	5.1542	6
242.45	18.2785	1277.4955	5.1536	6
242.5	18.2781	1278.0465	5.1501	6
242.55	18.2782	1278.1321	5.1483	6
242.6	18.2791	1277.0077	5.1656	6
242.65	18.2791	1277.1641	5.1701	6
242.7	18.2789	1277.604	5.1773	6
242.75	18.28	1276.248	5.1779	6
242.8	18.2799	1276.3793	5.1696	6
242.85	18.2796	1276.9556	5.1768	6
242.9	18.2801	1276.2359	5.1577	6
242.95	18.2804	1275.8176	5.1454	6
243	18.2799	1276.789	5.1656	6
243.05	18.2802	1276.5825	5.1743	6
243.1	18.2807	1275.7611	5.1719	6
243.15	18.2807	1275.9081	5.1781	6
243.2	18.2806	1276.0664	5.1743	6
243.25	18.2812	1275.4555	5.1904	6
243.3	18.2813	1275.3694	5.1882	6
243.35	18.2812	1275.5578	5.1613	6
243.4	18.2813	1275.5581	5.1666	6
243.45	18.2817	1275.1592	5.1867	6
243.5	18.2816	1275.3201	5.2041	6
243.55	18.2816	1275.321	5.1802	6
243.6	18.2812	1274.9715	5.1694	6
243.65	18.2809	1273.9559	5.1741	6
243.7	18.2809	1273.4719	5.163	6
243.75	18.2805	1274.0878	5.1729	6
243.8	18.2807	1273.9809	5.1786	6
243.85	18.2808	1273.9026	5.1744	6
243.9	18.2806	1274.0803	5.1661	6
243.95	18.2806	1274.3714	5.1616	6
244	18.2811	1273.8251	5.1799	6
244.05	18.2812	1273.6674	5.1796	6
244.1	18.2812	1273.9501	5.1811	6
244.15	18.2814	1273.6789	5.1904	6
244.2	18.2817	1273.3835	5.1696	6
244.25	18.2816	1273.7148	5.1577	6
244.3	18.282	1273.3276	5.1686	6
244.35	18.2821	1273.3566	5.1743	6
244.4	18.2819	1273.5374	5.1746	6
244.45	18.2817	1273.8166	5.1725	6
244.5	18.2822	1273.4652	5.1782	6
244.55	18.2822	1273.4443	5.1937	6
244.6	18.2822	1273.5208	5.2028	6
244.65	18.2823	1273.2749	5.2108	6
244.7	18.2822	1272.0976	5.1979	6
244.75	18.2815	1271.819	5.1891	6
244.8	18.2813	1271.7977	5.2063	6
244.85	18.2816	1271.4689	5.2116	6
244.9	18.2816	1271.7095	5.2116	6
244.95	18.2813	1272.0298	5.2026	6
245	18.2816	1271.7545	5.1804	6
245.05	18.2817	1271.5235	5.1731	6
245.1	18.2815	1271.9728	5.1813	6
245.15	18.2816	1271.7972	5.2025	6
245.2	18.2818	1271.55	5.1944	6
245.25	18.2817	1271.8217	5.1824	6
245.3	18.2816	1272.071	5.1957	6
245.35	18.2818	1272.0194	5.1957	6
245.4	18.2818	1271.7823	5.1789	6
245.45	18.2815	1272.4332	5.1857	6
245.5	18.2816	1272.3836	5.2037	6
245.55	18.2818	1272.1546	5.1924	6
245.6	18.2814	1272.7067	5.1572	6
245.65	18.2817	1272.4011	5.1618	6
245.7	18.2818	1271.8074	5.1702	6
245.75	18.2812	1271.1291	5.175	6
245.8	18.2808	1270.7111	5.1778	6
245.85	18.2812	1270.2195	5.1605	6
245.9	18.2807	1270.9082	5.1739	6
245.95	18.2808	1270.9047	5.1791	6
246	18.2811	1270.5482	5.1697	6
246.05	18.2811	1270.7055	5.183	6
246.1	18.2811	1270.9559	5.1864	6
246.15	18.2814	1270.543	5.171	6
246.2	18.2815	1270.7365	5.1593	6
246.25	18.2815	1270.8886	5.1762	6
246.3	18.2818	1270.4216	5.1945	6
246.35	18.2816	1270.7374	5.1902	6
246.4	18.2815	1270.946	5.2029	6
246.45	18.2819	1270.3557	5.2098	6
246.5	18.2819	1270.4781	5.2019	6
246.55	18.2818	1270.6457	5.1841	6
246.6	18.2823	1270.0828	5.169	6
246.65	18.2826	1269.7259	5.1841	6
246.7	18.2823	1270.208	5.2024	6
246.75	18.2827	1269.2472	5.1762	6
246.8	18.2822	1267.9785	5.1636	6
246.85	18.2814	1268.1349	5.1721	6
246.9	18.2816	1267.9329	5.1631	6
246.95	18.2816	1267.9719	5.1634	6
247	18.2813	1268.5426	5.1563	6
247.05	18.2813	1268.6407	5.1445	6
247.1	18.2817	1268.2497	5.1618	6
247.15	18.2813	1268.7868	5.1632	6
247.2	18.2809	1269.3197	5.1765	6
247.25	18.2812	1268.883	5.184	6
247.3	18.2812	1269.1747	5.1695	6
247.35	18.2807	1269.9636	5.1676	6
247.4	18.2809	1269.7119	5.1663	6
247.45	18.2811	1269.5516	5.1614	6
247.5	18.2805	1270.5154	5.1584	6
247.55	18.2804	1270.6007	5.1673	6
247.6	18.2808	1270.1778	5.1664	6
247.65	18.2804	1270.8706	5.1613	6
247.7	18.2801	1271.2304	5.18	6
247.75	18.2803	1270.916	5.1706	6
247.8	18.2803	1271.204	5.1914	6
247.85	18.2802	1271.4483	5.2052	6
247.9	18.2804	1271.3267	5.2096	6
247.95	18.2801	1271.0925	5.2098	6
248	18.2793	1270.5304	5.2019	6
248.05	18.279	1270.4143	5.1944	6
248.1	18.2791	1270.4772	5.1962	6
248.15	18.2787	1271.0826	5.1951	6
248.2	18.2791	1270.6594	5.1955	6
248.25	18.2791	1270.6813	5.1824	6
248.3	18.2789	1271.0606	5.2029	6
248.35	18.2792	1270.677	5.2155	6
248.4	18.2793	1270.6751	5.1991	6
248.45	18.279	1271.237	5.1997	6
248.5	18.2794	1270.7107	5.1835	6
248.55	18.2794	1270.7482	5.1837	6
248.6	18.2792	1271.1555	5.1876	6
248.65	18.2791	1271.1943	5.1797	6
248.7	18.2795	1270.5972	5.1837	6
248.75	18.2792	1271.2294	5.1758	6
248.8	18.279	1271.4182	5.1734	6
248.85	18.2795	1270.929	5.2047	6
248.9	18.2794	1271.3427	5.2118	6
248.95	18.2788	1272.0262	5.1995	6
249	18.2793	1271.3939	5.1938	6
249.05	18.2794	1271.22	5.1857	6
249.1	18.2789	1272.1343	5.2067	6
249.15	18.2794	1271.6181	5.22	6
249.2	18.2798	1271.0334	5.2181	6
249.25	18.2793	1271.9702	5.2184	6
249.3	18.2797	1271.7068	5.2047	6
249.35	18.2801	1271.2582	5.2173	6
249.4	18.2793	1272.2753	5.2265	6
249.45	18.2797	1271.8395	5.2273	6
249.5	18.2797	1271.5196	5.2257	6
249.55	18.2797	1271.7336	5.2272	6
249.6	18.2798	1271.5518	5.231	6
249.65	18.2802	1270.1923	5.2195	6
249.7	18.279	1270.0473	5.2146	6
249.75	18.2792	1269.4299	5.2166	6
249.8	18.2791	1269.4523	5.2195	6
249.85	18.2789	1269.905	5.2264	6
249.9	18.2789	1269.8493	5.2097	6
249.95	18.279	1269.6638	5.1914	6
250	18.2788	1270.0935	5.2065	6
250.05	18.2789	1269.9527	5.2228	6
250.1	18.2788	1269.9299	5.202	6
250.15	18.2787	1270.23	5.194	6
250.2	18.2787	1270.2873	5.2028	6
250.25	18.2791	1269.8969	5.205	6
250.3	18.2791	1270.1176	5.2043	6
250.35	18.2794	1269.6272	5.204	6
250.4	18.2794	1269.6667	5.1911	6
250.45	18.2798	1269.3494	5.2014	6
250.5	18.2801	1269.0568	5.2027	6
250.55	18.2799	1269.3018	5.1924	6
250.6	18.2801	1268.9172	5.1911	6
250.65	18.2803	1268.7938	5.1771	6
250.7	18.2806	1268.6439	5.169	6
250.75	18.2809	1268.3525	5.1915	6
250.8	18.2812	1268.0799	5.1952	6
250.85	18.2813	1268.1283	5.1999	6
250.9	18.2816	1267.7221	5.197	6
250.95	18.2819	1267.3111	5.184	6
251	18.2818	1267.5503	5.1813	6
251.05	18.2819	1267.6813	5.1899	6
251.1	18.2821	1266.8336	5.1965	6
251.15	18.2813	1266.1464	5.2056	6
251.2	18.2807	1266.2942	5.2067	6
251.25	18.281	1265.8096	5.215	6
251.3	18.2811	1265.7619	5.205	6
251.35	18.2805	1266.7205	5.2113	6
251.4	18.2808	1266.3705	5.2229	6
251.45	18.2807	1266.4339	5.2273	6
251.5	18.2803	1267.2092	5.2305	6
251.55	18.2806	1266.7916	5.2092	6
251.6	18.2806	1266.9228	5.2072	6
251.65	18.2804	1267.3714	5.2302	6
251.7	18.2809	1266.7838	5.2229	6
251.75	18.2805	1267.2115	5.2165	6
251.8	18.2806	1267.106	5.2109	6
251.85	18.2805	1266.9878	5.2047	6
251.9	18.2805	1267.0253	5.2138	6
251.95	18.2801	1267.624	5.1954	6
252	18.2807	1267.1481	5.1905	6
252.05	18.2806	1267.245	5.2008	6
252.1	18.2804	1267.7395	5.1963	6
252.15	18.2806	1267.4584	5.1987	6
252.2	18.2808	1267.2941	5.1864	6
252.25	18.2802	1267.992	5.1933	6
252.3	18.2808	1267.387	5.199	6
252.35	18.2807	1267.0395	5.1925	6
252.4	18.2799	1266.5973	5.1963	6
252.45	18.2796	1266.0926	5.1922	6
252.5	18.2797	1266.0156	5.18	6
252.55	18.279	1267.0172	5.1921	6
252.6	18.2793	1266.6023	5.1959	6
252.65	18.2793	1266.5675	5.2017	6
252.7	18.2789	1267.2392	5.203	6
252.75	18.2792	1266.7571	5.1916	6
252.8	18.2794	1266.5781	5.191	6
252.85	18.2787	1267.6645	5.1803	6
252.9	18.2793	1267.0798	5.1809	6
252.95	18.2794	1266.8563	5.189	6
253	18.2787	1267.9189	5.1908	6
253.05	18.279	1267.504	5.2061	6
253.1	18.2793	1267.1008	5.2034	6
253.15	18.2787	1268.054	5.2024	6
253.2	18.2789	1267.9641	5.1934	6
253.25	18.2791	1267.6709	5.1744	6
253.3	18.2786	1268.3956	5.1758	6
253.35	18.2787	1268.3807	5.1586	6
253.4	18.2791	1267.8594	5.1782	6
253.45	18.2785	1268.6341	5.1997	6
253.5	18.2788	1268.2853	5.1938	6
253.55	18.279	1268.0535	5.1849	6
253.6	18.2785	1268.7936	5.1817	6
253.65	18.2788	1268.493	5.1895	6
253.7	18.2788	1268.5446	5.2011	6
253.75	18.2785	1269.0874	5.1978	6
253.8	18.2786	1268.8254	5.2151	6
253.85	18.2788	1268.6893	5.2076	6
253.9	18.2788	1268.9576	5.1948	6
253.95	18.2793	1268.4555	5.2083	6
254	18.2792	1268.5782	5.1989	6
254.05	18.2792	1268.6212	5.1893	6
254.1	18.2792	1268.6467	5.1804	6
254.15	18.2794	1268.5051	5.1672	6
254.2	18.2791	1268.3841	5.1856	6
254.25	18.2789	1267.1878	5.2086	6
254.3	18.2785	1267.0981	5.2083	6
254.35	18.2784	1267.141	5.2031	6
254.4	18.2785	1266.9887	5.1891	6
254.45	18.2783	1267.2326	5.1815	6
254.5	18.2783	1267.5101	5.1867	6
254.55	18.2785	1267.1994	5.1876	6
254.6	18.2782	1267.6084	5.1773	6
254.65	18.2779	1268.158	5.18	6
254.7	18.2785	1267.3003	5.1718	6
254.75	18.2782	1267.7993	5.1612	6
254.8	18.2777	1268.5178	5.1646	6
254.85	18.2783	1267.6523	5.1591	6
254.9	18.2779	1268.3949	5.1751	6
254.95	18.2775	1269.0253	5.1842	6
255	18.278	1268.3446	5.1667	6
255.05	18.278	1268.5643	5.1687	6
255.1	18.2779	1268.8254	5.1774	6
255.15	18.2782	1268.2397	5.1645	6
255.2	18.2783	1268.2836	5.1653	6
255.25	18.2782	1268.6041	5.1731	6
255.3	18.2782	1268.4882	5.1768	6
255.35	18.2782	1268.6688	5.1637	6
255.4	18.2782	1268.7909	5.1424	6
255.45	18.2783	1268.6126	5.1439	6
255.5	18.2782	1268.7027	5.1577	6
255.55	18.2786	1268.3702	5.1779	6
255.6	18.2785	1268.2786	5.1823	6
255.65	18.2784	1268.5496	5.1612	6
255.7	18.2791	1267.7755	5.1714	6
255.75	18.279	1268.1513	5.1915	6
255.8	18.279	1268.2229	5.1886	6
255.85	18.2793	1267.6674	5.1769	6
255.9	18.2796	1267.535	5.1684	6
255.95	18.2793	1267.9646	5.1717	6
256	18.2798	1267.3063	5.1819	6
256.05	18.2798	1267.2734	5.176	6
256.1	18.2797	1267.6169	5.1823	6
256.15	18.2802	1267.0663	5.1909	6
256.2	18.2804	1266.7187	5.1977	6
256.25	18.28	1267.0752	5.1778	6
256.3	18.2801	1265.7538	5.1546	6
256.35	18.2797	1264.6387	5.1619	6
256.4	18.2794	1265.0263	5.1743	6
256.45	18.2797	1264.7491	5.163	6
256.5	18.2799	1264.4763	5.1704	6
256.55	18.2791	1265.541	5.1778	6
256.6	18.2797	1264.7456	5.1843	6
256.65	18.28	1264.499	5.1818	6
256.7	18.2796	1265.3468	5.1725	6
256.75	18.2797	1265.04	5.1777	6
256.8	18.28	1264.543	5.1914	6
256.85	18.2792	1265.6774	5.2097	6
256.9	18.2796	1265.5266	5.1964	6
256.95	18.2798	1265.1354	5.1826	6
257	18.2796	1265.6975	5.1808	6
257.05	18.2797	1265.5784	5.1809	6
257.1	18.2802	1264.8224	5.1812	6
257.15	18.2799	1265.2833	5.1742	6
257.2	18.2799	1265.2029	5.1723	6
257.25	18.2801	1265.184	5.1724	6
257.3	18.2801	1265.2092	5.1741	6
257.35	18.2801	1265.2858	5.1778	6
257.4	18.2802	1265.3463	5.1821	6
257.45	18.2802	1265.2651	5.1882	6
257.5	18.2803	1265.1864	5.1844	6
257.55	18.2803	1265.3446	5.189	6
257.6	18.2803	1265.3698	5.1892	6
257.65	18.2803	1265.434	5.1738	6
257.7	18.2803	1265.2928	5.1769	6
257.75	18.2802	1265.1506	5.1768	6
257.8	18.2795	1264.3592	5.1696	6
257.85	18.2793	1263.6667	5.1721	6
257.9	18.2789	1264.4241	5.18	6
257.95	18.2793	1264.1384	5.1758	6
258	18.2791	1264.2823	5.1614	6
258.05	18.2789	1264.728	5.1606	6
258.1	18.2788	1264.8017	5.1488	6
258.15	18.2792	1264.4641	5.1492	6
258.2	18.2789	1264.9869	5.1657	6
258.25	18.2791	1264.6734	5.1579	6
258.3	18.279	1264.673	5.1432	6
258.35	18.279	1264.9134	5.1422	6
258.4	18.2787	1265.1713	5.1517	6
258.45	18.2786	1265.1586	5.1515	6
258.5	18.2785	1265.4588	5.1644	6
258.55	18.2785	1265.6229	5.1739	6
258.6	18.2786	1265.5406	5.1616	6
258.65	18.2786	1265.6875	5.1563	6
258.7	18.2784	1266.1541	5.1815	6
258.75	18.2787	1265.7905	5.1814	6
258.8	18.2786	1266.075	5.1836	6
258.85	18.2782	1266.6608	5.1666	6
258.9	18.2785	1266.1872	5.1551	6
258.95	18.2783	1266.4463	5.1657	6
259	18.2781	1266.9198	5.1732	6
259.05	18.2785	1266.5158	5.164	6
259.1	18.2787	1266.3384	5.1621	6
259.15	18.2782	1267.0064	5.1877	6
259.2	18.2787	1266.4945	5.1796	6
259.25	18.2788	1266.257	5.1708	6
259.3	18.2784	1266.911	5.1872	6
259.35	18.2786	1266.8284	5.1945	6
259.4	18.279	1266.2924	5.1933	6
259.45	18.2786	1266.8052	5.1698	6
259.5	18.2788	1266.7994	5.156	6
259.55	18.279	1266.2679	5.1749	6
259.6	18.2787	1266.6421	5.1691	6
259.65	18.2787	1266.6669	5.1766	6
259.7	18.2792	1266.1222	5.1769	6
259.75	18.2792	1265.9812	5.1588	6
259.8	18.2786	1264.9844	5.1645	6
259.85	18.2783	1263.8542	5.1608	6
259.9	18.2785	1263.5734	5.1518	6
259.95	18.2784	1263.7341	5.15	6
260	18.2788	1263.3395	5.1609	6
260.05	18.2792	1262.992	5.1738	6
260.1	18.2793	1262.7972	5.1707	6
260.15	18.2793	1262.8791	5.1712	6
260.2	18.2799	1262.377	5.1678	6
260.25	18.2805	1261.7726	5.1655	6
260.3	18.2803	1261.9288	5.1586	6
260.35	18.2806	1261.5054	5.1592	6
260.4	18.2812	1260.8116	5.1593	6
260.45	18.2813	1261.0282	5.1674	6
260.5	18.2818	1260.4144	5.1763	6
260.55	18.2823	1259.6664	5.1773	6
260.6	18.2824	1259.6886	5.1597	6
260.65	18.2828	1259.3332	5.1601	6
260.7	18.2836	1258.4036	5.176	6
260.75	18.2834	1258.7205	5.1781	6
260.8	18.2835	1258.7131	5.1766	6
260.85	18.284	1258.0267	5.1727	6
260.9	18.284	1258.0329	5.1701	6
260.95	18.2835	1257.3537	5.1805	6
261	18.2834	1255.9952	5.1829	6
261.05	18.2833	1256.0319	5.175	6
261.1	18.2834	1256.1848	5.1599	6
261.15	18.2836	1255.924	5.1566	6
261.2	18.2836	1255.9727	5.1665	6
261.25	18.2836	1256.0396	5.1651	6
261.3	18.2839	1255.7284	5.1766	6
261.35	18.2838	1255.8864	5.1629	6
261.4	18.2838	1255.7275	5.1431	6
261.45	18.2838	1255.8673	5.1658	6
261.5	18.284	1255.8705	5.1808	6
261.55	18.2839	1255.9616	5.1705	6
261.6	18.2839	1255.9405	5.1679	6
261.65	18.2841	1256.0588	5.1738	6
261.7	18.2839	1255.755	5.1858	6
261.75	18.2836	1254.5956	5.2041	6
261.8	18.2833	1254.4569	5.2059	6
261.85	18.2835	1254.1752	5.1868	6
261.9	18.2834	1254.2249	5.1816	6
261.95	18.2832	1254.5277	5.1743	6
262	18.2833	1254.3022	5.1609	6
262.05	18.2833	1254.3644	5.1715	6
262.1	18.283	1254.7384	5.1794	6
262.15	18.2833	1254.4814	5.1775	6
262.2	18.2834	1254.4011	5.181	6
262.25	18.2832	1254.9035	5.1729	6
262.3	18.2833	1254.8968	5.1784	6
262.35	18.2836	1254.5886	5.1826	6
262.4	18.2835	1254.8172	5.1687	6
262.45	18.2831	1255.3383	5.1639	6
262.5	18.283	1254.9557	5.1626	6
262.55	18.2827	1253.6704	5.1415	6
262.6	18.2818	1253.8446	5.1349	6
262.65	18.2822	1253.5718	5.1409	6
262.7	18.2823	1253.5286	5.1495	6
262.75	18.2822	1253.697	5.1642	6
262.8	18.282	1254.1643	5.1715	6
262.85	18.2819	1254.3626	5.1695	6
262.9	18.2816	1254.7185	5.1656	6
262.95	18.2814	1255.1016	5.1871	6
263	18.2816	1254.9119	5.1722	6
263.05	18.2814	1255.2793	5.1642	6
263.1	18.2812	1255.5148	5.1821	6
263.15	18.2813	1255.3034	5.1892	6
263.2	18.2811	1255.6488	5.17	6
263.25	18.2808	1256.1824	5.1548	6
263.3	18.2809	1256.1702	5.158	6
263.35	18.2806	1256.5574	5.1709	6
263.4	18.2802	1257.0617	5.1734	6
263.45	18.2806	1256.5748	5.1797	6
263.5	18.2806	1256.7928	5.1817	6
263.55	18.2804	1257.0829	5.1744	6
263.6	18.2803	1256.3926	5.1662	6
263.65	18.2795	1255.7915	5.1501	6
263.7	18.279	1255.8361	5.1456	6
263.75	18.2792	1255.5806	5.1517	6
263.8	18.2789	1255.905	5.147	6
263.85	18.2787	1256.2176	5.1618	6
263.9	18.2794	1255.2876	5.1725	6
263.95	18.2793	1255.639	5.1653	6
264	18.2789	1256.437	5.1631	6
264.05	18.2797	1255.3182	5.1565	6
264.1	18.2796	1255.4814	5.151	6
264.15	18.2787	1256.8964	5.1687	6
264.2	18.2795	1255.8372	5.182	6
264.25	18.2801	1255.3099	5.1904	6
264.3	18.2793	1256.477	5.189	6
264.35	18.2795	1256.1712	5.1661	6
264.4	18.2803	1255.1453	5.145	6
264.45	18.2798	1255.7813	5.1402	6
264.5	18.2795	1256.36	5.1581	6
264.55	18.2803	1255.2363	5.171	6
264.6	18.2801	1255.5824	5.176	6
264.65	18.2794	1256.6336	5.1634	6
264.7	18.2802	1255.6647	5.1581	6
264.75	18.2802	1255.5287	5.165	6
264.8	18.28	1256.0077	5.1794	6
264.85	18.2802	1255.6888	5.1965	6
264.9	18.2803	1255.553	5.1956	6
264.95	18.2802	1255.9254	5.1803	6
265	18.2802	1256.0472	5.179	6
265.05	18.28	1256.189	5.1762	6
265.1	18.2798	1256.6716	5.164	6
265.15	18.2796	1256.4996	5.1718	6
265.2	18.2791	1255.745	5.1851	6
265.25	18.2784	1255.6377	5.2043	6
265.3	18.2788	1255.3387	5.1947	6
265.35	18.2788	1255.4363	5.1843	6
265.4	18.2787	1255.5806	5.1899	6
265.45	18.2787	1255.6118	5.1816	6
265.5	18.2788	1255.5368	5.1742	6
265.55	18.2785	1255.8082	5.1669	6
265.6	18.2786	1255.8819	5.1662	6
265.65	18.2788	1255.7764	5.1694	6
265.7	18.2788	1255.7551	5.1711	6
265.75	18.2788	1255.8104	5.1819	6
265.8	18.2789	1255.6275	5.1788	6
265.85	18.2788	1255.8879	5.1498	6
265.9	18.2789	1255.9465	5.147	6
265.95	18.279	1255.912	5.1592	6
266	18.2788	1256.2764	5.1512	6
266.05	18.2787	1256.3737	5.1649	6
266.1	18.279	1255.8829	5.1743	6
266.15	18.279	1256.0841	5.1786	6
266.2	18.2788	1256.3946	5.1774	6
266.25	18.2793	1255.8263	5.1643	6
266.3	18.2793	1255.7794	5.1589	6
266.35	18.2791	1256.1684	5.1734	6
266.4	18.2792	1256.0989	5.1744	6
266.45	18.2794	1255.8929	5.1645	6
266.5	18.2793	1256.0805	5.1614	6
266.55	18.2791	1256.3269	5.1611	6
266.6	18.2795	1256.0183	5.1706	6
266.65	18.2794	1256.1529	5.1792	6
266.7	18.2792	1256.5815	5.1876	6
266.75	18.2797	1256.0609	5.1822	6
266.8	18.2793	1256.3453	5.1835	6
266.85	18.2791	1256.7067	5.17	6
266.9	18.2795	1256.4448	5.1743	6
266.95	18.2796	1256.3332	5.1762	6
267	18.2795	1256.0424	5.1734	6
267.05	18.2788	1255.3745	5.18	6
267.1	18.2785	1254.6689	5.16	6
267.15	18.2785	1254.8323	5.1526	6
267.2	18.278	1255.5202	5.1628	6
267.25	18.2781	1255.3952	5.1783	6
267.3	18.278	1255.5945	5.1911	6
267.35	18.2781	1255.4812	5.185	6
267.4	18.2783	1255.4228	5.179	6
267.45	18.2783	1255.4657	5.1653	6
267.5	18.2783	1255.4216	5.1582	6
267.55	18.2785	1255.3016	5.1628	6
267.6	18.2783	1255.4512	5.1659	6
267.65	18.2783	1255.506	5.1839	6
267.7	18.2785	1255.1798	5.1913	6
267.75	18.2784	1255.312	5.1717	6
267.8	18.2783	1255.4872	5.1558	6
267.85	18.2784	1255.3599	5.1405	6
267.9	18.2785	1255.3643	5.1587	6
267.95	18.2783	1255.7446	5.1675	6
268	18.2783	1255.775	5.142	6
268.05	18.2784	1255.6944	5.1541	6
268.1	18.2785	1255.6784	5.163	7
268.15	18.2787	1255.5673	5.1794	7
268.2	18.2789	1255.2788	5.1875	7
268.25	18.2788	1255.4317	5.1695	7
268.3	18.2777	1252.7108	5.1634	7
268.35	18.2716	1240.8728	5.1566	7
268.4	18.2579	1218.5974	5.1554	7
268.45	18.2366	1185.3891	5.1605	7
268.5	18.2069	1141.9716	5.1566	7
268.55	18.1682	1090.1953	5.1592	7
268.6	18.1203	1029.9581	5.1667	7
268.65	18.0629	961.6461	5.1577	7
268.7	17.995	886.5726	5.152	7
268.75	17.9163	804.4671	5.1478	7
268.8	17.8265	715.9896	5.1555	7
268.85	17.7252	621.9618	5.1586	7
268.9	17.6117	522.826	5.1683	7
268.95	17.4851	419.3513	5.177	8
269	17.3451	312.6779	5.1802	8
269.05	17.191	203.8901	5.1737	8
269.1	17.021	95.2428	5.1722	8
269.15	16.8347	-6.6698	5.1833	8
269.2	16.6424	-85.0682	5.1871	8
269.25	16.453	-140.6553	5.1897	8
269.3	16.2623	-189.2107	5.21	8
269.35	16.0689	-234.6823	5.1941	8
269.4	15.8719	-276.5558	5.172	8
269.45	15.6703	-313.2222	5.1838	8
269.5	15.464	-344.7893	5.1889	8
269.55	15.2524	-370.6296	5.179	8
269.6	15.0361	-390.835	5.1738	8
269.65	14.8154	-405.7739	5.1762	8
269.7	14.5913	-416.2388	5.1865	8
269.75	14.362	-421.6482	5.1903	8
269.8	14.1298	-423.9254	5.1891	8
269.85	13.8938	-422.4065	5.1756	8
269.9	13.6566	-419.7898	5.1829	8
269.95	13.4167	-414.8273	5.1793	8
270	13.1753	-408.9096	5.1725	8
270.05	12.9318	-400.8965	5.178	8
270.1	12.6851	-389.7441	5.173	8
270.15	12.436	-376.2641	5.1638	8
270.2	12.1857	-361.7695	5.1747	8
270.25	11.9351	-347.6054	5.1818	8
270.3	11.6844	-333.9485	5.1679	8
270.35	11.4317	-318.7277	5.1774	8
270.4	11.1774	-302.4427	5.1726	8
270.45	10.9221	-285.319	5.1692	8
270.5	10.665	-265.9105	5.1707	8
270.55	10.4049	-243.0128	5.172	8
270.6	10.1419	-217.9614	5.1732	8
270.65	9.8775	-192.0902	5.1677	8
270.7	9.6135	-166.8815	5.1744	8
270.75	9.3529	-146.8026	5.1765	8
270.8	9.0962	-133.2417	5.1677	8
270.85	8.8416	-123.8819	5.1641	8
270.9	8.5879	-116.343	5.144	8
270.95	8.3353	-110.9248	5.1309	8
271	8.0819	-105.2527	5.1432	8
271.05	7.8288	-100.7711	5.1486	8
271.1	7.5765	-97.4475	5.1635	8
271.15	7.3235	-93.7473	5.163	8
271.2	7.0698	-90.3277	5.172	8
271.25	6.8164	-87.9476	5.168	8
271.3	6.5634	-85.5141	5.1643	8
271.35	6.3104	-83.5372	5.1637	8
271.4	6.056	-81.2935	5.1518	8
271.45	5.8013	-79.2696	5.151	8
271.5	5.546	-76.7628	5.1526	8
271.55	5.2903	-74.5638	5.1573	8
271.6	5.0343	-72.6488	5.1596	8
271.65	4.7778	-70.4187	5.1522	8
271.7	4.5203	-67.4874	5.1671	8
271.75	4.2634	-66.1344	5.1786	8
271.8	4.0056	-63.68	5.1678	8
271.85	3.748	-61.5336	5.1694	8
271.9	3.4896	-58.4313	5.1701	8
271.95	3.2309	-56.4143	5.1717	8
272	2.9715	-53.9933	5.1809	8
272.05	2.7127	-52.019	5.1946	8
272.1	2.4537	-49.8633	5.1889	8
272.15	2.1941	-47.8449	5.1742	8
272.2	1.9345	-46.2445	5.1752	8
272.25	1.6746	-44.1502	5.1747	8
272.3	1.4155	-43.3166	5.162	8
272.35	1.1548	-41.1183	5.1637	8
272.4	0.8937	-39.0854	5.1689	8
272.45	0.6325	-37.2481	5.1751	8
272.5	0.3709	-34.7976	5.1802	8
272.55	0.109	-32.3119	5.1792	8
272.6	-0.1524	-30.6925	5.1746	8
272.65	-0.414	-29.0467	5.1905	8
272.7	-0.675	-28.2024	5.1876	8
272.75	-0.9361	-27.37	5.174	8
272.8	-1.1975	-25.9238	5.1598	8
272.85	-1.4584	-25.1984	5.1587	8
272.9	-1.7203	-24.0971	5.1654	8
272.95	-1.9822	-23.1612	5.1552	8
273	-2.2436	-22.7602	5.1454	8
273.05	-2.5056	-21.5285	5.148	8
273.1	-2.7674	-21.3394	5.1558	8
273.15	-3.0301	-20.2129	5.1608	8
273.2	-3.2921	-20.025	5.1654	8
273.25	-3.5544	-19.1986	5.1741	8
273.3	-3.8167	-18.8402	5.1678	8
273.35	-4.0794	-18.073	5.1743	8
273.4	-4.3415	-17.7445	5.1767	8
273.45	-4.604	-17.0359	5.166	8
273.5	-4.8665	-16.8579	5.1756	8
273.55	-5.1287	-16.3748	5.1793	8
273.6	-5.3905	-16.1817	5.1816	8
273.65	-5.6526	-16.0349	5.1697	8
273.7	-5.9146	-16.0543	5.168	8
273.75	-6.1773	-15.2328	5.171	8
273.8	-6.4389	-15.7577	5.1695	8
273.85	-6.7012	-15.2071	5.1753	8
273.9	-6.9626	-15.8591	5.1887	8
273.95	-7.2251	-15.2951	5.1776	8
