Indentation

 + User defined profile

+ User defined profile
   Acquisition rate :	20.0 [Hz]
   Linear load 20.00  µN ; 100.00 µN/min
   Pause in load 2 s
   Linear load 0.00  µN ; 100.00 µN/min
   Pause in load 120 s
   Linear depth 20.00  µm ; 500.00 µm/min
   Pause in depth 120 s
   Linear depth 0.00  µm ; 1000.00 µm/min
+ TTX - UNHT Bio S/N: 1000136751 settings
   Fn contact : 25 µN
   Approach distance : 20 µm
   Approach speed : 100 µm/min
   Retract speed : 200 µm/min
   Retract time : 5 sec
   Dz sensor in large range
   Load in fine range
   FnRef in fine range
   FnRef contactload :500.000 µN
   Stiffness threshold : 1 µN/µm

   X Position :10523.04 µm
   Y Position :38057.90 µm
   Z Position :8354.51 µm

Date :6/9/2026
Time :11:28:42 AM

Analysis n # 1

   Method :	Hertz

Cycle # 1

 + Parameters

  Load Fit [10%,98%]

 + Main results

   EHz=	10.599 	kPa

 + Hypothesis


 + Additional results

   ErHz=	11.65 kPa
   h offset=	5.82 µm
   R2=	0.83

Cycle # 2

 + Parameters

  Load Fit [10%,98%]

 + Main results

   EHz=	3.8109 	kPa

 + Hypothesis


 + Additional results

   ErHz=	4.19 kPa
   h offset=	4.41 µm
   R2=	0.42

Analysis n # 2

   Method :	Oliver & Pharr

Cycle # 1

 + Parameters

  Unload Fit [40%,98%]

 + Main results

   HIT=	0.39025 	kPa
   EIT=	44.47 	kPa
   E*=	48.868 	kPa

 + Hypothesis

   !!! Indenter not calibrated !!!
   m out of O&P hypothesis
   Poisson's ratio(nu)=	0.30 

 + Additional results

   HVIT=	3.978E-005 	 Vickers
   RIT 1.9E-005/8/2=	-19.61 	%
   nIT=	41.24 %
   Fmax=	18.74 	µN
   hmax=	16.66 	µm
   S=	12.0849 	µN/µm
   F/S²=	0.1283 	µm²/µN
   hc=	15.53 	µm
   hr=	15.11 	µm
   hp=	-724.38 	µm
   m=	477.7657 
   Epsilon=	0.73 
   R2=	1.194
   Ap=	48031.73 	µm²
   Welast=	14.99 pJ
   Wplast=	21.36 pJ
   Wtotal=	36.35 pJ
   Er=	48.868 	kPa

Cycle # 2

 + Parameters

  Unload Fit [40%,98%]

 + Main results

   HIT=	1.1812 	kPa
   EIT=	802.43 	kPa
   E*=	881.79 	kPa

 + Hypothesis

   !!! Indenter not calibrated !!!
   m out of O&P hypothesis
   Poisson's ratio(nu)=	0.30 

 + Additional results

   HVIT=	0.0001204 	 Vickers
   RIT 7.2E-005/1/120=	-2679.29 	%
   nIT=	5.32 %
   Fmax=	72.41 	µN
   hmax=	20.12 	µm
   S=	246.3551 	µN/µm
   F/S²=	0.0012 	µm²/µN
   hc=	19.91 	µm
   hr=	19.83 	µm
   hp=	-60.31 	µm
   m=	273.6468 
   Epsilon=	0.73 
   R2=	1.045
   Ap=	61303.84 	µm²
   Welast=	13.44 pJ
   Wplast=	239.30 pJ
   Wtotal=	252.74 pJ
   Er=	881.78 	kPa

Measured values
Time (s)	Pd (µm)	Fn (µN)	FnRef (µN)	SegmentID

0	0	0	5.1105	0
0.05	0.0746	0.0106	5.0999	0
0.1	0.149	0.1472	5.0922	0
0.15	0.2235	-0.1515	5.1119	0
0.2	0.2978	-0.0414	5.1166	0
0.25	0.3725	0.1215	5.1117	0
0.3	0.4477	-0.1603	5.1121	0
0.35	0.5228	-0.0411	5.1274	0
0.4	0.5977	0.399	5.1363	0
0.45	0.6744	0.02	5.1499	0
0.5	0.7865	-0.1118	5.1674	0
0.55	0.976	0.6095	5.1588	0
0.6	1.2029	0.3756	5.1511	0
0.65	1.4337	0.0572	5.1499	0
0.7	1.6633	0.4987	5.1494	0
0.75	1.8914	0.4232	5.1465	0
0.8	2.1167	0.318	5.1303	0
0.85	2.3387	0.6213	5.1465	0
0.9	2.5579	0.7871	5.1607	0
0.95	2.7742	0.1289	5.1376	0
1	2.9862	0.398	5.1233	0
1.05	3.1946	1.3838	5.1124	0
1.1	3.4009	0.7404	5.1372	0
1.15	3.6035	0.3733	5.1535	0
1.2	3.8019	1.1174	5.133	0
1.25	3.9976	1.2334	5.1305	0
1.3	4.1911	0.4683	5.1187	0
1.35	4.38	1.2846	5.1031	0
1.4	4.5665	1.1205	5.1121	0
1.45	4.7498	1.006	5.114	0
1.5	4.9303	1.244	5.13	0
1.55	5.1082	1.329	5.1317	0
1.6	5.2832	1.1272	5.1174	0
1.65	5.4548	1.4537	5.1242	0
1.7	5.6237	1.4198	5.1286	0
1.75	5.7906	1.5504	5.1232	0
1.8	5.9558	1.5362	5.0996	0
1.85	6.1182	1.3974	5.106	0
1.9	6.2778	1.7563	5.1391	0
1.95	6.4356	1.5763	5.1305	0
2	6.5908	1.4653	5.1363	0
2.05	6.7437	1.8574	5.1529	0
2.1	6.8953	1.6919	5.1501	0
2.15	7.0444	2.0367	5.1549	0
2.2	7.1918	1.6995	5.1385	0
2.25	7.3366	2.2938	5.1408	0
2.3	7.4808	1.7347	5.1547	0
2.35	7.6221	2.0933	5.1536	0
2.4	7.7616	2.1147	5.1546	0
2.45	7.8996	1.8136	5.1411	0
2.5	8.0354	2.1271	5.1589	0
2.55	8.1698	2.2782	5.1722	0
2.6	8.3026	2.4203	5.1468	0
2.65	8.4338	2.1581	5.1435	0
2.7	8.5634	2.2643	5.1379	0
2.75	8.6915	2.297	5.131	0
2.8	8.8184	2.2545	5.1409	0
2.85	8.9432	2.894	5.1278	0
2.9	9.0677	2.2082	5.126	0
2.95	9.19	2.5622	5.1422	0
3	9.3108	2.6502	5.1376	0
3.05	9.4306	2.2903	5.1365	0
3.1	9.5493	2.667	5.1291	0
3.15	9.6672	2.5235	5.1359	0
3.2	9.7837	2.7512	5.1307	0
3.25	9.8995	2.3551	5.1231	0
3.3	10.0136	2.7584	5.1342	0
3.35	10.1267	2.981	5.1382	0
3.4	10.2394	2.2124	5.1466	0
3.45	10.3502	2.8072	5.1444	0
3.5	10.461	2.5295	5.1424	0
3.55	10.5709	2.5595	5.1483	0
3.6	10.6797	2.7137	5.1416	0
3.65	10.7878	2.8552	5.1639	0
3.7	10.8947	2.9326	5.1697	0
3.75	11.0014	2.4153	5.1502	0
3.8	11.1066	3.0619	5.1576	0
3.85	11.2117	2.9448	5.1572	0
3.9	11.3163	2.7368	5.1492	0
3.95	11.4193	3.6145	5.1491	0
4	11.5229	2.9648	5.1496	0
4.05	11.625	3.0614	5.1574	0
4.1	11.7259	3.8488	5.1556	0
4.15	11.8272	3.5992	5.149	0
4.2	11.9278	3.2526	5.1514	0
4.25	12.0269	3.6353	5.1553	0
4.3	12.1251	4.5867	5.1552	0
4.35	12.2246	3.6056	5.1343	0
4.4	12.3224	3.8844	5.1304	0
4.45	12.4195	4.5982	5.1462	0
4.5	12.5173	4.2644	5.1371	0
4.55	12.6143	4.2462	5.1361	0
4.6	12.7104	4.7979	5.1363	0
4.65	12.8063	4.8253	5.138	1
4.7	12.9019	4.8646	5.1583	1
4.75	12.9969	5.2047	5.1484	1
4.8	13.091	5.4879	5.14	1
4.85	13.1766	5.5185	5.158	1
4.9	13.2314	5.6846	5.1659	1
4.95	13.2608	5.4777	5.1547	1
5	13.285	5.6747	5.1495	1
5.05	13.3076	5.4472	5.1409	1
5.1	13.3284	5.569	5.1506	1
5.15	13.3482	5.9379	5.1494	1
5.2	13.3671	5.6662	5.1486	1
5.25	13.3857	5.6275	5.1463	1
5.3	13.4033	5.9117	5.1569	1
5.35	13.4201	5.948	5.1703	1
5.4	13.4368	5.8385	5.1464	1
5.45	13.4536	5.8123	5.1495	1
5.5	13.47	6.0122	5.1479	1
5.55	13.4858	6.2079	5.1377	1
5.6	13.5015	5.7183	5.145	1
5.65	13.5168	6.3924	5.1495	1
5.7	13.5325	5.6546	5.1403	1
5.75	13.5481	6.6311	5.1512	1
5.8	13.563	6.0788	5.1522	1
5.85	13.5788	5.9284	5.1561	1
5.9	13.5938	6.5908	5.1539	1
5.95	13.6085	6.1997	5.1496	1
6	13.6239	6.1358	5.1554	1
6.05	13.6387	6.6965	5.1688	1
6.1	13.6537	6.2724	5.1625	1
6.15	13.6694	6.2898	5.1463	1
6.2	13.6844	6.7796	5.1438	1
6.25	13.6989	6.6736	5.1647	1
6.3	13.7146	6.1778	5.173	1
6.35	13.7301	6.6476	5.1617	1
6.4	13.7443	6.7998	5.1387	1
6.45	13.7602	6.3679	5.1261	1
6.5	13.7754	6.7749	5.142	1
6.55	13.7906	6.883	5.151	1
6.6	13.8059	6.7449	5.151	1
6.65	13.8223	6.3386	5.1238	1
6.7	13.8374	7.1157	5.1103	1
6.75	13.8535	6.4429	5.1191	1
6.8	13.8694	6.9102	5.118	1
6.85	13.885	7.1955	5.1262	1
6.9	13.9006	6.7711	5.1362	1
6.95	13.9174	6.9062	5.1448	1
7	13.9327	7.3671	5.1355	1
7.05	13.9487	6.6774	5.1364	1
7.1	13.9658	6.9946	5.1356	1
7.15	13.9815	7.5136	5.1351	1
7.2	13.9979	6.98	5.1327	1
7.25	14.0156	6.6611	5.1497	1
7.3	14.0316	7.8517	5.1664	1
7.35	14.0477	7.0184	5.1632	1
7.4	14.065	7.3803	5.1525	1
7.45	14.0817	7.2804	5.1577	1
7.5	14.0988	7.5374	5.1639	1
7.55	14.116	7.2064	5.1668	1
7.6	14.1338	7.2448	5.1522	1
7.65	14.1512	7.5152	5.1457	1
7.7	14.1682	7.675	5.1543	1
7.75	14.1867	7.0256	5.1558	1
7.8	14.2036	7.9658	5.1422	1
7.85	14.2211	7.6365	5.1421	1
7.9	14.2387	7.8539	5.1636	1
7.95	14.2568	7.4666	5.1728	1
8	14.2757	7.7262	5.1791	1
8.05	14.2937	7.7574	5.1603	1
8.1	14.3124	7.7318	5.1606	1
8.15	14.3309	7.8088	5.1795	1
8.2	14.3495	8.1107	5.1941	1
8.25	14.3682	7.7898	5.1812	1
8.3	14.387	8.102	5.1687	1
8.35	14.4052	8.2259	5.1581	1
8.4	14.424	7.9068	5.1719	1
8.45	14.443	8.1566	5.1719	1
8.5	14.4623	8.127	5.1752	1
8.55	14.4813	8.3628	5.1747	1
8.6	14.5006	8.3087	5.1934	1
8.65	14.5196	8.4822	5.1829	1
8.7	14.5397	8.1368	5.1623	1
8.75	14.5587	8.9795	5.1563	1
8.8	14.5777	8.7603	5.1506	1
8.85	14.5978	8.3279	5.1366	1
8.9	14.6172	8.7928	5.1419	1
8.95	14.6365	8.8412	5.1505	1
9	14.6558	8.9497	5.1533	1
9.05	14.6756	9.0181	5.1441	1
9.1	14.6951	9.0804	5.1287	1
9.15	14.7148	9.2414	5.1261	1
9.2	14.7346	9.0765	5.1399	1
9.25	14.7538	9.5318	5.1486	1
9.3	14.7737	9.2566	5.1509	1
9.35	14.7933	9.5631	5.1514	1
9.4	14.8124	9.9285	5.1569	1
9.45	14.8325	9.1809	5.1532	1
9.5	14.8527	10.0289	5.1434	1
9.55	14.8715	9.8799	5.1408	1
9.6	14.8914	9.7644	5.1395	1
9.65	14.9113	9.9307	5.1347	1
9.7	14.9309	10.2025	5.137	1
9.75	14.95	10.2687	5.1397	1
9.8	14.97	9.9083	5.1444	1
9.85	14.9895	10.5621	5.1497	1
9.9	15.0086	10.5852	5.1508	1
9.95	15.0282	10.5524	5.1436	1
10	15.0487	10.313	5.1524	1
10.05	15.0687	10.728	5.1579	1
10.1	15.0887	10.7612	5.1371	1
10.15	15.1077	11.1451	5.1244	1
10.2	15.1279	10.6519	5.1279	1
10.25	15.1472	11.2552	5.1329	1
10.3	15.1672	10.774	5.1404	1
10.35	15.187	11.3285	5.1358	1
10.4	15.2066	11.3196	5.1328	1
10.45	15.2257	11.8151	5.154	1
10.5	15.2451	11.2651	5.1388	1
10.55	15.2646	11.5108	5.1299	1
10.6	15.2849	11.6658	5.1254	1
10.65	15.304	11.9986	5.1254	1
10.7	15.3234	11.9424	5.1371	1
10.75	15.3425	12.0845	5.1522	1
10.8	15.3622	11.8958	5.1481	1
10.85	15.3813	12.5457	5.15	1
10.9	15.4003	12.1828	5.1502	1
10.95	15.4197	12.3354	5.1567	1
11	15.4387	12.6497	5.1604	1
11.05	15.4575	12.6724	5.1603	1
11.1	15.4773	12.3105	5.1565	1
11.15	15.4963	13.0906	5.1451	1
11.2	15.5152	12.6909	5.1449	1
11.25	15.5342	13.2873	5.1465	1
11.3	15.553	12.9915	5.1382	1
11.35	15.5726	13.0954	5.1394	1
11.4	15.5913	13.3583	5.1383	1
11.45	15.6105	13.2056	5.1551	1
11.5	15.6294	13.4765	5.1493	1
11.55	15.6481	13.7332	5.1381	1
11.6	15.6667	13.73	5.1487	1
11.65	15.6859	13.4315	5.1579	1
11.7	15.7042	14.3158	5.1588	1
11.75	15.7226	13.7755	5.1418	1
11.8	15.7416	14.0469	5.1522	1
11.85	15.7596	14.5283	5.1765	1
11.9	15.7773	14.3471	5.1596	1
11.95	15.7967	14.0119	5.1542	1
12	15.8153	14.8108	5.1554	1
12.05	15.8331	14.8001	5.1481	1
12.1	15.8506	14.8178	5.1584	1
12.15	15.8696	14.6484	5.1572	1
12.2	15.8872	15.0355	5.1596	1
12.25	15.9048	15.368	5.1527	1
12.3	15.9233	14.7801	5.1488	2
12.35	15.9409	15.6707	5.1521	2
12.4	15.9584	15.5096	5.1441	2
12.45	15.9762	15.2528	5.151	2
12.5	15.9939	16.0113	5.1615	2
12.55	16.0104	15.7037	5.1762	2
12.6	16.0281	15.824	5.1819	2
12.65	16.0452	15.7416	5.1686	2
12.7	16.0612	16.6962	5.1529	2
12.75	16.0773	16.0985	5.1641	2
12.8	16.094	15.9875	5.1657	2
12.85	16.11	16.655	5.1707	2
12.9	16.1253	16.5932	5.1797	2
12.95	16.1408	16.6847	5.1773	2
13	16.1566	16.2315	5.1646	2
13.05	16.1716	17.1811	5.1652	2
13.1	16.186	16.9717	5.1543	2
13.15	16.2001	16.9781	5.1502	2
13.2	16.2144	17.2359	5.1544	2
13.25	16.228	17.0892	5.1492	2
13.3	16.242	17.3183	5.141	2
13.35	16.2554	17.4424	5.1611	2
13.4	16.269	17.0976	5.1533	2
13.45	16.2823	17.597	5.1498	2
13.5	16.2948	17.831	5.1524	2
13.55	16.3075	17.3451	5.1442	2
13.6	16.3199	18.1915	5.1532	2
13.65	16.3321	17.2589	5.1439	2
13.7	16.344	18.3539	5.1382	2
13.75	16.3557	17.7732	5.1411	2
13.8	16.3675	17.9033	5.1501	2
13.85	16.3793	18.1927	5.1506	2
13.9	16.3904	18.2107	5.1478	2
13.95	16.4013	18.0127	5.1403	2
14	16.4125	18.4739	5.1551	2
14.05	16.4223	18.3419	5.1561	2
14.1	16.434	18.0407	5.1386	2
14.15	16.4439	18.8889	5.1435	2
14.2	16.4548	18.106	5.1542	2
14.25	16.465	18.3488	5.1712	2
14.3	16.4755	18.7343	5.1771	3
14.35	16.4849	18.7442	5.1578	3
14.4	16.4943	18.7092	5.1651	3
14.45	16.5041	18.5284	5.1517	3
14.5	16.5141	18.5318	5.1573	3
14.55	16.5226	19.3728	5.1559	3
14.6	16.5321	18.2664	5.1419	3
14.65	16.5411	18.8942	5.1595	3
14.7	16.5492	19.1449	5.1699	3
14.75	16.5571	18.7442	5.1656	3
14.8	16.5657	19.0117	5.1591	3
14.85	16.5731	18.9833	5.154	3
14.9	16.5803	19.216	5.1625	3
14.95	16.5876	18.8328	5.1726	3
15	16.5943	19.179	5.172	3
15.05	16.6009	18.8498	5.1601	3
15.1	16.6074	19.0823	5.1383	3
15.15	16.6136	19.3017	5.1375	3
15.2	16.6192	19.0273	5.1516	3
15.25	16.6253	18.8344	5.1622	3
15.3	16.6299	19.5665	5.1621	3
15.35	16.6343	19.0283	5.1666	3
15.4	16.6395	19.0631	5.1711	3
15.45	16.6436	19.2729	5.1732	3
15.5	16.6476	19.1957	5.1642	3
15.55	16.6525	18.6867	5.1698	3
15.6	16.6555	19.8799	5.1735	3
15.65	16.6585	19.0635	5.186	3
15.7	16.6625	19.2053	5.197	3
15.75	16.6648	19.3106	5.1852	3
15.8	16.6685	18.8272	5.1757	3
15.85	16.6706	19.5309	5.1573	3
15.9	16.6734	19.0147	5.1451	3
15.95	16.6756	18.7453	5.1418	3
16	16.6782	19.369	5.1541	3
16.05	16.6792	19.1045	5.1599	3
16.1	16.6819	18.9227	5.1581	3
16.15	16.6833	18.909	5.1717	3
16.2	16.6845	19.207	5.171	3
16.25	16.6859	19.0128	5.1583	3
16.3	16.6871	18.7808	5.1538	3
16.35	16.6885	18.697	5.1552	3
16.4	16.6893	19.0594	5.1577	3
16.45	16.69	18.7816	5.1666	3
16.5	16.6912	18.6091	5.1681	3
16.55	16.6909	19.294	5.1757	3
16.6	16.691	18.3794	5.1791	3
16.65	16.6914	19.1201	5.1732	3
16.7	16.6901	19.0229	5.1624	3
16.75	16.6905	18.263	5.1453	3
16.8	16.69	19.1098	5.1598	3
16.85	16.6881	18.9418	5.1672	3
16.9	16.6884	18.0614	5.1547	3
16.95	16.687	19.2996	5.1567	3
17	16.6854	18.4052	5.1499	3
17.05	16.6842	18.777	5.1524	3
17.1	16.6825	18.6339	5.1609	3
17.15	16.6811	18.4451	5.1693	3
17.2	16.6789	18.7948	5.1682	3
17.25	16.6768	18.3114	5.1546	3
17.3	16.6753	18.3995	5.1605	3
17.35	16.6724	18.6176	5.1476	3
17.4	16.6702	18.3228	5.1361	3
17.45	16.6672	18.6453	5.1395	3
17.5	16.6651	17.9947	5.1321	3
17.55	16.663	18.0732	5.1313	3
17.6	16.6594	18.7623	5.1412	3
17.65	16.6568	17.7673	5.1358	3
17.7	16.6539	18.37	5.1483	3
17.75	16.6506	18.0458	5.1503	3
17.8	16.6481	17.6787	5.1628	3
17.85	16.6456	17.8397	5.1701	3
17.9	16.6413	18.61	5.1611	3
17.95	16.6383	17.2713	5.1634	3
18	16.6352	17.8899	5.166	3
18.05	16.6315	17.8686	5.1676	3
18.1	16.6271	17.9636	5.1664	3
18.15	16.6235	17.2591	5.1536	3
18.2	16.6204	17.6404	5.1456	3
18.25	16.6156	17.8873	5.1439	3
18.3	16.6113	17.2838	5.1657	3
18.35	16.6082	17.3302	5.1702	3
18.4	16.603	17.7403	5.1646	3
18.45	16.5992	17.0794	5.1714	3
18.5	16.5951	17.3709	5.1857	3
18.55	16.5899	17.4743	5.1796	3
18.6	16.5859	16.8165	5.1795	3
18.65	16.5812	17.4477	5.1758	3
18.7	16.5763	17.0291	5.1737	3
18.75	16.5717	17.0107	5.1766	3
18.8	16.5666	17.0231	5.1832	3
18.85	16.5615	17.0345	5.1846	3
18.9	16.5566	16.9572	5.186	3
18.95	16.5514	16.6886	5.1877	3
19	16.546	16.8571	5.1733	3
19.05	16.5399	17.0699	5.1593	3
19.1	16.5346	16.2358	5.1772	3
19.15	16.5302	16.4401	5.1896	3
19.2	16.5243	16.8697	5.1959	3
19.25	16.5183	16.4359	5.1879	3
19.3	16.5133	16.2721	5.1683	3
19.35	16.5075	16.6614	5.1473	3
19.4	16.5017	16.0517	5.1595	3
19.45	16.4957	16.4519	5.1775	3
19.5	16.4894	16.1634	5.1648	3
19.55	16.4837	16.0081	5.1376	3
19.6	16.4779	16.1403	5.16	3
19.65	16.4718	16.0657	5.1721	3
19.7	16.4658	15.7502	5.1762	3
19.75	16.4594	16.0108	5.1854	3
19.8	16.4535	15.7337	5.1679	3
19.85	16.4472	15.8531	5.1617	3
19.9	16.4409	15.751	5.1765	3
19.95	16.435	15.3781	5.1697	3
20	16.4281	15.7255	5.1771	3
20.05	16.4216	15.3362	5.1862	3
20.1	16.4161	14.951	5.1904	3
20.15	16.41	15.7448	5.1851	3
20.2	16.4031	14.9941	5.1737	3
20.25	16.3977	14.8016	5.1769	3
20.3	16.3915	14.7403	5.1595	3
20.35	16.3853	15.0638	5.171	3
20.4	16.3795	14.3871	5.1911	3
20.45	16.3746	14.3221	5.1705	3
20.5	16.3682	14.8333	5.1616	3
20.55	16.3614	14.5626	5.172	3
20.6	16.3553	14.3931	5.1887	3
20.65	16.3488	14.5851	5.1926	3
20.7	16.3419	14.4218	5.1905	3
20.75	16.3355	14.2561	5.1907	3
20.8	16.3285	14.6827	5.1948	3
20.85	16.3222	13.8186	5.201	3
20.9	16.3154	14.4013	5.2031	3
20.95	16.3084	14.0077	5.1874	3
21	16.3009	14.6323	5.1858	3
21.05	16.2944	13.2841	5.1827	3
21.1	16.2884	13.6102	5.1762	3
21.15	16.2806	14.4783	5.1836	3
21.2	16.2732	13.5099	5.1777	3
21.25	16.2681	12.8736	5.1907	3
21.3	16.2605	14.4529	5.2011	3
21.35	16.2515	13.6389	5.1728	3
21.4	16.2455	13.0305	5.1674	3
21.45	16.2382	13.9929	5.1738	3
21.5	16.23	13.4623	5.1748	3
21.55	16.2228	13.4991	5.1896	3
21.6	16.2158	12.785	5.1877	3
21.65	16.2074	13.9226	5.1883	3
21.7	16.1997	13.0247	5.1979	3
21.75	16.1925	12.7779	5.1768	3
21.8	16.1845	13.606	5.1597	3
21.85	16.1758	13.127	5.1447	3
21.9	16.1688	12.5363	5.1386	3
21.95	16.1607	13.1039	5.1322	3
22	16.1522	13.3083	5.1492	3
22.05	16.1434	12.8615	5.1682	3
22.1	16.1352	13.0078	5.1615	3
22.15	16.1268	12.6574	5.1579	3
22.2	16.1177	13.064	5.1481	3
22.25	16.1091	12.7922	5.1489	3
22.3	16.0998	13.11	5.1631	3
22.35	16.0905	12.5463	5.1723	3
22.4	16.0826	12.1327	5.1726	3
22.45	16.0727	13.3196	5.1661	3
22.5	16.0631	12.4207	5.1664	3
22.55	16.0544	12.2998	5.163	3
22.6	16.0456	12.2906	5.1571	3
22.65	16.0362	12.4557	5.1623	3
22.7	16.0269	12.2363	5.1685	3
22.75	16.0182	11.882	5.1663	3
22.8	16.0088	12.2936	5.1686	3
22.85	15.9991	12.2203	5.1475	3
22.9	15.9901	11.5715	5.1278	3
22.95	15.9808	12.2493	5.1527	3
23	15.971	11.8049	5.1579	3
23.05	15.9613	11.899	5.1458	3
23.1	15.9516	11.808	5.1568	3
23.15	15.9418	11.587	5.1426	3
23.2	15.9319	11.6398	5.141	3
23.25	15.9221	11.8625	5.1663	3
23.3	15.9114	11.7289	5.1636	3
23.35	15.9016	11.3118	5.1474	3
23.4	15.8919	11.4829	5.1409	3
23.45	15.8807	11.8064	5.1497	3
23.5	15.8705	11.077	5.1456	3
23.55	15.8606	10.9895	5.1471	3
23.6	15.8494	11.9388	5.1589	3
23.65	15.839	10.6777	5.1446	3
23.7	15.8295	11.0864	5.1532	3
23.75	15.8186	11.3287	5.1626	3
23.8	15.8075	11.1409	5.1582	3
23.85	15.7971	10.4651	5.1748	3
23.9	15.7866	11.1172	5.1809	3
23.95	15.7753	10.8462	5.1826	3
24	15.7649	10.7631	5.1979	3
24.05	15.7533	11.0151	5.1986	3
24.1	15.7419	10.726	5.1934	3
24.15	15.7306	10.6393	5.1798	3
24.2	15.7193	10.7765	5.1725	3
24.25	15.7074	10.9233	5.1841	3
24.3	15.6968	10.1206	5.1803	3
24.35	15.685	10.7595	5.1812	3
24.4	15.6727	10.6635	5.1724	3
24.45	15.6615	9.8301	5.1617	3
24.5	15.6499	10.5441	5.1608	3
24.55	15.6372	10.5663	5.1759	3
24.6	15.626	9.6783	5.191	3
24.65	15.6144	10.5775	5.1899	3
24.7	15.602	10.054	5.1838	3
24.75	15.5901	10.0669	5.1792	3
24.8	15.5769	10.337	5.1721	3
24.85	15.5639	10.1289	5.1811	3
24.9	15.5524	9.4924	5.1906	3
24.95	15.5395	10.2745	5.1908	3
25	15.5264	9.8672	5.1791	3
25.05	15.5129	10.2065	5.178	3
25.1	15.5007	9.2609	5.1675	3
25.15	15.488	9.9928	5.1651	3
25.2	15.4737	10.1942	5.1608	3
25.25	15.4611	9.2364	5.1537	3
25.3	15.4486	9.4793	5.1629	3
25.35	15.4345	10.1269	5.188	3
25.4	15.4214	8.9388	5.1851	3
25.45	15.408	9.7677	5.1811	3
25.5	15.3942	9.373	5.1813	3
25.55	15.3806	9.4399	5.1842	3
25.6	15.3671	9.3554	5.1932	3
25.65	15.3535	9.1619	5.1685	3
25.7	15.3393	9.346	5.1598	3
25.75	15.3255	9.1817	5.189	3
25.8	15.3111	9.1863	5.195	3
25.85	15.2963	9.5142	5.1974	3
25.9	15.2821	8.6203	5.1891	3
25.95	15.2678	9.2336	5.1874	3
26	15.2533	8.8511	5.1938	3
26.05	15.2385	8.9427	5.1753	3
26.1	15.2239	9.0899	5.1642	3
26.15	15.2094	8.4814	5.1902	3
26.2	15.1943	9.2375	5.189	3
26.25	15.1797	8.2048	5.1953	3
26.3	15.165	8.8488	5.1915	4
26.35	15.1498	8.6762	5.1775	4
26.4	15.1346	8.4647	5.1799	4
26.45	15.1199	8.6393	5.1851	4
26.5	15.1038	8.587	5.1882	4
26.55	15.0888	8.3089	5.1946	4
26.6	15.0737	8.563	5.1954	4
26.65	15.0583	8.0597	5.2065	4
26.7	15.0434	8.3367	5.203	4
26.75	15.0282	8.2638	5.2163	4
26.8	15.0127	8.5301	5.2167	4
26.85	14.9977	7.9956	5.2014	4
26.9	14.9833	8.0829	5.2094	4
26.95	14.9689	8.1504	5.2116	4
27	14.9542	8.1371	5.2003	4
27.05	14.9398	7.8702	5.1898	4
27.1	14.9251	8.1809	5.1921	4
27.15	14.911	7.5868	5.1887	4
27.2	14.8972	8.0316	5.1763	4
27.25	14.8824	7.9737	5.1853	4
27.3	14.8681	7.8891	5.1809	4
27.35	14.8541	7.8653	5.1715	4
27.4	14.8403	7.3919	5.1996	4
27.45	14.8268	7.8614	5.1943	4
27.5	14.8131	7.4706	5.1645	4
27.55	14.7995	7.4932	5.1549	4
27.6	14.7861	7.7045	5.1748	4
27.65	14.7723	7.276	5.1758	4
27.7	14.7598	7.3109	5.1702	4
27.75	14.7467	7.4603	5.1744	4
27.8	14.7333	7.5504	5.179	4
27.85	14.72	7.3214	5.1797	4
27.9	14.707	7.169	5.1769	4
27.95	14.6942	7.2913	5.1734	4
28	14.6815	6.9856	5.1812	4
28.05	14.669	7.0773	5.1718	4
28.1	14.6559	7.4241	5.1601	4
28.15	14.6433	6.9101	5.1678	4
28.2	14.6314	6.912	5.1635	4
28.25	14.6188	7.1685	5.1587	4
28.3	14.6056	7.3154	5.1776	4
28.35	14.5944	6.4096	5.1948	4
28.4	14.5822	7.1697	5.1905	4
28.45	14.5695	7.0954	5.1637	4
28.5	14.5576	6.4477	5.1592	4
28.55	14.5461	6.7798	5.1779	4
28.6	14.5333	7.467	5.165	4
28.65	14.5217	5.9882	5.1651	4
28.7	14.5105	7.0421	5.1812	4
28.75	14.4979	6.8853	5.1718	4
28.8	14.4855	6.6832	5.1756	4
28.85	14.4744	6.2531	5.1756	4
28.9	14.4625	7.2183	5.1577	4
28.95	14.4505	6.4572	5.1564	4
29	14.4401	6.3196	5.1648	4
29.05	14.4284	6.788	5.1776	4
29.1	14.4162	6.8672	5.1841	4
29.15	14.4056	5.7714	5.177	4
29.2	14.3951	6.5064	5.1935	4
29.25	14.3835	6.7478	5.2029	4
29.3	14.3723	5.946	5.2082	4
29.35	14.3627	5.9745	5.1941	4
29.4	14.3513	6.4774	5.1893	4
29.45	14.3411	6.1321	5.1911	4
29.5	14.3303	6.1452	5.1844	4
29.55	14.3195	6.2419	5.1881	4
29.6	14.309	5.8834	5.1967	4
29.65	14.3001	5.6483	5.1949	4
29.7	14.2889	6.6434	5.1854	4
29.75	14.2786	5.4725	5.1891	4
29.8	14.2691	6.0261	5.1906	4
29.85	14.2587	6.1641	5.1898	4
29.9	14.2485	5.8168	5.1847	4
29.95	14.2391	5.4911	5.1758	4
30	14.2292	6.136	5.1669	4
30.05	14.2189	5.5724	5.1647	4
30.1	14.2099	5.6559	5.1722	4
30.15	14.2001	5.7896	5.1857	4
30.2	14.1902	5.8393	5.1917	4
30.25	14.1812	5.3265	5.1754	4
30.3	14.172	5.6939	5.163	4
30.35	14.1619	5.967	5.179	4
30.4	14.152	5.7206	5.1865	4
30.45	14.1428	5.3917	5.1921	4
30.5	14.133	6.2002	5.1906	4
30.55	14.1232	5.5063	5.1761	4
30.6	14.1148	5.264	5.1692	4
30.65	14.1052	6.0707	5.1659	4
30.7	14.0956	5.4805	5.1834	4
30.75	14.0863	5.6629	5.2009	4
30.8	14.0772	5.5376	5.178	4
30.85	14.0674	5.9053	5.1577	4
30.9	14.0586	5.3996	5.1609	4
30.95	14.0496	5.4989	5.1445	4
31	14.0398	5.9197	5.1365	4
31.05	14.0304	5.2385	5.1464	4
31.1	14.0221	5.1241	5.1682	4
31.15	14.0125	6.1984	5.1621	4
31.2	14.0029	5.1385	5.1569	4
31.25	13.9946	5.3243	5.1747	4
31.3	13.9858	5.6509	5.1708	4
31.35	13.9759	5.4811	5.1604	4
31.4	13.968	5.0404	5.1603	4
31.45	13.9592	5.3182	5.1659	4
31.5	13.9503	5.3477	5.1714	4
31.55	13.9415	5.4137	5.1638	4
31.6	13.9333	5.0282	5.1616	4
31.65	13.9244	5.495	5.159	4
31.7	13.916	4.9263	5.1639	4
31.75	13.9081	5.2609	5.1615	4
31.8	13.8994	5.227	5.16	4
31.85	13.8908	5.0716	5.1733	4
31.9	13.8827	5.1912	5.1611	4
31.95	13.8741	5.2968	5.1477	4
32	13.8654	5.2301	5.1633	4
32.05	13.8576	5.0078	5.1572	4
32.1	13.8493	4.9504	5.1567	4
32.15	13.8408	5.5268	5.1663	4
32.2	13.8323	4.8575	5.1798	4
32.25	13.8239	5.2776	5.1948	4
32.3	13.8161	4.8852	5.1807	4
32.35	13.8079	5.0817	5.1667	4
32.4	13.7994	5.1143	5.1778	4
32.45	13.7914	5.0556	5.1799	4
32.5	13.7828	5.3432	5.1844	4
32.55	13.7744	5.0176	5.1791	4
32.6	13.7666	5.0497	5.1831	4
32.65	13.758	5.2887	5.1794	4
32.7	13.7495	5.1783	5.1776	4
32.75	13.7413	5.0439	5.1808	4
32.8	13.7326	5.3316	5.1632	4
32.85	13.7247	4.8581	5.159	4
32.9	13.7171	5.0514	5.1695	4
32.95	13.7086	5.2603	5.1705	4
33	13.7006	4.9925	5.1898	4
33.05	13.6921	5.3368	5.1845	4
33.1	13.6839	4.8454	5.1933	4
33.15	13.6756	5.3509	5.1795	4
33.2	13.6671	4.9208	5.1726	4
33.25	13.6589	5.2595	5.1856	4
33.3	13.6508	4.8723	5.1848	4
33.35	13.6429	5.109	5.1783	4
33.4	13.6351	4.8182	5.1802	4
33.45	13.6265	5.4461	5.1708	4
33.5	13.6189	4.3943	5.1661	4
33.55	13.6112	5.3517	5.1571	4
33.6	13.6019	5.3595	5.1464	4
33.65	13.5941	4.8126	5.1647	4
33.7	13.5862	5.0714	5.1721	4
33.75	13.5779	5.2239	5.1683	4
33.8	13.57	4.5334	5.1717	4
33.85	13.562	5.3537	5.1724	4
33.9	13.5536	4.6903	5.1632	4
33.95	13.5467	4.5719	5.1621	4
34	13.5394	5.1403	5.1791	4
34.05	13.5309	4.9251	5.1852	4
34.1	13.5235	4.6022	5.1792	4
34.15	13.5165	4.6819	5.1831	4
34.2	13.5083	5.1077	5.1666	4
34.25	13.5013	4.4616	5.1514	4
34.3	13.4939	4.6081	5.1625	4
34.35	13.4867	4.7876	5.1634	4
34.4	13.4792	4.4257	5.1604	4
34.45	13.4725	4.7987	5.1605	4
34.5	13.465	4.516	5.1576	4
34.55	13.458	4.624	5.1445	4
34.6	13.4517	4.2235	5.1512	4
34.65	13.4442	4.7917	5.1785	4
34.7	13.4369	4.5397	5.1732	4
34.75	13.4305	4.2037	5.1543	4
34.8	13.4233	4.8015	5.1627	4
34.85	13.4171	4.1539	5.1773	4
34.9	13.4092	5.007	5.1678	4
34.95	13.4027	4.0229	5.1612	4
35	13.3957	4.6086	5.1422	4
35.05	13.389	4.5825	5.1412	4
35.1	13.381	5.1102	5.1564	4
35.15	13.3745	4.0455	5.1629	4
35.2	13.368	4.7697	5.1579	4
35.25	13.3596	5.0196	5.1422	4
35.3	13.352	4.4691	5.1479	4
35.35	13.3459	4.0205	5.1464	4
35.4	13.3388	5.1828	5.1321	4
35.45	13.3307	4.4338	5.1414	4
35.5	13.325	4.1129	5.1462	4
35.55	13.3179	4.6754	5.1634	4
35.6	13.3096	5.2024	5.1487	4
35.65	13.3032	3.7366	5.1223	4
35.7	13.2974	4.3121	5.128	4
35.75	13.289	5.4585	5.1419	4
35.8	13.2824	3.59	5.1459	4
35.85	13.2763	4.7094	5.1445	4
35.9	13.269	4.6228	5.1512	4
35.95	13.2615	4.4641	5.1529	4
36	13.2557	3.9769	5.1545	4
36.05	13.2488	4.8205	5.1559	4
36.1	13.2415	4.4122	5.1662	4
36.15	13.2362	3.6837	5.1683	4
36.2	13.2295	4.8486	5.1718	4
36.25	13.2217	4.5783	5.1599	4
36.3	13.2163	3.5281	5.1665	4
36.35	13.2095	4.7406	5.1786	4
36.4	13.2019	4.718	5.1685	4
36.45	13.1962	3.6154	5.157	4
36.5	13.1902	4.7774	5.1468	4
36.55	13.1824	4.6125	5.1511	4
36.6	13.1764	3.9308	5.1507	4
36.65	13.1695	4.7346	5.1552	4
36.7	13.162	4.7336	5.1504	4
36.75	13.1558	4.1514	5.1434	4
36.8	13.1497	3.9976	5.1326	4
36.85	13.1423	4.9432	5.1404	4
36.9	13.1348	4.6554	5.1485	4
36.95	13.129	3.796	5.1409	4
37	13.1228	4.7928	5.1435	4
37.05	13.1156	4.6638	5.1425	4
37.1	13.1085	4.4107	5.1554	4
37.15	13.1029	4.2782	5.152	4
37.2	13.096	4.3743	5.1596	4
37.25	13.0889	4.7344	5.158	4
37.3	13.0822	4.1395	5.1532	4
37.35	13.0759	4.405	5.1562	4
37.4	13.0691	4.4024	5.1547	4
37.45	13.0623	4.438	5.1569	4
37.5	13.0556	4.0487	5.1543	4
37.55	13.0494	4.2543	5.1569	4
37.6	13.0434	4.1407	5.1541	4
37.65	13.0374	3.8152	5.159	4
37.7	13.0322	4.092	5.1626	4
37.75	13.0246	4.7097	5.1667	4
37.8	13.0183	3.8082	5.1606	4
37.85	13.0126	4.1026	5.1644	4
37.9	13.0072	3.7916	5.1527	4
37.95	13.0009	4.5316	5.1443	4
38	12.9951	3.5369	5.1495	4
38.05	12.9894	4.2951	5.1597	4
38.1	12.9832	4.0113	5.1555	4
38.15	12.9777	3.7156	5.1501	4
38.2	12.9723	3.7706	5.1505	4
38.25	12.9657	4.4036	5.1576	4
38.3	12.9605	3.5031	5.1574	4
38.35	12.9556	3.7431	5.1588	4
38.4	12.9499	4.1705	5.1701	4
38.45	12.9436	4.0075	5.1638	4
38.5	12.9386	3.3948	5.1598	4
38.55	12.9335	4.1364	5.1482	4
38.6	12.9274	3.7546	5.1521	4
38.65	12.9229	3.4269	5.1602	4
38.7	12.9173	3.8395	5.1586	4
38.75	12.912	3.8154	5.1702	4
38.8	12.906	4.0685	5.1753	4
38.85	12.9014	3.0269	5.1773	4
38.9	12.8964	4.1784	5.1777	4
38.95	12.8902	3.8329	5.1713	4
39	12.8856	3.4053	5.1727	4
39.05	12.8807	3.7761	5.1589	4
39.1	12.8749	3.8346	5.1538	4
39.15	12.8699	3.5291	5.1667	4
39.2	12.8642	3.98	5.164	4
39.25	12.8591	3.6736	5.1582	4
39.3	12.8543	3.7841	5.1528	4
39.35	12.8494	3.4176	5.1579	4
39.4	12.844	4.3623	5.1558	4
39.45	12.8379	3.5914	5.1531	4
39.5	12.8325	4.1859	5.1631	4
39.55	12.8267	3.6664	5.1629	4
39.6	12.8213	3.9357	5.162	4
39.65	12.8153	4.1229	5.1574	4
39.7	12.8097	3.8038	5.1367	4
39.75	12.8036	4.449	5.1395	4
39.8	12.7981	3.2231	5.1556	4
39.85	12.7928	4.2441	5.1571	4
39.9	12.7865	4.0141	5.1694	4
39.95	12.7813	3.4621	5.144	4
40	12.776	4.1592	5.1437	4
40.05	12.7711	3.3068	5.1605	4
40.1	12.7653	4.5096	5.146	4
40.15	12.7596	3.4509	5.1575	4
40.2	12.755	3.9058	5.1576	4
40.25	12.749	3.9505	5.1436	4
40.3	12.7441	3.4435	5.1348	4
40.35	12.7386	3.9744	5.1104	4
40.4	12.7329	4.0647	5.1193	4
40.45	12.7269	3.825	5.1338	4
40.5	12.7228	3.2568	5.1227	4
40.55	12.7177	3.8401	5.1252	4
40.6	12.7114	4.3427	5.1361	4
40.65	12.7057	3.696	5.1374	4
40.7	12.7007	3.6999	5.1221	4
40.75	12.6959	3.6857	5.1211	4
40.8	12.6906	4.037	5.1541	4
40.85	12.6843	4.1264	5.1532	4
40.9	12.6794	3.5051	5.1453	4
40.95	12.6742	3.7711	5.1574	4
41	12.6682	4.1958	5.1556	4
41.05	12.6621	3.7987	5.1308	4
41.1	12.6574	3.6725	5.1274	4
41.15	12.6522	3.773	5.1536	4
41.2	12.6471	3.7295	5.1587	4
41.25	12.6412	3.8925	5.1557	4
41.3	12.6359	3.6048	5.1479	4
41.35	12.6305	3.808	5.15	4
41.4	12.6252	3.6861	5.1474	4
41.45	12.6201	3.8374	5.1533	4
41.5	12.6151	3.6111	5.1596	4
41.55	12.6097	4.0983	5.158	4
41.6	12.6037	3.7899	5.1518	4
41.65	12.5989	3.4585	5.1543	4
41.7	12.5943	3.7099	5.1481	4
41.75	12.5876	4.4203	5.1412	4
41.8	12.5829	3.0214	5.1528	4
41.85	12.578	4.0147	5.1669	4
41.9	12.5722	4.0445	5.1697	4
41.95	12.5667	3.5645	5.1703	4
42	12.5618	3.7752	5.1563	4
42.05	12.5569	3.7057	5.145	4
42.1	12.5513	3.7832	5.1532	4
42.15	12.5463	3.7117	5.1428	4
42.2	12.542	3.3927	5.1532	4
42.25	12.5364	4.0791	5.1653	4
42.3	12.5314	3.4972	5.1665	4
42.35	12.527	3.3497	5.1739	4
42.4	12.5212	4.2199	5.1752	4
42.45	12.5158	3.5034	5.171	4
42.5	12.5118	3.1772	5.1502	4
42.55	12.5066	4.1381	5.1549	4
42.6	12.5012	3.2784	5.1691	4
42.65	12.4975	3.3725	5.1537	4
42.7	12.4922	3.7588	5.1601	4
42.75	12.4866	3.8457	5.1643	4
42.8	12.4826	2.8363	5.145	4
42.85	12.4776	3.9192	5.1466	4
42.9	12.4721	3.782	5.1537	4
42.95	12.4685	2.6904	5.1487	4
43	12.4637	4.0123	5.157	4
43.05	12.4583	3.6455	5.1727	4
43.1	12.4541	3.0541	5.1805	4
43.15	12.4501	3.693	5.1864	4
43.2	12.4447	3.631	5.1916	4
43.25	12.4399	3.4969	5.1993	4
43.3	12.4357	3.445	5.1963	4
43.35	12.431	3.307	5.2014	4
43.4	12.4264	3.5199	5.1892	4
43.45	12.4215	3.5509	5.1669	4
43.5	12.4165	3.2751	5.1793	4
43.55	12.4112	3.5717	5.1903	4
43.6	12.4059	3.6338	5.1927	4
43.65	12.4007	3.3164	5.1702	4
43.7	12.3965	3.3239	5.1599	4
43.75	12.3922	3.3941	5.1733	4
43.8	12.3874	3.6732	5.1638	4
43.85	12.3829	3.2099	5.1488	4
43.9	12.3795	2.9423	5.1459	4
43.95	12.3748	3.8166	5.1503	4
44	12.37	3.4545	5.1471	4
44.05	12.3654	3.2554	5.1494	4
44.1	12.3612	3.382	5.1537	4
44.15	12.3563	3.4517	5.1701	4
44.2	12.3515	3.4937	5.1729	4
44.25	12.3471	3.2502	5.1651	4
44.3	12.3435	3.2287	5.1649	4
44.35	12.3387	3.6802	5.1847	4
44.4	12.3338	3.3511	5.1822	4
44.45	12.3285	3.6979	5.152	4
44.5	12.3232	3.4481	5.1383	4
44.55	12.3196	2.9394	5.1415	4
44.6	12.315	3.8454	5.1426	4
44.65	12.3096	3.5041	5.1479	4
44.7	12.3058	3.1091	5.1445	4
44.75	12.3013	3.7282	5.1443	4
44.8	12.2964	3.4696	5.1501	4
44.85	12.2918	3.5178	5.1528	4
44.9	12.2874	3.2147	5.1452	4
44.95	12.2829	3.5418	5.1463	4
45	12.278	3.8544	5.1646	4
45.05	12.2738	2.7487	5.1521	4
45.1	12.2692	3.9388	5.1523	4
45.15	12.2639	3.2894	5.1693	4
45.2	12.2594	3.362	5.1688	4
45.25	12.2555	3.2675	5.1654	4
45.3	12.2506	3.7566	5.1626	4
45.35	12.246	3.276	5.1537	4
45.4	12.2418	3.3343	5.1651	4
45.45	12.2369	3.6255	5.1582	4
45.5	12.2321	3.4014	5.155	4
45.55	12.2277	3.3662	5.1654	4
45.6	12.2235	3.2011	5.1561	4
45.65	12.2189	3.5667	5.1595	4
45.7	12.2146	3.3567	5.1668	4
45.75	12.2099	3.4701	5.159	4
45.8	12.2055	3.418	5.161	4
45.85	12.2009	3.3306	5.1666	4
45.9	12.197	3.3579	5.1601	4
45.95	12.1921	3.701	5.151	4
46	12.1876	3.1904	5.157	4
46.05	12.184	3.1263	5.1579	4
46.1	12.1789	3.8995	5.1538	4
46.15	12.174	3.4341	5.1671	4
46.2	12.1697	3.2032	5.1666	4
46.25	12.166	3.1715	5.1446	4
46.3	12.1606	3.8992	5.1367	4
46.35	12.1559	3.2349	5.1374	4
46.4	12.1524	3.0778	5.1429	4
46.45	12.1479	3.6281	5.1254	4
46.5	12.1435	3.2673	5.1112	4
46.55	12.1396	3.2482	5.1296	4
46.6	12.1349	3.5492	5.1399	4
46.65	12.1304	3.464	5.1492	4
46.7	12.1261	3.264	5.1497	4
46.75	12.1216	3.4693	5.138	4
46.8	12.1171	3.2067	5.1283	4
46.85	12.113	3.1754	5.1027	4
46.9	12.1083	3.7693	5.1187	4
46.95	12.1037	3.1012	5.1234	4
47	12.0998	3.1036	5.1183	4
47.05	12.0958	3.4136	5.1239	4
47.1	12.0908	3.578	5.1275	4
47.15	12.0867	3.009	5.1231	4
47.2	12.0832	3.0905	5.1158	4
47.25	12.0784	3.3797	5.1129	4
47.3	12.0742	3.4335	5.1312	4
47.35	12.0698	3.2342	5.1201	4
47.4	12.0659	3.024	5.1151	4
47.45	12.0624	3.1949	5.1137	4
47.5	12.058	3.2353	5.1101	4
47.55	12.0544	3.0633	5.0991	4
47.6	12.0503	3.4019	5.1191	4
47.65	12.0461	3.0558	5.1315	4
47.7	12.0429	3.1655	5.1271	4
47.75	12.0388	3.1347	5.1359	4
47.8	12.0347	3.3361	5.1359	4
47.85	12.0308	2.9897	5.1331	4
47.9	12.0269	3.164	5.1244	4
47.95	12.0233	3.0559	5.1269	4
48	12.0188	3.2219	5.1258	4
48.05	12.0151	3.2088	5.1374	4
48.1	12.0115	2.9473	5.1301	4
48.15	12.0075	3.2378	5.1168	4
48.2	12.0031	3.1679	5.1297	4
48.25	12	2.7429	5.1327	4
48.3	11.9964	3.2118	5.1263	4
48.35	11.9927	2.9912	5.1115	4
48.4	11.9891	3.0065	5.1126	4
48.45	11.9854	2.9936	5.1342	4
48.5	11.9821	2.9789	5.1385	4
48.55	11.9785	3.0705	5.1249	4
48.6	11.9748	2.8388	5.1126	4
48.65	11.9712	3.2897	5.1215	4
48.7	11.9679	2.6422	5.1369	4
48.75	11.9647	2.8168	5.1269	4
48.8	11.9611	3.4545	5.1324	4
48.85	11.9574	2.61	5.1329	4
48.9	11.954	3.044	5.1351	4
48.95	11.9507	3.032	5.1443	4
49	11.9466	2.9994	5.1234	4
49.05	11.9433	2.9791	5.1144	4
49.1	11.9397	3.0153	5.1235	4
49.15	11.9362	3.0054	5.128	4
49.2	11.933	2.9629	5.1301	4
49.25	11.929	3.1283	5.13	4
49.3	11.9251	2.9611	5.1392	4
49.35	11.9222	2.768	5.1472	4
49.4	11.918	3.3675	5.1306	4
49.45	11.9149	2.608	5.1284	4
49.5	11.9111	3.459	5.1146	4
49.55	11.908	2.6634	5.1163	4
49.6	11.9043	2.8959	5.1363	4
49.65	11.9013	3.067	5.1214	4
49.7	11.8966	3.002	5.1057	4
49.75	11.8935	3.1384	5.1133	4
49.8	11.8896	2.9526	5.1292	4
49.85	11.8864	2.7853	5.1483	4
49.9	11.883	3.1775	5.1556	4
49.95	11.8791	2.9126	5.1451	4
50	11.8754	3.1185	5.1507	4
50.05	11.8724	2.6026	5.1486	4
50.1	11.8685	3.5344	5.1417	4
50.15	11.8653	2.5384	5.1313	4
50.2	11.8618	3.2781	5.1287	4
50.25	11.858	2.8855	5.144	4
50.3	11.8545	3.038	5.1468	4
50.35	11.8509	3.0516	5.1505	4
50.4	11.8477	2.5999	5.1416	4
50.45	11.8451	2.8765	5.1114	4
50.5	11.8408	3.4988	5.1067	4
50.55	11.8365	2.9591	5.107	4
50.6	11.8344	2.2086	5.1093	4
50.65	11.8306	3.5345	5.1126	4
50.7	11.8269	2.5076	5.1234	4
50.75	11.8247	2.7254	5.142	4
50.8	11.8207	3.3964	5.1281	4
50.85	11.8165	3.1815	5.1297	4
50.9	11.8137	2.3599	5.144	4
50.95	11.8117	2.3735	5.141	4
51	11.8075	3.8191	5.1605	4
51.05	11.8037	2.4779	5.1502	4
51.1	11.8022	2.252	5.1472	4
51.15	11.7975	4.2118	5.1517	4
51.2	11.793	2.3492	5.1386	4
51.25	11.791	2.3413	5.1419	4
51.3	11.7885	2.5432	5.1415	4
51.35	11.785	3.5162	5.1573	4
51.4	11.7812	2.5944	5.1597	4
51.45	11.779	2.7781	5.1489	4
51.5	11.7756	2.7799	5.1489	4
51.55	11.7728	2.7286	5.1391	4
51.6	11.7702	2.6266	5.1525	4
51.65	11.7672	2.8699	5.1746	4
51.7	11.763	3.3145	5.1607	4
51.75	11.7601	2.2849	5.1595	4
51.8	11.7585	1.8177	5.15	4
51.85	11.7561	3.0774	5.1403	4
51.9	11.7518	3.3256	5.1501	4
51.95	11.7491	1.8561	5.1347	4
52	11.7473	2.9369	5.149	4
52.05	11.7441	2.0945	5.1634	4
52.1	11.7431	2.4053	5.1502	4
52.15	11.7394	3.1189	5.1552	4
52.2	11.7366	2.3811	5.1563	4
52.25	11.7349	1.9904	5.1521	4
52.3	11.7332	2.3625	5.1549	4
52.35	11.7308	2.4634	5.155	4
52.4	11.7281	2.7249	5.1587	4
52.45	11.7264	1.9604	5.1506	4
52.5	11.7251	2.301	5.1343	4
52.55	11.7223	2.569	5.1345	4
52.6	11.7208	1.8538	5.1374	4
52.65	11.7184	2.7161	5.15	4
52.7	11.7163	1.9753	5.1468	4
52.75	11.7146	2.4057	5.1481	4
52.8	11.713	1.5701	5.1463	4
52.85	11.712	2.3906	5.1486	4
52.9	11.7091	2.7247	5.1532	4
52.95	11.707	2.0968	5.1496	4
53	11.7062	1.8893	5.148	4
53.05	11.7047	1.8598	5.1535	4
53.1	11.7042	1.8387	5.1514	4
53.15	11.7015	2.7217	5.1543	4
53.2	11.7001	1.9284	5.151	4
53.25	11.6988	1.824	5.1408	4
53.3	11.6986	1.3683	5.1399	4
53.35	11.6978	1.9861	5.1262	4
53.4	11.6942	3.1713	5.1415	4
53.45	11.6939	0.7412	5.1547	4
53.5	11.6931	2.4769	5.1478	4
53.55	11.6913	1.7611	5.1363	4
53.6	11.6919	1.013	5.1287	4
53.65	11.6903	2.7812	5.1358	4
53.7	11.6876	2.1422	5.1413	4
53.75	11.6876	0.7981	5.1502	4
53.8	11.6879	2.0011	5.1588	4
53.85	11.6859	2.3158	5.1477	4
53.9	11.6843	1.625	5.1353	4
53.95	11.684	1.996	5.1404	4
54	11.6828	1.562	5.144	4
54.05	11.6825	1.8773	5.1345	4
54.1	11.6826	1.2569	5.134	4
54.15	11.6806	2.4044	5.1268	4
54.2	11.6801	1.3962	5.1062	4
54.25	11.6792	1.8479	5.119	4
54.3	11.6774	2.3474	5.1419	4
54.35	11.6779	0.6914	5.1228	4
54.4	11.6776	2.3405	5.1092	4
54.45	11.6747	2.5607	5.113	4
54.5	11.675	0.3687	5.1239	4
54.55	11.6757	2.2079	5.1266	4
54.6	11.6736	2.0081	5.1286	4
54.65	11.6724	1.7545	5.1203	4
54.7	11.6738	0.6117	5.1263	4
54.75	11.6724	2.8059	5.1455	4
54.8	11.6691	2.5273	5.1532	4
54.85	11.6711	-0.2264	5.1584	4
54.9	11.6708	2.7503	5.1402	4
54.95	11.6677	2.5485	5.1349	4
55	11.6676	0.7089	5.1266	4
55.05	11.6686	1.7602	5.1265	4
55.1	11.6671	1.9531	5.1423	4
55.15	11.6656	2.0602	5.1311	4
55.2	11.6664	0.8384	5.1366	4
55.25	11.6657	2.2507	5.1495	4
55.3	11.664	2.024	5.1362	4
55.35	11.6648	0.5131	5.1459	4
55.4	11.6643	2.4638	5.1381	4
55.45	11.6622	1.8393	5.1332	4
55.5	11.6625	1.1254	5.1416	4
55.55	11.662	2.0306	5.1749	4
55.6	11.6616	0.9376	5.1647	4
55.65	11.6623	1.8451	5.1406	4
55.7	11.6607	1.8953	5.1548	4
55.75	11.6613	1.0323	5.1714	4
55.8	11.6613	1.8397	5.1691	4
55.85	11.6604	1.5098	5.1654	4
55.9	11.6603	1.3373	5.156	4
55.95	11.6606	1.639	5.1741	4
56	11.6601	1.3734	5.1728	4
56.05	11.6599	2.0145	5.1522	4
56.1	11.66	0.8317	5.1462	4
56.15	11.6606	1.8563	5.1478	4
56.2	11.6585	1.9757	5.1607	4
56.25	11.6592	0.9798	5.1481	4
56.3	11.6597	1.2583	5.1446	4
56.35	11.6582	2.589	5.1534	4
56.4	11.6582	0.8163	5.1479	4
56.45	11.6586	1.6271	5.142	4
56.5	11.6568	2.4869	5.1364	4
56.55	11.6566	0.935	5.1259	4
56.6	11.6568	1.7913	5.1399	4
56.65	11.6569	1.2315	5.1432	4
56.7	11.655	2.6212	5.1471	4
56.75	11.6548	0.9655	5.1586	4
56.8	11.6549	1.7326	5.1433	4
56.85	11.6533	2.2557	5.1523	4
56.9	11.6529	1.2884	5.1615	4
56.95	11.6526	1.8544	5.1596	4
57	11.6507	2.6444	5.1525	4
57.05	11.6498	1.055	5.1477	4
57.1	11.6501	2.0166	5.1493	4
57.15	11.6481	2.2918	5.1585	4
57.2	11.6465	1.8921	5.1564	4
57.25	11.6468	1.5644	5.1634	4
57.3	11.6454	2.1984	5.1641	4
57.35	11.6432	2.1929	5.1702	4
57.4	11.643	1.6372	5.1697	4
57.45	11.6414	2.3385	5.1453	4
57.5	11.6399	2.2564	5.1527	4
57.55	11.6382	1.8277	5.1536	4
57.6	11.6373	2.1211	5.1447	4
57.65	11.6355	2.3276	5.1438	4
57.7	11.6338	2.0072	5.1377	4
57.75	11.6331	1.8772	5.1487	4
57.8	11.6322	2.1209	5.1407	4
57.85	11.6299	2.4388	5.1266	4
57.9	11.6287	1.8526	5.1178	4
57.95	11.627	2.1566	5.116	4
58	11.6253	2.3276	5.1263	4
58.05	11.6238	2.0491	5.1142	4
58.1	11.6227	2.0679	5.1086	4
58.15	11.621	2.4332	5.1307	4
58.2	11.6191	2.1904	5.1444	4
58.25	11.617	2.3522	5.146	4
58.3	11.6151	2.2369	5.1346	4
58.35	11.614	1.9555	5.1377	4
58.4	11.6116	2.9736	5.1339	4
58.45	11.6093	2.0947	5.1343	4
58.5	11.6081	2.0837	5.143	4
58.55	11.6064	2.3752	5.1419	4
58.6	11.6042	2.3881	5.14	4
58.65	11.6028	1.9348	5.1482	4
58.7	11.6008	2.7677	5.1306	4
58.75	11.5986	2.28	5.1282	4
58.8	11.5971	2.2556	5.1262	4
58.85	11.5953	2.3879	5.1209	4
58.9	11.5929	2.5455	5.1173	4
58.95	11.5909	2.2415	5.1162	4
59	11.5891	2.5687	5.1197	4
59.05	11.586	2.7185	5.1281	4
59.1	11.5844	2.28	5.1348	4
59.15	11.5831	2.0719	5.1392	4
59.2	11.5809	2.8439	5.1233	4
59.25	11.578	2.6216	5.1177	4
59.3	11.5757	2.3258	5.13	4
59.35	11.5742	2.2538	5.1283	4
59.4	11.5725	2.2199	5.1358	4
59.45	11.57	3.0515	5.1209	4
59.5	11.5675	2.2222	5.1089	4
59.55	11.5647	2.8915	5.1095	4
59.6	11.5622	2.6003	5.1115	4
59.65	11.5597	2.4446	5.123	4
59.7	11.5582	2.2205	5.133	4
59.75	11.5561	2.5832	5.1254	4
59.8	11.5534	2.7712	5.1316	4
59.85	11.5511	2.516	5.1353	4
59.9	11.5486	2.5691	5.1227	4
59.95	11.5456	2.7903	5.1243	4
60	11.5436	2.2577	5.1273	4
60.05	11.5412	2.7204	5.1391	4
60.1	11.5383	2.7269	5.1479	4
60.15	11.536	2.2835	5.1456	4
60.2	11.5335	2.8377	5.1409	4
60.25	11.5308	2.4026	5.143	4
60.3	11.5288	2.4903	5.1368	4
60.35	11.5268	2.2264	5.1246	4
60.4	11.5241	2.9501	5.1308	4
60.45	11.5219	2.0669	5.1358	4
60.5	11.52	2.5218	5.136	4
60.55	11.5174	2.8444	5.132	4
60.6	11.515	2.2149	5.1194	4
60.65	11.5132	2.7111	5.1158	4
60.7	11.5108	2.4575	5.1234	4
60.75	11.5081	2.505	5.1377	4
60.8	11.5062	2.4184	5.1561	4
60.85	11.5032	2.7928	5.1572	4
60.9	11.5006	2.4916	5.1526	4
60.95	11.4989	2.2641	5.1378	4
61	11.4957	2.9804	5.1359	4
61.05	11.4934	2.4159	5.1398	4
61.1	11.4913	2.4251	5.1435	4
61.15	11.4882	3.1053	5.1276	4
61.2	11.4857	2.2107	5.1247	4
61.25	11.4835	2.7443	5.1339	4
61.3	11.4806	2.7289	5.1357	4
61.35	11.4782	2.5443	5.1432	4
61.4	11.476	2.6587	5.1402	4
61.45	11.4734	2.4252	5.1306	4
61.5	11.4705	3.1076	5.1178	4
61.55	11.4667	2.738	5.1291	4
61.6	11.4646	2.5952	5.1465	4
61.65	11.4613	2.9817	5.1425	4
61.7	11.458	3.0724	5.1545	4
61.75	11.4549	3.0577	5.156	4
61.8	11.4513	2.8135	5.1506	4
61.85	11.4484	3.1832	5.1492	4
61.9	11.4441	3.0838	5.1319	4
61.95	11.4412	2.8713	5.138	4
62	11.4378	2.9042	5.1565	4
62.05	11.4338	3.3106	5.1687	4
62.1	11.4313	2.1851	5.1605	4
62.15	11.429	2.5692	5.1386	4
62.2	11.4259	3.1194	5.1443	4
62.25	11.4232	2.3115	5.1485	4
62.3	11.422	2.1839	5.1481	4
62.35	11.4194	3.0888	5.1557	4
62.4	11.4157	2.8323	5.1558	4
62.45	11.4139	2.4105	5.1565	4
62.5	11.4107	3.0277	5.1574	4
62.55	11.4069	3.0457	5.1471	4
62.6	11.404	2.3797	5.145	4
62.65	11.4017	2.6731	5.1501	4
62.7	11.3981	3.2387	5.163	4
62.75	11.3951	2.6185	5.1589	4
62.8	11.3925	2.8022	5.1555	4
62.85	11.3896	2.877	5.1652	4
62.9	11.3867	2.5969	5.1421	4
62.95	11.3842	2.7188	5.1411	4
63	11.3807	3.2045	5.169	4
63.05	11.3776	2.5468	5.1638	4
63.1	11.3743	3.1476	5.1532	4
63.15	11.372	2.1089	5.1402	4
63.2	11.3697	2.8935	5.1385	4
63.25	11.3662	3.091	5.1568	4
63.3	11.3622	2.7863	5.153	4
63.35	11.3606	2.1659	5.1679	4
63.4	11.3578	2.9161	5.1584	4
63.45	11.3546	2.808	5.1582	4
63.5	11.3524	2.5515	5.173	4
63.55	11.3499	2.1284	5.1596	4
63.6	11.3481	2.7887	5.1556	4
63.65	11.3445	2.6235	5.153	4
63.7	11.3416	2.7377	5.1397	4
63.75	11.3394	2.4122	5.157	4
63.8	11.3366	2.7822	5.1596	4
63.85	11.3346	2.3578	5.1642	4
63.9	11.3313	3.0106	5.1569	4
63.95	11.3282	2.6943	5.151	4
64	11.3268	2.0228	5.1561	4
64.05	11.3239	3.0653	5.1574	4
64.1	11.3206	2.8255	5.159	4
64.15	11.3184	2.1621	5.1376	4
64.2	11.3159	3.0705	5.142	4
64.25	11.3123	2.7684	5.1604	4
64.3	11.3101	2.3305	5.1596	4
64.35	11.3075	2.8057	5.1567	4
64.4	11.3041	2.7891	5.1483	4
64.45	11.3012	2.8447	5.1307	4
64.5	11.2987	2.2962	5.1356	4
64.55	11.2961	2.8266	5.1359	4
64.6	11.2925	3.1959	5.1305	4
64.65	11.2904	1.8942	5.1355	4
64.7	11.2874	3.2318	5.1436	4
64.75	11.2834	2.9308	5.1583	4
64.8	11.2805	2.5487	5.1512	4
64.85	11.2789	2.4708	5.1503	4
64.9	11.275	3.3118	5.1614	4
64.95	11.2718	2.5631	5.161	4
65	11.2698	2.504	5.1708	4
65.05	11.2667	2.978	5.1467	4
65.1	11.2633	2.8504	5.1196	4
65.15	11.2608	2.7174	5.14	4
65.2	11.2573	2.9896	5.1465	4
65.25	11.2546	2.7956	5.149	4
65.3	11.2516	2.5548	5.1428	4
65.35	11.2483	3.1735	5.13	4
65.4	11.2452	2.4345	5.1537	4
65.45	11.2428	3.0375	5.1695	4
65.5	11.2394	2.7455	5.1414	4
65.55	11.2363	2.8648	5.146	4
65.6	11.2339	2.3877	5.155	4
65.65	11.2313	3.0388	5.1592	4
65.7	11.2272	3.0782	5.1551	4
65.75	11.2243	2.7092	5.1505	4
65.8	11.2215	2.5384	5.1547	4
65.85	11.219	2.8181	5.1336	4
65.9	11.2153	2.8826	5.1418	4
65.95	11.2129	2.6864	5.1639	4
66	11.2105	2.2745	5.159	4
66.05	11.2072	3.7016	5.1591	4
66.1	11.2035	2.0099	5.1591	4
66.15	11.2012	3.1416	5.1735	4
66.2	11.1978	2.5316	5.1671	4
66.25	11.1945	2.9875	5.151	4
66.3	11.1915	2.6948	5.154	4
66.35	11.1886	2.8445	5.1658	4
66.4	11.1853	2.86	5.1685	4
66.45	11.1828	2.6834	5.1783	4
66.5	11.1796	2.8761	5.1803	4
66.55	11.1771	2.5348	5.1776	4
66.6	11.1751	2.4106	5.1649	4
66.65	11.1712	3.4001	5.1573	4
66.7	11.1683	2.1296	5.1621	4
66.75	11.1669	2.2435	5.1606	4
66.8	11.164	3.2204	5.1605	4
66.85	11.1602	2.84	5.155	4
66.9	11.1587	1.9178	5.1513	4
66.95	11.1567	2.7135	5.1531	4
67	11.153	3.0742	5.1422	4
67.05	11.1508	2.1507	5.1357	4
67.1	11.1487	2.5819	5.1302	4
67.15	11.1449	3.2505	5.1426	4
67.2	11.1421	2.3968	5.1606	4
67.25	11.1399	2.8722	5.1563	4
67.3	11.1363	2.9226	5.1429	4
67.35	11.1329	3.0005	5.1449	4
67.4	11.1301	2.4128	5.1509	4
67.45	11.1263	3.424	5.1463	4
67.5	11.1233	2.497	5.1304	4
67.55	11.1206	2.8333	5.1275	4
67.6	11.1174	2.8325	5.1373	4
67.65	11.1136	3.3106	5.1453	4
67.7	11.1106	2.2653	5.1479	4
67.75	11.1082	3.054	5.1463	4
67.8	11.104	3.1661	5.1293	4
67.85	11.101	2.7845	5.1404	4
67.9	11.0981	2.8095	5.1557	4
67.95	11.095	2.7346	5.1693	4
68	11.0918	3.3991	5.1696	4
68.05	11.0885	2.4599	5.1439	4
68.1	11.0865	2.5637	5.1363	4
68.15	11.0821	3.657	5.1458	4
68.2	11.0789	2.3928	5.1496	4
68.25	11.0763	2.8465	5.1711	4
68.3	11.0727	3.3031	5.1779	4
68.35	11.0692	2.6251	5.1926	4
68.4	11.0669	2.5786	5.1947	4
68.45	11.0636	3.208	5.1894	4
68.5	11.06	2.7662	5.1874	4
68.55	11.0574	2.7175	5.1801	4
68.6	11.0547	2.6387	5.1635	4
68.65	11.0511	3.1675	5.1463	4
68.7	11.048	2.4098	5.157	4
68.75	11.0457	2.8722	5.1583	4
68.8	11.042	3.031	5.1586	4
68.85	11.0394	2.5642	5.1711	4
68.9	11.0371	2.4799	5.1667	4
68.95	11.0332	3.2332	5.1646	4
69	11.0308	2.3582	5.1775	4
69.05	11.0285	2.567	5.1839	4
69.1	11.0254	2.7601	5.1825	4
69.15	11.0222	2.8497	5.1618	4
69.2	11.02	2.1391	5.1726	4
69.25	11.0172	3.2888	5.1693	4
69.3	11.0138	2.4941	5.173	4
69.35	11.0112	2.7275	5.1781	4
69.4	11.0083	2.7934	5.1591	4
69.45	11.0049	2.7737	5.1591	4
69.5	11.002	2.6786	5.1503	4
69.55	10.999	2.9579	5.146	4
69.6	10.996	2.7014	5.1613	4
69.65	10.9934	2.5736	5.1556	4
69.7	10.9902	2.9934	5.1371	4
69.75	10.9868	2.8437	5.1511	4
69.8	10.984	2.5891	5.1645	4
69.85	10.9808	2.8472	5.1619	4
69.9	10.9776	2.8638	5.1601	4
69.95	10.9745	3.0176	5.153	4
70	10.9712	2.78	5.1602	4
70.05	10.9686	2.4693	5.1771	4
70.1	10.9661	2.7719	5.1797	4
70.15	10.9622	3.321	5.161	4
70.2	10.9583	2.7104	5.1505	4
70.25	10.9559	2.4545	5.1635	4
70.3	10.952	3.3448	5.1654	4
70.35	10.9486	2.8238	5.1571	4
70.4	10.9456	2.6848	5.1558	4
70.45	10.9429	2.9664	5.1579	4
70.5	10.9395	2.9422	5.1585	4
70.55	10.9363	2.9968	5.1746	4
70.6	10.9335	2.4516	5.1917	4
70.65	10.9305	3.0494	5.1976	4
70.7	10.9266	2.9275	5.1975	4
70.75	10.9243	2.5716	5.199	4
70.8	10.9209	3.2718	5.1885	4
70.85	10.9168	2.9807	5.1906	4
70.9	10.9144	2.3025	5.193	4
70.95	10.9114	3.1264	5.1732	4
71	10.9072	2.9847	5.1715	4
71.05	10.9051	2.2376	5.172	4
71.1	10.9032	2.3955	5.1681	4
71.15	10.9001	2.9804	5.1741	4
71.2	10.8976	2.2224	5.1764	4
71.25	10.8959	2.4423	5.1863	4
71.3	10.8921	3.2539	5.188	4
71.35	10.8887	2.5555	5.1805	4
71.4	10.8866	2.5745	5.1721	4
71.45	10.8833	3.0844	5.1794	4
71.5	10.8801	2.6067	5.1734	4
71.55	10.8777	2.358	5.1741	4
71.6	10.8747	3.1869	5.1582	4
71.65	10.871	2.8501	5.1552	4
71.7	10.8682	2.6269	5.1707	4
71.75	10.8653	2.6257	5.1872	4
71.8	10.8623	3.0019	5.1957	4
71.85	10.8597	2.5645	5.1917	4
71.9	10.8563	3.0789	5.1806	4
71.95	10.8528	2.8794	5.1918	4
72	10.8492	2.9752	5.1961	4
72.05	10.8468	2.2376	5.1937	4
72.1	10.8441	2.99	5.1815	4
72.15	10.8413	2.7777	5.1838	4
72.2	10.8387	2.6228	5.2005	4
72.25	10.8354	3.1109	5.1983	4
72.3	10.8313	2.9879	5.1975	4
72.35	10.8286	2.7499	5.19	4
72.4	10.8251	3.0441	5.1958	4
72.45	10.8218	2.8812	5.1932	4
72.5	10.8189	2.5637	5.1932	4
72.55	10.8161	2.9162	5.2016	4
72.6	10.8123	3.0477	5.1921	4
72.65	10.809	2.922	5.1939	4
72.7	10.8061	2.5938	5.1868	4
72.75	10.8028	2.999	5.163	4
72.8	10.7998	2.8678	5.1553	4
72.85	10.7962	3.0008	5.1611	4
72.9	10.7931	2.9252	5.1654	4
72.95	10.7898	2.7501	5.1704	4
73	10.7863	3.3504	5.1735	4
73.05	10.7831	2.4705	5.173	4
73.1	10.7802	3.1109	5.1685	4
73.15	10.776	3.1119	5.1701	4
73.2	10.7734	2.4827	5.1736	4
73.25	10.7698	3.1804	5.1544	4
73.3	10.7661	2.9259	5.1605	4
73.35	10.764	2.0976	5.1711	4
73.4	10.7602	3.5149	5.1756	4
73.45	10.7565	2.8157	5.1798	4
73.5	10.7537	2.5039	5.1586	4
73.55	10.7513	2.9053	5.1563	4
73.6	10.7478	2.7265	5.1562	4
73.65	10.7446	3.1576	5.1759	4
73.7	10.7411	2.7528	5.1852	4
73.75	10.7379	2.9872	5.179	4
73.8	10.7347	2.8359	5.1806	4
73.85	10.7316	2.7918	5.1629	4
73.9	10.7282	3.0327	5.1362	4
73.95	10.7246	2.4652	5.1498	4
74	10.7221	2.718	5.1599	4
74.05	10.7183	2.9269	5.1529	4
74.1	10.715	2.9676	5.1545	4
74.15	10.7127	2.1556	5.1455	4
74.2	10.7101	2.9567	5.1495	4
74.25	10.707	2.6313	5.1517	4
74.3	10.7043	2.8229	5.1515	4
74.35	10.7012	2.8772	5.1694	4
74.4	10.6985	2.5902	5.1834	4
74.45	10.6957	2.6791	5.1717	4
74.5	10.693	2.6029	5.1634	4
74.55	10.6895	3.1601	5.1584	4
74.6	10.6873	1.9696	5.1784	4
74.65	10.6845	3.2133	5.1865	4
74.7	10.6806	2.925	5.1881	4
74.75	10.6774	2.527	5.178	4
74.8	10.6759	2.0473	5.1708	4
74.85	10.6723	3.3829	5.1688	4
74.9	10.669	2.6714	5.1626	4
74.95	10.6667	2.2877	5.1756	4
75	10.6647	2.7282	5.1821	4
75.05	10.6608	2.8874	5.1759	4
75.1	10.6589	2.283	5.1742	4
75.15	10.6563	2.7222	5.1689	4
75.2	10.653	3.0561	5.1693	4
75.25	10.65	2.5459	5.1777	4
75.3	10.6481	2.2068	5.1719	4
75.35	10.645	3.0737	5.166	4
75.4	10.6421	2.3832	5.1765	4
75.45	10.6398	2.6595	5.1707	4
75.5	10.6365	3.0095	5.1562	4
75.55	10.6332	2.6675	5.1641	4
75.6	10.631	2.2333	5.1844	4
75.65	10.6285	2.7319	5.1826	4
75.7	10.6253	2.7862	5.1828	4
75.75	10.623	2.3433	5.1868	4
75.8	10.6202	2.98	5.1662	4
75.85	10.617	2.8531	5.1458	4
75.9	10.6144	2.1224	5.1479	4
75.95	10.6124	2.9335	5.1722	4
76	10.6083	2.9957	5.1842	4
76.05	10.6058	2.4496	5.1741	4
76.1	10.6035	2.2834	5.1771	4
76.15	10.6005	3.0901	5.1881	4
76.2	10.5976	2.4854	5.1713	4
76.25	10.5954	2.4668	5.1761	4
76.3	10.5924	2.804	5.1841	4
76.35	10.5891	2.9406	5.1976	4
76.4	10.5862	2.5823	5.1944	4
76.45	10.5842	2.4641	5.185	4
76.5	10.5808	2.9746	5.1864	4
76.55	10.578	2.3841	5.1669	4
76.6	10.5757	2.5279	5.1591	4
76.65	10.5729	2.7869	5.1582	4
76.7	10.5706	2.2317	5.1501	4
76.75	10.5677	3.0345	5.1547	4
76.8	10.5647	2.5131	5.1528	4
76.85	10.5624	2.3331	5.1604	4
76.9	10.5597	3.0326	5.1776	4
76.95	10.5565	2.507	5.1877	4
77	10.5553	2.0242	5.1788	4
77.05	10.5521	3.0674	5.1768	4
77.1	10.5485	2.6783	5.1828	4
77.15	10.5463	2.2732	5.1935	4
77.2	10.5438	2.7199	5.1926	4
77.25	10.5406	2.9011	5.1945	4
77.3	10.5385	2.2225	5.198	4
77.35	10.5359	2.6991	5.2022	4
77.4	10.5331	2.6226	5.2085	4
77.45	10.5305	2.4056	5.196	4
77.5	10.5283	2.6377	5.1859	4
77.55	10.5255	2.652	5.1672	4
77.6	10.5231	2.3793	5.1664	4
77.65	10.5211	2.4993	5.1961	4
77.7	10.5181	2.829	5.1982	4
77.75	10.5157	2.1939	5.1825	4
77.8	10.5134	2.457	5.1647	4
77.85	10.5104	2.9038	5.1477	4
77.9	10.5078	2.5251	5.1414	4
77.95	10.5063	2.0299	5.1424	4
78	10.5041	2.5976	5.1616	4
78.05	10.501	2.7098	5.1794	4
78.1	10.4988	2.2169	5.1824	4
78.15	10.4965	2.6169	5.1872	4
78.2	10.494	2.4385	5.1717	4
78.25	10.492	2.4228	5.161	4
78.3	10.4896	2.4826	5.1804	4
78.35	10.4873	2.1871	5.1904	4
78.4	10.4848	2.778	5.1719	4
78.45	10.4824	2.2441	5.1508	4
78.5	10.4804	2.217	5.1557	4
78.55	10.4786	2.3478	5.1398	4
78.6	10.4759	2.5248	5.1308	4
78.65	10.4735	2.4836	5.1385	4
78.7	10.4724	1.783	5.1378	4
78.75	10.4704	2.7466	5.1295	4
78.8	10.4675	2.4411	5.1304	4
78.85	10.4655	2.1753	5.1389	4
78.9	10.4641	2.0902	5.1428	4
78.95	10.4611	2.9228	5.1527	4
79	10.4587	2.0733	5.1432	4
79.05	10.458	1.9618	5.1397	4
79.1	10.4554	2.6908	5.1564	4
79.15	10.4535	2.2008	5.1647	4
79.2	10.4517	2.1507	5.1552	4
79.25	10.4498	2.5128	5.1389	4
79.3	10.4477	1.9094	5.143	4
79.35	10.4463	2.4071	5.1455	4
79.4	10.4437	2.4574	5.1361	4
79.45	10.4419	2.1239	5.1459	4
79.5	10.4403	2.1698	5.1498	4
79.55	10.4385	2.2109	5.1543	4
79.6	10.4364	2.2348	5.1588	4
79.65	10.434	2.489	5.1559	4
79.7	10.4323	1.9453	5.1515	4
79.75	10.4313	2.1798	5.1522	4
79.8	10.4289	2.4028	5.1584	4
79.85	10.4276	1.8869	5.1761	4
79.9	10.4261	2.2375	5.1759	4
79.95	10.4241	2.1584	5.1735	4
80	10.4223	2.2661	5.1472	4
80.05	10.421	1.926	5.1397	4
80.1	10.419	2.4378	5.14	4
80.15	10.4171	2.0656	5.142	4
80.2	10.4158	2.1202	5.1584	4
80.25	10.4135	2.4984	5.1692	4
80.3	10.4114	2.0945	5.1627	4
80.35	10.4105	1.9111	5.1554	4
80.4	10.4086	2.4995	5.1515	4
80.45	10.4066	2.1149	5.158	4
80.5	10.4049	2.2413	5.1554	4
80.55	10.4036	2.0995	5.1503	4
80.6	10.401	2.6639	5.1527	4
80.65	10.3991	1.9916	5.1435	4
80.7	10.3983	1.8192	5.1549	4
80.75	10.3964	2.5426	5.1437	4
80.8	10.3942	2.2913	5.1345	4
80.85	10.3927	2.0157	5.1391	4
80.9	10.391	2.3007	5.1405	4
80.95	10.3881	2.6596	5.1479	4
81	10.3862	1.9436	5.1464	4
81.05	10.3847	2.2997	5.1434	4
81.1	10.3819	2.88	5.1357	4
81.15	10.3802	1.9393	5.135	4
81.2	10.3791	2.0947	5.1462	4
81.25	10.3765	2.6941	5.1514	4
81.3	10.3739	2.4469	5.1522	4
81.35	10.3718	2.3433	5.1514	4
81.4	10.3698	2.3421	5.1535	4
81.45	10.3673	2.724	5.1714	4
81.5	10.3657	2.0942	5.1662	4
81.55	10.3634	2.6229	5.159	4
81.6	10.3614	2.2846	5.1539	4
81.65	10.3589	2.678	5.1524	4
81.7	10.3567	2.3627	5.1524	4
81.75	10.3542	2.6712	5.1588	4
81.8	10.3522	2.0995	5.1565	4
81.85	10.3501	2.5884	5.1419	4
81.9	10.3474	2.6352	5.1432	4
81.95	10.3445	2.4547	5.135	4
82	10.3431	1.9906	5.1558	4
82.05	10.3411	2.684	5.1741	4
82.1	10.338	2.7218	5.1743	4
82.15	10.3359	2.4213	5.1747	4
82.2	10.3339	2.2679	5.1608	4
82.25	10.3314	2.7014	5.139	4
82.3	10.3295	2.1871	5.1515	4
82.35	10.3275	2.2867	5.1574	4
82.4	10.3254	2.4785	5.1384	4
82.45	10.3233	2.2243	5.1302	4
82.5	10.3211	2.4149	5.1472	4
82.55	10.3194	2.2718	5.1661	4
82.6	10.3175	2.1986	5.1641	4
82.65	10.3159	2.2301	5.1503	4
82.7	10.314	2.0778	5.1503	4
82.75	10.3123	2.2862	5.1373	4
82.8	10.3103	2.2028	5.1322	4
82.85	10.3087	2.0943	5.1534	4
82.9	10.3071	2.1711	5.1477	4
82.95	10.3055	2.1556	5.1489	4
83	10.3036	2.2337	5.1567	4
83.05	10.3021	2.1386	5.1539	4
83.1	10.3013	1.7755	5.165	4
83.15	10.3002	2.0446	5.1701	4
83.2	10.298	2.4989	5.167	4
83.25	10.2965	1.9098	5.1863	4
83.3	10.2959	1.9764	5.1724	4
83.35	10.2943	2.1406	5.1596	4
83.4	10.2933	2.0341	5.1656	4
83.45	10.2914	2.1756	5.1628	4
83.5	10.2897	2.1175	5.1621	4
83.55	10.2891	1.4923	5.158	4
83.6	10.2873	2.3741	5.1639	4
83.65	10.2852	2.1802	5.1744	4
83.7	10.2845	1.635	5.1715	4
83.75	10.2834	2.3829	5.1866	4
83.8	10.2824	1.6514	5.1885	4
83.85	10.2805	2.4853	5.1776	4
83.9	10.279	1.774	5.1807	4
83.95	10.2776	2.054	5.1707	4
84	10.2761	2.2629	5.1546	4
84.05	10.275	1.8043	5.1529	4
84.1	10.2736	2.0839	5.16	4
84.15	10.272	2.4678	5.1728	4
84.2	10.2703	1.6811	5.1798	4
84.25	10.2687	2.7123	5.1827	4
84.3	10.2671	1.5503	5.1851	4
84.35	10.2657	2.2633	5.1818	4
84.4	10.2642	2.2425	5.1861	4
84.45	10.2617	2.4086	5.1699	4
84.5	10.2611	1.4447	5.1502	4
84.55	10.2598	2.5223	5.1631	4
84.6	10.2575	2.0906	5.158	4
84.65	10.2566	2.0913	5.1684	4
84.7	10.2549	2.1834	5.1653	4
84.75	10.2525	2.5467	5.1601	4
84.8	10.2506	2.0767	5.1802	4
84.85	10.2495	2.0758	5.2003	4
84.9	10.2479	2.3088	5.1959	4
84.95	10.2459	1.9809	5.197	4
85	10.2448	2.3212	5.1985	4
85.05	10.2428	2.3774	5.1875	4
85.1	10.2408	2.1216	5.1702	4
85.15	10.2397	1.9464	5.1578	4
85.2	10.2371	2.589	5.1471	4
85.25	10.2354	2.2005	5.1513	4
85.3	10.2343	1.9945	5.1428	4
85.35	10.2324	2.4225	5.1471	4
85.4	10.2303	2.1738	5.1589	4
85.45	10.2282	2.559	5.1636	4
85.5	10.2268	1.9146	5.1552	4
85.55	10.2255	2.1401	5.1506	4
85.6	10.2236	2.3697	5.1392	4
85.65	10.2208	2.6161	5.1466	4
85.7	10.2191	2.1529	5.1521	4
85.75	10.2178	2.1357	5.1512	4
85.8	10.2154	2.7674	5.1527	4
85.85	10.2131	2.2524	5.1387	4
85.9	10.2118	2.0372	5.1484	4
85.95	10.2097	2.5851	5.1638	4
86	10.2069	2.5916	5.1749	4
86.05	10.2051	2.1494	5.1759	4
86.1	10.203	2.6614	5.1764	4
86.15	10.201	2.3036	5.1835	4
86.2	10.1999	2.1087	5.1961	4
86.25	10.198	2.511	5.1857	4
86.3	10.1954	2.7038	5.1611	4
86.35	10.1935	2.1375	5.1437	4
86.4	10.1921	2.3521	5.137	4
86.45	10.1897	2.3977	5.1477	4
86.5	10.1875	2.6683	5.1565	4
86.55	10.1852	2.1252	5.1618	4
86.6	10.1832	2.5311	5.1489	4
86.65	10.1804	2.7385	5.1272	4
86.7	10.178	2.3283	5.1369	4
86.75	10.1764	2.1717	5.142	4
86.8	10.1743	2.4788	5.1312	4
86.85	10.172	2.3363	5.1313	4
86.9	10.1704	2.1484	5.1295	4
86.95	10.1682	2.2245	5.1334	4
87	10.1667	2.2076	5.1281	4
87.05	10.1651	2.2701	5.1212	4
87.1	10.1631	2.4225	5.1356	4
87.15	10.1614	2.2466	5.141	4
87.2	10.1596	2.2482	5.1406	4
87.25	10.1574	2.5364	5.1439	4
87.3	10.155	2.2675	5.1422	4
87.35	10.1535	1.8903	5.1318	4
87.4	10.1517	2.6098	5.1192	4
87.45	10.1491	2.4762	5.1255	4
87.5	10.148	1.8967	5.1449	4
87.55	10.1459	2.4427	5.1427	4
87.6	10.1441	2.1986	5.1314	4
87.65	10.1417	2.5694	5.1313	4
87.7	10.1394	2.4481	5.1503	4
87.75	10.1375	2.1232	5.1487	4
87.8	10.1363	2.1701	5.1384	4
87.85	10.1339	2.7052	5.1435	4
87.9	10.132	2.1347	5.1479	4
87.95	10.1302	2.345	5.14	4
88	10.1283	2.1962	5.1303	4
88.05	10.1263	2.2205	5.1373	4
88.1	10.1242	2.657	5.1525	4
88.15	10.1219	2.048	5.1376	4
88.2	10.1206	2.2089	5.1341	4
88.25	10.1185	2.4535	5.1426	4
88.3	10.116	2.6777	5.1404	4
88.35	10.1139	2.093	5.1359	4
88.4	10.1129	1.9468	5.1364	4
88.45	10.1107	2.8192	5.1419	4
88.5	10.1082	2.4604	5.1482	4
88.55	10.107	1.7484	5.1405	4
88.6	10.1054	2.5988	5.1426	4
88.65	10.1027	2.5223	5.1462	4
88.7	10.1005	2.4248	5.1471	4
88.75	10.0983	2.2372	5.1542	4
88.8	10.0969	2.2053	5.1454	4
88.85	10.0951	2.309	5.14	4
88.9	10.0928	2.5799	5.1383	4
88.95	10.0909	1.9835	5.1376	4
89	10.0897	2.1787	5.147	4
89.05	10.0873	2.4695	5.1383	4
89.1	10.0855	2.1663	5.1451	4
89.15	10.0846	1.7833	5.1454	4
89.2	10.0829	2.6397	5.1332	4
89.25	10.08	2.5791	5.1365	4
89.3	10.0789	1.5206	5.158	4
89.35	10.0778	2.3791	5.1703	4
89.4	10.0755	2.3381	5.18	4
89.45	10.0742	1.9232	5.1719	4
89.5	10.0729	2.1039	5.1657	4
89.55	10.0708	2.1785	5.1626	4
89.6	10.0696	1.9389	5.1462	4
89.65	10.0682	2.3257	5.1486	4
89.7	10.0658	2.2807	5.1624	4
89.75	10.0647	1.7465	5.1628	4
89.8	10.0636	1.9838	5.1602	4
89.85	10.0612	2.7008	5.1447	4
89.9	10.0602	1.456	5.1399	4
89.95	10.0601	2.0342	5.1503	4
90	10.0576	2.7552	5.155	4
90.05	10.0553	1.8705	5.1563	4
90.1	10.0562	1.0841	5.1555	4
90.15	10.0544	2.7944	5.1625	4
90.2	10.0517	2.2871	5.1597	4
90.25	10.0513	1.423	5.1592	4
90.3	10.0502	2.191	5.164	4
90.35	10.0477	2.6788	5.1468	4
90.4	10.0465	1.3359	5.1496	4
90.45	10.0459	2.3166	5.1617	4
90.5	10.0438	2.1405	5.1557	4
90.55	10.0423	2.0141	5.1454	4
90.6	10.0419	1.6755	5.1385	4
90.65	10.0397	2.5559	5.1559	4
90.7	10.0386	1.8881	5.1695	4
90.75	10.0377	1.8295	5.178	4
90.8	10.0355	2.5905	5.1687	4
90.85	10.0341	1.873	5.1683	4
90.9	10.0329	1.9631	5.1777	4
90.95	10.0311	2.346	5.1527	4
91	10.0289	2.3045	5.1396	4
91.05	10.0281	1.8869	5.1827	4
91.1	10.0273	1.9053	5.1988	4
91.15	10.0253	2.515	5.1765	4
91.2	10.0236	1.9137	5.1644	4
91.25	10.0228	1.86	5.1699	4
91.3	10.0209	2.4013	5.1816	4
91.35	10.0187	2.078	5.1738	4
91.4	10.0176	2.0375	5.1667	4
91.45	10.0162	2.034	5.1556	4
91.5	10.0144	2.5002	5.157	4
91.55	10.0127	2.0347	5.1719	4
91.6	10.0113	1.8785	5.1709	4
91.65	10.0098	2.6878	5.1819	4
91.7	10.0076	2.1232	5.1696	4
91.75	10.007	1.7327	5.1521	4
91.8	10.0045	2.9464	5.1504	4
91.85	10.0015	2.5299	5.1524	4
91.9	10.0011	1.3023	5.1545	4
91.95	10	2.4863	5.1485	4
92	9.9968	2.7758	5.1415	4
92.05	9.9957	1.3963	5.1449	4
92.1	9.9952	2.1645	5.1409	4
92.15	9.9921	3.1254	5.1224	4
92.2	9.9905	1.1547	5.1181	4
92.25	9.9915	1.749	5.1343	4
92.3	9.9882	2.9586	5.1512	4
92.35	9.9862	2.0621	5.1627	4
92.4	9.987	0.9673	5.1634	4
92.45	9.9853	2.897	5.18	4
92.5	9.9826	2.0783	5.1843	4
92.55	9.9822	1.4323	5.174	4
92.6	9.9804	2.6432	5.1621	4
92.65	9.9785	2.1201	5.158	4
92.7	9.978	1.6101	5.1788	4
92.75	9.9775	2.1334	5.1786	4
92.8	9.9744	2.7503	5.1824	4
92.85	9.9733	1.7011	5.1872	4
92.9	9.9722	2.1087	5.179	4
92.95	9.9699	2.5426	5.1662	4
93	9.9683	1.9081	5.1553	4
93.05	9.9672	2.1273	5.1682	4
93.1	9.9653	2.4391	5.1759	4
93.15	9.9638	1.9946	5.1557	4
93.2	9.9623	2.2534	5.1392	4
93.25	9.9605	2.1226	5.1337	4
93.3	9.9589	2.1983	5.1465	4
93.35	9.9575	1.9397	5.1605	4
93.4	9.9559	2.3822	5.156	4
93.45	9.9537	2.3816	5.159	4
93.5	9.9526	1.7708	5.156	4
93.55	9.9513	2.1728	5.1501	4
93.6	9.9491	2.6682	5.147	4
93.65	9.9468	2.2474	5.1482	4
93.7	9.9455	2.135	5.168	4
93.75	9.9432	2.5006	5.1672	4
93.8	9.9412	2.1756	5.1581	4
93.85	9.9401	2.0984	5.1773	4
93.9	9.938	2.6454	5.1737	4
93.95	9.9354	2.2989	5.1637	4
94	9.9336	2.0615	5.1572	4
94.05	9.9318	2.681	5.1617	4
94.1	9.9295	2.2664	5.1806	4
94.15	9.9281	1.8736	5.1772	4
94.2	9.9264	2.5972	5.1548	4
94.25	9.9236	2.2681	5.1365	4
94.3	9.923	1.8514	5.1428	4
94.35	9.9216	2.2602	5.1507	4
94.4	9.9193	2.5317	5.1659	4
94.45	9.9179	1.6807	5.1717	4
94.5	9.9162	2.4934	5.1657	4
94.55	9.914	2.1783	5.1556	4
94.6	9.9128	2.2283	5.1572	4
94.65	9.9112	1.9502	5.152	4
94.7	9.9094	2.4183	5.1375	4
94.75	9.9076	1.9722	5.1473	4
94.8	9.9068	2.0884	5.1613	4
94.85	9.9047	2.3303	5.1595	4
94.9	9.9032	2.0144	5.153	4
94.95	9.9026	1.7586	5.1752	4
95	9.9003	2.834	5.1849	4
95.05	9.8987	1.6316	5.1645	4
95.1	9.8982	1.9539	5.1737	4
95.15	9.896	2.5951	5.1986	4
95.2	9.8947	1.738	5.1846	4
95.25	9.8934	2.2809	5.1596	4
95.3	9.8907	2.438	5.1491	4
95.35	9.8893	1.9983	5.1582	4
95.4	9.8882	2.1737	5.1523	4
95.45	9.8864	2.3119	5.1451	4
95.5	9.8843	2.3109	5.1403	4
95.55	9.8825	2.2107	5.1435	4
95.6	9.8808	2.1193	5.1511	4
95.65	9.879	2.291	5.1652	4
95.7	9.8777	2.1427	5.1642	4
95.75	9.8762	2.1576	5.1585	4
95.8	9.874	2.5639	5.1545	4
95.85	9.8719	2.0421	5.1652	4
95.9	9.8704	2.2783	5.1813	4
95.95	9.8683	2.3511	5.1882	4
96	9.8673	1.8293	5.2022	4
96.05	9.8654	2.5284	5.2017	4
96.1	9.8635	2.2432	5.206	4
96.15	9.8624	1.8775	5.2099	4
96.2	9.8608	2.4602	5.1909	4
96.25	9.8584	2.3057	5.186	4
96.3	9.8576	1.742	5.2014	4
96.35	9.8563	2.4764	5.1998	4
96.4	9.8543	2.13	5.1941	4
96.45	9.8526	2.0263	5.1891	4
96.5	9.8508	2.1313	5.1883	4
96.55	9.8486	2.2197	5.1868	4
96.6	9.8475	1.9797	5.1857	4
96.65	9.8459	2.2444	5.1986	4
96.7	9.8448	1.8766	5.1956	4
96.75	9.8434	2.2765	5.1947	4
96.8	9.8422	1.8387	5.2059	4
96.85	9.8413	2.0553	5.2069	4
96.9	9.8393	2.2146	5.1964	4
96.95	9.837	2.472	5.1935	4
97	9.8359	1.5784	5.1912	4
97.05	9.8352	2.2262	5.2064	4
97.1	9.8326	2.7311	5.2043	4
97.15	9.8308	1.7326	5.1784	4
97.2	9.831	1.6162	5.17	4
97.25	9.8287	2.7585	5.1801	4
97.3	9.8262	2.0724	5.1958	4
97.35	9.8254	1.6872	5.1981	4
97.4	9.8242	2.1072	5.2042	4
97.45	9.8227	2.4059	5.1892	4
97.5	9.8211	1.88	5.1718	4
97.55	9.8197	2.1157	5.1913	4
97.6	9.8178	2.3382	5.2007	4
97.65	9.8164	1.7051	5.1947	4
97.7	9.8158	1.8095	5.1913	4
97.75	9.8135	2.8696	5.1952	4
97.8	9.812	1.7046	5.1935	4
97.85	9.8122	1.6267	5.1845	4
97.9	9.81	2.4355	5.1805	4
97.95	9.808	2.187	5.1815	4
98	9.8075	1.4795	5.1747	4
98.05	9.8071	1.9192	5.1798	4
98.1	9.8047	2.7769	5.1832	4
98.15	9.8031	1.4012	5.1758	4
98.2	9.8027	2.1542	5.1709	4
98.25	9.8008	2.3258	5.1586	4
98.3	9.7994	1.8675	5.1688	4
98.35	9.7992	1.6053	5.1884	4
98.4	9.7977	2.2349	5.1859	4
98.45	9.7964	1.8634	5.1694	4
98.5	9.7961	1.4098	5.1677	4
98.55	9.7956	1.8631	5.191	4
98.6	9.7942	1.9745	5.1892	4
98.65	9.7936	1.7662	5.194	4
98.7	9.7932	1.6348	5.1914	4
98.75	9.7923	1.7371	5.1901	4
98.8	9.7918	1.8776	5.2053	4
98.85	9.7911	1.5183	5.1889	4
98.9	9.7908	1.727	5.1703	4
98.95	9.7901	1.6625	5.1762	4
99	9.7899	1.5161	5.1735	4
99.05	9.7887	2.0692	5.1751	4
99.1	9.788	1.537	5.1779	4
99.15	9.7878	1.6296	5.1699	4
99.2	9.7873	1.8007	5.1812	4
99.25	9.7865	1.6818	5.1771	4
99.3	9.786	1.677	5.1687	4
99.35	9.7855	1.6956	5.1625	4
99.4	9.7849	1.5401	5.1535	4
99.45	9.7841	1.8604	5.1574	4
99.5	9.7838	1.4479	5.1693	4
99.55	9.7835	1.797	5.1785	4
99.6	9.7824	1.7012	5.1801	4
99.65	9.782	1.6326	5.1862	4
99.7	9.7813	1.6941	5.1849	4
99.75	9.7807	1.7484	5.1672	4
99.8	9.7803	1.6594	5.1508	4
99.85	9.7796	1.8883	5.1504	4
99.9	9.7791	1.3942	5.1443	4
99.95	9.7793	1.7002	5.1551	4
100	9.7777	2.2575	5.1566	4
100.05	9.7772	1.3179	5.1584	4
100.1	9.7773	1.6444	5.1773	4
100.15	9.7757	2.234	5.1801	4
100.2	9.7741	1.753	5.1716	4
100.25	9.7744	1.4233	5.167	4
100.3	9.7737	2.0533	5.1711	4
100.35	9.7726	1.7865	5.1729	4
100.4	9.7727	1.4767	5.173	4
100.45	9.7721	1.6206	5.1693	4
100.5	9.7714	2.106	5.1743	4
100.55	9.7706	1.487	5.1775	4
100.6	9.7695	2.0554	5.1794	4
100.65	9.7689	1.4759	5.1838	4
100.7	9.7684	1.734	5.17	4
100.75	9.7679	1.6025	5.1507	4
100.8	9.7672	1.9292	5.1621	4
100.85	9.7666	1.3499	5.1758	4
100.9	9.7671	1.4686	5.1711	4
100.95	9.7662	2.2486	5.1788	4
101	9.765	1.703	5.1892	4
101.05	9.7658	1.2259	5.1854	4
101.1	9.7642	2.4205	5.1925	4
101.15	9.7627	1.7081	5.2079	4
101.2	9.7632	1.2138	5.2006	4
101.25	9.7617	2.3974	5.1881	4
101.3	9.7604	1.7501	5.1843	4
101.35	9.7606	1.3249	5.1835	4
101.4	9.7594	2.3644	5.1952	4
101.45	9.7575	1.8736	5.2064	4
101.5	9.757	1.7246	5.2084	4
101.55	9.7563	2.0572	5.186	4
101.6	9.7545	2.258	5.1748	4
101.65	9.7539	1.5062	5.1759	4
101.7	9.7535	1.9256	5.1874	4
101.75	9.7513	2.4956	5.1867	4
101.8	9.7507	1.4078	5.1751	4
101.85	9.7502	1.9034	5.1804	4
101.9	9.7482	2.3493	5.1659	4
101.95	9.7478	1.0677	5.144	4
102	9.7485	1.7203	5.1616	4
102.05	9.7472	1.9936	5.17	4
102.1	9.7463	1.7566	5.1787	4
102.15	9.7466	1.2199	5.19	4
102.2	9.7456	2.2365	5.1828	4
102.25	9.7439	2.0473	5.1843	4
102.3	9.7441	1.2514	5.1889	4
102.35	9.7431	2.0771	5.1912	4
102.4	9.7416	2.2681	5.1857	4
102.45	9.7412	1.2338	5.1907	4
102.5	9.7402	2.5711	5.1937	4
102.55	9.7386	1.4488	5.1919	4
102.6	9.7387	1.7332	5.1937	4
102.65	9.7378	2.135	5.1942	4
102.7	9.736	2.0958	5.2046	4
102.75	9.7347	2.0328	5.1893	4
102.8	9.7346	1.4098	5.1783	4
102.85	9.7331	2.6184	5.1781	4
102.9	9.7319	1.606	5.2052	4
102.95	9.7314	1.7703	5.2079	4
103	9.7298	2.4345	5.2001	4
103.05	9.7286	1.6997	5.1884	4
103.1	9.7273	2.2119	5.1896	4
103.15	9.7262	1.6978	5.198	4
103.2	9.725	2.0131	5.1999	4
103.25	9.7244	1.6163	5.1897	4
103.3	9.7228	2.4836	5.1897	4
103.35	9.7216	1.7322	5.1851	4
103.4	9.7208	2.0993	5.1882	4
103.45	9.7193	2.0501	5.1878	4
103.5	9.717	2.587	5.1667	4
103.55	9.7159	1.5458	5.1712	4
103.6	9.7156	2.1066	5.1778	4
103.65	9.7134	2.2038	5.184	4
103.7	9.7119	2.3445	5.1673	4
103.75	9.7104	1.8378	5.1456	4
103.8	9.71	1.7158	5.1533	4
103.85	9.7089	2.1728	5.1595	4
103.9	9.7063	2.6992	5.1664	4
103.95	9.7057	1.2255	5.1685	4
104	9.705	2.365	5.1696	4
104.05	9.7028	2.2128	5.1828	4
104.1	9.7021	1.8805	5.1728	4
104.15	9.7008	2.17	5.1546	4
104.2	9.6991	2.0666	5.1619	4
104.25	9.6982	1.8885	5.1693	4
104.3	9.6973	1.7939	5.1926	4
104.35	9.6955	2.5911	5.1879	4
104.4	9.6946	1.3011	5.1757	4
104.45	9.6942	2.1091	5.159	4
104.5	9.6923	2.2309	5.1539	4
104.55	9.6911	2.0602	5.1719	4
104.6	9.6902	1.7433	5.1835	4
104.65	9.6893	2.3896	5.18	4
104.7	9.6868	2.0673	5.1752	4
104.75	9.6859	1.9459	5.1546	4
104.8	9.685	1.8189	5.1713	4
104.85	9.683	2.6514	5.1776	4
104.9	9.6813	1.8705	5.1791	4
104.95	9.6808	1.5912	5.1922	4
105	9.6792	2.6594	5.1976	4
105.05	9.677	2.2604	5.1939	4
105.1	9.6763	1.6985	5.1938	4
105.15	9.6748	2.2815	5.1888	4
105.2	9.6727	2.473	5.1764	4
105.25	9.6715	1.8904	5.1722	4
105.3	9.6701	2.0999	5.1841	4
105.35	9.669	1.8731	5.178	4
105.4	9.6675	2.3235	5.1814	4
105.45	9.6659	2.0134	5.1967	4
105.5	9.6649	2.0769	5.2065	4
105.55	9.663	2.226	5.2061	4
105.6	9.6616	2.3115	5.2092	4
105.65	9.6597	1.9876	5.1829	4
105.7	9.6588	2.1254	5.1761	4
105.75	9.6572	2.2438	5.1882	4
105.8	9.6556	2.0284	5.1873	4
105.85	9.6541	2.1111	5.1855	4
105.9	9.6524	2.1827	5.1723	4
105.95	9.6508	2.1886	5.1867	4
106	9.6495	2.1503	5.191	4
106.05	9.6478	2.0622	5.1824	4
106.1	9.646	2.4949	5.1835	4
106.15	9.6443	1.9307	5.18	4
106.2	9.6437	1.8741	5.1765	4
106.25	9.6418	2.5701	5.1758	4
106.3	9.6398	2.0343	5.1868	4
106.35	9.6393	1.6117	5.2027	4
106.4	9.6377	2.5042	5.2071	4
106.45	9.6352	2.3657	5.2122	4
106.5	9.6347	1.522	5.2248	4
106.55	9.6335	2.5633	5.2113	4
106.6	9.631	2.4342	5.2069	4
106.65	9.6304	1.5609	5.2154	4
106.7	9.6298	2.0223	5.218	4
106.75	9.6276	2.6147	5.2153	4
106.8	9.6259	1.8079	5.2179	4
106.85	9.6248	2.1779	5.2305	4
106.9	9.6232	2.2422	5.2174	4
106.95	9.6216	2.2295	5.2014	4
107	9.6206	1.7376	5.2034	4
107.05	9.6191	2.4166	5.1849	4
107.1	9.617	2.1716	5.1993	4
107.15	9.6158	1.8253	5.1981	4
107.2	9.6147	2.0667	5.1964	4
107.25	9.6127	2.6013	5.1977	4
107.3	9.6111	1.7288	5.1973	4
107.35	9.6102	2.1252	5.197	4
107.4	9.6087	2.0002	5.181	4
107.45	9.6071	2.4828	5.1656	4
107.5	9.606	1.5084	5.1682	4
107.55	9.6058	1.8052	5.1843	4
107.6	9.6035	2.5074	5.1842	4
107.65	9.6026	1.7454	5.1807	4
107.7	9.6016	1.7649	5.1784	4
107.75	9.6	2.5325	5.1889	4
107.8	9.5986	1.725	5.1888	4
107.85	9.5985	1.6074	5.1845	4
107.9	9.5974	2.1237	5.1875	4
107.95	9.5956	1.9515	5.1848	4
108	9.5953	1.4758	5.1808	4
108.05	9.5951	1.734	5.1751	4
108.1	9.5932	2.4882	5.181	4
108.15	9.593	1.0423	5.171	4
108.2	9.5928	1.8498	5.1712	4
108.25	9.5915	2.1071	5.1852	4
108.3	9.5902	1.8991	5.1805	4
108.35	9.59	1.3693	5.1672	4
108.4	9.5895	1.7546	5.1622	4
108.45	9.589	1.6929	5.1655	4
108.5	9.5878	2.057	5.1851	4
108.55	9.5881	0.7708	5.1887	4
108.6	9.5878	2.5219	5.1692	4
108.65	9.586	1.6481	5.1669	4
108.7	9.5868	1.0659	5.1748	4
108.75	9.5874	1.5129	5.1809	4
108.8	9.5851	2.515	5.1872	4
108.85	9.5843	1.3339	5.1961	4
108.9	9.5854	0.941	5.1925	4
108.95	9.5838	2.7789	5.1978	4
109	9.5834	0.7165	5.1659	4
109.05	9.5842	1.5415	5.1575	4
109.1	9.583	2.0433	5.1728	4
109.15	9.5828	1.1925	5.169	4
109.2	9.5824	1.8501	5.1726	4
109.25	9.5821	1.4271	5.1642	4
109.3	9.581	2.2722	5.146	4
109.35	9.5809	0.9386	5.1559	4
109.4	9.5821	1.3106	5.1652	4
109.45	9.5802	2.3405	5.1778	4
109.5	9.58	1.0888	5.1958	4
109.55	9.5807	1.308	5.1849	4
109.6	9.5794	2.256	5.1751	4
109.65	9.5798	0.7917	5.2003	4
109.7	9.5797	2.0149	5.192	4
109.75	9.5787	1.6605	5.194	4
109.8	9.5786	1.2574	5.2176	4
109.85	9.5788	1.6881	5.2091	4
109.9	9.5787	1.4042	5.1953	4
109.95	9.5788	1.4258	5.1916	4
110	9.5783	1.5696	5.1777	4
110.05	9.5775	1.8991	5.1761	4
110.1	9.5778	1.0614	5.1858	4
110.15	9.5787	1.2177	5.2006	4
110.2	9.5774	2.3966	5.192	4
110.25	9.5772	0.7412	5.188	4
110.3	9.5785	1.4309	5.1927	4
110.35	9.5766	2.2174	5.188	4
110.4	9.5773	0.5924	5.181	4
110.45	9.5782	1.3761	5.1759	4
110.5	9.5775	2.0023	5.1914	4
110.55	9.5775	1.039	5.1924	4
110.6	9.5787	1.1819	5.1796	4
110.65	9.5782	1.7346	5.1661	4
110.7	9.5783	1.2106	5.1784	4
110.75	9.5789	1.0927	5.1932	4
110.8	9.5793	1.4502	5.1956	4
110.85	9.5785	1.793	5.1863	4
110.9	9.5791	0.9669	5.1702	4
110.95	9.5793	1.5777	5.1789	4
111	9.5794	1.1309	5.184	4
111.05	9.58	1.3176	5.1817	4
111.1	9.5796	1.7147	5.1571	4
111.15	9.5794	1.2953	5.165	4
111.2	9.5808	0.8599	5.1856	4
111.25	9.5811	1.3604	5.1798	4
111.3	9.5808	1.731	5.1777	4
111.35	9.581	0.9387	5.1728	4
111.4	9.5822	1.2149	5.1684	4
111.45	9.5823	1.4078	5.1743	4
111.5	9.5826	1.0947	5.1714	4
111.55	9.5833	1.2417	5.1588	4
111.6	9.5835	1.2618	5.1559	4
111.65	9.5844	0.8935	5.1591	4
111.7	9.585	1.3828	5.1637	4
111.75	9.5852	1.1218	5.1617	4
111.8	9.5869	0.5802	5.1718	4
111.85	9.5867	2.03	5.1746	4
111.9	9.5869	0.7741	5.1625	4
111.95	9.5886	0.7686	5.1714	4
112	9.5893	1.572	5.1741	4
112.05	9.5888	1.2954	5.1835	4
112.1	9.5905	0.6679	5.1839	4
112.15	9.5915	1.1082	5.1798	4
112.2	9.5913	1.4697	5.174	4
112.25	9.5925	0.9218	5.172	4
112.3	9.5934	0.8373	5.1893	4
112.35	9.5932	2.1497	5.1949	4
112.4	9.5937	0.3625	5.1656	4
112.45	9.5953	1.3154	5.1661	4
112.5	9.5953	1.2427	5.1698	4
112.55	9.5957	0.9928	5.1677	4
112.6	9.5967	1.2217	5.179	4
112.65	9.597	1.2359	5.1709	4
112.7	9.5979	0.8847	5.1821	4
112.75	9.5989	1.233	5.173	4
112.8	9.5997	1.036	5.1704	4
112.85	9.6003	1.3853	5.1711	4
112.9	9.6013	0.6437	5.1754	4
112.95	9.6026	1.2519	5.1703	4
113	9.6018	1.7593	5.1711	4
113.05	9.6029	0.4481	5.1779	4
113.1	9.6043	1.1108	5.1798	4
113.15	9.6046	1.5666	5.1858	4
113.2	9.6054	0.921	5.1959	4
113.25	9.6063	1.1957	5.1924	4
113.3	9.6071	1.1331	5.1906	4
113.35	9.6072	1.2656	5.1885	4
113.4	9.608	1.1153	5.1699	4
113.45	9.609	1.0113	5.1594	4
113.5	9.609	1.6105	5.1729	4
113.55	9.6099	0.6072	5.1732	4
113.6	9.6106	1.3601	5.1541	4
113.65	9.6109	1.4665	5.1754	4
113.7	9.6121	0.6318	5.1938	4
113.75	9.613	1.5122	5.1944	4
113.8	9.6127	1.4311	5.1802	4
113.85	9.6131	1.0446	5.1679	4
113.9	9.6138	1.1725	5.1643	4
113.95	9.6142	1.2673	5.1737	4
114	9.6148	1.2853	5.1822	4
114.05	9.6156	1.0773	5.172	4
114.1	9.6156	1.7824	5.1765	4
114.15	9.6153	1.3863	5.1808	4
114.2	9.6154	1.4749	5.1836	4
114.25	9.616	1.1929	5.1854	4
114.3	9.6161	1.5312	5.1858	4
114.35	9.6162	1.2793	5.1887	4
114.4	9.6172	0.9082	5.1962	4
114.45	9.6175	1.6517	5.1841	4
114.5	9.6168	1.5934	5.1894	4
114.55	9.6184	0.428	5.1888	4
114.6	9.6187	1.9617	5.169	4
114.65	9.6184	1.1205	5.1608	4
114.7	9.6198	1.0504	5.1651	4
114.75	9.6203	1.5206	5.1701	4
114.8	9.6203	1.4297	5.1684	4
114.85	9.621	1.0597	5.1688	4
114.9	9.6211	1.3608	5.17	4
114.95	9.6217	1.2176	5.1725	4
115	9.6213	1.6384	5.1829	4
115.05	9.6222	0.9081	5.1783	4
115.1	9.6225	1.6503	5.1827	4
115.15	9.6217	1.5502	5.1883	4
115.2	9.623	0.6129	5.1722	4
115.25	9.6233	1.8994	5.1563	4
115.3	9.6219	1.6479	5.1721	4
115.35	9.624	0.313	5.168	4
115.4	9.6241	2.0928	5.1576	4
115.45	9.6235	1.4424	5.1532	4
115.5	9.6243	0.9645	5.1616	4
115.55	9.6252	1.3162	5.1533	4
115.6	9.6248	1.7964	5.1674	4
115.65	9.6246	1.1868	5.1837	4
115.7	9.6256	1.2668	5.1803	4
115.75	9.6252	1.8112	5.189	4
115.8	9.6249	1.4219	5.1827	4
115.85	9.6261	0.845	5.1711	4
115.9	9.6258	2.152	5.1755	4
115.95	9.6252	1.1416	5.1789	4
116	9.6268	0.8654	5.1943	4
116.05	9.6265	1.9797	5.2095	4
116.1	9.6255	1.6947	5.2091	4
116.15	9.6263	0.8262	5.1945	4
116.2	9.6267	1.7849	5.2009	4
116.25	9.6256	1.8806	5.2179	4
116.3	9.6261	0.8437	5.219	4
116.35	9.6273	1.0205	5.2006	4
116.4	9.6261	2.5473	5.1861	4
116.45	9.6259	0.7523	5.1912	4
116.5	9.6275	1.251	5.1875	4
116.55	9.6266	1.9942	5.197	4
116.6	9.6264	1.1623	5.2026	4
116.65	9.6275	1.129	5.1923	4
116.7	9.6268	2.015	5.1836	4
116.75	9.6274	0.8407	5.1834	4
116.8	9.6284	1.452	5.171	4
116.85	9.6279	1.6176	5.1624	4
116.9	9.6279	1.3773	5.159	4
116.95	9.6282	1.2062	5.1505	4
117	9.6285	1.5768	5.1532	4
117.05	9.6287	1.1751	5.1717	4
117.1	9.6293	1.3736	5.1791	4
117.15	9.6294	1.3251	5.1856	4
117.2	9.6296	1.4562	5.1765	4
117.25	9.6297	1.3	5.1656	4
117.3	9.6307	1.1502	5.1832	4
117.35	9.6308	1.5543	5.1998	4
117.4	9.6309	1.3715	5.1964	4
117.45	9.6314	1.0355	5.198	4
117.5	9.6318	1.4506	5.1975	4
117.55	9.6317	1.3511	5.2129	4
117.6	9.6322	1.376	5.2127	4
117.65	9.6327	1.0328	5.1927	4
117.7	9.6335	1.2867	5.1896	4
117.75	9.6334	1.5132	5.1892	4
117.8	9.6337	1.0929	5.2022	4
117.85	9.6348	1.1483	5.2047	4
117.9	9.6347	1.6276	5.1986	4
117.95	9.635	1.1884	5.2036	4
118	9.6359	0.9815	5.2103	4
118.05	9.6362	1.6896	5.1945	4
118.1	9.6367	0.9905	5.1932	4
118.15	9.6374	1.1971	5.1833	4
118.2	9.6371	2.0477	5.2052	4
118.25	9.6374	0.5789	5.202	4
118.3	9.6393	1.0865	5.1873	4
118.35	9.6386	1.9858	5.1855	4
118.4	9.6381	1.4116	5.2037	4
118.45	9.6405	0.2405	5.1966	4
118.5	9.6413	1.5979	5.1827	4
118.55	9.6402	2.0342	5.1804	4
118.6	9.6408	0.4194	5.1835	4
118.65	9.6424	1.3753	5.1891	4
118.7	9.6416	1.8327	5.2007	4
118.75	9.6423	0.8426	5.1936	4
118.8	9.6432	1.3699	5.1793	4
118.85	9.6429	1.4559	5.1814	4
118.9	9.644	0.9234	5.1782	4
118.95	9.6446	1.4557	5.1757	4
119	9.6444	1.3876	5.1872	4
119.05	9.6455	0.9226	5.1704	4
119.1	9.6453	1.6243	5.1754	4
119.15	9.6456	1.0962	5.17	4
119.2	9.646	1.7524	5.1571	4
119.25	9.646	1.0516	5.1809	4
119.3	9.6474	0.9652	5.2024	4
119.35	9.6468	2.0432	5.1995	4
119.4	9.6472	0.9273	5.1853	4
119.45	9.6487	1.1679	5.1896	4
119.5	9.648	2.0544	5.1822	4
119.55	9.6475	1.106	5.1862	4
119.6	9.649	1.0323	5.2052	4
119.65	9.6481	2.0965	5.198	4
119.7	9.6489	0.8438	5.1935	4
119.75	9.6494	1.6378	5.2083	4
119.8	9.6485	1.7748	5.2063	4
119.85	9.6492	0.8014	5.1835	4
119.9	9.6496	1.9646	5.163	4
119.95	9.6491	1.3134	5.1678	4
120	9.6499	1.4139	5.1724	4
120.05	9.6494	1.6733	5.1718	4
120.1	9.6499	0.9409	5.175	4
120.15	9.6496	2.1774	5.1629	4
120.2	9.6488	1.4996	5.1736	4
120.25	9.6505	0.5531	5.1907	4
120.3	9.65	2.3517	5.1739	4
120.35	9.6489	1.3458	5.1639	4
120.4	9.6499	1.1335	5.1734	4
120.45	9.6495	1.9972	5.1819	4
120.5	9.6494	1.324	5.1701	4
120.55	9.6494	1.6221	5.1651	4
120.6	9.649	1.616	5.1664	4
120.65	9.6484	1.5571	5.1731	4
120.7	9.6496	1.1122	5.1764	4
120.75	9.6496	1.7014	5.1843	4
120.8	9.648	2.351	5.1913	4
120.85	9.6479	0.8543	5.1839	4
120.9	9.6488	1.3482	5.1807	4
120.95	9.6476	2.3568	5.1799	4
121	9.6471	1.1354	5.1826	4
121.05	9.6486	1.1968	5.1742	4
121.1	9.6482	1.9674	5.1764	4
121.15	9.6469	1.7257	5.1776	4
121.2	9.6475	1.1179	5.1782	4
121.25	9.6474	1.663	5.1803	4
121.3	9.6465	1.7033	5.1881	4
121.35	9.6472	1.3941	5.1782	4
121.4	9.6466	1.6923	5.1748	4
121.45	9.6467	1.5181	5.1792	4
121.5	9.6468	1.4405	5.1785	4
121.55	9.646	1.964	5.163	4
121.6	9.6463	1.2715	5.1576	4
121.65	9.6459	1.6461	5.1713	4
121.7	9.6464	1.3447	5.1751	4
121.75	9.6465	1.4088	5.1816	4
121.8	9.645	2.1622	5.1833	4
121.85	9.6458	0.9926	5.1822	4
121.9	9.6451	1.8533	5.1826	4
121.95	9.6452	1.4769	5.172	4
122	9.6456	1.1162	5.1704	4
122.05	9.6447	2.5157	5.196	4
122.1	9.6453	0.6969	5.1852	4
122.15	9.6461	1.359	5.192	4
122.2	9.6454	2.1621	5.2085	4
122.25	9.6448	0.8861	5.2052	4
122.3	9.6459	1.5177	5.2013	4
122.35	9.6449	1.8762	5.1831	4
122.4	9.6452	0.9131	5.1821	4
122.45	9.6466	1.4895	5.1756	4
122.5	9.6454	1.9308	5.1945	4
122.55	9.6452	1.1862	5.2015	4
122.6	9.6466	0.9974	5.1707	4
122.65	9.6462	1.7951	5.1734	4
122.7	9.646	1.4628	5.1896	4
122.75	9.6466	1.1416	5.1933	4
122.8	9.6465	1.6661	5.2012	4
122.85	9.6471	1.1986	5.1881	4
122.9	9.647	1.331	5.1983	4
122.95	9.6478	1.2892	5.2001	4
123	9.648	1.569	5.2038	4
123.05	9.648	1.2989	5.2001	4
123.1	9.6495	0.9608	5.1921	4
123.15	9.6489	1.6956	5.1795	4
123.2	9.6485	1.4781	5.1725	4
123.25	9.6503	0.3571	5.1846	4
123.3	9.6507	1.8529	5.2015	4
123.35	9.6511	1.1707	5.1969	4
123.4	9.6516	1.0488	5.1997	4
123.45	9.6528	0.9982	5.2036	4
123.5	9.654	1.2334	5.2048	4
123.55	9.6539	1.2058	5.1916	4
123.6	9.6554	1.0137	5.1778	4
123.65	9.656	0.9331	5.1838	4
123.7	9.6562	1.6003	5.1929	4
123.75	9.6577	0.4393	5.1838	4
123.8	9.6589	1.3486	5.1951	4
123.85	9.6595	1.1141	5.1891	4
123.9	9.6606	0.7091	5.1706	4
123.95	9.6623	0.9534	5.1817	4
124	9.6626	1.356	5.1884	4
124.05	9.6633	0.7963	5.1971	4
124.1	9.666	0.4895	5.1941	4
124.15	9.6663	1.4437	5.1815	4
124.2	9.6663	1.2289	5.1943	4
124.25	9.6688	0.0066	5.2062	4
124.3	9.6704	1.1857	5.1953	4
124.35	9.6704	1.5422	5.1849	4
124.4	9.6719	-0.009	5.1706	4
124.45	9.6743	1.1278	5.173	4
124.5	9.6746	1.2746	5.1854	4
124.55	9.6758	0.4409	5.1817	4
124.6	9.6786	0.584	5.1776	4
124.65	9.6785	1.6641	5.1663	4
124.7	9.6792	0.6351	5.1663	4
124.75	9.6825	0.1484	5.1774	4
124.8	9.6827	1.8646	5.1908	4
124.85	9.683	0.7772	5.1896	4
124.9	9.6859	-0.0231	5.1871	4
124.95	9.6871	1.5207	5.1798	4
125	9.687	1.0164	5.1647	4
125.05	9.6894	0.1672	5.1521	4
125.1	9.6912	1.0088	5.167	4
125.15	9.6915	1.3326	5.1676	4
125.2	9.6932	0.4239	5.1558	4
125.25	9.6957	0.5157	5.1481	4
125.3	9.696	1.5045	5.1393	4
125.35	9.6979	0.1084	5.1523	4
125.4	9.7004	0.7295	5.1596	4
125.45	9.7009	1.5679	5.1525	4
125.5	9.702	0.2165	5.1701	4
125.55	9.7052	0.4383	5.1744	4
125.6	9.7055	1.8207	5.1809	4
125.65	9.7063	0.6232	5.164	4
125.7	9.7089	0.2592	5.1588	4
125.75	9.7104	1.0063	5.1831	4
125.8	9.7113	0.9114	5.1734	4
125.85	9.7135	0.3364	5.1739	4
125.9	9.7154	0.7887	5.1782	4
125.95	9.7165	0.9703	5.1696	4
126	9.7177	0.7291	5.1742	4
126.05	9.7202	0.234	5.1625	4
126.1	9.7218	0.6096	5.1548	4
126.15	9.7235	0.9754	5.1488	4
126.2	9.7255	-0.1882	5.1452	4
126.25	9.7273	1.5421	5.1514	4
126.3	9.7281	0.3555	5.1567	4
126.35	9.7318	-0.0981	5.1585	4
126.4	9.7336	1.1094	5.1597	4
126.45	9.7345	0.5367	5.1736	4
126.5	9.7379	-0.1616	5.1678	4
126.55	9.74	0.9907	5.163	4
126.6	9.7394	1.6643	5.1563	4
126.65	9.7431	-0.9662	5.1502	4
126.7	9.7462	0.6823	5.1577	4
126.75	9.747	1.2705	5.1726	4
126.8	9.7486	0.3524	5.1749	4
126.85	9.7519	-0.1064	5.1665	4
126.9	9.7536	1.3542	5.1643	4
126.95	9.7541	0.7154	5.1719	4
127	9.7576	-0.1383	5.1686	4
127.05	9.7601	0.7335	5.1669	4
127.1	9.7594	1.8756	5.1747	4
127.15	9.7629	-1.1656	5.1668	4
127.2	9.7654	1.6298	5.1634	4
127.25	9.7641	1.6312	5.1635	4
127.3	9.7669	-0.4505	5.1605	4
127.35	9.7708	0.2813	5.1625	4
127.4	9.7696	2.6432	5.1655	4
127.45	9.7705	-0.2529	5.1652	4
127.5	9.7747	0.3182	5.1654	4
127.55	9.7753	1.4438	5.1708	4
127.6	9.7753	1.5373	5.1781	4
127.65	9.7781	-0.235	5.1638	4
127.7	9.7799	1.5082	5.1292	4
127.75	9.7788	1.6814	5.1506	4
127.8	9.7811	-0.1563	5.1707	4
127.85	9.7828	1.4045	5.1641	4
127.9	9.7825	1.5341	5.1411	4
127.95	9.7846	-0.1463	5.129	4
128	9.7863	1.5961	5.1461	4
128.05	9.7854	1.5425	5.1633	4
128.1	9.7871	0.5734	5.1613	4
128.15	9.7889	0.9988	5.1652	4
128.2	9.7888	1.5795	5.1783	4
128.25	9.7896	0.9006	5.1654	4
128.3	9.7914	0.5237	5.1526	4
128.35	9.7921	1.62	5.1498	4
128.4	9.7922	1.2328	5.144	4
128.45	9.794	0.2832	5.1471	4
128.5	9.7956	1.4156	5.1649	4
128.55	9.7945	2.0297	5.1747	4
128.6	9.7955	0.2801	5.1692	4
128.65	9.7979	1.1732	5.1787	4
128.7	9.7961	2.087	5.1681	4
128.75	9.7975	0.6517	5.1592	4
128.8	9.7997	0.5008	5.1487	4
128.85	9.7987	2.5943	5.1233	4
128.9	9.7992	0.2803	5.1229	4
128.95	9.8006	1.4223	5.1399	4
129	9.8002	1.8896	5.1576	4
129.05	9.801	0.7112	5.1553	4
129.1	9.8031	0.8034	5.1499	4
129.15	9.8028	1.9941	5.162	4
129.2	9.8027	0.9126	5.1495	4
129.25	9.8041	1.0926	5.1484	4
129.3	9.8049	1.11	5.1628	4
129.35	9.8044	2.0325	5.1479	4
129.4	9.8049	0.852	5.1393	4
129.45	9.8057	1.2091	5.1444	4
129.5	9.806	1.7115	5.1566	4
129.55	9.8068	0.7178	5.1462	4
129.6	9.8072	1.8635	5.1316	4
129.65	9.8071	0.8646	5.1451	4
129.7	9.808	1.6071	5.1466	4
129.75	9.8082	1.2151	5.1508	4
129.8	9.8078	1.9818	5.1575	4
129.85	9.8094	0.298	5.1528	4
129.9	9.8106	1.5417	5.1562	4
129.95	9.8095	2.1123	5.1655	4
130	9.8099	0.8403	5.1627	4
130.05	9.811	1.3399	5.1556	4
130.1	9.8108	1.6424	5.151	4
130.15	9.811	1.0973	5.1536	4
130.2	9.8118	1.5643	5.1701	4
130.25	9.8101	2.1818	5.1499	4
130.3	9.8111	0.7296	5.1573	4
130.35	9.8123	1.203	5.1718	4
130.4	9.8116	2.4875	5.1473	4
130.45	9.8111	0.4965	5.1381	4
130.5	9.8132	1.395	5.1289	4
130.55	9.8114	2.3555	5.1422	4
130.6	9.8121	0.3366	5.1505	4
130.65	9.8132	1.8535	5.1436	4
130.7	9.8126	1.3486	5.1395	4
130.75	9.8136	1.1322	5.1475	4
130.8	9.814	1.5738	5.1383	4
130.85	9.8129	1.7974	5.1554	4
130.9	9.814	0.5086	5.1629	4
130.95	9.8149	1.8848	5.157	4
131	9.8139	1.5303	5.1468	4
131.05	9.8143	1.4669	5.1522	4
131.1	9.8145	1.2179	5.1615	4
131.15	9.8151	1.4902	5.1674	4
131.2	9.8142	1.737	5.1645	4
131.25	9.8142	1.6355	5.1553	4
131.3	9.8147	1.071	5.1516	4
131.35	9.8149	1.6788	5.1638	4
131.4	9.8143	1.738	5.1647	4
131.45	9.8148	1.0624	5.1602	4
131.5	9.8147	1.9608	5.1714	4
131.55	9.814	1.4492	5.18	4
131.6	9.815	1.0734	5.1658	4
131.65	9.8152	1.9891	5.1598	4
131.7	9.814	1.5822	5.1483	4
131.75	9.8147	1.0541	5.1456	4
131.8	9.8152	1.3746	5.1378	4
131.85	9.8142	2.2392	5.1547	4
131.9	9.8152	0.499	5.159	4
131.95	9.8159	2.0035	5.1439	4
132	9.8144	1.7585	5.1492	4
132.05	9.8158	0.8712	5.1583	4
132.1	9.8153	2.1222	5.1647	4
132.15	9.8143	1.5342	5.155	4
132.2	9.8153	1.1772	5.162	4
132.25	9.8153	1.5262	5.1719	4
132.3	9.8153	1.5849	5.1566	4
132.35	9.8148	1.8078	5.1424	4
132.4	9.815	1.2388	5.155	4
132.45	9.8146	1.7798	5.1601	4
132.5	9.815	1.1659	5.1649	4
132.55	9.8153	1.7981	5.1621	4
132.6	9.8142	1.7822	5.1662	4
132.65	9.8154	0.9845	5.1571	4
132.7	9.8155	1.7947	5.1499	4
132.75	9.8143	1.8109	5.1563	4
132.8	9.8154	0.8376	5.1654	4
132.85	9.8146	2.2183	5.1762	4
132.9	9.8144	1.0661	5.174	4
132.95	9.8147	1.6242	5.176	4
133	9.8144	1.661	5.1821	4
133.05	9.8151	1.1806	5.1681	4
133.1	9.8143	1.9861	5.1752	4
133.15	9.8149	1.1004	5.1846	4
133.2	9.8148	1.8253	5.1744	4
133.25	9.8135	2.1157	5.168	4
133.3	9.8149	0.2833	5.1736	4
133.35	9.8146	2.6018	5.1615	4
133.4	9.814	0.9758	5.1657	4
133.45	9.8147	1.5102	5.1737	4
133.5	9.8142	1.8829	5.1722	4
133.55	9.8145	1.1575	5.1846	4
133.6	9.8137	2.3195	5.2048	4
133.65	9.8143	0.5242	5.2205	4
133.7	9.8142	2.1124	5.2179	4
133.75	9.8133	2.0415	5.2151	4
133.8	9.8137	0.5787	5.2186	4
133.85	9.8144	2.0562	5.2087	4
133.9	9.8125	1.9141	5.2135	4
133.95	9.8132	0.6383	5.2077	4
134	9.8138	2.1193	5.1941	4
134.05	9.8121	1.51	5.1777	4
134.1	9.814	0.7362	5.1755	4
134.15	9.814	1.8427	5.186	4
134.2	9.813	1.5596	5.1821	4
134.25	9.8142	1.1515	5.1945	4
134.3	9.8141	1.7536	5.1842	4
134.35	9.8149	0.8957	5.1749	4
134.4	9.816	1.3634	5.1796	4
134.45	9.8152	1.7145	5.1659	4
134.5	9.8156	1.2256	5.1773	4
134.55	9.8156	1.4551	5.2002	4
134.6	9.8167	1.169	5.1917	4
134.65	9.8169	1.262	5.1858	4
134.7	9.8168	1.8124	5.1747	4
134.75	9.8168	1.0027	5.1872	4
134.8	9.8178	1.4414	5.1955	4
134.85	9.8176	1.6169	5.1947	4
134.9	9.8185	0.7929	5.1872	4
134.95	9.8196	1.1744	5.1777	4
135	9.8184	2.3746	5.1795	4
135.05	9.8189	0.1816	5.193	4
135.1	9.8218	1.2631	5.1933	4
135.15	9.8198	2.5203	5.183	4
135.2	9.8208	0.2916	5.1827	4
135.25	9.8226	1.4603	5.1827	4
135.3	9.8215	1.832	5.179	4
135.35	9.8214	1.1726	5.1676	4
135.4	9.8228	0.9676	5.1543	4
135.45	9.823	1.7817	5.1411	4
135.5	9.8225	1.6045	5.1304	4
135.55	9.8233	1.0535	5.1575	4
135.6	9.8238	1.5936	5.1714	4
135.65	9.8228	1.559	5.1708	4
135.7	9.824	0.999	5.1692	4
135.75	9.8236	1.8689	5.1707	4
135.8	9.8229	1.5167	5.1739	4
135.85	9.8243	0.7134	5.1765	4
135.9	9.8242	2.125	5.1789	4
135.95	9.8235	1.2117	5.1751	4
136	9.8249	1.2377	5.1594	4
136.05	9.8237	2.0356	5.1648	4
136.1	9.8234	1.4694	5.1703	4
136.15	9.8247	0.7693	5.1783	4
136.2	9.8241	2.3139	5.191	4
136.25	9.8239	1.1214	5.1973	4
136.3	9.8243	1.6371	5.1843	4
136.35	9.8247	1.3219	5.1721	4
136.4	9.8236	2.2565	5.1693	4
136.45	9.8236	0.8915	5.1693	4
136.5	9.8245	1.7622	5.1583	4
136.55	9.8234	1.875	5.1622	4
136.6	9.8239	1.2957	5.1706	4
136.65	9.8243	1.2229	5.157	4
136.7	9.8239	2.1511	5.1447	4
136.75	9.823	1.4618	5.1537	4
136.8	9.8247	0.8667	5.1739	4
136.85	9.8234	2.3806	5.1769	4
136.9	9.8228	1.2573	5.171	4
136.95	9.8231	1.3688	5.1795	4
137	9.8235	1.7569	5.1971	4
137.05	9.8224	1.8379	5.1923	4
137.1	9.8227	1.3072	5.1803	4
137.15	9.8229	1.5932	5.1803	4
137.2	9.8222	1.494	5.1777	4
137.25	9.822	2.0519	5.1849	4
137.3	9.8222	1.0348	5.1948	4
137.35	9.8221	1.9615	5.187	4
137.4	9.8219	1.5615	5.1768	4
137.45	9.8213	1.6662	5.1968	4
137.5	9.8217	1.4844	5.1796	4
137.55	9.8209	1.7821	5.1808	4
137.6	9.8208	1.5492	5.1845	4
137.65	9.8214	1.0943	5.1758	4
137.7	9.8206	2.3147	5.1839	4
137.75	9.8203	1.2377	5.1907	4
137.8	9.8203	1.679	5.196	4
137.85	9.8199	1.4662	5.1893	4
137.9	9.8193	1.9999	5.1694	4
137.95	9.819	0.8849	5.1743	4
138	9.8196	1.9421	5.1763	4
138.05	9.8185	1.7822	5.1829	4
138.1	9.8187	1.3393	5.185	4
138.15	9.8195	1.3884	5.1659	4
138.2	9.8193	1.5179	5.164	4
138.25	9.8194	1.4593	5.1776	4
138.3	9.82	1.277	5.1668	4
138.35	9.819	1.922	5.1824	4
138.4	9.8199	0.8833	5.1696	4
138.45	9.8205	1.4457	5.1466	4
138.5	9.8203	1.4486	5.1423	4
138.55	9.8212	1.0876	5.1248	4
138.6	9.8217	1.3409	5.1191	4
138.65	9.8218	1.3852	5.1225	4
138.7	9.8231	0.8309	5.1365	4
138.75	9.8236	1.5785	5.1582	4
138.8	9.8243	0.8259	5.1706	4
138.85	9.8254	1.2266	5.1749	4
138.9	9.8249	1.4342	5.174	4
138.95	9.8257	1.3383	5.1675	4
139	9.8266	0.742	5.1658	4
139.05	9.827	1.6329	5.1546	4
139.1	9.8279	0.7418	5.1574	4
139.15	9.8288	1.2653	5.1638	4
139.2	9.8294	1.3676	5.1678	4
139.25	9.8297	1.1059	5.157	4
139.3	9.8304	1.4179	5.1661	4
139.35	9.8314	0.9887	5.1747	4
139.4	9.8316	1.5976	5.176	4
139.45	9.8322	0.9968	5.1691	4
139.5	9.8323	1.7678	5.1648	4
139.55	9.8326	0.9985	5.17	4
139.6	9.8332	1.3788	5.1895	4
139.65	9.8339	1.2737	5.2011	4
139.7	9.8332	1.7849	5.188	4
139.75	9.8341	1.0262	5.1848	4
139.8	9.8347	1.428	5.1849	4
139.85	9.8341	1.8486	5.164	4
139.9	9.8351	0.7554	5.1526	4
139.95	9.8358	1.2206	5.1542	4
140	9.836	1.5704	5.1607	4
140.05	9.8359	1.4347	5.1669	4
140.1	9.8373	0.6969	5.1604	4
140.15	9.8378	1.8369	5.1703	4
140.2	9.8371	1.406	5.1668	4
140.25	9.8381	0.7694	5.166	4
140.3	9.8393	1.3813	5.1642	4
140.35	9.8391	1.4944	5.1423	4
140.4	9.8408	0.3748	5.1502	4
140.45	9.8417	1.5998	5.1509	4
140.5	9.8419	1.1184	5.1536	4
140.55	9.8433	1.1027	5.1649	4
140.6	9.844	0.8987	5.1683	4
140.65	9.8448	1.231	5.172	4
140.7	9.8455	1.0537	5.1677	4
140.75	9.8465	1.0578	5.172	4
140.8	9.8472	1.0836	5.1653	4
140.85	9.8484	1.1102	5.1599	4
140.9	9.8484	1.5808	5.1668	4
140.95	9.8496	0.6423	5.1591	4
141	9.8506	1.2943	5.1625	4
141.05	9.8504	1.3858	5.1553	4
141.1	9.852	0.6255	5.1511	4
141.15	9.8531	1.3909	5.1683	4
141.2	9.8531	1.3585	5.1564	4
141.25	9.855	0.4172	5.1506	4
141.3	9.8561	1.4391	5.155	4
141.35	9.8562	1.2656	5.1644	4
141.4	9.8573	0.6674	5.1584	4
141.45	9.8587	1.3182	5.1678	4
141.5	9.8591	1.0309	5.1752	4
141.55	9.8608	0.9173	5.1803	4
141.6	9.8619	1.105	5.1794	4
141.65	9.8617	1.5258	5.1689	4
141.7	9.8635	0.5198	5.1477	4
141.75	9.8646	1.1445	5.1475	4
141.8	9.865	1.4911	5.1663	4
141.85	9.8651	1.036	5.1674	4
141.9	9.8669	0.606	5.1679	4
141.95	9.868	1.392	5.1674	4
142	9.8684	1.0702	5.1657	4
142.05	9.8696	1.0279	5.1642	4
142.1	9.8708	0.9617	5.1656	4
142.15	9.871	1.5759	5.172	4
142.2	9.8718	0.9606	5.1905	4
142.25	9.8731	0.9168	5.1734	4
142.3	9.8734	1.8052	5.1589	4
142.35	9.8737	0.7676	5.1482	4
142.4	9.8753	0.9595	5.1354	4
142.45	9.8766	0.9224	5.1525	4
142.5	9.8761	2.0268	5.167	4
142.55	9.8771	0.5341	5.1677	4
142.6	9.878	1.4652	5.1673	4
142.65	9.8783	1.2484	5.1731	4
142.7	9.8785	1.3198	5.1736	4
142.75	9.8791	1.2615	5.1699	4
142.8	9.8801	0.9648	5.1732	4
142.85	9.8814	1.1325	5.1683	4
142.9	9.8811	1.6068	5.1774	4
142.95	9.881	1.7747	5.1921	4
143	9.8814	0.8813	5.1908	4
143.05	9.883	1.0811	5.1826	4
143.1	9.8825	1.9622	5.1826	4
143.15	9.8826	1.0029	5.1896	4
143.2	9.884	1.0763	5.202	4
143.25	9.8842	1.4428	5.1891	4
143.3	9.8847	1.2077	5.1834	4
143.35	9.8848	1.7899	5.1706	4
143.4	9.8849	1.0802	5.1685	4
143.45	9.8859	0.9975	5.198	4
143.5	9.8857	2.127	5.2057	4
143.55	9.885	1.3012	5.2031	4
143.6	9.8867	0.8737	5.208	4
143.65	9.8872	1.5801	5.2106	4
143.7	9.8863	1.8718	5.2084	4
143.75	9.8863	1.045	5.1957	4
143.8	9.8876	1.1891	5.1967	4
143.85	9.8876	1.5613	5.192	4
143.9	9.8866	2.099	5.199	4
143.95	9.8868	1.1064	5.218	4
144	9.8874	1.3349	5.2201	4
144.05	9.8877	1.6447	5.2101	4
144.1	9.8869	1.619	5.2017	4
144.15	9.8872	1.3154	5.1909	4
144.2	9.8878	1.4624	5.1888	4
144.25	9.8869	1.6883	5.1926	4
144.3	9.887	1.8547	5.2073	4
144.35	9.8867	1.3381	5.2143	4
144.4	9.8867	1.7031	5.206	4
144.45	9.8861	1.555	5.2102	4
144.5	9.8861	1.6813	5.1881	4
144.55	9.8864	1.5194	5.1727	4
144.6	9.8856	2.0804	5.1839	4
144.65	9.8851	1.5127	5.1927	4
144.7	9.886	1.1295	5.1983	4
144.75	9.8851	2.1782	5.2061	4
144.8	9.8839	2.0924	5.1831	4
144.85	9.8836	0.8484	5.1735	4
144.9	9.8845	1.9276	5.1718	4
144.95	9.8826	2.1953	5.1681	4
145	9.8825	1.491	5.1763	4
145.05	9.8829	1.4622	5.1748	4
145.1	9.8822	2.0629	5.1867	4
145.15	9.8808	1.9395	5.1946	4
145.2	9.8813	1.0264	5.1843	4
145.25	9.8806	2.2184	5.1832	4
145.3	9.8796	1.7878	5.1878	4
145.35	9.8791	1.9651	5.1776	4
145.4	9.8787	1.6046	5.1615	4
145.45	9.8778	2.0001	5.1639	4
145.5	9.8774	1.6944	5.1737	4
145.55	9.8768	1.7771	5.1869	4
145.6	9.8763	1.6466	5.1919	4
145.65	9.8764	1.4891	5.1778	4
145.7	9.8759	1.9023	5.1689	4
145.75	9.8749	2.1738	5.1677	4
145.8	9.875	0.985	5.1753	4
145.85	9.8752	1.7635	5.1691	4
145.9	9.8739	2.1186	5.1741	4
145.95	9.8739	1.3162	5.1853	4
146	9.8734	2.0156	5.1903	4
146.05	9.8729	1.8113	5.1826	4
146.1	9.8721	1.3628	5.1699	4
146.15	9.8722	1.9926	5.1775	4
146.2	9.8714	1.6474	5.17	4
146.25	9.8707	1.8046	5.1644	4
146.3	9.871	1.3985	5.1756	4
146.35	9.8706	1.6991	5.1802	5
146.4	9.8702	1.723	5.187	5
146.45	9.8705	1.3718	5.172	5
146.5	9.8706	1.5653	5.1614	5
146.55	9.8722	1.7378	5.1562	5
146.6	9.8796	1.5229	5.1678	5
146.65	9.8958	1.4823	5.1706	5
146.7	9.9204	1.9264	5.1528	5
146.75	9.9543	1.5941	5.1463	5
146.8	9.9969	1.2325	5.1471	5
146.85	10.0467	2.4043	5.1527	5
146.9	10.1061	1.374	5.1617	5
146.95	10.1726	1.5577	5.1474	5
147	10.2468	2.0889	5.1423	5
147.05	10.3297	1.7	5.1474	5
147.1	10.4205	1.7276	5.1647	5
147.15	10.5187	2.0957	5.1556	5
147.2	10.6251	1.651	5.1502	5
147.25	10.7384	2.341	5.1785	5
147.3	10.86	1.9002	5.185	5
147.35	10.9885	1.8986	5.1593	5
147.4	11.1237	2.372	5.1565	5
147.45	11.2668	2.4608	5.1589	5
147.5	11.4172	2.1153	5.152	5
147.55	11.5734	2.612	5.1457	6
147.6	11.7372	2.6053	5.1467	6
147.65	11.9071	3.1575	5.1554	6
147.7	12.084	3.1078	5.1608	6
147.75	12.2671	3.2739	5.1452	6
147.8	12.4531	3.9585	5.1555	6
147.85	12.6384	3.7421	5.1661	6
147.9	12.8194	4.795	5.1677	6
147.95	12.9976	4.7041	5.1537	6
148	13.1706	5.6295	5.153	6
148.05	13.3415	5.5268	5.1649	6
148.1	13.5085	6.7855	5.1674	6
148.15	13.673	6.9476	5.1598	6
148.2	13.8339	7.2697	5.1661	6
148.25	13.9908	8.2307	5.1808	6
148.3	14.144	9.178	5.1733	6
148.35	14.2946	8.8681	5.1663	6
148.4	14.4409	10.3945	5.1675	6
148.45	14.5856	10.2385	5.1722	6
148.5	14.7259	11.6004	5.1606	6
148.55	14.8639	11.7402	5.1633	6
148.6	14.9978	13.0415	5.16	6
148.65	15.13	12.6956	5.1682	6
148.7	15.2577	14.1658	5.1734	6
148.75	15.3822	15.6845	5.169	6
148.8	15.5059	14.9509	5.1702	6
148.85	15.6252	16.3609	5.1546	6
148.9	15.7414	17.419	5.1545	6
148.95	15.8554	17.9984	5.1578	6
149	15.9666	18.9243	5.1482	6
149.05	16.0751	19.6912	5.1466	6
149.1	16.1809	20.349	5.1458	6
149.15	16.2842	21.6564	5.1503	6
149.2	16.3856	22.7398	5.1596	6
149.25	16.485	22.7617	5.149	6
149.3	16.5812	24.2559	5.1629	6
149.35	16.675	25.8998	5.1608	6
149.4	16.7681	25.8343	5.1523	6
149.45	16.8586	27.1434	5.1704	6
149.5	16.9471	28.6132	5.1562	6
149.55	17.0341	29.315	5.1393	6
149.6	17.1188	30.3679	5.1611	6
149.65	17.2022	31.444	5.1557	6
149.7	17.2834	33.4076	5.1489	6
149.75	17.3641	33.6286	5.1419	6
149.8	17.4422	35.1827	5.1457	6
149.85	17.5191	36.5057	5.1526	6
149.9	17.5947	37.5339	5.1572	6
149.95	17.6682	38.6822	5.15	6
150	17.7396	40.6642	5.1566	6
150.05	17.8107	41.1294	5.1557	6
150.1	17.8792	42.5104	5.1506	6
150.15	17.9457	44.3938	5.1464	6
150.2	18.0114	45.2113	5.1603	6
150.25	18.0751	46.6647	5.1617	6
150.3	18.1376	47.9963	5.1432	6
150.35	18.1984	49.3206	5.1469	6
150.4	18.2575	50.6522	5.1461	6
150.45	18.3151	51.8236	5.1519	6
150.5	18.3713	53.1397	5.1671	6
150.55	18.4264	53.9533	5.1719	6
150.6	18.4789	56.2931	5.1799	6
150.65	18.5312	56.9719	5.1806	6
150.7	18.5817	57.8831	5.1762	6
150.75	18.6301	59.5567	5.1555	6
150.8	18.6777	60.8334	5.1511	6
150.85	18.7242	61.7225	5.1575	6
150.9	18.7694	62.348	5.1656	6
150.95	18.812	64.5814	5.1573	6
151	18.8551	64.8358	5.1354	6
151.05	18.8965	65.8727	5.1379	6
151.1	18.9362	67.4951	5.1385	6
151.15	18.9754	68.5481	5.1385	6
151.2	19.0138	69.0953	5.168	6
151.25	19.0503	70.2562	5.1862	6
151.3	19.086	71.0886	5.182	6
151.35	19.1203	72.4698	5.1678	6
151.4	19.154	73.3602	5.1523	6
151.45	19.1865	74.2267	5.1495	6
151.5	19.2182	74.9017	5.1676	6
151.55	19.2488	76.062	5.1689	6
151.6	19.2788	76.8618	5.1717	6
151.65	19.3075	77.8288	5.1627	6
151.7	19.3355	78.3676	5.1542	6
151.75	19.3627	79.2642	5.1623	6
151.8	19.3893	79.6252	5.1587	6
151.85	19.4144	80.88	5.1566	6
151.9	19.4386	82.2956	5.1512	6
151.95	19.4637	81.4988	5.1617	6
152	19.4865	82.7011	5.1761	6
152.05	19.5089	84.0519	5.1615	6
152.1	19.5311	84.3005	5.1668	6
152.15	19.5526	84.297	5.1756	6
152.2	19.5726	85.5511	5.1795	6
152.25	19.5925	86.2391	5.1838	6
152.3	19.6119	86.309	5.1793	6
152.35	19.6304	87.3844	5.1737	6
152.4	19.6493	87.2279	5.1674	6
152.45	19.6663	88.4029	5.157	6
152.5	19.6832	89.0296	5.1682	6
152.55	19.7002	88.7252	5.1732	6
152.6	19.7157	89.383	5.1422	6
152.65	19.731	90.1411	5.1459	6
152.7	19.7467	90.2156	5.1722	6
152.75	19.7613	90.6211	5.1791	6
152.8	19.7748	91.4919	5.1749	6
152.85	19.7888	91.5525	5.1822	6
152.9	19.8024	91.4019	5.1879	6
152.95	19.8144	92.6914	5.1871	6
153	19.8269	92.8253	5.1837	6
153.05	19.8392	92.2341	5.1759	6
153.1	19.8502	93.0145	5.1605	6
153.15	19.8609	94.2194	5.1414	6
153.2	19.8726	92.9952	5.141	6
153.25	19.8828	93.4543	5.1494	6
153.3	19.8927	94.2747	5.1688	6
153.35	19.9026	94.3552	5.1797	6
153.4	19.9129	93.5851	5.1829	6
153.45	19.9214	94.9546	5.1733	6
153.5	19.9309	94.6746	5.1902	6
153.55	19.94	94.1861	5.1903	6
153.6	19.9475	95.2055	5.1887	6
153.65	19.9555	95.3954	5.1846	6
153.7	19.9635	95.0554	5.161	6
153.75	19.9706	95.3908	5.159	6
153.8	19.9774	95.8978	5.1503	6
153.85	19.9849	95.489	5.1417	6
153.9	19.9919	95.4548	5.1381	6
153.95	19.9982	96.0576	5.141	6
154	20.0047	96.0415	5.1545	6
154.05	20.0113	95.7172	5.1552	6
154.1	20.0168	96.4397	5.1323	6
154.15	20.0228	96.1938	5.1528	6
154.2	20.0282	96.3731	5.1714	6
154.25	20.0337	96.3667	5.1599	6
154.3	20.0385	96.8763	5.1485	6
154.35	20.0441	96.2751	5.138	6
154.4	20.0488	96.3259	5.1476	6
154.45	20.0531	96.7134	5.1505	6
154.5	20.0575	97.0987	5.1471	6
154.55	20.0624	96.267	5.1483	6
154.6	20.0662	96.4583	5.1503	6
154.65	20.0699	96.8559	5.1553	6
154.7	20.0745	96.4373	5.1588	6
154.75	20.0783	96.3546	5.1618	6
154.8	20.0814	97.1842	5.1561	6
154.85	20.0859	96.1462	5.1618	6
154.9	20.0883	96.6866	5.1564	6
154.95	20.0921	96.6513	5.1433	6
155	20.0956	96.4243	5.1377	6
155.05	20.0983	96.1922	5.1374	6
155.1	20.1009	96.1876	5.1388	6
155.15	20.1038	96.5272	5.1304	6
155.2	20.1072	96.3949	5.1501	6
155.25	20.1101	96.2202	5.1618	6
155.3	20.1121	96.7126	5.1591	6
155.35	20.1149	95.8864	5.1602	6
155.4	20.1166	96.4565	5.1605	6
155.45	20.1191	96.0419	5.1634	6
155.5	20.1211	96.0915	5.1454	6
155.55	20.1232	96.204	5.1288	6
155.6	20.1252	96.19	5.1324	6
155.65	20.1274	95.8373	5.1329	6
155.7	20.1291	96.3473	5.1376	6
155.75	20.1312	95.9885	5.1375	6
155.8	20.1327	95.3934	5.1489	6
155.85	20.1333	95.5858	5.1441	6
155.9	20.1352	95.436	5.1422	6
155.95	20.1374	95.1925	5.1365	6
156	20.1389	95.6022	5.1351	6
156.05	20.1407	95.2058	5.145	6
156.1	20.1416	94.9839	5.1641	6
156.15	20.1425	94.5857	5.1591	6
156.2	20.1437	95.0682	5.1618	6
156.25	20.1457	94.6744	5.1644	6
156.3	20.1464	94.6164	5.1674	6
156.35	20.1471	94.5619	5.1704	6
156.4	20.1486	94.395	5.1607	6
156.45	20.1495	94.2388	5.1654	6
156.5	20.1497	94.2628	5.1732	6
156.55	20.1508	94.1425	5.158	6
156.6	20.1521	93.9743	5.1478	6
156.65	20.1526	93.7915	5.1465	6
156.7	20.1533	94.063	5.1421	6
156.75	20.1545	93.7051	5.1432	6
156.8	20.155	93.3429	5.1362	6
156.85	20.1555	93.7223	5.1529	6
156.9	20.1564	93.4911	5.1649	6
156.95	20.1572	92.8374	5.1628	6
157	20.158	92.885	5.1644	6
157.05	20.1578	93.3096	5.1615	6
157.1	20.1588	92.6462	5.1559	6
157.15	20.1595	92.5367	5.1511	6
157.2	20.1599	92.2737	5.156	6
157.25	20.1605	92.678	5.1648	6
157.3	20.1611	91.9797	5.1485	6
157.35	20.1614	91.7793	5.1526	6
157.4	20.1613	92.3945	5.1546	6
157.45	20.1617	92.0409	5.1578	6
157.5	20.1627	91.1264	5.1599	6
157.55	20.1618	92.1269	5.1576	6
157.6	20.1622	92.17	5.1805	6
157.65	20.1627	91.2776	5.1799	6
157.7	20.1627	91.4451	5.1625	6
157.75	20.1624	92.2096	5.1525	6
157.8	20.1631	91.2431	5.1335	6
157.85	20.1634	91.2804	5.1446	6
157.9	20.1632	91.7141	5.155	6
157.95	20.1632	91.7685	5.1535	6
158	20.1634	91.2159	5.1605	6
158.05	20.1635	91.5706	5.1804	6
158.1	20.1636	91.3062	5.1756	6
158.15	20.164	91.0379	5.1695	6
158.2	20.1639	91.2531	5.1699	6
158.25	20.164	90.8812	5.1745	6
158.3	20.1639	90.9169	5.1739	6
158.35	20.1637	91.0609	5.1648	6
158.4	20.1639	90.7051	5.1688	6
158.45	20.1631	90.954	5.177	6
158.5	20.1631	91.2519	5.1756	6
158.55	20.1636	90.5545	5.1691	6
158.6	20.1634	90.8652	5.1659	6
158.65	20.1633	90.9381	5.1713	6
158.7	20.1634	90.6991	5.1886	6
158.75	20.1634	90.5117	5.1861	6
158.8	20.1634	90.4358	5.1723	6
158.85	20.1636	90.2128	5.1626	6
158.9	20.1635	89.8517	5.1575	6
158.95	20.1638	89.6505	5.1584	6
159	20.1637	89.4922	5.1658	6
159.05	20.1637	89.4502	5.1641	6
159.1	20.1637	89.0363	5.1606	6
159.15	20.1637	88.9806	5.1616	6
159.2	20.1634	89.1716	5.144	6
159.25	20.1635	88.8535	5.1333	6
159.3	20.1633	88.6975	5.1487	6
159.35	20.1629	88.5496	5.1528	6
159.4	20.1626	89.1996	5.1497	6
159.45	20.1631	88.1555	5.152	6
159.5	20.1624	89.1226	5.1545	6
159.55	20.1626	88.3354	5.1523	6
159.6	20.1623	88.5322	5.159	6
159.65	20.1623	88.3552	5.1574	6
159.7	20.1621	88.4203	5.1552	6
159.75	20.162	88.3871	5.1365	6
159.8	20.1617	88.0524	5.1422	6
159.85	20.1619	87.9548	5.1436	6
159.9	20.1613	88.1517	5.1443	6
159.95	20.1611	88.2165	5.1476	6
160	20.1612	87.7684	5.1439	6
160.05	20.1607	87.8135	5.1475	6
160.1	20.161	87.5433	5.152	6
160.15	20.1602	87.9802	5.1714	6
160.2	20.1605	87.7285	5.1686	6
160.25	20.1601	87.3826	5.1505	6
160.3	20.1596	87.6665	5.1534	6
160.35	20.1597	87.6308	5.1331	6
160.4	20.1597	86.7831	5.1292	6
160.45	20.1592	87.5643	5.1381	6
160.5	20.1588	87.5546	5.1409	6
160.55	20.1587	87.3342	5.1512	6
160.6	20.1589	87.0453	5.1532	6
160.65	20.1581	87.4706	5.1404	6
160.7	20.1583	87.3125	5.1418	6
160.75	20.1577	87.0264	5.1474	6
160.8	20.1575	87.0256	5.1458	6
160.85	20.1572	87.3748	5.137	6
160.9	20.1571	86.8451	5.1554	6
160.95	20.1571	87.1344	5.1609	6
161	20.1569	86.9389	5.1433	6
161.05	20.1559	87.3384	5.151	6
161.1	20.1565	86.9226	5.1468	6
161.15	20.1559	86.8822	5.1303	6
161.2	20.156	86.7816	5.1488	6
161.25	20.156	86.8989	5.1558	6
161.3	20.1553	86.7003	5.1547	6
161.35	20.1551	87.0057	5.1601	6
161.4	20.1552	86.6665	5.1588	6
161.45	20.1548	86.4824	5.1532	6
161.5	20.1544	87.0816	5.1517	6
161.55	20.1544	86.5944	5.1477	6
161.6	20.1542	86.3237	5.1394	6
161.65	20.1541	86.6483	5.1587	6
161.7	20.1536	86.5721	5.158	6
161.75	20.1536	86.2138	5.1693	6
161.8	20.1535	86.4598	5.1793	6
161.85	20.153	86.3513	5.1802	6
161.9	20.153	86.0673	5.1678	6
161.95	20.1531	85.9687	5.1637	6
162	20.1517	87.0022	5.1533	6
162.05	20.1528	85.7984	5.153	6
162.1	20.1527	85.9763	5.1654	6
162.15	20.1515	86.2799	5.1655	6
162.2	20.1516	86.0896	5.1764	6
162.25	20.1522	85.3891	5.183	6
162.3	20.1513	85.6893	5.1774	6
162.35	20.1512	85.9358	5.1766	6
162.4	20.1516	85.6082	5.1832	6
162.45	20.1508	85.6567	5.1877	6
162.5	20.1507	85.4587	5.2034	6
162.55	20.151	85.3696	5.2023	6
162.6	20.1504	85.5695	5.1988	6
162.65	20.1498	85.8827	5.1782	6
162.7	20.1507	85.1163	5.1735	6
162.75	20.1503	85.0816	5.1707	6
162.8	20.1492	85.8394	5.1682	6
162.85	20.1499	85.3111	5.1876	6
162.9	20.15	85.0039	5.1831	6
162.95	20.1489	85.3454	5.174	6
163	20.1487	85.6485	5.1713	6
163.05	20.1496	84.3818	5.1785	6
163.1	20.148	85.3289	5.1831	6
163.15	20.1485	84.934	5.169	6
163.2	20.1488	85.2152	5.1711	6
163.25	20.1487	84.7116	5.1757	6
163.3	20.1479	84.9304	5.1634	6
163.35	20.1482	84.8568	5.1585	6
163.4	20.1481	85.1393	5.1585	6
163.45	20.1477	84.8057	5.166	6
163.5	20.1475	84.6007	5.1734	6
163.55	20.1475	84.8856	5.1687	6
163.6	20.1468	85.1847	5.1739	6
163.65	20.1465	84.6401	5.1904	6
163.7	20.1469	84.5454	5.1966	6
163.75	20.1465	85.1076	5.178	6
163.8	20.1459	84.6426	5.1623	6
163.85	20.1457	84.6262	5.167	6
163.9	20.1459	84.7453	5.1659	6
163.95	20.1459	84.6712	5.159	6
164	20.1453	84.4933	5.163	6
164.05	20.1451	84.7322	5.1489	6
164.1	20.1457	84.6416	5.1453	6
164.15	20.1457	84.3894	5.1654	6
164.2	20.1447	84.7659	5.1666	6
164.25	20.145	84.4363	5.1586	6
164.3	20.1452	84.3662	5.1859	6
164.35	20.1444	84.8101	5.19	6
164.4	20.1437	84.7517	5.1843	6
164.45	20.1444	84.1411	5.187	6
164.5	20.1446	84.2932	5.1628	6
164.55	20.1436	85.0186	5.1524	6
164.6	20.1435	84.0802	5.1479	6
164.65	20.1437	83.8685	5.1519	6
164.7	20.1433	84.9368	5.1621	6
164.75	20.1434	84.4734	5.1569	6
164.8	20.1432	83.6357	5.1306	6
164.85	20.1426	84.4649	5.1407	6
164.9	20.1426	85.0754	5.1773	6
164.95	20.1433	84.0649	5.1897	6
165	20.1428	83.6793	5.1756	6
165.05	20.1419	84.6439	5.1508	6
165.1	20.1428	84.0275	5.1573	6
165.15	20.1431	83.7785	5.177	6
165.2	20.1419	84.2499	5.1695	6
165.25	20.1416	84.2522	5.1773	6
165.3	20.1428	83.3295	5.1916	6
165.35	20.1421	84.255	5.1838	6
165.4	20.1416	84.2117	5.173	6
165.45	20.1415	83.2648	5.165	6
165.5	20.1416	83.0584	5.1779	6
165.55	20.1412	83.9818	5.1717	6
165.6	20.1419	83.3711	5.1608	6
165.65	20.1417	82.812	5.1686	6
165.7	20.1406	83.7331	5.1607	6
165.75	20.1412	83.641	5.1802	6
165.8	20.1418	83.0926	5.1958	6
165.85	20.1407	83.6685	5.1704	6
165.9	20.1404	83.1991	5.1683	6
165.95	20.1406	83.0802	5.1817	6
166	20.1406	83.445	5.185	6
166.05	20.1405	83.9536	5.1893	6
166.1	20.1405	83.2773	5.1895	6
166.15	20.1398	83.1605	5.1859	6
166.2	20.1395	83.8434	5.1905	6
166.25	20.1404	83.1546	5.186	6
166.3	20.1399	83.8772	5.1976	6
166.35	20.1392	83.6895	5.1828	6
166.4	20.1387	83.3313	5.1643	6
166.45	20.1391	83.0822	5.1619	6
166.5	20.1388	84.1811	5.1676	6
166.55	20.1396	83.7855	5.178	6
166.6	20.1393	83.2635	5.1791	6
166.65	20.1386	83.2252	5.1727	6
166.7	20.1388	83.4282	5.1738	6
166.75	20.1393	83.1134	5.1632	6
166.8	20.1389	83.91	5.1635	6
166.85	20.1388	83.4337	5.1746	6
166.9	20.1386	82.6917	5.1797	6
166.95	20.138	83.405	5.1888	6
167	20.138	83.6998	5.1826	6
167.05	20.1385	83.0817	5.1744	6
167.1	20.1383	82.926	5.1728	6
167.15	20.137	83.6421	5.173	6
167.2	20.1377	82.6781	5.1432	6
167.25	20.1378	82.7761	5.132	6
167.3	20.1378	83.1858	5.1519	6
167.35	20.1381	83.2075	5.1542	6
167.4	20.1377	82.5017	5.1512	6
167.45	20.1369	82.784	5.1684	6
167.5	20.137	83.0571	5.1757	6
167.55	20.1373	82.9327	5.1771	6
167.6	20.1377	82.9361	5.174	6
167.65	20.1376	83.0072	5.1741	6
167.7	20.137	82.6359	5.1679	6
167.75	20.1368	82.615	5.1624	6
167.8	20.1371	82.6779	5.1742	6
167.85	20.1372	83.1072	5.1768	6
167.9	20.1375	83.0326	5.1664	6
167.95	20.1371	82.8412	5.1556	6
168	20.1366	82.4771	5.1609	6
168.05	20.1359	83.2164	5.1789	6
168.1	20.1367	82.7056	5.1837	6
168.15	20.1369	82.9046	5.1774	6
168.2	20.137	82.9083	5.1835	6
168.25	20.1363	83.1467	5.1704	6
168.3	20.1363	82.2913	5.1705	6
168.35	20.1359	82.8986	5.1788	6
168.4	20.1362	82.9918	5.1796	6
168.45	20.1367	82.7488	5.1793	6
168.5	20.1368	82.6632	5.1594	6
168.55	20.1362	82.4636	5.1568	6
168.6	20.1348	83.1037	5.1609	6
168.65	20.1358	82.0498	5.1634	6
168.7	20.1359	82.3351	5.1695	6
168.75	20.1355	83.0788	5.1642	6
168.8	20.1354	83.4135	5.1465	6
168.85	20.1362	81.5512	5.1469	6
168.9	20.1348	82.628	5.1656	6
168.95	20.1345	83.4579	5.1717	6
169	20.1355	82.4351	5.1817	6
169.05	20.1362	81.9246	5.1919	6
169.1	20.1352	83.5756	5.175	6
169.15	20.1354	82.7678	5.1717	6
169.2	20.135	81.9009	5.1776	6
169.25	20.1342	82.7021	5.1614	6
169.3	20.1337	83.6656	5.1593	6
169.35	20.1356	81.5523	5.1725	6
169.4	20.1347	82.9745	5.1484	6
169.45	20.1349	83.3071	5.1421	6
169.5	20.1351	82.2206	5.1632	6
169.55	20.1341	82.3033	5.1719	6
169.6	20.1334	83.2941	5.1685	6
169.65	20.1342	82.5793	5.1625	6
169.7	20.1342	82.6977	5.1505	6
169.75	20.1342	83.0714	5.1392	6
169.8	20.1343	83.1776	5.1441	6
169.85	20.1339	82.3035	5.1593	6
169.9	20.1329	82.755	5.1733	6
169.95	20.1332	82.7362	5.1781	6
170	20.1333	82.9247	5.1844	6
170.05	20.1336	82.8142	5.1749	6
170.1	20.1337	83.0514	5.1858	6
170.15	20.1337	83.1068	5.1833	6
170.2	20.1331	83.0162	5.1807	6
170.25	20.1328	82.411	5.1826	6
170.3	20.1326	82.705	5.1764	6
170.35	20.1323	83.5188	5.1856	6
170.4	20.1332	82.7061	5.1726	6
170.45	20.133	83.1285	5.1626	6
170.5	20.1328	83.8395	5.1778	6
170.55	20.1336	82.8698	5.1686	6
170.6	20.1329	82.4183	5.1617	6
170.65	20.1316	83.529	5.1773	6
170.7	20.1322	83.259	5.1821	6
170.75	20.1327	82.7549	5.1753	6
170.8	20.1324	83.2058	5.1686	6
170.85	20.1324	83.8249	5.1723	6
170.9	20.1337	82.6064	5.1773	6
170.95	20.1327	83.6269	5.2011	6
171	20.1325	83.0311	5.2103	6
171.05	20.1326	82.5967	5.2067	6
171.1	20.1323	83.0764	5.2014	6
171.15	20.1324	83.478	5.2045	6
171.2	20.1334	82.5855	5.1984	6
171.25	20.133	83.3259	5.1943	6
171.3	20.1332	83.2203	5.1989	6
171.35	20.1325	82.9705	5.2043	6
171.4	20.1325	82.1492	5.1931	6
171.45	20.1317	83.4761	5.1857	6
171.5	20.1327	82.6804	5.1972	6
171.55	20.1326	82.7673	5.1899	6
171.6	20.1325	83.2169	5.193	6
171.65	20.1329	83.0741	5.2026	6
171.7	20.1329	82.4997	5.1974	6
171.75	20.1313	83.052	5.2055	6
171.8	20.1313	82.8865	5.2072	6
171.85	20.1319	82.4249	5.2066	6
171.9	20.1318	82.9336	5.2176	6
171.95	20.1318	83.3002	5.2087	6
172	20.1326	82.4234	5.2081	6
172.05	20.1324	83.2245	5.2029	6
172.1	20.1326	82.545	5.2055	6
172.15	20.1313	82.714	5.2062	6
172.2	20.1311	82.6331	5.2047	6
172.25	20.1315	82.5812	5.2096	6
172.3	20.1314	82.8695	5.2072	6
172.35	20.1318	82.765	5.2103	6
172.4	20.132	82.9713	5.2153	6
172.45	20.1325	82.5809	5.1995	6
172.5	20.1321	83.0006	5.2059	6
172.55	20.1319	82.3574	5.2108	6
172.6	20.1309	82.5685	5.2193	6
172.65	20.1312	82.2537	5.2458	6
172.7	20.1307	83.1974	5.252	6
172.75	20.1317	82.1555	5.2362	6
172.8	20.1314	82.6823	5.2326	6
172.85	20.1317	82.8003	5.2314	6
172.9	20.1321	82.6624	5.2284	6
172.95	20.1322	81.9261	5.2257	6
173	20.1305	82.6037	5.22	6
173.05	20.1307	82.2054	5.2207	6
173.1	20.1308	82.1964	5.2026	6
173.15	20.131	82.3383	5.1999	6
173.2	20.1311	82.3694	5.1873	6
173.25	20.131	82.3763	5.1743	6
173.3	20.1311	82.4278	5.1913	6
173.35	20.1313	82.4546	5.1913	6
173.4	20.1312	82.0057	5.1811	6
173.45	20.1304	82.0656	5.1912	6
173.5	20.1304	82.2194	5.1937	6
173.55	20.1307	82.2742	5.1995	6
173.6	20.1309	82.0859	5.2044	6
173.65	20.1309	82.4203	5.2136	6
173.7	20.1314	82.2246	5.2127	6
173.75	20.1314	82.325	5.1979	6
173.8	20.1313	82.243	5.2057	6
173.85	20.1307	82.1279	5.2102	6
173.9	20.13	81.9739	5.2032	6
173.95	20.1299	82.1882	5.2052	6
174	20.1304	82.0987	5.1931	6
174.05	20.1303	82.5429	5.1844	6
174.1	20.1307	82.099	5.186	6
174.15	20.1308	82.2251	5.1808	6
174.2	20.1309	82.4363	5.1958	6
174.25	20.1314	82.2834	5.1957	6
174.3	20.1309	82.1531	5.1964	6
174.35	20.13	82.1689	5.2055	6
174.4	20.1305	81.5628	5.2055	6
174.45	20.13	82.3218	5.2082	6
174.5	20.1303	82.2733	5.1893	6
174.55	20.1308	81.7906	5.1892	6
174.6	20.1307	82.241	5.2078	6
174.65	20.131	82.3237	5.2121	6
174.7	20.1312	82.0545	5.2139	6
174.75	20.1307	81.7294	5.2035	6
174.8	20.1298	81.7185	5.1761	6
174.85	20.1299	81.6011	5.1779	6
174.9	20.1302	81.2371	5.1849	6
174.95	20.1302	81.5072	5.2155	6
175	20.1302	81.5854	5.2005	6
175.05	20.1309	80.8813	5.2008	6
175.1	20.1311	81.0435	5.213	6
175.15	20.1313	81.376	5.2049	6
175.2	20.1315	80.7545	5.2001	6
175.25	20.1306	80.4891	5.1961	6
175.3	20.1304	80.5996	5.1923	6
175.35	20.1309	80.4111	5.2096	6
175.4	20.131	80.5966	5.2069	6
175.45	20.1312	80.6869	5.2112	6
175.5	20.1312	80.6852	5.2187	6
175.55	20.1315	80.6771	5.2223	6
175.6	20.1316	80.5319	5.2136	6
175.65	20.1313	80.3311	5.1922	6
175.7	20.1305	80.1074	5.1974	6
175.75	20.1306	79.963	5.2099	6
175.8	20.1306	80.1637	5.2031	6
175.85	20.1309	80.0763	5.1909	6
175.9	20.1312	79.865	5.1834	6
175.95	20.131	80.2436	5.1835	6
176	20.1315	79.8532	5.1788	6
176.05	20.1315	79.9755	5.1828	6
176.1	20.1309	79.885	5.1836	6
176.15	20.1302	79.718	5.1823	6
176.2	20.1303	79.6697	5.1788	6
176.25	20.1301	80.223	5.1769	6
176.3	20.1306	79.9106	5.1761	6
176.35	20.1306	80.1944	5.1781	6
176.4	20.1309	80.0289	5.181	6
176.45	20.1307	80.5117	5.1856	6
176.5	20.1314	79.675	5.1881	6
176.55	20.1301	79.9551	5.1929	6
176.6	20.1298	79.4223	5.2018	6
176.65	20.1295	79.9821	5.1976	6
176.7	20.1301	79.8077	5.1989	6
176.75	20.1301	79.9852	5.1952	6
176.8	20.1302	80.0309	5.1885	6
176.85	20.1299	80.4745	5.2009	6
176.9	20.1306	79.8784	5.1927	6
176.95	20.1306	80.1552	5.1938	6
177	20.1303	80.2435	5.208	6
177.05	20.1298	79.7556	5.1983	6
177.1	20.1294	79.9093	5.2009	6
177.15	20.1296	80.0162	5.1915	6
177.2	20.1295	80.1938	5.1891	6
177.25	20.1298	80.1246	5.2024	6
177.3	20.1298	80.6503	5.2049	6
177.35	20.1306	79.8234	5.2031	6
177.4	20.13	80.5949	5.197	6
177.45	20.1302	80.5864	5.2074	6
177.5	20.1303	80.0197	5.2203	6
177.55	20.1295	79.6537	5.2078	6
177.6	20.1287	80.5232	5.2007	6
177.65	20.1291	80.2604	5.199	6
177.7	20.1294	80.0912	5.1829	6
177.75	20.1291	80.6037	5.1797	6
177.8	20.1293	80.4991	5.2019	6
177.85	20.1297	80.3717	5.2033	6
177.9	20.1298	80.4459	5.2029	6
177.95	20.1299	80.3419	5.2123	6
178	20.1296	80.5242	5.2077	6
178.05	20.129	80.1321	5.2033	6
178.1	20.1283	80.1922	5.2103	6
178.15	20.1285	80.2469	5.212	6
178.2	20.1285	80.788	5.1981	6
178.25	20.1287	80.6097	5.1973	6
178.3	20.1287	80.7011	5.1936	6
178.35	20.1286	80.9724	5.1885	6
178.4	20.1287	81.0494	5.1884	6
178.45	20.129	80.7646	5.1863	6
178.5	20.1287	81.3781	5.1929	6
178.55	20.1286	81.3191	5.1915	6
178.6	20.128	80.6549	5.1756	6
178.65	20.1271	80.9489	5.1557	6
178.7	20.1272	81.1166	5.1742	6
178.75	20.1274	81.1688	5.1809	6
178.8	20.1278	80.9683	5.1702	6
178.85	20.1278	81.2045	5.1706	6
178.9	20.1281	81.0165	5.1906	6
178.95	20.1281	81.2877	5.1832	6
179	20.1285	80.9921	5.1659	6
179.05	20.1288	80.7387	5.1673	6
179.1	20.1288	80.9703	5.1655	6
179.15	20.129	80.7	5.1714	6
179.2	20.1285	80.1535	5.1768	6
179.25	20.1277	80.4586	5.1757	6
179.3	20.1281	80.1326	5.1851	6
179.35	20.1279	80.6048	5.1914	6
179.4	20.1282	80.5672	5.1984	6
179.45	20.1286	80.3526	5.2028	6
179.5	20.1285	80.542	5.1873	6
179.55	20.1287	80.3121	5.1963	6
179.6	20.1291	80.0694	5.1947	6
179.65	20.1291	80.379	5.1811	6
179.7	20.1293	80.3022	5.177	6
179.75	20.129	79.6353	5.1782	6
179.8	20.1282	79.5834	5.1726	6
179.85	20.1278	79.971	5.158	6
179.9	20.128	79.747	5.1674	6
179.95	20.1285	79.4768	5.1668	6
180	20.1284	79.949	5.1809	6
180.05	20.1288	79.5879	5.1865	6
180.1	20.1292	79.329	5.1734	6
180.15	20.1289	79.7197	5.1674	6
180.2	20.1288	80.018	5.1489	6
180.25	20.1297	79.1058	5.1655	6
180.3	20.1291	79.3687	5.1852	6
180.35	20.1283	79.1636	5.1746	6
180.4	20.128	79.2299	5.1717	6
180.45	20.1283	79.0489	5.1811	6
180.5	20.1281	79.4701	5.1754	6
180.55	20.1282	79.3223	5.1773	6
180.6	20.1283	79.3925	5.1825	6
180.65	20.1284	79.4289	5.1819	6
180.7	20.1286	79.4184	5.1792	6
180.75	20.1289	79.3193	5.184	6
180.8	20.1287	79.6945	5.1851	6
180.85	20.129	78.8713	5.1802	6
180.9	20.1281	78.7473	5.1851	6
180.95	20.1274	79.0811	5.1847	6
181	20.1277	78.7329	5.167	6
181.05	20.1278	78.7543	5.1535	6
181.1	20.1277	79.0361	5.1622	6
181.15	20.1276	79.3002	5.174	6
181.2	20.1283	78.8369	5.1747	6
181.25	20.1284	79.0873	5.1567	6
181.3	20.1286	79.05	5.161	6
181.35	20.1287	79.1947	5.1823	6
181.4	20.1289	79.0766	5.1754	6
181.45	20.1286	79.0008	5.1742	6
181.5	20.1279	78.7276	5.1699	6
181.55	20.1273	79.125	5.1814	6
181.6	20.1278	78.7509	5.1994	6
181.65	20.1274	79.2603	5.1815	6
181.7	20.1275	79.3114	5.1918	6
181.75	20.1278	79.2037	5.193	6
181.8	20.1279	79.2591	5.1844	6
181.85	20.1277	79.6482	5.1857	6
181.9	20.1279	79.566	5.184	6
181.95	20.1277	79.9249	5.1858	6
182	20.1281	79.5986	5.1838	6
182.05	20.128	79.7862	5.1931	6
182.1	20.1274	79.4427	5.1941	6
182.15	20.1269	79.1341	5.1872	6
182.2	20.127	79.0489	5.1845	6
182.25	20.127	79.2886	5.2	6
182.3	20.1274	79.1496	5.1988	6
182.35	20.1277	79.1553	5.1979	6
182.4	20.1278	79.3537	5.1936	6
182.45	20.1283	79.0644	5.1968	6
182.5	20.1282	79.1088	5.2064	6
182.55	20.1286	78.8692	5.2001	6
182.6	20.1288	78.9512	5.2063	6
182.65	20.1289	78.8462	5.195	6
182.7	20.1284	78.8894	5.2087	6
182.75	20.1279	78.4043	5.2182	6
182.8	20.1277	78.5799	5.1999	6
182.85	20.1275	78.9782	5.1986	6
182.9	20.1278	78.7658	5.194	6
182.95	20.1281	78.3959	5.1837	6
183	20.1279	79.0939	5.1927	6
183.05	20.1285	78.5449	5.1989	6
183.1	20.1287	78.5188	5.2187	6
183.15	20.1286	79.0416	5.201	6
183.2	20.129	78.9516	5.1803	6
183.25	20.1293	78.465	5.1755	6
183.3	20.1282	78.4547	5.1765	6
183.35	20.1275	78.4251	5.1794	6
183.4	20.128	78.1653	5.1885	6
183.45	20.128	78.5968	5.1964	6
183.5	20.1282	78.3942	5.1979	6
183.55	20.128	78.6943	5.185	6
183.6	20.1281	78.8496	5.183	6
183.65	20.1285	78.2081	5.1848	6
183.7	20.1282	78.7465	5.1716	6
183.75	20.1282	79.1096	5.1851	6
183.8	20.1287	78.7214	5.1902	6
183.85	20.1287	78.4209	5.1783	6
183.9	20.1276	78.4755	5.175	6
183.95	20.1268	78.7275	5.1842	6
184	20.127	78.4639	5.1988	6
184.05	20.1273	78.4262	5.1941	6
184.1	20.1269	78.9093	5.1907	6
184.15	20.1273	78.5069	5.2039	6
184.2	20.1272	78.8341	5.1862	6
184.25	20.1275	78.5407	5.1901	6
184.3	20.1274	78.8467	5.2131	6
184.35	20.1273	79.2622	5.203	6
184.4	20.1279	78.616	5.1904	6
184.45	20.128	78.5267	5.1782	6
184.5	20.1274	79.366	5.1711	6
184.55	20.1273	78.4138	5.1746	6
184.6	20.1263	78.3065	5.177	6
184.65	20.126	78.568	5.1666	6
184.7	20.1259	78.6983	5.1723	6
184.75	20.1259	78.6757	5.1793	6
184.8	20.1265	78.3456	5.185	6
184.85	20.1261	78.937	5.1805	6
184.9	20.1266	78.4607	5.1793	6
184.95	20.1268	78.5321	5.1708	6
185	20.1269	78.6059	5.1695	6
185.05	20.1269	78.7474	5.1593	6
185.1	20.1275	78.3581	5.1537	6
185.15	20.1277	78.1892	5.1652	6
185.2	20.1278	78.0239	5.1649	6
185.25	20.1269	78.025	5.1614	6
185.3	20.1263	77.5911	5.1684	6
185.35	20.1261	77.8644	5.1528	6
185.4	20.1263	77.7228	5.1551	6
185.45	20.1262	78.0048	5.1489	6
185.5	20.1264	78.0605	5.1563	6
185.55	20.1267	77.855	5.1523	6
185.6	20.1266	78.0874	5.13	6
185.65	20.1268	77.9005	5.1355	6
185.7	20.1267	77.9659	5.1471	6
185.75	20.127	77.7029	5.1273	6
185.8	20.1269	78.0534	5.1428	6
185.85	20.127	78.2173	5.1397	6
185.9	20.1275	77.8703	5.1407	6
185.95	20.1268	77.9958	5.1602	6
186	20.126	77.5829	5.1571	6
186.05	20.1257	77.8997	5.1731	6
186.1	20.126	77.8751	5.1776	6
186.15	20.1258	78.3452	5.1658	6
186.2	20.1265	77.8256	5.1531	6
186.25	20.1264	77.9481	5.1444	6
186.3	20.1262	78.4602	5.1575	6
186.35	20.1267	77.9921	5.1749	6
186.4	20.1269	77.8423	5.1632	6
186.45	20.1268	77.9619	5.151	6
186.5	20.1266	78.3093	5.153	6
186.55	20.1274	77.5452	5.1662	6
186.6	20.1269	78.3122	5.164	6
186.65	20.1274	77.9189	5.1552	6
186.7	20.1269	77.8957	5.1679	6
186.75	20.126	77.636	5.1829	6
186.8	20.1255	77.9542	5.1816	6
186.85	20.126	77.5858	5.1582	6
186.9	20.1256	78.2134	5.1607	6
186.95	20.1258	78.0791	5.1773	6
187	20.1256	78.1782	5.1715	6
187.05	20.1259	77.9731	5.1784	6
187.1	20.1258	78.4297	5.1762	6
187.15	20.126	78.5306	5.1803	6
187.2	20.1266	78.1554	5.2039	6
187.25	20.1267	78.2334	5.2105	6
187.3	20.1268	78.4922	5.1943	6
187.35	20.1269	78.4335	5.1855	6
187.4	20.1267	78.5587	5.1823	6
187.45	20.1266	78.3597	5.1836	6
187.5	20.1257	78.2678	5.1925	6
187.55	20.1254	78.0437	5.1999	6
187.6	20.1258	77.8216	5.2065	6
187.65	20.1256	78.3171	5.2154	6
187.7	20.1261	77.8963	5.2151	6
187.75	20.1261	77.7563	5.197	6
187.8	20.126	78.0208	5.1772	6
187.85	20.1263	77.9995	5.1696	6
187.9	20.1267	77.6299	5.1772	6
187.95	20.1265	77.8554	5.1977	6
188	20.1268	77.5907	5.2043	6
188.05	20.1269	77.7501	5.1994	6
188.1	20.1271	77.629	5.2163	6
188.15	20.1273	77.5493	5.2044	6
188.2	20.127	77.8835	5.2052	6
188.25	20.1268	77.222	5.1972	6
188.3	20.1258	77.2689	5.1929	6
188.35	20.1255	77.47	5.1976	6
188.4	20.1262	76.9562	5.1991	6
188.45	20.1257	77.7158	5.1975	6
188.5	20.1261	77.2803	5.1723	6
188.55	20.126	77.4795	5.1787	6
188.6	20.1259	77.8795	5.2108	6
188.65	20.1263	77.7404	5.1893	6
188.7	20.1267	77.4601	5.1886	6
188.75	20.1264	77.9622	5.1814	6
188.8	20.1264	78.0699	5.1834	6
188.85	20.1269	77.5676	5.1916	6
188.9	20.1269	77.5743	5.1873	6
188.95	20.1263	78.3589	5.1825	6
189	20.1262	77.4535	5.1888	6
189.05	20.1254	77.1284	5.1699	6
189.1	20.1248	77.8004	5.1683	6
189.15	20.125	77.5851	5.1817	6
189.2	20.1252	77.3917	5.1833	6
189.25	20.125	77.9126	5.1815	6
189.3	20.1252	77.8915	5.1826	6
189.35	20.1252	77.9052	5.1805	6
189.4	20.1252	77.931	5.1889	6
189.45	20.1255	77.7548	5.1984	6
189.5	20.1252	78.1612	5.1963	6
189.55	20.1257	77.8212	5.2063	6
189.6	20.1255	78.146	5.1955	6
189.65	20.1259	77.6564	5.1893	6
189.7	20.126	77.8873	5.1974	6
189.75	20.1258	78.1795	5.1835	6
189.8	20.1259	78.1321	5.1603	6
189.85	20.1262	77.7357	5.1559	6
189.9	20.1252	77.892	5.1533	6
189.95	20.1246	77.8431	5.1544	6
190	20.1246	77.95	5.1693	6
190.05	20.125	77.5511	5.1842	6
190.1	20.1243	78.297	5.1761	6
190.15	20.1246	78.068	5.1874	6
190.2	20.1252	77.7573	5.1767	6
190.25	20.125	78.1185	5.1677	6
190.3	20.1249	78.2353	5.1695	6
190.35	20.1253	77.6834	5.1753	6
190.4	20.1252	78.0221	5.1775	6
190.45	20.1255	77.7595	5.1745	6
190.5	20.1255	78.0431	5.1766	6
190.55	20.1261	77.4131	5.1741	6
190.6	20.1259	77.7286	5.1776	6
190.65	20.1258	77.8964	5.1682	6
190.7	20.1266	77.0601	5.1663	6
190.75	20.1263	77.5654	5.1756	6
190.8	20.1256	77.3277	5.186	6
190.85	20.125	76.8641	5.1854	6
190.9	20.1247	77.2072	5.1791	6
190.95	20.1249	77.3051	5.1685	6
191	20.1249	77.3689	5.1724	6
191.05	20.125	77.3996	5.1837	6
191.1	20.1253	77.3767	5.1744	6
191.15	20.1253	77.582	5.1716	6
191.2	20.1254	77.4693	5.1894	6
191.25	20.1253	77.7034	5.1924	6
191.3	20.1258	77.5555	5.1899	6
191.35	20.1257	77.7841	5.1795	6
191.4	20.1264	77.1291	5.1893	6
191.45	20.1261	77.645	5.1979	6
191.5	20.1262	77.5826	5.1912	6
191.55	20.1265	77.2298	5.1793	6
191.6	20.1261	77.627	5.1745	6
191.65	20.1254	77.6349	5.1803	6
191.7	20.125	76.8107	5.1746	6
191.75	20.1245	77.2557	5.1842	6
191.8	20.1245	77.3692	5.1857	6
191.85	20.1245	77.5027	5.1727	6
191.9	20.125	77.0555	5.182	6
191.95	20.125	77.0463	5.1891	6
192	20.1249	77.228	5.1708	6
192.05	20.1248	77.3891	5.1641	6
192.1	20.125	77.2493	5.1696	6
192.15	20.125	77.411	5.1853	6
192.2	20.1254	77.0508	5.1829	6
192.25	20.1252	77.5623	5.1798	6
192.3	20.1256	77.2515	5.1848	6
192.35	20.1254	77.3672	5.1728	6
192.4	20.1257	77.2157	5.1745	6
192.45	20.126	77.0947	5.1882	6
192.5	20.1259	77.4845	5.1723	6
192.55	20.1259	77.3541	5.1578	6
192.6	20.1251	76.861	5.1644	6
192.65	20.1241	76.9488	5.166	6
192.7	20.124	77.0579	5.1677	6
192.75	20.1242	77.0929	5.1829	6
192.8	20.1243	77.1867	5.182	6
192.85	20.1242	77.449	5.1744	6
192.9	20.1244	77.353	5.1706	6
192.95	20.1247	77.2726	5.1842	6
193	20.1245	77.5354	5.1864	6
193.05	20.1247	77.3856	5.1911	6
193.1	20.1246	77.575	5.1799	6
193.15	20.1249	77.3983	5.1726	6
193.2	20.125	77.4557	5.1874	6
193.25	20.1249	77.5666	5.1745	6
193.3	20.1248	77.6505	5.1846	6
193.35	20.125	77.6912	5.1979	6
193.4	20.1253	77.6403	5.2067	6
193.45	20.1255	77.6529	5.2088	6
193.5	20.1254	77.9477	5.192	6
193.55	20.1258	77.3091	5.1889	6
193.6	20.1246	77.3727	5.1861	6
193.65	20.124	77.2606	5.1939	6
193.7	20.1242	77.2094	5.2018	6
193.75	20.124	77.4129	5.1967	6
193.8	20.124	77.7167	5.2043	6
193.85	20.1244	77.4018	5.2008	6
193.9	20.1246	77.433	5.1925	6
193.95	20.1244	77.8059	5.2081	6
194	20.1243	77.7812	5.1995	6
194.05	20.1246	77.617	5.1799	6
194.1	20.1246	77.8374	5.186	6
194.15	20.1246	77.9134	5.2053	6
194.2	20.1248	77.6911	5.221	6
194.25	20.1246	78.045	5.2146	6
194.3	20.125	77.6982	5.2096	6
194.35	20.1246	78.1046	5.2051	6
194.4	20.1247	77.8316	5.1913	6
194.45	20.1249	77.8333	5.1845	6
194.5	20.1253	77.763	5.1793	6
194.55	20.1253	77.9666	5.1878	6
194.6	20.1254	77.8105	5.1979	6
194.65	20.1247	77.4569	5.1887	6
194.7	20.1239	77.3744	5.1861	6
194.75	20.1236	77.6416	5.1959	6
194.8	20.1241	77.1513	5.1944	6
194.85	20.1236	77.799	5.1819	6
194.9	20.124	77.4511	5.1828	6
194.95	20.1239	77.7245	5.1979	6
195	20.1244	77.2996	5.212	6
195.05	20.1242	77.8158	5.1918	6
195.1	20.1245	77.5336	5.1799	6
195.15	20.1245	77.5447	5.1732	6
195.2	20.1245	77.6244	5.1808	6
195.25	20.1248	77.3427	5.2029	6
195.3	20.125	77.2872	5.1988	6
195.35	20.1249	77.5398	5.1845	6
195.4	20.1252	77.3512	5.1812	6
195.45	20.1251	77.4878	5.1643	6
195.5	20.1255	77.2184	5.1741	6
195.55	20.1253	77.6578	5.1906	6
195.6	20.1257	77.1166	5.1995	6
195.65	20.1255	76.9792	5.1985	6
195.7	20.1244	76.9988	5.1867	6
195.75	20.1243	76.6725	5.1864	6
195.8	20.1243	76.844	5.1802	6
195.85	20.1243	76.9394	5.1694	6
195.9	20.1243	77.1043	5.1715	6
195.95	20.1244	76.8613	5.1844	6
196	20.1244	76.8591	5.1854	6
196.05	20.1245	76.9076	5.1649	6
196.1	20.1249	76.8356	5.1579	6
196.15	20.1252	76.619	5.178	6
196.2	20.125	76.7263	5.1853	6
196.25	20.125	76.8449	5.1847	6
196.3	20.1254	76.59	5.1857	6
196.35	20.1254	76.6901	5.1879	6
196.4	20.1252	77.0247	5.1857	6
196.45	20.1254	76.9234	5.1901	6
196.5	20.126	76.2478	5.1834	6
196.55	20.1254	76.9257	5.1839	6
196.6	20.1255	77.0149	5.1932	6
196.65	20.1255	76.4781	5.1899	6
196.7	20.1244	76.2606	5.191	6
196.75	20.1236	76.9097	5.2038	6
196.8	20.1243	76.1464	5.2098	6
196.85	20.1242	76.465	5.2037	6
196.9	20.124	76.8613	5.1845	6
196.95	20.1244	76.4188	5.173	6
197	20.1243	76.4821	5.1995	6
197.05	20.1242	76.5026	5.1969	6
197.1	20.1242	76.5852	5.184	6
197.15	20.1246	76.4236	5.1892	6
197.2	20.1245	76.6389	5.1994	6
197.25	20.1244	76.7505	5.2094	6
197.3	20.1249	76.213	5.2147	6
197.35	20.1247	76.6602	5.2161	6
197.4	20.1245	76.8148	5.2174	6
197.45	20.1248	76.5543	5.2263	6
197.5	20.1252	76.5132	5.2188	6
197.55	20.1253	76.4944	5.2187	6
197.6	20.1253	76.5629	5.2139	6
197.65	20.1253	76.5396	5.2048	6
197.7	20.1246	76.4727	5.1929	6
197.75	20.124	75.9502	5.1789	6
197.8	20.1237	76.0815	5.1754	6
197.85	20.1238	76.0332	5.1643	6
197.9	20.1234	76.5492	5.1747	6
197.95	20.1239	75.6538	5.188	6
198	20.1235	76.2839	5.1859	6
198.05	20.1236	76.3155	5.1858	6
198.1	20.1238	75.9857	5.1877	6
198.15	20.1238	76.1125	5.184	6
198.2	20.1238	76.4275	5.1774	6
198.25	20.1245	75.9394	5.1818	6
198.3	20.1243	76.2417	5.2007	6
198.35	20.1245	76.1228	5.1982	6
198.4	20.1246	76.1238	5.1987	6
198.45	20.1249	75.9495	5.1876	6
198.5	20.125	76.0591	5.1869	6
198.55	20.1253	75.8135	5.2038	6
198.6	20.1252	75.9924	5.2033	6
198.65	20.1256	75.4853	5.1934	6
198.7	20.1254	75.9035	5.198	6
198.75	20.1256	75.6158	5.1852	6
198.8	20.1249	75.2438	5.1833	6
198.85	20.1241	75.2613	5.1826	6
198.9	20.1239	75.5542	5.1801	6
198.95	20.1239	75.4254	5.1852	6
199	20.124	75.4338	5.1781	6
199.05	20.1239	75.7324	5.1944	6
199.1	20.1244	75.1965	5.197	6
199.15	20.1243	75.4233	5.1862	6
199.2	20.1246	75.1942	5.1917	6
199.25	20.1248	75.2846	5.1911	6
199.3	20.125	75.1872	5.1732	6
199.35	20.1248	75.4367	5.1654	6
199.4	20.1255	74.9344	5.174	6
199.45	20.1255	75.2983	5.1899	6
199.5	20.1257	74.939	5.1817	6
199.55	20.1254	75.4596	5.1869	6
199.6	20.1259	74.939	5.1852	6
199.65	20.1255	75.399	5.1685	6
199.7	20.1259	75.1789	5.1757	6
199.75	20.1255	75.1792	5.1842	6
199.8	20.1248	74.7891	5.1778	6
199.85	20.1241	74.975	5.1709	6
199.9	20.1241	74.9559	5.1713	6
199.95	20.1243	74.9197	5.1787	6
200	20.1242	75.2456	5.1757	6
200.05	20.1245	75.1598	5.1837	6
200.1	20.1247	75.149	5.1907	6
200.15	20.1246	75.3336	5.2033	6
200.2	20.1248	75.1812	5.2139	6
200.25	20.1249	75.2251	5.2072	6
200.3	20.1249	75.2659	5.2255	6
200.35	20.125	75.3121	5.24	6
200.4	20.125	75.3979	5.22	6
200.45	20.125	75.3177	5.2001	6
200.5	20.1247	75.5778	5.1883	6
200.55	20.1253	75.0397	5.1955	6
200.6	20.1251	75.4671	5.2045	6
200.65	20.1249	75.7189	5.2036	6
200.7	20.1253	75.4723	5.2054	6
200.75	20.1253	75.0684	5.1981	6
200.8	20.124	75.1396	5.1921	6
200.85	20.1234	75.0743	5.1963	6
200.9	20.1237	74.6604	5.1816	6
200.95	20.1232	75.2566	5.1787	6
201	20.1233	75.3338	5.193	6
201.05	20.1237	74.9318	5.1822	6
201.1	20.1238	74.9074	5.1737	6
201.15	20.1238	75.1207	5.1798	6
201.2	20.1238	75.4497	5.1822	6
201.25	20.1243	74.8415	5.1833	6
201.3	20.1242	74.922	5.1906	6
201.35	20.1241	75.1283	5.1872	6
201.4	20.1242	75.1859	5.1864	6
201.45	20.1242	74.9083	5.1898	6
201.5	20.1243	75.0059	5.1951	6
201.55	20.1245	75.113	5.1952	6
201.6	20.1249	74.6116	5.1955	6
201.65	20.1247	74.9384	5.1892	6
201.7	20.1245	75.1944	5.1771	6
201.75	20.1248	74.7927	5.1751	6
201.8	20.1247	74.8052	5.1721	6
201.85	20.1248	74.9582	5.1916	6
201.9	20.1248	74.923	5.196	6
201.95	20.1245	74.0641	5.1836	6
202	20.1233	74.6863	5.1799	6
202.05	20.1238	74.3421	5.1676	6
202.1	20.1242	74.0534	5.1717	6
202.15	20.1238	74.5422	5.1772	6
202.2	20.1238	74.5778	5.1854	6
202.25	20.1241	74.2468	5.1941	6
202.3	20.1243	74.2677	5.1707	6
202.35	20.124	74.9065	5.164	6
202.4	20.1245	74.1517	5.1816	6
202.45	20.1242	74.4246	5.1821	6
202.5	20.1242	74.6931	5.1879	6
202.55	20.1245	74.5392	5.1697	6
202.6	20.1247	74.1529	5.1647	6
202.65	20.1244	74.7506	5.1591	6
202.7	20.1248	74.3812	5.1578	6
202.75	20.125	74.298	5.1766	6
202.8	20.1249	74.5618	5.1845	6
202.85	20.1249	74.7258	5.1708	6
202.9	20.1253	74.1465	5.1682	6
202.95	20.1251	74.3412	5.1859	6
203	20.1247	74.741	5.1857	6
203.05	20.1244	73.8902	5.1769	6
203.1	20.124	73.644	5.1723	6
203.15	20.1235	74.4178	5.1719	6
203.2	20.1237	74.3535	5.1694	6
203.25	20.1241	74.0582	5.1871	6
203.3	20.1239	74.4419	5.2061	6
203.35	20.1243	74.1967	5.1875	6
203.4	20.1242	74.4494	5.184	6
203.45	20.1245	74.1629	5.1831	6
203.5	20.1246	74.1224	5.1859	6
203.55	20.1247	74.1141	5.182	6
203.6	20.1249	73.8661	5.1718	6
203.65	20.1247	74.2664	5.178	6
203.7	20.1252	73.9318	5.1808	6
203.75	20.1251	74.2223	5.1752	6
203.8	20.1253	73.9127	5.1601	6
203.85	20.1254	73.9208	5.1667	6
203.9	20.1253	74.0912	5.182	6
203.95	20.1255	73.9289	5.184	6
204	20.1258	73.762	5.1854	6
204.05	20.125	73.8484	5.1937	6
204.1	20.1243	73.5372	5.1998	6
204.15	20.1243	73.6531	5.1995	6
204.2	20.1246	73.6666	5.1957	6
204.25	20.1244	74.0581	5.1876	6
204.3	20.1244	73.8308	5.1764	6
204.35	20.1242	73.9495	5.1699	6
204.4	20.1243	73.9355	5.1772	6
204.45	20.1245	73.9558	5.1842	6
204.5	20.1246	73.9935	5.1704	6
204.55	20.1247	74.2139	5.1757	6
204.6	20.1249	73.973	5.1697	6
204.65	20.1247	74.264	5.1619	6
204.7	20.1245	74.4895	5.1576	6
204.75	20.1246	74.3429	5.1482	6
204.8	20.1247	74.2989	5.163	6
204.85	20.1245	74.6534	5.1576	6
204.9	20.1247	74.5426	5.1505	6
204.95	20.125	74.2727	5.1575	6
205	20.1245	74.861	5.1499	6
205.05	20.1247	74.5162	5.1574	6
205.1	20.1243	74.3706	5.1708	6
205.15	20.1236	73.8974	5.1633	6
205.2	20.1227	74.7188	5.1554	6
205.25	20.1229	74.5772	5.1595	6
205.3	20.1233	74.1118	5.1683	6
205.35	20.1232	74.4066	5.1644	6
205.4	20.1229	74.7943	5.1519	6
205.45	20.1231	74.4217	5.1552	6
205.5	20.1231	74.4307	5.1597	6
205.55	20.1235	74.1977	5.1753	6
205.6	20.123	74.8235	5.1622	6
205.65	20.1232	74.5937	5.1628	6
205.7	20.1233	74.7166	5.1658	6
205.75	20.1234	74.661	5.1581	6
205.8	20.1232	74.9118	5.1577	6
205.85	20.1235	74.72	5.1579	6
205.9	20.1237	74.5692	5.1494	6
205.95	20.1234	74.9472	5.1462	6
206	20.1238	74.6065	5.1491	6
206.05	20.1238	74.52	5.1564	6
206.1	20.1235	74.8969	5.15	6
206.15	20.1236	74.8504	5.1621	6
206.2	20.124	74.5035	5.188	6
206.25	20.1237	74.9372	5.1874	6
206.3	20.1242	74.4427	5.1697	6
206.35	20.1239	74.8836	5.1618	6
206.4	20.1244	74.3673	5.152	6
206.45	20.124	74.594	5.1588	6
206.5	20.1232	74.1553	5.1666	6
206.55	20.1227	74.1622	5.1716	6
206.6	20.1227	74.3626	5.1889	6
206.65	20.1229	74.2689	5.1893	6
206.7	20.1231	74.2735	5.1864	6
206.75	20.1229	74.6601	5.1807	6
206.8	20.1237	73.9647	5.1805	6
206.85	20.1231	74.6769	5.1621	6
206.9	20.1233	74.4104	5.1645	6
206.95	20.1232	74.4838	5.1703	6
207	20.1234	74.3574	5.172	6
207.05	20.123	74.8423	5.1649	6
207.1	20.1235	74.2948	5.1698	6
207.15	20.1236	74.3048	5.1862	6
207.2	20.1235	74.7051	5.1854	6
207.25	20.1236	74.6489	5.1827	6
207.3	20.1244	73.8781	5.194	6
207.35	20.1235	75.0302	5.1957	6
207.4	20.1237	74.7762	5.1894	6
207.45	20.1238	74.559	5.1729	6
207.5	20.1238	74.4664	5.1585	6
207.55	20.1234	75.1739	5.1571	6
207.6	20.124	74.4835	5.1666	6
207.65	20.1239	74.5392	5.1557	6
207.7	20.1237	75.0995	5.1464	6
207.75	20.1242	74.8075	5.1406	6
207.8	20.1242	74.4674	5.1309	6
207.85	20.123	74.6708	5.1349	6
207.9	20.1226	74.3834	5.1567	6
207.95	20.1224	74.6315	5.1737	6
208	20.1225	74.4041	5.17	6
208.05	20.1221	75.1477	5.1513	6
208.1	20.1224	74.7877	5.1382	6
208.15	20.1226	74.3755	5.1356	6
208.2	20.1219	75.5143	5.1421	6
208.25	20.1227	74.6193	5.1505	6
208.3	20.1228	74.4041	5.14	6
208.35	20.1223	75.2043	5.1416	6
208.4	20.1226	75.0351	5.1574	6
208.45	20.1231	74.4416	5.1634	6
208.5	20.1228	75.0429	5.1443	6
208.55	20.1228	75.1561	5.1402	6
208.6	20.1228	74.9476	5.1494	6
208.65	20.1225	75.1778	5.1625	6
208.7	20.1228	75.0697	5.1719	6
208.75	20.1229	75.1451	5.1597	6
208.8	20.1231	74.8383	5.1545	6
208.85	20.1227	75.4241	5.1696	6
208.9	20.123	75.2198	5.1712	6
208.95	20.1231	75.0285	5.1746	6
209	20.1229	75.3822	5.1848	6
209.05	20.1233	75.0184	5.1772	6
209.1	20.1232	75.1787	5.1678	6
209.15	20.1231	75.4313	5.177	6
209.2	20.1235	75.1213	5.17	6
209.25	20.1236	75.0378	5.166	6
209.3	20.1236	75.0709	5.1523	6
209.35	20.1238	75.0006	5.164	6
209.4	20.1238	75.1842	5.1678	6
209.45	20.1238	75.0161	5.1553	6
209.5	20.1229	74.7968	5.1519	6
209.55	20.1226	74.322	5.1574	6
209.6	20.1221	74.9878	5.1731	6
209.65	20.1224	74.7105	5.1757	6
209.7	20.1224	74.7496	5.1645	6
209.75	20.1223	74.8734	5.1593	6
209.8	20.1225	74.6195	5.1559	6
209.85	20.1225	74.6738	5.166	6
209.9	20.1224	75.0538	5.19	6
209.95	20.1228	74.7678	5.1675	6
210	20.1224	75.0516	5.1601	6
210.05	20.1228	74.5846	5.1627	6
210.1	20.1225	75.0936	5.1506	6
210.15	20.1225	75.103	5.149	6
210.2	20.1229	74.8042	5.1564	6
210.25	20.1228	75.2283	5.1641	6
210.3	20.1233	74.732	5.161	6
210.35	20.1232	75.064	5.178	6
210.4	20.1234	74.9852	5.1919	6
210.45	20.1233	75.0556	5.1794	6
210.5	20.1233	75.0185	5.1899	6
210.55	20.1234	74.8231	5.1907	6
210.6	20.1233	75.0806	5.1665	6
210.65	20.1233	75.3229	5.1721	6
210.7	20.1238	74.9406	5.159	6
210.75	20.1237	75.161	5.1618	6
210.8	20.1239	75.0763	5.1675	6
210.85	20.1237	75.2063	5.167	6
210.9	20.1238	75.0029	5.1757	6
210.95	20.1235	75.4373	5.1669	6
211	20.124	75.0233	5.1695	6
211.05	20.1234	75.0806	5.1602	6
211.1	20.1222	75.0207	5.1475	6
211.15	20.1219	75.0718	5.1578	6
211.2	20.1221	74.8449	5.168	6
211.25	20.122	75.0688	5.1678	6
211.3	20.1223	74.9256	5.1641	6
211.35	20.122	75.4183	5.1683	6
211.4	20.1224	74.9151	5.1752	6
211.45	20.1223	75.2741	5.173	6
211.5	20.1225	75.0531	5.1614	6
211.55	20.1223	75.2593	5.17	6
211.6	20.1227	74.894	5.1537	6
211.65	20.1224	75.3672	5.1372	6
211.7	20.1228	74.9379	5.1505	6
211.75	20.1224	75.1572	5.1509	6
211.8	20.1227	74.8986	5.1565	6
211.85	20.1226	75.3173	5.1553	6
211.9	20.1234	74.5569	5.1462	6
211.95	20.1233	74.7548	5.1358	6
212	20.1232	74.88	5.1379	6
212.05	20.1233	74.7584	5.1486	6
212.1	20.1235	74.5313	5.1458	6
212.15	20.1236	74.4939	5.1648	6
212.2	20.1236	74.6303	5.1717	6
212.25	20.1237	74.6312	5.149	6
212.3	20.1238	74.6221	5.1383	6
212.35	20.124	74.5829	5.1637	6
212.4	20.1241	74.5115	5.1435	6
212.45	20.1242	74.3319	5.1478	6
212.5	20.1237	74.9091	5.1662	6
212.55	20.1241	74.4775	5.1656	6
212.6	20.1241	74.5104	5.1584	6
212.65	20.1234	74.4076	5.1631	6
212.7	20.1226	74.4372	5.16	6
212.75	20.1227	74.1878	5.1496	6
212.8	20.1226	74.5422	5.1636	6
212.85	20.1228	74.4632	5.1854	6
212.9	20.1228	74.5596	5.1946	6
212.95	20.1227	74.7027	5.1867	6
213	20.1226	74.7927	5.1772	6
213.05	20.123	74.6972	5.1572	6
213.1	20.1233	74.6341	5.1522	6
213.15	20.1233	74.7616	5.1535	6
213.2	20.1232	74.8526	5.1652	6
213.25	20.1235	74.5812	5.1631	6
213.3	20.1235	74.9391	5.1597	6
213.35	20.1237	74.8298	5.1653	6
213.4	20.1235	74.8969	5.1592	6
213.45	20.1235	74.9077	5.1476	6
213.5	20.1233	75.1996	5.1475	6
213.55	20.1237	74.8124	5.1797	6
213.6	20.1235	75.1899	5.1913	6
213.65	20.1238	75.0419	5.1741	6
213.7	20.1238	75.0869	5.1669	6
213.75	20.1238	75.2115	5.1702	6
213.8	20.1237	75.2511	5.1754	6
213.85	20.1237	75.1608	5.1808	6
213.9	20.1237	75.2745	5.1595	6
213.95	20.1237	75.3812	5.1284	6
214	20.124	75.1464	5.1239	6
214.05	20.1236	74.8649	5.1318	6
214.1	20.1224	74.8076	5.1336	6
214.15	20.122	74.8387	5.1377	6
214.2	20.122	74.8609	5.1636	6
214.25	20.1219	75.0205	5.1677	6
214.3	20.1222	74.8794	5.1651	6
214.35	20.1222	74.9506	5.165	6
214.4	20.1221	75.0361	5.1699	6
214.45	20.1225	74.6141	5.1825	6
214.5	20.1222	75.1403	5.1896	6
214.55	20.1225	75.0171	5.1774	6
214.6	20.1225	75.1061	5.1666	6
214.65	20.1226	74.8565	5.171	6
214.7	20.1225	74.9896	5.1616	6
214.75	20.1227	74.844	5.1578	6
214.8	20.1226	75.0342	5.1587	6
214.85	20.123	74.7801	5.1551	6
214.9	20.1229	75.0944	5.1508	6
214.95	20.1229	74.9627	5.1432	6
215	20.1233	74.8348	5.1502	6
215.05	20.1234	74.9948	5.1603	6
215.1	20.1234	75.0336	5.1619	6
215.15	20.1237	74.9051	5.1627	6
215.2	20.1235	75.152	5.1535	6
215.25	20.1237	75.04	5.1619	6
215.3	20.1237	75.0422	5.1734	6
215.35	20.1237	75.0947	5.1649	6
215.4	20.1238	75.1955	5.1803	6
215.45	20.1239	75.4162	5.1918	6
215.5	20.1241	75.2717	5.1915	6
215.55	20.124	75.2338	5.1848	6
215.6	20.1237	75.5356	5.1857	6
215.65	20.1234	75.1752	5.1819	6
215.7	20.1228	74.6854	5.1727	6
215.75	20.122	75.2486	5.1837	6
215.8	20.1221	75.0897	5.1926	6
215.85	20.1224	74.9117	5.1935	6
215.9	20.1224	75.2126	5.2042	6
215.95	20.1223	75.3845	5.1884	6
216	20.1226	74.8551	5.1695	6
216.05	20.1223	75.0633	5.177	6
216.1	20.1222	75.3561	5.1754	6
216.15	20.1225	75.0875	5.1841	6
216.2	20.1225	75.115	5.1804	6
216.25	20.1225	75.2906	5.1776	6
216.3	20.1227	75.1792	5.1837	6
216.35	20.1227	75.1208	5.1836	6
216.4	20.1229	75.1429	5.1741	6
216.45	20.1227	75.4166	5.1743	6
216.5	20.1227	75.3325	5.1658	6
216.55	20.1227	75.3099	5.1569	6
216.6	20.1229	75.3707	5.1612	6
216.65	20.123	75.2794	5.1639	6
216.7	20.1228	75.3777	5.1536	6
216.75	20.1227	75.5561	5.1369	6
216.8	20.123	75.1433	5.1464	6
216.85	20.1228	75.5239	5.1497	6
216.9	20.1232	75.2388	5.1485	6
216.95	20.1228	75.6969	5.1492	6
217	20.1235	75.1473	5.1641	6
217.05	20.1232	75.6368	5.1703	6
217.1	20.1233	75.4531	5.1662	6
217.15	20.1231	75.6394	5.16	6
217.2	20.1234	75.4138	5.1511	6
217.25	20.1236	75.472	5.1548	6
217.3	20.1234	75.7404	5.1657	6
217.35	20.123	75.4598	5.1583	6
217.4	20.1219	75.2384	5.1639	6
217.45	20.1216	75.2676	5.1732	6
217.5	20.1214	75.4617	5.149	6
217.55	20.1215	75.4531	5.1388	6
217.6	20.1215	75.5576	5.1336	6
217.65	20.1215	75.8713	5.1357	6
217.7	20.1216	75.6928	5.1457	6
217.75	20.1214	75.8087	5.149	6
217.8	20.1214	75.7823	5.1569	6
217.85	20.1211	76.0072	5.1532	6
217.9	20.1214	75.7824	5.1491	6
217.95	20.1215	75.7666	5.1439	6
218	20.1212	76.0063	5.1186	6
218.05	20.1213	75.9016	5.1122	6
218.1	20.1214	75.9831	5.1223	6
218.15	20.1214	76.0913	5.1313	6
218.2	20.1213	76.298	5.1428	6
218.25	20.1219	75.8051	5.1564	6
218.3	20.1215	76.2383	5.1622	6
218.35	20.1216	76.1546	5.1689	6
218.4	20.1219	75.825	5.169	6
218.45	20.1218	76.0262	5.1653	6
218.5	20.1214	76.6055	5.1491	6
218.55	20.1221	75.8138	5.1473	6
218.6	20.1219	76.0763	5.1595	6
218.65	20.1218	76.4448	5.153	6
218.7	20.1221	75.9758	5.1666	6
218.75	20.1223	75.7865	5.1556	6
218.8	20.1218	76.5962	5.1531	6
218.85	20.1223	76.1311	5.1705	6
218.9	20.1222	76.0934	5.1626	6
218.95	20.1226	75.6943	5.1625	6
219	20.1219	76.7667	5.1501	6
219.05	20.1229	75.7072	5.1454	6
219.1	20.1228	75.9105	5.1565	6
219.15	20.1228	76.316	5.1438	6
219.2	20.1229	76.3256	5.1261	6
219.25	20.1232	75.7157	5.1247	6
219.3	20.1226	76.4187	5.1323	6
219.35	20.1227	76.2825	5.1485	6
219.4	20.1229	75.8728	5.1444	6
219.45	20.1227	76.1789	5.1361	6
219.5	20.1228	76.3797	5.1441	6
219.55	20.1229	76.2839	5.1681	6
219.6	20.1233	75.8266	5.1822	6
219.65	20.1224	76.7375	5.1645	6
219.7	20.1222	76.2464	5.1639	6
219.75	20.1216	76.0333	5.1602	6
219.8	20.1215	75.7962	5.1649	6
219.85	20.121	76.3195	5.1943	6
219.9	20.121	76.1587	5.1866	6
219.95	20.121	76.1372	5.191	6
220	20.1209	76.5783	5.1797	6
220.05	20.121	76.4918	5.1808	6
220.1	20.1212	76.3475	5.1961	6
220.15	20.1208	76.8622	5.1795	6
220.2	20.1209	76.713	5.1762	6
220.25	20.1213	76.4701	5.1787	6
220.3	20.1213	76.6403	5.1689	6
220.35	20.121	76.8399	5.18	6
220.4	20.1214	76.2176	5.1795	6
220.45	20.1208	76.9816	5.1833	6
220.5	20.121	77.0734	5.1909	6
220.55	20.1214	76.777	5.1832	6
220.6	20.1213	76.9796	5.1736	6
220.65	20.1212	77.0598	5.1713	6
220.7	20.1213	76.7855	5.1729	6
220.75	20.1213	76.9737	5.1929	6
220.8	20.1213	77.1887	5.185	6
220.85	20.1213	77.2098	5.1818	6
220.9	20.1212	77.2265	5.1649	6
220.95	20.1216	76.905	5.1587	6
221	20.1216	77.0702	5.1775	6
221.05	20.1213	77.4138	5.1681	6
221.1	20.1216	76.9137	5.1785	6
221.15	20.1216	76.8362	5.1742	6
221.2	20.1213	77.2115	5.1725	6
221.25	20.121	77.7331	5.1699	6
221.3	20.122	76.5611	5.1757	6
221.35	20.1212	77.5368	5.1854	6
221.4	20.1215	77.3399	5.1758	6
221.45	20.1219	76.711	5.1745	6
221.5	20.1224	76.2896	5.1945	6
221.55	20.1215	77.744	5.1996	6
221.6	20.1218	77.389	5.1976	6
221.65	20.1222	76.8889	5.1925	6
221.7	20.122	77.3784	5.1759	6
221.75	20.1218	77.7607	5.1758	6
221.8	20.1222	77.1081	5.1695	6
221.85	20.1224	76.8374	5.1792	6
221.9	20.122	77.6712	5.189	6
221.95	20.1219	77.8683	5.1773	6
222	20.1226	76.8948	5.1731	6
222.05	20.1222	77.2761	5.1731	6
222.1	20.1218	77.906	5.1819	6
222.15	20.1221	77.5899	5.1753	6
222.2	20.1224	77.2434	5.174	6
222.25	20.1226	77.2191	5.1793	6
222.3	20.1222	77.8069	5.1569	6
222.35	20.1224	77.6272	5.1475	6
222.4	20.1227	77.1499	5.1655	6
222.45	20.1222	77.9847	5.1609	6
222.5	20.1221	78.2312	5.1634	6
222.55	20.1226	77.2201	5.1709	6
222.6	20.121	77.647	5.1641	6
222.65	20.1204	78.2271	5.1802	6
222.7	20.1208	77.6154	5.1713	6
222.75	20.1202	77.6172	5.1676	6
222.8	20.1197	78.3784	5.1686	6
222.85	20.1202	78.0069	5.1522	6
222.9	20.1203	77.7611	5.1527	6
222.95	20.1199	78.2645	5.1597	6
223	20.1201	78.2506	5.156	6
223.05	20.1203	77.9524	5.1577	6
223.1	20.1202	78.2489	5.1576	6
223.15	20.1201	78.771	5.1642	6
223.2	20.1212	77.6124	5.1777	6
223.25	20.1205	78.3325	5.162	6
223.3	20.1202	78.6185	5.1571	6
223.35	20.1206	78.157	5.1596	6
223.4	20.1207	78.2999	5.1617	6
223.45	20.1207	78.3305	5.1645	6
223.5	20.1205	78.7262	5.1629	6
223.55	20.121	78.1992	5.1729	6
223.6	20.1209	78.4234	5.1613	6
223.65	20.1208	78.6187	5.1599	6
223.7	20.121	78.3812	5.1644	6
223.75	20.1213	78.1049	5.1535	6
223.8	20.1208	78.8096	5.1602	6
223.85	20.1209	78.567	5.1616	6
223.9	20.1209	78.4419	5.1557	6
223.95	20.1211	78.5677	5.1795	6
224	20.1211	78.5416	5.1717	6
224.05	20.1211	78.4047	5.1687	6
224.1	20.121	78.4164	5.1835	6
224.15	20.1212	78.4246	5.1826	6
224.2	20.1212	78.5395	5.1606	6
224.25	20.1213	78.3852	5.1603	6
224.3	20.1213	78.3818	5.1719	6
224.35	20.1212	78.5823	5.1734	6
224.4	20.1212	78.5742	5.1597	6
224.45	20.1213	78.456	5.1619	6
224.5	20.122	77.9506	5.1617	6
224.55	20.1214	78.6901	5.1681	6
224.6	20.1218	78.4242	5.1542	6
224.65	20.1217	78.5232	5.1472	6
224.7	20.1217	78.2508	5.1533	6
224.75	20.1216	78.7532	5.1478	6
224.8	20.1221	78.1928	5.1493	6
224.85	20.1222	78.1033	5.1489	6
224.9	20.1221	78.4015	5.1472	6
224.95	20.1223	78.2035	5.1539	6
225	20.1229	77.6043	5.1562	6
225.05	20.1222	78.6187	5.1623	6
225.1	20.123	77.9489	5.1689	6
225.15	20.1229	78.0392	5.1694	6
225.2	20.123	77.9774	5.172	6
225.25	20.1232	77.681	5.1638	6
225.3	20.1232	77.7779	5.1824	6
225.35	20.1237	77.2289	5.1759	6
225.4	20.1236	77.5247	5.1666	6
225.45	20.1237	77.7358	5.1622	6
225.5	20.1241	77.3114	5.1583	6
225.55	20.124	77.318	5.1737	6
225.6	20.124	77.4013	5.17	6
225.65	20.1236	77.0165	5.1753	6
225.7	20.1228	76.732	5.1888	6
225.75	20.1229	76.4865	5.1906	6
225.8	20.123	76.6757	5.1847	6
225.85	20.1229	76.9651	5.1844	6
225.9	20.1229	76.8369	5.1623	6
225.95	20.1228	76.9605	5.1558	6
226	20.1227	77.1103	5.1467	6
226.05	20.1231	76.76	5.1384	6
226.1	20.1229	77.0429	5.1575	6
226.15	20.1231	76.9375	5.161	6
226.2	20.1234	76.7837	5.1856	6
226.25	20.1233	77.0948	5.2063	6
226.3	20.1234	77.0114	5.2029	6
226.35	20.1233	77.0757	5.2064	6
226.4	20.1236	76.6059	5.1907	6
226.45	20.1228	77.444	5.1754	6
226.5	20.1234	76.9041	5.177	6
226.55	20.1233	77.1724	5.1888	6
226.6	20.1236	77.1108	5.1871	6
226.65	20.1235	77.3343	5.1743	6
226.7	20.1238	76.985	5.1801	6
226.75	20.1239	76.8752	5.186	6
226.8	20.1237	77.3427	5.1928	6
226.85	20.124	76.8754	5.2007	6
226.9	20.1239	76.9558	5.2028	6
226.95	20.1236	77.3898	5.1993	6
227	20.1239	77.0619	5.1995	6
227.05	20.1238	77.1694	5.1968	6
227.1	20.1234	76.8975	5.1913	6
227.15	20.1225	76.9613	5.1781	6
227.2	20.1223	76.8202	5.1887	6
227.25	20.1221	77.168	5.1755	6
227.3	20.1222	77.0488	5.1688	6
227.35	20.1222	77.0375	5.1778	6
227.4	20.1222	77.1871	5.1725	6
227.45	20.1223	77.0309	5.1625	6
227.5	20.1222	77.1972	5.1844	6
227.55	20.1223	77.176	5.1754	6
227.6	20.1223	77.2719	5.1764	6
227.65	20.1226	76.993	5.1782	6
227.7	20.1223	77.5732	5.1691	6
227.75	20.1228	76.9308	5.1783	6
227.8	20.1225	77.2305	5.1791	6
227.85	20.1226	77.3969	5.174	6
227.9	20.1228	77.243	5.1803	6
227.95	20.1231	76.9256	5.1639	6
228	20.123	77.0397	5.1613	6
228.05	20.123	77.1158	5.1571	6
228.1	20.1231	76.9606	5.1485	6
228.15	20.123	77.179	5.1529	6
228.2	20.1231	77.1612	5.1554	6
228.25	20.1234	76.8104	5.1699	6
228.3	20.123	77.0856	5.1648	6
228.35	20.1228	77.2725	5.1682	6
228.4	20.1231	76.9564	5.1815	6
228.45	20.1233	76.7675	5.1743	6
228.5	20.1229	77.423	5.1788	6
228.55	20.1232	77.2125	5.1824	6
228.6	20.1235	76.9985	5.1698	6
228.65	20.1231	77.412	5.1763	6
228.7	20.1233	77.2137	5.1735	6
228.75	20.1234	77.0532	5.1827	6
228.8	20.123	76.9522	5.1906	6
228.85	20.122	77.1235	5.1702	6
228.9	20.1218	76.7984	5.1638	6
228.95	20.1216	77.0539	5.1694	6
229	20.1215	77.2451	5.1838	6
229.05	20.1216	77.18	5.1902	6
229.1	20.1219	76.8911	5.1681	6
229.15	20.1218	77.0408	5.1707	6
229.2	20.1218	77.1527	5.1804	6
229.25	20.122	76.872	5.1778	6
229.3	20.122	77.0876	5.1751	6
229.35	20.122	77.1667	5.1625	6
229.4	20.122	77.0029	5.1589	6
229.45	20.1216	77.2566	5.1732	6
229.5	20.1218	77.1295	5.1895	6
229.55	20.1218	77.1427	5.1702	6
229.6	20.1222	76.9495	5.1502	6
229.65	20.1223	76.8386	5.1365	6
229.7	20.1222	77.0823	5.1415	6
229.75	20.1223	77.1116	5.1552	6
229.8	20.1225	76.7785	5.1696	6
229.85	20.1221	77.2291	5.1652	6
229.9	20.1222	77.1334	5.1637	6
229.95	20.1227	76.4983	5.1723	6
230	20.1222	77.4021	5.1779	6
230.05	20.1228	76.8099	5.1741	6
230.1	20.1225	77.0045	5.1563	6
230.15	20.1227	76.9222	5.1568	6
230.2	20.1225	77.374	5.1639	6
230.25	20.1232	76.7614	5.1632	6
230.3	20.1228	77.0971	5.1691	6
230.35	20.1227	77.2811	5.1647	6
230.4	20.1231	76.9286	5.1477	6
230.45	20.123	76.9908	5.1432	6
230.5	20.1229	77.2622	5.1389	6
230.55	20.1231	76.9189	5.1337	6
230.6	20.1228	77.1381	5.1468	6
230.65	20.1231	76.8673	5.1612	6
230.7	20.1229	77.1563	5.17	6
230.75	20.1232	76.7965	5.1432	6
230.8	20.123	76.6889	5.1172	6
230.85	20.122	76.5373	5.13	6
230.9	20.1217	76.4226	5.1515	6
230.95	20.1217	76.4923	5.1603	6
231	20.1218	76.55	5.1634	6
231.05	20.1216	76.8829	5.1637	6
231.1	20.1218	76.8586	5.1629	6
231.15	20.1222	76.4723	5.1715	6
231.2	20.1218	76.7314	5.1705	6
231.25	20.1219	76.6535	5.1536	6
231.3	20.1223	76.4189	5.1467	6
231.35	20.1221	76.7318	5.1576	6
231.4	20.1225	76.3795	5.1754	6
231.45	20.1223	76.8729	5.177	6
231.5	20.1224	76.4989	5.1694	6
231.55	20.1223	76.5699	5.1714	6
231.6	20.1222	76.8015	5.1853	6
231.65	20.1223	76.6691	5.186	6
231.7	20.1226	76.3594	5.1645	6
231.75	20.1223	76.9032	5.1698	6
231.8	20.1226	76.7647	5.1761	6
231.85	20.1228	76.4838	5.171	6
231.9	20.1226	76.5954	5.1566	6
231.95	20.1224	76.8215	5.1505	6
232	20.1227	76.3939	5.158	6
232.05	20.1226	76.7176	5.1743	6
232.1	20.1229	76.7423	5.1637	6
232.15	20.1229	76.7818	5.1702	6
232.2	20.1231	76.5202	5.1787	6
232.25	20.123	76.6108	5.1718	6
232.3	20.1228	76.8633	5.1763	6
232.35	20.1229	76.8188	5.1794	6
232.4	20.1235	76.3291	5.1768	6
232.45	20.1228	77.1423	5.1741	6
232.5	20.1232	76.7242	5.171	6
232.55	20.1232	76.7991	5.1585	6
232.6	20.1233	76.974	5.1698	6
232.65	20.1232	76.745	5.1724	6
232.7	20.1224	76.7987	5.151	6
232.75	20.1221	76.4559	5.1497	6
232.8	20.1215	76.5421	5.1574	6
232.85	20.1214	76.7079	5.1694	6
232.9	20.1216	76.4673	5.1728	6
232.95	20.1217	76.4964	5.1648	6
233	20.1217	76.6274	5.155	6
233.05	20.1219	76.4127	5.1466	6
233.1	20.1214	76.9492	5.1555	6
233.15	20.122	76.1661	5.1508	6
233.2	20.1216	76.6291	5.1432	6
233.25	20.1215	76.8277	5.1639	6
233.3	20.1217	76.5459	5.1811	6
233.35	20.1216	76.7422	5.1817	6
233.4	20.1218	76.7301	5.1617	6
233.45	20.1224	76.2621	5.1343	6
233.5	20.1217	77.0202	5.1322	6
233.55	20.122	76.5661	5.1433	6
233.6	20.1221	76.3362	5.1572	6
233.65	20.1221	76.4867	5.1598	6
233.7	20.1219	76.9411	5.1647	6
233.75	20.1222	76.4654	5.1779	6
233.8	20.1221	76.6708	5.1769	6
233.85	20.1221	76.8192	5.1835	6
233.9	20.1225	76.4624	5.1647	6
233.95	20.1226	76.2783	5.1451	6
234	20.1223	76.6927	5.1351	6
234.05	20.1228	76.3786	5.1486	6
234.1	20.123	76.235	5.1614	6
234.15	20.1231	76.2176	5.1588	6
234.2	20.1233	76.3507	5.1711	6
234.25	20.1235	76.3039	5.18	6
234.3	20.1238	75.9173	5.1834	6
234.35	20.1233	76.4424	5.1869	6
234.4	20.1239	75.7466	5.1802	6
234.45	20.1236	76.1371	5.1679	6
234.5	20.1233	76.4728	5.1459	6
234.55	20.1237	76.0605	5.1492	6
234.6	20.1238	76.0721	5.1484	6
234.65	20.1233	76.1639	5.1578	6
234.7	20.1226	75.5287	5.1565	6
234.75	20.1222	75.3779	5.1593	6
234.8	20.1217	75.8865	5.1526	6
234.85	20.122	75.8833	5.1551	6
234.9	20.1221	75.8233	5.1605	6
234.95	20.122	75.8906	5.1583	6
235	20.122	76.0965	5.1588	6
235.05	20.1222	75.792	5.148	6
235.1	20.1219	76.1074	5.1511	6
235.15	20.122	75.9883	5.1593	6
235.2	20.1221	75.9902	5.1597	6
235.25	20.1222	76.1031	5.1586	6
235.3	20.1224	76.1514	5.1613	6
235.35	20.1226	75.9133	5.1633	6
235.4	20.1223	76.0574	5.1715	6
235.45	20.1223	76.0979	5.1733	6
235.5	20.1225	75.9799	5.1664	6
235.55	20.1227	75.8705	5.1587	6
235.6	20.1224	76.4261	5.1631	6
235.65	20.1229	75.8408	5.1676	6
235.7	20.1227	76.1042	5.1572	6
235.75	20.1228	76.2587	5.1502	6
235.8	20.123	75.9964	5.1604	6
235.85	20.1228	76.1414	5.1741	6
235.9	20.1229	76.0936	5.1814	6
235.95	20.1228	76.19	5.1882	6
236	20.1227	76.295	5.1729	6
236.05	20.123	76.0218	5.1757	6
236.1	20.123	76.1468	5.1777	6
236.15	20.1229	76.3544	5.1717	6
236.2	20.1231	76.1426	5.175	6
236.25	20.1232	76.2356	5.1648	6
236.3	20.1233	76.1441	5.1797	6
236.35	20.1233	76.1325	5.1754	6
236.4	20.1231	76.5461	5.1597	6
236.45	20.1234	76.3065	5.1544	6
236.5	20.1227	75.9283	5.1408	6
236.55	20.1215	76.16	5.1386	6
236.6	20.1214	76.1571	5.1531	6
236.65	20.1216	76.0317	5.1647	6
236.7	20.1212	76.3833	5.1586	6
236.75	20.1211	76.4081	5.1507	6
236.8	20.1215	76.3978	5.1632	6
236.85	20.1217	76.4094	5.1623	6
236.9	20.1219	76.1111	5.1591	6
236.95	20.1216	76.5456	5.1686	6
237	20.1219	76.2748	5.1832	6
237.05	20.122	76.2467	5.1688	6
237.1	20.1222	76.2672	5.1481	6
237.15	20.1222	76.2604	5.1407	6
237.2	20.1224	75.9138	5.1509	6
237.25	20.1227	75.739	5.1577	6
237.3	20.1223	76.2781	5.1611	6
237.35	20.1228	75.6322	5.1631	6
237.4	20.1227	75.5532	5.1532	6
237.45	20.1226	75.6542	5.1499	6
237.5	20.1225	75.8283	5.1548	6
237.55	20.1229	75.4774	5.1735	6
237.6	20.123	75.5287	5.1727	6
237.65	20.123	75.6818	5.161	6
237.7	20.1228	75.8113	5.1555	6
237.75	20.1233	75.1265	5.1511	6
237.8	20.123	75.4878	5.1567	6
237.85	20.1231	75.5642	5.1749	6
237.9	20.1233	75.37	5.1664	6
237.95	20.1234	75.2597	5.1758	6
238	20.1231	75.7285	5.1606	6
238.05	20.1234	75.4468	5.1457	6
238.1	20.1236	75.3732	5.1536	6
238.15	20.1237	75.4169	5.1588	6
238.2	20.1237	75.4921	5.1635	6
238.25	20.124	75.2651	5.1807	6
238.3	20.1236	75.544	5.1855	6
238.35	20.1231	74.9286	5.1757	6
238.4	20.1223	74.8239	5.1876	6
238.45	20.1221	74.8534	5.1958	6
238.5	20.1217	75.4422	5.1805	6
238.55	20.122	75.1618	5.1671	6
238.6	20.1221	75.0233	5.1698	6
238.65	20.1221	75.0292	5.1506	6
238.7	20.122	75.2261	5.1511	6
238.75	20.1219	75.3527	5.1571	6
238.8	20.1222	75.1717	5.1717	6
238.85	20.1223	75.2859	5.1846	6
238.9	20.1223	75.4464	5.1856	6
238.95	20.1224	75.2026	5.1687	6
239	20.1221	75.5962	5.1643	6
239.05	20.1226	75.0604	5.1677	6
239.1	20.1224	75.2742	5.1782	6
239.15	20.1224	75.3897	5.1647	6
239.2	20.1229	75.0382	5.1641	6
239.25	20.1225	75.6328	5.1727	6
239.3	20.1222	75.8698	5.1613	6
239.35	20.1231	74.7376	5.1525	6
239.4	20.1232	74.6526	5.1621	6
239.45	20.122	76.4036	5.1664	6
239.5	20.123	75.3343	5.1708	6
239.55	20.1238	74.1552	5.1693	6
239.6	20.1227	75.6686	5.1552	6
239.65	20.1224	76.3766	5.1505	6
239.7	20.124	74.0327	5.1689	6
239.75	20.1232	74.9917	5.1781	6
239.8	20.1224	76.2534	5.1594	6
239.85	20.1237	74.5464	5.1632	6
239.9	20.1234	74.7478	5.1784	6
239.95	20.123	75.6171	5.1748	6
240	20.1232	75.4342	5.1652	6
240.05	20.1237	74.6954	5.16	6
240.1	20.1233	75.4821	5.1486	6
240.15	20.1228	75.0511	5.1382	6
240.2	20.1223	74.2895	5.1426	6
240.25	20.1215	75.1538	5.1545	6
240.3	20.1213	75.5234	5.1551	6
240.35	20.122	74.7046	5.1598	6
240.4	20.1216	75.4571	5.1553	6
240.45	20.1219	75.4068	5.1505	6
240.5	20.1222	74.832	5.1687	6
240.55	20.1218	75.3184	5.1563	6
240.6	20.1217	75.7221	5.1381	6
240.65	20.1222	75.1587	5.1391	6
240.7	20.1219	75.4124	5.1321	6
240.75	20.1218	75.6452	5.1431	6
240.8	20.1219	75.5994	5.1488	6
240.85	20.1222	75.156	5.1379	6
240.9	20.1218	75.6152	5.1344	6
240.95	20.1218	75.6093	5.1367	6
241	20.1221	75.2789	5.1418	6
241.05	20.1218	75.7168	5.1432	6
241.1	20.1222	75.2516	5.134	6
241.15	20.1218	75.6829	5.1572	6
241.2	20.1221	75.5789	5.1694	6
241.25	20.1225	75.3338	5.17	6
241.3	20.1226	75.2048	5.1641	6
241.35	20.1221	75.9993	5.1673	6
241.4	20.1227	75.4437	5.1744	6
241.45	20.1227	75.449	5.1643	6
241.5	20.1226	75.7163	5.1554	6
241.55	20.1226	75.5952	5.1619	6
241.6	20.1225	75.4804	5.1568	6
241.65	20.1221	75.9711	5.1458	6
241.7	20.1224	75.7122	5.1314	6
241.75	20.1224	75.7384	5.1336	6
241.8	20.1226	75.6472	5.1563	6
241.85	20.1221	76.4127	5.1539	6
241.9	20.1226	75.8116	5.158	6
241.95	20.1224	75.9921	5.1723	6
242	20.1224	76.1525	5.1731	6
242.05	20.1227	75.9459	5.1747	6
242.1	20.1226	76.0138	5.1533	6
242.15	20.1223	76.3585	5.16	6
242.2	20.1226	75.9447	5.1602	6
242.25	20.1225	75.4973	5.1651	6
242.3	20.1217	75.9538	5.1625	6
242.35	20.1215	75.4747	5.1507	6
242.4	20.1211	75.304	5.1471	6
242.45	20.1212	75.0697	5.1593	6
242.5	20.1208	75.6066	5.169	6
242.55	20.1211	75.2141	5.1648	6
242.6	20.1211	75.3636	5.1569	6
242.65	20.1213	75.3283	5.1526	6
242.7	20.1211	75.6132	5.1481	6
242.75	20.1218	74.9098	5.1595	6
242.8	20.1213	75.5247	5.1679	6
242.85	20.1214	75.456	5.1581	6
242.9	20.1216	75.2088	5.1543	6
242.95	20.1217	75.2382	5.1514	6
243	20.1218	75.4836	5.1495	6
243.05	20.1216	75.5365	5.1746	6
243.1	20.122	75.0765	5.1816	6
243.15	20.1218	75.3391	5.1852	6
243.2	20.1218	75.3261	5.1702	6
243.25	20.1221	74.9644	5.1571	6
243.3	20.1222	75.1015	5.1725	6
243.35	20.1223	75.2425	5.1694	6
243.4	20.1225	75.0242	5.1623	6
243.45	20.1227	74.989	5.1769	6
243.5	20.1226	75.2321	5.1876	6
243.55	20.1227	75.1606	5.1791	6
243.6	20.1229	74.8359	5.1697	6
243.65	20.1227	75.143	5.1587	6
243.7	20.1229	74.7783	5.1555	6
243.75	20.1227	75.1632	5.1483	6
243.8	20.1232	74.792	5.1373	6
243.85	20.1231	75.1565	5.1305	6
243.9	20.1232	75.1475	5.1285	6
243.95	20.1232	74.9827	5.1629	6
244	20.1233	74.7091	5.1702	6
244.05	20.1229	75.1342	5.1555	6
244.1	20.1231	74.9447	5.1631	6
244.15	20.1233	74.8299	5.1604	6
244.2	20.1234	74.8817	5.1552	6
244.25	20.1232	75.122	5.1581	6
244.3	20.1236	74.7516	5.1758	6
244.35	20.1235	74.7259	5.1877	6
244.4	20.1229	74.3049	5.179	6
244.45	20.1218	74.6913	5.1709	6
244.5	20.1222	74.0775	5.1695	6
244.55	20.1219	74.5003	5.1728	6
244.6	20.1218	74.7849	5.1838	6
244.65	20.122	74.6376	5.1881	6
244.7	20.1224	74.3731	5.1819	6
244.75	20.1218	75.0473	5.1725	6
244.8	20.1222	74.4596	5.172	6
244.85	20.1222	74.6008	5.1674	6
244.9	20.1222	74.6504	5.1499	6
244.95	20.1222	74.7826	5.1524	6
245	20.1225	74.5798	5.1696	6
245.05	20.1225	74.8334	5.1845	6
245.1	20.1228	74.6126	5.1743	6
245.15	20.1227	74.5855	5.1652	6
245.2	20.1227	74.6883	5.161	6
245.25	20.1228	74.8031	5.1643	6
245.3	20.1228	74.8039	5.1853	6
245.35	20.1229	74.5669	5.2043	6
245.4	20.1225	75.1278	5.1964	6
245.45	20.1231	74.4667	5.1822	6
245.5	20.1226	74.9921	5.1832	6
245.55	20.1229	74.7967	5.2063	6
245.6	20.1229	74.8118	5.2013	6
245.65	20.1228	74.8097	5.1874	6
245.7	20.1228	74.8972	5.204	6
245.75	20.1232	74.6278	5.2076	6
245.8	20.123	74.9768	5.2043	6
245.85	20.1231	74.818	5.1929	6
245.9	20.1229	74.9232	5.1818	6
245.95	20.123	74.7334	5.1733	6
246	20.1228	75.1066	5.1805	6
246.05	20.1232	74.7931	5.1812	6
246.1	20.1234	74.8687	5.1946	6
246.15	20.1234	74.7627	5.1978	6
246.2	20.1223	74.5316	5.1862	6
246.25	20.1218	74.2608	5.1902	6
246.3	20.1214	74.7737	5.2013	6
246.35	20.1217	74.6718	5.2211	6
246.4	20.1213	75.0645	5.226	6
246.45	20.1216	74.617	5.2113	6
246.5	20.1214	74.855	5.2092	6
246.55	20.1215	74.7592	5.2141	6
246.6	20.1216	74.5602	5.205	6
246.65	20.1216	74.6253	5.201	6
246.7	20.1215	74.8422	5.2052	6
246.75	20.1217	74.6005	5.2014	6
246.8	20.122	74.2208	5.1853	6
246.85	20.122	74.3656	5.1934	6
246.9	20.1219	74.6335	5.2003	6
246.95	20.1223	74.0458	5.184	6
247	20.1222	74.4886	5.1684	6
247.05	20.1225	74.3056	5.1624	6
247.1	20.1227	74.0767	5.1774	6
247.15	20.1227	74.2569	5.1764	6
247.2	20.1226	74.3528	5.1737	6
247.25	20.1228	74.2917	5.1879	6
247.3	20.123	74.0496	5.1823	6
247.35	20.1229	74.4609	5.1752	6
247.4	20.1231	74.3195	5.1713	6
247.45	20.1233	74.1116	5.1792	6
247.5	20.123	74.4599	5.186	6
247.55	20.1231	74.518	5.2028	6
247.6	20.1235	74.0302	5.2039	6
247.65	20.1233	74.2883	5.2023	6
247.7	20.1231	74.8603	5.1979	6
247.75	20.1236	74.2575	5.1832	6
247.8	20.1238	73.9685	5.1913	6
247.85	20.1232	74.8272	5.1873	6
247.9	20.1237	74.3091	5.1894	6
247.95	20.1237	74.1956	5.1969	6
248	20.1235	74.3903	5.1928	6
248.05	20.1233	74.2847	5.2025	6
248.1	20.1225	73.5489	5.2091	6
248.15	20.1215	74.0197	5.2121	6
248.2	20.1217	73.7387	5.2131	6
248.25	20.1218	73.5948	5.2112	6
248.3	20.1217	74.0809	5.2135	6
248.35	20.122	73.9144	5.201	6
248.4	20.1221	73.588	5.1988	6
248.45	20.1218	74.0301	5.2155	6
248.5	20.1219	74.0142	5.2154	6
248.55	20.1222	73.4426	5.2029	6
248.6	20.1222	73.4493	5.1907	6
248.65	20.1221	73.9342	5.1966	6
248.7	20.123	73.1135	5.2021	6
248.75	20.1225	73.7556	5.2076	6
248.8	20.1224	73.9063	5.2103	6
248.85	20.1229	73.33	5.2003	6
248.9	20.1227	73.4508	5.2032	6
248.95	20.1225	73.9066	5.2048	6
249	20.1231	73.3148	5.2021	6
249.05	20.1227	73.748	5.2034	6
249.1	20.1227	73.8624	5.1875	6
249.15	20.1228	73.9789	5.1945	6
249.2	20.1235	73.2318	5.206	6
249.25	20.1231	73.8684	5.2008	6
249.3	20.1233	73.6763	5.1967	6
249.35	20.1233	73.5108	5.1986	6
249.4	20.1233	73.4087	5.2049	6
249.45	20.1233	73.3754	5.2047	6
249.5	20.1234	73.2235	5.1787	6
249.55	20.1233	73.364	5.1635	6
249.6	20.1232	73.3535	5.1707	6
249.65	20.1232	73.3746	5.1882	6
249.7	20.1239	73.0166	5.1928	6
249.75	20.1239	73.0976	5.1691	6
249.8	20.1233	72.8794	5.1815	6
249.85	20.1225	72.5437	5.2004	6
249.9	20.1222	72.5367	5.198	6
249.95	20.1219	72.879	5.1916	6
250	20.1219	72.9342	5.1944	6
250.05	20.1223	72.824	5.2014	6
250.1	20.1221	73.0651	5.1765	6
250.15	20.1221	72.9395	5.159	6
250.2	20.122	73.0967	5.1714	6
250.25	20.1223	72.7394	5.1824	6
250.3	20.1219	73.2763	5.1733	6
250.35	20.122	73.281	5.1646	6
250.4	20.1224	72.6975	5.1597	6
250.45	20.122	73.4125	5.1512	6
250.5	20.1222	73.454	5.1546	6
250.55	20.1231	72.2429	5.1584	6
250.6	20.1222	73.1329	5.1414	6
250.65	20.1226	72.7923	5.138	6
250.7	20.123	72.4194	5.1663	6
250.75	20.1225	72.923	5.1821	6
250.8	20.1228	72.9344	5.181	6
250.85	20.1233	72.5493	5.1858	6
250.9	20.1233	72.5852	5.1755	6
250.95	20.1231	72.984	5.1841	6
251	20.1234	72.6919	5.1863	6
251.05	20.1236	72.5614	5.1771	6
251.1	20.1236	72.7014	5.1753	6
251.15	20.1238	72.3758	5.1621	6
251.2	20.1237	72.2321	5.1563	6
251.25	20.1233	72.8566	5.15	6
251.3	20.124	72.126	5.149	6
251.35	20.1237	72.4909	5.1648	6
251.4	20.1237	72.513	5.1677	6
251.45	20.1237	72.4493	5.1632	6
251.5	20.1232	72.0323	5.1643	6
251.55	20.122	72.3071	5.1899	6
251.6	20.122	72.1836	5.1868	6
251.65	20.1219	72.4037	5.1609	6
251.7	20.1221	72.3877	5.1608	6
251.75	20.1219	72.6845	5.1585	6
251.8	20.1222	72.3734	5.1578	6
251.85	20.122	72.5755	5.1671	6
251.9	20.1222	72.4719	5.1554	6
251.95	20.122	72.7388	5.154	6
252	20.1221	72.6034	5.1566	6
252.05	20.1222	72.7775	5.155	6
252.1	20.1224	72.4909	5.1659	6
252.15	20.1222	72.7983	5.1901	6
252.2	20.1221	72.9685	5.2077	6
252.25	20.1224	72.5241	5.1926	6
252.3	20.1225	72.4749	5.1799	6
252.35	20.122	73.0976	5.1797	6
252.4	20.1225	72.4245	5.1747	6
252.45	20.1223	72.6529	5.1588	6
252.5	20.1221	72.9602	5.1712	6
252.55	20.1222	72.8111	5.1862	6
252.6	20.1222	72.7869	5.1794	6
252.65	20.1223	72.8424	5.1646	6
252.7	20.1224	72.601	5.1693	6
252.75	20.1221	73.2589	5.1854	6
252.8	20.1228	72.687	5.181	6
252.85	20.1228	72.7622	5.184	6
252.9	20.1227	72.7673	5.1818	6
252.95	20.1224	73.2344	5.1751	6
253	20.1227	72.8076	5.1752	6
253.05	20.1226	72.9967	5.1585	6
253.1	20.1228	72.9623	5.1549	6
253.15	20.1231	72.7723	5.1623	6
253.2	20.123	73.039	5.1739	6
253.25	20.123	73.1386	5.171	6
253.3	20.1231	72.8724	5.1716	6
253.35	20.1229	73.0309	5.1811	6
253.4	20.1228	73.2375	5.1805	6
253.45	20.1225	72.934	5.1557	6
253.5	20.1214	72.8673	5.1576	6
253.55	20.1211	72.7177	5.1755	6
253.6	20.1206	73.2651	5.1765	6
253.65	20.1209	73.0361	5.1838	6
253.7	20.1208	73.1378	5.1805	6
253.75	20.1211	72.8794	5.1805	6
253.8	20.1207	73.4058	5.1804	6
253.85	20.1209	73.1405	5.169	6
253.9	20.1208	73.3181	5.1645	6
253.95	20.121	73.2176	5.1437	6
254	20.1206	73.5083	5.1433	6
254.05	20.1208	73.0485	5.1449	6
254.1	20.1204	73.558	5.1481	6
254.15	20.1208	73.1446	5.1675	6
254.2	20.1204	73.7339	5.1628	6
254.25	20.121	73.0337	5.1488	6
254.3	20.1207	73.6023	5.1553	6
254.35	20.1206	73.7976	5.1622	6
254.4	20.1209	73.439	5.183	6
254.45	20.1212	73.1102	5.1771	6
254.5	20.1206	73.9946	5.1694	6
254.55	20.1217	72.7859	5.1606	6
254.6	20.1215	73.0979	5.1508	6
254.65	20.1214	73.2441	5.1679	6
254.7	20.1219	72.6328	5.1703	6
254.75	20.1218	72.6861	5.1574	6
254.8	20.1218	72.7325	5.153	6
254.85	20.1216	73.0039	5.1545	6
254.9	20.1217	73.0494	5.1613	6
254.95	20.1223	72.4279	5.1449	6
255	20.1215	73.2201	5.1403	6
255.05	20.1219	73.0647	5.1614	6
255.1	20.1234	71.5077	5.152	6
255.15	20.1224	72.5685	5.1583	6
255.2	20.1217	73.4547	5.1506	6
255.25	20.1224	72.3566	5.1353	6
255.3	20.1226	71.8521	5.1436	6
255.35	20.1223	72.5764	5.1657	6
255.4	20.1226	72.3998	5.1668	6
255.45	20.1228	72.0839	5.1589	6
255.5	20.1232	71.7405	5.157	6
255.55	20.1233	71.7152	5.1622	6
255.6	20.1232	71.8477	5.1704	6
255.65	20.1233	71.9942	5.1568	6
255.7	20.1238	71.5204	5.1455	6
255.75	20.1233	72.156	5.1466	6
255.8	20.1236	71.738	5.153	6
255.85	20.1235	71.6984	5.1623	6
255.9	20.1235	71.8232	5.1651	6
255.95	20.1237	71.7267	5.1821	6
256	20.1235	71.8401	5.1824	6
256.05	20.1228	71.1792	5.1796	6
256.1	20.1218	71.5164	5.1829	6
256.15	20.1217	71.8344	5.1864	6
256.2	20.1223	71.1047	5.1857	6
256.25	20.1218	71.6664	5.1723	6
256.3	20.122	71.5105	5.1655	6
256.35	20.1214	72.2578	5.1784	6
256.4	20.1218	71.5184	5.1677	6
256.45	20.1221	71.4893	5.1744	6
256.5	20.1221	71.9412	5.1744	6
256.55	20.1223	71.5581	5.1673	6
256.6	20.1221	71.8594	5.1813	6
256.65	20.1223	71.8033	5.1775	6
256.7	20.1223	71.8667	5.1607	6
256.75	20.1225	71.548	5.1637	6
256.8	20.1221	72.1653	5.174	6
256.85	20.1225	71.7494	5.185	6
256.9	20.1224	71.6799	5.1757	6
256.95	20.1221	72.1135	5.1782	6
257	20.1226	71.5936	5.1634	6
257.05	20.1227	71.6444	5.1597	6
257.1	20.1221	72.4549	5.1654	6
257.15	20.1228	71.6914	5.1555	6
257.2	20.1227	71.7326	5.1663	6
257.25	20.1223	72.3389	5.1795	6
257.3	20.1224	72.4676	5.1661	6
257.35	20.1228	71.727	5.1498	6
257.4	20.1223	72.2008	5.1576	6
257.45	20.122	72.7501	5.1581	6
257.5	20.1226	71.9131	5.1505	6
257.55	20.1224	72.1425	5.1466	6
257.6	20.122	72.9412	5.1476	6
257.65	20.1224	72.6474	5.1624	6
257.7	20.123	71.9368	5.1931	6
257.75	20.1222	73.1752	5.2132	6
257.8	20.1228	72.394	5.2211	6
257.85	20.1225	72.6163	5.195	6
257.9	20.1223	72.91	5.1767	6
257.95	20.1226	72.6903	5.1858	6
258	20.1228	72.3521	5.1858	6
258.05	20.1219	72.6081	5.1881	6
258.1	20.1214	72.6917	5.197	6
258.15	20.1213	71.9419	5.1839	6
258.2	20.1205	72.261	5.191	6
258.25	20.1204	72.6716	5.1863	6
258.3	20.121	71.898	5.1764	6
258.35	20.1204	72.3737	5.1756	6
258.4	20.1206	72.2664	5.18	6
258.45	20.121	71.8171	5.1743	6
258.5	20.1208	72.0228	5.1736	6
258.55	20.121	72.0281	5.1556	6
258.6	20.1209	72.1279	5.1359	6
258.65	20.1211	71.8518	5.1514	6
258.7	20.1207	72.4931	5.1727	6
258.75	20.121	71.993	5.165	6
258.8	20.1209	71.7837	5.1339	6
258.85	20.1209	72.0471	5.1295	6
258.9	20.1212	71.8837	5.1507	6
258.95	20.1213	71.8196	5.1523	6
259	20.121	72.0724	5.1466	6
259.05	20.1212	71.7373	5.1532	6
259.1	20.1213	71.7045	5.1623	6
259.15	20.1214	71.5888	5.1612	6
259.2	20.1211	72.2361	5.1551	6
259.25	20.1217	71.714	5.1673	6
259.3	20.122	71.4124	5.1726	6
259.35	20.1217	71.7604	5.1499	6
259.4	20.1213	72.1867	5.1444	6
259.45	20.1217	71.8127	5.1503	6
259.5	20.1219	71.8311	5.1563	6
259.55	20.1217	72.2305	5.1596	6
259.6	20.1222	71.5687	5.1672	6
259.65	20.1217	71.9321	5.1562	6
259.7	20.1216	72.2961	5.1442	6
259.75	20.122	71.9885	5.1504	6
259.8	20.1222	71.5808	5.1665	6
259.85	20.1215	72.3721	5.1671	6
259.9	20.1216	72.3445	5.1664	6
259.95	20.1219	71.9137	5.1629	6
260	20.1218	71.9928	5.1609	6
260.05	20.1217	72.181	5.1655	6
260.1	20.1219	71.9281	5.1721	6
260.15	20.1218	72.1868	5.1692	6
260.2	20.122	72.0728	5.1623	6
260.25	20.1218	72.3059	5.1713	6
260.3	20.1221	71.7663	5.1845	6
260.35	20.1215	72.61	5.1721	6
260.4	20.1221	72.2239	5.1641	6
260.45	20.122	72.2498	5.1711	6
260.5	20.1219	72.4627	5.179	6
260.55	20.1222	72.1947	5.1873	6
260.6	20.1223	71.9125	5.1984	6
260.65	20.1218	72.7022	5.1942	6
260.7	20.1222	72.3208	5.196	6
260.75	20.1216	72.6642	5.1939	6
260.8	20.1221	72.1788	5.1808	6
260.85	20.1219	72.5708	5.1628	6
260.9	20.1222	72.3238	5.17	6
260.95	20.1219	72.733	5.1954	6
261	20.1221	72.442	5.1869	6
261.05	20.122	72.2787	5.1786	6
261.1	20.1217	72.2586	5.1674	6
261.15	20.1209	72.4639	5.176	6
261.2	20.1212	71.75	5.1863	6
261.25	20.1206	72.3217	5.1898	6
261.3	20.1207	72.2648	5.2072	6
261.35	20.1204	72.4479	5.1957	6
261.4	20.1205	72.1689	5.1784	6
261.45	20.12	72.9276	5.172	6
261.5	20.1206	72.2011	5.1687	6
261.55	20.1206	72.1822	5.1768	6
261.6	20.1202	72.833	5.1831	6
261.65	20.1207	72.3823	5.1794	6
261.7	20.1209	72.1313	5.168	6
261.75	20.1204	72.9329	5.172	6
261.8	20.1211	72.1791	5.1814	6
261.85	20.1207	72.4421	5.1599	6
261.9	20.1209	72.1093	5.168	6
261.95	20.1203	72.8521	5.1661	6
262	20.1208	72.182	5.1689	6
262.05	20.1209	72.4681	5.187	6
262.1	20.121	72.6087	5.1835	6
262.15	20.1208	72.6171	5.175	6
262.2	20.121	72.1971	5.173	6
262.25	20.1208	72.6153	5.1727	6
262.3	20.1209	72.5179	5.1917	6
262.35	20.1211	72.3136	5.1919	6
262.4	20.1211	72.3613	5.1725	6
262.45	20.121	72.5396	5.1666	6
262.5	20.1213	72.25	5.1703	6
262.55	20.1212	72.337	5.1686	6
262.6	20.1211	72.5018	5.1762	6
262.65	20.1213	72.3865	5.1684	6
262.7	20.1213	72.4232	5.1693	6
262.75	20.1214	72.2405	5.1809	6
262.8	20.121	72.6287	5.1901	6
262.85	20.1211	72.3118	5.1817	6
262.9	20.1213	72.3833	5.1715	6
262.95	20.1214	72.3691	5.1668	6
263	20.1213	72.6437	5.1665	6
263.05	20.1216	72.1673	5.1842	6
263.1	20.1215	72.1606	5.18	6
263.15	20.1214	72.3472	5.1589	6
263.2	20.1214	72.5181	5.1656	6
263.25	20.122	71.6166	5.1614	6
263.3	20.1216	72.1727	5.1634	6
263.35	20.1215	72.5301	5.167	6
263.4	20.122	71.9649	5.164	6
263.45	20.122	71.975	5.1656	6
263.5	20.1216	72.4479	5.1575	6
263.55	20.1221	71.9763	5.1509	6
263.6	20.1221	72.0058	5.1553	6
263.65	20.1219	72.4687	5.1438	6
263.7	20.1223	72.1631	5.154	6
263.75	20.122	72.1817	5.1532	6
263.8	20.122	72.3045	5.1451	6
263.85	20.1222	72.3224	5.1472	6
263.9	20.1224	71.9915	5.1536	6
263.95	20.122	72.3836	5.1582	6
264	20.1222	72.2287	5.1491	6
264.05	20.1224	72.1184	5.1273	6
264.1	20.1223	72.3566	5.1425	6
264.15	20.1225	72.1827	5.1455	6
264.2	20.1227	72.0138	5.1522	6
264.25	20.1223	72.4564	5.1609	6
264.3	20.1225	72.2264	5.1456	6
264.35	20.1226	71.9495	5.1365	6
264.4	20.1225	72.1831	5.1469	6
264.45	20.1219	72.0708	5.1462	6
264.5	20.1213	71.396	5.1421	6
264.55	20.1205	72.0666	5.1341	6
264.6	20.1206	71.9565	5.1456	6
264.65	20.1208	71.7064	5.1396	6
264.7	20.1208	71.5607	5.1337	6
264.75	20.1205	71.9486	5.1306	6
264.8	20.1209	71.5099	5.1379	6
264.85	20.1207	71.8268	5.1491	6
264.9	20.1209	71.7076	5.135	6
264.95	20.1211	71.6019	5.1465	6
265	20.1212	71.5283	5.1545	6
265.05	20.121	72.0123	5.1602	6
265.1	20.1216	71.4967	5.1616	6
265.15	20.1216	71.469	5.1695	6
265.2	20.1212	72.0397	5.166	6
265.25	20.1214	71.7739	5.163	6
265.3	20.1216	71.6416	5.1502	6
265.35	20.1214	71.9379	5.1376	6
265.4	20.1219	71.2268	5.1379	6
265.45	20.1215	71.7706	5.1524	6
265.5	20.1214	71.9799	5.1685	6
265.55	20.1215	71.8595	5.1624	6
265.6	20.1219	71.2677	5.1585	6
265.65	20.1214	71.8319	5.1604	6
265.7	20.1217	71.8015	5.1686	6
265.75	20.122	71.3683	5.1651	6
265.8	20.1219	71.5065	5.1648	6
265.85	20.1216	72.257	5.1587	6
265.9	20.1221	71.5978	5.139	6
265.95	20.1218	71.7438	5.148	6
266	20.1214	72.2567	5.1691	6
266.05	20.1218	71.91	5.1653	6
266.1	20.1218	71.8403	5.1577	6
266.15	20.1214	72.35	5.1598	6
266.2	20.1219	72.0503	5.153	6
266.25	20.1222	71.6873	5.1524	6
266.3	20.1215	72.4075	5.1587	6
266.35	20.1216	72.4002	5.1494	6
266.4	20.1221	71.9433	5.1522	6
266.45	20.1219	72.1301	5.1646	6
266.5	20.1214	72.6983	5.1528	6
266.55	20.1218	72.1417	5.14	6
266.6	20.1217	72.1126	5.1385	6
266.65	20.1213	72.7551	5.1481	6
266.7	20.122	72.1661	5.1516	6
266.75	20.1217	72.4499	5.145	6
266.8	20.1214	72.7297	5.1372	6
266.85	20.1217	72.445	5.1588	6
266.9	20.1218	72.332	5.1616	6
266.95	20.1216	72.6763	5.1492	6
267	20.1216	72.8648	5.1503	6
267.05	20.1223	71.7988	5.1511	6
267.1	20.1218	72.3686	5.152	6
267.15	20.1217	72.8657	5.1508	6
267.2	20.1225	71.912	5.1531	6
267.25	20.1223	72.1261	5.1642	6
267.3	20.1214	73.1365	5.1749	6
267.35	20.1222	72.2055	5.178	6
267.4	20.1222	72.0438	5.1809	6
267.45	20.1213	72.4888	5.1892	6
267.5	20.1207	72.3003	5.1794	6
267.55	20.1207	71.4902	5.1627	6
267.6	20.12	72.2637	5.1627	7
267.65	20.1203	72.4099	5.184	7
267.7	20.1207	71.9528	5.2082	7
267.75	20.1206	72.1345	5.1868	7
267.8	20.1188	71.6632	5.1731	7
267.85	20.1078	67.0193	5.1781	7
267.9	20.0802	59.4743	5.1783	7
267.95	20.0359	50.1564	5.1689	7
268	19.974	40.4722	5.172	7
268.05	19.8939	31.4784	5.1756	8
268.1	19.7956	23.5369	5.1752	8
268.15	19.6784	17.2279	5.1841	8
268.2	19.5437	11.7002	5.1965	8
268.25	19.3904	6.7799	5.1938	8
268.3	19.2145	0.4377	5.1927	8
268.35	19.0185	-2.6266	5.1932	8
268.4	18.8179	-5.0106	5.1831	8
268.45	18.6159	-7.5173	5.1836	8
268.5	18.4108	-7.9524	5.192	8
268.55	18.2048	-8.9768	5.1961	8
268.6	17.9978	-9.9727	5.1871	8
268.65	17.7889	-9.6139	5.1754	8
268.7	17.5795	-10.384	5.1656	8
268.75	17.3683	-10.1559	5.1808	8
268.8	17.1567	-10.5186	5.1868	8
268.85	16.9428	-9.0316	5.1836	8
268.9	16.7296	-9.6337	5.1798	8
268.95	16.5144	-8.8712	5.1768	8
269	16.2979	-7.5261	5.173	8
269.05	16.082	-7.8409	5.1782	8
269.1	15.8643	-6.5871	5.1872	8
269.15	15.6457	-4.9685	5.1833	8
269.2	15.4279	-5.6577	5.1835	8
269.25	15.2076	-4.6582	5.1934	8
269.3	14.9867	-3.4595	5.1971	8
269.35	14.7667	-3.6257	5.1852	8
269.4	14.5456	-3.3816	5.1766	8
269.45	14.3227	-2.0893	5.1765	8
269.5	14.1007	-2.2506	5.173	8
269.55	13.879	-3.2735	5.1789	8
269.6	13.6548	-2.0213	5.1935	8
269.65	13.4304	-1.406	5.181	8
269.7	13.2074	-3.0302	5.1835	8
269.75	12.9827	-2.3594	5.1902	8
269.8	12.7566	-1.3689	5.1845	8
269.85	12.5314	-2.4693	5.1906	8
269.9	12.3051	-2.8119	5.1919	8
269.95	12.0768	-1.2255	5.194	8
270	11.8498	-1.9351	5.1939	8
270.05	11.6221	-2.45	5.1872	8
270.1	11.3924	-1.2441	5.181	8
270.15	11.1633	-1.45	5.1756	8
270.2	10.9342	-1.9282	5.1869	8
270.25	10.7041	-1.5395	5.1991	8
270.3	10.4735	-1.085	5.1995	8
270.35	10.2435	-1.9545	5.1862	8
270.4	10.0119	-1.3237	5.17	8
270.45	9.7808	-1.8012	5.1812	8
270.5	9.5486	-1.2093	5.1969	8
270.55	9.3172	-1.9164	5.1715	8
270.6	9.0844	-1.5513	5.1603	8
270.65	8.8512	-1.6871	5.1749	8
270.7	8.6178	-1.7078	5.1888	8
270.75	8.384	-1.7469	5.1925	8
270.8	8.15	-2.1437	5.1912	8
270.85	7.9151	-2.0782	5.1932	8
270.9	7.6796	-1.7889	5.2011	8
270.95	7.4444	-2.4237	5.2087	8
271	7.2081	-2.1051	5.1982	8
271.05	6.9718	-2.348	5.1796	8
271.1	6.7351	-2.4201	5.1678	8
271.15	6.4984	-2.327	5.162	8
271.2	6.2615	-2.5603	5.1604	8
271.25	6.0234	-2.2234	5.1685	8
271.3	5.786	-3.0152	5.165	8
271.35	5.5484	-2.7946	5.1736	8
271.4	5.3104	-2.3672	5.1775	8
271.45	5.0717	-2.798	5.1685	8
271.5	4.8324	-2.7259	5.1759	8
271.55	4.5932	-2.3564	5.1678	8
271.6	4.3546	-2.9114	5.1718	8
271.65	4.115	-2.9524	5.1662	8
271.7	3.874	-2.1683	5.1603	8
271.75	3.6375	-3.008	5.1547	8
271.8	3.4458	-2.6414	5.1448	8
271.85	3.3269	-2.3513	5.1501	8
271.9	3.2353	-2.2527	5.1517	8
271.95	3.1492	-2.0398	5.1546	8
272	3.0665	-2.1613	5.1571	8
272.05	2.9854	-1.9552	5.142	8
272.1	2.9055	-1.8583	5.1311	8
272.15	2.8269	-2.0807	5.1398	8
272.2	2.7489	-1.6064	5.1526	8
272.25	2.6716	-1.3456	5.1524	8
272.3	2.5954	-2.3556	5.1495	8
272.35	2.5179	-1.404	5.1591	8
272.4	2.4417	-1.399	5.1641	8
272.45	2.3663	-2.1698	5.1709	8
272.5	2.2896	-1.3956	5.174	8
272.55	2.2143	-1.7399	5.1571	8
272.6	2.139	-1.9949	5.1416	8
272.65	2.0633	-1.6935	5.1472	8
272.7	1.9878	-1.4114	5.1603	8
272.75	1.9126	-1.5549	5.1622	8
272.8	1.8378	-1.9615	5.1637	8
272.85	1.7621	-1.2296	5.1649	8
272.9	1.6874	-1.7733	5.1589	8
272.95	1.6121	-1.6003	5.1592	8
273	1.5369	-1.3726	5.1653	8
