Indentation

 + User defined profile

+ User defined profile
   Acquisition rate :	20.0 [Hz]
   Linear load 20.00  µN ; 100.00 µN/min
   Pause in load 2 s
   Linear load 0.00  µN ; 100.00 µN/min
   Pause in load 120 s
   Linear depth 20.00  µm ; 500.00 µm/min
   Pause in depth 120 s
   Linear depth 0.00  µm ; 1000.00 µm/min
+ TTX - UNHT Bio S/N: 1000136751 settings
   Fn contact : 25 µN
   Approach distance : 20 µm
   Approach speed : 100 µm/min
   Retract speed : 200 µm/min
   Retract time : 5 sec
   Dz sensor in large range
   Load in fine range
   FnRef in fine range
   FnRef contactload :500.000 µN
   Stiffness threshold : 1 µN/µm

   X Position :9871.84 µm
   Y Position :38593.87 µm
   Z Position :8244.54 µm

Date :6/9/2026
Time :4:59:36 PM

Analysis n # 1

   Method :	Hertz

Cycle # 1

 + Parameters

  Load Fit [10%,98%]

 + Main results

   EHz=	97.583 	kPa

 + Hypothesis


 + Additional results

   ErHz=	107.23 kPa
   h offset=	-0.07 µm
   R2=	0.99

Cycle # 2

 + Parameters

  Load Fit [10%,98%]

 + Main results

   EHz=	555.88 	kPa

 + Hypothesis


 + Additional results

   ErHz=	610.86 kPa
   h offset=	1.88 µm
   R2=	0.99

Analysis n # 2

   Method :	Oliver & Pharr

Cycle # 1

 + Parameters

  Unload Fit [40%,98%]

 + Main results

   HIT=	2.6441 	kPa
   EIT=	162.38 	kPa
   E*=	178.44 	kPa

 + Hypothesis

   !!! Indenter not calibrated !!!
   m out of O&P hypothesis
   Poisson's ratio(nu)=	0.30 

 + Additional results

   HVIT=	0.00026953 	 Vickers
   RIT -1/-1/-1=	-10.34 	%
   nIT=	56.05 %
   Fmax=	20.63 	µN
   hmax=	3.33 	µm
   S=	17.7871 	µN/µm
   F/S²=	0.0652 	µm²/µN
   hc=	2.49 	µm
   hr=	2.17 	µm
   hp=	-14.89 	µm
   m=	15.7105 
   Epsilon=	0.73 
   R2=	1.003
   Ap=	7804.03 	µm²
   Welast=	15.10 pJ
   Wplast=	11.84 pJ
   Wtotal=	26.94 pJ
   Er=	178.44 	kPa

Cycle # 2

 + Parameters

  Unload Fit [40%,98%]

 + Main results

   HIT=	25.707 	kPa
   EIT=	5870.9 	kPa
   E*=	6451.6 	kPa

 + Hypothesis

   !!! Indenter not calibrated !!!
   m out of O&P hypothesis
   Poisson's ratio(nu)=	0.30 

 + Additional results

   HVIT=	0.0026205 	 Vickers
   RIT -1/-1/-1=	-646.77 	%
   nIT=	6.21 %
   Fmax=	1556.23 	µN
   hmax=	20.29 	µm
   S=	1791.1267 	µN/µm
   F/S²=	0.0005 	µm²/µN
   hc=	19.66 	µm
   hr=	19.42 	µm
   hp=	-20.85 	µm
   m=	47.3500 
   Epsilon=	0.73 
   R2=	1.003
   Ap=	60537.59 	µm²
   Welast=	1126.32 pJ
   Wplast=	17019.26 pJ
   Wtotal=	18145.58 pJ
   Er=	6451.5 	kPa

Measured values
Time (s)	Pd (µm)	Fn (µN)	FnRef (µN)	SegmentID

0	0	0	5.1124	1
0.05	0.089	0.4613	5.1235	1
0.1	0.1781	0.7507	5.1162	1
0.15	0.2631	0.9859	5.0936	1
0.2	0.322	1.0952	5.1011	1
0.25	0.3498	1.3478	5.1058	1
0.3	0.3686	1.0722	5.1214	1
0.35	0.3862	0.9253	5.1333	1
0.4	0.4011	1.6571	5.1214	1
0.45	0.4149	1.0863	5.1071	1
0.5	0.428	1.3847	5.1027	1
0.55	0.4404	1.3248	5.1106	1
0.6	0.4515	1.5918	5.1057	1
0.65	0.4625	1.295	5.1029	1
0.7	0.4733	1.5385	5.101	1
0.75	0.4837	1.365	5.0934	1
0.8	0.4934	1.9484	5.0941	1
0.85	0.5029	1.4294	5.0928	1
0.9	0.5128	1.8126	5.0902	1
0.95	0.5209	2.081	5.0848	1
1	0.5297	1.716	5.0756	1
1.05	0.5389	1.7604	5.0759	1
1.1	0.5471	2.1516	5.0814	1
1.15	0.5556	1.8122	5.0878	1
1.2	0.5638	2.0323	5.0993	1
1.25	0.5718	2.1157	5.0882	1
1.3	0.5799	2.1302	5.0977	1
1.35	0.5881	2.1328	5.0946	1
1.4	0.5964	2.0573	5.093	1
1.45	0.6038	2.7028	5.1161	1
1.5	0.6114	1.8992	5.1091	1
1.55	0.6198	2.1621	5.106	1
1.6	0.6276	2.4901	5.1171	1
1.65	0.6355	2.2581	5.1171	1
1.7	0.6443	1.9849	5.1163	1
1.75	0.6529	2.4084	5.1042	1
1.8	0.6604	2.4958	5.1029	1
1.85	0.6695	1.9843	5.1228	1
1.9	0.6782	2.3097	5.1096	1
1.95	0.6865	2.5758	5.1028	1
2	0.6952	2.136	5.108	1
2.05	0.7048	2.0837	5.121	1
2.1	0.7137	2.8243	5.1486	1
2.15	0.7227	2.3188	5.1387	1
2.2	0.7318	2.4706	5.1152	1
2.25	0.7412	2.4696	5.1091	1
2.3	0.75	2.676	5.0976	1
2.35	0.759	2.5417	5.1097	1
2.4	0.769	2.3938	5.1088	1
2.45	0.7791	2.3985	5.1008	1
2.5	0.7888	2.6836	5.1006	1
2.55	0.799	2.3252	5.1027	1
2.6	0.8098	2.4159	5.1221	1
2.65	0.8194	2.9113	5.1306	1
2.7	0.8296	2.3936	5.1255	1
2.75	0.8413	2.2161	5.1395	1
2.8	0.8514	3.1415	5.1352	1
2.85	0.8613	2.648	5.1271	1
2.9	0.8728	2.2391	5.1123	1
2.95	0.8841	2.9811	5.1204	1
3	0.8944	2.9514	5.1175	1
3.05	0.9058	2.6992	5.1046	1
3.1	0.9168	2.8262	5.1184	1
3.15	0.9272	3.3559	5.1231	1
3.2	0.9378	3.0573	5.118	1
3.25	0.9498	2.7631	5.1072	1
3.3	0.961	3.517	5.1028	1
3.35	0.9717	3.2305	5.113	1
3.4	0.9832	3.2203	5.1029	1
3.45	0.995	3.1226	5.0938	1
3.5	1.0067	3.5353	5.0936	1
3.55	1.0181	3.4869	5.1096	1
3.6	1.03	3.1538	5.1126	1
3.65	1.0423	3.4439	5.1078	1
3.7	1.0535	4.0866	5.1095	1
3.75	1.0651	3.2957	5.1128	1
3.8	1.0772	3.7917	5.1087	1
3.85	1.0889	3.8557	5.1079	1
3.9	1.1005	3.9368	5.1225	1
3.95	1.1126	3.7803	5.1134	1
4	1.1253	3.9431	5.1221	1
4.05	1.1373	4.2967	5.1362	1
4.1	1.149	4.2236	5.1237	1
4.15	1.1612	4.0112	5.1102	1
4.2	1.1729	4.778	5.1009	1
4.25	1.1846	4.3145	5.0967	1
4.3	1.1974	4.3533	5.0832	1
4.35	1.2099	4.65	5.093	1
4.4	1.2215	4.7026	5.1181	1
4.45	1.2335	4.775	5.109	1
4.5	1.2461	4.5598	5.091	1
4.55	1.258	5.1592	5.0847	1
4.6	1.27	4.9596	5.0898	1
4.65	1.2825	4.9067	5.11	1
4.7	1.2951	5.3469	5.1012	1
4.75	1.3065	5.3375	5.0972	1
4.8	1.319	5.052	5.0989	1
4.85	1.3313	5.5278	5.1061	1
4.9	1.3432	5.4002	5.1139	1
4.95	1.356	5.3497	5.102	1
5	1.3684	5.5088	5.103	1
5.05	1.381	5.5111	5.0998	1
5.1	1.3939	5.8249	5.0825	1
5.15	1.4063	5.5626	5.0715	1
5.2	1.4197	5.6206	5.0766	1
5.25	1.4322	6.0567	5.0856	1
5.3	1.4446	5.955	5.1097	1
5.35	1.458	5.5333	5.1141	1
5.4	1.4713	6.14	5.101	1
5.45	1.4837	6.315	5.1109	1
5.5	1.4972	5.8058	5.1143	1
5.55	1.5108	6.1358	5.1127	1
5.6	1.5235	6.6748	5.1214	1
5.65	1.5357	6.3879	5.1283	1
5.7	1.55	5.8914	5.124	1
5.75	1.5626	6.8953	5.1235	1
5.8	1.5752	6.8392	5.1308	1
5.85	1.5888	6.0307	5.1166	1
5.9	1.6025	7.0581	5.0973	1
5.95	1.615	7.1123	5.091	1
6	1.6289	6.3941	5.0972	1
6.05	1.643	6.8394	5.1085	1
6.1	1.6555	7.5703	5.1025	1
6.15	1.6683	7.0476	5.1139	1
6.2	1.6829	6.6337	5.1253	1
6.25	1.6958	7.8438	5.1272	1
6.3	1.7088	7.1834	5.1095	1
6.35	1.7228	7.129	5.0837	1
6.4	1.7365	7.7174	5.0845	1
6.45	1.7492	7.6661	5.0988	1
6.5	1.763	7.3634	5.1138	1
6.55	1.7773	7.6835	5.1245	1
6.6	1.7903	7.9996	5.1169	1
6.65	1.804	7.9927	5.1227	1
6.7	1.8176	7.8032	5.1202	1
6.75	1.831	8.4292	5.1207	1
6.8	1.8444	8.0125	5.1309	1
6.85	1.8577	8.4457	5.1169	1
6.9	1.8709	8.443	5.1095	1
6.95	1.8848	8.1488	5.1002	1
7	1.8983	8.8712	5.1018	1
7.05	1.9118	8.5238	5.1161	1
7.1	1.9255	8.5819	5.1169	1
7.15	1.9392	8.8707	5.1062	1
7.2	1.9518	8.9332	5.1036	1
7.25	1.9654	8.876	5.1009	1
7.3	1.9792	9.1152	5.103	1
7.35	1.9922	9.3189	5.0912	1
7.4	2.0053	9.3333	5.0882	1
7.45	2.0187	9.0675	5.092	1
7.5	2.0322	9.7132	5.0923	1
7.55	2.0455	9.3378	5.0992	1
7.6	2.0588	9.5633	5.1061	1
7.65	2.0724	9.6745	5.0982	1
7.7	2.0855	10.0766	5.0914	1
7.75	2.0987	9.7301	5.0944	1
7.8	2.1124	9.822	5.0921	1
7.85	2.1251	10.4483	5.0919	1
7.9	2.138	10.2794	5.0912	1
7.95	2.1517	9.804	5.0922	1
8	2.1647	10.9057	5.0944	1
8.05	2.1772	10.4137	5.0966	1
8.1	2.1909	10.2596	5.092	1
8.15	2.2041	10.8248	5.0855	1
8.2	2.2168	10.9028	5.1025	1
8.25	2.2297	10.8454	5.1087	1
8.3	2.2425	11.0994	5.1022	1
8.35	2.2553	10.9575	5.1149	1
8.4	2.2681	11.3298	5.1096	1
8.45	2.2809	11.2191	5.0932	1
8.5	2.2937	11.3005	5.0781	1
8.55	2.3064	11.575	5.075	1
8.6	2.3187	11.4841	5.0888	1
8.65	2.332	11.4617	5.0859	1
8.7	2.3446	11.8214	5.1067	1
8.75	2.3566	12.1139	5.1142	1
8.8	2.3693	11.7461	5.106	1
8.85	2.3821	12.0712	5.1239	1
8.9	2.3943	12.4633	5.1185	1
8.95	2.4068	12.1356	5.1067	1
9	2.4191	12.512	5.0778	1
9.05	2.4311	12.5675	5.069	1
9.1	2.4428	12.6525	5.0813	1
9.15	2.4549	12.6535	5.0926	1
9.2	2.4668	12.9755	5.1047	1
9.25	2.4786	12.8816	5.1108	1
9.3	2.4907	13.2748	5.0906	1
9.35	2.5021	13.1761	5.0862	1
9.4	2.5139	13.348	5.0986	1
9.45	2.5253	13.4592	5.0983	1
9.5	2.5368	13.6438	5.093	1
9.55	2.5485	13.4334	5.0825	1
9.6	2.5602	13.6131	5.0921	1
9.65	2.5713	14.0437	5.0949	1
9.7	2.5832	13.4589	5.0831	1
9.75	2.5947	14.2964	5.0979	1
9.8	2.606	13.953	5.1003	1
9.85	2.6172	14.1396	5.0829	1
9.9	2.629	14.252	5.0813	1
9.95	2.6396	14.6734	5.1001	1
10	2.6514	13.9633	5.109	1
10.05	2.6623	14.8918	5.102	1
10.1	2.673	14.5123	5.0906	1
10.15	2.6842	14.8565	5.0818	1
10.2	2.6957	14.4529	5.0917	1
10.25	2.707	15.2366	5.1046	1
10.3	2.7172	15.1332	5.0956	1
10.35	2.7288	14.8657	5.0897	1
10.4	2.74	15.2453	5.1136	1
10.45	2.7504	15.6925	5.1092	1
10.5	2.7612	15.0448	5.0938	1
10.55	2.7722	15.6615	5.0966	1
10.6	2.7821	15.8134	5.09	1
10.65	2.7932	15.5384	5.0846	1
10.7	2.8044	15.8021	5.0765	1
10.75	2.8146	16.1143	5.098	1
10.8	2.8249	15.9857	5.0941	1
10.85	2.8358	15.8358	5.0827	1
10.9	2.8456	16.7134	5.0769	1
10.95	2.8558	16.3105	5.0675	1
11	2.8663	16.1961	5.0773	1
11.05	2.8762	16.9379	5.085	1
11.1	2.8853	16.8563	5.0924	1
11.15	2.8955	16.4828	5.0922	1
11.2	2.9057	17.2749	5.0826	1
11.25	2.9154	16.8171	5.0742	1
11.3	2.925	17.3583	5.0711	1
11.35	2.9348	17.2529	5.0796	1
11.4	2.9442	17.4989	5.0925	1
11.45	2.9539	17.4205	5.0972	1
11.5	2.9631	17.8461	5.0936	1
11.55	2.9725	17.6609	5.0835	1
11.6	2.9814	17.9689	5.0839	1
11.65	2.9907	17.8048	5.0963	1
11.7	2.9996	18.1119	5.0941	1
11.75	3.0088	18.1084	5.0986	1
11.8	3.0178	18.4481	5.0979	1
11.85	3.0273	18.0749	5.0815	1
11.9	3.0359	18.8465	5.0823	1
11.95	3.0449	18.4129	5.087	2
12	3.0536	18.7013	5.0758	2
12.05	3.0624	19.1042	5.0804	2
12.1	3.0703	19.1653	5.0811	2
12.15	3.0794	18.495	5.0868	2
12.2	3.0877	19.8189	5.1009	2
12.25	3.0946	19.2808	5.093	2
12.3	3.1031	19.0955	5.0944	2
12.35	3.1107	19.5601	5.0855	2
12.4	3.1175	19.8924	5.0785	2
12.45	3.1248	19.3443	5.0765	2
12.5	3.133	19.5205	5.0747	2
12.55	3.1391	20.3702	5.0796	2
12.6	3.1456	19.515	5.0924	2
12.65	3.1526	19.6198	5.0992	2
12.7	3.1587	20.3558	5.0904	2
12.75	3.1646	19.8724	5.0799	2
12.8	3.172	19.679	5.0987	2
12.85	3.1783	20.0294	5.0982	2
12.9	3.1832	20.5421	5.0943	2
12.95	3.1901	19.3336	5.102	2
13	3.1965	20.3721	5.0896	2
13.05	3.2015	20.4073	5.0961	2
13.1	3.2067	20.1067	5.0815	2
13.15	3.2129	19.9533	5.0892	2
13.2	3.2183	20.4754	5.0818	2
13.25	3.2233	20.175	5.0758	2
13.3	3.2293	20.0497	5.0834	2
13.35	3.2347	20.3596	5.0683	2
13.4	3.2397	20.5224	5.0692	2
13.45	3.2452	19.929	5.0832	2
13.5	3.2504	20.6616	5.0923	2
13.55	3.2546	20.5481	5.0783	2
13.6	3.2599	20.1079	5.0695	2
13.65	3.2647	20.6896	5.0764	2
13.7	3.2693	20.5768	5.0874	2
13.75	3.2738	20.4464	5.1006	2
13.8	3.2784	20.644	5.1153	2
13.85	3.2821	20.7625	5.1055	2
13.9	3.2865	20.548	5.085	2
13.95	3.2907	20.7624	5.0852	3
14	3.2949	20.6346	5.0966	3
14.05	3.299	20.7843	5.1065	3
14.1	3.3031	20.6339	5.1146	3
14.15	3.3069	21.1063	5.0984	3
14.2	3.3105	20.5183	5.0982	3
14.25	3.3138	21.1674	5.1098	3
14.3	3.3166	20.8817	5.1092	3
14.35	3.3197	20.9648	5.1039	3
14.4	3.3222	20.9541	5.1067	3
14.45	3.3244	21.1297	5.1092	3
14.5	3.3267	20.7021	5.0854	3
14.55	3.329	20.944	5.1063	3
14.6	3.3305	21.0579	5.1212	3
14.65	3.332	21.1346	5.0908	3
14.7	3.3336	20.8178	5.0756	3
14.75	3.3348	21.0431	5.0748	3
14.8	3.3355	21.1116	5.0652	3
14.85	3.3363	20.8597	5.0658	3
14.9	3.3368	21.0857	5.0732	3
14.95	3.3369	21.0035	5.0819	3
15	3.3369	20.9582	5.0818	3
15.05	3.3374	20.9049	5.0847	3
15.1	3.3371	20.8018	5.1101	3
15.15	3.3367	21.1006	5.1238	3
15.2	3.3362	20.6005	5.1274	3
15.25	3.3355	21.0041	5.1222	3
15.3	3.3344	20.9513	5.1213	3
15.35	3.3333	20.7129	5.1309	3
15.4	3.3325	20.7967	5.1249	3
15.45	3.3312	20.6469	5.105	3
15.5	3.3292	20.9145	5.0907	3
15.55	3.328	20.4073	5.0965	3
15.6	3.3264	20.683	5.1079	3
15.65	3.3245	20.693	5.1041	3
15.7	3.3223	20.5977	5.1028	3
15.75	3.3207	20.2304	5.1156	3
15.8	3.3181	20.7797	5.1171	3
15.85	3.3158	20.2146	5.1101	3
15.9	3.3139	20.3069	5.0909	3
15.95	3.3118	20.273	5.098	3
16	3.3089	20.5536	5.1	3
16.05	3.3069	19.7874	5.0986	3
16.1	3.3042	20.5098	5.0955	3
16.15	3.301	20.0316	5.0892	3
16.2	3.2984	19.9217	5.0824	3
16.25	3.2957	19.7768	5.0841	3
16.3	3.2927	20.3248	5.0902	3
16.35	3.2895	19.5812	5.0797	3
16.4	3.2867	19.9404	5.0777	3
16.45	3.2835	19.6768	5.0846	3
16.5	3.2795	20.0484	5.0874	3
16.55	3.2762	19.3391	5.0792	3
16.6	3.2733	19.5387	5.0998	3
16.65	3.2691	19.7099	5.0999	3
16.7	3.2658	19.2958	5.0817	3
16.75	3.262	19.3483	5.0784	3
16.8	3.2583	19.4727	5.0836	3
16.85	3.2547	19.1638	5.0893	3
16.9	3.2512	19.1716	5.0862	3
16.95	3.2472	19.1685	5.0813	3
17	3.2433	19.1392	5.0839	3
17.05	3.2392	19.1044	5.0978	3
17.1	3.2357	18.6216	5.0976	3
17.15	3.2316	18.8939	5.0917	3
17.2	3.2276	18.7031	5.1027	3
17.25	3.2236	18.7587	5.1112	3
17.3	3.2195	18.496	5.119	3
17.35	3.2155	18.559	5.1104	3
17.4	3.2114	18.3487	5.0999	3
17.45	3.2072	18.5949	5.0978	3
17.5	3.2029	18.1099	5.1016	3
17.55	3.1988	18.408	5.1037	3
17.6	3.1949	17.9703	5.1142	3
17.65	3.1907	18.2587	5.13	3
17.7	3.1863	17.982	5.1356	3
17.75	3.1819	18.0222	5.1277	3
17.8	3.1778	17.8185	5.1147	3
17.85	3.1732	17.9541	5.1071	3
17.9	3.1687	17.6824	5.1115	3
17.95	3.1639	17.7813	5.0979	3
18	3.1593	17.5441	5.0912	3
18.05	3.1546	17.8222	5.1003	3
18.1	3.1496	17.4829	5.0981	3
18.15	3.1447	17.6042	5.0827	3
18.2	3.14	17.1133	5.0787	3
18.25	3.135	17.5493	5.0868	3
18.3	3.1303	17.0459	5.0888	3
18.35	3.1251	17.2417	5.0748	3
18.4	3.12	17.0697	5.071	3
18.45	3.1153	17.0273	5.0708	3
18.5	3.1104	16.9001	5.0597	3
18.55	3.1052	17.1435	5.0603	3
18.6	3.0999	16.5527	5.0607	3
18.65	3.095	16.9696	5.0716	3
18.7	3.0895	16.4881	5.0701	3
18.75	3.0843	16.9086	5.0626	3
18.8	3.0792	16.1569	5.0788	3
18.85	3.0736	16.8934	5.076	3
18.9	3.0679	16.2236	5.0891	3
18.95	3.0633	16.2247	5.0939	3
19	3.0571	16.6905	5.0823	3
19.05	3.0522	15.5883	5.0746	3
19.1	3.0466	16.5768	5.0756	3
19.15	3.0409	15.7708	5.0589	3
19.2	3.0355	16.1009	5.0685	3
19.25	3.0302	15.6995	5.0772	3
19.3	3.0245	16.1216	5.071	3
19.35	3.0191	15.3379	5.0822	3
19.4	3.0137	15.8175	5.0834	3
19.45	3.0078	15.5119	5.0796	3
19.5	3.0025	15.4123	5.0671	3
19.55	2.9969	15.5748	5.0749	3
19.6	2.9911	15.2268	5.0707	3
19.65	2.9854	15.3492	5.0639	3
19.7	2.9795	15.2361	5.0718	3
19.75	2.9736	15.2114	5.0778	3
19.8	2.968	14.96	5.0802	3
19.85	2.9626	14.9656	5.0838	3
19.9	2.9568	14.9369	5.0925	3
19.95	2.9514	14.5593	5.0894	3
20	2.9459	14.5531	5.0819	3
20.05	2.94	14.6878	5.0831	3
20.1	2.9343	14.2709	5.0988	3
20.15	2.9288	14.6408	5.0937	3
20.2	2.9228	14.4866	5.0855	3
20.25	2.9174	13.9602	5.0811	3
20.3	2.9114	14.5037	5.0843	3
20.35	2.905	14.1858	5.0809	3
20.4	2.8989	14.2415	5.0756	3
20.45	2.8935	13.7871	5.0731	3
20.5	2.8872	14.316	5.0682	3
20.55	2.8813	13.6862	5.0575	3
20.6	2.8755	13.891	5.0711	3
20.65	2.8691	13.7884	5.0671	3
20.7	2.8629	13.803	5.0607	3
20.75	2.8573	13.1874	5.0721	3
20.8	2.8513	13.9179	5.0717	3
20.85	2.8448	13.2841	5.0618	3
20.9	2.839	13.4443	5.0616	3
20.95	2.8327	13.2041	5.0702	3
21	2.8264	13.5027	5.0738	3
21.05	2.8198	13.0092	5.0753	3
21.1	2.8137	13.1976	5.073	3
21.15	2.8069	12.9101	5.0642	3
21.2	2.8007	12.9049	5.059	3
21.25	2.7945	12.8347	5.0591	3
21.3	2.7882	12.7403	5.0721	3
21.35	2.7822	12.6812	5.0708	3
21.4	2.7764	12.4093	5.0698	3
21.45	2.7696	12.6737	5.0822	3
21.5	2.7636	12.2539	5.0787	3
21.55	2.7567	12.6962	5.0778	3
21.6	2.7505	11.9865	5.0807	3
21.65	2.7444	12.1699	5.0808	3
21.7	2.7372	12.4536	5.0762	3
21.75	2.7308	11.9506	5.0775	3
21.8	2.7247	11.7672	5.0758	3
21.85	2.7183	12.1487	5.0886	3
21.9	2.7111	11.9152	5.091	3
21.95	2.7051	11.567	5.0801	3
22	2.6986	11.8321	5.074	3
22.05	2.691	11.944	5.0705	3
22.1	2.6845	11.2243	5.0906	3
22.15	2.6782	11.5779	5.0927	3
22.2	2.6704	11.6902	5.0815	3
22.25	2.6641	11.0516	5.0887	3
22.3	2.6574	11.3915	5.0912	3
22.35	2.6504	11.2998	5.0957	3
22.4	2.6433	11.1456	5.1031	3
22.45	2.6364	11.2961	5.106	3
22.5	2.6294	10.9038	5.0912	3
22.55	2.6222	11.1934	5.075	3
22.6	2.6149	10.7468	5.077	3
22.65	2.6082	10.7148	5.085	3
22.7	2.6008	11.0468	5.069	3
22.75	2.5937	10.4575	5.0704	3
22.8	2.5862	10.7489	5.084	3
22.85	2.5784	10.804	5.0906	3
22.9	2.5712	10.2387	5.0825	3
22.95	2.5644	10.485	5.075	3
23	2.557	10.3272	5.0809	3
23.05	2.5494	10.3467	5.0656	3
23.1	2.5422	10.1778	5.0782	3
23.15	2.5347	10.2046	5.0993	3
23.2	2.5267	10.3446	5.1151	3
23.25	2.5189	9.9338	5.1309	3
23.3	2.5111	10.1367	5.134	3
23.35	2.5034	9.8814	5.1158	3
23.4	2.4956	9.9938	5.0824	3
23.45	2.488	9.7845	5.0759	3
23.5	2.4802	9.6085	5.0983	3
23.55	2.4723	9.8167	5.0939	3
23.6	2.4641	9.6523	5.0764	3
23.65	2.4563	9.4146	5.0861	3
23.7	2.4479	9.7517	5.1022	3
23.75	2.4397	9.1516	5.1027	3
23.8	2.4317	9.574	5.103	3
23.85	2.4238	8.9998	5.1066	3
23.9	2.4159	9.3862	5.1055	3
23.95	2.4078	8.8973	5.0897	3
24	2.3993	9.1492	5.0858	3
24.05	2.3911	8.8151	5.0941	3
24.1	2.3825	9.091	5.1057	3
24.15	2.3739	8.6736	5.1084	3
24.2	2.3658	8.876	5.0894	3
24.25	2.3573	8.6996	5.0939	3
24.3	2.3492	8.8345	5.0957	3
24.35	2.3406	8.3743	5.0881	3
24.4	2.3319	8.9304	5.0984	3
24.45	2.3232	8.2164	5.0786	3
24.5	2.3147	8.617	5.0824	3
24.55	2.3052	8.4813	5.0851	3
24.6	2.2968	8.0094	5.081	3
24.65	2.2875	8.6572	5.1039	3
24.7	2.2791	7.8328	5.1051	3
24.75	2.27	8.3499	5.0869	3
24.8	2.2609	8.023	5.0972	3
24.85	2.2516	7.8157	5.1019	3
24.9	2.2432	7.9328	5.1069	3
24.95	2.2336	7.9732	5.1046	3
25	2.2252	7.2617	5.0871	3
25.05	2.2165	7.9512	5.0879	3
25.1	2.207	7.4527	5.0924	3
25.15	2.199	7.1022	5.1151	3
25.2	2.1895	7.8447	5.1335	3
25.25	2.1802	6.9851	5.1172	3
25.3	2.1713	7.4468	5.1021	3
25.35	2.162	7.0977	5.0935	3
25.4	2.1531	7.0281	5.1062	3
25.45	2.144	7.0744	5.1017	3
25.5	2.1344	7.1063	5.0883	3
25.55	2.1253	6.6254	5.094	3
25.6	2.1159	7.5034	5.0706	3
25.65	2.1058	6.2424	5.0703	3
25.7	2.0972	6.8973	5.0782	3
25.75	2.0866	6.9196	5.0809	3
25.8	2.0775	6.4031	5.078	3
25.85	2.0676	6.6199	5.0853	3
25.9	2.0579	6.6685	5.0822	3
25.95	2.0478	6.2656	5.0969	4
26	2.0394	6.0045	5.0843	4
26.05	2.0291	6.8709	5.0806	4
26.1	2.0197	5.5974	5.0918	4
26.15	2.01	6.5286	5.0826	4
26.2	1.9998	5.9214	5.092	4
26.25	1.9903	5.9709	5.0869	4
26.3	1.9809	5.8681	5.0887	4
26.35	1.9716	5.9119	5.0922	4
26.4	1.9629	5.3143	5.1019	4
26.45	1.9539	6.0675	5.115	4
26.5	1.9452	5.1478	5.0952	4
26.55	1.9368	5.9489	5.0854	4
26.6	1.9277	5.2946	5.0888	4
26.65	1.9196	5.4463	5.0833	4
26.7	1.9109	5.4901	5.0902	4
26.75	1.9029	5.1538	5.087	4
26.8	1.8946	5.5023	5.0813	4
26.85	1.8869	5.1036	5.0756	4
26.9	1.8792	4.9566	5.0795	4
26.95	1.8715	5.1151	5.0851	4
27	1.8631	5.067	5.0705	4
27.05	1.8562	4.7638	5.0793	4
27.1	1.8487	5.2439	5.0856	4
27.15	1.8413	4.7935	5.0797	4
27.2	1.8348	4.7377	5.0809	4
27.25	1.827	5.0308	5.0813	4
27.3	1.8198	4.7291	5.0785	4
27.35	1.8131	4.6184	5.0798	4
27.4	1.806	4.8572	5.0921	4
27.45	1.799	4.6045	5.0913	4
27.5	1.7922	4.5918	5.0873	4
27.55	1.7855	4.5968	5.0861	4
27.6	1.7788	4.7239	5.0979	4
27.65	1.7723	4.5469	5.1011	4
27.7	1.7664	4.3357	5.0898	4
27.75	1.7602	4.5471	5.0825	4
27.8	1.7536	4.6042	5.0946	4
27.85	1.7471	4.2709	5.0986	4
27.9	1.741	4.3813	5.0865	4
27.95	1.7348	4.3696	5.0825	4
28	1.729	4.0879	5.0752	4
28.05	1.7237	4.2229	5.0729	4
28.1	1.7175	4.2325	5.0664	4
28.15	1.7127	3.7009	5.0649	4
28.2	1.707	4.2362	5.0743	4
28.25	1.7018	3.9311	5.0829	4
28.3	1.6967	3.8549	5.0778	4
28.35	1.6916	4.0921	5.0722	4
28.4	1.6862	3.872	5.0845	4
28.45	1.6817	3.6578	5.0876	4
28.5	1.6762	4.1686	5.0639	4
28.55	1.6711	3.5533	5.0635	4
28.6	1.6665	3.9123	5.0816	4
28.65	1.6615	3.7308	5.0691	4
28.7	1.6569	3.7376	5.0774	4
28.75	1.6523	3.5118	5.0887	4
28.8	1.6474	3.8657	5.0818	4
28.85	1.6426	3.5651	5.1087	4
28.9	1.638	3.7641	5.1203	4
28.95	1.6336	3.457	5.1093	4
29	1.629	3.9252	5.0958	4
29.05	1.6243	3.4002	5.0934	4
29.1	1.6206	3.5754	5.111	4
29.15	1.6166	3.2111	5.1114	4
29.2	1.6124	3.7928	5.0952	4
29.25	1.6082	3.1574	5.1021	4
29.3	1.6045	3.3863	5.0996	4
29.35	1.6004	3.3266	5.1047	4
29.4	1.597	3.2345	5.1142	4
29.45	1.5929	3.4498	5.1039	4
29.5	1.5887	3.3474	5.0898	4
29.55	1.5848	3.1991	5.0859	4
29.6	1.5813	3.3128	5.0898	4
29.65	1.5773	3.3018	5.1025	4
29.7	1.574	3.0429	5.0896	4
29.75	1.5704	3.3521	5.0869	4
29.8	1.5668	3.1224	5.0958	4
29.85	1.5631	3.3511	5.0816	4
29.9	1.5596	3.1431	5.0817	4
29.95	1.5556	3.4437	5.0867	4
30	1.5524	2.78	5.1002	4
30.05	1.5487	3.5467	5.096	4
30.1	1.5447	3.1801	5.0944	4
30.15	1.5419	2.9727	5.093	4
30.2	1.5387	3.2799	5.0889	4
30.25	1.5342	3.5416	5.0877	4
30.3	1.5314	2.5128	5.0878	4
30.35	1.5281	3.6721	5.1079	4
30.4	1.524	3.0511	5.1208	4
30.45	1.5209	3.1917	5.1133	4
30.5	1.5173	2.8895	5.1065	4
30.55	1.5139	3.3752	5.0886	4
30.6	1.5104	2.6908	5.0893	4
30.65	1.5078	3.0033	5.0978	4
30.7	1.5043	3.1288	5.0891	4
30.75	1.5008	3.1522	5.0872	4
30.8	1.4975	2.694	5.0877	4
30.85	1.495	3.0703	5.089	4
30.9	1.4911	3.1093	5.1012	4
30.95	1.4885	2.7824	5.1036	4
31	1.486	2.6993	5.0957	4
31.05	1.4828	3.2246	5.0962	4
31.1	1.48	2.5816	5.0796	4
31.15	1.4778	2.7451	5.0834	4
31.2	1.4745	3.16	5.1003	4
31.25	1.4716	2.6115	5.0973	4
31.3	1.4695	2.6518	5.0975	4
31.35	1.4671	2.8191	5.0908	4
31.4	1.4635	3.1815	5.1001	4
31.45	1.4623	1.979	5.1165	4
31.5	1.4601	2.962	5.1074	4
31.55	1.4569	2.94	5.1064	4
31.6	1.4545	2.3194	5.1161	4
31.65	1.4532	2.4996	5.1146	4
31.7	1.45	3.1493	5.1056	4
31.75	1.4477	2.29	5.1114	4
31.8	1.4455	2.7019	5.1102	4
31.85	1.4431	2.5863	5.0822	4
31.9	1.4404	2.89	5.0921	4
31.95	1.4389	2.0215	5.121	4
32	1.4367	2.9567	5.1073	4
32.05	1.4341	2.6802	5.0897	4
32.1	1.4322	2.297	5.1061	4
32.15	1.4306	2.7061	5.1079	4
32.2	1.4275	2.7974	5.0943	4
32.25	1.425	2.6255	5.0997	4
32.3	1.4234	2.4007	5.1229	4
32.35	1.4212	2.7723	5.1219	4
32.4	1.4186	2.7935	5.1075	4
32.45	1.4173	1.9343	5.0977	4
32.5	1.4146	3.4142	5.0964	4
32.55	1.4117	2.3173	5.1276	4
32.6	1.41	2.6654	5.1239	4
32.65	1.4074	2.3482	5.1154	4
32.7	1.4045	3.1688	5.1093	4
32.75	1.4025	1.8629	5.0876	4
32.8	1.4011	2.9046	5.099	4
32.85	1.3986	2.5234	5.1172	4
32.9	1.3968	2.6227	5.138	4
32.95	1.3949	2.323	5.1337	4
33	1.3926	2.8366	5.1074	4
33.05	1.3906	2.3877	5.1276	4
33.1	1.389	2.6423	5.125	4
33.15	1.387	2.252	5.1097	4
33.2	1.3848	2.7877	5.1211	4
33.25	1.3825	2.2014	5.1271	4
33.3	1.3809	2.5546	5.118	4
33.35	1.379	2.5634	5.0974	4
33.4	1.3771	2.529	5.1049	4
33.45	1.3754	2.223	5.1073	4
33.5	1.374	2.458	5.0954	4
33.55	1.371	2.7672	5.0966	4
33.6	1.3698	1.8409	5.1078	4
33.65	1.368	2.6935	5.1029	4
33.7	1.3658	2.388	5.0989	4
33.75	1.3645	2.3504	5.0891	4
33.8	1.3629	2.2374	5.0807	4
33.85	1.3611	2.5785	5.0735	4
33.9	1.3595	2.0755	5.077	4
33.95	1.3584	2.1706	5.0812	4
34	1.3569	2.4084	5.0821	4
34.05	1.3552	2.3248	5.0895	4
34.1	1.3546	1.7045	5.0849	4
34.15	1.3527	2.873	5.0677	4
34.2	1.3507	1.9373	5.0713	4
34.25	1.3495	2.316	5.0777	4
34.3	1.3484	2.2743	5.092	4
34.35	1.3464	2.3839	5.0857	4
34.4	1.3453	1.898	5.0791	4
34.45	1.344	2.3122	5.0738	4
34.5	1.3428	2.1227	5.0803	4
34.55	1.3414	2.2995	5.093	4
34.6	1.3404	1.7717	5.0748	4
34.65	1.3384	3.0613	5.0637	4
34.7	1.3372	1.3774	5.0797	4
34.75	1.3366	2.4117	5.083	4
34.8	1.3352	2.1643	5.0668	4
34.85	1.3339	1.9985	5.0748	4
34.9	1.3332	2.0891	5.0846	4
34.95	1.3314	2.4383	5.0838	4
35	1.3299	1.945	5.0819	4
35.05	1.3297	1.9319	5.0724	4
35.1	1.3279	2.5031	5.0732	4
35.15	1.3265	2.2168	5.0665	4
35.2	1.3257	1.7756	5.075	4
35.25	1.3251	2.4008	5.0905	4
35.3	1.323	2.2886	5.0956	4
35.35	1.3226	1.839	5.1058	4
35.4	1.3209	2.4831	5.0997	4
35.45	1.3193	2.2195	5.0884	4
35.5	1.3181	2.1837	5.0913	4
35.55	1.318	1.7748	5.0824	4
35.6	1.316	2.8337	5.0803	4
35.65	1.3147	1.7705	5.0731	4
35.7	1.314	1.9836	5.06	4
35.75	1.3128	2.4919	5.0786	4
35.8	1.3108	2.2913	5.0805	4
35.85	1.3098	2.0654	5.0641	4
35.9	1.3085	2.162	5.0439	4
35.95	1.3067	2.6447	5.0479	4
36	1.3057	1.7384	5.0704	4
36.05	1.3051	2.1884	5.0758	4
36.1	1.3029	2.8228	5.0925	4
36.15	1.301	1.9266	5.0898	4
36.2	1.3003	2.1685	5.0719	4
36.25	1.2986	2.3794	5.0724	4
36.3	1.2963	2.5324	5.0772	4
36.35	1.2964	1.7399	5.0772	4
36.4	1.2948	2.2686	5.0672	4
36.45	1.2923	3.1606	5.0735	4
36.5	1.2911	1.4724	5.0686	4
36.55	1.2901	2.25	5.044	4
36.6	1.2879	3.2581	5.0402	4
36.65	1.2858	1.5407	5.0525	4
36.7	1.2856	2.357	5.0561	4
36.75	1.2839	2.4926	5.0548	4
36.8	1.2812	2.3345	5.0774	4
36.85	1.2804	2.3675	5.0808	4
36.9	1.2794	1.7623	5.0727	4
36.95	1.2772	3.2537	5.0704	4
37	1.2758	1.7621	5.0766	4
37.05	1.2751	2.0493	5.071	4
37.1	1.2728	3.1642	5.0781	4
37.15	1.271	1.746	5.0975	4
37.2	1.2704	1.8409	5.0912	4
37.25	1.2684	3.0233	5.0899	4
37.3	1.2666	1.925	5.0945	4
37.35	1.2656	2.2362	5.0833	4
37.4	1.2646	2.5054	5.0882	4
37.45	1.2618	2.4681	5.0802	4
37.5	1.2607	2.1455	5.0649	4
37.55	1.26	2.032	5.0647	4
37.6	1.2577	2.5668	5.0892	4
37.65	1.2568	2.1646	5.0909	4
37.7	1.2557	1.6603	5.0904	4
37.75	1.2539	3.0569	5.0872	4
37.8	1.2523	1.7738	5.088	4
37.85	1.2512	2.1954	5.0754	4
37.9	1.25	2.4385	5.0808	4
37.95	1.2481	2.2066	5.0928	4
38	1.2473	2.2071	5.0918	4
38.05	1.2459	2.2139	5.0722	4
38.1	1.2446	2.0956	5.0644	4
38.15	1.2429	2.7333	5.0855	4
38.2	1.2419	1.2529	5.0927	4
38.25	1.241	2.8399	5.0871	4
38.3	1.2392	1.9577	5.0812	4
38.35	1.2383	2.1831	5.0769	4
38.4	1.2381	1.8165	5.0749	4
38.45	1.2367	2.4257	5.0849	4
38.5	1.2351	2.2287	5.0792	4
38.55	1.2345	1.9471	5.0775	4
38.6	1.2329	2.2272	5.0799	4
38.65	1.2316	2.29	5.082	4
38.7	1.2306	1.6844	5.084	4
38.75	1.2307	2.0066	5.0793	4
38.8	1.2284	2.4641	5.0833	4
38.85	1.2278	1.7518	5.0886	4
38.9	1.2274	1.8324	5.0961	4
38.95	1.2266	2.4198	5.1009	4
39	1.225	2.0811	5.0781	4
39.05	1.225	1.5479	5.0653	4
39.1	1.2238	2.4006	5.0716	4
39.15	1.2231	1.7078	5.0823	4
39.2	1.2229	1.6457	5.0987	4
39.25	1.2224	2.0843	5.0836	4
39.3	1.2213	1.9644	5.077	4
39.35	1.2213	1.6665	5.0706	4
39.4	1.2209	1.9539	5.0798	4
39.45	1.2201	1.9006	5.096	4
39.5	1.2199	1.718	5.0804	4
39.55	1.2196	1.7254	5.0818	4
39.6	1.2194	1.7632	5.0829	4
39.65	1.2184	2.0352	5.0893	4
39.7	1.218	1.484	5.095	4
39.75	1.2177	1.6734	5.0972	4
39.8	1.2176	2.1078	5.0966	4
39.85	1.2179	1.0564	5.0909	4
39.9	1.218	2.0389	5.0802	4
39.95	1.2173	1.7899	5.0819	4
40	1.2171	1.3554	5.0674	4
40.05	1.2174	1.8846	5.0668	4
40.1	1.2177	1.4233	5.0631	4
40.15	1.2172	1.7979	5.0751	4
40.2	1.218	1.5781	5.0877	4
40.25	1.2169	1.6875	5.0742	4
40.3	1.2172	1.6391	5.0664	4
40.35	1.2168	1.6854	5.0766	4
40.4	1.2165	1.8964	5.0758	4
40.45	1.2156	1.8731	5.0845	4
40.5	1.2159	1.5679	5.0787	4
40.55	1.2148	2.1364	5.0785	4
40.6	1.2146	1.4326	5.0672	4
40.65	1.2148	1.9665	5.0686	4
40.7	1.2143	1.4976	5.0747	4
40.75	1.2138	2.436	5.0847	4
40.8	1.2134	1.0754	5.081	4
40.85	1.2134	2.5102	5.0851	4
40.9	1.2123	1.4471	5.1014	4
40.95	1.2121	2.191	5.0992	4
41	1.2118	1.4096	5.0797	4
41.05	1.2114	2.2679	5.0812	4
41.1	1.2106	1.6522	5.0861	4
41.15	1.2107	1.8316	5.0663	4
41.2	1.2095	2.0794	5.0822	4
41.25	1.209	1.9013	5.0822	4
41.3	1.208	1.9429	5.0826	4
41.35	1.2077	1.981	5.0826	4
41.4	1.2062	1.9432	5.0627	4
41.45	1.2062	1.6719	5.0645	4
41.5	1.2055	2.2136	5.0663	4
41.55	1.2047	1.8318	5.0862	4
41.6	1.2039	2.2589	5.0966	4
41.65	1.2031	1.8611	5.0729	4
41.7	1.202	2.2797	5.0787	4
41.75	1.2012	1.9778	5.0857	4
41.8	1.2001	2.1246	5.0722	4
41.85	1.1994	1.8878	5.0669	4
41.9	1.1986	2.2264	5.0716	4
41.95	1.1972	2.08	5.081	4
42	1.1965	2.0466	5.1039	4
42.05	1.1954	2.0374	5.0851	4
42.1	1.1941	2.3792	5.0785	4
42.15	1.1929	1.9505	5.0807	4
42.2	1.1925	2.0315	5.0804	4
42.25	1.191	2.4448	5.0857	4
42.3	1.1895	2.1286	5.0886	4
42.35	1.1883	2.1078	5.0918	4
42.4	1.1872	2.1708	5.0923	4
42.45	1.1857	2.4514	5.088	4
42.5	1.1847	1.9137	5.088	4
42.55	1.1837	2.1729	5.0942	4
42.6	1.182	2.4498	5.1107	4
42.65	1.1809	2.0038	5.1159	4
42.7	1.1795	2.2169	5.105	4
42.75	1.179	1.8841	5.0938	4
42.8	1.1771	2.6558	5.0761	4
42.85	1.1766	1.2986	5.0844	4
42.9	1.1755	2.8208	5.0931	4
42.95	1.1743	1.7221	5.0988	4
43	1.1733	2.2566	5.0959	4
43.05	1.1727	1.738	5.0954	4
43.1	1.1712	2.6003	5.0906	4
43.15	1.1706	1.6608	5.087	4
43.2	1.1697	2.1803	5.0677	4
43.25	1.1688	1.7955	5.087	4
43.3	1.1679	2.2972	5.0995	4
43.35	1.1667	1.8393	5.0903	4
43.4	1.1667	1.9918	5.1038	4
43.45	1.1655	1.9952	5.1046	4
43.5	1.1653	1.924	5.0993	4
43.55	1.1643	1.9885	5.0894	4
43.6	1.1639	2.0841	5.0884	4
43.65	1.1627	2.0912	5.0963	4
43.7	1.162	1.8267	5.0931	4
43.75	1.1609	2.2019	5.0991	4
43.8	1.1602	1.8423	5.1151	4
43.85	1.1592	2.1513	5.1232	4
43.9	1.1589	1.6461	5.1334	4
43.95	1.1576	2.3599	5.1242	4
44	1.157	1.7167	5.1277	4
44.05	1.1563	2.1254	5.1167	4
44.1	1.1556	1.9701	5.1019	4
44.15	1.1546	1.9362	5.1281	4
44.2	1.1535	2.1789	5.1337	4
44.25	1.153	1.9069	5.1225	4
44.3	1.1522	1.9416	5.1071	4
44.35	1.1514	2.1667	5.1015	4
44.4	1.1503	1.7775	5.1199	4
44.45	1.1495	2.3779	5.1084	4
44.5	1.1487	1.6348	5.093	4
44.55	1.1475	2.5588	5.1023	4
44.6	1.1464	1.7213	5.1032	4
44.65	1.1458	2.0487	5.1031	4
44.7	1.1452	2.066	5.0896	4
44.75	1.1442	1.876	5.0765	4
44.8	1.1438	1.895	5.0814	4
44.85	1.1428	2.193	5.0796	4
44.9	1.1419	1.661	5.073	4
44.95	1.1412	2.2009	5.0891	4
45	1.1408	1.5017	5.09	4
45.05	1.14	2.2152	5.0843	4
45.1	1.1403	1.4376	5.0902	4
45.15	1.1397	1.9128	5.0851	4
45.2	1.1394	1.88	5.0796	4
45.25	1.139	1.7352	5.0825	4
45.3	1.139	1.6749	5.0827	4
45.35	1.1385	2.0206	5.0788	4
45.4	1.1377	1.7075	5.0837	4
45.45	1.1374	1.8856	5.0763	4
45.5	1.1371	1.5234	5.0594	4
45.55	1.1369	1.9664	5.0712	4
45.6	1.1364	1.5098	5.0742	4
45.65	1.1366	1.842	5.0803	4
45.7	1.1362	1.5966	5.086	4
45.75	1.1359	2.0531	5.0871	4
45.8	1.1356	1.5966	5.0836	4
45.85	1.1353	1.9248	5.0822	4
45.9	1.1347	1.8193	5.106	4
45.95	1.1347	1.5759	5.102	4
46	1.1344	1.7694	5.1004	4
46.05	1.1336	1.9031	5.1032	4
46.1	1.1328	1.7676	5.1029	4
46.15	1.1326	1.7555	5.1054	4
46.2	1.1318	1.9441	5.1144	4
46.25	1.1313	1.781	5.1028	4
46.3	1.1311	1.9254	5.0977	4
46.35	1.1305	1.7731	5.0958	4
46.4	1.1304	1.8763	5.1037	4
46.45	1.1295	2.0194	5.1269	4
46.5	1.1291	1.6534	5.1038	4
46.55	1.1289	1.933	5.0976	4
46.6	1.1277	2.1734	5.0957	4
46.65	1.1274	1.657	5.0811	4
46.7	1.127	2.0555	5.0908	4
46.75	1.126	2.1133	5.0854	4
46.8	1.1247	2.004	5.07	4
46.85	1.1244	1.8692	5.079	4
46.9	1.1233	2.3066	5.0818	4
46.95	1.1221	2.0357	5.0883	4
47	1.1216	1.7954	5.0869	4
47.05	1.1207	2.1151	5.09	4
47.1	1.12	1.9436	5.0966	4
47.15	1.1197	1.8541	5.0923	4
47.2	1.119	2.1147	5.0883	4
47.25	1.1182	1.9347	5.0913	4
47.3	1.1175	1.8848	5.094	4
47.35	1.1167	1.9518	5.0951	4
47.4	1.1165	1.8472	5.0948	4
47.45	1.1157	2.0625	5.09	4
47.5	1.1152	1.859	5.0907	4
47.55	1.1146	1.7898	5.0772	4
47.6	1.114	1.9627	5.077	4
47.65	1.1133	1.5764	5.0713	4
47.7	1.1135	1.7793	5.0764	4
47.75	1.1137	1.4117	5.0826	4
47.8	1.1135	2.0156	5.0888	4
47.85	1.1134	1.4244	5.0962	4
47.9	1.1139	1.6529	5.095	4
47.95	1.1136	1.7368	5.0938	4
48	1.1134	1.6533	5.0952	4
48.05	1.1138	1.4688	5.0905	4
48.1	1.1135	1.8312	5.0858	4
48.15	1.1133	1.5163	5.0828	4
48.2	1.1136	1.5843	5.0884	4
48.25	1.1134	1.8591	5.0872	4
48.3	1.1132	1.5761	5.0765	4
48.35	1.1136	1.5793	5.0894	4
48.4	1.114	1.7317	5.1002	4
48.45	1.1135	1.6563	5.0874	4
48.5	1.1135	1.6918	5.0939	4
48.55	1.1131	1.6343	5.0982	4
48.6	1.113	1.8061	5.0988	4
48.65	1.113	1.5473	5.0923	4
48.7	1.1129	1.7701	5.0876	4
48.75	1.1131	1.5808	5.1005	4
48.8	1.1129	1.776	5.1125	4
48.85	1.113	1.5529	5.1087	4
48.9	1.1125	1.9779	5.1028	4
48.95	1.1122	1.5679	5.0788	4
49	1.1122	1.7755	5.0764	4
49.05	1.1113	2.0492	5.0895	4
49.1	1.1112	1.4057	5.0963	4
49.15	1.1111	2.0173	5.1029	4
49.2	1.1107	1.8128	5.0918	4
49.25	1.11	1.874	5.086	4
49.3	1.1101	1.758	5.0774	4
49.35	1.1092	2.1223	5.0744	4
49.4	1.1088	1.6977	5.0751	4
49.45	1.1087	1.8171	5.0674	4
49.5	1.1084	1.6535	5.0931	4
49.55	1.108	2.0455	5.0924	4
49.6	1.1079	1.5267	5.0738	4
49.65	1.1076	1.8051	5.073	4
49.7	1.1073	1.729	5.0807	4
49.75	1.1071	1.8089	5.1016	4
49.8	1.1071	1.4408	5.1046	4
49.85	1.1072	1.6838	5.0917	4
49.9	1.107	1.7047	5.0723	4
49.95	1.1071	1.5938	5.0658	4
50	1.1069	1.5516	5.0852	4
50.05	1.1072	1.7261	5.08	4
50.1	1.1068	1.8044	5.0719	4
50.15	1.1068	1.6695	5.0974	4
50.2	1.1065	1.6597	5.114	4
50.25	1.1062	1.8195	5.103	4
50.3	1.1062	1.5736	5.0712	4
50.35	1.1062	1.9124	5.0715	4
50.4	1.1056	1.7526	5.0951	4
50.45	1.1056	1.7222	5.0887	4
50.5	1.1051	1.7503	5.0859	4
50.55	1.105	1.6589	5.0823	4
50.6	1.1049	1.7819	5.073	4
50.65	1.1044	1.7098	5.0851	4
50.7	1.1045	1.8502	5.0888	4
50.75	1.1041	1.9801	5.1061	4
50.8	1.1034	1.7899	5.1017	4
50.85	1.1027	1.9364	5.0859	4
50.9	1.1025	1.7161	5.0943	4
50.95	1.1023	1.9163	5.0874	4
51	1.102	1.7115	5.07	4
51.05	1.1016	1.7229	5.0729	4
51.1	1.1016	1.6814	5.0911	4
51.15	1.101	1.9634	5.0978	4
51.2	1.1009	1.498	5.0883	4
51.25	1.1005	1.9115	5.0843	4
51.3	1.1	1.8652	5.0817	4
51.35	1.0994	1.7505	5.0746	4
51.4	1.0998	1.6726	5.0821	4
51.45	1.099	1.9868	5.0972	4
51.5	1.0985	1.6793	5.0972	4
51.55	1.0985	1.8586	5.1047	4
51.6	1.0977	1.9227	5.0912	4
51.65	1.097	1.9656	5.0872	4
51.7	1.0968	1.614	5.099	4
51.75	1.0963	2.0353	5.0989	4
51.8	1.096	1.6786	5.0955	4
51.85	1.0958	1.7523	5.1	4
51.9	1.0951	2.1186	5.095	4
51.95	1.095	1.6895	5.0836	4
52	1.0941	1.8767	5.0856	4
52.05	1.0942	1.6485	5.097	4
52.1	1.0934	2.0023	5.0891	4
52.15	1.0929	1.9158	5.0838	4
52.2	1.0926	1.6738	5.0978	4
52.25	1.0923	1.8272	5.0838	4
52.3	1.0919	1.9861	5.0766	4
52.35	1.0916	1.6856	5.0748	4
52.4	1.0908	2.0988	5.0693	4
52.45	1.0904	1.6921	5.0681	4
52.5	1.0898	2.0098	5.0685	4
52.55	1.0893	1.7851	5.0675	4
52.6	1.0892	1.6998	5.0659	4
52.65	1.0887	1.9877	5.0732	4
52.7	1.0885	1.623	5.0713	4
52.75	1.088	2.0085	5.0556	4
52.8	1.0871	2.0579	5.0595	4
52.85	1.0872	1.5618	5.0711	4
52.9	1.0862	2.0064	5.0686	4
52.95	1.0858	1.6606	5.0715	4
53	1.0857	1.7348	5.0575	4
53.05	1.0856	1.7192	5.0527	4
53.1	1.0854	1.6799	5.0588	4
53.15	1.085	1.9424	5.0682	4
53.2	1.0848	1.6749	5.0702	4
53.25	1.0843	1.8982	5.0638	4
53.3	1.0843	1.5865	5.0792	4
53.35	1.0835	2.1008	5.0695	4
53.4	1.0834	1.7191	5.0683	4
53.45	1.0828	1.8164	5.0879	4
53.5	1.0827	1.9438	5.0835	4
53.55	1.0819	1.9684	5.0748	4
53.6	1.0813	1.6712	5.08	4
53.65	1.0808	2.0219	5.0712	4
53.7	1.0803	1.6439	5.0569	4
53.75	1.0801	1.799	5.0554	4
53.8	1.0806	1.482	5.0564	4
53.85	1.08	2.2195	5.0625	4
53.9	1.0797	1.4085	5.0427	4
53.95	1.0799	1.7259	5.0458	4
54	1.0793	1.9918	5.0473	4
54.05	1.0791	1.545	5.0456	4
54.1	1.0793	1.8253	5.0667	4
54.15	1.0792	1.7122	5.0643	4
54.2	1.0787	1.7656	5.0605	4
54.25	1.0783	1.8331	5.0589	4
54.3	1.0776	1.7476	5.0436	4
54.35	1.0774	1.8843	5.05	4
54.4	1.0772	1.6067	5.0577	4
54.45	1.077	1.8704	5.0382	4
54.5	1.0771	1.5722	5.03	4
54.55	1.0767	1.6931	5.0319	4
54.6	1.077	1.6269	5.0491	4
54.65	1.0767	1.6174	5.0407	4
54.7	1.0768	1.7269	5.0403	4
54.75	1.077	1.5045	5.0561	4
54.8	1.0766	2.0221	5.0514	4
54.85	1.0766	1.3378	5.0562	4
54.9	1.0765	1.9194	5.0573	4
54.95	1.0759	1.735	5.0515	4
55	1.0759	1.6579	5.0565	4
55.05	1.0753	1.709	5.0578	4
55.1	1.0753	1.7636	5.0582	4
55.15	1.0756	1.479	5.0515	4
55.2	1.0752	1.84	5.0648	4
55.25	1.0749	1.6635	5.0891	4
55.3	1.0747	1.7215	5.0897	4
55.35	1.0742	1.8593	5.0923	4
55.4	1.0741	1.5124	5.0903	4
55.45	1.0738	1.7433	5.0802	4
55.5	1.0737	1.8074	5.0755	4
55.55	1.0737	1.3806	5.0634	4
55.6	1.0736	2.1017	5.0559	4
55.65	1.0736	1.2852	5.0726	4
55.7	1.0729	2.2566	5.0728	4
55.75	1.0728	1.3554	5.0585	4
55.8	1.0727	1.8433	5.0521	4
55.85	1.0723	1.7901	5.0717	4
55.9	1.0724	1.572	5.0836	4
55.95	1.0725	1.7314	5.0764	4
56	1.0723	1.7218	5.0814	4
56.05	1.0722	1.2485	5.0805	4
56.1	1.0727	1.9944	5.0755	4
56.15	1.0718	1.4702	5.06	4
56.2	1.0732	1.4121	5.0601	4
56.25	1.0723	1.8775	5.0841	4
56.3	1.0722	1.74	5.0889	4
56.35	1.0725	1.2324	5.0841	4
56.4	1.0733	1.7837	5.0741	4
56.45	1.0723	1.7459	5.049	4
56.5	1.0731	1.0712	5.0607	4
56.55	1.0728	2.0036	5.0674	4
56.6	1.0732	1.2389	5.0627	4
56.65	1.0733	1.6599	5.048	4
56.7	1.0744	1.2562	5.0487	4
56.75	1.0742	1.7233	5.0595	4
56.8	1.0744	1.3937	5.0674	4
56.85	1.0748	1.4033	5.0667	4
56.9	1.0749	1.4928	5.0665	4
56.95	1.0748	1.886	5.0614	4
57	1.0759	0.7125	5.0626	4
57.05	1.0764	2.0642	5.0639	4
57.1	1.0762	1.2414	5.0595	4
57.15	1.0771	1.2994	5.0514	4
57.2	1.0772	1.6368	5.0541	4
57.25	1.0773	1.4601	5.068	4
57.3	1.0776	1.5266	5.0782	4
57.35	1.0783	1.2145	5.0641	4
57.4	1.0784	1.7324	5.0598	4
57.45	1.0789	1.4082	5.0662	4
57.5	1.0792	1.3771	5.0712	4
57.55	1.0798	1.5766	5.071	4
57.6	1.0798	1.5328	5.041	4
57.65	1.0807	1.2726	5.032	4
57.7	1.0809	1.5819	5.0331	4
57.75	1.0809	1.6249	5.0333	4
57.8	1.0811	1.2953	5.0464	4
57.85	1.0818	1.4405	5.0521	4
57.9	1.0818	1.8009	5.0644	4
57.95	1.0817	1.2191	5.0556	4
58	1.0822	1.8613	5.0422	4
58.05	1.0824	1.1295	5.0552	4
58.1	1.0829	1.9357	5.0621	4
58.15	1.0827	1.2949	5.0615	4
58.2	1.0833	1.4296	5.065	4
58.25	1.0833	1.5527	5.0505	4
58.3	1.0832	1.6953	5.0632	4
58.35	1.0835	1.1005	5.067	4
58.4	1.0835	2.0153	5.0549	4
58.45	1.0836	1.0366	5.0513	4
58.5	1.0844	1.8213	5.0569	4
58.55	1.0845	1.4123	5.0601	4
58.6	1.0846	1.5789	5.0691	4
58.65	1.0849	1.395	5.086	4
58.7	1.0853	1.5869	5.0787	4
58.75	1.0857	1.4816	5.0591	4
58.8	1.0858	1.7307	5.059	4
58.85	1.0859	1.4834	5.0789	4
58.9	1.086	1.7098	5.0899	4
58.95	1.0853	1.861	5.0873	4
59	1.086	1.2749	5.0663	4
59.05	1.0859	1.6511	5.0766	4
59.1	1.0858	1.801	5.0885	4
59.15	1.0861	1.3932	5.0855	4
59.2	1.0865	1.7627	5.0903	4
59.25	1.086	1.7694	5.0871	4
59.3	1.0857	1.5831	5.0962	4
59.35	1.0859	1.5994	5.0968	4
59.4	1.0861	1.4966	5.0962	4
59.45	1.0857	2.084	5.103	4
59.5	1.0859	1.1564	5.0917	4
59.55	1.0861	1.8527	5.083	4
59.6	1.0862	1.615	5.0765	4
59.65	1.0861	1.5053	5.0768	4
59.7	1.0869	1.4176	5.0858	4
59.75	1.0861	1.7773	5.0992	4
59.8	1.0865	1.4399	5.0946	4
59.85	1.087	1.2763	5.0879	4
59.9	1.0869	1.8362	5.0758	4
59.95	1.0875	1.371	5.0858	4
60	1.0887	1.1032	5.092	4
60.05	1.0887	1.8544	5.0859	4
60.1	1.0892	1.105	5.0869	4
60.15	1.0897	1.5034	5.0776	4
60.2	1.0902	1.3214	5.0722	4
60.25	1.0907	1.4225	5.0751	4
60.3	1.091	1.6031	5.0819	4
60.35	1.0911	1.5107	5.0808	4
60.4	1.092	1.2319	5.0928	4
60.45	1.0923	1.6941	5.0904	4
60.5	1.0928	1.0056	5.076	4
60.55	1.0932	1.7356	5.0637	4
60.6	1.0934	1.4085	5.0772	4
60.65	1.0943	1.2824	5.0737	4
60.7	1.0946	1.6109	5.0684	4
60.75	1.0947	1.4702	5.085	4
60.8	1.0954	1.4087	5.0853	4
60.85	1.0954	1.5698	5.0896	4
60.9	1.0955	1.5884	5.0925	4
60.95	1.0964	1.1524	5.0901	4
61	1.0964	1.8584	5.0921	4
61.05	1.0968	1.2912	5.0992	4
61.1	1.0975	1.4286	5.1101	4
61.15	1.0974	1.8952	5.0936	4
61.2	1.0977	1.32	5.0846	4
61.25	1.0981	1.512	5.0868	4
61.3	1.0978	1.9952	5.0715	4
61.35	1.0981	1.1804	5.0764	4
61.4	1.0981	1.9147	5.0709	4
61.45	1.0983	1.4694	5.0835	4
61.5	1.0981	1.4829	5.0837	4
61.55	1.0984	1.891	5.0719	4
61.6	1.0982	1.309	5.0794	4
61.65	1.0983	1.9923	5.0947	4
61.7	1.0985	1.4806	5.1065	4
61.75	1.0984	1.9531	5.1011	4
61.8	1.098	1.7481	5.0904	4
61.85	1.0978	1.5735	5.0913	4
61.9	1.0982	1.6078	5.0983	4
61.95	1.0977	1.8997	5.0927	4
62	1.0974	1.6125	5.094	4
62.05	1.0973	1.8087	5.0832	4
62.1	1.097	1.6387	5.0784	4
62.15	1.0968	1.9134	5.0907	4
62.2	1.0968	1.617	5.1061	4
62.25	1.0969	1.4501	5.1058	4
62.3	1.0965	1.9869	5.0908	4
62.35	1.0965	1.4333	5.091	4
62.4	1.0962	1.8846	5.1081	4
62.45	1.0962	1.4714	5.1024	4
62.5	1.0961	1.8385	5.086	4
62.55	1.0962	1.5475	5.0794	4
62.6	1.0962	1.6513	5.0586	4
62.65	1.0963	1.658	5.0541	4
62.7	1.0963	1.4643	5.0654	4
62.75	1.096	1.8831	5.0792	4
62.8	1.0965	1.3773	5.063	4
62.85	1.096	1.8145	5.0644	4
62.9	1.096	1.6404	5.0602	4
62.95	1.0965	1.1949	5.0425	4
63	1.0967	1.9501	5.0374	4
63.05	1.0967	1.3739	5.0458	4
63.1	1.0974	1.2806	5.0677	4
63.15	1.0976	1.9406	5.0644	4
63.2	1.0977	1.1999	5.0547	4
63.25	1.0981	1.726	5.0468	4
63.3	1.0979	1.6315	5.0463	4
63.35	1.0988	1.3671	5.0433	4
63.4	1.0987	1.7114	5.0597	4
63.45	1.0982	1.6823	5.0607	4
63.5	1.099	1.2109	5.0497	4
63.55	1.0991	1.9713	5.0465	4
63.6	1.0993	1.2944	5.0584	4
63.65	1.0996	1.5554	5.0698	4
63.7	1.0996	1.6703	5.0675	4
63.75	1.1002	1.2142	5.0699	4
63.8	1.1002	2.1072	5.0724	4
63.85	1.1	1.012	5.0589	4
63.9	1.1005	2.0544	5.0686	4
63.95	1.1002	1.1853	5.0713	4
64	1.1009	1.6233	5.0624	4
64.05	1.1008	1.7158	5.0848	4
64.1	1.1009	1.4336	5.0897	4
64.15	1.1007	1.6183	5.0832	4
64.2	1.1015	1.4101	5.0694	4
64.25	1.1013	1.4823	5.0551	4
64.3	1.1023	1.6694	5.0446	4
64.35	1.1021	1.2584	5.0415	4
64.4	1.1031	1.4896	5.0575	4
64.45	1.1025	1.8385	5.071	4
64.5	1.1035	0.998	5.057	4
64.55	1.1032	1.9938	5.0496	4
64.6	1.1037	1.183	5.0512	4
64.65	1.1046	1.3815	5.0604	4
64.7	1.1049	1.6277	5.0576	4
64.75	1.1046	1.6786	5.0641	4
64.8	1.1053	1.066	5.0855	4
64.85	1.106	1.8215	5.0755	4
64.9	1.1059	1.2203	5.0734	4
64.95	1.1063	1.8074	5.0778	4
65	1.1059	1.4056	5.0961	4
65.05	1.1067	1.5698	5.0942	4
65.1	1.1069	1.3841	5.082	4
65.15	1.1072	1.8535	5.0819	4
65.2	1.1071	1.3537	5.0812	4
65.25	1.1075	1.8175	5.07	4
65.3	1.1072	1.4594	5.0755	4
65.35	1.1077	1.5045	5.0797	4
65.4	1.1075	1.7097	5.0721	4
65.45	1.1076	1.5418	5.089	4
65.5	1.108	1.5045	5.1023	4
65.55	1.1084	1.446	5.0999	4
65.6	1.108	1.9078	5.1022	4
65.65	1.1081	1.4211	5.1002	4
65.7	1.1081	1.843	5.0726	4
65.75	1.1089	1.037	5.0664	4
65.8	1.1087	1.9051	5.0742	4
65.85	1.1084	1.5076	5.0758	4
65.9	1.1096	0.961	5.0802	4
65.95	1.11	1.6641	5.0895	4
66	1.1104	1.3934	5.0737	4
66.05	1.1118	0.9751	5.0573	4
66.1	1.1127	1.4003	5.0536	4
66.15	1.1136	1.2247	5.063	4
66.2	1.1147	0.9334	5.064	4
66.25	1.1157	1.4654	5.0737	4
66.3	1.1167	0.7931	5.0806	4
66.35	1.1187	0.8972	5.0765	4
66.4	1.1202	0.8689	5.0647	4
66.45	1.1214	0.9991	5.0664	4
66.5	1.1233	0.6413	5.0664	4
66.55	1.1253	0.7016	5.0716	4
66.6	1.1262	1.5638	5.0741	4
66.65	1.1277	0.4692	5.0585	4
66.7	1.1295	1.2596	5.0821	4
66.75	1.1309	0.8997	5.0844	4
66.8	1.1317	1.3737	5.0708	4
66.85	1.1334	0.643	5.0712	4
66.9	1.1345	1.4598	5.0809	4
66.95	1.1353	1.0065	5.0838	4
67	1.1366	1.171	5.073	4
67.05	1.138	0.9745	5.0695	4
67.1	1.1385	1.6899	5.0694	4
67.15	1.1395	0.7923	5.0579	4
67.2	1.1407	1.5317	5.0562	4
67.25	1.1412	1.4071	5.0613	4
67.3	1.1421	1.1655	5.0442	4
67.35	1.143	1.3595	5.0515	4
67.4	1.1435	1.3848	5.0625	4
67.45	1.1438	1.3282	5.0744	4
67.5	1.145	1.1084	5.0801	4
67.55	1.1457	1.4583	5.078	4
67.6	1.1462	1.5806	5.0885	4
67.65	1.1467	1.0668	5.0711	4
67.7	1.1477	1.5375	5.0716	4
67.75	1.1474	1.5354	5.0859	4
67.8	1.1485	1.232	5.072	4
67.85	1.1492	1.4955	5.0662	4
67.9	1.1497	1.4506	5.0624	4
67.95	1.1502	1.3023	5.0696	4
68	1.1512	1.4071	5.0674	4
68.05	1.1513	1.4202	5.0569	4
68.1	1.1522	1.3328	5.0594	4
68.15	1.1524	1.5528	5.061	4
68.2	1.1528	1.3456	5.0714	4
68.25	1.1532	1.6366	5.0779	4
68.3	1.1535	1.1866	5.0589	4
68.35	1.1545	1.5972	5.0741	4
68.4	1.1552	1.0015	5.0794	4
68.45	1.1555	1.9738	5.0703	4
68.5	1.1567	0.7225	5.0685	4
68.55	1.157	1.8334	5.0609	4
68.6	1.1566	1.5711	5.0605	4
68.65	1.1581	0.8901	5.0877	4
68.7	1.1584	1.8212	5.0865	4
68.75	1.1583	1.4917	5.0874	4
68.8	1.1592	1.0119	5.0969	4
68.85	1.1593	1.8636	5.1017	4
68.9	1.1595	1.384	5.1012	4
68.95	1.16	1.4106	5.0963	4
69	1.1609	1.5611	5.0905	4
69.05	1.1603	1.708	5.0903	4
69.1	1.1612	1.2941	5.0868	4
69.15	1.1615	1.5145	5.0784	4
69.2	1.1608	2.062	5.0781	4
69.25	1.1609	1.3567	5.0912	4
69.3	1.1619	1.5468	5.0947	4
69.35	1.1613	1.9855	5.0895	4
69.4	1.1613	1.4165	5.0876	4
69.45	1.1616	1.6205	5.0847	4
69.5	1.1614	1.7987	5.1019	4
69.55	1.1612	1.6148	5.108	4
69.6	1.161	1.8408	5.0988	4
69.65	1.1614	1.4735	5.0987	4
69.7	1.1611	2.046	5.0895	4
69.75	1.1612	1.5611	5.0988	4
69.8	1.1609	1.6583	5.1062	4
69.85	1.1605	1.9313	5.0745	4
69.9	1.1597	1.6356	5.0676	4
69.95	1.1601	1.713	5.0801	4
70	1.1598	1.683	5.1008	4
70.05	1.1596	1.8734	5.1084	4
70.1	1.1594	1.7555	5.1068	4
70.15	1.1594	1.6772	5.1019	4
70.2	1.1589	1.907	5.1006	4
70.25	1.1592	1.5782	5.1056	4
70.3	1.159	1.8228	5.0953	4
70.35	1.1585	1.9658	5.0903	4
70.4	1.158	1.6613	5.1119	4
70.45	1.1585	1.3085	5.1087	4
70.5	1.1579	2.3663	5.1029	4
70.55	1.1574	1.3678	5.1025	4
70.6	1.1576	1.9386	5.1018	4
70.65	1.1577	1.4064	5.0954	4
70.7	1.1577	2.1166	5.1033	4
70.75	1.157	1.417	5.1166	4
70.8	1.1576	1.6729	5.1004	4
70.85	1.1571	1.8375	5.0834	4
70.9	1.1571	1.6334	5.0894	4
70.95	1.1568	1.8152	5.0895	4
71	1.1571	1.4396	5.0666	4
71.05	1.1559	2.5569	5.0762	4
71.1	1.1566	0.6682	5.0989	4
71.15	1.1562	2.5218	5.0921	4
71.2	1.1562	1.1883	5.068	4
71.25	1.1559	2.0051	5.078	4
71.3	1.1566	1.0942	5.0825	4
71.35	1.1562	2.4674	5.077	4
71.4	1.1556	1.189	5.0762	4
71.45	1.1558	1.9378	5.0641	4
71.5	1.1553	1.7519	5.0609	4
71.55	1.1549	1.8803	5.0671	4
71.6	1.1547	1.6343	5.0769	4
71.65	1.1549	1.6106	5.0748	4
71.7	1.1543	2.1968	5.0838	4
71.75	1.1539	1.3883	5.0734	4
71.8	1.1537	2.4447	5.0784	4
71.85	1.1527	1.4761	5.074	4
71.9	1.1524	2.3178	5.0624	4
71.95	1.1518	1.5003	5.0519	4
72	1.1508	2.4411	5.0483	4
72.05	1.15	1.8217	5.0639	4
72.1	1.1499	1.7314	5.0584	4
72.15	1.1483	2.2626	5.0579	4
72.2	1.1486	1.9092	5.0781	4
72.25	1.1469	2.0368	5.0667	4
72.3	1.1469	2.1328	5.0532	4
72.35	1.1456	1.8415	5.0538	4
72.4	1.1455	1.8664	5.0618	4
72.45	1.1442	2.4329	5.0738	4
72.5	1.1438	1.3248	5.0748	4
72.55	1.1428	2.6921	5.0716	4
72.6	1.1423	1.3264	5.0818	4
72.65	1.141	2.955	5.0664	4
72.7	1.1405	1.0769	5.0833	4
72.75	1.14	2.8523	5.0797	4
72.8	1.1385	1.42	5.0666	4
72.85	1.1384	2.515	5.0757	4
72.9	1.137	1.7404	5.0843	4
72.95	1.1362	2.5008	5.0789	4
73	1.1349	1.7206	5.0781	4
73.05	1.135	2.1034	5.0864	4
73.1	1.1334	2	5.0862	4
73.15	1.1333	2.0845	5.0703	4
73.2	1.1318	1.8553	5.0779	4
73.25	1.1313	2.4345	5.0767	4
73.3	1.1302	1.5947	5.0746	4
73.35	1.1299	2.1714	5.0807	4
73.4	1.1291	1.7648	5.0863	4
73.45	1.1282	2.2075	5.0999	4
73.5	1.1273	1.6355	5.0985	4
73.55	1.1278	1.8353	5.0967	4
73.6	1.126	2.4752	5.0971	4
73.65	1.1259	1.1906	5.0868	4
73.7	1.1253	2.517	5.095	4
73.75	1.1247	1.6518	5.0849	4
73.8	1.124	2.1039	5.0691	4
73.85	1.1243	1.2823	5.0841	4
73.9	1.1234	2.31	5.0619	4
73.95	1.1228	1.5999	5.0649	4
74	1.123	1.8923	5.0719	4
74.05	1.1231	1.3762	5.0624	4
74.1	1.1228	2.3115	5.068	4
74.15	1.1224	1.2499	5.0722	4
74.2	1.1223	2.2486	5.0752	4
74.25	1.1218	1.3591	5.0742	4
74.3	1.1215	2.1965	5.068	4
74.35	1.1215	1.4381	5.0651	4
74.4	1.1212	1.9615	5.0745	4
74.45	1.1209	1.7106	5.0681	4
74.5	1.1208	1.8096	5.0613	4
74.55	1.1201	1.8415	5.0773	4
74.6	1.1202	1.7932	5.0862	4
74.65	1.119	1.901	5.0714	4
74.7	1.1187	2.0241	5.087	4
74.75	1.1182	1.3841	5.089	4
74.8	1.1183	2.1793	5.0841	4
74.85	1.1173	1.7965	5.0713	4
74.9	1.1175	1.6122	5.0615	4
74.95	1.1174	1.7084	5.0478	4
75	1.1168	1.8919	5.056	4
75.05	1.1165	1.8886	5.0626	4
75.1	1.1167	1.5353	5.0711	4
75.15	1.1161	1.9344	5.0749	4
75.2	1.1155	2.0778	5.0702	4
75.25	1.1156	1.1407	5.0741	4
75.3	1.1155	2.3411	5.0573	4
75.35	1.1148	1.4259	5.0851	4
75.4	1.1149	1.8788	5.0914	4
75.45	1.1144	1.8881	5.0695	4
75.5	1.1138	1.9208	5.0832	4
75.55	1.1139	1.5569	5.0621	4
75.6	1.1136	1.9624	5.04	4
75.65	1.1132	1.7584	5.038	4
75.7	1.1131	1.692	5.0515	4
75.75	1.1123	1.8388	5.07	4
75.8	1.1121	1.8955	5.0871	4
75.85	1.1117	1.6984	5.0662	4
75.9	1.1114	1.878	5.0551	4
75.95	1.111	1.7815	5.0539	4
76	1.1105	1.8492	5.0616	4
76.05	1.1102	1.8502	5.0584	4
76.1	1.1097	1.7898	5.0643	4
76.15	1.1092	1.8242	5.0817	4
76.2	1.1093	1.728	5.0758	4
76.25	1.1087	1.79	5.0646	4
76.3	1.1093	1.4724	5.0772	4
76.35	1.1087	1.9241	5.0861	4
76.4	1.1084	1.8819	5.0748	4
76.45	1.1079	1.8062	5.0665	4
76.5	1.108	1.4794	5.0788	4
76.55	1.1076	2.1036	5.098	4
76.6	1.1081	1.3536	5.1027	4
76.65	1.1079	2.0551	5.0946	4
76.7	1.1081	1.4676	5.074	4
76.75	1.1072	2.0733	5.0655	4
76.8	1.1073	1.3223	5.0586	4
76.85	1.1067	2.1978	5.0767	4
76.9	1.1067	1.4515	5.1028	4
76.95	1.1066	1.7797	5.0967	4
77	1.1059	1.929	5.0793	4
77.05	1.1055	1.5998	5.0889	4
77.1	1.1057	1.6567	5.0903	4
77.15	1.1053	1.778	5.0917	4
77.2	1.1049	1.9166	5.0845	4
77.25	1.105	1.5319	5.0634	4
77.3	1.1051	1.7422	5.079	4
77.35	1.1047	1.882	5.087	4
77.4	1.1042	1.6543	5.0755	4
77.45	1.1045	1.5847	5.0703	4
77.5	1.1042	1.892	5.0503	4
77.55	1.1042	1.4253	5.0514	4
77.6	1.1043	1.6627	5.0513	4
77.65	1.1039	1.6844	5.0513	4
77.7	1.1037	1.8254	5.0497	4
77.75	1.1034	1.6696	5.0467	4
77.8	1.1037	1.7315	5.0685	4
77.85	1.1033	1.9064	5.0802	4
77.9	1.1028	1.5888	5.0962	4
77.95	1.1025	1.7914	5.1007	4
78	1.1024	1.7966	5.0894	4
78.05	1.1019	1.648	5.0867	4
78.1	1.1026	1.5296	5.0849	4
78.15	1.102	1.9003	5.096	4
78.2	1.1018	1.6572	5.1004	4
78.25	1.102	1.735	5.0821	4
78.3	1.102	1.6435	5.0743	4
78.35	1.1012	1.9102	5.0808	4
78.4	1.1012	1.5002	5.0895	4
78.45	1.1014	1.6017	5.072	4
78.5	1.1012	1.7541	5.0684	4
78.55	1.1009	1.6694	5.0952	4
78.6	1.1014	1.5062	5.1056	4
78.65	1.1014	1.8212	5.0921	4
78.7	1.1015	1.5775	5.094	4
78.75	1.1017	1.5641	5.0846	4
78.8	1.102	1.605	5.1082	4
78.85	1.102	1.7223	5.1201	4
78.9	1.102	1.4313	5.1124	4
78.95	1.1022	1.7045	5.1046	4
79	1.1017	1.7108	5.088	4
79.05	1.1013	1.651	5.085	4
79.1	1.1018	1.532	5.094	4
79.15	1.1019	1.6543	5.0862	4
79.2	1.1024	1.4809	5.0814	4
79.25	1.1023	1.6492	5.0787	4
79.3	1.1021	1.5776	5.0929	4
79.35	1.1021	1.5428	5.1061	4
79.4	1.1017	1.7481	5.0796	4
79.45	1.1021	1.5071	5.0728	4
79.5	1.1024	1.4805	5.081	4
79.55	1.1026	1.7203	5.0871	4
79.6	1.1029	1.5021	5.0853	4
79.65	1.1029	1.6309	5.0539	4
79.7	1.1032	1.6175	5.0618	4
79.75	1.1032	1.5316	5.0782	4
79.8	1.1033	1.7188	5.0859	4
79.85	1.1035	1.3764	5.08	4
79.9	1.1033	1.6975	5.0649	4
79.95	1.1039	1.4125	5.0605	4
80	1.1044	1.4236	5.0714	4
80.05	1.1045	1.6885	5.0754	4
80.1	1.1044	1.5023	5.0785	4
80.15	1.105	1.2749	5.0738	4
80.2	1.1058	1.4483	5.0875	4
80.25	1.1064	1.193	5.0905	4
80.3	1.1069	1.6295	5.0956	4
80.35	1.1076	1.2021	5.1006	4
80.4	1.1077	1.5133	5.0961	4
80.45	1.1084	1.5612	5.0977	4
80.5	1.1085	1.4586	5.1105	4
80.55	1.1093	1.254	5.0968	4
80.6	1.11	1.3464	5.0996	4
80.65	1.1102	1.77	5.1008	4
80.7	1.1109	1.0289	5.0915	4
80.75	1.1118	1.5424	5.0928	4
80.8	1.1117	1.6488	5.094	4
80.85	1.1122	1.2979	5.1036	4
80.9	1.1131	1.3648	5.1104	4
80.95	1.1134	1.4188	5.1036	4
81	1.1138	1.5175	5.0888	4
81.05	1.1144	1.2194	5.0788	4
81.1	1.1153	1.4728	5.1007	4
81.15	1.1154	1.4513	5.1148	4
81.2	1.1158	1.4201	5.1026	4
81.25	1.1165	1.291	5.1083	4
81.3	1.1167	1.5912	5.0963	4
81.35	1.1174	1.1729	5.0836	4
81.4	1.1184	1.43	5.0801	4
81.45	1.1186	1.514	5.0763	4
81.5	1.119	1.3932	5.0857	4
81.55	1.1198	1.2244	5.0924	4
81.6	1.1205	1.5535	5.1085	4
81.65	1.1211	1.2656	5.1117	4
81.7	1.1214	1.5012	5.1052	4
81.75	1.1218	1.2532	5.0999	4
81.8	1.1223	1.4317	5.0876	4
81.85	1.123	1.4112	5.091	4
81.9	1.1234	1.5552	5.0934	4
81.95	1.1238	1.2919	5.0916	4
82	1.1242	1.7517	5.0867	4
82.05	1.1245	1.1564	5.0931	4
82.1	1.1247	1.7422	5.094	4
82.15	1.1251	1.2549	5.0999	4
82.2	1.1256	1.5427	5.1139	4
82.25	1.1261	1.4301	5.1167	4
82.3	1.1267	1.417	5.1121	4
82.35	1.1267	1.7795	5.1074	4
82.4	1.1272	1.3726	5.0989	4
82.45	1.1278	1.4019	5.0927	4
82.5	1.1279	1.7097	5.0978	4
82.55	1.128	1.2528	5.0975	4
82.6	1.1285	1.5964	5.0818	4
82.65	1.1283	1.668	5.0914	4
82.7	1.1286	1.6061	5.1128	4
82.75	1.1288	1.4091	5.1277	4
82.8	1.1289	1.9157	5.1083	4
82.85	1.1288	1.4098	5.0996	4
82.9	1.1293	1.6417	5.1206	4
82.95	1.1291	1.4733	5.1243	4
83	1.1289	1.816	5.1136	4
83.05	1.1292	1.5167	5.1174	4
83.1	1.1298	1.5112	5.1093	4
83.15	1.1295	1.8556	5.1212	4
83.2	1.1297	1.4787	5.1326	4
83.25	1.1293	1.828	5.1298	4
83.3	1.1296	1.6532	5.1225	4
83.35	1.1294	1.5584	5.1223	4
83.4	1.1293	1.8552	5.1266	4
83.45	1.1292	1.4444	5.1077	4
83.5	1.1295	1.6828	5.0942	4
83.55	1.1294	1.7198	5.1035	4
83.6	1.1298	1.3639	5.109	4
83.65	1.1294	2.0972	5.1148	4
83.7	1.1298	1.0867	5.1109	4
83.75	1.1297	2.1295	5.1052	4
83.8	1.1297	1.4154	5.098	4
83.85	1.1297	1.6671	5.0782	4
83.9	1.1299	1.6288	5.0866	4
83.95	1.1296	1.8222	5.0974	4
84	1.1297	1.4412	5.0929	4
84.05	1.1294	1.9034	5.1115	4
84.1	1.1291	1.4097	5.1164	4
84.15	1.1292	1.9514	5.1164	4
84.2	1.1294	1.4376	5.1093	4
84.25	1.1289	2.1198	5.1031	4
84.3	1.1287	1.5736	5.1166	4
84.35	1.1285	1.8416	5.1108	4
84.4	1.1282	1.8023	5.1073	4
84.45	1.1276	2.008	5.1164	4
84.5	1.1273	1.3398	5.1098	4
84.55	1.1273	2.2583	5.1063	4
84.6	1.1266	1.3703	5.1119	4
84.65	1.1268	2.0896	5.1291	4
84.7	1.1255	1.726	5.1266	4
84.75	1.1257	1.8699	5.107	4
84.8	1.1249	1.7573	5.0932	4
84.85	1.1247	1.99	5.1028	4
84.9	1.124	1.817	5.1129	4
84.95	1.1244	1.7356	5.1132	4
85	1.1234	1.9357	5.1081	4
85.05	1.1232	1.8402	5.1099	4
85.1	1.1224	1.9991	5.1142	4
85.15	1.123	1.3484	5.1092	4
85.2	1.1216	2.6107	5.1037	4
85.25	1.1216	1.1094	5.0955	4
85.3	1.1217	2.3566	5.1221	4
85.35	1.121	1.5236	5.1396	4
85.4	1.1204	2.222	5.1405	4
85.45	1.1205	1.2174	5.1413	4
85.5	1.1202	2.2131	5.1363	4
85.55	1.1198	1.5723	5.1322	4
85.6	1.1198	1.6822	5.1237	4
85.65	1.1193	1.7875	5.1047	4
85.7	1.1194	1.79	5.108	4
85.75	1.1186	1.6692	5.1264	4
85.8	1.1198	1.4921	5.1331	4
85.85	1.1183	1.9457	5.1141	4
85.9	1.1191	1.4215	5.1097	4
85.95	1.1189	1.7767	5.1172	4
86	1.119	1.5096	5.116	4
86.05	1.1186	1.7809	5.1093	4
86.1	1.1189	1.3054	5.0984	4
86.15	1.1186	2.0149	5.0849	4
86.2	1.1193	0.8833	5.0968	4
86.25	1.1193	2.2701	5.1095	4
86.3	1.1197	0.5734	5.1101	4
86.35	1.1206	2.2318	5.0983	4
86.4	1.1206	0.8122	5.087	4
86.45	1.1213	2.0623	5.0913	4
86.5	1.1213	1.032	5.1002	4
86.55	1.122	1.7289	5.0941	4
86.6	1.1224	0.94	5.1041	4
86.65	1.1233	1.7661	5.101	4
86.7	1.1228	1.245	5.1024	4
86.75	1.1245	1.239	5.1077	4
86.8	1.1244	1.7301	5.1117	4
86.85	1.1258	0.8984	5.1158	4
86.9	1.126	1.7231	5.1154	4
86.95	1.1267	0.9303	5.1117	4
87	1.1271	1.6154	5.1092	4
87.05	1.1286	0.7534	5.1016	4
87.1	1.1289	1.8138	5.0995	4
87.15	1.1296	0.953	5.1053	4
87.2	1.1309	1.1247	5.104	4
87.25	1.1311	1.569	5.1024	4
87.3	1.132	1.0658	5.0904	4
87.35	1.1336	0.9079	5.0938	4
87.4	1.1345	1.6209	5.0962	4
87.45	1.1344	1.1568	5.0935	4
87.5	1.1359	1.0189	5.1208	4
87.55	1.1369	1.4484	5.1362	4
87.6	1.1374	1.1753	5.1362	4
87.65	1.1385	1.1288	5.1222	4
87.7	1.14	0.9839	5.1106	4
87.75	1.1408	1.4424	5.1159	4
87.8	1.1413	1.2514	5.1179	4
87.85	1.1426	0.877	5.1331	4
87.9	1.1433	1.6991	5.1318	4
87.95	1.144	1.0193	5.1074	4
88	1.1451	1.1201	5.1057	4
88.05	1.1463	1.1798	5.1148	4
88.1	1.1467	1.3927	5.1307	4
88.15	1.1481	0.9265	5.1281	4
88.2	1.1494	1.2042	5.1218	4
88.25	1.1496	1.5486	5.1338	4
88.3	1.1506	0.8936	5.124	4
88.35	1.1519	1.1707	5.1164	4
88.4	1.1524	1.541	5.1235	4
88.45	1.1541	0.6141	5.1165	4
88.5	1.1555	1.2748	5.1138	4
88.55	1.1564	1.0071	5.1161	4
88.6	1.1576	1.131	5.1082	4
88.65	1.1591	1.0959	5.0976	4
88.7	1.1599	1.1284	5.1052	4
88.75	1.1612	1.0043	5.1244	4
88.8	1.1621	1.1322	5.1137	4
88.85	1.1632	1.0947	5.094	4
88.9	1.1643	1.0501	5.103	4
88.95	1.1661	0.9632	5.1059	4
89	1.1673	1.0912	5.1171	4
89.05	1.1686	0.97	5.1292	4
89.1	1.1701	0.9016	5.1439	4
89.15	1.1719	0.9664	5.1269	4
89.2	1.173	1.1409	5.1269	4
89.25	1.1748	0.7951	5.1189	4
89.3	1.1762	0.971	5.1153	4
89.35	1.1777	0.9194	5.1138	4
89.4	1.1795	0.7503	5.1128	4
89.45	1.1812	0.8039	5.113	4
89.5	1.1827	0.9018	5.1161	4
89.55	1.1851	0.7068	5.1367	4
89.6	1.1867	0.9639	5.138	4
89.65	1.1884	0.6786	5.13	4
89.7	1.1902	0.8364	5.1123	4
89.75	1.192	0.6625	5.112	4
89.8	1.1937	0.9565	5.1281	4
89.85	1.1958	0.535	5.1376	4
89.9	1.1978	0.7556	5.135	4
89.95	1.1994	0.897	5.1211	4
90	1.2013	0.542	5.1211	4
90.05	1.2039	0.5719	5.1386	4
90.1	1.206	0.7259	5.1455	4
90.15	1.2077	0.7504	5.1445	4
90.2	1.2104	0.5089	5.1351	4
90.25	1.2125	0.7872	5.1506	4
90.3	1.2142	0.8604	5.1627	4
90.35	1.2162	0.5472	5.1383	4
90.4	1.2186	0.7097	5.1266	4
90.45	1.2199	1.017	5.1153	4
90.5	1.2219	0.4773	5.0988	4
90.55	1.2238	0.7715	5.1115	4
90.6	1.2255	0.9708	5.1122	4
90.65	1.2272	0.5836	5.1065	4
90.7	1.2292	0.8058	5.0965	4
90.75	1.2307	1.0412	5.0954	4
90.8	1.2321	0.8611	5.0771	4
90.85	1.2336	0.8621	5.0763	4
90.9	1.2356	1.0277	5.0978	4
90.95	1.2366	1.0319	5.1107	4
91	1.2383	0.7967	5.1104	4
91.05	1.2402	0.8654	5.1044	4
91.1	1.241	1.2807	5.0993	4
91.15	1.2424	0.9942	5.1001	4
91.2	1.2441	0.7812	5.0919	4
91.25	1.2453	1.3208	5.072	4
91.3	1.2466	0.9085	5.0692	4
91.35	1.2477	1.2192	5.0766	4
91.4	1.2492	1.0465	5.0604	4
91.45	1.2505	0.9912	5.0617	4
91.5	1.2515	1.3758	5.0738	4
91.55	1.2522	1.069	5.0698	4
91.6	1.2534	1.1812	5.0642	4
91.65	1.2543	1.1967	5.0695	4
91.7	1.2549	1.2802	5.0748	4
91.75	1.2557	1.3661	5.068	4
91.8	1.2568	1.1899	5.079	4
91.85	1.2576	1.384	5.0947	4
91.9	1.2581	1.297	5.0949	4
91.95	1.2587	1.307	5.0964	4
92	1.2596	1.2412	5.0805	4
92.05	1.26	1.5124	5.0789	4
92.1	1.2609	1.2893	5.0806	4
92.15	1.2615	1.4588	5.0763	4
92.2	1.2619	1.4058	5.0758	4
92.25	1.2625	1.1169	5.0833	4
92.3	1.2631	1.5744	5.096	4
92.35	1.2638	1.1501	5.0707	4
92.4	1.2651	1.3125	5.0505	4
92.45	1.2657	1.5023	5.0544	4
92.5	1.2665	1.2093	5.0625	4
92.55	1.2672	1.4588	5.0905	4
92.6	1.2678	1.1854	5.0924	4
92.65	1.2682	1.4834	5.0944	4
92.7	1.2687	1.422	5.101	4
92.75	1.2698	1.0928	5.0857	4
92.8	1.2703	1.6632	5.0873	4
92.85	1.271	1.1659	5.0905	4
92.9	1.2716	1.2926	5.075	4
92.95	1.2723	1.4404	5.0777	4
93	1.2727	1.0959	5.0815	4
93.05	1.274	1.3662	5.0873	4
93.1	1.2744	1.3485	5.0907	4
93.15	1.2752	1.3371	5.1011	4
93.2	1.2771	0.8376	5.1087	4
93.25	1.2774	1.4791	5.1209	4
93.3	1.278	1.3483	5.109	4
93.35	1.2793	0.7606	5.0963	4
93.4	1.2806	1.4121	5.1003	4
93.45	1.2814	1.123	5.1045	4
93.5	1.2825	1.0413	5.1085	4
93.55	1.2842	1.0932	5.1013	4
93.6	1.285	1.2713	5.0879	4
93.65	1.2861	1.0852	5.081	4
93.7	1.2874	1.1678	5.0883	4
93.75	1.2885	0.9588	5.0922	4
93.8	1.2903	0.9654	5.0876	4
93.85	1.2918	1.0347	5.0927	4
93.9	1.2927	1.2685	5.104	4
93.95	1.2938	0.8785	5.1162	4
94	1.2954	1.2638	5.1125	4
94.05	1.2963	0.994	5.1046	4
94.1	1.2974	1.1629	5.1057	4
94.15	1.2983	1.1827	5.0887	4
94.2	1.2993	1.0966	5.1032	4
94.25	1.3008	1.074	5.1099	4
94.3	1.302	1.1577	5.0865	4
94.35	1.3032	1.0702	5.096	4
94.4	1.3049	0.9735	5.0989	4
94.45	1.3054	1.4161	5.0818	4
94.5	1.3065	0.9386	5.0884	4
94.55	1.3082	0.9817	5.0869	4
94.6	1.3093	1.2549	5.0923	4
94.65	1.3102	1.1423	5.0987	4
94.7	1.3118	0.8547	5.0976	4
94.75	1.3131	1.242	5.083	4
94.8	1.3142	1.0138	5.0853	4
94.85	1.3155	1.0818	5.0842	4
94.9	1.3172	0.8447	5.0647	4
94.95	1.3188	1.1375	5.0566	4
95	1.3206	0.8046	5.0789	4
95.05	1.3222	1.1411	5.0805	4
95.1	1.3233	1.0821	5.0805	4
95.15	1.3249	0.9091	5.0998	4
95.2	1.3262	1.0281	5.1081	4
95.25	1.3274	1.3087	5.0975	4
95.3	1.3284	0.9265	5.091	4
95.35	1.3299	1.1452	5.1015	4
95.4	1.3309	1.2229	5.1053	4
95.45	1.3315	1.2901	5.0939	4
95.5	1.3324	1.2346	5.1035	4
95.55	1.3336	1.0088	5.1141	4
95.6	1.3343	1.6073	5.1198	4
95.65	1.3349	1.2396	5.132	4
95.7	1.3361	1.1205	5.1061	4
95.75	1.3365	1.61	5.0975	4
95.8	1.337	1.2242	5.1048	4
95.85	1.3376	1.5099	5.0983	4
95.9	1.3384	1.263	5.1057	4
95.95	1.3388	1.4927	5.1069	4
96	1.3394	1.3844	5.1009	4
96.05	1.3398	1.4547	5.0849	4
96.1	1.3399	1.5395	5.085	4
96.15	1.3404	1.3867	5.0945	4
96.2	1.3412	1.3325	5.0996	4
96.25	1.3414	1.8757	5.1273	4
96.3	1.3414	1.3711	5.1385	4
96.35	1.3418	1.6533	5.1156	4
96.4	1.3416	1.6898	5.1044	4
96.45	1.3421	1.5441	5.0971	4
96.5	1.3421	1.537	5.089	4
96.55	1.3417	1.962	5.0899	4
96.6	1.3418	1.3705	5.0908	4
96.65	1.3424	1.7046	5.0763	4
96.7	1.3415	2.0178	5.0603	4
96.75	1.3412	1.507	5.0672	4
96.8	1.3418	1.6123	5.0899	4
96.85	1.3415	1.9728	5.0891	4
96.9	1.3412	1.6261	5.0831	4
96.95	1.3415	1.5317	5.0832	4
97	1.3409	2.0254	5.0871	4
97.05	1.3405	1.7866	5.0875	4
97.1	1.3406	1.5101	5.087	4
97.15	1.34	2.3117	5.083	4
97.2	1.3393	1.5447	5.0862	4
97.25	1.3396	1.9787	5.0972	4
97.3	1.339	1.7022	5.096	4
97.35	1.3386	2.0349	5.0901	4
97.4	1.3378	1.9461	5.0879	4
97.45	1.338	1.7505	5.0997	4
97.5	1.3371	2.0504	5.0968	4
97.55	1.3363	1.9397	5.1079	4
97.6	1.3358	1.9792	5.1018	4
97.65	1.3356	1.8675	5.0832	4
97.7	1.3345	2.0866	5.1042	4
97.75	1.3337	2.0903	5.1016	4
97.8	1.3333	1.6999	5.0971	4
97.85	1.3327	2.2667	5.0854	4
97.9	1.3318	1.9154	5.0815	4
97.95	1.3306	2.1489	5.107	4
98	1.3304	1.5736	5.1097	4
98.05	1.3293	2.4881	5.0978	4
98.1	1.3281	1.8513	5.0969	4
98.15	1.3279	1.9307	5.0965	4
98.2	1.3265	2.5467	5.1049	4
98.25	1.3257	1.6888	5.1101	4
98.3	1.3249	2.1729	5.1178	4
98.35	1.3239	2.2081	5.1199	4
98.4	1.323	2.0295	5.0994	4
98.45	1.3223	1.9447	5.081	4
98.5	1.3212	2.4132	5.082	4
98.55	1.3202	1.7273	5.0798	4
98.6	1.3196	2.4122	5.0903	4
98.65	1.3185	1.9923	5.0875	4
98.7	1.3173	2.326	5.0997	4
98.75	1.3168	1.7338	5.101	4
98.8	1.3155	2.5034	5.0925	4
98.85	1.3142	1.854	5.0845	4
98.9	1.3135	2.2624	5.0771	4
98.95	1.3122	2.084	5.0921	4
99	1.3111	2.2699	5.0945	4
99.05	1.3106	1.7537	5.0963	4
99.1	1.3097	2.6188	5.0933	4
99.15	1.3085	1.8867	5.0949	4
99.2	1.3078	2.2746	5.097	4
99.25	1.3062	2.2132	5.0841	4
99.3	1.3053	2.1442	5.0819	4
99.35	1.3038	2.1327	5.0984	4
99.4	1.3028	2.4325	5.1095	4
99.45	1.3019	2.0008	5.1203	4
99.5	1.3011	2.2226	5.1271	4
99.55	1.2992	2.4684	5.1181	4
99.6	1.298	2.0346	5.1134	4
99.65	1.2969	2.4334	5.1122	4
99.7	1.2957	2.1346	5.1171	4
99.75	1.2944	2.287	5.1053	4
99.8	1.2929	2.3388	5.0836	4
99.85	1.2914	2.2771	5.0865	4
99.9	1.2913	1.7438	5.0957	4
99.95	1.2899	2.6708	5.1141	4
100	1.288	2.1615	5.1076	4
100.05	1.2877	1.9046	5.1043	4
100.1	1.2864	2.4885	5.0976	4
100.15	1.2847	2.3134	5.095	4
100.2	1.2838	1.9705	5.1172	4
100.25	1.2826	2.3997	5.1211	4
100.3	1.2813	2.1248	5.0964	4
100.35	1.2803	2.0287	5.0856	4
100.4	1.279	2.336	5.1038	4
100.45	1.2773	2.2282	5.0963	4
100.5	1.2765	1.9697	5.1061	4
100.55	1.2755	2.2498	5.1021	4
100.6	1.2741	2.4048	5.0965	4
100.65	1.2734	1.7699	5.0936	4
100.7	1.2727	2.3211	5.0852	4
100.75	1.271	2.2966	5.1058	4
100.8	1.27	2.1433	5.1106	4
100.85	1.2692	2.1502	5.1179	4
100.9	1.268	2.142	5.1364	4
100.95	1.2666	2.2551	5.1276	4
101	1.2653	2.132	5.0981	4
101.05	1.2644	2.0892	5.0845	4
101.1	1.2634	2.1559	5.1052	4
101.15	1.2626	1.9973	5.1111	4
101.2	1.2613	2.3133	5.1097	4
101.25	1.2607	1.9234	5.1232	4
101.3	1.2602	2.0374	5.1182	4
101.35	1.2586	2.3597	5.0984	4
101.4	1.2578	1.7982	5.1025	4
101.45	1.2568	2.1453	5.0896	4
101.5	1.2559	1.972	5.0802	4
101.55	1.2555	1.9897	5.0777	4
101.6	1.2548	2.0805	5.0691	4
101.65	1.2542	1.9153	5.0859	4
101.7	1.2538	1.8807	5.0999	4
101.75	1.2526	2.2604	5.1058	4
101.8	1.2514	2.0652	5.1081	4
101.85	1.2507	1.8724	5.096	4
101.9	1.25	1.9875	5.1117	4
101.95	1.2492	1.9918	5.1097	4
102	1.2483	1.8394	5.0906	4
102.05	1.2481	1.913	5.0875	4
102.1	1.2469	1.9512	5.1053	4
102.15	1.2469	1.7675	5.0983	4
102.2	1.246	2.0768	5.0824	4
102.25	1.2453	2.0092	5.0971	4
102.3	1.2448	1.6889	5.1155	4
102.35	1.2441	2.115	5.1142	4
102.4	1.2435	1.7767	5.0982	4
102.45	1.2429	1.9228	5.0752	4
102.5	1.2424	1.7946	5.0894	4
102.55	1.2422	1.7123	5.1121	4
102.6	1.2417	2.1333	5.0987	4
102.65	1.2414	1.6896	5.0905	4
102.7	1.2411	1.8341	5.0906	4
102.75	1.2405	2.0091	5.1013	4
102.8	1.24	1.6616	5.1024	4
102.85	1.2401	1.8254	5.089	4
102.9	1.2393	2.0199	5.0847	4
102.95	1.2393	1.4768	5.0977	4
103	1.2394	1.9168	5.1067	4
103.05	1.2379	2.0371	5.1049	4
103.1	1.2375	1.9383	5.0867	4
103.15	1.2377	1.3819	5.092	4
103.2	1.2375	2.2913	5.0943	4
103.25	1.2364	1.8491	5.0814	4
103.3	1.2364	1.5958	5.0792	4
103.35	1.2362	1.8426	5.0705	4
103.4	1.2354	2.1515	5.0681	4
103.45	1.2353	1.4471	5.0582	4
103.5	1.2348	2.2029	5.0526	4
103.55	1.2337	1.8019	5.0731	4
103.6	1.2334	1.9255	5.0909	4
103.65	1.2333	1.7915	5.1056	4
103.7	1.232	2.2061	5.1112	4
103.75	1.2317	1.5058	5.0975	4
103.8	1.2314	1.9549	5.0963	4
103.85	1.2307	2.1648	5.1024	4
103.9	1.2305	1.697	5.0979	4
103.95	1.2299	1.9403	5.0904	4
104	1.229	2.1805	5.094	4
104.05	1.2287	1.449	5.1008	4
104.1	1.2283	2.2421	5.0983	4
104.15	1.2271	1.9876	5.1083	4
104.2	1.2266	1.6886	5.11	4
104.25	1.2267	1.8311	5.076	4
104.3	1.2255	2.3774	5.0707	4
104.35	1.2248	1.7833	5.0844	4
104.4	1.2248	1.7721	5.0911	4
104.45	1.2235	2.3285	5.1027	4
104.5	1.2225	1.9673	5.098	4
104.55	1.2227	1.5948	5.0958	4
104.6	1.2221	2.1259	5.1021	4
104.65	1.2211	1.9069	5.0896	4
104.7	1.2208	1.5713	5.0901	4
104.75	1.2204	2.1648	5.0939	4
104.8	1.2194	2.1776	5.1015	4
104.85	1.2188	1.5687	5.0997	4
104.9	1.218	2.3051	5.0925	4
104.95	1.2169	1.9823	5.0705	4
105	1.2166	1.7722	5.0437	4
105.05	1.2163	1.8979	5.0646	4
105.1	1.2151	2.2913	5.08	4
105.15	1.2147	1.7162	5.0895	4
105.2	1.2141	2.0513	5.1023	4
105.25	1.2131	2.126	5.0947	4
105.3	1.2121	1.9663	5.1005	4
105.35	1.2117	1.8568	5.0972	4
105.4	1.2111	1.9535	5.0863	4
105.45	1.2103	2	5.0922	4
105.5	1.2098	1.7636	5.0859	4
105.55	1.2094	1.887	5.077	4
105.6	1.2087	2.0951	5.0924	4
105.65	1.2086	1.6242	5.1042	4
105.7	1.2079	2.199	5.1067	4
105.75	1.2068	1.8963	5.1021	4
105.8	1.2066	1.7412	5.0941	4
105.85	1.2058	2.1149	5.0967	4
105.9	1.2056	1.5848	5.0712	4
105.95	1.2052	1.8894	5.0845	4
106	1.2047	1.9023	5.0974	4
106.05	1.2044	1.7225	5.0845	4
106.1	1.2039	2.1031	5.0854	4
106.15	1.2032	1.766	5.0834	4
106.2	1.2028	1.966	5.0823	4
106.25	1.2025	1.8115	5.0949	4
106.3	1.2023	1.8578	5.0764	4
106.35	1.2018	1.8333	5.0714	4
106.4	1.2018	1.5665	5.0794	4
106.45	1.2014	1.8374	5.0897	4
106.5	1.2008	2.0584	5.0975	4
106.55	1.2002	1.6823	5.0869	4
106.6	1.1996	1.9988	5.0813	4
106.65	1.199	1.8262	5.0772	4
106.7	1.1989	1.6017	5.0797	4
106.75	1.1984	2.0807	5.0983	4
106.8	1.198	1.6349	5.0991	4
106.85	1.1984	1.7418	5.1052	4
106.9	1.1979	2.0677	5.0851	4
106.95	1.1968	1.7753	5.0796	4
107	1.1967	1.7486	5.0903	4
107.05	1.1961	1.8827	5.0848	4
107.1	1.1959	1.8792	5.0761	4
107.15	1.1958	1.554	5.0767	4
107.2	1.1952	2.0195	5.085	4
107.25	1.1946	1.8842	5.0851	4
107.3	1.1943	1.7711	5.0786	4
107.35	1.1941	1.9694	5.0836	4
107.4	1.1931	1.9633	5.0832	4
107.45	1.1922	1.7704	5.0672	4
107.5	1.1925	1.6559	5.0523	4
107.55	1.1919	2.1134	5.0615	4
107.6	1.1914	1.6984	5.0728	4
107.65	1.1914	1.5459	5.0773	4
107.7	1.1908	2.175	5.0622	4
107.75	1.1901	1.7955	5.0645	4
107.8	1.1898	1.9311	5.073	4
107.85	1.1892	1.8467	5.0749	4
107.9	1.1885	2.0313	5.0857	4
107.95	1.1878	1.6962	5.0857	4
108	1.1879	1.8496	5.0716	4
108.05	1.1873	2.038	5.0645	4
108.1	1.1868	1.8389	5.0783	4
108.15	1.1862	1.865	5.0844	4
108.2	1.1857	1.8738	5.0756	4
108.25	1.1851	1.9126	5.0768	4
108.3	1.1844	1.876	5.0617	4
108.35	1.1843	1.5621	5.0596	4
108.4	1.1841	1.9698	5.0715	4
108.45	1.1839	1.5049	5.0613	4
108.5	1.1848	1.3397	5.0836	4
108.55	1.1853	1.7085	5.0932	4
108.6	1.1853	1.3159	5.0699	4
108.65	1.1857	1.4961	5.0634	4
108.7	1.1859	1.4668	5.0753	4
108.75	1.1862	1.6722	5.0637	4
108.8	1.1863	1.4831	5.0603	4
108.85	1.1865	1.5969	5.0521	4
108.9	1.1867	1.536	5.0617	4
108.95	1.1868	1.5923	5.0719	4
109	1.1874	1.3828	5.0686	4
109.05	1.1875	1.6072	5.0634	4
109.1	1.1878	1.3025	5.0456	4
109.15	1.1882	1.5382	5.0472	4
109.2	1.1884	1.3805	5.0717	4
109.25	1.189	1.4066	5.0819	4
109.3	1.1897	1.3593	5.076	4
109.35	1.1901	1.4502	5.057	4
109.4	1.1907	1.3755	5.0671	4
109.45	1.1909	1.6366	5.0769	4
109.5	1.1917	1.1811	5.0855	4
109.55	1.1919	1.7062	5.0782	4
109.6	1.1919	1.4261	5.0756	4
109.65	1.1927	1.5013	5.0698	4
109.7	1.1929	1.683	5.0748	4
109.75	1.1933	1.158	5.0845	4
109.8	1.1938	1.6779	5.0841	4
109.85	1.1929	1.9972	5.0784	4
109.9	1.1932	1.2483	5.0874	4
109.95	1.1937	1.6473	5.0981	4
110	1.1935	1.7692	5.0981	4
110.05	1.1939	1.4282	5.0872	4
110.1	1.1942	1.4999	5.0749	4
110.15	1.1941	1.9474	5.0818	4
110.2	1.194	1.3234	5.0903	4
110.25	1.1941	1.8465	5.0962	4
110.3	1.1937	1.6341	5.0783	4
110.35	1.1935	1.8837	5.0587	4
110.4	1.1934	1.6365	5.0507	4
110.45	1.1933	1.7416	5.063	4
110.5	1.193	1.8391	5.0797	4
110.55	1.1929	1.6178	5.079	4
110.6	1.1922	2.1622	5.0772	4
110.65	1.1918	1.6922	5.0782	4
110.7	1.1914	1.8697	5.0845	4
110.75	1.1902	2.2382	5.072	4
110.8	1.1894	1.8293	5.0664	4
110.85	1.1894	1.7124	5.082	4
110.9	1.189	1.9648	5.0842	4
110.95	1.1887	1.6637	5.0838	4
111	1.1882	2.0371	5.0785	4
111.05	1.1873	1.8091	5.0798	4
111.1	1.1871	1.8109	5.0963	4
111.15	1.187	1.6999	5.0843	4
111.2	1.1865	2.0844	5.0728	4
111.25	1.1859	1.6783	5.0657	4
111.3	1.1855	2.1051	5.0761	4
111.35	1.1856	1.4444	5.0859	4
111.4	1.1853	2.0292	5.0771	4
111.45	1.1852	1.5492	5.0861	4
111.5	1.1853	1.6019	5.0785	4
111.55	1.1848	2.082	5.0724	4
111.6	1.1842	1.5476	5.0823	4
111.65	1.1842	1.8421	5.0939	4
111.7	1.1838	1.8781	5.0971	4
111.75	1.1836	1.5351	5.0932	4
111.8	1.1831	2.0902	5.0891	4
111.85	1.183	1.3709	5.0821	4
111.9	1.183	1.7429	5.0726	4
111.95	1.1831	1.7081	5.0754	4
112	1.182	2.008	5.0896	4
112.05	1.1825	1.3106	5.0809	4
112.1	1.1824	2.0016	5.0831	4
112.15	1.182	1.7246	5.1066	4
112.2	1.182	1.7866	5.1159	4
112.25	1.181	1.9694	5.0996	4
112.3	1.1808	1.8248	5.0917	4
112.35	1.1802	1.8187	5.0888	4
112.4	1.1799	1.9106	5.0831	4
112.45	1.1793	1.8863	5.075	4
112.5	1.179	1.6816	5.0723	4
112.55	1.1784	1.9752	5.0722	4
112.6	1.1776	1.8313	5.0843	4
112.65	1.1771	2.0094	5.0686	4
112.7	1.1765	1.6816	5.0657	4
112.75	1.1763	2.089	5.0603	4
112.8	1.1753	1.762	5.0656	4
112.85	1.1753	2.0098	5.0759	4
112.9	1.1741	1.6641	5.0777	4
112.95	1.174	2.143	5.0766	4
113	1.173	1.762	5.0844	4
113.05	1.173	1.9136	5.0821	4
113.1	1.1721	2.1192	5.0734	4
113.15	1.1712	1.8463	5.069	4
113.2	1.1705	2.1081	5.0599	4
113.25	1.1703	1.5816	5.0637	4
113.3	1.1697	2.1735	5.0674	4
113.35	1.1692	1.6978	5.0671	4
113.4	1.1687	1.852	5.0698	4
113.45	1.1685	1.7856	5.0665	4
113.5	1.1683	1.9362	5.0841	4
113.55	1.1674	2.0068	5.0808	4
113.6	1.167	1.9026	5.0796	4
113.65	1.1657	1.9137	5.0998	4
113.7	1.1652	2.0152	5.1065	4
113.75	1.165	1.6148	5.1108	4
113.8	1.1649	1.9103	5.1032	4
113.85	1.1642	1.8467	5.1066	4
113.9	1.1637	1.8253	5.1038	4
113.95	1.1638	1.6667	5.1005	4
114	1.1636	1.9548	5.1135	4
114.05	1.1624	2.1651	5.0887	4
114.1	1.1627	1.1977	5.0726	4
114.15	1.1626	2.1591	5.0572	4
114.2	1.1618	1.7496	5.0635	4
114.25	1.1621	1.4481	5.0693	4
114.3	1.1624	1.5971	5.0698	4
114.35	1.1615	2.1378	5.0797	4
114.4	1.1615	1.2216	5.0885	4
114.45	1.1617	1.6414	5.084	4
114.5	1.1611	1.9435	5.082	4
114.55	1.161	1.5201	5.0704	4
114.6	1.1617	1.4971	5.0689	4
114.65	1.1614	1.8395	5.0731	4
114.7	1.1612	1.6203	5.0704	4
114.75	1.1615	1.5949	5.0665	4
114.8	1.1612	1.6974	5.0585	4
114.85	1.1608	1.8039	5.0492	4
114.9	1.1611	1.5392	5.0681	4
114.95	1.1614	1.495	5.0784	4
115	1.1612	1.9558	5.0735	4
115.05	1.1608	1.3592	5.0715	4
115.1	1.1616	1.477	5.0588	4
115.15	1.1612	1.9411	5.0619	4
115.2	1.1613	1.464	5.0725	4
115.25	1.1623	1.1889	5.0819	4
115.3	1.1623	1.8472	5.0742	4
115.35	1.1619	1.6487	5.055	4
115.4	1.1625	1.2401	5.0571	4
115.45	1.1625	1.877	5.0493	4
115.5	1.1626	1.4193	5.0498	4
115.55	1.1629	1.6782	5.0723	4
115.6	1.1628	1.5206	5.0781	4
115.65	1.1628	1.6948	5.0875	4
115.7	1.1632	1.4231	5.0902	4
115.75	1.1635	1.6005	5.0871	4
115.8	1.1633	1.8456	5.0859	4
115.85	1.1633	1.5816	5.0798	4
115.9	1.1637	1.4353	5.0777	4
115.95	1.1632	1.9288	5.0724	4
116	1.1633	1.3337	5.0724	4
116.05	1.1632	1.8807	5.078	4
116.1	1.1637	1.2825	5.0695	4
116.15	1.1641	1.6954	5.0779	4
116.2	1.1635	1.7627	5.0688	4
116.25	1.1637	1.4503	5.0551	4
116.3	1.1642	1.5682	5.0677	4
116.35	1.1636	2.0314	5.0784	4
116.4	1.1635	1.1764	5.0716	4
116.45	1.1638	1.8604	5.068	4
116.5	1.1631	1.6562	5.068	4
116.55	1.1642	1.2701	5.0845	4
116.6	1.1643	1.8232	5.094	4
116.65	1.1642	1.5904	5.0851	4
116.7	1.1644	1.3203	5.0912	4
116.75	1.1649	1.7745	5.0759	4
116.8	1.165	1.3869	5.0717	4
116.85	1.1652	1.6262	5.0704	4
116.9	1.1656	1.314	5.0733	4
116.95	1.1663	1.5294	5.0916	4
117	1.1659	1.6875	5.0954	4
117.05	1.1663	1.3356	5.0748	4
117.1	1.1668	1.6472	5.0586	4
117.15	1.1669	1.6024	5.0664	4
117.2	1.1672	1.3798	5.0814	4
117.25	1.1674	1.6275	5.0895	4
117.3	1.1674	1.3296	5.092	4
117.35	1.1681	1.4705	5.0955	4
117.4	1.168	1.6868	5.0956	4
117.45	1.1682	1.2687	5.0747	4
117.5	1.1693	1.34	5.0667	4
117.55	1.1694	1.6342	5.0826	4
117.6	1.1696	1.3476	5.0991	4
117.65	1.1704	1.2964	5.1017	4
117.7	1.1704	1.5762	5.0925	4
117.75	1.1713	1.4348	5.093	4
117.8	1.1715	1.481	5.086	4
117.85	1.1724	1.1694	5.0916	4
117.9	1.1728	1.4747	5.0893	4
117.95	1.1733	1.3967	5.0823	4
118	1.1739	1.2623	5.0763	4
118.05	1.1748	1.4137	5.0719	4
118.1	1.1749	1.5526	5.0705	4
118.15	1.1761	1.0318	5.0555	4
118.2	1.1763	1.6786	5.0487	4
118.25	1.1766	1.1115	5.0474	4
118.3	1.1774	1.4649	5.0667	4
118.35	1.1778	1.2785	5.0844	4
118.4	1.1782	1.7047	5.0756	4
118.45	1.1787	1.1215	5.0704	4
118.5	1.1786	1.95	5.0684	4
118.55	1.1793	1.0143	5.0688	4
118.6	1.1793	2.046	5.0978	4
118.65	1.1791	1.2428	5.0921	4
118.7	1.1798	1.5117	5.0798	4
118.75	1.1794	1.7859	5.0687	4
118.8	1.1798	1.4905	5.0746	4
118.85	1.1801	1.613	5.0792	4
118.9	1.1802	1.7249	5.0743	4
118.95	1.1799	1.5981	5.065	4
119	1.1802	1.6868	5.0752	4
119.05	1.1805	1.4168	5.0705	4
119.1	1.1809	1.6354	5.0721	4
119.15	1.1807	1.7586	5.0671	4
119.2	1.1813	1.2976	5.0725	4
119.25	1.1818	1.5417	5.0788	4
119.3	1.182	1.6289	5.066	4
119.35	1.1817	1.7342	5.0847	4
119.4	1.1824	1.2988	5.099	4
119.45	1.1823	1.7282	5.0913	4
119.5	1.1821	1.5024	5.0938	4
119.55	1.1823	1.6717	5.064	4
119.6	1.1826	1.1759	5.069	4
119.65	1.1827	1.6125	5.0887	4
119.7	1.183	1.4037	5.0897	4
119.75	1.1838	1.3582	5.0835	4
119.8	1.1847	1.4091	5.0893	4
119.85	1.1846	1.8393	5.0896	4
119.9	1.1851	1.1862	5.0867	4
119.95	1.1861	1.3219	5.0897	4
120	1.1863	1.604	5.0915	4
120.05	1.1867	1.3769	5.0911	4
120.1	1.1876	1.3599	5.094	4
120.15	1.1882	1.4832	5.0803	4
120.2	1.1885	1.4497	5.064	4
120.25	1.1892	1.4023	5.0658	4
120.3	1.19	1.2907	5.0639	4
120.35	1.1899	1.7703	5.059	4
120.4	1.19	1.3142	5.0628	4
120.45	1.1913	1.2494	5.0523	4
120.5	1.1913	1.7908	5.0648	4
120.55	1.1912	1.3013	5.0707	4
120.6	1.192	1.2986	5.0649	4
120.65	1.1921	1.7071	5.059	4
120.7	1.1923	1.3782	5.0531	4
120.75	1.1931	1.3997	5.06	4
120.8	1.1933	1.5395	5.0739	4
120.85	1.1934	1.5622	5.0721	4
120.9	1.1934	1.4553	5.067	4
120.95	1.1937	1.5499	5.0601	4
121	1.1944	1.5586	5.0556	4
121.05	1.1941	1.8321	5.0494	4
121.1	1.1946	1.0672	5.0543	4
121.15	1.1952	1.7945	5.0607	4
121.2	1.1944	1.7233	5.0489	4
121.25	1.1953	1.1641	5.0437	4
121.3	1.1958	1.5406	5.0319	4
121.35	1.196	1.8733	5.0218	4
121.4	1.1958	1.3737	5.058	4
121.45	1.1963	1.6376	5.0712	4
121.5	1.1961	1.7874	5.0757	4
121.55	1.1961	1.4837	5.0721	4
121.6	1.196	1.8069	5.0555	4
121.65	1.1961	1.4809	5.0524	4
121.7	1.196	1.8311	5.0598	4
121.75	1.1963	1.6277	5.0626	4
121.8	1.1958	1.6252	5.0724	4
121.85	1.1962	1.6436	5.0715	4
121.9	1.1959	1.69	5.0594	4
121.95	1.1961	1.6633	5.0566	4
122	1.1956	1.6968	5.07	4
122.05	1.1959	1.5504	5.0693	4
122.1	1.1955	1.9711	5.0541	4
122.15	1.1958	1.254	5.035	4
122.2	1.196	1.7868	5.0394	4
122.25	1.1954	1.89	5.0552	4
122.3	1.1957	1.2412	5.0705	4
122.35	1.196	1.8995	5.0631	4
122.4	1.1957	1.5623	5.0513	4
122.45	1.1962	1.6	5.0542	4
122.5	1.1964	1.6025	5.0551	4
122.55	1.1957	1.8736	5.065	4
122.6	1.1962	1.3442	5.0646	4
122.65	1.1962	1.8369	5.0648	4
122.7	1.1963	1.3781	5.0789	4
122.75	1.1966	1.8195	5.0522	4
122.8	1.1965	1.2206	5.0617	4
122.85	1.1968	1.7973	5.0636	4
122.9	1.197	1.4474	5.0676	4
122.95	1.1967	1.8196	5.0809	4
123	1.1977	1.0485	5.0595	4
123.05	1.1975	1.9697	5.0648	4
123.1	1.1974	1.2246	5.0709	4
123.15	1.1985	1.3422	5.0596	4
123.2	1.1987	1.6674	5.0597	4
123.25	1.1993	1.5655	5.0719	4
123.3	1.1997	1.2653	5.0643	4
123.35	1.2003	1.5069	5.0413	4
123.4	1.2001	1.3983	5.0296	4
123.45	1.2011	1.2155	5.0403	4
123.5	1.2017	1.5402	5.0551	4
123.55	1.2022	1.5491	5.0816	4
123.6	1.2025	1.3398	5.093	4
123.65	1.2037	1.086	5.0712	4
123.7	1.2036	1.8094	5.0732	4
123.75	1.2043	1.117	5.0722	4
123.8	1.2051	1.3341	5.0665	4
123.85	1.2059	1.2914	5.0837	4
123.9	1.2062	1.4549	5.0831	4
123.95	1.207	1.1862	5.0827	4
124	1.2078	1.4585	5.0832	4
124.05	1.2081	1.3823	5.0947	4
124.1	1.2091	1.1983	5.0889	4
124.15	1.21	1.207	5.0677	4
124.2	1.2108	1.4863	5.073	4
124.25	1.2113	1.0807	5.0723	4
124.3	1.2123	1.3988	5.066	4
124.35	1.2128	1.248	5.0816	4
124.4	1.2135	1.4011	5.083	4
124.45	1.2142	1.1752	5.0864	4
124.5	1.2151	1.3611	5.0758	4
124.55	1.2154	1.306	5.0728	4
124.6	1.2163	1.2517	5.0769	4
124.65	1.217	1.3116	5.0714	4
124.7	1.2176	1.457	5.0789	4
124.75	1.2182	1.2599	5.0843	4
124.8	1.2194	1.2923	5.0679	4
124.85	1.2194	1.6767	5.0724	4
124.9	1.2199	1.315	5.082	4
124.95	1.2209	1.2709	5.0763	4
125	1.2213	1.467	5.0658	4
125.05	1.2217	1.3873	5.0577	4
125.1	1.2222	1.3567	5.0757	4
125.15	1.2228	1.4934	5.0873	4
125.2	1.2232	1.4515	5.0988	4
125.25	1.2235	1.4329	5.1076	4
125.3	1.224	1.3684	5.093	4
125.35	1.2247	1.4445	5.0722	4
125.4	1.2247	1.5443	5.0849	4
125.45	1.2252	1.4503	5.1072	4
125.5	1.2257	1.3192	5.0998	4
125.55	1.226	1.5907	5.0885	4
125.6	1.2268	1.2215	5.1051	4
125.65	1.2272	1.4372	5.112	4
125.7	1.2274	1.529	5.109	4
125.75	1.2277	1.3684	5.1086	4
125.8	1.2285	1.3245	5.0963	4
125.85	1.2296	1.2687	5.0959	4
125.9	1.2298	1.5238	5.0803	4
125.95	1.2302	1.3576	5.0736	4
126	1.2312	0.9375	5.0935	4
126.05	1.2315	1.7922	5.0858	4
126.1	1.232	1.0683	5.0998	4
126.15	1.2332	1.2011	5.1211	4
126.2	1.2339	1.4066	5.128	4
126.25	1.2342	1.3516	5.1276	4
126.3	1.2353	1.0068	5.1217	4
126.35	1.236	1.4885	5.1252	4
126.4	1.2364	1.1984	5.1199	4
126.45	1.2376	1.3179	5.1076	4
126.5	1.2388	0.9066	5.0959	4
126.55	1.2396	1.5314	5.0992	4
126.6	1.2401	1.2004	5.1022	4
126.65	1.2413	0.7612	5.11	4
126.7	1.2421	1.7904	5.0879	4
126.75	1.2427	0.8533	5.0775	4
126.8	1.2443	1.3374	5.0887	4
126.85	1.2456	1.0204	5.0958	4
126.9	1.2458	1.5775	5.0862	4
126.95	1.2469	0.8658	5.067	4
127	1.2476	1.5046	5.0633	4
127.05	1.2482	1.0086	5.0641	4
127.1	1.2494	1.4381	5.0546	4
127.15	1.2499	1.0577	5.0559	4
127.2	1.2509	1.5905	5.0635	4
127.25	1.2523	0.7886	5.0776	4
127.3	1.2527	1.6452	5.0598	4
127.35	1.2535	1.1631	5.0667	4
127.4	1.2542	1.4919	5.0824	4
127.45	1.2546	1.2471	5.0716	4
127.5	1.2555	1.4355	5.0693	4
127.55	1.2552	1.5719	5.0694	4
127.6	1.257	0.877	5.0548	4
127.65	1.257	1.922	5.0575	4
127.7	1.2566	1.6354	5.0657	4
127.75	1.2578	0.9031	5.0677	4
127.8	1.2579	1.9601	5.0663	4
127.85	1.2577	1.3651	5.0713	4
127.9	1.2585	1.398	5.0744	4
127.95	1.2592	1.3671	5.0683	4
128	1.2591	1.9249	5.0775	4
128.05	1.2591	1.2094	5.0822	4
128.1	1.2601	1.3813	5.0753	4
128.15	1.2596	1.937	5.077	4
128.2	1.2602	1.3109	5.0796	4
128.25	1.2605	1.5477	5.0849	4
128.3	1.2608	1.6874	5.0845	4
128.35	1.2601	1.5517	5.0888	4
128.4	1.2611	1.2297	5.0893	4
128.45	1.2609	1.8474	5.0852	4
128.5	1.2613	1.397	5.0675	4
128.55	1.2618	1.4298	5.0622	4
128.6	1.2615	1.867	5.0557	4
128.65	1.2616	1.4487	5.0629	4
128.7	1.2614	1.9736	5.0551	4
128.75	1.2613	1.3518	5.0628	4
128.8	1.2617	1.9846	5.1026	4
128.85	1.2615	1.3177	5.0957	4
128.9	1.2621	1.8193	5.0674	4
128.95	1.2616	1.5162	5.0483	4
129	1.2618	1.8541	5.0489	4
129.05	1.262	1.3798	5.07	4
129.1	1.2623	1.8767	5.0652	4
129.15	1.2615	1.903	5.0584	4
129.2	1.2622	1.1085	5.0558	4
129.25	1.2614	2.4403	5.0671	4
129.3	1.2614	1.0298	5.0757	4
129.35	1.2613	2.2338	5.0762	4
129.4	1.2609	1.294	5.0734	4
129.45	1.2609	2.0304	5.0794	4
129.5	1.2606	1.5592	5.0629	4
129.55	1.2602	1.9631	5.0655	4
129.6	1.2601	1.356	5.0743	4
129.65	1.2603	2.235	5.0672	4
129.7	1.2594	1.3075	5.0616	4
129.75	1.2598	2.0477	5.0656	4
129.8	1.2589	1.6029	5.067	4
129.85	1.2593	1.8306	5.0636	4
129.9	1.2589	1.5911	5.0609	4
129.95	1.259	1.8356	5.069	4
130	1.2586	1.6824	5.0397	4
130.05	1.2584	1.9034	5.0459	4
130.1	1.2575	1.8679	5.0587	4
130.15	1.2577	1.5856	5.0563	4
130.2	1.2573	1.9143	5.0702	4
130.25	1.2574	1.6897	5.0709	4
130.3	1.2572	1.8181	5.0706	4
130.35	1.2562	1.9091	5.0832	4
130.4	1.2562	1.6366	5.0677	4
130.45	1.2562	1.607	5.0657	4
130.5	1.2557	2.1083	5.0661	4
130.55	1.2559	1.3716	5.0551	4
130.6	1.2553	2.1865	5.052	4
130.65	1.2552	1.5419	5.0601	4
130.7	1.2548	1.9492	5.0778	4
130.75	1.2544	1.7452	5.0806	4
130.8	1.2545	1.6182	5.064	4
130.85	1.2537	2.1328	5.0478	4
130.9	1.2532	1.7377	5.0544	4
130.95	1.2527	1.9424	5.0695	4
131	1.2525	1.8376	5.0716	4
131.05	1.2518	1.9201	5.077	4
131.1	1.2518	1.6485	5.0752	4
131.15	1.2512	1.9324	5.069	4
131.2	1.2509	1.7929	5.0762	4
131.25	1.2499	2.0381	5.0803	4
131.3	1.2498	1.564	5.0807	4
131.35	1.2493	2.054	5.083	4
131.4	1.2487	1.7586	5.0874	4
131.45	1.2488	1.9613	5.088	4
131.5	1.2482	1.6031	5.0705	4
131.55	1.2479	2.0501	5.0597	4
131.6	1.2476	1.3385	5.06	4
131.65	1.2473	2.2131	5.0609	4
131.7	1.2466	1.6206	5.0549	4
131.75	1.2467	1.7538	5.0544	4
131.8	1.2459	2.2303	5.0447	4
131.85	1.2462	1.2515	5.0525	4
131.9	1.2452	2.3878	5.0478	4
131.95	1.2452	1.4457	5.0585	4
132	1.2446	2.0654	5.0799	4
132.05	1.2445	1.7566	5.0701	4
132.1	1.244	1.9599	5.0777	4
132.15	1.2438	1.6569	5.0753	4
132.2	1.2429	2.3183	5.0618	4
132.25	1.2424	1.3739	5.0605	4
132.3	1.2422	2.2272	5.0422	4
132.35	1.2416	1.435	5.0444	4
132.4	1.2412	2.1804	5.0594	4
132.45	1.2402	1.8006	5.0601	4
132.5	1.2404	1.7271	5.0628	4
132.55	1.2398	2.0035	5.0651	4
132.6	1.2396	1.7854	5.0724	4
132.65	1.2392	1.6158	5.06	4
132.7	1.239	2.0539	5.0526	4
132.75	1.2383	1.7639	5.0655	4
132.8	1.2385	1.7409	5.0629	4
132.85	1.2378	1.9969	5.0614	4
132.9	1.2375	1.5702	5.0649	4
132.95	1.2372	2.092	5.0727	4
133	1.2372	1.5523	5.0816	4
133.05	1.2369	1.9957	5.0723	4
133.1	1.2366	1.7161	5.0826	4
133.15	1.2358	1.884	5.071	4
133.2	1.2363	1.4348	5.0719	4
133.25	1.236	1.9374	5.0905	4
133.3	1.2356	1.5867	5.0837	4
133.35	1.2361	1.4607	5.0694	4
133.4	1.2361	1.7447	5.0698	4
133.45	1.236	1.6489	5.0794	4
133.5	1.2362	1.2813	5.0768	4
133.55	1.2365	1.8739	5.0583	4
133.6	1.2361	1.4691	5.0637	4
133.65	1.2371	1.3943	5.0914	4
133.7	1.2375	1.5446	5.0813	4
133.75	1.2374	1.5087	5.0655	4
133.8	1.2378	1.5218	5.0663	4
133.85	1.2381	1.2803	5.0532	4
133.9	1.2383	1.5949	5.0473	4
133.95	1.2387	1.3209	5.0535	4
134	1.2391	1.4485	5.0554	4
134.05	1.2399	1.3604	5.0449	4
134.1	1.2403	1.5483	5.0629	4
134.15	1.2408	1.2786	5.0822	4
134.2	1.2416	1.4574	5.0746	4
134.25	1.2422	1.4225	5.0772	4
134.3	1.243	1.2438	5.0798	4
134.35	1.2435	1.4043	5.0904	4
134.4	1.2439	1.3997	5.0982	4
134.45	1.2446	1.2818	5.0926	4
134.5	1.2452	1.4927	5.1004	4
134.55	1.246	1.1682	5.0898	4
134.6	1.2466	1.5945	5.0822	4
134.65	1.2472	0.9766	5.089	4
134.7	1.2484	1.5353	5.0892	4
134.75	1.2492	0.9459	5.0648	4
134.8	1.2504	1.4289	5.0639	4
134.85	1.2511	1.1754	5.0711	4
134.9	1.2517	1.4066	5.0774	4
134.95	1.2525	1.1739	5.0862	4
135	1.2532	1.3903	5.098	4
135.05	1.2534	1.355	5.106	4
135.1	1.2548	1.1218	5.1054	4
135.15	1.2552	1.4537	5.1054	4
135.2	1.2558	1.4041	5.1034	4
135.25	1.2562	1.4502	5.1035	4
135.3	1.2571	1.337	5.1024	4
135.35	1.2576	1.4638	5.0884	4
135.4	1.2582	1.3041	5.0894	4
135.45	1.2586	1.5633	5.1001	4
135.5	1.2594	1.2149	5.1054	4
135.55	1.2596	1.6754	5.104	4
135.6	1.2601	1.1213	5.091	4
135.65	1.2604	1.5974	5.0827	4
135.7	1.2609	1.3536	5.0931	4
135.75	1.2617	1.4653	5.0912	4
135.8	1.2622	1.3664	5.0922	4
135.85	1.2623	1.5221	5.0979	4
135.9	1.263	1.1211	5.0945	4
135.95	1.2632	1.9165	5.0889	4
136	1.2637	1.0356	5.0945	4
136.05	1.2639	1.7924	5.1034	4
136.1	1.2642	1.3183	5.0934	4
136.15	1.2641	1.7309	5.0951	4
136.2	1.2649	1.2251	5.0955	4
136.25	1.2653	1.8086	5.0811	4
136.3	1.2652	1.466	5.0735	4
136.35	1.2655	1.6178	5.0821	4
136.4	1.2654	1.6014	5.0883	4
136.45	1.2653	1.812	5.087	4
136.5	1.2654	1.5232	5.0808	4
136.55	1.2648	1.9027	5.0857	4
136.6	1.2644	1.7116	5.0866	4
136.65	1.2647	1.6421	5.0853	4
136.7	1.2645	1.769	5.0886	4
136.75	1.2644	1.703	5.0766	4
136.8	1.2638	1.8444	5.0857	4
136.85	1.2639	1.8019	5.0936	4
136.9	1.2635	1.6545	5.0941	4
136.95	1.2636	1.9952	5.109	4
137	1.263	1.7642	5.1096	4
137.05	1.263	1.6186	5.1056	4
137.1	1.2626	1.8862	5.1051	4
137.15	1.2622	1.5706	5.1037	4
137.2	1.2624	1.6998	5.1058	4
137.25	1.2624	1.7516	5.0875	4
137.3	1.2615	1.8563	5.0886	4
137.35	1.262	1.488	5.0892	4
137.4	1.2623	1.7416	5.0967	4
137.45	1.2619	1.7074	5.0969	4
137.5	1.2623	1.5222	5.1018	4
137.55	1.2623	1.7062	5.0886	4
137.6	1.2618	1.8585	5.0816	4
137.65	1.2628	1.0699	5.0746	4
137.7	1.2625	2.1186	5.0868	4
137.75	1.2619	1.319	5.0985	4
137.8	1.2628	1.2747	5.0909	4
137.85	1.2631	1.5603	5.0828	4
137.9	1.2633	1.6569	5.083	4
137.95	1.2642	0.9505	5.0832	4
138	1.2648	1.582	5.0955	4
138.05	1.2648	1.5162	5.0982	4
138.1	1.2657	1.1694	5.082	4
138.15	1.2664	1.2421	5.064	4
138.2	1.2669	1.5205	5.0805	4
138.25	1.2673	1.2882	5.1062	4
138.3	1.2687	1.0313	5.1015	4
138.35	1.2694	1.338	5.0967	4
138.4	1.2698	1.4755	5.0919	4
138.45	1.2711	0.927	5.0947	4
138.5	1.2724	1.3379	5.1138	4
138.55	1.2727	1.5516	5.1136	4
138.6	1.2741	0.7525	5.1156	4
138.65	1.2747	1.4015	5.117	4
138.7	1.2754	1.3532	5.1282	4
138.75	1.2769	0.8181	5.1333	4
138.8	1.2781	1.2127	5.1215	4
138.85	1.2787	1.3718	5.1101	4
138.9	1.28	0.981	5.093	4
138.95	1.2812	1.3433	5.0921	4
139	1.2817	1.0876	5.1076	4
139.05	1.2828	1.1552	5.1139	4
139.1	1.2842	1.1068	5.1145	4
139.15	1.2848	1.4075	5.1173	4
139.2	1.2865	0.8047	5.1205	4
139.25	1.2879	1.0387	5.1224	4
139.3	1.2882	1.5827	5.1152	4
139.35	1.2894	0.87	5.1119	4
139.4	1.2908	1.1014	5.118	4
139.45	1.292	1.3115	5.1314	4
139.5	1.2923	1.4472	5.1261	4
139.55	1.2932	1.0092	5.1086	4
139.6	1.2937	1.5738	5.1142	4
139.65	1.2945	1.27	5.1216	4
139.7	1.2952	1.2957	5.1197	4
139.75	1.2958	1.4351	5.1318	4
139.8	1.296	1.6483	5.1352	4
139.85	1.2967	1.1521	5.1185	4
139.9	1.2976	1.5079	5.1117	4
139.95	1.2972	1.8948	5.1048	4
140	1.2976	1.1915	5.1118	4
140.05	1.2987	1.0818	5.1179	4
140.1	1.2985	2.2222	5.1079	4
140.15	1.2981	1.2268	5.0987	4
140.2	1.2999	1.1622	5.1096	4
140.25	1.2997	1.8731	5.1217	4
140.3	1.2995	1.7064	5.123	4
140.35	1.3001	1.3103	5.1218	4
140.4	1.3007	1.7207	5.1109	4
140.45	1.2997	2.0328	5.1046	4
140.5	1.3005	1.1018	5.1153	4
140.55	1.3004	1.7862	5.1096	4
140.6	1.2999	2.0301	5.1053	4
140.65	1.2998	1.2897	5.1022	4
140.7	1.3006	1.732	5.1067	4
140.75	1.2994	1.9445	5.1214	4
140.8	1.2996	1.5967	5.1164	4
140.85	1.2997	1.5651	5.1006	4
140.9	1.2995	1.8328	5.0932	4
140.95	1.2991	1.7433	5.0891	4
141	1.2997	1.2077	5.0903	4
141.05	1.2996	2.0487	5.1129	4
141.1	1.2994	1.7048	5.1034	4
141.15	1.2995	1.3569	5.0969	4
141.2	1.2997	1.8653	5.1122	4
141.25	1.2994	1.7254	5.096	4
141.3	1.2997	1.428	5.0844	4
141.35	1.2996	1.9484	5.0844	4
141.4	1.2988	1.7094	5.0868	4
141.45	1.2989	1.7951	5.0878	4
141.5	1.2988	1.705	5.0845	4
141.55	1.2982	1.9649	5.0948	4
141.6	1.2978	1.7526	5.0954	4
141.65	1.2977	1.7478	5.0959	4
141.7	1.2969	1.9759	5.0869	4
141.75	1.2969	1.6223	5.0838	4
141.8	1.2967	1.8206	5.097	4
141.85	1.2964	1.9396	5.0806	4
141.9	1.2959	1.7721	5.0626	4
141.95	1.2962	1.5346	5.074	4
142	1.2955	2.0067	5.0912	4
142.05	1.2949	1.7758	5.1078	4
142.1	1.2953	1.4665	5.115	4
142.15	1.2948	2.1278	5.0992	4
142.2	1.2943	1.643	5.0884	4
142.25	1.2946	1.8419	5.0831	4
142.3	1.2941	1.8531	5.1027	4
142.35	1.2936	1.901	5.0923	4
142.4	1.2937	1.5479	5.0861	4
142.45	1.2936	1.9833	5.0927	4
142.5	1.2927	1.8656	5.0814	4
142.55	1.2927	1.7718	5.0932	4
142.6	1.2926	1.6649	5.0878	4
142.65	1.2925	1.8173	5.0944	4
142.7	1.2916	1.9007	5.1054	4
142.75	1.2917	1.5686	5.0849	4
142.8	1.2917	1.5918	5.0933	4
142.85	1.2917	1.8963	5.1293	4
142.9	1.2909	1.7852	5.136	4
142.95	1.291	1.5317	5.1128	4
143	1.2908	1.9029	5.108	4
143.05	1.2906	1.6738	5.1259	4
143.1	1.2902	1.7683	5.1314	4
143.15	1.2904	1.7107	5.1242	4
143.2	1.2899	1.9156	5.1279	4
143.25	1.2901	1.523	5.1099	4
143.3	1.2902	1.7098	5.0983	4
143.35	1.2897	1.815	5.1102	4
143.4	1.289	1.8933	5.1061	4
143.45	1.2893	1.3503	5.115	4
143.5	1.2889	2.065	5.1189	4
143.55	1.2887	1.5414	5.1142	4
143.6	1.2891	1.4863	5.1145	4
143.65	1.2894	1.5806	5.1217	4
143.7	1.2891	1.8249	5.1208	4
143.75	1.2889	1.5046	5.0949	4
143.8	1.2892	1.6335	5.0932	4
143.85	1.2892	1.4333	5.0963	4
143.9	1.2895	1.8613	5.0938	4
143.95	1.2896	1.2557	5.0999	4
144	1.2902	1.6377	5.0949	4
144.05	1.2905	1.2859	5.0825	4
144.1	1.2913	1.463	5.1046	4
144.15	1.2917	1.5205	5.1022	4
144.2	1.2919	1.5267	5.0887	4
144.25	1.2929	1.1153	5.1097	4
144.3	1.2933	1.5846	5.1236	4
144.35	1.2928	1.7552	5.1161	4
144.4	1.2938	1.0243	5.1159	4
144.45	1.2945	1.5419	5.1089	4
144.5	1.2949	1.5335	5.0906	4
144.55	1.2951	1.3668	5.0881	4
144.6	1.296	1.1471	5.0946	4
144.65	1.296	1.8209	5.0943	4
144.7	1.2958	1.4293	5.0757	4
144.75	1.2965	1.3672	5.0814	4
144.8	1.2973	1.4112	5.0879	4
144.85	1.2972	1.8013	5.0884	4
144.9	1.2976	1.3585	5.0907	4
144.95	1.2979	1.585	5.0829	4
145	1.298	1.5545	5.0827	4
145.05	1.2983	1.4148	5.0815	4
145.1	1.2991	1.4443	5.0963	4
145.15	1.2991	1.5205	5.0849	4
145.2	1.2991	1.6377	5.0694	4
145.25	1.2995	1.3811	5.076	4
145.3	1.3	1.4853	5.0746	4
145.35	1.3003	1.612	5.0918	4
145.4	1.3004	1.7105	5.1084	4
145.45	1.3004	1.4869	5.1037	4
145.5	1.3002	1.7691	5.0969	4
145.55	1.3	1.6472	5.1013	4
145.6	1.3005	1.4501	5.1084	4
145.65	1.3005	1.8264	5.097	4
145.7	1.3003	1.6902	5.0923	4
145.75	1.3007	1.486	5.1079	4
145.8	1.3006	1.8521	5.0933	4
145.85	1.2999	1.8264	5.0886	4
145.9	1.2998	1.7111	5.1037	4
145.95	1.3	1.4737	5.1049	4
146	1.3002	1.8304	5.1085	5
146.05	1.2998	1.7791	5.1167	5
146.1	1.2995	1.8482	5.108	5
146.15	1.2999	1.3596	5.1226	5
146.2	1.3024	2.2158	5.1246	5
146.25	1.3091	2.045	5.106	5
146.3	1.3207	1.9137	5.0967	5
146.35	1.3388	2.0783	5.0947	5
146.4	1.363	2.5056	5.0914	5
146.45	1.3936	2.8378	5.0957	5
146.5	1.4307	2.9948	5.1129	5
146.55	1.4731	3.972	5.1023	5
146.6	1.5224	3.7857	5.0879	5
146.65	1.5769	4.6367	5.1036	5
146.7	1.6376	5.3791	5.0996	5
146.75	1.7044	5.9019	5.0901	5
146.8	1.7769	6.4381	5.0968	5
146.85	1.8548	7.5056	5.0936	5
146.9	1.9388	7.9652	5.0906	5
146.95	2.0279	9.7056	5.0895	5
147	2.1239	10.2188	5.0861	5
147.05	2.2246	11.9753	5.0796	5
147.1	2.3312	13.1568	5.0769	5
147.15	2.4429	15.1888	5.0832	5
147.2	2.5605	16.4882	5.0819	5
147.25	2.6827	18.8249	5.0903	5
147.3	2.8106	21.0685	5.1024	5
147.35	2.9437	23.6961	5.0965	5
147.4	3.0822	26.8103	5.1134	5
147.45	3.2265	29.9518	5.126	5
147.5	3.3764	33.6309	5.1206	5
147.55	3.5323	37.9488	5.1168	5
147.6	3.6948	42.7665	5.0972	5
147.65	3.865	47.526	5.0942	5
147.7	4.0417	54.3487	5.101	5
147.75	4.2272	60.7248	5.0931	5
147.8	4.4196	68.9408	5.0992	5
147.85	4.6203	77.2335	5.1039	5
147.9	4.8273	87.9254	5.1249	5
147.95	5.0429	97.9722	5.1253	5
148	5.2644	110.2302	5.1308	5
148.05	5.4921	123.835	5.139	5
148.1	5.7258	138.6051	5.1342	5
148.15	5.9653	153.4056	5.1359	5
148.2	6.2096	170.8095	5.1265	5
148.25	6.46	189.0629	5.1147	6
148.3	6.7152	208.3958	5.0988	6
148.35	6.9747	229.2778	5.0889	6
148.4	7.2389	251.3594	5.1096	6
148.45	7.5072	274.4006	5.1189	6
148.5	7.7773	298.4435	5.1223	6
148.55	8.0455	322.7576	5.1363	6
148.6	8.31	346.6789	5.113	6
148.65	8.5696	371.1159	5.1138	6
148.7	8.8236	396.6246	5.1208	6
148.75	9.0726	423.0101	5.1029	6
148.8	9.3169	449.7591	5.1153	6
148.85	9.5553	478.0126	5.1299	6
148.9	9.7883	506.9519	5.121	6
148.95	10.0161	536.671	5.1242	6
149	10.2388	567.5538	5.1236	6
149.05	10.4567	599.0452	5.1223	6
149.1	10.6695	631.4913	5.1133	6
149.15	10.8771	664.745	5.1082	6
149.2	11.0793	699.3577	5.1104	6
149.25	11.2782	732.9601	5.1119	6
149.3	11.4724	766.9887	5.1152	6
149.35	11.6622	801.4957	5.1023	6
149.4	11.8475	836.8368	5.0983	6
149.45	12.0285	872.5045	5.095	6
149.5	12.2042	909.6086	5.0938	6
149.55	12.3752	947.8671	5.1027	6
149.6	12.5415	987.6388	5.0962	6
149.65	12.7035	1028.2961	5.0961	6
149.7	12.8611	1069.6041	5.105	6
149.75	13.0154	1110.5246	5.1026	6
149.8	13.1662	1151.4619	5.0953	6
149.85	13.3141	1191.7036	5.0899	6
149.9	13.4592	1231.1095	5.0908	6
149.95	13.6014	1270.1171	5.0994	6
150	13.7408	1308.7904	5.0919	6
150.05	13.8777	1345.6384	5.0855	6
150.1	14.0111	1382.4884	5.0877	6
150.15	14.1425	1418.8148	5.0868	6
150.2	14.2717	1454.0687	5.0722	6
150.25	14.3988	1488.4271	5.0551	6
150.3	14.5227	1522.9554	5.06	6
150.35	14.6442	1556.7341	5.0675	6
150.4	14.7641	1588.9881	5.0603	6
150.45	14.8817	1620.554	5.0676	6
150.5	14.9971	1651.1161	5.0714	6
150.55	15.1112	1679.7278	5.079	6
150.6	15.2226	1708.7779	5.0884	6
150.65	15.3317	1737.0096	5.0881	6
150.7	15.4394	1763.4418	5.1018	6
150.75	15.5438	1791.2561	5.1029	6
150.8	15.6468	1817.7377	5.0825	6
150.85	15.7482	1842.7161	5.0779	6
150.9	15.8472	1867.7778	5.0753	6
150.95	15.9444	1892.4743	5.0713	6
151	16.04	1916.4882	5.0867	6
151.05	16.1333	1939.5141	5.0851	6
151.1	16.2248	1962.0999	5.0865	6
151.15	16.3145	1984.2922	5.0815	6
151.2	16.4031	2005.1708	5.0684	6
151.25	16.4902	2025.0678	5.0812	6
151.3	16.5749	2045.2766	5.0878	6
151.35	16.6579	2064.8779	5.0812	6
151.4	16.7396	2083.4713	5.0659	6
151.45	16.8192	2102.1501	5.0572	6
151.5	16.8975	2120.3137	5.0737	6
151.55	16.9747	2137.0177	5.0836	6
151.6	17.0508	2152.9268	5.0935	6
151.65	17.1257	2168.057	5.1007	6
151.7	17.1984	2183.4299	5.0963	6
151.75	17.2703	2197.4957	5.0976	6
151.8	17.3406	2211.1291	5.0794	6
151.85	17.4096	2224.738	5.0655	6
151.9	17.4778	2237.2874	5.0732	6
151.95	17.5445	2249.0532	5.0664	6
152	17.6093	2260.9672	5.0594	6
152.05	17.6737	2271.3458	5.066	6
152.1	17.7365	2281.8425	5.0851	6
152.15	17.7981	2292.1434	5.0763	6
152.2	17.8587	2301.3547	5.0634	6
152.25	17.9187	2309.3964	5.0829	6
152.3	17.9762	2318.6577	5.0867	6
152.35	18.0333	2326.5786	5.0865	6
152.4	18.09	2333.3342	5.0934	6
152.45	18.1444	2341.0807	5.0808	6
152.5	18.1981	2348.0295	5.092	6
152.55	18.2518	2353.1502	5.0847	6
152.6	18.3034	2359.5782	5.0622	6
152.65	18.3544	2365.0974	5.0744	6
152.7	18.4053	2368.6795	5.0776	6
152.75	18.454	2373.2807	5.0901	6
152.8	18.502	2377.5424	5.1064	6
152.85	18.5502	2379.877	5.0936	6
152.9	18.5962	2383.3716	5.0782	6
152.95	18.6407	2387.2275	5.0649	6
153	18.6858	2388.74	5.0661	6
153.05	18.7295	2390.5442	5.0751	6
153.1	18.7713	2393.9982	5.0676	6
153.15	18.8135	2395.4252	5.0626	6
153.2	18.8549	2396.1195	5.0637	6
153.25	18.8942	2398.5303	5.0749	6
153.3	18.9331	2400.0281	5.0661	6
153.35	18.9722	2399.4306	5.0616	6
153.4	19.0087	2400.9701	5.0703	6
153.45	19.0451	2401.8113	5.09	6
153.5	19.0821	2400.3747	5.0932	6
153.55	19.1172	2400.6167	5.0867	6
153.6	19.1511	2401.0819	5.0908	6
153.65	19.1863	2398.618	5.0861	6
153.7	19.2193	2397.9133	5.0668	6
153.75	19.2506	2398.3717	5.079	6
153.8	19.2837	2395.2404	5.101	6
153.85	19.3151	2393.3079	5.0763	6
153.9	19.344	2393.4234	5.0729	6
153.95	19.3748	2390.3225	5.0857	6
154	19.4045	2387.6999	5.0896	6
154.05	19.4318	2386.9802	5.1037	6
154.1	19.4603	2383.8817	5.104	6
154.15	19.4881	2380.661	5.0974	6
154.2	19.514	2379.3855	5.0893	6
154.25	19.5402	2376.3911	5.0991	6
154.3	19.5665	2372.3838	5.0942	6
154.35	19.5905	2370.8667	5.0754	6
154.4	19.615	2367.4748	5.0856	6
154.45	19.6395	2363.31	5.0899	6
154.5	19.662	2361.137	5.0762	6
154.55	19.6846	2357.8382	5.083	6
154.6	19.7077	2353.135	5.0914	6
154.65	19.729	2349.9308	5.0966	6
154.7	19.7497	2346.708	5.0898	6
154.75	19.7713	2341.8283	5.0865	6
154.8	19.7916	2337.9265	5.0924	6
154.85	19.811	2334.5682	5.0908	6
154.9	19.8309	2329.6725	5.0824	6
154.95	19.8501	2325.1211	5.069	6
155	19.8685	2321.0631	5.0807	6
155.05	19.8871	2316.097	5.091	6
155.1	19.9054	2310.6008	5.0871	6
155.15	19.9224	2306.0474	5.081	6
155.2	19.9397	2300.6639	5.0658	6
155.25	19.9568	2295.1218	5.0526	6
155.3	19.9728	2290.3238	5.0873	6
155.35	19.9889	2285.04	5.096	6
155.4	20.0048	2279.4071	5.0859	6
155.45	20.0197	2274.6529	5.0969	6
155.5	20.0343	2269.6063	5.0966	6
155.55	20.0492	2263.6943	5.0878	6
155.6	20.0636	2258.5334	5.0745	6
155.65	20.0772	2253.4714	5.0633	6
155.7	20.0914	2246.9566	5.082	6
155.75	20.1043	2241.8033	5.0832	6
155.8	20.1168	2236.5439	5.0909	6
155.85	20.1295	2230.3017	5.0821	6
155.9	20.1415	2224.742	5.059	6
155.95	20.1532	2219.6584	5.0651	6
156	20.1649	2213.964	5.0748	6
156.05	20.1765	2207.8743	5.0898	6
156.1	20.1871	2202.5455	5.0841	6
156.15	20.1978	2196.5681	5.0837	6
156.2	20.2086	2190.327	5.1036	6
156.25	20.2186	2184.9629	5.0728	6
156.3	20.2288	2179.3381	5.0532	6
156.35	20.2384	2172.9039	5.0579	6
156.4	20.2473	2167.396	5.0722	6
156.45	20.2568	2162.2493	5.0877	6
156.5	20.2661	2156.1831	5.0771	6
156.55	20.2739	2151.2681	5.0473	6
156.6	20.2822	2145.5574	5.0553	6
156.65	20.2906	2139.7246	5.0697	6
156.7	20.2979	2134.9967	5.0765	6
156.75	20.3053	2128.7289	5.0816	6
156.8	20.3124	2123.046	5.089	6
156.85	20.3197	2118.0776	5.0997	6
156.9	20.3263	2113.7241	5.0828	6
156.95	20.3328	2108.1301	5.0852	6
157	20.3397	2102.4763	5.102	6
157.05	20.3454	2097.8707	5.102	6
157.1	20.351	2093.1889	5.1005	6
157.15	20.3573	2087.2396	5.0889	6
157.2	20.3628	2082.6142	5.0918	6
157.25	20.3677	2078.2917	5.1026	6
157.3	20.3733	2072.7178	5.1045	6
157.35	20.3782	2067.9582	5.1111	6
157.4	20.3827	2063.5051	5.1033	6
157.45	20.3875	2058.4706	5.1073	6
157.5	20.392	2053.617	5.12	6
157.55	20.3964	2048.9206	5.1212	6
157.6	20.4008	2043.8694	5.1201	6
157.65	20.4044	2039.5815	5.1109	6
157.7	20.4081	2035.192	5.1058	6
157.75	20.4118	2030.5933	5.1052	6
157.8	20.4151	2026.605	5.0914	6
157.85	20.4182	2022.3181	5.0971	6
157.9	20.4216	2017.9672	5.0975	6
157.95	20.4247	2013.8451	5.0909	6
158	20.4277	2009.5871	5.1119	6
158.05	20.4305	2005.3107	5.1038	6
158.1	20.4331	2001.0073	5.0933	6
158.15	20.4355	1997.0657	5.1013	6
158.2	20.4379	1993.1102	5.0976	6
158.25	20.4401	1989.3178	5.1029	6
158.3	20.4422	1985.674	5.1025	6
158.35	20.4442	1981.9853	5.1072	6
158.4	20.446	1978.317	5.1202	6
158.45	20.4479	1974.609	5.1214	6
158.5	20.4497	1971.0227	5.1293	6
158.55	20.4513	1967.5489	5.1236	6
158.6	20.4527	1964.1931	5.1187	6
158.65	20.4545	1960.577	5.1137	6
158.7	20.4558	1957.2217	5.1015	6
158.75	20.4569	1954.0046	5.0974	6
158.8	20.4583	1950.3668	5.0934	6
158.85	20.4596	1946.8017	5.0856	6
158.9	20.4604	1943.8416	5.0865	6
158.95	20.4617	1940.1962	5.0844	6
159	20.4628	1936.7391	5.0827	6
159.05	20.4637	1933.4593	5.0751	6
159.1	20.4642	1930.6262	5.0749	6
159.15	20.4651	1927.1557	5.0933	6
159.2	20.4655	1924.1762	5.1026	6
159.25	20.4659	1921.5188	5.0941	6
159.3	20.4662	1918.637	5.088	6
159.35	20.4668	1915.4878	5.0733	6
159.4	20.4667	1913.3785	5.0672	6
159.45	20.467	1910.4268	5.0792	6
159.5	20.4675	1907.1009	5.0828	6
159.55	20.4671	1905.0713	5.085	6
159.6	20.4672	1902.5655	5.0799	6
159.65	20.4678	1899.236	5.0756	6
159.7	20.4672	1897.4593	5.0714	6
159.75	20.4669	1895.3425	5.0589	6
159.8	20.4674	1891.9468	5.0575	6
159.85	20.4668	1890.153	5.0348	6
159.9	20.4661	1888.4875	5.0317	6
159.95	20.4662	1885.6585	5.0814	6
160	20.4657	1883.9195	5.0988	6
160.05	20.4649	1882.3223	5.0951	6
160.1	20.4645	1880.0638	5.0795	6
160.15	20.4641	1877.8662	5.0681	6
160.2	20.4633	1876.1308	5.0596	6
160.25	20.4626	1874.3326	5.0516	6
160.3	20.4622	1871.9912	5.0622	6
160.35	20.4617	1870.1193	5.0667	6
160.4	20.461	1868.3984	5.0706	6
160.45	20.4604	1866.2781	5.0768	6
160.5	20.4597	1864.5455	5.0823	6
160.55	20.459	1862.7819	5.0896	6
160.6	20.4582	1861.1745	5.0864	6
160.65	20.4574	1859.3712	5.0877	6
160.7	20.4568	1857.3899	5.0879	6
160.75	20.4558	1855.8134	5.0886	6
160.8	20.4552	1853.9164	5.0898	6
160.85	20.4544	1851.9721	5.0812	6
160.9	20.4538	1850.2615	5.0887	6
160.95	20.4529	1848.6003	5.0899	6
161	20.4522	1846.6461	5.0693	6
161.05	20.4513	1844.9448	5.0725	6
161.1	20.4506	1843.3607	5.09	6
161.15	20.45	1841.5506	5.1027	6
161.2	20.4494	1839.5825	5.0926	6
161.25	20.4485	1838.0251	5.071	6
161.3	20.4482	1835.7082	5.0792	6
161.35	20.447	1834.4784	5.0966	6
161.4	20.4463	1832.7608	5.1033	6
161.45	20.4457	1830.8685	5.1117	6
161.5	20.4447	1829.5406	5.1109	6
161.55	20.4439	1827.8117	5.1298	6
161.6	20.4433	1825.8267	5.1387	6
161.65	20.4418	1824.9268	5.132	6
161.7	20.4411	1823.1738	5.1326	6
161.75	20.4405	1821.2777	5.1257	6
161.8	20.4394	1820.449	5.1176	6
161.85	20.4385	1819.0654	5.1099	6
161.9	20.438	1816.8084	5.0962	6
161.95	20.4368	1815.6227	5.0979	6
162	20.436	1814.125	5.0933	6
162.05	20.4359	1811.7392	5.1071	6
162.1	20.4347	1810.8405	5.1178	6
162.15	20.4338	1809.6705	5.099	6
162.2	20.4332	1807.8183	5.1056	6
162.25	20.4319	1806.9169	5.1127	6
162.3	20.4305	1806.2599	5.1039	6
162.35	20.4296	1804.7761	5.0967	6
162.4	20.4286	1803.6169	5.0886	6
162.45	20.4268	1803.4696	5.084	6
162.5	20.426	1802.296	5.0703	6
162.55	20.4253	1800.705	5.0772	6
162.6	20.4238	1800.4323	5.1022	6
162.65	20.4225	1799.8992	5.0985	6
162.7	20.4221	1797.8236	5.1062	6
162.75	20.4207	1797.2218	5.1069	6
162.8	20.4192	1796.8288	5.1126	6
162.85	20.4189	1794.7389	5.1162	6
162.9	20.418	1793.7014	5.1012	6
162.95	20.4165	1793.2071	5.0884	6
163	20.4159	1791.5758	5.0856	6
163.05	20.4151	1790.3792	5.0914	6
163.1	20.4138	1789.8053	5.1089	6
163.15	20.413	1788.7781	5.1016	6
163.2	20.4122	1787.2725	5.0885	6
163.25	20.4111	1786.5755	5.0893	6
163.3	20.4099	1786.0594	5.0912	6
163.35	20.4091	1784.7322	5.0886	6
163.4	20.4084	1783.6548	5.094	6
163.45	20.4075	1782.7854	5.1067	6
163.5	20.407	1781.2437	5.1015	6
163.55	20.4065	1779.7664	5.0765	6
163.6	20.4054	1779.0375	5.0896	6
163.65	20.4049	1777.6104	5.0927	6
163.7	20.4042	1776.5665	5.083	6
163.75	20.4031	1775.8409	5.0801	6
163.8	20.4023	1774.6458	5.0898	6
163.85	20.4015	1773.4951	5.105	6
163.9	20.4005	1772.6631	5.1105	6
163.95	20.4	1771.2151	5.1098	6
164	20.3992	1770.3226	5.0963	6
164.05	20.3981	1769.6989	5.0958	6
164.1	20.3974	1768.5685	5.1014	6
164.15	20.3963	1768.1348	5.0842	6
164.2	20.395	1767.8744	5.0823	6
164.25	20.3943	1766.7541	5.073	6
164.3	20.3932	1766.297	5.0621	6
164.35	20.3924	1765.5802	5.071	6
164.4	20.3914	1764.8491	5.0785	6
164.45	20.3906	1763.9108	5.0869	6
164.5	20.3893	1763.806	5.1052	6
164.55	20.3882	1763.2559	5.0995	6
164.6	20.3873	1762.6507	5.1032	6
164.65	20.3861	1762.7397	5.0993	6
164.7	20.385	1762.4012	5.0908	6
164.75	20.3844	1761.5176	5.0866	6
164.8	20.3831	1761.3417	5.0935	6
164.85	20.3824	1760.5132	5.0971	6
164.9	20.3814	1760.0129	5.0894	6
164.95	20.3802	1760.1581	5.1047	6
165	20.3794	1759.4993	5.1116	6
165.05	20.3785	1758.9351	5.0988	6
165.1	20.3771	1759.0548	5.1069	6
165.15	20.3766	1758.2758	5.1076	6
165.2	20.3758	1757.6524	5.094	6
165.25	20.3745	1757.7712	5.0986	6
165.3	20.3735	1757.4192	5.1035	6
165.35	20.3731	1756.4488	5.092	6
165.4	20.3721	1756.2844	5.0846	6
165.45	20.3713	1755.9791	5.0984	6
165.5	20.3707	1755.1543	5.1031	6
165.55	20.3699	1754.6871	5.0904	6
165.6	20.3694	1754.0042	5.0936	6
165.65	20.3685	1753.5661	5.0918	6
165.7	20.368	1752.689	5.0697	6
165.75	20.3672	1752.3209	5.0845	6
165.8	20.3663	1752.0485	5.0979	6
165.85	20.3658	1751.2565	5.0912	6
165.9	20.3652	1750.6486	5.0904	6
165.95	20.3645	1750.149	5.0781	6
166	20.364	1749.3052	5.0852	6
166.05	20.3634	1748.7272	5.0749	6
166.1	20.3629	1748.1879	5.0798	6
166.15	20.3622	1747.6575	5.0919	6
166.2	20.3616	1747.0437	5.0658	6
166.25	20.3608	1746.6623	5.0832	6
166.3	20.3604	1745.9294	5.1013	6
166.35	20.3595	1745.6443	5.1114	6
166.4	20.3591	1744.8243	5.1172	6
166.45	20.3584	1744.743	5.1179	6
166.5	20.3577	1744.4602	5.129	6
166.55	20.3573	1743.7821	5.1189	6
166.6	20.3563	1743.7415	5.1102	6
166.65	20.3556	1743.5788	5.1347	6
166.7	20.3552	1742.6006	5.1479	6
166.75	20.3545	1742.4286	5.1155	6
166.8	20.3538	1742.1594	5.1027	6
166.85	20.3535	1741.4365	5.0997	6
166.9	20.3531	1740.6265	5.1057	6
166.95	20.3525	1740.1904	5.1121	6
167	20.352	1739.6591	5.1218	6
167.05	20.3517	1738.8419	5.1259	6
167.1	20.3512	1738.4209	5.1179	6
167.15	20.3507	1737.8912	5.1128	6
167.2	20.3502	1737.4873	5.1046	6
167.25	20.3495	1737.1397	5.113	6
167.3	20.3491	1736.6837	5.1153	6
167.35	20.349	1735.6454	5.1251	6
167.4	20.3484	1735.5982	5.1295	6
167.45	20.3478	1734.8741	5.1214	6
167.5	20.3478	1734.0643	5.1233	6
167.55	20.347	1733.8991	5.1182	6
167.6	20.3464	1733.7409	5.1139	6
167.65	20.3461	1732.786	5.1199	6
167.7	20.3454	1732.8166	5.1219	6
167.75	20.3449	1732.3874	5.1106	6
167.8	20.3446	1731.9834	5.1119	6
167.85	20.344	1731.5121	5.1111	6
167.9	20.3435	1731.1337	5.1053	6
167.95	20.3431	1730.4657	5.115	6
168	20.3426	1730.2409	5.1121	6
168.05	20.3423	1729.7466	5.1191	6
168.1	20.3417	1729.2285	5.1131	6
168.15	20.3415	1728.8441	5.1166	6
168.2	20.3411	1727.9807	5.1211	6
168.25	20.3407	1728.0007	5.098	6
168.3	20.3402	1727.1029	5.1136	6
168.35	20.3399	1726.8661	5.1165	6
168.4	20.3392	1726.6829	5.1128	6
168.45	20.3388	1726.2072	5.1334	6
168.5	20.3385	1725.9935	5.1206	6
168.55	20.3381	1725.2908	5.1088	6
168.6	20.3378	1725.2062	5.1158	6
168.65	20.3375	1724.2738	5.1293	6
168.7	20.3372	1723.8895	5.1415	6
168.75	20.3367	1723.3278	5.129	6
168.8	20.3363	1722.9103	5.1121	6
168.85	20.3364	1722.3546	5.1213	6
168.9	20.3358	1721.9253	5.1042	6
168.95	20.3354	1721.9569	5.088	6
169	20.335	1721.1523	5.0871	6
169.05	20.3348	1720.7342	5.1006	6
169.1	20.3342	1720.8541	5.1287	6
169.15	20.3338	1720.0639	5.1298	6
169.2	20.3334	1720.2267	5.1266	6
169.25	20.3328	1719.8767	5.131	6
169.3	20.3326	1719.3749	5.1203	6
169.35	20.3328	1718.6827	5.1265	6
169.4	20.332	1718.3636	5.1237	6
169.45	20.3319	1718.1921	5.1149	6
169.5	20.3319	1717.2402	5.118	6
169.55	20.3311	1717.0832	5.133	6
169.6	20.3311	1717.0314	5.1435	6
169.65	20.331	1715.8124	5.1394	6
169.7	20.3307	1715.666	5.1447	6
169.75	20.3303	1715.61	5.1387	6
169.8	20.3301	1714.3845	5.1177	6
169.85	20.3299	1714.3565	5.1295	6
169.9	20.3295	1714.1335	5.1376	6
169.95	20.3292	1713.5477	5.1307	6
170	20.3292	1713.4361	5.1283	6
170.05	20.3283	1713.3898	5.1256	6
170.1	20.3282	1712.7965	5.1341	6
170.15	20.3279	1712.8866	5.1334	6
170.2	20.3273	1712.4844	5.1499	6
170.25	20.327	1712.2843	5.1433	6
170.3	20.327	1711.8028	5.1194	6
170.35	20.3262	1711.2586	5.1209	6
170.4	20.3262	1710.8732	5.1339	6
170.45	20.326	1711.0449	5.1398	6
170.5	20.3258	1710.0445	5.1449	6
170.55	20.3255	1710.088	5.1349	6
170.6	20.3253	1709.8195	5.1403	6
170.65	20.3251	1708.8724	5.14	6
170.7	20.3247	1709.0997	5.1193	6
170.75	20.3245	1708.9951	5.1109	6
170.8	20.324	1708.2563	5.1264	6
170.85	20.3239	1708.2009	5.1409	6
170.9	20.3236	1708.2209	5.1482	6
170.95	20.3233	1707.0907	5.1561	6
171	20.3229	1707.1657	5.1525	6
171.05	20.3224	1707.6051	5.1421	6
171.1	20.3219	1706.8968	5.1291	6
171.15	20.3214	1706.9816	5.1175	6
171.2	20.321	1707.6611	5.1256	6
171.25	20.3208	1706.9277	5.1326	6
171.3	20.3204	1706.3643	5.126	6
171.35	20.3201	1707.0001	5.1192	6
171.4	20.3197	1706.7005	5.1279	6
171.45	20.3193	1705.7963	5.1321	6
171.5	20.3191	1706.1034	5.14	6
171.55	20.3191	1706.0607	5.1259	6
171.6	20.3184	1705.2679	5.1279	6
171.65	20.3183	1704.7239	5.1273	6
171.7	20.3178	1705.6003	5.1122	6
171.75	20.3177	1705.0713	5.1112	6
171.8	20.3173	1704.3339	5.1007	6
171.85	20.3168	1704.9932	5.0968	6
171.9	20.3165	1705.3098	5.1015	6
171.95	20.3162	1704.5946	5.1142	6
172	20.3155	1704.5456	5.1411	6
172.05	20.3154	1705.0742	5.135	6
172.1	20.3153	1705.0201	5.1177	6
172.15	20.3152	1703.7672	5.1269	6
172.2	20.3146	1704.0084	5.1378	6
172.25	20.3146	1704.4311	5.1334	6
172.3	20.3142	1704.0548	5.1222	6
172.35	20.3134	1703.4884	5.132	6
172.4	20.313	1703.8561	5.1254	6
172.45	20.3132	1704.025	5.1274	6
172.5	20.313	1703.9882	5.1475	6
172.55	20.3126	1703.2309	5.1321	6
172.6	20.3127	1702.8704	5.1118	6
172.65	20.3128	1703.3062	5.1194	6
172.7	20.3126	1703.1099	5.1141	6
172.75	20.3122	1702.1836	5.111	6
172.8	20.3118	1702.2302	5.1191	6
172.85	20.3119	1702.3493	5.115	6
172.9	20.3117	1702.5031	5.1156	6
172.95	20.3113	1701.6392	5.1104	6
173	20.3111	1701.3068	5.1062	6
173.05	20.3111	1701.6747	5.1275	6
173.1	20.3113	1701.4417	5.1234	6
173.15	20.3109	1700.7347	5.1	6
173.2	20.3106	1700.174	5.1013	6
173.25	20.3107	1700.1946	5.1035	6
173.3	20.311	1700.1829	5.1105	6
173.35	20.3108	1699.776	5.1086	6
173.4	20.3109	1698.5928	5.1093	6
173.45	20.3109	1698.4096	5.1207	6
173.5	20.3112	1698.4961	5.1244	6
173.55	20.3114	1697.7865	5.1214	6
173.6	20.3115	1696.1501	5.1163	6
173.65	20.3113	1695.9321	5.1223	6
173.7	20.3119	1695.681	5.1374	6
173.75	20.3118	1695.6271	5.1387	6
173.8	20.3118	1694.4129	5.1231	6
173.85	20.3114	1694.2805	5.1113	6
173.9	20.3117	1694.3959	5.1145	6
173.95	20.3115	1694.6001	5.1168	6
174	20.3113	1693.7447	5.1262	6
174.05	20.3108	1693.3843	5.1444	6
174.1	20.3111	1693.2885	5.1315	6
174.15	20.3112	1693.2201	5.1097	6
174.2	20.3111	1692.5976	5.1271	6
174.25	20.3109	1691.6299	5.1351	6
174.3	20.3113	1690.9881	5.1231	6
174.35	20.3111	1691.4646	5.111	6
174.4	20.3109	1691.2641	5.1053	6
174.45	20.3112	1689.5856	5.1145	6
174.5	20.3109	1689.4467	5.101	6
174.55	20.3109	1690.1209	5.0951	6
174.6	20.3111	1689.654	5.0998	6
174.65	20.3112	1688.0709	5.1028	6
174.7	20.3101	1688.8024	5.1026	6
174.75	20.3106	1688.6804	5.0925	6
174.8	20.3106	1688.8108	5.1016	6
174.85	20.3103	1688.2627	5.1061	6
174.9	20.3099	1687.4882	5.0999	6
174.95	20.3102	1687.1154	5.1018	6
175	20.3101	1687.3129	5.102	6
175.05	20.3101	1686.896	5.1126	6
175.1	20.3095	1686.2599	5.0988	6
175.15	20.3099	1685.5807	5.0818	6
175.2	20.3096	1686.1152	5.0895	6
175.25	20.3099	1685.9204	5.0829	6
175.3	20.3093	1685.2549	5.0744	6
175.35	20.3094	1684.1114	5.0893	6
175.4	20.309	1684.7831	5.0989	6
175.45	20.3093	1684.6644	5.1064	6
175.5	20.3094	1683.9332	5.0979	6
175.55	20.3088	1683.2795	5.1063	6
175.6	20.3087	1683.3933	5.114	6
175.65	20.3091	1683.0856	5.1086	6
175.7	20.3095	1682.6523	5.1138	6
175.75	20.309	1682.1127	5.116	6
175.8	20.3089	1681.3213	5.1062	6
175.85	20.309	1681.3803	5.0986	6
175.9	20.3089	1681.7584	5.1045	6
175.95	20.3085	1681.8945	5.0986	6
176	20.3082	1680.9726	5.0857	6
176.05	20.3081	1680.6945	5.0731	6
176.1	20.3083	1681.0841	5.0972	6
176.15	20.3079	1681.6965	5.1137	6
176.2	20.3083	1680.415	5.1145	6
176.25	20.3076	1679.8785	5.1084	6
176.3	20.3072	1680.4871	5.0983	6
176.35	20.3073	1680.6498	5.0958	6
176.4	20.3079	1679.9442	5.104	6
176.45	20.3068	1680.2473	5.1012	6
176.5	20.3066	1679.5894	5.1043	6
176.55	20.3071	1678.8488	5.0965	6
176.6	20.3069	1679.4732	5.0978	6
176.65	20.306	1680.6484	5.1005	6
176.7	20.3067	1678.7584	5.1038	6
176.75	20.3058	1678.6818	5.1114	6
176.8	20.3052	1679.7601	5.1199	6
176.85	20.3056	1679.3169	5.1261	6
176.9	20.3057	1679.3594	5.1203	6
176.95	20.3049	1679.4609	5.1273	6
177	20.3049	1678.3961	5.1274	6
177.05	20.3049	1678.5999	5.0985	6
177.1	20.3045	1679.2791	5.087	6
177.15	20.3041	1680.079	5.0891	6
177.2	20.3041	1679.6812	5.081	6
177.25	20.3036	1678.695	5.0829	6
177.3	20.3032	1679.0361	5.0763	6
177.35	20.3031	1679.4725	5.0958	6
177.4	20.3033	1679.4958	5.1179	6
177.45	20.3032	1679.6218	5.1085	6
177.5	20.3024	1679.4604	5.1057	6
177.55	20.302	1678.9141	5.0991	6
177.6	20.3021	1678.9789	5.0942	6
177.65	20.3019	1679.5882	5.1089	6
177.7	20.3017	1679.9989	5.0952	6
177.75	20.3016	1680.0726	5.0887	6
177.8	20.3012	1679.2733	5.1083	6
177.85	20.3003	1679.4752	5.1054	6
177.9	20.3005	1679.2737	5.0936	6
177.95	20.3001	1679.9741	5.0773	6
178	20.2993	1681.3616	5.0856	6
178.05	20.3002	1680.6187	5.0998	6
178.1	20.2997	1680.5547	5.1097	6
178.15	20.2987	1680.7884	5.1014	6
178.2	20.2988	1680.4634	5.0954	6
178.25	20.2993	1679.9341	5.0991	6
178.3	20.2985	1681.204	5.0979	6
178.35	20.2985	1681.6534	5.103	6
178.4	20.299	1680.9626	5.0953	6
178.45	20.2985	1680.6427	5.0742	6
178.5	20.2972	1681.2615	5.0932	6
178.55	20.2976	1680.7646	5.0997	6
178.6	20.2976	1681.0304	5.1025	6
178.65	20.2968	1682.6394	5.1158	6
178.7	20.2969	1682.4793	5.1152	6
178.75	20.2973	1682.1086	5.0971	6
178.8	20.2964	1682.8486	5.0979	6
178.85	20.2962	1681.6598	5.0893	6
178.9	20.2961	1681.4325	5.0879	6
178.95	20.296	1681.8886	5.0983	6
179	20.2958	1682.4815	5.1049	6
179.05	20.2958	1682.5784	5.089	6
179.1	20.2959	1682.7878	5.0801	6
179.15	20.2959	1683.097	5.0977	6
179.2	20.2958	1682.4943	5.0923	6
179.25	20.2954	1681.4671	5.106	6
179.3	20.295	1681.6775	5.1133	6
179.35	20.2951	1681.6966	5.1095	6
179.4	20.2952	1682.1289	5.1041	6
179.45	20.2955	1681.9923	5.0888	6
179.5	20.2954	1682.2462	5.0869	6
179.55	20.2955	1682.4248	5.0906	6
179.6	20.2957	1681.7963	5.0752	6
179.65	20.2952	1680.9384	5.0755	6
179.7	20.2948	1680.8772	5.0784	6
179.75	20.2949	1681.0002	5.0976	6
179.8	20.2953	1680.761	5.1101	6
179.85	20.295	1681.5453	5.1193	6
179.9	20.2948	1682.3016	5.1203	6
179.95	20.2957	1681.1196	5.1139	6
180	20.2955	1681.1515	5.1227	6
180.05	20.2941	1681.7219	5.1176	6
180.1	20.295	1679.684	5.1217	6
180.15	20.2951	1679.5875	5.1294	6
180.2	20.2941	1681.2971	5.124	6
180.25	20.2945	1681.0615	5.1204	6
180.3	20.2952	1680.3019	5.1093	6
180.35	20.2945	1681.4414	5.0995	6
180.4	20.2942	1682.2334	5.0897	6
180.45	20.2947	1680.6802	5.0916	6
180.5	20.2939	1680.3177	5.0873	6
180.55	20.2929	1681.5217	5.1074	6
180.6	20.2936	1680.8453	5.1129	6
180.65	20.2938	1680.893	5.0978	6
180.7	20.2933	1682.0031	5.0955	6
180.75	20.2934	1681.9835	5.0954	6
180.8	20.294	1681.3006	5.0835	6
180.85	20.2933	1682.4052	5.078	6
180.9	20.293	1682.4354	5.0897	6
180.95	20.2929	1680.9371	5.0936	6
181	20.2924	1680.9988	5.0853	6
181.05	20.292	1681.8219	5.0927	6
181.1	20.2922	1681.7019	5.1	6
181.15	20.2922	1682.0036	5.0737	6
181.2	20.2923	1682.273	5.0786	6
181.25	20.2925	1682.1878	5.0934	6
181.3	20.2923	1682.7807	5.0869	6
181.35	20.2923	1682.8901	5.0741	6
181.4	20.2924	1682.1893	5.067	6
181.45	20.2918	1681.8239	5.0918	6
181.5	20.2918	1681.6306	5.1041	6
181.55	20.2923	1681.0842	5.1072	6
181.6	20.2918	1681.9298	5.0876	6
181.65	20.292	1681.809	5.0685	6
181.7	20.2925	1681.4577	5.0824	6
181.75	20.2923	1682.0256	5.1046	6
181.8	20.2922	1682.425	5.1042	6
181.85	20.2926	1682.0852	5.1029	6
181.9	20.2928	1681.346	5.0915	6
181.95	20.2915	1681.4952	5.0923	6
182	20.2918	1680.7681	5.0913	6
182.05	20.2922	1680.4225	5.0897	6
182.1	20.2917	1681.2695	5.1149	6
182.15	20.2922	1680.8409	5.1363	6
182.2	20.2925	1680.7579	5.1403	6
182.25	20.2929	1680.5766	5.1323	6
182.3	20.2929	1680.7792	5.1281	6
182.35	20.2933	1680.3357	5.1246	6
182.4	20.2932	1679.5595	5.1197	6
182.45	20.2928	1678.8852	5.1249	6
182.5	20.2929	1678.5619	5.112	6
182.55	20.2932	1678.5071	5.1038	6
182.6	20.2932	1679.0328	5.1123	6
182.65	20.2936	1678.6986	5.1186	6
182.7	20.2937	1678.5592	5.125	6
182.75	20.2934	1679.2162	5.1179	6
182.8	20.2937	1678.9832	5.1015	6
182.85	20.2939	1678.2377	5.0989	6
182.9	20.2931	1677.594	5.11	6
182.95	20.2932	1676.9443	5.1177	6
183	20.2936	1676.5754	5.1039	6
183.05	20.2936	1676.8118	5.0856	6
183.1	20.2935	1677.2283	5.0919	6
183.15	20.294	1676.6802	5.1162	6
183.2	20.2939	1677.0026	5.1154	6
183.25	20.2939	1677.3884	5.1122	6
183.3	20.2945	1676.2035	5.1093	6
183.35	20.2942	1675.1942	5.1223	6
183.4	20.2937	1675.4819	5.1268	6
183.45	20.2943	1674.7299	5.1135	6
183.5	20.2943	1674.8634	5.1203	6
183.55	20.2938	1675.8185	5.1107	6
183.6	20.2945	1675.1457	5.1042	6
183.65	20.2948	1674.9438	5.1135	6
183.7	20.2946	1675.5664	5.109	6
183.75	20.2946	1674.7888	5.0943	6
183.8	20.2952	1672.4917	5.1061	6
183.85	20.2946	1673.1671	5.1129	6
183.9	20.2946	1673.489	5.0904	6
183.95	20.2955	1672.2692	5.0925	6
184	20.2953	1672.9668	5.1111	6
184.05	20.2953	1673.1302	5.1019	6
184.1	20.2964	1672.0062	5.1088	6
184.15	20.2962	1671.5989	5.1292	6
184.2	20.2958	1670.7765	5.112	6
184.25	20.2962	1669.8701	5.1128	6
184.3	20.2968	1669.118	5.1175	6
184.35	20.2967	1669.535	5.1089	6
184.4	20.2972	1669.048	5.096	6
184.45	20.298	1668.0094	5.0869	6
184.5	20.2981	1668.0936	5.0987	6
184.55	20.2978	1667.1096	5.1057	6
184.6	20.2984	1665.1478	5.1035	6
184.65	20.2979	1665.9267	5.1026	6
184.7	20.2979	1666.1625	5.1002	6
184.75	20.2988	1665.167	5.0965	6
184.8	20.2987	1665.5253	5.0906	6
184.85	20.2988	1665.7637	5.0803	6
184.9	20.2989	1664.2077	5.0945	6
184.95	20.2986	1663.4052	5.1152	6
185	20.2983	1663.8123	5.1098	6
185.05	20.2988	1663.3747	5.1103	6
185.1	20.2991	1663.3847	5.1122	6
185.15	20.2993	1663.7517	5.1134	6
185.2	20.2995	1663.0803	5.1064	6
185.25	20.2988	1662.3741	5.1072	6
185.3	20.2983	1662.3514	5.1331	6
185.35	20.2983	1662.3932	5.1508	6
185.4	20.2981	1662.9598	5.1359	6
185.45	20.2975	1663.9413	5.1285	6
185.5	20.2976	1663.8922	5.1224	6
185.55	20.2972	1664.3383	5.1233	6
185.6	20.2961	1664.485	5.1257	6
185.65	20.2961	1663.7387	5.1347	6
185.7	20.2956	1664.6812	5.1369	6
185.75	20.295	1665.8859	5.134	6
185.8	20.295	1665.8257	5.1403	6
185.85	20.2946	1666.5525	5.133	6
185.9	20.2938	1667.976	5.1286	6
185.95	20.2938	1668.0217	5.1213	6
186	20.2933	1667.4773	5.1133	6
186.05	20.2921	1667.8174	5.1177	6
186.1	20.2916	1668.4976	5.1045	6
186.15	20.2915	1668.8567	5.1087	6
186.2	20.2908	1669.9847	5.1094	6
186.25	20.2902	1671.0585	5.1166	6
186.3	20.2902	1671.2777	5.12	6
186.35	20.2899	1672.0673	5.1076	6
186.4	20.2893	1673.2662	5.1145	6
186.45	20.2892	1673.3824	5.1197	6
186.5	20.2889	1673.8091	5.1144	6
186.55	20.2884	1674.3784	5.0981	6
186.6	20.2876	1673.9719	5.1083	6
186.65	20.2876	1673.3576	5.1216	6
186.7	20.2869	1674.5424	5.1257	6
186.75	20.2868	1674.9119	5.1053	6
186.8	20.2869	1674.8312	5.1057	6
186.85	20.2867	1675.3972	5.1193	6
186.9	20.2866	1675.6479	5.1213	6
186.95	20.2866	1675.9246	5.1119	6
187	20.2865	1676.2111	5.1098	6
187.05	20.2863	1676.7373	5.1152	6
187.1	20.286	1677.2539	5.1277	6
187.15	20.2861	1677.2994	5.1252	6
187.2	20.2857	1677.9769	5.1275	6
187.25	20.2855	1678.452	5.1201	6
187.3	20.2861	1678.0464	5.1227	6
187.35	20.286	1678.3935	5.1233	6
187.4	20.2856	1678.6463	5.1065	6
187.45	20.2856	1677.0104	5.1127	6
187.5	20.2853	1676.4901	5.106	6
187.55	20.2851	1676.8589	5.1	6
187.6	20.2855	1676.581	5.1219	6
187.65	20.2856	1676.5381	5.1335	6
187.7	20.2855	1676.8195	5.1212	6
187.75	20.2854	1677.1592	5.1067	6
187.8	20.286	1676.3518	5.1104	6
187.85	20.2858	1676.8728	5.1218	6
187.9	20.2853	1677.8201	5.1079	6
187.95	20.2866	1676.2435	5.1075	6
188	20.2866	1676.5125	5.1086	6
188.05	20.2858	1677.7583	5.1098	6
188.1	20.2872	1676.1569	5.1102	6
188.15	20.2877	1675.6086	5.1134	6
188.2	20.287	1676.7979	5.1053	6
188.25	20.2874	1676.4897	5.1152	6
188.3	20.2881	1674.6393	5.1376	6
188.35	20.2871	1674.5678	5.1289	6
188.4	20.2868	1674.6975	5.1203	6
188.45	20.2878	1673.5824	5.1294	6
188.5	20.2877	1673.905	5.1232	6
188.55	20.2873	1674.8046	5.1052	6
188.6	20.2879	1674.0018	5.1125	6
188.65	20.2881	1674.0148	5.1236	6
188.7	20.2877	1674.779	5.1164	6
188.75	20.288	1674.5838	5.1289	6
188.8	20.2887	1673.819	5.1306	6
188.85	20.2889	1673.974	5.1258	6
188.9	20.2892	1673.5467	5.1309	6
188.95	20.29	1672.5359	5.1249	6
189	20.2902	1671.3087	5.1132	6
189.05	20.29	1670.1876	5.1084	6
189.1	20.2904	1669.2051	5.1169	6
189.15	20.2909	1668.7242	5.1272	6
189.2	20.2913	1668.4624	5.12	6
189.25	20.2917	1667.9134	5.1229	6
189.3	20.2921	1667.5853	5.1215	6
189.35	20.2926	1667.1552	5.1214	6
189.4	20.293	1666.9238	5.1097	6
189.45	20.2933	1666.5644	5.1005	6
189.5	20.2936	1665.9799	5.1104	6
189.55	20.2938	1664.1999	5.1178	6
189.6	20.2939	1663.5342	5.1222	6
189.65	20.294	1663.5703	5.0901	6
189.7	20.2947	1662.729	5.0979	6
189.75	20.2948	1662.9872	5.112	6
189.8	20.2948	1663.135	5.0806	6
189.85	20.2953	1662.8541	5.0853	6
189.9	20.2952	1663.0231	5.1035	6
189.95	20.2958	1661.205	5.1101	6
190	20.2956	1660.1792	5.1268	6
190.05	20.2958	1659.7069	5.1074	6
190.1	20.297	1658.2843	5.1018	6
190.15	20.2974	1657.8906	5.1136	6
190.2	20.2975	1657.9377	5.1004	6
190.25	20.2983	1657.2855	5.0998	6
190.3	20.2991	1655.7101	5.1122	6
190.35	20.2987	1654.932	5.115	6
190.4	20.2987	1654.6081	5.1117	6
190.45	20.2997	1653.0576	5.1258	6
190.5	20.2995	1653.4476	5.1345	6
190.55	20.2993	1653.9504	5.1129	6
190.6	20.3005	1652.5682	5.1209	6
190.65	20.3007	1651.025	5.1259	6
190.7	20.2995	1651.1796	5.1045	6
190.75	20.3004	1649.7839	5.1018	6
190.8	20.3013	1648.8447	5.1025	6
190.85	20.3005	1650.2873	5.0936	6
190.9	20.301	1649.6655	5.103	6
190.95	20.3018	1647.9482	5.0948	6
191	20.3008	1648.0398	5.1035	6
191.05	20.3006	1647.9997	5.1108	6
191.1	20.3016	1646.7889	5.1041	6
191.15	20.3013	1647.2909	5.1155	6
191.2	20.3011	1647.8101	5.125	6
191.25	20.302	1646.1449	5.1323	6
191.3	20.3016	1644.9872	5.1273	6
191.35	20.301	1645.2669	5.1145	6
191.4	20.3016	1644.594	5.1045	6
191.45	20.3018	1644.4247	5.1064	6
191.5	20.3015	1645.1428	5.107	6
191.55	20.3017	1644.6093	5.1123	6
191.6	20.302	1642.6609	5.1231	6
191.65	20.3014	1642.8948	5.1318	6
191.7	20.3013	1643.2412	5.1244	6
191.75	20.3018	1642.6548	5.1142	6
191.8	20.3017	1643.0258	5.131	6
191.85	20.301	1643.4959	5.1229	6
191.9	20.301	1641.6997	5.1247	6
191.95	20.3009	1641.1828	5.1222	6
192	20.3004	1642.1801	5.1291	6
192.05	20.3007	1642.1633	5.1454	6
192.1	20.3013	1641.4466	5.1393	6
192.15	20.3005	1642.2458	5.1371	6
192.2	20.2998	1641.7259	5.1364	6
192.25	20.3002	1640.2392	5.1376	6
192.3	20.2997	1641.1813	5.1391	6
192.35	20.2992	1642.0853	5.1251	6
192.4	20.3	1641.2248	5.1152	6
192.45	20.2997	1641.7429	5.1286	6
192.5	20.299	1641.7533	5.1178	6
192.55	20.2986	1640.768	5.1032	6
192.6	20.2986	1640.555	5.1127	6
192.65	20.2983	1641.2516	5.1099	6
192.7	20.298	1641.7062	5.11	6
192.75	20.2981	1641.6174	5.1154	6
192.8	20.2981	1641.6697	5.1174	6
192.85	20.298	1641.0974	5.1111	6
192.9	20.2976	1640.3359	5.1128	6
192.95	20.2977	1639.9764	5.1325	6
193	20.2977	1640.0393	5.1155	6
193.05	20.2973	1640.7056	5.111	6
193.1	20.2975	1640.6612	5.1343	6
193.15	20.2975	1640.8734	5.1332	6
193.2	20.2967	1641.324	5.1241	6
193.25	20.2964	1639.9584	5.1136	6
193.3	20.2963	1639.4279	5.1166	6
193.35	20.2959	1640.1687	5.1263	6
193.4	20.2958	1640.4729	5.1186	6
193.45	20.2961	1640.1478	5.1044	6
193.5	20.2956	1640.9676	5.1002	6
193.55	20.2951	1641.8726	5.0947	6
193.6	20.2952	1641.2196	5.0803	6
193.65	20.2945	1640.6465	5.0865	6
193.7	20.2933	1641.746	5.1037	6
193.75	20.2935	1641.6969	5.0979	6
193.8	20.2934	1641.8997	5.1029	6
193.85	20.2926	1643.166	5.1116	6
193.9	20.2925	1643.367	5.0989	6
193.95	20.2929	1642.9665	5.1023	6
194	20.2923	1644.0381	5.1026	6
194.05	20.2921	1644.4589	5.0875	6
194.1	20.2918	1643.1836	5.0935	6
194.15	20.2911	1642.8997	5.0837	6
194.2	20.2905	1643.8994	5.0814	6
194.25	20.2907	1643.6324	5.0929	6
194.3	20.2909	1643.6027	5.0863	6
194.35	20.2906	1644.403	5.083	6
194.4	20.2909	1644.2519	5.0891	6
194.45	20.2915	1643.4653	5.1018	6
194.5	20.2912	1644.2003	5.0897	6
194.55	20.2915	1644.0627	5.0753	6
194.6	20.2921	1642.8856	5.0744	6
194.65	20.2913	1642.2931	5.0876	6
194.7	20.2912	1641.836	5.0986	6
194.75	20.2919	1641.0493	5.1014	6
194.8	20.2919	1641.2209	5.0996	6
194.85	20.2917	1641.7152	5.1071	6
194.9	20.2925	1641.02	5.0979	6
194.95	20.2925	1641.0527	5.0925	6
195	20.2925	1641.395	5.0984	6
195.05	20.293	1640.7853	5.1042	6
195.1	20.2932	1640.0497	5.1058	6
195.15	20.2927	1638.9871	5.0872	6
195.2	20.2929	1637.8028	5.088	6
195.25	20.2933	1637.4389	5.0998	6
195.3	20.2935	1637.4996	5.0919	6
195.35	20.294	1637.022	5.0891	6
195.4	20.2943	1636.6229	5.0904	6
195.45	20.2944	1636.8775	5.093	6
195.5	20.295	1636.1976	5.0881	6
195.55	20.295	1635.7503	5.075	6
195.6	20.2945	1635.0503	5.0993	6
195.65	20.2947	1634.3248	5.103	6
195.7	20.2949	1634.0276	5.0965	6
195.75	20.2946	1634.5655	5.1089	6
195.8	20.2947	1634.6657	5.1149	6
195.85	20.2947	1634.8547	5.1108	6
195.9	20.2947	1634.948	5.0991	6
195.95	20.2944	1635.4631	5.0902	6
196	20.2941	1634.9393	5.0857	6
196.05	20.2936	1634.0191	5.0836	6
196.1	20.2931	1634.4087	5.0984	6
196.15	20.2933	1634.4653	5.1005	6
196.2	20.2935	1634.29	5.1025	6
196.25	20.2931	1634.9087	5.1022	6
196.3	20.2934	1634.6835	5.0987	6
196.35	20.2938	1634.3262	5.1052	6
196.4	20.2936	1634.8813	5.1162	6
196.45	20.2935	1634.3646	5.11	6
196.5	20.2933	1632.9987	5.1159	6
196.55	20.2929	1633.1025	5.1161	6
196.6	20.2926	1633.5981	5.1089	6
196.65	20.293	1633.4083	5.1135	6
196.7	20.2928	1633.6172	5.1126	6
196.75	20.2926	1634.0765	5.1147	6
196.8	20.2929	1633.8961	5.1043	6
196.85	20.2933	1633.5786	5.0925	6
196.9	20.2933	1633.5263	5.1069	6
196.95	20.2931	1632.3684	5.1077	6
197	20.293	1631.4618	5.1035	6
197.05	20.2934	1631.0173	5.1049	6
197.1	20.2936	1630.9777	5.1047	6
197.15	20.2937	1631.2705	5.1129	6
197.2	20.2939	1631.2453	5.1272	6
197.25	20.2945	1630.6087	5.1303	6
197.3	20.2942	1631.2785	5.1296	6
197.35	20.2942	1631.0997	5.1266	6
197.4	20.2944	1629.4026	5.1372	6
197.45	20.294	1629.0073	5.1174	6
197.5	20.2938	1629.5192	5.1168	6
197.55	20.2947	1628.6627	5.134	6
197.6	20.295	1628.383	5.1422	6
197.65	20.2948	1628.9322	5.1435	6
197.7	20.295	1628.8162	5.1391	6
197.75	20.2954	1628.2501	5.1244	6
197.8	20.2947	1628.2306	5.116	6
197.85	20.294	1627.4864	5.1208	6
197.9	20.2944	1626.7574	5.1458	6
197.95	20.2943	1626.9541	5.1429	6
198	20.2942	1627.2226	5.1361	6
198.05	20.2947	1626.7618	5.1344	6
198.1	20.2952	1626.2513	5.1312	6
198.15	20.2951	1626.5927	5.1424	6
198.2	20.2953	1626.3798	5.1275	6
198.25	20.2952	1624.9709	5.1081	6
198.3	20.2949	1624.2487	5.1149	6
198.35	20.2949	1624.1929	5.1114	6
198.4	20.2951	1624.0368	5.1209	6
198.45	20.2955	1623.5239	5.1249	6
198.5	20.2958	1623.41	5.1277	6
198.55	20.2959	1623.5153	5.1159	6
198.6	20.2961	1623.2692	5.0958	6
198.65	20.296	1622.0606	5.1019	6
198.7	20.2955	1621.3713	5.1096	6
198.75	20.2953	1621.5574	5.1035	6
198.8	20.2957	1621.1844	5.109	6
198.85	20.2959	1621.1285	5.1122	6
198.9	20.2956	1621.8125	5.1084	6
198.95	20.2959	1621.5747	5.102	6
199	20.2966	1620.5871	5.0972	6
199.05	20.2959	1620.5069	5.1053	6
199.1	20.2958	1619.4359	5.1164	6
199.15	20.2961	1618.8581	5.1134	6
199.2	20.2959	1619.2171	5.1022	6
199.25	20.2958	1619.3622	5.0936	6
199.3	20.2961	1619.0728	5.1144	6
199.35	20.2962	1619.2049	5.1147	6
199.4	20.2962	1619.1519	5.1141	6
199.45	20.2959	1618.1548	5.1126	6
199.5	20.2957	1617.2176	5.087	6
199.55	20.2956	1617.2243	5.0878	6
199.6	20.2957	1617.2795	5.101	6
199.65	20.2957	1617.4205	5.114	6
199.7	20.2961	1617.0692	5.1224	6
199.75	20.2961	1617.1894	5.1168	6
199.8	20.296	1617.2528	5.1336	6
199.85	20.2957	1616.286	5.1434	6
199.9	20.2956	1615.5175	5.1296	6
199.95	20.2951	1616.1124	5.127	6
200	20.2948	1616.4588	5.1205	6
200.05	20.295	1616.1965	5.1418	6
200.1	20.2947	1616.8017	5.1521	6
200.15	20.2941	1617.8425	5.155	6
200.2	20.2946	1617.0772	5.1497	6
200.25	20.2941	1616.6609	5.1247	6
200.3	20.2927	1617.0235	5.1188	6
200.35	20.293	1616.3937	5.115	6
200.4	20.2929	1616.6128	5.1287	6
200.45	20.2921	1617.9988	5.1221	6
200.5	20.2921	1618.1647	5.1069	6
200.55	20.2922	1618.0597	5.1095	6
200.6	20.2914	1619.3783	5.1258	6
200.65	20.2912	1620.022	5.1275	6
200.7	20.2912	1620.0169	5.1295	6
200.75	20.2905	1620.2459	5.137	6
200.8	20.2897	1619.8463	5.1397	6
200.85	20.2897	1619.4829	5.1278	6
200.9	20.2893	1620.1286	5.1336	6
200.95	20.2891	1620.6618	5.148	6
201	20.2891	1620.7758	5.1468	6
201.05	20.2888	1621.3472	5.1441	6
201.1	20.2886	1621.672	5.1487	6
201.15	20.2885	1621.7425	5.1396	6
201.2	20.2881	1622.4022	5.1366	6
201.25	20.2883	1622.4701	5.1233	6
201.3	20.2883	1622.5526	5.1298	6
201.35	20.2882	1622.9076	5.1275	6
201.4	20.288	1622.7132	5.1078	6
201.45	20.2877	1621.3032	5.1064	6
201.5	20.2874	1620.9346	5.1132	6
201.55	20.2872	1621.3268	5.1013	6
201.6	20.2875	1620.9799	5.1064	6
201.65	20.2874	1621.2267	5.1161	6
201.7	20.2873	1621.5984	5.108	6
201.75	20.2877	1621.3383	5.125	6
201.8	20.2874	1621.9046	5.1222	6
201.85	20.2874	1622.0273	5.116	6
201.9	20.2875	1621.9856	5.1113	6
201.95	20.2874	1622.1709	5.1212	6
202	20.2872	1622.4064	5.1181	6
202.05	20.2876	1621.9999	5.1072	6
202.1	20.2877	1622.0366	5.1076	6
202.15	20.2877	1621.7071	5.1147	6
202.2	20.2873	1620.8091	5.1338	6
202.25	20.2868	1620.558	5.1384	6
202.3	20.2868	1620.5426	5.1367	6
202.35	20.2866	1621.0116	5.1331	6
202.4	20.2863	1621.7282	5.1275	6
202.45	20.2866	1621.2744	5.1198	6
202.5	20.2865	1621.4083	5.1201	6
202.55	20.2861	1622.2558	5.1236	6
202.6	20.2865	1621.9069	5.1439	6
202.65	20.2868	1621.5612	5.1285	6
202.7	20.2867	1621.8397	5.1211	6
202.75	20.2867	1621.9267	5.1439	6
202.8	20.2873	1621.2446	5.1349	6
202.85	20.2873	1621.3357	5.1338	6
202.9	20.2873	1621.5821	5.124	6
202.95	20.2875	1621.3578	5.1272	6
203	20.2872	1620.2168	5.132	6
203.05	20.2867	1619.7107	5.1213	6
203.1	20.2867	1619.882	5.1382	6
203.15	20.2867	1619.9086	5.1602	6
203.2	20.2866	1620.1681	5.147	6
203.25	20.2864	1620.3144	5.1332	6
203.3	20.2866	1620.2232	5.1292	6
203.35	20.2865	1620.5196	5.1288	6
203.4	20.2867	1620.2807	5.1332	6
203.45	20.2864	1620.7253	5.1378	6
203.5	20.2866	1620.6902	5.1323	6
203.55	20.2868	1620.4893	5.1244	6
203.6	20.2864	1621.0685	5.1276	6
203.65	20.2864	1621.1879	5.1268	6
203.7	20.2864	1621.2318	5.0944	6
203.75	20.2862	1621.7522	5.1052	6
203.8	20.2858	1622.0411	5.1136	6
203.85	20.2855	1621.013	5.1188	6
203.9	20.2852	1620.6023	5.1322	6
203.95	20.2848	1621.2943	5.1378	6
204	20.2848	1621.2016	5.1355	6
204.05	20.285	1621.1915	5.1314	6
204.1	20.2848	1621.6883	5.1257	6
204.15	20.2848	1621.753	5.1319	6
204.2	20.2849	1621.6745	5.1347	6
204.25	20.2846	1622.1462	5.1333	6
204.3	20.2846	1622.2213	5.1265	6
204.35	20.285	1622.0319	5.1142	6
204.4	20.2846	1622.7373	5.1148	6
204.45	20.2847	1622.771	5.1127	6
204.5	20.2846	1622.8382	5.1048	6
204.55	20.2844	1623.382	5.1035	6
204.6	20.2842	1623.7255	5.1066	6
204.65	20.2842	1623.8256	5.119	6
204.7	20.2841	1624.039	5.1229	6
204.75	20.2841	1624.2852	5.1272	6
204.8	20.2842	1624.3458	5.1363	6
204.85	20.2846	1623.96	5.1371	6
204.9	20.2843	1623.6323	5.1117	6
204.95	20.2838	1622.6411	5.0888	6
205	20.2838	1622.1347	5.0903	6
205.05	20.284	1622.0642	5.1028	6
205.1	20.2838	1622.3982	5.1197	6
205.15	20.284	1622.2613	5.1372	6
205.2	20.2841	1622.2602	5.1291	6
205.25	20.284	1622.5753	5.129	6
205.3	20.2839	1622.651	5.1165	6
205.35	20.284	1622.5792	5.1013	6
205.4	20.2839	1622.8897	5.1062	6
205.45	20.2843	1622.6813	5.1088	6
205.5	20.284	1623.0755	5.1067	6
205.55	20.2841	1623.192	5.1087	6
205.6	20.2844	1622.8509	5.1074	6
205.65	20.2844	1622.9559	5.104	6
205.7	20.2846	1622.9807	5.0921	6
205.75	20.2851	1622.3699	5.0837	6
205.8	20.2853	1622.4363	5.1022	6
205.85	20.2852	1622.8254	5.104	6
205.9	20.2856	1622.3448	5.1017	6
205.95	20.286	1622.2585	5.1127	6
206	20.2857	1622.3863	5.1107	6
206.05	20.2856	1620.7941	5.1255	6
206.1	20.2857	1619.8336	5.1229	6
206.15	20.286	1619.6467	5.0923	6
206.2	20.2861	1619.4959	5.0894	6
206.25	20.2866	1618.7412	5.0913	6
206.3	20.287	1618.4597	5.0983	6
206.35	20.2871	1618.6157	5.0968	6
206.4	20.2876	1617.9972	5.0847	6
206.45	20.2877	1617.9726	5.0881	6
206.5	20.2877	1618.1085	5.0907	6
206.55	20.2883	1617.6666	5.0848	6
206.6	20.2886	1617.2658	5.0701	6
206.65	20.2888	1617.1889	5.0784	6
206.7	20.289	1616.9435	5.0831	6
206.75	20.2894	1616.0753	5.0601	6
206.8	20.2893	1614.9504	5.0489	6
206.85	20.2888	1614.4019	5.0581	6
206.9	20.2891	1613.8344	5.0688	6
206.95	20.2892	1613.877	5.0866	6
207	20.2889	1614.1823	5.0817	6
207.05	20.2893	1614.0115	5.0907	6
207.1	20.2895	1613.8239	5.101	6
207.15	20.2894	1614.2704	5.1047	6
207.2	20.2896	1614.1363	5.1019	6
207.25	20.2899	1613.8904	5.0792	6
207.3	20.2898	1614.32	5.0683	6
207.35	20.29	1614.1831	5.0748	6
207.4	20.2898	1613.6423	5.0637	6
207.45	20.2895	1612.586	5.0662	6
207.5	20.2895	1612.0964	5.0658	6
207.55	20.2899	1611.9385	5.0757	6
207.6	20.2899	1611.8565	5.0948	6
207.65	20.2901	1611.7904	5.0983	6
207.7	20.2903	1611.5225	5.0881	6
207.75	20.2905	1611.209	5.083	6
207.8	20.2903	1611.5647	5.0747	6
207.85	20.291	1611.0232	5.0789	6
207.9	20.2909	1611.4882	5.0873	6
207.95	20.2914	1610.8985	5.0944	6
208	20.291	1609.5726	5.1004	6
208.05	20.2909	1608.7679	5.0874	6
208.1	20.2907	1608.6985	5.0853	6
208.15	20.2913	1608.2483	5.0878	6
208.2	20.291	1608.7424	5.068	6
208.25	20.2913	1608.3135	5.0659	6
208.3	20.2912	1608.6411	5.073	6
208.35	20.2916	1608.4738	5.089	6
208.4	20.2914	1608.7337	5.092	6
208.45	20.2917	1608.6394	5.0844	6
208.5	20.2918	1608.1056	5.0911	6
208.55	20.2913	1607.2203	5.0862	6
208.6	20.2909	1606.863	5.0795	6
208.65	20.2913	1606.2785	5.0796	6
208.7	20.2911	1606.7225	5.0834	6
208.75	20.2909	1607.2685	5.081	6
208.8	20.2913	1606.8253	5.0834	6
208.85	20.2912	1606.9892	5.0679	6
208.9	20.2907	1607.9096	5.0761	6
208.95	20.291	1607.6654	5.0922	6
209	20.2911	1607.6223	5.0948	6
209.05	20.2904	1607.9563	5.0858	6
209.1	20.29	1606.7551	5.0735	6
209.15	20.2899	1606.1334	5.0715	6
209.2	20.2896	1606.6005	5.0736	6
209.25	20.2893	1607.0387	5.0767	6
209.3	20.2894	1606.8748	5.084	6
209.35	20.2894	1607.0362	5.0699	6
209.4	20.2889	1607.8717	5.064	6
209.45	20.2894	1607.523	5.0865	6
209.5	20.2892	1607.86	5.1024	6
209.55	20.2884	1609.0114	5.1051	6
209.6	20.2884	1609.0802	5.0741	6
209.65	20.2882	1609.4042	5.0609	6
209.7	20.287	1610.2571	5.0639	6
209.75	20.2862	1609.7102	5.0681	6
209.8	20.2858	1609.6875	5.0789	6
209.85	20.2849	1611.0204	5.086	6
209.9	20.2841	1612.1141	5.0945	6
209.95	20.2841	1612.2198	5.0834	6
210	20.2836	1612.9854	5.0817	6
210.05	20.2827	1614.2447	5.0584	6
210.1	20.2826	1614.4554	5.0626	6
210.15	20.2822	1615.0381	5.0921	6
210.2	20.2814	1616.2052	5.0759	6
210.25	20.281	1616.8059	5.0609	6
210.3	20.281	1616.7982	5.0632	6
210.35	20.2802	1617.9944	5.0632	6
210.4	20.28	1618.5107	5.0796	6
210.45	20.2798	1618.9237	5.0664	6
210.5	20.2796	1619.222	5.0786	6
210.55	20.2789	1620.293	5.0919	6
210.6	20.2786	1620.8882	5.0819	6
210.65	20.2788	1620.5456	5.0676	6
210.7	20.278	1621.6484	5.0689	6
210.75	20.2777	1622.2708	5.0811	6
210.8	20.2782	1621.6649	5.0817	6
210.85	20.2778	1622.3689	5.0682	6
210.9	20.2775	1622.9802	5.0769	6
210.95	20.2776	1622.5728	5.0775	6
211	20.2776	1622.6618	5.0673	6
211.05	20.2773	1623.1351	5.086	6
211.1	20.2773	1623.2092	5.0965	6
211.15	20.2774	1623.1735	5.1127	6
211.2	20.2774	1623.4934	5.1027	6
211.25	20.2774	1623.8494	5.0883	6
211.3	20.2774	1623.9403	5.0994	6
211.35	20.2776	1623.8068	5.0984	6
211.4	20.277	1624.6553	5.0855	6
211.45	20.2772	1624.4079	5.0824	6
211.5	20.2773	1624.441	5.0852	6
211.55	20.277	1624.8832	5.093	6
211.6	20.2769	1625.0587	5.0805	6
211.65	20.2771	1625.0645	5.0838	6
211.7	20.2768	1625.5672	5.0918	6
211.75	20.2769	1625.6936	5.0866	6
211.8	20.2771	1625.4947	5.0913	6
211.85	20.2773	1625.3733	5.081	6
211.9	20.2771	1625.6447	5.0771	6
211.95	20.2777	1624.9998	5.1008	6
212	20.278	1624.8338	5.0929	6
212.05	20.2782	1624.7501	5.0797	6
212.1	20.2787	1624.434	5.0733	6
212.15	20.279	1624.0767	5.0659	6
212.2	20.2792	1623.7802	5.0864	6
212.25	20.2794	1623.7284	5.0928	6
212.3	20.2798	1623.3837	5.0973	6
212.35	20.2802	1622.7908	5.0933	6
212.4	20.28	1623.3303	5.0886	6
212.45	20.2804	1622.7415	5.0836	6
212.5	20.2807	1622.4486	5.0747	6
212.55	20.2805	1623.0027	5.071	6
212.6	20.2809	1622.5965	5.0866	6
212.65	20.281	1622.5339	5.0907	6
212.7	20.2811	1622.6829	5.0985	6
212.75	20.2812	1622.5994	5.0874	6
212.8	20.2814	1622.2394	5.0909	6
212.85	20.2815	1622.1722	5.0996	6
212.9	20.2818	1621.9548	5.092	6
212.95	20.2817	1622.1569	5.0844	6
213	20.2821	1621.8501	5.0863	6
213.05	20.2822	1621.8568	5.1047	6
213.1	20.2825	1621.6334	5.109	6
213.15	20.2826	1621.5981	5.1023	6
213.2	20.2829	1621.3433	5.1104	6
213.25	20.2831	1621.1628	5.0987	6
213.3	20.2833	1621.0913	5.0955	6
213.35	20.2833	1621.2288	5.1068	6
213.4	20.2837	1620.6118	5.1163	6
213.45	20.2837	1620.5416	5.114	6
213.5	20.2832	1619.8373	5.1195	6
213.55	20.2835	1618.4315	5.1175	6
213.6	20.2834	1618.4649	5.1099	6
213.65	20.283	1619.0135	5.0978	6
213.7	20.2838	1618.0988	5.1214	6
213.75	20.284	1618.0051	5.1063	6
213.8	20.2837	1618.513	5.0988	6
213.85	20.2845	1617.5909	5.1191	6
213.9	20.285	1616.985	5.1159	6
213.95	20.2847	1617.6258	5.1201	6
214	20.2849	1617.3158	5.1	6
214.05	20.2857	1616.2989	5.0896	6
214.1	20.2853	1617.0336	5.1093	6
214.15	20.2854	1616.9322	5.107	6
214.2	20.286	1616.0947	5.1116	6
214.25	20.2862	1615.9783	5.1214	6
214.3	20.2859	1616.5288	5.1157	6
214.35	20.2866	1615.8132	5.1095	6
214.4	20.287	1615.4735	5.0912	6
214.45	20.2871	1615.5385	5.0919	6
214.5	20.2872	1614.596	5.097	6
214.55	20.2873	1612.9976	5.0791	6
214.6	20.2871	1612.8876	5.0646	6
214.65	20.2875	1612.5761	5.0779	6
214.7	20.2879	1612.1654	5.0861	6
214.75	20.2882	1611.9358	5.094	6
214.8	20.2886	1611.5475	5.0935	6
214.85	20.2892	1610.9397	5.1039	6
214.9	20.2893	1610.9613	5.1061	6
214.95	20.2898	1610.4353	5.1064	6
215	20.2902	1609.9843	5.1165	6
215.05	20.2902	1610.1623	5.1008	6
215.1	20.2905	1609.8471	5.1066	6
215.15	20.2907	1608.9337	5.1147	6
215.2	20.2905	1607.5843	5.1109	6
215.25	20.2902	1607.2998	5.1097	6
215.3	20.2906	1606.6511	5.1032	6
215.35	20.2906	1606.825	5.1138	6
215.4	20.2907	1606.6413	5.1042	6
215.45	20.2911	1606.3639	5.0956	6
215.5	20.2912	1606.3378	5.102	6
215.55	20.2915	1605.9642	5.1069	6
215.6	20.2913	1606.3291	5.1058	6
215.65	20.2915	1606.0222	5.1062	6
215.7	20.2916	1605.3797	5.1161	6
215.75	20.2905	1605.1107	5.1217	6
215.8	20.2904	1604.6783	5.1208	6
215.85	20.2904	1604.8135	5.1223	6
215.9	20.2902	1605.4373	5.1161	6
215.95	20.2905	1605.3298	5.1162	6
216	20.2908	1604.9459	5.1235	6
216.05	20.2908	1605.138	5.1056	6
216.1	20.2912	1604.9291	5.1025	6
216.15	20.2911	1604.9971	5.118	6
216.2	20.291	1605.354	5.1174	6
216.25	20.291	1604.8991	5.1197	6
216.3	20.2904	1603.8643	5.1029	6
216.35	20.2897	1604.1781	5.0931	6
216.4	20.2899	1603.9275	5.0901	6
216.45	20.29	1603.7738	5.099	6
216.5	20.2899	1604.1776	5.1205	6
216.55	20.29	1604.2362	5.1189	6
216.6	20.2907	1603.3459	5.112	6
216.65	20.2907	1603.5099	5.1138	6
216.7	20.291	1603.2468	5.1087	6
216.75	20.2915	1602.8752	5.0922	6
216.8	20.2917	1602.4889	5.0954	6
216.85	20.2913	1601.7943	5.1058	6
216.9	20.2909	1600.9605	5.103	6
216.95	20.2914	1600.2022	5.1021	6
217	20.2909	1601.2493	5.1076	6
217.05	20.291	1601.055	5.0936	6
217.1	20.2912	1600.7386	5.1013	6
217.15	20.2906	1601.8654	5.1096	6
217.2	20.2906	1601.8436	5.1046	6
217.25	20.2909	1601.2752	5.091	6
217.3	20.2905	1602.0007	5.0874	6
217.35	20.2904	1602.001	5.0879	6
217.4	20.2905	1600.3657	5.1045	6
217.45	20.2897	1600.0191	5.1061	6
217.5	20.2894	1600.2471	5.1098	6
217.55	20.29	1599.5188	5.1099	6
217.6	20.2895	1600.3123	5.0943	6
217.65	20.2897	1600.1365	5.0979	6
217.7	20.2903	1599.3962	5.0922	6
217.75	20.2904	1599.5703	5.0809	6
217.8	20.2903	1600.1182	5.0928	6
217.85	20.2913	1598.7427	5.0969	6
217.9	20.2913	1598.8859	5.1124	6
217.95	20.2907	1599.5763	5.1238	6
218	20.2908	1597.6786	5.1124	6
218.05	20.2907	1596.97	5.1218	6
218.1	20.2899	1598.2536	5.127	6
218.15	20.2902	1597.9755	5.1218	6
218.2	20.2905	1597.4698	5.1146	6
218.25	20.2896	1598.8037	5.1096	6
218.3	20.2894	1599.181	5.1071	6
218.35	20.2903	1598.1806	5.0948	6
218.4	20.2896	1599.3714	5.0907	6
218.45	20.2895	1599.7582	5.1024	6
218.5	20.2905	1598.371	5.0951	6
218.55	20.2898	1598.7426	5.0896	6
218.6	20.2891	1598.069	5.085	6
218.65	20.2894	1597.0587	5.0948	6
218.7	20.2892	1597.2501	5.1102	6
218.75	20.2886	1598.0921	5.098	6
218.8	20.2892	1597.4323	5.0891	6
218.85	20.2893	1597.5101	5.0965	6
218.9	20.2891	1597.8449	5.1032	6
218.95	20.2896	1597.3679	5.1004	6
219	20.2896	1597.3998	5.0819	6
219.05	20.2893	1597.8039	5.0989	6
219.1	20.2899	1597.2207	5.1049	6
219.15	20.29	1597.1378	5.1095	6
219.2	20.2896	1596.2607	5.1203	6
219.25	20.2893	1595.1196	5.1058	6
219.3	20.2896	1594.5383	5.1167	6
219.35	20.2894	1594.9799	5.1219	6
219.4	20.2896	1594.7652	5.1222	6
219.45	20.2899	1594.512	5.1279	6
219.5	20.2898	1594.9979	5.1171	6
219.55	20.2895	1595.3413	5.1087	6
219.6	20.2897	1595.1631	5.121	6
219.65	20.2896	1595.3577	5.1297	6
219.7	20.2892	1596.0786	5.1309	6
219.75	20.2893	1596.1297	5.1024	6
219.8	20.2893	1595.213	5.08	6
219.85	20.2879	1595.3463	5.0915	6
219.9	20.2878	1595.2423	5.1028	6
219.95	20.2884	1594.4778	5.1034	6
220	20.2875	1595.9311	5.0973	6
220.05	20.2878	1595.7021	5.1045	6
220.1	20.2884	1594.7834	5.1169	6
220.15	20.2878	1595.6664	5.0979	6
220.2	20.2878	1595.8909	5.09	6
220.25	20.2884	1595.0617	5.088	6
220.3	20.288	1595.5657	5.089	6
220.35	20.2874	1596.6918	5.092	6
220.4	20.2882	1595.4416	5.0991	6
220.45	20.2881	1595.7204	5.0992	6
220.5	20.2873	1596.7501	5.0943	6
220.55	20.2877	1594.7287	5.098	6
220.6	20.2869	1594.7357	5.0975	6
220.65	20.2863	1595.6638	5.0908	6
220.7	20.2862	1595.7075	5.0976	6
220.75	20.2862	1595.9449	5.1012	6
220.8	20.2859	1596.735	5.1078	6
220.85	20.2862	1596.4108	5.0996	6
220.9	20.2862	1596.5123	5.1029	6
220.95	20.2863	1596.5583	5.0926	6
221	20.2869	1595.7103	5.0772	6
221.05	20.2871	1595.4847	5.0911	6
221.1	20.2869	1596.0106	5.1071	6
221.15	20.2877	1595.0091	5.116	6
221.2	20.2874	1595.4782	5.1164	6
221.25	20.2872	1595.9416	5.1211	6
221.3	20.2875	1595.2403	5.1197	6
221.35	20.287	1594.6571	5.1167	6
221.4	20.2859	1594.6043	5.1243	6
221.45	20.2859	1594.3279	5.1383	6
221.5	20.2859	1594.2985	5.1525	6
221.55	20.2854	1595.3502	5.146	6
221.6	20.2857	1594.9942	5.134	6
221.65	20.2858	1595.001	5.1264	6
221.7	20.2853	1595.62	5.1163	6
221.75	20.2854	1595.5811	5.1161	6
221.8	20.2854	1595.5047	5.1389	6
221.85	20.2849	1596.3406	5.1324	6
221.9	20.285	1596.2854	5.1066	6
221.95	20.2851	1596.1321	5.1006	6
222	20.2848	1596.731	5.1249	6
222.05	20.2848	1596.8758	5.1125	6
222.1	20.2849	1596.7196	5.1144	6
222.15	20.2849	1596.8601	5.1154	6
222.2	20.2847	1597.0739	5.107	6
222.25	20.2848	1596.9852	5.1093	6
222.3	20.2849	1596.6523	5.1184	6
222.35	20.2845	1595.6913	5.1201	6
222.4	20.2844	1595.0162	5.114	6
222.45	20.2842	1595.1295	5.0935	6
222.5	20.2843	1595.0411	5.0895	6
222.55	20.2844	1595.1701	5.0879	6
222.6	20.2846	1595.0579	5.0875	6
222.65	20.2846	1595.0553	5.1015	6
222.7	20.2851	1594.6238	5.1221	6
222.75	20.285	1594.8692	5.1302	6
222.8	20.2853	1594.6017	5.1186	6
222.85	20.2857	1594.1472	5.1021	6
222.9	20.2856	1594.3367	5.091	6
222.95	20.2857	1594.3509	5.1008	6
223	20.2862	1593.6572	5.1116	6
223.05	20.2863	1593.551	5.1087	6
223.1	20.2862	1593.8773	5.1126	6
223.15	20.2867	1593.3733	5.1175	6
223.2	20.2872	1592.8474	5.1226	6
223.25	20.2869	1593.2557	5.1376	6
223.3	20.2868	1592.0473	5.1263	6
223.35	20.2868	1590.3772	5.119	6
223.4	20.2865	1590.6219	5.1113	6
223.45	20.2865	1590.8369	5.1115	6
223.5	20.2872	1589.9176	5.1342	6
223.55	20.287	1590.3566	5.1334	6
223.6	20.2869	1590.7303	5.1226	6
223.65	20.2875	1589.7739	5.105	6
223.7	20.2875	1589.9747	5.0987	6
223.75	20.2871	1590.6433	5.1131	6
223.8	20.2874	1590.2284	5.0987	6
223.85	20.2875	1589.9596	5.0926	6
223.9	20.2869	1590.8664	5.0945	6
223.95	20.2872	1590.6026	5.0969	6
224	20.2874	1590.4908	5.1051	6
224.05	20.287	1591.0211	5.1012	6
224.1	20.2868	1589.8221	5.1105	6
224.15	20.2865	1589.0993	5.1175	6
224.2	20.2862	1589.3094	5.0995	6
224.25	20.2861	1589.5123	5.0895	6
224.3	20.2863	1589.2201	5.0881	6
224.35	20.286	1589.5938	5.0856	6
224.4	20.2856	1590.1467	5.0889	6
224.45	20.2862	1589.4751	5.0924	6
224.5	20.2861	1589.7302	5.0829	6
224.55	20.2857	1590.6192	5.1007	6
224.6	20.2861	1590.227	5.1015	6
224.65	20.2864	1589.8414	5.0931	6
224.7	20.2858	1590.7864	5.0939	6
224.75	20.286	1590.6502	5.0894	6
224.8	20.2867	1589.8115	5.096	6
224.85	20.2863	1590.3085	5.0914	6
224.9	20.2862	1590.6012	5.0828	6
224.95	20.2868	1589.1863	5.0875	6
225	20.286	1588.4917	5.089	6
225.05	20.2853	1588.8292	5.0938	6
225.1	20.2859	1588.1126	5.0893	6
225.15	20.2859	1588.2544	5.1083	6
225.2	20.2855	1588.7809	5.112	6
225.25	20.286	1588.1805	5.0894	6
225.3	20.2861	1588.2519	5.0898	6
225.35	20.286	1588.5116	5.0869	6
225.4	20.2862	1588.3525	5.1034	6
225.45	20.2865	1588.1254	5.1275	6
225.5	20.2864	1588.2903	5.1172	6
225.55	20.2863	1588.4026	5.1166	6
225.6	20.2867	1588.1384	5.0998	6
225.65	20.287	1587.923	5.1099	6
225.7	20.2869	1588.241	5.1285	6
225.75	20.2871	1588.0645	5.1126	6
225.8	20.2872	1587.5057	5.1164	6
225.85	20.2866	1586.4922	5.119	6
225.9	20.2863	1586.1053	5.1314	6
225.95	20.2867	1585.7659	5.1398	6
226	20.287	1585.4011	5.1076	6
226.05	20.287	1585.4937	5.1079	6
226.1	20.2872	1585.3527	5.1099	6
226.15	20.2875	1585.0989	5.1034	6
226.2	20.2876	1585.1456	5.1145	6
226.25	20.2876	1585.191	5.1163	6
226.3	20.2877	1585.1825	5.1128	6
226.35	20.2881	1584.7237	5.1103	6
226.4	20.2879	1585.0638	5.0949	6
226.45	20.2877	1585.345	5.084	6
226.5	20.288	1584.944	5.1022	6
226.55	20.288	1584.9655	5.1084	6
226.6	20.2873	1584.3031	5.1026	6
226.65	20.2876	1582.5954	5.0935	6
226.7	20.2875	1582.7887	5.1065	6
226.75	20.2874	1583.2422	5.1146	6
226.8	20.288	1582.4239	5.1059	6
226.85	20.2881	1582.3232	5.1103	6
226.9	20.2876	1583.1282	5.0841	6
226.95	20.288	1582.6945	5.067	6
227	20.2885	1582.1302	5.0818	6
227.05	20.2879	1583.0088	5.0931	6
227.1	20.2882	1582.7575	5.1014	6
227.15	20.2885	1582.3531	5.1105	6
227.2	20.2883	1582.7299	5.1136	6
227.25	20.2882	1582.9225	5.1011	6
227.3	20.2882	1581.926	5.0933	6
227.35	20.2878	1580.9628	5.1136	6
227.4	20.2876	1581.1441	5.1167	6
227.45	20.2878	1580.9927	5.096	6
227.5	20.2877	1581.0661	5.0808	6
227.55	20.2876	1581.3967	5.0763	6
227.6	20.2881	1580.7912	5.0846	6
227.65	20.288	1581.1543	5.1076	6
227.7	20.2879	1581.3633	5.1115	6
227.75	20.2882	1580.9623	5.105	6
227.8	20.2881	1581.03	5.1082	6
227.85	20.2879	1581.4628	5.12	6
227.9	20.288	1581.408	5.1189	6
227.95	20.288	1581.4643	5.1164	6
228	20.2877	1581.77	5.1157	6
228.05	20.2872	1580.9169	5.1182	6
228.1	20.2867	1580.4158	5.1437	6
228.15	20.2866	1580.5675	5.1493	6
228.2	20.2865	1580.8051	5.1269	6
228.25	20.2863	1581.0245	5.1209	6
228.3	20.2864	1580.9609	5.1047	6
228.35	20.2865	1581.0723	5.1046	6
228.4	20.2865	1581.0722	5.1022	6
228.45	20.2866	1581.096	5.0845	6
228.5	20.2867	1581.0725	5.0861	6
228.55	20.2868	1580.9702	5.0874	6
228.6	20.2869	1580.9919	5.0786	6
228.65	20.2869	1581.1384	5.0756	6
228.7	20.2868	1581.3155	5.0952	6
228.75	20.2869	1581.3172	5.0976	6
228.8	20.2867	1581.6246	5.0837	6
228.85	20.2865	1581.0271	5.0985	6
228.9	20.286	1580.1487	5.1175	6
228.95	20.2858	1579.9654	5.1248	6
229	20.2857	1580.1444	5.1152	6
229.05	20.2857	1580.3081	5.1135	6
229.1	20.2857	1580.3059	5.1129	6
229.15	20.2856	1580.4212	5.1086	6
229.2	20.2855	1580.695	5.1105	6
229.25	20.2858	1580.5757	5.1147	6
229.3	20.2859	1580.5333	5.123	6
229.35	20.2857	1580.9318	5.1309	6
229.4	20.2859	1580.6196	5.1145	6
229.45	20.286	1580.6535	5.1186	6
229.5	20.2857	1581.192	5.133	6
229.55	20.2859	1580.9478	5.1224	6
229.6	20.2859	1580.8942	5.1051	6
229.65	20.2857	1581.5384	5.1	6
229.7	20.2856	1581.7283	5.1021	6
229.75	20.2856	1581.2183	5.0963	6
229.8	20.2848	1580.5905	5.095	6
229.85	20.2845	1580.2167	5.0992	6
229.9	20.2845	1580.4815	5.11	6
229.95	20.2845	1580.5522	5.1	6
230	20.2843	1580.7924	5.1037	6
230.05	20.2841	1581.0916	5.0942	6
230.1	20.2839	1581.3217	5.0843	6
230.15	20.2838	1581.607	5.0785	6
230.2	20.2838	1581.9194	5.0827	6
230.25	20.2835	1582.3492	5.1121	6
230.3	20.2834	1582.5564	5.1349	6
230.35	20.2836	1582.3169	5.1257	6
230.4	20.2834	1582.6749	5.1138	6
230.45	20.2835	1582.7909	5.1191	6
230.5	20.2838	1582.457	5.116	6
230.55	20.2838	1582.5051	5.1134	6
230.6	20.2837	1582.8622	5.1191	6
230.65	20.2841	1582.4876	5.1186	6
230.7	20.2841	1582.6038	5.1194	6
230.75	20.2838	1582.9586	5.1033	6
230.8	20.284	1582.7162	5.0975	6
230.85	20.2842	1582.682	5.0958	6
230.9	20.284	1583.0917	5.0834	6
230.95	20.2841	1582.8172	5.0785	6
231	20.284	1581.6442	5.0786	6
231.05	20.2835	1581.152	5.0764	6
231.1	20.2834	1581.2101	5.0789	6
231.15	20.2837	1581.0084	5.095	6
231.2	20.2837	1581.0967	5.1064	6
231.25	20.2835	1581.4485	5.0992	6
231.3	20.2836	1581.2311	5.0818	6
231.35	20.2834	1581.4839	5.0819	6
231.4	20.2834	1581.7307	5.0815	6
231.45	20.2834	1581.7947	5.1	6
231.5	20.2832	1582.0697	5.1079	6
231.55	20.2831	1582.3885	5.1053	6
231.6	20.283	1582.5296	5.0906	6
231.65	20.2826	1583.1713	5.0938	6
231.7	20.2825	1583.4939	5.1077	6
231.75	20.2825	1583.5201	5.1069	6
231.8	20.2821	1584.2014	5.1056	6
231.85	20.2818	1584.5544	5.0989	6
231.9	20.282	1584.1207	5.0772	6
231.95	20.2819	1584.3801	5.074	6
232	20.2816	1585.0345	5.0871	6
232.05	20.282	1584.6394	5.0958	6
232.1	20.2821	1584.6066	5.0802	6
232.15	20.2814	1585.507	5.0687	6
232.2	20.2817	1585.2506	5.0871	6
232.25	20.282	1584.9409	5.0885	6
232.3	20.2819	1585.2278	5.0767	6
232.35	20.2815	1585.8784	5.0648	6
232.4	20.2817	1585.3847	5.0591	6
232.45	20.2816	1585.6592	5.0613	6
232.5	20.2814	1586.2539	5.0642	6
232.55	20.2817	1585.7567	5.0739	6
232.6	20.2817	1584.9283	5.0903	6
232.65	20.2812	1584.0255	5.0938	6
232.7	20.2814	1583.4711	5.0926	6
232.75	20.2819	1582.7102	5.0713	6
232.8	20.2819	1582.9839	5.058	6
232.85	20.2819	1583.1282	5.0664	6
232.9	20.2827	1581.9798	5.0783	6
232.95	20.2825	1582.3104	5.0864	6
233	20.2824	1582.619	5.0899	6
233.05	20.2831	1581.6245	5.0687	6
233.1	20.283	1581.693	5.0576	6
233.15	20.2826	1582.3578	5.0562	6
233.2	20.2834	1581.4623	5.0732	6
233.25	20.2837	1581.1684	5.0801	6
233.3	20.2835	1581.6463	5.0903	6
233.35	20.284	1580.9867	5.0832	6
233.4	20.2847	1580.2479	5.0631	6
233.45	20.2844	1580.86	5.0669	6
233.5	20.2846	1580.6404	5.0835	6
233.55	20.2853	1579.8669	5.0822	6
233.6	20.285	1580.4054	5.0847	6
233.65	20.2849	1580.8173	5.0813	6
233.7	20.2854	1580.1165	5.08	6
233.75	20.2854	1580.2953	5.0799	6
233.8	20.2854	1580.4285	5.0754	6
233.85	20.2861	1579.3861	5.0819	6
233.9	20.2857	1578.5388	5.0555	6
233.95	20.2852	1577.8586	5.0374	6
234	20.2855	1577.3107	5.0506	6
234.05	20.2854	1577.694	5.0453	6
234.1	20.2855	1577.8883	5.0566	6
234.15	20.2859	1577.366	5.0651	6
234.2	20.2857	1577.5824	5.0826	6
234.25	20.2857	1577.7742	5.0859	6
234.3	20.2859	1577.3978	5.071	6
234.35	20.2861	1577.3866	5.0705	6
234.4	20.286	1577.6788	5.0835	6
234.45	20.2865	1577.0538	5.0719	6
234.5	20.2866	1576.9952	5.0554	6
234.55	20.2865	1577.2729	5.0532	6
234.6	20.2867	1576.9029	5.0658	6
234.65	20.2869	1576.6907	5.0748	6
234.7	20.2869	1576.9266	5.0677	6
234.75	20.2867	1576.7705	5.0746	6
234.8	20.2863	1575.697	5.072	6
234.85	20.2858	1575.4467	5.067	6
234.9	20.2855	1575.8926	5.0623	6
234.95	20.2854	1576.2175	5.0586	6
235	20.2854	1576.3432	5.0623	6
235.05	20.2853	1576.5708	5.0705	6
235.1	20.2852	1576.8146	5.0879	6
235.15	20.2851	1576.9991	5.0981	6
235.2	20.2849	1577.2476	5.0872	6
235.25	20.2849	1577.5464	5.0766	6
235.3	20.2847	1577.8318	5.0645	6
235.35	20.2845	1578.1011	5.0813	6
235.4	20.2843	1578.5958	5.0921	6
235.45	20.2845	1578.4444	5.0687	6
235.5	20.2841	1579.0697	5.0692	6
235.55	20.2838	1579.4752	5.0738	6
235.6	20.2837	1579.7163	5.0799	6
235.65	20.2836	1580.0855	5.0887	6
235.7	20.2833	1580.6656	5.0727	6
235.75	20.2832	1580.9779	5.0696	6
235.8	20.283	1581.2034	5.0811	6
235.85	20.2826	1581.6253	5.0724	6
235.9	20.2818	1581.4659	5.064	6
235.95	20.2812	1580.9765	5.0746	6
236	20.2811	1581.0448	5.0773	6
236.05	20.2808	1581.8059	5.0703	6
236.1	20.2805	1582.3904	5.0735	6
236.15	20.2806	1582.2976	5.0741	6
236.2	20.2802	1582.7264	5.0707	6
236.25	20.2796	1583.6308	5.069	6
236.3	20.2798	1583.5185	5.0636	6
236.35	20.2798	1583.445	5.0611	6
236.4	20.2791	1584.3561	5.0694	6
236.45	20.2794	1584.0653	5.0766	6
236.5	20.2794	1584.2757	5.0877	6
236.55	20.2791	1584.8944	5.0938	6
236.6	20.2791	1584.9724	5.0995	6
236.65	20.279	1585.177	5.0898	6
236.7	20.2789	1585.3059	5.0774	6
236.75	20.279	1585.3309	5.066	6
236.8	20.2792	1585.2572	5.0791	6
236.85	20.2791	1585.5173	5.0954	6
236.9	20.2794	1585.1968	5.0988	6
236.95	20.2796	1585.1125	5.0932	6
237	20.2797	1585.3538	5.0873	6
237.05	20.2803	1584.6449	5.1041	6
237.1	20.2804	1584.7639	5.1119	6
237.15	20.2803	1584.8784	5.1006	6
237.2	20.2808	1584.2546	5.1007	6
237.25	20.2807	1584.4915	5.0947	6
237.3	20.2806	1584.7326	5.0886	6
237.35	20.2808	1584.4733	5.0929	6
237.4	20.2811	1584.1788	5.0987	6
237.45	20.2807	1584.7628	5.0978	6
237.5	20.2808	1584.8104	5.109	6
237.55	20.2811	1584.4129	5.1168	6
237.6	20.2809	1584.7563	5.1136	6
237.65	20.2808	1585.196	5.12	6
237.7	20.281	1584.987	5.1241	6
237.75	20.2812	1584.6078	5.112	6
237.8	20.2808	1585.2278	5.1042	6
237.85	20.281	1584.8998	5.1085	6
237.9	20.2816	1584.2512	5.1001	6
237.95	20.2816	1584.6576	5.1179	6
238	20.2819	1584.1702	5.1171	6
238.05	20.2821	1583.918	5.1076	6
238.1	20.2823	1583.9328	5.1083	6
238.15	20.2826	1583.519	5.1132	6
238.2	20.2829	1583.1408	5.1128	6
238.25	20.2833	1582.7909	5.135	6
238.3	20.2838	1582.2131	5.1478	6
238.35	20.2842	1581.8246	5.1368	6
238.4	20.2844	1581.7877	5.135	6
238.45	20.2846	1581.3906	5.1248	6
238.5	20.2853	1579.3991	5.1225	6
238.55	20.285	1578.2146	5.1296	6
238.6	20.2852	1577.6767	5.1137	6
238.65	20.286	1576.7117	5.1068	6
238.7	20.2862	1576.3782	5.1187	6
238.75	20.2864	1576.2347	5.1215	6
238.8	20.2872	1575.2224	5.1091	6
238.85	20.2876	1574.6853	5.098	6
238.9	20.2877	1574.9765	5.0897	6
238.95	20.2886	1573.7776	5.0907	6
239	20.2889	1573.3922	5.1013	6
239.05	20.2886	1573.732	5.1183	6
239.1	20.2893	1572.8128	5.1312	6
239.15	20.2896	1572.6312	5.1243	6
239.2	20.2897	1572.5069	5.1235	6
239.25	20.2892	1571.8264	5.1233	6
239.3	20.2889	1570.6176	5.1052	6
239.35	20.2886	1570.8195	5.0934	6
239.4	20.2882	1571.564	5.0686	6
239.45	20.2886	1571.1713	5.0821	6
239.5	20.2885	1571.377	5.0931	6
239.55	20.2882	1571.9269	5.0851	6
239.6	20.2886	1571.5398	5.091	6
239.65	20.2886	1571.5811	5.0919	6
239.7	20.2887	1571.6474	5.0868	6
239.75	20.2889	1571.5156	5.091	6
239.8	20.2892	1571.1096	5.0974	6
239.85	20.2891	1571.4145	5.1035	6
239.9	20.2892	1570.6809	5.1042	6
239.95	20.2888	1569.4229	5.0956	6
240	20.2883	1569.5199	5.0939	6
240.05	20.2881	1569.767	5.1056	6
240.1	20.288	1569.9131	5.1149	6
240.15	20.2878	1570.3497	5.1008	6
240.2	20.2875	1570.7613	5.1008	6
240.25	20.2875	1570.7922	5.1106	6
240.3	20.2873	1571.0995	5.104	6
240.35	20.2873	1571.3259	5.1064	6
240.4	20.2872	1571.6044	5.1123	6
240.45	20.2873	1571.4802	5.1022	6
240.5	20.2875	1571.3094	5.0899	6
240.55	20.2874	1571.5729	5.0998	6
240.6	20.2874	1571.6139	5.0914	6
240.65	20.2876	1570.4293	5.0949	6
240.7	20.2872	1569.6036	5.1151	6
240.75	20.2867	1570.0064	5.1237	6
240.8	20.2871	1569.5117	5.1137	6
240.85	20.2876	1568.8749	5.0999	6
240.9	20.287	1569.9014	5.1043	6
240.95	20.2874	1569.4328	5.1081	6
241	20.288	1568.5742	5.1138	6
241.05	20.2873	1569.6569	5.1027	6
241.1	20.287	1570.1187	5.0962	6
241.15	20.2876	1569.1688	5.1175	6
241.2	20.2871	1570.0314	5.1106	6
241.25	20.2863	1571.1554	5.1285	6
241.3	20.287	1570.1744	5.1281	6
241.35	20.2868	1570.4798	5.1165	6
241.4	20.286	1571.5641	5.117	6
241.45	20.2865	1569.8245	5.1198	6
241.5	20.2865	1568.6317	5.1306	6
241.55	20.286	1569.0838	5.132	6
241.6	20.2863	1568.6089	5.1265	6
241.65	20.2867	1568.076	5.1335	6
241.7	20.2866	1568.3422	5.1384	6
241.75	20.2867	1568.2656	5.1234	6
241.8	20.2867	1568.2431	5.1086	6
241.85	20.2866	1568.4442	5.0924	6
241.9	20.2868	1568.2846	5.083	6
241.95	20.2869	1568.1692	5.0802	6
242	20.2869	1568.5419	5.0915	6
242.05	20.2874	1567.7932	5.0956	6
242.1	20.2876	1567.801	5.1005	6
242.15	20.2875	1568.0983	5.1121	6
242.2	20.2878	1567.7548	5.109	6
242.25	20.2879	1566.4282	5.1238	6
242.3	20.2868	1566.4543	5.1161	6
242.35	20.2864	1566.8186	5.1018	6
242.4	20.2869	1566.2252	5.1081	6
242.45	20.2864	1567.0697	5.1081	6
242.5	20.2861	1567.6548	5.1177	6
242.55	20.2869	1566.4797	5.119	6
242.6	20.2868	1566.89	5.1223	6
242.65	20.2867	1567.1137	5.1372	6
242.7	20.2875	1566.0931	5.1294	6
242.75	20.2875	1566.208	5.1145	6
242.8	20.2873	1566.5049	5.1114	6
242.85	20.2877	1565.8812	5.1107	6
242.9	20.2877	1565.9839	5.1225	6
242.95	20.2875	1566.4175	5.096	6
243	20.288	1565.3271	5.0776	6
243.05	20.2876	1564.2224	5.0891	6
243.1	20.2872	1563.7546	5.0953	6
243.15	20.2876	1563.2713	5.0888	6
243.2	20.2874	1563.6346	5.0733	6
243.25	20.2876	1563.5338	5.0738	6
243.3	20.2879	1563.3719	5.103	6
243.35	20.2876	1563.9139	5.1102	6
243.4	20.2874	1564.1114	5.1043	6
243.45	20.2873	1564.0954	5.1011	6
243.5	20.2873	1564.0002	5.098	6
243.55	20.2871	1564.3793	5.112	6
243.6	20.2872	1564.2599	5.0973	6
243.65	20.2875	1563.7922	5.1022	6
243.7	20.287	1564.7042	5.0997	6
243.75	20.2868	1564.8335	5.0892	6
243.8	20.2866	1563.9373	5.0898	6
243.85	20.2855	1564.141	5.0946	6
243.9	20.2853	1564.3884	5.0947	6
243.95	20.2857	1564.0131	5.0854	6
244	20.2852	1564.7507	5.0912	6
244.05	20.2851	1564.9336	5.0969	6
244.1	20.2856	1564.2756	5.0881	6
244.15	20.2853	1564.873	5.0841	6
244.2	20.285	1565.3831	5.0888	6
244.25	20.2855	1564.7459	5.0836	6
244.3	20.2854	1565.0622	5.0848	6
244.35	20.2849	1565.6578	5.0914	6
244.4	20.2853	1565.139	5.0792	6
244.45	20.2853	1565.3131	5.0868	6
244.5	20.2853	1565.5194	5.0935	6
244.55	20.2857	1565.1098	5.0828	6
244.6	20.2861	1564.6182	5.0915	6
244.65	20.2859	1564.8727	5.0985	6
244.7	20.2861	1564.6117	5.0989	6
244.75	20.2864	1563.234	5.0905	6
244.8	20.2856	1562.5993	5.1035	6
244.85	20.2859	1561.9054	5.1033	6
244.9	20.2866	1561.0528	5.0919	6
244.95	20.2863	1561.5947	5.1065	6
245	20.2867	1561.2802	5.1172	6
245.05	20.2872	1560.7157	5.1085	6
245.1	20.2871	1560.8078	5.0984	6
245.15	20.2869	1561.2954	5.1073	6
245.2	20.2872	1560.8044	5.1179	6
245.25	20.2876	1560.2735	5.1102	6
245.3	20.287	1561.2069	5.1112	6
245.35	20.2874	1560.6997	5.1039	6
245.4	20.2881	1559.8803	5.08	6
245.45	20.2878	1560.5086	5.0898	6
245.5	20.288	1560.1291	5.0914	6
245.55	20.288	1558.9206	5.0995	6
245.6	20.2876	1557.987	5.1216	6
245.65	20.2875	1558.1093	5.1196	6
245.7	20.2877	1557.8915	5.1162	6
245.75	20.2878	1557.8558	5.1291	6
245.8	20.2881	1557.6796	5.1327	6
245.85	20.2882	1557.5339	5.1164	6
245.9	20.2881	1557.6188	5.0951	6
245.95	20.2884	1557.0588	5.1086	6
246	20.2883	1557.4637	5.1347	6
246.05	20.2882	1557.6077	5.1223	6
246.1	20.2884	1557.2335	5.1095	6
246.15	20.2883	1557.5626	5.1037	6
246.2	20.2885	1557.45	5.1108	6
246.25	20.2883	1556.7257	5.1115	6
246.3	20.2881	1555.2178	5.1053	6
246.35	20.288	1555.0596	5.1237	6
246.4	20.2876	1555.6339	5.1355	6
246.45	20.2878	1555.2777	5.1277	6
246.5	20.2875	1555.7426	5.1183	6
246.55	20.2872	1556.2654	5.1204	6
246.6	20.2876	1555.6874	5.1085	6
246.65	20.2875	1555.993	5.1012	6
246.7	20.2877	1555.8149	5.104	6
246.75	20.2881	1555.6072	5.0987	6
246.8	20.2885	1555.1982	5.093	6
246.85	20.2886	1555.1784	5.1056	6
246.9	20.2883	1555.6139	5.1105	6
246.95	20.2888	1554.3317	5.1007	6
247	20.2879	1553.8523	5.091	6
247.05	20.2877	1553.5121	5.1121	6
247.1	20.2881	1553.0721	5.1223	6
247.15	20.2881	1553.1357	5.1189	6
247.2	20.2876	1553.7188	5.1179	6
247.25	20.2881	1553.2611	5.1247	6
247.3	20.2884	1552.9866	5.121	6
247.35	20.2877	1554.1259	5.1239	6
247.4	20.2883	1553.3709	5.1248	6
247.45	20.2884	1553.3288	5.1242	6
247.5	20.2879	1554.0213	5.1177	6
247.55	20.2882	1553.5834	5.1127	6
247.6	20.2881	1553.873	5.102	6
247.65	20.2879	1553.9054	5.0927	6
247.7	20.2873	1553.194	5.1022	6
247.75	20.2872	1552.0287	5.1064	6
247.8	20.2869	1552.2384	5.113	6
247.85	20.2866	1552.8314	5.1101	6
247.9	20.2869	1552.5839	5.0942	6
247.95	20.2871	1552.3664	5.089	6
248	20.2866	1553.0523	5.1045	6
248.05	20.287	1552.7356	5.11	6
248.1	20.2869	1552.8436	5.1045	6
248.15	20.2867	1553.227	5.1114	6
248.2	20.287	1552.7771	5.1185	6
248.25	20.2871	1552.5952	5.1109	6
248.3	20.287	1553.0592	5.11	6
248.35	20.2873	1552.7267	5.1109	6
248.4	20.2872	1552.6775	5.1339	6
248.45	20.2865	1553.5301	5.1372	6
248.5	20.2866	1552.1565	5.1236	6
248.55	20.2864	1551.0351	5.1305	6
248.6	20.2858	1551.7743	5.1142	6
248.65	20.2858	1551.8256	5.1248	6
248.7	20.286	1551.5774	5.1396	6
248.75	20.2859	1551.8584	5.1218	6
248.8	20.2856	1552.452	5.1088	6
248.85	20.2862	1551.8904	5.1073	6
248.9	20.2862	1551.9192	5.1076	6
248.95	20.2861	1552.0883	5.1095	6
249	20.2864	1551.8804	5.1155	6
249.05	20.2864	1551.9467	5.1117	6
249.1	20.2864	1551.9715	5.1061	6
249.15	20.2864	1551.9171	5.1091	6
249.2	20.2867	1551.603	5.1194	6
249.25	20.2869	1551.4663	5.1171	6
249.3	20.2867	1551.9337	5.1136	6
249.35	20.2869	1550.6337	5.1229	6
249.4	20.2864	1549.5776	5.1119	6
249.45	20.286	1549.8727	5.103	6
249.5	20.2863	1549.4372	5.0985	6
249.55	20.286	1549.8425	5.0887	6
249.6	20.2861	1549.8326	5.0834	6
249.65	20.2863	1549.6438	5.1042	6
249.7	20.2863	1549.8886	5.1251	6
249.75	20.2865	1549.7067	5.1311	6
249.8	20.2863	1549.9615	5.1371	6
249.85	20.2856	1550.8307	5.1305	6
249.9	20.2856	1550.7562	5.1285	6
249.95	20.2849	1551.5866	5.1288	6
250	20.2849	1551.8731	5.123	6
250.05	20.2849	1552.0593	5.1226	6
250.1	20.2847	1552.4562	5.1165	6
250.15	20.2846	1552.6085	5.1171	6
250.2	20.2845	1552.8842	5.1206	6
250.25	20.2846	1552.8858	5.1022	6
250.3	20.2845	1551.7833	5.1074	6
250.35	20.2837	1551.4065	5.1121	6
250.4	20.2837	1551.1339	5.1249	6
250.45	20.2841	1550.5555	5.1377	6
250.5	20.2836	1551.2182	5.1031	6
250.55	20.2834	1551.446	5.0949	6
250.6	20.2838	1550.8845	5.1075	6
250.65	20.2832	1551.7392	5.1067	6
250.7	20.2834	1551.7492	5.1078	6
250.75	20.2832	1552.2423	5.1161	6
250.8	20.2837	1551.5656	5.1164	6
250.85	20.2832	1552.1626	5.1104	6
250.9	20.2829	1552.7696	5.1026	6
250.95	20.2838	1551.6038	5.1196	6
251	20.2829	1552.9053	5.1176	6
251.05	20.2831	1552.7757	5.1248	6
251.1	20.2837	1552.0216	5.136	6
251.15	20.2833	1552.6521	5.1288	6
251.2	20.2832	1552.7317	5.1216	6
251.25	20.2836	1552.2112	5.1153	6
251.3	20.2838	1552.2542	5.1204	6
251.35	20.2834	1552.7592	5.1056	6
251.4	20.2834	1552.8114	5.0992	6
251.45	20.2836	1552.5166	5.1078	6
251.5	20.2834	1552.9746	5.1031	6
251.55	20.283	1553.5984	5.1113	6
251.6	20.2835	1552.5202	5.1237	6
251.65	20.2823	1552.4144	5.1184	6
251.7	20.2818	1552.024	5.1093	6
251.75	20.2819	1551.94	5.1155	6
251.8	20.2814	1552.5938	5.0988	6
251.85	20.2815	1552.5807	5.1008	6
251.9	20.2811	1553.0991	5.1211	6
251.95	20.2815	1552.7352	5.1252	6
252	20.2812	1553.1121	5.1367	6
252.05	20.2816	1552.6176	5.1391	6
252.1	20.2814	1552.9535	5.1264	6
252.15	20.2814	1552.9535	5.1173	6
252.2	20.2814	1552.9373	5.1165	6
252.25	20.2813	1553.0944	5.1231	6
252.3	20.2813	1553.1525	5.1349	6
252.35	20.2814	1553.2054	5.1265	6
252.4	20.2816	1553.0015	5.1112	6
252.45	20.2808	1553.9482	5.1123	6
252.5	20.2814	1553.1628	5.1111	6
252.55	20.2816	1552.8344	5.1057	6
252.6	20.282	1552.5284	5.1165	6
252.65	20.2839	1549.7194	5.1169	6
252.7	20.2854	1547.6241	5.1269	6
252.75	20.2863	1546.4803	5.1421	6
252.8	20.2874	1545.0973	5.1324	6
252.85	20.2872	1545.376	5.1178	6
252.9	20.2855	1547.8119	5.1254	6
252.95	20.2847	1548.9387	5.1214	6
253	20.2839	1549.974	5.1177	6
253.05	20.2825	1551.9027	5.1219	6
253.1	20.282	1552.7471	5.1235	6
253.15	20.2821	1552.5881	5.111	6
253.2	20.2814	1552.8905	5.1107	6
253.25	20.2805	1552.6037	5.1382	6
253.3	20.2807	1551.7788	5.1429	6
253.35	20.2804	1552.0945	5.1366	6
253.4	20.2798	1553.2557	5.1437	6
253.45	20.2802	1552.6215	5.1265	6
253.5	20.2803	1552.3604	5.1115	6
253.55	20.2797	1553.5362	5.1119	6
253.6	20.2801	1553.0243	5.1238	6
253.65	20.2803	1552.9125	5.1333	6
253.7	20.28	1553.5802	5.1401	6
253.75	20.2799	1553.6294	5.15	6
253.8	20.2804	1552.8532	5.1333	6
253.85	20.2804	1552.8515	5.1261	6
253.9	20.2801	1553.4204	5.1261	6
253.95	20.2811	1552.0424	5.1267	6
254	20.2812	1551.8934	5.1206	6
254.05	20.2812	1552.1738	5.1242	6
254.1	20.282	1551.2705	5.141	6
254.15	20.2824	1550.9095	5.1603	6
254.2	20.2822	1551.258	5.1601	6
254.25	20.2826	1550.6374	5.1465	6
254.3	20.2832	1550.0177	5.1193	6
254.35	20.2827	1550.6556	5.1234	6
254.4	20.2831	1550.2326	5.1364	6
254.45	20.2832	1550.1451	5.1318	6
254.5	20.2827	1550.6427	5.1334	6
254.55	20.2828	1550.6521	5.1069	6
254.6	20.2834	1549.8785	5.1118	6
254.65	20.2832	1550.3081	5.1298	6
254.7	20.2834	1550.2083	5.1132	6
254.75	20.2841	1549.2024	5.1191	6
254.8	20.2836	1550.104	5.1216	6
254.85	20.2837	1550.1649	5.1168	6
254.9	20.2837	1550.1094	5.1148	6
254.95	20.2828	1551.4205	5.1021	6
255	20.2818	1552.8147	5.0937	6
255.05	20.2815	1553.4309	5.0981	6
255.1	20.2806	1554.794	5.0945	6
255.15	20.2797	1556.2986	5.0933	6
255.2	20.2795	1556.6035	5.0937	6
255.25	20.2793	1556.98	5.1109	6
255.3	20.2793	1556.9559	5.1047	6
255.35	20.2793	1556.767	5.0963	6
255.4	20.28	1554.2089	5.0885	6
255.45	20.2802	1552.6468	5.0743	6
255.5	20.281	1551.5807	5.0753	6
255.55	20.2819	1550.2807	5.0864	6
255.6	20.2822	1549.7971	5.0973	6
255.65	20.2831	1548.7146	5.1119	6
255.7	20.2834	1548.2582	5.0969	6
255.75	20.2832	1548.3893	5.0865	6
255.8	20.2835	1547.8869	5.1033	6
255.85	20.2838	1547.6421	5.1146	6
255.9	20.2836	1548.0109	5.1122	6
255.95	20.2838	1547.7531	5.1226	6
256	20.2841	1547.3657	5.1207	6
256.05	20.2836	1548.1768	5.1113	6
256.1	20.2838	1548.1083	5.097	6
256.15	20.2843	1547.6019	5.1014	6
256.2	20.2837	1548.4989	5.1167	6
256.25	20.2838	1548.2841	5.1302	6
256.3	20.2842	1547.7035	5.126	6
256.35	20.2839	1548.3862	5.1144	6
256.4	20.2839	1548.5099	5.1097	6
256.45	20.2845	1547.8253	5.1107	6
256.5	20.2843	1548.3038	5.111	6
256.55	20.2838	1548.8314	5.1169	6
256.6	20.2842	1548.402	5.119	6
256.65	20.2841	1548.4667	5.1256	6
256.7	20.284	1548.3204	5.1227	6
256.75	20.2835	1547.7322	5.1249	6
256.8	20.2838	1546.3877	5.1377	6
256.85	20.2839	1546.3776	5.1422	6
256.9	20.2834	1547.2416	5.1441	6
256.95	20.2839	1546.6008	5.1338	6
257	20.284	1546.6382	5.1281	6
257.05	20.2835	1547.2492	5.1366	6
257.1	20.284	1546.6088	5.1247	6
257.15	20.2844	1546.2046	5.1193	6
257.2	20.2843	1546.478	5.1126	6
257.25	20.2844	1546.4689	5.1156	6
257.3	20.2849	1545.7044	5.1269	6
257.35	20.2846	1546.1335	5.1276	6
257.4	20.2845	1546.4257	5.1204	6
257.45	20.285	1545.5985	5.1144	6
257.5	20.2846	1546.2425	5.1101	6
257.55	20.2843	1546.7381	5.1047	6
257.6	20.2849	1546.0051	5.1115	6
257.65	20.2848	1546.2262	5.1051	6
257.7	20.2844	1546.7868	5.1046	6
257.75	20.2848	1546.2051	5.0984	6
257.8	20.2848	1546.2672	5.0968	6
257.85	20.2844	1546.5063	5.1125	6
257.9	20.284	1545.4394	5.1283	6
257.95	20.2835	1545.2774	5.1293	6
258	20.2831	1545.9289	5.1222	6
258.05	20.2832	1545.9072	5.1054	6
258.1	20.2827	1546.6585	5.1121	6
258.15	20.2829	1546.3067	5.1165	6
258.2	20.2829	1546.2283	5.0977	6
258.25	20.2826	1546.6991	5.09	6
258.3	20.2824	1546.8389	5.1017	6
258.35	20.2824	1546.8346	5.1123	6
258.4	20.2822	1547.3103	5.1175	6
258.45	20.2823	1547.3602	5.1145	6
258.5	20.2822	1547.6452	5.1076	6
258.55	20.282	1547.9315	5.11	6
258.6	20.2816	1548.4415	5.1101	6
258.65	20.2815	1548.54	5.0918	6
258.7	20.2813	1549.0734	5.1034	6
258.75	20.2811	1549.291	5.1023	6
258.8	20.2809	1549.4434	5.1029	6
258.85	20.2807	1550.0158	5.1247	6
258.9	20.281	1549.5744	5.1069	6
258.95	20.2803	1550.4475	5.0958	6
259	20.2802	1550.6588	5.0957	6
259.05	20.2806	1550.2175	5.0966	6
259.1	20.2797	1551.477	5.1084	6
259.15	20.2797	1551.5772	5.0968	6
259.2	20.2801	1551.1288	5.092	6
259.25	20.2796	1551.7619	5.0916	6
259.3	20.2793	1552.2196	5.0898	6
259.35	20.2798	1551.5963	5.1056	6
259.4	20.2795	1552.1557	5.1124	6
259.45	20.2793	1552.5651	5.121	6
259.5	20.2796	1552.0438	5.1085	6
259.55	20.2792	1552.6674	5.0981	6
259.6	20.2794	1552.5519	5.099	6
259.65	20.279	1552.9176	5.1043	6
259.7	20.2792	1552.7715	5.1004	6
259.75	20.2794	1552.5203	5.1055	6
259.8	20.2792	1552.8973	5.1017	6
259.85	20.2792	1553.0719	5.0904	6
259.9	20.2797	1552.4891	5.1088	6
259.95	20.2795	1552.6981	5.1169	6
260	20.2793	1553.0967	5.1155	6
260.05	20.28	1552.0403	5.104	6
260.1	20.28	1552.2625	5.1128	6
260.15	20.2796	1552.8486	5.1274	6
260.2	20.2803	1551.7511	5.1132	6
260.25	20.2804	1551.5725	5.1126	6
260.3	20.2799	1552.4095	5.1236	6
260.35	20.2805	1551.7036	5.1302	6
260.4	20.2808	1551.2217	5.1313	6
260.45	20.2801	1552.2827	5.1346	6
260.5	20.2807	1551.4736	5.1181	6
260.55	20.2808	1551.2194	5.1081	6
260.6	20.2802	1550.7506	5.1198	6
260.65	20.28	1549.7726	5.1095	6
260.7	20.28	1549.634	5.0954	6
260.75	20.2796	1550.1992	5.0885	6
260.8	20.2795	1550.2345	5.1037	6
260.85	20.2795	1550.2553	5.1167	6
260.9	20.279	1551.0997	5.122	6
260.95	20.2793	1550.8222	5.1112	6
261	20.2794	1550.8572	5.1063	6
261.05	20.2794	1550.9914	5.1014	6
261.1	20.2794	1551.0874	5.0969	6
261.15	20.28	1550.4013	5.09	6
261.2	20.2803	1550.0963	5.0877	6
261.25	20.2801	1550.5606	5.094	6
261.3	20.2807	1549.7371	5.0857	6
261.35	20.2813	1549.041	5.0928	6
261.4	20.2813	1549.0055	5.1073	6
261.45	20.2816	1548.7857	5.1177	6
261.5	20.2827	1547.3177	5.1081	6
261.55	20.2828	1547.1334	5.1036	6
261.6	20.2827	1547.4677	5.0992	6
261.65	20.2839	1545.9594	5.105	6
261.7	20.2838	1546.4027	5.1099	6
261.75	20.2834	1547.1526	5.111	6
261.8	20.284	1546.2907	5.1123	6
261.85	20.2831	1547.714	5.1219	6
261.9	20.2823	1548.8154	5.1163	6
261.95	20.2824	1548.7494	5.1071	6
262	20.282	1549.2555	5.1149	6
262.05	20.2812	1550.306	5.0953	6
262.1	20.2811	1550.5555	5.0822	6
262.15	20.2815	1549.9821	5.0929	6
262.2	20.281	1550.6442	5.1016	6
262.25	20.2809	1550.8537	5.1022	6
262.3	20.2813	1550.3208	5.0956	6
262.35	20.2811	1550.7955	5.0904	6
262.4	20.2812	1550.6165	5.0955	6
262.45	20.2811	1550.7556	5.1099	6
262.5	20.2812	1550.8634	5.1165	6
262.55	20.2812	1550.8567	5.1264	6
262.6	20.2812	1550.8872	5.1039	6
262.65	20.2815	1550.5963	5.0821	6
262.7	20.2814	1550.7325	5.073	6
262.75	20.2812	1551.1708	5.0626	6
262.8	20.2816	1550.66	5.0729	6
262.85	20.2815	1550.8441	5.0657	6
262.9	20.281	1550.7118	5.0784	6
262.95	20.2808	1549.2305	5.07	6
263	20.2806	1548.8222	5.068	6
263.05	20.2803	1549.2624	5.0886	6
263.1	20.2802	1549.2876	5.0654	6
263.15	20.2803	1549.5119	5.0639	6
263.2	20.2807	1548.9305	5.0912	6
263.25	20.2804	1549.404	5.1009	6
263.3	20.2803	1549.6354	5.1029	6
263.35	20.281	1548.5949	5.0992	6
263.4	20.2808	1548.8538	5.0858	6
263.45	20.2801	1549.9978	5.0753	6
263.5	20.2806	1549.3118	5.0743	6
263.55	20.2807	1549.1955	5.0961	6
263.6	20.2796	1550.9068	5.1021	6
263.65	20.2798	1550.6597	5.0942	6
263.7	20.2805	1549.5656	5.0793	6
263.75	20.2795	1551.0134	5.0763	6
263.8	20.2792	1551.6514	5.0839	6
263.85	20.2805	1549.8075	5.0873	6
263.9	20.2797	1551.076	5.0911	6
263.95	20.279	1552.1842	5.0974	6
264	20.2801	1550.5368	5.0815	6
264.05	20.28	1550.6255	5.092	6
264.1	20.2788	1552.4948	5.1049	6
264.15	20.2799	1551.1155	5.102	6
264.2	20.2806	1550.2293	5.1046	6
264.25	20.2794	1552.0736	5.108	6
264.3	20.2797	1551.5827	5.0998	6
264.35	20.2807	1550.1976	5.0841	6
264.4	20.28	1551.1966	5.0935	6
264.45	20.2796	1551.9074	5.1047	6
264.5	20.2805	1550.4942	5.1137	6
264.55	20.2803	1550.6722	5.1169	6
264.6	20.2794	1552.07	5.1141	6
264.65	20.28	1551.375	5.0945	6
264.7	20.2804	1550.667	5.0967	6
264.75	20.2797	1551.655	5.0977	6
264.8	20.2795	1551.9505	5.1005	6
264.85	20.2808	1550.3275	5.1093	6
264.9	20.2804	1551.1259	5.102	6
264.95	20.2798	1552.0881	5.0992	6
265	20.2807	1550.7792	5.1049	6
265.05	20.2804	1551.0899	5.0998	6
265.1	20.2794	1552.7054	5.0917	6
265.15	20.2801	1551.789	5.0779	6
265.2	20.2804	1551.3797	5.0865	6
265.25	20.2798	1552.4136	5.0887	6
265.3	20.2797	1552.6372	5.083	6
265.35	20.2801	1551.9949	5.0973	6
265.4	20.2799	1552.4736	5.1076	6
265.45	20.2792	1553.7132	5.1183	6
265.5	20.2792	1553.7079	5.1141	6
265.55	20.2797	1552.9182	5.0902	6
265.6	20.2787	1554.2414	5.0858	6
265.65	20.2785	1554.7512	5.0971	6
265.7	20.2793	1553.5705	5.1131	6
265.75	20.279	1554.0384	5.1204	6
265.8	20.2781	1555.4479	5.1116	6
265.85	20.2785	1554.8678	5.1009	6
265.9	20.279	1554.3409	5.1023	6
265.95	20.2783	1555.607	5.1092	6
266	20.278	1556.0866	5.1016	6
266.05	20.2788	1555.09	5.1065	6
266.1	20.2789	1554.8525	5.1212	6
266.15	20.2777	1556.6805	5.1163	6
266.2	20.2781	1556.0666	5.1215	6
266.25	20.2791	1554.5955	5.122	6
266.3	20.2776	1556.7505	5.127	6
266.35	20.2775	1557.0234	5.134	6
266.4	20.2792	1554.737	5.1235	6
266.45	20.2784	1555.8173	5.1348	6
266.5	20.2775	1557.1901	5.1337	6
266.55	20.2788	1555.3897	5.1306	6
266.6	20.2791	1555.1864	5.1189	6
266.65	20.2775	1557.5826	5.1198	6
266.7	20.2781	1556.7816	5.1222	6
266.75	20.2789	1555.55	5.119	6
266.8	20.2778	1557.2124	5.1105	6
266.85	20.2776	1557.6376	5.1209	6
266.9	20.2785	1556.3843	5.1221	6
266.95	20.278	1556.9539	5.1298	6
267	20.2774	1557.8817	5.1359	6
267.05	20.2777	1557.5375	5.1342	6
267.1	20.278	1557.2665	5.1261	6
267.15	20.2777	1557.7545	5.1296	6
267.2	20.2775	1558.0306	5.1213	6
267.25	20.2777	1557.6284	5.1204	6
267.3	20.2782	1557.1677	5.1325	6
267.35	20.2776	1558.0253	5.1295	6
267.4	20.2776	1558.1925	5.1333	6
267.45	20.2783	1557.3597	5.1412	6
267.5	20.2779	1557.8824	5.1292	6
267.55	20.2773	1558.7289	5.1189	6
267.6	20.2782	1557.5639	5.1205	6
267.65	20.2783	1557.4117	5.1372	6
267.7	20.2776	1558.5658	5.1219	6
267.75	20.2776	1558.4274	5.1042	6
267.8	20.2782	1557.5321	5.1097	6
267.85	20.2778	1558.2992	5.1084	6
267.9	20.2775	1558.9715	5.1242	6
267.95	20.2787	1557.3081	5.1235	6
268	20.2785	1557.5531	5.1162	6
268.05	20.2779	1558.6696	5.1204	6
268.1	20.2791	1556.984	5.1272	6
268.15	20.2795	1556.4064	5.1269	6
268.2	20.2787	1557.6723	5.1187	6
268.25	20.2793	1556.7358	5.1192	6
268.3	20.2803	1555.4598	5.1262	7
268.35	20.2798	1556.2306	5.1241	7
268.4	20.28	1556.3004	5.1492	7
268.45	20.2811	1554.8846	5.1488	7
268.5	20.28	1552.989	5.1318	7
268.55	20.2752	1543.3582	5.1277	7
268.6	20.2658	1521.5696	5.1296	7
268.65	20.25	1489.3228	5.135	7
268.7	20.2265	1448.7909	5.1337	7
268.75	20.1966	1398.0496	5.1382	7
268.8	20.1607	1336.8187	5.1432	7
268.85	20.1153	1270.073	5.1354	7
268.9	20.0612	1196.145	5.1407	7
268.95	19.9996	1112.4414	5.1405	7
269	19.9278	1024.1312	5.1399	7
269.05	19.8437	932.8238	5.1533	7
269.1	19.7497	835.2947	5.1239	7
269.15	19.6431	735.8324	5.1039	7
269.2	19.521	637.9513	5.1163	7
269.25	19.3859	538.2685	5.1164	7
269.3	19.2367	438.8273	5.1183	7
269.35	19.0698	344.6728	5.1169	7
269.4	18.8852	256.1912	5.1193	7
269.45	18.6827	173.192	5.1104	8
269.5	18.4564	104.3331	5.1186	8
269.55	18.2053	52.0289	5.1286	8
269.6	17.9297	16.6869	5.1176	8
269.65	17.6433	1.654	5.1268	8
269.7	17.3786	8.0466	5.1301	8
269.75	17.1384	13.3039	5.1345	8
269.8	16.9036	13.7848	5.1349	8
269.85	16.6721	9.7959	5.1358	8
269.9	16.4414	3.7752	5.1443	8
269.95	16.211	-4.1449	5.1563	8
270	15.9774	-9.2991	5.1531	8
270.05	15.7438	-14.8025	5.1472	8
270.1	15.5093	-19.9743	5.1473	8
270.15	15.2742	-25.102	5.1558	8
270.2	15.0377	-29.3964	5.1441	8
270.25	14.8006	-33.687	5.1366	8
270.3	14.5628	-38.1842	5.1376	8
270.35	14.3239	-42.062	5.1415	8
270.4	14.0849	-46.2745	5.1316	8
270.45	13.8454	-50.1733	5.1224	8
270.5	13.6048	-53.5939	5.1175	8
270.55	13.3626	-55.853	5.1246	8
270.6	13.1202	-59.0399	5.149	8
270.65	12.8754	-59.8414	5.1447	8
270.7	12.63	-60.6287	5.1287	8
270.75	12.3817	-58.203	5.1091	8
270.8	12.1348	-57.9629	5.1264	8
270.85	11.8855	-56.0965	5.1476	8
270.9	11.6373	-56.6979	5.1409	8
270.95	11.3872	-55.0448	5.1264	8
271	11.1382	-55.2127	5.126	8
271.05	10.8871	-53.1546	5.1375	8
271.1	10.636	-51.7558	5.145	8
271.15	10.3822	-48.0595	5.1384	8
271.2	10.129	-45.5409	5.1389	8
271.25	9.8746	-41.6418	5.1251	8
271.3	9.6215	-39.9723	5.1353	8
271.35	9.3662	-37.1051	5.1395	8
271.4	9.112	-36.0248	5.1317	8
271.45	8.8572	-34.1777	5.1529	8
271.5	8.6033	-33.7781	5.1558	8
271.55	8.3467	-31.5596	5.1563	8
271.6	8.0902	-30.5107	5.1621	8
271.65	7.8345	-30.3283	5.1518	8
271.7	7.5777	-29.2661	5.145	8
271.75	7.32	-27.8661	5.1496	8
271.8	7.063	-27.7807	5.1684	8
271.85	6.8051	-26.407	5.1725	8
271.9	6.5464	-24.6315	5.1531	8
271.95	6.288	-23.8641	5.1603	8
272	6.0299	-23.9644	5.1712	8
272.05	5.7708	-22.2588	5.1542	8
272.1	5.5119	-21.2106	5.1574	8
272.15	5.253	-21.4716	5.1722	8
272.2	4.993	-21.1519	5.1623	8
272.25	4.7323	-20.1401	5.1522	8
272.3	4.4723	-20.3871	5.1545	8
272.35	4.212	-20.7398	5.1727	8
272.4	3.9496	-18.8329	5.175	8
272.45	3.6885	-19.1094	5.1728	8
272.5	3.4273	-19.6182	5.1594	8
272.55	3.1646	-18.0668	5.1295	8
272.6	2.9025	-17.6464	5.133	8
272.65	2.6405	-18.1168	5.1387	8
272.7	2.3777	-18.0402	5.1384	8
272.75	2.1145	-17.1371	5.1373	8
272.8	1.8524	-17.4052	5.1392	8
272.85	1.5905	-18.2883	5.1412	8
272.9	1.326	-16.4886	5.137	8
272.95	1.0627	-16.5896	5.1268	8
273	0.7997	-17.0842	5.1274	8
273.05	0.5356	-16.128	5.1139	8
273.1	0.2711	-15.072	5.1095	8
273.15	0.0073	-15.4277	5.1153	8
273.2	-0.2566	-15.6792	5.1115	8
273.25	-0.5212	-15.127	5.1157	8
273.3	-0.785	-15.6802	5.1193	8
273.35	-1.0489	-16.0336	5.126	8
273.4	-1.3137	-15.5702	5.1421	8
273.45	-1.5784	-15.5896	5.1384	8
273.5	-1.842	-16.3666	5.1336	8
273.55	-2.1059	-16.2145	5.1392	8
273.6	-2.3707	-15.7484	5.1306	8
273.65	-2.6354	-15.9002	5.1261	8
273.7	-2.8994	-16.5984	5.1238	8
273.75	-3.1643	-16.0783	5.1284	8
273.8	-3.4294	-15.9029	5.1064	8
273.85	-3.6939	-16.7691	5.1149	8
273.9	-3.9596	-15.833	5.1287	8
273.95	-4.2248	-15.3685	5.1327	8
274	-4.4895	-15.9484	5.1411	8
274.05	-4.7545	-16.079	5.1483	8
274.1	-5.019	-16.3447	5.1494	8
274.15	-5.2836	-16.4807	5.1472	8
274.2	-5.5479	-16.9004	5.1315	8
274.25	-5.8122	-17.2801	5.1306	8
274.3	-6.0772	-16.6849	5.1154	8
274.35	-6.3412	-17.3016	5.1166	8
274.4	-6.6055	-17.4802	5.1177	8
274.45	-6.8701	-17.2442	5.1179	8
