Indentation

 + User defined profile

+ User defined profile
   Acquisition rate :	20.0 [Hz]
   Linear load 20.00  µN ; 100.00 µN/min
   Pause in load 2 s
   Linear load 0.00  µN ; 100.00 µN/min
   Pause in load 120 s
   Linear depth 16.00  µm ; 500.00 µm/min
   Pause in depth 120 s
   Linear depth 0.00  µm ; 1000.00 µm/min
+ TTX - UNHT Bio S/N: 1000136751 settings
   Fn contact : 25 µN
   Approach distance : 20 µm
   Approach speed : 100 µm/min
   Retract speed : 200 µm/min
   Retract time : 5 sec
   Dz sensor in large range
   Load in fine range
   FnRef in fine range
   FnRef contactload :500.000 µN
   Stiffness threshold : 1 µN/µm

   X Position :8879.40 µm
   Y Position :36704.57 µm
   Z Position :7454.37 µm

Date :6/9/2026
Time :12:35:51 PM

Analysis n # 1

   Method :	Hertz

 + Parameters

  Load Fit [10%,98%]

 + Main results

   EHz=	5.3546 	kPa

 + Hypothesis


 + Additional results

   ErHz=	5.88 kPa
   h offset=	5.87 µm
   R2=	0.69

Analysis n # 2

   Method :	Oliver & Pharr

Cycle # 1

 + Parameters

  Unload Fit [40%,98%]

 + Main results

   HIT=	0.31209 	kPa
   EIT=	46.897 	kPa
   E*=	51.535 	kPa

 + Hypothesis

   !!! Indenter not calibrated !!!
   m out of O&P hypothesis
   Poisson's ratio(nu)=	0.30 

 + Additional results

   HVIT=	3.1813E-005 	 Vickers
   RIT 1.9E-005/7/2=	-26.91 	%
   nIT=	54.41 %
   Fmax=	18.80 	µN
   hmax=	20.51 	µm
   S=	14.2711 	µN/µm
   F/S²=	0.0923 	µm²/µN
   hc=	19.55 	µm
   hr=	19.19 	µm
   hp=	-273.87 	µm
   m=	223.5069 
   Epsilon=	0.73 
   R2=	1.041
   Ap=	60228.36 	µm²
   Welast=	15.26 pJ
   Wplast=	12.79 pJ
   Wtotal=	28.05 pJ
   Er=	51.535 	kPa

Cycle # 2

 + Parameters

  Unload Fit [40%,98%]

 + Main results

! Not calculable !

 + Hypothesis

   !!! Indenter not calibrated !!!
   Poisson's ratio(nu)=	0.30 

 + Additional results

   RIT -2E-006/-1/120=	-210.59 	%
   Fmax=	-2.45 	µN
   hmax=	16.84 	µm

Measured values
Time (s)	Pd (µm)	Fn (µN)	FnRef (µN)	SegmentID

0	0	0	5.13	0
0.05	0.0677	0.2779	5.1293	0
0.1	0.1358	0.0163	5.1131	0
0.15	0.2039	0.1434	5.1021	0
0.2	0.2726	0.0704	5.1157	0
0.25	0.3413	0.1135	5.132	0
0.3	0.4101	0.3326	5.1168	0
0.35	0.4794	-0.1062	5.1072	0
0.4	0.5477	0.3786	5.1167	0
0.45	0.6174	0.1668	5.1135	0
0.5	0.6874	0.0986	5.1036	0
0.55	0.7575	0.084	5.1031	0
0.6	0.8276	0.4647	5.1	0
0.65	0.8986	-0.1816	5.1043	0
0.7	0.9694	-0.2707	5.1106	0
0.75	1.0403	0.4092	5.1178	0
0.8	1.1117	0.2217	5.1119	0
0.85	1.1838	-0.3789	5.1	0
0.9	1.2551	0.4064	5.1146	0
0.95	1.3277	-0.1445	5.0979	0
1	1.3998	-0.185	5.0817	0
1.05	1.4717	-0.0362	5.0857	0
1.1	1.5442	0.0637	5.0925	0
1.15	1.6175	-0.529	5.1169	0
1.2	1.6901	0.1698	5.1177	0
1.25	1.7632	0.2812	5.0989	0
1.3	1.837	-0.5375	5.0984	0
1.35	1.9097	0.5552	5.0977	0
1.4	1.9839	0.3457	5.0867	0
1.45	2.0583	-0.0491	5.0982	0
1.5	2.1321	0.4721	5.116	0
1.55	2.2063	0.3948	5.1299	0
1.6	2.2809	0.5617	5.1269	0
1.65	2.3566	-0.0248	5.1172	0
1.7	2.4311	0.4956	5.1032	0
1.75	2.506	0.8792	5.092	0
1.8	2.5823	-0.0065	5.1008	0
1.85	2.6571	0.8034	5.1016	0
1.9	2.7328	0.67	5.0922	0
1.95	2.8087	0.0799	5.0815	0
2	2.8983	1.1811	5.0848	0
2.05	3.0583	0.445	5.0907	0
2.1	3.2772	0.6913	5.0983	0
2.15	3.5072	1.3319	5.1085	0
2.2	3.7386	0.6637	5.1084	0
2.25	3.9681	0.6297	5.1079	0
2.3	4.195	1.1658	5.1116	0
2.35	4.4198	1.0069	5.1014	0
2.4	4.6414	0.8664	5.1045	0
2.45	4.8595	0.8851	5.1095	0
2.5	5.0739	1.3343	5.1028	0
2.55	5.2854	0.7298	5.1114	0
2.6	5.4927	1.0464	5.1266	0
2.65	5.6967	1.5484	5.1198	0
2.7	5.8986	0.8513	5.1163	0
2.75	6.0962	1.0639	5.1068	0
2.8	6.29	1.6498	5.1021	0
2.85	6.482	0.8705	5.0945	0
2.9	6.6698	1.3071	5.088	0
2.95	6.8544	1.8755	5.0806	0
3	7.0367	1.1153	5.08	0
3.05	7.2153	1.4394	5.1028	0
3.1	7.3913	1.7108	5.1003	0
3.15	7.5644	1.8205	5.0684	0
3.2	7.7349	1.3735	5.0761	0
3.25	7.902	1.7403	5.0724	0
3.3	8.067	2.1263	5.0808	0
3.35	8.2302	1.6994	5.0926	0
3.4	8.391	1.3451	5.1022	0
3.45	8.5482	2.5305	5.1067	0
3.5	8.7042	1.7598	5.0987	0
3.55	8.8574	1.7547	5.1107	0
3.6	9.0082	2.2353	5.111	0
3.65	9.1573	2.4372	5.1075	0
3.7	9.3056	1.045	5.1042	0
3.75	9.4494	2.5765	5.0983	0
3.8	9.5926	2.5066	5.09	0
3.85	9.7344	1.7331	5.0852	0
3.9	9.8734	2.0875	5.0989	0
3.95	10.0105	2.8112	5.1188	0
4	10.1469	2.1913	5.1047	0
4.05	10.2816	1.5599	5.0777	0
4.1	10.4126	3.0127	5.0871	0
4.15	10.5435	2.587	5.0966	0
4.2	10.6732	1.5145	5.1155	0
4.25	10.8001	2.8136	5.1188	0
4.3	10.9269	2.4561	5.1034	0
4.35	11.0519	2.157	5.0994	0
4.4	11.1752	2.4258	5.1017	0
4.45	11.2974	2.51	5.0882	0
4.5	11.4183	2.6485	5.0934	0
4.55	11.5381	1.8777	5.1016	0
4.6	11.6554	2.9237	5.0918	0
4.65	11.7734	2.5177	5.1068	0
4.7	11.8907	1.9001	5.1185	0
4.75	12.0045	3.0841	5.1122	0
4.8	12.1192	2.3055	5.1014	0
4.85	12.2324	2.2524	5.1002	0
4.9	12.3441	2.7161	5.081	0
4.95	12.4551	2.5009	5.0943	0
5	12.5653	2.4695	5.1074	0
5.05	12.6745	2.6321	5.0976	0
5.1	12.783	2.491	5.0982	0
5.15	12.8905	2.6911	5.1003	0
5.2	12.9976	2.2205	5.0979	0
5.25	13.1029	3.0189	5.097	0
5.3	13.2089	2.338	5.0983	0
5.35	13.3132	2.8152	5.0964	0
5.4	13.4176	2.4563	5.1002	0
5.45	13.5206	2.6848	5.0903	0
5.5	13.6229	2.9669	5.0874	0
5.55	13.7252	2.3231	5.0811	0
5.6	13.8261	2.9152	5.0764	0
5.65	13.9267	3.1113	5.0601	0
5.7	14.0277	2.2743	5.0577	0
5.75	14.1267	2.9391	5.0675	0
5.8	14.2254	3.1858	5.0586	0
5.85	14.3242	2.6185	5.0573	0
5.9	14.4218	2.8596	5.0621	0
5.95	14.519	3.1919	5.0553	0
6	14.6164	2.8317	5.0588	0
6.05	14.7129	3.0266	5.0551	0
6.1	14.809	3.1132	5.0606	0
6.15	14.905	2.8411	5.0798	0
6.2	15.0002	3.0479	5.092	0
6.25	15.0951	3.1242	5.0968	0
6.3	15.1903	2.7134	5.0928	0
6.35	15.2839	3.1544	5.1062	0
6.4	15.3771	3.0019	5.1026	0
6.45	15.4708	2.606	5.0916	0
6.5	15.564	2.9999	5.0991	0
6.55	15.6572	2.9901	5.0844	0
6.6	15.7499	2.942	5.0827	0
6.65	15.8426	2.8792	5.089	0
6.7	15.9347	3.107	5.0899	0
6.75	16.0268	2.963	5.0823	0
6.8	16.1182	2.946	5.0866	0
6.85	16.2092	2.9006	5.101	0
6.9	16.2997	3.5862	5.1093	0
6.95	16.3911	2.8706	5.1041	0
7	16.4817	3.2106	5.1118	0
7.05	16.5721	3.5282	5.0874	0
7.1	16.6628	2.8491	5.0779	0
7.15	16.7522	3.2952	5.0911	0
7.2	16.8419	3.5742	5.1093	0
7.25	16.9316	3.4216	5.1115	0
7.3	17.0207	3.6237	5.1158	0
7.35	17.1099	3.7637	5.1082	0
7.4	17.199	3.8608	5.1127	0
7.45	17.2883	3.8464	5.103	0
7.5	17.3768	4.4797	5.0751	1
7.55	17.4662	3.7529	5.0741	1
7.6	17.5545	4.7037	5.0766	1
7.65	17.6428	4.8365	5.0718	1
7.7	17.7222	4.2061	5.085	1
7.75	17.7732	4.7694	5.1004	1
7.8	17.8038	4.9293	5.1051	1
7.85	17.8313	4.5322	5.095	1
7.9	17.8569	4.9318	5.0682	1
7.95	17.8806	4.9965	5.0533	1
8	17.9037	4.9867	5.0655	1
8.05	17.9265	4.8125	5.0762	1
8.1	17.9477	5.3325	5.0842	1
8.15	17.9687	5.0074	5.0993	1
8.2	17.9894	4.9502	5.0999	1
8.25	18.0094	5.8013	5.0862	1
8.3	18.0289	4.9197	5.0911	1
8.35	18.049	5.3682	5.1058	1
8.4	18.0676	5.7374	5.1066	1
8.45	18.0863	5.3001	5.1022	1
8.5	18.1063	5.1619	5.0868	1
8.55	18.1245	6.1135	5.0895	1
8.6	18.1422	5.5278	5.0909	1
8.65	18.1618	5.2104	5.0916	1
8.7	18.1799	6.0794	5.1002	1
8.75	18.1978	5.7384	5.099	1
8.8	18.2159	5.7673	5.1003	1
8.85	18.2342	5.8568	5.098	1
8.9	18.2518	6.0175	5.0897	1
8.95	18.2697	6.0217	5.0904	1
9	18.2878	5.7513	5.0832	1
9.05	18.3058	6.403	5.0837	1
9.1	18.3227	6.3426	5.0925	1
9.15	18.3412	5.5557	5.0952	1
9.2	18.3593	6.5073	5.0906	1
9.25	18.3759	6.6208	5.0759	1
9.3	18.3937	6.1346	5.0685	1
9.35	18.4118	6.4115	5.0909	1
9.4	18.4286	7.0627	5.0874	1
9.45	18.447	5.9361	5.0814	1
9.5	18.4652	6.797	5.0801	1
9.55	18.482	7.0047	5.0932	1
9.6	18.4998	6.673	5.0995	1
9.65	18.5182	6.5485	5.0967	1
9.7	18.5357	7.2814	5.0943	1
9.75	18.553	6.7171	5.084	1
9.8	18.5708	7.1498	5.0821	1
9.85	18.5886	6.9256	5.0806	1
9.9	18.6064	7.1631	5.0749	1
9.95	18.6243	7.0809	5.0744	1
10	18.6422	7.4373	5.0968	1
10.05	18.6596	7.3391	5.1052	1
10.1	18.6781	7.3001	5.0843	1
10.15	18.6961	7.3265	5.0768	1
10.2	18.7136	7.8013	5.0992	1
10.25	18.731	7.3757	5.1092	1
10.3	18.7499	7.5603	5.1121	1
10.35	18.7676	7.9801	5.1146	1
10.4	18.7854	7.8866	5.1036	1
10.45	18.8034	7.8029	5.1005	1
10.5	18.8211	8.013	5.0982	1
10.55	18.8389	8.1513	5.0863	1
10.6	18.8571	7.9536	5.0802	1
10.65	18.8747	8.4054	5.0873	1
10.7	18.8924	8.2535	5.089	1
10.75	18.9105	8.3733	5.0798	1
10.8	18.9283	8.4919	5.0753	1
10.85	18.9459	8.7114	5.0815	1
10.9	18.9638	8.4678	5.0845	1
10.95	18.9817	8.8544	5.082	1
11	18.9998	8.92	5.082	1
11.05	19.0172	8.9306	5.0688	1
11.1	19.0353	8.8218	5.0685	1
11.15	19.0531	9.0336	5.0698	1
11.2	19.0707	9.3092	5.0821	1
11.25	19.0889	8.9889	5.0863	1
11.3	19.1062	9.6772	5.0722	1
11.35	19.1236	9.3456	5.0802	1
11.4	19.1417	9.2764	5.0736	1
11.45	19.1593	9.9777	5.0843	1
11.5	19.1764	9.73	5.1018	1
11.55	19.1943	9.5798	5.0893	1
11.6	19.212	10.1348	5.0869	1
11.65	19.2288	9.9196	5.0795	1
11.7	19.2468	10.1282	5.0807	1
11.75	19.2639	10.22	5.0923	1
11.8	19.2813	10.2949	5.0866	1
11.85	19.2987	10.4501	5.0826	1
11.9	19.3162	10.3604	5.0878	1
11.95	19.3333	10.7385	5.0926	1
12	19.3503	10.5973	5.0805	1
12.05	19.3677	10.7845	5.0802	1
12.1	19.3853	10.6474	5.0739	1
12.15	19.402	11.3348	5.0713	1
12.2	19.419	10.7876	5.0651	1
12.25	19.4359	11.3917	5.0689	1
12.3	19.453	11.07	5.083	1
12.35	19.4699	11.5251	5.0793	1
12.4	19.4875	11.3025	5.0759	1
12.45	19.5045	11.6685	5.0793	1
12.5	19.5213	11.7035	5.0769	1
12.55	19.5381	11.7719	5.09	1
12.6	19.5542	12.1053	5.1003	1
12.65	19.571	12.089	5.1116	1
12.7	19.5873	12.1358	5.1045	1
12.75	19.6038	12.2329	5.0964	1
12.8	19.6202	12.4071	5.1027	1
12.85	19.636	12.7708	5.1097	1
12.9	19.6519	12.5267	5.1053	1
12.95	19.668	12.8915	5.0991	1
13	19.6833	12.9904	5.1127	1
13.05	19.6996	12.6716	5.1151	1
13.1	19.7153	13.3781	5.1085	1
13.15	19.7313	13.0065	5.1198	1
13.2	19.7469	13.3445	5.1189	1
13.25	19.7625	13.3287	5.1148	1
13.3	19.7777	13.6013	5.1166	1
13.35	19.793	13.7483	5.1119	1
13.4	19.8081	13.8617	5.1325	1
13.45	19.8238	13.4783	5.1464	1
13.5	19.8389	14.3008	5.1285	1
13.55	19.8536	13.7594	5.1073	1
13.6	19.8695	14.1745	5.1075	1
13.65	19.8837	14.5664	5.1096	1
13.7	19.8988	14.2148	5.098	1
13.75	19.914	14.477	5.0916	1
13.8	19.9277	15.0357	5.0988	1
13.85	19.9425	14.3621	5.1084	1
13.9	19.9575	15.0745	5.1363	1
13.95	19.9712	14.9661	5.1188	1
14	19.9871	14.6605	5.1034	1
14.05	20.0004	15.8429	5.1072	2
14.1	20.0146	14.811	5.1111	2
14.15	20.0291	15.6152	5.1178	2
14.2	20.0425	15.6921	5.1217	2
14.25	20.057	15.2137	5.1105	2
14.3	20.0709	16.1024	5.1091	2
14.35	20.0839	15.8435	5.1138	2
14.4	20.0983	15.5332	5.1286	2
14.45	20.1103	16.8254	5.1173	2
14.5	20.1232	15.41	5.0964	2
14.55	20.1364	16.7609	5.1106	2
14.6	20.1477	16.3611	5.1332	2
14.65	20.16	16.3158	5.1427	2
14.7	20.172	16.3897	5.1289	2
14.75	20.1824	17.1974	5.1244	2
14.8	20.1941	16.2249	5.136	2
14.85	20.2054	16.8969	5.1161	2
14.9	20.2158	16.8718	5.1012	2
14.95	20.2264	17.1386	5.1039	2
15	20.2365	16.9579	5.1076	2
15.05	20.2473	17.285	5.1235	2
15.1	20.2566	17.244	5.1216	2
15.15	20.2664	17.4553	5.1188	2
15.2	20.2763	17.0014	5.123	2
15.25	20.2851	17.919	5.1158	2
15.3	20.2941	17.3234	5.1117	2
15.35	20.3034	17.474	5.1317	2
15.4	20.3118	17.963	5.1197	2
15.45	20.3201	17.7	5.0995	2
15.5	20.3286	17.8168	5.0899	2
15.55	20.337	17.7584	5.1002	2
15.6	20.3448	17.9693	5.1112	2
15.65	20.3528	18.1121	5.1209	2
15.7	20.36	17.9397	5.1237	2
15.75	20.3674	18.3203	5.1046	2
15.8	20.3749	18.0631	5.1128	2
15.85	20.3815	18.5856	5.1194	2
15.9	20.3884	18.1053	5.1149	2
15.95	20.3946	18.5369	5.1315	2
16	20.4012	18.5191	5.1202	2
16.05	20.4079	18.2416	5.1121	3
16.1	20.4135	18.7964	5.1195	3
16.15	20.4195	18.5077	5.1312	3
16.2	20.4259	18.431	5.135	3
16.25	20.4314	19.1257	5.1144	3
16.3	20.4369	18.3514	5.1064	3
16.35	20.4426	18.8952	5.1118	3
16.4	20.4473	18.8188	5.1217	3
16.45	20.4519	18.8244	5.1218	3
16.5	20.456	18.9452	5.1154	3
16.55	20.4604	18.5699	5.126	3
16.6	20.4642	19.1547	5.1134	3
16.65	20.4679	18.7212	5.0963	3
16.7	20.4718	18.7833	5.0838	3
16.75	20.4745	19.1172	5.0997	3
16.8	20.4772	18.7992	5.1186	3
16.85	20.4805	18.7703	5.1136	3
16.9	20.4824	19.1495	5.1178	3
16.95	20.485	18.4902	5.1304	3
17	20.4868	19.2427	5.1245	3
17.05	20.4881	18.8279	5.1239	3
17.1	20.4903	18.5714	5.1297	3
17.15	20.4915	19.2417	5.1137	3
17.2	20.4929	18.5111	5.113	3
17.25	20.4943	18.6036	5.1092	3
17.3	20.4948	19.3121	5.1158	3
17.35	20.4952	18.4086	5.1312	3
17.4	20.4967	18.6002	5.1357	3
17.45	20.4973	18.6534	5.1206	3
17.5	20.4971	18.8867	5.1151	3
17.55	20.4979	18.205	5.1071	3
17.6	20.498	18.8013	5.0984	3
17.65	20.4972	18.7066	5.0895	3
17.7	20.4972	18.2057	5.1003	3
17.75	20.4976	18.3226	5.1097	3
17.8	20.4964	18.6773	5.096	3
17.85	20.4954	18.2383	5.0952	3
17.9	20.4955	18.0678	5.1084	3
17.95	20.4945	18.4946	5.1296	3
18	20.4935	18.3212	5.1429	3
18.05	20.4928	17.9504	5.1361	3
18.1	20.4913	18.4484	5.1386	3
18.15	20.4902	17.9695	5.1333	3
18.2	20.4889	18.1238	5.1153	3
18.25	20.4872	18.1339	5.1308	3
18.3	20.4857	17.9822	5.1316	3
18.35	20.4838	17.9169	5.1204	3
18.4	20.4813	18.0981	5.109	3
18.45	20.4793	17.6026	5.1057	3
18.5	20.4771	18.2023	5.1251	3
18.55	20.4748	17.698	5.1229	3
18.6	20.4728	17.768	5.1054	3
18.65	20.4701	17.7742	5.0908	3
18.7	20.4681	17.4811	5.0996	3
18.75	20.4653	17.7896	5.1139	3
18.8	20.4619	17.6735	5.113	3
18.85	20.4593	17.3001	5.1113	3
18.9	20.4557	17.8496	5.1091	3
18.95	20.4525	17.2434	5.1166	3
19	20.4499	17.3018	5.1239	3
19.05	20.4464	17.5438	5.1196	3
19.1	20.4432	17.0705	5.1108	3
19.15	20.4394	17.4895	5.099	3
19.2	20.4357	17.1943	5.0942	3
19.25	20.4319	17.1994	5.1137	3
19.3	20.4281	17.2273	5.1197	3
19.35	20.4242	16.8879	5.1163	3
19.4	20.4205	17.0054	5.1106	3
19.45	20.4158	17.34	5.107	3
19.5	20.4118	16.5211	5.1221	3
19.55	20.408	16.9663	5.1256	3
19.6	20.4034	16.9031	5.1269	3
19.65	20.3983	16.7955	5.1196	3
19.7	20.3939	16.8617	5.1077	3
19.75	20.3891	16.5994	5.1087	3
19.8	20.3843	16.6299	5.1143	3
19.85	20.3798	16.6789	5.1129	3
19.9	20.3745	16.3899	5.1116	3
19.95	20.3699	16.6275	5.095	3
20	20.3646	16.4603	5.1105	3
20.05	20.3593	16.4614	5.1162	3
20.1	20.3541	16.1569	5.0968	3
20.15	20.349	16.3698	5.0985	3
20.2	20.343	16.1699	5.1008	3
20.25	20.3381	16.0417	5.0868	3
20.3	20.3327	16.1267	5.0873	3
20.35	20.327	16.1022	5.0956	3
20.4	20.3217	15.9143	5.1203	3
20.45	20.3164	15.6578	5.1269	3
20.5	20.3099	16.3215	5.1254	3
20.55	20.3044	15.3975	5.1275	3
20.6	20.299	15.5646	5.1223	3
20.65	20.2933	15.6835	5.1213	3
20.7	20.2871	15.6423	5.1194	3
20.75	20.2814	15.3249	5.1198	3
20.8	20.2755	15.4835	5.1315	3
20.85	20.2685	15.5184	5.1224	3
20.9	20.2633	14.8338	5.116	3
20.95	20.2576	15.2523	5.1201	3
21	20.251	15.4418	5.1231	3
21.05	20.2451	14.5577	5.1198	3
21.1	20.2394	15.1302	5.1226	3
21.15	20.2325	14.9962	5.1271	3
21.2	20.226	14.7985	5.1181	3
21.25	20.2206	14.4567	5.1094	3
21.3	20.2138	15.1668	5.1227	3
21.35	20.2074	14.5187	5.1127	3
21.4	20.2018	14.0383	5.1139	3
21.45	20.1947	15.2167	5.1114	3
21.5	20.1879	14.2181	5.1054	3
21.55	20.1818	14.1206	5.1048	3
21.6	20.175	14.7877	5.1086	3
21.65	20.1679	14.0182	5.1161	3
21.7	20.1616	14.1902	5.1109	3
21.75	20.1554	14.0288	5.1066	3
21.8	20.1477	14.4057	5.1119	3
21.85	20.1413	13.6013	5.1041	3
21.9	20.1352	13.7185	5.1086	3
21.95	20.1278	14.2263	5.1088	3
22	20.1209	13.517	5.1047	3
22.05	20.1152	13.1744	5.1228	3
22.1	20.1079	14.2269	5.1241	3
22.15	20.1005	13.1136	5.1126	3
22.2	20.094	13.3625	5.102	3
22.25	20.0868	13.57	5.1079	3
22.3	20.0795	13.0664	5.1198	3
22.35	20.0736	12.8279	5.1225	3
22.4	20.0665	13.3842	5.1233	3
22.45	20.0593	12.849	5.1275	3
22.5	20.0533	12.6315	5.1174	3
22.55	20.0469	12.5266	5.1138	3
22.6	20.0395	13.1753	5.1169	3
22.65	20.0326	12.1413	5.1111	3
22.7	20.0264	12.2938	5.126	3
22.75	20.0193	12.7986	5.1295	3
22.8	20.0119	12.237	5.1221	3
22.85	20.0053	12.3178	5.1259	3
22.9	19.9978	12.5056	5.1339	3
22.95	19.9901	12.3135	5.1414	3
23	19.9838	11.9351	5.1303	3
23.05	19.9764	12.2272	5.1277	3
23.1	19.9682	12.5837	5.1218	3
23.15	19.9609	11.5991	5.111	3
23.2	19.9532	12.3457	5.1064	3
23.25	19.9448	12.216	5.1089	3
23.3	19.9368	11.7992	5.1115	3
23.35	19.9295	11.9465	5.1204	3
23.4	19.9211	11.9832	5.1247	3
23.45	19.913	11.6356	5.1336	3
23.5	19.9055	11.5438	5.1381	3
23.55	19.8971	11.8084	5.1327	3
23.6	19.8894	11.6764	5.139	3
23.65	19.8806	11.4111	5.1274	3
23.7	19.8726	11.3919	5.1144	3
23.75	19.8638	11.5362	5.1215	3
23.8	19.8557	11.3419	5.1145	3
23.85	19.8474	11.4185	5.1033	3
23.9	19.8385	11.1181	5.1045	3
23.95	19.8302	11.1501	5.1105	3
24	19.8219	10.9186	5.1132	3
24.05	19.8131	11.1359	5.1199	3
24.1	19.8051	10.6276	5.1105	3
24.15	19.7965	10.8123	5.1122	3
24.2	19.7881	10.7837	5.1139	3
24.25	19.7797	10.6387	5.1069	3
24.3	19.7706	10.8532	5.0927	3
24.35	19.7623	10.4244	5.0978	3
24.4	19.7536	10.2788	5.0895	3
24.45	19.7449	10.7198	5.1022	3
24.5	19.7358	10.1276	5.1256	3
24.55	19.7268	10.4958	5.1281	3
24.6	19.7181	9.7897	5.1195	3
24.65	19.7086	10.7672	5.114	3
24.7	19.6993	9.8818	5.1131	3
24.75	19.6911	9.7622	5.1061	3
24.8	19.6813	10.5404	5.0991	3
24.85	19.6718	9.8132	5.1077	3
24.9	19.6631	9.5913	5.1126	3
24.95	19.6539	10.1571	5.1118	3
25	19.6438	9.7016	5.1243	3
25.05	19.6347	9.7271	5.1262	3
25.1	19.625	9.631	5.1154	3
25.15	19.6152	9.9548	5.102	3
25.2	19.6052	9.4662	5.1021	3
25.25	19.5961	9.3586	5.1134	3
25.3	19.5863	9.388	5.1102	3
25.35	19.5763	9.5598	5.1091	3
25.4	19.5663	9.0061	5.1179	3
25.45	19.5569	9.4391	5.1206	3
25.5	19.5468	9.1704	5.1127	3
25.55	19.5371	8.9785	5.1216	3
25.6	19.5272	9.0281	5.1331	3
25.65	19.517	9.0059	5.1342	3
25.7	19.5061	9.1999	5.1353	3
25.75	19.4959	8.7818	5.1337	3
25.8	19.4854	8.8607	5.109	3
25.85	19.4746	9.2437	5.104	3
25.9	19.4635	8.457	5.1105	3
25.95	19.4532	8.7871	5.1115	3
26	19.4421	8.6491	5.1123	3
26.05	19.4313	8.8355	5.1248	3
26.1	19.4205	8.3275	5.1055	3
26.15	19.4097	8.6058	5.1001	3
26.2	19.3982	8.5746	5.093	3
26.25	19.3877	8.0125	5.093	3
26.3	19.3771	8.2035	5.1096	3
26.35	19.3663	8.203	5.1063	3
26.4	19.3546	8.2438	5.1046	3
26.45	19.3446	7.6283	5.1072	3
26.5	19.3334	8.2773	5.1008	3
26.55	19.3225	7.8617	5.1037	3
26.6	19.3113	7.5975	5.1013	3
26.65	19.3008	7.7725	5.1066	3
26.7	19.289	7.8192	5.1112	3
26.75	19.2782	7.2853	5.0923	3
26.8	19.2672	7.7035	5.0826	3
26.85	19.2556	7.3401	5.0892	3
26.9	19.2441	7.6557	5.0872	3
26.95	19.2334	6.8585	5.0942	3
27	19.2217	7.5675	5.103	3
27.05	19.2102	7.147	5.1066	3
27.1	19.1982	7.1862	5.0894	3
27.15	19.1871	6.8898	5.0963	3
27.2	19.1757	7.1989	5.1042	3
27.25	19.164	6.6789	5.1146	3
27.3	19.1524	7.1196	5.1164	3
27.35	19.1398	6.9639	5.113	3
27.4	19.128	6.9498	5.1036	3
27.45	19.1165	6.4397	5.108	3
27.5	19.1039	7.179	5.1105	3
27.55	19.0918	6.2162	5.1064	3
27.6	19.0799	6.8083	5.0902	3
27.65	19.0675	6.3566	5.0812	3
27.7	19.055	6.7553	5.0885	3
27.75	19.0433	6.0657	5.074	3
27.8	19.0305	6.6066	5.0872	3
27.85	19.018	6.2132	5.1011	3
27.9	19.006	6.1245	5.0962	3
27.95	18.9927	6.182	5.0958	3
28	18.9803	6.319	5.0838	3
28.05	18.9672	5.7683	5.0852	4
28.1	18.9551	6.213	5.0804	4
28.15	18.942	5.8257	5.0875	4
28.2	18.9287	6.0531	5.0892	4
28.25	18.9165	5.5169	5.083	4
28.3	18.903	6.1428	5.087	4
28.35	18.8901	5.5164	5.0741	4
28.4	18.878	5.5747	5.0724	4
28.45	18.8651	5.8125	5.0839	4
28.5	18.8531	5.3007	5.0942	4
28.55	18.8408	5.4416	5.0982	4
28.6	18.8284	5.7326	5.106	4
28.65	18.8166	5.0553	5.1074	4
28.7	18.8048	5.476	5.0893	4
28.75	18.7929	5.1841	5.0701	4
28.8	18.781	5.1232	5.082	4
28.85	18.7694	5.2329	5.1046	4
28.9	18.7581	4.6695	5.0923	4
28.95	18.7471	5.3089	5.0858	4
29	18.7358	4.8218	5.1007	4
29.05	18.7247	4.9738	5.118	4
29.1	18.7136	4.7683	5.1179	4
29.15	18.7022	4.8578	5.1018	4
29.2	18.6917	4.7086	5.1062	4
29.25	18.681	4.584	5.1063	4
29.3	18.6707	4.5531	5.1075	4
29.35	18.6605	4.5165	5.1061	4
29.4	18.6498	4.7371	5.1105	4
29.45	18.6401	4.3896	5.1163	4
29.5	18.6302	4.1805	5.1069	4
29.55	18.6208	4.3474	5.1066	4
29.6	18.6104	4.6172	5.1015	4
29.65	18.6008	4.0511	5.1062	4
29.7	18.5916	4.2792	5.127	4
29.75	18.5816	4.368	5.1027	4
29.8	18.5721	3.8348	5.0819	4
29.85	18.5634	4.0356	5.0882	4
29.9	18.5535	4.2553	5.0918	4
29.95	18.5452	3.4653	5.0849	4
30	18.5365	3.9619	5.0854	4
30.05	18.5276	3.9023	5.0941	4
30.1	18.5188	3.7448	5.1044	4
30.15	18.5105	3.701	5.0877	4
30.2	18.5015	3.7736	5.0846	4
30.25	18.4934	3.607	5.1011	4
30.3	18.4842	3.9212	5.0892	4
30.35	18.4759	3.5335	5.0765	4
30.4	18.4677	3.7149	5.0749	4
30.45	18.4593	3.4809	5.0826	4
30.5	18.4511	3.7137	5.0855	4
30.55	18.4433	3.359	5.0894	4
30.6	18.4347	3.8746	5.0836	4
30.65	18.4268	3.174	5.0878	4
30.7	18.4187	3.882	5.0879	4
30.75	18.411	3.2558	5.0977	4
30.8	18.403	3.5846	5.1033	4
30.85	18.3945	3.6299	5.1121	4
30.9	18.3868	3.1497	5.0981	4
30.95	18.3793	3.503	5.0926	4
31	18.371	3.7243	5.1066	4
31.05	18.3636	2.7524	5.104	4
31.1	18.3558	3.9067	5.1027	4
31.15	18.348	2.9094	5.1028	4
31.2	18.3405	3.6201	5.0991	4
31.25	18.3331	2.9446	5.1047	4
31.3	18.326	3.3831	5.1145	4
31.35	18.3185	3.138	5.1165	4
31.4	18.3112	3.209	5.1154	4
31.45	18.3038	3.2289	5.1158	4
31.5	18.2966	3.1783	5.1258	4
31.55	18.2897	2.9632	5.1228	4
31.6	18.283	3.1511	5.1156	4
31.65	18.2753	3.1111	5.1155	4
31.7	18.2679	3.3581	5.1075	4
31.75	18.2613	2.3777	5.1281	4
31.8	18.2546	3.6233	5.1315	4
31.85	18.2471	2.8885	5.1186	4
31.9	18.2406	2.7961	5.111	4
31.95	18.2337	3.2807	5.1017	4
32	18.2266	2.8494	5.1032	4
32.05	18.2201	2.8783	5.1092	4
32.1	18.2136	3.008	5.1184	4
32.15	18.2065	3.0203	5.1151	4
32.2	18.2008	2.6182	5.1092	4
32.25	18.1939	2.8492	5.119	4
32.3	18.1871	3.1488	5.1067	4
32.35	18.1802	2.6957	5.1254	4
32.4	18.1745	2.6595	5.1204	4
32.45	18.1674	3.2941	5.111	4
32.5	18.1605	2.4251	5.1119	4
32.55	18.155	2.696	5.1161	4
32.6	18.1486	2.8218	5.1199	4
32.65	18.1418	2.8403	5.1196	4
32.7	18.1362	2.5073	5.107	4
32.75	18.1296	2.8771	5.1119	4
32.8	18.1232	2.8796	5.1097	4
32.85	18.1171	2.602	5.1078	4
32.9	18.1113	2.5163	5.1146	4
32.95	18.1048	3.1769	5.0911	4
33	18.0987	2.1781	5.0827	4
33.05	18.0932	2.5914	5.096	4
33.1	18.0871	2.8675	5.0841	4
33.15	18.0801	2.8094	5.1026	4
33.2	18.075	2.16	5.1075	4
33.25	18.069	2.7838	5.1054	4
33.3	18.0621	3.0434	5.1054	4
33.35	18.0569	2.0055	5.0929	4
33.4	18.0513	2.9214	5.1051	4
33.45	18.0439	2.9467	5.1126	4
33.5	18.0381	2.2454	5.1135	4
33.55	18.0326	2.6587	5.1104	4
33.6	18.0257	3.0476	5.113	4
33.65	18.0197	2.3013	5.1131	4
33.7	18.0138	2.7753	5.0901	4
33.75	18.0072	2.8134	5.0833	4
33.8	18.0009	2.6706	5.1023	4
33.85	17.9953	2.5016	5.098	4
33.9	17.9887	2.8471	5.0812	4
33.95	17.9829	2.5568	5.074	4
34	17.977	2.5343	5.0799	4
34.05	17.971	2.8396	5.0896	4
34.1	17.9641	2.751	5.1032	4
34.15	17.9582	2.5579	5.1116	4
34.2	17.9528	2.5455	5.1011	4
34.25	17.9457	3.0238	5.09	4
34.3	17.9398	2.2576	5.0874	4
34.35	17.9337	2.8848	5.0961	4
34.4	17.9272	2.9431	5.1013	4
34.45	17.9213	2.3851	5.1059	4
34.5	17.9156	2.7622	5.0968	4
34.55	17.9088	2.9266	5.0905	4
34.6	17.9029	2.2957	5.0873	4
34.65	17.8973	2.6601	5.0825	4
34.7	17.8913	2.5094	5.0813	4
34.75	17.8847	2.9773	5.0817	4
34.8	17.8794	2.0783	5.0864	4
34.85	17.8732	2.9777	5.0883	4
34.9	17.8663	2.8093	5.0891	4
34.95	17.861	2.1285	5.0862	4
35	17.8553	2.8676	5.0794	4
35.05	17.8488	2.5774	5.0821	4
35.1	17.8428	2.4481	5.0922	4
35.15	17.8368	2.8291	5.1009	4
35.2	17.831	2.349	5.0961	4
35.25	17.8252	2.8745	5.0815	4
35.3	17.8189	2.4792	5.0723	4
35.35	17.8132	2.5125	5.0802	4
35.4	17.807	2.7303	5.08	4
35.45	17.8009	2.4904	5.0897	4
35.5	17.7959	2.2902	5.0871	4
35.55	17.7895	2.9483	5.0726	4
35.6	17.783	2.5589	5.0826	4
35.65	17.7776	2.3287	5.0916	4
35.7	17.7715	2.8563	5.0843	4
35.75	17.7656	2.5697	5.076	4
35.8	17.7591	2.5794	5.0834	4
35.85	17.7538	2.3277	5.1022	4
35.9	17.748	2.5931	5.0968	4
35.95	17.7419	2.8662	5.0782	4
36	17.7362	2.0736	5.0823	4
36.05	17.7306	2.9359	5.0801	4
36.1	17.7238	2.6672	5.0897	4
36.15	17.7182	2.3683	5.1028	4
36.2	17.7123	2.9197	5.0996	4
36.25	17.7056	2.6562	5.1035	4
36.3	17.6997	2.6374	5.1084	4
36.35	17.6938	2.4504	5.1125	4
36.4	17.687	3.0086	5.1107	4
36.45	17.6814	2.4003	5.093	4
36.5	17.6756	2.4827	5.1086	4
36.55	17.6686	3.1862	5.1113	4
36.6	17.6629	1.9748	5.0959	4
36.65	17.657	2.9493	5.0973	4
36.7	17.6509	2.6123	5.0966	4
36.75	17.6448	2.5445	5.0935	4
36.8	17.6389	2.8846	5.0867	4
36.85	17.6322	2.4714	5.0773	4
36.9	17.626	2.8527	5.0793	4
36.95	17.6201	2.3599	5.0732	4
37	17.6137	2.94	5.0774	4
37.05	17.6078	2.686	5.0745	4
37.1	17.6017	2.3859	5.0924	4
37.15	17.5955	3.0629	5.0945	4
37.2	17.5894	2.2692	5.0917	4
37.25	17.5833	2.8599	5.1069	4
37.3	17.5771	2.7328	5.1009	4
37.35	17.5706	2.6751	5.1032	4
37.4	17.5648	2.6096	5.0777	4
37.45	17.5587	2.6092	5.0606	4
37.5	17.5523	2.6713	5.0763	4
37.55	17.5464	2.6561	5.0859	4
37.6	17.5404	2.5018	5.0882	4
37.65	17.5341	2.8524	5.0733	4
37.7	17.5282	2.2419	5.0685	4
37.75	17.522	2.8359	5.0772	4
37.8	17.516	2.6427	5.1008	4
37.85	17.5095	2.6721	5.1152	4
37.9	17.5036	2.589	5.1189	4
37.95	17.4976	2.5581	5.102	4
38	17.4912	2.8162	5.1107	4
38.05	17.4854	2.4951	5.1027	4
38.1	17.4791	2.6623	5.0967	4
38.15	17.4729	2.6845	5.094	4
38.2	17.467	2.4721	5.1166	4
38.25	17.4612	2.65	5.1177	4
38.3	17.4554	2.4691	5.1007	4
38.35	17.45	2.3183	5.1176	4
38.4	17.4441	2.796	5.1142	4
38.45	17.4384	2.2448	5.1006	4
38.5	17.4324	2.7421	5.0978	4
38.55	17.4264	2.3368	5.0916	4
38.6	17.4205	2.6723	5.091	4
38.65	17.4149	2.3996	5.0996	4
38.7	17.409	2.6307	5.1052	4
38.75	17.403	2.46	5.1075	4
38.8	17.397	2.3761	5.0891	4
38.85	17.391	2.7507	5.0702	4
38.9	17.3856	2.2874	5.072	4
38.95	17.3798	2.7117	5.0762	4
39	17.3738	2.4649	5.0864	4
39.05	17.3686	2.2641	5.0904	4
39.1	17.363	2.63	5.0928	4
39.15	17.3567	2.4725	5.0881	4
39.2	17.351	2.3485	5.0649	4
39.25	17.3452	2.6619	5.0688	4
39.3	17.3392	2.3721	5.0667	4
39.35	17.3335	2.5258	5.0713	4
39.4	17.3276	2.4439	5.082	4
39.45	17.322	2.424	5.0704	4
39.5	17.3162	2.3964	5.0736	4
39.55	17.3106	2.2867	5.0928	4
39.6	17.3046	2.8448	5.0832	4
39.65	17.2992	2.2511	5.096	4
39.7	17.2937	2.5116	5.09	4
39.75	17.2876	2.6276	5.0735	4
39.8	17.2812	2.556	5.0833	4
39.85	17.2756	2.3299	5.0801	4
39.9	17.2698	2.4863	5.089	4
39.95	17.2642	2.3801	5.1063	4
40	17.2585	2.5669	5.0885	4
40.05	17.2531	2.1949	5.0854	4
40.1	17.2472	2.6025	5.0859	4
40.15	17.2418	2.2173	5.0928	4
40.2	17.2365	2.2969	5.0923	4
40.25	17.2305	2.6648	5.0859	4
40.3	17.2252	1.9241	5.0797	4
40.35	17.2204	2.3278	5.0824	4
40.4	17.2145	2.6722	5.0925	4
40.45	17.2095	1.6973	5.0937	4
40.5	17.2044	2.7544	5.0837	4
40.55	17.1985	1.9882	5.0984	4
40.6	17.1936	2.222	5.1014	4
40.65	17.1885	2.3868	5.0857	4
40.7	17.1834	1.9878	5.0897	4
40.75	17.178	2.6223	5.0964	4
40.8	17.1733	1.6688	5.0985	4
40.85	17.1681	2.5714	5.0947	4
40.9	17.1625	2.2903	5.1005	4
40.95	17.1571	1.857	5.1047	4
41	17.1523	2.4317	5.092	4
41.05	17.1466	2.1391	5.0911	4
41.1	17.1419	1.9692	5.0999	4
41.15	17.1371	2.4716	5.1165	4
41.2	17.1315	1.814	5.1034	4
41.25	17.1264	2.6573	5.0996	4
41.3	17.122	1.5061	5.1008	4
41.35	17.1169	2.5696	5.1011	4
41.4	17.1118	2.2058	5.0946	4
41.45	17.1071	1.6475	5.1028	4
41.5	17.1021	2.6366	5.0885	4
41.55	17.0966	2.1035	5.0863	4
41.6	17.0919	1.7243	5.0816	4
41.65	17.087	2.6435	5.0737	4
41.7	17.0811	1.8603	5.0893	4
41.75	17.0766	2.118	5.0863	4
41.8	17.0719	1.9993	5.092	4
41.85	17.0664	2.538	5.099	4
41.9	17.0616	1.8612	5.0842	4
41.95	17.0572	1.9129	5.0827	4
42	17.0512	2.6605	5.0918	4
42.05	17.047	1.4061	5.1082	4
42.1	17.0425	2.1615	5.0898	4
42.15	17.0372	2.4245	5.0769	4
42.2	17.0325	1.6415	5.0771	4
42.25	17.0281	2.1041	5.0709	4
42.3	17.0229	2.296	5.0776	4
42.35	17.0177	1.7959	5.0743	4
42.4	17.0134	1.948	5.0507	4
42.45	17.0089	1.7923	5.0557	4
42.5	17.0042	2.1412	5.0735	4
42.55	16.9998	1.526	5.0809	4
42.6	16.9959	1.9325	5.0963	4
42.65	16.991	2.1999	5.0977	4
42.7	16.9869	1.58	5.0919	4
42.75	16.9821	1.9719	5.0834	4
42.8	16.9777	1.8305	5.0835	4
42.85	16.9733	1.792	5.0896	4
42.9	16.9689	1.766	5.0638	4
42.95	16.9651	1.5236	5.0511	4
43	16.9607	1.8141	5.0516	4
43.05	16.957	1.6376	5.0598	4
43.1	16.9532	1.4601	5.069	4
43.15	16.9488	2.0726	5.069	4
43.2	16.9449	1.3829	5.0692	4
43.25	16.9408	1.8182	5.0663	4
43.3	16.9375	1.344	5.0602	4
43.35	16.9338	1.5861	5.0586	4
43.4	16.9297	1.7547	5.0439	4
43.45	16.9266	1.1259	5.048	4
43.5	16.9226	1.7862	5.0615	4
43.55	16.9189	1.4992	5.0766	4
43.6	16.9154	1.2556	5.0899	4
43.65	16.9118	1.8512	5.0737	4
43.7	16.9083	1.1933	5.0589	4
43.75	16.9046	1.5493	5.062	4
43.8	16.9016	1.2749	5.0647	4
43.85	16.8981	1.4385	5.0639	4
43.9	16.8949	1.4277	5.0652	4
43.95	16.8919	1.0881	5.0791	4
44	16.8881	1.5568	5.0974	4
44.05	16.8852	1.2553	5.1019	4
44.1	16.8821	1.0968	5.0941	4
44.15	16.8788	1.6372	5.0951	4
44.2	16.8757	0.9551	5.0977	4
44.25	16.8729	1.2149	5.1024	4
44.3	16.8704	1.2951	5.0942	4
44.35	16.8668	1.3032	5.0882	4
44.4	16.8639	1.3487	5.094	4
44.45	16.8612	0.8704	5.1027	4
44.5	16.8575	1.5607	5.1117	4
44.55	16.8551	0.8433	5.0986	4
44.6	16.8525	1.1011	5.0936	4
44.65	16.8495	1.4491	5.1012	4
44.7	16.8468	0.662	5.0905	4
44.75	16.8439	1.3896	5.0682	4
44.8	16.8412	0.8926	5.0682	4
44.85	16.8386	1.2274	5.0747	4
44.9	16.8361	1.1946	5.0706	4
44.95	16.8338	0.727	5.0795	4
45	16.831	1.4578	5.0831	4
45.05	16.8284	0.8371	5.0763	4
45.1	16.8254	1.0813	5.0758	4
45.15	16.823	1.22	5.091	4
45.2	16.82	0.987	5.0935	4
45.25	16.8177	0.9889	5.098	4
45.3	16.8151	1.0132	5.0903	4
45.35	16.8125	1.1082	5.0847	4
45.4	16.8096	1.0667	5.0787	4
45.45	16.8073	0.8249	5.0713	4
45.5	16.8046	1.3306	5.0603	4
45.55	16.8021	0.7295	5.0575	4
45.6	16.7997	1.1743	5.0751	4
45.65	16.7971	1.1261	5.082	4
45.7	16.7941	1.098	5.069	4
45.75	16.7922	0.8348	5.0809	4
45.8	16.7897	1.117	5.083	4
45.85	16.7867	1.2528	5.0822	4
45.9	16.7846	0.8695	5.0973	4
45.95	16.7821	1.2448	5.1034	4
46	16.7786	1.5033	5.1036	4
46.05	16.7759	0.8983	5.0964	4
46.1	16.7732	1.089	5.0831	4
46.15	16.7702	1.4199	5.087	4
46.2	16.7676	0.8379	5.0975	4
46.25	16.7649	1.2687	5.1034	4
46.3	16.7619	1.2409	5.1048	4
46.35	16.7585	1.3038	5.1046	4
46.4	16.7564	0.9626	5.1123	4
46.45	16.7534	1.2806	5.1024	4
46.5	16.7499	1.4334	5.1024	4
46.55	16.7476	1.0214	5.1177	4
46.6	16.7449	1.1745	5.1052	4
46.65	16.7417	1.5303	5.081	4
46.7	16.7391	0.7986	5.0859	4
46.75	16.7362	1.4811	5.1115	4
46.8	16.7329	1.3597	5.1234	4
46.85	16.73	0.7632	5.126	4
46.9	16.7276	1.4947	5.1268	4
46.95	16.724	1.3642	5.1088	4
47	16.7212	1.0245	5.1056	4
47.05	16.7185	1.4111	5.1084	4
47.1	16.7152	1.1695	5.0992	4
47.15	16.7127	1.3028	5.0906	4
47.2	16.7099	1.0364	5.1022	4
47.25	16.7069	1.4967	5.0845	4
47.3	16.7036	1.2372	5.0766	4
47.35	16.7008	1.2087	5.089	4
47.4	16.6977	1.3087	5.0865	4
47.45	16.6947	1.34	5.0854	4
47.5	16.6915	1.2691	5.0858	4
47.55	16.6883	1.3599	5.0905	4
47.6	16.6852	1.3491	5.0909	4
47.65	16.6821	1.3969	5.0927	4
47.7	16.6789	1.0695	5.0861	4
47.75	16.6757	1.4169	5.064	4
47.8	16.6728	1.2542	5.0588	4
47.85	16.6699	1.3267	5.0679	4
47.9	16.6668	1.3584	5.0838	4
47.95	16.6639	1.2603	5.0855	4
48	16.6604	1.5695	5.0787	4
48.05	16.6573	1.2806	5.0824	4
48.1	16.6538	1.4802	5.0886	4
48.15	16.6506	1.4466	5.0932	4
48.2	16.6478	1.2309	5.0925	4
48.25	16.6446	1.5116	5.0859	4
48.3	16.6409	1.5931	5.0982	4
48.35	16.6375	1.3303	5.1011	4
48.4	16.6344	1.4683	5.0951	4
48.45	16.6306	1.6576	5.1073	4
48.5	16.6269	1.3803	5.1112	4
48.55	16.6244	1.1909	5.103	4
48.6	16.6203	1.9601	5.0942	4
48.65	16.6166	1.2933	5.086	4
48.7	16.6136	1.3238	5.0929	4
48.75	16.6102	1.4287	5.087	4
48.8	16.6066	1.5173	5.095	4
48.85	16.6036	1.0552	5.1035	4
48.9	16.6008	1.4352	5.0974	4
48.95	16.597	1.573	5.0824	4
49	16.5935	1.2366	5.077	4
49.05	16.5901	1.3533	5.0847	4
49.1	16.587	1.4073	5.0801	4
49.15	16.5837	1.2827	5.0825	4
49.2	16.5809	1.472	5.0959	4
49.25	16.5777	1.2416	5.1054	4
49.3	16.5742	1.552	5.1032	4
49.35	16.5709	1.2709	5.0949	4
49.4	16.5676	1.4243	5.0977	4
49.45	16.5644	1.3009	5.1	4
49.5	16.5616	1.2344	5.085	4
49.55	16.5584	1.4524	5.0907	4
49.6	16.5553	1.2245	5.0854	4
49.65	16.5519	1.4718	5.0679	4
49.7	16.5489	1.1014	5.0842	4
49.75	16.5457	1.4505	5.0987	4
49.8	16.5424	1.5186	5.0835	4
49.85	16.5395	0.913	5.0774	4
49.9	16.5365	1.5809	5.0857	4
49.95	16.5331	1.2013	5.0908	4
50	16.5304	1.1116	5.1103	4
50.05	16.5276	1.3949	5.1108	4
50.1	16.5243	1.1745	5.0885	4
50.15	16.521	1.6415	5.0939	4
50.2	16.5176	1.2349	5.0936	4
50.25	16.5145	1.2676	5.0919	4
50.3	16.5114	1.7437	5.0857	4
50.35	16.5079	1.0982	5.1062	4
50.4	16.5058	1.2271	5.1045	4
50.45	16.502	1.6429	5.0951	4
50.5	16.4983	1.4287	5.0898	4
50.55	16.4955	1.1969	5.0776	4
50.6	16.4919	1.5505	5.0819	4
50.65	16.4886	1.3321	5.0752	4
50.7	16.4851	1.4468	5.0826	4
50.75	16.4819	1.3788	5.0948	4
50.8	16.4788	1.5107	5.0771	4
50.85	16.4752	1.2734	5.0749	4
50.9	16.4721	1.407	5.0725	4
50.95	16.4687	1.5569	5.0704	4
51	16.4655	1.2121	5.0701	4
51.05	16.4625	1.3475	5.07	4
51.1	16.4586	1.6478	5.0757	4
51.15	16.4552	1.1497	5.0847	4
51.2	16.4524	1.2729	5.0742	4
51.25	16.4493	1.5072	5.0695	4
51.3	16.4457	1.4587	5.0786	4
51.35	16.443	1.1066	5.083	4
51.4	16.4395	1.576	5.101	4
51.45	16.436	1.4179	5.0936	4
51.5	16.4332	1.1205	5.0934	4
51.55	16.4302	1.3348	5.0924	4
51.6	16.427	1.4501	5.0978	4
51.65	16.4236	1.3484	5.0997	4
51.7	16.4209	1.2977	5.0872	4
51.75	16.4174	1.4551	5.0763	4
51.8	16.4139	1.4477	5.0719	4
51.85	16.4109	1.0515	5.0815	4
51.9	16.4075	1.7626	5.0868	4
51.95	16.4037	1.2297	5.0722	4
52	16.401	1.1042	5.0743	4
52.05	16.3979	1.5184	5.0922	4
52.1	16.3949	1.0935	5.0945	4
52.15	16.3916	1.708	5.104	4
52.2	16.3883	1.1023	5.0945	4
52.25	16.3847	1.4629	5.0867	4
52.3	16.3817	1.4379	5.0982	4
52.35	16.3786	0.9888	5.1105	4
52.4	16.3758	1.5527	5.1076	4
52.45	16.3722	1.4009	5.109	4
52.5	16.3691	1.2197	5.1169	4
52.55	16.3662	1.4472	5.1051	4
52.6	16.3623	1.46	5.0998	4
52.65	16.3593	1.2996	5.1007	4
52.7	16.3571	0.9399	5.1	4
52.75	16.3533	1.7037	5.1019	4
52.8	16.3504	1.0391	5.091	4
52.85	16.3483	0.8359	5.0928	4
52.9	16.3455	1.4694	5.1062	4
52.95	16.3414	1.7331	5.1136	4
53	16.3386	0.9749	5.1097	4
53.05	16.3367	1.1154	5.1052	4
53.1	16.3323	1.9349	5.1008	4
53.15	16.3291	0.8734	5.1062	4
53.2	16.3269	0.9841	5.1064	4
53.25	16.3224	2.3096	5.0897	4
53.3	16.3199	0.63	5.0869	4
53.35	16.3176	1.328	5.0914	4
53.4	16.3136	1.8091	5.0804	4
53.45	16.3103	0.9579	5.089	4
53.5	16.3083	1.0284	5.1024	4
53.55	16.305	1.5808	5.0937	4
53.6	16.3017	1.1577	5.0957	4
53.65	16.2993	1.0084	5.1146	4
53.7	16.2962	1.3852	5.0926	4
53.75	16.2928	1.2862	5.0886	4
53.8	16.2904	0.9473	5.1043	4
53.85	16.2878	1.4173	5.0996	4
53.9	16.2849	1.0723	5.1141	4
53.95	16.2824	1.1923	5.1069	4
54	16.2794	1.2332	5.1008	4
54.05	16.2764	1.3838	5.1167	4
54.1	16.2733	1.2741	5.1346	4
54.15	16.2696	1.4561	5.1457	4
54.2	16.2669	0.9224	5.1423	4
54.25	16.2641	1.558	5.1067	4
54.3	16.2608	1.1925	5.0916	4
54.35	16.2578	1.2874	5.1005	4
54.4	16.2546	1.2555	5.1017	4
54.45	16.2514	1.1292	5.0912	4
54.5	16.2479	1.6114	5.0828	4
54.55	16.245	0.9437	5.0834	4
54.6	16.2424	1.1693	5.085	4
54.65	16.2392	1.4641	5.0861	4
54.7	16.2359	1.4307	5.0956	4
54.75	16.2337	0.9612	5.0998	4
54.8	16.23	1.5886	5.0927	4
54.85	16.2267	1.415	5.0892	4
54.9	16.2239	0.9629	5.0844	4
54.95	16.2206	1.5225	5.087	4
55	16.2171	1.3826	5.0989	4
55.05	16.2144	1.15	5.1093	4
55.1	16.211	1.6485	5.1029	4
55.15	16.2079	1.1611	5.0886	4
55.2	16.205	1.4989	5.1086	4
55.25	16.2017	1.1746	5.1218	4
55.3	16.1986	1.5331	5.1226	4
55.35	16.1952	1.3757	5.1181	4
55.4	16.192	1.3442	5.1123	4
55.45	16.1891	1.374	5.1345	4
55.5	16.1851	1.5225	5.1395	4
55.55	16.1823	1.2845	5.116	4
55.6	16.1794	1.2317	5.1127	4
55.65	16.1756	1.7169	5.0992	4
55.7	16.1724	1.0732	5.0901	4
55.75	16.1694	1.1783	5.1051	4
55.8	16.1666	1.3548	5.1064	4
55.85	16.1631	1.4977	5.1022	4
55.9	16.1603	1.1156	5.095	4
55.95	16.158	1.0538	5.1005	4
56	16.1548	1.581	5.0903	4
56.05	16.1516	0.9565	5.0938	4
56.1	16.1493	1.0123	5.1163	4
56.15	16.1457	1.6334	5.1156	4
56.2	16.1428	1.0135	5.1273	4
56.25	16.1409	0.9916	5.117	4
56.3	16.1378	1.4921	5.0981	4
56.35	16.1344	1.1788	5.1054	4
56.4	16.1318	0.9953	5.1067	4
56.45	16.1292	1.0303	5.1126	4
56.5	16.1264	1.4095	5.1144	4
56.55	16.1227	1.2169	5.1119	4
56.6	16.1209	0.7843	5.1166	4
56.65	16.1179	1.424	5.1108	4
56.7	16.1141	1.5432	5.1039	4
56.75	16.112	0.5952	5.0995	4
56.8	16.1096	1.55	5.0995	4
56.85	16.1053	1.465	5.099	4
56.9	16.1033	0.8518	5.093	4
56.95	16.1011	0.9061	5.1007	4
57	16.098	1.6421	5.096	4
57.05	16.0944	1.0482	5.1045	4
57.1	16.0932	0.4269	5.102	4
57.15	16.0898	2.0059	5.0795	4
57.2	16.0861	0.9577	5.0724	4
57.25	16.0844	0.6201	5.0799	4
57.3	16.0822	1.4467	5.0842	4
57.35	16.0786	1.4599	5.079	4
57.4	16.0763	0.635	5.0759	4
57.45	16.0741	1.1585	5.074	4
57.5	16.0705	1.52	5.0824	4
57.55	16.0676	0.8841	5.0805	4
57.6	16.0659	0.8223	5.0896	4
57.65	16.0624	1.5993	5.0892	4
57.7	16.0594	0.9273	5.082	4
57.75	16.0578	0.7599	5.0926	4
57.8	16.0552	1.4086	5.0936	4
57.85	16.0523	1.0204	5.0865	4
57.9	16.0496	0.8301	5.0784	4
57.95	16.0477	1.0887	5.0811	4
58	16.0449	1.2312	5.0861	4
58.05	16.0429	0.6663	5.0881	4
58.1	16.0404	1.3316	5.0819	4
58.15	16.0367	1.34	5.0947	4
58.2	16.035	0.3774	5.0941	4
58.25	16.033	1.244	5.0948	4
58.3	16.0297	1.4767	5.0799	4
58.35	16.0273	0.6182	5.0646	4
58.4	16.0251	1.194	5.0805	4
58.45	16.0218	1.3452	5.0934	4
58.5	16.019	1.0162	5.0994	4
58.55	16.017	0.7068	5.106	4
58.6	16.0138	1.3985	5.1143	4
58.65	16.0109	1.1621	5.1145	4
58.7	16.009	0.648	5.0996	4
58.75	16.0063	1.4051	5.0992	4
58.8	16.0031	1.3455	5.115	4
58.85	16.0006	0.8373	5.1216	4
58.9	15.9986	1.1044	5.1291	4
58.95	15.9952	1.4462	5.1135	4
59	15.9923	1.0468	5.1086	4
59.05	15.9905	0.7956	5.0965	4
59.1	15.9876	1.4493	5.0895	4
59.15	15.9842	1.262	5.0956	4
59.2	15.9817	0.9955	5.0806	4
59.25	15.9788	1.3366	5.0761	4
59.3	15.976	1.2078	5.0902	4
59.35	15.9727	1.2938	5.0851	4
59.4	15.9702	0.9417	5.0828	4
59.45	15.9677	1.2636	5.0881	4
59.5	15.9643	1.3938	5.1012	4
59.55	15.9626	0.4589	5.0972	4
59.6	15.9598	1.6174	5.0785	4
59.65	15.9557	1.2571	5.0809	4
59.7	15.9543	0.4781	5.0858	4
59.75	15.9517	1.4499	5.0735	4
59.8	15.948	1.4742	5.0755	4
59.85	15.9458	0.6072	5.0834	4
59.9	15.9437	1.0275	5.0686	4
59.95	15.9404	1.5951	5.0686	4
60	15.9374	0.9173	5.0803	4
60.05	15.9354	0.9687	5.0914	4
60.1	15.9328	1.2444	5.0792	4
60.15	15.9293	1.4678	5.0751	4
60.2	15.9273	0.5758	5.0607	4
60.25	15.9253	1.094	5.0824	4
60.3	15.9217	1.5226	5.0822	4
60.35	15.9194	0.5649	5.0638	4
60.4	15.917	1.1616	5.0823	4
60.45	15.9138	1.2765	5.0873	4
60.5	15.9114	0.8671	5.0845	4
60.55	15.9092	1.0265	5.0923	4
60.6	15.9063	1.2311	5.0899	4
60.65	15.9034	1.1258	5.0684	4
60.7	15.9013	0.7956	5.0593	4
60.75	15.8993	1.0484	5.06	4
60.8	15.8956	1.7266	5.0645	4
60.85	15.8937	0.4852	5.0669	4
60.9	15.8918	0.8984	5.0591	4
60.95	15.8887	1.6617	5.065	4
61	15.8857	0.6331	5.0566	4
61.05	15.8838	0.9198	5.0572	4
61.1	15.8808	1.4508	5.0781	4
61.15	15.8783	0.9873	5.08	4
61.2	15.876	0.9527	5.0759	4
61.25	15.8739	0.8196	5.0728	4
61.3	15.8704	1.8357	5.0865	4
61.35	15.8676	0.6357	5.0751	4
61.4	15.8662	0.8057	5.0601	4
61.45	15.8635	1.3307	5.0786	4
61.5	15.86	1.2491	5.0647	4
61.55	15.8586	0.4192	5.057	4
61.6	15.8554	1.6335	5.0607	4
61.65	15.8527	0.9459	5.0649	4
61.7	15.8507	0.6492	5.07	4
61.75	15.8481	1.4203	5.0683	4
61.8	15.8451	1.0403	5.0698	4
61.85	15.8429	0.8511	5.089	4
61.9	15.841	0.9371	5.0722	4
61.95	15.838	1.2859	5.0767	4
62	15.8355	1.0786	5.0983	4
62.05	15.8333	0.4809	5.0932	4
62.1	15.8308	1.5453	5.0887	4
62.15	15.8275	1.107	5.0845	4
62.2	15.8255	0.7107	5.0901	4
62.25	15.8234	1.0958	5.0911	4
62.3	15.8203	1.2951	5.1072	4
62.35	15.8182	0.6777	5.127	4
62.4	15.8161	1.0865	5.105	4
62.45	15.8126	1.2723	5.1008	4
62.5	15.8102	0.7701	5.1075	4
62.55	15.8083	0.9607	5.1185	4
62.6	15.8057	1.2509	5.1186	4
62.65	15.8034	0.7404	5.1066	4
62.7	15.8013	1.0009	5.0984	4
62.75	15.7982	1.3258	5.1027	4
62.8	15.7959	0.7426	5.1044	4
62.85	15.7943	0.8914	5.1065	4
62.9	15.7911	1.3065	5.1011	4
62.95	15.7881	1.1712	5.101	4
63	15.7864	0.5624	5.107	4
63.05	15.7841	1.1893	5.1034	4
63.1	15.7812	1.1022	5.0976	4
63.15	15.7791	0.7762	5.0827	4
63.2	15.7772	0.8902	5.0931	4
63.25	15.7743	1.3995	5.1001	4
63.3	15.7713	0.945	5.085	4
63.35	15.77	0.5447	5.0909	4
63.4	15.7674	1.2977	5.0943	4
63.45	15.7651	0.863	5.0965	4
63.5	15.7629	0.7355	5.0925	4
63.55	15.7609	1.0975	5.0876	4
63.6	15.758	1.0599	5.095	4
63.65	15.7562	0.7279	5.0867	4
63.7	15.7541	0.8405	5.0733	4
63.75	15.7516	1.2915	5.0951	4
63.8	15.749	0.7166	5.1099	4
63.85	15.7477	0.5274	5.1094	4
63.9	15.7451	1.2881	5.0937	4
63.95	15.7426	0.8727	5.088	4
64	15.7411	0.5417	5.0866	4
64.05	15.7394	1.0105	5.0902	4
64.1	15.7364	1.0958	5.0988	4
64.15	15.7347	0.5735	5.0927	4
64.2	15.733	0.8	5.0952	4
64.25	15.73	1.193	5.1108	4
64.3	15.7278	0.6314	5.1089	4
64.35	15.7264	0.639	5.1134	4
64.4	15.7238	1.2438	5.1123	4
64.45	15.7219	0.3135	5.1122	4
64.5	15.7206	0.6641	5.1194	4
64.55	15.7181	1.1415	5.1044	4
64.6	15.7158	0.6142	5.0995	4
64.65	15.7148	0.3993	5.0984	4
64.7	15.7132	0.8557	5.0848	4
64.75	15.7109	1.06	5.095	4
64.8	15.7097	0.264	5.0927	4
64.85	15.7081	0.7228	5.0853	4
64.9	15.706	0.8117	5.0991	4
64.95	15.7041	0.5463	5.1061	4
65	15.703	0.4753	5.103	4
65.05	15.7011	0.7521	5.1059	4
65.1	15.699	0.9476	5.1109	4
65.15	15.6978	0.1364	5.1099	4
65.2	15.6968	0.7039	5.0987	4
65.25	15.6947	0.854	5.1114	4
65.3	15.6931	0.2967	5.1134	4
65.35	15.692	0.5334	5.1088	4
65.4	15.6905	0.4188	5.1029	4
65.45	15.6887	0.7009	5.0974	4
65.5	15.6876	0.4199	5.098	4
65.55	15.6863	0.5246	5.08	4
65.6	15.6848	0.6227	5.0675	4
65.65	15.6842	0.002	5.0784	4
65.7	15.683	0.6582	5.0885	4
65.75	15.6818	0.2963	5.0925	4
65.8	15.681	0.2902	5.0941	4
65.85	15.6799	0.6357	5.0899	4
65.9	15.6782	0.2606	5.0833	4
65.95	15.6774	0.4334	5.0829	4
66	15.6764	0.237	5.106	4
66.05	15.6752	0.4971	5.1217	4
66.1	15.6746	0.3884	5.1166	4
66.15	15.6739	0.0805	5.1061	4
66.2	15.6723	0.8393	5.0964	4
66.25	15.6716	-0.2697	5.0992	4
66.3	15.6709	0.7501	5.112	4
66.35	15.67	0.1725	5.11	4
66.4	15.6689	0.5244	5.096	4
66.45	15.6691	-0.3576	5.0807	4
66.5	15.6678	0.9418	5.0872	4
66.55	15.6663	-0.0057	5.0913	4
66.6	15.6661	0.0232	5.0771	4
66.65	15.6649	0.4885	5.0908	4
66.7	15.6639	0.451	5.0931	4
66.75	15.664	-0.509	5.0856	4
66.8	15.6634	0.9991	5.0931	4
66.85	15.6621	-0.1262	5.0951	4
66.9	15.6621	0.2041	5.102	4
66.95	15.6612	0.1358	5.102	4
67	15.6604	0.4045	5.0903	4
67.05	15.66	-0.1593	5.1028	4
67.1	15.6594	0.3378	5.0983	4
67.15	15.6588	0.0935	5.0752	4
67.2	15.6584	0.1272	5.0897	4
67.25	15.6575	0.3735	5.0976	4
67.3	15.657	0.0618	5.099	4
67.35	15.6561	0.4742	5.1033	4
67.4	15.6562	-0.2031	5.094	4
67.45	15.6553	0.3152	5.1045	4
67.5	15.655	0.1231	5.1222	4
67.55	15.6539	0.2383	5.1262	4
67.6	15.654	-0.0399	5.1069	4
67.65	15.6529	0.4002	5.0958	4
67.7	15.6525	0.0107	5.1072	4
67.75	15.6523	0.1316	5.0876	4
67.8	15.6519	-0.1087	5.0867	4
67.85	15.6514	0.4792	5.1066	4
67.9	15.651	-0.2871	5.103	4
67.95	15.6505	0.4413	5.0971	4
68	15.65	0.0063	5.081	4
68.05	15.6496	0.0545	5.085	4
68.1	15.6494	0.0357	5.0935	4
68.15	15.6487	0.2071	5.0934	4
68.2	15.6488	-0.3476	5.1028	4
68.25	15.6486	0.5322	5.0992	4
68.3	15.6476	-0.0413	5.0945	4
68.35	15.648	-0.0359	5.0877	4
68.4	15.6476	0.0949	5.0926	4
68.45	15.6463	0.5849	5.1105	4
68.5	15.6465	-0.5213	5.1169	4
68.55	15.6467	0.0964	5.1014	4
68.6	15.6454	0.5027	5.0869	4
68.65	15.6456	-0.3116	5.1052	4
68.7	15.6451	0.2548	5.1141	4
68.75	15.6442	0.4023	5.1218	4
68.8	15.6439	-0.2881	5.1262	4
68.85	15.6439	0.3519	5.1171	4
68.9	15.6427	0.129	5.1155	4
68.95	15.6427	-0.0969	5.1211	4
69	15.6427	0.0154	5.1029	4
69.05	15.6418	0.3789	5.0867	4
69.1	15.6416	-0.1008	5.0856	4
69.15	15.6414	0.1623	5.0949	4
69.2	15.6406	0.3761	5.101	4
69.25	15.6404	-0.2783	5.1064	4
69.3	15.6399	0.4838	5.113	4
69.35	15.6392	-0.0215	5.1218	4
69.4	15.6388	0.0752	5.1073	4
69.45	15.6383	0.4562	5.1083	4
69.5	15.6377	-0.1015	5.1043	4
69.55	15.6377	0.3096	5.0946	4
69.6	15.6371	0.2081	5.0862	4
69.65	15.6364	0.1096	5.0968	4
69.7	15.6365	0.0114	5.1033	4
69.75	15.6354	0.4549	5.1171	4
69.8	15.6352	-0.1337	5.1163	4
69.85	15.6351	0.1835	5.1166	4
69.9	15.6337	0.3993	5.1077	4
69.95	15.6332	0.172	5.0888	4
70	15.633	-0.0817	5.0812	4
70.05	15.6317	0.5751	5.0991	4
70.1	15.6319	-0.2525	5.1174	4
70.15	15.6312	0.3815	5.1036	4
70.2	15.6308	0.1618	5.0966	4
70.25	15.6301	-0.0178	5.1064	4
70.3	15.6301	0.3066	5.1075	4
70.35	15.6296	-0.1139	5.1173	4
70.4	15.6287	0.676	5.1149	4
70.45	15.6281	0.0328	5.1175	4
70.5	15.628	-0.0207	5.1209	4
70.55	15.627	0.6376	5.1207	4
70.6	15.6262	-0.0383	5.1328	4
70.65	15.6265	-0.1524	5.1408	4
70.7	15.6256	0.7544	5.1255	4
70.75	15.6247	-0.1023	5.1194	4
70.8	15.6252	0.203	5.1324	4
70.85	15.6243	0.1358	5.139	4
70.9	15.6233	0.4392	5.1203	4
70.95	15.623	-0.1776	5.1277	4
71	15.6225	0.3822	5.1235	4
71.05	15.6221	0.1811	5.1177	4
71.1	15.6218	-0.0869	5.0997	4
71.15	15.6211	0.3885	5.1099	4
71.2	15.6208	-0.0568	5.1104	4
71.25	15.6212	-0.1658	5.1137	4
71.3	15.6204	0.5075	5.1169	4
71.35	15.6199	-0.2078	5.1099	4
71.4	15.6198	0.2553	5.1085	4
71.45	15.619	0.2504	5.1098	4
71.5	15.6187	-0.0709	5.131	4
71.55	15.6186	0.1124	5.1362	4
71.6	15.6179	0.1698	5.1248	4
71.65	15.6176	0.0479	5.1286	4
71.7	15.6171	0.2087	5.1313	4
71.75	15.617	-0.1884	5.1318	4
71.8	15.617	0.2974	5.1343	4
71.85	15.6161	0.1959	5.1214	4
71.9	15.6161	-0.1442	5.1118	4
71.95	15.6162	0.1883	5.1001	4
72	15.6151	0.2639	5.1028	4
72.05	15.6149	0.1271	5.1057	4
72.1	15.615	-0.1493	5.0958	4
72.15	15.6148	0.2112	5.0961	4
72.2	15.6142	0.2692	5.0894	4
72.25	15.6139	-0.2243	5.0921	4
72.3	15.6142	0.1389	5.0995	4
72.35	15.6131	0.3168	5.0948	4
72.4	15.6127	-0.0605	5.1017	4
72.45	15.613	-0.0633	5.1052	4
72.5	15.6122	0.452	5.1175	4
72.55	15.6116	-0.0596	5.1075	4
72.6	15.6114	0.0539	5.1067	4
72.65	15.6105	0.5387	5.1163	4
72.7	15.6102	-0.2027	5.114	4
72.75	15.6106	0.0764	5.0964	4
72.8	15.6097	0.1211	5.0861	4
72.85	15.6096	0.012	5.0821	4
72.9	15.6094	0.1209	5.1008	4
72.95	15.6086	0.3062	5.1169	4
73	15.6085	-0.0959	5.1173	4
73.05	15.608	0.3251	5.1034	4
73.1	15.6077	-0.1294	5.0742	4
73.15	15.6073	0.2205	5.0806	4
73.2	15.6066	0.2139	5.0977	4
73.25	15.6066	-0.0412	5.0927	4
73.3	15.6062	0.4127	5.1088	4
73.35	15.6057	-0.1386	5.0934	4
73.4	15.6055	0.1754	5.0789	4
73.45	15.6047	0.319	5.0894	4
73.5	15.6044	0.0252	5.085	4
73.55	15.6043	0.1846	5.0831	4
73.6	15.6033	0.4768	5.097	4
73.65	15.603	-0.1875	5.0889	4
73.7	15.6023	0.5185	5.0912	4
73.75	15.6012	0.1579	5.0784	4
73.8	15.601	0.2504	5.0849	4
73.85	15.6001	0.2567	5.1005	4
73.9	15.5996	0.2258	5.1035	4
73.95	15.5993	0.1584	5.0965	4
74	15.5992	0.1343	5.0772	4
74.05	15.5984	0.2575	5.0912	4
74.1	15.5975	0.4293	5.1032	4
74.15	15.5965	0.2208	5.1107	4
74.2	15.5963	0.4125	5.1182	4
74.25	15.5948	0.3862	5.1289	4
74.3	15.5943	0.2855	5.131	4
74.35	15.5938	0.1853	5.1087	4
74.4	15.5928	0.5103	5.0974	4
74.45	15.5923	0.0432	5.1109	4
74.5	15.5919	0.1976	5.1122	4
74.55	15.591	0.459	5.1003	4
74.6	15.5908	-0.0922	5.1082	4
74.65	15.5907	0.2629	5.1082	4
74.7	15.5897	0.3655	5.115	4
74.75	15.5893	-0.0955	5.0976	4
74.8	15.5894	0.0848	5.0882	4
74.85	15.5887	0.4016	5.0873	4
74.9	15.5878	0.2181	5.1029	4
74.95	15.5874	0.0797	5.1191	4
75	15.5866	0.5516	5.108	4
75.05	15.5858	0.1213	5.0992	4
75.1	15.5854	0.2086	5.0834	4
75.15	15.5847	0.2644	5.0875	4
75.2	15.5839	0.2087	5.1049	4
75.25	15.5832	0.4249	5.0919	4
75.3	15.5832	-0.1563	5.0708	4
75.35	15.5822	0.668	5.0815	4
75.4	15.581	0.2448	5.076	4
75.45	15.5812	-0.2077	5.0724	4
75.5	15.5805	0.601	5.0776	4
75.55	15.579	0.4398	5.0971	4
75.6	15.5791	-0.0066	5.1057	4
75.65	15.5787	-0.0043	5.1027	4
75.7	15.5779	0.7501	5.1064	4
75.75	15.5766	0.0753	5.1044	4
75.8	15.5766	0.1977	5.0991	4
75.85	15.5756	0.4773	5.122	4
75.9	15.5743	0.4946	5.1209	4
75.95	15.5735	0.0808	5.1159	4
76	15.5734	-0.0031	5.12	4
76.05	15.5719	1.0191	5.1164	4
76.1	15.5708	0.1249	5.1041	4
76.15	15.5709	-0.0204	5.0851	4
76.2	15.57	0.6184	5.0725	4
76.25	15.5684	0.5878	5.0778	4
76.3	15.5687	-0.2869	5.105	4
76.35	15.5683	0.3226	5.1171	4
76.4	15.5664	0.7328	5.0897	4
76.45	15.566	-0.1868	5.0858	4
76.5	15.5661	0.1112	5.0936	4
76.55	15.5647	0.9099	5.1098	4
76.6	15.5635	-0.065	5.1182	4
76.65	15.5642	-0.3008	5.1077	4
76.7	15.5631	0.8216	5.0907	4
76.75	15.5617	0.2334	5.0806	4
76.8	15.5621	-0.3511	5.0702	4
76.85	15.5622	0.5197	5.0859	4
76.9	15.5603	0.6002	5.0954	4
76.95	15.5604	-0.4788	5.098	4
77	15.5604	0.3605	5.101	4
77.05	15.5589	0.4455	5.0767	4
77.1	15.5586	-0.1503	5.0644	4
77.15	15.5589	-0.1087	5.0773	4
77.2	15.5579	0.6952	5.0885	4
77.25	15.557	-0.122	5.0909	4
77.3	15.5575	-0.2212	5.0787	4
77.35	15.5567	0.6033	5.0801	4
77.4	15.5561	-0.0025	5.0988	4
77.45	15.5567	-0.3328	5.1129	4
77.5	15.5564	0.4644	5.123	4
77.55	15.5556	-0.1449	5.1001	4
77.6	15.556	0.0428	5.0997	4
77.65	15.5554	0.1429	5.1152	4
77.7	15.5552	0.0322	5.1224	4
77.75	15.555	0.0191	5.1392	4
77.8	15.5547	-0.0239	5.1261	4
77.85	15.5546	0.0327	5.1117	4
77.9	15.555	-0.0387	5.1198	4
77.95	15.5545	0.2008	5.1265	4
78	15.5548	-0.2774	5.1252	4
78.05	15.5549	-0.046	5.1165	4
78.1	15.5546	0.1968	5.1007	4
78.15	15.5548	-0.3123	5.0972	4
78.2	15.555	-0.075	5.0922	4
78.25	15.5549	0.2147	5.0862	4
78.3	15.5543	-0.0269	5.0943	4
78.35	15.5548	-0.2411	5.103	4
78.4	15.5552	-0.0915	5.1029	4
78.45	15.5546	0.3259	5.0912	4
78.5	15.5547	-0.491	5.1095	4
78.55	15.5553	-0.1642	5.126	4
78.6	15.5548	0.2794	5.1118	4
78.65	15.5548	-0.1924	5.1047	4
78.7	15.5561	-0.695	5.0975	4
78.75	15.5555	0.8178	5.0979	4
78.8	15.5544	-0.3701	5.1032	4
78.85	15.5559	-0.495	5.1048	4
78.9	15.5558	0.4754	5.1013	4
78.95	15.555	0.0954	5.0954	4
79	15.5562	-0.8045	5.1069	4
79.05	15.5568	0.0384	5.1042	4
79.1	15.5555	0.554	5.1061	4
79.15	15.5559	-0.5519	5.117	4
79.2	15.5568	-0.3285	5.0967	4
79.25	15.5557	0.7018	5.0916	4
79.3	15.5551	-0.331	5.1093	4
79.35	15.5565	-0.612	5.104	4
79.4	15.5565	0.3908	5.1069	4
79.45	15.5552	0.2023	5.1046	4
79.5	15.5568	-1.0479	5.1091	4
79.55	15.5575	0.2086	5.1075	4
79.6	15.5563	0.5246	5.1019	4
79.65	15.557	-0.8565	5.1194	4
79.7	15.5589	-0.446	5.129	4
79.75	15.5581	0.5338	5.1173	4
79.8	15.5573	-0.1022	5.1148	4
79.85	15.5595	-1.218	5.1093	4
79.9	15.5597	0.5831	5.105	4
79.95	15.558	0.3882	5.1035	4
80	15.5594	-1.4668	5.1031	4
80.05	15.5612	0.0035	5.1107	4
80.1	15.5597	0.4382	5.093	4
80.15	15.5607	-0.9091	5.0847	4
80.2	15.5627	-0.6611	5.1108	4
80.25	15.5621	0.4791	5.1094	4
80.3	15.5618	-0.2955	5.0915	4
80.35	15.5638	-1.1381	5.0971	4
80.4	15.5647	0.029	5.1093	4
80.45	15.5639	0.2649	5.1112	4
80.5	15.5653	-1.0078	5.0969	4
80.55	15.5672	-0.5736	5.0958	4
80.6	15.5663	0.622	5.1153	4
80.65	15.566	-0.5135	5.1124	4
80.7	15.5681	-0.9692	5.105	4
80.75	15.5681	0.4164	5.1036	4
80.8	15.5673	0.0643	5.1198	4
80.85	15.5691	-1.0869	5.1322	4
80.9	15.5702	-0.025	5.1222	4
80.95	15.5691	0.2363	5.1082	4
81	15.5702	-0.8397	5.1135	4
81.05	15.5718	-0.4001	5.1171	4
81.1	15.5711	0.2632	5.1057	4
81.15	15.571	-0.4656	5.1005	4
81.2	15.5731	-1.0118	5.1028	4
81.25	15.5736	0.1371	5.1142	4
81.3	15.5731	-0.215	5.1256	4
81.35	15.5745	-0.7979	5.1216	4
81.4	15.5756	-0.2278	5.1004	4
81.45	15.5754	0.0958	5.0938	4
81.5	15.5764	-0.7829	5.1053	4
81.55	15.578	-0.4876	5.1201	4
81.6	15.579	-0.312	5.139	4
81.65	15.5795	-0.449	5.1362	4
81.7	15.5811	-0.8356	5.1276	4
81.75	15.5823	-0.6772	5.1113	4
81.8	15.5831	-0.1287	5.0821	4
81.85	15.5844	-1.0423	5.0941	4
81.9	15.5868	-0.7975	5.103	4
81.95	15.5877	-0.1892	5.1115	4
82	15.5883	-0.8072	5.1135	4
82.05	15.5904	-1.0396	5.1111	4
82.1	15.5917	-0.3712	5.1127	4
82.15	15.5925	-0.4536	5.12	4
82.2	15.594	-0.9057	5.1017	4
82.25	15.5957	-0.8439	5.0906	4
82.3	15.597	-0.2542	5.1145	4
82.35	15.5975	-0.7753	5.1145	4
82.4	15.5992	-0.756	5.1121	4
82.45	15.6005	-0.6073	5.1016	4
82.5	15.6011	-0.1672	5.0845	4
82.55	15.6024	-0.9495	5.1021	4
82.6	15.604	-0.3975	5.1076	4
82.65	15.6045	-0.3035	5.1003	4
82.7	15.6053	-0.6066	5.1078	4
82.75	15.6069	-0.6911	5.103	4
82.8	15.6081	-0.3199	5.0949	4
82.85	15.6082	-0.2343	5.1042	4
82.9	15.61	-1.0893	5.1135	4
82.95	15.6115	-0.4868	5.1092	4
83	15.6115	0.0162	5.1111	4
83.05	15.6123	-1.0146	5.0989	4
83.1	15.6143	-0.5235	5.0917	4
83.15	15.6144	-0.1207	5.1031	4
83.2	15.6157	-0.6969	5.1006	4
83.25	15.6175	-0.6967	5.102	4
83.3	15.6178	0.016	5.0865	4
83.35	15.6186	-0.7047	5.0915	4
83.4	15.6202	-0.7289	5.1	4
83.45	15.6212	-0.2799	5.0909	4
83.5	15.6221	-0.5603	5.098	4
83.55	15.6233	-0.4046	5.1057	4
83.6	15.6241	-0.4986	5.1126	4
83.65	15.6241	0.0252	5.1169	4
83.7	15.6246	-0.5386	5.1183	4
83.75	15.6257	-0.4598	5.1252	4
83.8	15.6261	-0.0367	5.1092	4
83.85	15.6268	-0.5196	5.1056	4
83.9	15.6283	-0.6526	5.1243	4
83.95	15.6288	0.1235	5.1233	4
84	15.6287	-0.3493	5.1294	4
84.05	15.63	-0.5241	5.1224	4
84.1	15.6303	-0.0104	5.1198	4
84.15	15.6304	-0.2592	5.1232	4
84.2	15.6313	-0.2869	5.1359	4
84.25	15.6321	-0.3401	5.1386	4
84.3	15.6322	-0.1105	5.1172	4
84.35	15.6326	-0.2829	5.1166	4
84.4	15.6334	-0.4355	5.1107	4
84.45	15.6342	-0.3555	5.0966	4
84.5	15.6347	-0.1253	5.1039	4
84.55	15.6353	-0.3332	5.0915	4
84.6	15.6363	-0.3786	5.1065	4
84.65	15.6364	-0.0145	5.1243	4
84.7	15.6362	-0.0088	5.1217	4
84.75	15.6367	-0.4027	5.117	4
84.8	15.6372	-0.0993	5.1164	4
84.85	15.6373	0.0037	5.1085	4
84.9	15.6376	-0.3071	5.0999	4
84.95	15.6382	-0.0717	5.1023	4
85	15.638	0.0811	5.1187	4
85.05	15.6383	-0.261	5.1168	4
85.1	15.6384	-0.0826	5.1131	4
85.15	15.6384	0.0487	5.1294	4
85.2	15.6386	-0.3084	5.1155	4
85.25	15.639	-0.0697	5.1065	4
85.3	15.6391	0.0942	5.1092	4
85.35	15.6392	-0.2595	5.1104	4
85.4	15.64	-0.0953	5.1035	4
85.45	15.6399	-0.2632	5.1023	4
85.5	15.64	0.1241	5.116	4
85.55	15.6405	-0.3191	5.1099	4
85.6	15.6407	-0.0871	5.1072	4
85.65	15.6409	-0.0994	5.1226	4
85.7	15.6411	-0.2443	5.1144	4
85.75	15.642	-0.1019	5.1058	4
85.8	15.6419	-0.1427	5.1008	4
85.85	15.6421	-0.0611	5.113	4
85.9	15.6426	-0.2055	5.1355	4
85.95	15.6427	-0.1074	5.1349	4
86	15.6428	-0.1098	5.1223	4
86.05	15.6434	-0.3419	5.1304	4
86.1	15.6433	0.1017	5.1411	4
86.15	15.6434	-0.1471	5.1492	4
86.2	15.644	-0.2575	5.1383	4
86.25	15.644	0.2279	5.1307	4
86.3	15.6438	-0.2427	5.1213	4
86.35	15.6444	-0.1889	5.1144	4
86.4	15.6442	0.1452	5.1119	4
86.45	15.6443	-0.144	5.1118	4
86.5	15.6447	-0.0001	5.1162	4
86.55	15.6445	0.0292	5.1084	4
86.6	15.6447	-0.1613	5.1027	4
86.65	15.6445	-0.033	5.1083	4
86.7	15.645	-0.2747	5.104	4
86.75	15.645	-0.0003	5.1115	4
86.8	15.6454	-0.2143	5.1245	4
86.85	15.6461	-0.2978	5.1034	4
86.9	15.6461	0.1356	5.0999	4
86.95	15.6461	-0.0804	5.0976	4
87	15.6468	-0.4692	5.1143	4
87.05	15.647	0.1222	5.1249	4
87.1	15.6474	-0.4312	5.1342	4
87.15	15.6479	-0.2428	5.1321	4
87.2	15.6485	-0.302	5.1293	4
87.25	15.6489	-0.3235	5.1218	4
87.3	15.6495	-0.152	5.1142	4
87.35	15.65	-0.4993	5.0972	4
87.4	15.6509	-0.2379	5.092	4
87.45	15.6519	-0.3988	5.0999	4
87.5	15.6519	-0.3449	5.098	4
87.55	15.6531	-0.291	5.0851	4
87.6	15.6537	-0.4449	5.0928	4
87.65	15.6545	-0.1857	5.1051	4
87.7	15.6553	-0.4367	5.1045	4
87.75	15.6558	-0.1417	5.1057	4
87.8	15.6565	-0.4107	5.1053	4
87.85	15.6573	-0.128	5.0939	4
87.9	15.6575	-0.2225	5.0891	4
87.95	15.6588	-0.5523	5.0909	4
88	15.659	-0.0461	5.0909	4
88.05	15.6596	-0.3258	5.0976	4
88.1	15.6597	-0.314	5.1008	4
88.15	15.6598	0.0793	5.0999	4
88.2	15.6603	-0.3684	5.0928	4
88.25	15.6609	-0.1036	5.0879	4
88.3	15.6609	-0.1638	5.105	4
88.35	15.6613	-0.1445	5.1059	4
88.4	15.6613	-0.126	5.0949	4
88.45	15.662	-0.2533	5.1163	4
88.5	15.6622	-0.1089	5.1142	4
88.55	15.6625	-0.2052	5.1083	4
88.6	15.6627	-0.1098	5.0999	4
88.65	15.6627	-0.0333	5.0804	4
88.7	15.6629	-0.1737	5.0941	4
88.75	15.6633	-0.1432	5.1106	4
88.8	15.6632	0.1012	5.1207	4
88.85	15.6632	-0.1504	5.1254	4
88.9	15.6636	-0.07	5.107	4
88.95	15.6636	0.1272	5.0959	4
89	15.6643	-0.3658	5.0972	4
89.05	15.6646	0.0796	5.1238	4
89.1	15.6644	0.0227	5.1302	4
89.15	15.6642	-0.0106	5.116	4
89.2	15.6641	0.0686	5.129	4
89.25	15.6643	-0.0804	5.131	4
89.3	15.6638	0.4373	5.1228	4
89.35	15.6636	-0.1941	5.1204	4
89.4	15.6635	0.2039	5.1014	4
89.45	15.6634	-0.1813	5.1117	4
89.5	15.6634	0.1259	5.1229	4
89.55	15.6632	0.0438	5.1287	4
89.6	15.6632	-0.1091	5.1409	4
89.65	15.6634	0.1011	5.122	4
89.7	15.6629	0.0679	5.1187	4
89.75	15.6634	-0.2051	5.1197	4
89.8	15.6632	0.1927	5.1108	4
89.85	15.6625	0.0829	5.1175	4
89.9	15.663	-0.1863	5.1146	4
89.95	15.6629	0.0924	5.1108	4
90	15.6626	0.1353	5.125	4
90.05	15.6627	-0.2616	5.1325	4
90.1	15.6629	0.0556	5.1329	4
90.15	15.663	-0.0104	5.1225	4
90.2	15.663	-0.0924	5.1181	4
90.25	15.6631	-0.0246	5.1216	4
90.3	15.663	-0.1236	5.1129	4
90.35	15.6628	0.1715	5.1013	4
90.4	15.6633	-0.3816	5.1037	4
90.45	15.6635	0.0889	5.1119	4
90.5	15.663	0.1259	5.1297	4
90.55	15.6636	-0.4188	5.1332	4
90.6	15.664	0.1823	5.1348	4
90.65	15.6639	-0.1029	5.132	4
90.7	15.6642	-0.255	5.127	4
90.75	15.6646	0.0494	5.1276	4
90.8	15.6641	-0.0251	5.1222	4
90.85	15.6643	0.0174	5.1186	4
90.9	15.6646	-0.4131	5.1218	4
90.95	15.6645	0.1714	5.1166	4
91	15.6647	-0.3485	5.1125	4
91.05	15.6654	-0.2711	5.1114	4
91.1	15.6655	0.2075	5.1159	4
91.15	15.6654	-0.2395	5.1103	4
91.2	15.6659	-0.2013	5.1077	4
91.25	15.6663	-0.211	5.1056	4
91.3	15.6663	-0.1035	5.1001	4
91.35	15.667	-0.3043	5.1014	4
91.4	15.6671	-0.1121	5.1117	4
91.45	15.6673	-0.0276	5.1127	4
91.5	15.6681	-0.5518	5.1036	4
91.55	15.6686	0.0001	5.101	4
91.6	15.6688	-0.1844	5.1151	4
91.65	15.6691	-0.3326	5.1237	4
91.7	15.6696	-0.2676	5.1094	4
91.75	15.6696	-0.0719	5.115	4
91.8	15.67	-0.1783	5.1158	4
91.85	15.6702	-0.1618	5.0999	4
91.9	15.6705	-0.1855	5.1014	4
91.95	15.6709	-0.1818	5.0921	4
92	15.6715	-0.3082	5.0818	4
92.05	15.6715	0.0732	5.0791	4
92.1	15.6715	-0.2208	5.0894	4
92.15	15.6725	-0.4219	5.1038	4
92.2	15.6727	0.042	5.0972	4
92.25	15.6726	-0.2599	5.0935	4
92.3	15.6734	-0.2379	5.0953	4
92.35	15.6739	-0.2788	5.0816	4
92.4	15.6742	-0.1633	5.0877	4
92.45	15.6746	-0.2257	5.1052	4
92.5	15.6752	-0.2868	5.1015	4
92.55	15.676	-0.3011	5.0966	4
92.6	15.6762	0.0564	5.0984	4
92.65	15.6765	-0.2734	5.1017	4
92.7	15.6769	-0.2586	5.0828	4
92.75	15.6772	0.0397	5.0694	4
92.8	15.6771	-0.1368	5.0936	4
92.85	15.6778	-0.248	5.0931	4
92.9	15.6782	-0.1784	5.1052	4
92.95	15.6774	0.1757	5.108	4
93	15.6777	-0.1335	5.0848	4
93.05	15.6782	-0.1448	5.0967	4
93.1	15.6784	0.0439	5.0902	4
93.15	15.6785	-0.1132	5.0836	4
93.2	15.6787	-0.0924	5.0766	4
93.25	15.679	-0.0855	5.0824	4
93.3	15.6789	0.1086	5.0924	4
93.35	15.6785	0.0605	5.0875	4
93.4	15.6792	-0.2553	5.0942	4
93.45	15.6788	0.2331	5.0902	4
93.5	15.6786	0.0544	5.082	4
93.55	15.6789	-0.2556	5.0982	4
93.6	15.6783	0.5315	5.1088	4
93.65	15.6783	-0.4302	5.1004	4
93.7	15.6787	0.2404	5.0979	4
93.75	15.6786	0.1359	5.098	4
93.8	15.6783	-0.0087	5.1079	4
93.85	15.6777	0.2617	5.1121	4
93.9	15.6772	-0.0364	5.0922	4
93.95	15.6767	0.2181	5.0981	4
94	15.6765	0.1394	5.1025	4
94.05	15.6763	-0.1509	5.0993	4
94.1	15.676	0.5173	5.0945	4
94.15	15.6756	-0.0712	5.0914	4
94.2	15.6758	0.0293	5.0857	4
94.25	15.6755	0.163	5.0844	4
94.3	15.6753	0.2132	5.089	4
94.35	15.6751	0.0398	5.0994	4
94.4	15.675	0.1346	5.0888	4
94.45	15.674	0.4053	5.0896	4
94.5	15.6731	0.1811	5.0824	4
94.55	15.6728	0.0391	5.079	4
94.6	15.6729	0.0385	5.0932	4
94.65	15.672	0.6442	5.1	4
94.7	15.6721	-0.4098	5.1055	4
94.75	15.6726	0.2578	5.1043	4
94.8	15.6716	0.4963	5.0967	4
94.85	15.6711	-0.0304	5.0976	4
94.9	15.6712	0.0199	5.1011	4
94.95	15.6702	0.6322	5.1164	4
95	15.6695	0.1124	5.106	4
95.05	15.6693	0.1511	5.1032	4
95.1	15.6689	0.3858	5.1162	4
95.15	15.6678	0.3012	5.0893	4
95.2	15.6676	0.1344	5.0797	4
95.25	15.6671	0.2048	5.0917	4
95.3	15.6659	0.6399	5.0937	4
95.35	15.6655	-0.1792	5.0927	4
95.4	15.6656	0.2651	5.0956	4
95.45	15.6644	0.6596	5.1003	4
95.5	15.664	0.0002	5.1094	4
95.55	15.6639	0.2666	5.0996	4
95.6	15.6624	0.6351	5.1049	4
95.65	15.6616	0.2894	5.0965	4
95.7	15.6614	0.1229	5.1003	4
95.75	15.6603	0.5998	5.1184	4
95.8	15.6596	0.2332	5.1231	4
95.85	15.6578	0.7811	5.1005	4
95.9	15.6573	-0.1024	5.0861	4
95.95	15.6569	0.5711	5.0946	4
96	15.656	0.3759	5.1038	4
96.05	15.6553	0.275	5.1057	4
96.1	15.6549	0.2945	5.1065	4
96.15	15.6535	0.4738	5.0955	4
96.2	15.6531	0.2071	5.0848	4
96.25	15.6521	0.4092	5.0849	4
96.3	15.6513	0.3124	5.087	4
96.35	15.6507	0.4641	5.0894	4
96.4	15.65	0.3759	5.0958	4
96.45	15.649	0.5498	5.1025	4
96.5	15.6482	0.3875	5.1108	4
96.55	15.6473	0.2736	5.0963	4
96.6	15.6463	0.5354	5.0853	4
96.65	15.6451	0.4324	5.0836	4
96.7	15.6442	0.3887	5.0842	4
96.75	15.6439	0.1496	5.0942	4
96.8	15.6431	0.3492	5.0831	4
96.85	15.6422	0.3961	5.0849	4
96.9	15.6416	0.1777	5.0901	4
96.95	15.641	0.3227	5.0913	4
97	15.6403	0.3492	5.0859	4
97.05	15.6394	0.3019	5.0925	4
97.1	15.6389	0.2334	5.1017	4
97.15	15.639	-0.0277	5.1091	4
97.2	15.6381	0.5008	5.0952	4
97.25	15.6378	0.0855	5.0974	4
97.3	15.6371	0.2157	5.0845	4
97.35	15.6363	0.4201	5.0686	4
97.4	15.6356	0.1389	5.0842	4
97.45	15.6351	0.3385	5.0998	4
97.5	15.6346	0.2232	5.1051	4
97.55	15.634	0.1365	5.0961	4
97.6	15.6336	0.236	5.0902	4
97.65	15.6328	0.1133	5.0959	4
97.7	15.6323	0.5071	5.0906	4
97.75	15.6311	0.0721	5.0882	4
97.8	15.6317	0.0207	5.0896	4
97.85	15.631	0.3055	5.0833	4
97.9	15.631	0.2577	5.0824	4
97.95	15.6304	0.1199	5.0769	4
98	15.6299	0.2526	5.0809	4
98.05	15.6292	0.188	5.0825	4
98.1	15.6286	0.0821	5.1003	4
98.15	15.6282	0.3473	5.1089	4
98.2	15.6278	-0.024	5.1094	4
98.25	15.6274	0.3493	5.1171	4
98.3	15.6275	0.0175	5.1006	4
98.35	15.6265	0.353	5.0952	4
98.4	15.6259	0.217	5.1121	4
98.45	15.625	0.1762	5.1029	4
98.5	15.625	0.1767	5.107	4
98.55	15.6248	-0.0679	5.1169	4
98.6	15.6241	0.4154	5.1106	4
98.65	15.6239	0.096	5.1015	4
98.7	15.6235	-0.0101	5.0982	4
98.75	15.6234	0.4755	5.089	4
98.8	15.623	-0.1035	5.1061	4
98.85	15.6228	0.4472	5.1097	4
98.9	15.6225	-0.0241	5.1113	4
98.95	15.6214	0.4953	5.1148	4
99	15.6211	-0.2682	5.0989	4
99.05	15.6212	0.3167	5.0755	4
99.1	15.6201	0.3898	5.0822	4
99.15	15.6201	-0.0295	5.0984	4
99.2	15.6199	0.3286	5.1023	4
99.25	15.6189	0.2776	5.0895	4
99.3	15.6186	0.1178	5.0843	4
99.35	15.6183	0.1511	5.0795	4
99.4	15.6177	0.2994	5.0868	4
99.45	15.6171	0.1515	5.1035	4
99.5	15.6169	0.0918	5.0953	4
99.55	15.6165	0.3309	5.1041	4
99.6	15.6163	0.0271	5.1139	4
99.65	15.616	0.0873	5.1067	4
99.7	15.6153	0.353	5.0952	4
99.75	15.6152	-0.0848	5.105	4
99.8	15.6152	0.2077	5.1042	4
99.85	15.6146	0.2016	5.1005	4
99.9	15.6147	-0.0658	5.0855	4
99.95	15.6148	0.147	5.0801	4
100	15.6142	0.1396	5.092	4
100.05	15.614	-0.1499	5.0944	4
100.1	15.6145	0.0286	5.0918	4
100.15	15.6142	0.2592	5.0868	4
100.2	15.6139	-0.0507	5.088	4
100.25	15.614	-0.113	5.0872	4
100.3	15.6135	0.2753	5.095	4
100.35	15.6135	0.0363	5.0975	4
100.4	15.6134	-0.1269	5.0851	4
100.45	15.6136	0.0781	5.0934	4
100.5	15.6129	0.1961	5.0732	4
100.55	15.6132	-0.2181	5.0692	4
100.6	15.6127	0.4048	5.0825	4
100.65	15.6123	-0.0959	5.0863	4
100.7	15.6126	-0.0494	5.097	4
100.75	15.6122	0.1407	5.093	4
100.8	15.6119	0.2471	5.0903	4
100.85	15.6118	-0.3215	5.1026	4
100.9	15.612	0.3352	5.1109	4
100.95	15.6113	0.0933	5.1146	4
101	15.6111	0.1132	5.1026	4
101.05	15.6112	-0.0293	5.1003	4
101.1	15.6106	0.4458	5.0993	4
101.15	15.6104	-0.0466	5.0976	4
101.2	15.6105	-0.0215	5.1103	4
101.25	15.61	0.3312	5.1045	4
101.3	15.6091	0.317	5.0941	4
101.35	15.6085	0.1732	5.0808	4
101.4	15.6079	0.1925	5.0686	4
101.45	15.6075	0.2404	5.0809	4
101.5	15.6068	0.3081	5.052	4
101.55	15.6068	-0.1129	5.053	4
101.6	15.6057	0.6524	5.0693	4
101.65	15.605	0.2456	5.0752	4
101.7	15.6044	0.251	5.0896	4
101.75	15.6034	0.571	5.0976	4
101.8	15.6024	0.1396	5.0679	4
101.85	15.6023	0.0619	5.052	4
101.9	15.602	0.4501	5.0552	4
101.95	15.6005	0.6121	5.0659	4
102	15.6003	-0.2252	5.0764	4
102.05	15.6004	0.3138	5.0755	4
102.1	15.599	0.5714	5.0702	4
102.15	15.5985	0.1101	5.0748	4
102.2	15.5986	0.0971	5.0785	4
102.25	15.5973	0.5802	5.0756	4
102.3	15.5965	0.1958	5.0834	4
102.35	15.5962	0.1091	5.0881	4
102.4	15.5957	0.408	5.0855	4
102.45	15.5946	0.2982	5.0859	4
102.5	15.5942	0.1246	5.0838	4
102.55	15.5935	0.2887	5.0706	4
102.6	15.5928	0.3556	5.0745	4
102.65	15.593	-0.1456	5.0709	4
102.7	15.5923	0.5594	5.0859	4
102.75	15.5912	0.3104	5.0982	4
102.8	15.5903	0.2253	5.085	4
102.85	15.5901	0.096	5.0874	4
102.9	15.5895	0.2482	5.0933	4
102.95	15.5886	0.4289	5.108	4
103	15.5888	-0.0268	5.1114	4
103.05	15.5881	0.4074	5.1008	4
103.1	15.5874	0.493	5.1024	4
103.15	15.5867	-0.0536	5.1059	4
103.2	15.5861	0.6677	5.0903	4
103.25	15.5855	-0.2492	5.0855	4
103.3	15.5849	0.6444	5.0871	4
103.35	15.5842	0.0246	5.0941	4
103.4	15.5837	0.4057	5.0964	4
103.45	15.5832	0.1323	5.0897	4
103.5	15.5822	0.3365	5.0884	4
103.55	15.5817	0.323	5.0927	4
103.6	15.5813	0.0239	5.104	4
103.65	15.5807	0.4308	5.1	4
103.7	15.58	0.0598	5.0797	4
103.75	15.5799	0.305	5.0964	4
103.8	15.5792	0.3667	5.1138	4
103.85	15.5787	0.1556	5.1005	4
103.9	15.5776	0.4691	5.0997	4
103.95	15.5771	0.1216	5.1002	4
104	15.5772	-0.1861	5.1114	4
104.05	15.5767	0.7083	5.1141	4
104.1	15.5759	-0.0359	5.0901	4
104.15	15.5755	0.2288	5.0913	4
104.2	15.5753	0.0655	5.0968	4
104.25	15.5744	0.5198	5.1053	4
104.3	15.5738	0.0966	5.1054	4
104.35	15.574	-0.0056	5.0953	4
104.4	15.5731	0.4722	5.0964	4
104.45	15.5727	-0.0638	5.1069	4
104.5	15.5726	0.1923	5.0914	4
104.55	15.5718	0.1735	5.0777	4
104.6	15.5716	0.1328	5.0925	4
104.65	15.5715	0.1386	5.1102	4
104.7	15.5709	0.3733	5.1091	4
104.75	15.5703	0.1817	5.1088	4
104.8	15.5704	-0.3067	5.0987	4
104.85	15.5697	0.4317	5.0914	4
104.9	15.5693	0.1946	5.0887	4
104.95	15.5691	-0.3997	5.0868	4
105	15.5693	0.3819	5.0794	4
105.05	15.5683	0.1166	5.076	4
105.1	15.5686	-0.1409	5.0665	4
105.15	15.5687	0.0794	5.0831	4
105.2	15.5678	0.2531	5.084	4
105.25	15.5682	-0.2495	5.0866	4
105.3	15.5685	-0.0864	5.0896	4
105.35	15.5676	0.3241	5.0716	4
105.4	15.5679	-0.3064	5.0741	4
105.45	15.5681	-0.0747	5.096	4
105.5	15.5685	0.0313	5.0886	4
105.55	15.5683	0.0629	5.0827	4
105.6	15.5687	-0.4134	5.0872	4
105.65	15.5689	-0.0163	5.1012	4
105.7	15.5689	-0.2897	5.1019	4
105.75	15.5692	0.0629	5.1048	4
105.8	15.5698	-0.452	5.1047	4
105.85	15.5696	0.1217	5.1022	4
105.9	15.5707	-0.6327	5.0938	4
105.95	15.5713	-0.1467	5.0823	4
106	15.5713	-0.1311	5.069	4
106.05	15.5721	-0.3482	5.0648	4
106.1	15.5726	-0.5003	5.0778	4
106.15	15.5732	0.0445	5.0895	4
106.2	15.5738	-0.8116	5.0902	4
106.25	15.5748	-0.1028	5.0831	4
106.3	15.5754	-0.5287	5.0804	4
106.35	15.5759	-0.1174	5.072	4
106.4	15.5769	-0.635	5.0695	4
106.45	15.5776	-0.178	5.0873	4
106.5	15.5783	-0.3515	5.0878	4
106.55	15.5795	-0.4815	5.079	4
106.6	15.5794	-0.0706	5.0654	4
106.65	15.5801	-0.4771	5.0681	4
106.7	15.5808	-0.4849	5.0854	4
106.75	15.5816	-0.2184	5.0718	4
106.8	15.5827	-0.6049	5.067	4
106.85	15.5832	-0.1038	5.0807	4
106.9	15.5844	-0.555	5.0674	4
106.95	15.5854	-0.5815	5.0701	4
107	15.5861	0.1202	5.0569	4
107.05	15.5871	-1.0017	5.0568	4
107.1	15.5876	0.0817	5.0737	4
107.15	15.5881	-0.4584	5.0721	4
107.2	15.5887	-0.4106	5.0876	4
107.25	15.5893	-0.2634	5.1004	4
107.3	15.5906	-0.6665	5.0967	4
107.35	15.591	-0.1462	5.0882	4
107.4	15.5921	-0.7642	5.0852	4
107.45	15.5933	-0.5099	5.0639	4
107.5	15.5937	-0.1448	5.0542	4
107.55	15.595	-0.8563	5.0653	4
107.6	15.5968	-0.6355	5.0706	4
107.65	15.5973	-0.1531	5.0606	4
107.7	15.5984	-0.775	5.0783	4
107.75	15.6	-0.5618	5.0932	4
107.8	15.6004	-0.2804	5.1028	4
107.85	15.6013	-0.4841	5.1025	4
107.9	15.6027	-0.834	5.0979	4
107.95	15.6044	-0.487	5.1068	4
108	15.605	-0.5252	5.0967	4
108.05	15.6062	-0.584	5.0965	4
108.1	15.608	-0.8495	5.1227	4
108.15	15.6093	-0.3686	5.1237	4
108.2	15.61	-0.6348	5.1293	4
108.25	15.6121	-0.9739	5.1337	4
108.3	15.6133	-0.4029	5.1272	4
108.35	15.6143	-0.9042	5.122	4
108.4	15.6164	-0.7378	5.0975	4
108.45	15.6179	-0.8487	5.0958	4
108.5	15.6191	-0.6018	5.1118	4
108.55	15.6211	-0.9182	5.1231	4
108.6	15.6225	-0.6404	5.131	4
108.65	15.6242	-0.9068	5.1202	4
108.7	15.6258	-0.6594	5.1256	4
108.75	15.6271	-0.8722	5.1338	4
108.8	15.6295	-1.0676	5.1257	4
108.85	15.6308	-0.5174	5.1274	4
108.9	15.6323	-0.8964	5.1175	4
108.95	15.635	-1.4432	5.1087	4
109	15.6368	-0.3717	5.0932	4
109.05	15.6374	-0.6325	5.0804	4
109.1	15.64	-1.4193	5.1041	4
109.15	15.6426	-0.974	5.1193	4
109.2	15.644	-0.5875	5.1148	4
109.25	15.6454	-1.0533	5.1109	4
109.3	15.6485	-1.4548	5.1059	4
109.35	15.6496	-0.326	5.1074	4
109.4	15.652	-1.2994	5.1156	4
109.45	15.6547	-1.1946	5.1171	4
109.5	15.6566	-0.6678	5.1267	4
109.55	15.6584	-1.2447	5.1292	4
109.6	15.6616	-1.3583	5.1324	4
109.65	15.6637	-0.9453	5.1197	4
109.7	15.6656	-1.1087	5.1059	4
109.75	15.668	-1.2514	5.1079	4
109.8	15.6708	-1.2304	5.0985	4
109.85	15.6723	-0.7327	5.1025	4
109.9	15.6752	-1.5487	5.1003	4
109.95	15.6779	-1.2398	5.0848	4
110	15.6803	-0.8117	5.1035	4
110.05	15.6826	-1.3898	5.1201	4
110.1	15.6862	-1.4765	5.1162	4
110.15	15.6877	-0.7794	5.0971	4
110.2	15.69	-1.3609	5.0693	4
110.25	15.6933	-1.4273	5.085	4
110.3	15.6957	-1.0562	5.1047	4
110.35	15.6981	-1.1936	5.101	4
110.4	15.7015	-1.6536	5.1053	4
110.45	15.704	-0.9686	5.1084	4
110.5	15.7059	-0.9884	5.1056	4
110.55	15.7091	-1.8664	5.0912	4
110.6	15.7119	-0.7965	5.0849	4
110.65	15.714	-1.3688	5.0832	4
110.7	15.717	-1.4403	5.0771	4
110.75	15.7202	-1.4119	5.0857	4
110.8	15.7224	-1.0498	5.0879	4
110.85	15.7251	-1.4323	5.0941	4
110.9	15.7289	-1.7238	5.0985	4
110.95	15.7311	-1.0342	5.0938	4
111	15.7337	-1.3421	5.0998	4
111.05	15.737	-1.9451	5.1027	4
111.1	15.74	-0.7894	5.1074	4
111.15	15.7428	-1.7321	5.119	4
111.2	15.746	-1.3468	5.1116	4
111.25	15.7491	-1.5314	5.0922	4
111.3	15.752	-1.4239	5.0929	4
111.35	15.7553	-1.5095	5.0935	4
111.4	15.7588	-1.7252	5.0899	4
111.45	15.7618	-1.2845	5.0936	4
111.5	15.7648	-1.4778	5.081	4
111.55	15.7679	-1.7773	5.0646	4
111.6	15.7716	-1.0832	5.0751	4
111.65	15.7745	-1.8723	5.0817	4
111.7	15.7778	-1.1277	5.0856	4
111.75	15.7807	-1.7582	5.1065	4
111.8	15.7836	-1.1109	5.1078	4
111.85	15.7868	-1.7334	5.087	4
111.9	15.7898	-1.1802	5.081	4
111.95	15.7928	-1.592	5.0823	4
112	15.796	-1.294	5.0722	4
112.05	15.7984	-1.2886	5.0753	4
112.1	15.8015	-1.5207	5.0874	4
112.15	15.8044	-1.2475	5.0946	4
112.2	15.8071	-1.3598	5.089	4
112.25	15.81	-1.3865	5.0899	4
112.3	15.8127	-1.1623	5.1097	4
112.35	15.8151	-1.2323	5.1161	4
112.4	15.8179	-1.3812	5.1083	4
112.45	15.8206	-1.2604	5.0988	4
112.5	15.8233	-1.0081	5.0987	4
112.55	15.8257	-1.3478	5.0892	4
112.6	15.8292	-1.5579	5.0836	4
112.65	15.8315	-0.8491	5.0889	4
112.7	15.8337	-1.3325	5.0897	4
112.75	15.8366	-1.2074	5.0972	4
112.8	15.8389	-0.8897	5.096	4
112.85	15.8411	-1.0795	5.0803	4
112.9	15.8437	-1.3349	5.0934	4
112.95	15.8469	-1.2189	5.0922	4
113	15.8488	-0.8682	5.0905	4
113.05	15.8508	-0.8673	5.1069	4
113.1	15.8534	-1.5795	5.0966	4
113.15	15.8554	-0.5289	5.0938	4
113.2	15.8573	-1.0782	5.0783	4
113.25	15.8595	-1.179	5.0671	4
113.3	15.8616	-0.7968	5.0783	4
113.35	15.8637	-1.1417	5.0784	4
113.4	15.8661	-0.7315	5.0912	4
113.45	15.8681	-1.2584	5.0995	4
113.5	15.8698	-0.6313	5.1102	4
113.55	15.8719	-0.9017	5.102	4
113.6	15.8733	-0.9273	5.0906	4
113.65	15.8757	-0.8693	5.0806	4
113.7	15.8772	-0.8263	5.0812	4
113.75	15.8789	-0.7133	5.0879	4
113.8	15.8814	-1.1395	5.0859	4
113.85	15.8827	-0.5121	5.0924	4
113.9	15.8846	-1.0073	5.0901	4
113.95	15.8862	-0.734	5.0993	4
114	15.8874	-0.444	5.0945	4
114.05	15.8892	-1.135	5.0919	4
114.1	15.8912	-0.4685	5.1015	4
114.15	15.8921	-0.5888	5.1042	4
114.2	15.8939	-1.1159	5.0892	4
114.25	15.8959	-0.5733	5.065	4
114.3	15.8972	-0.7972	5.0771	4
114.35	15.899	-0.6188	5.0826	4
114.4	15.9005	-0.86	5.0832	4
114.45	15.9012	-0.2935	5.1023	4
114.5	15.9032	-0.9418	5.0918	4
114.55	15.9044	-0.514	5.0871	4
114.6	15.9057	-0.5008	5.085	4
114.65	15.9079	-0.8815	5.0786	4
114.7	15.9088	-0.4104	5.077	4
114.75	15.9099	-0.5758	5.0729	4
114.8	15.9112	-0.858	5.0735	4
114.85	15.9128	-0.4349	5.0931	4
114.9	15.9142	-0.7962	5.0795	4
114.95	15.915	-0.3199	5.0803	4
115	15.9165	-0.7534	5.0919	4
115.05	15.9182	-0.8494	5.0943	4
115.1	15.9191	-0.0335	5.0941	4
115.15	15.9202	-1.1774	5.0846	4
115.2	15.9226	-0.5514	5.0884	4
115.25	15.9231	-0.1697	5.1103	4
115.3	15.9243	-0.9629	5.107	4
115.35	15.9266	-0.6897	5.1076	4
115.4	15.9275	-0.4105	5.104	4
115.45	15.9282	-0.3059	5.1008	4
115.5	15.9304	-1.1746	5.1178	4
115.55	15.9317	-0.3189	5.123	4
115.6	15.9324	-0.3659	5.1158	4
115.65	15.9336	-0.864	5.1127	4
115.7	15.9353	-0.7072	5.1063	4
115.75	15.936	-0.0975	5.106	4
115.8	15.9369	-0.7289	5.0946	4
115.85	15.9388	-0.8206	5.0951	4
115.9	15.9399	-0.1607	5.0987	4
115.95	15.9404	-0.6116	5.096	4
116	15.9425	-0.9561	5.0918	4
116.05	15.9437	-0.4771	5.0904	4
116.1	15.9443	-0.2998	5.0944	4
116.15	15.9467	-1.0705	5.0859	4
116.2	15.9478	-0.3566	5.0883	4
116.25	15.9485	-0.3014	5.1102	4
116.3	15.9495	-0.8709	5.1209	4
116.35	15.9514	-0.5472	5.1314	4
116.4	15.9523	-0.4702	5.1282	4
116.45	15.9535	-0.6897	5.1066	4
116.5	15.9552	-0.6203	5.1094	4
116.55	15.9566	-0.5982	5.1031	4
116.6	15.9573	-0.4926	5.1003	4
116.65	15.9591	-0.8097	5.0939	4
116.7	15.9601	-0.3265	5.0858	4
116.75	15.9616	-0.7245	5.0889	4
116.8	15.9626	-0.4913	5.0924	4
116.85	15.9642	-0.9662	5.086	4
116.9	15.9657	-0.5415	5.0952	4
116.95	15.967	-0.5844	5.106	4
117	15.9684	-0.7092	5.1059	4
117.05	15.9707	-0.854	5.097	4
117.1	15.9716	-0.1627	5.0966	4
117.15	15.9735	-1.2252	5.1065	4
117.2	15.9749	-0.4087	5.0921	4
117.25	15.9757	-0.7076	5.0958	4
117.3	15.9775	-0.6526	5.1117	4
117.35	15.9791	-0.948	5.1025	4
117.4	15.9805	-0.4973	5.0792	4
117.45	15.9822	-1.0183	5.0844	4
117.5	15.9838	-0.5201	5.1033	4
117.55	15.9856	-0.7752	5.1059	4
117.6	15.987	-0.7873	5.0952	4
117.65	15.9888	-0.7397	5.0919	4
117.7	15.9901	-0.7895	5.0941	4
117.75	15.9918	-0.7853	5.0974	4
117.8	15.9938	-0.8069	5.0962	4
117.85	15.9956	-0.8181	5.0821	4
117.9	15.9969	-0.5598	5.0917	4
117.95	15.9988	-1.1131	5.0924	4
118	16.0004	-0.487	5.1005	4
118.05	16.0014	-0.677	5.1259	4
118.1	16.0036	-1.292	5.1083	4
118.15	16.0049	-0.3409	5.1017	4
118.2	16.0064	-0.834	5.1093	4
118.25	16.0086	-0.887	5.1175	4
118.3	16.0099	-0.528	5.1007	4
118.35	16.0109	-0.6494	5.0792	4
118.4	16.0127	-0.9616	5.0965	4
118.45	16.0151	-0.834	5.1062	4
118.5	16.016	-0.4899	5.111	4
118.55	16.0179	-0.9042	5.1279	4
118.6	16.02	-0.8547	5.1174	4
118.65	16.0208	-0.251	5.1118	4
118.7	16.0223	-0.9795	5.118	4
118.75	16.024	-0.6761	5.128	4
118.8	16.0251	-0.461	5.1357	4
118.85	16.0268	-1.0678	5.1096	4
118.9	16.0287	-0.4736	5.1067	4
118.95	16.0297	-0.7823	5.1254	4
119	16.031	-0.4651	5.1245	4
119.05	16.0324	-0.7509	5.1225	4
119.1	16.0342	-0.775	5.1191	4
119.15	16.0352	-0.4541	5.1255	4
119.2	16.0373	-1.0329	5.117	4
119.25	16.0388	-0.477	5.1132	4
119.3	16.0403	-0.6728	5.1292	4
119.35	16.0413	-0.4706	5.1138	4
119.4	16.0427	-0.8821	5.0948	4
119.45	16.0441	-0.5952	5.0948	4
119.5	16.0457	-0.8758	5.1042	4
119.55	16.0473	-0.6472	5.1052	4
119.6	16.0493	-0.9657	5.1136	4
119.65	16.0504	-0.2038	5.1215	4
119.7	16.0523	-1.2827	5.1313	4
119.75	16.0532	-0.1678	5.1215	4
119.8	16.055	-0.9587	5.1161	4
119.85	16.0568	-0.7988	5.127	4
119.9	16.0582	-0.5497	5.1268	4
119.95	16.0599	-0.9241	5.1168	4
120	16.0615	-0.7007	5.1163	4
120.05	16.0628	-0.5277	5.1108	4
120.1	16.0646	-0.9769	5.104	4
120.15	16.0667	-0.5981	5.0986	4
120.2	16.0682	-0.9497	5.1003	4
120.25	16.0693	-0.3661	5.0962	4
120.3	16.0711	-1.2077	5.0879	4
120.35	16.0735	-0.7718	5.0673	4
120.4	16.0748	-0.5379	5.0633	4
120.45	16.0763	-0.918	5.0821	4
120.5	16.0786	-0.9373	5.088	4
120.55	16.0796	-0.534	5.0986	4
120.6	16.0811	-0.7605	5.1046	4
120.65	16.0836	-1.1818	5.1028	4
120.7	16.0856	-0.7939	5.1124	4
120.75	16.0869	-0.533	5.0969	4
120.8	16.0892	-1.3385	5.1013	4
120.85	16.0911	-0.6155	5.1034	4
120.9	16.0924	-0.5012	5.1043	4
120.95	16.0945	-1.2113	5.1069	4
121	16.0964	-0.5125	5.094	4
121.05	16.0974	-0.7629	5.0887	4
121.1	16.0991	-0.7603	5.1052	4
121.15	16.1012	-0.924	5.1181	4
121.2	16.1028	-0.5875	5.1097	4
121.25	16.1046	-0.9576	5.099	4
121.3	16.1066	-0.8094	5.1028	4
121.35	16.1081	-0.7771	5.1159	4
121.4	16.1096	-0.6274	5.115	4
121.45	16.1115	-1.1356	5.1036	4
121.5	16.1135	-0.603	5.1158	4
121.55	16.1151	-0.9094	5.1107	4
121.6	16.1167	-0.8725	5.1112	4
121.65	16.1186	-0.7169	5.1347	4
121.7	16.1199	-0.7708	5.1451	4
121.75	16.1223	-0.9539	5.1509	4
121.8	16.1243	-0.6827	5.1333	4
121.85	16.1254	-0.6441	5.119	4
121.9	16.1276	-1.0523	5.111	4
121.95	16.1288	-0.4891	5.1105	4
122	16.1298	-0.4391	5.109	4
122.05	16.1321	-1.2306	5.1167	4
122.1	16.1337	-0.232	5.1291	4
122.15	16.1343	-0.6971	5.1156	4
122.2	16.1364	-1.0002	5.1179	4
122.25	16.1379	-0.2636	5.1242	4
122.3	16.139	-0.9725	5.1173	4
122.35	16.141	-0.5426	5.1177	4
122.4	16.1424	-0.8712	5.11	4
122.45	16.1442	-0.7022	5.1187	4
122.5	16.1453	-0.5985	5.1237	4
122.55	16.1468	-0.8499	5.1106	4
122.6	16.1486	-0.5705	5.1103	4
122.65	16.1503	-0.8784	5.1119	4
122.7	16.1517	-0.7844	5.1078	4
122.75	16.1536	-0.4882	5.1145	4
122.8	16.1549	-0.9027	5.1148	4
122.85	16.1567	-0.5947	5.1373	4
122.9	16.1576	-0.5368	5.148	4
122.95	16.1595	-0.7866	5.1418	4
123	16.1613	-0.8466	5.1381	4
123.05	16.1626	-0.316	5.1284	4
123.1	16.164	-1.0394	5.1375	4
123.15	16.1661	-0.645	5.1371	4
123.2	16.1675	-0.767	5.1214	4
123.25	16.1687	-0.4233	5.1404	4
123.3	16.1705	-1.1644	5.1461	4
123.35	16.1723	-0.4533	5.126	4
123.4	16.1731	-0.6743	5.1271	4
123.45	16.175	-0.7166	5.1296	4
123.5	16.177	-1.0479	5.1284	4
123.55	16.1781	-0.32	5.1202	4
123.6	16.1799	-1.0999	5.1157	4
123.65	16.1809	-0.3436	5.1175	4
123.7	16.1825	-0.9727	5.1303	4
123.75	16.184	-0.4953	5.1308	4
123.8	16.1856	-0.8098	5.1273	4
123.85	16.1882	-1.0071	5.1263	4
123.9	16.189	-0.3792	5.1142	4
123.95	16.1907	-0.9721	5.1179	4
124	16.1929	-1.091	5.1241	4
124.05	16.1944	-0.2038	5.1259	4
124.1	16.1957	-1.2113	5.1208	4
124.15	16.1981	-0.8184	5.1069	4
124.2	16.1999	-0.7965	5.1073	4
124.25	16.2017	-0.9301	5.1099	4
124.3	16.2037	-0.7709	5.1063	4
124.35	16.2062	-1.1807	5.1201	4
124.4	16.2077	-0.408	5.1295	4
124.45	16.2093	-1.0516	5.1201	4
124.5	16.2113	-1.0053	5.1196	4
124.55	16.2132	-0.6707	5.1375	4
124.6	16.2148	-0.8906	5.1354	4
124.65	16.217	-1.1026	5.1235	4
124.7	16.2191	-0.6143	5.1149	4
124.75	16.2206	-1.0251	5.1363	4
124.8	16.2228	-0.8535	5.1455	4
124.85	16.225	-1.1113	5.1307	4
124.9	16.2265	-0.4469	5.1291	4
124.95	16.2291	-1.4215	5.1186	4
125	16.2305	-0.5982	5.1189	4
125.05	16.2322	-0.8345	5.1113	4
125.1	16.2343	-1.0777	5.0969	4
125.15	16.236	-0.8198	5.1079	4
125.2	16.2385	-0.979	5.113	4
125.25	16.2403	-0.9648	5.1249	4
125.3	16.2431	-1.1261	5.1478	4
125.35	16.2449	-0.7818	5.1352	4
125.4	16.2468	-0.9587	5.1266	4
125.45	16.2492	-1.1396	5.1137	4
125.5	16.251	-0.9874	5.1126	4
125.55	16.2535	-0.9196	5.1097	4
125.6	16.2556	-1.3558	5.1175	4
125.65	16.2584	-0.7912	5.1234	4
125.7	16.2606	-1.2333	5.1295	4
125.75	16.2623	-0.7482	5.1371	4
125.8	16.2653	-1.4511	5.1248	4
125.85	16.2673	-0.9481	5.1172	4
125.9	16.2693	-0.762	5.1354	4
125.95	16.2723	-1.8232	5.1366	4
126	16.2746	-0.5257	5.1298	4
126.05	16.2765	-1.2008	5.1246	4
126.1	16.2794	-1.5748	5.1226	4
126.15	16.2816	-0.425	5.1282	4
126.2	16.2836	-1.7852	5.1476	4
126.25	16.2869	-0.8498	5.141	4
126.3	16.2891	-1.2959	5.13	4
126.35	16.2921	-1.1559	5.109	4
126.4	16.2946	-1.102	5.1085	4
126.45	16.2971	-1.4095	5.12	4
126.5	16.2999	-1.0219	5.1156	4
126.55	16.3027	-1.3988	5.1207	4
126.6	16.3056	-1.3847	5.1267	4
126.65	16.3084	-1.18	5.1287	4
126.7	16.311	-1.4144	5.1332	4
126.75	16.3138	-1.0461	5.1317	4
126.8	16.3167	-1.6307	5.1233	4
126.85	16.3194	-1.0957	5.1322	4
126.9	16.3221	-1.3584	5.1392	4
126.95	16.3249	-1.3769	5.1389	4
127	16.3276	-0.9716	5.1275	4
127.05	16.3305	-1.7362	5.125	4
127.1	16.3339	-1.1511	5.1319	4
127.15	16.3362	-1.1797	5.1358	4
127.2	16.339	-1.429	5.1299	4
127.25	16.3421	-1.1176	5.1131	4
127.3	16.3444	-1.4066	5.1181	4
127.35	16.3478	-1.4827	5.1173	4
127.4	16.3504	-0.9591	5.1059	4
127.45	16.3528	-1.5216	5.0987	4
127.5	16.3563	-1.3249	5.1037	4
127.55	16.3589	-1.345	5.1013	4
127.6	16.3619	-1.3245	5.1073	4
127.65	16.3648	-1.5436	5.0983	4
127.7	16.3675	-1.0903	5.0835	4
127.75	16.3709	-1.7053	5.0691	4
127.8	16.3734	-1.0051	5.0884	4
127.85	16.3767	-1.694	5.0958	4
127.9	16.3796	-1.2315	5.0794	4
127.95	16.3823	-1.175	5.094	4
128	16.3848	-1.3102	5.106	4
128.05	16.3884	-1.6555	5.0951	4
128.1	16.3908	-0.6159	5.0957	4
128.15	16.3932	-1.5978	5.092	4
128.2	16.3966	-1.2153	5.1015	4
128.25	16.3992	-1.3089	5.1055	4
128.3	16.4014	-0.915	5.0931	4
128.35	16.4047	-1.6181	5.072	4
128.4	16.4077	-0.9436	5.06	4
128.45	16.41	-1.258	5.0785	4
128.5	16.4127	-0.9323	5.0995	4
128.55	16.4144	-1.0578	5.0921	4
128.6	16.4172	-1.2468	5.082	4
128.65	16.4193	-0.8331	5.0608	4
128.7	16.4213	-0.985	5.0752	4
128.75	16.4243	-1.308	5.091	4
128.8	16.4268	-0.8274	5.095	4
128.85	16.4283	-0.798	5.095	4
128.9	16.4303	-1.076	5.0963	4
128.95	16.4323	-0.8646	5.1143	4
129	16.4349	-1.0322	5.1024	4
129.05	16.4365	-0.5522	5.0969	4
129.1	16.4387	-1.3878	5.1063	4
129.15	16.4408	-0.6474	5.113	4
129.2	16.4423	-0.7872	5.1191	4
129.25	16.4439	-0.7076	5.1113	4
129.3	16.4461	-1.1718	5.1091	4
129.35	16.4473	-0.4142	5.1144	4
129.4	16.4489	-0.8783	5.1101	4
129.45	16.4507	-0.8382	5.1202	4
129.5	16.4527	-0.8051	5.1324	4
129.55	16.4544	-0.4996	5.1126	4
129.6	16.4557	-0.7699	5.1142	4
129.65	16.4576	-0.856	5.1062	4
129.7	16.4592	-0.6365	5.1064	4
129.75	16.4605	-0.4955	5.1368	4
129.8	16.4617	-0.8102	5.1348	4
129.85	16.4634	-0.4794	5.132	4
129.9	16.4648	-0.8445	5.1369	4
129.95	16.4662	-0.4633	5.1303	4
130	16.4676	-0.7372	5.1375	4
130.05	16.4692	-0.5761	5.1458	4
130.1	16.4706	-0.5905	5.1348	4
130.15	16.4717	-0.462	5.1219	4
130.2	16.4729	-0.6122	5.1022	4
130.25	16.4745	-0.6098	5.1114	4
130.3	16.4758	-0.6184	5.1132	4
130.35	16.4772	-0.5061	5.1083	4
130.4	16.4785	-0.7037	5.1187	4
130.45	16.4801	-0.6116	5.1177	4
130.5	16.4811	-0.3777	5.1233	4
130.55	16.4822	-0.6658	5.1208	4
130.6	16.4841	-0.6048	5.1119	4
130.65	16.4857	-0.831	5.11	4
130.7	16.487	-0.3338	5.0973	4
130.75	16.4887	-0.9151	5.1061	4
130.8	16.4901	-0.5547	5.1057	4
130.85	16.4916	-0.7056	5.1062	4
130.9	16.4928	-0.6375	5.1044	4
130.95	16.4944	-0.6302	5.1099	4
131	16.4956	-0.8027	5.1023	4
131.05	16.4975	-0.7169	5.0993	4
131.1	16.4987	-0.3923	5.1021	4
131.15	16.5003	-0.8194	5.1152	4
131.2	16.5015	-0.2832	5.129	4
131.25	16.5027	-0.8589	5.1164	4
131.3	16.5042	-0.5034	5.1064	4
131.35	16.5056	-0.6899	5.1048	4
131.4	16.507	-0.4376	5.1095	4
131.45	16.5082	-0.5733	5.1269	4
131.5	16.5096	-0.6703	5.1216	4
131.55	16.5108	-0.5309	5.1022	4
131.6	16.512	-0.5796	5.0976	4
131.65	16.5132	-0.5668	5.1134	4
131.7	16.5144	-0.4083	5.1172	4
131.75	16.5154	-0.6527	5.1192	4
131.8	16.5171	-0.5467	5.1068	4
131.85	16.5179	-0.3581	5.0964	4
131.9	16.5194	-0.5954	5.0965	4
131.95	16.5207	-0.5727	5.1012	4
132	16.5217	-0.4201	5.0978	4
132.05	16.5225	-0.4014	5.1075	4
132.1	16.5236	-0.4833	5.1158	4
132.15	16.5249	-0.6569	5.1078	4
132.2	16.526	-0.3812	5.0974	4
132.25	16.5265	-0.2048	5.0977	4
132.3	16.5284	-1.0565	5.1027	4
132.35	16.5297	-0.0647	5.1009	4
132.4	16.5299	-0.4528	5.0876	4
132.45	16.5315	-0.6263	5.0978	4
132.5	16.533	-0.5602	5.1277	4
132.55	16.5336	-0.2494	5.1306	4
132.6	16.5348	-0.6471	5.1028	4
132.65	16.5358	-0.3336	5.0949	4
132.7	16.5368	-0.4449	5.1104	4
132.75	16.5377	-0.3962	5.1211	4
132.8	16.5388	-0.5363	5.1338	4
132.85	16.5399	-0.3633	5.1206	4
132.9	16.5401	0.0191	5.1201	4
132.95	16.5411	-0.6931	5.1192	4
133	16.5428	-0.4132	5.1076	4
133.05	16.5426	0.0368	5.1114	4
133.1	16.5437	-0.7875	5.116	4
133.15	16.5448	-0.1505	5.1019	4
133.2	16.545	-0.307	5.0988	4
133.25	16.5458	-0.472	5.101	4
133.3	16.5465	-0.0147	5.1014	4
133.35	16.5471	-0.5554	5.0927	4
133.4	16.548	-0.1976	5.0819	4
133.45	16.5486	-0.3018	5.0915	4
133.5	16.5495	-0.4059	5.0771	4
133.55	16.5504	-0.0159	5.0782	4
133.6	16.551	-0.6505	5.0921	4
133.65	16.5522	-0.2803	5.092	4
133.7	16.5529	-0.3038	5.0974	4
133.75	16.5536	-0.4379	5.1042	4
133.8	16.5551	-0.4851	5.101	4
133.85	16.5553	-0.1201	5.0972	4
133.9	16.5562	-0.4863	5.0947	4
133.95	16.5578	-0.6682	5.0829	4
134	16.5584	-0.2141	5.0994	4
134.05	16.5595	-0.5301	5.1107	4
134.1	16.5599	-0.2071	5.1204	4
134.15	16.5611	-0.5909	5.122	4
134.2	16.5623	-0.4335	5.1039	4
134.25	16.563	-0.2588	5.1103	4
134.3	16.5645	-0.8743	5.124	4
134.35	16.5658	-0.4878	5.1187	4
134.4	16.5668	-0.4421	5.113	4
134.45	16.568	-0.7121	5.1192	4
134.5	16.5689	-0.3992	5.1214	4
134.55	16.571	-0.8636	5.1112	4
134.6	16.5718	-0.1049	5.107	4
134.65	16.5728	-0.6798	5.098	4
134.7	16.5739	-0.5111	5.0945	4
134.75	16.575	-0.3286	5.1032	4
134.8	16.5756	-0.4107	5.1169	4
134.85	16.5772	-0.6568	5.114	4
134.9	16.5781	-0.1355	5.1085	4
134.95	16.5788	-0.5762	5.1089	4
135	16.5799	-0.122	5.1079	4
135.05	16.5809	-0.6401	5.1259	4
135.1	16.5809	0.1522	5.1338	4
135.15	16.5816	-0.5397	5.1134	4
135.2	16.5824	-0.2763	5.1074	4
135.25	16.583	-0.1013	5.1116	4
135.3	16.5834	-0.3216	5.1052	4
135.35	16.584	-0.1627	5.113	4
135.4	16.5843	-0.1252	5.1025	4
135.45	16.584	0.1085	5.103	4
135.5	16.5848	-0.4482	5.1037	4
135.55	16.586	-0.1938	5.1093	4
135.6	16.5861	0.0874	5.1126	4
135.65	16.5865	-0.4803	5.1081	4
135.7	16.5868	0.0666	5.109	4
135.75	16.5869	-0.127	5.1027	4
135.8	16.587	-0.1195	5.1089	4
135.85	16.5876	-0.2044	5.1304	4
135.9	16.5883	-0.4143	5.1353	4
135.95	16.5882	0.4805	5.1116	4
136	16.5888	-0.8842	5.1034	4
136.05	16.5902	0.0088	5.1079	4
136.1	16.5899	0.0086	5.1095	4
136.15	16.5901	-0.3359	5.097	4
136.2	16.5909	-0.1229	5.0792	4
136.25	16.5911	0.0558	5.0889	4
136.3	16.5906	0.0883	5.1118	4
136.35	16.5912	-0.347	5.1198	4
136.4	16.5912	0.1786	5.1036	4
136.45	16.5908	0.1788	5.0907	4
136.5	16.591	-0.3153	5.0931	4
136.55	16.5914	0.1559	5.0894	4
136.6	16.5915	-0.0706	5.0903	4
136.65	16.5921	0.0433	5.0958	4
136.7	16.5919	-0.1862	5.0983	4
136.75	16.5922	-0.1289	5.1088	4
136.8	16.5921	-0.088	5.1054	4
136.85	16.5929	-0.3603	5.1073	4
136.9	16.5935	-0.0892	5.1159	4
136.95	16.5936	-0.0813	5.0903	4
137	16.5937	-0.1388	5.0748	4
137.05	16.5943	-0.2908	5.0719	4
137.1	16.5942	0.1627	5.0787	4
137.15	16.5947	-0.4492	5.0811	4
137.2	16.595	0.11	5.0712	4
137.25	16.5954	-0.1387	5.0823	4
137.3	16.5956	-0.0677	5.088	4
137.35	16.5959	-0.0555	5.0782	4
137.4	16.5959	-0.1782	5.0729	4
137.45	16.5959	0.0471	5.0668	4
137.5	16.5964	-0.2005	5.0643	4
137.55	16.597	-0.3082	5.0841	4
137.6	16.5974	0.0661	5.1029	4
137.65	16.598	-0.5661	5.113	4
137.7	16.5985	-0.0481	5.1176	4
137.75	16.5993	-0.2631	5.109	4
137.8	16.5996	-0.0758	5.1109	4
137.85	16.6002	-0.4267	5.0976	4
137.9	16.6007	-0.1342	5.0951	4
137.95	16.601	-0.3234	5.0988	4
138	16.6018	-0.262	5.091	4
138.05	16.6025	-0.3612	5.0874	4
138.1	16.6027	0.0251	5.0774	4
138.15	16.6041	-0.6692	5.0762	4
138.2	16.6049	-0.2421	5.0822	4
138.25	16.6058	-0.4019	5.0877	4
138.3	16.6065	-0.3021	5.1027	4
138.35	16.6075	-0.4214	5.1021	4
138.4	16.6084	-0.4065	5.1042	4
138.45	16.6087	-0.159	5.1155	4
138.5	16.6098	-0.5454	5.1162	4
138.55	16.6109	-0.6417	5.1258	4
138.6	16.6115	-0.0089	5.1236	4
138.65	16.6121	-0.8244	5.1142	4
138.7	16.6135	-0.2833	5.102	4
138.75	16.6143	-0.3273	5.1005	4
138.8	16.6152	-0.6408	5.1019	4
138.85	16.6168	-0.5619	5.0992	4
138.9	16.6178	-0.4929	5.1143	4
138.95	16.6183	-0.222	5.1192	4
139	16.6201	-1.0302	5.1164	4
139.05	16.6213	-0.2988	5.1252	4
139.1	16.622	-0.3259	5.1158	4
139.15	16.6233	-0.7394	5.1031	4
139.2	16.6248	-0.4568	5.1058	4
139.25	16.6254	-0.1856	5.1115	4
139.3	16.6267	-0.825	5.0894	4
139.35	16.6282	-0.4409	5.0761	4
139.4	16.6288	-0.4862	5.086	4
139.45	16.6299	-0.4567	5.0982	4
139.5	16.6312	-0.6448	5.0948	4
139.55	16.6328	-0.5704	5.0886	4
139.6	16.6335	-0.2381	5.0906	4
139.65	16.6347	-0.9487	5.0728	4
139.7	16.6363	-0.1941	5.0617	4
139.75	16.6371	-0.7761	5.0567	4
139.8	16.6386	-0.3679	5.0705	4
139.85	16.6396	-0.6882	5.0664	4
139.9	16.6406	-0.2331	5.0641	4
139.95	16.6419	-0.7966	5.0737	4
140	16.6434	-0.4481	5.0715	4
140.05	16.6443	-0.4372	5.0808	4
140.1	16.6459	-0.6331	5.0829	4
140.15	16.6465	-0.4928	5.0612	4
140.2	16.6485	-0.9419	5.0701	4
140.25	16.6489	-0.0788	5.0666	4
140.3	16.6515	-1.136	5.072	4
140.35	16.6523	-0.2429	5.0873	4
140.4	16.6538	-0.7006	5.0959	4
140.45	16.6547	-0.5565	5.1075	4
140.5	16.6562	-0.6728	5.1021	4
140.55	16.6572	-0.358	5.0866	4
140.6	16.6588	-1.1259	5.085	4
140.65	16.6602	-0.0884	5.0797	4
140.7	16.6611	-1.0256	5.0763	4
140.75	16.6625	-0.0469	5.0853	4
140.8	16.6642	-1.3348	5.0907	4
140.85	16.6651	0.3078	5.0953	4
140.9	16.6663	-1.2844	5.0969	4
140.95	16.668	-0.2132	5.0861	4
141	16.6688	-0.4021	5.0873	4
141.05	16.6708	-0.8789	5.0897	4
141.1	16.6712	-0.2346	5.0948	4
141.15	16.6724	-0.6809	5.0856	4
141.2	16.6726	-0.3115	5.0945	4
141.25	16.6747	-0.8224	5.1002	4
141.3	16.6749	-0.0172	5.1028	4
141.35	16.6767	-0.9524	5.0931	4
141.4	16.6775	-0.1394	5.083	4
141.45	16.6786	-0.4772	5.11	4
141.5	16.679	-0.2396	5.1218	4
141.55	16.6803	-0.824	5.1156	4
141.6	16.6813	0.0108	5.105	4
141.65	16.682	-0.7199	5.1237	4
141.7	16.6834	-0.2971	5.1334	4
141.75	16.6843	-0.6284	5.1226	4
141.8	16.6852	-0.0167	5.1285	4
141.85	16.6859	-0.8158	5.1285	4
141.9	16.6874	-0.0981	5.1162	4
141.95	16.6874	-0.4749	5.1073	4
142	16.6885	-0.1927	5.0918	4
142.05	16.6891	-0.6906	5.0898	4
142.1	16.6905	-0.3013	5.0975	4
142.15	16.6907	-0.3503	5.0892	4
142.2	16.6924	-0.8042	5.0822	4
142.25	16.6935	-0.0615	5.0799	4
142.3	16.6947	-0.9741	5.0767	4
142.35	16.6953	0.1449	5.0848	4
142.4	16.6971	-1.1791	5.079	4
142.45	16.6982	0.0456	5.0808	4
142.5	16.6989	-0.6708	5.0925	4
142.55	16.6995	-0.1454	5.1027	4
142.6	16.701	-0.892	5.1085	4
142.65	16.702	-0.0401	5.1019	4
142.7	16.7027	-0.8384	5.0987	4
142.75	16.7044	-0.2981	5.1088	4
142.8	16.7049	-0.7378	5.1126	4
142.85	16.7065	-0.1165	5.1131	4
142.9	16.7071	-0.7957	5.1111	4
142.95	16.7091	-0.4898	5.1039	4
143	16.7101	-0.6899	5.1012	4
143.05	16.7119	-0.4602	5.1028	4
143.1	16.7128	-0.5545	5.1097	4
143.15	16.7145	-0.8752	5.1098	4
143.2	16.7153	-0.3077	5.1102	4
143.25	16.7173	-1.0358	5.1178	4
143.3	16.7185	-0.4434	5.1055	4
143.35	16.7205	-0.9191	5.1013	4
143.4	16.7214	-0.3531	5.1016	4
143.45	16.723	-0.774	5.1114	4
143.5	16.7246	-0.745	5.1221	4
143.55	16.7264	-0.8616	5.1181	4
143.6	16.7277	-0.3485	5.1167	4
143.65	16.729	-0.9868	5.1108	4
143.7	16.7306	-0.4221	5.0955	4
143.75	16.7316	-0.7495	5.0972	4
143.8	16.7332	-0.5238	5.1062	4
143.85	16.7349	-1.0243	5.1257	4
143.9	16.7367	-0.6229	5.1334	4
143.95	16.7377	-0.4848	5.1369	4
144	16.7393	-0.8029	5.1336	4
144.05	16.7407	-0.5345	5.1177	4
144.1	16.7423	-0.6468	5.1121	4
144.15	16.7438	-0.8384	5.1012	4
144.2	16.7458	-0.6702	5.0959	4
144.25	16.7468	-0.5182	5.1034	4
144.3	16.7479	-0.5139	5.1046	4
144.35	16.749	-0.5948	5.1066	4
144.4	16.7507	-0.8174	5.1074	4
144.45	16.7517	-0.1597	5.11	4
144.5	16.7531	-1.0483	5.0978	4
144.55	16.7545	-0.3996	5.0847	4
144.6	16.7554	-0.4144	5.083	4
144.65	16.7569	-0.6986	5.0974	4
144.7	16.7581	-0.5729	5.0857	4
144.75	16.7592	-0.405	5.092	4
144.8	16.7603	-0.7158	5.118	4
144.85	16.7617	-0.3238	5.1112	4
144.9	16.7628	-0.5948	5.1062	4
144.95	16.7636	-0.446	5.1062	4
145	16.765	-0.6966	5.0966	4
145.05	16.7666	-0.6249	5.0946	4
145.1	16.7669	-0.1269	5.0892	4
145.15	16.7681	-0.7604	5.0913	4
145.2	16.7696	-0.6043	5.0922	4
145.25	16.7708	-0.4517	5.0936	4
145.3	16.7721	-0.5966	5.0841	4
145.35	16.7735	-0.5929	5.0697	4
145.4	16.7738	-0.0792	5.076	4
145.45	16.7754	-1.1217	5.0981	4
145.5	16.7766	-0.2397	5.0974	4
145.55	16.7777	-0.5849	5.0942	4
145.6	16.7788	-0.4794	5.1	4
145.65	16.7805	-0.6411	5.0957	4
145.7	16.7812	-0.2081	5.1038	4
145.75	16.7827	-0.8473	5.1059	4
145.8	16.7841	-0.4092	5.1002	4
145.85	16.7851	-0.6799	5.0957	4
145.9	16.7863	-0.6218	5.0767	4
145.95	16.7873	-0.4302	5.0766	4
146	16.7885	-0.6551	5.0864	4
146.05	16.7903	-0.6047	5.0968	4
146.1	16.7916	-0.545	5.0939	4
146.15	16.7929	-0.6678	5.079	4
146.2	16.7949	-0.5896	5.0938	4
146.25	16.7953	-0.435	5.0788	4
146.3	16.7971	-0.6691	5.0876	4
146.35	16.7983	-0.6888	5.0932	4
146.4	16.7998	-0.5834	5.0763	4
146.45	16.8013	-0.5146	5.0833	4
146.5	16.8027	-0.7336	5.0821	4
146.55	16.8045	-0.7799	5.0771	4
146.6	16.8062	-0.7802	5.076	4
146.65	16.8078	-0.6221	5.0851	4
146.7	16.8092	-0.5555	5.0935	4
146.75	16.8109	-0.9941	5.0788	4
146.8	16.8125	-0.6006	5.0827	4
146.85	16.8137	-0.5862	5.077	4
146.9	16.8155	-0.8914	5.0674	4
146.95	16.8171	-0.8276	5.0832	4
147	16.8183	-0.3211	5.0839	4
147.05	16.8199	-0.9127	5.0873	4
147.1	16.8218	-0.7077	5.0979	4
147.15	16.8236	-0.6278	5.0988	4
147.2	16.825	-0.8493	5.0911	4
147.25	16.8265	-0.5349	5.0847	4
147.3	16.8279	-0.8734	5.088	4
147.35	16.8291	-0.5393	5.0891	4
147.4	16.8306	-0.856	5.0909	4
147.45	16.8323	-0.6624	5.0892	4
147.5	16.8341	-0.7856	5.0971	4
147.55	16.8356	-0.594	5.0909	4
147.6	16.8374	-0.8574	5.0859	4
147.65	16.8387	-0.7225	5.0841	4
147.7	16.8403	-0.7411	5.0687	4
147.75	16.8416	-0.5645	5.0643	4
147.8	16.8437	-0.991	5.0746	4
147.85	16.8453	-0.4785	5.0925	4
147.9	16.8471	-0.9675	5.0981	4
147.95	16.8485	-0.4845	5.1017	4
148	16.8499	-0.834	5.104	4
148.05	16.8514	-0.6562	5.1013	6
148.1	16.8529	-0.7892	5.1018	6
148.15	16.8544	-0.5264	5.0823	6
148.2	16.8559	-0.8594	5.0803	6
148.25	16.8576	-0.6964	5.0824	6
148.3	16.8561	-0.9266	5.0899	6
148.35	16.854	-0.3656	5.1014	6
148.4	16.8533	-0.8769	5.0946	6
148.45	16.8527	-0.6287	5.0953	6
148.5	16.8531	-0.7203	5.115	6
148.55	16.853	-0.6126	5.1123	6
148.6	16.8523	-0.9723	5.1094	6
148.65	16.8508	-0.5102	5.1033	6
148.7	16.851	-0.9207	5.0922	6
148.75	16.8508	-0.5412	5.0891	6
148.8	16.851	-0.9378	5.092	6
148.85	16.8496	-0.526	5.1016	6
148.9	16.8491	-0.7056	5.1091	6
148.95	16.8492	-0.7448	5.1082	6
149	16.8493	-0.7034	5.1138	6
149.05	16.8493	-0.5546	5.1123	6
149.1	16.849	-0.8633	5.1214	6
149.15	16.8477	-0.627	5.1178	6
149.2	16.847	-0.433	5.1193	6
149.25	16.8472	-0.7117	5.1179	6
149.3	16.8473	-0.803	5.1163	6
149.35	16.8471	-0.4267	5.1253	6
149.4	16.8472	-0.802	5.1213	6
149.45	16.846	-0.7193	5.1212	6
149.5	16.8452	-0.4802	5.1224	6
149.55	16.8455	-0.8809	5.1216	6
149.6	16.8454	-0.5725	5.1156	6
149.65	16.8454	-0.6496	5.1076	6
149.7	16.8454	-0.9912	5.1116	6
149.75	16.8449	-0.2906	5.1093	6
149.8	16.8451	-1.1143	5.0922	6
149.85	16.8437	-0.6355	5.1216	6
149.9	16.8433	-0.525	5.1374	6
149.95	16.8436	-1.0034	5.1154	6
150	16.8431	-0.3488	5.1085	6
150.05	16.8436	-0.8262	5.0941	6
150.1	16.8434	-0.6245	5.0971	6
150.15	16.8435	-0.7241	5.0984	6
150.2	16.8437	-1.0233	5.0856	6
150.25	16.8435	-0.6954	5.0954	6
150.3	16.8428	-0.7958	5.1056	6
150.35	16.8419	-0.8506	5.0999	6
150.4	16.8418	-0.6517	5.1002	6
150.45	16.8418	-0.741	5.0851	6
150.5	16.8419	-0.9648	5.0686	6
150.55	16.8417	-0.6049	5.0708	6
150.6	16.842	-0.8637	5.0816	6
150.65	16.8419	-0.7154	5.0836	6
150.7	16.8423	-0.8806	5.0908	6
150.75	16.8422	-0.7958	5.0995	6
150.8	16.8421	-0.7054	5.1087	6
150.85	16.8423	-0.8525	5.1095	6
150.9	16.8414	-0.7783	5.0891	6
150.95	16.8401	-0.345	5.0559	6
151	16.8407	-1.1821	5.0787	6
151.05	16.84	-0.1826	5.1038	6
151.1	16.8406	-1.0593	5.0893	6
151.15	16.8405	-0.6437	5.09	6
151.2	16.8405	-0.6139	5.077	6
151.25	16.8408	-1.1492	5.085	6
151.3	16.8405	-0.5782	5.1012	6
151.35	16.8406	-0.5668	5.0983	6
151.4	16.841	-0.9958	5.1098	6
151.45	16.8407	-0.3797	5.1188	6
151.5	16.8409	-0.7175	5.1079	6
151.55	16.8407	-0.6677	5.1063	6
151.6	16.8408	-0.7376	5.1046	6
151.65	16.8401	-0.535	5.1111	6
151.7	16.8392	-0.5612	5.1231	6
151.75	16.8391	-0.5138	5.128	6
151.8	16.8391	-0.5528	5.1026	6
151.85	16.8389	-0.3863	5.0874	6
151.9	16.8391	-0.5891	5.0898	6
151.95	16.8391	-0.5276	5.0834	6
152	16.8391	-0.452	5.0822	6
152.05	16.839	-0.469	5.1022	6
152.1	16.8391	-0.6073	5.1114	6
152.15	16.8389	-0.1877	5.1152	6
152.2	16.8391	-0.5165	5.1024	6
152.25	16.8391	-0.6136	5.0836	6
152.3	16.8388	-0.2402	5.0832	6
152.35	16.8392	-0.4562	5.0737	6
152.4	16.8392	-0.3888	5.0786	6
152.45	16.8391	-0.3989	5.0813	6
152.5	16.839	-0.3703	5.0814	6
152.55	16.839	-0.3398	5.0852	6
152.6	16.839	-0.2259	5.0775	6
152.65	16.8391	-0.2268	5.0787	6
152.7	16.8392	-0.2904	5.0916	6
152.75	16.839	-0.4501	5.0699	6
152.8	16.8377	-0.0643	5.066	6
152.85	16.8374	-0.367	5.0928	6
152.9	16.837	-0.2317	5.0987	6
152.95	16.8371	-0.1122	5.0938	6
153	16.8374	-0.2354	5.0989	6
153.05	16.8374	-0.2431	5.0856	6
153.1	16.8373	-0.1303	5.0694	6
153.15	16.8373	-0.2182	5.0611	6
153.2	16.8375	-0.602	5.0521	6
153.25	16.8371	0.1294	5.0593	6
153.3	16.8378	-0.5849	5.0743	6
153.35	16.8374	-0.1627	5.0836	6
153.4	16.8376	-0.287	5.0948	6
153.45	16.8378	-0.5547	5.0931	6
153.5	16.8372	0.2576	5.0889	6
153.55	16.8379	-0.6009	5.096	6
153.6	16.8375	-0.1369	5.0957	6
153.65	16.8375	0.0133	5.091	6
153.7	16.8382	-0.5017	5.0886	6
153.75	16.838	-0.1284	5.0724	6
153.8	16.838	-0.2006	5.0796	6
153.85	16.8384	-0.3946	5.0978	6
153.9	16.8381	-0.0811	5.085	6
153.95	16.8383	-0.356	5.0826	6
154	16.8383	-0.2834	5.0889	6
154.05	16.8381	-0.0701	5.079	6
154.1	16.8383	-0.4333	5.0689	6
154.15	16.8381	-0.2926	5.0674	6
154.2	16.8379	-0.0555	5.0671	6
154.25	16.8382	-0.3653	5.0741	6
154.3	16.8378	-0.0269	5.0676	6
154.35	16.8378	-0.1638	5.0796	6
154.4	16.8377	-0.1394	5.0687	6
154.45	16.8378	-0.1379	5.0665	6
154.5	16.8382	-0.4087	5.0726	6
154.55	16.8381	-0.0085	5.0809	6
154.6	16.8384	-0.3224	5.0963	6
154.65	16.838	-0.1467	5.0868	6
154.7	16.8374	-0.4368	5.0625	6
154.75	16.8366	-0.0418	5.0588	6
154.8	16.8368	-0.4101	5.0698	6
154.85	16.8367	-0.1476	5.0857	6
154.9	16.8371	-0.5305	5.0751	6
154.95	16.8366	-0.1345	5.0722	6
155	16.8367	-0.1923	5.0755	6
155.05	16.8371	-0.6001	5.0749	6
155.1	16.8366	-0.0016	5.0988	6
155.15	16.8367	-0.2151	5.0896	6
155.2	16.8374	-0.715	5.0952	6
155.25	16.8369	0.2284	5.1073	6
155.3	16.8378	-0.6509	5.1058	6
155.35	16.8373	-0.1785	5.11	6
155.4	16.8375	-0.5292	5.1068	6
155.45	16.8373	-0.3517	5.1059	6
155.5	16.8372	-0.2339	5.1044	6
155.55	16.8375	-0.7896	5.0966	6
155.6	16.8369	0.0007	5.0876	6
155.65	16.8373	-0.6319	5.0783	6
155.7	16.837	-0.4195	5.0761	6
155.75	16.8371	-0.4157	5.0823	6
155.8	16.837	-0.0229	5.094	6
155.85	16.8375	-0.6423	5.107	6
155.9	16.8373	-0.4336	5.1038	6
155.95	16.8372	-0.322	5.0971	6
156	16.8371	-0.1469	5.099	6
156.05	16.8376	-0.7879	5.0805	6
156.1	16.837	0.0249	5.0714	6
156.15	16.8376	-0.6056	5.0636	6
156.2	16.8372	-0.3061	5.0685	6
156.25	16.8372	-0.5459	5.0698	6
156.3	16.8372	-0.4562	5.0768	6
156.35	16.8368	-0.0252	5.0751	6
156.4	16.8374	-0.8985	5.0625	6
156.45	16.8368	-0.0754	5.0598	6
156.5	16.8372	-0.4101	5.0587	6
156.55	16.8372	-0.5436	5.0529	6
156.6	16.837	-0.364	5.0689	6
156.65	16.8371	-0.2762	5.088	6
156.7	16.8372	-0.4792	5.0824	6
156.75	16.8369	-0.3055	5.0662	6
156.8	16.8371	-0.4415	5.0576	6
156.85	16.837	-0.1859	5.0501	6
156.9	16.8374	-0.7775	5.0671	6
156.95	16.8369	-0.1069	5.058	6
157	16.8374	-0.5108	5.073	6
157.05	16.8373	-0.2555	5.0862	6
157.1	16.8375	-0.6664	5.0912	6
157.15	16.8369	-0.0339	5.1038	6
157.2	16.8372	-0.5219	5.0804	6
157.25	16.8371	-0.2249	5.0834	6
157.3	16.8374	-0.4577	5.0829	6
157.35	16.837	0.0053	5.089	6
157.4	16.8367	-0.489	5.0965	6
157.45	16.836	-0.2992	5.088	6
157.5	16.8359	-0.0889	5.1099	6
157.55	16.8363	-0.4187	5.1144	6
157.6	16.836	-0.0396	5.1068	6
157.65	16.836	-0.302	5.1099	6
157.7	16.836	-0.2316	5.0931	6
157.75	16.8359	0.0331	5.0949	6
157.8	16.8362	-0.4177	5.1064	6
157.85	16.8355	-0.1309	5.083	6
157.9	16.8354	-0.1609	5.082	6
157.95	16.8359	-0.3869	5.0919	6
158	16.8355	0.0858	5.0876	6
158.05	16.8359	-0.3973	5.094	6
158.1	16.8354	-0.0235	5.0901	6
158.15	16.8357	-0.241	5.1006	6
158.2	16.8359	-0.1889	5.1063	6
158.25	16.8362	-0.2055	5.0979	6
158.3	16.836	-0.0721	5.0864	6
158.35	16.8357	-0.2978	5.0972	6
158.4	16.8354	0.0365	5.1023	6
158.45	16.8358	-0.3658	5.0882	6
158.5	16.8354	0.0885	5.0892	6
158.55	16.8357	-0.4333	5.0962	6
158.6	16.8357	-0.1412	5.0766	6
158.65	16.8359	-0.1348	5.0582	6
158.7	16.8361	-0.2195	5.0663	6
158.75	16.8359	-0.122	5.0857	6
158.8	16.836	-0.2526	5.1016	6
158.85	16.8357	-0.1051	5.0946	6
158.9	16.8356	-0.2598	5.0977	6
158.95	16.8356	-0.141	5.1207	6
159	16.8357	-0.0972	5.121	6
159.05	16.836	-0.2393	5.1061	6
159.1	16.8359	-0.4587	5.094	6
159.15	16.8356	-0.1356	5.0994	6
159.2	16.8361	-0.1619	5.1308	6
159.25	16.8361	-0.3704	5.1271	6
159.3	16.8358	-0.1688	5.1212	6
159.35	16.8358	-0.169	5.1218	6
159.4	16.8359	-0.2605	5.1048	6
159.45	16.8358	-0.3063	5.0839	6
159.5	16.8357	-0.1601	5.0931	6
159.55	16.836	-0.3699	5.0921	6
159.6	16.8357	-0.0298	5.0742	6
159.65	16.8362	-0.567	5.0623	6
159.7	16.8357	-0.0268	5.0738	6
159.75	16.8359	-0.5339	5.0682	6
159.8	16.8356	-0.1283	5.0617	6
159.85	16.8361	-0.5509	5.0678	6
159.9	16.8356	-0.0099	5.0788	6
159.95	16.8359	-0.502	5.069	6
160	16.8357	-0.4386	5.0523	6
160.05	16.8356	-0.2384	5.0669	6
160.1	16.8357	-0.2632	5.0805	6
160.15	16.8361	-0.5789	5.0805	6
160.2	16.8356	0.0676	5.0784	6
160.25	16.8363	-0.5764	5.0606	6
160.3	16.8362	-0.4438	5.0663	6
160.35	16.836	-0.2593	5.0806	6
160.4	16.8359	-0.3391	5.0827	6
160.45	16.836	-0.7522	5.0898	6
160.5	16.8354	-0.0547	5.0749	6
160.55	16.8357	-0.3792	5.0656	6
160.6	16.8357	-0.5477	5.0674	6
160.65	16.8355	-0.3805	5.0821	6
160.7	16.8356	-0.3369	5.1035	6
160.75	16.836	-0.5224	5.0993	6
160.8	16.8358	-0.3052	5.0939	6
160.85	16.8357	-0.207	5.08	6
160.9	16.8361	-0.624	5.064	6
160.95	16.8359	-0.214	5.0489	6
161	16.836	-0.2714	5.0495	6
161.05	16.836	-0.491	5.0715	6
161.1	16.8363	-0.6923	5.0831	6
161.15	16.8357	0.0367	5.0735	6
161.2	16.8363	-0.39	5.0785	6
161.25	16.8365	-0.5406	5.0784	6
161.3	16.8361	-0.1901	5.0789	6
161.35	16.8362	-0.2139	5.0819	6
161.4	16.8367	-0.7736	5.0692	6
161.45	16.8361	0.0933	5.0709	6
161.5	16.8367	-0.5807	5.0796	6
161.55	16.8366	-0.3898	5.0763	6
161.6	16.8364	-0.3247	5.0588	6
161.65	16.8361	-0.1695	5.0562	6
161.7	16.8365	-0.6447	5.0711	6
161.75	16.8362	-0.167	5.0729	6
161.8	16.8366	-0.4593	5.0887	6
161.85	16.8363	-0.3496	5.0943	6
161.9	16.8362	-0.3833	5.0822	6
161.95	16.8362	-0.0652	5.0657	6
162	16.8368	-0.5715	5.0743	6
162.05	16.8367	-0.4597	5.0823	6
162.1	16.8362	0.0367	5.0953	6
162.15	16.8367	-0.5293	5.0851	6
162.2	16.8367	-0.5487	5.0796	6
162.25	16.8365	-0.1429	5.0789	6
162.3	16.8365	-0.2564	5.0831	6
162.35	16.8368	-0.615	5.1017	6
162.4	16.8364	-0.1289	5.0939	6
162.45	16.8367	-0.4007	5.0757	6
162.5	16.8369	-0.4846	5.0701	6
162.55	16.8368	-0.338	5.0751	6
162.6	16.8368	-0.2827	5.0815	6
162.65	16.8368	-0.5134	5.0774	6
162.7	16.8366	-0.4412	5.0802	6
162.75	16.8364	-0.1853	5.068	6
162.8	16.8368	-0.569	5.0782	6
162.85	16.8367	-0.4752	5.0974	6
162.9	16.8364	-0.2662	5.0951	6
162.95	16.8365	-0.4569	5.0932	6
163	16.8364	-0.3434	5.094	6
163.05	16.8365	-0.4203	5.0956	6
163.1	16.8365	-0.3406	5.0851	6
163.15	16.8368	-0.6256	5.076	6
163.2	16.8368	-0.5677	5.0755	6
163.25	16.8364	-0.1947	5.0753	6
163.3	16.8367	-0.6427	5.0808	6
163.35	16.8366	-0.3636	5.0871	6
163.4	16.8366	-0.5248	5.0906	6
163.45	16.8364	-0.3332	5.0919	6
163.5	16.8367	-0.7805	5.0842	6
163.55	16.8363	-0.2055	5.0861	6
163.6	16.8364	-0.2327	5.0892	6
163.65	16.8369	-0.8295	5.0827	6
163.7	16.8365	-0.4203	5.0714	6
163.75	16.8364	-0.2735	5.08	6
163.8	16.8367	-0.6988	5.0892	6
163.85	16.8366	-0.6913	5.0742	6
163.9	16.8361	-0.0602	5.0751	6
163.95	16.8365	-0.4526	5.0749	6
164	16.8365	-0.4691	5.0872	6
164.05	16.8364	-0.3367	5.0959	6
164.1	16.8363	-0.2293	5.0951	6
164.15	16.8368	-0.781	5.0957	6
164.2	16.8365	-0.2376	5.0898	6
164.25	16.8365	-0.2276	5.0933	6
164.3	16.8367	-0.4325	5.099	6
164.35	16.8369	-0.711	5.0849	6
164.4	16.8364	-0.071	5.0897	6
164.45	16.8367	-0.2579	5.0934	6
164.5	16.8369	-0.5496	5.0807	6
164.55	16.8368	-0.5573	5.088	6
164.6	16.8367	-0.3265	5.0844	6
164.65	16.8367	-0.3832	5.0608	6
164.7	16.8369	-0.704	5.0607	6
164.75	16.8365	-0.1187	5.0619	6
164.8	16.8366	-0.3243	5.0563	6
164.85	16.8371	-0.8808	5.0673	6
164.9	16.8366	-0.093	5.0727	6
164.95	16.8368	-0.3728	5.0719	6
165	16.837	-0.6186	5.0668	6
165.05	16.8367	-0.4211	5.0764	6
165.1	16.8367	-0.2658	5.0805	6
165.15	16.837	-0.4479	5.0769	6
165.2	16.8372	-0.6929	5.0776	6
165.25	16.8369	-0.3178	5.0883	6
165.3	16.8368	-0.2214	5.0854	6
165.35	16.8372	-0.7216	5.0715	6
165.4	16.8369	-0.3273	5.068	6
165.45	16.8367	-0.2864	5.0672	6
165.5	16.8364	-0.4662	5.0626	6
165.55	16.8364	-0.8701	5.0774	6
165.6	16.8357	0.0306	5.0898	6
165.65	16.8363	-0.6273	5.0778	6
165.7	16.8362	-0.5818	5.078	6
165.75	16.8358	-0.3468	5.0673	6
165.8	16.8359	-0.6665	5.0675	6
165.85	16.8357	-0.4527	5.0871	6
165.9	16.836	-0.5254	5.0814	6
165.95	16.8357	-0.3308	5.0677	6
166	16.8357	-0.5876	5.0748	6
166.05	16.8361	-0.7495	5.0797	6
166.1	16.8358	-0.3701	5.0828	6
166.15	16.8358	-0.3771	5.0884	6
166.2	16.8358	-0.7426	5.1009	6
166.25	16.8355	-0.3173	5.0842	6
166.3	16.8357	-0.4675	5.1013	6
166.35	16.8361	-0.5722	5.1038	6
166.4	16.8358	-0.3111	5.0781	6
166.45	16.8359	-0.5241	5.0839	6
166.5	16.8357	-0.3636	5.0832	6
166.55	16.836	-0.5299	5.093	6
166.6	16.8356	-0.4373	5.0837	6
166.65	16.8361	-0.4471	5.0788	6
166.7	16.8362	-0.5128	5.0867	6
166.75	16.8357	-0.3854	5.0846	6
166.8	16.8359	-0.5924	5.0918	6
166.85	16.8357	-0.4305	5.085	6
166.9	16.8357	-0.525	5.0742	6
166.95	16.8355	-0.276	5.0923	6
167	16.836	-0.6584	5.0913	6
167.05	16.8356	-0.2158	5.0724	6
167.1	16.8361	-0.5843	5.0805	6
167.15	16.8357	-0.2866	5.0898	6
167.2	16.8361	-0.5952	5.0984	6
167.25	16.8359	-0.3217	5.1016	6
167.3	16.8363	-0.5433	5.1057	6
167.35	16.8358	-0.2891	5.0942	6
167.4	16.836	-0.5673	5.0954	6
167.45	16.8359	-0.4803	5.1161	6
167.5	16.8356	-0.2795	5.1106	6
167.55	16.8359	-0.6228	5.0994	6
167.6	16.8358	-0.2858	5.0975	6
167.65	16.8361	-0.5464	5.0889	6
167.7	16.8359	-0.3751	5.0786	6
167.75	16.836	-0.4889	5.0518	6
167.8	16.836	-0.544	5.0578	6
167.85	16.8358	-0.1519	5.0881	6
167.9	16.8364	-0.6721	5.0894	6
167.95	16.8363	-0.3008	5.0969	6
168	16.8364	-0.3503	5.1127	6
168.05	16.8363	-0.3205	5.097	6
168.1	16.8363	-0.4449	5.0784	6
168.15	16.8361	-0.1747	5.084	6
168.2	16.8364	-0.4097	5.0974	6
168.25	16.8366	-0.4715	5.1004	6
168.3	16.8364	-0.3811	5.0888	6
168.35	16.8363	-0.1613	5.0768	6
168.4	16.8365	-0.4081	5.0738	6
168.45	16.8365	-0.4188	5.0819	6
168.5	16.8363	-0.1943	5.089	6
168.55	16.8363	-0.3677	5.0848	6
168.6	16.8362	-0.4348	5.0784	6
168.65	16.8362	-0.271	5.0849	6
168.7	16.8362	-0.2058	5.0898	6
168.75	16.8365	-0.4521	5.0927	6
168.8	16.8364	-0.2302	5.0918	6
168.85	16.8364	-0.0764	5.0914	6
168.9	16.8366	-0.5438	5.0841	6
168.95	16.8362	-0.174	5.0793	6
169	16.8364	-0.1665	5.1076	6
169.05	16.8366	-0.4303	5.1028	6
169.1	16.8364	-0.2703	5.0956	6
169.15	16.8363	-0.0261	5.1171	6
169.2	16.8365	-0.249	5.1289	6
169.25	16.8364	-0.102	5.1154	6
169.3	16.8367	-0.364	5.1077	6
169.35	16.8363	0.0892	5.1295	6
169.4	16.8367	-0.3563	5.1224	6
169.45	16.8366	-0.2486	5.0964	6
169.5	16.8364	0.0592	5.1046	6
169.55	16.837	-0.3492	5.1017	6
169.6	16.8367	-0.0053	5.0976	6
169.65	16.8369	-0.1975	5.1125	6
169.7	16.837	-0.1605	5.1064	6
169.75	16.8371	-0.3864	5.1075	6
169.8	16.8367	0.0993	5.1005	6
169.85	16.8372	-0.225	5.1036	6
169.9	16.8373	-0.2054	5.1113	6
169.95	16.8373	-0.2029	5.1085	6
170	16.837	0.0972	5.1233	6
170.05	16.8374	-0.4026	5.112	6
170.1	16.8371	-0.0392	5.1022	6
170.15	16.837	-0.0139	5.107	6
170.2	16.8371	-0.2503	5.0963	6
170.25	16.8371	-0.178	5.0984	6
170.3	16.8371	-0.1313	5.1006	6
170.35	16.837	-0.058	5.0999	6
170.4	16.837	0.0049	5.1044	6
170.45	16.8373	-0.3403	5.1064	6
170.5	16.837	0.1119	5.1115	6
170.55	16.8373	-0.3203	5.1115	6
170.6	16.8369	-0.002	5.109	6
170.65	16.8369	-0.103	5.1023	6
170.7	16.8368	-0.0157	5.0877	6
170.75	16.837	-0.3108	5.0895	6
170.8	16.837	-0.175	5.0949	6
170.85	16.8368	0.1526	5.092	6
170.9	16.837	-0.1564	5.0969	6
170.95	16.837	-0.1195	5.0975	6
171	16.8367	0.1486	5.0999	6
171.05	16.837	-0.1696	5.1016	6
171.1	16.8371	-0.1796	5.0967	6
171.15	16.8368	0.2303	5.1056	6
171.2	16.8371	0.0223	5.1076	6
171.25	16.8374	-0.1729	5.0889	6
171.3	16.8373	0.1357	5.0926	6
171.35	16.8372	-0.0451	5.0943	6
171.4	16.8371	-0.1095	5.1031	6
171.45	16.8368	0.1698	5.1094	6
171.5	16.8368	0.1185	5.0981	6
171.55	16.8366	0.0247	5.1088	6
171.6	16.8362	0.0793	5.1171	6
171.65	16.8358	0.2887	5.1116	6
171.7	16.8362	-0.0669	5.1167	6
171.75	16.8356	-0.014	5.1169	6
171.8	16.8357	0.1593	5.1077	6
171.85	16.836	0.1223	5.1002	6
171.9	16.8358	-0.0719	5.1004	6
171.95	16.8357	0.2614	5.1019	6
172	16.836	0.0982	5.1056	6
172.05	16.836	0.019	5.1065	6
172.1	16.8359	0.0974	5.1106	6
172.15	16.8357	0.1053	5.1012	6
172.2	16.8358	-0.0139	5.0875	6
172.25	16.8358	0.1053	5.0868	6
172.3	16.836	0.0272	5.0981	6
172.35	16.8359	0.072	5.102	6
172.4	16.8358	0.0228	5.1038	6
172.45	16.8356	-0.1102	5.0913	6
172.5	16.8356	0.0484	5.08	6
172.55	16.8358	-0.0764	5.0747	6
172.6	16.8357	-0.0158	5.0816	6
172.65	16.836	-0.1607	5.0966	6
172.7	16.8355	0.1751	5.101	6
172.75	16.8362	-0.2696	5.0801	6
172.8	16.8358	-0.0856	5.0692	6
172.85	16.8359	-0.1423	5.0835	6
172.9	16.8357	0.1167	5.0776	6
172.95	16.8362	-0.4607	5.0681	6
173	16.8355	0.2222	5.0698	6
173.05	16.8362	-0.5081	5.0656	6
173.1	16.8354	0.2337	5.0648	6
173.15	16.836	-0.2262	5.0756	6
173.2	16.8358	-0.3198	5.0826	6
173.25	16.8356	0.0529	5.0801	6
173.3	16.8358	-0.1929	5.0858	6
173.35	16.8357	-0.1303	5.107	6
173.4	16.8355	-0.2707	5.0944	6
173.45	16.836	-0.3188	5.0719	6
173.5	16.8359	-0.0461	5.0853	6
173.55	16.8359	-0.2788	5.089	6
173.6	16.8355	-0.3479	5.0764	6
173.65	16.8357	0.2325	5.0736	6
173.7	16.8364	-0.5497	5.0837	6
173.75	16.8355	-0.133	5.0932	6
173.8	16.8358	-0.3076	5.0914	6
173.85	16.8357	0.0088	5.0924	6
173.9	16.836	-0.4681	5.0915	6
173.95	16.8356	-0.0106	5.0956	6
174	16.836	-0.4883	5.0987	6
174.05	16.8354	-0.3374	5.096	6
174.1	16.8356	-0.3956	5.0825	6
174.15	16.8359	-0.1242	5.0818	6
174.2	16.8363	-0.7908	5.089	6
174.25	16.8355	-0.0867	5.0853	6
174.3	16.8359	-0.5135	5.071	6
174.35	16.8355	-0.2216	5.0702	6
174.4	16.836	-0.5944	5.0757	6
174.45	16.8355	-0.3001	5.0843	6
174.5	16.8361	-0.4235	5.09	6
174.55	16.8358	-0.2529	5.0826	6
174.6	16.836	-0.5166	5.0903	6
174.65	16.8358	-0.4296	5.094	6
174.7	16.8356	-0.3244	5.1035	6
174.75	16.8358	-0.4888	5.1104	6
174.8	16.8358	-0.2738	5.0986	6
174.85	16.8359	-0.501	5.1055	6
174.9	16.8356	-0.2106	5.1172	6
174.95	16.8361	-0.7781	5.1162	6
175	16.8355	-0.0503	5.1207	6
175.05	16.8361	-0.6599	5.1169	6
175.1	16.8356	-0.2472	5.0973	6
175.15	16.8359	-0.6376	5.0783	6
175.2	16.8356	-0.4004	5.0849	6
175.25	16.8358	-0.4553	5.1064	6
175.3	16.8357	-0.4015	5.0983	6
175.35	16.8359	-0.654	5.0953	6
175.4	16.8357	-0.2327	5.0992	6
175.45	16.8364	-0.6546	5.1024	6
175.5	16.836	-0.5176	5.0913	6
175.55	16.8357	-0.5763	5.0785	6
175.6	16.8357	-0.4504	5.081	6
175.65	16.836	-0.5985	5.0744	6
175.7	16.8358	-0.6294	5.0788	6
175.75	16.8356	-0.566	5.098	6
175.8	16.8355	-0.4505	5.0938	6
175.85	16.8359	-0.7194	5.0839	6
175.9	16.8358	-0.6319	5.0986	6
175.95	16.8357	-0.5591	5.1076	6
176	16.836	-0.6332	5.1084	6
176.05	16.8363	-0.805	5.0986	6
176.1	16.8361	-0.4484	5.0993	6
176.15	16.8363	-0.8745	5.1106	6
176.2	16.836	-0.6951	5.1117	6
176.25	16.8356	-0.2466	5.1142	6
176.3	16.8366	-1.1816	5.1185	6
176.35	16.8357	-0.3827	5.1092	6
176.4	16.8358	-0.7197	5.1142	6
176.45	16.836	-0.801	5.1045	6
176.5	16.8357	-0.5414	5.1093	6
176.55	16.8361	-0.8414	5.1004	6
176.6	16.8355	-0.2262	5.075	6
176.65	16.8362	-1.1094	5.0898	6
176.7	16.8355	-0.3971	5.0951	6
176.75	16.8355	-0.4589	5.1044	6
176.8	16.8362	-0.9068	5.1114	6
176.85	16.8359	-0.5702	5.1083	6
176.9	16.8356	-0.3366	5.1044	6
176.95	16.8361	-0.9658	5.0965	6
177	16.8357	-0.0575	5.1122	6
177.05	16.8364	-0.9063	5.1106	6
177.1	16.8357	-0.2192	5.0978	6
177.15	16.8361	-0.9212	5.1045	6
177.2	16.8358	-0.3171	5.0994	6
177.25	16.8358	-0.5338	5.0959	6
177.3	16.8362	-0.9816	5.1107	6
177.35	16.8355	-0.063	5.1086	6
177.4	16.8361	-0.9428	5.1167	6
177.45	16.8358	-0.5857	5.1261	6
177.5	16.8357	-0.3698	5.1245	6
177.55	16.8362	-0.7415	5.1167	6
177.6	16.8361	-0.5701	5.1164	6
177.65	16.8361	-0.7587	5.1085	6
177.7	16.8359	-0.3982	5.0843	6
177.75	16.8361	-0.7326	5.0787	6
177.8	16.8361	-0.6527	5.1003	6
177.85	16.836	-0.5859	5.1094	6
177.9	16.836	-0.5987	5.1097	6
177.95	16.8359	-0.5541	5.1122	6
178	16.8363	-0.9301	5.1136	6
178.05	16.836	-0.4377	5.1175	6
178.1	16.8363	-0.798	5.1094	6
178.15	16.8362	-0.8195	5.1119	6
178.2	16.8359	-0.6656	5.086	6
178.25	16.836	-0.8587	5.0779	6
178.3	16.836	-0.8528	5.0951	6
178.35	16.8362	-0.9244	5.0928	6
178.4	16.8362	-0.8265	5.0842	6
178.45	16.8363	-0.7591	5.0772	6
178.5	16.8366	-1.0783	5.079	6
178.55	16.8363	-0.8107	5.0948	6
178.6	16.8364	-0.9003	5.08	6
178.65	16.8363	-0.8789	5.0715	6
178.7	16.8363	-0.9497	5.0761	6
178.75	16.8363	-0.9219	5.0893	6
178.8	16.8364	-0.9136	5.094	6
178.85	16.8364	-1.0085	5.0707	6
178.9	16.8362	-0.8006	5.0778	6
178.95	16.8363	-0.7954	5.0851	6
179	16.8366	-0.9299	5.0805	6
179.05	16.8363	-0.6348	5.0893	6
179.1	16.8364	-1.022	5.0814	6
179.15	16.8361	-0.7867	5.0728	6
179.2	16.8362	-0.8447	5.0868	6
179.25	16.8362	-0.6494	5.1037	6
179.3	16.8366	-1.2044	5.1076	6
179.35	16.8359	-0.5072	5.0876	6
179.4	16.8362	-0.909	5.0834	6
179.45	16.836	-0.877	5.0923	6
179.5	16.8362	-0.9246	5.1076	6
179.55	16.8361	-0.6149	5.1325	6
179.6	16.8366	-1.1726	5.1312	6
179.65	16.8362	-0.5742	5.0944	6
179.7	16.8365	-1.0897	5.0958	6
179.75	16.8363	-0.8006	5.1027	6
179.8	16.8364	-1.0137	5.1076	6
179.85	16.8364	-0.9004	5.0831	6
179.9	16.8363	-0.8927	5.084	6
179.95	16.8362	-0.8856	5.1081	6
180	16.8363	-1.0046	5.0944	6
180.05	16.8362	-0.7772	5.0949	6
180.1	16.8365	-1.1005	5.0985	6
180.15	16.8364	-0.9156	5.0899	6
180.2	16.8363	-1.0844	5.097	6
180.25	16.836	-0.9313	5.0799	6
180.3	16.8363	-1.2706	5.0666	6
180.35	16.836	-0.8839	5.0797	6
180.4	16.8364	-1.2581	5.076	6
180.45	16.8363	-1.1721	5.0783	6
180.5	16.8361	-0.8806	5.0828	6
180.55	16.8364	-1.1773	5.0764	6
180.6	16.8364	-1.1916	5.0773	6
180.65	16.8366	-1.242	5.0762	6
180.7	16.8365	-0.995	5.0804	6
180.75	16.8364	-1.1394	5.0841	6
180.8	16.8366	-1.3782	5.0722	6
180.85	16.8362	-0.8512	5.082	6
180.9	16.8364	-1.2576	5.0841	6
180.95	16.8364	-1.332	5.0816	6
181	16.8363	-0.9946	5.0913	6
181.05	16.8366	-1.2856	5.102	6
181.1	16.8367	-1.2756	5.0933	6
181.15	16.8368	-1.1786	5.094	6
181.2	16.8368	-1.1685	5.0928	6
181.25	16.8368	-1.1171	5.083	6
181.3	16.837	-1.3395	5.0866	6
181.35	16.8369	-1.089	5.0971	6
181.4	16.8368	-0.9004	5.1036	6
181.45	16.8372	-1.4308	5.0996	6
181.5	16.8367	-0.9127	5.1036	6
181.55	16.837	-1.1875	5.1102	6
181.6	16.8369	-1.1882	5.1229	6
181.65	16.8369	-1.1314	5.1264	6
181.7	16.8368	-0.9313	5.1211	6
181.75	16.8373	-1.4081	5.1187	6
181.8	16.837	-1.0298	5.1183	6
181.85	16.8373	-1.4398	5.1161	6
181.9	16.8369	-1.1376	5.1253	6
181.95	16.8369	-1.2653	5.1207	6
182	16.8369	-1.0823	5.1277	6
182.05	16.8372	-1.2901	5.1306	6
182.1	16.8369	-0.9646	5.1379	6
182.15	16.8371	-1.3909	5.131	6
182.2	16.837	-1.2971	5.1085	6
182.25	16.8368	-1.0754	5.1006	6
182.3	16.8367	-1.125	5.1002	6
182.35	16.8368	-1.1299	5.1218	6
182.4	16.837	-1.149	5.1296	6
182.45	16.837	-1.2704	5.1162	6
182.5	16.8367	-0.8836	5.116	6
182.55	16.837	-1.3281	5.109	6
182.6	16.8369	-1.1397	5.1195	6
182.65	16.8364	-1.0391	5.1196	6
182.7	16.8365	-1.5906	5.1268	6
182.75	16.8357	-0.7565	5.133	6
182.8	16.8361	-1.1945	5.1056	6
182.85	16.8361	-1.323	5.0949	6
182.9	16.8355	-0.8403	5.1065	6
182.95	16.8362	-1.2518	5.1066	6
183	16.8358	-0.9437	5.106	6
183.05	16.8357	-0.8944	5.104	6
183.1	16.8357	-1.0004	5.1075	6
183.15	16.8359	-1.0422	5.113	6
183.2	16.8356	-0.8317	5.1217	6
183.25	16.8358	-0.9883	5.1287	6
183.3	16.8356	-0.7942	5.1199	6
183.35	16.8358	-1.0297	5.1158	6
183.4	16.8355	-0.7531	5.1231	6
183.45	16.8357	-0.8261	5.1221	6
183.5	16.8357	-0.8684	5.1158	6
183.55	16.8356	-0.6819	5.1073	6
183.6	16.8357	-0.6998	5.0896	6
183.65	16.8361	-0.9819	5.0907	6
183.7	16.8356	-0.5425	5.0992	6
183.75	16.8357	-0.7095	5.1202	6
183.8	16.8356	-0.8629	5.1152	6
183.85	16.8357	-0.556	5.1001	6
183.9	16.8363	-0.8704	5.1047	6
183.95	16.8355	-0.5224	5.1186	6
184	16.8357	-0.7211	5.1285	6
184.05	16.8356	-0.4512	5.1325	6
184.1	16.836	-0.9182	5.1206	6
184.15	16.8359	-0.7667	5.122	6
184.2	16.8357	-0.7139	5.116	6
184.25	16.8358	-0.6027	5.1163	6
184.3	16.8362	-0.9449	5.1049	6
184.35	16.8358	-0.7682	5.1167	6
184.4	16.8359	-0.5951	5.1245	6
184.45	16.8358	-0.6831	5.1174	6
184.5	16.8358	-0.8678	5.1259	6
184.55	16.8355	-0.5575	5.1431	6
184.6	16.8358	-0.6953	5.1527	6
184.65	16.8358	-0.7911	5.1453	6
184.7	16.8357	-0.7785	5.1311	6
184.75	16.8358	-0.375	5.1376	6
184.8	16.8362	-1.0188	5.1334	6
184.85	16.8354	-0.5351	5.124	6
184.9	16.8357	-0.5755	5.1393	6
184.95	16.8361	-0.7901	5.1398	6
185	16.8359	-0.645	5.144	6
185.05	16.8354	-0.4187	5.1409	6
185.1	16.8358	-0.8294	5.1311	6
185.15	16.8356	-0.6003	5.1363	6
185.2	16.8359	-0.6662	5.1419	6
185.25	16.8356	-0.4296	5.1193	6
185.3	16.836	-0.9867	5.1179	6
185.35	16.8354	-0.4781	5.1112	6
185.4	16.8359	-0.7831	5.1158	6
185.45	16.8359	-0.5059	5.122	6
185.5	16.8362	-0.8348	5.1173	6
185.55	16.8354	-0.3792	5.1062	6
185.6	16.836	-0.7293	5.1015	6
185.65	16.8358	-0.6943	5.1022	6
185.7	16.8359	-0.4782	5.1041	6
185.75	16.836	-0.7416	5.1042	6
185.8	16.8357	-0.5788	5.1131	6
185.85	16.8356	-0.5557	5.1209	6
185.9	16.8359	-0.7551	5.1244	6
185.95	16.8359	-0.5068	5.1316	6
186	16.8357	-0.5642	5.1291	6
186.05	16.8358	-0.8983	5.1346	6
186.1	16.8353	-0.4594	5.1249	6
186.15	16.8357	-0.7678	5.1184	6
186.2	16.8355	-0.5565	5.1272	6
186.25	16.836	-0.7578	5.1277	6
186.3	16.836	-0.4911	5.1226	6
186.35	16.836	-0.6136	5.1208	6
186.4	16.8359	-0.5546	5.11	6
186.45	16.8358	-0.6798	5.1218	6
186.5	16.8354	-0.4333	5.1359	6
186.55	16.8356	-0.6953	5.133	6
186.6	16.8354	-0.525	5.1333	6
186.65	16.8358	-0.6969	5.1379	6
186.7	16.8355	-0.4253	5.1173	6
186.75	16.8357	-0.6492	5.1021	6
186.8	16.8356	-0.4946	5.1178	6
186.85	16.836	-0.626	5.1371	6
186.9	16.836	-0.352	5.134	6
186.95	16.8361	-0.646	5.1239	6
187	16.836	-0.52	5.122	6
187.05	16.8359	-0.6008	5.1184	6
187.1	16.8358	-0.5141	5.1173	6
187.15	16.8357	-0.6305	5.1093	6
187.2	16.8354	-0.1773	5.1237	6
187.25	16.8362	-0.7532	5.126	6
187.3	16.8361	-0.4312	5.1335	6
187.35	16.8359	-0.4786	5.1316	6
187.4	16.8356	-0.4402	5.1258	6
187.45	16.8355	-0.5491	5.1259	6
187.5	16.8355	-0.2848	5.1159	6
187.55	16.8361	-0.4989	5.1255	6
187.6	16.8362	-0.5473	5.1421	6
187.65	16.8361	-0.3683	5.1209	6
187.7	16.8359	-0.3333	5.1141	6
187.75	16.8358	-0.6307	5.1209	6
187.8	16.8355	-0.2285	5.115	6
187.85	16.8358	-0.5836	5.115	6
187.9	16.8355	-0.2035	5.1162	6
187.95	16.8359	-0.4242	5.1196	6
188	16.836	-0.3438	5.1239	6
188.05	16.8359	-0.5093	5.1341	6
188.1	16.8356	-0.0907	5.1281	6
188.15	16.8361	-0.5464	5.1176	6
188.2	16.8359	-0.3067	5.1307	6
188.25	16.8355	-0.4096	5.1436	6
188.3	16.8353	-0.2195	5.1353	6
188.35	16.8362	-0.4726	5.1517	6
188.4	16.8361	-0.5519	5.1577	6
188.45	16.8354	-0.104	5.1314	6
188.5	16.836	-0.4024	5.1258	6
188.55	16.8361	-0.7026	5.1219	6
188.6	16.8357	-0.193	5.1186	6
188.65	16.8359	-0.3803	5.1309	6
188.7	16.8358	-0.6726	5.1452	6
188.75	16.8357	-0.0732	5.1523	6
188.8	16.8361	-0.6423	5.144	6
188.85	16.8352	-0.2613	5.1213	6
188.9	16.8353	-0.5015	5.1055	6
188.95	16.8355	-0.3016	5.1073	6
189	16.8359	-0.5057	5.1101	6
189.05	16.836	-0.5196	5.1076	6
189.1	16.8359	-0.3128	5.1195	6
189.15	16.8361	-0.2735	5.1153	6
189.2	16.8362	-0.7348	5.1025	6
189.25	16.8355	-0.161	5.1199	6
189.3	16.8357	-0.4399	5.1042	6
189.35	16.8358	-0.3541	5.1071	6
189.4	16.8359	-0.4443	5.129	6
189.45	16.8358	-0.2803	5.1275	6
189.5	16.8359	-0.4034	5.1207	6
189.55	16.836	-0.5155	5.1026	6
189.6	16.8356	-0.2167	5.0888	6
189.65	16.8358	-0.5448	5.0933	6
189.7	16.8357	-0.4508	5.1002	6
189.75	16.8356	-0.2601	5.102	6
189.8	16.836	-0.4933	5.0974	6
189.85	16.836	-0.4307	5.0863	6
189.9	16.8357	-0.4146	5.0941	6
189.95	16.8358	-0.4814	5.1074	6
190	16.8357	-0.3154	5.122	6
190.05	16.8357	-0.4161	5.1024	6
190.1	16.8357	-0.3743	5.089	6
190.15	16.8356	-0.1979	5.0954	6
190.2	16.8358	-0.5399	5.1042	6
190.25	16.8355	-0.2277	5.1261	6
190.3	16.8359	-0.5165	5.1414	6
190.35	16.8359	-0.3689	5.1441	6
190.4	16.8358	-0.283	5.128	6
190.45	16.8361	-0.4619	5.1078	6
190.5	16.8359	-0.4257	5.1101	6
190.55	16.8356	-0.1848	5.1086	6
190.6	16.836	-0.5964	5.1136	6
190.65	16.8357	-0.0189	5.1197	6
190.7	16.8362	-0.591	5.1185	6
190.75	16.8361	-0.409	5.1256	6
190.8	16.8358	-0.3231	5.1124	6
190.85	16.8359	-0.3351	5.1118	6
190.9	16.836	-0.6276	5.1076	6
190.95	16.8356	-0.1656	5.105	6
191	16.8358	-0.6029	5.0982	6
191.05	16.8355	-0.406	5.1033	6
191.1	16.8358	-0.4609	5.0955	6
191.15	16.8358	-0.5038	5.1023	6
191.2	16.836	-0.428	5.0884	6
191.25	16.8356	-0.3049	5.1133	6
191.3	16.836	-0.5732	5.1276	6
191.35	16.8359	-0.4987	5.0971	6
191.4	16.8358	-0.4108	5.1011	6
191.45	16.8356	-0.4743	5.1115	6
191.5	16.8361	-0.6939	5.0962	6
191.55	16.8357	-0.4681	5.1015	6
191.6	16.8358	-0.4373	5.1083	6
191.65	16.8359	-0.631	5.1149	6
191.7	16.8356	-0.5381	5.1284	6
191.75	16.8358	-0.574	5.11	6
191.8	16.8357	-0.492	5.1008	6
191.85	16.8358	-0.6847	5.108	6
191.9	16.8358	-0.5563	5.1085	6
191.95	16.8359	-0.5405	5.1115	6
192	16.8361	-0.587	5.1122	6
192.05	16.8357	-0.5565	5.1123	6
192.1	16.8357	-0.6028	5.1086	6
192.15	16.8357	-0.7558	5.0849	6
192.2	16.8356	-0.5813	5.0851	6
192.25	16.8358	-0.7401	5.075	6
192.3	16.8357	-0.5362	5.0722	6
192.35	16.8358	-0.7597	5.0726	6
192.4	16.8358	-0.7563	5.087	6
192.45	16.8357	-0.695	5.0873	6
192.5	16.8359	-0.7135	5.0803	6
192.55	16.8359	-0.7795	5.0852	6
192.6	16.8358	-0.7343	5.0964	6
192.65	16.8358	-0.8641	5.0998	6
192.7	16.8357	-0.6036	5.1035	6
192.75	16.8361	-0.879	5.1072	6
192.8	16.8358	-0.7487	5.1014	6
192.85	16.8358	-0.6384	5.1044	6
192.9	16.8359	-0.8458	5.1014	6
192.95	16.8357	-0.8679	5.1045	6
193	16.8357	-0.6612	5.1134	6
193.05	16.836	-0.9913	5.111	6
193.1	16.8358	-0.8838	5.1085	6
193.15	16.836	-1.0463	5.102	6
193.2	16.8356	-0.6484	5.1009	6
193.25	16.8358	-0.9035	5.0899	6
193.3	16.8359	-0.7677	5.098	6
193.35	16.8358	-0.895	5.1127	6
193.4	16.8358	-0.6634	5.1114	6
193.45	16.8359	-1.0793	5.116	6
193.5	16.8359	-0.8324	5.1152	6
193.55	16.8359	-0.836	5.1227	6
193.6	16.836	-1.0721	5.1302	6
193.65	16.8358	-0.8114	5.1445	6
193.7	16.8359	-0.7686	5.1329	6
193.75	16.8362	-0.9532	5.1149	6
193.8	16.8358	-0.9166	5.1227	6
193.85	16.8357	-1.0024	5.1168	6
193.9	16.8356	-0.6686	5.1075	6
193.95	16.836	-1.0979	5.1122	6
194	16.8352	-0.8534	5.092	6
194.05	16.8355	-0.7191	5.1018	6
194.1	16.8363	-1.2151	5.1197	6
194.15	16.8356	-0.7482	5.1177	6
194.2	16.8358	-0.8637	5.1027	6
194.25	16.836	-1.0003	5.0942	6
194.3	16.8359	-0.9392	5.1043	6
194.35	16.836	-0.7859	5.1091	6
194.4	16.8362	-1.0595	5.1137	6
194.45	16.8353	-0.6806	5.1173	6
194.5	16.8356	-0.8889	5.1242	6
194.55	16.8359	-0.8096	5.1262	6
194.6	16.8358	-0.9077	5.1249	6
194.65	16.8355	-0.9727	5.1097	6
194.7	16.8356	-0.7049	5.1	6
194.75	16.836	-0.8254	5.0972	6
194.8	16.8362	-1.0855	5.1062	6
194.85	16.8356	-0.5131	5.1272	6
194.9	16.8361	-0.9661	5.1225	6
194.95	16.8356	-0.808	5.1103	6
195	16.8356	-0.7626	5.0993	6
195.05	16.836	-0.9827	5.0967	6
195.1	16.8358	-0.8674	5.1024	6
195.15	16.8356	-0.877	5.0971	6
195.2	16.8359	-0.8213	5.0868	6
195.25	16.8359	-0.6377	5.091	6
195.3	16.8361	-0.9103	5.0917	6
195.35	16.8356	-0.7887	5.1044	6
195.4	16.8356	-0.8879	5.1119	6
195.45	16.8357	-0.7014	5.0962	6
195.5	16.836	-0.8239	5.0926	6
195.55	16.8359	-0.9979	5.0625	6
195.6	16.8356	-0.594	5.06	6
195.65	16.8359	-0.9223	5.0633	6
195.7	16.8356	-0.7831	5.0756	6
195.75	16.8358	-0.9034	5.087	6
195.8	16.8357	-0.8417	5.0777	6
195.85	16.836	-0.9376	5.0746	6
195.9	16.836	-0.8446	5.1025	6
195.95	16.8357	-0.9501	5.1082	6
196	16.8354	-0.8606	5.1033	6
196.05	16.8359	-0.774	5.0977	6
196.1	16.836	-1.0282	5.0926	6
196.15	16.8359	-0.7872	5.1034	6
196.2	16.8362	-0.9274	5.0988	6
196.25	16.836	-0.9727	5.1045	6
196.3	16.8358	-0.8653	5.1211	6
196.35	16.8357	-0.8567	5.1138	6
196.4	16.8356	-0.8311	5.1067	6
196.45	16.8356	-0.8718	5.1019	6
196.5	16.8359	-1.178	5.1033	6
196.55	16.8357	-0.7556	5.1028	6
196.6	16.8363	-1.1302	5.1008	6
196.65	16.8359	-0.9421	5.1067	6
196.7	16.8358	-0.9748	5.1151	6
196.75	16.836	-0.9441	5.1213	6
196.8	16.836	-1.1733	5.1157	6
196.85	16.8356	-0.9141	5.1129	6
196.9	16.8357	-1.0716	5.11	6
196.95	16.8357	-1.1757	5.123	6
197	16.8359	-1.0489	5.1191	6
197.05	16.8364	-1.3717	5.1206	6
197.1	16.8358	-1.0453	5.1163	6
197.15	16.836	-1.5521	5.1052	6
197.2	16.836	-1.5032	5.1164	6
197.25	16.836	-1.3629	5.1251	6
197.3	16.8361	-1.3604	5.127	6
197.35	16.8363	-1.6155	5.1192	6
197.4	16.836	-1.3922	5.1306	6
197.45	16.8361	-1.4691	5.1338	6
197.5	16.8363	-1.529	5.1202	6
197.55	16.8364	-1.6558	5.1091	6
197.6	16.8361	-1.4775	5.1169	6
197.65	16.8361	-1.4714	5.1179	6
197.7	16.8363	-1.6611	5.1096	6
197.75	16.836	-1.4316	5.0951	6
197.8	16.836	-1.4256	5.1126	6
197.85	16.8364	-1.5621	5.1282	6
197.9	16.8365	-1.2974	5.1283	6
197.95	16.8366	-1.2573	5.1258	6
198	16.8366	-1.4729	5.126	6
198.05	16.8366	-1.3537	5.1394	6
198.1	16.8365	-1.1816	5.1232	6
198.15	16.8368	-1.4244	5.1268	6
198.2	16.837	-1.6972	5.1257	6
198.25	16.8367	-1.1811	5.1143	6
198.3	16.8366	-1.2973	5.1272	6
198.35	16.8365	-1.4295	5.1229	6
198.4	16.8364	-1.3668	5.1076	6
198.45	16.8364	-1.2074	5.1059	6
198.5	16.8365	-1.1035	5.1002	6
198.55	16.8368	-1.5492	5.1031	6
198.6	16.8361	-0.7656	5.1216	6
198.65	16.8366	-1.4525	5.1309	6
198.7	16.8366	-1.2841	5.1397	6
198.75	16.8364	-0.8724	5.1373	6
198.8	16.8365	-1.1351	5.1319	6
198.85	16.8366	-1.0203	5.1155	6
198.9	16.8365	-1.0166	5.1082	6
198.95	16.8363	-1.0013	5.1054	6
199	16.8362	-0.826	5.0887	6
199.05	16.8362	-0.9336	5.0949	6
199.1	16.8361	-0.6211	5.0984	6
199.15	16.8366	-1.0493	5.0938	6
199.2	16.8362	-0.7347	5.088	6
199.25	16.836	-0.6326	5.0914	6
199.3	16.8362	-0.9139	5.0984	6
199.35	16.836	-0.7709	5.0931	6
199.4	16.8357	-0.5274	5.0866	6
199.45	16.8361	-0.8321	5.0895	6
199.5	16.8362	-0.7601	5.0854	6
199.55	16.8358	-0.5563	5.083	6
199.6	16.8359	-0.8171	5.0854	6
199.65	16.8359	-0.8819	5.0684	6
199.7	16.8358	-0.6255	5.0721	6
199.75	16.8359	-0.7092	5.0856	6
199.8	16.8364	-1.0724	5.092	6
199.85	16.8358	-0.3708	5.0892	6
199.9	16.8364	-1.1726	5.0776	6
199.95	16.8359	-0.5539	5.0746	6
200	16.8363	-0.8805	5.0752	6
200.05	16.8364	-0.895	5.0771	6
200.1	16.8365	-0.9704	5.0766	6
200.15	16.8362	-0.7054	5.0802	6
200.2	16.8363	-0.8734	5.1004	6
200.25	16.836	-0.5509	5.101	6
200.3	16.8366	-1.327	5.1009	6
200.35	16.8357	-0.2113	5.1095	6
200.4	16.8364	-1.1911	5.1179	6
200.45	16.8362	-0.7766	5.1334	6
200.5	16.8364	-0.9183	5.1375	6
200.55	16.8362	-0.6468	5.1291	6
200.6	16.8367	-1.3039	5.1251	6
200.65	16.8363	-0.77	5.1304	6
200.7	16.8366	-1.0731	5.1162	6
200.75	16.8364	-0.8275	5.1036	6
200.8	16.8368	-1.2706	5.1028	6
200.85	16.8366	-0.9168	5.1278	6
200.9	16.8367	-1.0813	5.1244	6
200.95	16.8365	-0.9054	5.1013	6
201	16.8366	-1.3132	5.104	6
201.05	16.8363	-0.9515	5.1014	6
201.1	16.8364	-0.9927	5.1049	6
201.15	16.8365	-1.2435	5.1118	6
201.2	16.8366	-1.1232	5.1113	6
201.25	16.8366	-1.0747	5.1197	6
201.3	16.8365	-1.0612	5.1093	6
201.35	16.8366	-1.2502	5.1185	6
201.4	16.8363	-0.9534	5.1226	6
201.45	16.8364	-1.1151	5.1164	6
201.5	16.8364	-1.2897	5.1258	6
201.55	16.8365	-1.0101	5.1256	6
201.6	16.8366	-1.0341	5.1099	6
201.65	16.8368	-1.414	5.1181	6
201.7	16.8364	-1.0417	5.1328	6
201.75	16.8365	-1.219	5.1291	6
201.8	16.8366	-1.1353	5.1085	6
201.85	16.8365	-1.0896	5.0897	6
201.9	16.8367	-1.3867	5.0879	6
201.95	16.8362	-0.9528	5.0981	6
202	16.8364	-1.2453	5.0929	6
202.05	16.8367	-1.4491	5.0965	6
202.1	16.8362	-0.9249	5.1066	6
202.15	16.8365	-1.1768	5.1045	6
202.2	16.8367	-1.39	5.108	6
202.25	16.8364	-1.1426	5.1225	6
202.3	16.8361	-0.8303	5.0953	6
202.35	16.8367	-1.6039	5.0778	6
202.4	16.8361	-0.9092	5.0745	6
202.45	16.8364	-1.1265	5.0889	6
202.5	16.8365	-1.1318	5.0971	6
202.55	16.8368	-1.4452	5.0873	6
202.6	16.8363	-0.9569	5.0868	6
202.65	16.8364	-1.2	5.0974	6
202.7	16.8367	-1.1432	5.0937	6
202.75	16.8369	-1.2937	5.1011	6
202.8	16.8366	-0.763	5.1032	6
202.85	16.837	-1.4937	5.0979	6
202.9	16.8363	-1.0292	5.0894	6
202.95	16.8363	-1.1717	5.0771	6
203	16.8363	-1.1354	5.0839	6
203.05	16.8363	-1.2445	5.0877	6
203.1	16.8362	-0.9808	5.0786	6
203.15	16.8367	-1.3944	5.0892	6
203.2	16.8365	-0.9981	5.0893	6
203.25	16.8364	-1.2835	5.093	6
203.3	16.8357	-1.0933	5.1098	6
203.35	16.8359	-1.3243	5.0882	6
203.4	16.8356	-1.0589	5.0894	6
203.45	16.8359	-1.301	5.1108	6
203.5	16.8357	-1.1907	5.1107	6
203.55	16.8361	-1.3985	5.1042	6
203.6	16.8358	-1.1556	5.1009	6
203.65	16.8358	-1.1911	5.1002	6
203.7	16.8359	-1.4644	5.1116	6
203.75	16.8358	-1.1471	5.1247	6
203.8	16.8358	-1.2128	5.1262	6
203.85	16.836	-1.3698	5.1122	6
203.9	16.8357	-1.3833	5.1323	6
203.95	16.8358	-1.3852	5.1155	6
204	16.8357	-1.0374	5.1112	6
204.05	16.8364	-1.7203	5.1184	6
204.1	16.8355	-1.0432	5.1105	6
204.15	16.8358	-1.0503	5.1175	6
204.2	16.8361	-1.657	5.1072	6
204.25	16.8358	-1.1517	5.1126	6
204.3	16.8359	-1.1501	5.134	6
204.35	16.8359	-1.4442	5.1211	6
204.4	16.8356	-1.3683	5.1028	6
204.45	16.8356	-1.0695	5.1094	6
204.5	16.8359	-1.2193	5.1287	6
204.55	16.8359	-1.4819	5.1252	6
204.6	16.8356	-1.2068	5.1193	6
204.65	16.8356	-0.9142	5.1204	6
204.7	16.8361	-1.6206	5.1268	6
204.75	16.8355	-1.0762	5.1209	6
204.8	16.8357	-1.086	5.117	6
204.85	16.8358	-1.2351	5.1131	6
204.9	16.8358	-1.4214	5.1226	6
204.95	16.8356	-0.8422	5.1196	6
205	16.8359	-1.2629	5.1104	6
205.05	16.8357	-1.1825	5.1145	6
205.1	16.8358	-1.1538	5.1003	6
205.15	16.8356	-0.6803	5.1037	6
205.2	16.8365	-1.5635	5.1119	6
205.25	16.8355	-0.7099	5.1372	6
205.3	16.8358	-0.9301	5.1496	6
205.35	16.8358	-1.3234	5.1437	6
205.4	16.8358	-1.1677	5.135	6
205.45	16.8356	-0.7557	5.1283	6
205.5	16.8361	-1.3934	5.1168	6
205.55	16.8355	-0.8569	5.1301	6
205.6	16.8359	-1.2271	5.1239	6
205.65	16.8361	-1.294	5.1107	6
205.7	16.8359	-1.3265	5.1167	6
205.75	16.8358	-1.4006	5.1225	6
205.8	16.8358	-1.336	5.1164	6
205.85	16.8357	-1.5864	5.1174	6
205.9	16.8358	-1.27	5.1161	6
205.95	16.8357	-1.3997	5.1154	6
206	16.8357	-1.6081	5.1149	6
206.05	16.8356	-1.4236	5.1094	6
206.1	16.8359	-1.1514	5.1026	6
206.15	16.8361	-1.5711	5.1011	6
206.2	16.8357	-1.2209	5.1174	6
206.25	16.836	-1.3128	5.1267	6
206.3	16.8358	-1.2786	5.1339	6
206.35	16.8357	-1.467	5.1242	6
206.4	16.8357	-1.126	5.1095	6
206.45	16.8359	-1.3846	5.1129	6
206.5	16.836	-1.3657	5.1141	6
206.55	16.8357	-1.0127	5.1215	6
206.6	16.8362	-1.6056	5.1297	6
206.65	16.8358	-1.2569	5.1233	6
206.7	16.836	-1.2906	5.1056	6
206.75	16.8356	-1.2708	5.1042	6
206.8	16.8356	-1.2639	5.1154	6
206.85	16.8357	-1.1564	5.1264	6
206.9	16.8359	-1.0826	5.1155	6
206.95	16.8361	-1.35	5.1062	6
207	16.8359	-0.9865	5.1017	6
207.05	16.8357	-1.0215	5.0927	6
207.1	16.8356	-1.524	5.0941	6
207.15	16.8354	-0.8357	5.0945	6
207.2	16.8358	-0.9255	5.1158	6
207.25	16.8357	-1.3454	5.1411	6
207.3	16.8357	-0.9745	5.1282	6
207.35	16.8359	-0.8484	5.1202	6
207.4	16.8364	-1.2286	5.1182	6
207.45	16.8358	-1.0336	5.1328	6
207.5	16.8357	-1.0128	5.1295	6
207.55	16.8357	-1.0817	5.1406	6
207.6	16.8357	-1.1517	5.1529	6
207.65	16.8357	-0.9688	5.1545	6
207.7	16.836	-0.9462	5.1631	6
207.75	16.8365	-1.3955	5.1756	6
207.8	16.8355	-0.6322	5.1711	6
207.85	16.8353	-0.9351	5.1501	6
207.9	16.8357	-1.0714	5.1444	6
207.95	16.8359	-1.0945	5.1587	6
208	16.8357	-0.5373	5.1619	6
208.05	16.8361	-1.0886	5.1612	6
208.1	16.8359	-0.9181	5.1509	6
208.15	16.8359	-0.5269	5.1453	6
208.2	16.8362	-0.8952	5.1336	6
208.25	16.836	-1.0012	5.1338	6
208.3	16.8355	-0.3494	5.1207	6
208.35	16.8363	-1.0704	5.1201	6
208.4	16.8356	-0.622	5.1251	6
208.45	16.8356	-0.8567	5.1328	6
208.5	16.8354	-0.5327	5.1294	6
208.55	16.8359	-1.002	5.1303	6
208.6	16.8358	-0.589	5.1218	6
208.65	16.8356	-0.5231	5.1088	6
208.7	16.8357	-0.8281	5.1152	6
208.75	16.8359	-0.8015	5.1233	6
208.8	16.8357	-0.4891	5.1169	6
208.85	16.836	-0.8228	5.1122	6
208.9	16.8358	-0.5375	5.1127	6
208.95	16.8359	-0.6679	5.1157	6
209	16.8358	-0.5586	5.1221	6
209.05	16.8357	-0.4411	5.1219	6
209.1	16.8359	-0.7383	5.1214	6
209.15	16.8358	-0.429	5.1229	6
209.2	16.8359	-0.6478	5.1152	6
209.25	16.8355	-0.4254	5.1175	6
209.3	16.8358	-0.5536	5.1344	6
209.35	16.836	-0.6183	5.1377	6
209.4	16.8358	-0.6222	5.1148	6
209.45	16.8354	-0.5092	5.096	6
209.5	16.8358	-0.8913	5.1142	6
209.55	16.8358	-0.4442	5.1315	6
209.6	16.8359	-0.7767	5.1296	6
209.65	16.8359	-0.5207	5.1288	6
209.7	16.8364	-0.9134	5.129	6
209.75	16.8356	-0.1469	5.1381	6
209.8	16.8359	-0.8956	5.1388	6
209.85	16.8355	-0.4522	5.1391	6
209.9	16.8355	-0.3467	5.1488	6
209.95	16.8358	-0.534	5.1439	6
210	16.8362	-1.0084	5.152	6
210.05	16.8355	-0.1197	5.1616	6
210.1	16.8362	-0.9611	5.1468	6
210.15	16.8358	-0.5347	5.1581	6
210.2	16.8359	-0.7185	5.1467	6
210.25	16.8356	-0.3543	5.1444	6
210.3	16.8361	-0.7549	5.1597	6
210.35	16.8359	-0.5465	5.1461	6
210.4	16.8358	-0.558	5.149	6
210.45	16.8357	-0.7319	5.1473	6
210.5	16.8357	-0.6324	5.1599	6
210.55	16.836	-0.6706	5.1765	6
210.6	16.836	-0.7565	5.1501	6
210.65	16.8357	-0.5711	5.1356	6
210.7	16.8355	-0.5753	5.1364	6
210.75	16.8357	-0.7908	5.1323	6
210.8	16.8355	-0.5348	5.1332	6
210.85	16.8356	-0.6409	5.1253	6
210.9	16.8358	-0.8274	5.1274	6
210.95	16.8357	-0.7913	5.1436	6
211	16.8358	-0.7546	5.1494	6
211.05	16.8358	-0.6775	5.1432	6
211.1	16.836	-0.8817	5.1524	6
211.15	16.8357	-0.7172	5.1508	6
211.2	16.8358	-0.8222	5.1429	6
211.25	16.8361	-0.9746	5.1321	6
211.3	16.8355	-0.4151	5.1369	6
211.35	16.8358	-0.9359	5.129	6
211.4	16.8357	-0.9146	5.1327	6
211.45	16.8355	-0.505	5.1295	6
211.5	16.8357	-0.6653	5.1184	6
211.55	16.8358	-0.9079	5.1461	6
211.6	16.8357	-0.6249	5.1525	6
211.65	16.8358	-0.6096	5.1463	6
211.7	16.8359	-0.722	5.1542	6
211.75	16.8357	-0.4646	5.1517	6
211.8	16.8358	-0.5595	5.1538	6
211.85	16.8359	-0.5732	5.146	6
211.9	16.8363	-0.7737	5.1425	6
211.95	16.8359	-0.3193	5.1404	6
212	16.8358	-0.6136	5.1405	6
212.05	16.8356	-0.6296	5.1466	6
212.1	16.8356	-0.6574	5.1429	6
212.15	16.8356	-0.5614	5.1417	6
212.2	16.8357	-0.5299	5.1294	6
212.25	16.8362	-0.7579	5.1324	6
212.3	16.8361	-0.2334	5.1454	6
212.35	16.8366	-0.8485	5.1431	6
212.4	16.8358	-0.5164	5.1405	6
212.45	16.8356	-0.679	5.151	6
212.5	16.8356	-0.7552	5.1422	6
212.55	16.8356	-0.6357	5.1475	6
212.6	16.8356	-0.5596	5.1509	6
212.65	16.8356	-0.8021	5.1407	6
212.7	16.8357	-0.6899	5.1125	6
212.75	16.8361	-0.7548	5.1077	6
212.8	16.8357	-0.4934	5.1137	6
212.85	16.8359	-0.99	5.1163	6
212.9	16.8357	-0.3677	5.1256	6
212.95	16.8361	-0.8194	5.1327	6
213	16.8358	-0.69	5.1216	6
213.05	16.8357	-0.711	5.1148	6
213.1	16.8355	-0.5783	5.1122	6
213.15	16.8358	-0.7616	5.101	6
213.2	16.8358	-0.6931	5.1178	6
213.25	16.8358	-0.7021	5.1378	6
213.3	16.8356	-0.5337	5.1397	6
213.35	16.8359	-0.8891	5.1398	6
213.4	16.8355	-0.4674	5.1314	6
213.45	16.8357	-0.5824	5.1175	6
213.5	16.8361	-0.8635	5.1189	6
213.55	16.8357	-0.4574	5.139	6
213.6	16.8359	-0.6085	5.1535	6
213.65	16.836	-0.8914	5.1464	6
213.7	16.8357	-0.4232	5.1361	6
213.75	16.8359	-0.5566	5.1502	6
213.8	16.8356	-0.6853	5.143	6
213.85	16.8355	-0.5477	5.1445	6
213.9	16.8359	-0.5188	5.1359	6
213.95	16.8357	-0.4268	5.1459	6
214	16.8359	-0.7628	5.1499	6
214.05	16.8356	-0.1566	5.1455	6
214.1	16.8359	-0.6885	5.1542	6
214.15	16.8357	-0.4864	5.141	6
214.2	16.8358	-0.487	5.1411	6
214.25	16.8358	-0.6908	5.1324	6
214.3	16.8358	-0.5582	5.1383	6
214.35	16.8359	-0.4876	5.1379	6
214.4	16.8357	-0.4312	5.1485	6
214.45	16.8361	-0.6983	5.1731	6
214.5	16.8358	-0.3715	5.1782	6
214.55	16.8362	-0.505	5.1743	6
214.6	16.8357	-0.5332	5.1756	6
214.65	16.8354	-0.532	5.1856	6
214.7	16.8356	-0.2461	5.18	6
214.75	16.8359	-0.6558	5.1654	6
214.8	16.8358	-0.5769	5.1613	6
214.85	16.8356	-0.5394	5.1808	6
214.9	16.8356	-0.5923	5.1801	6
214.95	16.8359	-0.6979	5.1399	6
215	16.8356	-0.5021	5.1332	6
215.05	16.8361	-0.5449	5.1368	6
215.1	16.8361	-0.7272	5.1337	6
215.15	16.8355	-0.6508	5.1341	6
215.2	16.8357	-0.834	5.1354	6
215.25	16.8356	-0.5837	5.1461	6
215.3	16.836	-0.8196	5.1523	6
215.35	16.8359	-0.5636	5.1632	6
215.4	16.8361	-0.7976	5.1756	6
215.45	16.8358	-0.6849	5.1712	6
215.5	16.8355	-0.6228	5.1753	6
215.55	16.8359	-0.8906	5.177	6
215.6	16.8355	-0.6811	5.1702	6
215.65	16.8356	-0.7883	5.1555	6
215.7	16.8355	-0.7153	5.1423	6
215.75	16.8359	-1.0067	5.1443	6
215.8	16.8357	-0.7623	5.1565	6
215.85	16.836	-0.8197	5.1635	6
215.9	16.8361	-1.0416	5.1595	6
215.95	16.8355	-0.6062	5.1533	6
216	16.8361	-1.0408	5.1756	6
216.05	16.8357	-0.542	5.1739	6
216.1	16.8361	-1.0776	5.1579	6
216.15	16.8357	-0.6466	5.1587	6
216.2	16.8358	-1.0443	5.1441	6
216.25	16.8355	-0.8137	5.1488	6
216.3	16.836	-0.8448	5.157	6
216.35	16.8359	-0.8456	5.1654	6
216.4	16.8363	-1.141	5.173	6
216.45	16.8355	-0.6757	5.1615	6
216.5	16.8359	-1.1188	5.146	6
216.55	16.8356	-0.88	5.1458	6
216.6	16.836	-1.131	5.1456	6
216.65	16.8356	-0.6219	5.1497	6
216.7	16.8361	-1.1923	5.1528	6
216.75	16.8355	-0.5749	5.1732	6
216.8	16.8358	-0.8659	5.1617	6
216.85	16.8358	-1.0733	5.1417	6
216.9	16.8356	-0.6672	5.1383	6
216.95	16.8359	-1.0122	5.1529	6
217	16.8357	-0.8279	5.1539	6
217.05	16.836	-0.896	5.1554	6
217.1	16.8359	-0.8824	5.1409	6
217.15	16.8357	-0.6728	5.1377	6
217.2	16.8358	-0.8649	5.1411	6
217.25	16.8357	-0.7155	5.1432	6
217.3	16.8359	-0.7316	5.1462	6
217.35	16.8361	-0.8963	5.1378	6
217.4	16.836	-0.7033	5.1605	6
217.45	16.8361	-0.8701	5.173	6
217.5	16.8361	-0.7888	5.1645	6
217.55	16.8358	-0.7939	5.1673	6
217.6	16.8354	-0.7931	5.1523	6
217.65	16.8355	-0.8497	5.172	6
217.7	16.8361	-0.905	5.1794	6
217.75	16.8357	-0.8659	5.1483	6
217.8	16.8354	-0.8711	5.1397	6
217.85	16.8358	-0.8098	5.1442	6
217.9	16.836	-1.0296	5.1411	6
217.95	16.8359	-1.0083	5.1488	6
218	16.8356	-0.6421	5.157	6
218.05	16.8362	-1.0342	5.1667	6
218.1	16.8357	-0.919	5.1778	6
218.15	16.8354	-0.9806	5.1634	6
218.2	16.8355	-0.7157	5.1515	6
218.25	16.8364	-1.3267	5.1482	6
218.3	16.8356	-0.8972	5.1632	6
218.35	16.8355	-0.8757	5.1563	6
218.4	16.8357	-0.9706	5.1513	6
218.45	16.8358	-1.0775	5.1675	6
218.5	16.8354	-0.6483	5.1725	6
218.55	16.8361	-1.045	5.1623	6
218.6	16.8357	-1.042	5.1453	6
218.65	16.8357	-0.7678	5.1587	6
218.7	16.8356	-0.8857	5.1675	6
218.75	16.836	-1.0715	5.1542	6
218.8	16.8355	-0.7064	5.1553	6
218.85	16.8359	-0.8122	5.162	6
218.9	16.8358	-0.8901	5.1563	6
218.95	16.8359	-0.9188	5.1605	6
219	16.8357	-0.6605	5.1569	6
219.05	16.836	-1.1976	5.1617	6
219.1	16.8354	-0.8032	5.153	6
219.15	16.8358	-0.9159	5.15	6
219.2	16.8359	-1.0295	5.1647	6
219.25	16.8356	-0.7647	5.1609	6
219.3	16.8358	-0.9054	5.1521	6
219.35	16.8359	-0.8633	5.1536	6
219.4	16.836	-0.8559	5.157	6
219.45	16.8358	-1.0282	5.1646	6
219.5	16.8356	-0.7462	5.1707	6
219.55	16.8358	-0.7156	5.1668	6
219.6	16.836	-0.9796	5.1596	6
219.65	16.8355	-0.5203	5.1535	6
219.7	16.836	-0.8468	5.1747	6
219.75	16.8358	-0.8511	5.1701	6
219.8	16.8357	-0.7735	5.1514	6
219.85	16.8355	-0.6617	5.1315	6
219.9	16.8359	-0.8428	5.122	6
219.95	16.8357	-0.6812	5.148	6
220	16.8359	-0.9616	5.1596	6
220.05	16.8357	-0.6556	5.1614	6
220.1	16.8359	-0.9241	5.1571	6
220.15	16.8358	-0.6814	5.1522	6
220.2	16.8359	-0.7976	5.1631	6
220.25	16.8357	-0.9975	5.1706	6
220.3	16.8356	-0.805	5.1593	6
220.35	16.8357	-0.66	5.1539	6
220.4	16.836	-0.9152	5.1423	6
220.45	16.8359	-0.8111	5.1357	6
220.5	16.8357	-0.6798	5.1334	6
220.55	16.8358	-1.0257	5.1442	6
220.6	16.8352	-0.6117	5.16	6
220.65	16.8357	-0.9259	5.1538	6
220.7	16.8356	-0.7811	5.1398	6
220.75	16.8355	-0.571	5.1224	6
220.8	16.8359	-1.193	5.1231	6
220.85	16.8354	-0.5487	5.1345	6
220.9	16.8358	-0.7195	5.141	6
220.95	16.8361	-1.0514	5.1533	6
221	16.8357	-0.5524	5.1648	6
221.05	16.8357	-0.686	5.1571	6
221.1	16.8357	-0.8851	5.1489	6
221.15	16.8356	-0.6646	5.1491	6
221.2	16.8358	-0.7241	5.1544	6
221.25	16.8357	-0.6452	5.1282	6
221.3	16.8359	-1.0402	5.1254	6
221.35	16.8355	-0.4134	5.141	6
221.4	16.8357	-0.8162	5.147	6
221.45	16.8356	-0.8309	5.1376	6
221.5	16.8355	-0.7597	5.1572	6
221.55	16.8353	-0.4306	5.1589	6
221.6	16.8359	-1.0165	5.1609	6
221.65	16.8355	-0.4834	5.1413	6
221.7	16.8356	-0.7704	5.1243	6
221.75	16.8351	-0.4018	5.1383	6
221.8	16.8356	-1.1138	5.1357	6
221.85	16.835	-0.329	5.1462	6
221.9	16.8353	-0.7596	5.1389	6
221.95	16.8355	-0.8515	5.1238	6
222	16.8351	-0.3639	5.1503	6
222.05	16.8352	-0.6093	5.1439	6
222.1	16.8355	-1.0593	5.1323	6
222.15	16.8351	-0.1605	5.139	6
222.2	16.8358	-0.8428	5.1433	6
222.25	16.8355	-0.6954	5.1365	6
222.3	16.8356	-0.8609	5.1274	6
222.35	16.8353	-0.4398	5.132	6
222.4	16.8354	-0.7534	5.1434	6
222.45	16.8355	-0.7939	5.1436	6
222.5	16.8354	-0.4759	5.1574	6
222.55	16.8358	-0.7877	5.1543	6
222.6	16.8359	-0.7575	5.1565	6
222.65	16.8358	-0.7066	5.1663	6
222.7	16.8358	-0.7248	5.1437	6
222.75	16.8357	-0.7342	5.1401	6
222.8	16.8359	-0.8011	5.1544	6
222.85	16.8359	-0.6988	5.1423	6
222.9	16.8359	-0.8098	5.1436	6
222.95	16.8359	-0.8497	5.1344	6
223	16.8358	-0.7193	5.1365	6
223.05	16.836	-1.0493	5.1513	6
223.1	16.8356	-0.4769	5.1479	6
223.15	16.8361	-1.1042	5.1327	6
223.2	16.8359	-0.7907	5.1449	6
223.25	16.8362	-1.037	5.1735	6
223.3	16.8356	-0.4641	5.184	6
223.35	16.8363	-1.386	5.1721	6
223.4	16.8358	-0.6871	5.1629	6
223.45	16.8359	-0.9106	5.1516	6
223.5	16.836	-0.9907	5.1561	6
223.55	16.8361	-1.0193	5.1615	6
223.6	16.836	-0.7487	5.1639	6
223.65	16.8363	-1.3339	5.1683	6
223.7	16.8356	-0.7293	5.1615	6
223.75	16.8361	-1.3158	5.1543	6
223.8	16.8357	-0.594	5.1675	6
223.85	16.8363	-1.2719	5.1622	6
223.9	16.836	-0.8715	5.1642	6
223.95	16.8357	-0.6971	5.1559	6
224	16.8361	-1.2785	5.141	6
224.05	16.8363	-1.1399	5.1408	6
224.1	16.8361	-0.7192	5.1462	6
224.15	16.8367	-1.2927	5.1418	6
224.2	16.8363	-1.0175	5.1389	6
224.25	16.8362	-1.0457	5.1458	6
224.3	16.836	-0.7734	5.1674	6
224.35	16.8366	-1.5147	5.1553	6
224.4	16.8355	-0.5178	5.1322	6
224.45	16.8363	-1.6839	5.1301	6
224.5	16.8354	-0.5134	5.1398	6
224.55	16.8364	-1.4808	5.1504	6
224.6	16.836	-0.9043	5.1406	6
224.65	16.8361	-1.0835	5.1524	6
224.7	16.836	-1.0542	5.1541	6
224.75	16.8361	-1.3035	5.1524	6
224.8	16.8353	-0.5965	5.1497	6
224.85	16.836	-1.5906	5.1291	6
224.9	16.8352	-0.857	5.1322	6
224.95	16.8356	-1.0897	5.1436	6
225	16.8359	-1.1556	5.1478	6
225.05	16.836	-1.1834	5.1619	6
225.1	16.836	-1.1827	5.1682	6
225.15	16.8356	-0.9576	5.1664	6
225.2	16.836	-1.4091	5.1586	6
225.25	16.8357	-1.0142	5.1504	6
225.3	16.8358	-1.0199	5.1476	6
225.35	16.8361	-1.4253	5.1561	6
225.4	16.836	-1.2197	5.1488	6
225.45	16.8357	-1.185	5.1424	6
225.5	16.8356	-1.4836	5.1333	6
225.55	16.8353	-1.3494	5.1486	6
225.6	16.8358	-1.675	5.1488	6
225.65	16.8351	-0.6354	5.1369	6
225.7	16.8366	-2.4223	5.144	6
225.75	16.835	-0.4977	5.1495	6
225.8	16.8366	-1.9167	5.1515	6
225.85	16.8361	-1.0621	5.1443	6
225.9	16.8364	-1.904	5.1434	6
225.95	16.8357	-0.9588	5.1565	6
226	16.8364	-1.987	5.146	6
226.05	16.8356	-1.0969	5.1491	6
226.1	16.8363	-1.9551	5.1479	6
226.15	16.8357	-1.1949	5.1425	6
226.2	16.8362	-1.9048	5.1477	6
226.25	16.8355	-1.3191	5.1411	6
226.3	16.8358	-1.5834	5.1256	6
226.35	16.8358	-1.5695	5.1195	6
226.4	16.8356	-1.48	5.1249	6
226.45	16.8358	-1.707	5.136	6
226.5	16.8357	-1.712	5.1346	6
226.55	16.8354	-1.3652	5.1303	6
226.6	16.8358	-1.8017	5.1334	6
226.65	16.8356	-1.5099	5.1325	6
226.7	16.836	-1.6947	5.1391	6
226.75	16.8359	-1.5256	5.1306	6
226.8	16.8361	-1.6849	5.1424	6
226.85	16.836	-1.6352	5.169	6
226.9	16.8357	-1.5901	5.156	6
226.95	16.8357	-1.6189	5.1446	6
227	16.8359	-1.5598	5.1393	6
227.05	16.8359	-1.8241	5.1377	6
227.1	16.8356	-1.5603	5.144	6
227.15	16.8357	-1.6627	5.148	6
227.2	16.836	-1.7932	5.1453	6
227.25	16.836	-1.551	5.1305	6
227.3	16.836	-1.7454	5.1246	6
227.35	16.8354	-1.5135	5.1408	6
227.4	16.8359	-1.6755	5.1385	6
227.45	16.8356	-1.6595	5.115	6
227.5	16.8355	-1.7189	5.1251	6
227.55	16.8356	-1.6497	5.131	6
227.6	16.8359	-1.7264	5.1397	6
227.65	16.8359	-1.6587	5.1456	6
227.7	16.8361	-1.7017	5.1564	6
227.75	16.8361	-1.7902	5.1653	6
227.8	16.8357	-1.5905	5.1476	6
227.85	16.8358	-1.8221	5.132	6
227.9	16.8358	-1.7396	5.1487	6
227.95	16.8357	-1.5295	5.1747	6
228	16.836	-1.793	5.1914	6
228.05	16.8357	-2.0135	5.1833	6
228.1	16.835	-1.3007	5.1547	6
228.15	16.8361	-1.9395	5.1561	6
228.2	16.8361	-1.6968	5.1671	6
228.25	16.8357	-1.4699	5.1788	6
228.3	16.8358	-1.4789	5.1788	6
228.35	16.8362	-2.0515	5.1815	6
228.4	16.8357	-1.4553	5.1759	6
228.45	16.8358	-1.6336	5.1488	6
228.5	16.8356	-1.633	5.1697	6
228.55	16.8358	-1.8313	5.1732	6
228.6	16.8355	-1.1263	5.1685	6
228.65	16.8359	-1.8726	5.1553	6
228.7	16.8356	-1.607	5.1286	6
228.75	16.8357	-1.4242	5.1359	6
228.8	16.8361	-1.7288	5.1493	6
228.85	16.8356	-1.6606	5.1412	6
228.9	16.8356	-1.5474	5.1328	6
228.95	16.8358	-1.5155	5.1321	6
229	16.836	-1.7864	5.1275	6
229.05	16.8357	-1.5837	5.1387	6
229.1	16.8356	-1.2818	5.1436	6
229.15	16.8362	-1.8268	5.1372	6
229.2	16.8357	-1.4522	5.1408	6
229.25	16.8355	-1.415	5.1251	6
229.3	16.8357	-1.6421	5.1228	6
229.35	16.836	-1.6	5.1227	6
229.4	16.8356	-1.236	5.1207	6
229.45	16.8361	-1.9281	5.1134	6
229.5	16.8358	-1.4197	5.1159	6
229.55	16.8362	-1.4116	5.1278	6
229.6	16.8357	-1.5221	5.125	6
229.65	16.8357	-1.6824	5.1299	6
229.7	16.8352	-1.0604	5.1485	6
229.75	16.8358	-1.8829	5.1591	6
229.8	16.835	-1.0168	5.1481	6
229.85	16.836	-2.1309	5.143	6
229.9	16.8352	-0.8427	5.148	6
229.95	16.8363	-1.821	5.1494	6
230	16.836	-1.2728	5.1395	6
230.05	16.8364	-1.5659	5.134	6
230.1	16.8356	-1.1065	5.1408	6
230.15	16.836	-1.9289	5.15	6
230.2	16.835	-0.7593	5.1539	6
230.25	16.8358	-1.8659	5.148	6
230.3	16.8354	-1.3018	5.1439	6
230.35	16.8355	-1.2379	5.1387	6
230.4	16.836	-1.8408	5.1437	6
230.45	16.8355	-1.0156	5.129	6
230.5	16.8363	-1.7723	5.1209	6
230.55	16.8359	-1.2329	5.1205	6
230.6	16.8364	-1.6409	5.1142	6
230.65	16.8362	-1.3212	5.1224	6
230.7	16.8364	-1.6512	5.1154	6
230.75	16.836	-1.2073	5.1258	6
230.8	16.8367	-2.039	5.1234	6
230.85	16.8353	-0.6463	5.1285	6
230.9	16.8367	-2.264	5.1403	6
230.95	16.8355	-0.9299	5.1309	6
231	16.8358	-1.5037	5.1235	6
231.05	16.8358	-1.5173	5.1255	6
231.1	16.8358	-1.4105	5.1143	6
231.15	16.8358	-1.51	5.1148	6
231.2	16.8356	-1.35	5.1072	6
231.25	16.8357	-1.4129	5.1007	6
231.3	16.836	-1.6752	5.1106	6
231.35	16.8359	-1.3825	5.1148	6
231.4	16.8357	-1.3047	5.105	6
231.45	16.8362	-1.9041	5.1022	6
231.5	16.8354	-0.7187	5.1029	6
231.55	16.8367	-2.1954	5.1227	6
231.6	16.8356	-0.7468	5.1299	6
231.65	16.8364	-1.8648	5.1392	6
231.7	16.8358	-1.0222	5.141	6
231.75	16.836	-1.8083	5.1378	6
231.8	16.8351	-1.0375	5.1378	6
231.85	16.8359	-1.7976	5.1434	6
231.9	16.8357	-1.2098	5.1468	6
231.95	16.8359	-1.4634	5.1535	6
232	16.8359	-1.4998	5.1513	6
232.05	16.8357	-1.3433	5.1524	6
232.1	16.8361	-1.5469	5.1491	6
232.15	16.8356	-1.2744	5.1293	6
232.2	16.8359	-1.6385	5.1262	6
232.25	16.8357	-1.3414	5.1333	6
232.3	16.8359	-1.3332	5.1422	6
232.35	16.8363	-1.7232	5.1305	6
232.4	16.8357	-1.1269	5.1201	6
232.45	16.8358	-1.3278	5.1285	6
232.5	16.8359	-1.2495	5.136	6
232.55	16.8361	-1.4312	5.1507	6
232.6	16.8359	-1.2767	5.1381	6
232.65	16.8355	-1.2057	5.131	6
232.7	16.8355	-1.4716	5.1402	6
232.75	16.8356	-1.3938	5.1454	6
232.8	16.8354	-1.1557	5.1427	6
232.85	16.8358	-1.6335	5.126	6
232.9	16.8355	-1.1122	5.1323	6
232.95	16.8361	-1.5116	5.1426	6
233	16.8361	-1.2773	5.1272	6
233.05	16.836	-1.1144	5.1166	6
233.1	16.8362	-1.4474	5.113	6
233.15	16.8359	-1.2697	5.1094	6
233.2	16.8357	-1.2788	5.1225	6
233.25	16.8354	-1.31	5.1235	6
233.3	16.8353	-1.1966	5.142	6
233.35	16.8358	-1.4079	5.151	6
233.4	16.8357	-1.0804	5.1274	6
233.45	16.8361	-1.3625	5.1309	6
233.5	16.8359	-1.2485	5.1193	6
233.55	16.8357	-1.1051	5.1272	6
233.6	16.8355	-1.0861	5.1474	6
233.65	16.8357	-1.3623	5.1331	6
233.7	16.8356	-1.1193	5.1049	6
233.75	16.8359	-1.3458	5.1301	6
233.8	16.8355	-0.987	5.1335	6
233.85	16.8363	-1.5208	5.1298	6
233.9	16.8357	-0.893	5.1492	6
233.95	16.8357	-1.2441	5.145	6
234	16.8356	-0.9795	5.1358	6
234.05	16.8361	-1.2478	5.1332	6
234.1	16.8358	-1.0539	5.1254	6
234.15	16.8358	-1.184	5.1158	6
234.2	16.8358	-1.1503	5.1199	6
234.25	16.8359	-1.2579	5.1317	6
234.3	16.8356	-0.9705	5.1258	6
234.35	16.8361	-1.281	5.1195	6
234.4	16.8358	-1.0981	5.1076	6
234.45	16.8356	-0.9663	5.1051	6
234.5	16.8361	-1.4207	5.1095	6
234.55	16.8356	-1.202	5.1217	6
234.6	16.8354	-1.0038	5.1277	6
234.65	16.8359	-1.1412	5.1113	6
234.7	16.8359	-1.2503	5.0986	6
234.75	16.8357	-1.1166	5.1131	6
234.8	16.8359	-0.9442	5.1181	6
234.85	16.8364	-1.4668	5.104	6
234.9	16.8358	-1.1275	5.0893	6
234.95	16.8355	-0.9057	5.0916	6
235	16.8363	-1.6117	5.1106	6
235.05	16.8357	-1.0512	5.114	6
235.1	16.8355	-0.9648	5.116	6
235.15	16.8356	-1.1942	5.1107	6
235.2	16.8357	-1.3096	5.1185	6
235.25	16.8356	-0.9872	5.13	6
235.3	16.8358	-1.2338	5.1177	6
235.35	16.836	-1.2727	5.1311	6
235.4	16.8358	-1.0872	5.1341	6
235.45	16.8356	-0.8316	5.1293	6
235.5	16.8361	-1.2778	5.1428	6
235.55	16.8361	-1.1563	5.1434	6
235.6	16.8359	-0.746	5.1222	6
235.65	16.8363	-1.1873	5.1119	6
235.7	16.8361	-1.0647	5.1095	6
235.75	16.8359	-0.8593	5.1154	6
235.8	16.8358	-1.0091	5.1231	6
235.85	16.8359	-1.1934	5.1185	6
235.9	16.8356	-0.7466	5.1226	6
235.95	16.8355	-0.9235	5.1145	6
236	16.8358	-1.2858	5.0921	6
236.05	16.8358	-1.0723	5.0973	6
236.1	16.8357	-0.7674	5.1206	6
236.15	16.8363	-1.3583	5.1294	6
236.2	16.8357	-1.0313	5.1337	6
236.25	16.8353	-0.6964	5.1267	6
236.3	16.8359	-1.3595	5.1198	6
236.35	16.8358	-1.0315	5.1361	6
236.4	16.8358	-1.1091	5.1493	6
236.45	16.8357	-0.9541	5.1257	6
236.5	16.8358	-1.2839	5.1213	6
236.55	16.8355	-1.0899	5.1296	6
236.6	16.8356	-0.8984	5.1221	6
236.65	16.8358	-1.0913	5.1263	6
236.7	16.8359	-1.2107	5.1288	6
236.75	16.8357	-0.9385	5.141	6
236.8	16.8359	-1.322	5.1463	6
236.85	16.8353	-0.8626	5.1304	6
236.9	16.8355	-1.3694	5.1413	6
236.95	16.8352	-0.8002	5.1507	6
237	16.8359	-1.0627	5.1517	6
237.05	16.8359	-1.1455	5.141	6
237.1	16.8361	-1.288	5.1373	6
237.15	16.8355	-0.6427	5.1451	6
237.2	16.8359	-1.0125	5.1443	6
237.25	16.8358	-1.0432	5.1337	6
237.3	16.8357	-0.8621	5.1386	6
237.35	16.8358	-0.8825	5.1232	6
237.4	16.836	-1.13	5.1283	6
237.45	16.8357	-0.7552	5.1263	6
237.5	16.836	-0.8681	5.1132	6
237.55	16.8359	-1.0054	5.1231	6
237.6	16.8359	-1.2127	5.1372	6
237.65	16.8357	-0.7659	5.1393	6
237.7	16.8361	-0.9953	5.1404	6
237.75	16.8361	-1.2306	5.149	6
237.8	16.8359	-1.0046	5.1581	6
237.85	16.8359	-1.0752	5.1477	6
237.9	16.8359	-1.1393	5.1448	6
237.95	16.8358	-1.204	5.1618	6
238	16.8358	-1.2612	5.1558	6
238.05	16.8355	-1.0461	5.1452	6
238.1	16.8357	-1.2291	5.146	6
238.15	16.8357	-1.2463	5.1447	6
238.2	16.8356	-1.0807	5.1593	6
238.25	16.8356	-1.1184	5.1519	6
238.3	16.8356	-1.5069	5.1453	6
238.35	16.8353	-1.051	5.1402	6
238.4	16.8362	-1.1779	5.1494	6
238.45	16.8362	-1.4448	5.145	6
238.5	16.8355	-1.0428	5.1418	6
238.55	16.8355	-1.3546	5.1414	6
238.6	16.8358	-1.2535	5.14	6
238.65	16.8358	-1.2865	5.128	6
238.7	16.8359	-1.2151	5.1295	6
238.75	16.836	-1.2407	5.1304	6
238.8	16.8363	-1.6255	5.1485	6
238.85	16.8359	-1.2438	5.1476	6
238.9	16.8357	-1.0484	5.1369	6
238.95	16.836	-1.4284	5.1479	6
239	16.8358	-1.0959	5.1454	6
239.05	16.8362	-1.5894	5.1404	6
239.1	16.8354	-0.8963	5.137	6
239.15	16.8359	-1.5898	5.1296	6
239.2	16.8358	-1.2857	5.1419	6
239.25	16.8355	-0.9805	5.1323	6
239.3	16.8357	-1.5045	5.1305	6
239.35	16.8357	-1.4162	5.1286	6
239.4	16.8356	-0.8127	5.1206	6
239.45	16.8362	-1.4962	5.1316	6
239.5	16.8356	-1.1887	5.1524	6
239.55	16.8356	-1.2007	5.1487	6
239.6	16.8356	-1.0545	5.1441	6
239.65	16.836	-1.3746	5.1459	6
239.7	16.836	-1.301	5.1497	6
239.75	16.8356	-1.026	5.1389	6
239.8	16.836	-1.2901	5.1464	6
239.85	16.8359	-1.4564	5.1468	6
239.9	16.8352	-0.803	5.1514	6
239.95	16.8357	-1.4018	5.1409	6
240	16.8358	-1.421	5.1418	6
240.05	16.836	-1.117	5.1585	6
240.1	16.8358	-1.0485	5.1545	6
240.15	16.836	-1.4298	5.1616	6
240.2	16.8358	-1.2604	5.1547	6
240.25	16.8358	-0.9875	5.1407	6
240.3	16.836	-1.2469	5.1424	6
240.35	16.8366	-1.6447	5.1684	6
240.4	16.8357	-0.5729	5.1621	6
240.45	16.8365	-1.6228	5.1522	6
240.5	16.8358	-0.9151	5.1555	6
240.55	16.8359	-1.1862	5.1493	6
240.6	16.8357	-1.0417	5.1562	6
240.65	16.8359	-1.2893	5.152	6
240.7	16.8358	-1.1943	5.1436	6
240.75	16.8358	-1.2464	5.1533	6
240.8	16.8357	-1.0189	5.1486	6
240.85	16.836	-1.3197	5.153	6
240.9	16.8359	-1.0312	5.1517	6
240.95	16.836	-1.1123	5.1413	6
241	16.836	-1.2961	5.1547	6
241.05	16.8357	-1.1313	5.1555	6
241.1	16.8357	-1.224	5.1551	6
241.15	16.8357	-1.1056	5.1542	6
241.2	16.8359	-1.116	5.1527	6
241.25	16.836	-1.3229	5.1645	6
241.3	16.8356	-0.8685	5.1672	6
241.35	16.8359	-1.3758	5.1469	6
241.4	16.8356	-0.951	5.1434	6
241.45	16.8359	-1.1686	5.1471	6
241.5	16.8359	-1.1262	5.1445	6
241.55	16.8359	-1.2337	5.1495	6
241.6	16.8356	-0.9222	5.1614	6
241.65	16.836	-1.367	5.1721	6
241.7	16.8358	-1.0016	5.1628	6
241.75	16.8361	-1.2496	5.1441	6
241.8	16.8358	-0.9752	5.1328	6
241.85	16.8362	-1.3922	5.1491	6
241.9	16.836	-1.1648	5.1638	6
241.95	16.8358	-0.989	5.1477	6
242	16.8363	-1.4424	5.1414	6
242.05	16.8361	-1.0313	5.135	6
242.1	16.8362	-1.2382	5.1361	6
242.15	16.8361	-1.2339	5.1329	6
242.2	16.8362	-1.2148	5.1342	6
242.25	16.8361	-1.1705	5.1483	6
242.3	16.8359	-1.0676	5.1503	6
242.35	16.8362	-1.39	5.1598	6
242.4	16.8362	-1.0964	5.1559	6
242.45	16.8361	-0.8863	5.1468	6
242.5	16.8365	-1.5971	5.1523	6
242.55	16.8357	-0.6105	5.1501	6
242.6	16.8364	-1.5211	5.1483	6
242.65	16.8361	-1.1396	5.1527	6
242.7	16.8363	-1.0082	5.1585	6
242.75	16.8364	-0.9937	5.1546	6
242.8	16.8366	-1.3223	5.1511	6
242.85	16.8362	-0.9369	5.135	6
242.9	16.8363	-1.2934	5.1314	6
242.95	16.8363	-1.0486	5.1417	6
243	16.8363	-1.134	5.1514	6
243.05	16.8362	-1.0641	5.1314	6
243.1	16.8364	-1.3445	5.1221	6
243.15	16.836	-0.8446	5.1142	6
243.2	16.8362	-1.2353	5.1379	6
243.25	16.8361	-1.0948	5.1527	6
243.3	16.8363	-1.1461	5.1407	6
243.35	16.8363	-1.1594	5.1471	6
243.4	16.8363	-1.1356	5.1582	6
243.45	16.8361	-1.0932	5.1441	6
243.5	16.8361	-1.116	5.1389	6
243.55	16.836	-0.9359	5.1472	6
243.6	16.8363	-1.3096	5.149	6
243.65	16.8361	-0.9984	5.1392	6
243.7	16.8361	-1.0687	5.135	6
243.75	16.836	-1.0487	5.125	6
243.8	16.8362	-1.1967	5.1449	6
243.85	16.8359	-0.7549	5.153	6
243.9	16.8362	-1.2344	5.1471	6
243.95	16.8361	-0.9813	5.1298	6
244	16.8363	-1.2206	5.1026	6
244.05	16.8362	-1.0888	5.0933	6
244.1	16.8364	-1.3224	5.0901	6
244.15	16.8363	-1.0483	5.0978	6
244.2	16.8365	-1.0503	5.121	6
244.25	16.8364	-1.0469	5.1329	6
244.3	16.8365	-1.2372	5.126	6
244.35	16.8364	-1.1527	5.1335	6
244.4	16.8363	-1.0462	5.1351	6
244.45	16.8362	-1.1394	5.1533	6
244.5	16.8361	-1.0937	5.15	6
244.55	16.8362	-1.2079	5.1316	6
244.6	16.8364	-1.1959	5.1264	6
244.65	16.8363	-1.0241	5.1389	6
244.7	16.8365	-1.3255	5.1453	6
244.75	16.8363	-0.9061	5.1184	6
244.8	16.8367	-1.4386	5.1252	6
244.85	16.8365	-1.0347	5.1254	6
244.9	16.8367	-1.2696	5.1334	6
244.95	16.8366	-1.2182	5.144	6
245	16.8363	-1.0459	5.1453	6
245.05	16.8365	-1.3716	5.1559	6
245.1	16.8361	-0.9114	5.1675	6
245.15	16.8362	-1.2725	5.1656	6
245.2	16.8362	-1.1129	5.1519	6
245.25	16.8366	-1.3032	5.1502	6
245.3	16.8364	-0.9704	5.1611	6
245.35	16.8367	-1.4488	5.1553	6
245.4	16.8363	-1.0508	5.1474	6
245.45	16.8362	-1.2627	5.154	6
245.5	16.8361	-1.0369	5.1485	6
245.55	16.8363	-1.3531	5.1485	6
245.6	16.836	-1.0097	5.1593	6
245.65	16.8362	-1.2629	5.1548	6
245.7	16.836	-1.0128	5.1506	6
245.75	16.8363	-1.4225	5.1584	6
245.8	16.836	-0.9333	5.1579	6
245.85	16.8366	-1.4492	5.1611	6
245.9	16.836	-0.956	5.1488	6
245.95	16.8362	-1.2665	5.1451	6
246	16.8359	-0.9705	5.1648	6
246.05	16.8364	-1.535	5.1753	6
246.1	16.8358	-0.7871	5.1643	6
246.15	16.8365	-1.6518	5.1544	6
246.2	16.836	-1.0272	5.1525	6
246.25	16.836	-1.1578	5.1483	6
246.3	16.8362	-1.3093	5.1431	6
246.35	16.8362	-1.0863	5.1624	6
246.4	16.8362	-1.1895	5.1691	6
246.45	16.8361	-1.0788	5.1598	6
246.5	16.8363	-1.2871	5.1488	6
246.55	16.8362	-1.0966	5.1381	6
246.6	16.8363	-1.0739	5.1446	6
246.65	16.8367	-1.312	5.1555	6
246.7	16.8367	-1.299	5.1585	6
246.75	16.8361	-0.7418	5.1615	6
246.8	16.8369	-1.7198	5.1591	6
246.85	16.8361	-0.9554	5.1594	6
246.9	16.8364	-1.3057	5.1534	6
246.95	16.8365	-1.1917	5.1608	6
247	16.8365	-1.1146	5.1467	6
247.05	16.8364	-1.0711	5.1196	6
247.1	16.8364	-1.3538	5.1196	6
247.15	16.836	-1.0017	5.117	6
247.2	16.8365	-1.5911	5.1155	6
247.25	16.8359	-0.9307	5.1217	6
247.3	16.8363	-1.3383	5.1343	6
247.35	16.8365	-1.248	5.1544	6
247.4	16.8361	-0.9626	5.1446	6
247.45	16.8364	-1.5054	5.1271	6
247.5	16.836	-0.924	5.1296	6
247.55	16.8367	-1.4779	5.1415	6
247.6	16.8366	-1.2581	5.153	6
247.65	16.8364	-1.0896	5.1426	6
247.7	16.8364	-1.2082	5.1306	6
247.75	16.8363	-1.2809	5.1324	6
247.8	16.8362	-1.3349	5.1253	6
247.85	16.8359	-1.1121	5.1243	6
247.9	16.8362	-1.3712	5.1277	6
247.95	16.8362	-1.3729	5.1165	6
248	16.8359	-1.0757	5.1132	6
248.05	16.8363	-1.5155	5.128	6
248.1	16.8364	-1.4202	5.1419	6
248.15	16.8361	-1.1277	5.1464	6
248.2	16.8359	-1.1966	5.1469	6
248.25	16.8363	-1.6325	5.1389	6
248.3	16.8361	-1.1693	5.1289	6
248.35	16.8361	-1.1912	5.1348	6
248.4	16.8364	-1.6512	5.1308	6
248.45	16.8359	-0.9357	5.1264	6
248.5	16.8365	-1.5792	5.1303	6
248.55	16.8362	-1.1834	5.1329	6
248.6	16.8367	-1.6024	5.1485	6
248.65	16.8364	-1.34	5.1515	6
248.7	16.8364	-1.4324	5.1418	6
248.75	16.8364	-1.3602	5.1422	6
248.8	16.8365	-1.5284	5.1422	6
248.85	16.8363	-1.2914	5.1378	6
248.9	16.8365	-1.5048	5.1576	6
248.95	16.8365	-1.4541	5.1642	6
249	16.8364	-1.301	5.1649	6
249.05	16.8364	-1.5015	5.1686	6
249.1	16.8365	-1.5903	5.1484	6
249.15	16.8363	-1.4213	5.1557	6
249.2	16.8363	-1.5308	5.1733	6
249.25	16.8362	-1.3784	5.173	6
249.3	16.8361	-1.7224	5.1709	6
249.35	16.8357	-1.6091	5.1643	6
249.4	16.8357	-1.5459	5.1528	6
249.45	16.8358	-1.6491	5.1585	6
249.5	16.8359	-1.6219	5.1645	6
249.55	16.836	-1.6831	5.1599	6
249.6	16.8359	-1.5795	5.1425	6
249.65	16.8358	-1.688	5.1395	6
249.7	16.8357	-1.8276	5.1365	6
249.75	16.8356	-1.684	5.1165	6
249.8	16.8359	-1.9258	5.1169	6
249.85	16.8356	-1.84	5.1159	6
249.9	16.8357	-1.7033	5.1112	6
249.95	16.836	-1.8852	5.0988	6
250	16.8359	-1.8093	5.0895	6
250.05	16.8358	-1.9657	5.0921	6
250.1	16.8356	-1.6795	5.1068	6
250.15	16.8361	-1.796	5.1071	6
250.2	16.8361	-2.1079	5.109	6
250.25	16.8354	-1.8092	5.1086	6
250.3	16.8357	-2.0029	5.1165	6
250.35	16.8357	-1.9231	5.1147	6
250.4	16.8359	-1.9957	5.1149	6
250.45	16.836	-1.9076	5.127	6
250.5	16.8359	-1.9377	5.1282	6
250.55	16.836	-2.1922	5.1156	6
250.6	16.8355	-1.8216	5.1215	6
250.65	16.8359	-2.244	5.1315	6
250.7	16.8358	-2.0129	5.1271	6
250.75	16.8358	-1.9839	5.1291	6
250.8	16.8359	-2.0764	5.1183	6
250.85	16.8359	-2.135	5.1194	6
250.9	16.8359	-2.1234	5.1241	6
250.95	16.8356	-1.8826	5.1255	6
251	16.836	-2.1353	5.1203	6
251.05	16.8359	-2.1594	5.1442	6
251.1	16.8355	-1.8401	5.1463	6
251.15	16.8359	-2.416	5.1333	6
251.2	16.8356	-1.9344	5.1314	6
251.25	16.8359	-2.1869	5.1316	6
251.3	16.8358	-1.9771	5.1249	6
251.35	16.8361	-2.2287	5.1262	6
251.4	16.836	-2.0977	5.1246	6
251.45	16.8358	-1.977	5.1352	6
251.5	16.8358	-2.113	5.1435	6
251.55	16.8358	-2.2346	5.1609	6
251.6	16.8357	-1.8713	5.1548	6
251.65	16.836	-2.2274	5.1477	6
251.7	16.8356	-1.8788	5.1491	6
251.75	16.8359	-2.0829	5.1538	6
251.8	16.8357	-2.0502	5.1575	6
251.85	16.8358	-1.8603	5.1529	6
251.9	16.8358	-1.9379	5.137	6
251.95	16.836	-2.0548	5.136	6
252	16.8356	-1.8322	5.1333	6
252.05	16.836	-2.0728	5.1279	6
252.1	16.8358	-1.7547	5.1298	6
252.15	16.8361	-2.1222	5.1351	6
252.2	16.8356	-1.6353	5.1454	6
252.25	16.836	-1.903	5.1466	6
252.3	16.8359	-1.9641	5.1364	6
252.35	16.8358	-1.758	5.1422	6
252.4	16.8356	-1.675	5.1575	6
252.45	16.8357	-1.9933	5.1564	6
252.5	16.8355	-1.799	5.1381	6
252.55	16.836	-1.6541	5.1112	6
252.6	16.8361	-1.9535	5.1183	6
252.65	16.8358	-1.6802	5.1457	6
252.7	16.8357	-1.6577	5.1468	6
252.75	16.8363	-2.0731	5.1281	6
252.8	16.8358	-1.7469	5.1386	6
252.85	16.8356	-1.5583	5.152	6
252.9	16.8357	-1.7905	5.1384	6
252.95	16.8357	-1.7742	5.1295	6
253	16.8358	-1.7719	5.1307	6
253.05	16.8357	-1.6625	5.1509	6
253.1	16.8358	-1.8754	5.1557	6
253.15	16.8357	-1.653	5.1447	6
253.2	16.8362	-1.8178	5.1519	6
253.25	16.8357	-1.5057	5.149	6
253.3	16.8361	-1.9121	5.1196	6
253.35	16.8356	-1.4033	5.1129	6
253.4	16.8362	-1.9892	5.1309	6
253.45	16.8356	-1.5788	5.1401	6
253.5	16.8354	-1.5312	5.1281	6
253.55	16.8359	-1.8117	5.1047	6
253.6	16.8355	-1.5989	5.1195	6
253.65	16.8357	-1.4446	5.1247	6
253.7	16.8362	-1.8522	5.1225	6
253.75	16.8357	-1.5371	5.1275	6
253.8	16.8359	-1.6912	5.1265	6
253.85	16.8356	-1.4843	5.1396	6
253.9	16.8361	-1.942	5.131	6
253.95	16.8355	-1.2029	5.131	6
254	16.8357	-1.3792	5.132	6
254.05	16.8362	-2.0939	5.1301	6
254.1	16.8356	-1.2402	5.1355	6
254.15	16.8359	-1.379	5.1329	6
254.2	16.8362	-1.9373	5.1164	6
254.25	16.8356	-1.3154	5.1245	6
254.3	16.8359	-1.4288	5.1157	6
254.35	16.8356	-1.5764	5.1043	6
254.4	16.8356	-1.5763	5.1127	6
254.45	16.8359	-1.5185	5.1319	6
254.5	16.8357	-1.3839	5.134	6
254.55	16.8358	-1.4223	5.1169	6
254.6	16.8357	-1.6216	5.1182	6
254.65	16.8353	-1.3592	5.1089	6
254.7	16.836	-1.5261	5.1031	6
254.75	16.8358	-1.4999	5.1132	6
254.8	16.8357	-1.518	5.128	6
254.85	16.8357	-1.4125	5.1259	6
254.9	16.8358	-1.3207	5.1011	6
254.95	16.8359	-1.5307	5.0998	6
255	16.8356	-1.4413	5.1025	6
255.05	16.8358	-1.3138	5.1136	6
255.1	16.8363	-1.7027	5.1221	6
255.15	16.8356	-1.3321	5.1308	6
255.2	16.8355	-1.3356	5.1308	6
255.25	16.8358	-1.5594	5.1276	6
255.3	16.836	-1.4107	5.1507	6
255.35	16.8357	-1.2529	5.1421	6
255.4	16.8358	-1.3877	5.131	6
255.45	16.8358	-1.4876	5.1225	6
255.5	16.8359	-1.4324	5.1099	6
255.55	16.8354	-1.0644	5.1042	6
255.6	16.8358	-1.463	5.102	6
255.65	16.8357	-1.3884	5.0982	6
255.7	16.8358	-1.0759	5.101	6
255.75	16.8361	-1.4978	5.1096	6
255.8	16.836	-1.4838	5.1057	6
255.85	16.8359	-1.2796	5.0984	6
255.9	16.8359	-1.3135	5.1166	6
255.95	16.836	-1.7172	5.1149	6
256	16.8355	-1.1858	5.1026	6
256.05	16.8356	-1.43	5.113	6
256.1	16.8358	-1.5245	5.124	6
256.15	16.8358	-1.3002	5.1303	6
256.2	16.836	-1.4136	5.1285	6
256.25	16.8358	-1.5491	5.1309	6
256.3	16.8355	-1.2613	5.1231	6
256.35	16.8358	-1.6365	5.1115	6
256.4	16.8355	-1.1904	5.1041	6
256.45	16.8359	-1.6849	5.1145	6
256.5	16.8357	-1.22	5.1191	6
256.55	16.8361	-1.6623	5.1076	6
256.6	16.8359	-1.4797	5.1027	6
256.65	16.8358	-1.341	5.1259	6
256.7	16.8356	-1.1494	5.1209	6
256.75	16.8362	-1.7271	5.1083	6
256.8	16.8358	-1.3414	5.1167	6
256.85	16.8358	-1.7202	5.1115	6
256.9	16.8358	-1.6727	5.1196	6
256.95	16.836	-1.7793	5.1259	6
257	16.8358	-1.4071	5.1231	6
257.05	16.8363	-1.9518	5.1255	6
257.1	16.8355	-1.6952	5.1003	6
257.15	16.8356	-1.5565	5.088	6
257.2	16.8361	-1.8306	5.1116	6
257.25	16.8359	-1.9128	5.11	6
257.3	16.8356	-1.5299	5.1059	6
257.35	16.8362	-1.8409	5.0996	6
257.4	16.8358	-1.8523	5.111	6
257.45	16.8354	-1.5771	5.1162	6
257.5	16.8358	-1.7482	5.1224	6
257.55	16.836	-1.9671	5.1382	6
257.6	16.8356	-1.6726	5.125	6
257.65	16.8357	-1.6229	5.119	6
257.7	16.8361	-1.8704	5.1063	6
257.75	16.836	-1.7744	5.1122	6
257.8	16.8357	-1.7108	5.1288	6
257.85	16.8359	-1.5295	5.1271	6
257.9	16.8362	-2.0111	5.1172	6
257.95	16.8356	-1.8051	5.1133	6
258	16.8355	-1.3991	5.1411	6
258.05	16.8361	-2.223	5.1471	6
258.1	16.8355	-1.5429	5.1331	6
258.15	16.8356	-1.3151	5.1278	6
258.2	16.8365	-2.1178	5.1223	6
258.25	16.8356	-1.3291	5.1176	6
258.3	16.8359	-1.7393	5.1331	6
258.35	16.8357	-1.5072	5.1406	6
258.4	16.8359	-1.7851	5.1411	6
258.45	16.8354	-1.3637	5.1372	6
258.5	16.8356	-1.6571	5.1308	6
258.55	16.8355	-1.751	5.1381	6
258.6	16.8357	-1.4126	5.1203	6
258.65	16.8359	-1.451	5.1087	6
258.7	16.8358	-1.8004	5.1126	6
258.75	16.8354	-1.4023	5.1056	6
258.8	16.8361	-1.7039	5.102	6
258.85	16.8358	-1.5588	5.1132	6
258.9	16.8362	-1.7351	5.1012	6
258.95	16.8358	-1.446	5.097	6
259	16.8362	-1.9205	5.1118	6
259.05	16.8358	-1.5148	5.1059	6
259.1	16.8357	-1.5716	5.082	6
259.15	16.8357	-1.7926	5.0938	6
259.2	16.8355	-1.4338	5.1053	6
259.25	16.8358	-1.4535	5.1072	6
259.3	16.8358	-1.7836	5.0921	6
259.35	16.8356	-1.5436	5.0921	6
259.4	16.8359	-1.4953	5.0882	6
259.45	16.8359	-1.5437	5.0914	6
259.5	16.8357	-1.6975	5.0781	6
259.55	16.8356	-1.4211	5.0568	6
259.6	16.8362	-1.5983	5.0712	6
259.65	16.836	-1.6391	5.0872	6
259.7	16.8357	-1.6457	5.0884	6
259.75	16.8356	-1.3622	5.1019	6
259.8	16.8358	-1.6714	5.1042	6
259.85	16.8358	-1.5514	5.1076	6
259.9	16.8359	-1.5377	5.1205	6
259.95	16.836	-1.6976	5.1324	6
260	16.8358	-1.4349	5.1277	6
260.05	16.8358	-1.7754	5.1144	6
260.1	16.8356	-1.5477	5.1136	6
260.15	16.8355	-1.4581	5.1061	6
260.2	16.8359	-1.7444	5.1067	6
260.25	16.8356	-1.2577	5.1032	6
260.3	16.8363	-1.8841	5.1008	6
260.35	16.8355	-1.3881	5.1074	6
260.4	16.8359	-1.6614	5.0932	6
260.45	16.8357	-1.6999	5.1032	6
260.5	16.8358	-1.4434	5.1233	6
260.55	16.8362	-1.6461	5.1183	6
260.6	16.8358	-1.6836	5.1109	6
260.65	16.8355	-1.4748	5.1043	6
260.7	16.836	-1.7701	5.1008	6
260.75	16.8357	-1.4725	5.1215	6
260.8	16.836	-1.6554	5.1183	6
260.85	16.8357	-1.6593	5.1095	6
260.9	16.8358	-1.6403	5.1061	6
260.95	16.8356	-1.5386	5.1128	6
261	16.8355	-1.4156	5.1185	6
261.05	16.8361	-1.7481	5.125	6
261.1	16.8357	-1.5725	5.1389	6
261.15	16.8358	-1.4459	5.1289	6
261.2	16.836	-1.7612	5.1154	6
261.25	16.8356	-1.5476	5.1312	6
261.3	16.8358	-1.5058	5.135	6
261.35	16.836	-1.7981	5.1419	6
261.4	16.8356	-1.4056	5.134	6
261.45	16.8357	-1.6138	5.1236	6
261.5	16.8356	-1.6052	5.1172	6
261.55	16.8357	-1.6727	5.1151	6
261.6	16.8358	-1.5683	5.1173	6
261.65	16.836	-1.5345	5.1294	6
261.7	16.8361	-1.664	5.1175	6
261.75	16.8357	-1.8058	5.1124	6
261.8	16.8355	-1.4401	5.0943	6
261.85	16.8359	-1.727	5.0969	6
261.9	16.8359	-1.7863	5.1145	6
261.95	16.8358	-1.4777	5.1246	6
262	16.8358	-1.5246	5.1329	6
262.05	16.8361	-1.8482	5.1352	6
262.1	16.8356	-1.1721	5.146	6
262.15	16.8362	-1.7092	5.1451	6
262.2	16.8358	-1.6151	5.1358	6
262.25	16.8356	-1.5683	5.1338	6
262.3	16.8356	-1.6082	5.1229	6
262.35	16.836	-1.7301	5.1345	6
262.4	16.8359	-1.3431	5.1527	6
262.45	16.8363	-1.8669	5.1304	6
262.5	16.8357	-1.5954	5.1132	6
262.55	16.8356	-1.6481	5.1066	6
262.6	16.8357	-1.7335	5.1217	6
262.65	16.8358	-1.5797	5.1335	6
262.7	16.836	-2.0475	5.1387	6
262.75	16.8354	-1.5109	5.1451	6
262.8	16.8357	-1.4722	5.1514	6
262.85	16.8363	-2.2365	5.1358	6
262.9	16.8356	-1.4623	5.1175	6
262.95	16.8359	-1.7255	5.1294	6
263	16.836	-1.9492	5.1344	6
263.05	16.8358	-1.8361	5.1381	6
263.1	16.8355	-1.7199	5.1522	6
263.15	16.8357	-1.7761	5.1648	6
263.2	16.8362	-2.0228	5.146	6
263.25	16.8359	-1.7811	5.1405	6
263.3	16.8357	-1.6733	5.1514	6
263.35	16.8358	-1.9783	5.1492	6
263.4	16.8355	-1.7367	5.1562	6
263.45	16.8355	-1.6733	5.1561	6
263.5	16.836	-2.1024	5.153	6
263.55	16.8356	-1.6406	5.1341	6
263.6	16.836	-1.7965	5.1184	6
263.65	16.8359	-1.7212	5.1243	6
263.7	16.8361	-2.0951	5.1269	6
263.75	16.8356	-1.8157	5.1399	6
263.8	16.8355	-1.4385	5.1377	6
263.85	16.8366	-2.1694	5.1278	6
263.9	16.8359	-1.8578	5.1528	6
263.95	16.8351	-1.2501	5.1584	6
264	16.8356	-2.043	5.1538	6
264.05	16.8356	-1.8946	5.1557	6
264.1	16.8357	-1.5987	5.1375	6
264.15	16.8359	-1.7594	5.1284	6
264.2	16.8358	-1.804	5.1503	6
264.25	16.8358	-2.0078	5.1422	6
264.3	16.8355	-1.4844	5.1323	6
264.35	16.8359	-1.8457	5.1309	6
264.4	16.8359	-1.9113	5.1256	6
264.45	16.8359	-1.4565	5.1362	6
264.5	16.8364	-1.9804	5.132	6
264.55	16.8357	-1.7255	5.1244	6
264.6	16.8356	-1.7361	5.144	6
264.65	16.8355	-1.7934	5.1443	6
264.7	16.8356	-1.7459	5.1637	6
264.75	16.8358	-1.531	5.1636	6
264.8	16.8363	-1.8956	5.1643	6
264.85	16.8357	-1.5864	5.1663	6
264.9	16.8356	-1.8182	5.1476	6
264.95	16.8357	-1.6309	5.1476	6
265	16.836	-1.8841	5.1343	6
265.05	16.8356	-1.6754	5.143	6
265.1	16.8357	-1.6614	5.1635	6
265.15	16.8359	-1.7718	5.1544	6
265.2	16.8358	-1.8918	5.1407	6
265.25	16.8356	-1.5906	5.1439	6
265.3	16.836	-1.8655	5.1631	6
265.35	16.8358	-1.7119	5.1665	6
265.4	16.836	-1.9016	5.1614	6
265.45	16.8357	-1.5068	5.1495	6
265.5	16.8359	-2.076	5.1418	6
265.55	16.8355	-1.5955	5.1352	6
265.6	16.8357	-1.8277	5.1533	6
265.65	16.8357	-1.7233	5.163	6
265.7	16.8358	-1.6771	5.1553	6
265.75	16.8358	-1.9189	5.1543	6
265.8	16.8356	-1.6687	5.1494	6
265.85	16.836	-1.8424	5.1513	6
265.9	16.8358	-1.7936	5.1593	6
265.95	16.8357	-1.6912	5.173	6
266	16.8359	-1.9527	5.1734	6
266.05	16.8356	-1.8902	5.1777	6
266.1	16.8356	-1.4151	5.1937	6
266.15	16.8362	-2.1082	5.2017	6
266.2	16.8357	-1.6366	5.1872	6
266.25	16.836	-1.8475	5.1629	6
266.3	16.8359	-1.7546	5.1609	6
266.35	16.8358	-1.9139	5.1611	6
266.4	16.8358	-1.7975	5.1571	6
266.45	16.8357	-1.7581	5.1673	6
266.5	16.8359	-2.0945	5.1708	6
266.55	16.8356	-1.744	5.1531	6
266.6	16.8358	-1.8544	5.1267	6
266.65	16.8362	-2.3436	5.1281	6
266.7	16.8355	-1.5663	5.1443	6
266.75	16.8359	-2.0899	5.1454	6
266.8	16.8356	-1.8827	5.1428	6
266.85	16.8358	-2.1812	5.1433	6
266.9	16.8356	-1.6718	5.1254	6
266.95	16.836	-2.4189	5.1331	6
267	16.8356	-1.9312	5.1484	6
267.05	16.8358	-1.9679	5.1376	6
267.1	16.8356	-2.1025	5.1382	6
267.15	16.8359	-2.0901	5.1461	6
267.2	16.836	-2.0301	5.1414	6
267.25	16.8359	-2.0208	5.1282	6
267.3	16.8359	-2.1775	5.1196	6
267.35	16.8358	-2.0563	5.1427	6
267.4	16.8356	-2.0277	5.1429	6
267.45	16.8357	-2.2519	5.1296	6
267.5	16.8355	-2.0494	5.1207	6
267.55	16.8359	-2.0108	5.1232	6
267.6	16.836	-2.5151	5.1274	6
267.65	16.8356	-1.9756	5.1195	6
267.7	16.8359	-2.3706	5.1214	6
267.75	16.8358	-2.2693	5.1299	6
267.8	16.8359	-2.3378	5.1257	6
267.85	16.8356	-2.0405	5.1347	6
267.9	16.8361	-2.6942	5.155	6
267.95	16.8354	-2.0054	5.1419	6
268	16.8357	-2.6116	5.1314	6
268.05	16.8355	-2.2589	5.1288	6
268.1	16.836	-2.484	5.1357	8
268.15	16.8361	-2.4512	5.1417	8
268.2	16.8359	-2.4406	5.1353	8
268.25	16.8359	-2.2398	5.1347	8
268.3	16.8049	-2.8538	5.1414	8
268.35	16.6764	-2.6886	5.1524	8
268.4	16.4918	-3.2473	5.1545	8
268.45	16.3007	-3.04	5.1503	8
268.5	16.1084	-3.4629	5.1394	8
268.55	15.9139	-3.4789	5.1447	8
268.6	15.718	-3.7003	5.1454	8
268.65	15.5205	-3.6323	5.1344	8
268.7	15.3227	-4.2009	5.1378	8
268.75	15.1221	-4.0869	5.1463	8
268.8	14.9187	-4.1204	5.1467	8
268.85	14.7128	-4.2929	5.138	8
268.9	14.5044	-4.2051	5.1216	8
268.95	14.2935	-3.9841	5.1188	8
269	14.0808	-4.1835	5.1342	8
269.05	13.866	-4.116	5.1337	8
269.1	13.6503	-4.3745	5.1395	8
269.15	13.4326	-4.1665	5.1474	8
269.2	13.2142	-4.4543	5.1357	8
269.25	12.9944	-4.0398	5.1316	8
269.3	12.7739	-3.9847	5.1322	8
269.35	12.5525	-4.1815	5.1474	8
269.4	12.3303	-4.1949	5.1455	8
269.45	12.1072	-4.121	5.1239	8
269.5	11.8837	-4.4417	5.1268	8
269.55	11.6594	-4.1854	5.1257	8
269.6	11.4348	-4.3418	5.1257	8
269.65	11.209	-4.2988	5.1393	8
269.7	10.9829	-4.5627	5.1402	8
269.75	10.7558	-4.1226	5.1483	8
269.8	10.5287	-4.4337	5.1495	8
269.85	10.3008	-4.5628	5.1286	8
269.9	10.0724	-4.5962	5.1308	8
269.95	9.8431	-4.3934	5.122	8
270	9.6137	-4.6229	5.1285	8
270.05	9.3837	-4.5226	5.1526	8
270.1	9.1532	-4.6493	5.146	8
270.15	8.9224	-4.6806	5.1452	8
270.2	8.6919	-4.8474	5.1357	8
270.25	8.4604	-4.7137	5.1301	8
270.3	8.2285	-4.8804	5.1344	8
270.35	7.9962	-4.8281	5.143	8
270.4	7.7645	-4.9567	5.1361	8
270.45	7.5323	-5.1614	5.1217	8
270.5	7.2987	-4.9076	5.1168	8
270.55	7.0652	-5.2706	5.1208	8
270.6	6.8312	-4.984	5.1163	8
270.65	6.5974	-5.4093	5.1261	8
270.7	6.3625	-4.8619	5.1441	8
270.75	6.1284	-5.5429	5.1209	8
270.8	5.893	-5.463	5.1145	8
270.85	5.6626	-5.1312	5.1146	8
270.9	5.4836	-5.6071	5.1217	8
270.95	5.3737	-5.5444	5.1162	8
271	5.2861	-5.2849	5.1162	8
271.05	5.2034	-5.6481	5.1309	8
271.1	5.1227	-5.3759	5.1277	8
271.15	5.0442	-5.6042	5.131	8
271.2	4.9666	-5.3778	5.1404	8
271.25	4.8901	-5.6751	5.1365	8
271.3	4.8136	-5.4106	5.129	8
271.35	4.738	-5.4605	5.1337	8
271.4	4.6632	-5.7818	5.14	8
271.45	4.5882	-5.6085	5.1321	8
271.5	4.5133	-5.4823	5.118	8
271.55	4.4391	-5.8939	5.1138	8
271.6	4.3644	-5.4551	5.1249	8
271.65	4.2907	-5.7879	5.1207	8
271.7	4.2167	-5.5722	5.1205	8
271.75	4.1432	-5.9609	5.1301	8
271.8	4.0691	-5.5708	5.1206	8
271.85	3.9955	-5.6899	5.1179	8
271.9	3.9221	-5.9343	5.1086	8
271.95	3.8483	-5.8358	5.12	8
272	3.7743	-5.5969	5.1327	8
272.05	3.7011	-5.9523	5.1391	8
272.1	3.6275	-5.8551	5.1458	8
272.15	3.5536	-5.5541	5.1533	8
272.2	3.4805	-6.0824	5.1384	8
272.25	3.4068	-5.6976	5.1134	8
272.3	3.3332	-5.7791	5.1255	8
272.35	3.2595	-5.877	5.1487	8
272.4	3.186	-5.7226	5.1453	8
272.45	3.1129	-5.9695	5.1449	8
272.5	3.0391	-5.6848	5.1393	8
272.55	2.9656	-5.9195	5.1406	8
272.6	2.8919	-5.8791	5.152	8
272.65	2.8186	-5.8231	5.1493	8
272.7	2.745	-5.8018	5.1288	8
272.75	2.6716	-6.1117	5.1212	8
272.8	2.5981	-5.9781	5.1278	8
272.85	2.5242	-5.8853	5.1359	8
272.9	2.4506	-6.0034	5.1317	8
272.95	2.3773	-6.1146	5.1432	8
273	2.3036	-6.0374	5.1461	8
273.05	2.2298	-6.0401	5.145	8
273.1	2.1565	-6.3302	5.1336	8
