Indentation

 + User defined profile

+ User defined profile
   Acquisition rate :	20.0 [Hz]
   Linear load 20.00  µN ; 100.00 µN/min
   Pause in load 2 s
   Linear load 0.00  µN ; 100.00 µN/min
   Pause in load 120 s
   Linear depth 20.00  µm ; 500.00 µm/min
   Pause in depth 120 s
   Linear depth 0.00  µm ; 1000.00 µm/min
+ TTX - UNHT Bio S/N: 1000136751 settings
   Fn contact : 25 µN
   Approach distance : 20 µm
   Approach speed : 100 µm/min
   Retract speed : 200 µm/min
   Retract time : 5 sec
   Dz sensor in large range
   Load in fine range
   FnRef in fine range
   FnRef contactload :500.000 µN
   Stiffness threshold : 1 µN/µm

   X Position :10523.04 µm
   Y Position :37857.87 µm
   Z Position :8367.04 µm

Date :6/9/2026
Time :10:47:26 AM

Analysis n # 1

   Method :	Hertz

 + Parameters

  Load Fit [10%,98%]

 + Main results

   EHz=	2.8818 	kPa

 + Hypothesis


 + Additional results

   ErHz=	3.17 kPa
   h offset=	7.51 µm
   R2=	0.05

Analysis n # 2

   Method :	Oliver & Pharr

Cycle # 1

 + Parameters

  Unload Fit [40%,98%]

 + Main results

   HIT=	0.19566 	kPa
   EIT=	51.539 	kPa
   E*=	56.637 	kPa

 + Hypothesis

   !!! Indenter not calibrated !!!
   Poisson's ratio(nu)=	0.30 

 + Additional results

   HVIT=	1.9945E-005 	 Vickers
   RIT 1.5E-005/12/2=	-7.73 	%
   nIT=	-4.50 %
   Fmax=	14.88 	µN
   hmax=	25.46 	µm
   S=	17.6242 	µN/µm
   F/S²=	0.0479 	µm²/µN
   hc=	24.82 	µm
   hr=	24.61 	µm
   hp=	24.19 	µm
   m=	1.5000 
   Epsilon=	0.75 
   R2=	4.231
   Ap=	76052.81 	µm²
   Welast=	-0.18 pJ
   Wplast=	4.18 pJ
   Wtotal=	4.00 pJ
   Er=	56.637 	kPa

Cycle # 2

 + Parameters

  Unload Fit [40%,98%]

 + Main results

! Not calculable !

 + Hypothesis

   !!! Indenter not calibrated !!!
   Poisson's ratio(nu)=	0.30 

 + Additional results

   RIT -5E-006/-1/120=	-17.53 	%
   Fmax=	-5.48 	µN
   hmax=	24.63 	µm

Measured values
Time (s)	Pd (µm)	Fn (µN)	FnRef (µN)	SegmentID

0	0	0	5.178	0
0.05	0.0617	-0.0641	5.1773	0
0.1	0.1237	0.0206	5.1724	0
0.15	0.1861	0.1175	5.1588	0
0.2	0.2487	0.1989	5.1461	0
0.25	0.3115	-0.1966	5.134	0
0.3	0.3744	0.0492	5.1558	0
0.35	0.4374	0.5852	5.1571	0
0.4	0.5018	-0.2673	5.1529	0
0.45	0.5655	0.0446	5.1619	0
0.5	0.6291	0.8841	5.1694	0
0.55	0.6948	-0.3651	5.1751	0
0.6	0.7595	-0.0132	5.1651	0
0.65	0.8233	0.9972	5.1552	0
0.7	0.8892	-0.29	5.1634	0
0.75	0.9544	-0.0108	5.1736	0
0.8	1.0198	0.6745	5.1819	0
0.85	1.0863	-0.0458	5.1877	0
0.9	1.1527	0.0626	5.1968	0
0.95	1.219	0.3029	5.1968	0
1	1.2857	0.6301	5.1895	0
1.05	1.3534	0.1155	5.1885	0
1.1	1.4205	0.0463	5.1767	0
1.15	1.4877	0.6118	5.1652	0
1.2	1.5565	-0.0384	5.1825	0
1.25	1.6243	0.05	5.1832	0
1.3	1.6911	1.1039	5.1776	0
1.35	1.7601	-0.3381	5.193	0
1.4	1.8284	0.0614	5.1808	0
1.45	1.897	0.735	5.1786	0
1.5	1.9672	-0.2659	5.1827	0
1.55	2.0359	0.5896	5.1781	0
1.6	2.1054	0.2318	5.1641	0
1.65	2.1753	0.0915	5.1691	0
1.7	2.2447	0.7069	5.1813	0
1.75	2.3158	-0.1959	5.1718	0
1.8	2.3863	0.2603	5.1702	0
1.85	2.4572	0.4117	5.1499	0
1.9	2.5287	-0.2359	5.1306	0
1.95	2.5993	0.5268	5.1527	0
2	2.6709	0.0357	5.1534	0
2.05	2.7421	0.3398	5.1387	0
2.1	2.8143	0.1337	5.1463	0
2.15	2.8868	0.0882	5.1554	0
2.2	2.9587	0.4406	5.1514	0
2.25	3.0313	-0.1582	5.1468	0
2.3	3.1039	0.1561	5.1606	0
2.35	3.1767	0.1686	5.1565	0
2.4	3.2498	0.2551	5.148	0
2.45	3.3235	-0.0485	5.168	0
2.5	3.3965	0.2333	5.165	0
2.55	3.47	0.4916	5.1642	0
2.6	3.5446	-0.0649	5.1828	0
2.65	3.6185	0.4497	5.1791	0
2.7	3.6927	0.5269	5.1769	0
2.75	3.7677	-0.0137	5.1746	0
2.8	3.8419	0.5562	5.1668	0
2.85	3.9171	-0.0381	5.1704	0
2.9	3.9919	0.551	5.1758	0
2.95	4.0667	0.6897	5.1802	0
3	4.1436	-0.6386	5.1729	0
3.05	4.2511	0.7599	5.1687	0
3.1	4.4377	1.0132	5.165	0
3.15	4.6645	0.005	5.1644	0
3.2	4.8945	0.2158	5.1701	0
3.25	5.1239	0.6169	5.1689	0
3.3	5.3516	0.7697	5.1794	0
3.35	5.5778	-0.2273	5.1949	0
3.4	5.7999	0.6378	5.1971	0
3.45	6.0186	1.6505	5.1987	0
3.5	6.2387	-3.9005	5.2117	0
3.55	6.4685	-27.8968	5.2072	0
3.6	6.6946	-51.3222	5.1891	0
3.65	6.9057	-58.9549	5.1788	0
3.7	7.1107	-62.7149	5.1665	0
3.75	7.3117	-65.5947	5.1765	0
3.8	7.5091	-68.1637	5.1796	0
3.85	7.7026	-69.9598	5.1703	0
3.9	7.8926	-71.0819	5.1727	0
3.95	8.0795	-72.3364	5.1855	0
4	8.264	-74.1766	5.1974	0
4.05	8.4444	-74.3117	5.1921	0
4.1	8.6231	-75.7054	5.1905	0
4.15	8.7992	-77.1821	5.1904	0
4.2	8.9706	-77.4121	5.1807	0
4.25	9.14	-78.6205	5.1934	0
4.3	9.3072	-79.7689	5.1816	0
4.35	9.4718	-80.5227	5.1767	0
4.4	9.6344	-81.0238	5.1822	0
4.45	9.7949	-82.4762	5.1817	0
4.5	9.9518	-82.9793	5.1927	0
4.55	10.1068	-83.7508	5.1857	0
4.6	10.2603	-84.8314	5.1834	0
4.65	10.4109	-85.5708	5.1728	0
4.7	10.559	-85.6491	5.157	0
4.75	10.7063	-87.4111	5.1597	0
4.8	10.8506	-87.893	5.173	0
4.85	10.993	-88.0555	5.1799	0
4.9	11.1345	-89.6994	5.1781	0
4.95	11.2734	-90.2986	5.1737	0
5	11.4105	-90.7241	5.1731	0
5.05	11.5465	-92.3173	5.1567	0
5.1	11.68	-92.882	5.1527	0
5.15	11.8117	-93.2756	5.1472	0
5.2	11.9419	-93.4759	5.1484	0
5.25	12.0712	-94.49	5.1648	0
5.3	12.198	-94.7276	5.1658	0
5.35	12.323	-94.4371	5.1478	0
5.4	12.4487	-96.3067	5.1478	0
5.45	12.5715	-96.2998	5.1643	0
5.5	12.6925	-96.2059	5.177	0
5.55	12.8121	-96.2451	5.1874	0
5.6	12.9304	-96.5273	5.1805	0
5.65	13.047	-97.0285	5.1794	0
5.7	13.1648	-96.2255	5.1755	0
5.75	13.2823	-97.2493	5.1798	0
5.8	13.3972	-97.3308	5.1894	0
5.85	13.5095	-95.6212	5.1836	0
5.9	13.6226	-96.4025	5.1826	0
5.95	13.7343	-96.6985	5.1746	0
6	13.8446	-96.4348	5.177	0
6.05	13.9549	-97.0365	5.1787	0
6.1	14.0638	-97.1241	5.1696	0
6.15	14.1713	-96.3861	5.186	0
6.2	14.2782	-95.8864	5.1864	0
6.25	14.3855	-96.8162	5.1834	0
6.3	14.4915	-97.1075	5.2067	0
6.35	14.5953	-95.7935	5.2117	0
6.4	14.701	-97.4656	5.2047	0
6.45	14.8052	-98.3186	5.1892	0
6.5	14.9076	-97.9161	5.1757	0
6.55	15.0106	-98.7333	5.1717	0
6.6	15.1125	-99.3689	5.1844	0
6.65	15.2132	-99.3243	5.1862	0
6.7	15.314	-100.1053	5.1845	0
6.75	15.4141	-100.6529	5.183	0
6.8	15.5147	-102.4864	5.1748	0
6.85	15.6132	-102.6198	5.1823	0
6.9	15.711	-102.4024	5.1974	0
6.95	15.8086	-102.3043	5.2106	0
7	15.9052	-101.1908	5.2047	0
7.05	16.0021	-101.3475	5.1912	0
7.1	16.0983	-101.1884	5.1675	0
7.15	16.1931	-99.9876	5.1874	0
7.2	16.2903	-102.1033	5.2028	0
7.25	16.3935	-113.0316	5.2036	0
7.3	16.4953	-123.3948	5.1973	0
7.35	16.5877	-122.5884	5.1872	0
7.4	16.6785	-119.5066	5.1729	0
7.45	16.7705	-117.2476	5.1874	0
7.5	16.8639	-117.3095	5.1989	0
7.55	16.9563	-117.0135	5.2022	0
7.6	17.0482	-115.9384	5.191	0
7.65	17.1405	-115.9253	5.1847	0
7.7	17.233	-116.8965	5.1654	0
7.75	17.3249	-117.5678	5.1564	0
7.8	17.4174	-119.1104	5.172	0
7.85	17.5092	-119.8012	5.1741	0
7.9	17.6002	-120.3123	5.1901	0
7.95	17.6911	-120.7213	5.1905	0
8	17.7824	-121.7453	5.1949	0
8.05	17.8725	-122.052	5.2058	0
8.1	17.9623	-121.813	5.1846	0
8.15	18.0522	-121.7829	5.1724	0
8.2	18.142	-122.1354	5.1793	0
8.25	18.2309	-121.7602	5.1945	0
8.3	18.3205	-122.7398	5.2072	0
8.35	18.4099	-122.9782	5.184	0
8.4	18.4986	-122.2857	5.1805	0
8.45	18.5894	-124.8263	5.1853	0
8.5	18.6785	-125.6616	5.1894	0
8.55	18.7669	-125.6355	5.1851	0
8.6	18.8545	-124.6963	5.1812	0
8.65	18.9423	-124.1819	5.1746	0
8.7	19.0298	-123.5186	5.1899	0
8.75	19.117	-122.7473	5.1947	0
8.8	19.2041	-121.8963	5.196	0
8.85	19.2922	-121.988	5.1869	0
8.9	19.3788	-120.6698	5.185	0
8.95	19.4661	-120.5628	5.1901	0
9	19.5541	-121.5521	5.1766	0
9.05	19.6414	-121.5691	5.1936	0
9.1	19.7312	-125.0274	5.2023	0
9.15	19.8244	-133.0113	5.1924	0
9.2	19.9142	-138.3307	5.1805	0
9.25	19.9997	-136.5195	5.1695	0
9.3	20.0833	-132.1428	5.1916	0
9.35	20.1674	-128.9556	5.198	0
9.4	20.2524	-126.7325	5.1898	0
9.45	20.3398	-128.231	5.1846	0
9.5	20.4284	-131.4598	5.1799	0
9.55	20.515	-131.8922	5.1884	0
9.6	20.5991	-129.3008	5.1879	0
9.65	20.6839	-127.175	5.1771	0
9.7	20.7687	-124.9852	5.1897	0
9.75	20.8544	-124.5679	5.1876	0
9.8	20.9403	-124.0173	5.173	0
9.85	21.0251	-121.8052	5.1823	0
9.9	21.1104	-120.3704	5.182	1
9.95	21.1951	-118.3268	5.1775	1
10	21.2799	-117.056	5.1764	1
10.05	21.3679	-114.0358	5.1684	1
10.1	21.5106	-99.4582	5.1854	1
10.15	21.7179	-83.2517	5.1694	1
10.2	21.9259	-77.7741	5.1513	1
10.25	22.1232	-70.9373	5.1506	1
10.3	22.3079	-64.5403	5.1374	1
10.35	22.4747	-55.4755	5.1559	1
10.4	22.6227	-49.075	5.1589	1
10.45	22.7564	-44.0444	5.1519	1
10.5	22.8764	-39.1	5.1646	1
10.55	22.9872	-37.6755	5.1638	1
10.6	23.0922	-34.5282	5.1524	1
10.65	23.1848	-29.4173	5.1496	1
10.7	23.267	-26.5355	5.1497	1
10.75	23.3414	-23.5441	5.1548	1
10.8	23.4057	-19.8948	5.1627	1
10.85	23.4637	-19.0447	5.1735	1
10.9	23.5185	-17.9396	5.1771	1
10.95	23.5708	-17.775	5.1656	1
11	23.6214	-17.4068	5.1791	1
11.05	23.6704	-16.7061	5.1744	1
11.1	23.7172	-15.9769	5.1525	1
11.15	23.7596	-13.9531	5.1569	1
11.2	23.7993	-13.9284	5.1508	1
11.25	23.8375	-13.0034	5.1503	1
11.3	23.8727	-11.5964	5.1542	1
11.35	23.9049	-11.2218	5.1439	1
11.4	23.9366	-10.6253	5.1402	1
11.45	23.9667	-10.1074	5.1386	1
11.5	23.9946	-9.6126	5.1443	1
11.55	24.0227	-9.9044	5.1641	1
11.6	24.0496	-9.3485	5.168	1
11.65	24.0753	-8.9984	5.1653	1
11.7	24.1008	-9.2914	5.1552	1
11.75	24.1261	-8.6627	5.1624	1
11.8	24.1495	-7.9931	5.1672	1
11.85	24.1722	-7.881	5.1666	1
11.9	24.1946	-7.6064	5.1848	1
11.95	24.2157	-7.2676	5.1741	1
12	24.2361	-7.0243	5.158	1
12.05	24.2568	-7.1475	5.1496	1
12.1	24.277	-6.9947	5.1509	1
12.15	24.2963	-6.2733	5.1619	1
12.2	24.3148	-6.5156	5.1629	1
12.25	24.3338	-6.2279	5.1641	1
12.3	24.3515	-5.6152	5.1502	1
12.35	24.3688	-5.8	5.1525	1
12.4	24.386	-5.5319	5.164	1
12.45	24.4021	-5.1708	5.1628	1
12.5	24.4173	-5.0065	5.1643	1
12.55	24.4321	-4.745	5.1646	1
12.6	24.447	-4.7454	5.1584	1
12.65	24.462	-4.3963	5.1569	1
12.7	24.4766	-4.4488	5.1477	1
12.75	24.4914	-4.4012	5.1458	1
12.8	24.5058	-4.2389	5.1564	1
12.85	24.5197	-3.9577	5.1573	1
12.9	24.5333	-3.7792	5.1484	1
12.95	24.5464	-3.3606	5.1522	1
13	24.5591	-3.5123	5.1627	1
13.05	24.5719	-3.1393	5.1717	1
13.1	24.5839	-3.1289	5.1719	1
13.15	24.5971	-3.3949	5.1514	1
13.2	24.6095	-2.852	5.1538	1
13.25	24.6205	-2.3056	5.1637	1
13.3	24.6315	-2.5789	5.1867	1
13.35	24.6434	-2.6387	5.1842	1
13.4	24.6545	-2.0926	5.1789	1
13.45	24.6649	-2.0293	5.1735	1
13.5	24.6764	-2.4623	5.1606	1
13.55	24.6875	-1.568	5.157	1
13.6	24.6963	-1.3156	5.153	1
13.65	24.7064	-1.9882	5.1572	1
13.7	24.717	-1.3818	5.1611	1
13.75	24.7259	-0.9108	5.1584	1
13.8	24.7352	-1.0619	5.1784	1
13.85	24.7448	-1.3604	5.1812	1
13.9	24.7533	-0.0606	5.1737	1
13.95	24.7615	-0.7088	5.1676	1
14	24.7703	-0.7734	5.1652	1
14.05	24.7787	-0.2204	5.1511	1
14.1	24.7867	-0.2146	5.1443	1
14.15	24.7949	-0.3748	5.148	1
14.2	24.8039	-0.3891	5.1618	1
14.25	24.8128	-0.7319	5.1555	1
14.3	24.8221	-0.3586	5.1477	1
14.35	24.8306	0.0011	5.1546	1
14.4	24.8392	-0.0312	5.1558	1
14.45	24.8475	-0.0809	5.1569	1
14.5	24.8558	0.5303	5.1715	1
14.55	24.8633	0.4191	5.1852	1
14.6	24.8715	0.3771	5.1681	1
14.65	24.8794	0.8235	5.1628	1
14.7	24.8864	1.0121	5.178	1
14.75	24.894	0.6794	5.1815	1
14.8	24.9015	1.1304	5.1875	1
14.85	24.9082	1.1897	5.1717	1
14.9	24.9154	1.2764	5.1638	1
14.95	24.9227	1.3967	5.1704	1
15	24.9293	1.6055	5.1648	1
15.05	24.9356	1.7666	5.1711	1
15.1	24.9421	1.7427	5.1774	1
15.15	24.9482	2.086	5.1647	1
15.2	24.9545	2.0472	5.1615	1
15.25	24.9607	2.0705	5.1605	1
15.3	24.9668	2.2486	5.1584	1
15.35	24.973	2.2487	5.1627	1
15.4	24.979	2.5052	5.1519	1
15.45	24.9845	2.8054	5.1507	1
15.5	24.9901	2.6526	5.1662	1
15.55	24.9958	2.9792	5.1827	1
15.6	25.0013	3.0129	5.1845	1
15.65	25.0064	3.0218	5.175	1
15.7	25.0122	3.1331	5.1741	1
15.75	25.0173	3.1475	5.1591	1
15.8	25.0227	3.1558	5.16	1
15.85	25.0281	3.4316	5.1776	1
15.9	25.0333	3.5611	5.1935	1
15.95	25.0379	3.7663	5.1974	1
16	25.0432	3.492	5.1789	1
16.05	25.0489	3.5854	5.1846	1
16.1	25.0542	3.68	5.1892	1
16.15	25.0593	3.8683	5.1662	1
16.2	25.0648	3.7975	5.1636	1
16.25	25.0701	3.9293	5.1839	1
16.3	25.0753	3.8865	5.1894	1
16.35	25.0804	4.2079	5.197	1
16.4	25.0856	4.0754	5.1801	1
16.45	25.0912	4.2302	5.1655	1
16.5	25.0961	4.6326	5.1896	1
16.55	25.1003	4.5857	5.2041	1
16.6	25.1059	4.4192	5.2048	1
16.65	25.1106	5.1421	5.1972	1
16.7	25.1145	5.0216	5.1972	1
16.75	25.1188	5.0281	5.1931	1
16.8	25.1232	5.1579	5.1966	1
16.85	25.1275	5.3257	5.2059	1
16.9	25.1324	5.1229	5.1933	1
16.95	25.1364	5.7383	5.1841	1
17	25.1407	5.4087	5.1796	1
17.05	25.1449	5.6077	5.1798	1
17.1	25.1491	5.8191	5.176	1
17.15	25.153	5.8194	5.1702	1
17.2	25.1571	5.6759	5.1802	1
17.25	25.1613	6.1462	5.1774	1
17.3	25.1653	6.1019	5.1678	1
17.35	25.1698	5.8973	5.18	1
17.4	25.1742	6.2873	5.177	1
17.45	25.1772	6.9284	5.1696	1
17.5	25.1813	6.0132	5.1772	1
17.55	25.1856	6.7515	5.1688	1
17.6	25.1885	7.0609	5.1782	1
17.65	25.192	6.5119	5.2043	1
17.7	25.1963	6.6764	5.1975	1
17.75	25.1998	7.2673	5.1887	1
17.8	25.2028	7.0806	5.1861	1
17.85	25.2073	6.7805	5.1838	1
17.9	25.2106	7.4434	5.2013	1
17.95	25.2145	7.2715	5.2019	1
18	25.2173	7.3836	5.191	1
18.05	25.2212	7.5469	5.164	1
18.1	25.2243	7.4176	5.1572	1
18.15	25.228	7.7899	5.1576	1
18.2	25.2309	7.9144	5.1533	1
18.25	25.234	7.5875	5.17	1
18.3	25.2376	8.022	5.1757	1
18.35	25.2408	8.0314	5.1747	1
18.4	25.2438	8.1512	5.1791	1
18.45	25.2474	8.045	5.1718	1
18.5	25.2507	8.2492	5.1779	1
18.55	25.2537	8.3703	5.184	1
18.6	25.2572	8.277	5.1789	1
18.65	25.2606	8.52	5.1783	1
18.7	25.2635	8.7888	5.1716	1
18.75	25.2672	8.1788	5.1723	1
18.8	25.2708	8.8725	5.1697	1
18.85	25.274	8.7142	5.1638	1
18.9	25.2771	8.9464	5.1609	1
18.95	25.2809	8.6372	5.1417	1
19	25.2839	9.5295	5.148	1
19.05	25.2867	9.1248	5.1626	1
19.1	25.2901	9.1178	5.1686	1
19.15	25.2932	9.5826	5.1758	1
19.2	25.2956	9.5918	5.1791	1
19.25	25.2987	9.3892	5.1893	1
19.3	25.3018	9.8177	5.1886	1
19.35	25.3041	9.9519	5.1708	1
19.4	25.307	9.6605	5.1651	1
19.45	25.3098	10.2359	5.1846	1
19.5	25.3125	10.0213	5.191	1
19.55	25.3156	9.9995	5.1865	1
19.6	25.3182	10.443	5.182	1
19.65	25.3205	10.2646	5.1723	1
19.7	25.3237	10.3091	5.1632	1
19.75	25.3262	10.5866	5.1631	1
19.8	25.3287	10.9097	5.1713	1
19.85	25.3306	10.7735	5.1815	1
19.9	25.3337	10.5418	5.1978	1
19.95	25.3357	11.1412	5.2075	1
20	25.3381	10.9043	5.1936	1
20.05	25.3409	11.1137	5.1915	1
20.1	25.3432	11.3266	5.192	1
20.15	25.345	11.2289	5.1987	1
20.2	25.3473	11.3137	5.2036	1
20.25	25.3493	11.8341	5.1931	1
20.3	25.3513	11.4112	5.1675	1
20.35	25.354	11.6849	5.159	1
20.4	25.3557	11.8831	5.1878	1
20.45	25.3578	12.0566	5.2029	1
20.5	25.3599	11.7631	5.2063	1
20.55	25.3621	12.4477	5.1942	1
20.6	25.3636	12.3529	5.1803	1
20.65	25.3651	12.2809	5.1859	1
20.7	25.3673	11.9842	5.1871	1
20.75	25.369	12.7932	5.181	1
20.8	25.3704	12.4013	5.1701	1
20.85	25.3729	12.3116	5.1736	1
20.9	25.3749	12.9926	5.1751	1
20.95	25.3765	12.811	5.1829	1
21	25.3783	12.7118	5.1899	1
21.05	25.3803	13.0183	5.19	1
21.1	25.3819	13.0668	5.192	1
21.15	25.3833	13.1007	5.1761	1
21.2	25.3856	12.9896	5.171	1
21.25	25.3874	13.4372	5.1661	1
21.3	25.3889	13.4482	5.1727	1
21.35	25.3906	13.1877	5.1695	1
21.4	25.3923	13.8228	5.1554	1
21.45	25.3941	13.4336	5.1404	1
21.5	25.3959	13.641	5.1421	1
21.55	25.3975	13.9934	5.1647	1
21.6	25.3988	14.2289	5.1631	1
21.65	25.3999	13.7837	5.149	1
21.7	25.402	13.798	5.162	1
21.75	25.4035	14.4826	5.1694	1
21.8	25.4055	14.0509	5.1677	1
21.85	25.4071	14.5578	5.1646	1
21.9	25.408	14.7215	5.1583	2
21.95	25.4097	13.8123	5.1543	2
22	25.4117	14.9346	5.1496	2
22.05	25.4121	15.1491	5.16	2
22.1	25.4137	14.4022	5.1694	2
22.15	25.4158	14.5954	5.1549	2
22.2	25.4164	15.4251	5.1602	2
22.25	25.4169	14.6631	5.1628	2
22.3	25.4195	14.2116	5.1548	2
22.35	25.4205	15.4705	5.1574	2
22.4	25.4205	15.2242	5.1602	2
22.45	25.4224	14.0031	5.1802	2
22.5	25.4243	15.3432	5.1798	2
22.55	25.4242	15.1037	5.1794	2
22.6	25.4263	14.3504	5.1833	2
22.65	25.4276	15.204	5.1788	2
22.7	25.4279	15.3058	5.1712	2
22.75	25.4293	14.3693	5.1602	2
22.8	25.4308	14.959	5.1667	2
22.85	25.4309	15.2706	5.1834	2
22.9	25.4322	14.6105	5.1756	2
22.95	25.4339	14.5224	5.1882	2
23	25.4351	15.1431	5.2026	2
23.05	25.4356	14.8887	5.1967	2
23.1	25.4377	14.2913	5.203	2
23.15	25.4385	15.1008	5.192	2
23.2	25.4393	14.951	5.19	2
23.25	25.4415	14.1286	5.2107	2
23.3	25.4433	15.1728	5.204	2
23.35	25.4435	14.9497	5.1878	2
23.4	25.4458	14.2764	5.187	2
23.45	25.4469	15.0799	5.1876	2
23.5	25.4473	14.9217	5.1827	2
23.55	25.4491	14.4602	5.167	2
23.6	25.4502	14.969	5.1668	2
23.65	25.4509	14.9544	5.1857	2
23.7	25.4524	14.4452	5.1911	2
23.75	25.4541	14.9672	5.1841	2
23.8	25.4547	15.0907	5.1808	2
23.85	25.4561	14.4703	5.1746	2
23.9	25.4572	14.9931	5.174	3
23.95	25.4579	14.8805	5.1891	3
24	25.4592	14.5882	5.2077	3
24.05	25.4603	14.9905	5.2058	3
24.1	25.4615	14.6647	5.1948	3
24.15	25.4629	14.6763	5.1871	3
24.2	25.4636	14.9059	5.1914	3
24.25	25.4646	14.4761	5.1873	3
24.3	25.4656	14.3591	5.1799	3
24.35	25.4674	14.5749	5.1713	3
24.4	25.4674	14.4315	5.1726	3
24.45	25.4687	14.3134	5.1825	3
24.5	25.4702	13.7082	5.1965	3
24.55	25.4708	14.6629	5.1826	3
24.6	25.4719	13.7084	5.1801	3
24.65	25.4734	13.9142	5.1954	3
24.7	25.4747	13.8138	5.186	3
24.75	25.4752	13.7845	5.1716	3
24.8	25.4763	13.6681	5.1915	3
24.85	25.4775	13.2911	5.204	3
24.9	25.479	13.4675	5.1857	3
24.95	25.4803	13.1853	5.169	3
25	25.4818	13.2449	5.174	3
25.05	25.4832	13.0379	5.1759	3
25.1	25.4842	13.4276	5.1739	3
25.15	25.4846	13.0917	5.178	3
25.2	25.4857	12.8357	5.1809	3
25.25	25.4865	13.0862	5.1878	3
25.3	25.4871	12.9502	5.171	3
25.35	25.4889	12.284	5.1779	3
25.4	25.4896	12.9018	5.1931	3
25.45	25.49	12.9268	5.1782	3
25.5	25.4908	12.3257	5.1627	3
25.55	25.4921	12.5355	5.1563	3
25.6	25.4921	12.7515	5.1605	3
25.65	25.4931	12.2015	5.1838	3
25.7	25.494	12.013	5.189	3
25.75	25.4948	12.4632	5.1881	3
25.8	25.4949	12.057	5.1771	3
25.85	25.4957	12.0815	5.1683	3
25.9	25.4965	12.0342	5.1805	3
25.95	25.4961	12.5325	5.1621	3
26	25.4965	11.5466	5.1625	3
26.05	25.4968	12.0554	5.1859	3
26.1	25.4964	12.3672	5.176	3
26.15	25.496	11.8218	5.158	3
26.2	25.4963	11.6382	5.158	3
26.25	25.4957	11.96	5.155	3
26.3	25.4955	11.7824	5.1523	3
26.35	25.4953	11.2319	5.1711	3
26.4	25.496	11.5681	5.1739	3
26.45	25.4949	11.5412	5.177	3
26.5	25.4953	10.8784	5.1823	3
26.55	25.4952	11.5134	5.1761	3
26.6	25.4947	11.3119	5.1603	3
26.65	25.4949	10.6246	5.1665	3
26.7	25.4953	10.9511	5.1748	3
26.75	25.4944	11.2026	5.1788	3
26.8	25.4943	10.3919	5.1809	3
26.85	25.4949	10.6669	5.1714	3
26.9	25.4932	11.3654	5.1699	3
26.95	25.4929	10.0634	5.1591	3
27	25.4938	10.3938	5.1612	3
27.05	25.4923	11.0503	5.1825	3
27.1	25.4923	9.6962	5.1841	3
27.15	25.4935	9.7659	5.1739	3
27.2	25.493	10.668	5.1912	3
27.25	25.4921	10.2185	5.1852	3
27.3	25.4924	9.4362	5.1855	3
27.35	25.4925	10.1444	5.1876	3
27.4	25.4915	9.9951	5.1688	3
27.45	25.4915	9.4738	5.1567	3
27.5	25.4923	9.2198	5.1647	3
27.55	25.4918	10.0583	5.1622	3
27.6	25.491	9.1091	5.1435	3
27.65	25.4911	9.1731	5.1587	3
27.7	25.4913	9.4399	5.1734	3
27.75	25.4911	9.2049	5.1908	3
27.8	25.491	9.2185	5.2099	3
27.85	25.4907	8.973	5.2065	3
27.9	25.4903	8.9305	5.1899	3
27.95	25.4898	8.8087	5.197	3
28	25.4899	8.694	5.1858	3
28.05	25.4894	8.8221	5.183	3
28.1	25.4896	8.4146	5.1627	3
28.15	25.4894	8.5924	5.1646	3
28.2	25.4895	8.288	5.1849	3
28.25	25.4894	8.4483	5.1933	3
28.3	25.4892	8.1248	5.1884	3
28.35	25.4891	8.2045	5.1758	3
28.4	25.4886	7.976	5.1639	3
28.45	25.4883	8.2113	5.1564	3
28.5	25.4879	8.015	5.148	3
28.55	25.4879	7.7027	5.1585	3
28.6	25.4871	8.1319	5.1727	3
28.65	25.486	7.9671	5.175	3
28.7	25.4855	7.551	5.1882	3
28.75	25.4853	7.8825	5.193	3
28.8	25.484	7.798	5.183	3
28.85	25.4833	7.51	5.1922	3
28.9	25.4824	7.4924	5.1813	3
28.95	25.4815	7.6746	5.1762	3
29	25.4805	7.2217	5.1749	3
29.05	25.4799	7.3109	5.1783	3
29.1	25.4786	7.415	5.1856	3
29.15	25.478	6.8059	5.1832	3
29.2	25.4772	7.077	5.1789	3
29.25	25.4763	6.9949	5.1827	3
29.3	25.475	6.9034	5.1803	3
29.35	25.4747	6.4986	5.1798	3
29.4	25.4736	6.9159	5.1891	3
29.45	25.4723	6.8046	5.1958	3
29.5	25.4717	6.3103	5.2051	3
29.55	25.4713	6.3162	5.198	3
29.6	25.4706	6.4505	5.1975	3
29.65	25.4699	5.9153	5.1877	3
29.7	25.469	6.2911	5.1822	3
29.75	25.4686	5.7602	5.1896	3
29.8	25.4679	5.9695	5.1964	3
29.85	25.4676	5.7127	5.1897	3
29.9	25.4666	6.0082	5.1567	3
29.95	25.4662	5.2523	5.1611	3
30	25.4659	5.8324	5.1712	3
30.05	25.4648	5.3243	5.17	3
30.1	25.465	5.2178	5.1882	3
30.15	25.4643	5.2802	5.1769	3
30.2	25.4637	5.281	5.1711	3
30.25	25.463	5.0268	5.1808	3
30.3	25.4631	4.7263	5.1818	3
30.35	25.4627	4.9549	5.1825	3
30.4	25.4618	4.8381	5.1787	3
30.45	25.4617	4.4221	5.19	3
30.5	25.4615	4.9761	5.1986	3
30.55	25.4604	4.6025	5.1833	3
30.6	25.4598	4.5917	5.1823	3
30.65	25.4595	4.28	5.2094	3
30.7	25.459	4.4325	5.2108	3
30.75	25.4587	4.0626	5.1942	3
30.8	25.4585	4.0745	5.1863	3
30.85	25.4578	4.194	5.1916	3
30.9	25.4581	3.5657	5.1829	3
30.95	25.4576	4.0195	5.1742	3
31	25.457	3.809	5.1667	3
31.05	25.457	3.4137	5.144	3
31.1	25.4568	3.6209	5.1549	3
31.15	25.4563	3.6408	5.1824	3
31.2	25.4558	3.2927	5.182	3
31.25	25.4557	3.3097	5.1934	3
31.3	25.4553	3.3715	5.1898	3
31.35	25.4546	3.3376	5.1849	3
31.4	25.4542	2.9576	5.1973	3
31.45	25.4538	3.1565	5.1719	3
31.5	25.4532	2.9115	5.1744	3
31.55	25.4525	2.8942	5.1879	3
31.6	25.4523	2.7169	5.1859	3
31.65	25.4516	3.0612	5.1884	3
31.7	25.451	2.5246	5.1787	3
31.75	25.4504	2.5501	5.1898	3
31.8	25.4501	2.371	5.1842	3
31.85	25.4493	2.6853	5.1919	3
31.9	25.4488	1.9174	5.2081	3
31.95	25.4487	2.3062	5.1898	3
32	25.4479	2.1545	5.1822	3
32.05	25.4475	2.2498	5.1844	3
32.1	25.4468	1.9655	5.1771	3
32.15	25.446	2.0995	5.1972	3
32.2	25.445	2.0424	5.2037	3
32.25	25.4439	2.0092	5.1954	3
32.3	25.4428	1.6827	5.1775	3
32.35	25.4422	1.8069	5.1852	3
32.4	25.4406	1.8728	5.2143	3
32.45	25.4398	1.5194	5.2133	3
32.5	25.4387	1.4356	5.1979	3
32.55	25.4375	1.6221	5.1981	3
32.6	25.436	1.4647	5.1934	3
32.65	25.4356	1.1662	5.1999	3
32.7	25.4344	1.3425	5.1992	3
32.75	25.4332	0.9665	5.2009	3
32.8	25.4324	0.7472	5.2011	3
32.85	25.4317	1.0843	5.1827	3
32.9	25.4305	0.8369	5.1964	3
32.95	25.4298	0.5824	5.218	3
33	25.4286	0.9048	5.2223	3
33.05	25.4276	0.438	5.2113	3
33.1	25.4273	0.5378	5.2015	3
33.15	25.426	0.6716	5.2089	3
33.2	25.4246	0.2751	5.2186	3
33.25	25.4244	-0.0568	5.206	3
33.3	25.4228	0.7097	5.2117	3
33.35	25.4213	-0.0544	5.1884	3
33.4	25.4205	-0.0841	5.186	3
33.45	25.4195	0.3183	5.1749	3
33.5	25.4179	0.1835	5.1848	3
33.55	25.4171	-0.6066	5.1913	3
33.6	25.4158	0.0685	5.1858	3
33.65	25.4139	-0.066	5.1883	3
33.7	25.4129	-0.6467	5.1781	3
33.75	25.4124	-0.5814	5.1763	3
33.8	25.4106	-0.0974	5.1899	3
33.85	25.4088	-0.7151	5.1866	3
33.9	25.4082	-0.749	5.1708	3
33.95	25.4065	-0.5763	5.1823	3
34	25.4044	-0.5415	5.1811	3
34.05	25.403	-1.2827	5.177	3
34.1	25.4017	-0.7716	5.1979	3
34.15	25.3996	-1.0516	5.1994	3
34.2	25.3984	-1.0337	5.1907	3
34.25	25.397	-1.1486	5.1937	3
34.3	25.3954	-1.1635	5.2081	3
34.35	25.3936	-1.2458	5.206	3
34.4	25.3919	-1.4675	5.212	3
34.45	25.3902	-1.4132	5.2123	3
34.5	25.3887	-1.7102	5.1983	3
34.55	25.3873	-1.7196	5.1935	3
34.6	25.3857	-1.718	5.1769	3
34.65	25.3842	-1.9813	5.1704	3
34.7	25.3829	-2.0606	5.1813	3
34.75	25.3816	-2.2544	5.1747	3
34.8	25.3805	-2.0908	5.1763	3
34.85	25.3787	-2.1259	5.1698	3
34.9	25.3768	-2.3156	5.167	3
34.95	25.3755	-2.4658	5.1634	3
35	25.3748	-2.8511	5.1633	3
35.05	25.3729	-1.9928	5.1702	3
35.1	25.3712	-2.9642	5.1757	3
35.15	25.3702	-2.8632	5.181	3
35.2	25.3686	-2.6409	5.1768	3
35.25	25.3667	-2.7232	5.165	3
35.3	25.3661	-3.4218	5.1642	3
35.35	25.3644	-2.3154	5.1718	3
35.4	25.3623	-3.3349	5.1776	3
35.45	25.3618	-3.831	5.1827	3
35.5	25.36	-2.7325	5.1763	3
35.55	25.3575	-3.0592	5.168	3
35.6	25.3567	-4.1299	5.1779	3
35.65	25.356	-3.4233	5.1795	3
35.7	25.353	-2.8481	5.1758	3
35.75	25.3507	-4.0013	5.1672	3
35.8	25.3508	-4.3206	5.1608	3
35.85	25.3488	-3.2026	5.182	3
35.9	25.3464	-3.8156	5.1972	4
35.95	25.3459	-4.6591	5.1933	4
36	25.3446	-3.8251	5.195	4
36.05	25.3422	-3.8369	5.191	4
36.1	25.3405	-4.6642	5.1779	4
36.15	25.3397	-4.4667	5.172	4
36.2	25.3376	-4.1139	5.1868	4
36.25	25.3362	-4.4728	5.2039	4
36.3	25.3353	-4.6194	5.1953	4
36.35	25.3338	-3.9556	5.1814	4
36.4	25.3316	-4.1814	5.1833	4
36.45	25.3304	-4.6391	5.1759	4
36.5	25.3289	-3.838	5.1855	4
36.55	25.3264	-3.8106	5.186	4
36.6	25.3248	-4.5611	5.1943	4
36.65	25.3236	-4.1627	5.2011	4
36.7	25.3209	-4.0781	5.197	4
36.75	25.3196	-4.3844	5.207	4
36.8	25.3186	-4.2749	5.2096	4
36.85	25.3166	-4.056	5.1905	4
36.9	25.3153	-4.5127	5.1784	4
36.95	25.3142	-4.425	5.1801	4
37	25.312	-4.1431	5.1779	4
37.05	25.3108	-4.702	5.1683	4
37.1	25.3098	-4.363	5.1718	4
37.15	25.3084	-4.2545	5.1853	4
37.2	25.3067	-4.2107	5.183	4
37.25	25.3055	-4.5728	5.1792	4
37.3	25.3041	-4.1297	5.1763	4
37.35	25.3025	-4.2138	5.1779	4
37.4	25.3009	-4.4406	5.1793	4
37.45	25.2997	-4.3065	5.1824	4
37.5	25.298	-4.255	5.1802	4
37.55	25.2966	-4.5279	5.1834	4
37.6	25.2953	-4.2305	5.195	4
37.65	25.2938	-4.3719	5.1998	4
37.7	25.2927	-4.3012	5.1894	4
37.75	25.2913	-4.4256	5.1845	4
37.8	25.2898	-4.319	5.1707	4
37.85	25.2889	-4.6713	5.166	4
37.9	25.2878	-4.452	5.1733	4
37.95	25.2861	-4.4385	5.1671	4
38	25.2846	-4.0048	5.1727	4
38.05	25.2835	-4.6027	5.1698	4
38.1	25.2824	-4.1367	5.1719	4
38.15	25.2803	-4.287	5.1722	4
38.2	25.2788	-4.3724	5.1664	4
38.25	25.2776	-4.4485	5.1601	4
38.3	25.276	-4.0891	5.1512	4
38.35	25.2743	-4.4197	5.1534	4
38.4	25.273	-4.4606	5.1569	4
38.45	25.2712	-4.2507	5.1804	4
38.5	25.2696	-4.2976	5.1898	4
38.55	25.2685	-4.3595	5.1715	4
38.6	25.267	-4.25	5.1614	4
38.65	25.2653	-4.4238	5.1599	4
38.7	25.2641	-4.2772	5.1714	4
38.75	25.2624	-4.314	5.1792	4
38.8	25.2613	-4.484	5.1961	4
38.85	25.2599	-4.3179	5.1883	4
38.9	25.2586	-4.2404	5.1802	4
38.95	25.2569	-4.3073	5.1816	4
39	25.256	-4.5202	5.1862	4
39.05	25.2543	-4.1976	5.1816	4
39.1	25.2527	-4.4485	5.1846	4
39.15	25.2514	-4.4165	5.1963	4
39.2	25.25	-4.2793	5.1687	4
39.25	25.2482	-4.3407	5.171	4
39.3	25.247	-4.423	5.2015	4
39.35	25.2456	-4.3374	5.1859	4
39.4	25.2441	-4.2599	5.213	4
39.45	25.2427	-4.3242	5.2135	4
39.5	25.2411	-4.226	5.192	4
39.55	25.2391	-4.1436	5.1888	4
39.6	25.2374	-4.3707	5.1963	4
39.65	25.2359	-4.1081	5.1963	4
39.7	25.2342	-4.2079	5.1902	4
39.75	25.2326	-4.5439	5.1923	4
39.8	25.2314	-4.4	5.1903	4
39.85	25.2295	-3.975	5.1881	4
39.9	25.2278	-4.3277	5.1744	4
39.95	25.2263	-4.2223	5.1763	4
40	25.2246	-4.1363	5.1813	4
40.05	25.2225	-4.2902	5.1881	4
40.1	25.2212	-4.6494	5.1978	4
40.15	25.2201	-4.2662	5.2044	4
40.2	25.2185	-4.3122	5.2032	4
40.25	25.2171	-4.4116	5.1948	4
40.3	25.2159	-4.3936	5.2082	4
40.35	25.2141	-4.3391	5.2114	4
40.4	25.213	-4.4747	5.1915	4
40.45	25.2118	-4.2971	5.1945	4
40.5	25.2101	-4.3649	5.1913	4
40.55	25.2089	-4.4568	5.1779	4
40.6	25.2077	-4.5045	5.1692	4
40.65	25.2062	-4.0872	5.1802	4
40.7	25.2047	-4.7593	5.1878	4
40.75	25.2039	-4.4346	5.1802	4
40.8	25.2023	-4.27	5.1802	4
40.85	25.2007	-4.4187	5.1839	4
40.9	25.2003	-4.8726	5.194	4
40.95	25.1995	-4.3855	5.2045	4
41	25.1978	-4.4377	5.1956	4
41.05	25.1968	-4.6353	5.1976	4
41.1	25.1961	-4.5727	5.1814	4
41.15	25.195	-4.4217	5.1773	4
41.2	25.1937	-4.3859	5.1983	4
41.25	25.1928	-4.6556	5.1999	4
41.3	25.1916	-4.6184	5.1857	4
41.35	25.1902	-4.1729	5.1805	4
41.4	25.1887	-4.5942	5.1886	4
41.45	25.188	-4.6084	5.2044	4
41.5	25.1871	-4.5322	5.2068	4
41.55	25.1859	-4.6625	5.2049	4
41.6	25.1855	-4.7807	5.2124	4
41.65	25.1847	-4.3801	5.2026	4
41.7	25.1833	-4.7242	5.2101	4
41.75	25.1829	-4.7342	5.2153	4
41.8	25.182	-4.4993	5.2162	4
41.85	25.1806	-4.3882	5.212	4
41.9	25.1794	-4.8294	5.1989	4
41.95	25.1791	-4.8615	5.1953	4
42	25.1781	-4.2629	5.2055	4
42.05	25.1769	-4.808	5.2049	4
42.1	25.1763	-4.759	5.1957	4
42.15	25.1755	-4.2582	5.1955	4
42.2	25.1744	-4.7783	5.2021	4
42.25	25.1739	-4.7256	5.1926	4
42.3	25.1726	-4.364	5.1897	4
42.35	25.1717	-4.8442	5.2047	4
42.4	25.171	-4.5202	5.1891	4
42.45	25.1698	-4.5734	5.1907	4
42.5	25.1691	-4.7695	5.1926	4
42.55	25.168	-4.303	5.1894	4
42.6	25.1661	-4.3812	5.1963	4
42.65	25.166	-4.8191	5.1923	4
42.7	25.1649	-4.2408	5.1958	4
42.75	25.1635	-4.7637	5.186	4
42.8	25.1627	-4.5519	5.1829	4
42.85	25.1619	-4.7754	5.1903	4
42.9	25.1608	-4.4505	5.1934	4
42.95	25.1601	-4.64	5.2124	4
43	25.1592	-4.5601	5.2164	4
43.05	25.1584	-4.6683	5.2155	4
43.1	25.1578	-4.7768	5.2268	4
43.15	25.1574	-4.8432	5.2288	4
43.2	25.1567	-4.5596	5.2171	4
43.25	25.1554	-4.7165	5.2037	4
43.3	25.1546	-4.5435	5.2106	4
43.35	25.1532	-4.5735	5.2239	4
43.4	25.1522	-4.5431	5.2168	4
43.45	25.1513	-4.51	5.2207	4
43.5	25.1504	-4.3148	5.2212	4
43.55	25.149	-4.5675	5.2266	4
43.6	25.1481	-4.6216	5.2192	4
43.65	25.147	-4.4814	5.1986	4
43.7	25.1458	-4.3903	5.1931	4
43.75	25.1443	-4.5839	5.1809	4
43.8	25.1434	-4.5484	5.1763	4
43.85	25.1419	-4.3145	5.1811	4
43.9	25.141	-4.7132	5.1896	4
43.95	25.1396	-4.187	5.1752	4
44	25.1381	-4.6077	5.1797	4
44.05	25.1373	-4.7734	5.1906	4
44.1	25.136	-4.2722	5.1867	4
44.15	25.1342	-4.3852	5.1745	4
44.2	25.1337	-4.7715	5.1706	4
44.25	25.1327	-4.3856	5.1795	4
44.3	25.1317	-4.7595	5.1769	4
44.35	25.1313	-4.5643	5.1646	4
44.4	25.13	-4.2743	5.1697	4
44.45	25.1283	-4.424	5.1809	4
44.5	25.1279	-4.9875	5.1809	4
44.55	25.127	-4.2747	5.183	4
44.6	25.1256	-4.4499	5.1781	4
44.65	25.1246	-4.665	5.1727	4
44.7	25.1237	-4.7323	5.1546	4
44.75	25.1224	-4.337	5.1692	4
44.8	25.1214	-4.934	5.1843	4
44.85	25.1212	-4.5109	5.159	4
44.9	25.1197	-4.3945	5.1522	4
44.95	25.119	-4.903	5.1482	4
45	25.1184	-4.6801	5.1589	4
45.05	25.1173	-4.418	5.1651	4
45.1	25.1166	-4.9284	5.1636	4
45.15	25.116	-4.5019	5.1788	4
45.2	25.115	-4.756	5.1618	4
45.25	25.1144	-4.7929	5.1586	4
45.3	25.1136	-4.6372	5.1704	4
45.35	25.1128	-4.6998	5.1598	4
45.4	25.1122	-4.7616	5.1862	4
45.45	25.1116	-4.6921	5.1889	4
45.5	25.1103	-4.3333	5.1751	4
45.55	25.1097	-4.9123	5.177	4
45.6	25.1091	-4.7702	5.1905	4
45.65	25.1081	-4.4213	5.2072	4
45.7	25.1073	-4.642	5.2035	4
45.75	25.1066	-4.7355	5.1935	4
45.8	25.1055	-4.8475	5.1839	4
45.85	25.105	-4.7957	5.1782	4
45.9	25.1045	-4.6518	5.1778	4
45.95	25.1038	-4.3808	5.173	4
46	25.1032	-4.8547	5.1554	4
46.05	25.1028	-4.8254	5.1626	4
46.1	25.1013	-4.4073	5.1682	4
46.15	25.1003	-4.7837	5.1847	4
46.2	25.1001	-4.8637	5.202	4
46.25	25.099	-4.368	5.1803	4
46.3	25.0979	-4.5875	5.1731	4
46.35	25.0975	-4.9688	5.1808	4
46.4	25.0965	-4.4278	5.179	4
46.45	25.0953	-4.5542	5.1718	4
46.5	25.0946	-4.8655	5.1797	4
46.55	25.0939	-4.541	5.1897	4
46.6	25.0923	-4.3443	5.1758	4
46.65	25.0915	-4.8755	5.1727	4
46.7	25.0908	-4.4313	5.1715	4
46.75	25.0894	-4.471	5.147	4
46.8	25.0886	-4.677	5.1515	4
46.85	25.0881	-4.6293	5.1606	4
46.9	25.0863	-4.2855	5.1538	4
46.95	25.0854	-4.9436	5.1457	4
47	25.085	-4.6005	5.1444	4
47.05	25.0836	-4.2335	5.1616	4
47.1	25.0824	-4.6846	5.1702	4
47.15	25.082	-5.0706	5.1742	4
47.2	25.0814	-4.3615	5.1659	4
47.25	25.0804	-4.6751	5.173	4
47.3	25.0799	-4.741	5.1841	4
47.35	25.0791	-4.6524	5.1724	4
47.4	25.0779	-4.363	5.1785	4
47.45	25.0768	-4.6164	5.1963	4
47.5	25.076	-4.7226	5.2014	4
47.55	25.0748	-4.3988	5.1959	4
47.6	25.0735	-4.7009	5.1973	4
47.65	25.0727	-4.6687	5.1967	4
47.7	25.0719	-4.5551	5.2023	4
47.75	25.071	-4.5821	5.2071	4
47.8	25.0701	-4.7196	5.1996	4
47.85	25.0688	-4.4296	5.1819	4
47.9	25.068	-4.7552	5.1758	4
47.95	25.0672	-4.5563	5.1777	4
48	25.066	-4.2521	5.1839	4
48.05	25.0648	-4.7429	5.1944	4
48.1	25.0641	-4.3934	5.1945	4
48.15	25.0625	-4.5532	5.1809	4
48.2	25.0616	-4.6412	5.1735	4
48.25	25.0604	-4.2778	5.1761	4
48.3	25.0588	-4.5457	5.1837	4
48.35	25.058	-4.7403	5.1854	4
48.4	25.057	-4.4742	5.1711	4
48.45	25.0556	-4.3052	5.1826	4
48.5	25.0547	-4.7383	5.1945	4
48.55	25.0538	-4.4609	5.1846	4
48.6	25.0523	-4.4944	5.1736	4
48.65	25.0509	-4.5927	5.1679	4
48.7	25.0501	-4.5152	5.166	4
48.75	25.0489	-4.4119	5.1812	4
48.8	25.0479	-4.6431	5.2002	4
48.85	25.047	-4.55	5.1933	4
48.9	25.046	-4.6576	5.1926	4
48.95	25.0449	-4.6185	5.1926	4
49	25.0441	-4.6124	5.1747	4
49.05	25.0431	-4.6346	5.1843	4
49.1	25.0424	-4.6447	5.1991	4
49.15	25.0414	-4.6219	5.1895	4
49.2	25.0406	-4.8209	5.1984	4
49.25	25.0396	-4.7217	5.177	4
49.3	25.0388	-4.6066	5.1628	4
49.35	25.0387	-4.7483	5.1705	4
49.4	25.0377	-4.5031	5.1551	4
49.45	25.0364	-4.882	5.1587	4
49.5	25.0361	-4.9573	5.1777	4
49.55	25.0354	-4.3	5.168	4
49.6	25.0342	-4.662	5.1781	4
49.65	25.0336	-4.8746	5.1898	4
49.7	25.0329	-4.469	5.1713	4
49.75	25.0316	-4.5151	5.1608	4
49.8	25.0306	-4.7125	5.1506	4
49.85	25.0298	-4.8347	5.1615	4
49.9	25.029	-4.4733	5.1617	4
49.95	25.0278	-4.5686	5.152	4
50	25.0267	-4.6776	5.1568	4
50.05	25.0259	-4.4427	5.1608	4
50.1	25.0248	-4.5468	5.1673	4
50.15	25.024	-4.6207	5.1734	4
50.2	25.0231	-4.6236	5.1745	4
50.25	25.0222	-4.6	5.1755	4
50.3	25.0213	-4.7868	5.1713	4
50.35	25.0205	-4.6131	5.1805	4
50.4	25.0194	-4.542	5.1852	4
50.45	25.0184	-4.7207	5.1845	4
50.5	25.0175	-4.58	5.1807	4
50.55	25.0167	-4.4683	5.1774	4
50.6	25.0152	-4.5244	5.1746	4
50.65	25.0146	-4.7193	5.1818	4
50.7	25.0137	-4.5778	5.1749	4
50.75	25.0127	-4.6792	5.1738	4
50.8	25.0117	-4.6744	5.1653	4
50.85	25.0108	-4.6847	5.1605	4
50.9	25.0096	-4.3318	5.1664	4
50.95	25.0091	-4.863	5.1781	4
51	25.0082	-4.4798	5.1739	4
51.05	25.0074	-4.7927	5.1759	4
51.1	25.0069	-4.9511	5.1847	4
51.15	25.0061	-4.6285	5.1831	4
51.2	25.0055	-4.7402	5.1845	4
51.25	25.0055	-4.9392	5.1706	4
51.3	25.0043	-4.4128	5.1712	4
51.35	25.0032	-4.9723	5.1814	4
51.4	25.003	-4.7216	5.1711	4
51.45	25.0026	-4.8206	5.1617	4
51.5	25.0017	-4.6158	5.1656	4
51.55	25.0013	-4.9044	5.1751	4
51.6	25.0008	-4.5687	5.1758	4
51.65	25.0001	-5.0912	5.1698	4
51.7	25.0003	-4.8595	5.1675	4
51.75	24.9998	-4.8183	5.1742	4
51.8	24.9993	-4.9121	5.1837	4
51.85	24.9988	-4.9542	5.1816	4
51.9	24.9987	-4.8327	5.175	4
51.95	24.9982	-4.7528	5.1721	4
52	24.9977	-4.8885	5.1855	4
52.05	24.9975	-5.0403	5.1751	4
52.1	24.9972	-4.7276	5.1669	4
52.15	24.9967	-5.0597	5.1791	4
52.2	24.9971	-5.0885	5.1767	4
52.25	24.9964	-4.7244	5.1772	4
52.3	24.9957	-4.7283	5.1835	4
52.35	24.9956	-5.2227	5.1814	4
52.4	24.9959	-4.9249	5.1896	4
52.45	24.9948	-4.5793	5.1863	4
52.5	24.9945	-5.16	5.172	4
52.55	24.9947	-5.0681	5.1573	4
52.6	24.9941	-4.3933	5.1564	4
52.65	24.9932	-4.8502	5.1788	4
52.7	24.9934	-5.0725	5.1804	4
52.75	24.993	-4.6114	5.1792	4
52.8	24.9921	-4.6473	5.1873	4
52.85	24.992	-5.2759	5.1766	4
52.9	24.9917	-4.7046	5.1843	4
52.95	24.9898	-4.2643	5.182	4
53	24.9896	-5.4366	5.178	4
53.05	24.9899	-4.8817	5.1792	4
53.1	24.989	-4.4631	5.1862	4
53.15	24.9882	-4.8559	5.2018	4
53.2	24.9884	-4.975	5.1958	4
53.25	24.9873	-4.4845	5.1805	4
53.3	24.9865	-4.8925	5.1721	4
53.35	24.9862	-4.8834	5.164	4
53.4	24.9856	-4.489	5.1808	4
53.45	24.985	-4.6896	5.1813	4
53.5	24.9839	-4.7138	5.165	4
53.55	24.9832	-4.7308	5.1782	4
53.6	24.9827	-4.9312	5.1765	4
53.65	24.9819	-4.5675	5.1802	4
53.7	24.9815	-5.0143	5.2105	4
53.75	24.9811	-4.5817	5.2091	4
53.8	24.9803	-4.7858	5.1886	4
53.85	24.9796	-4.7131	5.1945	4
53.9	24.9784	-4.6937	5.1973	4
53.95	24.9783	-4.8478	5.2033	4
54	24.9777	-4.7931	5.196	4
54.05	24.9768	-4.4793	5.1732	4
54.1	24.9759	-4.7875	5.179	4
54.15	24.9756	-4.8483	5.1794	4
54.2	24.9746	-4.5424	5.1897	4
54.25	24.974	-4.8012	5.1928	4
54.3	24.9732	-4.7992	5.1911	4
54.35	24.9727	-4.6818	5.1907	4
54.4	24.9719	-4.9256	5.1831	4
54.45	24.9716	-4.7791	5.1766	4
54.5	24.9711	-4.6937	5.1772	4
54.55	24.9708	-4.8424	5.1742	4
54.6	24.9705	-4.9082	5.1833	4
54.65	24.9701	-4.9063	5.189	4
54.7	24.9693	-4.6423	5.1809	4
54.75	24.9694	-5.2138	5.1915	4
54.8	24.9693	-4.8806	5.1872	4
54.85	24.9685	-4.5231	5.1817	4
54.9	24.9679	-5.0627	5.1695	4
54.95	24.968	-5.0938	5.1689	4
55	24.9669	-4.38	5.1544	4
55.05	24.9666	-5.0611	5.1479	4
55.1	24.9664	-4.8839	5.1572	4
55.15	24.9661	-4.7527	5.1703	4
55.2	24.9658	-4.9144	5.1785	4
55.25	24.9658	-5.0958	5.1789	4
55.3	24.9654	-4.9273	5.1696	4
55.35	24.9652	-4.9482	5.168	4
55.4	24.9648	-4.7567	5.1867	4
55.45	24.9641	-4.9277	5.1812	4
55.5	24.9636	-4.5273	5.1874	4
55.55	24.9629	-4.7779	5.1795	4
55.6	24.9619	-4.6959	5.1743	4
55.65	24.9611	-4.9213	5.1855	4
55.7	24.9609	-4.7581	5.1763	4
55.75	24.9602	-4.5059	5.1548	4
55.8	24.9593	-4.7613	5.136	4
55.85	24.9592	-4.9346	5.1481	4
55.9	24.9584	-4.4887	5.1547	4
55.95	24.9575	-4.9355	5.1526	4
56	24.9573	-5.0406	5.1478	4
56.05	24.9571	-4.9179	5.1459	4
56.1	24.9564	-4.512	5.1551	4
56.15	24.9557	-4.9574	5.1644	4
56.2	24.9555	-4.9142	5.1619	4
56.25	24.9547	-4.5297	5.1731	4
56.3	24.9538	-4.6402	5.1763	4
56.35	24.9535	-5.0932	5.1754	4
56.4	24.9531	-4.4404	5.1717	4
56.45	24.9517	-4.5931	5.1721	4
56.5	24.952	-5.4542	5.1737	4
56.55	24.9515	-4.3644	5.1785	4
56.6	24.9502	-4.6015	5.1942	4
56.65	24.9495	-5.0347	5.1881	4
56.7	24.9493	-4.5909	5.1684	4
56.75	24.9478	-4.5444	5.1752	4
56.8	24.9477	-4.9908	5.1877	4
56.85	24.9471	-4.5406	5.2102	4
56.9	24.9463	-4.8255	5.208	4
56.95	24.9458	-4.7062	5.1764	4
57	24.9449	-4.4704	5.1738	4
57.05	24.944	-4.718	5.1845	4
57.1	24.9435	-4.9997	5.1918	4
57.15	24.9425	-4.4092	5.1811	4
57.2	24.9411	-4.5818	5.1764	4
57.25	24.9407	-5.1564	5.1783	4
57.3	24.9403	-4.543	5.1789	4
57.35	24.9389	-4.2578	5.1802	4
57.4	24.9381	-5.0152	5.191	4
57.45	24.9382	-4.6846	5.1903	4
57.5	24.9365	-4.2813	5.204	4
57.55	24.9357	-5.0672	5.2004	4
57.6	24.9356	-4.9288	5.2068	4
57.65	24.9345	-4.3826	5.2085	4
57.7	24.9332	-4.6705	5.1873	4
57.75	24.9329	-4.7794	5.2013	4
57.8	24.9321	-4.5628	5.1967	4
57.85	24.9315	-4.5567	5.1873	4
57.9	24.9309	-4.8646	5.1935	4
57.95	24.9301	-4.5648	5.1931	4
58	24.9289	-4.6942	5.1852	4
58.05	24.9291	-5.2027	5.1988	4
58.1	24.9283	-4.6101	5.2161	4
58.15	24.9271	-4.4573	5.2055	4
58.2	24.9266	-5.0726	5.204	4
58.25	24.9264	-4.7903	5.2027	4
58.3	24.925	-4.264	5.1906	4
58.35	24.9244	-5.0627	5.1911	4
58.4	24.9243	-4.6897	5.2072	4
58.45	24.9233	-4.3064	5.2091	4
58.5	24.922	-4.7699	5.2053	4
58.55	24.922	-5.1894	5.2065	4
58.6	24.9211	-4.4088	5.1995	4
58.65	24.9199	-4.6311	5.2101	4
58.7	24.9194	-4.9001	5.208	4
58.75	24.9193	-4.9794	5.2012	4
58.8	24.9181	-4.3708	5.1885	4
58.85	24.9169	-4.8998	5.1765	4
58.9	24.9168	-4.8201	5.1772	4
58.95	24.916	-4.7181	5.1758	4
59	24.915	-4.657	5.1907	4
59.05	24.9144	-5.1473	5.2098	4
59.1	24.914	-4.6009	5.2098	4
59.15	24.9131	-4.5385	5.1991	4
59.2	24.9128	-4.8632	5.2032	4
59.25	24.9123	-4.9594	5.2108	4
59.3	24.912	-4.8032	5.1948	4
59.35	24.9114	-4.9413	5.1881	4
59.4	24.9109	-4.7822	5.1987	4
59.45	24.9102	-4.8377	5.2054	4
59.5	24.91	-5.1211	5.1853	4
59.55	24.9096	-4.7245	5.1901	4
59.6	24.9093	-4.8131	5.1991	4
59.65	24.9087	-4.8423	5.2077	4
59.7	24.9088	-4.8633	5.2113	4
59.75	24.9081	-4.7687	5.2053	4
59.8	24.9077	-4.8946	5.2062	4
59.85	24.907	-4.8614	5.2022	4
59.9	24.9067	-4.8411	5.204	4
59.95	24.9062	-4.7828	5.2047	4
60	24.9061	-4.9957	5.1831	4
60.05	24.9055	-4.7192	5.1903	4
60.1	24.9052	-4.9666	5.2022	4
60.15	24.9049	-4.8876	5.2046	4
60.2	24.9048	-4.984	5.2069	4
60.25	24.9043	-4.86	5.199	4
60.3	24.9036	-4.9127	5.2027	4
60.35	24.9032	-4.9127	5.186	4
60.4	24.9034	-4.958	5.1981	4
60.45	24.9024	-4.6292	5.1968	4
60.5	24.9021	-5.0352	5.1758	4
60.55	24.9021	-4.8826	5.1828	4
60.6	24.9018	-4.8137	5.1982	4
60.65	24.9011	-4.7229	5.1887	4
60.7	24.9009	-5.093	5.1865	4
60.75	24.9007	-4.8684	5.1729	4
60.8	24.9002	-4.6547	5.1749	4
60.85	24.8998	-4.7498	5.1907	4
60.9	24.8994	-5.0427	5.1973	4
60.95	24.8988	-4.7646	5.2107	4
61	24.8985	-5.0896	5.197	4
61.05	24.8981	-4.7906	5.2036	4
61.1	24.8979	-4.7713	5.2086	4
61.15	24.8973	-4.8285	5.1787	4
61.2	24.8969	-4.9469	5.1828	4
61.25	24.8966	-4.7633	5.1845	4
61.3	24.8957	-4.864	5.188	4
61.35	24.8956	-4.7642	5.192	4
61.4	24.8947	-4.7555	5.1811	4
61.45	24.8946	-4.95	5.1856	4
61.5	24.8942	-4.7807	5.1891	4
61.55	24.8939	-4.8769	5.1957	4
61.6	24.8935	-5.0404	5.2042	4
61.65	24.8931	-4.6988	5.1979	4
61.7	24.8925	-4.5848	5.1924	4
61.75	24.8917	-4.8455	5.1888	4
61.8	24.891	-4.754	5.201	4
61.85	24.8903	-4.4732	5.2104	4
61.9	24.889	-4.6668	5.2076	4
61.95	24.8888	-5.0349	5.2071	4
62	24.8879	-4.5955	5.1822	4
62.05	24.8872	-4.7698	5.1741	4
62.1	24.8865	-4.6533	5.181	4
62.15	24.886	-4.8049	5.182	4
62.2	24.885	-4.4982	5.1924	4
62.25	24.8843	-4.9191	5.1798	4
62.3	24.8834	-4.5649	5.174	4
62.35	24.8824	-4.6018	5.1919	4
62.4	24.8819	-4.7089	5.2001	4
62.45	24.8811	-4.868	5.1966	4
62.5	24.8801	-4.4853	5.1867	4
62.55	24.8794	-4.8792	5.1913	4
62.6	24.8792	-4.8648	5.188	4
62.65	24.8783	-4.5642	5.167	4
62.7	24.8773	-4.7027	5.1967	4
62.75	24.8771	-5.008	5.2111	4
62.8	24.8765	-4.4856	5.2022	4
62.85	24.8756	-4.77	5.2012	4
62.9	24.8751	-4.8691	5.2015	4
62.95	24.8747	-4.9591	5.2047	4
63	24.8742	-4.6331	5.2047	4
63.05	24.8733	-4.813	5.1986	4
63.1	24.8731	-5.0529	5.1916	4
63.15	24.8727	-4.8043	5.1931	4
63.2	24.8721	-4.8133	5.1879	4
63.25	24.8719	-5.0753	5.1966	4
63.3	24.8718	-4.6746	5.2102	4
63.35	24.8705	-4.6529	5.2014	4
63.4	24.8705	-5.1928	5.1851	4
63.45	24.8702	-4.8397	5.1846	4
63.5	24.8693	-4.6003	5.1782	4
63.55	24.8685	-5.0656	5.1778	4
63.6	24.8691	-5.1608	5.1823	4
63.65	24.8684	-4.5237	5.2002	4
63.7	24.868	-5.0424	5.1958	4
63.75	24.8681	-4.9588	5.1928	4
63.8	24.8679	-4.9664	5.2062	4
63.85	24.8667	-4.4848	5.2089	4
63.9	24.8668	-5.3129	5.1954	4
63.95	24.867	-4.6855	5.1891	4
64	24.8657	-4.4131	5.1771	4
64.05	24.8648	-4.8695	5.1903	4
64.1	24.8648	-5.3367	5.2051	4
64.15	24.8644	-4.5874	5.195	4
64.2	24.8634	-4.6261	5.1765	4
64.25	24.8629	-4.9012	5.1788	4
64.3	24.8627	-4.9872	5.1934	4
64.35	24.8621	-4.4733	5.1853	4
64.4	24.8609	-4.8279	5.174	4
64.45	24.8607	-4.9956	5.1882	4
64.5	24.8603	-4.7957	5.2042	4
64.55	24.8597	-4.456	5.1922	4
64.6	24.8587	-4.9404	5.1878	4
64.65	24.8588	-4.9423	5.1902	4
64.7	24.8579	-4.616	5.1661	4
64.75	24.8571	-4.6227	5.1649	4
64.8	24.8567	-5.0205	5.1773	4
64.85	24.8566	-4.6623	5.1704	4
64.9	24.855	-4.3484	5.1771	4
64.95	24.8545	-5.1721	5.177	4
65	24.8544	-4.8231	5.1848	4
65.05	24.8537	-4.4614	5.1877	4
65.1	24.8522	-4.5416	5.1786	4
65.15	24.8524	-5.2658	5.1724	4
65.2	24.852	-4.5736	5.1765	4
65.25	24.851	-4.6333	5.168	4
65.3	24.8502	-4.8585	5.1562	4
65.35	24.8502	-4.9813	5.1631	4
65.4	24.8494	-4.6053	5.1696	4
65.45	24.8487	-4.7932	5.1586	4
65.5	24.8482	-4.9667	5.1803	4
65.55	24.8482	-5.1505	5.1956	4
65.6	24.8481	-4.778	5.1986	4
65.65	24.8472	-4.8613	5.1924	4
65.7	24.8471	-4.9948	5.19	4
65.75	24.8473	-4.9909	5.1837	4
65.8	24.8466	-4.5454	5.19	4
65.85	24.8461	-5.2724	5.1658	4
65.9	24.8465	-5.0238	5.1753	4
65.95	24.846	-4.8048	5.1792	4
66	24.8458	-4.9531	5.1746	4
66.05	24.8455	-5.0911	5.1837	4
66.1	24.8451	-4.7612	5.1668	4
66.15	24.8448	-5.0228	5.1734	4
66.2	24.8449	-4.7744	5.1727	4
66.25	24.8442	-4.7323	5.1637	4
66.3	24.8435	-4.8954	5.1616	4
66.35	24.8433	-5.0842	5.1639	4
66.4	24.8432	-4.6694	5.1814	4
66.45	24.8422	-4.8274	5.2054	4
66.5	24.842	-4.9732	5.1936	4
66.55	24.8418	-4.8932	5.1746	4
66.6	24.8411	-4.9025	5.1549	4
66.65	24.8408	-4.9517	5.1623	4
66.7	24.8406	-4.8893	5.1631	4
66.75	24.8401	-4.9014	5.1531	4
66.8	24.84	-5.0258	5.1621	4
66.85	24.8397	-4.7999	5.1901	4
66.9	24.8398	-4.9316	5.1962	4
66.95	24.8394	-4.9886	5.1796	4
67	24.8393	-5.0149	5.1753	4
67.05	24.8387	-4.8713	5.1765	4
67.1	24.8388	-5.2111	5.179	4
67.15	24.8386	-4.6915	5.184	4
67.2	24.8381	-4.7726	5.185	4
67.25	24.8378	-4.8058	5.1742	4
67.3	24.8372	-4.855	5.1583	4
67.35	24.8362	-4.5996	5.1615	4
67.4	24.8363	-5.0441	5.172	4
67.45	24.8356	-4.6073	5.1804	4
67.5	24.8347	-4.9574	5.1782	4
67.55	24.8347	-4.8838	5.1724	4
67.6	24.8341	-4.8592	5.1638	4
67.65	24.8335	-4.6111	5.1553	4
67.7	24.833	-5.0878	5.1549	4
67.75	24.8326	-4.6024	5.1608	4
67.8	24.8319	-4.7987	5.1637	4
67.85	24.8314	-4.7439	5.1487	4
67.9	24.831	-4.9352	5.1504	4
67.95	24.8304	-4.554	5.1697	4
68	24.8296	-4.8195	5.1716	4
68.05	24.8293	-4.796	5.1669	4
68.1	24.8286	-4.6969	5.1544	4
68.15	24.8277	-4.574	5.1533	4
68.2	24.827	-4.8446	5.1622	4
68.25	24.8267	-4.7289	5.1609	4
68.3	24.8255	-4.7782	5.147	4
68.35	24.825	-4.8786	5.146	4
68.4	24.8245	-4.8162	5.1526	4
68.45	24.824	-4.7229	5.1647	4
68.5	24.8231	-4.6854	5.1751	4
68.55	24.8231	-4.9899	5.1802	4
68.6	24.8223	-4.5958	5.1882	4
68.65	24.8215	-4.7759	5.1829	4
68.7	24.8209	-4.8013	5.1791	4
68.75	24.8207	-5.1248	5.1788	4
68.8	24.8202	-4.7056	5.1725	4
68.85	24.8202	-5.0181	5.1689	4
68.9	24.8199	-4.6997	5.1706	4
68.95	24.8191	-4.7523	5.1746	4
69	24.8183	-4.8977	5.172	4
69.05	24.8185	-5.1986	5.1776	4
69.1	24.8178	-4.4526	5.1821	4
69.15	24.8171	-5.0229	5.1705	4
69.2	24.817	-4.8365	5.1776	4
69.25	24.8167	-4.9673	5.1896	4
69.3	24.8162	-4.7567	5.181	4
69.35	24.8157	-5.1071	5.1814	4
69.4	24.8159	-5.0562	5.1771	4
69.45	24.8157	-5.0928	5.1774	4
69.5	24.8157	-4.935	5.1567	4
69.55	24.8154	-4.9713	5.1435	4
69.6	24.8156	-5.0491	5.1581	4
69.65	24.8155	-4.9807	5.1596	4
69.7	24.8151	-4.9266	5.1522	4
69.75	24.8143	-4.8012	5.1463	4
69.8	24.8146	-5.0219	5.1605	4
69.85	24.814	-4.682	5.1658	4
69.9	24.8134	-4.83	5.1691	4
69.95	24.8129	-4.9373	5.1762	4
70	24.8126	-4.9086	5.1944	4
70.05	24.8125	-4.6906	5.1952	4
70.1	24.8123	-4.9361	5.1881	4
70.15	24.8115	-4.9565	5.1839	4
70.2	24.8112	-5.0837	5.1672	4
70.25	24.811	-4.6932	5.1678	4
70.3	24.8103	-4.7781	5.1632	4
70.35	24.8093	-4.6841	5.172	4
70.4	24.809	-5.0728	5.1886	4
70.45	24.8082	-4.311	5.1884	4
70.5	24.807	-4.8225	5.1903	4
70.55	24.807	-5.0205	5.1882	4
70.6	24.8064	-4.5265	5.1829	4
70.65	24.8048	-4.4877	5.1697	4
70.7	24.8044	-5.1286	5.1711	4
70.75	24.8039	-4.4945	5.1836	4
70.8	24.8021	-4.5229	5.1658	4
70.85	24.8016	-4.9612	5.1551	4
70.9	24.8011	-4.724	5.1611	4
70.95	24.8	-4.415	5.1561	4
71	24.7993	-4.9282	5.1552	4
71.05	24.7992	-4.6926	5.1518	4
71.1	24.7982	-4.5474	5.1496	4
71.15	24.7976	-4.931	5.1399	4
71.2	24.7973	-4.8189	5.1428	4
71.25	24.7967	-4.7983	5.1615	4
71.3	24.796	-4.7253	5.1625	4
71.35	24.7962	-5.1675	5.1716	4
71.4	24.7954	-4.6217	5.1784	4
71.45	24.7944	-5.0359	5.1815	4
71.5	24.7944	-4.8113	5.1791	4
71.55	24.7941	-4.588	5.1665	4
71.6	24.7927	-4.6038	5.1511	4
71.65	24.7923	-5.3231	5.1525	4
71.7	24.7919	-4.5626	5.1564	4
71.75	24.7909	-4.546	5.1489	4
71.8	24.7905	-5.152	5.1402	4
71.85	24.7905	-4.9664	5.1368	4
71.9	24.7894	-4.2165	5.147	4
71.95	24.7883	-4.9321	5.1547	4
72	24.7883	-4.8131	5.1565	4
72.05	24.7873	-4.5795	5.1282	4
72.1	24.7863	-4.5326	5.1175	4
72.15	24.7861	-5.1784	5.1479	4
72.2	24.7858	-4.5498	5.1575	4
72.25	24.7841	-4.7324	5.1407	4
72.3	24.7841	-5.012	5.1313	4
72.35	24.7834	-4.6158	5.1295	4
72.4	24.7821	-4.6789	5.1378	4
72.45	24.7818	-4.9292	5.1387	4
72.5	24.7815	-4.8286	5.1389	4
72.55	24.7805	-4.6455	5.1442	4
72.6	24.7802	-4.9072	5.1662	4
72.65	24.7797	-4.5869	5.169	4
72.7	24.7791	-4.8436	5.1503	4
72.75	24.778	-4.5118	5.1373	4
72.8	24.777	-4.8563	5.1629	4
72.85	24.7768	-4.8336	5.1581	4
72.9	24.7762	-4.7087	5.152	4
72.95	24.7755	-4.7638	5.1737	4
73	24.7758	-5.4493	5.1822	4
73.05	24.7758	-4.7465	5.1743	4
73.1	24.7753	-5.1462	5.1597	4
73.15	24.7756	-5.1859	5.1481	4
73.2	24.776	-5.0231	5.1577	4
73.25	24.7756	-4.5991	5.1742	4
73.3	24.7755	-5.3021	5.178	4
73.35	24.7758	-5.3488	5.1791	4
73.4	24.7755	-4.7778	5.1753	4
73.45	24.7754	-5.0489	5.1656	4
73.5	24.7759	-5.4136	5.1609	4
73.55	24.7761	-4.7857	5.1733	4
73.6	24.7758	-5.1752	5.1814	4
73.65	24.7766	-5.5308	5.1635	4
73.7	24.7768	-4.989	5.1587	4
73.75	24.7768	-5.0574	5.158	4
73.8	24.777	-5.3049	5.1611	4
73.85	24.7778	-5.0408	5.1484	4
73.9	24.7775	-4.7831	5.136	4
73.95	24.7777	-5.4887	5.1393	4
74	24.778	-5.1532	5.1441	4
74.05	24.7776	-4.9029	5.1394	4
74.1	24.7772	-5.1505	5.1303	4
74.15	24.7784	-5.4413	5.1281	4
74.2	24.7777	-4.5309	5.1317	4
74.25	24.7774	-5.324	5.1373	4
74.3	24.7779	-5.1251	5.1511	4
74.35	24.7773	-4.7049	5.1551	4
74.4	24.777	-5.0165	5.1552	4
74.45	24.7771	-4.9948	5.1464	4
74.5	24.7765	-4.7621	5.1407	4
74.55	24.7765	-5.1981	5.1525	4
74.6	24.7763	-4.8532	5.1623	4
74.65	24.7758	-4.5563	5.1667	4
74.7	24.7751	-5.0486	5.1736	4
74.75	24.7755	-5.1349	5.1634	4
74.8	24.7749	-4.3979	5.1664	4
74.85	24.7734	-4.852	5.1599	4
74.9	24.7737	-5.3677	5.1636	4
74.95	24.7736	-4.7304	5.1546	4
75	24.7722	-4.3531	5.1414	4
75.05	24.7723	-5.5743	5.1489	4
75.1	24.7725	-4.6131	5.1655	4
75.15	24.7709	-4.4527	5.1577	4
75.2	24.7708	-5.1922	5.155	4
75.25	24.7708	-4.747	5.1695	4
75.3	24.7696	-4.5355	5.1661	4
75.35	24.769	-5.1731	5.164	4
75.4	24.7693	-4.8904	5.1545	4
75.45	24.7684	-4.6361	5.1547	4
75.5	24.7678	-4.9193	5.1529	4
75.55	24.7673	-4.7219	5.1372	4
75.6	24.7664	-4.5905	5.1308	4
75.65	24.7655	-4.8621	5.134	4
75.7	24.7649	-4.6593	5.1361	4
75.75	24.7644	-4.7793	5.15	4
75.8	24.7641	-4.8042	5.1647	4
75.85	24.7634	-4.9545	5.166	4
75.9	24.763	-4.7582	5.1507	4
75.95	24.7621	-4.6247	5.1639	4
76	24.7622	-5.2331	5.1756	4
76.05	24.7615	-4.5239	5.1633	4
76.1	24.76	-4.4365	5.152	4
76.15	24.7593	-5.1723	5.1401	4
76.2	24.7596	-4.9911	5.1562	4
76.25	24.7584	-4.2079	5.1662	4
76.3	24.7574	-5.0423	5.1476	4
76.35	24.7576	-5.0213	5.1496	4
76.4	24.757	-4.4478	5.1555	4
76.45	24.7553	-4.3642	5.1558	4
76.5	24.7551	-5.3287	5.154	4
76.55	24.7552	-4.5887	5.1411	4
76.6	24.7537	-4.406	5.1331	4
76.65	24.7533	-5.1203	5.1377	4
76.7	24.7531	-4.8735	5.1445	4
76.75	24.7519	-4.4605	5.1442	4
76.8	24.7511	-4.8253	5.1324	4
76.85	24.7508	-4.8838	5.1362	4
76.9	24.7498	-4.5543	5.1358	4
76.95	24.7493	-4.9279	5.1482	4
77	24.7489	-4.8832	5.17	4
77.05	24.7482	-4.6181	5.1689	4
77.1	24.7476	-4.8426	5.1613	4
77.15	24.747	-4.6767	5.1666	4
77.2	24.746	-4.6397	5.1707	4
77.25	24.7456	-5.0425	5.1696	4
77.3	24.7452	-4.575	5.1529	4
77.35	24.7443	-4.7062	5.1456	4
77.4	24.7438	-4.7231	5.1577	4
77.45	24.7432	-4.9312	5.1431	4
77.5	24.7423	-4.5142	5.1371	4
77.55	24.7414	-4.8116	5.1395	4
77.6	24.7413	-4.8617	5.1367	4
77.65	24.7405	-4.5882	5.1326	4
77.7	24.7394	-4.6983	5.1457	4
77.75	24.7392	-5.2798	5.1566	4
77.8	24.739	-4.5582	5.1654	4
77.85	24.7376	-4.4888	5.1594	4
77.9	24.7374	-4.9664	5.1598	4
77.95	24.7369	-4.6811	5.1579	4
78	24.7358	-4.5113	5.1591	4
78.05	24.7347	-4.8432	5.1466	4
78.1	24.7343	-4.9734	5.1304	4
78.15	24.7339	-4.606	5.1365	4
78.2	24.7332	-4.452	5.13	4
78.25	24.7321	-5.0077	5.1374	4
78.3	24.7322	-4.9236	5.1636	4
78.35	24.7307	-4.2685	5.1696	4
78.4	24.7296	-4.8383	5.1489	4
78.45	24.7294	-4.8082	5.1518	4
78.5	24.7286	-4.5459	5.1674	4
78.55	24.7271	-4.593	5.1634	4
78.6	24.7273	-5.3186	5.1788	4
78.65	24.7267	-4.3989	5.1873	4
78.7	24.7256	-4.8543	5.1756	4
78.75	24.7254	-4.8487	5.1773	4
78.8	24.7253	-5.019	5.1849	4
78.85	24.7245	-4.5757	5.1685	4
78.9	24.7239	-5.0336	5.1669	4
78.95	24.7242	-5.0138	5.1719	4
79	24.7234	-4.7071	5.1629	4
79.05	24.7227	-4.7365	5.1589	4
79.1	24.7227	-5.2544	5.1403	4
79.15	24.723	-4.7255	5.152	4
79.2	24.7219	-4.8372	5.165	4
79.25	24.7221	-5.2769	5.1593	4
79.3	24.7221	-4.8219	5.1668	4
79.35	24.7212	-4.6769	5.1753	4
79.4	24.7211	-5.1609	5.1662	4
79.45	24.7211	-4.8155	5.1693	4
79.5	24.7202	-4.8388	5.1881	4
79.55	24.7202	-5.0159	5.1979	4
79.6	24.7202	-4.9448	5.1867	4
79.65	24.7193	-4.6171	5.1851	4
79.7	24.7185	-4.9488	5.175	4
79.75	24.7184	-4.9417	5.1763	4
79.8	24.7175	-4.667	5.1788	4
79.85	24.7171	-4.8662	5.1762	4
79.9	24.7165	-4.6875	5.1874	4
79.95	24.716	-5.0987	5.1888	4
80	24.7156	-4.6495	5.1805	4
80.05	24.7146	-4.6081	5.1739	4
80.1	24.7141	-4.9581	5.1628	4
80.15	24.7138	-4.8161	5.1661	4
80.2	24.7125	-4.3706	5.1684	4
80.25	24.7121	-5.2034	5.17	4
80.3	24.7123	-4.7882	5.1747	4
80.35	24.7107	-4.2874	5.1837	4
80.4	24.7102	-5.2321	5.1915	4
80.45	24.7105	-4.9266	5.1851	4
80.5	24.709	-4.132	5.1825	4
80.55	24.7082	-5.3121	5.1798	4
80.6	24.7086	-4.9244	5.177	4
80.65	24.7074	-4.3415	5.1677	4
80.7	24.7063	-5.0057	5.1721	4
80.75	24.7069	-5.449	5.1609	4
80.8	24.7067	-4.3321	5.1603	4
80.85	24.7052	-4.7346	5.1826	4
80.9	24.7055	-5.4825	5.1755	4
80.95	24.7056	-4.8189	5.1812	4
81	24.7047	-4.5394	5.1821	4
81.05	24.7044	-5.2033	5.1795	4
81.1	24.705	-5.1105	5.1957	4
81.15	24.704	-4.5572	5.1908	4
81.2	24.7037	-5.183	5.178	4
81.25	24.704	-5.1202	5.1592	4
81.3	24.7035	-4.6814	5.161	4
81.35	24.7028	-5.0339	5.1597	4
81.4	24.7031	-5.2269	5.1578	4
81.45	24.7027	-4.5824	5.1471	4
81.5	24.7021	-5.0014	5.1459	4
81.55	24.7017	-4.8617	5.1496	4
81.6	24.7013	-4.9062	5.1489	4
81.65	24.7007	-4.99	5.1369	4
81.7	24.7009	-5.2048	5.1477	4
81.75	24.7004	-4.4458	5.1625	4
81.8	24.6995	-5.0386	5.1629	4
81.85	24.6995	-4.9788	5.1522	4
81.9	24.6992	-4.7033	5.1372	4
81.95	24.6988	-4.7688	5.1534	4
82	24.6986	-5.2243	5.1632	4
82.05	24.6982	-4.6058	5.1629	4
82.1	24.6972	-4.6396	5.1647	4
82.15	24.6971	-5.2447	5.1639	4
82.2	24.6969	-4.6874	5.1726	4
82.25	24.6955	-4.5089	5.167	4
82.3	24.6958	-5.4636	5.1619	4
82.35	24.6961	-4.7822	5.1429	4
82.4	24.6946	-4.6678	5.1557	4
82.45	24.6944	-5.0514	5.1677	4
82.5	24.6944	-4.8545	5.1684	4
82.55	24.6936	-4.4234	5.1573	4
82.6	24.6923	-4.6286	5.1412	4
82.65	24.6922	-5.1431	5.1496	4
82.7	24.6912	-4.4537	5.1568	4
82.75	24.6903	-4.5452	5.1695	4
82.8	24.6897	-4.9816	5.1726	4
82.85	24.6892	-4.6363	5.1669	4
82.9	24.6877	-4.4063	5.1636	4
82.95	24.687	-4.9195	5.1705	4
83	24.6865	-4.5676	5.1717	4
83.05	24.6852	-4.6312	5.1606	4
83.1	24.6844	-4.7045	5.1733	4
83.15	24.6842	-4.933	5.1626	4
83.2	24.6834	-4.5045	5.1467	4
83.25	24.6829	-4.8655	5.1612	4
83.3	24.6824	-4.8641	5.1755	4
83.35	24.682	-4.9612	5.1555	4
83.4	24.6811	-4.509	5.1565	4
83.45	24.6805	-5.118	5.164	4
83.5	24.6808	-4.8692	5.1674	4
83.55	24.6797	-4.6285	5.1565	4
83.6	24.6794	-5.1816	5.1636	4
83.65	24.6795	-5.1336	5.1582	4
83.7	24.679	-4.6496	5.1563	4
83.75	24.6781	-4.6746	5.1587	4
83.8	24.6781	-5.106	5.1514	4
83.85	24.6777	-4.7071	5.1574	4
83.9	24.677	-4.6378	5.1642	4
83.95	24.6763	-4.9542	5.1578	4
84	24.6765	-5.1625	5.157	4
84.05	24.6757	-4.5434	5.1633	4
84.1	24.6749	-4.9375	5.1655	4
84.15	24.6751	-5.1399	5.1694	4
84.2	24.6748	-4.7126	5.1598	4
84.25	24.6736	-4.6397	5.151	4
84.3	24.6737	-5.3182	5.1416	4
84.35	24.6734	-4.7859	5.1416	4
84.4	24.6728	-4.8236	5.1292	4
84.45	24.6724	-4.9425	5.1237	4
84.5	24.6727	-5.0144	5.1376	4
84.55	24.6714	-4.3388	5.1401	4
84.6	24.6709	-5.2158	5.1374	4
84.65	24.671	-4.785	5.1606	4
84.7	24.6694	-4.4474	5.1554	4
84.75	24.6689	-4.8714	5.1493	4
84.8	24.6688	-5.0507	5.1564	4
84.85	24.668	-4.3469	5.1545	4
84.9	24.6671	-5.1441	5.1586	4
84.95	24.6676	-5.1143	5.1615	4
85	24.6668	-4.5819	5.1556	4
85.05	24.6658	-4.9116	5.1503	4
85.1	24.6661	-5.197	5.154	4
85.15	24.666	-4.5708	5.1513	4
85.2	24.6644	-4.5913	5.1495	4
85.25	24.6646	-5.2358	5.17	4
85.3	24.6644	-4.9241	5.1754	4
85.35	24.6639	-4.6657	5.1766	4
85.4	24.6632	-4.6744	5.1727	4
85.45	24.6632	-5.4059	5.1606	4
85.5	24.6626	-4.4142	5.1677	4
85.55	24.6617	-5.0548	5.1757	4
85.6	24.6615	-4.9644	5.1588	4
85.65	24.6613	-4.6964	5.1664	4
85.7	24.6604	-4.4872	5.1792	4
85.75	24.6599	-5.1606	5.1721	4
85.8	24.6597	-4.7765	5.1718	4
85.85	24.6587	-4.8598	5.1656	4
85.9	24.6581	-4.8269	5.1679	4
85.95	24.6581	-4.9671	5.1569	4
86	24.6574	-4.7506	5.1503	4
86.05	24.6566	-4.7612	5.1493	4
86.1	24.6566	-5.0097	5.1577	4
86.15	24.6561	-4.8483	5.173	4
86.2	24.6557	-4.8264	5.1766	4
86.25	24.655	-4.7563	5.1705	4
86.3	24.6553	-5.1637	5.1687	4
86.35	24.6546	-4.674	5.1553	4
86.4	24.654	-5.0398	5.1671	4
86.45	24.6544	-5.1351	5.1763	4
86.5	24.6542	-4.7884	5.1717	4
86.55	24.6535	-5.0244	5.1679	4
86.6	24.6542	-5.3696	5.1517	4
86.65	24.6546	-4.9002	5.1431	4
86.7	24.654	-5.0151	5.1382	4
86.75	24.6545	-5.2844	5.1347	4
86.8	24.6549	-5.0149	5.1497	4
86.85	24.6542	-4.8627	5.159	4
86.9	24.6544	-5.1543	5.1637	4
86.95	24.6545	-5.0547	5.1703	4
87	24.6542	-4.931	5.1691	4
87.05	24.6537	-4.9374	5.1644	4
87.1	24.6539	-5.2746	5.1725	4
87.15	24.6539	-4.7467	5.187	4
87.2	24.653	-4.8269	5.1686	4
87.25	24.6529	-5.1457	5.1638	4
87.3	24.6532	-5.1714	5.166	4
87.35	24.6528	-4.524	5.1593	4
87.4	24.6517	-5.0105	5.1506	4
87.45	24.6524	-5.4454	5.1639	4
87.5	24.6522	-4.754	5.1599	4
87.55	24.6512	-4.5357	5.1603	4
87.6	24.6512	-5.2555	5.1604	4
87.65	24.6513	-4.9061	5.1522	4
87.7	24.6506	-4.7564	5.162	4
87.75	24.6503	-5.1007	5.1401	4
87.8	24.6498	-4.9708	5.1232	4
87.85	24.6498	-4.9086	5.1473	4
87.9	24.6494	-4.7926	5.1627	4
87.95	24.6492	-4.9555	5.1811	4
88	24.6489	-4.9918	5.1714	4
88.05	24.6488	-5.0569	5.1718	4
88.1	24.6481	-4.6721	5.1781	4
88.15	24.6478	-5.0619	5.1509	4
88.2	24.6474	-4.6441	5.1339	4
88.25	24.6466	-4.8365	5.1271	4
88.3	24.6458	-4.6876	5.1216	4
88.35	24.6456	-5.0313	5.1289	4
88.4	24.6453	-4.6654	5.1211	4
88.45	24.6446	-5.1319	5.122	4
88.5	24.6449	-4.9373	5.1203	4
88.55	24.6442	-4.613	5.1245	4
88.6	24.6435	-4.9312	5.1206	4
88.65	24.6435	-5.1166	5.1095	4
88.7	24.6429	-4.4806	5.1396	4
88.75	24.6422	-5.0728	5.1437	4
88.8	24.642	-4.8651	5.1343	4
88.85	24.6413	-4.6047	5.1284	4
88.9	24.6405	-4.8498	5.1294	4
88.95	24.6407	-5.2298	5.1539	4
89	24.6401	-4.3687	5.1533	4
89.05	24.6385	-4.6415	5.1474	4
89.1	24.6388	-5.3208	5.1421	4
89.15	24.6386	-4.5646	5.1334	4
89.2	24.6372	-4.5434	5.1359	4
89.25	24.6367	-5.2159	5.1475	4
89.3	24.6365	-4.716	5.1434	4
89.35	24.6353	-4.2907	5.1497	4
89.4	24.6345	-5.0424	5.148	4
89.45	24.6341	-4.669	5.1457	4
89.5	24.6334	-4.6504	5.1492	4
89.55	24.6323	-4.7719	5.1535	4
89.6	24.6321	-4.9362	5.167	4
89.65	24.6308	-4.4486	5.1619	4
89.7	24.6296	-4.6498	5.1512	4
89.75	24.6293	-4.9028	5.1584	4
89.8	24.6286	-4.7342	5.1454	4
89.85	24.6273	-4.5146	5.1466	4
89.9	24.6271	-5.2383	5.1605	4
89.95	24.6272	-4.6528	5.1607	4
90	24.6263	-4.599	5.1522	4
90.05	24.6255	-4.8146	5.1575	4
90.1	24.6248	-4.7408	5.1661	4
90.15	24.6239	-4.6444	5.1504	4
90.2	24.6228	-4.8678	5.1387	4
90.25	24.6223	-4.7461	5.1294	4
90.3	24.6214	-4.3864	5.1302	4
90.35	24.6205	-4.8576	5.1332	4
90.4	24.6201	-4.7474	5.137	4
90.45	24.6192	-4.4118	5.1276	4
90.5	24.618	-4.7805	5.1224	4
90.55	24.6182	-5.137	5.1323	4
90.6	24.6169	-4.1849	5.1332	4
90.65	24.6155	-4.7449	5.135	4
90.7	24.6156	-5.1492	5.1305	4
90.75	24.6155	-4.819	5.1371	4
90.8	24.614	-4.2595	5.1462	4
90.85	24.6133	-5.0374	5.1413	4
90.9	24.6135	-5.0018	5.1425	4
90.95	24.6121	-4.3439	5.1476	4
91	24.6106	-4.5742	5.164	4
91.05	24.6106	-5.2595	5.1641	4
91.1	24.6102	-4.3184	5.1648	4
91.15	24.6087	-4.706	5.1702	4
91.2	24.6085	-5.0664	5.1574	4
91.25	24.6078	-4.6819	5.1522	4
91.3	24.607	-4.4939	5.1745	4
91.35	24.606	-4.6861	5.1667	4
91.4	24.6056	-5.0311	5.1573	4
91.45	24.6047	-4.4783	5.1456	4
91.5	24.6036	-4.8103	5.1297	4
91.55	24.6034	-4.9981	5.1327	4
91.6	24.6032	-4.8283	5.1423	4
91.65	24.602	-4.5494	5.1581	4
91.7	24.6012	-4.8763	5.1474	4
91.75	24.6012	-5.0412	5.1251	4
91.8	24.6009	-4.8623	5.1398	4
91.85	24.5998	-4.5611	5.1396	4
91.9	24.5998	-5.2595	5.1284	4
91.95	24.5995	-4.5681	5.1221	4
92	24.5988	-4.893	5.1423	4
92.05	24.5987	-4.9368	5.1618	4
92.1	24.5987	-4.9928	5.1422	4
92.15	24.5984	-4.6429	5.1401	4
92.2	24.5974	-4.974	5.141	4
92.25	24.5972	-4.9784	5.1452	4
92.3	24.5972	-5.0491	5.1782	4
92.35	24.5972	-4.7114	5.159	4
92.4	24.5967	-5.0211	5.1476	4
92.45	24.5963	-5.0095	5.1512	4
92.5	24.5958	-4.8327	5.1528	4
92.55	24.5952	-4.9028	5.1437	4
92.6	24.5953	-5.2445	5.1312	4
92.65	24.5948	-4.6434	5.1406	4
92.7	24.5936	-4.6358	5.1493	4
92.75	24.5939	-5.3713	5.1499	4
92.8	24.5939	-4.7381	5.1602	4
92.85	24.5927	-4.4005	5.1633	4
92.9	24.5922	-5.2039	5.1386	4
92.95	24.5925	-5.0614	5.1447	4
93	24.5916	-4.4603	5.1461	4
93.05	24.5905	-4.9071	5.1385	4
93.1	24.5904	-5.0916	5.1472	4
93.15	24.5901	-4.6424	5.1628	4
93.2	24.5891	-4.7761	5.1699	4
93.25	24.5896	-5.4337	5.1542	4
93.3	24.5893	-4.7223	5.1508	4
93.35	24.5887	-4.725	5.1551	4
93.4	24.5883	-5.1033	5.1527	4
93.45	24.5886	-5.1463	5.1545	4
93.5	24.5877	-4.3934	5.1402	4
93.55	24.5873	-5.2327	5.131	4
93.6	24.5874	-4.7982	5.1459	4
93.65	24.5868	-4.8129	5.1462	4
93.7	24.5863	-5.0336	5.1467	4
93.75	24.5868	-5.4419	5.1601	4
93.8	24.5864	-4.7154	5.172	4
93.85	24.5859	-4.9882	5.1608	4
93.9	24.5861	-5.2616	5.1465	4
93.95	24.5864	-5.1755	5.1503	4
94	24.5858	-4.5784	5.1447	4
94.05	24.5857	-5.3586	5.1364	4
94.1	24.5864	-4.9979	5.1489	4
94.15	24.5864	-5.2322	5.1503	4
94.2	24.5866	-4.9492	5.1486	4
94.25	24.5866	-5.1171	5.1465	4
94.3	24.5867	-4.9303	5.1385	4
94.35	24.5865	-4.984	5.1385	4
94.4	24.5862	-4.8212	5.148	4
94.45	24.5863	-5.3447	5.165	4
94.5	24.5865	-4.7765	5.1706	4
94.55	24.5854	-4.8638	5.1658	4
94.6	24.5854	-5.1735	5.1537	4
94.65	24.5856	-5.0881	5.1634	4
94.7	24.5851	-4.6723	5.1682	4
94.75	24.5842	-5.0177	5.1623	4
94.8	24.5846	-5.1726	5.1609	4
94.85	24.5841	-4.5614	5.1774	4
94.9	24.584	-5.0841	5.1879	4
94.95	24.584	-4.8553	5.1902	4
95	24.5837	-5.0549	5.1699	4
95.05	24.5833	-4.8961	5.1724	4
95.1	24.5831	-4.915	5.1914	4
95.15	24.5824	-4.9356	5.1935	4
95.2	24.5824	-5.0313	5.1853	4
95.25	24.5817	-4.5653	5.184	4
95.3	24.5812	-4.9367	5.1796	4
95.35	24.5811	-5.0912	5.1772	4
95.4	24.581	-4.9242	5.1714	4
95.45	24.58	-4.5372	5.1705	4
95.5	24.5796	-5.1792	5.1809	4
95.55	24.58	-4.9604	5.1754	4
95.6	24.5791	-4.5311	5.1905	4
95.65	24.5782	-4.8152	5.191	4
95.7	24.5786	-5.5962	5.1841	4
95.75	24.5785	-4.6364	5.1852	4
95.8	24.5772	-4.6807	5.1749	4
95.85	24.5776	-5.224	5.1785	4
95.9	24.5777	-4.9642	5.1758	4
95.95	24.5764	-4.2404	5.1749	4
96	24.5757	-5.359	5.1723	4
96.05	24.5764	-5.147	5.1653	4
96.1	24.5755	-4.5009	5.154	4
96.15	24.5751	-5.0562	5.1582	4
96.2	24.5753	-4.9751	5.1706	4
96.25	24.5749	-4.6526	5.1661	4
96.3	24.5737	-4.8164	5.1534	4
96.35	24.5741	-5.0753	5.1644	4
96.4	24.5734	-4.4687	5.1765	4
96.45	24.5725	-4.8073	5.1722	4
96.5	24.5719	-5.0253	5.181	4
96.55	24.5717	-4.8845	5.1797	4
96.6	24.5705	-4.5829	5.1789	4
96.65	24.5703	-5.0636	5.1735	4
96.7	24.5699	-4.8208	5.1543	4
96.75	24.5691	-4.7768	5.1539	4
96.8	24.5684	-4.7992	5.1516	4
96.85	24.5684	-5.1375	5.1634	4
96.9	24.5678	-4.2965	5.1647	4
96.95	24.567	-5.0533	5.158	4
97	24.5671	-4.9082	5.1649	4
97.05	24.5665	-4.7979	5.1601	4
97.1	24.5656	-4.6188	5.1642	4
97.15	24.5653	-5.2017	5.1496	4
97.2	24.5655	-4.7229	5.1385	4
97.25	24.5641	-4.6359	5.1388	4
97.3	24.5636	-4.9131	5.149	4
97.35	24.5634	-4.8078	5.1613	4
97.4	24.5628	-4.9329	5.1713	4
97.45	24.5619	-4.783	5.1598	4
97.5	24.5617	-4.9594	5.161	4
97.55	24.5612	-5.0326	5.149	4
97.6	24.5613	-4.8393	5.1274	4
97.65	24.5609	-4.8682	5.1234	4
97.7	24.561	-5.2335	5.1247	4
97.75	24.5608	-4.8433	5.1308	4
97.8	24.5604	-4.9584	5.1299	4
97.85	24.5601	-4.9382	5.1372	4
97.9	24.5602	-5.135	5.1393	4
97.95	24.5595	-4.7635	5.1303	4
98	24.5597	-5.0744	5.1463	4
98.05	24.5596	-4.9957	5.1592	4
98.1	24.5592	-5.029	5.1702	4
98.15	24.5591	-4.9911	5.1658	4
98.2	24.5591	-5.2218	5.1637	4
98.25	24.5589	-4.8392	5.1571	4
98.3	24.5586	-4.8998	5.1554	4
98.35	24.5587	-5.0235	5.1588	4
98.4	24.5586	-5.027	5.1628	4
98.45	24.5583	-4.6824	5.1565	4
98.5	24.5578	-5.1492	5.1371	4
98.55	24.5582	-5.0685	5.143	4
98.6	24.5578	-4.9184	5.1475	4
98.65	24.5577	-5.0428	5.1665	4
98.7	24.5582	-5.2775	5.1629	4
98.75	24.5584	-4.8864	5.1567	4
98.8	24.5573	-4.9001	5.1824	4
98.85	24.5579	-5.5394	5.192	4
98.9	24.5581	-4.9512	5.1811	4
98.95	24.558	-4.8946	5.1638	4
99	24.5578	-5.3069	5.1688	4
99.05	24.5584	-5.1764	5.1913	4
99.1	24.5581	-4.7177	5.1845	4
99.15	24.5581	-5.103	5.1724	4
99.2	24.5581	-5.156	5.1732	4
99.25	24.558	-5.1496	5.1777	4
99.3	24.5575	-4.5259	5.1796	4
99.35	24.5574	-5.2654	5.1608	4
99.4	24.5575	-4.9851	5.1569	4
99.45	24.5569	-4.785	5.1415	4
99.5	24.5563	-4.9272	5.1344	4
99.55	24.5567	-5.2803	5.1666	4
99.6	24.5563	-4.6833	5.1679	4
99.65	24.5554	-4.712	5.158	4
99.7	24.5554	-5.1365	5.1524	4
99.75	24.5553	-4.9231	5.1562	4
99.8	24.5546	-4.7046	5.1584	4
99.85	24.5544	-5.1967	5.1406	4
99.9	24.5545	-5.0722	5.1425	4
99.95	24.5537	-4.5554	5.1585	4
100	24.5537	-5.099	5.1584	4
100.05	24.5544	-5.3442	5.166	4
100.1	24.554	-4.559	5.1746	4
100.15	24.5533	-4.9974	5.1708	4
100.2	24.5537	-5.382	5.1621	4
100.25	24.5539	-4.8664	5.1566	4
100.3	24.5536	-4.7992	5.1652	4
100.35	24.5533	-5.1854	5.1738	4
100.4	24.5536	-4.9339	5.1655	4
100.45	24.5529	-4.6836	5.1719	4
100.5	24.5525	-5.0681	5.1781	4
100.55	24.5517	-4.7158	5.1864	4
100.6	24.5509	-4.8564	5.1848	4
100.65	24.5507	-4.8844	5.1764	4
100.7	24.5503	-4.7442	5.1756	4
100.75	24.5496	-4.5965	5.1772	4
100.8	24.5492	-5.0525	5.1878	4
100.85	24.5488	-4.7344	5.2004	4
100.9	24.5477	-4.6675	5.1912	4
100.95	24.5467	-4.7484	5.1983	4
101	24.5465	-4.9377	5.1853	4
101.05	24.5458	-4.3927	5.1826	4
101.1	24.5449	-4.7074	5.1909	4
101.15	24.5443	-4.8615	5.1868	4
101.2	24.5435	-4.6633	5.1891	4
101.25	24.5426	-4.6525	5.169	4
101.3	24.5421	-4.8196	5.1577	4
101.35	24.5412	-4.5157	5.176	4
101.4	24.5398	-4.7434	5.1857	4
101.45	24.5396	-4.9482	5.1743	4
101.5	24.5388	-4.6267	5.171	4
101.55	24.5376	-4.5554	5.1681	4
101.6	24.5374	-4.9405	5.1706	4
101.65	24.5366	-4.656	5.163	4
101.7	24.5352	-4.5551	5.1599	4
101.75	24.5347	-4.778	5.1579	4
101.8	24.5339	-4.4727	5.1443	4
101.85	24.5328	-4.682	5.1492	4
101.9	24.5317	-4.5721	5.1593	4
101.95	24.5309	-4.7169	5.1575	4
102	24.5301	-4.3157	5.1459	4
102.05	24.5288	-4.5362	5.1389	4
102.1	24.5275	-4.7766	5.138	4
102.15	24.5269	-4.867	5.1482	4
102.2	24.5255	-4.4839	5.145	4
102.25	24.5244	-4.5352	5.1418	4
102.3	24.5239	-4.5606	5.1504	4
102.35	24.523	-4.6711	5.1367	4
102.4	24.5214	-4.5594	5.114	4
102.45	24.5209	-4.9386	5.1203	4
102.5	24.5203	-4.5035	5.136	4
102.55	24.519	-4.5433	5.163	4
102.6	24.518	-4.9156	5.172	4
102.65	24.5174	-4.7294	5.1673	4
102.7	24.5166	-4.373	5.1721	4
102.75	24.5157	-4.822	5.1815	4
102.8	24.5154	-4.7647	5.1803	4
102.85	24.5148	-4.8051	5.1741	4
102.9	24.5141	-4.9102	5.1735	4
102.95	24.5138	-4.8497	5.1792	4
103	24.5131	-4.8177	5.1879	4
103.05	24.5128	-4.8937	5.1705	4
103.1	24.5124	-4.8561	5.1613	4
103.15	24.5117	-5.0216	5.1673	4
103.2	24.5116	-4.8024	5.1736	4
103.25	24.511	-4.5939	5.1709	4
103.3	24.5105	-4.966	5.1741	4
103.35	24.5098	-4.8675	5.1673	4
103.4	24.5092	-4.8938	5.1575	4
103.45	24.5084	-4.642	5.1585	4
103.5	24.5079	-5.0156	5.1666	4
103.55	24.5076	-4.7124	5.1506	4
103.6	24.5071	-4.7135	5.168	4
103.65	24.5062	-4.6759	5.1908	4
103.7	24.5056	-5.1041	5.1707	4
103.75	24.5048	-4.2798	5.1617	4
103.8	24.5036	-4.7543	5.1596	4
103.85	24.5037	-5.1225	5.16	4
103.9	24.5032	-4.6761	5.1479	4
103.95	24.502	-4.6812	5.1433	4
104	24.502	-5.1748	5.1509	4
104.05	24.5019	-4.9842	5.1582	4
104.1	24.5008	-4.6719	5.1618	4
104.15	24.5006	-4.9757	5.1581	4
104.2	24.5007	-5.0536	5.1382	4
104.25	24.5001	-4.523	5.1354	4
104.3	24.4988	-4.8406	5.1406	4
104.35	24.499	-5.1023	5.1423	4
104.4	24.4984	-4.5061	5.1359	4
104.45	24.4971	-4.6762	5.1251	4
104.5	24.4966	-5.0539	5.1212	4
104.55	24.4964	-4.8164	5.1385	4
104.6	24.4952	-4.4339	5.1446	4
104.65	24.4946	-4.8049	5.1587	4
104.7	24.494	-4.9471	5.1561	4
104.75	24.4937	-4.7747	5.1386	4
104.8	24.4927	-4.5049	5.1375	4
104.85	24.4921	-4.9837	5.1557	4
104.9	24.4917	-4.6318	5.1767	4
104.95	24.4904	-4.502	5.1682	4
105	24.4888	-4.8321	5.1542	4
105.05	24.4886	-5.0523	5.1492	4
105.1	24.4881	-4.2763	5.149	4
105.15	24.4868	-4.7295	5.1706	4
105.2	24.4866	-4.8419	5.1822	4
105.25	24.4859	-4.7669	5.1768	4
105.3	24.485	-4.7182	5.1782	4
105.35	24.4847	-5.2189	5.1695	4
105.4	24.4849	-5.0363	5.1561	4
105.45	24.4846	-4.9578	5.1636	4
105.5	24.485	-5.2488	5.1482	4
105.55	24.4852	-5.1807	5.1324	4
105.6	24.4853	-4.8583	5.1411	4
105.65	24.4849	-5.022	5.1538	4
105.7	24.4853	-5.1706	5.1548	4
105.75	24.4848	-4.8856	5.1463	4
105.8	24.4847	-5.0855	5.141	4
105.85	24.4848	-4.9915	5.1368	4
105.9	24.4844	-4.9702	5.1461	4
105.95	24.4841	-5.0526	5.1485	4
106	24.4841	-5.1406	5.1618	4
106.05	24.4839	-4.8207	5.164	4
106.1	24.484	-5.3918	5.1472	4
106.15	24.4843	-4.833	5.141	4
106.2	24.4838	-5.0354	5.1507	4
106.25	24.4839	-5.0657	5.1654	4
106.3	24.4843	-5.3301	5.1769	4
106.35	24.4841	-4.8289	5.1583	4
106.4	24.4838	-5.1597	5.1481	4
106.45	24.4838	-4.9583	5.1497	4
106.5	24.4834	-4.9717	5.1588	4
106.55	24.4835	-4.9902	5.1624	4
106.6	24.4831	-4.9276	5.157	4
106.65	24.4832	-4.9968	5.1657	4
106.7	24.483	-4.9275	5.172	4
106.75	24.4831	-5.1258	5.1717	4
106.8	24.4833	-5.3607	5.1734	4
106.85	24.4834	-4.952	5.169	4
106.9	24.4832	-5.1395	5.1593	4
106.95	24.4842	-5.4431	5.1698	4
107	24.4845	-4.9174	5.1869	4
107.05	24.4843	-4.888	5.1682	4
107.1	24.4843	-5.4024	5.1503	4
107.15	24.4852	-5.5528	5.1463	4
107.2	24.4847	-4.6584	5.1458	4
107.25	24.4848	-5.4714	5.1315	4
107.3	24.4858	-5.2522	5.1417	4
107.35	24.4859	-4.9841	5.1464	4
107.4	24.4855	-4.9117	5.1391	4
107.45	24.4863	-5.7321	5.1567	4
107.5	24.4869	-4.7938	5.1606	4
107.55	24.4861	-5.0005	5.1542	4
107.6	24.4866	-5.2599	5.1475	4
107.65	24.4877	-5.5326	5.1422	4
107.7	24.4878	-4.6438	5.1656	4
107.75	24.4873	-5.2204	5.1798	4
107.8	24.4882	-5.328	5.1882	4
107.85	24.4882	-4.9864	5.1891	4
107.9	24.4878	-4.9288	5.181	4
107.95	24.488	-5.557	5.1739	4
108	24.4888	-5.2757	5.1553	4
108.05	24.4886	-4.9504	5.162	4
108.1	24.4892	-5.3945	5.177	4
108.15	24.4898	-5.2152	5.1849	4
108.2	24.4896	-4.8579	5.193	4
108.25	24.4893	-4.9373	5.1864	4
108.3	24.4899	-5.2707	5.1881	4
108.35	24.4892	-4.7624	5.192	4
108.4	24.4895	-5.3858	5.1807	4
108.45	24.4895	-4.9824	5.1808	4
108.5	24.4899	-5.4399	5.1868	4
108.55	24.4903	-4.883	5.1823	4
108.6	24.4901	-5.0613	5.1822	4
108.65	24.4898	-4.8124	5.1729	4
108.7	24.4899	-5.4615	5.1669	4
108.75	24.4896	-4.7098	5.1637	4
108.8	24.4893	-5.0908	5.1778	4
108.85	24.4894	-4.9829	5.1879	4
108.9	24.4893	-5.0111	5.1722	4
108.95	24.489	-4.6714	5.1604	4
109	24.4885	-5.0459	5.1594	4
109.05	24.4886	-5.0824	5.1437	4
109.1	24.4879	-4.7661	5.1545	4
109.15	24.4881	-5.2062	5.1541	4
109.2	24.4879	-4.9143	5.144	4
109.25	24.4875	-4.9182	5.1446	4
109.3	24.4867	-4.921	5.1377	4
109.35	24.4869	-5.0633	5.1379	4
109.4	24.4863	-4.823	5.1452	4
109.45	24.4863	-5.0416	5.1714	4
109.5	24.4859	-4.9862	5.1603	4
109.55	24.4859	-5.0522	5.1334	4
109.6	24.4853	-4.7385	5.1515	4
109.65	24.4852	-5.1219	5.1648	4
109.7	24.485	-4.8822	5.1644	4
109.75	24.4853	-5.2843	5.1681	4
109.8	24.4851	-4.6648	5.157	4
109.85	24.4849	-5.1855	5.1558	4
109.9	24.4855	-5.1229	5.1709	4
109.95	24.4847	-4.7543	5.1708	4
110	24.4841	-4.845	5.165	4
110.05	24.4841	-5.485	5.1554	4
110.1	24.4842	-4.4756	5.1559	4
110.15	24.483	-4.8449	5.1687	4
110.2	24.4832	-5.1785	5.1647	4
110.25	24.4833	-5.1048	5.1851	4
110.3	24.4828	-4.5793	5.1949	4
110.35	24.4819	-4.9617	5.1886	4
110.4	24.4825	-5.3044	5.1879	4
110.45	24.4817	-4.4291	5.1802	4
110.5	24.4806	-4.6856	5.1729	4
110.55	24.4809	-5.422	5.1739	4
110.6	24.4807	-4.5961	5.1638	4
110.65	24.4791	-4.4847	5.1708	4
110.7	24.4792	-5.4313	5.1641	4
110.75	24.4794	-4.7377	5.1625	4
110.8	24.4783	-4.4307	5.1772	4
110.85	24.4778	-5.1657	5.1659	4
110.9	24.4783	-5.4468	5.1471	4
110.95	24.4775	-4.3634	5.1413	4
111	24.4769	-5.251	5.1673	4
111.05	24.4773	-4.8413	5.1712	4
111.1	24.4767	-5.0203	5.1486	4
111.15	24.4764	-4.8446	5.1621	4
111.2	24.4763	-4.9259	5.1779	4
111.25	24.476	-5.1149	5.1842	4
111.3	24.476	-5.0391	5.1772	4
111.35	24.4761	-5.0318	5.1662	4
111.4	24.4758	-4.899	5.1727	4
111.45	24.4756	-5.0065	5.1592	4
111.5	24.4755	-5.0646	5.1626	4
111.55	24.4756	-4.9775	5.1731	4
111.6	24.4749	-4.6441	5.1672	4
111.65	24.475	-5.425	5.1766	4
111.7	24.4751	-4.896	5.166	4
111.75	24.4747	-5.061	5.1736	4
111.8	24.4745	-5.0085	5.1782	4
111.85	24.4753	-5.3388	5.1814	4
111.9	24.4756	-4.969	5.1775	4
111.95	24.4757	-5.131	5.176	4
112	24.4756	-5.121	5.1855	4
112.05	24.4758	-5.3906	5.1907	4
112.1	24.4759	-4.9399	5.1849	4
112.15	24.4758	-5.1293	5.1935	4
112.2	24.4761	-5.0076	5.1936	4
112.25	24.4756	-5.0388	5.1753	4
112.3	24.4756	-4.899	5.1987	4
112.35	24.4755	-5.1147	5.2093	4
112.4	24.4757	-5.1143	5.1943	4
112.45	24.4757	-5.0601	5.1805	4
112.5	24.4752	-4.7972	5.1834	4
112.55	24.4752	-5.2707	5.1909	4
112.6	24.4756	-5.0276	5.1687	4
112.65	24.4752	-4.9858	5.1624	4
112.7	24.4753	-5.0857	5.1437	4
112.75	24.4749	-4.8478	5.1464	4
112.8	24.4752	-5.4571	5.1722	4
112.85	24.475	-4.8196	5.1701	4
112.9	24.4748	-5.1024	5.1719	4
112.95	24.4751	-5.1157	5.1824	4
113	24.4751	-4.8281	5.1676	4
113.05	24.4745	-4.82	5.1617	4
113.1	24.4746	-5.4064	5.1753	4
113.15	24.4747	-4.8847	5.1736	4
113.2	24.4746	-5.1267	5.1882	4
113.25	24.4745	-5.0908	5.1822	4
113.3	24.4747	-5.0042	5.1821	4
113.35	24.4745	-5.0394	5.172	4
113.4	24.4746	-5.0625	5.1772	4
113.45	24.4743	-4.8743	5.1817	4
113.5	24.4742	-5.1165	5.1716	4
113.55	24.4742	-4.9712	5.1733	4
113.6	24.4744	-5.306	5.1754	4
113.65	24.4742	-4.7578	5.1684	4
113.7	24.4738	-5.0434	5.1637	4
113.75	24.474	-5.2066	5.1591	4
113.8	24.4742	-4.9307	5.1593	4
113.85	24.4735	-4.6278	5.1474	4
113.9	24.4734	-5.438	5.1441	4
113.95	24.4745	-5.1345	5.1498	4
114	24.4736	-4.6691	5.147	4
114.05	24.4735	-5.118	5.1461	4
114.1	24.4735	-5.0452	5.1363	4
114.15	24.4733	-4.8857	5.1498	4
114.2	24.4726	-5.0257	5.1545	4
114.25	24.4731	-5.442	5.1416	4
114.3	24.473	-4.496	5.16	4
114.35	24.4722	-4.961	5.1689	4
114.4	24.4726	-5.1625	5.162	4
114.45	24.4719	-4.5292	5.1547	4
114.5	24.4709	-4.8267	5.1438	4
114.55	24.4708	-5.0362	5.1493	4
114.6	24.4701	-4.5939	5.164	4
114.65	24.4696	-5.0958	5.1626	4
114.7	24.4695	-5.0827	5.1536	4
114.75	24.4696	-5.0689	5.1507	4
114.8	24.4689	-4.4529	5.1517	4
114.85	24.4686	-5.253	5.1678	4
114.9	24.4688	-4.5709	5.1603	4
114.95	24.4674	-4.4841	5.1588	4
115	24.4672	-5.3279	5.1637	4
115.05	24.4673	-4.7942	5.1652	4
115.1	24.4659	-4.489	5.1607	4
115.15	24.4656	-5.3833	5.1614	4
115.2	24.4663	-5.059	5.1738	4
115.25	24.4649	-4.0844	5.1658	4
115.3	24.4639	-5.1697	5.1637	4
115.35	24.4643	-5.2097	5.1895	4
115.4	24.4629	-4.0103	5.1771	4
115.45	24.4613	-4.9381	5.1704	4
115.5	24.4621	-5.3044	5.1681	4
115.55	24.4613	-4.1792	5.1519	4
115.6	24.4597	-4.7794	5.1459	4
115.65	24.4604	-5.4228	5.1374	4
115.7	24.4599	-4.6067	5.1364	4
115.75	24.4579	-4.1477	5.1433	4
115.8	24.4585	-5.8512	5.1571	4
115.85	24.4588	-4.5665	5.1613	4
115.9	24.4574	-4.5732	5.1676	4
115.95	24.4575	-5.5885	5.1661	4
116	24.4575	-4.3842	5.1588	4
116.05	24.4564	-4.7024	5.1444	4
116.1	24.4567	-5.5061	5.1408	4
116.15	24.4566	-4.5792	5.1512	4
116.2	24.4556	-4.8908	5.1492	4
116.25	24.4556	-5.2316	5.1527	4
116.3	24.4557	-5.0205	5.1587	4
116.35	24.4543	-4.0323	5.1587	4
116.4	24.4538	-5.499	5.1521	4
116.45	24.4543	-4.8383	5.156	4
116.5	24.4527	-4.1591	5.1574	4
116.55	24.4519	-5.3423	5.1393	4
116.6	24.4525	-5.0619	5.1467	4
116.65	24.4518	-4.4149	5.1688	4
116.7	24.4511	-5.0698	5.158	4
116.75	24.4513	-4.8351	5.1634	4
116.8	24.4504	-4.6987	5.1618	4
116.85	24.4495	-4.8647	5.1612	4
116.9	24.4492	-5.1402	5.1588	4
116.95	24.4487	-4.6061	5.1461	4
117	24.4483	-5.1093	5.1442	4
117.05	24.4483	-4.8528	5.1445	4
117.1	24.4474	-4.7576	5.1572	4
117.15	24.4477	-5.3985	5.1609	4
117.2	24.4476	-4.7429	5.1442	4
117.25	24.4468	-4.7514	5.1534	4
117.3	24.4464	-5.0837	5.1732	4
117.35	24.4467	-5.0992	5.1867	4
117.4	24.4464	-4.6468	5.1598	4
117.45	24.445	-4.589	5.1408	4
117.5	24.4455	-5.6408	5.1564	4
117.55	24.4449	-3.9652	5.161	4
117.6	24.4427	-4.579	5.1569	4
117.65	24.4436	-5.6378	5.166	4
117.7	24.4426	-4.0842	5.1585	4
117.75	24.4412	-4.99	5.1561	4
117.8	24.4413	-5.1379	5.1678	4
117.85	24.4413	-4.8558	5.1783	4
117.9	24.4401	-4.3182	5.1988	4
117.95	24.4393	-5.1443	5.1962	4
118	24.4397	-4.8603	5.1806	4
118.05	24.4384	-4.382	5.178	4
118.1	24.4379	-4.954	5.1788	4
118.15	24.4379	-5.2892	5.1976	4
118.2	24.4377	-4.6221	5.1838	4
118.25	24.4367	-4.7632	5.1729	4
118.3	24.4367	-5.2716	5.1792	4
118.35	24.4366	-4.7427	5.1876	4
118.4	24.4354	-4.4383	5.1951	4
118.45	24.4351	-5.3473	5.1726	4
118.5	24.4353	-5.1009	5.1527	4
118.55	24.435	-4.7361	5.168	4
118.6	24.4344	-4.6848	5.1804	4
118.65	24.4344	-4.9453	5.1831	4
118.7	24.4339	-4.8156	5.1801	4
118.75	24.433	-4.7107	5.1784	4
118.8	24.4323	-4.9785	5.1809	4
118.85	24.4321	-4.8556	5.1718	4
118.9	24.4317	-4.6549	5.1562	4
118.95	24.4309	-4.7354	5.1605	4
119	24.4307	-5.069	5.1665	4
119.05	24.4303	-4.853	5.1704	4
119.1	24.4298	-4.8585	5.1648	4
119.15	24.4282	-4.3165	5.1669	4
119.2	24.4278	-5.3674	5.1585	4
119.25	24.4284	-4.9421	5.1462	4
119.3	24.427	-3.9773	5.1649	4
119.35	24.4258	-5.0788	5.1836	4
119.4	24.427	-5.583	5.1854	4
119.45	24.426	-4.0264	5.1714	4
119.5	24.4241	-4.787	5.1721	4
119.55	24.4245	-5.354	5.1744	4
119.6	24.4245	-4.689	5.1653	4
119.65	24.4229	-4.2458	5.1611	4
119.7	24.4223	-5.5442	5.1656	4
119.75	24.4227	-4.9321	5.1654	4
119.8	24.4216	-4.5941	5.1504	4
119.85	24.4211	-4.8991	5.1538	4
119.9	24.4212	-5.1044	5.1727	4
119.95	24.4208	-4.4969	5.1741	4
120	24.4194	-4.6311	5.1613	4
120.05	24.4196	-5.4315	5.1695	4
120.1	24.4196	-4.6921	5.166	4
120.15	24.4185	-4.549	5.1541	4
120.2	24.4181	-5.3485	5.1593	4
120.25	24.4182	-4.5811	5.1724	4
120.3	24.417	-4.5679	5.186	4
120.35	24.417	-5.1904	5.1818	4
120.4	24.4165	-4.4571	5.173	4
120.45	24.416	-5.2477	5.1859	4
120.5	24.416	-4.9511	5.1771	4
120.55	24.4151	-4.4881	5.1729	4
120.6	24.4148	-5.2361	5.1711	4
120.65	24.4151	-4.9468	5.1679	4
120.7	24.4142	-4.5118	5.1783	4
120.75	24.414	-5.4149	5.1765	4
120.8	24.4143	-4.9683	5.1698	4
120.85	24.4133	-4.6042	5.1759	4
120.9	24.4126	-4.9719	5.1762	4
120.95	24.4133	-5.3449	5.1717	4
121	24.4131	-4.3826	5.1554	4
121.05	24.4114	-4.6035	5.1496	4
121.1	24.4115	-5.5076	5.1494	4
121.15	24.4113	-4.5163	5.1448	4
121.2	24.4098	-4.3986	5.1523	4
121.25	24.41	-5.42	5.1564	4
121.3	24.4102	-4.7496	5.1594	4
121.35	24.4089	-4.5917	5.15	4
121.4	24.4084	-5.133	5.1472	4
121.45	24.4092	-5.291	5.1598	4
121.5	24.4088	-4.5439	5.1603	4
121.55	24.4077	-4.8261	5.1608	4
121.6	24.4084	-5.6627	5.1587	4
121.65	24.4083	-4.5793	5.1497	4
121.7	24.407	-4.5433	5.1524	4
121.75	24.4073	-5.4273	5.1667	4
121.8	24.4069	-4.6053	5.1582	4
121.85	24.4056	-4.6469	5.1493	4
121.9	24.4056	-5.1777	5.1536	4
121.95	24.4057	-4.8945	5.1632	4
122	24.4051	-4.7113	5.1631	4
122.05	24.405	-5.1382	5.1517	4
122.1	24.405	-4.999	5.1536	4
122.15	24.4041	-4.8304	5.143	4
122.2	24.4041	-4.8221	5.1494	4
122.25	24.4036	-4.6595	5.1641	4
122.3	24.4037	-5.3594	5.1708	4
122.35	24.4034	-4.7665	5.1597	4
122.4	24.4026	-4.8912	5.1305	4
122.45	24.4031	-5.264	5.1343	4
122.5	24.4029	-4.7242	5.1552	4
122.55	24.4014	-4.3687	5.1563	4
122.6	24.4011	-5.2082	5.1625	4
122.65	24.4013	-5.0483	5.1777	4
122.7	24.4001	-4.1713	5.171	4
122.75	24.3995	-5.0567	5.1655	4
122.8	24.4	-5.2957	5.1583	4
122.85	24.3996	-4.6085	5.1652	4
122.9	24.3982	-4.7125	5.173	4
122.95	24.3983	-5.2401	5.1725	4
123	24.3981	-4.7917	5.1694	4
123.05	24.3972	-4.435	5.1678	4
123.1	24.3961	-4.7964	5.1803	4
123.15	24.3969	-5.7592	5.1719	4
123.2	24.3966	-4.4692	5.162	4
123.25	24.3956	-4.9282	5.1693	4
123.3	24.3957	-5.2311	5.1637	4
123.35	24.3959	-5.0494	5.1668	4
123.4	24.3948	-4.5045	5.1755	4
123.45	24.3943	-4.8851	5.1689	4
123.5	24.3945	-4.9671	5.1635	4
123.55	24.3947	-5.1906	5.1707	4
123.6	24.3937	-4.3156	5.1739	4
123.65	24.3939	-5.6444	5.1695	4
123.7	24.3945	-4.8677	5.1851	4
123.75	24.3931	-4.5978	5.2039	4
123.8	24.3926	-4.9913	5.2032	4
123.85	24.3931	-5.3291	5.1968	4
123.9	24.3928	-4.5373	5.1962	4
123.95	24.3915	-4.6716	5.1892	4
124	24.3914	-5.3604	5.1843	4
124.05	24.3915	-5.0687	5.17	4
124.1	24.3906	-4.4143	5.1583	4
124.15	24.3899	-5.012	5.1755	4
124.2	24.3904	-5.0824	5.1537	4
124.25	24.3893	-4.5468	5.1446	4
124.3	24.3885	-4.8045	5.1619	4
124.35	24.3887	-5.3997	5.167	4
124.4	24.3892	-4.9753	5.1777	4
124.45	24.3886	-4.6994	5.1801	4
124.5	24.3889	-5.5095	5.1761	4
124.55	24.3895	-5.226	5.1739	4
124.6	24.3894	-4.9088	5.1628	4
124.65	24.3892	-5.2936	5.1737	4
124.7	24.3907	-5.9223	5.1653	4
124.75	24.3912	-4.9717	5.1666	4
124.8	24.3911	-5.2304	5.1796	4
124.85	24.3921	-5.6878	5.1716	4
124.9	24.3933	-5.4144	5.1734	4
124.95	24.3936	-5.036	5.1593	4
125	24.3935	-5.2028	5.1518	4
125.05	24.3943	-5.6309	5.1678	4
125.1	24.3949	-4.9569	5.181	4
125.15	24.3947	-4.9457	5.1861	4
125.2	24.3952	-5.4648	5.1745	4
125.25	24.3958	-5.103	5.165	4
125.3	24.3956	-5.1357	5.1705	4
125.35	24.3958	-5.0298	5.1693	4
125.4	24.3959	-5.0733	5.1516	4
125.45	24.3963	-5.2193	5.1432	4
125.5	24.3962	-4.8789	5.1521	4
125.55	24.3963	-5.3486	5.141	4
125.6	24.397	-5.5103	5.142	4
125.65	24.3974	-4.9078	5.1602	4
125.7	24.3971	-5.4461	5.16	4
125.75	24.3988	-5.4803	5.1316	4
125.8	24.3987	-4.9056	5.1315	4
125.85	24.3986	-5.4065	5.1456	4
125.9	24.3999	-5.5898	5.1631	4
125.95	24.4002	-5.0579	5.1519	4
126	24.3997	-4.9922	5.1314	4
126.05	24.401	-5.8438	5.1509	4
126.1	24.4017	-4.9038	5.1426	4
126.15	24.4014	-5.1114	5.1307	4
126.2	24.4023	-5.8813	5.1341	4
126.25	24.4029	-4.8396	5.1253	4
126.3	24.403	-5.1704	5.1314	4
126.35	24.404	-5.8828	5.1277	4
126.4	24.4052	-5.2283	5.1328	4
126.45	24.4052	-5.1387	5.1302	4
126.5	24.4056	-5.2379	5.1394	4
126.55	24.4065	-5.6192	5.1503	4
126.6	24.4068	-4.9656	5.145	4
126.65	24.4069	-5.3312	5.1192	4
126.7	24.4078	-5.6565	5.1311	4
126.75	24.4086	-5.2397	5.1587	4
126.8	24.4085	-5.0106	5.1659	4
126.85	24.4091	-5.431	5.1554	4
126.9	24.4101	-5.3116	5.1328	4
126.95	24.41	-4.9693	5.1383	4
127	24.4097	-5.1881	5.139	4
127.05	24.4106	-5.4996	5.1464	4
127.1	24.411	-5.0309	5.1492	4
127.15	24.4107	-5.0634	5.1426	4
127.2	24.4115	-5.4849	5.1324	4
127.25	24.4121	-5.0929	5.1472	4
127.3	24.4115	-4.7406	5.1591	4
127.35	24.4121	-5.7377	5.1554	4
127.4	24.4128	-5.0365	5.1497	4
127.45	24.412	-5.0806	5.1391	4
127.5	24.4127	-5.4228	5.1177	4
127.55	24.4132	-4.9631	5.1358	4
127.6	24.413	-4.8704	5.1678	4
127.65	24.413	-5.0871	5.1648	4
127.7	24.4133	-5.1969	5.1829	4
127.75	24.4133	-4.97	5.1647	4
127.8	24.4126	-4.6143	5.138	4
127.85	24.4126	-5.5773	5.1469	4
127.9	24.4131	-4.8286	5.1505	4
127.95	24.4122	-4.8418	5.1464	4
128	24.4126	-5.1495	5.1562	4
128.05	24.4123	-4.9	5.1649	4
128.1	24.4117	-5.0087	5.1556	4
128.15	24.412	-5.055	5.1392	4
128.2	24.412	-4.9112	5.1503	4
128.25	24.4113	-4.8651	5.1746	4
128.3	24.4112	-5.1636	5.1765	4
128.35	24.4112	-4.9166	5.1661	4
128.4	24.411	-4.8461	5.1526	4
128.45	24.4107	-4.9879	5.1547	4
128.5	24.4105	-4.847	5.1576	4
128.55	24.4099	-4.8413	5.1727	4
128.6	24.41	-5.3191	5.1752	4
128.65	24.41	-4.943	5.1708	4
128.7	24.4095	-4.7472	5.179	4
128.75	24.4095	-5.1355	5.1753	4
128.8	24.4094	-5.0025	5.1616	4
128.85	24.4087	-4.8034	5.1649	4
128.9	24.4086	-5.0776	5.1484	4
128.95	24.4085	-4.9981	5.1546	4
129	24.408	-4.8798	5.1654	4
129.05	24.4081	-4.9587	5.1488	4
129.1	24.408	-5.0806	5.143	4
129.15	24.4077	-4.7928	5.1536	4
129.2	24.4078	-5.1319	5.1619	4
129.25	24.408	-5.0227	5.1617	4
129.3	24.4079	-4.9159	5.1642	4
129.35	24.4072	-4.6988	5.1697	4
129.4	24.4068	-5.2501	5.142	4
129.45	24.4066	-4.8756	5.1216	4
129.5	24.406	-4.8476	5.1196	4
129.55	24.4059	-4.8201	5.1384	4
129.6	24.4055	-5.1898	5.1569	4
129.65	24.4053	-4.8537	5.1466	4
129.7	24.4048	-5.0192	5.1426	4
129.75	24.4051	-5.0961	5.1434	4
129.8	24.4045	-4.6592	5.1476	4
129.85	24.4044	-5.2036	5.1391	4
129.9	24.4045	-5.0024	5.1375	4
129.95	24.4039	-4.8396	5.1379	4
130	24.4038	-5.0408	5.1346	4
130.05	24.404	-5.1952	5.1393	4
130.1	24.4034	-4.4225	5.1571	4
130.15	24.4031	-5.2744	5.1575	4
130.2	24.4032	-4.9222	5.1488	4
130.25	24.4028	-4.8797	5.1567	4
130.3	24.4024	-4.9259	5.1487	4
130.35	24.4024	-5.2438	5.1408	4
130.4	24.4024	-4.7602	5.1298	4
130.45	24.4015	-4.7136	5.1342	4
130.5	24.4016	-5.0676	5.1544	4
130.55	24.4018	-5.067	5.1301	4
130.6	24.4013	-4.6755	5.125	4
130.65	24.4007	-5.4363	5.1343	4
130.7	24.4012	-5.1004	5.1276	4
130.75	24.4012	-4.9738	5.1205	4
130.8	24.4012	-4.9085	5.1106	4
130.85	24.4012	-5.317	5.0967	4
130.9	24.4018	-5.1076	5.0992	4
130.95	24.4007	-4.6065	5.1089	4
131	24.4012	-5.6058	5.1115	4
131.05	24.4015	-4.9222	5.1111	4
131.1	24.4009	-4.9026	5.1193	4
131.15	24.4013	-5.4379	5.1496	4
131.2	24.4018	-4.9894	5.1464	4
131.25	24.4011	-4.6127	5.1386	4
131.3	24.4015	-5.6686	5.1388	4
131.35	24.4018	-4.9773	5.1356	4
131.4	24.4015	-5.0224	5.1425	4
131.45	24.4018	-5.387	5.1435	4
131.5	24.4022	-4.9896	5.137	4
131.55	24.4018	-4.7985	5.1488	4
131.6	24.4021	-5.5062	5.1465	4
131.65	24.4024	-4.9157	5.1437	4
131.7	24.4021	-5.1065	5.1422	4
131.75	24.4023	-5.2233	5.1388	4
131.8	24.4024	-5.1092	5.1489	4
131.85	24.4027	-5.0181	5.1416	4
131.9	24.4024	-4.8748	5.1379	4
131.95	24.4025	-4.9424	5.1502	4
132	24.4026	-5.4338	5.1436	4
132.05	24.4026	-4.7625	5.1338	4
132.1	24.4019	-5.0313	5.1405	4
132.15	24.4026	-5.6072	5.1559	4
132.2	24.4028	-4.7845	5.1622	4
132.25	24.4025	-5.0761	5.1594	4
132.3	24.403	-5.4384	5.1556	4
132.35	24.4032	-4.7356	5.1589	4
132.4	24.4026	-4.9743	5.1669	4
132.45	24.4033	-5.4895	5.1766	4
132.5	24.4031	-4.8085	5.1729	4
132.55	24.4035	-5.4219	5.1646	4
132.6	24.4036	-5.039	5.1653	4
132.65	24.4031	-4.9876	5.1699	4
132.7	24.4034	-5.1466	5.1654	4
132.75	24.4039	-5.2981	5.1576	4
132.8	24.4039	-4.9216	5.1455	4
132.85	24.4036	-5.1044	5.1367	4
132.9	24.4042	-5.3321	5.12	4
132.95	24.4051	-5.4844	5.1288	4
133	24.4048	-4.7154	5.148	4
133.05	24.4052	-5.695	5.1573	4
133.1	24.4066	-5.517	5.1379	4
133.15	24.4065	-4.9906	5.1415	4
133.2	24.4058	-4.9525	5.1605	4
133.25	24.4075	-6.1671	5.1568	4
133.3	24.4084	-4.8194	5.1578	4
133.35	24.4074	-4.8792	5.1589	4
133.4	24.4083	-5.5958	5.1488	4
133.45	24.4088	-5.1212	5.1537	4
133.5	24.4086	-4.9605	5.1501	4
133.55	24.4089	-5.4303	5.1521	4
133.6	24.4098	-5.2351	5.1642	4
133.65	24.4095	-4.8786	5.1503	4
133.7	24.41	-5.4404	5.1444	4
133.75	24.4108	-5.5101	5.1418	4
133.8	24.4109	-4.8523	5.1458	4
133.85	24.4113	-5.4651	5.1415	4
133.9	24.413	-5.6516	5.1395	4
133.95	24.4132	-5.0546	5.1537	4
134	24.4136	-5.4076	5.1673	4
134.05	24.4144	-5.6022	5.1666	4
134.1	24.4153	-5.2895	5.1671	4
134.15	24.4156	-5.1696	5.1656	4
134.2	24.4162	-5.3677	5.1696	4
134.25	24.4167	-5.3885	5.1771	4
134.3	24.4171	-5.3776	5.1771	4
134.35	24.4176	-5.3664	5.172	4
134.4	24.4182	-5.3919	5.1649	4
134.45	24.4188	-5.4491	5.1714	4
134.5	24.4198	-5.435	5.1563	4
134.55	24.42	-4.9866	5.1413	4
134.6	24.4203	-5.5795	5.1339	4
134.65	24.4219	-5.4313	5.1324	4
134.7	24.422	-4.8906	5.143	4
134.75	24.4217	-5.2558	5.1309	4
134.8	24.4233	-6.1101	5.1274	4
134.85	24.4243	-4.8999	5.1554	4
134.9	24.4237	-5.112	5.143	4
134.95	24.4253	-6.0418	5.1359	4
135	24.4262	-5.1157	5.151	4
135.05	24.4256	-4.8342	5.1567	4
135.1	24.4267	-6.2226	5.144	4
135.15	24.4282	-5.1942	5.1441	4
135.2	24.4277	-5.0154	5.1533	4
135.25	24.4285	-5.6917	5.1448	4
135.3	24.4301	-5.4259	5.1586	4
135.35	24.4302	-4.9706	5.1747	4
135.4	24.4298	-5.0236	5.1624	4
135.45	24.4305	-5.4117	5.1596	4
135.5	24.4319	-5.779	5.1636	4
135.55	24.4318	-4.4819	5.1659	4
135.6	24.4307	-5.1658	5.1592	4
135.65	24.4332	-6.4608	5.1614	4
135.7	24.4336	-4.4716	5.1677	4
135.75	24.4321	-4.5846	5.1755	4
135.8	24.4329	-5.9987	5.1744	4
135.85	24.4347	-5.6117	5.1649	4
135.9	24.4338	-4.0736	5.1698	4
135.95	24.4336	-5.6063	5.1713	4
136	24.4357	-6.0449	5.1537	4
136.05	24.4351	-4.128	5.1506	4
136.1	24.4339	-4.9709	5.1556	4
136.15	24.4355	-6.0361	5.1554	4
136.2	24.4363	-5.1342	5.1478	4
136.25	24.436	-4.7384	5.1464	4
136.3	24.4355	-5.1452	5.1338	4
136.35	24.4369	-5.9182	5.1274	4
136.4	24.4371	-4.5846	5.1283	4
136.45	24.4361	-5.0732	5.1317	4
136.5	24.4375	-5.8646	5.1425	4
136.55	24.4384	-5.1196	5.135	4
136.6	24.4376	-4.4729	5.1357	4
136.65	24.4374	-5.5227	5.1327	4
136.7	24.439	-5.73	5.1254	4
136.75	24.4389	-4.5327	5.142	4
136.8	24.438	-5.0905	5.1491	4
136.85	24.4389	-5.6389	5.131	4
136.9	24.4395	-4.8929	5.1226	4
136.95	24.4389	-4.9262	5.1256	4
137	24.4397	-5.5918	5.1385	4
137.05	24.4406	-5.157	5.1529	4
137.1	24.4395	-4.3651	5.1593	4
137.15	24.4395	-5.7062	5.1757	4
137.2	24.4408	-5.3509	5.1684	4
137.25	24.4401	-4.3937	5.1699	4
137.3	24.4397	-5.1771	5.1482	4
137.35	24.4402	-5.5296	5.1336	4
137.4	24.441	-5.1566	5.1548	4
137.45	24.4401	-4.5154	5.1576	4
137.5	24.4402	-5.4817	5.166	4
137.55	24.4409	-5.3328	5.1604	4
137.6	24.4403	-4.4919	5.1421	4
137.65	24.4394	-4.9898	5.1324	4
137.7	24.4406	-5.6952	5.1321	4
137.75	24.4412	-4.905	5.1347	4
137.8	24.4399	-4.4898	5.1403	4
137.85	24.4401	-5.4888	5.1508	4
137.9	24.4416	-5.468	5.1496	4
137.95	24.4406	-4.31	5.1439	4
138	24.4401	-5.377	5.1504	4
138.05	24.4414	-5.5503	5.1428	4
138.1	24.4417	-4.7972	5.1485	4
138.15	24.4409	-4.7232	5.1576	4
138.2	24.4416	-5.9221	5.1427	4
138.25	24.4427	-4.9945	5.1316	4
138.3	24.4423	-4.9994	5.1361	4
138.35	24.4424	-5.2711	5.1275	4
138.4	24.443	-5.3337	5.1319	4
138.45	24.4438	-5.4644	5.1473	4
138.5	24.4439	-5.2351	5.1648	4
138.55	24.4446	-5.5062	5.1661	4
138.6	24.4459	-5.6468	5.1609	4
138.65	24.4465	-4.9174	5.1612	4
138.7	24.4464	-5.2355	5.1555	4
138.75	24.4478	-5.6647	5.1427	4
138.8	24.4482	-5.1145	5.1409	4
138.85	24.4487	-5.3387	5.1344	4
138.9	24.4492	-5.4127	5.1311	4
138.95	24.4505	-5.5389	5.1548	4
139	24.4509	-5.1581	5.1786	4
139.05	24.451	-5.3624	5.1675	4
139.1	24.4519	-5.6104	5.1646	4
139.15	24.453	-5.2501	5.1668	4
139.2	24.4525	-4.8699	5.1496	4
139.25	24.4531	-5.5212	5.1508	4
139.3	24.4543	-5.4529	5.1546	4
139.35	24.455	-5.2804	5.1395	4
139.4	24.4556	-5.263	5.1291	4
139.45	24.4567	-5.725	5.1392	4
139.5	24.4574	-5.1446	5.1495	4
139.55	24.4576	-5.4202	5.1406	4
139.6	24.4585	-5.568	5.122	4
139.65	24.4594	-5.3532	5.1256	4
139.7	24.4598	-5.1243	5.1415	4
139.75	24.4607	-5.6982	5.1364	4
139.8	24.4624	-5.6155	5.1402	4
139.85	24.4627	-5.0418	5.1525	4
139.9	24.4632	-5.3949	5.1539	4
139.95	24.4644	-5.7543	5.1522	4
140	24.4652	-4.8935	5.13	4
140.05	24.4652	-5.272	5.1291	4
140.1	24.4665	-5.8861	5.1456	4
140.15	24.4677	-5.4099	5.1397	4
140.2	24.4686	-5.304	5.1317	4
140.25	24.4687	-5.2096	5.1412	4
140.3	24.469	-5.4856	5.1449	4
140.35	24.47	-5.2558	5.147	4
140.4	24.4705	-5.2199	5.1332	4
140.45	24.4704	-4.8692	5.1397	4
140.5	24.4708	-5.3507	5.1459	4
140.55	24.4712	-5.3002	5.1508	4
140.6	24.4719	-5.2493	5.1639	4
140.65	24.4719	-5.2685	5.1583	4
140.7	24.4724	-5.3081	5.1654	4
140.75	24.4726	-4.965	5.1625	4
140.8	24.4731	-5.3581	5.1547	4
140.85	24.4732	-5.0393	5.1326	4
140.9	24.4731	-5.1647	5.1306	4
140.95	24.4734	-5.329	5.1438	4
141	24.4743	-5.0842	5.1337	4
141.05	24.4737	-4.7972	5.1392	4
141.1	24.4738	-5.5207	5.1663	4
141.15	24.4745	-4.8858	5.1586	4
141.2	24.474	-4.9584	5.1558	4
141.25	24.474	-5.2873	5.1641	4
141.3	24.4746	-5.1949	5.173	4
141.35	24.4739	-4.5268	5.1721	4
141.4	24.4739	-5.4631	5.1742	4
141.45	24.4746	-5.284	5.1817	4
141.5	24.4738	-4.6312	5.1719	4
141.55	24.4737	-5.2495	5.1675	4
141.6	24.4744	-5.2653	5.1548	4
141.65	24.474	-4.5274	5.1569	4
141.7	24.4737	-5.311	5.1628	4
141.75	24.4739	-5.0503	5.1747	4
141.8	24.4734	-4.7796	5.1751	4
141.85	24.473	-5.0783	5.1715	4
141.9	24.4735	-5.4027	5.1606	4
141.95	24.4741	-4.9774	5.1527	4
142	24.4735	-5.0249	5.1608	4
142.05	24.4745	-5.6257	5.1713	4
142.1	24.4751	-5.0712	5.1748	4
142.15	24.4749	-4.9021	5.1511	4
142.2	24.475	-5.3441	5.1208	4
142.25	24.4758	-5.6385	5.1456	4
142.3	24.4762	-4.8808	5.1555	4
142.35	24.4764	-5.3352	5.1558	4
142.4	24.4773	-5.5715	5.1689	4
142.45	24.4782	-5.1446	5.1693	4
142.5	24.4782	-5.3066	5.1546	4
142.55	24.4788	-5.2195	5.1391	4
142.6	24.4786	-4.9466	5.1416	4
142.65	24.4788	-5.4058	5.1533	4
142.7	24.4794	-5.0465	5.1628	4
142.75	24.4795	-5.1198	5.1539	4
142.8	24.4797	-5.2767	5.1479	4
142.85	24.4806	-5.5387	5.1616	4
142.9	24.4807	-4.8504	5.1687	4
142.95	24.4808	-5.2972	5.1612	4
143	24.4816	-5.5731	5.1575	4
143.05	24.482	-4.9896	5.1448	4
143.1	24.4816	-4.9365	5.1601	4
143.15	24.4826	-5.9187	5.1672	4
143.2	24.4834	-5.2198	5.1628	4
143.25	24.4832	-4.8271	5.155	4
143.3	24.4835	-5.3906	5.146	4
143.35	24.4846	-5.4668	5.1608	4
143.4	24.4842	-4.4827	5.1836	4
143.45	24.4839	-5.252	5.1733	4
143.5	24.4851	-5.5754	5.1702	4
143.55	24.4849	-4.737	5.1747	4
143.6	24.4845	-5.1381	5.1767	4
143.65	24.4851	-5.5922	5.1579	4
143.7	24.4854	-4.9553	5.136	4
143.75	24.4853	-5.3048	5.1436	4
143.8	24.4861	-5.2374	5.1496	4
143.85	24.4868	-5.3388	5.1627	4
143.9	24.4873	-5.1742	5.1657	4
143.95	24.4875	-5.2553	5.1549	4
144	24.4879	-5.2861	5.1613	4
144.05	24.4882	-5.2975	5.1604	4
144.1	24.4893	-5.3165	5.1631	4
144.15	24.4895	-5.2535	5.1701	4
144.2	24.4902	-5.3038	5.1555	4
144.25	24.4911	-5.5738	5.156	4
144.3	24.4918	-5.1961	5.1436	4
144.35	24.492	-5.2464	5.1428	4
144.4	24.4929	-5.5985	5.1539	4
144.45	24.4941	-5.3911	5.1583	4
144.5	24.4947	-5.1352	5.1529	4
144.55	24.4952	-5.6311	5.1509	4
144.6	24.4968	-5.5297	5.1505	4
144.65	24.4966	-5.0039	5.1692	4
144.7	24.4969	-5.4885	5.1636	4
144.75	24.4979	-5.3973	5.147	4
144.8	24.4979	-4.9416	5.1646	4
144.85	24.498	-5.2065	5.1564	4
144.9	24.499	-5.6623	5.1406	4
144.95	24.4996	-5.1049	5.1574	4
145	24.4996	-5.1896	5.1649	4
145.05	24.5002	-5.4357	5.1505	4
145.1	24.501	-5.3879	5.153	4
145.15	24.5007	-4.7094	5.1631	4
145.2	24.5008	-5.3661	5.1586	4
145.25	24.5021	-5.5705	5.1492	4
145.3	24.5025	-4.9906	5.1414	4
145.35	24.5025	-5.2724	5.1386	4
145.4	24.504	-5.8772	5.1495	4
145.45	24.5047	-5.0597	5.1541	4
145.5	24.5049	-5.2447	5.1329	4
145.55	24.5062	-5.7764	5.137	4
145.6	24.5075	-5.5304	5.1227	4
145.65	24.5073	-4.8439	5.1387	4
145.7	24.5085	-6.0164	5.1507	4
145.75	24.5101	-5.4433	5.1558	4
145.8	24.5099	-4.9663	5.1538	4
145.85	24.5102	-5.4191	5.1457	4
145.9	24.5122	-6.1337	5.1541	4
145.95	24.5132	-5.0109	5.1304	4
146	24.5131	-5.3534	5.1091	4
146.05	24.5148	-5.9992	5.126	4
146.1	24.517	-5.7306	5.1386	4
146.15	24.5169	-4.7643	5.1432	4
146.2	24.5177	-5.9158	5.158	4
146.25	24.52	-5.7504	5.1608	4
146.3	24.5201	-4.9642	5.1525	4
146.35	24.5204	-5.7091	5.1406	4
146.4	24.5224	-6.1146	5.1398	4
146.45	24.5236	-5.114	5.1588	4
146.5	24.5236	-5.309	5.1586	4
146.55	24.5256	-6.0708	5.1472	4
146.6	24.5272	-5.6015	5.1431	4
146.65	24.5273	-4.8907	5.1474	4
146.7	24.5277	-5.6595	5.1512	4
146.75	24.5295	-5.9122	5.1442	4
146.8	24.5298	-4.8059	5.1394	4
146.85	24.5298	-5.3764	5.133	4
146.9	24.5313	-5.8694	5.1515	4
146.95	24.5328	-5.3528	5.1652	4
147	24.5329	-5.1667	5.1604	4
147.05	24.534	-5.8733	5.1566	4
147.1	24.5354	-5.2815	5.1613	4
147.15	24.5356	-5.0475	5.1528	4
147.2	24.5366	-5.6135	5.1451	4
147.25	24.5378	-5.5486	5.1411	4
147.3	24.5378	-4.9597	5.136	4
147.35	24.5383	-5.6344	5.1336	4
147.4	24.5397	-5.6068	5.1321	4
147.45	24.5403	-5.2469	5.1449	4
147.5	24.5402	-4.9702	5.148	4
147.55	24.541	-5.7292	5.1359	4
147.6	24.5423	-5.5142	5.1384	4
147.65	24.5428	-5.1917	5.1417	4
147.7	24.544	-5.6489	5.1347	4
147.75	24.5452	-5.5883	5.1523	4
147.8	24.5461	-5.1475	5.1478	4
147.85	24.5463	-5.4514	5.1414	4
147.9	24.5472	-5.4476	5.1445	4
147.95	24.5486	-5.7879	5.1319	4
148	24.5492	-5.0506	5.1334	4
148.05	24.5498	-5.4175	5.117	4
148.1	24.5513	-5.9852	5.1235	4
148.15	24.5523	-5.1845	5.1206	4
148.2	24.5526	-5.1747	5.1025	4
148.25	24.5535	-5.8194	5.1196	4
148.3	24.5545	-5.123	5.1266	4
148.35	24.5545	-5.3099	5.1252	4
148.4	24.5559	-5.7593	5.1371	4
148.45	24.5565	-5.1177	5.1479	4
148.5	24.5569	-5.3258	5.1483	4
148.55	24.558	-5.6153	5.1366	4
148.6	24.5593	-5.6294	5.1385	4
148.65	24.5597	-5.2451	5.1474	4
148.7	24.5611	-6.0018	5.1395	4
148.75	24.5625	-5.4641	5.1303	4
148.8	24.5632	-5.3785	5.1256	4
148.85	24.5645	-5.7401	5.1391	4
148.9	24.5662	-5.778	5.143	4
148.95	24.567	-5.2489	5.1314	4
149	24.5678	-5.6037	5.1426	4
149.05	24.5691	-5.6656	5.1395	4
149.1	24.5701	-5.3715	5.1363	4
149.15	24.5707	-5.3147	5.1496	4
149.2	24.5719	-5.6978	5.158	4
149.25	24.5726	-5.2525	5.1597	4
149.3	24.5729	-5.3707	5.15	4
149.35	24.5741	-5.6512	5.1551	4
149.4	24.5753	-5.5642	5.1506	4
149.45	24.5763	-5.4081	5.1521	4
149.5	24.5771	-5.6245	5.1603	4
149.55	24.5788	-5.5872	5.143	4
149.6	24.5798	-5.5127	5.1419	4
149.65	24.5807	-5.4773	5.1631	4
149.7	24.5819	-5.8891	5.1294	4
149.75	24.5833	-5.4202	5.1227	4
149.8	24.584	-5.393	5.1378	4
149.85	24.5852	-5.6067	5.1293	4
149.9	24.5859	-5.4466	5.1338	4
149.95	24.5864	-5.3392	5.1385	4
150	24.5874	-5.579	5.1426	4
150.05	24.5883	-5.3792	5.1445	4
150.1	24.589	-5.401	5.1345	4
150.15	24.5902	-5.5352	5.134	4
150.2	24.5912	-5.3763	5.1358	4
150.25	24.592	-5.5988	5.1377	4
150.3	24.5926	-5.3463	5.1292	4
150.35	24.5939	-5.6976	5.1294	4
150.4	24.5947	-5.3132	5.1422	4
150.45	24.5955	-5.4431	5.1302	4
150.5	24.5964	-5.6013	5.1227	4
150.55	24.5976	-5.5734	5.1282	4
150.6	24.5982	-5.1244	5.127	4
150.65	24.5986	-5.3324	5.1364	4
150.7	24.5991	-5.235	5.1441	4
150.75	24.5998	-5.4559	5.1467	4
150.8	24.6006	-5.2349	5.1396	4
150.85	24.6007	-5.1645	5.1255	4
150.9	24.6013	-5.2305	5.13	4
150.95	24.6017	-5.5262	5.1423	4
151	24.6018	-4.7737	5.1477	4
151.05	24.6017	-5.2428	5.1473	4
151.1	24.6029	-5.4675	5.1456	4
151.15	24.6033	-4.9785	5.1488	4
151.2	24.6027	-5.0759	5.128	4
151.25	24.6032	-5.47	5.1208	4
151.3	24.6041	-4.9884	5.1381	4
151.35	24.6031	-4.5313	5.1326	4
151.4	24.6031	-5.2923	5.1381	4
151.45	24.6037	-5.3035	5.1458	4
151.5	24.6032	-4.6657	5.137	4
151.55	24.6031	-5.2158	5.1335	4
151.6	24.6039	-5.4281	5.1385	4
151.65	24.6036	-4.7605	5.1257	4
151.7	24.6034	-5.0549	5.1227	4
151.75	24.6035	-5.2239	5.1359	4
151.8	24.604	-5.2699	5.1507	4
151.85	24.6038	-4.876	5.1471	4
151.9	24.604	-5.181	5.1403	4
151.95	24.6041	-5.1144	5.1408	4
152	24.6042	-5.2527	5.1435	4
152.05	24.6043	-5.0603	5.1504	4
152.1	24.6045	-5.2363	5.152	4
152.15	24.6046	-4.9488	5.1589	4
152.2	24.605	-5.2152	5.1524	4
152.25	24.6053	-5.06	5.1413	4
152.3	24.6054	-5.1335	5.1584	4
152.35	24.6054	-5.2068	5.1472	4
152.4	24.606	-5.3019	5.1354	4
152.45	24.6059	-4.7397	5.1494	4
152.5	24.6059	-5.5085	5.148	4
152.55	24.6066	-5.0862	5.1434	4
152.6	24.6062	-4.9542	5.1404	4
152.65	24.6065	-5.1578	5.1418	4
152.7	24.6069	-5.293	5.1436	4
152.75	24.607	-4.8356	5.1352	4
152.8	24.607	-5.093	5.1402	4
152.85	24.6075	-5.315	5.1435	4
152.9	24.6076	-5.0161	5.1321	4
152.95	24.6074	-5.054	5.1266	4
153	24.6076	-5.2442	5.131	4
153.05	24.6081	-5.0627	5.1284	4
153.1	24.6075	-4.8417	5.1381	4
153.15	24.6074	-5.2831	5.1462	4
153.2	24.6079	-5.0996	5.1416	4
153.25	24.6077	-4.7026	5.1266	4
153.3	24.6073	-5.1703	5.1378	4
153.35	24.6077	-5.3484	5.1513	4
153.4	24.6077	-4.9507	5.1415	4
153.45	24.6076	-5.044	5.1386	4
153.5	24.6079	-5.1631	5.1381	4
153.55	24.6085	-5.0896	5.146	4
153.6	24.6082	-4.9415	5.1526	4
153.65	24.608	-5.0463	5.1468	4
153.7	24.6085	-5.317	5.1629	4
153.75	24.6088	-5.1032	5.145	4
153.8	24.6085	-5.1736	5.1327	4
153.85	24.6092	-5.3837	5.1384	4
153.9	24.6095	-5.0368	5.1276	4
153.95	24.6096	-5.1195	5.1374	4
154	24.6097	-5.2067	5.1313	4
154.05	24.6101	-5.1486	5.1299	4
154.1	24.6101	-4.9778	5.1484	4
154.15	24.6102	-5.2315	5.1459	4
154.2	24.6107	-5.2221	5.1521	4
154.25	24.6106	-4.9889	5.1395	4
154.3	24.6106	-5.2858	5.1352	4
154.35	24.6115	-5.1914	5.1434	4
154.4	24.6113	-4.8936	5.1445	4
154.45	24.6113	-5.416	5.1772	4
154.5	24.6122	-5.1537	5.1697	4
154.55	24.6119	-4.8481	5.1533	4
154.6	24.6114	-5.0016	5.1551	4
154.65	24.6118	-5.2606	5.1381	4
154.7	24.6117	-5.0329	5.127	4
154.75	24.612	-5.2878	5.1435	4
154.8	24.6127	-5.1788	5.1483	4
154.85	24.613	-5.156	5.1358	4
154.9	24.613	-4.9632	5.1421	4
154.95	24.6135	-5.5561	5.1486	4
155	24.6142	-5.1739	5.1482	4
155.05	24.6139	-5.192	5.1356	4
155.1	24.6143	-5.4015	5.1229	4
155.15	24.6153	-5.5484	5.1302	4
155.2	24.6159	-5.1161	5.1346	4
155.25	24.6164	-5.5031	5.1419	4
155.3	24.6174	-5.2812	5.1399	4
155.35	24.6177	-5.2126	5.1415	4
155.4	24.6188	-5.5498	5.1514	4
155.45	24.6195	-5.2487	5.1531	4
155.5	24.62	-5.1313	5.1599	4
155.55	24.6208	-5.6058	5.1443	4
155.6	24.6217	-5.366	5.1473	4
155.65	24.622	-5.3394	5.1548	4
155.7	24.6226	-5.3158	5.1476	4
155.75	24.6237	-5.6393	5.1462	4
155.8	24.625	-5.5208	5.1327	4
155.85	24.6253	-5.2298	5.1167	4
155.9	24.6264	-5.7962	5.1291	6
155.95	24.6278	-5.4758	5.1265	6
156	24.6289	-5.7428	5.127	6
156.05	24.6302	-5.6353	5.1299	6
156.1	24.6313	-5.6619	5.1412	6
156.15	24.6323	-4.6569	5.1414	6
156.2	24.6332	-6.0252	5.1034	6
156.25	24.6329	-7.2122	5.1031	6
156.3	24.6327	-7.5628	5.122	6
156.35	24.6327	-8.9892	5.1242	6
156.4	24.6328	-10.2458	5.1205	6
156.45	24.632	-10.5701	5.1172	6
156.5	24.6319	-11.8928	5.1185	6
156.55	24.6318	-12.9192	5.1041	6
156.6	24.6311	-13.2392	5.1047	6
156.65	24.6308	-13.7978	5.1176	6
156.7	24.631	-15.5276	5.1092	6
156.75	24.6301	-15.2702	5.1313	6
156.8	24.6297	-15.7113	5.1336	6
156.85	24.6294	-17.349	5.1214	6
156.9	24.6291	-17.552	5.1207	6
156.95	24.6286	-17.6653	5.1009	6
157	24.6282	-18.5529	5.1083	6
157.05	24.6284	-18.9406	5.121	6
157.1	24.6276	-19.1884	5.1331	6
157.15	24.6272	-19.812	5.134	6
157.2	24.6273	-20.1711	5.103	6
157.25	24.6266	-20.5762	5.1054	6
157.3	24.6259	-20.9263	5.1053	6
157.35	24.6259	-21.4011	5.1029	6
157.4	24.6253	-21.6558	5.1124	6
157.45	24.6247	-22.2803	5.1029	6
157.5	24.6248	-22.6923	5.1087	6
157.55	24.625	-23.2094	5.1254	6
157.6	24.6239	-23.5022	5.1192	6
157.65	24.6235	-23.9986	5.1178	6
157.7	24.6237	-24.4021	5.1379	6
157.75	24.6233	-24.4374	5.1387	6
157.8	24.6228	-25.2166	5.1437	6
157.85	24.6227	-25.8984	5.1506	6
157.9	24.6224	-25.8703	5.1451	6
157.95	24.622	-25.6777	5.1351	6
158	24.6214	-26.2002	5.1262	6
158.05	24.6214	-27.2135	5.1308	6
158.1	24.6211	-27.0063	5.1228	6
158.15	24.6207	-26.4292	5.1036	6
158.2	24.6214	-27.6434	5.1113	6
158.25	24.6205	-28.4501	5.1127	6
158.3	24.6195	-27.8116	5.111	6
158.35	24.6199	-28.1573	5.1109	6
158.4	24.6201	-28.5731	5.1022	6
158.45	24.6197	-28.0608	5.1083	6
158.5	24.6192	-28.2764	5.1178	6
158.55	24.6191	-29.6919	5.1286	6
158.6	24.6189	-29.7899	5.1283	6
158.65	24.619	-29.4913	5.1176	6
158.7	24.6193	-29.7558	5.1105	6
158.75	24.6196	-30.3678	5.1128	6
158.8	24.6187	-30.2734	5.1235	6
158.85	24.6183	-30.9716	5.1076	6
158.9	24.6182	-31.2177	5.0985	6
158.95	24.6179	-30.8351	5.1156	6
159	24.6179	-30.7206	5.1135	6
159.05	24.6182	-30.9131	5.0912	6
159.1	24.6181	-31.0752	5.0771	6
159.15	24.6174	-31.3648	5.0994	6
159.2	24.617	-31.9863	5.1181	6
159.25	24.617	-32.0714	5.1061	6
159.3	24.617	-31.8308	5.1036	6
159.35	24.6169	-31.7002	5.109	6
159.4	24.617	-31.8326	5.1073	6
159.45	24.6169	-31.8704	5.1124	6
159.5	24.6168	-31.6138	5.1029	6
159.55	24.6163	-31.9697	5.1009	6
159.6	24.6157	-33.0722	5.0864	6
159.65	24.6153	-33.0294	5.0846	6
159.7	24.6155	-33.0522	5.0851	6
159.75	24.6154	-32.6978	5.1011	6
159.8	24.6155	-33.1115	5.1126	6
159.85	24.6156	-33.1947	5.1016	6
159.9	24.6155	-32.7944	5.0969	6
159.95	24.6159	-33.2296	5.1081	6
160	24.6161	-33.4808	5.1175	6
160.05	24.6158	-33.0356	5.1276	6
160.1	24.6155	-33.8311	5.1188	6
160.15	24.6152	-34.8449	5.12	6
160.2	24.6149	-34.4945	5.1211	6
160.25	24.6147	-34.2559	5.1106	6
160.3	24.6153	-35.2257	5.1176	6
160.35	24.615	-34.7354	5.1346	6
160.4	24.6145	-34.0883	5.1246	6
160.45	24.6149	-34.7283	5.1089	6
160.5	24.6147	-34.4692	5.1122	6
160.55	24.6145	-34.1179	5.1093	6
160.6	24.6145	-34.0405	5.1039	6
160.65	24.6147	-34.2909	5.1144	6
160.7	24.6144	-34.0503	5.1342	6
160.75	24.6137	-34.6551	5.1206	6
160.8	24.6133	-35.2136	5.1084	6
160.85	24.6131	-34.8608	5.1393	6
160.9	24.6131	-34.7862	5.1411	6
160.95	24.613	-34.6657	5.1402	6
161	24.6131	-34.599	5.1466	6
161.05	24.6131	-34.6185	5.1284	6
161.1	24.6127	-34.1333	5.1398	6
161.15	24.6127	-33.9735	5.1251	6
161.2	24.6129	-34.2225	5.1195	6
161.25	24.6126	-34.1086	5.1182	6
161.3	24.6122	-33.6357	5.1283	6
161.35	24.6125	-33.7994	5.1509	6
161.4	24.613	-34.3978	5.1341	6
161.45	24.6124	-33.4973	5.1207	6
161.5	24.6123	-33.3872	5.121	6
161.55	24.6125	-33.9218	5.1226	6
161.6	24.6122	-33.5606	5.1266	6
161.65	24.6117	-32.8518	5.1417	6
161.7	24.6119	-33.197	5.1335	6
161.75	24.6121	-33.3591	5.134	6
161.8	24.6114	-32.3752	5.1381	6
161.85	24.6118	-32.7845	5.1589	6
161.9	24.612	-33.2517	5.1547	6
161.95	24.6113	-32.2798	5.1325	6
162	24.6113	-32.2685	5.123	6
162.05	24.6115	-32.7536	5.1218	6
162.1	24.6109	-32.0308	5.1284	6
162.15	24.6106	-31.856	5.134	6
162.2	24.6111	-32.4932	5.1435	6
162.25	24.6111	-32.3646	5.1537	6
162.3	24.6107	-31.6451	5.1605	6
162.35	24.6114	-32.3445	5.1626	6
162.4	24.6115	-32.4051	5.157	6
162.45	24.6112	-32.0256	5.138	6
162.5	24.611	-31.8007	5.1437	6
162.55	24.6114	-32.3101	5.1424	6
162.6	24.6113	-32.2061	5.1418	6
162.65	24.6112	-31.7183	5.1424	6
162.7	24.6114	-31.8981	5.1399	6
162.75	24.6118	-32.3288	5.1432	6
162.8	24.6113	-31.7948	5.1443	6
162.85	24.6112	-31.7842	5.1509	6
162.9	24.6113	-32.0606	5.1491	6
162.95	24.6115	-32.1822	5.1409	6
163	24.6111	-31.6347	5.1458	6
163.05	24.6113	-31.7254	5.1506	6
163.1	24.6117	-32.0668	5.1483	6
163.15	24.6115	-31.9102	5.1535	6
163.2	24.6111	-31.4912	5.139	6
163.25	24.6114	-31.9644	5.1347	6
163.3	24.6115	-32.2592	5.1432	6
163.35	24.6112	-31.8357	5.136	6
163.4	24.6113	-31.8565	5.1376	6
163.45	24.612	-32.6151	5.1491	6
163.5	24.6117	-32.22	5.1527	6
163.55	24.6114	-31.9501	5.1377	6
163.6	24.6117	-32.4462	5.1395	6
163.65	24.6116	-32.2919	5.1416	6
163.7	24.6111	-31.7508	5.1178	6
163.75	24.6115	-32.1459	5.1307	6
163.8	24.6117	-32.4756	5.1226	6
163.85	24.6112	-31.8719	5.1244	6
163.9	24.6109	-31.8656	5.1324	6
163.95	24.6113	-32.8634	5.1373	6
164	24.6107	-32.103	5.1397	6
164.05	24.6106	-31.2541	5.1219	6
164.1	24.611	-31.7619	5.1154	6
164.15	24.6113	-32.0077	5.1148	6
164.2	24.6109	-31.3498	5.1005	6
164.25	24.6107	-30.9616	5.1041	6
164.3	24.6112	-31.5761	5.1288	6
164.35	24.611	-31.2005	5.1341	6
164.4	24.6105	-30.3637	5.1257	6
164.45	24.6107	-30.7864	5.1111	6
164.5	24.6107	-30.7689	5.1168	6
164.55	24.6104	-30.2583	5.1253	6
164.6	24.6104	-30.5013	5.109	6
164.65	24.6105	-30.7994	5.1169	6
164.7	24.6104	-30.3436	5.1166	6
164.75	24.6103	-30.1785	5.1079	6
164.8	24.6107	-31.0568	5.1253	6
164.85	24.6104	-30.4271	5.1409	6
164.9	24.6107	-30.3503	5.1396	6
164.95	24.6111	-31.1056	5.1318	6
165	24.6109	-31.1425	5.1218	6
165.05	24.6104	-30.413	5.1199	6
165.1	24.6111	-31.1694	5.116	6
165.15	24.6111	-31.1053	5.1177	6
165.2	24.6106	-30.3734	5.111	6
165.25	24.611	-31.1333	5.1209	6
165.3	24.6112	-31.3583	5.1547	6
165.35	24.6108	-30.639	5.1413	6
165.4	24.6115	-31.5164	5.1203	6
165.45	24.6114	-31.5087	5.1166	6
165.5	24.6112	-31.2402	5.1202	6
165.55	24.611	-31.1033	5.133	6
165.6	24.6114	-31.5812	5.1481	6
165.65	24.6111	-31.2429	5.1409	6
165.7	24.6108	-31.0483	5.1287	6
165.75	24.611	-31.3456	5.1156	6
165.8	24.611	-31.0716	5.1243	6
165.85	24.6112	-30.9545	5.1272	6
165.9	24.6112	-30.9166	5.1249	6
165.95	24.6109	-30.6346	5.1391	6
166	24.6111	-30.817	5.1376	6
166.05	24.6111	-30.8716	5.1443	6
166.1	24.6109	-30.6317	5.1472	6
166.15	24.6109	-30.5719	5.1373	6
166.2	24.6112	-31.0767	5.1439	6
166.25	24.611	-30.5869	5.1393	6
166.3	24.6106	-30.0835	5.1407	6
166.35	24.611	-30.7297	5.125	6
166.4	24.6107	-30.1366	5.1182	6
166.45	24.6101	-29.4297	5.1314	6
166.5	24.6104	-29.9125	5.1231	6
166.55	24.6103	-30.004	5.1247	6
166.6	24.6096	-29.0825	5.1159	6
166.65	24.6097	-29.2923	5.1096	6
166.7	24.6099	-29.3852	5.1116	6
166.75	24.6098	-28.9577	5.1015	6
166.8	24.6098	-28.7877	5.0979	6
166.85	24.6096	-28.7678	5.1172	6
166.9	24.6097	-28.9106	5.1254	6
166.95	24.6092	-28.314	5.1177	6
167	24.6092	-28.2088	5.1049	6
167.05	24.6097	-28.9	5.0949	6
167.1	24.6092	-28.3354	5.0914	6
167.15	24.6091	-28.2253	5.0918	6
167.2	24.6096	-28.8723	5.1015	6
167.25	24.6093	-28.3624	5.1099	6
167.3	24.6091	-28.0086	5.1048	6
167.35	24.6098	-28.7882	5.1063	6
167.4	24.6094	-28.1469	5.1058	6
167.45	24.609	-27.7142	5.1157	6
167.5	24.6093	-28.0487	5.1052	6
167.55	24.6094	-28.3391	5.1074	6
167.6	24.6091	-27.8145	5.126	6
167.65	24.6095	-27.9906	5.1291	6
167.7	24.6097	-28.2938	5.1284	6
167.75	24.6095	-27.8945	5.1213	6
167.8	24.6094	-27.5304	5.1131	6
167.85	24.6097	-27.7676	5.1145	6
167.9	24.6101	-26.8218	5.1137	6
167.95	24.6106	-26.2891	5.1131	6
168	24.6107	-26.3992	5.1121	6
168.05	24.6112	-26.9621	5.1045	6
168.1	24.6107	-26.383	5.116	6
168.15	24.6108	-26.4545	5.134	6
168.2	24.6111	-26.6418	5.1294	6
168.25	24.611	-26.5648	5.1118	6
168.3	24.611	-26.5078	5.1139	6
168.35	24.6111	-26.6034	5.108	6
168.4	24.6112	-26.6619	5.1061	6
168.45	24.6113	-26.7591	5.1235	6
168.5	24.6111	-26.6858	5.1341	6
168.55	24.6111	-26.4913	5.124	6
168.6	24.6109	-26.1399	5.1232	6
168.65	24.6109	-26.2205	5.1364	6
168.7	24.611	-26.3049	5.1404	6
168.75	24.6107	-25.8174	5.1435	6
168.8	24.6107	-25.8646	5.1557	6
168.85	24.6108	-26.1057	5.152	6
168.9	24.6107	-25.8733	5.1442	6
168.95	24.6105	-25.3684	5.1465	6
169	24.6105	-25.596	5.1519	6
169.05	24.6104	-25.6529	5.144	6
169.1	24.6099	-25.1475	5.1497	6
169.15	24.6102	-25.2247	5.152	6
169.2	24.6106	-25.8128	5.158	6
169.25	24.61	-25.1163	5.1594	6
169.3	24.6103	-25.0772	5.1404	6
169.35	24.6107	-25.5064	5.1399	6
169.4	24.6104	-25.3466	5.1474	6
169.45	24.61	-24.8063	5.1346	6
169.5	24.6101	-25.1467	5.1414	6
169.55	24.6102	-25.3021	5.1381	6
169.6	24.6101	-24.8682	5.1186	6
169.65	24.6098	-24.3389	5.112	6
169.7	24.61	-24.7843	5.1275	6
169.75	24.6098	-24.4993	5.1435	6
169.8	24.6098	-24.3241	5.1374	6
169.85	24.6098	-24.2161	5.1369	6
169.9	24.6099	-24.2772	5.1323	6
169.95	24.6099	-24.3191	5.1274	6
170	24.6095	-24.0677	5.1394	6
170.05	24.6091	-23.765	5.1357	6
170.1	24.6096	-24.3816	5.1449	6
170.15	24.6092	-23.8266	5.1532	6
170.2	24.6091	-23.7495	5.154	6
170.25	24.6093	-24.2498	5.1411	6
170.3	24.6093	-24.0627	5.1409	6
170.35	24.609	-23.5018	5.1338	6
170.4	24.6095	-24.1985	5.124	6
170.45	24.6092	-23.9134	5.1209	6
170.5	24.6089	-23.2109	5.1297	6
170.55	24.6095	-24.0396	5.1555	6
170.6	24.6096	-24.0836	5.1678	6
170.65	24.6088	-23.1171	5.1566	6
170.7	24.6092	-23.6559	5.1382	6
170.75	24.6097	-24.001	5.1391	6
170.8	24.6098	-22.8894	5.1349	6
170.85	24.6099	-21.6922	5.1272	6
170.9	24.61	-21.7255	5.1325	6
170.95	24.61	-21.7354	5.1275	6
171	24.6105	-22.1111	5.123	6
171.05	24.6099	-21.3189	5.1365	6
171.1	24.6096	-21.2368	5.1218	6
171.15	24.6101	-21.7517	5.0998	6
171.2	24.6104	-21.6122	5.1109	6
171.25	24.6099	-20.8394	5.1305	6
171.3	24.61	-20.913	5.1265	6
171.35	24.6103	-21.3145	5.1187	6
171.4	24.6097	-20.602	5.1156	6
171.45	24.6096	-20.4315	5.1002	6
171.5	24.6101	-21.3184	5.1153	6
171.55	24.6094	-20.3238	5.155	6
171.6	24.6092	-20.0841	5.153	6
171.65	24.6098	-20.9662	5.1353	6
171.7	24.6093	-20.2075	5.1161	6
171.75	24.609	-19.6075	5.1058	6
171.8	24.6095	-20.21	5.1292	6
171.85	24.6093	-20.1263	5.1178	6
171.9	24.6088	-19.486	5.1104	6
171.95	24.6089	-19.7138	5.1274	6
172	24.609	-19.9953	5.1517	6
172.05	24.609	-19.7132	5.1787	6
172.1	24.6086	-18.9477	5.1663	6
172.15	24.6086	-19.252	5.1422	6
172.2	24.6087	-19.4366	5.143	6
172.25	24.6083	-18.9945	5.1345	6
172.3	24.6085	-18.9449	5.1388	6
172.35	24.6092	-18.9963	5.1487	6
172.4	24.6091	-18.1331	5.146	6
172.45	24.6098	-18.0128	5.1391	6
172.5	24.6104	-18.7062	5.1457	6
172.55	24.6102	-18.4567	5.1444	6
172.6	24.6105	-18.6802	5.1334	6
172.65	24.6113	-19.6613	5.1434	6
172.7	24.6116	-20.291	5.1515	6
172.75	24.6114	-19.8225	5.1421	6
172.8	24.6118	-20.3271	5.1384	6
172.85	24.6126	-21.5718	5.1323	6
172.9	24.6122	-21.3461	5.1428	6
172.95	24.6121	-21.7874	5.1493	6
173	24.6121	-23.0303	5.1424	6
173.05	24.6121	-23.2967	5.1322	6
173.1	24.6117	-22.7968	5.1156	6
173.15	24.6116	-22.9237	5.1028	6
173.2	24.612	-23.491	5.1055	6
173.25	24.6119	-23.1755	5.1245	6
173.3	24.6114	-22.538	5.1324	6
173.35	24.6116	-23.0899	5.1319	6
173.4	24.6114	-23.0521	5.1282	6
173.45	24.6111	-22.5094	5.1337	6
173.5	24.6112	-22.2765	5.1346	6
173.55	24.6112	-22.355	5.1477	6
173.6	24.6111	-22.222	5.1538	6
173.65	24.6109	-21.7492	5.1302	6
173.7	24.6107	-21.4442	5.134	6
173.75	24.6108	-21.7954	5.1323	6
173.8	24.6107	-21.5839	5.1427	6
173.85	24.6102	-20.9247	5.1536	6
173.9	24.6103	-21.1604	5.1374	6
173.95	24.6104	-21.1024	5.1175	6
174	24.6101	-20.6349	5.113	6
174.05	24.61	-20.4642	5.1213	6
174.1	24.6101	-20.6009	5.1455	6
174.15	24.61	-20.5027	5.1482	6
174.2	24.6101	-19.592	5.1375	6
174.25	24.6106	-18.944	5.1375	6
174.3	24.6111	-19.2935	5.1368	6
174.35	24.6105	-18.9195	5.1094	6
174.4	24.6109	-18.5273	5.0969	6
174.45	24.6112	-18.793	5.115	6
174.5	24.6109	-18.7506	5.1267	6
174.55	24.6109	-18.5481	5.1352	6
174.6	24.6114	-18.845	5.1388	6
174.65	24.6111	-18.5171	5.1347	6
174.7	24.6109	-18.3342	5.145	6
174.75	24.6111	-18.3757	5.1438	6
174.8	24.6112	-18.4193	5.1336	6
174.85	24.6111	-18.0761	5.155	6
174.9	24.611	-18.5324	5.1655	6
174.95	24.6106	-18.2682	5.1766	6
175	24.6111	-18.1857	5.1659	6
175.05	24.6109	-17.9897	5.1525	6
175.1	24.6111	-18.0617	5.1482	6
175.15	24.6111	-18.0414	5.1475	6
175.2	24.6111	-18.038	5.1463	6
175.25	24.6112	-18.263	5.1406	6
175.3	24.6111	-18.0467	5.1326	6
175.35	24.611	-18.0017	5.157	6
175.4	24.6109	-18.5453	5.1599	6
175.45	24.6103	-17.9012	5.1382	6
175.5	24.6108	-17.6827	5.1202	6
175.55	24.611	-17.7362	5.1142	6
175.6	24.6109	-17.679	5.1248	6
175.65	24.6107	-17.4755	5.1348	6
175.7	24.6109	-17.8011	5.147	6
175.75	24.6108	-17.7154	5.1453	6
175.8	24.6107	-17.6413	5.1298	6
175.85	24.6105	-17.2922	5.1373	6
175.9	24.6107	-17.3828	5.1396	6
175.95	24.6107	-17.5483	5.1423	6
176	24.6104	-17.2039	5.1534	6
176.05	24.61	-16.6913	5.1446	6
176.1	24.6105	-17.3117	5.1331	6
176.15	24.6105	-17.1629	5.1327	6
176.2	24.6103	-16.6894	5.1397	6
176.25	24.6103	-16.7941	5.1515	6
176.3	24.6102	-16.8801	5.1412	6
176.35	24.6098	-16.4013	5.1418	6
176.4	24.6099	-16.6193	5.1507	6
176.45	24.6104	-17.3514	5.1559	6
176.5	24.6101	-16.7668	5.1486	6
176.55	24.6097	-16.073	5.141	6
176.6	24.6107	-17.1052	5.1372	6
176.65	24.6105	-16.903	5.1462	6
176.7	24.6098	-16.1471	5.1478	6
176.75	24.6103	-16.7288	5.1487	6
176.8	24.6099	-16.0903	5.1324	6
176.85	24.6097	-16.0862	5.132	6
176.9	24.6102	-16.6704	5.1549	6
176.95	24.6098	-15.9757	5.1514	6
177	24.6098	-16.1123	5.1431	6
177.05	24.6099	-16.3043	5.1446	6
177.1	24.6096	-15.7564	5.1277	6
177.15	24.6098	-16.0159	5.1214	6
177.2	24.6097	-16.0229	5.1359	6
177.25	24.6095	-15.6387	5.1432	6
177.3	24.6096	-15.7162	5.1629	6
177.35	24.6101	-16.456	5.1635	6
177.4	24.6097	-15.95	5.1582	6
177.45	24.6099	-16.1609	5.1594	6
177.5	24.6098	-16.233	5.1556	6
177.55	24.6101	-16.3777	5.1715	6
177.6	24.61	-16.2582	5.1497	6
177.65	24.6098	-16.0415	5.1431	6
177.7	24.6097	-15.9021	5.1259	6
177.75	24.61	-16.322	5.128	6
177.8	24.6097	-16.0013	5.138	6
177.85	24.6097	-15.7163	5.142	6
177.9	24.6097	-15.6199	5.1406	6
177.95	24.61	-15.9511	5.1244	6
178	24.6094	-15.3285	5.1154	6
178.05	24.6091	-14.5269	5.1298	6
178.1	24.6098	-13.7028	5.1258	6
178.15	24.6105	-13.7734	5.1142	6
178.2	24.6101	-12.9566	5.1054	6
178.25	24.61	-12.5045	5.1038	6
178.3	24.6103	-12.9997	5.1187	6
178.35	24.6103	-12.9431	5.1272	6
178.4	24.6095	-11.8512	5.1312	6
178.45	24.6099	-12.5032	5.1253	6
178.5	24.6099	-12.6624	5.1156	6
178.55	24.6096	-12.04	5.1178	6
178.6	24.6099	-12.2158	5.1163	6
178.65	24.6104	-12.6466	5.1256	6
178.7	24.61	-12.2704	5.1177	6
178.75	24.61	-12.4464	5.0989	6
178.8	24.61	-12.6009	5.1055	6
178.85	24.6101	-12.6299	5.1012	6
178.9	24.6096	-12.0553	5.0901	6
178.95	24.6097	-12.0272	5.1108	6
179	24.6099	-12.2158	5.1221	6
179.05	24.6095	-11.6694	5.1175	6
179.1	24.6096	-11.8051	5.1116	6
179.15	24.61	-12.0671	5.1181	6
179.2	24.6102	-12.1913	5.1132	6
179.25	24.6099	-12.1469	5.1158	6
179.3	24.6108	-13.3121	5.1231	6
179.35	24.6113	-13.9466	5.133	6
179.4	24.6118	-14.2929	5.1344	6
179.45	24.6127	-15.1983	5.1336	6
179.5	24.6133	-15.9922	5.1395	6
179.55	24.6135	-16.2646	5.132	6
179.6	24.6138	-16.861	5.1221	6
179.65	24.614	-17.1074	5.1224	6
179.7	24.6145	-17.837	5.1206	6
179.75	24.6145	-17.9519	5.131	6
179.8	24.615	-18.829	5.1291	6
179.85	24.6146	-19.6526	5.1347	6
179.9	24.6144	-20.1634	5.1476	6
179.95	24.6145	-20.553	5.134	6
180	24.6148	-21.1418	5.1188	6
180.05	24.6147	-20.7139	5.117	6
180.1	24.6151	-21.0493	5.1204	6
180.15	24.6154	-21.7716	5.0995	6
180.2	24.6155	-21.8203	5.0866	6
180.25	24.6154	-21.7174	5.0934	6
180.3	24.616	-22.5942	5.1109	6
180.35	24.6164	-22.9661	5.1086	6
180.4	24.6161	-23.195	5.1	6
180.45	24.6156	-24.1183	5.1093	6
180.5	24.6158	-24.9661	5.0991	6
180.55	24.6157	-24.8349	5.0964	6
180.6	24.6157	-24.9335	5.1183	6
180.65	24.6163	-25.5989	5.1175	6
180.7	24.6162	-25.4275	5.1114	6
180.75	24.6161	-25.4091	5.113	6
180.8	24.6162	-25.6751	5.1128	6
180.85	24.6162	-25.7429	5.12	6
180.9	24.6159	-25.7976	5.1233	6
180.95	24.6153	-26.4928	5.135	6
181	24.6154	-26.8998	5.126	6
181.05	24.6151	-26.4192	5.1319	6
181.1	24.615	-26.4602	5.1349	6
181.15	24.6148	-26.4096	5.1316	6
181.2	24.6145	-25.8501	5.1456	6
181.25	24.6147	-26.0582	5.1338	6
181.3	24.6143	-25.8899	5.1109	6
181.35	24.6139	-25.3348	5.1173	6
181.4	24.614	-25.2847	5.118	6
181.45	24.6142	-25.7242	5.1035	6
181.5	24.6136	-24.7573	5.1067	6
181.55	24.6133	-24.3702	5.1078	6
181.6	24.6134	-24.9226	5.1081	6
181.65	24.6125	-25.0462	5.0991	6
181.7	24.6112	-24.658	5.0974	6
181.75	24.6116	-25.2113	5.1051	6
181.8	24.6114	-24.7515	5.098	6
181.85	24.6112	-24.2761	5.1117	6
181.9	24.6115	-24.6677	5.1087	6
181.95	24.6116	-24.6477	5.1099	6
182	24.6112	-23.9753	5.1302	6
182.05	24.6115	-24.3469	5.1253	6
182.1	24.6113	-24.2076	5.1125	6
182.15	24.6111	-23.8698	5.1013	6
182.2	24.6108	-23.5275	5.1168	6
182.25	24.6114	-24.2753	5.125	6
182.3	24.6108	-23.5939	5.1044	6
182.35	24.6105	-23.1739	5.1001	6
182.4	24.6108	-23.7007	5.1004	6
182.45	24.6105	-23.4178	5.0932	6
182.5	24.6102	-22.881	5.1052	6
182.55	24.6107	-23.3177	5.1035	6
182.6	24.6104	-23.1216	5.1101	6
182.65	24.6102	-22.7434	5.1125	6
182.7	24.6105	-22.5859	5.1246	6
182.75	24.6109	-22.1718	5.1284	6
182.8	24.6108	-21.8943	5.1222	6
182.85	24.6111	-21.8145	5.1217	6
182.9	24.6112	-22.044	5.1212	6
182.95	24.611	-21.8142	5.1118	6
183	24.6108	-21.4671	5.1106	6
183.05	24.611	-21.4627	5.1188	6
183.1	24.611	-21.4848	5.1212	6
183.15	24.6107	-20.8786	5.116	6
183.2	24.6113	-20.8848	5.1129	6
183.25	24.6112	-20.8869	5.1233	6
183.3	24.611	-20.8086	5.1362	6
183.35	24.6111	-21.0268	5.1399	6
183.4	24.6106	-21.2462	5.1214	6
183.45	24.6103	-20.2418	5.1091	6
183.5	24.6111	-20.3789	5.1214	6
183.55	24.6108	-19.8752	5.1191	6
183.6	24.6104	-19.3193	5.1219	6
183.65	24.6103	-19.3212	5.1277	6
183.7	24.6105	-19.6096	5.11	6
183.75	24.6099	-18.8277	5.1088	6
183.8	24.6099	-18.8214	5.1121	6
183.85	24.6102	-19.1908	5.1192	6
183.9	24.6099	-18.5613	5.139	6
183.95	24.6095	-17.9645	5.1407	6
184	24.61	-18.5794	5.1412	6
184.05	24.6097	-17.9465	5.1277	6
184.1	24.6092	-17.2734	5.1231	6
184.15	24.6093	-17.6085	5.1306	6
184.2	24.6094	-17.5627	5.125	6
184.25	24.6085	-16.3292	5.1406	6
184.3	24.6088	-16.6854	5.1536	6
184.35	24.609	-17.1144	5.1498	6
184.4	24.6082	-15.8256	5.1412	6
184.45	24.6082	-15.6002	5.1315	6
184.5	24.609	-16.9602	5.1321	6
184.55	24.6081	-15.647	5.1309	6
184.6	24.6075	-15.0348	5.1249	6
184.65	24.6082	-16.297	5.1279	6
184.7	24.608	-15.8595	5.122	6
184.75	24.6072	-14.6026	5.124	6
184.8	24.6082	-15.2823	5.1243	6
184.85	24.609	-14.7962	5.1157	6
184.9	24.6085	-13.4093	5.1183	6
184.95	24.6088	-13.799	5.1144	6
185	24.609	-14.2566	5.1058	6
185.05	24.6084	-13.5316	5.1065	6
185.1	24.6081	-13.124	5.1131	6
185.15	24.6088	-13.9847	5.1233	6
185.2	24.6084	-13.5635	5.1105	6
185.25	24.608	-13.1776	5.1114	6
185.3	24.6085	-13.7028	5.111	6
185.35	24.6085	-13.6721	5.0983	6
185.4	24.6081	-13.1891	5.0983	6
185.45	24.6083	-13.5165	5.1155	6
185.5	24.6081	-13.3521	5.1145	6
185.55	24.6081	-13.6337	5.111	6
185.6	24.608	-13.6133	5.1164	6
185.65	24.6081	-13.3259	5.1265	6
185.7	24.6084	-13.0899	5.1164	6
185.75	24.6091	-12.8563	5.1058	6
185.8	24.6089	-11.7112	5.1115	6
185.85	24.6094	-11.6781	5.1212	6
185.9	24.6098	-12.2759	5.1067	6
185.95	24.6096	-11.7609	5.1138	6
186	24.6096	-11.5539	5.1103	6
186.05	24.61	-12.3325	5.0927	6
186.1	24.6099	-12.0527	5.0858	6
186.15	24.6097	-11.4554	5.0853	6
186.2	24.6099	-11.8597	5.1101	6
186.25	24.61	-12.2619	5.1315	6
186.3	24.6095	-11.451	5.1266	6
186.35	24.6095	-11.3868	5.1239	6
186.4	24.61	-12.2583	5.1163	6
186.45	24.6097	-12.0051	5.1135	6
186.5	24.6091	-11.05	5.0922	6
186.55	24.6096	-11.7948	5.0944	6
186.6	24.61	-12.2574	5.1105	6
186.65	24.6093	-11.1666	5.1235	6
186.7	24.6094	-11.1474	5.1241	6
186.75	24.6104	-12.4725	5.0983	6
186.8	24.6096	-11.5989	5.0707	6
186.85	24.609	-10.6138	5.0833	6
186.9	24.6102	-12.0366	5.1057	6
186.95	24.6102	-12.107	5.1036	6
187	24.6089	-10.3167	5.0967	6
187.05	24.6095	-10.8917	5.107	6
187.1	24.61	-11.7381	5.1065	6
187.15	24.6094	-11.0462	5.1214	6
187.2	24.6088	-10.2247	5.1272	6
187.25	24.6093	-10.9436	5.1146	6
187.3	24.6099	-11.6484	5.1257	6
187.35	24.6093	-10.6918	5.143	6
187.4	24.6091	-10.272	5.117	6
187.45	24.61	-11.3026	5.1043	6
187.5	24.6103	-11.4055	5.1006	6
187.55	24.6098	-9.4499	5.1032	6
187.6	24.6109	-9.7826	5.1097	6
187.65	24.6119	-11.2458	5.1107	6
187.7	24.6106	-10.0557	5.1148	6
187.75	24.6105	-9.5642	5.1062	6
187.8	24.6119	-11.2805	5.1117	6
187.85	24.6112	-10.8149	5.1078	6
187.9	24.6103	-9.4978	5.1014	6
187.95	24.6116	-10.7401	5.1173	6
188	24.6118	-11.9683	5.1067	6
188.05	24.6103	-10.4283	5.098	6
188.1	24.6113	-11.0426	5.1053	6
188.15	24.6116	-12.4453	5.1225	6
188.2	24.6109	-11.6626	5.1375	6
188.25	24.6112	-11.2125	5.1319	6
188.3	24.6116	-12.8059	5.1126	6
188.35	24.6109	-12.1822	5.1156	6
188.4	24.6109	-11.8019	5.1253	6
188.45	24.6114	-12.7447	5.1303	6
188.5	24.6111	-12.679	5.1204	6
188.55	24.6108	-11.9036	5.1146	6
188.6	24.6114	-12.605	5.1299	6
188.65	24.6111	-12.779	5.1132	6
188.7	24.6108	-12.3187	5.1077	6
188.75	24.6111	-12.6047	5.117	6
188.8	24.6114	-13.0677	5.1144	6
188.85	24.6113	-12.8574	5.1189	6
188.9	24.611	-12.505	5.1178	6
188.95	24.6113	-12.9597	5.1082	6
189	24.6117	-13.3605	5.123	6
189.05	24.611	-12.4241	5.1196	6
189.1	24.6112	-12.6795	5.1	6
189.15	24.6117	-13.3445	5.1046	6
189.2	24.611	-12.4897	5.1251	6
189.25	24.6109	-12.2627	5.1265	6
189.3	24.6113	-12.6883	5.1067	6
189.35	24.6112	-12.5171	5.1107	6
189.4	24.6107	-12.0711	5.108	6
189.45	24.6109	-12.2565	5.1056	6
189.5	24.6107	-12.1119	5.1202	6
189.55	24.6104	-11.6475	5.1344	6
189.6	24.6105	-11.7863	5.1243	6
189.65	24.6103	-11.5929	5.1053	6
189.7	24.6101	-11.0757	5.1073	6
189.75	24.6104	-10.6236	5.1136	6
189.8	24.6106	-10.2009	5.1178	6
189.85	24.6111	-9.8267	5.1016	6
189.9	24.6111	-9.489	5.0942	6
189.95	24.611	-9.5086	5.11	6
190	24.6111	-9.6474	5.1203	6
190.05	24.6111	-9.7287	5.1198	6
190.1	24.6109	-9.4249	5.1126	6
190.15	24.611	-9.5755	5.1166	6
190.2	24.6112	-10.0558	5.1086	6
190.25	24.611	-9.7856	5.0943	6
190.3	24.6112	-9.4287	5.088	6
190.35	24.6111	-10.2035	5.0814	6
190.4	24.6107	-10.2131	5.0983	6
190.45	24.611	-9.2895	5.1068	6
190.5	24.6113	-9.2444	5.121	6
190.55	24.6112	-9.97	5.1295	6
190.6	24.6105	-9.5639	5.1258	6
190.65	24.611	-8.8704	5.1226	6
190.7	24.6112	-9.3562	5.1169	6
190.75	24.6108	-9.2301	5.1212	6
190.8	24.6108	-8.5213	5.1289	6
190.85	24.611	-8.9429	5.1194	6
190.9	24.6108	-8.6365	5.1074	6
190.95	24.6109	-8.3397	5.0805	6
191	24.6111	-8.7001	5.0917	6
191.05	24.611	-8.7733	5.1269	6
191.1	24.611	-8.7428	5.1261	6
191.15	24.6106	-8.2334	5.1232	6
191.2	24.6113	-9.2133	5.13	6
191.25	24.6114	-9.1817	5.1224	6
191.3	24.6108	-8.4388	5.1099	6
191.35	24.6112	-9.4588	5.1057	6
191.4	24.6113	-9.947	5.1124	6
191.45	24.6112	-9.821	5.1112	6
191.5	24.6112	-9.6897	5.1139	6
191.55	24.6115	-10.4646	5.1247	6
191.6	24.6109	-10.5197	5.1149	6
191.65	24.6106	-9.4077	5.1268	6
191.7	24.6115	-10.3362	5.142	6
191.75	24.6112	-10.4959	5.1347	6
191.8	24.6112	-10.6211	5.148	6
191.85	24.6112	-11.4054	5.142	6
191.9	24.6117	-12.1179	5.1354	6
191.95	24.6115	-11.7808	5.143	6
192	24.6119	-12.5122	5.1411	6
192.05	24.612	-12.8503	5.1443	6
192.1	24.6117	-12.3006	5.1314	6
192.15	24.6123	-13.2726	5.1292	6
192.2	24.6126	-13.6198	5.1477	6
192.25	24.6124	-13.1582	5.1474	6
192.3	24.6131	-14.2594	5.1258	6
192.35	24.613	-14.426	5.1053	6
192.4	24.6131	-14.0766	5.1	6
192.45	24.6136	-14.5746	5.1179	6
192.5	24.6144	-15.7351	5.1191	6
192.55	24.6134	-14.1122	5.1195	6
192.6	24.6145	-15.4423	5.1192	6
192.65	24.6155	-16.8243	5.1183	6
192.7	24.6143	-14.8578	5.1183	6
192.75	24.6151	-15.7621	5.1207	6
192.8	24.6161	-17.2536	5.1325	6
192.85	24.6151	-16.0919	5.1441	6
192.9	24.6144	-16.3219	5.1315	6
192.95	24.615	-18.642	5.1415	6
193	24.6148	-18.6122	5.1453	6
193.05	24.6141	-17.3307	5.1414	6
193.1	24.6149	-18.7256	5.1551	6
193.15	24.6155	-19.6247	5.1554	6
193.2	24.6148	-18.4663	5.16	6
193.25	24.6153	-19.0786	5.1656	6
193.3	24.6161	-20.1809	5.1602	6
193.35	24.616	-19.8013	5.1548	6
193.4	24.6159	-19.6558	5.1546	6
193.45	24.6167	-21.6504	5.152	6
193.5	24.6156	-21.5686	5.1374	6
193.55	24.6156	-21.8319	5.1396	6
193.6	24.616	-22.5401	5.1379	6
193.65	24.6158	-22.2968	5.1281	6
193.7	24.6162	-22.7276	5.1262	6
193.75	24.6162	-22.6835	5.111	6
193.8	24.6161	-22.7814	5.1169	6
193.85	24.6163	-22.9783	5.1309	6
193.9	24.6161	-22.4621	5.1247	6
193.95	24.6159	-23.3758	5.1438	6
194	24.6148	-23.7066	5.1434	6
194.05	24.6147	-23.6323	5.1277	6
194.1	24.6148	-23.8629	5.1248	6
194.15	24.6147	-23.6711	5.1208	6
194.2	24.6146	-23.689	5.1038	6
194.25	24.615	-24.0402	5.0973	6
194.3	24.6149	-23.9762	5.1111	6
194.35	24.6149	-23.8411	5.1278	6
194.4	24.6153	-24.082	5.1289	6
194.45	24.6155	-24.8396	5.1275	6
194.5	24.6152	-24.4705	5.1362	6
194.55	24.6153	-24.8113	5.1464	6
194.6	24.6148	-26.1033	5.1362	6
194.65	24.6144	-26.5192	5.1355	6
194.7	24.6137	-25.3639	5.1418	6
194.75	24.6146	-26.5302	5.1451	6
194.8	24.6144	-26.3452	5.1325	6
194.85	24.6137	-25.2684	5.1194	6
194.9	24.6144	-26.4513	5.1096	6
194.95	24.6146	-26.9251	5.1148	6
195	24.6141	-25.8396	5.1491	6
195.05	24.6147	-26.4987	5.1428	6
195.1	24.6152	-27.4356	5.1222	6
195.15	24.6145	-26.4138	5.1105	6
195.2	24.6144	-26.3602	5.1094	6
195.25	24.6151	-27.9163	5.1284	6
195.3	24.6137	-27.6986	5.1399	6
195.35	24.6137	-28.1524	5.1356	6
195.4	24.6141	-28.972	5.1201	6
195.45	24.6137	-28.3804	5.1151	6
195.5	24.6134	-28.0167	5.1316	6
195.55	24.6141	-29.252	5.1462	6
195.6	24.614	-29.2083	5.1479	6
195.65	24.6133	-27.9769	5.1615	6
195.7	24.6144	-29.2464	5.1507	6
195.75	24.615	-30.1485	5.1511	6
195.8	24.6136	-28.3912	5.1533	6
195.85	24.6143	-29.3964	5.1543	6
195.9	24.6149	-30.2808	5.1569	6
195.95	24.6139	-28.7706	5.1442	6
196	24.6141	-28.9284	5.1309	6
196.05	24.6146	-30.1812	5.1329	6
196.1	24.6133	-29.9257	5.1441	6
196.15	24.6126	-29.7092	5.1442	6
196.2	24.6134	-30.8704	5.1321	6
196.25	24.613	-30.3756	5.1326	6
196.3	24.6123	-29.4565	5.1386	6
196.35	24.613	-30.3459	5.1407	6
196.4	24.6131	-30.1977	5.1403	6
196.45	24.6123	-29.0496	5.1303	6
196.5	24.6127	-29.608	5.1237	6
196.55	24.6128	-29.8755	5.116	6
196.6	24.6123	-28.9345	5.1202	6
196.65	24.6123	-28.9746	5.123	6
196.7	24.6126	-29.45	5.1186	6
196.75	24.6121	-28.7287	5.1305	6
196.8	24.612	-28.5282	5.1347	6
196.85	24.6122	-28.9271	5.1341	6
196.9	24.6121	-28.8352	5.1421	6
196.95	24.6117	-28.131	5.1392	6
197	24.6123	-28.8953	5.1332	6
197.05	24.612	-28.6368	5.1328	6
197.1	24.6117	-28.2065	5.1196	6
197.15	24.6119	-28.5344	5.1443	6
197.2	24.6121	-28.6881	5.1426	6
197.25	24.6118	-28.3336	5.126	6
197.3	24.6116	-28.1084	5.1224	6
197.35	24.6118	-28.3363	5.1216	6
197.4	24.6118	-28.0139	5.1289	6
197.45	24.6114	-27.6902	5.1297	6
197.5	24.6116	-28.1747	5.1414	6
197.55	24.6115	-27.7276	5.142	6
197.6	24.6111	-27.2408	5.1408	6
197.65	24.6112	-27.6449	5.1477	6
197.7	24.611	-27.3445	5.1559	6
197.75	24.6106	-26.83	5.1496	6
197.8	24.6106	-26.9504	5.1428	6
197.85	24.6108	-27.1471	5.1483	6
197.9	24.6105	-26.9056	5.1452	6
197.95	24.6104	-26.9072	5.1303	6
198	24.6106	-27.1248	5.1243	6
198.05	24.6106	-27.123	5.1205	6
198.1	24.6104	-26.6973	5.1133	6
198.15	24.6105	-26.7842	5.1323	6
198.2	24.6105	-26.576	5.1524	6
198.25	24.6105	-26.615	5.1438	6
198.3	24.6106	-26.8087	5.1282	6
198.35	24.6105	-26.5656	5.1181	6
198.4	24.6105	-26.7713	5.1204	6
198.45	24.6108	-27.0665	5.1249	6
198.5	24.6104	-26.5561	5.1238	6
198.55	24.6108	-26.9774	5.1147	6
198.6	24.6109	-27.0433	5.1184	6
198.65	24.6105	-26.6584	5.1219	6
198.7	24.6105	-26.5907	5.1213	6
198.75	24.6109	-26.888	5.1315	6
198.8	24.6104	-26.2352	5.1403	6
198.85	24.6105	-26.4234	5.1286	6
198.9	24.6104	-26.3209	5.1202	6
198.95	24.6101	-25.9731	5.1098	6
199	24.6099	-25.7186	5.112	6
199.05	24.6098	-25.6609	5.1183	6
199.1	24.6095	-25.2481	5.1328	6
199.15	24.6093	-24.9204	5.129	6
199.2	24.6092	-24.715	5.1317	6
199.25	24.609	-24.4279	5.1331	6
199.3	24.6087	-24.1605	5.1268	6
199.35	24.6087	-24.1577	5.1311	6
199.4	24.6088	-24.0342	5.1214	6
199.45	24.6087	-23.6909	5.1524	6
199.5	24.6087	-23.7697	5.1522	6
199.55	24.6088	-23.8437	5.132	6
199.6	24.609	-23.4511	5.1394	6
199.65	24.6097	-23.0339	5.1407	6
199.7	24.6103	-23.1528	5.1334	6
199.75	24.6104	-23.0643	5.1332	6
199.8	24.611	-23.8273	5.1411	6
199.85	24.6114	-24.1866	5.1428	6
199.9	24.6115	-24.0732	5.1344	6
199.95	24.6119	-24.747	5.1297	6
200	24.6123	-25.5768	5.1333	6
200.05	24.612	-26.2783	5.1408	6
200.1	24.6118	-27.2723	5.1594	6
200.15	24.6117	-27.3184	5.1552	6
200.2	24.6121	-27.7884	5.1459	6
200.25	24.6122	-27.8452	5.1525	6
200.3	24.6124	-28.1344	5.1565	6
200.35	24.6123	-28.2728	5.1635	6
200.4	24.6128	-28.8442	5.1535	6
200.45	24.6132	-28.8752	5.1542	6
200.5	24.6134	-28.9918	5.1354	6
200.55	24.6138	-29.5797	5.1323	6
200.6	24.614	-29.8593	5.1547	6
200.65	24.6143	-29.9769	5.1443	6
200.7	24.6146	-30.4319	5.1434	6
200.75	24.6147	-30.86	5.1507	6
200.8	24.615	-31.0179	5.1267	6
200.85	24.615	-30.9424	5.1239	6
200.9	24.6152	-31.0992	5.123	6
200.95	24.615	-30.9056	5.1223	6
201	24.6145	-31.2512	5.1313	6
201.05	24.6141	-32.3309	5.1387	6
201.1	24.6135	-32.0069	5.1362	6
201.15	24.6134	-31.7505	5.1437	6
201.2	24.6137	-32.1958	5.1522	6
201.25	24.6139	-32.2965	5.1351	6
201.3	24.6138	-32.1748	5.1197	6
201.35	24.6138	-32.2991	5.1274	6
201.4	24.6143	-32.8571	5.1262	6
201.45	24.6142	-32.7234	5.1348	6
201.5	24.6139	-32.4687	5.1326	6
201.55	24.6144	-32.9817	5.1323	6
201.6	24.6146	-33.0763	5.1378	6
201.65	24.6143	-32.5797	5.1405	6
201.7	24.6145	-32.8205	5.1377	6
201.75	24.6147	-33.241	5.1444	6
201.8	24.6142	-33.3463	5.1337	6
201.85	24.6135	-33.9265	5.1369	6
201.9	24.6138	-34.6161	5.1498	6
201.95	24.6139	-34.5682	5.1541	6
202	24.6136	-34.0684	5.1494	6
202.05	24.6136	-34.2521	5.1434	6
202.1	24.6138	-34.6724	5.1606	6
202.15	24.6136	-34.0707	5.1545	6
202.2	24.6133	-33.7052	5.1375	6
202.25	24.6137	-34.1868	5.1378	6
202.3	24.6137	-34.181	5.1296	6
202.35	24.6134	-33.7664	5.1297	6
202.4	24.6135	-33.829	5.1216	6
202.45	24.6142	-34.6622	5.1173	6
202.5	24.6136	-33.9512	5.1261	6
202.55	24.6135	-33.7291	5.1312	6
202.6	24.6138	-34.1377	5.1267	6
202.65	24.6136	-33.8921	5.1297	6
202.7	24.613	-33.1428	5.127	6
202.75	24.613	-33.995	5.1578	6
202.8	24.6124	-34.8484	5.1391	6
202.85	24.6118	-34.4457	5.1422	6
202.9	24.6119	-34.4368	5.1578	6
202.95	24.6119	-34.6339	5.1442	6
203	24.6115	-34.3442	5.1461	6
203.05	24.6113	-33.955	5.1505	6
203.1	24.6115	-34.2746	5.1398	6
203.15	24.6119	-34.5109	5.1478	6
203.2	24.6116	-33.9879	5.1387	6
203.25	24.612	-34.4794	5.1365	6
203.3	24.6121	-34.7265	5.1337	6
203.35	24.6118	-34.3302	5.1265	6
203.4	24.6116	-34.1873	5.1301	6
203.45	24.6117	-34.2004	5.1294	6
203.5	24.6118	-34.2477	5.1391	6
203.55	24.6115	-33.9222	5.1464	6
203.6	24.6116	-34.0054	5.1423	6
203.65	24.6119	-34.3885	5.1572	6
203.7	24.6117	-34.1642	5.165	6
203.75	24.6116	-34.1053	5.1567	6
203.8	24.6117	-34.1384	5.1386	6
203.85	24.6118	-34.2376	5.1419	6
203.9	24.6116	-34.0695	5.1433	6
203.95	24.6111	-33.695	5.1461	6
204	24.6117	-34.3126	5.1551	6
204.05	24.6119	-34.3992	5.1712	6
204.1	24.6118	-34.2196	5.164	6
204.15	24.6118	-34.2536	5.1612	6
204.2	24.6122	-34.8402	5.1556	6
204.25	24.6117	-34.1174	5.143	6
204.3	24.6119	-34.1619	5.1429	6
204.35	24.6119	-34.2151	5.1456	6
204.4	24.6114	-33.6354	5.1549	6
204.45	24.6114	-33.6298	5.1553	6
204.5	24.6116	-33.9387	5.1442	6
204.55	24.6112	-33.2218	5.1432	6
204.6	24.6112	-33.158	5.1365	6
204.65	24.6112	-33.5039	5.1394	6
204.7	24.6107	-33.0256	5.1453	6
204.75	24.6107	-32.8805	5.1455	6
204.8	24.6114	-33.4534	5.1431	6
204.85	24.6111	-33.1714	5.1416	6
204.9	24.6109	-32.958	5.1465	6
204.95	24.6112	-33.4211	5.1362	6
205	24.611	-33.337	5.1334	6
205.05	24.6107	-32.8748	5.142	6
205.1	24.6112	-33.4163	5.1459	6
205.15	24.6113	-33.4358	5.1498	6
205.2	24.6111	-33.0266	5.1648	6
205.25	24.6112	-33.0559	5.1561	6
205.3	24.6113	-33.4186	5.1499	6
205.35	24.611	-33.1862	5.1473	6
205.4	24.6107	-32.757	5.1584	6
205.45	24.6113	-33.3121	5.1551	6
205.5	24.6113	-33.1968	5.1481	6
205.55	24.6108	-32.5169	5.1658	6
205.6	24.611	-32.8688	5.1655	6
205.65	24.6108	-32.8245	5.1588	6
205.7	24.6104	-32.0822	5.156	6
205.75	24.6104	-32.0704	5.1491	6
205.8	24.6102	-32.0504	5.1526	6
205.85	24.61	-31.6989	5.1467	6
205.9	24.6102	-31.8216	5.1464	6
205.95	24.6106	-32.251	5.1536	6
206	24.6104	-31.8634	5.1458	6
206.05	24.6105	-31.9905	5.146	6
206.1	24.6105	-32.3339	5.1483	6
206.15	24.6103	-31.7418	5.1503	6
206.2	24.6103	-31.6162	5.152	6
206.25	24.6109	-32.4708	5.1551	6
206.3	24.6105	-31.7894	5.155	6
206.35	24.6107	-32.0368	5.169	6
206.4	24.6113	-32.9751	5.168	6
206.45	24.6113	-33.0718	5.1434	6
206.5	24.6112	-32.7442	5.142	6
206.55	24.6118	-33.3904	5.1383	6
206.6	24.612	-33.5125	5.1382	6
206.65	24.6117	-33.2055	5.1371	6
206.7	24.6118	-33.6266	5.1379	6
206.75	24.6124	-34.3448	5.1352	6
206.8	24.6122	-33.9646	5.1345	6
206.85	24.6127	-34.6858	5.1477	6
206.9	24.6131	-35.3135	5.1473	6
206.95	24.6131	-35.2497	5.1407	6
207	24.6135	-35.6741	5.128	6
207.05	24.6138	-36.1385	5.1301	6
207.1	24.6136	-35.7374	5.1419	6
207.15	24.614	-36.292	5.1434	6
207.2	24.6142	-36.6071	5.1437	6
207.25	24.6141	-36.4238	5.1647	6
207.3	24.6139	-37.3628	5.177	6
207.35	24.6137	-38.6001	5.153	6
207.4	24.6137	-38.597	5.1378	6
207.45	24.6138	-38.6581	5.145	6
207.5	24.6142	-39.2578	5.1503	6
207.55	24.6143	-39.3395	5.1397	6
207.6	24.614	-39.1808	5.14	6
207.65	24.6144	-39.6159	5.1526	6
207.7	24.6147	-39.881	5.17	6
207.75	24.6148	-39.8978	5.173	6
207.8	24.6149	-40.1884	5.1618	6
207.85	24.6152	-40.8286	5.1489	6
207.9	24.6149	-40.5128	5.1365	6
207.95	24.6152	-40.7633	5.1366	6
208	24.6152	-41.8461	5.1541	6
208.05	24.6142	-42.0278	5.1527	6
208.1	24.6142	-42.1483	5.1383	6
208.15	24.6141	-42.1585	5.1412	6
208.2	24.614	-41.9754	5.1466	6
208.25	24.614	-41.8658	5.1442	6
208.3	24.6142	-42.0661	5.1347	6
208.35	24.6142	-42.1207	5.1455	6
208.4	24.6143	-42.1434	5.1485	6
208.45	24.6142	-42.1588	5.1494	6
208.5	24.6148	-42.8815	5.1423	6
208.55	24.6149	-42.785	5.1392	6
208.6	24.615	-42.7129	5.1353	6
208.65	24.6153	-43.4412	5.1419	6
208.7	24.615	-44.1682	5.1501	6
208.75	24.6143	-44.5309	5.1543	6
208.8	24.6146	-45.2496	5.1482	6
208.85	24.6146	-45.1811	5.141	6
208.9	24.6143	-44.8098	5.1394	6
208.95	24.6142	-44.9313	5.1497	6
209	24.6146	-45.4506	5.148	6
209.05	24.6143	-45.1587	5.1238	6
209.1	24.6143	-45.1938	5.12	6
209.15	24.6146	-45.6693	5.109	6
209.2	24.615	-46.059	5.1	6
209.25	24.6146	-45.3098	5.121	6
209.3	24.6148	-45.8532	5.1286	6
209.35	24.6149	-46.0726	5.1032	6
209.4	24.6144	-46.2015	5.101	6
209.45	24.6136	-46.8107	5.1092	6
209.5	24.6136	-47.2012	5.1181	6
209.55	24.6135	-46.9491	5.1053	6
209.6	24.6134	-46.7542	5.1066	6
209.65	24.6133	-46.7597	5.1173	6
209.7	24.6131	-46.5042	5.1153	6
209.75	24.6129	-46.1653	5.1365	6
209.8	24.6127	-46.2232	5.1279	6
209.85	24.6127	-46.2277	5.1213	6
209.9	24.6129	-46.2144	5.1272	6
209.95	24.6126	-45.7519	5.1136	6
210	24.6127	-45.8508	5.1258	6
210.05	24.6126	-45.786	5.1424	6
210.1	24.6121	-45.1539	5.1599	6
210.15	24.6124	-45.3211	5.166	6
210.2	24.6122	-45.1466	5.1521	6
210.25	24.6117	-44.3494	5.1564	6
210.3	24.6115	-43.975	5.1536	6
210.35	24.6116	-44.2948	5.1512	6
210.4	24.6108	-43.1563	5.1391	6
210.45	24.6106	-42.884	5.13	6
210.5	24.6108	-43.2786	5.1466	6
210.55	24.6103	-42.5757	5.1654	6
210.6	24.6098	-41.873	5.1637	6
210.65	24.6105	-42.6685	5.168	6
210.7	24.6101	-42.2916	5.1611	6
210.75	24.6095	-41.435	5.1413	6
210.8	24.6098	-41.8972	5.1415	6
210.85	24.6099	-42.2859	5.1451	6
210.9	24.6091	-41.0844	5.1488	6
210.95	24.6096	-41.6384	5.1541	6
211	24.6096	-41.9121	5.1505	6
211.05	24.6092	-41.2758	5.1444	6
211.1	24.6092	-40.9785	5.1289	6
211.15	24.6099	-42.0359	5.1287	6
211.2	24.6091	-40.9968	5.1281	6
211.25	24.6089	-40.7542	5.1323	6
211.3	24.6095	-41.7138	5.145	6
211.35	24.6092	-41.3827	5.1388	6
211.4	24.609	-40.7807	5.1285	6
211.45	24.6096	-41.3824	5.1299	6
211.5	24.6094	-41.1597	5.1428	6
211.55	24.6087	-40.2632	5.1576	6
211.6	24.6092	-39.5303	5.1578	6
211.65	24.6101	-39.0901	5.1475	6
211.7	24.6097	-38.4462	5.1363	6
211.75	24.6093	-37.9675	5.1286	6
211.8	24.6093	-38.1863	5.1348	6
211.85	24.6091	-37.8211	5.1278	6
211.9	24.6084	-36.9926	5.1266	6
211.95	24.6084	-37.0897	5.1348	6
212	24.6082	-36.7917	5.1448	6
212.05	24.608	-36.4182	5.1586	6
212.1	24.6082	-36.4791	5.1532	6
212.15	24.608	-36.4656	5.1412	6
212.2	24.6079	-36.4577	5.144	6
212.25	24.6081	-36.2935	5.1536	6
212.3	24.6081	-35.8661	5.1556	6
212.35	24.6075	-35.3662	5.1479	6
212.4	24.6077	-35.6787	5.1457	6
212.45	24.6076	-35.375	5.1558	6
212.5	24.6073	-34.8191	5.1519	6
212.55	24.6079	-34.3643	5.1505	6
212.6	24.6085	-33.9872	5.1617	6
212.65	24.608	-33.1901	5.1476	6
212.7	24.6082	-33.3744	5.1336	6
212.75	24.6082	-33.2565	5.1163	6
212.8	24.6079	-32.7272	5.1254	6
212.85	24.6079	-32.6598	5.1559	6
212.9	24.608	-32.832	5.1565	6
212.95	24.6076	-32.467	5.136	6
213	24.6076	-32.3287	5.1298	6
213.05	24.6077	-32.4715	5.1374	6
213.1	24.6076	-32.2298	5.1522	6
213.15	24.6074	-31.7337	5.1587	6
213.2	24.6078	-32.1392	5.1528	6
213.25	24.6076	-32.0999	5.1523	6
213.3	24.6077	-31.4805	5.1546	6
213.35	24.6086	-30.8024	5.1572	6
213.4	24.6091	-30.9116	5.1499	6
213.45	24.6089	-30.6598	5.1397	6
213.5	24.6089	-30.6676	5.145	6
213.55	24.609	-30.7181	5.1618	6
213.6	24.6093	-30.9003	5.1661	6
213.65	24.6092	-30.5374	5.1341	6
213.7	24.6093	-31.0695	5.1159	6
213.75	24.6097	-31.8372	5.1104	6
213.8	24.6092	-31.0219	5.1167	6
213.85	24.6096	-31.3731	5.1199	6
213.9	24.6105	-32.747	5.1105	6
213.95	24.6094	-31.2685	5.1055	6
214	24.6095	-31.414	5.115	6
214.05	24.6109	-33.5444	5.1116	6
214.1	24.6096	-31.6132	5.104	6
214.15	24.6097	-31.7567	5.0921	6
214.2	24.6113	-33.9766	5.0982	6
214.25	24.61	-32.0491	5.098	6
214.3	24.6104	-32.342	5.0972	6
214.35	24.6112	-33.8373	5.1138	6
214.4	24.61	-32.2374	5.1069	6
214.45	24.6106	-32.9798	5.0981	6
214.5	24.6108	-33.4258	5.1128	6
214.55	24.6106	-32.9087	5.1114	6
214.6	24.6106	-33.0118	5.1146	6
214.65	24.6108	-33.2526	5.1096	6
214.7	24.6108	-32.9834	5.1015	6
214.75	24.6107	-32.8118	5.1061	6
214.8	24.6109	-33.1111	5.1026	6
214.85	24.611	-33.2172	5.1218	6
214.9	24.6108	-32.8615	5.1391	6
214.95	24.6109	-33.0497	5.1392	6
215	24.6112	-33.2335	5.1371	6
215.05	24.6113	-33.0185	5.1311	6
215.1	24.6112	-33.0063	5.1534	6
215.15	24.6112	-33.2421	5.1404	6
215.2	24.6109	-32.9308	5.1163	6
215.25	24.6111	-33.3746	5.1209	6
215.3	24.6108	-33.031	5.1282	6
215.35	24.6108	-32.7351	5.1276	6
215.4	24.6113	-33.5556	5.1309	6
215.45	24.6109	-33.1758	5.1325	6
215.5	24.6105	-32.4503	5.1232	6
215.55	24.6111	-33.3593	5.1001	6
215.6	24.611	-33.0234	5.1079	6
215.65	24.6106	-32.1975	5.1219	6
215.7	24.6108	-32.6979	5.1224	6
215.75	24.6107	-32.8509	5.1122	6
215.8	24.6103	-32.1061	5.0999	6
215.85	24.6104	-32.2614	5.1129	6
215.9	24.6106	-32.3599	5.125	6
215.95	24.61	-31.588	5.1339	6
216	24.6096	-31.159	5.1369	6
216.05	24.61	-31.6919	5.1274	6
216.1	24.6097	-31.293	5.134	6
216.15	24.609	-30.466	5.1203	6
216.2	24.6096	-31.3915	5.1111	6
216.25	24.6094	-31.1363	5.1117	6
216.3	24.6089	-30.0476	5.1189	6
216.35	24.6095	-30.8084	5.1238	6
216.4	24.6096	-30.6706	5.1172	6
216.45	24.6093	-28.7501	5.1224	6
216.5	24.6099	-28.7173	5.1286	6
216.55	24.61	-29.145	5.1151	6
216.6	24.6095	-28.4001	5.102	6
216.65	24.6091	-27.8601	5.0925	6
216.7	24.6098	-28.5729	5.1032	6
216.75	24.6099	-28.5496	5.1058	6
216.8	24.6096	-28.114	5.113	6
216.85	24.6096	-28.2633	5.1224	6
216.9	24.6101	-28.9864	5.1204	6
216.95	24.6096	-28.3047	5.1068	6
217	24.6096	-28.2535	5.0985	6
217.05	24.61	-28.99	5.1052	6
217.1	24.6099	-28.6804	5.1204	6
217.15	24.6099	-28.4416	5.1432	6
217.2	24.6102	-29.0249	5.1573	6
217.25	24.6102	-28.9985	5.153	6
217.3	24.6099	-28.3988	5.1497	6
217.35	24.61	-28.5969	5.1477	6
217.4	24.6107	-29.4134	5.1478	6
217.45	24.61	-28.5134	5.1516	6
217.5	24.6099	-28.606	5.1364	6
217.55	24.6105	-29.5402	5.1262	6
217.6	24.6104	-29.1954	5.1323	6
217.65	24.6105	-28.8212	5.1381	6
217.7	24.6108	-29.5685	5.1194	6
217.75	24.6108	-29.3595	5.1254	6
217.8	24.6108	-29.1208	5.1297	6
217.85	24.6118	-30.4382	5.1342	6
217.9	24.6115	-30.2498	5.141	6
217.95	24.6112	-30.1429	5.1372	6
218	24.6118	-31.1856	5.1243	6
218.05	24.6122	-31.3938	5.1169	6
218.1	24.6118	-30.7113	5.114	6
218.15	24.6127	-31.6023	5.1191	6
218.2	24.6129	-31.8832	5.1302	6
218.25	24.6125	-31.3881	5.1389	6
218.3	24.6128	-31.7778	5.1342	6
218.35	24.6132	-32.2005	5.1329	6
218.4	24.6129	-31.6157	5.1346	6
218.45	24.6134	-31.9222	5.1298	6
218.5	24.6138	-32.3841	5.1118	6
218.55	24.6131	-31.7905	5.1213	6
218.6	24.6128	-31.891	5.1233	6
218.65	24.6135	-33.1252	5.1163	6
218.7	24.6126	-32.6575	5.1334	6
218.75	24.6126	-32.9338	5.142	6
218.8	24.6129	-34.3266	5.1294	6
218.85	24.6124	-34.0043	5.1206	6
218.9	24.6119	-33.1273	5.1173	6
218.95	24.6127	-34.3355	5.1167	6
219	24.6124	-34.3696	5.1024	6
219.05	24.6119	-33.4634	5.1069	6
219.1	24.6126	-34.2764	5.1193	6
219.15	24.6131	-34.9003	5.1253	6
219.2	24.6122	-33.6529	5.1259	6
219.25	24.6125	-33.9614	5.1238	6
219.3	24.613	-34.7928	5.1256	6
219.35	24.6123	-33.9177	5.1166	6
219.4	24.6121	-33.644	5.1067	6
219.45	24.6128	-34.6124	5.1186	6
219.5	24.6126	-34.1563	5.1146	6
219.55	24.6122	-33.6354	5.1219	6
219.6	24.6128	-34.5427	5.1455	6
219.65	24.6131	-34.8259	5.1314	6
219.7	24.6126	-33.915	5.1293	6
219.75	24.6131	-34.6434	5.1215	6
219.8	24.6136	-35.2028	5.1262	6
219.85	24.6127	-34.0677	5.1249	6
219.9	24.613	-34.2827	5.1019	6
219.95	24.6136	-35.0656	5.0948	6
220	24.6132	-34.5699	5.0969	6
220.05	24.613	-34.2905	5.1071	6
220.1	24.6135	-35.1059	5.1226	6
220.15	24.6131	-36.0681	5.1239	6
220.2	24.6121	-36.1002	5.1265	6
220.25	24.6119	-36.0298	5.1265	6
220.3	24.6119	-36.1457	5.1321	6
220.35	24.6117	-35.8705	5.1488	6
220.4	24.6118	-35.8236	5.1396	6
220.45	24.6118	-35.7619	5.1288	6
220.5	24.6119	-35.7592	5.1151	6
220.55	24.6115	-35.3538	5.1026	6
220.6	24.6112	-35.1184	5.1012	6
220.65	24.6115	-35.4797	5.116	6
220.7	24.6112	-35.2798	5.1267	6
220.75	24.611	-34.7516	5.1251	6
220.8	24.6115	-35.5457	5.1195	6
220.85	24.6113	-35.6061	5.128	6
220.9	24.611	-35.1944	5.1461	6
220.95	24.6111	-35.2201	5.1623	6
221	24.6115	-35.5833	5.1569	6
221.05	24.6113	-35.1237	5.1298	6
221.1	24.6111	-34.6315	5.1298	6
221.15	24.6115	-35.3239	5.1151	6
221.2	24.6113	-35.2975	5.1196	6
221.25	24.6108	-34.5127	5.1202	6
221.3	24.6115	-35.4285	5.1253	6
221.35	24.6118	-35.6952	5.1365	6
221.4	24.6115	-35.0379	5.1233	6
221.45	24.6117	-35.3379	5.1246	6
221.5	24.6122	-36.1262	5.1339	6
221.55	24.6117	-35.2059	5.112	6
221.6	24.6117	-35.2122	5.1014	6
221.65	24.6126	-36.4445	5.1162	6
221.7	24.6123	-35.8458	5.1238	6
221.75	24.6116	-35.0075	5.128	6
221.8	24.6123	-36.0906	5.1214	6
221.85	24.6124	-36.3867	5.1184	6
221.9	24.6114	-34.9713	5.1238	6
221.95	24.612	-35.4827	5.1167	6
222	24.6126	-36.3489	5.1294	6
222.05	24.6121	-35.6672	5.1247	6
222.1	24.6119	-35.3613	5.127	6
222.15	24.6125	-36.1841	5.1381	6
222.2	24.6127	-36.4181	5.1417	6
222.25	24.6118	-35.1679	5.1418	6
222.3	24.612	-35.5455	5.155	6
222.35	24.6124	-36.3903	5.1572	6
222.4	24.6118	-35.4917	5.1471	6
222.45	24.6118	-35.0702	5.1447	6
222.5	24.6125	-36.1817	5.1539	6
222.55	24.6124	-35.9076	5.1528	6
222.6	24.6117	-34.8141	5.1472	6
222.65	24.6124	-35.7806	5.1373	6
222.7	24.6122	-35.7056	5.1357	6
222.75	24.6115	-34.7431	5.1321	6
222.8	24.6114	-34.871	5.1379	6
222.85	24.6118	-35.5391	5.1335	6
222.9	24.6114	-34.7783	5.1467	6
222.95	24.6115	-34.6806	5.1523	6
223	24.612	-35.4411	5.1493	6
223.05	24.6117	-34.8432	5.1469	6
223.1	24.6115	-34.589	5.1243	6
223.15	24.6118	-35.1186	5.1171	6
223.2	24.6116	-35.16	5.1394	6
223.25	24.6115	-34.7212	5.1558	6
223.3	24.6115	-34.9604	5.1331	6
223.35	24.6116	-35.6463	5.1397	6
223.4	24.6109	-35.3042	5.1473	6
223.45	24.6114	-35.6542	5.1592	6
223.5	24.6113	-36.2653	5.156	6
223.55	24.6111	-35.9634	5.152	6
223.6	24.6111	-36.1287	5.1429	6
223.65	24.6111	-36.5801	5.153	6
223.7	24.6107	-36.2726	5.1652	6
223.75	24.6112	-36.1177	5.175	6
223.8	24.6112	-36.4835	5.1756	6
223.85	24.6111	-36.6438	5.1623	6
223.9	24.6112	-36.8174	5.1677	6
223.95	24.6114	-37.1023	5.1555	6
224	24.6112	-36.9575	5.1491	6
224.05	24.6114	-37.1069	5.158	6
224.1	24.6115	-37.3154	5.155	6
224.15	24.6109	-36.5971	5.1403	6
224.2	24.6111	-36.8672	5.1297	6
224.25	24.6115	-37.1725	5.1296	6
224.3	24.6112	-36.5639	5.143	6
224.35	24.6113	-36.6151	5.1445	6
224.4	24.6115	-37.2071	5.1443	6
224.45	24.611	-36.8713	5.145	6
224.5	24.6108	-36.5306	5.1267	6
224.55	24.6113	-37.0681	5.122	6
224.6	24.6112	-36.7709	5.1269	6
224.65	24.6109	-36.4444	5.1134	6
224.7	24.6111	-37.1296	5.111	6
224.75	24.6108	-36.736	5.1175	6
224.8	24.611	-36.7757	5.1352	6
224.85	24.6111	-36.8611	5.1547	6
224.9	24.6111	-36.9108	5.1505	6
224.95	24.6107	-36.5085	5.1453	6
225	24.6111	-36.8432	5.1489	6
225.05	24.6109	-36.4092	5.1543	6
225.1	24.6109	-36.4678	5.1528	6
225.15	24.6108	-36.4363	5.1417	6
225.2	24.6108	-36.2977	5.126	6
225.25	24.6108	-36.2223	5.1238	6
225.3	24.6109	-36.4292	5.1454	6
225.35	24.6107	-36.1931	5.1562	6
225.4	24.6109	-36.4505	5.1513	6
225.45	24.6107	-36.2683	5.1487	6
225.5	24.6106	-36.0648	5.1447	6
225.55	24.6105	-35.8479	5.1531	6
225.6	24.6108	-35.9981	5.1493	6
225.65	24.6107	-35.6419	5.1337	6
225.7	24.6108	-35.3926	5.1432	6
225.75	24.6108	-35.6523	5.1391	6
225.8	24.6105	-34.5475	5.1505	6
225.85	24.611	-34.0822	5.1511	6
225.9	24.6113	-34.8456	5.1516	6
225.95	24.6109	-34.2026	5.1599	6
226	24.6111	-33.894	5.1558	6
226.05	24.6111	-34.7117	5.1382	6
226.1	24.6109	-34.6838	5.1392	6
226.15	24.6107	-34.1945	5.1378	6
226.2	24.6109	-34.2984	5.1314	6
226.25	24.611	-34.0924	5.133	6
226.3	24.611	-33.4133	5.1474	6
226.35	24.6113	-33.7834	5.1277	6
226.4	24.6111	-34.219	5.1225	6
226.45	24.6108	-33.7109	5.1433	6
226.5	24.6113	-33.9562	5.118	6
226.55	24.6112	-34.6095	5.1121	6
226.6	24.611	-34.3452	5.1268	6
226.65	24.6111	-34.676	5.1268	6
226.7	24.6112	-35.1863	5.126	6
226.75	24.611	-34.7965	5.125	6
226.8	24.6113	-35.1039	5.135	6
226.85	24.6113	-36.0508	5.1514	6
226.9	24.611	-35.8275	5.1378	6
226.95	24.611	-35.9272	5.121	6
227	24.611	-35.9327	5.1215	6
227.05	24.611	-35.9194	5.137	6
227.1	24.611	-35.7799	5.1443	6
227.15	24.611	-35.8693	5.132	6
227.2	24.6109	-35.8268	5.1481	6
227.25	24.611	-35.8691	5.1601	6
227.3	24.6112	-36.0611	5.1477	6
227.35	24.6109	-35.7543	5.1323	6
227.4	24.6112	-36.0945	5.1288	6
227.45	24.6113	-36.4171	5.1327	6
227.5	24.611	-36.069	5.1315	6
227.55	24.6111	-36.2516	5.1204	6
227.6	24.6113	-36.4494	5.1321	6
227.65	24.6113	-36.3987	5.1494	6
227.7	24.6116	-36.433	5.1483	6
227.75	24.6118	-36.5516	5.1431	6
227.8	24.6116	-36.3929	5.148	6
227.85	24.6115	-36.4825	5.1379	6
227.9	24.6116	-36.6035	5.1236	6
227.95	24.6115	-36.5312	5.1358	6
228	24.6117	-36.8548	5.1321	6
228.05	24.6118	-36.8984	5.1269	6
228.1	24.6114	-36.5518	5.1285	6
228.15	24.6118	-37.18	5.1399	6
228.2	24.612	-37.2158	5.1574	6
228.25	24.6119	-36.8901	5.1635	6
228.3	24.6126	-37.5648	5.1449	6
228.35	24.6127	-37.8289	5.1512	6
228.4	24.6125	-37.6755	5.14	6
228.45	24.6125	-37.8261	5.1441	6
228.5	24.6127	-38.2382	5.1512	6
228.55	24.6127	-38.219	5.1462	6
228.6	24.6127	-38.1477	5.1421	6
228.65	24.613	-38.2589	5.1388	6
228.7	24.6134	-38.6252	5.134	6
228.75	24.6132	-38.613	5.1338	6
228.8	24.6133	-38.7251	5.144	6
228.85	24.6136	-39.032	5.1445	6
228.9	24.6142	-39.7798	5.1455	6
228.95	24.614	-39.3407	5.14	6
229	24.6143	-39.533	5.1387	6
229.05	24.6148	-40.3433	5.1305	6
229.1	24.6145	-40.6029	5.137	6
229.15	24.6135	-40.8982	5.1592	6
229.2	24.6138	-41.905	5.1524	6
229.25	24.6139	-42.2074	5.1499	6
229.3	24.6132	-41.2762	5.1644	6
229.35	24.6137	-42.1005	5.1645	6
229.4	24.6144	-42.9712	5.1558	6
229.45	24.6141	-42.472	5.1397	6
229.5	24.6144	-42.889	5.156	6
229.55	24.6148	-43.2469	5.1587	6
229.6	24.6149	-43.4348	5.145	6
229.65	24.6147	-43.1852	5.1449	6
229.7	24.6146	-42.9467	5.1388	6
229.75	24.6148	-43.3662	5.1305	6
229.8	24.6151	-43.6238	5.1425	6
229.85	24.6148	-43.7363	5.1317	6
229.9	24.6146	-44.9439	5.1316	6
229.95	24.6145	-45.3114	5.1144	6
230	24.6142	-45.0032	5.1172	6
230.05	24.6148	-45.6694	5.1272	6
230.1	24.6147	-45.5496	5.1249	6
230.15	24.6145	-45.2828	5.1338	6
230.2	24.6147	-45.6742	5.1206	6
230.25	24.6147	-45.5997	5.1163	6
230.3	24.6145	-45.3708	5.1205	6
230.35	24.6148	-45.8908	5.1342	6
230.4	24.6147	-45.6601	5.1598	6
230.45	24.6144	-45.2764	5.1501	6
230.5	24.6146	-45.3355	5.1507	6
230.55	24.6146	-46.3648	5.1437	6
230.6	24.6135	-46.5804	5.1316	6
230.65	24.6133	-46.689	5.1334	6
230.7	24.6135	-47.0145	5.1353	6
230.75	24.6133	-46.8102	5.1401	6
230.8	24.6133	-46.5918	5.142	6
230.85	24.6133	-46.6869	5.141	6
230.9	24.6133	-46.7653	5.1422	6
230.95	24.6133	-46.8502	5.1326	6
231	24.6132	-46.7635	5.1362	6
231.05	24.6135	-47.1486	5.1345	6
231.1	24.6133	-46.8652	5.1321	6
231.15	24.6132	-46.7017	5.1418	6
231.2	24.6134	-46.8182	5.149	6
231.25	24.6134	-46.7502	5.1468	6
231.3	24.613	-46.2719	5.1448	6
231.35	24.6132	-46.7257	5.1404	6
231.4	24.6133	-46.8421	5.1507	6
231.45	24.6129	-46.3581	5.1538	6
231.5	24.6131	-46.4141	5.1426	6
231.55	24.6137	-47.1251	5.1445	6
231.6	24.613	-47.444	5.1434	6
231.65	24.6119	-47.5366	5.1272	6
231.7	24.6124	-48.464	5.1245	6
231.75	24.6125	-48.4546	5.1279	6
231.8	24.6122	-47.8817	5.1213	6
231.85	24.6124	-48.3287	5.1327	6
231.9	24.6127	-48.612	5.1511	6
231.95	24.6125	-48.1202	5.1474	6
232	24.6126	-48.2061	5.1519	6
232.05	24.6128	-48.7873	5.1453	6
232.1	24.6124	-48.3332	5.1464	6
232.15	24.6126	-48.3774	5.1477	6
232.2	24.6131	-49.0388	5.1613	6
232.25	24.613	-48.8536	5.1721	6
232.3	24.6128	-48.5692	5.17	6
232.35	24.6133	-49.2039	5.1665	6
232.4	24.6134	-49.3522	5.1569	6
232.45	24.6132	-49.1521	5.1638	6
232.5	24.6135	-49.4472	5.1556	6
232.55	24.6135	-49.406	5.1593	6
232.6	24.6137	-49.5992	5.1714	6
232.65	24.6138	-49.5841	5.1593	6
232.7	24.6138	-49.4948	5.1696	6
232.75	24.6136	-49.234	5.1664	6
232.8	24.6139	-49.7845	5.1685	6
232.85	24.6131	-50.1665	5.1687	6
232.9	24.6124	-50.433	5.1444	6
232.95	24.6123	-50.7302	5.1325	6
233	24.6125	-50.9859	5.1325	6
233.05	24.6119	-50.1981	5.152	6
233.1	24.6123	-50.6369	5.1541	6
233.15	24.6124	-50.7395	5.1491	6
233.2	24.6117	-49.9248	5.1545	6
233.25	24.6119	-50.2221	5.1684	6
233.3	24.6123	-50.7829	5.1617	6
233.35	24.6117	-49.8736	5.1415	6
233.4	24.6121	-50.1666	5.1352	6
233.45	24.6127	-50.9845	5.1526	6
233.5	24.6122	-50.4128	5.1684	6
233.55	24.6119	-50.0494	5.1635	6
233.6	24.6128	-51.1563	5.1677	6
233.65	24.6125	-50.8162	5.1681	6
233.7	24.6118	-49.9121	5.1607	6
233.75	24.6123	-50.425	5.164	6
233.8	24.6128	-51.1341	5.1691	6
233.85	24.6121	-50.0666	5.1736	6
233.9	24.6122	-49.9743	5.1697	6
233.95	24.6129	-51.0911	5.1717	6
234	24.6125	-50.4717	5.1735	6
234.05	24.6119	-49.7945	5.169	6
234.1	24.6127	-50.9047	5.1607	6
234.15	24.613	-51.2445	5.1634	6
234.2	24.6119	-49.9841	5.162	6
234.25	24.6125	-50.6938	5.1684	6
234.3	24.6129	-51.3801	5.1655	6
234.35	24.6123	-50.5163	5.1714	6
234.4	24.6124	-50.6476	5.1705	6
234.45	24.6131	-51.5183	5.1594	6
234.5	24.6125	-50.9397	5.1552	6
234.55	24.6124	-50.6802	5.1645	6
234.6	24.613	-51.3552	5.1593	6
234.65	24.6125	-51.9413	5.1427	6
234.7	24.6117	-52.2627	5.1426	6
234.75	24.6119	-52.8068	5.1603	6
234.8	24.6115	-52.3461	5.1555	6
234.85	24.6116	-52.4345	5.1489	6
234.9	24.612	-53.0213	5.1536	6
234.95	24.6118	-52.8988	5.1509	6
235	24.6115	-52.2682	5.1458	6
235.05	24.6127	-53.6993	5.1366	6
235.1	24.6128	-53.8554	5.133	6
235.15	24.612	-52.8411	5.1376	6
235.2	24.6126	-53.7758	5.1359	6
235.25	24.6131	-54.1823	5.1432	6
235.3	24.6127	-53.4486	5.1346	6
235.35	24.6131	-54.0466	5.1411	6
235.4	24.6135	-54.478	5.1515	6
235.45	24.6133	-54.0435	5.1594	6
235.5	24.6134	-54.3918	5.1641	6
235.55	24.6137	-54.8321	5.1491	6
235.6	24.6135	-54.3656	5.139	6
235.65	24.6135	-54.6139	5.1421	6
235.7	24.6137	-55.1443	5.1368	6
235.75	24.6134	-54.7188	5.1495	6
235.8	24.6137	-54.8492	5.146	6
235.85	24.6141	-55.4418	5.1372	6
235.9	24.6139	-55.0264	5.1418	6
235.95	24.6133	-54.2533	5.1382	6
236	24.6136	-56.0382	5.1555	6
236.05	24.6135	-57.3226	5.1638	6
236.1	24.6125	-56.1185	5.1575	6
236.15	24.6125	-56.2409	5.165	6
236.2	24.614	-58.3511	5.1692	6
236.25	24.6131	-57.055	5.1537	6
236.3	24.6125	-56.1603	5.141	6
236.35	24.614	-58.2108	5.1271	6
236.4	24.6137	-57.7667	5.1243	6
236.45	24.6125	-56.2887	5.113	6
236.5	24.6132	-57.4865	5.1202	6
236.55	24.6133	-57.632	5.1344	6
236.6	24.6123	-56.2233	5.1316	6
236.65	24.6123	-56.3621	5.1305	6
236.7	24.6126	-56.8809	5.1265	6
236.75	24.6121	-55.958	5.1256	6
236.8	24.612	-55.8212	5.1259	6
236.85	24.6122	-56.2571	5.103	6
236.9	24.6118	-55.6548	5.1144	6
236.95	24.6114	-55.1921	5.1196	6
237	24.6114	-55.3821	5.108	6
237.05	24.6111	-54.8752	5.1085	6
237.1	24.6109	-54.6744	5.1101	6
237.15	24.6108	-54.5521	5.131	6
237.2	24.6106	-54.2869	5.1401	6
237.25	24.6104	-53.9758	5.1266	6
237.3	24.6103	-53.7392	5.1288	6
237.35	24.6101	-53.5504	5.1269	6
237.4	24.61	-53.5301	5.1322	6
237.45	24.6094	-52.7081	5.1343	6
237.5	24.609	-52.1056	5.14	6
237.55	24.6095	-52.8118	5.1296	6
237.6	24.609	-52.2199	5.1187	6
237.65	24.6083	-51.4134	5.1262	6
237.7	24.6087	-52.0788	5.1314	6
237.75	24.6085	-51.9014	5.1402	6
237.8	24.6082	-51.2356	5.1569	6
237.85	24.6079	-51.0697	5.1592	6
237.9	24.6084	-51.9049	5.172	6
237.95	24.6081	-51.3541	5.1721	6
238	24.6079	-50.6648	5.1608	6
238.05	24.609	-50.5434	5.1686	6
238.1	24.6096	-50.2556	5.1595	6
238.15	24.6093	-49.6466	5.1583	6
238.2	24.6092	-49.4957	5.1588	6
238.25	24.6095	-49.9483	5.1465	6
238.3	24.6091	-49.4225	5.1515	6
238.35	24.6089	-49.0583	5.1571	6
238.4	24.6093	-49.6912	5.1547	6
238.45	24.6093	-49.7999	5.1545	6
238.5	24.609	-49.4258	5.1465	6
238.55	24.6093	-49.8186	5.1508	6
238.6	24.6094	-50.0886	5.1415	6
238.65	24.6092	-49.8454	5.1417	6
238.7	24.6089	-49.4304	5.1449	6
238.75	24.6092	-49.9061	5.1429	6
238.8	24.6091	-49.8374	5.1494	6
238.85	24.6091	-49.7962	5.1344	6
238.9	24.6089	-49.5078	5.1241	6
238.95	24.609	-49.5472	5.1271	6
239	24.6088	-49.344	5.1355	6
239.05	24.6087	-49.0669	5.1429	6
239.1	24.6085	-48.9527	5.1477	6
239.15	24.6085	-48.9719	5.1437	6
239.2	24.6084	-48.7742	5.136	6
239.25	24.6088	-49.2281	5.1439	6
239.3	24.6089	-48.1082	5.15	6
239.35	24.6095	-47.6247	5.1372	6
239.4	24.6097	-47.817	5.1473	6
239.45	24.6097	-47.9229	5.1795	6
239.5	24.6093	-47.2527	5.1849	6
239.55	24.61	-47.9649	5.1729	6
239.6	24.6103	-48.2932	5.1692	6
239.65	24.61	-47.773	5.1716	6
239.7	24.6104	-48.1821	5.1686	6
239.75	24.6108	-49.0146	5.1554	6
239.8	24.61	-47.8516	5.1432	6
239.85	24.61	-47.907	5.1405	6
239.9	24.6103	-48.6401	5.1425	6
239.95	24.6099	-47.9367	5.1466	6
240	24.6098	-47.763	5.1446	6
240.05	24.6105	-48.6704	5.1378	6
240.1	24.6105	-48.4501	5.1415	6
240.15	24.6101	-47.8019	5.1423	6
240.2	24.6104	-48.2081	5.157	6
240.25	24.6102	-48.2478	5.1627	6
240.3	24.6097	-47.7036	5.1454	6
240.35	24.6096	-47.6158	5.1421	6
240.4	24.6098	-47.6876	5.141	6
240.45	24.6096	-47.4072	5.1518	6
240.5	24.6096	-47.2836	5.1589	6
240.55	24.6096	-47.3097	5.1472	6
240.6	24.6097	-47.4439	5.1435	6
240.65	24.6099	-47.7561	5.1415	6
240.7	24.6102	-48.1106	5.1576	6
240.75	24.6102	-48.0407	5.1632	6
240.8	24.6109	-48.7611	5.1557	6
240.85	24.6111	-49.0747	5.1555	6
240.9	24.611	-48.9143	5.1429	6
240.95	24.6112	-49.1582	5.1532	6
241	24.6119	-50.1772	5.1624	6
241.05	24.6116	-49.8286	5.1556	6
241.1	24.6118	-49.768	5.1586	6
241.15	24.6126	-50.9909	5.16	6
241.2	24.6125	-50.7684	5.1596	6
241.25	24.6123	-50.3567	5.1506	6
241.3	24.6133	-51.7016	5.1358	6
241.35	24.6131	-51.5334	5.1211	6
241.4	24.6128	-51.1482	5.1198	6
241.45	24.6131	-52.069	5.1318	6
241.5	24.6132	-52.4204	5.1347	6
241.55	24.6129	-51.8064	5.1314	6
241.6	24.6134	-52.2593	5.1272	6
241.65	24.6136	-52.4584	5.1321	6
241.7	24.6134	-52.2501	5.1342	6
241.75	24.6135	-52.268	5.1353	6
241.8	24.6137	-52.7078	5.1417	6
241.85	24.6134	-53.6597	5.1407	6
241.9	24.6133	-54.4689	5.1332	6
241.95	24.6132	-54.3916	5.1175	6
242	24.6133	-54.5353	5.1267	6
242.05	24.6134	-54.8006	5.1181	6
242.1	24.6136	-54.8553	5.1183	6
242.15	24.6137	-54.7668	5.1377	6
242.2	24.6138	-54.9053	5.1473	6
242.25	24.6139	-55.1974	5.1479	6
242.3	24.6138	-55.1312	5.1412	6
242.35	24.6141	-55.3315	5.154	6
242.4	24.6144	-55.6962	5.1731	6
242.45	24.6144	-55.5602	5.1666	6
242.5	24.6144	-55.5864	5.1675	6
242.55	24.6145	-55.8433	5.1552	6
242.6	24.6145	-55.8446	5.138	6
242.65	24.6144	-55.9887	5.1375	6
242.7	24.6141	-57.3817	5.129	6
242.75	24.6136	-57.5552	5.1307	6
242.8	24.6133	-57.1426	5.1397	6
242.85	24.6136	-57.6725	5.1417	6
242.9	24.6134	-57.3902	5.1551	6
242.95	24.6133	-57.3463	5.1404	6
243	24.6133	-57.364	5.1353	6
243.05	24.6133	-57.4196	5.1443	6
243.1	24.6136	-57.8578	5.1347	6
243.15	24.6131	-57.0516	5.1414	6
243.2	24.6135	-57.4769	5.1558	6
243.25	24.6139	-57.9887	5.156	6
243.3	24.6134	-57.3741	5.146	6
243.35	24.6133	-57.3136	5.138	6
243.4	24.6133	-57.4108	5.1229	6
243.45	24.6135	-57.6431	5.1184	6
243.5	24.6132	-56.9809	5.1145	6
243.55	24.6131	-57.064	5.1012	6
243.6	24.6134	-57.4614	5.0975	6
243.65	24.613	-56.9945	5.1134	6
243.7	24.6124	-57.0594	5.119	6
243.75	24.6123	-58.2825	5.1069	6
243.8	24.6117	-57.9415	5.1144	6
243.85	24.6115	-57.5742	5.1349	6
243.9	24.6114	-57.4933	5.1308	6
243.95	24.6114	-57.6214	5.1241	6
244	24.6112	-57.2848	5.1178	6
244.05	24.6111	-57.3843	5.1184	6
244.1	24.6111	-57.5291	5.1292	6
244.15	24.6112	-57.5322	5.1355	6
244.2	24.611	-57.3819	5.1337	6
244.25	24.6116	-57.9522	5.1179	6
244.3	24.6112	-57.4232	5.1234	6
244.35	24.6111	-57.1136	5.136	6
244.4	24.6112	-57.4525	5.1368	6
244.45	24.6113	-57.406	5.1317	6
244.5	24.6109	-56.7783	5.1162	6
244.55	24.6111	-57.467	5.1128	6
244.6	24.6111	-57.5879	5.1191	6
244.65	24.6109	-57.1412	5.1145	6
244.7	24.6112	-57.4921	5.1136	6
244.75	24.6111	-57.588	5.1093	6
244.8	24.6109	-57.2232	5.1072	6
244.85	24.6108	-57.1036	5.1258	6
244.9	24.611	-57.345	5.1375	6
244.95	24.6108	-57.2733	5.1311	6
245	24.6108	-57.2979	5.126	6
245.05	24.6109	-57.4075	5.1206	6
245.1	24.6111	-57.512	5.112	6
245.15	24.6109	-57.3321	5.1052	6
245.2	24.6109	-57.4468	5.1145	6
245.25	24.6108	-57.0814	5.1156	6
245.3	24.6111	-57.5861	5.1303	6
245.35	24.6109	-57.3209	5.1152	6
245.4	24.6108	-56.9155	5.1086	6
245.45	24.611	-57.3594	5.1348	6
245.5	24.6112	-57.5027	5.144	6
245.55	24.611	-56.9593	5.1422	6
245.6	24.6114	-57.4955	5.1213	6
245.65	24.611	-57.4288	5.1106	6
245.7	24.611	-57.3281	5.1339	6
245.75	24.6111	-57.4639	5.1174	6
245.8	24.6114	-58.2873	5.094	6
245.85	24.611	-57.6351	5.1024	6
245.9	24.6109	-57.35	5.1319	6
245.95	24.6115	-58.1661	5.1405	6
246	24.6111	-57.6317	5.1239	6
246.05	24.6111	-57.186	5.1164	6
246.1	24.6114	-57.5634	5.1259	6
246.15	24.6112	-57.4012	5.1377	6
246.2	24.6112	-57.129	5.1405	6
246.25	24.6114	-57.2874	5.1559	6
246.3	24.6113	-57.3724	5.145	6
246.35	24.6107	-56.619	5.1517	6
246.4	24.6111	-57.0847	5.1529	6
246.45	24.6108	-56.8168	5.1514	6
246.5	24.6101	-55.9969	5.146	6
246.55	24.6105	-56.6694	5.1339	6
246.6	24.6106	-56.7495	5.1418	6
246.65	24.61	-55.8144	5.1383	6
246.7	24.6103	-56.1268	5.1376	6
246.75	24.6106	-56.6689	5.1381	6
246.8	24.6101	-55.8474	5.1571	6
246.85	24.61	-55.2389	5.1749	6
246.9	24.6108	-55.8398	5.1588	6
246.95	24.6106	-55.2255	5.1476	6
247	24.6109	-54.2903	5.1311	6
247.05	24.6112	-55.5117	5.1179	6
247.1	24.6107	-55.1838	5.1349	6
247.15	24.6107	-54.1901	5.1538	6
247.2	24.6114	-55.0856	5.1461	6
247.25	24.6109	-55.3907	5.1466	6
247.3	24.6106	-54.4681	5.1417	6
247.35	24.6116	-55.3719	5.1349	6
247.4	24.611	-55.3874	5.1215	6
247.45	24.6112	-55.2744	5.1117	6
247.5	24.6115	-56.3514	5.1266	6
247.55	24.6111	-56.2758	5.1398	6
247.6	24.6109	-55.7477	5.1444	6
247.65	24.6117	-56.9979	5.1488	6
247.7	24.6112	-56.7958	5.1419	6
247.75	24.6112	-56.7947	5.1495	6
247.8	24.6116	-57.4937	5.1432	6
247.85	24.6121	-57.9627	5.1336	6
247.9	24.6116	-57.3547	5.135	6
247.95	24.6121	-58.0672	5.1396	6
248	24.6125	-58.6116	5.133	6
248.05	24.6121	-58.0188	5.1172	6
248.1	24.6121	-58.0352	5.1363	6
248.15	24.6128	-58.9756	5.1449	6
248.2	24.6122	-58.1514	5.144	6
248.25	24.6123	-58.1835	5.1655	6
248.3	24.613	-59.2295	5.1568	6
248.35	24.6125	-58.3513	5.1424	6
248.4	24.6128	-58.6269	5.1385	6
248.45	24.6135	-59.6177	5.1476	6
248.5	24.6126	-58.4933	5.1424	6
248.55	24.6127	-58.6408	5.1435	6
248.6	24.6135	-59.6	5.1567	6
248.65	24.6129	-58.8497	5.1551	6
248.7	24.6127	-58.4892	5.1586	6
248.75	24.6135	-59.6174	5.1709	6
248.8	24.6134	-59.2924	5.1787	6
248.85	24.6132	-58.7914	5.1895	6
248.9	24.6141	-60.111	5.1795	6
248.95	24.6139	-59.791	5.17	6
249	24.6137	-59.5739	5.1615	6
249.05	24.6139	-60.172	5.1522	6
249.1	24.6134	-61.0783	5.1575	6
249.15	24.6127	-61.0955	5.1579	6
249.2	24.6131	-61.873	5.1445	6
249.25	24.613	-61.6991	5.1505	6
249.3	24.6132	-61.9089	5.1493	6
249.35	24.6137	-62.3884	5.1503	6
249.4	24.6135	-62.082	5.1578	6
249.45	24.6135	-62.0943	5.1513	6
249.5	24.6141	-63.02	5.1316	6
249.55	24.6134	-62.2936	5.132	6
249.6	24.6133	-62.0125	5.1411	6
249.65	24.6142	-63.4069	5.1548	6
249.7	24.6137	-62.7756	5.1638	6
249.75	24.6136	-62.2958	5.1563	6
249.8	24.6143	-63.3617	5.1607	6
249.85	24.6142	-63.2807	5.1556	6
249.9	24.6138	-62.6156	5.155	6
249.95	24.6138	-62.7341	5.1453	6
250	24.6143	-63.9276	5.154	6
250.05	24.613	-63.6519	5.1752	6
250.1	24.613	-64.1	5.1917	6
250.15	24.6131	-64.632	5.1914	6
250.2	24.6128	-64.1868	5.1856	6
250.25	24.6128	-63.807	5.1806	6
250.3	24.6134	-64.8459	5.1674	6
250.35	24.6131	-64.554	5.1412	6
250.4	24.6121	-63.1054	5.1507	6
250.45	24.6128	-64.2267	5.1552	6
250.5	24.613	-64.385	5.1471	6
250.55	24.6119	-62.9499	5.1591	6
250.6	24.6125	-63.7455	5.1357	6
250.65	24.6127	-63.6686	5.1385	6
250.7	24.6122	-63.0235	5.1317	6
250.75	24.6124	-63.4576	5.1267	6
250.8	24.6124	-63.3949	5.1389	6
250.85	24.6123	-63.1439	5.1295	6
250.9	24.6117	-62.5763	5.1311	6
250.95	24.6121	-62.8954	5.1421	6
251	24.6121	-63.0804	5.1536	6
251.05	24.6119	-62.6571	5.1493	6
251.1	24.612	-62.6284	5.1331	6
251.15	24.6124	-63.1811	5.137	6
251.2	24.6118	-62.4748	5.1423	6
251.25	24.6121	-62.8672	5.131	6
251.3	24.612	-62.8484	5.1227	6
251.35	24.6119	-62.6091	5.1113	6
251.4	24.6119	-62.4856	5.1126	6
251.45	24.6123	-62.9073	5.1142	6
251.5	24.6119	-62.233	5.1215	6
251.55	24.6123	-62.765	5.1402	6
251.6	24.6123	-62.7521	5.1149	6
251.65	24.6119	-62.1654	5.1087	6
251.7	24.6123	-62.6627	5.135	6
251.75	24.6121	-62.6546	5.1423	6
251.8	24.6115	-61.9932	5.1403	6
251.85	24.6119	-62.6854	5.1486	6
251.9	24.6115	-63.5414	5.141	6
251.95	24.6108	-62.6549	5.1344	6
252	24.6112	-62.7513	5.1254	6
252.05	24.6116	-63.9676	5.1348	6
252.1	24.6102	-62.8299	5.1397	6
252.15	24.6108	-62.1268	5.1321	6
252.2	24.6119	-63.7411	5.1284	6
252.25	24.6108	-62.9147	5.1237	6
252.3	24.6106	-62.1925	5.1241	6
252.35	24.6117	-63.7573	5.1273	6
252.4	24.611	-63.7419	5.1434	6
252.45	24.6104	-62.4412	5.1537	6
252.5	24.6117	-63.5647	5.1551	6
252.55	24.6109	-63.4762	5.1544	6
252.6	24.6106	-62.6975	5.1532	6
252.65	24.6112	-63.102	5.1374	6
252.7	24.6112	-63.9092	5.1273	6
252.75	24.6106	-63.3734	5.1354	6
252.8	24.6115	-63.7288	5.1347	6
252.85	24.6112	-64.1527	5.1297	6
252.9	24.6108	-63.8107	5.1419	6
252.95	24.6113	-63.7698	5.1466	6
253	24.6113	-64.3487	5.1374	6
253.05	24.6106	-63.6512	5.1308	6
253.1	24.6112	-63.8205	5.1392	6
253.15	24.6115	-64.2934	5.1442	6
253.2	24.6109	-63.9993	5.1375	6
253.25	24.611	-64.0431	5.1147	6
253.3	24.6114	-64.5004	5.1298	6
253.35	24.6112	-64.2117	5.1435	6
253.4	24.611	-63.955	5.1423	6
253.45	24.6114	-64.5922	5.1363	6
253.5	24.6115	-64.7509	5.1305	6
253.55	24.6111	-64.2951	5.1544	6
253.6	24.6114	-64.69	5.1652	6
253.65	24.6118	-64.9726	5.1499	6
253.7	24.6114	-64.5371	5.1561	6
253.75	24.6115	-64.6455	5.1523	6
253.8	24.6114	-64.6271	5.1565	6
253.85	24.6112	-64.4349	5.1628	6
253.9	24.6111	-64.3332	5.1539	6
253.95	24.6109	-64.0766	5.1554	6
254	24.6108	-63.9294	5.1599	6
254.05	24.6109	-64.1925	5.1551	6
254.1	24.6107	-63.6866	5.1664	6
254.15	24.6106	-63.5445	5.1612	6
254.2	24.6109	-64.0084	5.1682	6
254.25	24.6106	-63.5549	5.1628	6
254.3	24.6103	-63.342	5.155	6
254.35	24.6104	-63.5313	5.1517	6
254.4	24.6104	-63.3098	5.1418	6
254.45	24.6101	-62.8989	5.1426	6
254.5	24.6102	-62.4871	5.159	6
254.55	24.611	-62.4617	5.1635	6
254.6	24.6105	-61.552	5.1586	6
254.65	24.6108	-61.0667	5.1663	6
254.7	24.6112	-61.7835	5.1747	6
254.75	24.6106	-61.2024	5.1726	6
254.8	24.6106	-60.5337	5.175	6
254.85	24.6109	-61.0893	5.172	6
254.9	24.6105	-60.6153	5.1584	6
254.95	24.6105	-60.5058	5.1519	6
255	24.6105	-60.5697	5.1424	6
255.05	24.6106	-60.9432	5.1271	6
255.1	24.6101	-60.3732	5.1377	6
255.15	24.6103	-60.5574	5.1579	6
255.2	24.6105	-60.5907	5.1538	6
255.25	24.6104	-60.3752	5.1508	6
255.3	24.6101	-60.0409	5.1471	6
255.35	24.6103	-60.3139	5.152	6
255.4	24.6102	-60.1994	5.1678	6
255.45	24.6097	-59.5127	5.1728	6
255.5	24.61	-59.9116	5.1809	6
255.55	24.61	-59.671	5.1815	6
255.6	24.6101	-59.3157	5.1867	6
255.65	24.61	-59.3498	5.1936	6
255.7	24.6102	-59.8277	5.1947	6
255.75	24.6098	-59.5402	5.1803	6
255.8	24.6096	-59.5058	5.1771	6
255.85	24.6102	-60.1725	5.172	6
255.9	24.6101	-59.8326	5.1748	6
255.95	24.61	-59.8195	5.1709	6
256	24.6105	-60.5538	5.1907	6
256.05	24.6106	-60.5928	5.1755	6
256.1	24.6108	-60.6836	5.1517	6
256.15	24.6112	-61.1715	5.15	6
256.2	24.6115	-61.7335	5.1524	6
256.25	24.6112	-61.1692	5.1705	6
256.3	24.6118	-61.6896	5.1784	6
256.35	24.6122	-61.9985	5.166	6
256.4	24.612	-61.7095	5.1682	6
256.45	24.6117	-61.497	5.161	6
256.5	24.6124	-62.4739	5.1557	6
256.55	24.6124	-62.3804	5.1547	6
256.6	24.6124	-62.3312	5.1461	6
256.65	24.6128	-63.0466	5.163	6
256.7	24.613	-63.2972	5.1629	6
256.75	24.6128	-62.9487	5.1469	6
256.8	24.6133	-63.312	5.1526	6
256.85	24.6136	-63.6992	5.1525	6
256.9	24.6132	-63.61	5.1572	6
256.95	24.6128	-64.6434	5.1635	6
257	24.6124	-65.1436	5.1642	6
257.05	24.6122	-65.1881	5.1735	6
257.1	24.6121	-65.1837	5.1597	6
257.15	24.6122	-65.2087	5.1642	6
257.2	24.6121	-65.1376	5.1749	6
257.25	24.6124	-65.2172	5.1818	6
257.3	24.612	-64.5525	5.19	6
257.35	24.6123	-64.9212	5.1809	6
257.4	24.6122	-64.9402	5.1725	6
257.45	24.6122	-64.7285	5.1706	6
257.5	24.6118	-64.1745	5.1767	6
257.55	24.6124	-64.9901	5.1869	6
257.6	24.6118	-64.2903	5.1852	6
257.65	24.6118	-63.9042	5.1945	6
257.7	24.6119	-64.0922	5.1893	6
257.75	24.612	-64.3876	5.171	6
257.8	24.6112	-63.4555	5.1781	6
257.85	24.6113	-63.5958	5.1713	6
257.9	24.6115	-63.8826	5.1766	6
257.95	24.6112	-63.5313	5.1681	6
258	24.6105	-62.6783	5.165	6
258.05	24.611	-63.4565	5.1701	6
258.1	24.6107	-62.8461	5.1543	6
258.15	24.6103	-62.3378	5.1617	6
258.2	24.6104	-62.5465	5.1718	6
258.25	24.6103	-62.3874	5.163	6
258.3	24.6101	-62.1478	5.1601	6
258.35	24.6097	-61.6083	5.1597	6
258.4	24.6099	-61.7412	5.1496	6
258.45	24.6097	-61.4221	5.146	6
258.5	24.6094	-61.0399	5.1479	6
258.55	24.6095	-61.2359	5.1443	6
258.6	24.6092	-60.8821	5.136	6
258.65	24.6091	-60.5946	5.1462	6
258.7	24.6088	-60.3319	5.1472	6
258.75	24.6087	-60.2536	5.1452	6
258.8	24.6087	-59.6781	5.1623	6
258.85	24.6094	-58.8677	5.1635	6
258.9	24.6098	-58.5157	5.1666	6
258.95	24.6099	-58.7261	5.166	6
259	24.61	-58.8227	5.1502	6
259.05	24.6101	-58.8741	5.1678	6
259.1	24.6099	-58.7847	5.173	6
259.15	24.61	-58.965	5.1546	6
259.2	24.6099	-58.8444	5.1432	6
259.25	24.6098	-58.8321	5.1362	6
259.3	24.6097	-58.8316	5.1337	6
259.35	24.6097	-58.7469	5.1449	6
259.4	24.6099	-58.705	5.1282	6
259.45	24.6096	-58.3534	5.1353	6
259.5	24.6095	-58.3439	5.1427	6
259.55	24.6094	-58.2593	5.1427	6
259.6	24.6094	-58.3072	5.1341	6
259.65	24.6093	-58.156	5.1376	6
259.7	24.6087	-57.4783	5.1375	6
259.75	24.609	-57.9196	5.1293	6
259.8	24.6095	-58.2513	5.131	6
259.85	24.6096	-58.3226	5.1306	6
259.9	24.6098	-58.6869	5.1342	6
259.95	24.6095	-58.4906	5.1445	6
260	24.61	-59.2006	5.1466	6
260.05	24.61	-59.1142	5.1537	6
260.1	24.6097	-58.5918	5.1483	6
260.15	24.6097	-58.5191	5.1214	6
260.2	24.6096	-58.3287	5.1233	6
260.25	24.6091	-57.8514	5.1169	6
260.3	24.609	-57.715	5.1158	6
260.35	24.6093	-58.1478	5.1342	6
260.4	24.6095	-58.3631	5.1439	6
260.45	24.6103	-59.6187	5.1492	6
260.5	24.6105	-60.1292	5.1619	6
260.55	24.6094	-57.991	5.1702	6
260.6	24.6098	-56.7772	5.1663	6
260.65	24.6095	-55.7206	5.1478	6
260.7	24.6088	-54.4668	5.1266	6
260.75	24.6078	-52.9359	5.1324	6
260.8	24.6075	-52.3396	5.1625	6
260.85	24.6068	-51.4488	5.1715	6
260.9	24.6061	-50.5849	5.1571	6
260.95	24.606	-50.3302	5.1627	6
261	24.606	-50.1253	5.1587	6
261.05	24.6056	-49.7096	5.1321	6
261.1	24.6054	-49.4683	5.1318	6
261.15	24.6058	-49.8315	5.1371	6
261.2	24.6063	-48.9087	5.126	6
261.25	24.6067	-47.9046	5.1269	6
261.3	24.607	-48.0133	5.1366	6
261.35	24.6071	-48.0304	5.14	6
261.4	24.6067	-47.5085	5.144	6
261.45	24.6063	-47.0593	5.1284	6
261.5	24.6063	-47.1053	5.1214	6
261.55	24.6064	-47.2374	5.1272	6
261.6	24.6057	-46.3154	5.1294	6
261.65	24.6057	-46.1552	5.1285	6
261.7	24.6059	-46.1156	5.132	6
261.75	24.6062	-44.8892	5.1501	6
261.8	24.6059	-43.6943	5.1454	6
261.85	24.6065	-44.3123	5.1384	6
261.9	24.6063	-44.127	5.1447	6
261.95	24.6057	-43.5081	5.1486	6
262	24.6058	-43.5023	5.152	6
262.05	24.6063	-43.969	5.1421	6
262.1	24.6059	-43.5508	5.1187	6
262.15	24.6059	-43.3702	5.1099	6
262.2	24.6066	-43.5915	5.114	6
262.25	24.6073	-42.8402	5.1387	6
262.3	24.6075	-42.2438	5.1338	6
262.35	24.6076	-42.6489	5.1401	6
262.4	24.6076	-42.8775	5.1387	6
262.45	24.6072	-42.2982	5.1106	6
262.5	24.6076	-42.7708	5.1121	6
262.55	24.6074	-42.5556	5.1253	6
262.6	24.6074	-42.5004	5.1371	6
262.65	24.6073	-42.6297	5.1291	6
262.7	24.6076	-43.0025	5.1282	6
262.75	24.6072	-42.4484	5.1393	6
262.8	24.6075	-42.5759	5.1375	6
262.85	24.6075	-42.5321	5.1238	6
262.9	24.6075	-41.7991	5.127	6
262.95	24.6086	-41.5194	5.1168	6
263	24.6087	-41.578	5.1413	6
263.05	24.6086	-41.3216	5.1587	6
263.1	24.6085	-41.0963	5.1455	6
263.15	24.609	-41.7946	5.1553	6
263.2	24.6086	-41.3532	5.1408	6
263.25	24.6082	-40.649	5.1487	6
263.3	24.6082	-40.7597	5.1555	6
263.35	24.6087	-41.581	5.1468	6
263.4	24.6084	-40.841	5.148	6
263.45	24.6081	-40.2709	5.1401	6
263.5	24.6092	-41.9111	5.1251	6
263.55	24.609	-41.7184	5.1174	6
263.6	24.6084	-40.723	5.1195	6
263.65	24.609	-41.6458	5.1288	6
263.7	24.6099	-42.8293	5.134	6
263.75	24.6094	-41.9989	5.1288	6
263.8	24.6097	-42.4491	5.1285	6
263.85	24.6103	-43.3213	5.1324	6
263.9	24.6097	-42.6007	5.1375	6
263.95	24.6103	-43.3365	5.1344	6
264	24.6099	-43.1273	5.1443	6
264.05	24.61	-42.9341	5.1617	6
264.1	24.6099	-42.3865	5.1476	6
264.15	24.6104	-42.8779	5.1186	6
264.2	24.6104	-42.3413	5.1195	6
264.25	24.6106	-42.4671	5.138	6
264.3	24.6105	-42.0585	5.1464	6
264.35	24.611	-42.2674	5.1267	6
264.4	24.6109	-42.1484	5.1333	6
264.45	24.6113	-42.5	5.1407	6
264.5	24.611	-41.9739	5.1262	6
264.55	24.611	-41.9412	5.1319	6
264.6	24.6112	-42.1472	5.143	6
264.65	24.6112	-42.3565	5.1509	6
264.7	24.6106	-41.5624	5.1573	6
264.75	24.6112	-42.1495	5.1553	6
264.8	24.611	-42.1618	5.1684	6
264.85	24.6105	-40.518	5.1735	6
264.9	24.6111	-41.2453	5.1695	6
264.95	24.6113	-42.0092	5.1556	6
265	24.6105	-40.438	5.1362	6
265.05	24.6109	-40.8466	5.1443	6
265.1	24.6115	-41.7917	5.1331	6
265.15	24.6106	-40.6656	5.1291	6
265.2	24.6104	-40.068	5.1487	6
265.25	24.6116	-41.5559	5.1458	6
265.3	24.6113	-41.5265	5.1449	6
265.35	24.6093	-39.2849	5.1448	6
265.4	24.6108	-40.8492	5.1266	6
265.45	24.6116	-41.6867	5.1235	6
265.5	24.6102	-39.6059	5.1162	6
265.55	24.6098	-39.1702	5.129	6
265.6	24.611	-40.6503	5.1307	6
265.65	24.6108	-40.1923	5.1235	6
265.7	24.6099	-39.1037	5.1215	6
265.75	24.6099	-39.1056	5.1404	6
265.8	24.6103	-39.4477	5.1547	6
265.85	24.6099	-38.9193	5.1472	6
265.9	24.6096	-38.2934	5.1426	6
265.95	24.6097	-38.3259	5.1367	6
266	24.6098	-38.6428	5.1496	6
266.05	24.6095	-38.1853	5.1632	6
266.1	24.6093	-37.8561	5.1576	6
266.15	24.6096	-38.2999	5.1262	6
266.2	24.6096	-38.484	5.1253	6
266.25	24.6093	-37.9599	5.1374	6
266.3	24.6092	-37.8044	5.1316	6
266.35	24.6097	-38.5305	5.1319	6
266.4	24.6096	-38.4748	5.1289	6
266.45	24.609	-37.5315	5.1556	6
266.5	24.6094	-38.1763	5.1554	6
266.55	24.6095	-38.6189	5.1387	6
266.6	24.6088	-37.3487	5.1372	6
266.65	24.6088	-37.3493	5.135	6
266.7	24.6091	-37.8465	5.1396	6
266.75	24.609	-37.5779	5.1523	6
266.8	24.6087	-37.1689	5.1577	6
266.85	24.6084	-36.747	5.1651	6
266.9	24.6087	-37.007	5.1538	6
266.95	24.6091	-37.4158	5.1544	6
267	24.6088	-35.8857	5.1397	6
267.05	24.6092	-34.9658	5.1465	6
267.1	24.61	-35.9962	5.1489	6
267.15	24.6096	-35.4816	5.1373	6
267.2	24.609	-34.5203	5.1387	6
267.25	24.6095	-35.02	5.1502	6
267.3	24.61	-35.7585	5.1528	6
267.35	24.6091	-34.4999	5.1573	6
267.4	24.6088	-34.1127	5.1476	6
267.45	24.6101	-35.862	5.1529	6
267.5	24.6094	-34.7494	5.1647	6
267.55	24.6086	-33.5615	5.1381	6
267.6	24.6092	-34.3498	5.1458	6
267.65	24.6099	-35.126	5.1603	6
267.7	24.6088	-33.8036	5.1564	6
267.75	24.6089	-34.0129	5.1541	6
267.8	24.6098	-35.321	5.1406	6
267.85	24.6098	-35.2897	5.1555	6
267.9	24.6093	-34.3918	5.1583	6
267.95	24.6099	-35.2699	5.1541	6
268	24.6102	-35.6911	5.1552	6
268.05	24.6101	-35.5663	5.152	6
268.1	24.6101	-35.5699	5.1502	6
268.15	24.6103	-36.0046	5.135	6
268.2	24.6107	-36.5861	5.1196	6
268.25	24.6108	-36.6129	5.1239	6
268.3	24.6107	-36.3909	5.1212	6
268.35	24.6111	-36.9753	5.1262	6
268.4	24.611	-36.9367	5.135	6
268.45	24.6108	-36.6538	5.1245	6
268.5	24.6113	-37.3701	5.1338	6
268.55	24.6115	-37.7492	5.1441	6
268.6	24.6114	-37.4536	5.1396	6
268.65	24.6117	-37.7399	5.1437	6
268.7	24.6121	-38.3065	5.1468	6
268.75	24.6115	-37.2557	5.1363	6
268.8	24.6119	-37.7247	5.1568	6
268.85	24.6122	-38.2461	5.1654	6
268.9	24.6115	-37.425	5.1568	6
268.95	24.6115	-37.2532	5.1628	6
269	24.6125	-38.7725	5.1558	6
269.05	24.6114	-37.299	5.149	6
269.1	24.6115	-37.2194	5.167	6
269.15	24.6122	-38.4008	5.169	6
269.2	24.6116	-37.5167	5.1597	6
269.25	24.6108	-36.4681	5.1493	6
269.3	24.6121	-37.9935	5.1502	6
269.35	24.6117	-37.5208	5.1479	6
269.4	24.6111	-36.5246	5.1516	6
269.45	24.6115	-37.2757	5.1681	6
269.5	24.6116	-37.7208	5.191	6
269.55	24.6105	-36.5216	5.1854	6
269.6	24.6111	-37.0394	5.16	6
269.65	24.6116	-37.6939	5.1562	6
269.7	24.6109	-36.6072	5.1439	6
269.75	24.6109	-36.9245	5.1457	6
269.8	24.6115	-37.6162	5.1514	6
269.85	24.611	-36.9836	5.1468	6
269.9	24.6105	-36.7585	5.1542	6
269.95	24.611	-37.4333	5.1428	6
270	24.6109	-36.924	5.1586	6
270.05	24.6108	-36.7677	5.1768	6
270.1	24.6109	-36.8774	5.1689	6
270.15	24.611	-36.8433	5.1751	6
270.2	24.6105	-36.3929	5.165	6
270.25	24.6107	-36.9306	5.1593	6
270.3	24.6104	-36.4187	5.1685	6
270.35	24.6107	-36.5247	5.1656	6
270.4	24.6108	-36.7089	5.1587	6
270.45	24.6107	-36.6103	5.154	6
270.5	24.6105	-36.315	5.1403	6
270.55	24.6107	-36.6846	5.1443	6
270.6	24.6104	-36.4007	5.1486	6
270.65	24.6101	-36.0965	5.1513	6
270.7	24.6104	-36.4755	5.1621	6
270.75	24.6104	-36.5778	5.1638	6
270.8	24.6101	-36.1052	5.1638	6
270.85	24.6101	-36.0808	5.183	6
270.9	24.6105	-36.5527	5.1864	6
270.95	24.6101	-36.0083	5.1717	6
271	24.6099	-35.7641	5.1544	6
271.05	24.6102	-36.3931	5.1569	6
271.1	24.61	-36.1873	5.1522	6
