Indentation

 + User defined profile

+ User defined profile
   Acquisition rate :	20.0 [Hz]
   Linear load 20.00  µN ; 100.00 µN/min
   Pause in load 2 s
   Linear load 0.00  µN ; 100.00 µN/min
   Pause in load 120 s
   Linear depth 20.00  µm ; 500.00 µm/min
   Pause in depth 120 s
   Linear depth 0.00  µm ; 1000.00 µm/min
+ TTX - UNHT Bio S/N: 1000136751 settings
   Fn contact : 25 µN
   Approach distance : 20 µm
   Approach speed : 100 µm/min
   Retract speed : 200 µm/min
   Retract time : 5 sec
   Dz sensor in large range
   Load in fine range
   FnRef in fine range
   FnRef contactload :500.000 µN
   Stiffness threshold : 1 µN/µm

   X Position :9782.24 µm
   Y Position :38924.97 µm
   Z Position :8206.42 µm

Date :6/9/2026
Time :3:44:55 PM

Analysis n # 1

   Method :	Hertz

Cycle # 1

 + Parameters

  Load Fit [10%,98%]

 + Main results

   EHz=	64.666 	kPa

 + Hypothesis


 + Additional results

   ErHz=	71.06 kPa
   h offset=	0.13 µm
   R2=	0.99

Cycle # 2

 + Parameters

  Load Fit [10%,98%]

 + Main results

   EHz=	298.82 	kPa

 + Hypothesis


 + Additional results

   ErHz=	328.37 kPa
   h offset=	2.38 µm
   R2=	0.97

Analysis n # 2

   Method :	Oliver & Pharr

Cycle # 1

 + Parameters

  Unload Fit [40%,98%]

 + Main results

   HIT=	1.7248 	kPa
   EIT=	126.48 	kPa
   E*=	138.99 	kPa

 + Hypothesis

   !!! Indenter not calibrated !!!
   m out of O&P hypothesis
   Poisson's ratio(nu)=	0.30 

 + Additional results

   HVIT=	0.00017582 	 Vickers
   RIT -1/-1/-1=	-29.37 	%
   nIT=	53.96 %
   Fmax=	17.54 	µN
   hmax=	4.05 	µm
   S=	15.8163 	µN/µm
   F/S²=	0.0701 	µm²/µN
   hc=	3.25 	µm
   hr=	2.95 	µm
   hp=	-43.29 	µm
   m=	42.6889 
   Epsilon=	0.73 
   R2=	1.025
   Ap=	10170.09 	µm²
   Welast=	12.94 pJ
   Wplast=	11.05 pJ
   Wtotal=	23.99 pJ
   Er=	138.99 	kPa

Cycle # 2

 + Parameters

  Unload Fit [40%,98%]

 + Main results

   HIT=	21.098 	kPa
   EIT=	5117.4 	kPa
   E*=	5623.5 	kPa

 + Hypothesis

   !!! Indenter not calibrated !!!
   m out of O&P hypothesis
   Poisson's ratio(nu)=	0.30 

 + Additional results

   HVIT=	0.0021506 	 Vickers
   RIT -1/-1/-1=	-828.06 	%
   nIT=	3.78 %
   Fmax=	1272.59 	µN
   hmax=	20.18 	µm
   S=	1558.4086 	µN/µm
   F/S²=	0.0005 	µm²/µN
   hc=	19.58 	µm
   hr=	19.36 	µm
   hp=	17.68 	µm
   m=	3.0565 
   Epsilon=	0.73 
   R2=	1.000
   Ap=	60318.84 	µm²
   Welast=	641.49 pJ
   Wplast=	16326.14 pJ
   Wtotal=	16967.63 pJ
   Er=	5623.4 	kPa

Measured values
Time (s)	Pd (µm)	Fn (µN)	FnRef (µN)	SegmentID

0	0	0	5.1241	0
0.05	0.0891	0.8061	5.1286	0
0.1	0.1791	0.1761	5.134	0
0.15	0.2684	0.7138	5.131	0
0.2	0.3578	0.8122	5.1313	0
0.25	0.4466	1.0873	5.1292	0
0.3	0.5357	0.7537	5.1298	0
0.35	0.624	1.3599	5.1434	0
0.4	0.7124	1.5115	5.1524	0
0.45	0.8009	1.4762	5.1289	0
0.5	0.8887	2.0147	5.1372	0
0.55	0.9766	2.3219	5.1488	0
0.6	1.065	2.0933	5.1248	1
0.65	1.1525	2.6218	5.1206	1
0.7	1.2398	3.0673	5.111	1
0.75	1.3274	3.137	5.1208	1
0.8	1.4094	3.3209	5.1332	1
0.85	1.463	3.4361	5.1243	1
0.9	1.4886	3.7279	5.1258	1
0.95	1.5085	2.8653	5.1109	1
1	1.5259	4.032	5.1009	1
1.05	1.541	3.4216	5.118	1
1.1	1.5564	3.2122	5.1161	1
1.15	1.5701	3.8641	5.1181	1
1.2	1.5822	3.8331	5.1252	1
1.25	1.5949	3.4091	5.1332	1
1.3	1.607	3.8065	5.1239	1
1.35	1.6182	3.7284	5.1111	1
1.4	1.6292	3.9308	5.1327	1
1.45	1.6407	3.4759	5.1448	1
1.5	1.6512	4.3109	5.1267	1
1.55	1.6607	3.7822	5.125	1
1.6	1.6712	3.9218	5.135	1
1.65	1.6803	4.3578	5.1511	1
1.7	1.6899	4.0062	5.1541	1
1.75	1.6999	4.0179	5.1361	1
1.8	1.7094	4.4299	5.1366	1
1.85	1.7191	3.951	5.132	1
1.9	1.7279	4.5841	5.1255	1
1.95	1.7367	4.2265	5.1393	1
2	1.7464	4.1885	5.1396	1
2.05	1.7562	4.1546	5.1393	1
2.1	1.7645	4.8919	5.1309	1
2.15	1.7736	4.1162	5.1417	1
2.2	1.783	4.5252	5.1539	1
2.25	1.7917	4.6082	5.1511	1
2.3	1.8007	4.4744	5.1546	1
2.35	1.8106	4.0853	5.1596	1
2.4	1.8192	5.5025	5.1516	1
2.45	1.8279	4.2447	5.1433	1
2.5	1.838	4.5157	5.1343	1
2.55	1.847	5.0301	5.1426	1
2.6	1.8558	4.8452	5.1364	1
2.65	1.8652	4.6029	5.1208	1
2.7	1.8749	4.919	5.1325	1
2.75	1.8829	5.3626	5.1325	1
2.8	1.8932	4.475	5.1173	1
2.85	1.9029	5.278	5.1042	1
2.9	1.9119	5.1036	5.1059	1
2.95	1.9218	4.833	5.1177	1
3	1.9319	4.8838	5.116	1
3.05	1.9412	5.5414	5.1247	1
3.1	1.9511	4.7797	5.1283	1
3.15	1.9618	5.0314	5.1183	1
3.2	1.9718	5.4151	5.1418	1
3.25	1.9821	5.1489	5.1276	1
3.3	1.9927	5.1043	5.1147	1
3.35	2.003	5.6267	5.1322	1
3.4	2.0127	5.2613	5.1432	1
3.45	2.0232	5.5659	5.1582	1
3.5	2.0332	5.4763	5.1581	1
3.55	2.0434	5.4756	5.1569	1
3.6	2.055	5.3366	5.1456	1
3.65	2.0649	5.9286	5.1233	1
3.7	2.0761	5.4783	5.1467	1
3.75	2.0874	5.4543	5.1239	1
3.8	2.0977	6.0707	5.117	1
3.85	2.1089	5.4721	5.1484	1
3.9	2.1205	5.5243	5.1505	1
3.95	2.1317	6.2329	5.1537	1
4	2.143	5.6691	5.1411	1
4.05	2.1546	5.6668	5.1212	1
4.1	2.1662	6.262	5.1288	1
4.15	2.1773	5.8469	5.1198	1
4.2	2.1898	5.935	5.1244	1
4.25	2.2014	6.1594	5.1164	1
4.3	2.2135	6.1365	5.1165	1
4.35	2.2253	6.3044	5.1287	1
4.4	2.2375	5.8758	5.1337	1
4.45	2.2497	6.6306	5.13	1
4.5	2.2612	6.272	5.1222	1
4.55	2.2737	6.22	5.1219	1
4.6	2.2864	6.3903	5.1251	1
4.65	2.2981	6.7469	5.1217	1
4.7	2.3112	6.1826	5.11	1
4.75	2.3236	6.7839	5.1191	1
4.8	2.3358	6.5348	5.1178	1
4.85	2.3483	6.8878	5.1051	1
4.9	2.3611	6.6761	5.0974	1
4.95	2.3741	6.83	5.095	1
5	2.386	7.1765	5.0959	1
5.05	2.3994	6.6477	5.0991	1
5.1	2.4122	7.2277	5.1055	1
5.15	2.4254	7.0549	5.1	1
5.2	2.4379	7.4513	5.0924	1
5.25	2.4512	7.1686	5.0905	1
5.3	2.4643	7.175	5.089	1
5.35	2.4773	7.6529	5.0976	1
5.4	2.4896	7.5539	5.0968	1
5.45	2.5042	6.8635	5.1036	1
5.5	2.5168	8.2702	5.1213	1
5.55	2.53	7.4089	5.1299	1
5.6	2.5438	7.6602	5.1238	1
5.65	2.5574	7.8257	5.1166	1
5.7	2.5698	8.3919	5.1094	1
5.75	2.5835	7.3682	5.0953	1
5.8	2.5971	8.5047	5.1022	1
5.85	2.6095	8.3946	5.1224	1
5.9	2.6229	8.0944	5.1253	1
5.95	2.6368	8.1667	5.1039	1
6	2.6504	8.592	5.1124	1
6.05	2.6635	8.3868	5.1109	1
6.1	2.6766	8.7441	5.1035	1
6.15	2.6902	8.1115	5.1003	1
6.2	2.7042	8.9984	5.1173	1
6.25	2.7173	8.6589	5.13	1
6.3	2.7322	8.2949	5.1258	1
6.35	2.7458	9.5624	5.1459	1
6.4	2.7588	8.7419	5.1418	1
6.45	2.7737	8.6969	5.1194	1
6.5	2.7871	9.3385	5.1351	1
6.55	2.8007	9.0391	5.1494	1
6.6	2.8151	9.2599	5.1342	1
6.65	2.8284	9.4712	5.1234	1
6.7	2.8426	8.9075	5.1212	1
6.75	2.8563	10.0975	5.107	1
6.8	2.8702	8.8453	5.0955	1
6.85	2.885	9.8596	5.1104	1
6.9	2.8978	9.9089	5.1239	1
6.95	2.9123	9.5583	5.1059	1
7	2.9266	9.9496	5.1079	1
7.05	2.9406	9.8037	5.1109	1
7.1	2.9545	10.2363	5.1007	1
7.15	2.9688	9.906	5.1011	1
7.2	2.983	10.2311	5.0976	1
7.25	2.997	10.3457	5.1088	1
7.3	3.0108	10.3063	5.1098	1
7.35	3.0251	10.5406	5.1108	1
7.4	3.0383	10.6971	5.1031	1
7.45	3.0525	10.4496	5.1022	1
7.5	3.0668	10.8242	5.1015	1
7.55	3.0802	10.8699	5.0985	1
7.6	3.0946	10.8903	5.1029	1
7.65	3.1089	10.8502	5.1154	1
7.7	3.1223	11.4917	5.1296	1
7.75	3.1363	11.0046	5.1307	1
7.8	3.1504	11.0319	5.1235	1
7.85	3.1639	11.7655	5.1336	1
7.9	3.1776	11.1083	5.1407	1
7.95	3.192	11.5214	5.1266	1
8	3.2059	11.6647	5.1266	1
8.05	3.2198	11.6041	5.1365	1
8.1	3.2333	12.0809	5.1321	1
8.15	3.2474	11.4949	5.1349	1
8.2	3.2612	12.3903	5.1454	1
8.25	3.2745	11.9845	5.13	1
8.3	3.2889	11.9983	5.1233	1
8.35	3.3027	12.3913	5.1147	1
8.4	3.3167	12.0606	5.101	1
8.45	3.3309	12.4138	5.1047	1
8.5	3.3443	12.6196	5.1102	1
8.55	3.3587	12.3579	5.1147	1
8.6	3.3728	12.616	5.1056	1
8.65	3.3858	13.1962	5.1065	1
8.7	3.3996	12.4626	5.1179	1
8.75	3.4144	12.7672	5.1227	1
8.8	3.4277	13.4533	5.1289	1
8.85	3.4411	13.0163	5.1229	1
8.9	3.4555	12.9815	5.1094	1
8.95	3.4689	13.5911	5.1097	1
9	3.4822	13.2696	5.0935	1
9.05	3.4965	13.2006	5.0943	1
9.1	3.5096	13.9726	5.1037	1
9.15	3.5232	13.5101	5.1123	1
9.2	3.537	13.8074	5.1228	1
9.25	3.5514	13.3857	5.122	1
9.3	3.5649	14.3575	5.1146	2
9.35	3.5783	13.5585	5.0962	2
9.4	3.5922	14.2427	5.0928	2
9.45	3.6055	14.3003	5.1284	2
9.5	3.6192	14.1369	5.1443	2
9.55	3.6326	14.4809	5.1269	2
9.6	3.6453	14.7058	5.1124	2
9.65	3.6581	14.4313	5.1074	2
9.7	3.6711	14.9077	5.1127	2
9.75	3.6831	14.6758	5.1012	2
9.8	3.6954	15.0273	5.1087	2
9.85	3.7077	14.8104	5.1069	2
9.9	3.7198	15.2415	5.1132	2
9.95	3.7307	15.2578	5.1248	2
10	3.7423	15.2423	5.1114	2
10.05	3.7531	15.314	5.1043	2
10.1	3.7641	15.5657	5.1108	2
10.15	3.7749	15.3129	5.1151	2
10.2	3.7855	15.71	5.1247	2
10.25	3.7948	16.0264	5.1212	2
10.3	3.8047	15.598	5.1124	2
10.35	3.8152	15.6781	5.1187	2
10.4	3.8243	16.2822	5.1291	2
10.45	3.8332	16.0893	5.13	2
10.5	3.8431	15.9437	5.1251	2
10.55	3.8519	16.3659	5.1208	2
10.6	3.8601	16.4244	5.135	2
10.65	3.869	16.1376	5.1276	2
10.7	3.877	16.6311	5.1099	2
10.75	3.8846	16.6628	5.1142	2
10.8	3.8929	16.2953	5.1294	2
10.85	3.9008	16.7893	5.1281	2
10.9	3.9082	16.5521	5.124	2
10.95	3.9155	16.8725	5.1307	2
11	3.9235	16.5356	5.1281	2
11.05	3.9302	17.1314	5.117	2
11.1	3.9366	16.9153	5.1347	2
11.15	3.9431	16.8826	5.1391	2
11.2	3.9499	16.9879	5.1269	2
11.25	3.9559	17.339	5.1398	2
11.3	3.9631	16.5778	5.1225	3
11.35	3.9697	17.5413	5.1227	3
11.4	3.975	17.2167	5.1284	3
11.45	3.9809	17.3227	5.1175	3
11.5	3.9859	17.3847	5.1181	3
11.55	3.9921	17.2697	5.1092	3
11.6	3.9969	17.5888	5.1233	3
11.65	4.0022	17.2132	5.1363	3
11.7	4.0066	17.5946	5.1318	3
11.75	4.0106	17.8486	5.1227	3
11.8	4.0151	17.0958	5.1021	3
11.85	4.019	17.9488	5.1089	3
11.9	4.0215	17.705	5.1269	3
11.95	4.0255	17.1278	5.1356	3
12	4.0283	17.8277	5.1491	3
12.05	4.0305	17.9636	5.145	3
12.1	4.0333	17.0404	5.132	3
12.15	4.0358	17.9521	5.1297	3
12.2	4.0379	17.6517	5.1378	3
12.25	4.0388	17.6419	5.1452	3
12.3	4.0409	17.5039	5.1315	3
12.35	4.0421	17.7998	5.1384	3
12.4	4.0436	17.325	5.1397	3
12.45	4.0447	17.7625	5.1361	3
12.5	4.0441	18.0661	5.1469	3
12.55	4.0455	16.7938	5.148	3
12.6	4.0469	17.7759	5.1526	3
12.65	4.0455	18.0562	5.1581	3
12.7	4.0455	17.2645	5.1379	3
12.75	4.0451	17.6425	5.1353	3
12.8	4.045	17.3627	5.1314	3
12.85	4.0445	17.5709	5.119	3
12.9	4.0442	17.1735	5.1301	3
12.95	4.0435	17.5236	5.1412	3
13	4.0417	17.6294	5.1464	3
13.05	4.0406	17.1606	5.1344	3
13.1	4.0399	17.2319	5.135	3
13.15	4.0384	17.1854	5.1573	3
13.2	4.0368	17.4879	5.1455	3
13.25	4.0347	17.1711	5.1277	3
13.3	4.033	17.083	5.1279	3
13.35	4.0311	17.2997	5.1342	3
13.4	4.0295	16.5953	5.1409	3
13.45	4.0277	17.3352	5.1291	3
13.5	4.0246	17.0246	5.1179	3
13.55	4.0231	16.4972	5.1212	3
13.6	4.0211	17.0532	5.1217	3
13.65	4.0177	17.2935	5.1264	3
13.7	4.0157	16.2034	5.142	3
13.75	4.0128	17.1157	5.1363	3
13.8	4.0094	16.7978	5.1238	3
13.85	4.0063	16.5003	5.1355	3
13.9	4.004	16.3787	5.1437	3
13.95	4.0007	16.6629	5.1378	3
14	3.9972	16.6209	5.1408	3
14.05	3.994	16.317	5.1465	3
14.1	3.9917	16.0108	5.1381	3
14.15	3.9875	16.7781	5.1257	3
14.2	3.9836	16.2203	5.1274	3
14.25	3.9797	16.1473	5.1262	3
14.3	3.9761	16.2055	5.1229	3
14.35	3.9727	15.6919	5.116	3
14.4	3.969	16.2795	5.1167	3
14.45	3.9654	15.7961	5.1096	3
14.5	3.9615	15.8055	5.1021	3
14.55	3.9575	16.0144	5.0922	3
14.6	3.954	15.2234	5.0889	3
14.65	3.9495	16.0747	5.0815	3
14.7	3.9455	15.2178	5.0726	3
14.75	3.9416	15.6529	5.0883	3
14.8	3.937	15.6937	5.0959	3
14.85	3.9333	14.9771	5.1069	3
14.9	3.9292	15.2828	5.1192	3
14.95	3.925	15.3098	5.1109	3
15	3.9206	15.1063	5.1088	3
15.05	3.9165	15.1025	5.1143	3
15.1	3.9121	15.0657	5.1016	3
15.15	3.9079	14.7103	5.0899	3
15.2	3.9028	15.505	5.0986	3
15.25	3.8979	14.3648	5.107	3
15.3	3.8939	14.9557	5.0998	3
15.35	3.8887	14.8177	5.1022	3
15.4	3.8839	14.5201	5.1124	3
15.45	3.8796	14.4583	5.1167	3
15.5	3.8745	14.7235	5.12	3
15.55	3.8694	14.5012	5.1099	3
15.6	3.8652	14.1262	5.0799	3
15.65	3.8598	14.8255	5.0828	3
15.7	3.8539	14.2501	5.0998	3
15.75	3.8493	14.0766	5.1032	3
15.8	3.844	14.3361	5.1044	3
15.85	3.8389	14.1558	5.0987	3
15.9	3.8331	14.0303	5.1031	3
15.95	3.8281	13.8637	5.1045	3
16	3.8223	14.0445	5.0983	3
16.05	3.8165	14.0996	5.1035	3
16.1	3.8111	13.6871	5.1061	3
16.15	3.8051	13.7954	5.1024	3
16.2	3.7993	13.8957	5.1044	3
16.25	3.7935	13.3077	5.1084	3
16.3	3.7874	14.0199	5.1136	3
16.35	3.7817	13.1894	5.1129	3
16.4	3.7762	13.5793	5.1183	3
16.45	3.7699	13.4501	5.1165	3
16.5	3.7642	13.0372	5.1111	3
16.55	3.7581	13.4288	5.1077	3
16.6	3.7517	13.2331	5.1077	3
16.65	3.7455	13.1657	5.0891	3
16.7	3.739	13.2719	5.1075	3
16.75	3.7329	12.5894	5.1104	3
16.8	3.7266	13.1634	5.106	3
16.85	3.7199	12.9427	5.1133	3
16.9	3.7142	12.4991	5.1135	3
16.95	3.7078	12.9503	5.103	3
17	3.7005	12.6577	5.0964	3
17.05	3.6938	12.7726	5.1044	3
17.1	3.6873	12.5672	5.1192	3
17.15	3.6804	12.3066	5.1181	3
17.2	3.6742	12.4775	5.1102	3
17.25	3.6662	12.7307	5.1135	3
17.3	3.6598	11.8748	5.1109	3
17.35	3.653	12.4902	5.1081	3
17.4	3.6452	12.2482	5.0871	3
17.45	3.6389	12.0756	5.0995	3
17.5	3.6323	11.9279	5.1018	3
17.55	3.6249	12.1597	5.0877	3
17.6	3.6176	11.9842	5.1079	3
17.65	3.6099	11.871	5.1034	3
17.7	3.6036	11.6868	5.1038	3
17.75	3.5949	12.1999	5.0999	3
17.8	3.5886	11.1719	5.1022	3
17.85	3.5817	11.5231	5.118	3
17.9	3.5739	12.0275	5.128	3
17.95	3.5664	11.0416	5.1119	3
18	3.5596	11.3955	5.1013	3
18.05	3.5508	11.8817	5.099	3
18.1	3.5442	10.3761	5.0958	3
18.15	3.5371	11.5795	5.0935	3
18.2	3.5289	11.1015	5.1078	3
18.25	3.5214	10.9179	5.1234	3
18.3	3.5142	10.7794	5.1094	3
18.35	3.5065	10.9281	5.1144	3
18.4	3.4992	10.779	5.1258	3
18.45	3.4912	10.8249	5.1218	3
18.5	3.484	10.282	5.1339	3
18.55	3.4762	10.9358	5.1207	3
18.6	3.467	10.7605	5.105	3
18.65	3.4609	9.5969	5.096	3
18.7	3.4526	10.9794	5.0994	3
18.75	3.4441	10.0989	5.1052	3
18.8	3.4376	9.4877	5.1053	3
18.85	3.4296	10.4805	5.1079	3
18.9	3.4212	10.2189	5.1072	3
18.95	3.4143	9.2365	5.0852	3
19	3.4066	10.3416	5.1058	3
19.05	3.3979	9.7984	5.1137	3
19.1	3.3904	9.2792	5.1111	3
19.15	3.3828	9.9893	5.1249	3
19.2	3.374	9.7818	5.1275	3
19.25	3.3669	9.0276	5.1164	3
19.3	3.3592	9.6478	5.1149	3
19.35	3.3505	9.2231	5.1086	3
19.4	3.3429	9.2173	5.1077	3
19.45	3.3352	8.92	5.1034	3
19.5	3.3268	9.3794	5.0989	3
19.55	3.3189	8.9141	5.1005	3
19.6	3.3117	8.4311	5.1175	3
19.65	3.303	9.584	5.1262	3
19.7	3.294	8.8433	5.1189	3
19.75	3.2865	8.198	5.1161	3
19.8	3.2789	9.0346	5.1183	3
19.85	3.2694	8.7966	5.1069	3
19.9	3.2619	8.2217	5.1058	3
19.95	3.2536	8.601	5.1042	3
20	3.2443	8.6926	5.1135	3
20.05	3.2356	8.4481	5.1259	3
20.1	3.2276	7.8431	5.1189	3
20.15	3.2192	8.5069	5.1102	3
20.2	3.2103	8.1337	5.0945	3
20.25	3.2021	7.9669	5.0982	3
20.3	3.1938	8.0657	5.1086	3
20.35	3.1844	8.1311	5.1086	3
20.4	3.1757	7.999	5.1046	3
20.45	3.167	7.6328	5.1085	3
20.5	3.1579	8.1406	5.1277	3
20.55	3.149	7.6581	5.1423	3
20.6	3.14	7.7542	5.1384	3
20.65	3.1308	7.809	5.1205	3
20.7	3.121	7.5427	5.1164	3
20.75	3.1121	7.5799	5.13	3
20.8	3.1027	7.4982	5.1228	3
20.85	3.0931	7.4203	5.1274	3
20.9	3.0832	7.766	5.1501	3
20.95	3.0737	7.026	5.1451	3
21	3.0647	7.0443	5.1279	3
21.05	3.0555	7.2488	5.1219	3
21.1	3.0452	7.1914	5.1244	3
21.15	3.0353	7.2861	5.1322	3
21.2	3.0264	6.3845	5.1374	3
21.25	3.0159	7.5764	5.1271	3
21.3	3.0056	6.6802	5.1162	3
21.35	2.9968	6.5133	5.1152	3
21.4	2.9863	7.1487	5.1203	3
21.45	2.9764	6.4591	5.122	3
21.5	2.9667	6.4739	5.116	3
21.55	2.9561	6.9914	5.1148	3
21.6	2.9456	6.1262	5.112	3
21.65	2.9359	6.583	5.1155	3
21.7	2.925	6.6433	5.1188	3
21.75	2.9152	5.911	5.1186	3
21.8	2.9045	6.7762	5.1164	3
21.85	2.8934	5.8882	5.1151	3
21.9	2.8834	6.4956	5.0984	3
21.95	2.8725	5.6543	5.1044	3
22	2.8621	6.6024	5.1161	3
22.05	2.8509	5.8913	5.1152	3
22.1	2.8404	5.9772	5.1081	3
22.15	2.8292	5.9314	5.1186	3
22.2	2.8183	5.9507	5.134	3
22.25	2.807	5.681	5.1378	3
22.3	2.7965	5.6212	5.1334	3
22.35	2.7849	5.8372	5.1107	3
22.4	2.7744	5.5272	5.0921	3
22.45	2.7633	5.4975	5.1086	3
22.5	2.752	5.4738	5.1143	3
22.55	2.7398	5.723	5.1135	3
22.6	2.7286	4.9689	5.1237	3
22.65	2.7172	5.4053	5.1192	3
22.7	2.7054	5.2329	5.1134	3
22.75	2.694	4.9528	5.107	3
22.8	2.6831	5.1322	5.1148	3
22.85	2.671	5.3656	5.1037	3
22.9	2.6593	4.8824	5.1076	3
22.95	2.6479	4.7699	5.1229	3
23	2.6362	5.0124	5.1167	3
23.05	2.6236	5.1352	5.1106	3
23.1	2.612	4.1126	5.1255	3
23.15	2.6005	4.9325	5.1252	3
23.2	2.588	4.6826	5.1166	3
23.25	2.5757	4.6535	5.1174	3
23.3	2.5642	4.3299	5.1165	4
23.35	2.5517	4.4962	5.1111	4
23.4	2.5387	4.8355	5.1197	4
23.45	2.5266	3.8306	5.1304	4
23.5	2.5147	4.1566	5.1379	4
23.55	2.5018	4.6651	5.1269	4
23.6	2.4897	3.7399	5.1291	4
23.65	2.4779	4.0089	5.1248	4
23.7	2.4659	4.2505	5.1317	4
23.75	2.4535	3.9766	5.1247	4
23.8	2.4421	3.6297	5.1076	4
23.85	2.4311	3.8988	5.1068	4
23.9	2.4195	3.8944	5.0977	4
23.95	2.408	3.7734	5.11	4
24	2.3972	3.6552	5.1416	4
24.05	2.3851	3.8765	5.1283	4
24.1	2.3744	3.3114	5.1303	4
24.15	2.364	3.4668	5.128	4
24.2	2.353	3.3695	5.1167	4
24.25	2.3424	3.6197	5.1192	4
24.3	2.3322	3.0874	5.1139	4
24.35	2.3222	3.2332	5.1132	4
24.4	2.312	3.3245	5.1157	4
24.45	2.3013	3.1586	5.1428	4
24.5	2.2918	2.9309	5.146	4
24.55	2.2818	3.1999	5.1338	4
24.6	2.2717	3.2146	5.1428	4
24.65	2.2623	2.8168	5.1376	4
24.7	2.2528	2.7651	5.1225	4
24.75	2.2433	3.3275	5.1238	4
24.8	2.2332	2.5783	5.1165	4
24.85	2.2248	2.678	5.135	4
24.9	2.2155	2.9672	5.145	4
24.95	2.2063	2.5201	5.1457	4
25	2.1978	2.5177	5.1515	4
25.05	2.1887	3.01	5.1415	4
25.1	2.1793	2.5807	5.1208	4
25.15	2.1715	2.0922	5.1298	4
25.2	2.1624	3.0583	5.1402	4
25.25	2.1535	2.2408	5.1336	4
25.3	2.1454	2.2049	5.1373	4
25.35	2.137	2.5094	5.1522	4
25.4	2.1283	2.3749	5.1595	4
25.45	2.1199	2.4441	5.1434	4
25.5	2.112	2.1225	5.1274	4
25.55	2.1039	2.1383	5.1277	4
25.6	2.0959	2.4863	5.1243	4
25.65	2.0876	1.9518	5.1286	4
25.7	2.0799	2.3215	5.1318	4
25.75	2.0715	2.2506	5.13	4
25.8	2.0636	2.088	5.1239	4
25.85	2.0562	1.8941	5.1192	4
25.9	2.048	2.4574	5.1254	4
25.95	2.0404	1.7852	5.125	4
26	2.0334	2.0417	5.1222	4
26.05	2.0258	2.1807	5.1177	4
26.1	2.0178	1.9625	5.1164	4
26.15	2.0108	1.7767	5.1139	4
26.2	2.003	2.2973	5.1132	4
26.25	1.9948	1.8255	5.1131	4
26.3	1.9875	2.0094	5.125	4
26.35	1.9803	1.6276	5.1295	4
26.4	1.9729	2.1313	5.125	4
26.45	1.9652	1.9513	5.1081	4
26.5	1.9592	1.2027	5.1042	4
26.55	1.952	2.0917	5.1202	4
26.6	1.9442	2.0297	5.1199	4
26.65	1.9378	1.1126	5.1188	4
26.7	1.9311	1.9676	5.1176	4
26.75	1.9236	1.8375	5.1179	4
26.8	1.916	1.8365	5.1361	4
26.85	1.9098	1.428	5.125	4
26.9	1.9033	1.8402	5.1254	4
26.95	1.8955	2.0185	5.1324	4
27	1.8892	1.0575	5.1387	4
27.05	1.8835	1.5631	5.1386	4
27.1	1.8752	2.5189	5.1213	4
27.15	1.8688	0.9048	5.1259	4
27.2	1.8631	1.6018	5.1365	4
27.25	1.8554	2.2741	5.1402	4
27.3	1.8487	1.2615	5.1424	4
27.35	1.8432	1.1754	5.1301	4
27.4	1.8361	2.2941	5.1339	4
27.45	1.8284	1.5769	5.1429	4
27.5	1.8227	1.1733	5.1339	4
27.55	1.8166	1.6896	5.1396	4
27.6	1.8085	2.1649	5.1267	4
27.65	1.8022	1.1274	5.1104	4
27.7	1.797	1.2023	5.114	4
27.75	1.7899	2.1842	5.1235	4
27.8	1.7823	1.4588	5.1356	4
27.85	1.7771	0.8977	5.1383	4
27.9	1.7704	2.0836	5.1408	4
27.95	1.763	1.7331	5.1403	4
28	1.7576	0.7479	5.1333	4
28.05	1.7508	2.2277	5.1456	4
28.1	1.7438	1.2552	5.1621	4
28.15	1.7379	1.4642	5.1637	4
28.2	1.7318	1.4255	5.1745	4
28.25	1.7249	1.8055	5.1628	4
28.3	1.7185	1.1865	5.1452	4
28.35	1.7128	1.3236	5.14	4
28.4	1.7059	1.8545	5.1433	4
28.45	1.6995	1.24	5.15	4
28.5	1.6939	1.1616	5.1596	4
28.55	1.6871	1.8174	5.1554	4
28.6	1.6806	1.2853	5.1295	4
28.65	1.6746	1.2271	5.1389	4
28.7	1.6687	1.1907	5.1411	4
28.75	1.6626	1.486	5.1265	4
28.8	1.6567	1.1766	5.1208	4
28.85	1.6509	1.5011	5.126	4
28.9	1.6453	0.7876	5.1232	4
28.95	1.639	2.0079	5.1451	4
29	1.6327	0.8266	5.1394	4
29.05	1.6276	1.2049	5.1328	4
29.1	1.6212	1.5923	5.1432	4
29.15	1.6148	1.3028	5.141	4
29.2	1.6095	0.8174	5.1583	4
29.25	1.6039	1.5799	5.1499	4
29.3	1.5972	1.0901	5.1378	4
29.35	1.5924	0.9695	5.133	4
29.4	1.5859	1.4103	5.1368	4
29.45	1.5805	1.3676	5.1462	4
29.5	1.5743	1.1658	5.1409	4
29.55	1.5693	0.9065	5.139	4
29.6	1.563	1.481	5.139	4
29.65	1.5571	1.1208	5.1374	4
29.7	1.5519	0.8499	5.1386	4
29.75	1.547	1.0282	5.119	4
29.8	1.5406	1.6179	5.1193	4
29.85	1.5351	0.5792	5.1402	4
29.9	1.5314	1.006	5.1477	4
29.95	1.5241	1.5671	5.1483	4
30	1.5198	0.4519	5.1439	4
30.05	1.5142	1.1573	5.1409	4
30.1	1.5093	0.801	5.1338	4
30.15	1.5033	1.4067	5.131	4
30.2	1.4995	0.1348	5.1458	4
30.25	1.4938	1.719	5.1479	4
30.3	1.4884	0.4918	5.1483	4
30.35	1.4836	1.0764	5.1496	4
30.4	1.4786	0.3397	5.1414	4
30.45	1.4733	1.6519	5.1428	4
30.5	1.4685	-0.0526	5.1595	4
30.55	1.4638	1.5712	5.1637	4
30.6	1.458	0.6639	5.1703	4
30.65	1.4535	0.9421	5.1636	4
30.7	1.4483	0.5853	5.1527	4
30.75	1.4435	1.2134	5.1369	4
30.8	1.438	0.4424	5.1517	4
30.85	1.4339	1.0612	5.1776	4
30.9	1.4281	0.6602	5.1749	4
30.95	1.4239	0.9161	5.1562	4
31	1.4188	0.6001	5.1485	4
31.05	1.4146	0.8985	5.1354	4
31.1	1.4093	0.6545	5.1401	4
31.15	1.405	0.7955	5.1519	4
31.2	1.4005	0.4786	5.1606	4
31.25	1.3963	0.5269	5.1664	4
31.3	1.391	1.1085	5.1494	4
31.35	1.3871	0.1275	5.1432	4
31.4	1.3818	1.2467	5.1603	4
31.45	1.3767	0.4158	5.152	4
31.5	1.3727	0.6194	5.1509	4
31.55	1.3685	0.5492	5.1339	4
31.6	1.3636	0.8255	5.1268	4
31.65	1.3592	0.3437	5.1279	4
31.7	1.3549	0.7022	5.1358	4
31.75	1.3504	0.7702	5.1324	4
31.8	1.3456	0.7007	5.1329	4
31.85	1.3421	0.0132	5.1391	4
31.9	1.3374	1.0101	5.1367	4
31.95	1.333	0.4777	5.1447	4
32	1.329	0.2482	5.1507	4
32.05	1.3243	1.0288	5.1528	4
32.1	1.3202	0.002	5.1636	4
32.15	1.3161	1.1254	5.1436	4
32.2	1.3115	0.1507	5.1323	4
32.25	1.3072	0.8675	5.1359	4
32.3	1.3035	0.006	5.1394	4
32.35	1.2987	0.7861	5.1418	4
32.4	1.2948	0.3178	5.1436	4
32.45	1.2908	0.3462	5.139	4
32.5	1.2873	0.0812	5.1381	4
32.55	1.2828	1.106	5.1307	4
32.6	1.2785	0.0171	5.136	4
32.65	1.2758	0.3	5.13	4
32.7	1.2707	0.8946	5.12	4
32.75	1.2671	-0.1171	5.1109	4
32.8	1.2635	0.4373	5.1208	4
32.85	1.2595	0.8129	5.1272	4
32.9	1.2551	0.0472	5.1346	4
32.95	1.2526	0.1438	5.1346	4
33	1.2478	0.7509	5.1343	4
33.05	1.2444	-0.1308	5.121	4
33.1	1.2411	0.5426	5.1155	4
33.15	1.2373	0.1515	5.1318	4
33.2	1.2329	0.8013	5.1288	4
33.25	1.2302	-0.5579	5.1193	4
33.3	1.2256	1.3037	5.1179	4
33.35	1.2218	-0.26	5.118	4
33.4	1.219	0.2857	5.1133	4
33.45	1.2147	0.5052	5.1042	4
33.5	1.2105	0.2466	5.1245	4
33.55	1.2067	0.2128	5.1273	4
33.6	1.2033	0.3784	5.118	4
33.65	1.1997	0.0717	5.1349	4
33.7	1.1966	0.3142	5.1383	4
33.75	1.1926	0.3837	5.1375	4
33.8	1.188	0.7352	5.1385	4
33.85	1.1844	-0.1316	5.1251	4
33.9	1.1809	0.3619	5.1252	4
33.95	1.1767	0.7358	5.1268	4
34	1.1728	-0.1144	5.1328	4
34.05	1.1699	0.0291	5.1266	4
34.1	1.1659	0.6907	5.1299	4
34.15	1.1614	0.4086	5.1284	4
34.2	1.1586	-0.0006	5.1169	4
34.25	1.1543	0.6823	5.1265	4
34.3	1.1502	0.3142	5.1329	4
34.35	1.1476	-0.2241	5.1203	4
34.4	1.1442	0.5383	5.1178	4
34.45	1.139	0.7637	5.1234	4
34.5	1.1357	-0.2241	5.1205	4
34.55	1.1319	0.6219	5.1291	4
34.6	1.1281	0.2504	5.1464	4
34.65	1.1248	0.0597	5.1431	4
34.7	1.1215	0.3132	5.1272	4
34.75	1.1172	0.5775	5.1295	4
34.8	1.1137	-0.2058	5.1387	4
34.85	1.1105	0.4773	5.1296	4
34.9	1.1064	0.3638	5.1331	4
34.95	1.1029	0.0354	5.1358	4
35	1.0997	-0.0026	5.1339	4
35.05	1.0963	0.4419	5.1254	4
35.1	1.0922	0.1229	5.1154	4
35.15	1.0895	0.2425	5.1187	4
35.2	1.0855	-0.08	5.1316	4
35.25	1.0818	0.625	5.1254	4
35.3	1.079	-0.463	5.1225	4
35.35	1.0761	0.1209	5.1337	4
35.4	1.0724	0.4485	5.1323	4
35.45	1.0689	-0.0935	5.1342	4
35.5	1.0664	-0.2521	5.1435	4
35.55	1.0633	0.237	5.1368	4
35.6	1.06	0.0149	5.1336	4
35.65	1.057	-0.2102	5.1292	4
35.7	1.0541	0.0492	5.1319	4
35.75	1.0509	-0.0204	5.1301	4
35.8	1.048	-0.034	5.1181	4
35.85	1.0455	-0.0919	5.1262	4
35.9	1.0422	0.0948	5.1316	4
35.95	1.0395	-0.2666	5.1217	4
36	1.0368	-0.1384	5.1186	4
36.05	1.0341	-0.2256	5.1267	4
36.1	1.0319	-0.127	5.1171	4
36.15	1.0281	0.2795	5.1325	4
36.2	1.0253	-0.2621	5.1495	4
36.25	1.0228	-0.2587	5.1451	4
36.3	1.0197	0.1902	5.1249	4
36.35	1.0166	-0.2121	5.1231	4
36.4	1.0139	-0.176	5.1282	4
36.45	1.0111	-0.0026	5.131	4
36.5	1.0076	-0.1079	5.1207	4
36.55	1.0049	0.0826	5.1157	4
36.6	1.0025	-0.5196	5.1362	4
36.65	0.9996	0.2085	5.1345	4
36.7	0.9969	-0.3161	5.1308	4
36.75	0.9944	-0.2318	5.1346	4
36.8	0.9913	0.1569	5.1113	4
36.85	0.989	-0.5919	5.1129	4
36.9	0.9863	0.0132	5.1333	4
36.95	0.9834	-0.0997	5.1217	4
37	0.9807	-0.3915	5.1161	4
37.05	0.9784	0.0049	5.1152	4
37.1	0.9754	-0.3146	5.1254	4
37.15	0.973	-0.2334	5.1355	4
37.2	0.9701	-0.0003	5.1276	4
37.25	0.9678	-0.36	5.1345	4
37.3	0.9653	-0.0284	5.1393	4
37.35	0.9622	0.0997	5.1375	4
37.4	0.9593	-0.1904	5.1311	4
37.45	0.9564	-0.118	5.1322	4
37.5	0.9536	-0.0394	5.14	4
37.55	0.9504	0.0704	5.1321	4
37.6	0.9478	-0.2288	5.1292	4
37.65	0.9444	0.1152	5.1373	4
37.7	0.9419	-0.3621	5.1367	4
37.75	0.9397	0.0615	5.1279	4
37.8	0.9369	-0.2354	5.1246	4
37.85	0.9343	-0.2342	5.1122	4
37.9	0.9318	-0.0881	5.1071	4
37.95	0.9288	-0.313	5.1138	4
38	0.927	-0.4346	5.1313	4
38.05	0.9243	0.0253	5.1243	4
38.1	0.9207	0.0491	5.1282	4
38.15	0.9185	-0.3534	5.128	4
38.2	0.916	-0.3299	5.1259	4
38.25	0.9137	-0.0917	5.1145	4
38.3	0.9111	-0.2174	5.1127	4
38.35	0.9081	-0.0001	5.1262	4
38.4	0.905	-0.229	5.1358	4
38.45	0.9031	-0.6855	5.1342	4
38.5	0.9007	0.1798	5.1346	4
38.55	0.8975	-0.1775	5.1174	4
38.6	0.8954	-0.4671	5.1037	4
38.65	0.8934	-0.4117	5.097	4
38.7	0.8904	0.0144	5.0977	4
38.75	0.8885	-0.6273	5.1369	4
38.8	0.8856	0.0766	5.1539	4
38.85	0.8833	-0.3856	5.1306	4
38.9	0.8811	-0.2391	5.1265	4
38.95	0.8788	-0.4083	5.129	4
39	0.8767	-0.2413	5.1168	4
39.05	0.874	-0.3876	5.1348	4
39.1	0.8717	-0.1532	5.1445	4
39.15	0.8696	-0.5765	5.1255	4
39.2	0.8666	0.1412	5.1112	4
39.25	0.8637	-0.4194	5.1007	4
39.3	0.8617	-0.2796	5.1013	4
39.35	0.8594	-0.4416	5.1218	4
39.4	0.857	-0.1603	5.1254	4
39.45	0.8543	-0.5034	5.1088	4
39.5	0.8525	-0.141	5.1036	4
39.55	0.8499	-0.4156	5.0979	4
39.6	0.8478	-0.2077	5.0979	4
39.65	0.8455	-0.3127	5.1003	4
39.7	0.8432	-0.3133	5.1018	4
39.75	0.8409	-0.2083	5.1082	4
39.8	0.8382	-0.4921	5.1106	4
39.85	0.8361	-0.1782	5.095	4
39.9	0.8334	-0.2645	5.1009	4
39.95	0.831	-0.4297	5.0977	4
40	0.829	-0.2589	5.0878	4
40.05	0.8264	-0.3138	5.0927	4
40.1	0.8248	-0.3986	5.1068	4
40.15	0.8221	-0.1922	5.116	4
40.2	0.8192	-0.1543	5.1055	4
40.25	0.8171	-0.5273	5.109	4
40.3	0.8153	-0.4965	5.1243	4
40.35	0.8122	0.246	5.1361	4
40.4	0.81	-0.7195	5.1386	4
40.45	0.8078	-0.0861	5.1246	4
40.5	0.8057	-0.2716	5.1131	4
40.55	0.8034	-0.3793	5.1208	4
40.6	0.8012	-0.2407	5.1193	4
40.65	0.7984	-0.1845	5.1243	4
40.7	0.7957	0.0233	5.1338	4
40.75	0.7936	-0.6786	5.1395	4
40.8	0.7912	-0.1282	5.1325	4
40.85	0.7884	-0.1102	5.1292	4
40.9	0.7859	-0.4191	5.1165	4
40.95	0.7837	-0.2214	5.1221	4
41	0.7814	-0.2456	5.1211	4
41.05	0.7789	-0.3391	5.127	4
41.1	0.7765	-0.2588	5.1253	4
41.15	0.7738	-0.2408	5.1034	4
41.2	0.7713	-0.2145	5.0981	4
41.25	0.7688	-0.0921	5.1042	4
41.3	0.7659	-0.2822	5.1123	4
41.35	0.7634	-0.1216	5.1228	4
41.4	0.7609	-0.0976	5.1234	4
41.45	0.7586	-0.4797	5.1239	4
41.5	0.7565	-0.1449	5.1233	4
41.55	0.7538	-0.1465	5.1199	4
41.6	0.7513	-0.4249	5.0953	4
41.65	0.749	-0.1029	5.1009	4
41.7	0.7465	-0.1859	5.1077	4
41.75	0.7435	0.0257	5.1125	4
41.8	0.7409	-0.3235	5.1213	4
41.85	0.7385	-0.5104	5.1077	4
41.9	0.7361	0.1821	5.1017	4
41.95	0.7334	-0.4132	5.1256	4
42	0.7313	-0.3564	5.1373	4
42.05	0.7285	0.1813	5.1244	4
42.1	0.725	0.0931	5.1146	4
42.15	0.7227	-0.5934	5.124	4
42.2	0.7204	0.1609	5.1171	4
42.25	0.7171	-0.0582	5.125	4
42.3	0.7154	-0.5953	5.1296	4
42.35	0.7119	0.3098	5.1311	4
42.4	0.7087	-0.059	5.1352	4
42.45	0.7064	-0.2676	5.1422	4
42.5	0.7042	-0.2163	5.1265	4
42.55	0.7005	0.2845	5.1184	4
42.6	0.6978	-0.4591	5.1329	4
42.65	0.6959	-0.1088	5.1363	4
42.7	0.6925	0.1829	5.1383	4
42.75	0.69	-0.3721	5.1357	4
42.8	0.6877	-0.1681	5.1226	4
42.85	0.684	0.1777	5.1141	4
42.9	0.6813	-0.2967	5.1113	4
42.95	0.679	-0.0854	5.1214	4
43	0.6761	-0.226	5.1349	4
43.05	0.6735	0.0163	5.1214	4
43.1	0.6709	-0.4792	5.1384	4
43.15	0.6681	0.0969	5.1477	4
43.2	0.665	-0.1721	5.1445	4
43.25	0.6624	-0.2236	5.1394	4
43.3	0.6593	-0.0606	5.1401	4
43.35	0.6572	-0.4075	5.1238	4
43.4	0.6545	0.0446	5.11	4
43.45	0.6517	0.0479	5.1135	4
43.5	0.6488	-0.4378	5.12	4
43.55	0.6474	-0.2054	5.1335	4
43.6	0.6436	0.1937	5.1611	4
43.65	0.6413	-0.5826	5.1525	4
43.7	0.639	-0.2377	5.1372	4
43.75	0.6363	0.1391	5.1429	4
43.8	0.6329	-0.0831	5.1381	4
43.85	0.6315	-0.8135	5.1525	4
43.9	0.6285	0.5006	5.1573	4
43.95	0.625	-0.3276	5.1515	4
44	0.6233	-0.6396	5.146	4
44.05	0.6209	-0.0709	5.142	4
44.1	0.6176	0.1972	5.1415	4
44.15	0.6157	-0.9376	5.1367	4
44.2	0.6136	0.3494	5.1344	4
44.25	0.61	-0.3674	5.1322	4
44.3	0.6079	-0.0818	5.1096	4
44.35	0.606	-0.8914	5.1155	4
44.4	0.6034	0.2569	5.1202	4
44.45	0.6011	-0.6767	5.1176	4
44.5	0.599	-0.362	5.1362	4
44.55	0.5964	-0.0188	5.142	4
44.6	0.594	-0.4867	5.1277	4
44.65	0.5921	-0.4646	5.1273	4
44.7	0.59	-0.165	5.1549	4
44.75	0.5874	-0.4838	5.1618	4
44.8	0.5859	-0.5668	5.1374	4
44.85	0.5842	-0.7006	5.1407	4
44.9	0.5816	-0.0603	5.1539	4
44.95	0.5793	-0.6478	5.1466	4
45	0.5771	-0.4053	5.1538	4
45.05	0.5757	-0.6824	5.1611	4
45.1	0.5741	-0.5846	5.1423	4
45.15	0.5721	-0.4029	5.1437	4
45.2	0.57	-0.5252	5.1495	4
45.25	0.5685	-0.7702	5.1516	4
45.3	0.5668	-0.5809	5.1516	4
45.35	0.5653	-0.8406	5.1616	4
45.4	0.5642	-0.8705	5.1648	4
45.45	0.5618	-0.2229	5.1492	4
45.5	0.5602	-0.6933	5.1387	4
45.55	0.5585	-1.119	5.1454	4
45.6	0.5579	-0.7202	5.1721	4
45.65	0.556	-0.531	5.1685	4
45.7	0.5549	-0.8271	5.1358	4
45.75	0.5538	-0.8396	5.1401	4
45.8	0.552	-0.5798	5.1622	4
45.85	0.5504	-0.6554	5.1494	4
45.9	0.5504	-1.6204	5.1515	4
45.95	0.5484	0.0803	5.1592	4
46	0.5462	-1.0419	5.1373	4
46.05	0.5459	-1.1711	5.1286	4
46.1	0.5456	-0.955	5.1405	4
46.15	0.543	0.0055	5.1409	4
46.2	0.5414	-1.1025	5.1261	4
46.25	0.5411	-1.0708	5.1326	4
46.3	0.5395	-0.434	5.1327	4
46.35	0.538	-0.8206	5.1173	4
46.4	0.5381	-1.6864	5.1084	4
46.45	0.536	0.3667	5.1096	4
46.5	0.5336	-1.0604	5.111	4
46.55	0.5338	-1.1969	5.1192	4
46.6	0.5332	-0.8608	5.1151	4
46.65	0.53	0.0634	5.1118	4
46.7	0.5294	-1.6912	5.1122	4
46.75	0.529	-0.4673	5.0948	4
46.8	0.5268	-0.6784	5.1041	4
46.85	0.5259	-0.9435	5.105	4
46.9	0.5251	-1.278	5.0898	4
46.95	0.5234	-0.0572	5.0941	4
47	0.5216	-0.9096	5.1003	4
47.05	0.5205	-0.9687	5.1076	4
47.1	0.5193	-0.7876	5.1086	4
47.15	0.5173	-0.2281	5.1211	4
47.2	0.5163	-1.4698	5.1261	4
47.25	0.5156	-0.5062	5.1101	4
47.3	0.514	-0.7826	5.1099	4
47.35	0.5123	-0.6723	5.1157	4
47.4	0.5126	-1.4542	5.1313	4
47.45	0.5105	-0.0173	5.1221	4
47.5	0.5087	-1.1201	5.0984	4
47.55	0.5084	-1.0985	5.103	4
47.6	0.5081	-1.0215	5.1121	4
47.65	0.5064	-0.4338	5.1164	4
47.7	0.5052	-1.0271	5.1162	4
47.75	0.5052	-1.3767	5.1042	4
47.8	0.5034	-0.3698	5.1031	4
47.85	0.5022	-0.8898	5.1055	4
47.9	0.5016	-1.6528	5.1084	4
47.95	0.5009	-0.0843	5.1214	4
48	0.499	-1.2141	5.1113	4
48.05	0.4988	-1.1782	5.1174	4
48.1	0.4984	-0.7639	5.1208	4
48.15	0.4969	-0.9965	5.1096	4
48.2	0.4965	-1.1256	5.104	4
48.25	0.4951	-0.6054	5.0977	4
48.3	0.4941	-0.9582	5.1061	4
48.35	0.4938	-1.349	5.0934	4
48.4	0.493	-0.5659	5.0843	4
48.45	0.4914	-0.8441	5.0979	4
48.5	0.4908	-1.216	5.0907	4
48.55	0.49	-0.7765	5.097	4
48.6	0.4883	-0.6083	5.1053	4
48.65	0.487	-1.0582	5.107	4
48.7	0.4869	-1.0506	5.1113	4
48.75	0.4846	-0.3448	5.1094	4
48.8	0.4843	-1.4475	5.0932	4
48.85	0.4841	-0.911	5.0975	4
48.9	0.4823	-0.6022	5.1032	4
48.95	0.4811	-1.1074	5.1059	4
49	0.4816	-1.5087	5.0998	4
49.05	0.4798	-0.0081	5.1162	4
49.1	0.478	-1.1116	5.1305	4
49.15	0.4781	-1.308	5.1095	4
49.2	0.4766	-0.5826	5.1008	4
49.25	0.4752	-0.6839	5.1126	4
49.3	0.4754	-1.6554	5.1107	4
49.35	0.4746	-0.1423	5.1143	4
49.4	0.4728	-1.0478	5.1197	4
49.45	0.4723	-1.1697	5.1139	4
49.5	0.4713	-0.7384	5.1068	4
49.55	0.4695	-0.6224	5.1093	4
49.6	0.4687	-1.1444	5.1145	4
49.65	0.4685	-1.3488	5.1105	4
49.7	0.4671	-0.3753	5.1122	4
49.75	0.4656	-1.1404	5.1071	4
49.8	0.4651	-0.8325	5.1067	4
49.85	0.4636	-0.4856	5.1113	4
49.9	0.4624	-1.0729	5.112	4
49.95	0.4622	-1.2255	5.1197	4
50	0.4609	-0.4696	5.1161	4
50.05	0.4592	-1.1069	5.0968	4
50.1	0.4589	-0.9524	5.1065	4
50.15	0.4576	-0.732	5.0938	4
50.2	0.4562	-0.5451	5.0981	4
50.25	0.4556	-1.3525	5.1248	4
50.3	0.4544	-0.3795	5.1328	4
50.35	0.453	-0.892	5.1302	4
50.4	0.4525	-0.8718	5.1096	4
50.45	0.4506	-0.546	5.1071	4
50.5	0.449	-0.7201	5.1265	4
50.55	0.4481	-0.9364	5.1207	4
50.6	0.4466	-0.5436	5.1097	4
50.65	0.4455	-0.9818	5.1236	4
50.7	0.4444	-0.6774	5.1299	4
50.75	0.4436	-1.1265	5.1291	4
50.8	0.4423	-0.3434	5.1229	4
50.85	0.4402	-0.6432	5.1251	4
50.9	0.4398	-1.1825	5.1209	4
50.95	0.4382	-0.3062	5.1164	4
51	0.4362	-0.9022	5.1217	4
51.05	0.4358	-0.9686	5.123	4
51.1	0.4339	-0.415	5.1295	4
51.15	0.4323	-0.6683	5.1288	4
51.2	0.4315	-1.1828	5.1262	4
51.25	0.43	-0.3114	5.1323	4
51.3	0.4286	-0.9648	5.1302	4
51.35	0.4274	-0.7882	5.1258	4
51.4	0.4266	-0.8824	5.1121	4
51.45	0.425	-0.4017	5.1065	4
51.5	0.4237	-0.9817	5.1025	4
51.55	0.4229	-0.6281	5.1003	4
51.6	0.4211	-0.6877	5.1155	4
51.65	0.4194	-0.6034	5.1233	4
51.7	0.4189	-1.3162	5.1181	4
51.75	0.4168	-0.0862	5.1391	4
51.8	0.4153	-0.8673	5.1536	4
51.85	0.4147	-1.1873	5.1369	4
51.9	0.4137	-0.6478	5.1191	4
51.95	0.412	-0.4575	5.1189	4
52	0.4112	-1.3647	5.1215	4
52.05	0.4102	-0.3518	5.1041	4
52.1	0.4082	-0.6291	5.0955	4
52.15	0.4069	-0.777	5.1247	4
52.2	0.4061	-1.046	5.1192	4
52.25	0.4039	0.0723	5.1136	4
52.3	0.4024	-1.2075	5.1213	4
52.35	0.402	-0.7926	5.1221	4
52.4	0.3997	-0.3174	5.1488	4
52.45	0.3979	-0.82	5.1434	4
52.5	0.3975	-1.0312	5.1273	4
52.55	0.3954	0.007	5.1266	4
52.6	0.3934	-0.9576	5.1302	4
52.65	0.3934	-1.1881	5.1264	4
52.7	0.3914	-0.0622	5.1032	4
52.75	0.3894	-0.7959	5.105	4
52.8	0.389	-1.1517	5.1138	4
52.85	0.3872	-0.2507	5.1045	4
52.9	0.385	-0.5066	5.1196	4
52.95	0.3835	-1.025	5.1148	4
53	0.382	-0.2778	5.1112	4
53.05	0.38	-0.5556	5.1048	4
53.1	0.3793	-0.9747	5.1057	4
53.15	0.3777	-0.4831	5.1119	4
53.2	0.3753	-0.2561	5.1065	4
53.25	0.3734	-0.7483	5.1049	4
53.3	0.3727	-0.7365	5.1006	4
53.35	0.3704	-0.1271	5.1065	4
53.4	0.3689	-0.8694	5.0968	4
53.45	0.3671	-0.4554	5.0729	4
53.5	0.365	-0.3738	5.0892	4
53.55	0.3633	-0.7758	5.1025	4
53.6	0.362	-0.5276	5.101	4
53.65	0.3595	0.0628	5.1221	4
53.7	0.3575	-0.9323	5.1272	4
53.75	0.3562	-0.3609	5.1136	4
53.8	0.3544	-0.7122	5.1164	4
53.85	0.3524	-0.2525	5.1314	4
53.9	0.3503	-0.6532	5.1264	4
53.95	0.3489	-0.7788	5.1078	4
54	0.3467	-0.198	5.1086	4
54.05	0.3445	-0.3632	5.1103	4
54.1	0.3428	-0.7669	5.1128	4
54.15	0.3411	-0.3317	5.1165	4
54.2	0.3392	-0.4634	5.1134	4
54.25	0.3374	-0.5792	5.117	4
54.3	0.3356	-0.4626	5.1269	4
54.35	0.3338	-0.3412	5.1277	4
54.4	0.3319	-0.462	5.1482	4
54.45	0.3304	-0.5835	5.1501	4
54.5	0.3285	-0.5015	5.1291	4
54.55	0.3263	-0.4086	5.1339	4
54.6	0.3243	-0.403	5.1312	4
54.65	0.3228	-0.6873	5.1276	4
54.7	0.3206	-0.1819	5.1258	4
54.75	0.3188	-0.8702	5.1158	4
54.8	0.3166	-0.2203	5.1197	4
54.85	0.3147	-0.5619	5.1276	4
54.9	0.3132	-0.6011	5.1341	4
54.95	0.3116	-0.4932	5.1403	4
55	0.3093	-0.2888	5.1285	4
55.05	0.3078	-0.8839	5.1242	4
55.1	0.3058	-0.1661	5.1085	4
55.15	0.304	-0.8758	5.0895	4
55.2	0.3024	-0.1975	5.1083	4
55.25	0.3004	-0.8045	5.1298	4
55.3	0.2987	-0.3005	5.1445	4
55.35	0.2973	-0.8489	5.1398	4
55.4	0.2951	-0.2491	5.1269	4
55.45	0.2939	-0.9345	5.1096	4
55.5	0.2919	-0.3166	5.119	4
55.55	0.2904	-0.9427	5.119	4
55.6	0.2889	-0.3701	5.1282	4
55.65	0.2874	-1.0295	5.1193	4
55.7	0.2862	-0.2864	5.122	4
55.75	0.284	-0.8312	5.1206	4
55.8	0.2825	-0.5435	5.1188	4
55.85	0.2817	-1.0272	5.1137	4
55.9	0.2791	-0.0215	5.1156	4
55.95	0.2782	-1.3937	5.1262	4
56	0.277	-0.6927	5.1219	4
56.05	0.2754	-0.5388	5.1138	4
56.1	0.2741	-1.0443	5.1244	4
56.15	0.2729	-0.8285	5.1234	4
56.2	0.2713	-0.4746	5.113	4
56.25	0.2702	-1.3036	5.1102	4
56.3	0.2695	-0.5435	5.1128	4
56.35	0.2682	-1.1754	5.1339	4
56.4	0.2665	-0.25	5.1173	4
56.45	0.2661	-1.6086	5.1128	4
56.5	0.2648	-0.3546	5.1408	4
56.55	0.2634	-1.1138	5.1395	4
56.6	0.2631	-0.9804	5.1388	4
56.65	0.2617	-0.7198	5.1339	4
56.7	0.2611	-1.0326	5.1366	4
56.75	0.2602	-1.2168	5.1614	4
56.8	0.2595	-0.4752	5.1507	4
56.85	0.2587	-1.5434	5.1529	4
56.9	0.2575	-0.407	5.1507	4
56.95	0.2566	-1.4033	5.15	4
57	0.2563	-0.8362	5.1602	4
57.05	0.2554	-0.9393	5.1544	4
57.1	0.2553	-1.4057	5.1608	4
57.15	0.254	-0.5407	5.1553	4
57.2	0.2538	-1.4864	5.1569	4
57.25	0.2527	-0.8717	5.1529	4
57.3	0.2521	-0.9816	5.1556	4
57.35	0.251	-1.1421	5.1638	4
57.4	0.2517	-1.3799	5.1527	4
57.45	0.2505	-0.6539	5.1446	4
57.5	0.2496	-1.5152	5.1533	4
57.55	0.2494	-0.9265	5.1314	4
57.6	0.2488	-1.341	5.1316	4
57.65	0.2482	-0.9459	5.1461	4
57.7	0.2482	-1.404	5.1464	4
57.75	0.2479	-1.1446	5.1487	4
57.8	0.2477	-1.2523	5.1342	4
57.85	0.2473	-1.2155	5.1323	4
57.9	0.2472	-1.3554	5.13	4
57.95	0.2473	-1.3735	5.1194	4
58	0.2472	-1.3119	5.1198	4
58.05	0.2471	-1.2983	5.1228	4
58.1	0.2471	-1.4342	5.1289	4
58.15	0.2475	-1.5542	5.126	4
58.2	0.2473	-1.1091	5.1271	4
58.25	0.2477	-1.8515	5.1171	4
58.3	0.2483	-1.1453	5.1014	4
58.35	0.2482	-1.4538	5.1046	4
58.4	0.2484	-1.4371	5.1197	4
58.45	0.2492	-1.8847	5.1284	4
58.5	0.2488	-0.8759	5.1446	4
58.55	0.2489	-1.9941	5.1439	4
58.6	0.2505	-1.7806	5.1396	4
58.65	0.2504	-1.2598	5.1395	4
58.7	0.2501	-1.4143	5.1278	4
58.75	0.2511	-1.9751	5.1271	4
58.8	0.2525	-1.7964	5.1202	4
58.85	0.2529	-1.3646	5.1242	4
58.9	0.254	-2.1428	5.1336	4
58.95	0.2553	-1.7179	5.122	4
59	0.2547	-1.0721	5.1179	4
59.05	0.2555	-2.1598	5.1159	4
59.1	0.2568	-1.9373	5.1064	4
59.15	0.2575	-1.252	5.1196	4
59.2	0.2577	-1.8149	5.1149	4
59.25	0.2591	-2.0284	5.1154	4
59.3	0.2595	-1.3054	5.1229	4
59.35	0.2599	-1.8015	5.1257	4
59.4	0.2611	-1.8601	5.1259	4
59.45	0.2622	-1.6479	5.1217	4
59.5	0.2626	-1.6952	5.1234	4
59.55	0.2641	-1.8751	5.1175	4
59.6	0.2647	-1.8937	5.1142	4
59.65	0.266	-1.6354	5.1099	4
59.7	0.267	-2.3164	5.1004	4
59.75	0.2684	-1.5282	5.0986	4
59.8	0.2688	-1.6315	5.1106	4
59.85	0.2694	-1.9131	5.1129	4
59.9	0.2709	-1.846	5.1104	4
59.95	0.2724	-1.8114	5.0971	4
60	0.2731	-1.6646	5.0947	4
60.05	0.2741	-1.7556	5.0916	4
60.1	0.2755	-2.3531	5.1026	4
60.15	0.2767	-1.2575	5.1156	4
60.2	0.2768	-1.9801	5.1108	4
60.25	0.2789	-2.0094	5.1044	4
60.3	0.2795	-1.5163	5.1068	4
60.35	0.2806	-1.8754	5.1019	4
60.4	0.282	-2.0347	5.1028	4
60.45	0.283	-1.637	5.1044	4
60.5	0.2836	-1.6677	5.1169	4
60.55	0.2851	-2.2621	5.1143	4
60.6	0.2862	-1.4866	5.1103	4
60.65	0.2867	-1.8432	5.1025	4
60.7	0.2879	-1.9283	5.1093	4
60.75	0.2895	-2.1204	5.1182	4
60.8	0.2902	-1.3589	5.1273	4
60.85	0.2908	-1.9804	5.1234	4
60.9	0.2924	-1.9436	5.1334	4
60.95	0.2932	-1.7033	5.1315	4
61	0.2938	-1.5385	5.1206	4
61.05	0.2949	-2.0763	5.1011	4
61.1	0.2966	-1.9767	5.0999	4
61.15	0.2975	-1.6187	5.0971	4
61.2	0.2983	-1.7747	5.0985	4
61.25	0.2995	-1.9374	5.1056	4
61.3	0.3006	-1.5877	5.099	4
61.35	0.3015	-2.0631	5.094	4
61.4	0.3029	-1.7986	5.0822	4
61.45	0.3037	-1.7545	5.0902	4
61.5	0.3047	-1.9027	5.0955	4
61.55	0.306	-1.8669	5.0877	4
61.6	0.3074	-2.0108	5.0939	4
61.65	0.3083	-1.4741	5.1039	4
61.7	0.309	-1.7845	5.1025	4
61.75	0.3105	-2.1533	5.1004	4
61.8	0.3113	-1.5209	5.1145	4
61.85	0.3116	-1.8632	5.1153	4
61.9	0.3135	-1.9437	5.1097	4
61.95	0.3141	-1.3883	5.1225	4
62	0.3149	-1.982	5.127	4
62.05	0.3163	-1.8843	5.1222	4
62.1	0.3176	-1.9032	5.1048	4
62.15	0.3184	-1.5336	5.0852	4
62.2	0.3188	-1.758	5.0966	4
62.25	0.3202	-1.9905	5.105	4
62.3	0.3214	-1.8175	5.1137	4
62.35	0.3219	-1.5654	5.1216	4
62.4	0.3232	-1.8641	5.1174	4
62.45	0.3242	-1.7942	5.1206	4
62.5	0.3248	-1.7586	5.1227	4
62.55	0.326	-1.9541	5.1116	4
62.6	0.3274	-1.9429	5.1164	4
62.65	0.3279	-1.3365	5.1019	4
62.7	0.3292	-2.4061	5.0899	4
62.75	0.3305	-1.3916	5.1032	4
62.8	0.3309	-1.8077	5.1001	4
62.85	0.3326	-2.0581	5.0952	4
62.9	0.3335	-1.5827	5.1078	4
62.95	0.3348	-2.0537	5.1069	4
63	0.3361	-1.987	5.1083	4
63.05	0.338	-1.9916	5.112	4
63.1	0.3385	-1.7076	5.1264	4
63.15	0.3401	-1.9405	5.1296	4
63.2	0.3414	-1.9238	5.1299	4
63.25	0.3428	-1.696	5.1366	4
63.3	0.344	-2.2499	5.1422	4
63.35	0.346	-2.0515	5.1291	4
63.4	0.3468	-1.6606	5.1279	4
63.45	0.3473	-1.6989	5.1231	4
63.5	0.3493	-2.2584	5.1172	4
63.55	0.351	-1.8948	5.1134	4
63.6	0.3512	-1.6095	5.1031	4
63.65	0.3531	-2.1998	5.0962	4
63.7	0.3538	-1.5036	5.105	4
63.75	0.3552	-2.2376	5.1098	4
63.8	0.3573	-2.1397	5.09	4
63.85	0.3583	-1.764	5.0958	4
63.9	0.3596	-1.7386	5.1245	4
63.95	0.3608	-2.0939	5.129	4
64	0.3622	-1.8328	5.121	4
64.05	0.3635	-1.8863	5.1131	4
64.1	0.364	-1.4655	5.0996	4
64.15	0.3657	-2.489	5.1107	4
64.2	0.3673	-1.6051	5.1205	4
64.25	0.3679	-1.6917	5.1216	4
64.3	0.3697	-2.38	5.1024	4
64.35	0.371	-1.2985	5.0981	4
64.4	0.371	-1.8895	5.0913	4
64.45	0.3731	-2.1264	5.0973	4
64.5	0.3746	-1.9045	5.1146	4
64.55	0.3746	-1.2456	5.123	4
64.6	0.376	-2.5101	5.1215	4
64.65	0.3778	-1.6913	5.1156	4
64.7	0.3776	-1.4105	5.1033	4
64.75	0.3793	-2.3601	5.0963	4
64.8	0.3808	-1.7901	5.0826	4
64.85	0.3809	-0.9956	5.0957	4
64.9	0.382	-2.4729	5.1061	4
64.95	0.3843	-1.8168	5.1096	4
65	0.3847	-1.4927	5.1109	4
65.05	0.3852	-1.8415	5.115	4
65.1	0.3868	-1.8247	5.1221	4
65.15	0.3879	-1.8371	5.1262	4
65.2	0.3882	-1.3291	5.114	4
65.25	0.3891	-1.969	5.1039	4
65.3	0.3907	-1.9779	5.1016	4
65.35	0.3908	-1.2553	5.1056	4
65.4	0.3921	-2.3631	5.1117	4
65.45	0.3934	-1.5629	5.1126	4
65.5	0.3944	-1.8094	5.106	4
65.55	0.395	-1.5983	5.1	4
65.6	0.3965	-2.2544	5.103	4
65.65	0.3967	-1.2353	5.1099	4
65.7	0.3977	-2.0569	5.0937	4
65.75	0.3991	-1.6027	5.083	4
65.8	0.3996	-1.7053	5.0857	4
65.85	0.4009	-1.8219	5.0963	4
65.9	0.4014	-1.6797	5.1041	4
65.95	0.4037	-2.2266	5.0874	4
66	0.4033	-1.2727	5.0838	4
66.05	0.4052	-2.3002	5.1116	4
66.1	0.406	-1.5191	5.1161	4
66.15	0.4068	-1.5253	5.116	4
66.2	0.4074	-1.9592	5.1145	4
66.25	0.4093	-2.2371	5.0896	4
66.3	0.41	-1.2831	5.0914	4
66.35	0.4111	-2.1621	5.094	4
66.4	0.4131	-2.2238	5.0821	4
66.45	0.414	-1.2831	5.0812	4
66.5	0.4147	-2.2506	5.0839	4
66.55	0.4161	-1.6239	5.1047	4
66.6	0.4174	-2.1393	5.1002	4
66.65	0.4185	-1.5225	5.0911	4
66.7	0.4194	-1.9013	5.0924	4
66.75	0.4215	-2.3971	5.0904	4
66.8	0.4218	-1.0662	5.0912	4
66.85	0.4226	-2.1526	5.0952	4
66.9	0.4247	-2.232	5.0958	4
66.95	0.4265	-2.0072	5.1061	4
67	0.4269	-1.5182	5.1008	4
67.05	0.4284	-2.2923	5.0948	4
67.1	0.4301	-1.82	5.0978	4
67.15	0.4311	-1.8232	5.0943	4
67.2	0.4334	-2.3904	5.1051	4
67.25	0.4356	-1.9516	5.1036	4
67.3	0.4364	-1.8269	5.0999	4
67.35	0.4382	-2.2422	5.0971	4
67.4	0.44	-1.9906	5.0957	4
67.45	0.4413	-1.7884	5.1127	4
67.5	0.4433	-2.4809	5.1154	4
67.55	0.4445	-1.6377	5.119	4
67.6	0.4457	-2.136	5.1146	4
67.65	0.4469	-2.0325	5.104	4
67.7	0.449	-2.148	5.1206	4
67.75	0.4502	-1.6417	5.1231	4
67.8	0.452	-2.4597	5.1193	4
67.85	0.4533	-1.5318	5.1077	4
67.9	0.455	-2.3605	5.1113	4
67.95	0.4555	-1.3063	5.1207	4
68	0.4574	-2.6487	5.112	4
68.05	0.4584	-1.218	5.124	4
68.1	0.4592	-1.9478	5.1327	4
68.15	0.4607	-2.0991	5.112	4
68.2	0.4623	-1.94	5.1137	4
68.25	0.463	-1.7134	5.1114	4
68.3	0.4642	-2.027	5.096	4
68.35	0.4651	-1.4035	5.1131	4
68.4	0.4665	-2.3425	5.1229	4
68.45	0.468	-1.3948	5.1119	4
68.5	0.4686	-1.9826	5.1011	4
68.55	0.4699	-1.6395	5.0974	4
68.6	0.4709	-1.9173	5.0963	4
68.65	0.4713	-1.3838	5.0953	4
68.7	0.4726	-2.4323	5.1207	4
68.75	0.4742	-1.535	5.1249	4
68.8	0.4744	-1.6975	5.1017	4
68.85	0.4754	-1.3636	5.0984	4
68.9	0.4756	-1.8646	5.0891	4
68.95	0.4773	-1.6759	5.1094	4
69	0.4774	-1.4199	5.1081	4
69.05	0.4783	-1.7522	5.0955	4
69.1	0.4792	-1.7694	5.1126	4
69.15	0.4801	-1.41	5.1022	4
69.2	0.4803	-1.6031	5.0905	4
69.25	0.4812	-1.6224	5.1019	4
69.3	0.4815	-1.3339	5.1082	4
69.35	0.4818	-1.5318	5.1056	4
69.4	0.4828	-1.7607	5.1093	4
69.45	0.4835	-1.4306	5.1208	4
69.5	0.4834	-1.296	5.1169	4
69.55	0.4839	-1.5668	5.0988	4
69.6	0.484	-1.3075	5.1037	4
69.65	0.4843	-1.6695	5.1164	4
69.7	0.4846	-1.2919	5.1028	4
69.75	0.4847	-1.3892	5.0985	4
69.8	0.485	-1.6	5.0937	4
69.85	0.4863	-1.7848	5.1029	4
69.9	0.4863	-0.8866	5.1188	4
69.95	0.4861	-1.4	5.1091	4
70	0.4865	-1.4475	5.1043	4
70.05	0.4874	-1.7324	5.1032	4
70.1	0.487	-0.8756	5.1244	4
70.15	0.4872	-1.7195	5.1257	4
70.2	0.4877	-1.2612	5.1322	4
70.25	0.4872	-1.1216	5.1576	4
70.3	0.4867	-1.2169	5.1528	4
70.35	0.487	-1.6384	5.1407	4
70.4	0.4869	-0.6349	5.1304	4
70.45	0.4862	-1.4153	5.1222	4
70.5	0.4869	-1.3581	5.1277	4
70.55	0.4866	-1.2557	5.1146	4
70.6	0.4861	-0.9373	5.1236	4
70.65	0.4855	-1.2262	5.1494	4
70.7	0.4855	-1.218	5.1321	4
70.75	0.4854	-1.2133	5.1235	4
70.8	0.485	-1.0102	5.1145	4
70.85	0.485	-1.5311	5.1069	4
70.9	0.4848	-0.9995	5.1021	4
70.95	0.484	-1.1437	5.0974	4
71	0.4846	-1.6618	5.113	4
71.05	0.4848	-1.0025	5.1226	4
71.1	0.4844	-1.2864	5.1054	4
71.15	0.4845	-1.5728	5.1024	4
71.2	0.4851	-1.1068	5.091	4
71.25	0.4842	-1.3285	5.1035	4
71.3	0.4852	-1.665	5.1152	4
71.35	0.4854	-1.1818	5.1096	4
71.4	0.4849	-1.4702	5.1033	4
71.45	0.4861	-1.4096	5.0998	4
71.5	0.4858	-1.4496	5.1148	4
71.55	0.4864	-1.3974	5.1179	4
71.6	0.4868	-1.6288	5.108	4
71.65	0.4871	-1.4624	5.1066	4
71.7	0.4879	-1.5656	5.1012	4
71.75	0.4884	-1.4554	5.114	4
71.8	0.4886	-1.3668	5.1197	4
71.85	0.4894	-1.8642	5.119	4
71.9	0.4901	-1.4174	5.1137	4
71.95	0.4907	-1.6767	5.0953	4
72	0.4913	-1.691	5.1025	4
72.05	0.492	-1.4426	5.1065	4
72.1	0.4925	-1.9055	5.078	4
72.15	0.4939	-1.7141	5.0844	4
72.2	0.4945	-1.6489	5.1008	4
72.25	0.495	-1.5671	5.1131	4
72.3	0.4959	-1.8096	5.1007	4
72.35	0.497	-1.6217	5.1111	4
72.4	0.4979	-2.0288	5.1279	4
72.45	0.4996	-1.6858	5.121	4
72.5	0.5	-1.7118	5.1227	4
72.55	0.5006	-1.5549	5.118	4
72.6	0.5018	-2.1388	5.109	4
72.65	0.5035	-1.8382	5.1176	4
72.7	0.5041	-1.5221	5.1143	4
72.75	0.5055	-2.1675	5.1227	4
72.8	0.5068	-1.9816	5.1363	4
72.85	0.5078	-1.5792	5.1392	4
72.9	0.5086	-1.8217	5.1333	4
72.95	0.5105	-2.1664	5.1206	4
73	0.5117	-1.6899	5.1199	4
73.05	0.5119	-1.4399	5.142	4
73.1	0.5138	-2.5088	5.1385	4
73.15	0.5158	-1.7507	5.1185	4
73.2	0.5157	-1.3638	5.1157	4
73.25	0.5171	-2.3356	5.1125	4
73.3	0.519	-1.6522	5.1137	4
73.35	0.5194	-1.6227	5.0999	4
73.4	0.5206	-2.1199	5.0972	4
73.45	0.5223	-1.9262	5.0995	4
73.5	0.5233	-1.699	5.1003	4
73.55	0.5244	-1.8513	5.1259	4
73.6	0.5262	-2.018	5.1176	4
73.65	0.5275	-1.8289	5.1087	4
73.7	0.5282	-1.483	5.106	4
73.75	0.5295	-2.3485	5.0918	4
73.8	0.5307	-1.3053	5.1033	4
73.85	0.5314	-2.0149	5.1152	4
73.9	0.5335	-2.1186	5.1021	4
73.95	0.534	-1.4933	5.096	4
74	0.5349	-1.7756	5.0956	4
74.05	0.536	-1.9768	5.1088	4
74.1	0.5373	-1.7115	5.1117	4
74.15	0.5385	-1.9307	5.0975	4
74.2	0.5397	-1.6921	5.1005	4
74.25	0.5405	-1.7677	5.1041	4
74.3	0.5412	-1.6177	5.1188	4
74.35	0.5425	-1.913	5.1034	4
74.4	0.5436	-1.7996	5.0943	4
74.45	0.5439	-1.4397	5.0857	4
74.5	0.5443	-1.6235	5.1042	4
74.55	0.5452	-1.6872	5.1089	4
74.6	0.5456	-1.4506	5.1006	4
74.65	0.5464	-1.6888	5.0919	4
74.7	0.5464	-1.0579	5.1049	4
74.75	0.5471	-1.9699	5.1236	4
74.8	0.548	-1.0682	5.1157	4
74.85	0.5479	-1.6162	5.1142	4
74.9	0.5483	-1.2839	5.1101	4
74.95	0.5479	-1.2209	5.1009	4
75	0.5479	-1.5093	5.0924	4
75.05	0.548	-1.2124	5.087	4
75.1	0.549	-1.8501	5.0894	4
75.15	0.5491	-0.8546	5.1101	4
75.2	0.5493	-1.9147	5.1062	4
75.25	0.5496	-0.9182	5.1028	4
75.3	0.5498	-1.6025	5.0989	4
75.35	0.5502	-1.5112	5.0991	4
75.4	0.5502	-1.0339	5.0982	4
75.45	0.5497	-1.3996	5.1049	4
75.5	0.5501	-1.5442	5.0901	4
75.55	0.5502	-1.0014	5.0843	4
75.6	0.5506	-1.9461	5.0881	4
75.65	0.551	-0.8515	5.085	4
75.7	0.5507	-1.2911	5.0974	4
75.75	0.5507	-1.1465	5.0938	4
75.8	0.5508	-1.3839	5.0782	4
75.85	0.5505	-1.2529	5.083	4
75.9	0.5504	-1.162	5.0874	4
75.95	0.5503	-1.1042	5.1114	4
76	0.5498	-1.1855	5.1269	4
76.05	0.5497	-1.1652	5.1332	4
76.1	0.5487	-0.8775	5.1229	4
76.15	0.5492	-1.6585	5.1066	4
76.2	0.5478	-0.3595	5.1238	4
76.25	0.5474	-1.4077	5.1281	4
76.3	0.5468	-0.9316	5.114	4
76.35	0.5468	-1.3585	5.1135	4
76.4	0.546	-0.6606	5.1155	4
76.45	0.5455	-1.4378	5.1104	4
76.5	0.5449	-0.4947	5.1148	4
76.55	0.5442	-1.4692	5.1128	4
76.6	0.5437	-0.5031	5.1236	4
76.65	0.5435	-1.5871	5.1151	4
76.7	0.5418	-0.1317	5.1056	4
76.75	0.541	-1.5734	5.1177	4
76.8	0.5407	-0.8466	5.1125	4
76.85	0.5396	-0.9639	5.1143	4
76.9	0.5387	-0.6575	5.094	4
76.95	0.5386	-1.2641	5.0903	4
77	0.5372	-0.0841	5.1112	4
77.05	0.536	-1.4425	5.115	4
77.1	0.5361	-0.9908	5.1204	4
77.15	0.5348	-0.7427	5.134	4
77.2	0.5339	-0.8592	5.1426	4
77.25	0.5338	-1.2617	5.1449	4
77.3	0.5321	-0.3368	5.1389	4
77.35	0.5308	-1.0602	5.1334	4
77.4	0.5308	-1.2999	5.1283	4
77.45	0.53	-0.5575	5.1355	4
77.5	0.5287	-0.9767	5.143	4
77.55	0.5282	-1.1103	5.1413	4
77.6	0.5276	-0.6572	5.1258	4
77.65	0.5258	-0.5876	5.1296	4
77.7	0.5252	-1.1533	5.1355	4
77.75	0.5242	-0.5633	5.1432	4
77.8	0.523	-0.9885	5.1405	4
77.85	0.5225	-0.9083	5.1404	4
77.9	0.5216	-0.933	5.1389	4
77.95	0.5207	-0.7635	5.1203	4
78	0.5197	-1.1175	5.1348	4
78.05	0.519	-0.7888	5.1311	4
78.1	0.5178	-0.9293	5.1096	4
78.15	0.517	-0.9155	5.1092	4
78.2	0.5167	-1.2517	5.1069	4
78.25	0.5163	-0.9798	5.0879	4
78.3	0.5156	-1.0311	5.091	4
78.35	0.5156	-1.3535	5.1103	4
78.4	0.5156	-1.0547	5.1095	4
78.45	0.5149	-1.0003	5.1058	4
78.5	0.5137	-0.8765	5.1198	4
78.55	0.5136	-1.4047	5.1233	4
78.6	0.5138	-1.2942	5.1055	4
78.65	0.5135	-0.997	5.1032	4
78.7	0.5127	-1.0019	5.1088	4
78.75	0.5128	-1.4252	5.1136	4
78.8	0.5123	-1.065	5.1003	4
78.85	0.5122	-1.4006	5.0776	4
78.9	0.5121	-1.2744	5.0862	4
78.95	0.512	-1.0561	5.0942	4
79	0.5116	-1.1571	5.0933	4
79.05	0.5118	-1.5195	5.1195	4
79.1	0.5121	-1.253	5.1092	4
79.15	0.5114	-1.2952	5.1132	4
79.2	0.5118	-1.4746	5.1207	4
79.25	0.5125	-1.6207	5.1262	4
79.3	0.5121	-0.8315	5.1259	4
79.35	0.5126	-1.8911	5.1064	4
79.4	0.5138	-1.6347	5.1081	4
79.45	0.5138	-1.0397	5.1172	4
79.5	0.5136	-1.4519	5.1232	4
79.55	0.5141	-1.7845	5.128	4
79.6	0.5144	-1.2715	5.1144	4
79.65	0.5141	-1.4315	5.0962	4
79.7	0.5151	-1.6776	5.101	4
79.75	0.5161	-1.6058	5.1238	4
79.8	0.5163	-1.3076	5.1274	4
79.85	0.5166	-1.6471	5.1135	4
79.9	0.5177	-1.7555	5.1176	4
79.95	0.5178	-1.1123	5.133	4
80	0.5184	-1.8965	5.1267	4
80.05	0.5184	-0.9527	5.1207	4
80.1	0.5184	-1.6706	5.094	4
80.15	0.5192	-1.5322	5.0828	4
80.2	0.5198	-1.6139	5.0995	4
80.25	0.5198	-1.1881	5.0979	4
80.3	0.52	-1.6747	5.1003	4
80.35	0.5205	-1.4054	5.0976	4
80.4	0.5208	-1.6381	5.0961	4
80.45	0.5212	-1.2926	5.1075	4
80.5	0.5218	-1.7796	5.1032	4
80.55	0.5227	-1.4379	5.0951	4
80.6	0.5226	-1.1061	5.0865	4
80.65	0.5225	-1.7049	5.0933	4
80.7	0.5233	-1.5139	5.0961	4
80.75	0.5236	-1.309	5.084	4
80.8	0.5234	-1.6169	5.0915	4
80.85	0.5243	-1.4085	5.0974	4
80.9	0.5243	-1.2587	5.0889	4
80.95	0.5246	-1.5459	5.0883	4
81	0.5252	-1.6436	5.0848	4
81.05	0.5248	-1.0227	5.0893	4
81.1	0.5252	-1.7961	5.1042	4
81.15	0.5257	-1.0018	5.1119	4
81.2	0.5249	-1.2943	5.1118	4
81.25	0.5255	-1.6508	5.112	4
81.3	0.5261	-1.4989	5.119	4
81.35	0.5265	-1.4159	5.1146	4
81.4	0.527	-1.5098	5.1186	4
81.45	0.5276	-1.4802	5.1141	4
81.5	0.5273	-1.0679	5.1163	4
81.55	0.5271	-1.4257	5.116	4
81.6	0.5282	-1.8726	5.1044	4
81.65	0.5287	-1.1599	5.1183	4
81.7	0.5282	-1.1825	5.1115	4
81.75	0.5286	-1.6868	5.1009	4
81.8	0.5292	-1.5302	5.114	4
81.85	0.5289	-0.9723	5.1119	4
81.9	0.529	-1.7832	5.0932	4
81.95	0.5301	-1.5021	5.1116	4
82	0.5297	-1.1252	5.108	4
82.05	0.5294	-1.4042	5.0975	4
82.1	0.5304	-1.6326	5.0989	4
82.15	0.531	-1.4187	5.09	4
82.2	0.5306	-1.2994	5.1113	4
82.25	0.5313	-1.5813	5.1391	4
82.3	0.531	-1.1481	5.1273	4
82.35	0.5318	-1.6141	5.111	4
82.4	0.532	-1.3155	5.1128	4
82.45	0.5319	-1.2434	5.1158	4
82.5	0.532	-1.5481	5.1223	4
82.55	0.5329	-1.5191	5.1292	4
82.6	0.5328	-1.1506	5.1545	4
82.65	0.5329	-1.6952	5.1409	4
82.7	0.5331	-1.2993	5.1381	4
82.75	0.5334	-1.5059	5.1424	4
82.8	0.5335	-1.4904	5.1425	4
82.85	0.5339	-1.5385	5.1343	4
82.9	0.5344	-1.5261	5.1151	4
82.95	0.5352	-1.7823	5.1038	4
83	0.5358	-1.3956	5.1239	4
83.05	0.5367	-1.8824	5.1419	4
83.1	0.537	-1.2422	5.1411	4
83.15	0.5377	-2.0541	5.1325	4
83.2	0.5377	-0.9508	5.1266	4
83.25	0.5381	-1.9777	5.132	4
83.3	0.5398	-1.904	5.1346	4
83.35	0.5403	-1.4472	5.1348	4
83.4	0.5409	-1.6274	5.123	4
83.45	0.5419	-1.8558	5.1066	4
83.5	0.543	-1.5134	5.1036	4
83.55	0.5436	-1.8256	5.1063	4
83.6	0.5451	-1.8329	5.1096	4
83.65	0.5454	-1.5501	5.1088	4
83.7	0.5468	-1.9032	5.104	4
83.75	0.5473	-1.5787	5.1135	4
83.8	0.5482	-1.765	5.1295	4
83.85	0.5496	-1.982	5.115	4
83.9	0.5506	-1.6257	5.109	4
83.95	0.5518	-1.8253	5.1186	4
84	0.5533	-2.1266	5.1235	4
84.05	0.5543	-1.5337	5.1094	4
84.1	0.555	-1.7935	5.1097	4
84.15	0.5564	-2.0577	5.1147	4
84.2	0.5571	-1.3342	5.114	4
84.25	0.5575	-1.8419	5.1165	4
84.3	0.5593	-2.1927	5.1194	4
84.35	0.5604	-1.4311	5.113	4
84.4	0.5609	-1.9058	5.106	4
84.45	0.5628	-1.9322	5.0986	4
84.5	0.5639	-1.8146	5.1293	4
84.55	0.565	-1.7585	5.1436	4
84.6	0.5658	-1.7435	5.126	4
84.65	0.5673	-2.153	5.1472	4
84.7	0.5684	-1.6327	5.1449	4
84.75	0.5692	-1.9517	5.1272	4
84.8	0.571	-2.0394	5.121	4
84.85	0.5719	-1.6154	5.1185	4
84.9	0.5723	-1.7384	5.1044	4
84.95	0.5743	-2.3231	5.1035	4
85	0.5758	-1.5628	5.1199	4
85.05	0.5757	-1.515	5.1194	4
85.1	0.5772	-2.2721	5.1285	4
85.15	0.5786	-1.5719	5.149	4
85.2	0.579	-1.7391	5.1446	4
85.25	0.5804	-1.8698	5.1435	4
85.3	0.5819	-2.0325	5.1524	4
85.35	0.5831	-1.5332	5.1515	4
85.4	0.5841	-2.0453	5.1258	4
85.45	0.5852	-1.685	5.1003	4
85.5	0.5863	-1.9615	5.1053	4
85.55	0.5868	-1.3489	5.1166	4
85.6	0.5878	-1.8664	5.1124	4
85.65	0.5892	-1.9108	5.1232	4
85.7	0.5902	-1.6757	5.1244	4
85.75	0.5911	-1.7634	5.1401	4
85.8	0.592	-1.7447	5.1503	4
85.85	0.5927	-1.4223	5.1405	4
85.9	0.5935	-1.8112	5.1591	4
85.95	0.5945	-1.6323	5.1599	4
86	0.5951	-1.6595	5.1391	4
86.05	0.596	-1.6456	5.1311	4
86.1	0.5968	-1.7761	5.1376	4
86.15	0.5977	-1.6763	5.1327	4
86.2	0.5978	-1.176	5.134	4
86.25	0.598	-1.7827	5.1422	4
86.3	0.5996	-1.8821	5.1417	4
86.35	0.5996	-0.951	5.1329	4
86.4	0.6	-1.9426	5.1338	4
86.45	0.6016	-1.7137	5.131	4
86.5	0.6015	-1.2353	5.1311	4
86.55	0.6012	-1.3928	5.129	4
86.6	0.6019	-1.6416	5.116	4
86.65	0.6023	-1.3987	5.1138	4
86.7	0.6028	-1.6804	5.1103	4
86.75	0.6032	-1.3211	5.1163	4
86.8	0.6035	-1.6365	5.1313	4
86.85	0.6038	-1.1334	5.1321	4
86.9	0.6035	-1.5774	5.1318	4
86.95	0.6043	-1.4622	5.1389	4
87	0.6053	-1.584	5.1312	4
87.05	0.6052	-1.1277	5.1328	4
87.1	0.6048	-1.1203	5.1246	4
87.15	0.6053	-1.4525	5.1171	4
87.2	0.6055	-1.4338	5.1225	4
87.25	0.6053	-1.2169	5.1166	4
87.3	0.6053	-1.5918	5.1174	4
87.35	0.6062	-1.3635	5.1197	4
87.4	0.6059	-1.2219	5.1185	4
87.45	0.6056	-0.9794	5.1201	4
87.5	0.6055	-1.5509	5.121	4
87.55	0.6058	-1.2445	5.1201	4
87.6	0.6057	-1.213	5.1132	4
87.65	0.6057	-1.5265	5.1021	4
87.7	0.6065	-1.4401	5.1047	4
87.75	0.6069	-1.6474	5.1138	4
87.8	0.6067	-1.0855	5.1233	4
87.85	0.607	-1.6432	5.1217	4
87.9	0.6074	-1.6247	5.1236	4
87.95	0.6081	-1.312	5.1255	4
88	0.6077	-1.3786	5.11	4
88.05	0.6089	-1.8205	5.112	4
88.1	0.6094	-1.4015	5.1305	4
88.15	0.6095	-1.2981	5.1451	4
88.2	0.6099	-1.4548	5.1473	4
88.25	0.6101	-1.5944	5.1352	4
88.3	0.6106	-1.474	5.1265	4
88.35	0.6115	-1.6289	5.1174	4
88.4	0.6116	-1.2294	5.1183	4
88.45	0.6124	-1.7479	5.1381	4
88.5	0.6137	-1.8058	5.1341	4
88.55	0.6132	-0.8205	5.1329	4
88.6	0.613	-1.6456	5.1431	4
88.65	0.6144	-1.9238	5.1393	4
88.7	0.6145	-0.9781	5.1432	4
88.75	0.6138	-1.3746	5.1293	4
88.8	0.615	-1.8465	5.1279	4
88.85	0.6159	-1.4256	5.1378	4
88.9	0.6156	-1.2064	5.1342	4
88.95	0.6158	-1.5474	5.1454	4
89	0.6164	-1.5258	5.1361	4
89.05	0.6162	-1.198	5.1213	4
89.1	0.6162	-1.5153	5.132	4
89.15	0.6171	-1.7506	5.1182	4
89.2	0.6174	-1.0826	5.103	4
89.25	0.6176	-1.4494	5.1182	4
89.3	0.6176	-1.2486	5.1155	4
89.35	0.6171	-1.2053	5.1196	4
89.4	0.6174	-1.5475	5.1246	4
89.45	0.6183	-1.3545	5.1321	4
89.5	0.6173	-0.8676	5.1192	4
89.55	0.6174	-1.6171	5.1066	4
89.6	0.6175	-1.1252	5.1053	4
89.65	0.6176	-1.5733	5.1074	4
89.7	0.6185	-1.6658	5.1186	4
89.75	0.6183	-0.9548	5.119	4
89.8	0.6175	-1.1096	5.1065	4
89.85	0.6179	-1.5047	5.1146	4
89.9	0.6183	-1.3037	5.1298	4
89.95	0.6185	-1.4989	5.1223	4
90	0.619	-1.2298	5.1211	4
90.05	0.6188	-1.3138	5.1155	4
90.1	0.6188	-1.1617	5.1191	4
90.15	0.6183	-1.2648	5.1344	4
90.2	0.6182	-1.2904	5.1193	4
90.25	0.6183	-1.3121	5.114	4
90.3	0.6176	-0.8915	5.1275	4
90.35	0.6174	-1.3674	5.1485	4
90.4	0.6183	-1.6156	5.1492	4
90.45	0.6183	-1.2348	5.1502	4
90.5	0.6183	-1.2243	5.1418	4
90.55	0.6176	-0.8479	5.1275	4
90.6	0.6169	-1.1811	5.1187	4
90.65	0.6167	-1.2997	5.1168	4
90.7	0.6165	-1.1055	5.1226	4
90.75	0.6167	-1.4313	5.1296	4
90.8	0.617	-1.2903	5.1328	4
90.85	0.6164	-0.9673	5.127	4
90.9	0.6156	-1.1778	5.1315	4
90.95	0.6158	-1.2651	5.1326	4
91	0.6154	-0.9662	5.128	4
91.05	0.6147	-0.8982	5.1306	4
91.1	0.6145	-1.3931	5.1299	4
91.15	0.6145	-1.1488	5.14	4
91.2	0.6139	-0.9139	5.1294	4
91.25	0.6132	-1.1809	5.1379	4
91.3	0.6127	-1.0826	5.1311	4
91.35	0.6117	-0.7717	5.116	4
91.4	0.6107	-0.8891	5.1287	4
91.45	0.6109	-1.3987	5.1204	4
91.5	0.6104	-0.8723	5.1241	4
91.55	0.6098	-0.9113	5.1303	4
91.6	0.609	-0.8814	5.1218	4
91.65	0.6085	-1.0743	5.1139	4
91.7	0.6077	-0.9332	5.1092	4
91.75	0.6072	-1.0541	5.1321	4
91.8	0.6065	-1.0788	5.1457	4
91.85	0.6058	-0.6606	5.1411	4
91.9	0.6045	-0.7945	5.1498	4
91.95	0.6036	-1.0027	5.1275	4
92	0.603	-0.9056	5.11	4
92.05	0.6026	-1.2275	5.127	4
92.1	0.6023	-0.7764	5.1171	4
92.15	0.6009	-0.7722	5.1079	4
92.2	0.5998	-0.7434	5.1065	4
92.25	0.5989	-1.0737	5.0964	4
92.3	0.5981	-0.7192	5.1146	4
92.35	0.5973	-0.9701	5.1201	4
92.4	0.5967	-1.0228	5.1257	4
92.45	0.596	-1.0055	5.1314	4
92.5	0.5946	-0.646	5.1162	4
92.55	0.5939	-1.1073	5.1279	4
92.6	0.5933	-0.6833	5.1371	4
92.65	0.5917	-0.7242	5.1377	4
92.7	0.5916	-1.4371	5.1299	4
92.75	0.5912	-0.817	5.1326	4
92.8	0.5897	-0.582	5.1379	4
92.85	0.5894	-1.2245	5.1268	4
92.9	0.5887	-1.0455	5.1124	4
92.95	0.5875	-0.316	5.1096	4
93	0.586	-1.1823	5.1213	4
93.05	0.5857	-0.9876	5.1279	4
93.1	0.5844	-0.6469	5.1127	4
93.15	0.5829	-0.5974	5.1174	4
93.2	0.5825	-1.312	5.1277	4
93.25	0.5817	-0.4333	5.1314	4
93.3	0.5799	-0.6513	5.1321	4
93.35	0.5793	-1.0238	5.1345	4
93.4	0.5784	-0.7224	5.1489	4
93.45	0.5768	-0.3772	5.1502	4
93.5	0.5758	-1.3521	5.1519	4
93.55	0.5755	-0.6554	5.1517	4
93.6	0.5739	-0.7437	5.1325	4
93.65	0.5729	-0.8614	5.1325	4
93.7	0.5718	-0.8294	5.1459	4
93.75	0.571	-0.7432	5.1279	4
93.8	0.5697	-0.7729	5.1141	4
93.85	0.5692	-1.0276	5.1189	4
93.9	0.5677	-0.4077	5.1116	4
93.95	0.5667	-1.1437	5.1082	4
94	0.566	-1.0529	5.1198	4
94.05	0.5647	-0.5347	5.1234	4
94.1	0.5632	-0.8055	5.1266	4
94.15	0.5627	-0.8606	5.115	4
94.2	0.5614	-0.6432	5.1137	4
94.25	0.5604	-0.9749	5.1183	4
94.3	0.5599	-0.9036	5.1319	4
94.35	0.5586	-0.7873	5.128	4
94.4	0.5575	-0.7327	5.1212	4
94.45	0.5567	-0.9673	5.1253	4
94.5	0.5556	-0.6051	5.1261	4
94.55	0.5549	-1.0208	5.1384	4
94.6	0.5537	-0.811	5.1326	4
94.65	0.5531	-1.016	5.1129	4
94.7	0.5523	-1.0068	5.1098	4
94.75	0.5514	-0.612	5.1192	4
94.8	0.5504	-1.044	5.1161	4
94.85	0.5497	-0.8368	5.1344	4
94.9	0.5489	-0.9285	5.1456	4
94.95	0.5485	-1.1813	5.1427	4
95	0.5473	-0.6376	5.1367	4
95.05	0.5468	-1.2241	5.1321	4
95.1	0.5464	-0.9288	5.132	4
95.15	0.5461	-1.1996	5.1223	4
95.2	0.5453	-0.898	5.1295	4
95.25	0.5444	-0.9521	5.1403	4
95.3	0.5441	-1.3222	5.1438	4
95.35	0.5431	-0.7945	5.155	4
95.4	0.5425	-1.1837	5.1331	4
95.45	0.543	-1.4672	5.1143	4
95.5	0.542	-0.3271	5.1018	4
95.55	0.5414	-1.4919	5.113	4
95.6	0.5417	-1.2177	5.0958	4
95.65	0.5407	-0.8068	5.0776	4
95.7	0.5397	-0.9294	5.0776	4
95.75	0.5401	-1.5003	5.0868	4
95.8	0.5393	-0.6687	5.0917	4
95.85	0.5385	-1.1747	5.1069	4
95.9	0.5384	-1.4083	5.1194	4
95.95	0.5382	-1.1235	5.103	4
96	0.5372	-0.7848	5.0914	4
96.05	0.5363	-1.0824	5.0909	4
96.1	0.5363	-1.2015	5.0973	4
96.15	0.5356	-0.9762	5.1092	4
96.2	0.5347	-0.861	5.1208	4
96.25	0.5352	-1.7565	5.1209	4
96.3	0.535	-0.8049	5.1126	4
96.35	0.5334	-0.7264	5.1173	4
96.4	0.5335	-1.6027	5.1262	4
96.45	0.5334	-0.9272	5.1431	4
96.5	0.532	-0.8129	5.1358	4
96.55	0.5311	-1.1706	5.1112	4
96.6	0.5314	-1.174	5.1187	4
96.65	0.5304	-0.7386	5.127	4
96.7	0.5295	-0.9551	5.1192	4
96.75	0.5295	-1.3085	5.1241	4
96.8	0.529	-0.9224	5.1234	4
96.85	0.5275	-0.7947	5.1245	4
96.9	0.528	-1.5352	5.1349	4
96.95	0.5269	-0.4756	5.1418	4
97	0.5256	-0.9346	5.1384	4
97.05	0.5252	-1.2548	5.1173	4
97.1	0.525	-0.9467	5.1061	4
97.15	0.5233	-0.6698	5.1018	4
97.2	0.523	-1.1631	5.0916	4
97.25	0.5222	-0.8013	5.093	4
97.3	0.5214	-1.0103	5.0909	4
97.35	0.5205	-0.8726	5.0879	4
97.4	0.5201	-1.3513	5.1094	4
97.45	0.5194	-0.6846	5.112	4
97.5	0.5184	-0.9964	5.1313	4
97.55	0.5178	-0.9282	5.1384	4
97.6	0.517	-1.0003	5.1388	4
97.65	0.5158	-0.7448	5.1355	4
97.7	0.5153	-1.1016	5.1308	4
97.75	0.5141	-0.7186	5.1298	4
97.8	0.5134	-1.0872	5.1314	4
97.85	0.513	-0.9427	5.123	4
97.9	0.5117	-0.8394	5.1187	4
97.95	0.5106	-0.8416	5.1288	4
98	0.5101	-1.112	5.1265	4
98.05	0.5091	-0.754	5.1047	4
98.1	0.5083	-0.8767	5.1055	4
98.15	0.5076	-1.0025	5.126	4
98.2	0.5071	-0.9401	5.1294	4
98.25	0.5058	-0.845	5.1235	4
98.3	0.5052	-1.1074	5.1303	4
98.35	0.5049	-1.0549	5.1424	4
98.4	0.5037	-0.6699	5.1419	4
98.45	0.5031	-1.1631	5.1215	4
98.5	0.5025	-0.9663	5.1143	4
98.55	0.5015	-0.757	5.1307	4
98.6	0.5016	-1.5926	5.1245	4
98.65	0.5009	-0.5905	5.1143	4
98.7	0.4996	-0.8826	5.1161	4
98.75	0.4991	-0.9146	5.1127	4
98.8	0.4983	-0.9685	5.1179	4
98.85	0.4979	-1.1407	5.1282	4
98.9	0.4975	-1.224	5.1156	4
98.95	0.4973	-1.0392	5.1042	4
99	0.4961	-0.8501	5.1196	4
99.05	0.4955	-1.1836	5.1356	4
99.1	0.4951	-0.9894	5.1286	4
99.15	0.4945	-0.9925	5.1067	4
99.2	0.4941	-1.2658	5.0903	4
99.25	0.4937	-1.16	5.0869	4
99.3	0.4928	-0.7771	5.0982	4
99.35	0.4925	-1.3938	5.093	4
99.4	0.4926	-1.179	5.1007	4
99.45	0.4914	-0.5778	5.1217	4
99.5	0.4911	-1.8897	5.1197	4
99.55	0.4916	-0.9476	5.1058	4
99.6	0.4906	-1.1208	5.0951	4
99.65	0.4904	-1.2097	5.095	4
99.7	0.491	-1.5441	5.1034	4
99.75	0.4907	-0.9576	5.0993	4
99.8	0.4901	-1.4122	5.1049	4
99.85	0.4909	-1.3636	5.1072	4
99.9	0.4906	-1.3855	5.1042	4
99.95	0.4902	-0.9142	5.1014	4
100	0.4904	-1.6537	5.0892	4
100.05	0.4911	-1.7139	5.0923	4
100.1	0.4901	-0.3215	5.1094	4
100.15	0.4905	-2.5064	5.1089	4
100.2	0.4913	-0.8883	5.0905	4
100.25	0.4912	-1.407	5.0977	4
100.3	0.4905	-1.105	5.0925	4
100.35	0.4917	-1.9747	5.091	4
100.4	0.4917	-0.8409	5.0866	4
100.45	0.491	-1.5906	5.1003	4
100.5	0.4915	-1.1904	5.1162	4
100.55	0.4921	-1.8941	5.1186	4
100.6	0.4916	-0.626	5.121	4
100.65	0.4912	-1.6439	5.114	4
100.7	0.4918	-1.2786	5.1272	4
100.75	0.4913	-1.3316	5.1139	4
100.8	0.491	-0.9222	5.0899	4
100.85	0.4912	-1.9612	5.0992	4
100.9	0.4924	-1.1013	5.1194	4
100.95	0.4913	-0.9608	5.1137	4
101	0.4915	-1.5912	5.1072	4
101.05	0.4918	-1.1997	5.1155	4
101.1	0.4916	-1.2505	5.1278	4
101.15	0.4913	-1.3972	5.1277	4
101.2	0.4916	-1.1148	5.1339	4
101.25	0.4907	-1.23	5.1376	4
101.3	0.4911	-1.0831	5.1331	4
101.35	0.49	-1.1277	5.1299	4
101.4	0.4909	-1.6481	5.1262	4
101.45	0.4904	-0.8593	5.123	4
101.5	0.4899	-1.2134	5.1346	4
101.55	0.4895	-1.0328	5.159	4
101.6	0.4894	-1.4528	5.1609	4
101.65	0.4887	-0.6663	5.1454	4
101.7	0.4889	-1.5948	5.1355	4
101.75	0.4884	-0.8469	5.1214	4
101.8	0.4882	-1.3762	5.1207	4
101.85	0.4873	-0.9144	5.1188	4
101.9	0.4873	-1.3749	5.1158	4
101.95	0.4867	-0.7459	5.1356	4
102	0.4862	-1.35	5.1421	4
102.05	0.4859	-0.8414	5.1506	4
102.1	0.4855	-1.3442	5.1514	4
102.15	0.485	-0.8027	5.1225	4
102.2	0.4841	-1.1154	5.1417	4
102.25	0.4834	-0.8896	5.1596	4
102.3	0.4827	-1.2269	5.1549	4
102.35	0.4825	-1.0109	5.1495	4
102.4	0.4822	-1.1721	5.1541	4
102.45	0.4811	-0.9559	5.1462	4
102.5	0.4808	-1.0688	5.1537	4
102.55	0.48	-0.9731	5.1509	4
102.6	0.4789	-0.8192	5.1427	4
102.65	0.4786	-1.3355	5.1306	4
102.7	0.4788	-1.2912	5.116	4
102.75	0.4778	-0.5773	5.1159	4
102.8	0.4774	-1.325	5.1184	4
102.85	0.4767	-0.9315	5.1143	4
102.9	0.4758	-0.8559	5.1076	4
102.95	0.4748	-1.0115	5.1034	4
103	0.4746	-1.1632	5.1192	4
103.05	0.4738	-0.6762	5.1161	4
103.1	0.473	-1.3527	5.1071	4
103.15	0.4727	-0.8152	5.113	4
103.2	0.4722	-1.3627	5.126	4
103.25	0.4712	-0.3709	5.1401	4
103.3	0.4708	-1.6356	5.1367	4
103.35	0.4701	-0.639	5.1222	4
103.4	0.4696	-1.2082	5.126	4
103.45	0.4687	-0.7255	5.131	4
103.5	0.4683	-1.268	5.1397	4
103.55	0.4677	-0.6591	5.1475	4
103.6	0.4665	-0.975	5.1527	4
103.65	0.466	-0.9754	5.1376	4
103.7	0.4652	-1.2286	5.1209	4
103.75	0.4647	-0.6158	5.1207	4
103.8	0.464	-1.2724	5.1152	4
103.85	0.4636	-0.7593	5.1128	4
103.9	0.4624	-0.9255	5.1138	4
103.95	0.4622	-1.1056	5.1115	4
104	0.4615	-1.1387	5.1168	4
104.05	0.4616	-1.0705	5.1236	4
104.1	0.4601	-0.623	5.1099	4
104.15	0.4597	-1.2426	5.1007	4
104.2	0.4591	-1.0243	5.1131	4
104.25	0.4583	-0.8846	5.1353	4
104.3	0.4574	-1.1537	5.1175	4
104.35	0.4571	-1.018	5.1094	4
104.4	0.4557	-0.6707	5.1327	4
104.45	0.4553	-1.1659	5.134	4
104.5	0.4549	-0.872	5.1375	4
104.55	0.4537	-0.8386	5.1357	4
104.6	0.4532	-1.1774	5.1275	4
104.65	0.4529	-0.9711	5.1298	4
104.7	0.4519	-1.0004	5.1501	4
104.75	0.4507	-0.716	5.1483	4
104.8	0.4505	-1.3296	5.1243	4
104.85	0.4499	-0.7073	5.1189	4
104.9	0.4491	-0.9427	5.1339	4
104.95	0.4481	-0.7811	5.1443	4
105	0.4479	-1.2459	5.1251	4
105.05	0.4462	-0.5027	5.1146	4
105.1	0.4456	-1.5913	5.1175	4
105.15	0.4452	-0.5463	5.12	4
105.2	0.4438	-0.8899	5.1242	4
105.25	0.4435	-1.0215	5.1125	4
105.3	0.4428	-0.8925	5.1026	4
105.35	0.4425	-0.851	5.1078	4
105.4	0.4418	-1.1767	5.1002	4
105.45	0.4412	-0.5847	5.1128	4
105.5	0.4398	-0.9369	5.1283	4
105.55	0.4388	-0.4297	5.1262	4
105.6	0.4379	-1.4217	5.1223	4
105.65	0.4375	-0.5689	5.1146	4
105.7	0.4357	-0.8363	5.1172	4
105.75	0.4355	-1.2179	5.1285	4
105.8	0.4343	-0.6028	5.124	4
105.85	0.4333	-0.8828	5.1222	4
105.9	0.4328	-1.187	5.1125	4
105.95	0.4325	-1.0025	5.1096	4
106	0.4311	-0.8073	5.1172	4
106.05	0.4305	-1.0423	5.1313	4
106.1	0.4296	-0.9146	5.1431	4
106.15	0.429	-0.8861	5.1278	4
106.2	0.4278	-0.691	5.1061	4
106.25	0.4274	-1.5507	5.1166	4
106.3	0.4271	-0.6082	5.1352	4
106.35	0.4258	-1.0381	5.1359	4
106.4	0.4252	-0.9794	5.1351	4
106.45	0.4243	-0.8827	5.1338	4
106.5	0.4228	-0.6306	5.1199	4
106.55	0.4221	-1.3087	5.1094	4
106.6	0.4222	-1.0798	5.1056	4
106.65	0.421	-0.6855	5.1086	4
106.7	0.4206	-1.2675	5.1157	4
106.75	0.4196	-0.6879	5.1137	4
106.8	0.4188	-1.1725	5.095	4
106.85	0.418	-0.8	5.1162	4
106.9	0.4172	-0.8413	5.1369	4
106.95	0.4166	-1.3095	5.1449	4
107	0.4161	-0.6125	5.1406	4
107.05	0.4149	-1.1667	5.1339	4
107.1	0.4148	-1.0767	5.1344	4
107.15	0.4138	-0.7922	5.1375	4
107.2	0.4131	-1.2981	5.1464	4
107.25	0.4126	-0.8448	5.1481	4
107.3	0.4118	-0.989	5.149	4
107.35	0.411	-0.9931	5.1366	4
107.4	0.4105	-1.2023	5.1249	4
107.45	0.41	-0.9158	5.1359	4
107.5	0.4089	-0.9862	5.1329	4
107.55	0.4084	-1.1041	5.1154	4
107.6	0.408	-1.1849	5.1268	4
107.65	0.4074	-1.0254	5.1193	4
107.7	0.4072	-1.3055	5.1239	4
107.75	0.4067	-0.9665	5.1378	4
107.8	0.406	-1.2053	5.142	4
107.85	0.4063	-1.2556	5.1439	4
107.9	0.4055	-0.9999	5.1278	4
107.95	0.4058	-1.4892	5.13	4
108	0.4056	-1.1014	5.1327	4
108.05	0.4052	-1.1849	5.1202	4
108.1	0.4052	-1.1254	5.1284	4
108.15	0.4049	-1.1238	5.1325	4
108.2	0.4048	-1.4178	5.1338	4
108.25	0.4044	-1.1748	5.1219	4
108.3	0.404	-1.2769	5.1029	4
108.35	0.404	-1.2258	5.0993	4
108.4	0.4036	-1.3764	5.1114	4
108.45	0.4042	-1.4352	5.1147	4
108.5	0.4036	-0.9516	5.1145	4
108.55	0.4041	-1.4338	5.1087	4
108.6	0.4044	-1.628	5.0991	4
108.65	0.4047	-1.0025	5.1014	4
108.7	0.4039	-1.4189	5.1202	4
108.75	0.4047	-1.5253	5.1205	4
108.8	0.4043	-1.0659	5.1242	4
108.85	0.4042	-1.5165	5.1335	4
108.9	0.4044	-1.4113	5.1328	4
108.95	0.4053	-1.6546	5.1359	4
109	0.4047	-0.8969	5.1513	4
109.05	0.4047	-1.7901	5.1502	4
109.1	0.4055	-1.4157	5.1385	4
109.15	0.4058	-1.446	5.1329	4
109.2	0.4056	-1.2741	5.1204	4
109.25	0.4068	-2.1108	5.117	4
109.3	0.4071	-1.041	5.1093	4
109.35	0.4073	-1.6755	5.1174	4
109.4	0.4083	-1.5718	5.1189	4
109.45	0.4083	-1.4591	5.1134	4
109.5	0.4087	-1.2964	5.1234	4
109.55	0.4089	-1.7705	5.1074	4
109.6	0.411	-1.878	5.0997	4
109.65	0.4108	-1.109	5.1118	4
109.7	0.4107	-1.4151	5.1128	4
109.75	0.4113	-1.8482	5.1117	4
109.8	0.4124	-1.5909	5.1039	4
109.85	0.4125	-1.2414	5.0911	4
109.9	0.4132	-2.0643	5.0928	4
109.95	0.4143	-1.4463	5.0957	4
110	0.4143	-1.4368	5.1086	4
110.05	0.4144	-1.3799	5.12	4
110.1	0.4159	-2.1549	5.1121	4
110.15	0.4165	-1.1945	5.1097	4
110.2	0.4167	-1.6027	5.1135	4
110.25	0.4178	-1.822	5.1185	4
110.3	0.4182	-1.397	5.1028	4
110.35	0.4183	-1.4138	5.096	4
110.4	0.4191	-1.9015	5.1147	4
110.45	0.4202	-1.5513	5.1366	4
110.5	0.4206	-1.5998	5.132	4
110.55	0.4215	-1.7003	5.1216	4
110.6	0.4224	-1.6991	5.1322	4
110.65	0.4228	-1.4983	5.1253	4
110.7	0.4233	-1.711	5.1056	4
110.75	0.4246	-1.9904	5.1203	4
110.8	0.4252	-1.4043	5.119	4
110.85	0.4256	-1.5236	5.1034	4
110.9	0.427	-2.1695	5.1106	4
110.95	0.4281	-1.6946	5.1261	4
111	0.4284	-1.377	5.1308	4
111.05	0.4288	-1.8153	5.139	4
111.1	0.43	-1.608	5.1365	4
111.15	0.4303	-1.5734	5.128	4
111.2	0.4314	-1.8126	5.1269	4
111.25	0.4323	-1.9256	5.1271	4
111.3	0.433	-1.2491	5.1232	4
111.35	0.4331	-1.6954	5.1214	4
111.4	0.4341	-1.764	5.1359	4
111.45	0.4351	-1.7789	5.122	4
111.5	0.4362	-1.7768	5.1122	4
111.55	0.4369	-1.5478	5.1241	4
111.6	0.4382	-1.9384	5.1293	4
111.65	0.4386	-1.2881	5.1397	4
111.7	0.4386	-1.696	5.1354	4
111.75	0.44	-1.8943	5.133	4
111.8	0.4407	-1.6104	5.1372	4
111.85	0.4415	-1.3847	5.1469	4
111.9	0.4423	-1.96	5.1535	4
111.95	0.4436	-1.7225	5.1379	4
112	0.4439	-1.3702	5.1227	4
112.05	0.4443	-1.8844	5.1264	4
112.1	0.4452	-1.7492	5.1273	4
112.15	0.4458	-1.662	5.1278	4
112.2	0.4464	-1.6843	5.1371	4
112.25	0.4477	-1.9103	5.1277	4
112.3	0.4485	-1.5634	5.1181	4
112.35	0.4489	-1.783	5.1318	4
112.4	0.4504	-1.951	5.1215	4
112.45	0.4516	-1.9	5.1031	4
112.5	0.4522	-1.4454	5.1008	4
112.55	0.4538	-2.2018	5.1147	4
112.6	0.4552	-1.8844	5.1206	4
112.65	0.4557	-1.4612	5.1258	4
112.7	0.4569	-2.3013	5.1184	4
112.75	0.4585	-1.6227	5.0993	4
112.8	0.4589	-1.7685	5.1026	4
112.85	0.4599	-1.8224	5.0946	4
112.9	0.4615	-2.2215	5.1086	4
112.95	0.4619	-1.2913	5.1115	4
113	0.4631	-2.2251	5.1084	4
113.05	0.4641	-1.5643	5.1192	4
113.1	0.4652	-1.9282	5.1275	4
113.15	0.4663	-1.6317	5.1151	4
113.2	0.4673	-2.0771	5.1114	4
113.25	0.4688	-1.6673	5.125	4
113.3	0.469	-1.5604	5.1195	4
113.35	0.4703	-1.8996	5.1143	4
113.4	0.4713	-1.8601	5.1088	4
113.45	0.4719	-1.5252	5.1156	4
113.5	0.4723	-1.6523	5.1115	4
113.55	0.4734	-1.7606	5.1125	4
113.6	0.4742	-1.6005	5.1227	4
113.65	0.4753	-1.8642	5.1194	4
113.7	0.4762	-1.4646	5.121	4
113.75	0.4768	-1.5644	5.1163	4
113.8	0.4769	-1.2898	5.1213	4
113.85	0.4775	-1.8147	5.1308	4
113.9	0.4779	-1.4293	5.1239	4
113.95	0.4789	-1.6533	5.1164	4
114	0.4792	-1.3571	5.1154	4
114.05	0.4796	-1.3397	5.1254	4
114.1	0.4797	-1.6056	5.1214	4
114.15	0.4802	-1.3929	5.117	4
114.2	0.4805	-1.5949	5.1288	4
114.25	0.4806	-1.2059	5.1279	4
114.3	0.4812	-1.5173	5.1263	4
114.35	0.4814	-1.4135	5.1177	4
114.4	0.4816	-1.3772	5.1078	4
114.45	0.4819	-1.4908	5.1122	4
114.5	0.4821	-1.3394	5.1089	4
114.55	0.482	-1.2445	5.0908	4
114.6	0.4817	-1.3528	5.0795	4
114.65	0.4823	-1.3628	5.0808	4
114.7	0.4823	-1.3792	5.1114	4
114.75	0.4821	-1.0582	5.1134	4
114.8	0.4819	-1.3798	5.1126	4
114.85	0.4817	-1.2148	5.1234	4
114.9	0.4821	-1.3727	5.1209	4
114.95	0.4817	-1.1277	5.1241	4
115	0.4816	-1.253	5.1244	4
115.05	0.4813	-1.2299	5.1193	4
115.1	0.4807	-0.97	5.1167	4
115.15	0.4807	-1.4175	5.1122	4
115.2	0.4806	-1.0744	5.1036	4
115.25	0.4803	-1.2841	5.1021	4
115.3	0.4801	-1.0245	5.099	4
115.35	0.48	-1.4344	5.1016	4
115.4	0.4796	-1.0132	5.1079	4
115.45	0.4792	-1.2575	5.1082	4
115.5	0.4793	-1.4584	5.111	4
115.55	0.4786	-0.7725	5.1046	4
115.6	0.4781	-1.2879	5.1104	4
115.65	0.478	-1.3412	5.1032	4
115.7	0.4784	-0.9871	5.0948	4
115.75	0.4773	-1.1275	5.1039	4
115.8	0.4773	-1.2488	5.1185	4
115.85	0.4769	-1.0423	5.126	4
115.9	0.4765	-1.0336	5.1248	4
115.95	0.4765	-1.2963	5.1067	4
116	0.4757	-1.1359	5.1048	4
116.05	0.4748	-0.8855	5.1122	4
116.1	0.4749	-1.3499	5.1234	4
116.15	0.4746	-0.9068	5.1281	4
116.2	0.4736	-0.9549	5.1351	4
116.25	0.4735	-1.3164	5.1517	4
116.3	0.4733	-1.1206	5.1357	4
116.35	0.4722	-0.7598	5.1295	4
116.4	0.4712	-0.9805	5.139	4
116.45	0.4707	-1.0808	5.1358	4
116.5	0.4704	-1.2191	5.1329	4
116.55	0.4694	-0.7963	5.1275	4
116.6	0.4694	-1.3789	5.1183	4
116.65	0.4692	-0.9927	5.1155	4
116.7	0.4679	-0.7448	5.1283	4
116.75	0.4682	-1.5808	5.1366	4
116.8	0.4677	-0.7739	5.1246	4
116.85	0.4669	-0.8626	5.1057	4
116.9	0.4671	-1.7341	5.1078	4
116.95	0.4661	-0.1138	5.1043	4
117	0.465	-1.5071	5.0856	4
117.05	0.4652	-0.9697	5.0897	4
117.1	0.4644	-1.091	5.0996	4
117.15	0.4635	-0.7645	5.1377	4
117.2	0.463	-1.2062	5.1469	4
117.25	0.4627	-1.0325	5.1418	4
117.3	0.4615	-0.6528	5.125	4
117.35	0.4606	-1.3062	5.1034	4
117.4	0.4606	-1.1098	5.1229	4
117.45	0.4599	-0.7113	5.1246	4
117.5	0.4595	-1.4288	5.1208	4
117.55	0.4592	-0.9165	5.1224	4
117.6	0.4577	-0.7797	5.1099	4
117.65	0.4572	-1.1263	5.1117	4
117.7	0.4573	-1.2514	5.1087	4
117.75	0.4562	-0.7097	5.1097	4
117.8	0.4557	-1.1351	5.1057	4
117.85	0.4557	-1.1683	5.1013	4
117.9	0.4545	-0.6441	5.0931	4
117.95	0.4541	-1.2036	5.104	4
118	0.4533	-0.7836	5.1183	4
118.05	0.4527	-1.1543	5.1048	4
118.1	0.4516	-0.7287	5.1116	4
118.15	0.451	-1.086	5.1095	4
118.2	0.4505	-0.8765	5.1114	4
118.25	0.4498	-1.1318	5.1211	4
118.3	0.4489	-0.8268	5.1254	4
118.35	0.4485	-1.1817	5.1426	4
118.4	0.4478	-0.9997	5.138	4
118.45	0.447	-0.8312	5.1296	4
118.5	0.4466	-0.9802	5.1332	4
118.55	0.4454	-0.8825	5.1309	4
118.6	0.4447	-0.9193	5.1211	4
118.65	0.4437	-0.8985	5.1259	4
118.7	0.4426	-0.733	5.1102	4
118.75	0.442	-1.0879	5.095	4
118.8	0.4411	-0.8668	5.1063	4
118.85	0.4394	-0.5834	5.1059	4
118.9	0.4392	-1.4701	5.1068	4
118.95	0.4384	-0.4285	5.1158	4
119	0.4368	-1.0278	5.1186	4
119.05	0.4367	-0.8464	5.107	4
119.1	0.4358	-1.1417	5.1059	4
119.15	0.4343	-0.1292	5.1021	4
119.2	0.4336	-1.6935	5.1064	4
119.25	0.4333	-0.485	5.1053	4
119.3	0.4319	-0.8936	5.0977	4
119.35	0.432	-1.3794	5.0888	4
119.4	0.4307	-0.703	5.1017	4
119.45	0.4301	-1.0214	5.1199	4
119.5	0.4293	-0.874	5.114	4
119.55	0.4291	-1.3587	5.1193	4
119.6	0.4282	-0.514	5.138	4
119.65	0.4272	-1.441	5.1213	4
119.7	0.4268	-0.7646	5.105	4
119.75	0.4262	-1.2432	5.1156	4
119.8	0.4251	-0.6032	5.1335	4
119.85	0.4246	-1.3273	5.1449	4
119.9	0.4247	-0.9809	5.1358	4
119.95	0.4239	-1.1473	5.1371	4
120	0.4236	-0.8299	5.1235	4
120.05	0.4225	-1.5467	5.1045	4
120.1	0.4228	-0.792	5.0926	4
120.15	0.4222	-1.5012	5.0893	4
120.2	0.4219	-0.7013	5.1078	4
120.25	0.4213	-1.4107	5.1071	4
120.3	0.4207	-0.7345	5.0826	4
120.35	0.4201	-1.3534	5.0805	4
120.4	0.4207	-1.3531	5.0817	4
120.45	0.4198	-0.7634	5.0918	4
120.5	0.4198	-1.5182	5.0931	4
120.55	0.4189	-0.4569	5.0961	4
120.6	0.419	-2.168	5.109	4
120.65	0.4188	-0.3739	5.109	4
120.7	0.4186	-1.7683	5.1016	4
120.75	0.4179	-0.6049	5.1088	4
120.8	0.4186	-2.0255	5.0929	4
120.85	0.4174	-0.2994	5.0756	4
120.9	0.4172	-1.9744	5.0734	4
120.95	0.4181	-0.9497	5.0772	4
121	0.4174	-1.4082	5.0912	4
121.05	0.4175	-0.8255	5.1011	4
121.1	0.417	-1.8056	5.0956	4
121.15	0.4173	-0.9229	5.0861	4
121.2	0.4168	-1.7344	5.0996	4
121.25	0.4175	-0.9411	5.1031	4
121.3	0.417	-1.4913	5.1186	4
121.35	0.417	-1.1984	5.1331	4
121.4	0.4174	-1.5997	5.1304	4
121.45	0.4176	-1.1316	5.1381	4
121.5	0.4172	-1.1731	5.148	4
121.55	0.418	-1.6596	5.1452	4
121.6	0.4171	-0.9125	5.1535	4
121.65	0.4182	-1.8926	5.1431	4
121.7	0.4184	-1.4503	5.1364	4
121.75	0.4184	-0.9192	5.1401	4
121.8	0.4177	-1.4759	5.1439	4
121.85	0.4189	-1.8747	5.136	4
121.9	0.4191	-0.9527	5.1228	4
121.95	0.4192	-1.7892	5.1226	4
122	0.4197	-1.3702	5.1233	4
122.05	0.4198	-1.4143	5.1148	4
122.1	0.4197	-1.3201	5.1256	4
122.15	0.4208	-1.9956	5.12	4
122.2	0.4212	-0.9677	5.1252	4
122.25	0.421	-1.6788	5.1467	4
122.3	0.4219	-1.5207	5.1469	4
122.35	0.422	-1.3615	5.142	4
122.4	0.4224	-1.6587	5.1329	4
122.45	0.4232	-1.5177	5.1317	4
122.5	0.4238	-1.507	5.1274	4
122.55	0.4238	-1.2271	5.1438	4
122.6	0.4244	-1.8374	5.1509	4
122.65	0.4252	-1.4614	5.1418	4
122.7	0.4256	-1.6137	5.1544	4
122.75	0.4261	-1.5663	5.1709	4
122.8	0.4271	-1.7732	5.1631	4
122.85	0.4267	-1.1578	5.156	4
122.9	0.4275	-1.9278	5.134	4
122.95	0.4287	-1.7559	5.1151	4
123	0.429	-1.2329	5.1302	4
123.05	0.4295	-1.7541	5.144	4
123.1	0.4307	-2.0834	5.138	4
123.15	0.4316	-1.3963	5.1329	4
123.2	0.4319	-1.7167	5.115	4
123.25	0.4322	-1.3838	5.1135	4
123.3	0.4331	-1.8602	5.1081	4
123.35	0.434	-1.566	5.1101	4
123.4	0.4353	-1.985	5.1199	4
123.45	0.4361	-1.5866	5.1294	4
123.5	0.4361	-1.1975	5.1467	4
123.55	0.4369	-1.9864	5.1312	4
123.6	0.4378	-1.4863	5.1277	4
123.65	0.4383	-1.6527	5.1344	4
123.7	0.439	-1.6268	5.1313	4
123.75	0.4396	-1.5112	5.1401	4
123.8	0.4402	-1.5658	5.1363	4
123.85	0.4409	-1.7835	5.117	4
123.9	0.4424	-1.9662	5.1357	4
123.95	0.4425	-1.1228	5.1459	4
124	0.4428	-1.5863	5.1385	4
124.05	0.4437	-1.9782	5.1351	4
124.1	0.4444	-1.2771	5.1386	4
124.15	0.4453	-2.0979	5.1408	4
124.2	0.4466	-1.4892	5.1437	4
124.25	0.4468	-1.4861	5.1527	4
124.3	0.4471	-1.5185	5.1428	4
124.35	0.4482	-1.9546	5.1339	4
124.4	0.4494	-1.8217	5.1334	4
124.45	0.4501	-1.6949	5.1337	4
124.5	0.4509	-1.398	5.149	4
124.55	0.4511	-1.7526	5.149	4
124.6	0.4522	-1.6282	5.1258	4
124.65	0.4532	-1.9953	5.1348	4
124.7	0.4539	-1.403	5.1487	4
124.75	0.4537	-1.4416	5.1424	4
124.8	0.4551	-2.182	5.1391	4
124.85	0.4562	-1.5108	5.1382	4
124.9	0.4566	-1.6785	5.1437	4
124.95	0.4576	-1.8363	5.1354	4
125	0.4587	-1.7466	5.1292	4
125.05	0.4593	-1.5629	5.1499	4
125.1	0.4599	-1.8552	5.1501	4
125.15	0.4617	-2.1308	5.143	4
125.2	0.4628	-1.4698	5.1461	4
125.25	0.4629	-1.2827	5.1407	4
125.3	0.4648	-2.7732	5.151	4
125.35	0.4661	-1.2069	5.1482	4
125.4	0.4664	-1.9539	5.1325	4
125.45	0.4682	-1.9491	5.1252	4
125.5	0.4692	-1.5376	5.1418	4
125.55	0.4703	-2.1531	5.1633	4
125.6	0.4712	-1.4014	5.1502	4
125.65	0.4721	-2.0604	5.1325	4
125.7	0.4736	-1.9011	5.1244	4
125.75	0.4743	-1.4241	5.1173	4
125.8	0.4756	-2.4063	5.1202	4
125.85	0.4771	-1.6984	5.1165	4
125.9	0.4782	-1.8132	5.1216	4
125.95	0.479	-1.7455	5.1289	4
126	0.4804	-1.9651	5.1319	4
126.05	0.4819	-1.9832	5.1323	4
126.1	0.4828	-1.6875	5.1365	4
126.15	0.4844	-2.1324	5.1497	4
126.2	0.4857	-1.8211	5.156	4
126.25	0.4864	-1.5857	5.1437	4
126.3	0.4873	-1.9629	5.1472	4
126.35	0.4886	-1.7686	5.149	4
126.4	0.4899	-2.0838	5.1436	4
126.45	0.4919	-2.2453	5.1354	4
126.5	0.4925	-1.2645	5.1393	4
126.55	0.4935	-2.3788	5.1519	4
126.6	0.4965	-2.2775	5.153	4
126.65	0.4971	-1.4511	5.1455	4
126.7	0.4988	-2.4985	5.1407	4
126.75	0.5004	-1.4979	5.1389	4
126.8	0.5013	-2.1731	5.1462	4
126.85	0.5034	-2.1441	5.1571	4
126.9	0.5042	-1.8087	5.1518	4
126.95	0.5066	-2.4297	5.142	4
127	0.5075	-1.2438	5.1332	4
127.05	0.5086	-2.4804	5.1374	4
127.1	0.5115	-2.2881	5.1325	4
127.15	0.5121	-1.5689	5.128	4
127.2	0.5135	-2.2972	5.1169	4
127.25	0.5157	-1.8756	5.1216	4
127.3	0.5162	-1.8127	5.0985	4
127.35	0.5184	-2.4879	5.105	4
127.4	0.5201	-1.8418	5.1137	4
127.45	0.5214	-2.0421	5.1072	4
127.5	0.5227	-1.8265	5.0996	4
127.55	0.524	-2.1687	5.102	4
127.6	0.5263	-2.0432	5.1138	4
127.65	0.5274	-1.8167	5.1032	4
127.7	0.5287	-2.0131	5.1166	4
127.75	0.5304	-2.0542	5.113	4
127.8	0.5314	-1.7022	5.1006	4
127.85	0.5335	-2.4512	5.1196	4
127.9	0.5351	-1.7538	5.128	4
127.95	0.5364	-1.9765	5.1159	4
128	0.5377	-1.9215	5.0998	4
128.05	0.5391	-1.988	5.0906	4
128.1	0.5405	-1.9793	5.0983	4
128.15	0.5418	-1.8758	5.1131	4
128.2	0.5428	-1.825	5.1245	4
128.25	0.5448	-2.3158	5.1147	4
128.3	0.5459	-1.474	5.1136	4
128.35	0.5467	-1.9806	5.1383	4
128.4	0.5485	-2.2398	5.1447	4
128.45	0.5494	-1.4247	5.1222	4
128.5	0.5509	-2.2349	5.1193	4
128.55	0.5519	-1.6283	5.126	4
128.6	0.5533	-1.9657	5.1366	4
128.65	0.5544	-1.8593	5.1323	4
128.7	0.5553	-1.6445	5.1125	4
128.75	0.5563	-1.9482	5.1127	4
128.8	0.5575	-1.7201	5.1207	4
128.85	0.5581	-1.5917	5.1177	4
128.9	0.5601	-2.4775	5.1037	4
128.95	0.5612	-1.3445	5.1161	4
129	0.5626	-2.2216	5.1155	4
129.05	0.5637	-1.73	5.1019	4
129.1	0.565	-1.7918	5.1108	4
129.15	0.5656	-1.6785	5.1204	4
129.2	0.5674	-2.2696	5.1188	4
129.25	0.5688	-1.6195	5.1251	4
129.3	0.5695	-1.9545	5.1347	4
129.35	0.5705	-1.6575	5.1372	4
129.4	0.5724	-2.4038	5.1337	4
129.45	0.5732	-1.2807	5.1234	4
129.5	0.5743	-2.0271	5.1208	4
129.55	0.576	-1.7965	5.121	4
129.6	0.5764	-1.7158	5.1102	4
129.65	0.5773	-1.5264	5.1096	4
129.7	0.5787	-2.3507	5.0984	4
129.75	0.5799	-1.2133	5.1069	4
129.8	0.5804	-2.0112	5.1233	4
129.85	0.582	-1.8093	5.1168	4
129.9	0.5831	-1.8028	5.1059	4
129.95	0.5839	-1.8074	5.0931	4
130	0.5855	-2.1724	5.1027	4
130.05	0.5874	-2.1605	5.1291	4
130.1	0.5881	-1.5441	5.1388	4
130.15	0.5895	-2.1036	5.1232	4
130.2	0.5913	-2.2435	5.0936	4
130.25	0.593	-1.6182	5.0854	4
130.3	0.5942	-2.2808	5.0965	4
130.35	0.5961	-2.0399	5.1139	4
130.4	0.5976	-2.1089	5.1166	4
130.45	0.5992	-1.955	5.1075	4
130.5	0.6006	-2.3618	5.1154	4
130.55	0.6036	-2.3651	5.1034	4
130.6	0.6042	-1.687	5.0993	4
130.65	0.6072	-2.6797	5.1267	4
130.7	0.6089	-2.1448	5.1306	4
130.75	0.6107	-1.8787	5.1268	4
130.8	0.612	-2.2378	5.1359	4
130.85	0.6144	-2.4593	5.1204	4
130.9	0.6159	-1.8076	5.1192	4
130.95	0.6178	-2.3869	5.1286	4
131	0.6196	-2.0596	5.1216	4
131.05	0.622	-2.458	5.1152	4
131.1	0.6237	-1.9109	5.1063	4
131.15	0.625	-2.0132	5.1045	4
131.2	0.6269	-2.3087	5.1032	4
131.25	0.6294	-2.3635	5.1021	4
131.3	0.6306	-1.636	5.1115	4
131.35	0.6318	-2.1429	5.1154	4
131.4	0.6341	-2.3495	5.1278	4
131.45	0.6361	-2.0057	5.1399	4
131.5	0.6374	-2.0296	5.129	4
131.55	0.6403	-2.8539	5.1293	4
131.6	0.6423	-1.592	5.1558	4
131.65	0.6433	-1.998	5.1495	4
131.7	0.6455	-2.5989	5.1318	4
131.75	0.6484	-2.4519	5.1244	4
131.8	0.6489	-1.3311	5.1236	4
131.85	0.6502	-2.5766	5.1303	4
131.9	0.6534	-2.3585	5.1178	4
131.95	0.6554	-2.2444	5.1039	4
132	0.6568	-1.7367	5.1086	4
132.05	0.6593	-2.9664	5.1204	4
132.1	0.662	-1.9987	5.1172	4
132.15	0.6625	-1.5592	5.1076	4
132.2	0.6645	-2.6376	5.1077	4
132.25	0.667	-2.1123	5.128	4
132.3	0.6683	-1.9389	5.1331	4
132.35	0.6695	-2.0713	5.1248	4
132.4	0.672	-2.5443	5.1066	4
132.45	0.674	-2.0851	5.0955	4
132.5	0.6752	-1.7328	5.0969	4
132.55	0.6774	-2.7165	5.1166	4
132.6	0.6802	-2.0903	5.1241	4
132.65	0.6809	-1.6153	5.1207	4
132.7	0.6826	-2.4982	5.1279	4
132.75	0.6844	-2.0348	5.1182	4
132.8	0.6861	-2.1094	5.1182	4
132.85	0.6877	-2.0564	5.1358	4
132.9	0.6891	-2.2178	5.1264	4
132.95	0.6916	-2.536	5.1144	4
133	0.6939	-2.0518	5.1073	4
133.05	0.6951	-1.7099	5.1153	4
133.1	0.6968	-2.4671	5.12	4
133.15	0.6995	-2.3219	5.1086	4
133.2	0.7004	-1.4623	5.1192	4
133.25	0.7028	-3.0852	5.122	4
133.3	0.705	-1.4968	5.1082	4
133.35	0.7058	-1.9596	5.1071	4
133.4	0.7078	-2.4892	5.1062	4
133.45	0.7101	-1.8096	5.1107	4
133.5	0.7109	-1.8953	5.1026	4
133.55	0.7134	-2.4373	5.1142	4
133.6	0.7152	-1.9251	5.1239	4
133.65	0.7168	-2.5031	5.1054	4
133.7	0.7184	-1.5805	5.1109	4
133.75	0.7196	-2.5405	5.1085	4
133.8	0.7223	-2.1368	5.1113	4
133.85	0.7233	-1.6971	5.1062	4
133.9	0.7245	-2.125	5.0986	4
133.95	0.7272	-2.4328	5.1072	4
134	0.729	-1.9092	5.0979	4
134.05	0.7301	-1.7949	5.0908	4
134.1	0.7324	-2.5982	5.1006	4
134.15	0.7345	-2.0985	5.087	4
134.2	0.7354	-1.4719	5.0844	4
134.25	0.7367	-2.6539	5.097	4
134.3	0.7398	-2.0634	5.1212	4
134.35	0.7409	-2.0166	5.1346	4
134.4	0.7427	-2.1213	5.1362	4
134.45	0.7445	-2.2272	5.1203	4
134.5	0.7462	-1.9642	5.1231	4
134.55	0.7471	-1.874	5.1342	4
134.6	0.7496	-2.4377	5.1211	4
134.65	0.7512	-2.0729	5.1184	4
134.7	0.7524	-1.7236	5.1239	4
134.75	0.7543	-2.5094	5.1016	4
134.8	0.7562	-1.912	5.0938	4
134.85	0.7574	-1.8218	5.1116	4
134.9	0.759	-2.2283	5.1248	4
134.95	0.7609	-2.1052	5.1276	4
135	0.7624	-2.0557	5.1183	4
135.05	0.7632	-1.56	5.1001	4
135.1	0.7654	-2.3776	5.0957	4
135.15	0.7671	-1.7318	5.0881	4
135.2	0.7679	-1.7585	5.0874	4
135.25	0.77	-2.436	5.1002	4
135.3	0.7714	-1.5042	5.1042	4
135.35	0.7723	-2.0794	5.1107	4
135.4	0.7743	-1.9529	5.0947	4
135.45	0.7755	-1.7662	5.0997	4
135.5	0.7769	-2.172	5.1134	4
135.55	0.7783	-1.5784	5.1046	4
135.6	0.779	-1.9632	5.1148	4
135.65	0.7803	-1.7301	5.1061	4
135.7	0.7821	-2.1314	5.0906	4
135.75	0.7822	-1.0998	5.0848	4
135.8	0.784	-2.371	5.0946	4
135.85	0.785	-1.6998	5.1013	4
135.9	0.7862	-1.7168	5.0869	4
135.95	0.7871	-1.8687	5.0882	4
136	0.7884	-1.641	5.0989	4
136.05	0.7886	-1.6345	5.1031	4
136.1	0.7903	-1.9736	5.1191	4
136.15	0.7912	-1.5771	5.1148	4
136.2	0.7924	-2.0769	5.1048	4
136.25	0.7927	-1.1762	5.117	4
136.3	0.7944	-2.5894	5.1188	4
136.35	0.7961	-1.5189	5.1287	4
136.4	0.7964	-1.4817	5.1322	4
136.45	0.7972	-1.8632	5.1263	4
136.5	0.7987	-1.9191	5.1178	4
136.55	0.7993	-1.2921	5.1191	4
136.6	0.8003	-2.2798	5.1327	4
136.65	0.8022	-1.5117	5.1476	4
136.7	0.8027	-2.099	5.133	4
136.75	0.8033	-1.0568	5.1206	4
136.8	0.805	-2.4718	5.1256	4
136.85	0.8061	-1.2804	5.1366	4
136.9	0.8069	-1.8319	5.1363	4
136.95	0.8078	-1.6837	5.1271	4
137	0.809	-1.7239	5.139	4
137.05	0.809	-1.1541	5.1447	4
137.1	0.8097	-2.109	5.1294	4
137.15	0.8116	-1.6377	5.1205	4
137.2	0.8113	-1.3826	5.1404	4
137.25	0.8127	-1.9611	5.1377	4
137.3	0.8139	-1.6129	5.1324	4
137.35	0.8137	-1.2623	5.1346	4
137.4	0.8144	-1.796	5.1614	4
137.45	0.8157	-1.8502	5.1469	4
137.5	0.8153	-0.9405	5.132	4
137.55	0.8163	-2.2711	5.1196	4
137.6	0.8176	-1.6042	5.1089	4
137.65	0.8182	-1.3385	5.1275	4
137.7	0.8179	-1.4749	5.1248	4
137.75	0.8195	-1.7417	5.1229	4
137.8	0.8195	-1.283	5.1365	4
137.85	0.8205	-1.8851	5.1401	4
137.9	0.821	-1.348	5.1431	4
137.95	0.8212	-1.4776	5.1318	4
138	0.8219	-1.56	5.1318	4
138.05	0.822	-1.4027	5.1427	4
138.1	0.8221	-1.2286	5.1385	4
138.15	0.8228	-1.8967	5.1371	4
138.2	0.8234	-1.0905	5.1446	4
138.25	0.823	-1.5171	5.1395	4
138.3	0.8236	-1.4572	5.1478	4
138.35	0.8238	-1.5398	5.1437	4
138.4	0.8245	-1.5459	5.1493	4
138.45	0.8245	-1.3816	5.1441	4
138.5	0.8253	-1.5562	5.1335	4
138.55	0.8255	-1.2666	5.1495	4
138.6	0.8258	-1.3853	5.1499	4
138.65	0.8263	-1.7721	5.1372	4
138.7	0.8269	-1.2101	5.1402	4
138.75	0.8265	-1.1503	5.1558	4
138.8	0.8274	-1.8041	5.1644	4
138.85	0.828	-1.4484	5.1568	4
138.9	0.8277	-0.9777	5.1304	4
138.95	0.8279	-1.6334	5.1252	4
139	0.8286	-1.5165	5.13	4
139.05	0.828	-1.0086	5.1373	4
139.1	0.8281	-1.3423	5.1265	4
139.15	0.8294	-1.9778	5.1141	4
139.2	0.8289	-0.717	5.1193	4
139.25	0.8286	-1.3954	5.1172	4
139.3	0.8289	-1.4269	5.1133	4
139.35	0.8297	-1.5771	5.1074	4
139.4	0.8295	-1.208	5.1135	4
139.45	0.8295	-1.4232	5.1058	4
139.5	0.8303	-1.6177	5.0908	4
139.55	0.8306	-1.4197	5.0904	4
139.6	0.8304	-1.1971	5.1067	4
139.65	0.8314	-2.0243	5.1286	4
139.7	0.8325	-1.4819	5.1363	4
139.75	0.8322	-1.1253	5.1203	4
139.8	0.8327	-1.792	5.1247	4
139.85	0.8337	-1.6275	5.1318	4
139.9	0.8338	-1.1734	5.1309	4
139.95	0.8349	-2.001	5.131	4
140	0.8353	-1.1238	5.13	4
140.05	0.8361	-2.0827	5.1285	4
140.1	0.8371	-1.3192	5.131	4
140.15	0.8363	-1.256	5.1348	4
140.2	0.8374	-2.0501	5.1354	4
140.25	0.8382	-1.2357	5.1532	4
140.3	0.8383	-1.477	5.1422	4
140.35	0.8395	-2.0244	5.1182	4
140.4	0.8406	-1.3689	5.115	4
140.45	0.8401	-1.2782	5.1236	4
140.5	0.8413	-2.0206	5.1252	4
140.55	0.843	-1.944	5.1081	4
140.6	0.8435	-1.3817	5.1137	4
140.65	0.8443	-1.7996	5.1032	4
140.7	0.8457	-1.9639	5.1076	4
140.75	0.846	-1.0332	5.1155	4
140.8	0.8463	-1.9232	5.1148	4
140.85	0.8473	-1.5872	5.1174	4
140.9	0.8481	-1.5225	5.134	4
140.95	0.8481	-1.2699	5.1309	4
141	0.8488	-1.6382	5.1273	4
141.05	0.8491	-1.3618	5.1267	4
141.1	0.8487	-1.1205	5.1292	4
141.15	0.8495	-1.7715	5.1338	4
141.2	0.8498	-1.1706	5.1417	4
141.25	0.8491	-1.1467	5.1387	4
141.3	0.849	-1.4676	5.1345	4
141.35	0.8501	-1.6424	5.1506	4
141.4	0.85	-0.9073	5.1462	4
141.45	0.8497	-1.3573	5.1262	4
141.5	0.8509	-1.8865	5.1257	4
141.55	0.8511	-0.8074	5.1372	4
141.6	0.8499	-1.001	5.129	4
141.65	0.8503	-1.9288	5.1093	4
141.7	0.8513	-1.2418	5.1153	4
141.75	0.8494	-0.7466	5.1185	4
141.8	0.8509	-2.2138	5.1085	4
141.85	0.8507	-0.7981	5.1096	4
141.9	0.85	-1.1372	5.1152	4
141.95	0.8501	-1.3879	5.1181	4
142	0.8504	-1.2571	5.1252	4
142.05	0.8497	-1.0318	5.1364	4
142.1	0.85	-1.4362	5.1462	4
142.15	0.8487	-0.7217	5.1402	4
142.2	0.8488	-1.4991	5.1339	4
142.25	0.8491	-1.1875	5.116	4
142.3	0.8488	-1.0403	5.1224	4
142.35	0.8481	-1.0354	5.131	4
142.4	0.8482	-1.4098	5.1299	4
142.45	0.8476	-0.769	5.1297	4
142.5	0.8472	-1.1569	5.1309	4
142.55	0.8467	-1.214	5.1251	4
142.6	0.8473	-1.449	5.1357	4
142.65	0.846	-0.5785	5.1308	4
142.7	0.8454	-1.5081	5.1088	4
142.75	0.8457	-1.061	5.1063	4
142.8	0.8446	-0.6982	5.0996	4
142.85	0.8444	-1.4006	5.1017	4
142.9	0.844	-1.0419	5.122	4
142.95	0.844	-1.3359	5.1066	4
143	0.8434	-0.9326	5.0889	4
143.05	0.8433	-1.4296	5.078	4
143.1	0.8428	-0.787	5.0794	4
143.15	0.8426	-1.2451	5.0942	4
143.2	0.8416	-0.8926	5.1133	4
143.25	0.8423	-1.4914	5.1067	4
143.3	0.8414	-0.826	5.1004	5
143.35	0.8409	-0.9802	5.0954	5
143.4	0.8406	-1.5727	5.11	5
143.45	0.84	-0.4497	5.1235	5
143.5	0.8403	-1.6488	5.1112	5
143.55	0.8496	-0.9492	5.1027	5
143.6	0.8631	-1.2453	5.0989	5
143.65	0.881	-0.6771	5.101	5
143.7	0.9069	-0.9977	5.1143	5
143.75	0.9398	-0.7573	5.1166	5
143.8	0.9804	-0.5687	5.1024	5
143.85	1.0284	-0.0688	5.0923	5
143.9	1.0845	-0.8283	5.0974	5
143.95	1.1457	0.6906	5.1099	5
144	1.2155	-0.2207	5.1327	5
144.05	1.2909	0.4931	5.1277	5
144.1	1.3735	1.2192	5.1164	5
144.15	1.4638	1.0295	5.1088	5
144.2	1.5601	1.6122	5.1008	5
144.25	1.6632	2.1998	5.1055	5
144.3	1.773	2.648	5.1173	5
144.35	1.889	3.2787	5.1132	5
144.4	2.0117	3.6545	5.106	5
144.45	2.1401	4.666	5.1163	5
144.5	2.2752	5.1444	5.1167	5
144.55	2.416	6.1076	5.1151	5
144.6	2.5631	7.5279	5.1035	5
144.65	2.7165	8.6512	5.1151	5
144.7	2.8763	9.1865	5.1218	5
144.75	3.0402	12.1165	5.109	5
144.8	3.2114	12.7522	5.108	5
144.85	3.3878	14.3065	5.1067	5
144.9	3.5694	16.9564	5.1117	5
144.95	3.7582	18.5546	5.1189	5
145	3.952	20.8695	5.1268	5
145.05	4.1521	23.3078	5.1372	5
145.1	4.3595	26.3744	5.1218	5
145.15	4.5753	29.3805	5.1049	5
145.2	4.8	32.7881	5.1154	5
145.25	5.0333	37.3551	5.1209	5
145.3	5.2757	42.3117	5.1322	5
145.35	5.5271	47.8967	5.1283	5
145.4	5.7861	55.5326	5.1135	5
145.45	6.0528	63.9626	5.1231	5
145.5	6.3252	74.8113	5.1284	5
145.55	6.6041	87.329	5.1206	5
145.6	6.8883	102.3158	5.1226	5
145.65	7.1778	118.4117	5.1462	6
145.7	7.4718	137.1235	5.1386	6
145.75	7.77	158.2342	5.109	6
145.8	8.072	181.1555	5.1188	6
145.85	8.3756	206.4361	5.1464	6
145.9	8.676	233.2609	5.1229	6
145.95	8.97	261.6857	5.1235	6
146	9.2562	292.4515	5.1251	6
146.05	9.535	325.2031	5.1188	6
146.1	9.8051	361.5473	5.1137	6
146.15	10.0659	401.9288	5.1117	6
146.2	10.318	445.6693	5.1108	6
146.25	10.5623	492.7498	5.1069	6
146.3	10.7988	542.9343	5.1206	6
146.35	11.027	596.2934	5.1199	6
146.4	11.2477	652.0175	5.1111	6
146.45	11.4617	709.5304	5.1293	6
146.5	11.6688	769.2921	5.1165	6
146.55	11.8707	829.0169	5.099	6
146.6	12.0684	887.4426	5.127	6
146.65	12.2607	946.4606	5.1201	6
146.7	12.4492	1004.0288	5.1087	6
146.75	12.6344	1058.8327	5.1015	6
146.8	12.815	1113.2557	5.1084	6
146.85	12.9916	1166.9719	5.1071	6
146.9	13.1649	1218.5493	5.0853	6
146.95	13.334	1268.9492	5.099	6
147	13.4993	1318.9714	5.1069	6
147.05	13.6613	1367.1133	5.0977	6
147.1	13.8205	1413.353	5.1076	6
147.15	13.9761	1458.9155	5.1022	6
147.2	14.1275	1504.0243	5.1101	6
147.25	14.2761	1546.1812	5.1174	6
147.3	14.4217	1587.4013	5.1254	6
147.35	14.5644	1627.7756	5.1405	6
147.4	14.705	1665.7718	5.1305	6
147.45	14.8423	1702.9988	5.1097	6
147.5	14.9765	1739.3342	5.1006	6
147.55	15.1079	1774.315	5.1033	6
147.6	15.2371	1807.5585	5.1151	6
147.65	15.3629	1839.716	5.1278	6
147.7	15.4862	1870.1991	5.1195	6
147.75	15.6077	1899.577	5.1056	6
147.8	15.7267	1927.9607	5.0987	6
147.85	15.8433	1954.6088	5.111	6
147.9	15.9576	1979.5792	5.0923	6
147.95	16.0694	2003.9803	5.0913	6
148	16.1794	2026.652	5.0979	6
148.05	16.2871	2048.2976	5.0884	6
148.1	16.3922	2069.2067	5.1079	6
148.15	16.4953	2088.0615	5.1041	6
148.2	16.5967	2105.4077	5.0857	6
148.25	16.695	2122.9538	5.0975	6
148.3	16.7923	2138.3751	5.0945	6
148.35	16.8877	2152.4248	5.0776	6
148.4	16.9799	2167.0009	5.0862	6
148.45	17.0709	2179.8695	5.1059	6
148.5	17.1608	2190.2837	5.0965	6
148.55	17.2474	2201.8843	5.0898	6
148.6	17.3319	2212.6893	5.0951	6
148.65	17.4162	2220.3641	5.1117	6
148.7	17.4983	2227.8205	5.1248	6
148.75	17.5773	2236.4205	5.13	6
148.8	17.656	2242.1598	5.1113	6
148.85	17.7336	2246.0471	5.095	6
148.9	17.807	2252.5641	5.0838	6
148.95	17.8805	2256.6866	5.0755	6
149	17.9534	2258.1355	5.0853	6
149.05	18.0227	2261.4892	5.105	6
149.1	18.0906	2264.3674	5.1126	6
149.15	18.1587	2263.9458	5.1184	6
149.2	18.2245	2263.9514	5.1073	6
149.25	18.2873	2265.8552	5.0979	6
149.3	18.3498	2264.9248	5.0956	6
149.35	18.4115	2262.4382	5.1038	6
149.4	18.47	2262.1041	5.1104	6
149.45	18.5274	2261.1164	5.1047	6
149.5	18.5852	2257.3546	5.0964	6
149.55	18.6409	2254.0242	5.0889	6
149.6	18.6939	2252.389	5.1053	6
149.65	18.7469	2247.8337	5.1282	6
149.7	18.7989	2242.5605	5.1164	6
149.75	18.8482	2239.4899	5.0927	6
149.8	18.8974	2234.5765	5.1014	6
149.85	18.9454	2228.6975	5.1013	6
149.9	18.9917	2222.9357	5.1015	6
149.95	19.0368	2217.7298	5.1122	6
150	19.0813	2211.4303	5.114	6
150.05	19.125	2204.5963	5.1061	6
150.1	19.1666	2198.5075	5.0953	6
150.15	19.2075	2191.2844	5.0951	6
150.2	19.2476	2183.6967	5.1009	6
150.25	19.2862	2176.7675	5.1105	6
150.3	19.3239	2169.0929	5.1137	6
150.35	19.3605	2161.0032	5.1091	6
150.4	19.396	2153.022	5.1116	6
150.45	19.4311	2144.8734	5.1067	6
150.5	19.4649	2136.8791	5.1166	6
150.55	19.4976	2128.9378	5.1312	6
150.6	19.5302	2119.6159	5.1204	6
150.65	19.5611	2111.1278	5.1025	6
150.7	19.5909	2103.1331	5.0999	6
150.75	19.6211	2093.4725	5.1164	6
150.8	19.6497	2084.638	5.1302	6
150.85	19.6772	2076.2074	5.1297	6
150.9	19.7039	2067.3929	5.1123	6
150.95	19.7307	2057.266	5.1153	6
151	19.7557	2048.7139	5.1364	6
151.05	19.7804	2039.7198	5.1365	6
151.1	19.8051	2029.3496	5.1216	6
151.15	19.8279	2020.5504	5.1307	6
151.2	19.8505	2011.3252	5.1435	6
151.25	19.8728	2001.5359	5.1405	6
151.3	19.8939	1992.5574	5.1383	6
151.35	19.9145	1983.1634	5.1363	6
151.4	19.9345	1973.5394	5.1277	6
151.45	19.9539	1964.3484	5.1311	6
151.5	19.9727	1954.8708	5.1354	6
151.55	19.9907	1945.6063	5.1384	6
151.6	20.008	1936.6689	5.1339	6
151.65	20.0252	1927.1023	5.1312	6
151.7	20.0413	1918.3437	5.1383	6
151.75	20.057	1909.4527	5.1432	6
151.8	20.0725	1899.8558	5.1399	6
151.85	20.0872	1890.942	5.1315	6
151.9	20.1015	1882.1718	5.148	6
151.95	20.1154	1873.0995	5.1534	6
152	20.1284	1864.1483	5.1329	6
152.05	20.1413	1855.6163	5.1182	6
152.1	20.1541	1847.5311	5.1241	6
152.15	20.1659	1839.1704	5.1294	6
152.2	20.1769	1831.2158	5.1208	6
152.25	20.1885	1822.2093	5.1267	6
152.3	20.1989	1813.1911	5.1366	6
152.35	20.2085	1805.4817	5.1298	6
152.4	20.2187	1797.5378	5.123	6
152.45	20.2283	1788.8059	5.1119	6
152.5	20.2366	1782.0293	5.1142	6
152.55	20.2452	1774.3304	5.1331	6
152.6	20.2538	1765.9587	5.1208	6
152.65	20.2611	1759.1522	5.0936	6
152.7	20.2683	1751.9553	5.0882	6
152.75	20.2757	1744.2863	5.1006	6
152.8	20.2828	1736.619	5.1231	6
152.85	20.2894	1729.8138	5.1253	6
152.9	20.2956	1723.2401	5.1219	6
152.95	20.3025	1715.1623	5.115	6
153	20.3079	1708.7064	5.1122	6
153.05	20.3133	1702.1016	5.1043	6
153.1	20.3191	1694.7463	5.1143	6
153.15	20.3242	1687.8885	5.1002	6
153.2	20.3289	1681.625	5.0877	6
153.25	20.3335	1675.2688	5.0804	6
153.3	20.3384	1668.151	5.0829	6
153.35	20.3422	1662.264	5.086	6
153.4	20.346	1656.2995	5.0818	6
153.45	20.3498	1649.8491	5.0942	6
153.5	20.3536	1643.3517	5.0976	6
153.55	20.3567	1637.8122	5.112	6
153.6	20.36	1631.6345	5.1154	6
153.65	20.3634	1625.1394	5.0914	6
153.7	20.3658	1620.0708	5.0863	6
153.75	20.3684	1614.3848	5.0847	6
153.8	20.3712	1608.2878	5.1029	6
153.85	20.3729	1603.6234	5.1131	6
153.9	20.3749	1598.4911	5.1102	6
153.95	20.3772	1592.4351	5.116	6
154	20.3786	1587.8981	5.1176	6
154.05	20.3797	1583.4908	5.11	6
154.1	20.3818	1577.6367	5.109	6
154.15	20.3826	1573.6058	5.1057	6
154.2	20.3835	1569.2881	5.1051	6
154.25	20.3849	1563.9804	5.0939	6
154.3	20.3857	1559.6375	5.1006	6
154.35	20.3862	1555.6772	5.1328	6
154.4	20.3874	1550.5193	5.1331	6
154.45	20.3879	1546.3743	5.1168	6
154.5	20.3879	1542.7915	5.1145	6
154.55	20.3887	1537.9513	5.1147	6
154.6	20.3894	1533.2277	5.1166	6
154.65	20.3889	1530.1796	5.1128	6
154.7	20.3892	1526.122	5.1062	6
154.75	20.3896	1521.5499	5.1073	6
154.8	20.3891	1518.3392	5.1096	6
154.85	20.3886	1514.9433	5.0968	6
154.9	20.3887	1511.1011	5.0976	6
154.95	20.3882	1507.9358	5.1109	6
155	20.3876	1504.6553	5.1187	6
155.05	20.3873	1501.162	5.1051	6
155.1	20.3871	1497.3682	5.1148	6
155.15	20.3861	1494.5492	5.1052	6
155.2	20.3853	1491.4499	5.0962	6
155.25	20.3846	1488.2233	5.1066	6
155.3	20.3838	1485.3244	5.1063	6
155.35	20.3828	1482.7257	5.0862	6
155.4	20.3822	1479.2979	5.0767	6
155.45	20.3815	1476.0224	5.0837	6
155.5	20.38	1474.0144	5.1032	6
155.55	20.3794	1470.6678	5.1048	6
155.6	20.3783	1467.9263	5.099	6
155.65	20.377	1465.7119	5.1039	6
155.7	20.3761	1462.8939	5.1112	6
155.75	20.3751	1460.1053	5.1141	6
155.8	20.3738	1457.7009	5.1123	6
155.85	20.3728	1455.2489	5.1043	6
155.9	20.3718	1452.6967	5.1113	6
155.95	20.3705	1450.3051	5.1119	6
156	20.3692	1447.9882	5.1014	6
156.05	20.3678	1445.9943	5.1019	6
156.1	20.3665	1443.6377	5.104	6
156.15	20.3651	1441.4191	5.1157	6
156.2	20.3637	1439.2557	5.1102	6
156.25	20.3623	1437.176	5.1047	6
156.3	20.3611	1434.9083	5.1065	6
156.35	20.3597	1432.9198	5.108	6
156.4	20.358	1431.4115	5.1169	6
156.45	20.3568	1429.0451	5.1153	6
156.5	20.3552	1427.3049	5.0955	6
156.55	20.3537	1425.5934	5.109	6
156.6	20.3522	1423.7306	5.1169	6
156.65	20.3509	1421.6559	5.1191	6
156.7	20.3494	1419.9286	5.1228	6
156.75	20.3476	1418.7661	5.1323	6
156.8	20.3462	1416.9337	5.1165	6
156.85	20.3448	1415.1469	5.0987	6
156.9	20.3427	1414.3381	5.1082	6
156.95	20.3413	1412.567	5.1025	6
157	20.3402	1410.6515	5.0982	6
157.05	20.3384	1409.6205	5.0978	6
157.1	20.337	1408.0061	5.0843	6
157.15	20.3357	1406.2988	5.09	6
157.2	20.334	1405.268	5.0968	6
157.25	20.3319	1404.4307	5.0937	6
157.3	20.3305	1403.025	5.1131	6
157.35	20.329	1402.0085	5.1313	6
157.4	20.3271	1401.2781	5.1305	6
157.45	20.3258	1399.6398	5.1238	6
157.5	20.3241	1398.6599	5.1391	6
157.55	20.3224	1397.9764	5.1699	6
157.6	20.3208	1396.9133	5.1441	6
157.65	20.319	1396.169	5.1159	6
157.7	20.3168	1395.8009	5.1061	6
157.75	20.3155	1394.6143	5.1117	6
157.8	20.3137	1393.937	5.1228	6
157.85	20.3117	1393.527	5.1249	6
157.9	20.3101	1392.6978	5.1286	6
157.95	20.3087	1391.9291	5.129	6
158	20.3069	1391.5799	5.1294	6
158.05	20.3054	1390.9892	5.1302	6
158.1	20.3041	1390.0886	5.1307	6
158.15	20.3024	1389.3544	5.1221	6
158.2	20.3004	1389.0447	5.1189	6
158.25	20.2986	1388.6205	5.1394	6
158.3	20.2972	1388.0836	5.1457	6
158.35	20.2957	1387.6443	5.141	6
158.4	20.2941	1387.1781	5.1467	6
158.45	20.2923	1387.0142	5.1432	6
158.5	20.2907	1386.6526	5.1329	6
158.55	20.2892	1386.06	5.1451	6
158.6	20.2875	1386.029	5.1435	6
158.65	20.286	1385.576	5.1136	6
158.7	20.2849	1384.7954	5.1123	6
158.75	20.2833	1384.5989	5.1214	6
158.8	20.2818	1384.3069	5.1251	6
158.85	20.2806	1383.7055	5.1177	6
158.9	20.2795	1383.0572	5.1161	6
158.95	20.2778	1383.1133	5.1293	6
159	20.2765	1382.8268	5.1183	6
159.05	20.2754	1382.2155	5.1055	6
159.1	20.2738	1382.1748	5.1094	6
159.15	20.2725	1381.9509	5.1029	6
159.2	20.2715	1381.4145	5.1221	6
159.25	20.2704	1380.7467	5.1116	6
159.3	20.2692	1380.5409	5.1039	6
159.35	20.2678	1380.4884	5.1099	6
159.4	20.267	1379.4958	5.089	6
159.45	20.2654	1379.8574	5.0831	6
159.5	20.264	1379.7553	5.077	6
159.55	20.2633	1378.814	5.0733	6
159.6	20.2619	1379.0188	5.0909	6
159.65	20.2608	1378.9024	5.112	6
159.7	20.2602	1377.941	5.1126	6
159.75	20.2589	1377.8273	5.1213	6
159.8	20.2577	1377.8248	5.1352	6
159.85	20.2568	1377.4628	5.1297	6
159.9	20.2559	1377.0304	5.1193	6
159.95	20.2546	1377.0247	5.121	6
160	20.2539	1376.4956	5.1308	6
160.05	20.2531	1375.8603	5.1318	6
160.1	20.2523	1375.5048	5.1564	6
160.15	20.2513	1375.3739	5.1393	6
160.2	20.2507	1374.6134	5.1186	6
160.25	20.2498	1374.1039	5.1294	6
160.3	20.2489	1373.8439	5.1317	6
160.35	20.2481	1373.4786	5.1321	6
160.4	20.2476	1372.7351	5.1251	6
160.45	20.2464	1372.8886	5.1252	6
160.5	20.2457	1372.4283	5.1258	6
160.55	20.245	1371.8297	5.1244	6
160.6	20.2441	1371.6281	5.1376	6
160.65	20.2432	1371.2379	5.1309	6
160.7	20.2427	1370.4355	5.138	6
160.75	20.2419	1370.4312	5.14	6
160.8	20.241	1370.6532	5.1357	6
160.85	20.2403	1370.116	5.1319	6
160.9	20.2395	1369.78	5.1224	6
160.95	20.2382	1370.1918	5.1183	6
161	20.2372	1370.3143	5.1302	6
161.05	20.2364	1370.1703	5.1169	6
161.1	20.2355	1370.4075	5.1119	6
161.15	20.2343	1370.9583	5.1125	6
161.2	20.2337	1370.6177	5.135	6
161.25	20.2328	1370.4206	5.1523	6
161.3	20.2318	1370.9888	5.1384	6
161.35	20.231	1370.7589	5.1236	6
161.4	20.2304	1370.8165	5.128	6
161.45	20.2295	1370.764	5.1291	6
161.5	20.2287	1371.178	5.1369	6
161.55	20.228	1370.9001	5.1349	6
161.6	20.2276	1370.5291	5.1202	6
161.65	20.2264	1370.8571	5.1199	6
161.7	20.2256	1371.2925	5.1133	6
161.75	20.225	1371.078	5.1283	6
161.8	20.2245	1371.045	5.132	6
161.85	20.2233	1371.6096	5.1228	6
161.9	20.2226	1371.7344	5.1347	6
161.95	20.2223	1371.3422	5.1393	6
162	20.2212	1371.6858	5.1307	6
162.05	20.2203	1372.4729	5.1376	6
162.1	20.22	1371.6163	5.1572	6
162.15	20.2196	1371.8499	5.1545	6
162.2	20.2184	1372.5861	5.1432	6
162.25	20.2179	1372.3333	5.1445	6
162.3	20.2178	1371.9772	5.1284	6
162.35	20.2165	1372.5295	5.1237	6
162.4	20.2163	1372.6717	5.1105	6
162.45	20.2161	1372.0356	5.1102	6
162.5	20.2154	1372.1481	5.134	6
162.55	20.2153	1372.3841	5.1317	6
162.6	20.2151	1371.5351	5.1243	6
162.65	20.2147	1371.4631	5.1386	6
162.7	20.2143	1371.7058	5.1362	6
162.75	20.2141	1370.5415	5.143	6
162.8	20.2139	1370.5028	5.1317	6
162.85	20.2136	1370.3964	5.1265	6
162.9	20.2134	1369.6014	5.1294	6
162.95	20.2137	1369.2832	5.1222	6
163	20.2134	1368.8591	5.1269	6
163.05	20.2131	1368.4521	5.1181	6
163.1	20.2133	1368.0004	5.1157	6
163.15	20.2128	1367.5215	5.1165	6
163.2	20.2128	1366.9524	5.1146	6
163.25	20.2127	1366.7729	5.1195	6
163.3	20.2119	1366.572	5.1263	6
163.35	20.2119	1365.9996	5.1166	6
163.4	20.2117	1366.0787	5.1079	6
163.45	20.211	1365.8957	5.0953	6
163.5	20.2108	1365.9057	5.0883	6
163.55	20.2109	1365.5793	5.0969	6
163.6	20.2101	1365.3644	5.0976	6
163.65	20.2099	1365.3876	5.0992	6
163.7	20.2099	1365.0908	5.0988	6
163.75	20.2094	1364.5316	5.1077	6
163.8	20.2092	1364.6433	5.1019	6
163.85	20.2092	1364.6085	5.0867	6
163.9	20.2087	1363.8012	5.086	6
163.95	20.2085	1363.7793	5.094	6
164	20.2082	1364.2551	5.0921	6
164.05	20.2078	1363.6408	5.0892	6
164.1	20.2073	1363.8493	5.0869	6
164.15	20.2073	1363.9361	5.1031	6
164.2	20.2067	1363.7856	5.1261	6
164.25	20.2064	1363.1888	5.1303	6
164.3	20.2065	1363.3365	5.1317	6
164.35	20.2061	1363.5474	5.1195	6
164.4	20.2058	1362.7186	5.118	6
164.45	20.2059	1362.5609	5.1253	6
164.5	20.2054	1363.105	5.1178	6
164.55	20.2051	1362.0512	5.1281	6
164.6	20.2051	1361.4099	5.1329	6
164.65	20.205	1361.8869	5.1202	6
164.7	20.205	1361.2652	5.1112	6
164.75	20.2051	1360.1466	5.1108	6
164.8	20.2049	1360.6322	5.1242	6
164.85	20.2047	1360.8303	5.1395	6
164.9	20.2046	1359.7944	5.135	6
164.95	20.2042	1359.7579	5.1344	6
165	20.2039	1360.5406	5.1279	6
165.05	20.2044	1359.1235	5.1227	6
165.1	20.2038	1358.671	5.1268	6
165.15	20.2034	1359.4198	5.136	6
165.2	20.2038	1358.8393	5.1401	6
165.25	20.2032	1358.3463	5.1285	6
165.3	20.2024	1358.8173	5.1299	6
165.35	20.2026	1358.6324	5.1275	6
165.4	20.2023	1358.7184	5.1237	6
165.45	20.2014	1358.8661	5.131	6
165.5	20.2017	1358.2441	5.126	6
165.55	20.2017	1358.6992	5.1248	6
165.6	20.2012	1359.0062	5.1226	6
165.65	20.2007	1358.1583	5.1201	6
165.7	20.2005	1358.432	5.1345	6
165.75	20.2003	1359.2851	5.1285	6
165.8	20.2002	1358.8689	5.1096	6
165.85	20.1997	1358.2069	5.1155	6
165.9	20.1992	1358.8965	5.1165	6
165.95	20.1991	1359.3825	5.1233	6
166	20.1991	1359.107	5.1124	6
166.05	20.1978	1359.1858	5.1085	6
166.1	20.1975	1359.2596	5.1319	6
166.15	20.1977	1359.5603	5.1303	6
166.2	20.1973	1360.338	5.1336	6
166.25	20.1968	1360.0446	5.1358	6
166.3	20.1966	1359.5424	5.1191	6
166.35	20.1962	1360.223	5.1135	6
166.4	20.1962	1360.7941	5.1337	6
166.45	20.1961	1360.7481	5.1391	6
166.5	20.1952	1360.5469	5.1311	6
166.55	20.1949	1360.5984	5.1197	6
166.6	20.195	1360.8419	5.1206	6
166.65	20.1949	1361.4497	5.1141	6
166.7	20.1948	1361.3456	5.1135	6
166.75	20.1945	1360.4009	5.1256	6
166.8	20.1941	1360.5927	5.1158	6
166.85	20.1942	1360.9106	5.1071	6
166.9	20.1943	1361.1096	5.1035	6
166.95	20.1939	1361.5149	5.1153	6
167	20.1934	1360.5369	5.115	6
167.05	20.1934	1360.1462	5.1066	6
167.1	20.193	1361.1577	5.1176	6
167.15	20.1929	1361.6236	5.1211	6
167.2	20.1933	1361.3222	5.1167	6
167.25	20.1925	1361.4529	5.1068	6
167.3	20.192	1361.1917	5.1043	6
167.35	20.1922	1361.0938	5.1201	6
167.4	20.1921	1361.6899	5.116	6
167.45	20.192	1362.3484	5.1085	6
167.5	20.1921	1361.5834	5.1192	6
167.55	20.1913	1361.0375	5.1094	6
167.6	20.1906	1361.6276	5.1203	6
167.65	20.191	1361.4736	5.1296	6
167.7	20.1912	1361.7175	5.1242	6
167.75	20.1908	1362.5183	5.115	6
167.8	20.191	1361.7603	5.1146	6
167.85	20.191	1360.4051	5.1302	6
167.9	20.1907	1360.8022	5.1369	6
167.95	20.1908	1361.1615	5.1414	6
168	20.1913	1360.6983	5.1308	6
168.05	20.1912	1361.1616	5.117	6
168.1	20.1909	1360.8242	5.1127	6
168.15	20.1909	1359.2657	5.1182	6
168.2	20.1912	1358.9193	5.1187	6
168.25	20.1911	1359.5966	5.1356	6
168.3	20.1913	1359.6924	5.1378	6
168.35	20.1919	1359.1124	5.1334	6
168.4	20.1915	1358.7014	5.1241	6
168.45	20.1911	1358.2992	5.1306	6
168.5	20.1918	1357.5978	5.1392	6
168.55	20.1921	1357.7051	5.1347	6
168.6	20.1919	1358.2506	5.1294	6
168.65	20.1921	1357.9953	5.1198	6
168.7	20.1922	1356.6217	5.1084	6
168.75	20.1915	1356.8578	5.1201	6
168.8	20.1917	1357.042	5.1038	6
168.85	20.1925	1356.3394	5.0906	6
168.9	20.1925	1356.6493	5.1055	6
168.95	20.1921	1356.756	5.0995	6
169	20.1924	1354.9777	5.0876	6
169.05	20.1923	1354.9333	5.0929	6
169.1	20.1917	1356.1461	5.0964	6
169.15	20.1926	1355.4184	5.1111	6
169.2	20.1928	1355.2535	5.1089	6
169.25	20.1918	1355.2547	5.1211	6
169.3	20.1917	1354.3987	5.116	6
169.35	20.1923	1353.7492	5.1068	6
169.4	20.192	1354.3214	5.1133	6
169.45	20.1921	1354.8342	5.1115	6
169.5	20.1928	1353.6357	5.1153	6
169.55	20.1922	1352.9905	5.133	6
169.6	20.1914	1353.6526	5.1289	6
169.65	20.1921	1353.0675	5.1221	6
169.7	20.1922	1353.1089	5.1066	6
169.75	20.1916	1354.058	5.0949	6
169.8	20.1914	1353.5405	5.1061	6
169.85	20.1913	1352.3751	5.0999	6
169.9	20.1907	1353.424	5.1068	6
169.95	20.1906	1354.0385	5.1056	6
170	20.1909	1353.7891	5.082	6
170.05	20.191	1353.865	5.0904	6
170.1	20.1903	1353.7462	5.1076	6
170.15	20.1901	1352.8157	5.1092	6
170.2	20.1899	1353.0025	5.0897	6
170.25	20.1897	1353.7837	5.0575	6
170.3	20.1896	1354.2513	5.0555	6
170.35	20.1899	1354.1714	5.0778	6
170.4	20.1896	1353.9195	5.081	6
170.45	20.1891	1353.1327	5.0696	6
170.5	20.1892	1352.9575	5.0831	6
170.55	20.1895	1352.9477	5.1024	6
170.6	20.1892	1353.6993	5.1001	6
170.65	20.1889	1354.2426	5.0951	6
170.7	20.1892	1353.7783	5.0802	6
170.75	20.1884	1353.5091	5.0775	6
170.8	20.1876	1354.026	5.096	6
170.85	20.1879	1353.8643	5.0924	6
170.9	20.188	1353.8887	5.0822	6
170.95	20.1872	1355.5165	5.0863	6
171	20.1876	1355.3302	5.0882	6
171.05	20.1881	1354.509	5.0964	6
171.1	20.1868	1355.1379	5.094	6
171.15	20.1864	1354.9611	5.0864	6
171.2	20.1872	1354.2328	5.092	6
171.25	20.1867	1355.0774	5.1115	6
171.3	20.1863	1355.9784	5.1041	6
171.35	20.1871	1355.1681	5.0996	6
171.4	20.1873	1355.2264	5.1141	6
171.45	20.1863	1355.9245	5.1175	6
171.5	20.1866	1354.2447	5.1186	6
171.55	20.1868	1353.8678	5.1041	6
171.6	20.1861	1355.272	5.0815	6
171.65	20.1864	1355.1003	5.0742	6
171.7	20.1871	1354.4014	5.0861	6
171.75	20.1865	1355.6278	5.0784	6
171.8	20.1868	1355.3561	5.0903	6
171.85	20.1871	1353.2984	5.1008	6
171.9	20.1867	1353.2457	5.0945	6
171.95	20.1869	1353.3948	5.0926	6
172	20.1875	1352.729	5.1046	6
172.05	20.1878	1352.6211	5.1119	6
172.1	20.1882	1352.5293	5.1075	6
172.15	20.1887	1351.8526	5.1066	6
172.2	20.1888	1350.5312	5.1294	6
172.25	20.1884	1350.1142	5.1215	6
172.3	20.189	1349.5211	5.1152	6
172.35	20.1893	1349.492	5.1201	6
172.4	20.1893	1349.9821	5.1136	6
172.45	20.1897	1349.622	5.1073	6
172.5	20.1897	1348.8985	5.0865	6
172.55	20.1891	1348.3623	5.0739	6
172.6	20.1896	1347.4819	5.0834	6
172.65	20.1902	1346.8846	5.0891	6
172.7	20.1903	1346.9942	5.0794	6
172.75	20.191	1346.2682	5.0785	6
172.8	20.1917	1345.0659	5.0933	6
172.85	20.1914	1344.1193	5.1037	6
172.9	20.1916	1343.5845	5.1044	6
172.95	20.1923	1343.0688	5.1189	6
173	20.1927	1342.742	5.1165	6
173.05	20.1925	1343.1683	5.1133	6
173.1	20.1929	1341.6533	5.113	6
173.15	20.1927	1340.284	5.1007	6
173.2	20.1924	1340.9001	5.1068	6
173.25	20.1927	1340.8089	5.1066	6
173.3	20.1933	1340.1695	5.1042	6
173.35	20.193	1340.3276	5.1056	6
173.4	20.1926	1339.5511	5.0978	6
173.45	20.1929	1338.679	5.0838	6
173.5	20.193	1338.8121	5.0727	6
173.55	20.193	1339.0286	5.0685	6
173.6	20.193	1339.0322	5.0761	6
173.65	20.1932	1337.6551	5.0962	6
173.7	20.1928	1337.2854	5.1066	6
173.75	20.1924	1338.0363	5.1053	6
173.8	20.1927	1337.8442	5.0943	6
173.85	20.1931	1337.5972	5.1019	6
173.9	20.1923	1338.0406	5.1023	6
173.95	20.1921	1337.1991	5.097	6
174	20.1926	1336.3634	5.0837	6
174.05	20.192	1337.4857	5.0842	6
174.1	20.192	1337.7013	5.0976	6
174.15	20.1924	1337.0068	5.0975	6
174.2	20.1914	1336.897	5.0939	6
174.25	20.1909	1336.8436	5.0917	6
174.3	20.1913	1336.4707	5.0828	6
174.35	20.1912	1337.0127	5.0864	6
174.4	20.1908	1337.8394	5.0818	6
174.45	20.1911	1337.2466	5.0828	6
174.5	20.1906	1336.4668	5.096	6
174.55	20.19	1336.8332	5.0988	6
174.6	20.1901	1336.8904	5.0936	6
174.65	20.1902	1336.9126	5.0912	6
174.7	20.1899	1337.6458	5.0829	6
174.75	20.1901	1337.4717	5.0925	6
174.8	20.19	1336.2198	5.0979	6
174.85	20.1894	1336.1174	5.0985	6
174.9	20.1891	1336.6034	5.1062	6
174.95	20.1894	1336.2267	5.0924	6
175	20.1893	1336.6633	5.0851	6
175.05	20.1891	1337.4145	5.0907	6
175.1	20.1896	1335.8622	5.0948	6
175.15	20.1889	1335.3741	5.1016	6
175.2	20.1885	1335.968	5.0976	6
175.25	20.1892	1335.3298	5.0992	6
175.3	20.1894	1335.3484	5.0956	6
175.35	20.1891	1336.1925	5.0895	6
175.4	20.1892	1335.9962	5.0878	6
175.45	20.1892	1334.2962	5.0795	6
175.5	20.1886	1334.428	5.0803	6
175.55	20.1887	1334.5246	5.0658	6
175.6	20.1892	1334.0244	5.0517	6
175.65	20.1891	1334.5161	5.0802	6
175.7	20.189	1334.8879	5.0899	6
175.75	20.1893	1333.843	5.0781	6
175.8	20.1885	1333.4308	5.0711	6
175.85	20.1884	1333.4394	5.0746	6
175.9	20.1887	1333.4242	5.0837	6
175.95	20.1882	1334.1974	5.0757	6
176	20.1883	1334.4059	5.0687	6
176.05	20.1888	1333.7516	5.0841	6
176.1	20.1879	1333.9592	5.0792	6
176.15	20.1875	1333.282	5.0789	6
176.2	20.1881	1332.4138	5.071	6
176.25	20.1873	1333.9699	5.0788	6
176.3	20.1873	1334.1216	5.0854	6
176.35	20.1881	1333.1802	5.0656	6
176.4	20.1872	1334.6765	5.0669	6
176.45	20.1868	1334.3889	5.0711	6
176.5	20.1873	1332.295	5.0722	6
176.55	20.1868	1332.9196	5.0815	6
176.6	20.1861	1334.197	5.0718	6
176.65	20.1871	1333.1707	5.0832	6
176.7	20.1872	1333.377	5.0948	6
176.75	20.1865	1334.9218	5.1021	6
176.8	20.1868	1334.1405	5.1048	6
176.85	20.1867	1332.5646	5.0934	6
176.9	20.1853	1333.9645	5.1035	6
176.95	20.1854	1334.0173	5.1264	6
177	20.1862	1333.0942	5.1243	6
177.05	20.1855	1334.3404	5.1076	6
177.1	20.1851	1335.2579	5.1036	6
177.15	20.1861	1333.8684	5.1023	6
177.2	20.1855	1334.5603	5.1024	6
177.25	20.1845	1334.6612	5.1101	6
177.3	20.1853	1333.0146	5.1148	6
177.35	20.1851	1333.4913	5.1183	6
177.4	20.1847	1334.3906	5.1375	6
177.45	20.1852	1333.7751	5.1205	6
177.5	20.1854	1333.7182	5.112	6
177.55	20.185	1334.8291	5.1346	6
177.6	20.1854	1334.3961	5.132	6
177.65	20.1854	1333.1417	5.1348	6
177.7	20.1844	1333.4269	5.1367	6
177.75	20.1846	1333.0901	5.131	6
177.8	20.1849	1332.9603	5.1276	6
177.85	20.1847	1333.573	5.1449	6
177.9	20.1848	1333.4552	5.1439	6
177.95	20.185	1333.3609	5.1329	6
178	20.185	1333.8308	5.1302	6
178.05	20.185	1333.3592	5.1206	6
178.1	20.1847	1332.1717	5.1155	6
178.15	20.184	1332.7759	5.1197	6
178.2	20.1845	1332.2673	5.1172	6
178.25	20.1848	1332.0628	5.1245	6
178.3	20.184	1333.4502	5.1255	6
178.35	20.1845	1332.8041	5.1191	6
178.4	20.185	1332.2734	5.1178	6
178.45	20.1842	1333.6309	5.1077	6
178.5	20.1841	1333.0296	5.1049	6
178.55	20.1846	1330.7291	5.1171	6
178.6	20.1838	1331.8792	5.1168	6
178.65	20.1834	1332.6975	5.1009	6
178.7	20.1844	1331.3543	5.1019	6
178.75	20.1839	1332.2079	5.1205	6
178.8	20.1836	1333.15	5.1227	6
178.85	20.1844	1332.3483	5.1215	6
178.9	20.1846	1332.0891	5.1154	6
178.95	20.1834	1333.0504	5.1147	6
179	20.1833	1332.0752	5.1198	6
179.05	20.1834	1331.5617	5.1259	6
179.1	20.1826	1333.0691	5.1268	6
179.15	20.1827	1333.3333	5.1233	6
179.2	20.1832	1332.9216	5.1339	6
179.25	20.1826	1334.044	5.1342	6
179.3	20.1824	1334.4712	5.1213	6
179.35	20.1826	1334.4034	5.138	6
179.4	20.1822	1335.1755	5.132	6
179.45	20.1817	1335.0535	5.1238	6
179.5	20.1815	1333.9687	5.1244	6
179.55	20.1817	1333.5353	5.1234	6
179.6	20.1812	1334.4494	5.1235	6
179.65	20.1813	1334.4622	5.1234	6
179.7	20.1819	1333.7866	5.1315	6
179.75	20.1813	1334.9784	5.1224	6
179.8	20.1817	1334.9423	5.0987	6
179.85	20.1825	1334.0231	5.0962	6
179.9	20.1821	1334.7784	5.0984	6
179.95	20.1818	1335.5096	5.1115	6
180	20.1826	1333.4126	5.1358	6
180.05	20.1818	1333.2615	5.1332	6
180.1	20.1808	1334.3022	5.1347	6
180.15	20.1819	1332.9985	5.1265	6
180.2	20.1817	1333.4485	5.1297	6
180.25	20.1814	1334.2336	5.139	6
180.3	20.1821	1333.6979	5.1366	6
180.35	20.1827	1333.0738	5.1503	6
180.4	20.1826	1333.6883	5.146	6
180.45	20.183	1333.249	5.132	6
180.5	20.1837	1331.9514	5.1307	6
180.55	20.1832	1331.2786	5.1296	6
180.6	20.1834	1330.3992	5.129	6
180.65	20.1838	1329.9935	5.133	6
180.7	20.1841	1329.6201	5.1426	6
180.75	20.1844	1329.5929	5.1534	6
180.8	20.1847	1329.5544	5.1461	6
180.85	20.1853	1328.7899	5.1468	6
180.9	20.1854	1328.8646	5.1507	6
180.95	20.1855	1328.449	5.1386	6
181	20.1856	1326.8257	5.1435	6
181.05	20.1859	1326.3297	5.1388	6
181.1	20.1863	1326.0224	5.1419	6
181.15	20.1865	1325.8385	5.1578	6
181.2	20.187	1325.4335	5.1649	6
181.25	20.1879	1324.5399	5.1721	6
181.3	20.1879	1324.6321	5.1602	6
181.35	20.1876	1323.7513	5.1366	6
181.4	20.1876	1322.421	5.127	6
181.45	20.1879	1322.2292	5.1345	6
181.5	20.1877	1322.8892	5.1423	6
181.55	20.1884	1322.0892	5.1535	6
181.6	20.1889	1321.7322	5.1575	6
181.65	20.1886	1322.2263	5.1338	6
181.7	20.1884	1321.0687	5.1156	6
181.75	20.1883	1320.116	5.1073	6
181.8	20.1878	1320.7753	5.096	6
181.85	20.1879	1321.052	5.1059	6
181.9	20.1885	1320.5884	5.138	6
181.95	20.1883	1321.2874	5.1396	6
182	20.1883	1320.985	5.1319	6
182.05	20.1879	1319.8063	5.1143	6
182.1	20.1873	1319.6906	5.1206	6
182.15	20.1875	1319.5562	5.116	6
182.2	20.1874	1319.8607	5.1099	6
182.25	20.1873	1320.4662	5.1132	6
182.3	20.1877	1320.0427	5.1124	6
182.35	20.1874	1320.3024	5.1195	6
182.4	20.1863	1320.7246	5.1214	6
182.45	20.187	1318.8645	5.1302	6
182.5	20.1864	1319.8522	5.1457	6
182.55	20.1855	1321.3053	5.1249	6
182.6	20.1864	1319.9737	5.0955	6
182.65	20.1862	1320.4839	5.1155	6
182.7	20.1855	1321.8933	5.1235	6
182.75	20.1859	1320.9214	5.1062	6
182.8	20.1854	1320.2806	5.1053	6
182.85	20.1845	1320.9508	5.1147	6
182.9	20.1845	1321.1621	5.119	6
182.95	20.1848	1320.9255	5.0991	6
183	20.1841	1321.9694	5.0973	6
183.05	20.1841	1322.3146	5.1163	6
183.1	20.1848	1321.8138	5.1251	6
183.15	20.1844	1322.5743	5.1357	6
183.2	20.1838	1322.5293	5.1215	6
183.25	20.1836	1321.2997	5.1043	6
183.3	20.1836	1321.0403	5.1066	6
183.35	20.1834	1321.6777	5.0895	6
183.4	20.1838	1321.3162	5.0794	6
183.45	20.1843	1320.7536	5.0689	6
183.5	20.184	1321.3472	5.0719	6
183.55	20.1842	1321.2988	5.0886	6
183.6	20.1847	1320.7813	5.0891	6
183.65	20.184	1321.1551	5.0936	6
183.7	20.1837	1320.038	5.0996	6
183.75	20.184	1319.2741	5.0989	6
183.8	20.1835	1320.1453	5.1047	6
183.85	20.1835	1320.2216	5.1146	6
183.9	20.1841	1319.5637	5.0903	6
183.95	20.1838	1320.2379	5.0722	6
184	20.1836	1320.8779	5.0854	6
184.05	20.1842	1320.0505	5.1065	6
184.1	20.1835	1320.3888	5.1131	6
184.15	20.1825	1320.2514	5.1214	6
184.2	20.1827	1319.252	5.1105	6
184.25	20.1824	1319.7466	5.098	6
184.3	20.182	1320.6091	5.096	6
184.35	20.1821	1320.633	5.0719	6
184.4	20.1822	1320.9556	5.0873	6
184.45	20.1818	1321.8279	5.1057	6
184.5	20.1818	1322.0398	5.1038	6
184.55	20.1819	1322.1168	5.1075	6
184.6	20.1821	1322.0939	5.1073	6
184.65	20.1814	1322.1719	5.096	6
184.7	20.181	1321.3734	5.0946	6
184.75	20.1812	1320.8188	5.0921	6
184.8	20.181	1321.299	5.0839	6
184.85	20.1809	1321.6916	5.0838	6
184.9	20.1814	1321.1642	5.0922	6
184.95	20.1817	1320.9594	5.1115	6
185	20.1815	1321.5999	5.1065	6
185.05	20.1819	1321.5046	5.1004	6
185.1	20.1821	1321.4424	5.0998	6
185.15	20.1818	1322.1848	5.1073	6
185.2	20.1816	1321.9642	5.128	6
185.25	20.1812	1320.7493	5.1181	6
185.3	20.1808	1320.8605	5.1252	6
185.35	20.1809	1320.8864	5.1298	6
185.4	20.1812	1320.4711	5.114	6
185.45	20.1811	1321.0302	5.1149	6
185.5	20.1812	1320.9591	5.1202	6
185.55	20.1816	1320.702	5.1174	6
185.6	20.1813	1321.3806	5.1116	6
185.65	20.1818	1321.0396	5.1052	6
185.7	20.1821	1320.9425	5.1064	6
185.75	20.1821	1320.8218	5.1088	6
185.8	20.1817	1319.519	5.0918	6
185.85	20.1816	1318.7914	5.0995	6
185.9	20.1815	1319.0104	5.0975	6
185.95	20.1819	1318.5325	5.0954	6
186	20.182	1318.6224	5.1015	6
186.05	20.1821	1318.765	5.0983	6
186.1	20.1824	1318.567	5.0995	6
186.15	20.1828	1318.2595	5.0953	6
186.2	20.1828	1318.5495	5.1109	6
186.25	20.1831	1318.432	5.1044	6
186.3	20.1831	1317.4507	5.0989	6
186.35	20.1825	1316.756	5.1146	6
186.4	20.1825	1316.6427	5.1043	6
186.45	20.183	1316.1872	5.0907	6
186.5	20.183	1316.4528	5.1104	6
186.55	20.1831	1316.5275	5.1087	6
186.6	20.1835	1316.0843	5.0821	6
186.65	20.1833	1316.5526	5.0807	6
186.7	20.1836	1316.5769	5.0797	6
186.75	20.1842	1315.6693	5.0818	6
186.8	20.1834	1315.2297	5.0856	6
186.85	20.1834	1314.3215	5.0967	6
186.9	20.1834	1314.2306	5.0941	6
186.95	20.1834	1314.5827	5.0921	6
187	20.1837	1314.3913	5.0908	6
187.05	20.1839	1314.1414	5.0936	6
187.1	20.1838	1314.4844	5.1042	6
187.15	20.1844	1314.0235	5.0968	6
187.2	20.1848	1313.4563	5.0841	6
187.25	20.1844	1312.9205	5.0908	6
187.3	20.1842	1311.8361	5.0936	6
187.35	20.1844	1311.3748	5.0836	6
187.4	20.1842	1311.9562	5.0931	6
187.45	20.1843	1312.1039	5.0977	6
187.5	20.1846	1311.8538	5.0899	6
187.55	20.1847	1312.032	5.0906	6
187.6	20.1844	1312.423	5.0919	6
187.65	20.1847	1311.7517	5.0838	6
187.7	20.1847	1310.4264	5.0798	6
187.75	20.1843	1310.2086	5.0778	6
187.8	20.1844	1310.07	5.0851	6
187.85	20.1848	1309.7918	5.0947	6
187.9	20.1849	1309.7087	5.0845	6
187.95	20.185	1309.6632	5.0704	6
188	20.1854	1309.3305	5.0762	6
188.05	20.1856	1309.2255	5.0773	6
188.1	20.1856	1308.5213	5.084	6
188.15	20.1851	1307.916	5.0832	6
188.2	20.1849	1307.8277	5.082	6
188.25	20.1851	1307.6932	5.0815	6
188.3	20.185	1308.0054	5.0774	6
188.35	20.1852	1307.9257	5.0826	6
188.4	20.1857	1307.5263	5.085	6
188.45	20.1858	1307.5512	5.0802	6
188.5	20.1857	1307.1746	5.0929	6
188.55	20.1853	1306.164	5.0966	6
188.6	20.1856	1305.4172	5.0748	6
188.65	20.1851	1306.3754	5.0776	6
188.7	20.185	1306.7559	5.0674	6
188.75	20.1854	1306.3445	5.0752	6
188.8	20.1852	1306.8034	5.0827	6
188.85	20.1853	1307.0164	5.0825	6
188.9	20.1856	1306.15	5.0822	6
188.95	20.185	1305.5154	5.082	6
189	20.1847	1305.4591	5.0958	6
189.05	20.1847	1305.4276	5.1039	6
189.1	20.1848	1305.4812	5.1033	6
189.15	20.1847	1305.7232	5.1023	6
189.2	20.1847	1306.0519	5.0872	6
189.25	20.1847	1306.311	5.0845	6
189.3	20.1848	1306.1713	5.0922	6
189.35	20.1843	1305.9346	5.0905	6
189.4	20.1838	1305.0934	5.0924	6
189.45	20.1834	1305.3411	5.1027	6
189.5	20.1833	1305.6682	5.1032	6
189.55	20.1829	1306.1814	5.1001	6
189.6	20.1829	1306.521	5.1023	6
189.65	20.1831	1306.4886	5.1093	6
189.7	20.1827	1307.0311	5.0999	6
189.75	20.183	1306.9821	5.0987	6
189.8	20.1831	1306.9059	5.1031	6
189.85	20.1825	1306.5822	5.0973	6
189.9	20.1821	1306.0521	5.1149	6
189.95	20.1822	1305.915	5.1195	6
190	20.1823	1306.2529	5.1042	6
190.05	20.1823	1306.5098	5.0948	6
190.1	20.1824	1306.3289	5.1033	6
190.15	20.1822	1306.8001	5.1148	6
190.2	20.182	1307.1895	5.1158	6
190.25	20.182	1307.4548	5.112	6
190.3	20.182	1307.6529	5.1182	6
190.35	20.1814	1308.0728	5.1214	6
190.4	20.1808	1307.032	5.1176	6
190.45	20.1808	1306.4637	5.1112	6
190.5	20.1803	1307.2903	5.0923	6
190.55	20.1803	1307.5998	5.0938	6
190.6	20.1807	1307.0127	5.0841	6
190.65	20.1806	1307.1902	5.0654	6
190.7	20.1803	1308.0227	5.0788	6
190.75	20.1812	1306.9368	5.0907	6
190.8	20.1812	1307.0962	5.1029	6
190.85	20.1806	1308.2507	5.0896	6
190.9	20.181	1307.926	5.0874	6
190.95	20.181	1307.6008	5.0965	6
191	20.18	1307.3635	5.085	6
191.05	20.1798	1307.0378	5.0881	6
191.1	20.1797	1307.2222	5.0983	6
191.15	20.1791	1308.0749	5.0979	6
191.2	20.1792	1308.2002	5.0967	6
191.25	20.179	1308.6692	5.0747	6
191.3	20.1787	1309.3213	5.0802	6
191.35	20.1786	1309.5383	5.0834	6
191.4	20.1784	1309.8663	5.0644	6
191.45	20.1782	1310.334	5.0697	6
191.5	20.1783	1310.4661	5.0797	6
191.55	20.1785	1310.36	5.0789	6
191.6	20.1782	1310.9095	5.0862	6
191.65	20.1785	1310.8151	5.0931	6
191.7	20.1784	1310.4252	5.0866	6
191.75	20.1776	1309.7883	5.0692	6
191.8	20.1776	1309.1498	5.0785	6
191.85	20.1774	1309.5436	5.0915	6
191.9	20.1772	1309.9182	5.0814	6
191.95	20.1774	1309.6886	5.086	6
192	20.1775	1309.8049	5.0871	6
192.05	20.1773	1310.388	5.0895	6
192.1	20.1775	1310.4733	5.1054	6
192.15	20.178	1309.9131	5.0965	6
192.2	20.1778	1310.3319	5.0899	6
192.25	20.1777	1310.6052	5.0815	6
192.3	20.1782	1309.9934	5.0778	6
192.35	20.1785	1309.6854	5.09	6
192.4	20.1781	1310.3624	5.0999	6
192.45	20.1785	1310.1533	5.1007	6
192.5	20.1791	1309.4373	5.0826	6
192.55	20.1784	1310.1574	5.0734	6
192.6	20.1781	1309.2178	5.08	6
192.65	20.1783	1307.9437	5.092	6
192.7	20.1779	1308.6766	5.0999	6
192.75	20.1778	1308.9074	5.1119	6
192.8	20.1783	1308.3427	5.1108	6
192.85	20.1783	1308.4427	5.113	6
192.9	20.178	1309.0714	5.0955	6
192.95	20.1782	1308.9454	5.082	6
193	20.1784	1308.8156	5.0946	6
193.05	20.1782	1309.3016	5.096	6
193.1	20.1784	1309.2972	5.1014	6
193.15	20.1786	1309.1093	5.0871	6
193.2	20.1785	1309.4433	5.0982	6
193.25	20.1787	1309.4898	5.1115	6
193.3	20.1787	1309.6246	5.1116	6
193.35	20.1786	1309.4811	5.0981	6
193.4	20.1781	1308.6746	5.0924	6
193.45	20.1776	1308.3578	5.0782	6
193.5	20.1776	1308.393	5.0771	6
193.55	20.1774	1308.9057	5.0776	6
193.6	20.1775	1309.0289	5.062	6
193.65	20.1776	1308.9394	5.0651	6
193.7	20.1774	1309.4224	5.079	6
193.75	20.1777	1309.2388	5.0868	6
193.8	20.1776	1309.3915	5.084	6
193.85	20.1777	1309.3811	5.0934	6
193.9	20.1777	1309.3813	5.0922	6
193.95	20.1777	1309.4926	5.0695	6
194	20.1776	1309.8031	5.0667	6
194.05	20.1777	1309.8051	5.0632	6
194.1	20.1777	1310.0355	5.072	6
194.15	20.1773	1310.6989	5.078	6
194.2	20.1774	1310.7699	5.0766	6
194.25	20.1772	1310.7038	5.0763	6
194.3	20.1763	1310.2598	5.0765	6
194.35	20.176	1310.0454	5.0779	6
194.4	20.176	1310.3524	5.0763	6
194.45	20.1761	1310.3501	5.068	6
194.5	20.1758	1310.9143	5.0783	6
194.55	20.1759	1310.9366	5.0836	6
194.6	20.1761	1310.8808	5.0669	6
194.65	20.1756	1311.6377	5.0767	6
194.7	20.1757	1311.6688	5.1035	6
194.75	20.1757	1311.7155	5.1064	6
194.8	20.1755	1312.2234	5.0894	6
194.85	20.1755	1312.316	5.093	6
194.9	20.1757	1312.2129	5.1032	6
194.95	20.1756	1312.6142	5.0837	6
195	20.1756	1312.9154	5.0806	6
195.05	20.1756	1313.0367	5.089	6
195.1	20.1756	1313.2473	5.0893	6
195.15	20.1754	1313.7072	5.0873	6
195.2	20.1755	1313.653	5.0928	6
195.25	20.1757	1313.6036	5.1074	6
195.3	20.1756	1314.0303	5.1038	6
195.35	20.1756	1314.2891	5.0936	6
195.4	20.1758	1314.1274	5.0934	6
195.45	20.1757	1314.2048	5.0903	6
195.5	20.1751	1314.1664	5.0839	6
195.55	20.1746	1313.029	5.0873	6
195.6	20.1747	1312.5551	5.0883	6
195.65	20.1743	1313.4822	5.1003	6
195.7	20.1746	1313.2693	5.0902	6
195.75	20.1747	1312.9948	5.0862	6
195.8	20.1746	1313.3424	5.0916	6
195.85	20.1748	1313.5296	5.0864	6
195.9	20.1753	1312.9759	5.0915	6
195.95	20.1751	1313.249	5.0785	6
196	20.1748	1313.9239	5.0734	6
196.05	20.1752	1313.4565	5.0793	6
196.1	20.1754	1313.4017	5.0749	6
196.15	20.1752	1313.8183	5.0818	6
196.2	20.1756	1313.4935	5.0799	6
196.25	20.1757	1313.5735	5.0988	6
196.3	20.1756	1313.8065	5.1018	6
196.35	20.1757	1313.7596	5.0836	6
196.4	20.1758	1313.6892	5.0824	6
196.45	20.1757	1313.9711	5.0898	6
196.5	20.176	1313.8041	5.0938	6
196.55	20.1762	1313.7293	5.1117	6
196.6	20.1762	1313.8478	5.1044	6
196.65	20.1762	1314.1196	5.0924	6
196.7	20.1767	1313.7956	5.1061	6
196.75	20.1769	1313.746	5.1157	6
196.8	20.1765	1313.8913	5.1188	6
196.85	20.1763	1312.5278	5.117	6
196.9	20.1763	1312.0022	5.1096	6
196.95	20.1761	1312.4956	5.1001	6
197	20.1762	1312.4064	5.1136	6
197.05	20.1765	1312.1888	5.1102	6
197.1	20.1763	1312.6468	5.0951	6
197.15	20.1765	1312.4842	5.0977	6
197.2	20.1769	1312.0263	5.0938	6
197.25	20.1766	1312.5689	5.0899	6
197.3	20.1771	1312.2013	5.0865	6
197.35	20.1774	1311.98	5.0765	6
197.4	20.1774	1312.2114	5.0904	6
197.45	20.1774	1312.3378	5.1062	6
197.5	20.1776	1312.1644	5.1037	6
197.55	20.1776	1312.4266	5.1109	6
197.6	20.1776	1312.7415	5.1241	6
197.65	20.1779	1312.5251	5.115	6
197.7	20.1781	1312.4013	5.1012	6
197.75	20.1779	1312.7285	5.0939	6
197.8	20.1777	1311.7112	5.1134	6
197.85	20.1774	1310.808	5.1237	6
197.9	20.177	1311.2214	5.1198	6
197.95	20.177	1311.362	5.1235	6
198	20.1775	1311.0486	5.129	6
198.05	20.1774	1311.5709	5.1353	6
198.1	20.177	1312.2646	5.1196	6
198.15	20.1776	1311.3844	5.1001	6
198.2	20.1775	1311.798	5.1062	6
198.25	20.177	1312.6853	5.1112	6
198.3	20.1777	1311.877	5.1166	6
198.35	20.178	1311.7935	5.1158	6
198.4	20.1774	1312.6218	5.1034	6
198.45	20.1776	1312.2972	5.1193	6
198.5	20.1777	1312.0353	5.1151	6
198.55	20.1776	1312.4569	5.1059	6
198.6	20.1776	1312.6936	5.0991	6
198.65	20.1779	1312.2672	5.107	6
198.7	20.1773	1311.9791	5.1251	6
198.75	20.1768	1311.3703	5.1244	6
198.8	20.1769	1311.1777	5.1268	6
198.85	20.1769	1311.4124	5.1328	6
198.9	20.177	1311.5293	5.1205	6
198.95	20.1773	1311.2172	5.1187	6
199	20.1773	1311.4028	5.1246	6
199.05	20.1774	1311.5894	5.124	6
199.1	20.1775	1311.5178	5.1194	6
199.15	20.1774	1311.6744	5.1066	6
199.2	20.1772	1312.0789	5.1088	6
199.25	20.1773	1312.0277	5.1167	6
199.3	20.1775	1311.8711	5.0948	6
199.35	20.1774	1312.2503	5.0885	6
199.4	20.1774	1312.366	5.0886	6
199.45	20.1777	1312.0896	5.0853	6
199.5	20.1776	1312.3674	5.1087	6
199.55	20.1776	1312.5436	5.116	6
199.6	20.1776	1312.3945	5.1097	6
199.65	20.1772	1311.2789	5.0984	6
199.7	20.1767	1311.1365	5.0875	6
199.75	20.1767	1311.3455	5.1085	6
199.8	20.177	1311.156	5.1012	6
199.85	20.1764	1311.8163	5.1078	6
199.9	20.1763	1312.1364	5.0997	6
199.95	20.1767	1311.6947	5.0837	6
200	20.1761	1312.5534	5.0875	6
200.05	20.1763	1312.566	5.0922	6
200.1	20.1767	1312.0873	5.0955	6
200.15	20.1765	1312.6942	5.089	6
200.2	20.1764	1312.945	5.0807	6
200.25	20.177	1312.2492	5.093	6
200.3	20.1769	1312.6569	5.0908	6
200.35	20.1765	1313.0987	5.0826	6
200.4	20.1771	1312.4587	5.0788	6
200.45	20.177	1312.8131	5.0638	6
200.5	20.1767	1313.4877	5.062	6
200.55	20.1772	1312.9838	5.062	6
200.6	20.1774	1312.8097	5.0559	6
200.65	20.1763	1313.263	5.0564	6
200.7	20.1759	1312.3787	5.069	6
200.75	20.1761	1311.7911	5.0787	6
200.8	20.1753	1313.253	5.0725	6
200.85	20.1752	1313.5545	5.0741	6
200.9	20.1761	1312.6123	5.0765	6
200.95	20.1754	1313.6932	5.0779	6
201	20.1754	1313.9762	5.0893	6
201.05	20.176	1313.2577	5.0878	6
201.1	20.1758	1313.5797	5.08	6
201.15	20.1754	1314.3569	5.0763	6
201.2	20.176	1313.6041	5.0724	6
201.25	20.1759	1313.898	5.0709	6
201.3	20.1757	1314.4311	5.0598	6
201.35	20.176	1314.0237	5.0672	6
201.4	20.1762	1314.129	5.0779	6
201.45	20.1759	1314.7679	5.084	6
201.5	20.1761	1314.4729	5.0885	6
201.55	20.1763	1314.2157	5.1009	6
201.6	20.176	1314.7775	5.1015	6
201.65	20.1762	1314.6208	5.0967	6
201.7	20.1768	1313.956	5.0906	6
201.75	20.1765	1314.5641	5.0855	6
201.8	20.1766	1314.358	5.0857	6
201.85	20.1766	1312.6845	5.0829	6
201.9	20.1761	1312.2957	5.0755	6
201.95	20.1759	1312.6603	5.0817	6
202	20.1763	1312.2782	5.0775	6
202.05	20.1766	1312.0252	5.0777	6
202.1	20.1767	1312.1786	5.0932	6
202.15	20.1767	1312.295	5.1136	6
202.2	20.1772	1311.8008	5.0952	6
202.25	20.1771	1311.981	5.0792	6
202.3	20.1771	1312.1922	5.0831	6
202.35	20.1776	1311.6209	5.072	6
202.4	20.1778	1311.5265	5.0636	6
202.45	20.1775	1312.2554	5.0606	6
202.5	20.1784	1311.2591	5.0649	6
202.55	20.1783	1311.5564	5.0767	6
202.6	20.178	1311.988	5.0677	6
202.65	20.1785	1311.3974	5.0741	6
202.7	20.1786	1311.2767	5.0756	6
202.75	20.1783	1310.8492	5.0774	6
202.8	20.1781	1309.5285	5.071	6
202.85	20.1782	1309.1635	5.0489	6
202.9	20.1781	1309.332	5.0528	6
202.95	20.1784	1308.9932	5.0825	6
203	20.1786	1308.9255	5.0876	6
203.05	20.179	1308.6956	5.076	6
203.1	20.1792	1308.4831	5.0602	6
203.15	20.1799	1307.7117	5.0636	6
203.2	20.1802	1307.3634	5.0771	6
203.25	20.1807	1306.9245	5.0758	6
203.3	20.1813	1306.3402	5.0556	6
203.35	20.1817	1305.9599	5.0517	6
203.4	20.182	1305.5638	5.0644	6
203.45	20.1821	1303.8496	5.0715	6
203.5	20.1819	1302.9766	5.0669	6
203.55	20.1818	1303.1527	5.0735	6
203.6	20.1823	1302.5303	5.0713	6
203.65	20.1825	1302.5008	5.0657	6
203.7	20.1825	1302.6892	5.0628	6
203.75	20.183	1302.123	5.0547	6
203.8	20.1835	1301.853	5.0578	6
203.85	20.1836	1301.775	5.0663	6
203.9	20.1839	1301.3659	5.0756	6
203.95	20.1838	1300.0818	5.0732	6
204	20.1836	1299.16	5.0561	6
204.05	20.1836	1299.3285	5.062	6
204.1	20.1841	1298.8205	5.0791	6
204.15	20.1845	1298.541	5.092	6
204.2	20.1845	1298.735	5.0858	6
204.25	20.1848	1298.484	5.0911	6
204.3	20.1849	1298.4821	5.0997	6
204.35	20.1848	1298.4778	5.084	6
204.4	20.1841	1297.8083	5.0731	6
204.45	20.1838	1297.2576	5.0781	6
204.5	20.1838	1297.4941	5.0876	6
204.55	20.1834	1298.1272	5.0637	6
204.6	20.1836	1297.8269	5.0508	6
204.65	20.1837	1297.7631	5.0505	6
204.7	20.1833	1298.4335	5.0563	6
204.75	20.1835	1298.4356	5.0702	6
204.8	20.1837	1298.1091	5.0737	6
204.85	20.1832	1297.5854	5.0779	6
204.9	20.1823	1297.7981	5.0751	6
204.95	20.1825	1297.303	5.0877	6
205	20.1827	1297.2336	5.0818	6
205.05	20.1823	1298.0775	5.0781	6
205.1	20.1823	1298.3606	5.0836	6
205.15	20.1829	1297.5642	5.0749	6
205.2	20.1824	1298.3291	5.0667	6
205.25	20.1819	1298.9265	5.0654	6
205.3	20.1824	1298.3355	5.0538	6
205.35	20.1816	1298.4623	5.0634	6
205.4	20.1805	1298.3126	5.0629	6
205.45	20.1805	1297.8413	5.0671	6
205.5	20.1805	1298.2099	5.08	6
205.55	20.1803	1298.6457	5.0809	6
205.6	20.1803	1299.0298	5.0795	6
205.65	20.1808	1298.6928	5.0702	6
205.7	20.1809	1298.8696	5.0562	6
205.75	20.181	1298.8809	5.0812	6
205.8	20.1811	1298.9418	5.0829	6
205.85	20.1813	1298.8506	5.0841	6
205.9	20.1817	1298.217	5.0781	6
205.95	20.181	1298.3354	5.0836	6
206	20.1813	1296.6919	5.0767	6
206.05	20.1815	1296.1718	5.0789	6
206.1	20.1812	1296.8001	5.1012	6
206.15	20.1815	1296.4306	5.0905	6
206.2	20.182	1296.0526	5.0821	6
206.25	20.1814	1296.8231	5.0734	6
206.3	20.1813	1297.0847	5.0637	6
206.35	20.1812	1297.1002	5.0667	6
206.4	20.1808	1297.8258	5.0706	6
206.45	20.1807	1297.9144	5.0735	6
206.5	20.1808	1297.4945	5.0678	6
206.55	20.1804	1296.5078	5.0624	6
206.6	20.1802	1295.6911	5.0516	6
206.65	20.1799	1296.2959	5.0579	6
206.7	20.1804	1295.9443	5.0669	6
206.75	20.1805	1295.9865	5.0727	6
206.8	20.1799	1296.9986	5.0682	6
206.85	20.1803	1296.5798	5.0719	6
206.9	20.1809	1295.763	5.0678	6
206.95	20.1805	1296.435	5.0683	6
207	20.1809	1296.1711	5.0865	6
207.05	20.1814	1295.3854	5.0743	6
207.1	20.181	1296.0249	5.0762	6
207.15	20.1809	1295.1213	5.069	6
207.2	20.181	1293.4804	5.0467	6
207.25	20.181	1293.4555	5.0747	6
207.3	20.1812	1293.5029	5.0781	6
207.35	20.1814	1293.3089	5.0573	6
207.4	20.1816	1293.0854	5.0475	6
207.45	20.1816	1293.1377	5.0529	6
207.5	20.1818	1293.1875	5.0773	6
207.55	20.1825	1292.4215	5.0899	6
207.6	20.1824	1292.6112	5.0867	6
207.65	20.1824	1292.703	5.0707	6
207.7	20.1829	1290.66	5.0714	6
207.75	20.1823	1289.8748	5.0757	6
207.8	20.1821	1290.1557	5.0406	6
207.85	20.1825	1289.6656	5.0208	6
207.9	20.1827	1289.5899	5.0441	6
207.95	20.1824	1290.4145	5.0602	6
208	20.1824	1290.338	5.0456	6
208.05	20.1826	1290.356	5.0495	6
208.1	20.1822	1291.1337	5.0551	6
208.15	20.1819	1291.5416	5.0478	6
208.2	20.1818	1291.0223	5.0435	6
208.25	20.1811	1290.4629	5.0436	6
208.3	20.1809	1290.4014	5.0483	6
208.35	20.1806	1290.8431	5.0438	6
208.4	20.1808	1290.7182	5.0338	6
208.45	20.1807	1290.8231	5.0198	6
208.5	20.1805	1291.4031	5.0305	6
208.55	20.1803	1291.5648	5.0505	6
208.6	20.1802	1291.6176	5.0591	6
208.65	20.1802	1291.9132	5.0688	6
208.7	20.1803	1291.9655	5.0655	6
208.75	20.1804	1291.9602	5.0576	6
208.8	20.1801	1292.2694	5.0813	6
208.85	20.1797	1291.3065	5.085	6
208.9	20.1798	1290.2317	5.0903	6
208.95	20.179	1291.1771	5.0726	6
209	20.179	1291.3194	5.0634	6
209.05	20.1793	1290.9482	5.054	6
209.1	20.1791	1291.264	5.0583	6
209.15	20.1789	1291.8015	5.0597	6
209.2	20.1792	1291.4885	5.0486	6
209.25	20.1794	1291.2764	5.0555	6
209.3	20.179	1291.8869	5.0649	6
209.35	20.1792	1291.949	5.0497	6
209.4	20.1792	1292.1093	5.0707	6
209.45	20.1789	1292.679	5.0706	6
209.5	20.1785	1293.2782	5.055	6
209.55	20.1781	1292.9471	5.0522	6
209.6	20.1773	1292.4549	5.0508	6
209.65	20.177	1292.5592	5.0475	6
209.7	20.1771	1292.6561	5.0364	6
209.75	20.1768	1293.0657	5.0488	6
209.8	20.1767	1293.0869	5.0554	6
209.85	20.1769	1292.9254	5.0336	6
209.9	20.1767	1293.5285	5.0223	6
209.95	20.177	1293.4433	5.0369	6
210	20.177	1293.4645	5.0396	6
210.05	20.1765	1294.2798	5.0378	6
210.1	20.1766	1294.2537	5.0482	6
210.15	20.1769	1294.0089	5.0591	6
210.2	20.176	1295.2636	5.0584	6
210.25	20.1762	1295.1121	5.0521	6
210.3	20.1763	1295.0896	5.0588	6
210.35	20.1757	1296.2425	5.057	6
210.4	20.1755	1296.5975	5.0622	6
210.45	20.1759	1296.273	5.074	6
210.5	20.1752	1297.2697	5.0648	6
210.55	20.1749	1297.8403	5.0593	6
210.6	20.1752	1297.2788	5.0525	6
210.65	20.1746	1296.944	5.0436	6
210.7	20.1734	1297.1696	5.0459	6
210.75	20.1737	1296.8365	5.0429	6
210.8	20.1736	1297.1766	5.0413	6
210.85	20.173	1297.8351	5.0487	6
210.9	20.1728	1298.369	5.045	6
210.95	20.173	1298.122	5.0618	6
211	20.1728	1298.4156	5.0443	6
211.05	20.1724	1299.1638	5.0605	6
211.1	20.1727	1298.7984	5.0782	6
211.15	20.1727	1299.0236	5.0684	6
211.2	20.1724	1299.5829	5.0873	6
211.25	20.1725	1299.6224	5.0837	6
211.3	20.1727	1299.5362	5.0855	6
211.35	20.1724	1299.9405	5.0892	6
211.4	20.1723	1300.233	5.0739	6
211.45	20.1723	1300.3895	5.0774	6
211.5	20.1724	1300.565	5.0732	6
211.55	20.1723	1300.6958	5.0668	6
211.6	20.1722	1300.8399	5.0635	6
211.65	20.1728	1300.3339	5.074	6
211.7	20.1732	1300.1357	5.0995	6
211.75	20.1731	1300.3045	5.0916	6
211.8	20.1736	1299.5602	5.0791	6
211.85	20.174	1299.0201	5.0886	6
211.9	20.174	1299.424	5.0772	6
211.95	20.1743	1299.081	5.09	6
212	20.1748	1298.3914	5.0933	6
212.05	20.1743	1299.1644	5.0883	6
212.1	20.1746	1298.9967	5.0972	6
212.15	20.1752	1298.3589	5.0911	6
212.2	20.1749	1299.0023	5.0849	6
212.25	20.1752	1298.8339	5.0767	6
212.3	20.1756	1298.2069	5.0858	6
212.35	20.1755	1298.2595	5.0913	6
212.4	20.1754	1298.5737	5.0716	6
212.45	20.176	1297.8832	5.0635	6
212.5	20.1763	1297.584	5.0506	6
212.55	20.1758	1298.4542	5.054	6
212.6	20.1765	1297.5541	5.0741	6
212.65	20.1766	1297.2819	5.0793	6
212.7	20.1756	1297.411	5.0704	6
212.75	20.1754	1296.4598	5.0721	6
212.8	20.1756	1296.1489	5.0718	6
212.85	20.1749	1297.1546	5.0744	6
212.9	20.1751	1296.9917	5.0771	6
212.95	20.1755	1296.481	5.0739	6
213	20.1753	1296.8783	5.0707	6
213.05	20.1753	1296.9209	5.0779	6
213.1	20.1758	1296.3217	5.0877	6
213.15	20.1757	1296.6665	5.0795	6
213.2	20.1759	1296.6925	5.0691	6
213.25	20.1764	1296.063	5.0678	6
213.3	20.1767	1295.7202	5.0648	6
213.35	20.1763	1296.2105	5.0692	6
213.4	20.1768	1295.8767	5.0751	6
213.45	20.177	1295.6881	5.0667	6
213.5	20.1765	1296.4113	5.0582	6
213.55	20.1765	1296.5421	5.0499	6
213.6	20.177	1296.032	5.0664	6
213.65	20.1768	1296.4059	5.0774	6
213.7	20.1771	1296.2354	5.075	6
213.75	20.1773	1295.9861	5.0756	6
213.8	20.1774	1295.6216	5.0828	6
213.85	20.1765	1294.9201	5.0904	6
213.9	20.1763	1294.4441	5.0959	6
213.95	20.1765	1294.3847	5.0821	6
214	20.1763	1294.7157	5.06	6
214.05	20.1764	1294.751	5.0534	6
214.1	20.1765	1294.6037	5.0617	6
214.15	20.1768	1294.2638	5.0723	6
214.2	20.1769	1294.2781	5.0608	6
214.25	20.177	1294.2113	5.0644	6
214.3	20.1774	1293.7936	5.093	6
214.35	20.1773	1294.1023	5.1069	6
214.4	20.1775	1293.982	5.1041	6
214.45	20.1777	1293.8842	5.1014	6
214.5	20.1775	1294.34	5.1033	6
214.55	20.1778	1294.1654	5.1018	6
214.6	20.1781	1293.6959	5.0937	6
214.65	20.178	1293.8506	5.093	6
214.7	20.1777	1294.5387	5.0794	6
214.75	20.1784	1293.3798	5.0778	6
214.8	20.178	1292.1299	5.0676	6
214.85	20.1773	1292.2656	5.0682	6
214.9	20.1779	1291.5351	5.0625	6
214.95	20.178	1291.5789	5.0668	6
215	20.1777	1292.1087	5.0905	6
215.05	20.1781	1291.4896	5.0976	6
215.1	20.1781	1291.7423	5.0979	6
215.15	20.1779	1292.3222	5.0989	6
215.2	20.1782	1291.9325	5.1018	6
215.25	20.1783	1291.7857	5.098	6
215.3	20.1783	1292.04	5.0919	6
215.35	20.1783	1292.1777	5.1133	6
215.4	20.1788	1291.779	5.1153	6
215.45	20.1787	1292.11	5.1146	6
215.5	20.1786	1292.5202	5.1237	6
215.55	20.179	1291.6308	5.1168	6
215.6	20.1781	1290.9821	5.0807	6
215.65	20.177	1291.3671	5.0828	6
215.7	20.1775	1290.8079	5.0939	6
215.75	20.1775	1290.7863	5.0964	6
215.8	20.1766	1292.2619	5.096	6
215.85	20.1771	1291.7559	5.0875	6
215.9	20.1774	1291.3762	5.1004	6
215.95	20.1765	1292.6618	5.0925	6
216	20.1765	1292.7122	5.091	6
216.05	20.1769	1292.3314	5.0912	6
216.1	20.1767	1292.9216	5.0978	6
216.15	20.1765	1293.3823	5.1133	6
216.2	20.1765	1293.2844	5.1069	6
216.25	20.1764	1293.1407	5.0985	6
216.3	20.176	1293.7493	5.0932	6
216.35	20.1761	1293.7279	5.0877	6
216.4	20.176	1293.9771	5.0849	6
216.45	20.1759	1294.3518	5.0731	6
216.5	20.1758	1294.7302	5.0715	6
216.55	20.1759	1294.7257	5.0775	6
216.6	20.1758	1294.6329	5.0909	6
216.65	20.1753	1293.972	5.1071	6
216.7	20.1749	1293.3796	5.1096	6
216.75	20.1751	1292.9749	5.0994	6
216.8	20.1751	1293.0387	5.1059	6
216.85	20.1751	1293.2048	5.1078	6
216.9	20.1751	1293.1138	5.1181	6
216.95	20.1751	1293.3051	5.1191	6
217	20.175	1293.6895	5.1257	6
217.05	20.1748	1293.8107	5.1366	6
217.1	20.1746	1293.975	5.1174	6
217.15	20.1741	1294.6422	5.1037	6
217.2	20.1742	1294.7376	5.1318	6
217.25	20.1742	1294.9002	5.1157	6
217.3	20.1739	1295.507	5.0856	6
217.35	20.1739	1295.6202	5.099	6
217.4	20.1739	1295.7858	5.1053	6
217.45	20.1735	1296.1486	5.0882	6
217.5	20.1736	1296.1412	5.0929	6
217.55	20.1735	1296.545	5.1158	6
217.6	20.1739	1296.2242	5.1092	6
217.65	20.1735	1296.7471	5.0995	6
217.7	20.1734	1297.0818	5.1001	6
217.75	20.1736	1296.8433	5.1041	6
217.8	20.1732	1297.2566	5.1171	6
217.85	20.1732	1297.401	5.1221	6
217.9	20.173	1297.7432	5.1042	6
217.95	20.1729	1297.8959	5.103	6
218	20.1728	1298.0413	5.0976	6
218.05	20.1728	1298.3471	5.109	6
218.1	20.1725	1298.7935	5.1162	6
218.15	20.1729	1298.2935	5.1123	6
218.2	20.1728	1298.5739	5.1204	6
218.25	20.1724	1299.2256	5.1217	6
218.3	20.173	1298.4764	5.1196	6
218.35	20.173	1298.5128	5.1225	6
218.4	20.1725	1299.393	5.1125	6
218.45	20.1727	1299.3531	5.1071	6
218.5	20.1732	1298.8861	5.1015	6
218.55	20.1729	1299.274	5.1054	6
218.6	20.1724	1299.8196	5.1059	6
218.65	20.1729	1299.3701	5.1078	6
218.7	20.1731	1299.1477	5.0962	6
218.75	20.173	1299.6078	5.1011	6
218.8	20.1731	1299.7169	5.1062	6
218.85	20.1731	1299.0428	5.1113	6
218.9	20.1725	1298.1481	5.1146	6
218.95	20.1717	1298.6148	5.1191	6
219	20.1723	1297.8393	5.1114	6
219.05	20.1726	1297.5287	5.1068	6
219.1	20.1719	1298.6896	5.1023	6
219.15	20.1725	1298.0008	5.0892	6
219.2	20.1728	1297.6417	5.0933	6
219.25	20.1726	1298.0865	5.1103	6
219.3	20.173	1297.8058	5.0956	6
219.35	20.1736	1297.1595	5.0906	6
219.4	20.1737	1297.2715	5.0984	6
219.45	20.1735	1297.6417	5.1129	6
219.5	20.1748	1295.818	5.1094	6
219.55	20.1749	1296.0276	5.1066	6
219.6	20.1747	1296.4018	5.1091	6
219.65	20.1761	1294.567	5.105	6
219.7	20.1763	1294.2771	5.0942	6
219.75	20.1763	1294.5448	5.0884	6
219.8	20.177	1293.8244	5.0988	6
219.85	20.1777	1293.0314	5.1079	6
219.9	20.1773	1293.6191	5.1128	6
219.95	20.1776	1293.4464	5.1034	6
220	20.1784	1292.3058	5.0988	6
220.05	20.1782	1292.5071	5.101	6
220.1	20.1784	1292.3923	5.1003	6
220.15	20.1789	1291.8809	5.1084	6
220.2	20.1792	1291.5703	5.1002	6
220.25	20.1789	1291.1368	5.0952	6
220.3	20.1786	1289.9004	5.103	6
220.35	20.1783	1289.9783	5.1042	6
220.4	20.1786	1289.5536	5.1109	6
220.45	20.1789	1289.296	5.1095	6
220.5	20.1784	1290.1443	5.1157	6
220.55	20.1789	1289.6304	5.1156	6
220.6	20.1792	1289.2302	5.0973	6
220.65	20.1788	1289.8858	5.0846	6
220.7	20.1791	1289.5708	5.0788	6
220.75	20.1797	1288.9695	5.0935	6
220.8	20.1794	1289.7948	5.0976	6
220.85	20.1795	1289.8319	5.1002	6
220.9	20.1802	1288.8383	5.0994	6
220.95	20.1794	1289.7693	5.0839	6
221	20.1792	1288.6905	5.0656	6
221.05	20.1794	1286.9309	5.0682	6
221.1	20.1785	1288.2397	5.07	6
221.15	20.1782	1288.8443	5.0618	6
221.2	20.1787	1288.1301	5.0563	6
221.25	20.1785	1288.5836	5.0703	6
221.3	20.1777	1289.8318	5.0777	6
221.35	20.178	1289.3968	5.0715	6
221.4	20.1784	1288.9121	5.0673	6
221.45	20.1775	1290.3378	5.0821	6
221.5	20.1777	1290.5313	5.0902	6
221.55	20.178	1290.2382	5.0949	6
221.6	20.1777	1290.6087	5.0849	6
221.65	20.1771	1291.4783	5.0618	6
221.7	20.1775	1291.1779	5.0465	6
221.75	20.1777	1291.0917	5.0693	6
221.8	20.1767	1291.6864	5.0737	6
221.85	20.1765	1290.4333	5.0679	6
221.9	20.1766	1289.6825	5.0619	6
221.95	20.1763	1290.2895	5.0572	6
222	20.176	1290.663	5.0468	6
222.05	20.1763	1290.2041	5.0577	6
222.1	20.1763	1290.3761	5.0644	6
222.15	20.176	1291.0268	5.0718	6
222.2	20.1766	1290.369	5.0795	6
222.25	20.1766	1290.387	5.0651	6
222.3	20.1761	1291.1873	5.0653	6
222.35	20.1767	1290.5396	5.063	6
222.4	20.1763	1290.9722	5.0558	6
222.45	20.1762	1291.2831	5.0533	6
222.5	20.1764	1291.1537	5.0494	6
222.55	20.1765	1291.3467	5.0565	6
222.6	20.1768	1291.0509	5.0564	6
222.65	20.177	1290.8585	5.0591	6
222.7	20.177	1290.9378	5.0626	6
222.75	20.1774	1290.4932	5.0619	6
222.8	20.1774	1290.6516	5.06	6
222.85	20.1774	1289.955	5.0437	6
222.9	20.1769	1288.6495	5.0345	6
222.95	20.177	1288.1424	5.0475	6
223	20.1773	1287.9379	5.0512	6
223.05	20.1777	1287.3547	5.0503	6
223.1	20.1779	1287.1109	5.0459	6
223.15	20.1782	1286.9705	5.074	6
223.2	20.1785	1286.7429	5.0751	6
223.25	20.1788	1286.4596	5.0479	6
223.3	20.1789	1286.3084	5.0485	6
223.35	20.1792	1286.1628	5.0558	6
223.4	20.1794	1285.9493	5.066	6
223.45	20.1798	1285.688	5.0755	6
223.5	20.1799	1285.4526	5.0663	6
223.55	20.1802	1285.0745	5.0595	6
223.6	20.1802	1284.8639	5.068	6
223.65	20.1802	1283.3799	5.0802	6
223.7	20.18	1282.7329	5.0613	6
223.75	20.18	1282.7291	5.0581	6
223.8	20.1805	1282.2483	5.0526	6
223.85	20.1808	1281.8619	5.064	6
223.9	20.1809	1281.9592	5.0681	6
223.95	20.1812	1281.63	5.0658	6
224	20.1814	1281.3472	5.0654	6
224.05	20.1813	1281.6985	5.0631	6
224.1	20.1817	1281.488	5.067	6
224.15	20.1822	1280.8742	5.0503	6
224.2	20.1816	1281.0577	5.0658	6
224.25	20.1809	1280.3776	5.0803	6
224.3	20.181	1279.6685	5.0843	6
224.35	20.1808	1280.0073	5.0784	6
224.4	20.1804	1280.6417	5.0618	6
224.45	20.1807	1280.466	5.0644	6
224.5	20.1811	1280.0512	5.0705	6
224.55	20.1807	1280.8773	5.0613	6
224.6	20.1806	1281.0928	5.0747	6
224.65	20.1812	1280.3697	5.0915	6
224.7	20.1805	1281.31	5.0869	6
224.75	20.1806	1281.4254	5.0809	6
224.8	20.1812	1280.1812	5.089	6
224.85	20.18	1280.2028	5.0845	6
224.9	20.1795	1280.198	5.0679	6
224.95	20.1799	1279.5907	5.0839	6
225	20.1797	1280.1165	5.0786	6
225.05	20.1796	1280.6096	5.0651	6
225.1	20.1802	1279.7292	5.0724	6
225.15	20.1796	1280.4667	5.0523	6
225.2	20.1797	1280.6762	5.0597	6
225.25	20.1806	1279.6081	5.0744	6
225.3	20.18	1280.4749	5.0856	6
225.35	20.1799	1280.8482	5.0728	6
225.4	20.1806	1279.8955	5.0588	6
225.45	20.18	1280.482	5.081	6
225.5	20.1793	1279.8314	5.083	6
225.55	20.1795	1278.6979	5.0609	6
225.6	20.1797	1278.6099	5.0594	6
225.65	20.1789	1279.6915	5.0507	6
225.7	20.1788	1279.6925	5.0592	6
225.75	20.1791	1279.3273	5.0705	6
225.8	20.1785	1280.2774	5.0696	6
225.85	20.1787	1280.1214	5.0817	6
225.9	20.1788	1280.0399	5.0659	6
225.95	20.1786	1280.5607	5.062	6
226	20.1784	1280.8049	5.0561	6
226.05	20.1786	1280.5838	5.0347	6
226.1	20.1785	1280.6841	5.0415	6
226.15	20.1785	1281.0956	5.0542	6
226.2	20.1787	1280.6273	5.0477	6
226.25	20.1786	1279.1868	5.0516	6
226.3	20.1775	1279.6621	5.046	6
226.35	20.178	1279.2947	5.0451	6
226.4	20.178	1279.0664	5.051	6
226.45	20.1776	1279.8136	5.0642	6
226.5	20.1773	1280.2879	5.064	6
226.55	20.1781	1279.2489	5.0575	6
226.6	20.1775	1280.202	5.0357	6
226.65	20.1775	1280.4298	5.0309	6
226.7	20.1782	1279.5137	5.0383	6
226.75	20.1778	1280.0986	5.042	6
226.8	20.1772	1281.1298	5.0363	6
226.85	20.178	1280.1013	5.0296	6
226.9	20.1776	1280.6761	5.0411	6
226.95	20.177	1281.5229	5.0617	6
227	20.1777	1280.8746	5.0797	6
227.05	20.1778	1280.6181	5.0668	6
227.1	20.1767	1280.8085	5.0466	6
227.15	20.1768	1279.3574	5.0461	6
227.2	20.1767	1279.2047	5.0584	6
227.25	20.1758	1280.4668	5.0731	6
227.3	20.176	1280.3504	5.0624	6
227.35	20.1764	1279.81	5.0488	6
227.4	20.1764	1279.9725	5.0567	6
227.45	20.176	1280.7999	5.0546	6
227.5	20.1766	1280.0233	5.053	6
227.55	20.1769	1279.574	5.0616	6
227.6	20.1759	1280.9485	5.0711	6
227.65	20.1762	1280.7483	5.0842	6
227.7	20.1765	1280.2298	5.0672	6
227.75	20.1758	1281.3141	5.0596	6
227.8	20.1758	1281.5156	5.0663	6
227.85	20.1762	1280.9578	5.0679	6
227.9	20.1756	1281.7974	5.0607	6
227.95	20.1752	1282.6172	5.0674	6
228	20.1759	1281.7964	5.0653	6
228.05	20.1758	1282.1009	5.0657	6
228.1	20.1754	1282.8999	5.0662	6
228.15	20.1758	1282.2822	5.0758	6
228.2	20.1759	1282.3161	5.0807	6
228.25	20.1752	1282.4979	5.0724	6
228.3	20.1748	1281.3933	5.0552	6
228.35	20.1748	1280.9844	5.0499	6
228.4	20.1743	1281.8347	5.0672	6
228.45	20.174	1282.1822	5.0764	6
228.5	20.1744	1281.8679	5.0773	6
228.55	20.1741	1282.4114	5.0815	6
228.6	20.174	1282.7285	5.0671	6
228.65	20.1744	1282.2832	5.0687	6
228.7	20.1743	1282.3807	5.0744	6
228.75	20.1737	1283.1901	5.0723	6
228.8	20.1738	1282.9897	5.0684	6
228.85	20.1741	1282.8062	5.06	6
228.9	20.1739	1283.3132	5.0635	6
228.95	20.174	1283.1852	5.0797	6
229	20.1744	1282.742	5.0818	6
229.05	20.174	1283.3041	5.0795	6
229.1	20.1742	1283.1534	5.073	6
229.15	20.1743	1282.945	5.0806	6
229.2	20.1743	1283.068	5.0933	6
229.25	20.1743	1283.2833	5.0849	6
229.3	20.1744	1283.266	5.0807	6
229.35	20.1744	1283.3233	5.0635	6
229.4	20.1744	1283.4036	5.0772	6
229.45	20.1746	1283.0854	5.0951	6
229.5	20.1748	1282.8964	5.0914	6
229.55	20.1748	1283.0459	5.0842	6
229.6	20.175	1282.9369	5.0715	6
229.65	20.1752	1282.8968	5.0571	6
229.7	20.1751	1283.1283	5.0555	6
229.75	20.1749	1283.3483	5.0637	6
229.8	20.1751	1283.1861	5.0676	6
229.85	20.1747	1283.7753	5.0822	6
229.9	20.1746	1283.9455	5.0808	6
229.95	20.1744	1283.0502	5.0746	6
230	20.1737	1282.2922	5.069	6
230.05	20.1734	1282.4104	5.0569	6
230.1	20.1736	1282.2469	5.0501	6
230.15	20.1737	1282.2977	5.049	6
230.2	20.1734	1282.7516	5.0535	6
230.25	20.1733	1282.7534	5.0495	6
230.3	20.1736	1282.6008	5.0621	6
230.35	20.1736	1282.9112	5.0713	6
230.4	20.1736	1283.2058	5.0695	6
230.45	20.174	1282.6759	5.0737	6
230.5	20.1736	1283.2381	5.0776	6
230.55	20.1736	1283.2811	5.0518	6
230.6	20.1739	1282.9704	5.0604	6
230.65	20.1738	1283.44	5.0847	6
230.7	20.1738	1283.7156	5.0802	6
230.75	20.1738	1283.5984	5.0767	6
230.8	20.1738	1283.734	5.0629	6
230.85	20.1734	1284.2936	5.0509	6
230.9	20.1737	1284.049	5.0506	6
230.95	20.1738	1283.9169	5.0715	6
231	20.1735	1284.476	5.0774	6
231.05	20.1735	1284.3142	5.0745	6
231.1	20.1735	1284.4909	5.0654	6
231.15	20.1731	1285.0866	5.05	6
231.2	20.173	1285.1697	5.0488	6
231.25	20.1729	1285.329	5.0394	6
231.3	20.1727	1285.5874	5.0448	6
231.35	20.1728	1285.4959	5.0439	6
231.4	20.1726	1285.6541	5.0501	6
231.45	20.1725	1285.9349	5.0637	6
231.5	20.1724	1286.2074	5.0643	6
231.55	20.1727	1286.1717	5.0749	6
231.6	20.1726	1286.2992	5.0729	6
231.65	20.1724	1286.7285	5.0636	6
231.7	20.1724	1286.8282	5.0664	6
231.75	20.1726	1286.6475	5.0733	6
231.8	20.1723	1287.2192	5.0691	6
231.85	20.1724	1287.2712	5.0792	6
231.9	20.1725	1286.9784	5.0778	6
231.95	20.1727	1286.8198	5.0638	6
232	20.1726	1287.1226	5.0678	6
232.05	20.1727	1287.1354	5.0863	6
232.1	20.1729	1287.0025	5.0844	6
232.15	20.1727	1287.3581	5.0813	6
232.2	20.1725	1287.5102	5.0832	6
232.25	20.1729	1287.1077	5.077	6
232.3	20.1728	1287.3036	5.0599	6
232.35	20.1726	1287.5848	5.0638	6
232.4	20.1729	1287.2984	5.0634	6
232.45	20.1734	1286.8778	5.071	6
232.5	20.1732	1287.4125	5.0772	6
232.55	20.1729	1287.8904	5.0716	6
232.6	20.1734	1287.0593	5.0838	6
232.65	20.1732	1286.0345	5.0825	6
232.7	20.1718	1286.4473	5.0842	6
232.75	20.1722	1285.7966	5.0839	6
232.8	20.1727	1285.0835	5.078	6
232.85	20.172	1286.103	5.0827	6
232.9	20.1716	1286.8118	5.0839	6
232.95	20.1726	1285.5926	5.0859	6
233	20.1722	1286.1475	5.0809	6
233.05	20.1713	1287.5225	5.0659	6
233.1	20.1722	1286.2606	5.0537	6
233.15	20.1724	1286.1816	5.0664	6
233.2	20.1716	1287.3573	5.0683	6
233.25	20.1715	1287.6283	5.074	6
233.3	20.1722	1286.7147	5.0797	6
233.35	20.1718	1287.3868	5.0681	6
233.4	20.171	1288.5014	5.0583	6
233.45	20.1717	1287.6249	5.0696	6
233.5	20.1718	1287.5708	5.0714	6
233.55	20.1708	1289.1131	5.0684	6
233.6	20.1714	1288.4449	5.0716	6
233.65	20.1718	1287.8223	5.071	6
233.7	20.1708	1289.247	5.063	6
233.75	20.171	1289.1911	5.0632	6
233.8	20.1718	1288.0028	5.0481	6
233.85	20.1712	1289.1203	5.0423	6
233.9	20.171	1289.5068	5.0556	6
233.95	20.1718	1288.2677	5.0634	6
234	20.1719	1288.3282	5.074	6
234.05	20.1716	1288.9808	5.0777	6
234.1	20.172	1288.3333	5.0691	6
234.15	20.1724	1287.8072	5.0652	6
234.2	20.1718	1289.0932	5.057	6
234.25	20.1721	1288.77	5.0534	6
234.3	20.1729	1287.653	5.0386	6
234.35	20.1722	1288.8254	5.0442	6
234.4	20.1722	1288.9585	5.0752	6
234.45	20.173	1287.9474	5.0901	6
234.5	20.1726	1288.7014	5.0935	6
234.55	20.1721	1289.4927	5.0774	6
234.6	20.1728	1288.474	5.066	6
234.65	20.1727	1288.8259	5.07	6
234.7	20.1722	1289.5592	5.0865	6
234.75	20.1728	1288.9038	5.0724	6
234.8	20.1729	1288.8624	5.0579	6
234.85	20.1726	1289.2991	5.0623	6
234.9	20.1732	1288.578	5.0684	6
234.95	20.1732	1288.8162	5.0589	6
235	20.173	1289.0556	5.0623	6
235.05	20.1736	1288.2852	5.0697	6
235.1	20.1732	1289.0282	5.0562	6
235.15	20.1729	1289.4829	5.0593	6
235.2	20.1739	1288.1829	5.0724	6
235.25	20.1735	1288.8439	5.0694	6
235.3	20.1729	1289.7755	5.0491	6
235.35	20.1744	1287.854	5.0409	6
235.4	20.1741	1288.2903	5.0549	6
235.45	20.1729	1290.2343	5.0715	6
235.5	20.1743	1288.3955	5.0628	6
235.55	20.1746	1288.0759	5.0618	6
235.6	20.1728	1290.6182	5.0721	6
235.65	20.1738	1289.1772	5.0779	6
235.7	20.1744	1288.3449	5.0885	6
235.75	20.173	1290.5718	5.0983	6
235.8	20.1733	1290.102	5.0841	6
235.85	20.1743	1288.5286	5.0735	6
235.9	20.173	1290.5751	5.0715	6
235.95	20.1729	1290.9093	5.0737	6
236	20.1744	1288.9672	5.0714	6
236.05	20.1735	1290.3214	5.0565	6
236.1	20.1727	1291.4244	5.054	6
236.15	20.174	1289.6308	5.0469	6
236.2	20.174	1289.8548	5.0657	6
236.25	20.173	1291.392	5.0752	6
236.3	20.1734	1289.3489	5.0634	6
236.35	20.1733	1287.743	5.0638	6
236.4	20.1721	1289.3023	5.0675	6
236.45	20.1723	1289.0311	5.0588	6
236.5	20.1728	1288.479	5.0522	6
236.55	20.1724	1289.2062	5.0492	6
236.6	20.1723	1289.4482	5.0582	6
236.65	20.1727	1289.0085	5.055	6
236.7	20.1725	1289.4421	5.0608	6
236.75	20.1727	1289.3576	5.045	6
236.8	20.1727	1289.2918	5.0535	6
236.85	20.1726	1289.5943	5.0624	6
236.9	20.1733	1288.8438	5.0687	6
236.95	20.1734	1288.8699	5.0767	6
237	20.1729	1289.7051	5.0621	6
237.05	20.1738	1288.2992	5.0555	6
237.1	20.1736	1288.6329	5.0721	6
237.15	20.173	1289.7179	5.067	6
237.2	20.1739	1288.4665	5.0679	6
237.25	20.1743	1287.9232	5.0626	6
237.3	20.1735	1289.1965	5.0654	6
237.35	20.1739	1288.6714	5.0576	6
237.4	20.1749	1287.227	5.0579	6
237.45	20.1743	1288.2907	5.0618	6
237.5	20.174	1288.9527	5.0671	6
237.55	20.1753	1287.054	5.0629	6
237.6	20.1752	1287.3639	5.0564	6
237.65	20.1739	1289.504	5.0708	6
237.7	20.1753	1287.6205	5.0853	6
237.75	20.1758	1286.7474	5.0727	6
237.8	20.1745	1288.8184	5.0728	6
237.85	20.1754	1287.6686	5.0802	6
237.9	20.1771	1285.3664	5.0908	6
237.95	20.1758	1287.3691	5.0933	6
238	20.1755	1287.9972	5.0732	6
238.05	20.1776	1284.9283	5.0684	6
238.1	20.1768	1286.3256	5.0785	6
238.15	20.1755	1288.0639	5.07	6
238.2	20.1769	1284.7463	5.0824	6
238.25	20.1764	1284.1852	5.0948	6
238.3	20.1747	1286.5822	5.0804	6
238.35	20.1756	1285.4047	5.0829	6
238.4	20.1764	1284.2427	5.0741	6
238.45	20.1751	1286.2909	5.0713	6
238.5	20.1755	1285.764	5.0615	6
238.55	20.1764	1284.6905	5.0622	6
238.6	20.1754	1286.0838	5.074	6
238.65	20.1755	1286.1026	5.0701	6
238.7	20.176	1285.6226	5.071	6
238.75	20.1755	1286.3742	5.0813	6
238.8	20.1754	1286.5692	5.0761	6
238.85	20.1751	1287.1064	5.0598	6
238.9	20.1751	1287.3387	5.0621	6
238.95	20.1754	1286.9615	5.0767	6
239	20.1747	1288.0606	5.0786	6
239.05	20.1745	1288.423	5.0796	6
239.1	20.1753	1287.1069	5.0822	6
239.15	20.1745	1288.3403	5.072	6
239.2	20.1742	1288.9578	5.0722	6
239.25	20.1752	1287.6387	5.0818	6
239.3	20.1746	1288.7464	5.0764	6
239.35	20.174	1289.5931	5.0811	6
239.4	20.1747	1288.4887	5.0823	6
239.45	20.1742	1289.3805	5.0724	6
239.5	20.1738	1290.0902	5.0652	6
239.55	20.1741	1289.4855	5.0676	6
239.6	20.1735	1288.9893	5.0721	6
239.65	20.1729	1288.6506	5.0803	6
239.7	20.173	1288.2807	5.0709	6
239.75	20.1728	1288.5121	5.0462	6
239.8	20.1726	1288.8935	5.0539	6
239.85	20.1731	1288.3481	5.0538	6
239.9	20.1732	1288.3806	5.0454	6
239.95	20.1731	1288.5856	5.0423	6
240	20.1734	1288.1805	5.0568	6
240.05	20.1736	1288.0457	5.0511	6
240.1	20.1737	1287.979	5.0506	6
240.15	20.1737	1288.1613	5.0561	6
240.2	20.1738	1288.0354	5.0637	6
240.25	20.1742	1287.5669	5.0831	6
240.3	20.174	1287.9465	5.0683	6
240.35	20.1741	1288.0063	5.0647	6
240.4	20.1746	1287.3263	5.0702	6
240.45	20.1744	1287.6299	5.0633	6
240.5	20.1743	1287.9676	5.0759	6
240.55	20.1751	1287.0237	5.0732	6
240.6	20.1751	1287.1596	5.0658	6
240.65	20.1747	1287.7641	5.0547	6
240.7	20.1753	1286.8452	5.0447	6
240.75	20.1754	1286.78	5.0493	6
240.8	20.1747	1287.763	5.0558	6
240.85	20.1752	1287.1147	5.045	6
240.9	20.1754	1286.9386	5.0354	6
240.95	20.1751	1287.587	5.0432	6
241	20.1753	1287.5936	5.0566	6
241.05	20.1757	1286.9227	5.0649	6
241.1	20.1755	1287.1366	5.0553	6
241.15	20.1755	1287.2589	5.063	6
241.2	20.1756	1287.1533	5.0611	6
241.25	20.1759	1286.75	5.0537	6
241.3	20.1755	1286.8454	5.0515	6
241.35	20.1746	1286.3851	5.0574	6
241.4	20.1749	1285.0731	5.0682	6
241.45	20.1747	1285.5983	5.06	6
241.5	20.174	1286.7554	5.0598	6
241.55	20.1749	1285.6841	5.0751	6
241.6	20.175	1285.4637	5.0729	6
241.65	20.1739	1286.946	5.068	6
241.7	20.1746	1286.1796	5.0545	6
241.75	20.1753	1285.3002	5.0583	6
241.8	20.1741	1287.1686	5.0588	6
241.85	20.1743	1286.6785	5.0489	6
241.9	20.175	1285.711	5.0399	6
241.95	20.1741	1287.1421	5.0519	6
242	20.1741	1287.4481	5.0573	6
242.05	20.1747	1286.8147	5.0525	6
242.1	20.1742	1287.4774	5.0459	6
242.15	20.1737	1288.2996	5.0587	6
242.2	20.1743	1287.5408	5.0627	6
242.25	20.1744	1287.4665	5.063	6
242.3	20.1738	1288.5294	5.0735	6
242.35	20.1742	1287.8573	5.0743	6
242.4	20.1744	1287.6685	5.0705	6
242.45	20.1738	1288.6667	5.0784	6
242.5	20.1741	1288.3876	5.0764	6
242.55	20.1744	1288.0303	5.0719	6
242.6	20.1741	1288.6132	5.0662	6
242.65	20.174	1288.7084	5.0621	6
242.7	20.1744	1288.1469	5.0607	6
242.75	20.1743	1288.3913	5.0627	6
242.8	20.1743	1288.5043	5.0745	6
242.85	20.1745	1288.2649	5.0906	6
242.9	20.1747	1288.1913	5.0946	6
242.95	20.1749	1287.916	5.0905	6
243	20.175	1287.46	5.0863	6
243.05	20.1744	1286.5155	5.0524	6
243.1	20.1743	1285.5536	5.0277	6
243.15	20.1744	1285.4524	5.0364	6
243.2	20.1743	1285.6991	5.0647	6
243.25	20.1743	1285.8133	5.066	6
243.3	20.1745	1285.6214	5.0595	6
243.35	20.1742	1286.0292	5.0681	6
243.4	20.1742	1286.1979	5.0683	6
243.45	20.1744	1286.0489	5.0729	6
243.5	20.1746	1285.8381	5.0587	6
243.55	20.1746	1285.9356	5.063	6
243.6	20.1747	1285.7971	5.0675	6
243.65	20.1754	1284.9212	5.0624	6
243.7	20.1753	1285.2347	5.0657	6
243.75	20.1749	1285.8544	5.0588	6
243.8	20.1759	1284.5077	5.0629	6
243.85	20.1755	1285.1394	5.0631	6
243.9	20.1753	1285.6497	5.0588	6
243.95	20.1762	1284.413	5.0812	6
244	20.1763	1284.2497	5.0943	6
244.05	20.1757	1285.2675	5.0642	6
244.1	20.1764	1284.4862	5.0638	6
244.15	20.1773	1283.2998	5.0757	6
244.2	20.1766	1284.5557	5.0761	6
244.25	20.1766	1284.6269	5.0858	6
244.3	20.1775	1283.3113	5.0912	6
244.35	20.1768	1283.5537	5.0783	6
244.4	20.1757	1283.4268	5.0523	6
244.45	20.1761	1282.3636	5.053	6
244.5	20.1761	1282.5667	5.0838	6
244.55	20.1751	1283.8974	5.0922	6
244.6	20.1753	1283.6792	5.0751	6
244.65	20.1754	1283.6442	5.0538	6
244.7	20.1748	1284.6967	5.0767	6
244.75	20.1747	1285.0057	5.0926	6
244.8	20.1747	1285.037	5.0758	6
244.85	20.1747	1285.1596	5.0604	6
244.9	20.1743	1285.6222	5.0646	6
244.95	20.1745	1285.6064	5.0958	6
245	20.1747	1285.4277	5.0887	6
245.05	20.1749	1285.3553	5.0699	6
245.1	20.1749	1285.3933	5.0935	6
245.15	20.1751	1285.0071	5.103	6
245.2	20.1752	1284.8026	5.0885	6
245.25	20.1752	1285.0321	5.0765	6
245.3	20.1752	1285.075	5.072	6
245.35	20.1754	1284.8171	5.0732	6
245.4	20.1753	1285.1321	5.0773	6
245.45	20.1758	1284.4887	5.0602	6
245.5	20.1758	1284.5552	5.0656	6
245.55	20.1755	1284.9481	5.0725	6
245.6	20.1762	1284.2388	5.0854	6
245.65	20.1766	1283.892	5.0758	6
245.7	20.1766	1283.682	5.0768	6
245.75	20.1763	1282.444	5.083	6
245.8	20.1765	1281.3311	5.0647	6
245.85	20.1768	1280.9552	5.0717	6
245.9	20.1771	1280.493	5.0796	6
245.95	20.1774	1280.0322	5.0858	6
246	20.1776	1279.9696	5.1007	6
246.05	20.1782	1279.1606	5.0908	6
246.1	20.178	1279.4669	5.0938	6
246.15	20.178	1279.67	5.0917	6
246.2	20.1787	1278.6785	5.0821	6
246.25	20.1784	1279.3174	5.0794	6
246.3	20.1783	1279.5751	5.0756	6
246.35	20.1787	1278.9838	5.0736	6
246.4	20.1786	1279.2215	5.0872	6
246.45	20.1786	1279.2458	5.0851	6
246.5	20.1791	1278.6784	5.0886	6
246.55	20.1788	1278.5714	5.0918	6
246.6	20.1786	1277.1403	5.0828	6
246.65	20.1783	1276.6843	5.0748	6
246.7	20.1782	1277.055	5.0802	6
246.75	20.1783	1276.8924	5.102	6
246.8	20.1785	1276.741	5.103	6
246.85	20.178	1277.5061	5.0892	6
246.9	20.1781	1277.4384	5.0703	6
246.95	20.1786	1276.8179	5.0534	6
247	20.1784	1277.3053	5.0537	6
247.05	20.1784	1277.3174	5.0709	6
247.1	20.1788	1276.7899	5.0605	6
247.15	20.1787	1277.0298	5.0491	6
247.2	20.1787	1277.361	5.0553	6
247.25	20.1788	1277.3583	5.0595	6
247.3	20.1792	1276.8309	5.0719	6
247.35	20.1786	1276.2976	5.0712	6
247.4	20.1782	1275.252	5.0781	6
247.45	20.1781	1275.1675	5.085	6
247.5	20.1781	1275.2934	5.0819	6
247.55	20.1781	1275.2856	5.0939	6
247.6	20.1782	1275.3651	5.0667	6
247.65	20.1782	1275.4131	5.0714	6
247.7	20.178	1275.64	5.0804	6
247.75	20.178	1275.6664	5.0672	6
247.8	20.1782	1275.5013	5.0753	6
247.85	20.1779	1275.9536	5.0671	6
247.9	20.178	1276.0046	5.0538	6
247.95	20.178	1276.1992	5.0581	6
248	20.178	1276.455	5.0751	6
248.05	20.178	1276.4451	5.0797	6
248.1	20.1781	1276.3626	5.073	6
248.15	20.1781	1276.0145	5.0716	6
248.2	20.1774	1275.3782	5.0763	6
248.25	20.1771	1275.1571	5.086	6
248.3	20.1774	1274.9304	5.0816	6
248.35	20.1773	1275.112	5.0738	6
248.4	20.1769	1275.753	5.0824	6
248.45	20.1771	1275.4221	5.0764	6
248.5	20.1775	1274.9929	5.0584	6
248.55	20.1767	1276.1119	5.0516	6
248.6	20.1767	1276.214	5.056	6
248.65	20.1772	1275.5345	5.0616	6
248.7	20.1766	1276.4023	5.0604	6
248.75	20.1762	1277.1614	5.0578	6
248.8	20.1769	1276.2509	5.0714	6
248.85	20.1769	1276.224	5.0645	6
248.9	20.1761	1277.3559	5.0573	6
248.95	20.1766	1276.6811	5.062	6
249	20.177	1276.2281	5.0586	6
249.05	20.1765	1277.3366	5.0739	6
249.1	20.1764	1277.5804	5.0695	6
249.15	20.177	1276.3083	5.0719	6
249.2	20.1757	1276.2888	5.0802	6
249.25	20.1752	1276.2211	5.0794	6
249.3	20.1758	1275.4152	5.093	6
249.35	20.1755	1275.9538	5.1082	6
249.4	20.1751	1276.6263	5.1079	6
249.45	20.1757	1275.8338	5.0869	6
249.5	20.1757	1276.0019	5.0754	6
249.55	20.1754	1276.5507	5.088	6
249.6	20.1756	1276.2556	5.0737	6
249.65	20.1759	1275.9477	5.0628	6
249.7	20.1755	1276.5318	5.0796	6
249.75	20.1754	1276.6948	5.0758	6
249.8	20.1755	1276.657	5.0878	6
249.85	20.1755	1276.6849	5.0954	6
249.9	20.1754	1276.8812	5.0977	6
249.95	20.1754	1277.0928	5.0969	6
250	20.1756	1276.8548	5.0729	6
250.05	20.1756	1276.9291	5.0569	6
250.1	20.1754	1277.3108	5.0642	6
250.15	20.1756	1277.1769	5.0776	6
250.2	20.1755	1277.3703	5.0733	6
250.25	20.1753	1277.8847	5.0591	6
250.3	20.1754	1277.8888	5.0766	6
250.35	20.1755	1277.8387	5.089	6
250.4	20.1752	1278.3789	5.0679	6
250.45	20.1748	1278.5095	5.0727	6
250.5	20.1746	1277.4237	5.0698	6
250.55	20.1737	1277.6241	5.0602	6
250.6	20.1734	1277.8726	5.0785	6
250.65	20.1734	1277.8495	5.079	6
250.7	20.1734	1278.1426	5.0733	6
250.75	20.1735	1278.1493	5.0633	6
250.8	20.1734	1278.3974	5.0517	6
250.85	20.1733	1278.4173	5.0513	6
250.9	20.1736	1278.222	5.068	6
250.95	20.1733	1278.6979	5.0801	6
251	20.1733	1278.6884	5.0644	6
251.05	20.1736	1278.3672	5.0591	6
251.1	20.1737	1278.2236	5.0607	6
251.15	20.1735	1278.6713	5.0689	6
251.2	20.1739	1278.2021	5.0715	6
251.25	20.1741	1278.0257	5.0769	6
251.3	20.174	1278.3199	5.0763	6
251.35	20.1741	1278.1117	5.0793	6
251.4	20.1745	1277.6458	5.0778	6
251.45	20.1745	1277.6849	5.078	6
251.5	20.1745	1277.6065	5.0654	6
251.55	20.175	1277.036	5.0594	6
251.6	20.1752	1276.8918	5.0713	6
251.65	20.1752	1276.916	5.0937	6
251.7	20.1758	1276.2698	5.091	6
251.75	20.1759	1276.2671	5.0847	6
251.8	20.1759	1276.5755	5.075	6
251.85	20.1762	1276.2179	5.075	6
251.9	20.1766	1275.8016	5.0675	6
251.95	20.1764	1276.0554	5.0722	6
252	20.1766	1275.6962	5.0825	6
252.05	20.1768	1275.5593	5.0782	6
252.1	20.1767	1274.9227	5.0833	6
252.15	20.1765	1273.5007	5.0723	6
252.2	20.1763	1273.446	5.0649	6
252.25	20.1766	1273.1284	5.0818	6
252.3	20.177	1272.7223	5.0734	6
252.35	20.1769	1273.0536	5.0698	6
252.4	20.177	1272.8424	5.0633	6
252.45	20.1774	1272.2851	5.0666	6
252.5	20.1774	1272.5807	5.066	6
252.55	20.1777	1272.4291	5.075	6
252.6	20.178	1271.8244	5.0858	6
252.65	20.1776	1272.2969	5.0797	6
252.7	20.1776	1272.4659	5.0679	6
252.75	20.1784	1271.5015	5.0695	6
252.8	20.1779	1272.1944	5.0681	6
252.85	20.1778	1272.5486	5.0649	6
252.9	20.1783	1271.8972	5.0873	6
252.95	20.1784	1271.6762	5.0917	6
253	20.1778	1272.2394	5.0864	6
253.05	20.1779	1270.6537	5.0778	6
253.1	20.1775	1270.2599	5.0815	6
253.15	20.1771	1270.8933	5.0738	6
253.2	20.1772	1270.8085	5.0648	6
253.25	20.1776	1270.4271	5.0775	6
253.3	20.1774	1270.7036	5.0633	6
253.35	20.1774	1270.8117	5.0702	6
253.4	20.1773	1271.1129	5.0864	6
253.45	20.1771	1271.3618	5.0857	6
253.5	20.1768	1271.6505	5.0698	6
253.55	20.1767	1271.8166	5.0836	6
253.6	20.1766	1272.0628	5.0797	6
253.65	20.1762	1272.6976	5.0672	6
253.7	20.1759	1273.165	5.0638	6
253.75	20.1759	1273.0467	5.0705	6
253.8	20.1753	1274.0259	5.0571	6
253.85	20.1752	1274.3078	5.0675	6
253.9	20.1755	1273.9613	5.0823	6
253.95	20.175	1274.6926	5.092	6
254	20.1749	1275.1368	5.091	6
254.05	20.1751	1274.6081	5.078	6
254.1	20.1748	1273.8615	5.0942	6
254.15	20.1732	1274.4165	5.1014	6
254.2	20.1735	1273.9506	5.0855	6
254.25	20.1738	1273.7204	5.0877	6
254.3	20.173	1275.0687	5.0792	6
254.35	20.1729	1275.2515	5.0693	6
254.4	20.1734	1274.4563	5.0843	6
254.45	20.1727	1275.2136	5.0792	6
254.5	20.1724	1275.9222	5.077	6
254.55	20.1729	1275.3129	5.084	6
254.6	20.1729	1275.2927	5.0844	6
254.65	20.1721	1276.4166	5.0943	6
254.7	20.1725	1276.0371	5.0758	6
254.75	20.1726	1275.9269	5.0426	6
254.8	20.172	1276.8841	5.0446	6
254.85	20.1723	1276.5731	5.0614	6
254.9	20.1727	1276.2711	5.0668	6
254.95	20.172	1277.326	5.0704	6
255	20.1721	1277.2183	5.0614	6
255.05	20.1725	1276.8768	5.0696	6
255.1	20.1722	1277.5703	5.0757	6
255.15	20.172	1277.8284	5.063	6
255.2	20.1726	1277.1284	5.0598	6
255.25	20.1722	1277.4986	5.0589	6
255.3	20.172	1277.9195	5.0678	6
255.35	20.1725	1277.5677	5.059	6
255.4	20.1725	1277.5739	5.0525	6
255.45	20.1721	1277.9891	5.0653	6
255.5	20.1724	1277.8338	5.0725	6
255.55	20.1727	1277.6866	5.0815	6
255.6	20.1729	1277.5334	5.0665	6
255.65	20.1726	1277.9429	5.0522	6
255.7	20.1728	1277.5849	5.0517	6
255.75	20.1728	1277.4635	5.0458	6
255.8	20.1723	1278.0421	5.0472	6
255.85	20.1724	1278.0362	5.0498	6
255.9	20.1729	1277.5689	5.0732	6
255.95	20.1726	1278.0192	5.0701	6
256	20.1726	1278.0373	5.0525	6
256.05	20.1728	1277.8497	5.0414	6
256.1	20.1726	1278.2624	5.056	6
256.15	20.1725	1278.5405	5.0684	6
256.2	20.1726	1278.2328	5.0641	6
256.25	20.1724	1278.5476	5.0617	6
256.3	20.1722	1278.7719	5.0501	6
256.35	20.1725	1278.544	5.0471	6
256.4	20.1723	1278.814	5.0626	6
256.45	20.1723	1278.7543	5.0627	6
256.5	20.1726	1278.5102	5.0394	6
256.55	20.1724	1278.8277	5.0479	6
256.6	20.1724	1278.7693	5.0541	6
256.65	20.1727	1278.5587	5.0481	6
256.7	20.1725	1278.9106	5.0483	6
256.75	20.1725	1278.9303	5.0599	6
256.8	20.1727	1278.8473	5.0592	6
256.85	20.1727	1278.9482	5.0671	6
256.9	20.1724	1279.3137	5.0624	6
256.95	20.1724	1279.3529	5.0618	6
257	20.1723	1279.5567	5.0635	6
257.05	20.1722	1279.7191	5.059	6
257.1	20.1721	1280.0427	5.0638	6
257.15	20.1722	1279.9028	5.0585	6
257.2	20.1722	1279.9774	5.0596	6
257.25	20.1724	1279.7515	5.0563	6
257.3	20.1725	1279.7816	5.0608	6
257.35	20.1727	1279.6127	5.0668	6
257.4	20.173	1279.2031	5.0846	6
257.45	20.173	1279.3799	5.0958	6
257.5	20.1729	1279.5782	5.0818	6
257.55	20.1733	1279.1004	5.0772	6
257.6	20.1733	1279.1457	5.0939	6
257.65	20.1733	1279.0329	5.1058	6
257.7	20.173	1277.9031	5.0875	6
257.75	20.1728	1276.7691	5.0732	6
257.8	20.1726	1276.9353	5.0704	6
257.85	20.1728	1276.7919	5.0739	6
257.9	20.1728	1276.7711	5.0767	6
257.95	20.173	1276.6852	5.0708	6
258	20.1729	1276.821	5.0623	6
258.05	20.1727	1277.0925	5.0654	6
258.1	20.1728	1276.8423	5.0812	6
258.15	20.1732	1276.5214	5.0888	6
258.2	20.173	1276.9222	5.1011	6
258.25	20.1731	1276.8295	5.1066	6
258.3	20.1733	1276.54	5.0875	6
258.35	20.1735	1276.4216	5.0892	6
258.4	20.1731	1277.1592	5.1063	6
258.45	20.1735	1276.5504	5.1012	6
258.5	20.1735	1276.4181	5.0831	6
258.55	20.1731	1277.0888	5.0723	6
258.6	20.1736	1276.6088	5.0722	6
258.65	20.1733	1276.859	5.0817	6
258.7	20.1731	1277.3407	5.0696	6
258.75	20.1733	1277.0938	5.0763	6
258.8	20.1731	1277.2364	5.072	6
258.85	20.1729	1277.7303	5.0686	6
258.9	20.1734	1277.0747	5.0764	6
258.95	20.1734	1277.0263	5.067	6
259	20.173	1277.9119	5.0741	6
259.05	20.1732	1277.6075	5.0825	6
259.1	20.1733	1277.4454	5.079	6
259.15	20.1728	1278.1435	5.0754	6
259.2	20.1729	1278.2167	5.0513	6
259.25	20.1732	1277.935	5.0667	6
259.3	20.1734	1277.7491	5.0707	6
259.35	20.1731	1278.3085	5.0675	6
259.4	20.1736	1277.6029	5.0819	6
259.45	20.1736	1277.5515	5.0771	6
259.5	20.1731	1278.4684	5.0688	6
259.55	20.1736	1277.7851	5.066	6
259.6	20.1739	1277.3455	5.0751	6
259.65	20.173	1278.6327	5.0647	6
259.7	20.1734	1278.2854	5.0531	6
259.75	20.174	1277.4109	5.0787	6
259.8	20.1735	1278.3002	5.0829	6
259.85	20.1733	1278.842	5.0869	6
259.9	20.1742	1277.6192	5.0964	6
259.95	20.1739	1278.0497	5.0959	6
260	20.1732	1279.1088	5.0989	6
260.05	20.1742	1277.7755	5.0826	6
260.1	20.1743	1277.6342	5.0718	6
260.15	20.1735	1279.0265	5.0752	6
260.2	20.1743	1277.2122	5.0673	6
260.25	20.1739	1275.6995	5.0764	6
260.3	20.1727	1276.8683	5.0723	6
260.35	20.1731	1276.3866	5.0745	6
260.4	20.1736	1275.5077	5.0637	6
260.45	20.1727	1276.8821	5.0396	6
260.5	20.1722	1277.4568	5.0462	6
260.55	20.173	1276.6107	5.0667	6
260.6	20.1732	1276.5343	5.0644	6
260.65	20.1725	1277.7471	5.0616	6
260.7	20.1733	1276.7393	5.066	6
260.75	20.174	1275.7578	5.0875	6
260.8	20.1732	1277.0401	5.0982	6
260.85	20.1737	1276.4094	5.0815	6
260.9	20.1745	1275.17	5.0722	6
260.95	20.174	1276.1033	5.0585	6
261	20.1741	1276.2195	5.0754	6
261.05	20.175	1275.0607	5.0759	6
261.1	20.1749	1275.3686	5.0675	6
261.15	20.175	1275.4377	5.0857	6
261.2	20.1759	1274.2089	5.0959	6
261.25	20.1763	1273.8248	5.0706	6
261.3	20.176	1274.4382	5.0614	6
261.35	20.177	1273.1688	5.0739	6
261.4	20.1777	1272.3524	5.0828	6
261.45	20.1775	1272.6926	5.0883	6
261.5	20.178	1272.0857	5.086	6
261.55	20.179	1270.7129	5.0841	6
261.6	20.1786	1271.4873	5.0739	6
261.65	20.1787	1271.3312	5.0783	6
261.7	20.1792	1269.2219	5.0829	6
261.75	20.1782	1269.2547	5.0812	6
261.8	20.178	1269.5014	5.072	6
261.85	20.1789	1268.3235	5.0851	6
261.9	20.1788	1268.3906	5.0823	6
261.95	20.1786	1268.8263	5.0683	6
262	20.1793	1267.8899	5.0564	6
262.05	20.1796	1267.3786	5.0738	6
262.1	20.1791	1268.2261	5.068	6
262.15	20.1796	1267.7646	5.062	6
262.2	20.18	1267.3652	5.0684	6
262.25	20.1798	1267.6802	5.0592	6
262.3	20.1801	1267.3589	5.0616	6
262.35	20.1804	1266.8689	5.0722	6
262.4	20.1798	1266.2682	5.0933	6
262.45	20.1796	1265.3428	5.0916	6
262.5	20.1796	1265.1564	5.0863	6
262.55	20.1791	1265.877	5.0943	6
262.6	20.1792	1265.6951	5.0926	6
262.65	20.1795	1265.3944	5.0823	6
262.7	20.1789	1266.1644	5.0842	6
262.75	20.1791	1265.8552	5.0811	6
262.8	20.1794	1265.4032	5.0942	6
262.85	20.1791	1266.0126	5.0866	6
262.9	20.1792	1265.9495	5.0885	6
262.95	20.1797	1265.441	5.0999	6
263	20.1793	1266.1944	5.0901	6
263.05	20.1789	1266.7318	5.0954	6
263.1	20.1793	1265.0277	5.1022	6
263.15	20.1782	1264.9278	5.0984	6
263.2	20.1776	1265.5107	5.0867	6
263.25	20.1781	1264.6171	5.0671	6
263.3	20.1781	1264.8098	5.0746	6
263.35	20.1774	1265.9412	5.1054	6
263.4	20.1779	1265.2448	5.102	6
263.45	20.1779	1265.164	5.0888	6
263.5	20.1771	1266.4008	5.09	6
263.55	20.1772	1266.1818	5.0929	6
263.6	20.1774	1265.9628	5.0909	6
263.65	20.1767	1267.2545	5.0779	6
263.7	20.1767	1267.3392	5.0756	6
263.75	20.1767	1267.2762	5.0827	6
263.8	20.1761	1268.275	5.084	6
263.85	20.1761	1268.4064	5.085	6
263.9	20.1762	1268.2921	5.0647	6
263.95	20.1753	1269.7229	5.0775	6
264	20.1754	1269.5896	5.0879	6
264.05	20.1755	1268.8373	5.0777	6
264.1	20.1741	1268.991	5.087	6
264.15	20.1738	1268.7332	5.0979	6
264.2	20.1746	1267.5194	5.0926	6
264.25	20.1735	1269.0681	5.0963	6
264.3	20.1729	1270.082	5.0942	6
264.35	20.174	1268.4885	5.0936	6
264.4	20.1728	1270.1454	5.0894	6
264.45	20.1718	1271.6943	5.0789	6
264.5	20.1732	1269.7245	5.0901	6
264.55	20.1726	1270.7594	5.0767	6
264.6	20.1715	1272.4543	5.0649	6
264.65	20.1727	1270.7613	5.0791	6
264.7	20.1726	1270.8042	5.0722	6
264.75	20.1715	1272.4912	5.0638	6
264.8	20.1722	1271.5834	5.0815	6
264.85	20.1728	1270.8483	5.0903	6
264.9	20.1715	1272.5556	5.0773	6
264.95	20.172	1271.9705	5.0717	6
265	20.1728	1270.8701	5.0674	6
265.05	20.172	1272.2012	5.0648	6
265.1	20.1721	1272.1523	5.0652	6
265.15	20.1731	1270.948	5.0656	6
265.2	20.1722	1272.105	5.0692	6
265.25	20.172	1272.5906	5.0707	6
265.3	20.1727	1271.8012	5.0652	6
265.35	20.1726	1271.8854	5.0685	6
265.4	20.172	1272.8267	5.0596	6
265.45	20.1727	1271.8275	5.0504	6
265.5	20.1729	1271.6617	5.0701	6
265.55	20.1724	1272.4333	5.0781	6
265.6	20.1726	1272.0808	5.0803	6
265.65	20.1725	1272.3181	5.0673	7
265.7	20.1723	1272.5913	5.0559	7
265.75	20.1725	1272.3918	5.0726	7
265.8	20.1721	1272.9794	5.0721	7
265.85	20.1717	1271.8422	5.0622	7
265.9	20.1678	1263.4445	5.0932	7
265.95	20.1564	1243.6669	5.0987	7
266	20.1373	1211.8925	5.0854	7
266.05	20.1103	1168.5899	5.0905	7
266.1	20.0738	1115.9232	5.0876	7
266.15	20.0286	1053.1874	5.0824	7
266.2	19.9741	981.058	5.0934	7
266.25	19.9089	900.539	5.0944	7
266.3	19.8338	811.0243	5.0956	7
266.35	19.747	715.2706	5.0853	7
266.4	19.6485	612.6286	5.0868	7
266.45	19.5378	503.6204	5.0805	7
266.5	19.4139	389.854	5.0761	8
266.55	19.2767	271.8088	5.0757	8
266.6	19.1245	150.9655	5.0751	8
266.65	18.9571	29.6909	5.0924	8
266.7	18.7813	-77.8202	5.0907	8
266.75	18.6062	-159.5302	5.114	8
266.8	18.4305	-229.5686	5.1066	8
266.85	18.2496	-293.089	5.0787	8
266.9	18.0616	-348.6662	5.0784	8
266.95	17.8663	-395.2511	5.0878	8
267	17.6623	-430.7232	5.1003	8
267.05	17.4492	-454.6859	5.096	8
267.1	17.2301	-471.2964	5.0977	8
267.15	17.0049	-481.0204	5.0894	8
267.2	16.7708	-479.5053	5.0775	8
267.25	16.5262	-464.2191	5.0853	8
267.3	16.2696	-433.6204	5.1119	8
267.35	15.999	-385.0733	5.1266	8
267.4	15.7216	-327.2464	5.1242	8
267.45	15.4518	-280.8881	5.1098	8
267.5	15.188	-244.0998	5.0917	8
267.55	14.9259	-211.1811	5.0962	8
267.6	14.6669	-183.4474	5.0819	8
267.65	14.4091	-157.7115	5.0742	8
267.7	14.1542	-136.2566	5.0782	8
267.75	13.9023	-120.4633	5.0841	8
267.8	13.6518	-108.4919	5.0945	8
267.85	13.4027	-99.1936	5.09	8
267.9	13.1557	-92.8993	5.1029	8
267.95	12.9087	-87.674	5.1098	8
268	12.6613	-83.3372	5.1146	8
268.05	12.414	-80.2129	5.122	8
268.1	12.1668	-77.9216	5.1016	8
268.15	11.9181	-74.1076	5.0916	8
268.2	11.6687	-70.1899	5.1058	8
268.25	11.4198	-68.0157	5.1137	8
268.3	11.17	-65.0466	5.1185	8
268.35	10.9208	-63.2722	5.1202	8
268.4	10.6716	-62.4662	5.1009	8
268.45	10.4212	-61.0362	5.0757	8
268.5	10.1699	-58.9348	5.066	8
268.55	9.9198	-58.4322	5.0758	8
268.6	9.6684	-57.5059	5.0807	8
268.65	9.4163	-56.3277	5.0767	8
268.7	9.1639	-55.2767	5.0636	8
268.75	8.9107	-53.79	5.0719	8
268.8	8.656	-51.0633	5.0805	8
268.85	8.4011	-48.6536	5.0778	8
268.9	8.1462	-47.3318	5.0792	8
268.95	7.8907	-45.629	5.0917	8
269	7.6343	-43.0064	5.0882	8
269.05	7.378	-40.8424	5.0953	8
269.1	7.1218	-39.0788	5.0902	8
269.15	6.8646	-36.7783	5.0877	8
269.2	6.6069	-34.7038	5.0977	8
269.25	6.3505	-34.2898	5.091	8
269.3	6.0932	-32.0344	5.0928	8
269.35	5.8357	-30.8212	5.0881	8
269.4	5.5785	-31.3866	5.0934	8
269.45	5.32	-30.5374	5.0938	8
269.5	5.0611	-29.1373	5.0959	8
269.55	4.8038	-30.4524	5.0949	8
269.6	4.5443	-29.706	5.1021	8
269.65	4.2842	-28.7734	5.0944	8
269.7	4.0255	-29.8013	5.1008	8
269.75	3.7657	-29.3394	5.1013	8
269.8	3.5043	-27.6995	5.0856	8
269.85	3.2443	-28.043	5.0805	8
269.9	2.9831	-27.0383	5.0748	8
269.95	2.7215	-25.9396	5.0785	8
270	2.4607	-25.8982	5.0829	8
270.05	2.1992	-25.2462	5.103	8
270.1	1.9369	-23.7202	5.0997	8
270.15	1.675	-22.9335	5.0961	8
270.2	1.4132	-22.5584	5.1119	8
270.25	1.1506	-21.5693	5.1198	8
270.3	0.8881	-20.7383	5.1077	8
270.35	0.6261	-20.5344	5.1055	8
270.4	0.3641	-20.8038	5.097	8
270.45	0.1003	-19.3449	5.1057	8
270.5	-0.1631	-18.5336	5.0996	8
270.55	-0.4264	-17.8987	5.0945	8
270.6	-0.6896	-17.2908	5.1117	8
270.65	-0.9526	-16.7859	5.0972	8
270.7	-1.2142	-18.3489	5.0913	8
270.75	-1.4785	-17.0252	5.092	8
270.8	-1.7405	-17.3955	5.0989	8
270.85	-2.0028	-17.7572	5.1226	8
270.9	-2.2659	-17.9829	5.116	8
270.95	-2.5295	-17.5798	5.0984	8
271	-2.7918	-18.6175	5.1032	8
271.05	-3.0556	-18.0514	5.1105	8
271.1	-3.3195	-17.8546	5.1158	8
271.15	-3.5833	-17.9737	5.1177	8
271.2	-3.8469	-18.1484	5.1209	8
271.25	-4.1109	-17.3074	5.1082	8
271.3	-4.3739	-17.7845	5.0976	8
271.35	-4.6375	-17.0767	5.1023	8
271.4	-4.9008	-17.035	5.114	8
271.45	-5.1639	-17.8133	5.1216	8
