Indentation

 + User defined profile

+ User defined profile
   Acquisition rate :	20.0 [Hz]
   Linear load 20.00  µN ; 100.00 µN/min
   Pause in load 2 s
   Linear load 0.00  µN ; 100.00 µN/min
   Pause in load 120 s
   Linear depth 20.00  µm ; 500.00 µm/min
   Pause in depth 120 s
   Linear depth 0.00  µm ; 1000.00 µm/min
+ TTX - UNHT Bio S/N: 1000136751 settings
   Fn contact : 25 µN
   Approach distance : 20 µm
   Approach speed : 100 µm/min
   Retract speed : 200 µm/min
   Retract time : 5 sec
   Dz sensor in large range
   Load in fine range
   FnRef in fine range
   FnRef contactload :500.000 µN
   Stiffness threshold : 1 µN/µm

   X Position :10523.04 µm
   Y Position :37857.90 µm
   Z Position :8352.57 µm

Date :6/9/2026
Time :11:22:14 AM

Analysis n # 1

   Method :	Hertz

Cycle # 1

 + Parameters

  Load Fit [10%,98%]

 + Main results

   EHz=	40.37 	kPa

 + Hypothesis


 + Additional results

   ErHz=	44.36 kPa
   h offset=	2.75 µm
   R2=	0.95

Cycle # 2

 + Parameters

  Load Fit [10%,98%]

 + Main results

   EHz=	242.13 	kPa

 + Hypothesis


 + Additional results

   ErHz=	266.08 kPa
   h offset=	5.70 µm
   R2=	0.98

Analysis n # 2

   Method :	Oliver & Pharr

Cycle # 1

 + Parameters

  Unload Fit [40%,98%]

 + Main results

   HIT=	0.95078 	kPa
   EIT=	83.309 	kPa
   E*=	91.548 	kPa

 + Hypothesis

   !!! Indenter not calibrated !!!
   m out of O&P hypothesis
   Poisson's ratio(nu)=	0.30 

 + Additional results

   HVIT=	9.6919E-005 	 Vickers
   RIT 2.3E-005/10/2=	-13.63 	%
   nIT=	38.41 %
   Fmax=	22.78 	µN
   hmax=	8.72 	µm
   S=	15.9912 	µN/µm
   F/S²=	0.0891 	µm²/µN
   hc=	7.69 	µm
   hr=	7.30 	µm
   hp=	-22.35 	µm
   m=	21.8085 
   Epsilon=	0.73 
   R2=	0.993
   Ap=	23963.52 	µm²
   Welast=	16.94 pJ
   Wplast=	27.16 pJ
   Wtotal=	44.10 pJ
   Er=	91.548 	kPa

Cycle # 2

 + Parameters

  Unload Fit [40%,98%]

 + Main results

   HIT=	12.816 	kPa
   EIT=	4227.4 	kPa
   E*=	4645.5 	kPa

 + Hypothesis

   !!! Indenter not calibrated !!!
   m out of O&P hypothesis
   Poisson's ratio(nu)=	0.30 

 + Additional results

   HVIT=	0.0013064 	 Vickers
   RIT 0.00078/2/120=	-981.64 	%
   nIT=	3.06 %
   Fmax=	779.09 	µN
   hmax=	20.18 	µm
   S=	1292.4056 	µN/µm
   F/S²=	0.0005 	µm²/µN
   hc=	19.74 	µm
   hr=	19.57 	µm
   hp=	18.76 	µm
   m=	2.3566 
   Epsilon=	0.73 
   R2=	1.000
   Ap=	60789.04 	µm²
   Welast=	263.30 pJ
   Wplast=	8334.39 pJ
   Wtotal=	8597.69 pJ
   Er=	4645.5 	kPa

Measured values
Time (s)	Pd (µm)	Fn (µN)	FnRef (µN)	SegmentID

0	0	0	5.1589	0
0.05	0.1282	0.0806	5.1395	0
0.1	0.2556	-0.3946	5.1387	0
0.15	0.3806	0.1974	5.1525	0
0.2	0.5049	-0.1591	5.1406	0
0.25	0.6273	0.1163	5.1291	0
0.3	0.7484	-0.1216	5.1233	0
0.35	0.8673	0.8217	5.1204	0
0.4	0.9871	-0.2019	5.1294	0
0.45	1.1048	0.0393	5.1445	0
0.5	1.2206	0.4975	5.161	0
0.55	1.3358	0.6059	5.1479	0
0.6	1.4511	0.1984	5.1547	0
0.65	1.5647	0.4957	5.1508	0
0.7	1.6766	0.9245	5.1528	0
0.75	1.7885	0.265	5.1543	0
0.8	1.8986	0.8397	5.1484	0
0.85	2.0083	0.7887	5.1695	0
0.9	2.1174	0.6899	5.1889	0
0.95	2.2255	0.7922	5.1829	0
1	2.3324	1.2565	5.175	0
1.05	2.4388	0.9532	5.1492	0
1.1	2.544	0.8831	5.1307	0
1.15	2.6483	1.6773	5.1311	0
1.2	2.7533	1.0854	5.1322	0
1.25	2.8569	1.1274	5.1488	0
1.3	2.9591	2.2177	5.1545	0
1.35	3.0619	1.2388	5.1431	0
1.4	3.1634	1.3626	5.1418	0
1.45	3.2635	2.5971	5.1411	0
1.5	3.3644	1.9052	5.145	0
1.55	3.4641	1.7572	5.1467	0
1.6	3.5621	3.036	5.1408	0
1.65	3.6614	2.2626	5.1554	0
1.7	3.7599	2.1359	5.1641	0
1.75	3.8568	3.5021	5.166	1
1.8	3.9548	2.6924	5.1542	1
1.85	4.0516	2.718	5.1314	1
1.9	4.1478	3.3452	5.1324	1
1.95	4.2406	3.7958	5.1428	1
2	4.3123	2.8619	5.1518	1
2.05	4.3514	3.5693	5.1526	1
2.1	4.3801	3.5843	5.1357	1
2.15	4.4076	2.9373	5.1332	1
2.2	4.4331	3.6453	5.1349	1
2.25	4.4567	3.5769	5.1285	1
2.3	4.4799	3.1577	5.1373	1
2.35	4.5029	3.6509	5.1458	1
2.4	4.5239	3.5807	5.1512	1
2.45	4.546	3.2998	5.1394	1
2.5	4.5673	3.5149	5.1508	1
2.55	4.5868	4.0663	5.163	1
2.6	4.6074	3.2147	5.1614	1
2.65	4.6286	3.3039	5.1522	1
2.7	4.6478	4.3416	5.1585	1
2.75	4.6678	3.1649	5.1755	1
2.8	4.6881	4.1505	5.2007	1
2.85	4.7081	3.6219	5.1786	1
2.9	4.7282	3.6922	5.1608	1
2.95	4.7487	3.7047	5.1694	1
3	4.7677	4.0735	5.1664	1
3.05	4.7875	3.8592	5.1617	1
3.1	4.8081	3.5085	5.1587	1
3.15	4.8283	3.9098	5.1595	1
3.2	4.848	4.3319	5.1546	1
3.25	4.8679	3.4824	5.1465	1
3.3	4.8884	4.0867	5.1529	1
3.35	4.9082	4.0577	5.1554	1
3.4	4.9291	3.4544	5.1483	1
3.45	4.9493	4.6856	5.1523	1
3.5	4.969	3.7078	5.1498	1
3.55	4.9902	3.6292	5.1459	1
3.6	5.0104	4.7242	5.1555	1
3.65	5.0308	3.5698	5.1416	1
3.7	5.0527	4.0662	5.1406	1
3.75	5.0737	4.1531	5.1609	1
3.8	5.0938	4.4146	5.1625	1
3.85	5.1149	4.0024	5.1483	1
3.9	5.1364	4.0801	5.1582	1
3.95	5.1577	4.6045	5.1721	1
4	5.1779	4.6223	5.1626	1
4.05	5.1996	4.0726	5.1652	1
4.1	5.2208	5.0204	5.1677	1
4.15	5.2421	4.1284	5.1569	1
4.2	5.2643	4.4462	5.168	1
4.25	5.2849	4.9032	5.1553	1
4.3	5.3066	4.5567	5.1412	1
4.35	5.3287	4.5499	5.1504	1
4.4	5.3501	5.0486	5.1671	1
4.45	5.3727	4.0764	5.1706	1
4.5	5.3949	5.1268	5.1698	1
4.55	5.4164	5.1427	5.1708	1
4.6	5.4384	4.7013	5.1613	1
4.65	5.4606	5.1111	5.1576	1
4.7	5.4823	5.268	5.152	1
4.75	5.5046	5.0746	5.1369	1
4.8	5.528	5.0273	5.1432	1
4.85	5.5499	5.4236	5.1422	1
4.9	5.5713	5.7983	5.131	1
4.95	5.5938	4.7708	5.1251	1
5	5.617	5.5575	5.1312	1
5.05	5.6386	6.2053	5.135	1
5.1	5.6615	4.7451	5.1296	1
5.15	5.6854	5.6402	5.1336	1
5.2	5.707	6.1952	5.1415	1
5.25	5.73	5.2777	5.1542	1
5.3	5.7535	5.821	5.1529	1
5.35	5.7764	5.7091	5.152	1
5.4	5.7992	6.3754	5.145	1
5.45	5.8222	5.8108	5.1582	1
5.5	5.846	5.9333	5.1527	1
5.55	5.869	6.3236	5.1454	1
5.6	5.8916	6.2809	5.1375	1
5.65	5.9156	5.9835	5.1315	1
5.7	5.9381	6.9079	5.1408	1
5.75	5.9604	6.6997	5.1462	1
5.8	5.9843	5.995	5.1504	1
5.85	6.0075	7.0043	5.1622	1
5.9	6.0299	7.3172	5.1638	1
5.95	6.0529	6.5376	5.1557	1
6	6.0759	7.3176	5.1565	1
6.05	6.0993	6.6053	5.1445	1
6.1	6.122	7.6408	5.1579	1
6.15	6.1447	7.2735	5.1359	1
6.2	6.1677	7.0627	5.1229	1
6.25	6.1903	7.943	5.1415	1
6.3	6.2128	7.5431	5.1461	1
6.35	6.2352	7.6068	5.1575	1
6.4	6.2586	7.6113	5.1551	1
6.45	6.282	7.6355	5.1422	1
6.5	6.3049	8.0991	5.1427	1
6.55	6.3274	8.0706	5.1452	1
6.6	6.3506	7.6638	5.1454	1
6.65	6.3732	8.5343	5.1483	1
6.7	6.3955	8.4039	5.1392	1
6.75	6.4184	7.9207	5.1137	1
6.8	6.4417	8.538	5.1121	1
6.85	6.4641	8.4672	5.1189	1
6.9	6.4877	8.4399	5.1319	1
6.95	6.5109	8.6416	5.1272	1
7	6.5339	8.905	5.1203	1
7.05	6.556	8.9593	5.1169	1
7.1	6.5793	8.8616	5.1201	1
7.15	6.6023	8.701	5.1206	1
7.2	6.6247	9.7711	5.1109	1
7.25	6.6479	8.5198	5.1197	1
7.3	6.6708	9.6171	5.1364	1
7.35	6.6934	9.1204	5.1451	1
7.4	6.7165	9.4647	5.1233	1
7.45	6.7387	9.6457	5.103	1
7.5	6.7615	9.7747	5.1158	1
7.55	6.7834	10.0704	5.1226	1
7.6	6.8071	9.3373	5.1303	1
7.65	6.8294	10.1919	5.1339	1
7.7	6.8517	10.1817	5.1065	1
7.75	6.8741	10.2576	5.1126	1
7.8	6.8969	10.1975	5.1168	1
7.85	6.919	10.3648	5.1146	1
7.9	6.9409	11.0247	5.1153	1
7.95	6.9621	10.7662	5.1175	1
8	6.9843	10.7715	5.119	1
8.05	7.0065	10.6466	5.1056	1
8.1	7.0286	11.1963	5.1116	1
8.15	7.0493	11.4089	5.1286	1
8.2	7.0714	11.0467	5.1366	1
8.25	7.0926	11.848	5.132	1
8.3	7.1143	11.1748	5.1196	1
8.35	7.136	11.6586	5.1149	1
8.4	7.1569	12.0687	5.129	1
8.45	7.1773	11.9648	5.1274	1
8.5	7.1985	11.7921	5.1142	1
8.55	7.2194	12.2055	5.1211	1
8.6	7.2398	12.4788	5.1146	1
8.65	7.2609	12.2124	5.1121	1
8.7	7.2816	12.7837	5.112	1
8.75	7.3022	12.4457	5.1164	1
8.8	7.3222	13.164	5.137	1
8.85	7.3428	12.3706	5.1311	1
8.9	7.3634	13.2967	5.123	1
8.95	7.3824	13.388	5.1188	1
9	7.4026	12.958	5.1112	1
9.05	7.4228	13.6078	5.1278	1
9.1	7.4419	13.7687	5.1342	1
9.15	7.4615	13.4159	5.1267	1
9.2	7.4805	14.318	5.1291	1
9.25	7.4987	13.9705	5.1426	1
9.3	7.5183	13.9563	5.1197	1
9.35	7.5377	14.1933	5.1181	1
9.4	7.5557	14.7963	5.1256	1
9.45	7.5742	14.2645	5.1269	1
9.5	7.5941	14.2106	5.1341	1
9.55	7.6118	15.2722	5.1187	1
9.6	7.6295	14.8161	5.0992	1
9.65	7.6488	14.439	5.1137	1
9.7	7.6666	15.8597	5.1282	1
9.75	7.6829	15.2342	5.1158	1
9.8	7.7014	15.0049	5.1088	1
9.85	7.7192	15.8827	5.1123	1
9.9	7.7366	15.6688	5.1197	1
9.95	7.7541	15.7216	5.1146	1
10	7.7714	16.0657	5.1118	1
10.05	7.7884	15.9023	5.1002	1
10.1	7.8047	16.5913	5.099	1
10.15	7.8211	16.276	5.1102	1
10.2	7.8385	16.0161	5.1303	1
10.25	7.8552	16.8895	5.1318	1
10.3	7.871	16.8681	5.116	1
10.35	7.8879	16.3882	5.1101	1
10.4	7.9053	16.4838	5.1039	1
10.45	7.9211	17.674	5.0919	1
10.5	7.9372	16.8505	5.1011	1
10.55	7.9537	17.3141	5.1145	1
10.6	7.9695	17.4072	5.1251	1
10.65	7.9857	17.4581	5.1248	1
10.7	8.0015	17.5869	5.1139	1
10.75	8.0173	17.983	5.1108	1
10.8	8.0325	17.5578	5.1303	1
10.85	8.0488	17.9659	5.134	1
10.9	8.0631	18.4245	5.1264	1
10.95	8.079	17.8582	5.1302	1
11	8.0943	18.5077	5.1232	1
11.05	8.1089	18.6502	5.1064	1
11.1	8.1239	18.3706	5.1222	1
11.15	8.1392	18.5581	5.1082	1
11.2	8.1537	18.8629	5.0957	1
11.25	8.1682	18.9344	5.1135	1
11.3	8.1827	19.1367	5.1262	1
11.35	8.197	19.1141	5.127	1
11.4	8.2112	19.4334	5.1214	1
11.45	8.2262	19.1332	5.1363	2
11.5	8.2395	20.0512	5.1384	2
11.55	8.2533	19.5222	5.1381	2
11.6	8.2676	19.8166	5.1516	2
11.65	8.2811	19.9721	5.1391	2
11.7	8.2948	20.0226	5.1212	2
11.75	8.3077	20.2661	5.122	2
11.8	8.3196	20.9011	5.1314	2
11.85	8.3327	19.789	5.1426	2
11.9	8.3454	20.8636	5.128	2
11.95	8.3566	20.8045	5.1222	2
12	8.3686	20.5374	5.1327	2
12.05	8.3805	20.9625	5.1263	2
12.1	8.3909	21.3875	5.1133	2
12.15	8.4022	20.4821	5.1203	2
12.2	8.4129	21.7545	5.1264	2
12.25	8.4223	21.1658	5.115	2
12.3	8.4332	21.4455	5.1065	2
12.35	8.4433	21.2186	5.1281	2
12.4	8.4526	21.9299	5.1268	2
12.45	8.4616	21.6411	5.106	2
12.5	8.4708	21.6077	5.1324	2
12.55	8.48	21.9303	5.1463	2
12.6	8.4884	21.8931	5.1342	2
12.65	8.4969	22.0002	5.1285	2
12.7	8.5055	22.0921	5.1256	2
12.75	8.5132	22.1201	5.1266	2
12.8	8.5219	21.8999	5.112	2
12.85	8.5299	22.2446	5.1258	2
12.9	8.5369	22.5851	5.1268	2
12.95	8.545	21.9236	5.1273	2
13	8.5521	22.3209	5.1373	2
13.05	8.5592	22.7888	5.1377	2
13.1	8.5661	22.0634	5.1279	2
13.15	8.5736	22.5033	5.1173	2
13.2	8.5797	22.7606	5.1333	2
13.25	8.5861	22.4186	5.1442	2
13.3	8.5931	22.5511	5.1429	2
13.35	8.5996	22.7318	5.1559	2
13.4	8.6051	22.9748	5.175	2
13.45	8.6117	22.4882	5.1659	3
13.5	8.6181	22.784	5.156	3
13.55	8.6236	22.8145	5.1304	3
13.6	8.6291	23.0796	5.134	3
13.65	8.6342	22.903	5.1358	3
13.7	8.6398	23.0863	5.1407	3
13.75	8.6455	22.7074	5.1546	3
13.8	8.6503	23.2032	5.1498	3
13.85	8.6545	23.0862	5.1472	3
13.9	8.6588	23.0748	5.1545	3
13.95	8.6629	22.8999	5.1485	3
14	8.6667	23.3814	5.142	3
14.05	8.6695	23.2289	5.1526	3
14.1	8.6738	22.6171	5.1503	3
14.15	8.677	23.356	5.1346	3
14.2	8.6789	23.3352	5.1408	3
14.25	8.6823	22.7262	5.1647	3
14.3	8.6848	23.3172	5.1729	3
14.35	8.687	22.8302	5.1779	3
14.4	8.6897	23.0224	5.169	3
14.45	8.6908	23.5836	5.1672	3
14.5	8.6923	22.8161	5.1857	3
14.55	8.6947	22.6979	5.1769	3
14.6	8.6963	23.2393	5.1588	3
14.65	8.6965	23.1028	5.1702	3
14.7	8.6978	22.8709	5.1648	3
14.75	8.699	22.6669	5.1511	3
14.8	8.699	23.455	5.1649	3
14.85	8.6997	22.43	5.1695	3
14.9	8.7005	22.8901	5.167	3
14.95	8.6996	23.5387	5.1697	3
15	8.6994	22.2912	5.1662	3
15.05	8.7008	22.3636	5.1769	3
15.1	8.6999	23.3504	5.171	3
15.15	8.6981	22.8782	5.164	3
15.2	8.6984	22.3537	5.1589	3
15.25	8.6983	22.4999	5.1616	3
15.3	8.6968	23.1806	5.1614	3
15.35	8.6955	22.3419	5.149	3
15.4	8.6949	22.3761	5.1357	3
15.45	8.6934	22.8877	5.141	3
15.5	8.6919	22.2877	5.1378	3
15.55	8.6908	22.3566	5.1474	3
15.6	8.6893	22.3157	5.1492	3
15.65	8.6872	22.6485	5.1684	3
15.7	8.6855	22.2306	5.1703	3
15.75	8.6834	22.2435	5.1548	3
15.8	8.6811	22.4311	5.1601	3
15.85	8.6788	21.9081	5.1785	3
15.9	8.6767	22.3306	5.1784	3
15.95	8.6738	22.1833	5.1698	3
16	8.6712	22.0716	5.1678	3
16.05	8.6691	21.6916	5.1642	3
16.1	8.6664	22.252	5.1751	3
16.15	8.6631	21.9246	5.1635	3
16.2	8.6601	21.6556	5.1564	3
16.25	8.6575	21.6074	5.1526	3
16.3	8.6544	22.0048	5.1611	3
16.35	8.6512	21.3846	5.1607	3
16.4	8.6486	21.6187	5.1496	3
16.45	8.6446	21.6642	5.1371	3
16.5	8.6415	21.4772	5.1273	3
16.55	8.6386	21.233	5.1401	3
16.6	8.6352	21.6267	5.1701	3
16.65	8.6313	21.196	5.1701	3
16.7	8.6285	20.9725	5.1723	3
16.75	8.6245	21.4408	5.1805	3
16.8	8.6203	21.1705	5.1782	3
16.85	8.617	20.7625	5.1623	3
16.9	8.6137	20.9628	5.1522	3
16.95	8.6087	21.4709	5.1481	3
17	8.605	20.293	5.1484	3
17.05	8.6015	21.0861	5.153	3
17.1	8.5962	21.1964	5.1587	3
17.15	8.5918	20.3392	5.1526	3
17.2	8.5885	20.4175	5.1484	3
17.25	8.5838	20.8187	5.1574	3
17.3	8.5794	20.5564	5.167	3
17.35	8.5758	20.243	5.1821	3
17.4	8.5712	20.5894	5.1797	3
17.45	8.5661	20.4211	5.1603	3
17.5	8.5616	20.0627	5.1514	3
17.55	8.5571	20.2372	5.1553	3
17.6	8.5524	20.2043	5.1536	3
17.65	8.5476	19.985	5.1519	3
17.7	8.5435	19.8371	5.1776	3
17.75	8.5384	20.0483	5.1889	3
17.8	8.5336	19.6685	5.1821	3
17.85	8.5293	19.4621	5.1785	3
17.9	8.5235	20.2565	5.1744	3
17.95	8.5188	19.1424	5.1716	3
18	8.5144	19.6543	5.1574	3
18.05	8.5089	19.4873	5.1504	3
18.1	8.5039	19.5508	5.1658	3
18.15	8.4995	18.9708	5.1665	3
18.2	8.4952	19.1631	5.1775	3
18.25	8.4891	19.5062	5.1778	3
18.3	8.4842	18.6971	5.1738	3
18.35	8.4796	18.9834	5.1804	3
18.4	8.4737	19.5541	5.1816	3
18.45	8.4687	18.5484	5.1663	3
18.5	8.4643	18.4594	5.1591	3
18.55	8.4582	19.3153	5.1525	3
18.6	8.4529	18.2941	5.1641	3
18.65	8.4482	18.5783	5.1653	3
18.7	8.4427	18.6432	5.1556	3
18.75	8.4366	18.7274	5.1507	3
18.8	8.4316	18.0944	5.1473	3
18.85	8.4259	18.6505	5.1556	3
18.9	8.4201	18.1568	5.1616	3
18.95	8.4149	17.9603	5.1566	3
19	8.4096	18.0983	5.1494	3
19.05	8.4036	18.3243	5.1569	3
19.1	8.3978	17.767	5.1684	3
19.15	8.3925	17.9038	5.165	3
19.2	8.3866	17.8616	5.149	3
19.25	8.3799	18.3333	5.1565	3
19.3	8.3748	16.915	5.1749	3
19.35	8.3696	18.0255	5.1798	3
19.4	8.3622	17.896	5.1771	3
19.45	8.3566	17.0032	5.1694	3
19.5	8.3511	17.4203	5.1583	3
19.55	8.3447	17.7166	5.1481	3
19.6	8.3384	17.1141	5.1346	3
19.65	8.3334	16.7301	5.1258	3
19.7	8.3274	17.5752	5.1436	3
19.75	8.3202	17.2297	5.1399	3
19.8	8.3144	16.7004	5.1375	3
19.85	8.3091	16.5103	5.133	3
19.9	8.302	17.7062	5.1151	3
19.95	8.2956	16.1328	5.1173	3
20	8.2906	16.5429	5.14	3
20.05	8.2828	17.401	5.1508	3
20.1	8.2767	16.0832	5.165	3
20.15	8.2704	16.7213	5.1765	3
20.2	8.264	16.5567	5.1555	3
20.25	8.2571	16.2894	5.1555	3
20.3	8.2516	15.9802	5.1714	3
20.35	8.2449	16.7602	5.1849	3
20.4	8.2375	16.1418	5.184	3
20.45	8.2317	15.7483	5.1597	3
20.5	8.2245	16.3315	5.1569	3
20.55	8.2168	16.2863	5.1667	3
20.6	8.211	15.217	5.1654	3
20.65	8.2047	16.2646	5.1594	3
20.7	8.1967	15.9292	5.1555	3
20.75	8.1901	15.3785	5.1581	3
20.8	8.1842	15.2648	5.1499	3
20.85	8.1764	16.1924	5.1555	3
20.9	8.1692	15.1924	5.1658	3
20.95	8.1639	14.8786	5.1658	3
21	8.156	16.1598	5.1555	3
21.05	8.1481	15.2356	5.165	3
21.1	8.1421	14.3335	5.1763	3
21.15	8.1358	15.5674	5.1839	3
21.2	8.1268	15.5221	5.1833	3
21.25	8.1202	14.5126	5.1717	3
21.3	8.1137	14.6487	5.1666	3
21.35	8.1059	15.3172	5.1582	3
21.4	8.0987	14.5488	5.1703	3
21.45	8.0923	14.6356	5.1896	3
21.5	8.0841	15.0698	5.1898	3
21.55	8.0767	14.2309	5.1647	3
21.6	8.07	14.2088	5.1571	3
21.65	8.0622	14.9034	5.1782	3
21.7	8.0539	14.3088	5.1802	3
21.75	8.0475	13.7804	5.1524	3
21.8	8.0395	14.7491	5.1425	3
21.85	8.0316	14.3086	5.1522	3
21.9	8.0242	13.7298	5.1601	3
21.95	8.0163	14.3662	5.1614	3
22	8.0077	14.1233	5.155	3
22.05	8.0006	13.5746	5.1617	3
22.1	7.9935	13.6261	5.1783	3
22.15	7.985	13.9472	5.1863	3
22.2	7.9771	13.6809	5.1907	3
22.25	7.9692	13.6072	5.1778	3
22.3	7.9607	13.9982	5.1691	3
22.35	7.953	13.172	5.1801	3
22.4	7.9447	13.5371	5.179	3
22.45	7.9369	13.233	5.1616	3
22.5	7.9284	13.2617	5.1434	3
22.55	7.9208	13.2179	5.1476	3
22.6	7.9128	12.8007	5.156	3
22.65	7.9045	13.3966	5.1656	3
22.7	7.897	12.4119	5.1641	3
22.75	7.889	12.9617	5.1363	3
22.8	7.8811	12.8302	5.1398	3
22.85	7.8733	12.239	5.144	3
22.9	7.8658	12.8252	5.1424	3
22.95	7.858	11.9692	5.1479	3
23	7.85	12.5843	5.1377	3
23.05	7.842	12.1922	5.1423	3
23.1	7.8337	12.352	5.1571	3
23.15	7.8263	11.7419	5.1451	3
23.2	7.8183	12.2923	5.1383	3
23.25	7.8099	11.9222	5.1336	3
23.3	7.8024	11.7601	5.1312	3
23.35	7.7944	11.7078	5.1297	3
23.4	7.7865	11.7269	5.1285	3
23.45	7.7787	11.4677	5.1356	3
23.5	7.7712	11.4365	5.1362	3
23.55	7.7641	11.0818	5.1523	3
23.6	7.7557	11.9303	5.1534	3
23.65	7.7478	10.8944	5.1237	3
23.7	7.7407	10.945	5.1372	3
23.75	7.7326	10.9454	5.1435	3
23.8	7.7239	11.3986	5.1358	3
23.85	7.7158	10.7466	5.1521	3
23.9	7.7082	10.7362	5.1411	3
23.95	7.7002	10.8134	5.1231	3
24	7.6915	10.8141	5.1307	3
24.05	7.6838	10.5017	5.1379	3
24.1	7.6758	10.7854	5.1353	3
24.15	7.6678	10.2344	5.1517	3
24.2	7.66	10.6309	5.1536	3
24.25	7.6513	10.4585	5.1445	3
24.3	7.6433	10.1606	5.1571	3
24.35	7.6348	10.5347	5.1575	3
24.4	7.6257	10.3288	5.1238	3
24.45	7.6177	10.0631	5.13	3
24.5	7.6091	10.233	5.1468	3
24.55	7.6005	9.9223	5.1558	3
24.6	7.5919	10.1333	5.1691	3
24.65	7.5829	9.8114	5.1459	3
24.7	7.5741	10.0971	5.1365	3
24.75	7.5658	9.4969	5.1438	3
24.8	7.5562	10.2301	5.1442	3
24.85	7.5472	9.4691	5.151	3
24.9	7.5378	9.8747	5.1562	3
24.95	7.5288	9.6663	5.1628	3
25	7.5194	9.5705	5.1782	3
25.05	7.5104	9.3872	5.164	3
25.1	7.5004	9.8693	5.1403	3
25.15	7.4905	9.3967	5.1294	3
25.2	7.4816	9.1187	5.1375	3
25.25	7.4721	9.4309	5.1545	3
25.3	7.4625	9.3569	5.1405	3
25.35	7.4525	9.3759	5.1303	3
25.4	7.4437	8.6205	5.1407	3
25.45	7.4333	9.7145	5.1512	4
25.5	7.423	8.811	5.1648	4
25.55	7.413	9.1489	5.1651	4
25.6	7.4029	9.0007	5.1722	4
25.65	7.3926	9.0476	5.1689	4
25.7	7.3827	8.7464	5.1689	4
25.75	7.3729	8.88	5.1741	4
25.8	7.3627	8.6048	5.1562	4
25.85	7.3527	8.9607	5.1738	4
25.9	7.3432	8.4169	5.1921	4
25.95	7.3334	8.9739	5.1632	4
26	7.3235	8.4195	5.1667	4
26.05	7.3146	8.428	5.1651	4
26.1	7.3049	8.6058	5.16	4
26.15	7.2959	8.2466	5.1784	4
26.2	7.2865	8.7033	5.1876	4
26.25	7.277	8.3113	5.199	4
26.3	7.2684	8.0994	5.198	4
26.35	7.2595	8.3409	5.1724	4
26.4	7.2499	8.3501	5.1644	4
26.45	7.2403	8.8066	5.1597	4
26.5	7.231	8.0854	5.1636	4
26.55	7.224	7.2343	5.1711	4
26.6	7.215	8.8661	5.1612	4
26.65	7.2065	7.4842	5.161	4
26.7	7.1986	8.3771	5.1532	4
26.75	7.1889	8.4178	5.1578	4
26.8	7.1813	7.3039	5.1619	4
26.85	7.1735	8.1755	5.1591	4
26.9	7.165	8.0858	5.1778	4
26.95	7.1565	8.0349	5.1677	4
27	7.1496	7.2026	5.1687	4
27.05	7.1416	8.0031	5.1706	4
27.1	7.1329	8.0113	5.1577	4
27.15	7.1261	6.94	5.1603	4
27.2	7.1185	8.1298	5.1654	4
27.25	7.1102	7.7956	5.1753	4
27.3	7.103	7.249	5.1701	4
27.35	7.0953	7.9747	5.1692	4
27.4	7.0883	7.1473	5.1711	4
27.45	7.0817	7.313	5.1612	4
27.5	7.0742	7.8685	5.1539	4
27.55	7.0662	7.4499	5.1695	4
27.6	7.0602	6.937	5.1712	4
27.65	7.0537	7.5676	5.165	4
27.7	7.0451	7.901	5.1723	4
27.75	7.0384	6.796	5.1765	4
27.8	7.0324	7.3105	5.1765	4
27.85	7.025	7.646	5.1676	4
27.9	7.019	6.8497	5.1706	4
27.95	7.0125	7.3907	5.1875	4
28	7.0049	7.3512	5.1866	4
28.05	6.998	7.0668	5.1868	4
28.1	6.9919	6.8174	5.1784	4
28.15	6.986	7.2776	5.1825	4
28.2	6.9787	7.3807	5.1997	4
28.25	6.9726	6.6687	5.1963	4
28.3	6.9668	6.971	5.188	4
28.35	6.9603	7.2957	5.1842	4
28.4	6.9545	6.5297	5.1988	4
28.45	6.9491	6.9978	5.2109	4
28.5	6.9426	7.0158	5.1999	4
28.55	6.9373	6.5149	5.2004	4
28.6	6.9314	7.0155	5.2033	4
28.65	6.9252	6.955	5.1788	4
28.7	6.92	6.2868	5.1941	4
28.75	6.914	7.2147	5.2121	4
28.8	6.9077	6.8615	5.202	4
28.85	6.903	6.107	5.2005	4
28.9	6.898	6.8271	5.2028	4
28.95	6.8922	6.7819	5.187	4
29	6.8866	6.6713	5.1778	4
29.05	6.8824	6.0318	5.1995	4
29.1	6.8769	6.8613	5.2094	4
29.15	6.871	6.7252	5.2165	4
29.2	6.8666	6.1399	5.2246	4
29.25	6.8617	6.7436	5.2189	4
29.3	6.8562	6.5963	5.218	4
29.35	6.8509	6.3903	5.2285	4
29.4	6.8458	6.6442	5.2255	4
29.45	6.8409	6.1768	5.2357	4
29.5	6.8357	6.928	5.2119	4
29.55	6.8304	6.3638	5.1954	4
29.6	6.8263	5.9638	5.2108	4
29.65	6.8209	6.9195	5.2107	4
29.7	6.8153	6.2707	5.2203	4
29.75	6.8115	6.0485	5.2277	4
29.8	6.8063	6.847	5.2096	4
29.85	6.8008	6.3286	5.2132	4
29.9	6.7967	6.1013	5.1952	4
29.95	6.7921	6.6383	5.1934	4
30	6.7871	6.5413	5.1997	4
30.05	6.7827	5.9376	5.1958	4
30.1	6.7779	6.6138	5.1993	4
30.15	6.7728	6.167	5.2111	4
30.2	6.7679	6.4656	5.2208	4
30.25	6.7634	6.1176	5.2027	4
30.3	6.7588	6.2557	5.1956	4
30.35	6.7538	6.6556	5.2042	4
30.4	6.7487	5.9815	5.2124	4
30.45	6.7454	5.9073	5.221	4
30.5	6.74	6.9535	5.2345	4
30.55	6.7355	5.8126	5.2304	4
30.6	6.7318	5.914	5.2298	4
30.65	6.7272	6.4379	5.2313	4
30.7	6.7223	6.2504	5.2373	4
30.75	6.7191	5.413	5.2364	4
30.8	6.7151	6.6996	5.2224	4
30.85	6.7097	6.2464	5.2182	4
30.9	6.7063	5.7718	5.2174	4
30.95	6.7022	6.1644	5.2164	4
31	6.6973	6.3147	5.2201	4
31.05	6.6934	5.8398	5.2258	4
31.1	6.6896	6.059	5.2534	4
31.15	6.6854	6.0704	5.238	4
31.2	6.681	6.3259	5.2234	4
31.25	6.6773	5.525	5.227	4
31.3	6.6741	6.0526	5.2047	4
31.35	6.6694	6.3211	5.2055	4
31.4	6.6648	6.1393	5.2029	4
31.45	6.6613	5.8235	5.2042	4
31.5	6.6574	6.0828	5.2211	4
31.55	6.6528	6.0832	5.2209	4
31.6	6.6495	5.5186	5.2235	4
31.65	6.6456	6.2648	5.2263	4
31.7	6.6415	6.1743	5.2165	4
31.75	6.6377	5.5767	5.2065	4
31.8	6.635	5.8659	5.2024	4
31.85	6.6304	6.0983	5.2048	4
31.9	6.6267	5.8892	5.2014	4
31.95	6.624	5.3251	5.1965	4
32	6.6193	6.6817	5.2053	4
32.05	6.6157	5.2189	5.2059	4
32.1	6.6131	5.3703	5.1944	4
32.15	6.609	6.407	5.1754	4
32.2	6.605	5.6889	5.1769	4
32.25	6.6017	5.681	5.1918	4
32.3	6.5985	5.9133	5.1888	4
32.35	6.595	5.4448	5.189	4
32.4	6.5917	6.0546	5.1806	4
32.45	6.5888	5.2289	5.1701	4
32.5	6.5854	5.8968	5.189	4
32.55	6.5818	5.5645	5.1916	4
32.6	6.5785	5.6808	5.1795	4
32.65	6.5755	5.7025	5.1792	4
32.7	6.5719	5.7379	5.178	4
32.75	6.5693	5.3801	5.1814	4
32.8	6.5664	5.6159	5.1797	4
32.85	6.5636	5.5872	5.1733	4
32.9	6.5604	5.5067	5.1741	4
32.95	6.5575	5.5022	5.183	4
33	6.5548	5.4614	5.1777	4
33.05	6.5518	5.7086	5.1778	4
33.1	6.5484	5.5178	5.169	4
33.15	6.5459	5.2363	5.179	4
33.2	6.5431	5.4853	5.1775	4
33.25	6.5401	5.3102	5.1825	4
33.3	6.5382	5.122	5.1883	4
33.35	6.5353	5.8401	5.2072	4
33.4	6.5318	5.5716	5.2016	4
33.45	6.5303	4.5684	5.175	4
33.5	6.5282	5.6559	5.1781	4
33.55	6.5245	5.7381	5.1968	4
33.6	6.5221	4.7893	5.1874	4
33.65	6.5207	5.3244	5.1828	4
33.7	6.5168	5.9262	5.1788	4
33.75	6.5145	4.6979	5.1887	4
33.8	6.5137	4.8697	5.2024	4
33.85	6.5097	6.103	5.2007	4
33.9	6.5071	4.9695	5.1876	4
33.95	6.5058	4.854	5.1776	4
34	6.5029	5.7252	5.1652	4
34.05	6.5007	4.5893	5.169	4
34.1	6.4997	5.1802	5.1716	4
34.15	6.4971	5.3249	5.1786	4
34.2	6.4951	5.0493	5.1746	4
34.25	6.4934	4.9929	5.1651	4
34.3	6.4915	5.2303	5.1731	4
34.35	6.4892	5.1785	5.1785	4
34.4	6.4874	4.9032	5.1788	4
34.45	6.4854	5.0219	5.1815	4
34.5	6.4833	5.3196	5.1697	4
34.55	6.4818	4.7464	5.1672	4
34.6	6.4799	5.2744	5.1833	4
34.65	6.478	4.8153	5.19	4
34.7	6.4763	5.0963	5.195	4
34.75	6.4743	5.0642	5.1901	4
34.8	6.4723	5.1291	5.1828	4
34.85	6.4701	5.178	5.1706	4
34.9	6.4687	4.7276	5.1868	4
34.95	6.4664	5.2264	5.1853	4
35	6.4646	4.9986	5.1642	4
35.05	6.463	4.8463	5.178	4
35.1	6.4612	5.2532	5.1874	4
35.15	6.4599	4.5955	5.1693	4
35.2	6.4586	5.0217	5.1751	4
35.25	6.4566	5.1572	5.1897	4
35.3	6.4556	4.4064	5.1853	4
35.35	6.4538	5.4749	5.1627	4
35.4	6.4523	4.3798	5.1633	4
35.45	6.4506	5.323	5.1913	4
35.5	6.4492	4.6713	5.1858	4
35.55	6.4477	5.0328	5.1842	4
35.6	6.4465	4.6731	5.1738	4
35.65	6.4448	5.0798	5.1846	4
35.7	6.4429	4.8504	5.192	4
35.75	6.4411	5.2997	5.1795	4
35.8	6.4402	4.1479	5.1964	4
35.85	6.4392	5.155	5.2043	4
35.9	6.4373	4.7143	5.1954	4
35.95	6.436	4.9749	5.1755	4
36	6.4348	4.7088	5.1744	4
36.05	6.4332	5.0796	5.1826	4
36.1	6.4318	4.6294	5.182	4
36.15	6.4306	4.8324	5.1627	4
36.2	6.4293	4.5751	5.154	4
36.25	6.4283	4.9388	5.1635	4
36.3	6.427	4.4894	5.173	4
36.35	6.4257	5.0121	5.1724	4
36.4	6.4241	4.7982	5.1676	4
36.45	6.4237	4.34	5.1744	4
36.5	6.4226	4.8404	5.175	4
36.55	6.4212	4.7734	5.1686	4
36.6	6.4198	4.9469	5.1704	4
36.65	6.419	4.389	5.166	4
36.7	6.4181	4.733	5.1739	4
36.75	6.4171	4.8062	5.1712	4
36.8	6.416	4.6499	5.1672	4
36.85	6.4152	4.556	5.18	4
36.9	6.414	4.7918	5.1926	4
36.95	6.4127	4.7891	5.2026	4
37	6.4118	4.5599	5.1688	4
37.05	6.411	4.7444	5.1599	4
37.1	6.4096	4.8639	5.181	4
37.15	6.4086	4.6727	5.1888	4
37.2	6.4076	4.7011	5.1921	4
37.25	6.4064	4.6985	5.1886	4
37.3	6.4057	4.4873	5.1917	4
37.35	6.4042	5.2169	5.1974	4
37.4	6.4026	4.6448	5.2084	4
37.45	6.4023	4.3372	5.1919	4
37.5	6.4009	5.2041	5.1768	4
37.55	6.3993	4.809	5.1784	4
37.6	6.399	4.3653	5.1825	4
37.65	6.3979	5.0198	5.1674	4
37.7	6.3963	4.6728	5.1564	4
37.75	6.3957	4.6107	5.1577	4
37.8	6.3952	4.4203	5.1741	4
37.85	6.3939	5.1823	5.1807	4
37.9	6.3919	4.6951	5.184	4
37.95	6.3917	4.3711	5.1855	4
38	6.3905	4.9906	5.1966	4
38.05	6.3886	4.8242	5.1906	4
38.1	6.3879	4.5095	5.1807	4
38.15	6.3873	4.5548	5.1822	4
38.2	6.3861	4.8769	5.1956	4
38.25	6.3842	5.0931	5.2168	4
38.3	6.3827	4.5434	5.2174	4
38.35	6.3827	4.4691	5.1959	4
38.4	6.3814	4.9525	5.1909	4
38.45	6.38	4.6915	5.1967	4
38.5	6.3792	4.5794	5.1925	4
38.55	6.3776	5.0709	5.1771	4
38.6	6.3766	4.3697	5.1578	4
38.65	6.3763	4.5574	5.166	4
38.7	6.375	4.8063	5.1921	4
38.75	6.3746	4.3008	5.1937	4
38.8	6.3737	4.8439	5.1834	4
38.85	6.3728	4.4376	5.185	4
38.9	6.3723	4.5334	5.1823	4
38.95	6.3718	4.5706	5.1844	4
39	6.3706	4.5663	5.1884	4
39.05	6.3705	4.3103	5.1825	4
39.1	6.3694	4.7717	5.1796	4
39.15	6.3688	4.5007	5.187	4
39.2	6.368	4.5785	5.1871	4
39.25	6.3669	4.6713	5.1918	4
39.3	6.3664	4.2639	5.1887	4
39.35	6.3663	4.434	5.193	4
39.4	6.3659	4.5958	5.1938	4
39.45	6.3647	4.6528	5.1833	4
39.5	6.3643	4.4384	5.189	4
39.55	6.3639	4.2548	5.1911	4
39.6	6.3628	4.9221	5.1946	4
39.65	6.362	4.3121	5.2135	4
39.7	6.3621	4.2822	5.1909	4
39.75	6.3609	5	5.1879	4
39.8	6.3601	4.0615	5.1986	4
39.85	6.3602	4.4696	5.2038	4
39.9	6.3598	4.409	5.2193	4
39.95	6.3586	4.8708	5.2076	4
40	6.358	4.3502	5.1943	4
40.05	6.3576	4.3709	5.2187	4
40.1	6.3575	4.2785	5.1986	4
40.15	6.3564	4.8801	5.1936	4
40.2	6.3563	4.0753	5.2079	4
40.25	6.3559	4.6762	5.2002	4
40.3	6.3548	4.3602	5.1988	4
40.35	6.3546	4.4862	5.2066	4
40.4	6.3542	4.3372	5.1819	4
40.45	6.3534	4.7838	5.1676	4
40.5	6.3532	4.0928	5.1784	4
40.55	6.3527	4.4285	5.1892	4
40.6	6.3521	4.4162	5.1805	4
40.65	6.3515	4.5911	5.1798	4
40.7	6.3514	3.9496	5.1846	4
40.75	6.3521	4.332	5.1887	4
40.8	6.3511	4.5663	5.1803	4
40.85	6.3509	4.2695	5.1736	4
40.9	6.3514	4.0813	5.1816	4
40.95	6.3513	4.3634	5.1776	4
41	6.3507	4.4871	5.1687	4
41.05	6.3506	4.0551	5.1801	4
41.1	6.3504	4.4899	5.1908	4
41.15	6.3502	4.2879	5.1844	4
41.2	6.3501	4.0784	5.1922	4
41.25	6.3505	4.18	5.2053	4
41.3	6.35	4.48	5.1981	4
41.35	6.35	4.3068	5.1899	4
41.4	6.3503	3.913	5.1825	4
41.45	6.3503	4.2182	5.1944	4
41.5	6.35	4.489	5.2088	4
41.55	6.3506	3.6906	5.202	4
41.6	6.3509	4.6186	5.1773	4
41.65	6.3505	4.007	5.1738	4
41.7	6.3511	3.8487	5.1828	4
41.75	6.3514	4.4071	5.1901	4
41.8	6.3506	4.0855	5.1882	4
41.85	6.3515	4.0176	5.1908	4
41.9	6.3519	3.9942	5.1765	4
41.95	6.3521	4.1216	5.1753	4
42	6.3527	3.9611	5.19	4
42.05	6.3528	4.1608	5.1696	4
42.1	6.3534	4.1258	5.1595	4
42.15	6.3538	3.7694	5.1523	4
42.2	6.3543	4.1791	5.1515	4
42.25	6.3543	4.2733	5.1582	4
42.3	6.3544	4.0902	5.1648	4
42.35	6.3556	3.7974	5.1741	4
42.4	6.3551	4.6044	5.1789	4
42.45	6.3553	3.8339	5.1745	4
42.5	6.3559	4.1621	5.1658	4
42.55	6.3555	4.392	5.1679	4
42.6	6.3553	4.0253	5.1717	4
42.65	6.3563	3.9725	5.1744	4
42.7	6.3562	4.4471	5.1711	4
42.75	6.3564	4.111	5.1796	4
42.8	6.3568	4.2479	5.182	4
42.85	6.357	4.0519	5.1763	4
42.9	6.3567	4.5054	5.1763	4
42.95	6.3563	4.2839	5.1728	4
43	6.3567	3.8292	5.1743	4
43.05	6.357	4.5365	5.1756	4
43.1	6.3565	4.1941	5.1759	4
43.15	6.3569	3.9733	5.175	4
43.2	6.3567	4.4687	5.1685	4
43.25	6.3563	4.3639	5.1572	4
43.3	6.3562	4.3539	5.1647	4
43.35	6.3558	4.4077	5.1639	4
43.4	6.3554	4.1922	5.1514	4
43.45	6.3556	4.2908	5.1615	4
43.5	6.3548	4.5187	5.1644	4
43.55	6.355	4.0361	5.1614	4
43.6	6.3547	4.6388	5.1867	4
43.65	6.3541	4.5485	5.1848	4
43.7	6.3539	4.2149	5.1657	4
43.75	6.3541	4.2966	5.1738	4
43.8	6.3529	4.6275	5.1633	4
43.85	6.3524	4.4043	5.1487	4
43.9	6.352	4.2366	5.1594	4
43.95	6.3517	4.6304	5.1567	4
44	6.351	4.6307	5.1621	4
44.05	6.3507	4.2878	5.1755	4
44.1	6.3505	4.6681	5.1763	4
44.15	6.3496	4.5203	5.1691	4
44.2	6.3491	4.3833	5.1617	4
44.25	6.3487	4.6175	5.1533	4
44.3	6.3475	4.6644	5.1559	4
44.35	6.3473	4.2322	5.174	4
44.4	6.3473	4.4292	5.1675	4
44.45	6.3458	5.0141	5.1657	4
44.5	6.3459	3.8447	5.1785	4
44.55	6.3453	4.8974	5.1755	4
44.6	6.3448	4.5454	5.1786	4
44.65	6.3439	4.2824	5.1902	4
44.7	6.3437	4.6447	5.1834	4
44.75	6.3431	4.1663	5.1867	4
44.8	6.3425	4.8753	5.1819	4
44.85	6.3419	4.308	5.1852	4
44.9	6.342	4.1996	5.1899	4
44.95	6.342	4.7423	5.1838	4
45	6.3405	4.5199	5.1945	4
45.05	6.3399	4.6893	5.1925	4
45.1	6.3393	4.1758	5.1781	4
45.15	6.3389	4.8542	5.1822	4
45.2	6.3375	4.6169	5.1618	4
45.25	6.337	4.6912	5.1502	4
45.3	6.3362	4.3643	5.1612	4
45.35	6.3349	5.1927	5.1677	4
45.4	6.3341	4.3001	5.1626	4
45.45	6.3341	4.5262	5.1545	4
45.5	6.3327	4.905	5.1475	4
45.55	6.3318	4.4498	5.1411	4
45.6	6.3315	4.5596	5.1485	4
45.65	6.3302	5.0918	5.1437	4
45.7	6.3285	4.6114	5.1448	4
45.75	6.3287	4.0765	5.1576	4
45.8	6.3278	4.8847	5.1545	4
45.85	6.3261	5.1649	5.1532	4
45.9	6.3257	3.9756	5.1712	4
45.95	6.3261	4.7264	5.1847	4
46	6.3241	5.0264	5.1819	4
46.05	6.3238	4.1341	5.1693	4
46.1	6.3236	4.645	5.1683	4
46.15	6.3213	5.2425	5.1775	4
46.2	6.3208	3.9633	5.1711	4
46.25	6.3206	4.7549	5.1567	4
46.3	6.3188	4.9544	5.1631	4
46.35	6.3181	4.4444	5.1667	4
46.4	6.3178	4.4999	5.1634	4
46.45	6.3171	4.8363	5.1586	4
46.5	6.3157	4.7094	5.1557	4
46.55	6.3153	4.3581	5.1625	4
46.6	6.3146	4.5893	5.1661	4
46.65	6.3128	5.5426	5.1696	4
46.7	6.3125	3.7199	5.168	4
46.75	6.3125	5.0318	5.15	4
46.8	6.3101	4.9415	5.1464	4
46.85	6.3093	4.4751	5.1511	4
46.9	6.3086	4.8213	5.1761	4
46.95	6.3074	4.7169	5.1724	4
47	6.3066	4.3744	5.1466	4
47.05	6.3074	4.1975	5.1582	4
47.1	6.3051	5.648	5.167	4
47.15	6.3023	5.0826	5.1747	4
47.2	6.3026	3.7281	5.1753	4
47.25	6.3019	5.2312	5.1674	4
47.3	6.2998	4.8696	5.1721	4
47.35	6.2993	4.3824	5.1668	4
47.4	6.2982	5.1475	5.1586	4
47.45	6.2965	4.7435	5.1654	4
47.5	6.2963	4.1877	5.1747	4
47.55	6.2963	4.6874	5.1807	4
47.6	6.2943	5.1722	5.1795	4
47.65	6.2932	4.4961	5.1744	4
47.7	6.2926	4.5599	5.1769	4
47.75	6.292	4.4256	5.17	4
47.8	6.2923	4.3203	5.1787	4
47.85	6.291	5.1221	5.192	4
47.9	6.2886	4.8665	5.1853	4
47.95	6.289	3.9153	5.1713	4
48	6.288	4.9375	5.1751	4
48.05	6.2876	4.4746	5.1883	4
48.1	6.2871	4.4795	5.1948	4
48.15	6.2863	4.8802	5.1935	4
48.2	6.2849	4.7335	5.1985	4
48.25	6.2841	4.4979	5.1776	4
48.3	6.2847	3.9732	5.1685	4
48.35	6.2835	5.0678	5.1649	4
48.4	6.2807	5.4044	5.1694	4
48.45	6.2811	3.5289	5.1707	4
48.5	6.2809	4.8403	5.175	4
48.55	6.2793	5.0657	5.1771	4
48.6	6.2789	3.9339	5.1709	4
48.65	6.2781	5.2138	5.1471	4
48.7	6.2766	4.6364	5.1508	4
48.75	6.2764	4.0872	5.1675	4
48.8	6.2768	4.5501	5.1707	4
48.85	6.2749	5.039	5.1788	4
48.9	6.2734	4.6797	5.1797	4
48.95	6.2741	3.7597	5.1862	4
49	6.2728	5.1546	5.1776	4
49.05	6.2718	4.5066	5.1677	4
49.1	6.2719	3.9696	5.1797	4
49.15	6.271	4.9991	5.1921	4
49.2	6.2696	4.7503	5.1905	4
49.25	6.2693	4.0965	5.1915	4
49.3	6.2695	4.3842	5.1888	4
49.35	6.2691	4.5805	5.1826	4
49.4	6.2677	4.7909	5.1794	4
49.45	6.2675	4.2616	5.1771	4
49.5	6.2669	4.5961	5.1791	4
49.55	6.2661	4.7404	5.1743	4
49.6	6.2657	4.1489	5.1829	4
49.65	6.2641	5.2474	5.1712	4
49.7	6.2634	4.1815	5.1599	4
49.75	6.2639	4.1695	5.1601	4
49.8	6.2623	5.4917	5.1659	4
49.85	6.2607	4.338	5.1764	4
49.9	6.2615	4.0113	5.1883	4
49.95	6.2605	5.2135	5.1868	4
50	6.2586	4.8352	5.1835	4
50.05	6.2582	4.2301	5.1826	4
50.1	6.2581	4.4622	5.1895	4
50.15	6.2573	4.6549	5.1918	4
50.2	6.2564	4.6567	5.1979	4
50.25	6.2564	4.1427	5.1894	4
50.3	6.2557	4.9579	5.1923	4
50.35	6.2547	4.5361	5.2007	4
50.4	6.2541	4.486	5.2132	4
50.45	6.2542	4.2842	5.2195	4
50.5	6.2535	4.6681	5.2003	4
50.55	6.2533	4.0348	5.1884	4
50.6	6.2525	4.9959	5.1983	4
50.65	6.2513	4.4594	5.204	4
50.7	6.2511	4.4123	5.2026	4
50.75	6.251	4.1324	5.1936	4
50.8	6.2501	4.9357	5.1819	4
50.85	6.2498	4.117	5.1895	4
50.9	6.2494	4.7131	5.2044	4
50.95	6.2484	4.7236	5.2068	4
51	6.2478	4.4935	5.208	4
51.05	6.2471	4.5363	5.196	4
51.1	6.247	4.4715	5.1797	4
51.15	6.2464	4.4815	5.1684	4
51.2	6.2457	4.8116	5.1692	4
51.25	6.2453	4.1991	5.1793	4
51.3	6.2442	4.9901	5.176	4
51.35	6.2423	4.8477	5.1709	4
51.4	6.2426	3.875	5.1725	4
51.45	6.2417	5.2239	5.181	4
51.5	6.24	4.7232	5.2008	4
51.55	6.2397	4.4179	5.2081	4
51.6	6.2394	4.3801	5.2057	4
51.65	6.2375	5.3904	5.2003	4
51.7	6.2363	4.5046	5.2065	4
51.75	6.2359	4.2765	5.2102	4
51.8	6.2354	4.881	5.2012	4
51.85	6.233	5.2199	5.193	4
51.9	6.2327	4.3329	5.1974	4
51.95	6.2314	4.7806	5.1899	4
52	6.2307	4.66	5.1783	4
52.05	6.2292	4.8573	5.1804	4
52.1	6.2285	4.3859	5.1859	4
52.15	6.2274	4.9608	5.1977	4
52.2	6.2257	4.9411	5.1978	4
52.25	6.2248	4.4562	5.1904	4
52.3	6.2238	5.1346	5.1913	4
52.35	6.222	4.7842	5.1893	4
52.4	6.2227	3.8414	5.1758	4
52.45	6.2207	5.7198	5.1751	4
52.5	6.2194	4.327	5.1882	4
52.55	6.2194	4.4013	5.1987	4
52.6	6.2184	5.0248	5.198	4
52.65	6.2167	4.8173	5.2047	4
52.7	6.2164	4.394	5.1875	4
52.75	6.2157	4.4063	5.1753	4
52.8	6.2152	4.6828	5.1789	4
52.85	6.2132	5.2889	5.1708	4
52.9	6.2127	4.0566	5.1653	4
52.95	6.212	5.0058	5.1655	4
53	6.2107	4.5176	5.173	4
53.05	6.2097	4.7517	5.1736	4
53.1	6.2092	4.4147	5.1728	4
53.15	6.208	5.019	5.1718	4
53.2	6.207	4.724	5.1798	4
53.25	6.206	4.4142	5.1913	4
53.3	6.2044	5.3398	5.1897	4
53.35	6.2032	4.3149	5.1778	4
53.4	6.2027	4.7071	5.1825	4
53.45	6.2014	4.9179	5.1924	4
53.5	6.1997	4.8245	5.1809	4
53.55	6.1994	4.496	5.1871	4
53.6	6.1985	4.6177	5.1892	4
53.65	6.1972	4.9449	5.1895	4
53.7	6.1965	4.512	5.1969	4
53.75	6.1958	4.3958	5.1895	4
53.8	6.1945	5.2688	5.1918	4
53.85	6.1925	4.6868	5.1953	4
53.9	6.1923	4.2845	5.1944	4
53.95	6.1921	4.7634	5.1914	4
54	6.1899	5.2699	5.1699	4
54.05	6.1892	4.3284	5.1793	4
54.1	6.1894	4.2831	5.1869	4
54.15	6.1872	5.6386	5.1714	4
54.2	6.1857	4.4445	5.1661	4
54.25	6.1855	4.5347	5.1613	4
54.3	6.1843	5.0548	5.1678	4
54.35	6.1829	4.6599	5.1696	4
54.4	6.1816	4.9142	5.1844	4
54.45	6.1799	4.9716	5.1892	4
54.5	6.1794	4.2923	5.1728	4
54.55	6.1784	4.8986	5.1779	4
54.6	6.1769	4.885	5.1912	4
54.65	6.1757	4.8288	5.1824	4
54.7	6.1748	4.704	5.16	4
54.75	6.1736	4.9584	5.1559	4
54.8	6.1713	5.0648	5.1685	4
54.85	6.1709	4.4395	5.1664	4
54.9	6.1691	5.1491	5.1739	4
54.95	6.1677	4.7819	5.1772	4
55	6.1671	4.4418	5.1595	4
55.05	6.1661	4.6573	5.1514	4
55.1	6.1653	4.7322	5.1484	4
55.15	6.1638	4.7702	5.1746	4
55.2	6.1631	4.7798	5.1794	4
55.25	6.1627	4.2463	5.1824	4
55.3	6.1611	5.5028	5.1759	4
55.35	6.1599	4.1129	5.1698	4
55.4	6.1604	4.1963	5.1673	4
55.45	6.159	5.377	5.154	4
55.5	6.1568	4.7649	5.1453	4
55.55	6.1562	4.4686	5.1481	4
55.6	6.1566	4.0656	5.1673	4
55.65	6.1547	5.4182	5.1761	4
55.7	6.1536	4.5319	5.1648	4
55.75	6.1531	4.3465	5.1587	4
55.8	6.1522	4.9533	5.1609	4
55.85	6.1504	5.0391	5.1592	4
55.9	6.1497	4.2178	5.1616	4
55.95	6.149	5.2969	5.175	4
56	6.1477	4.3156	5.1878	4
56.05	6.1474	4.5258	5.1798	4
56.1	6.1466	4.8482	5.1591	4
56.15	6.1449	4.7859	5.156	4
56.2	6.1448	4.3592	5.1763	4
56.25	6.1433	5.0154	5.1937	4
56.3	6.1419	4.748	5.185	4
56.35	6.1415	4.3368	5.1864	4
56.4	6.1405	4.8902	5.1897	4
56.45	6.1392	4.7926	5.1798	4
56.5	6.1386	4.4434	5.1817	4
56.55	6.1377	4.9609	5.1878	4
56.6	6.1359	4.9533	5.1742	4
56.65	6.1356	3.8668	5.1673	4
56.7	6.1359	4.518	5.1608	4
56.75	6.1336	5.2678	5.1721	4
56.8	6.1329	4.1	5.1649	4
56.85	6.1331	4.4611	5.1591	4
56.9	6.1327	4.2896	5.1838	4
56.95	6.1324	4.9047	5.1873	4
57	6.1312	4.4045	5.1961	4
57.05	6.131	4.5473	5.1807	4
57.1	6.1307	4.1844	5.1623	4
57.15	6.1299	4.8321	5.1553	4
57.2	6.1287	4.4973	5.1586	4
57.25	6.1289	4.165	5.1866	4
57.3	6.1286	4.363	5.1944	4
57.35	6.1272	5.3559	5.1845	4
57.4	6.1259	4.1887	5.1835	4
57.45	6.1268	3.9999	5.1728	4
57.5	6.1256	5.0702	5.1668	4
57.55	6.1246	4.3016	5.159	4
57.6	6.125	4.3773	5.1573	4
57.65	6.1236	5.1954	5.1612	4
57.7	6.1221	4.3757	5.1643	4
57.75	6.1228	3.8592	5.171	4
57.8	6.1218	5.333	5.1822	4
57.85	6.12	4.4474	5.1846	4
57.9	6.1207	3.9001	5.1684	4
57.95	6.1205	4.7074	5.1795	4
58	6.118	5.4839	5.182	4
58.05	6.1182	3.6533	5.1872	4
58.1	6.1186	4.3634	5.1994	4
58.15	6.117	5.1773	5.21	4
58.2	6.1165	3.9875	5.2044	4
58.25	6.1165	4.5598	5.1933	4
58.3	6.1151	5.1229	5.1972	4
58.35	6.1142	3.9816	5.2118	4
58.4	6.1148	4.5258	5.2032	4
58.45	6.113	4.8563	5.1788	4
58.5	6.1127	4.4684	5.1874	4
58.55	6.1128	4.1393	5.1821	4
58.6	6.1116	4.871	5.1794	4
58.65	6.111	4.2286	5.1869	4
58.7	6.1104	4.7392	5.193	4
58.75	6.1097	4.4202	5.1876	4
58.8	6.1098	4.3502	5.1927	4
58.85	6.1091	4.6014	5.196	4
58.9	6.1088	4.2781	5.2044	4
58.95	6.1081	4.7509	5.1933	4
59	6.1075	4.5135	5.1649	4
59.05	6.107	4.6648	5.171	4
59.1	6.1055	4.8132	5.177	4
59.15	6.1056	3.76	5.1702	4
59.2	6.1061	4.685	5.1729	4
59.25	6.1041	5.0006	5.1693	4
59.3	6.1038	4.179	5.1607	4
59.35	6.1029	4.7607	5.1588	4
59.4	6.1014	4.8413	5.1721	4
59.45	6.1016	4.1054	5.1752	4
59.5	6.1013	4.452	5.1648	4
59.55	6.1009	4.7739	5.1721	4
59.6	6.0997	4.3991	5.1824	4
59.65	6.0991	4.6452	5.2004	4
59.7	6.0988	4.237	5.2095	4
59.75	6.098	4.604	5.2036	4
59.8	6.0978	4.5601	5.2044	4
59.85	6.0964	4.5772	5.1962	4
59.9	6.0961	4.5473	5.2055	4
59.95	6.0958	4.243	5.2063	4
60	6.0945	4.8138	5.2026	4
60.05	6.0942	4.4213	5.193	4
60.1	6.0942	4.0988	5.1856	4
60.15	6.0928	5.2821	5.1944	4
60.2	6.0926	3.5402	5.2014	4
60.25	6.0922	4.9891	5.1878	4
60.3	6.0911	4.5445	5.1691	4
60.35	6.0903	4.4226	5.1748	4
60.4	6.0908	4.1913	5.184	4
60.45	6.0898	4.9904	5.176	4
60.5	6.0887	4.3736	5.1636	4
60.55	6.0885	4.6849	5.1809	4
60.6	6.0875	4.4754	5.1818	4
60.65	6.0865	4.8156	5.1732	4
60.7	6.0871	3.679	5.1827	4
60.75	6.0862	4.8783	5.176	4
60.8	6.0845	4.9658	5.1657	4
60.85	6.0838	4.3441	5.1574	4
60.9	6.0837	4.2167	5.156	4
60.95	6.0838	4.3732	5.1558	4
61	6.0827	4.8173	5.1566	4
61.05	6.0818	4.5779	5.1737	4
61.1	6.0811	4.7692	5.1735	4
61.15	6.0806	4.0211	5.1768	4
61.2	6.0807	4.6378	5.1745	4
61.25	6.0801	4.4102	5.1747	4
61.3	6.0791	4.4281	5.1733	4
61.35	6.0788	4.6321	5.1593	4
61.4	6.0779	4.4093	5.1493	4
61.45	6.0777	4.4803	5.1502	4
61.5	6.0776	4.2803	5.1489	4
61.55	6.0771	4.4399	5.1561	4
61.6	6.0763	4.769	5.1612	4
61.65	6.077	3.4077	5.1607	4
61.7	6.0767	4.9436	5.1655	4
61.75	6.076	4.299	5.1617	4
61.8	6.0756	4.3353	5.1617	4
61.85	6.0765	3.9804	5.1896	4
61.9	6.0758	4.8506	5.1844	4
61.95	6.0751	4.0929	5.1801	4
62	6.0759	4.1266	5.2031	4
62.05	6.0751	4.6903	5.2067	4
62.1	6.0747	4.1932	5.2029	4
62.15	6.0756	3.7895	5.1822	4
62.2	6.075	4.8741	5.1868	4
62.25	6.074	4.5978	5.192	4
62.3	6.0733	4.2768	5.1802	4
62.35	6.0746	3.5546	5.1811	4
62.4	6.0746	4.7826	5.1861	4
62.45	6.0733	4.3878	5.1814	4
62.5	6.0733	4.5967	5.1767	4
62.55	6.0734	3.9913	5.1728	4
62.6	6.0727	4.9282	5.1796	4
62.65	6.0727	3.6335	5.1793	4
62.7	6.0731	4.4909	5.1912	4
62.75	6.072	4.7011	5.2092	4
62.8	6.0715	4.4262	5.2028	4
62.85	6.0716	3.9706	5.1923	4
62.9	6.0714	4.6237	5.1858	4
62.95	6.071	4.0903	5.1834	4
63	6.0715	3.9097	5.1761	4
63.05	6.0713	4.6096	5.1723	4
63.1	6.0715	3.8864	5.1797	4
63.15	6.0719	4.0364	5.1769	4
63.2	6.0725	4.3682	5.1595	4
63.25	6.0715	4.1186	5.1723	4
63.3	6.0723	4.5996	5.1814	4
63.35	6.0721	3.6795	5.1885	4
63.4	6.0735	3.7957	5.1889	4
63.45	6.0741	4.1604	5.1715	4
63.5	6.0736	4.35	5.1785	4
63.55	6.0732	4.0824	5.1778	4
63.6	6.074	4.2116	5.1676	4
63.65	6.0735	4.2108	5.1805	4
63.7	6.0738	4.3224	5.1857	4
63.75	6.0746	3.7374	5.1826	4
63.8	6.0747	4.3117	5.1803	4
63.85	6.0748	4.1842	5.1793	4
63.9	6.0752	4.0808	5.1961	4
63.95	6.0743	4.7638	5.207	4
64	6.0744	3.8667	5.1957	4
64.05	6.0751	3.8985	5.1777	4
64.1	6.0753	4.3493	5.1692	4
64.15	6.0746	4.4634	5.168	4
64.2	6.075	3.9416	5.1737	4
64.25	6.0754	4.1459	5.1823	4
64.3	6.0749	4.6396	5.1932	4
64.35	6.0757	3.4259	5.1836	4
64.4	6.0759	4.7517	5.1763	4
64.45	6.0755	4.0899	5.1787	4
64.5	6.0758	4.3207	5.2027	4
64.55	6.0762	3.8348	5.2051	4
64.6	6.0771	4.1674	5.1983	4
64.65	6.0761	4.7411	5.1908	4
64.7	6.0765	3.5007	5.1866	4
64.75	6.0774	4.0886	5.2072	4
64.8	6.0764	4.7147	5.2175	4
64.85	6.0769	3.7792	5.2109	4
64.9	6.0781	3.9486	5.2146	4
64.95	6.0778	4.6434	5.1987	4
65	6.0774	4.0988	5.1977	4
65.05	6.0779	3.9889	5.2042	4
65.1	6.0784	4.1548	5.1943	4
65.15	6.0773	4.6555	5.1901	4
65.2	6.078	3.5635	5.1944	4
65.25	6.0784	4.3098	5.1924	4
65.3	6.0776	4.7705	5.1965	4
65.35	6.0782	3.6777	5.1911	4
65.4	6.0793	4.0311	5.1849	4
65.45	6.078	5.0162	5.1949	4
65.5	6.0782	3.5808	5.1977	4
65.55	6.0793	4.1334	5.2061	4
65.6	6.0791	4.5551	5.1982	4
65.65	6.0783	4.008	5.2021	4
65.7	6.0798	3.8068	5.2221	4
65.75	6.0792	4.9074	5.202	4
65.8	6.0782	4.1572	5.1979	4
65.85	6.0792	3.8938	5.1999	4
65.9	6.0798	3.8953	5.2107	4
65.95	6.0793	4.5544	5.1972	4
66	6.0806	3.392	5.1886	4
66.05	6.0809	4.4006	5.1825	4
66.1	6.0811	3.9994	5.1775	4
66.15	6.0818	3.7859	5.183	4
66.2	6.0834	3.9473	5.1783	4
66.25	6.0829	4.4943	5.172	4
66.3	6.0833	3.516	5.1881	4
66.35	6.0842	4.1888	5.1932	4
66.4	6.0846	3.8877	5.1866	4
66.45	6.0848	4.2826	5.1928	4
66.5	6.0856	3.5862	5.1911	4
66.55	6.0862	4.3405	5.1878	4
66.6	6.0868	3.7264	5.1856	4
66.65	6.0875	3.9864	5.1719	4
66.7	6.088	4.0763	5.1773	4
66.75	6.0881	4.0876	5.1711	4
66.8	6.0883	4.313	5.1754	4
66.85	6.089	3.7258	5.1799	4
66.9	6.0892	4.4516	5.1762	4
66.95	6.0892	4.1103	5.1915	4
67	6.0905	3.365	5.199	4
67.05	6.0906	4.8458	5.1783	4
67.1	6.0898	4.2457	5.1893	4
67.15	6.0908	3.8853	5.1925	4
67.2	6.0908	4.5704	5.194	4
67.25	6.0897	4.4741	5.1958	4
67.3	6.0906	3.672	5.1983	4
67.35	6.0909	4.4841	5.1906	4
67.4	6.0901	4.4947	5.1905	4
67.45	6.0901	3.9714	5.1951	4
67.5	6.0905	4.2158	5.1975	4
67.55	6.09	4.5122	5.2029	4
67.6	6.0899	4.2287	5.2148	4
67.65	6.0902	4.3725	5.2223	4
67.7	6.0893	4.535	5.2026	4
67.75	6.0888	4.3204	5.2007	4
67.8	6.0892	4.0252	5.2032	4
67.85	6.0888	4.5306	5.2086	4
67.9	6.0886	4.0623	5.1936	4
67.95	6.0881	4.5969	5.1876	4
68	6.0886	3.8789	5.1863	4
68.05	6.088	4.802	5.1687	4
68.1	6.0878	4.1129	5.1542	4
68.15	6.0882	4.1838	5.1468	4
68.2	6.087	4.7754	5.1487	4
68.25	6.0878	3.6978	5.1535	4
68.3	6.0874	4.7722	5.159	4
68.35	6.0867	4.3698	5.1583	4
68.4	6.0869	4.0273	5.1588	4
68.45	6.0871	4.4447	5.1431	4
68.5	6.086	4.66	5.1346	4
68.55	6.0865	3.9181	5.1486	4
68.6	6.0861	4.5218	5.1564	4
68.65	6.0856	4.4735	5.1675	4
68.7	6.0851	4.2535	5.1685	4
68.75	6.0852	4.2465	5.1636	4
68.8	6.0851	4.5586	5.1719	4
68.85	6.084	4.5828	5.185	4
68.9	6.0846	3.9962	5.1681	4
68.95	6.0839	4.6945	5.1477	4
69	6.0823	4.6672	5.1439	4
69.05	6.083	3.9078	5.16	4
69.1	6.0825	4.7852	5.1768	4
69.15	6.0815	4.824	5.1836	4
69.2	6.0808	4.0267	5.178	4
69.25	6.0804	4.976	5.1689	4
69.3	6.0794	4.418	5.1611	4
69.35	6.0793	4.4254	5.154	4
69.4	6.0796	4.1484	5.1717	4
69.45	6.0795	4.5871	5.1916	4
69.5	6.0787	4.1573	5.1869	4
69.55	6.0796	3.9831	5.1653	4
69.6	6.0789	4.3714	5.1566	4
69.65	6.0789	4.3927	5.1678	4
69.7	6.0794	3.7039	5.1765	4
69.75	6.08	4.5757	5.17	4
69.8	6.0788	4.4888	5.1633	4
69.85	6.0803	3.4988	5.1638	4
69.9	6.0804	4.3631	5.1631	4
69.95	6.0806	4.2591	5.1684	4
70	6.0804	3.9601	5.1713	4
70.05	6.0817	3.8367	5.1707	4
70.1	6.0811	4.8428	5.1597	4
70.15	6.0809	3.667	5.1658	4
70.2	6.0825	4.0577	5.1762	4
70.25	6.0817	4.6156	5.1712	4
70.3	6.081	4.4935	5.1802	4
70.35	6.0824	3.1368	5.1899	4
70.4	6.082	5.3497	5.1822	4
70.45	6.0812	3.7063	5.1764	4
70.5	6.0821	4.0627	5.1846	4
70.55	6.0818	4.5531	5.185	4
70.6	6.0813	4.2474	5.1617	4
70.65	6.0817	4.0008	5.1593	4
70.7	6.0824	4.0917	5.1732	4
70.75	6.0816	4.6706	5.1771	4
70.8	6.0813	4.1988	5.1669	4
70.85	6.0824	3.6343	5.1702	4
70.9	6.0818	5.0561	5.1804	4
70.95	6.0815	3.8607	5.1682	4
71	6.0822	4.2573	5.1716	4
71.05	6.0819	4.2944	5.1799	4
71.1	6.0818	4.2064	5.1818	4
71.15	6.082	4.2029	5.1871	4
71.2	6.0818	4.4005	5.1875	4
71.25	6.0818	4.2406	5.1957	4
71.3	6.0818	4.3388	5.1881	4
71.35	6.0815	4.1762	5.1763	4
71.4	6.0816	4.5394	5.1801	4
71.45	6.0821	3.5113	5.183	4
71.5	6.0824	4.8142	5.1841	4
71.55	6.0811	4.4172	5.1862	4
71.6	6.0814	4.1458	5.1835	4
71.65	6.0811	4.6091	5.1704	4
71.7	6.0802	4.573	5.1484	4
71.75	6.0803	3.9531	5.157	4
71.8	6.0809	4.4012	5.1856	4
71.85	6.0795	4.9651	5.1796	4
71.9	6.0791	3.9361	5.1747	4
71.95	6.0795	4.6	5.1591	4
72	6.0784	4.7783	5.1712	4
72.05	6.0778	4.1612	5.1756	4
72.1	6.0787	4.1235	5.162	4
72.15	6.077	5.0048	5.1766	4
72.2	6.0771	3.9516	5.1791	4
72.25	6.0782	3.8081	5.1776	4
72.3	6.0771	5.2716	5.1882	4
72.35	6.0766	4.1702	5.1859	4
72.4	6.0771	3.8487	5.189	4
72.45	6.0771	4.8459	5.1844	4
72.5	6.0758	4.4217	5.178	4
72.55	6.0758	4.1904	5.1805	4
72.6	6.0764	4.3323	5.1938	4
72.65	6.0752	4.6238	5.1932	4
72.7	6.0743	4.8344	5.1889	4
72.75	6.074	3.9006	5.1934	4
72.8	6.0734	5.1686	5.1978	4
72.85	6.0731	3.8804	5.2005	4
72.9	6.0728	4.6303	5.2063	4
72.95	6.0723	4.5586	5.1899	4
73	6.0718	4.2834	5.1828	4
73.05	6.0714	4.5708	5.1762	4
73.1	6.0711	4.3755	5.1828	4
73.15	6.0702	4.8007	5.1844	4
73.2	6.0702	4.2937	5.194	4
73.25	6.0699	4.1548	5.2008	4
73.3	6.0688	5.2369	5.1946	4
73.35	6.0679	3.8057	5.1901	4
73.4	6.0687	4.4438	5.2006	4
73.45	6.0671	5.106	5.2052	4
73.5	6.0668	4.1022	5.1938	4
73.55	6.0665	4.7252	5.1869	4
73.6	6.0651	4.8696	5.1874	4
73.65	6.0641	4.5043	5.1875	4
73.7	6.0648	4.0144	5.1871	4
73.75	6.0637	5.0614	5.1903	4
73.8	6.0626	4.4483	5.1884	4
73.85	6.0627	4.126	5.1863	4
73.9	6.0624	4.722	5.195	4
73.95	6.0605	5.0133	5.1864	4
74	6.0604	4.0329	5.1755	4
74.05	6.0602	4.7936	5.1846	4
74.1	6.059	4.7772	5.1964	4
74.15	6.0581	4.5509	5.1783	4
74.2	6.0578	4.3225	5.1783	4
74.25	6.0564	4.8814	5.1833	4
74.3	6.057	3.7393	5.1629	4
74.35	6.0568	4.9458	5.1671	4
74.4	6.056	4.4152	5.1697	4
74.45	6.0553	4.4696	5.1612	4
74.5	6.0554	4.23	5.1519	4
74.55	6.0537	5.0997	5.1614	4
74.6	6.0534	4.0566	5.1799	4
74.65	6.054	4.0778	5.1651	4
74.7	6.053	5.1216	5.1583	4
74.75	6.0523	4.0622	5.1536	4
74.8	6.0535	4.1502	5.1437	4
74.85	6.0515	5.4148	5.1515	4
74.9	6.0509	3.6496	5.1569	4
74.95	6.0515	4.4805	5.1736	4
75	6.0508	4.7	5.1643	4
75.05	6.0492	4.8936	5.1691	4
75.1	6.0501	3.6531	5.1932	4
75.15	6.0494	5.0186	5.1801	4
75.2	6.0476	4.8668	5.1679	4
75.25	6.0475	3.9739	5.1715	4
75.3	6.0479	4.3759	5.1627	4
75.35	6.0462	5.4488	5.1701	4
75.4	6.0455	3.7879	5.1771	4
75.45	6.0457	4.7254	5.1883	4
75.5	6.0445	4.4235	5.199	4
75.55	6.0443	4.7513	5.2023	4
75.6	6.043	4.6509	5.2007	4
75.65	6.0427	4.419	5.206	4
75.7	6.0418	4.6246	5.2048	4
75.75	6.0407	4.7269	5.2112	4
75.8	6.0401	4.3927	5.2065	4
75.85	6.0392	4.7725	5.2082	4
75.9	6.0386	4.3641	5.1969	4
75.95	6.0377	5.0026	5.1752	4
76	6.0365	4.3039	5.1743	4
76.05	6.0368	4.4059	5.1832	4
76.1	6.0354	4.9258	5.1868	4
76.15	6.0348	4.4274	5.1892	4
76.2	6.0343	4.5732	5.1762	4
76.25	6.0334	4.8145	5.1808	4
76.3	6.0331	4.0819	5.1992	4
76.35	6.0326	5.0309	5.1954	4
76.4	6.0314	4.2816	5.1985	4
76.45	6.0314	4.4805	5.1959	4
76.5	6.0307	4.5544	5.193	4
76.55	6.0301	4.6266	5.1917	4
76.6	6.0287	4.6639	5.1878	4
76.65	6.0285	4.3687	5.1924	4
76.7	6.0283	4.3958	5.196	4
76.75	6.0266	5.0368	5.2022	4
76.8	6.027	3.7885	5.2037	4
76.85	6.0261	4.8382	5.1993	4
76.9	6.0247	4.862	5.1899	4
76.95	6.0247	3.9742	5.188	4
77	6.0235	4.9724	5.1936	4
77.05	6.0234	4.1738	5.1902	4
77.1	6.023	4.5583	5.1745	4
77.15	6.0223	4.5573	5.1689	4
77.2	6.0222	4.2064	5.1618	4
77.25	6.0218	4.6914	5.172	4
77.3	6.0214	4.0616	5.1958	4
77.35	6.0213	4.666	5.1935	4
77.4	6.02	4.5522	5.1937	4
77.45	6.0203	3.9376	5.1704	4
77.5	6.02	4.7944	5.1597	4
77.55	6.0194	4.3392	5.1741	4
77.6	6.0189	4.4263	5.171	4
77.65	6.0192	4.1078	5.1722	4
77.7	6.0186	4.7284	5.1597	4
77.75	6.0184	4.0939	5.1768	4
77.8	6.0175	4.8184	5.1902	4
77.85	6.017	4.3696	5.1829	4
77.9	6.0173	4.1246	5.1863	4
77.95	6.017	4.5447	5.1858	4
78	6.0165	4.2239	5.1806	4
78.05	6.0158	4.5823	5.1777	4
78.1	6.0157	4.3543	5.1704	4
78.15	6.0152	4.3126	5.1844	4
78.2	6.0149	4.4395	5.1955	4
78.25	6.0146	4.1975	5.1992	4
78.3	6.0141	4.6442	5.1909	4
78.35	6.0147	3.9229	5.167	4
78.4	6.015	4.3252	5.1682	4
78.45	6.0147	4.2954	5.1682	4
78.5	6.0142	4.347	5.1824	4
78.55	6.014	4.4526	5.18	4
78.6	6.0137	4.244	5.1644	4
78.65	6.0142	4.1957	5.1864	4
78.7	6.0137	4.1676	5.1955	4
78.75	6.0144	4.1563	5.2026	4
78.8	6.0131	4.7824	5.2189	4
78.85	6.0138	3.6637	5.2127	4
78.9	6.0141	4.3635	5.2039	4
78.95	6.014	4.2442	5.1989	4
79	6.0133	4.4093	5.1861	4
79.05	6.0144	3.6536	5.1928	4
79.1	6.0132	5.2797	5.1843	4
79.15	6.0127	3.7906	5.1837	4
79.2	6.0144	3.5607	5.1937	4
79.25	6.0142	4.7376	5.1952	4
79.3	6.0129	4.412	5.1892	4
79.35	6.0149	3.2426	5.1765	4
79.4	6.0149	4.8681	5.1811	4
79.45	6.0143	3.9085	5.1907	4
79.5	6.015	4.1861	5.1861	4
79.55	6.0153	4.0198	5.1752	4
79.6	6.0146	4.7688	5.1701	4
79.65	6.015	3.7656	5.1825	4
79.7	6.0156	4.1807	5.1789	4
79.75	6.0156	4.2499	5.1677	4
79.8	6.0156	4.0685	5.1722	4
79.85	6.016	4.2153	5.1617	4
79.9	6.0161	4.2268	5.1523	4
79.95	6.0169	3.739	5.1629	4
80	6.0177	4.1452	5.1506	4
80.05	6.017	4.3964	5.1363	4
80.1	6.017	4.2694	5.151	4
80.15	6.0182	3.3914	5.157	4
80.2	6.0184	4.6249	5.1617	4
80.25	6.0183	3.9938	5.1495	4
80.3	6.0192	3.8688	5.1534	4
80.35	6.0197	4.3286	5.1651	4
80.4	6.0196	4.0352	5.1759	4
80.45	6.0202	3.8382	5.1672	4
80.5	6.021	4.2374	5.1658	4
80.55	6.0206	4.0968	5.1772	4
80.6	6.0219	3.929	5.1816	4
80.65	6.0216	4.1634	5.1773	4
80.7	6.0221	4.1432	5.1866	4
80.75	6.023	3.7489	5.1892	4
80.8	6.0237	3.9427	5.1882	4
80.85	6.0236	4.5053	5.1954	4
80.9	6.0248	3.2039	5.2004	4
80.95	6.0253	4.5776	5.2045	4
81	6.0259	3.64	5.1902	4
81.05	6.0266	3.4657	5.1912	4
81.1	6.0288	4.1753	5.1884	4
81.15	6.0281	4.0229	5.1921	4
81.2	6.029	3.9732	5.1827	4
81.25	6.03	3.6728	5.1663	4
81.3	6.031	3.8089	5.1582	4
81.35	6.0312	4.1917	5.1583	4
81.4	6.0327	3.0992	5.1501	4
81.45	6.0334	4.3663	5.1618	4
81.5	6.0332	4.0233	5.1619	4
81.55	6.0348	3.4514	5.1534	4
81.6	6.0364	3.9146	5.1539	4
81.65	6.0354	4.4202	5.1441	4
81.7	6.0367	3.4835	5.1441	4
81.75	6.0377	3.4677	5.1567	4
81.8	6.0383	4.6085	5.1626	4
81.85	6.0387	3.664	5.1665	4
81.9	6.0404	3.4954	5.1541	4
81.95	6.0403	4.6502	5.1539	4
82	6.0408	3.6085	5.1461	4
82.05	6.0417	3.8337	5.1311	4
82.1	6.0432	3.7144	5.1258	4
82.15	6.0431	4.2058	5.1345	4
82.2	6.0439	4.0377	5.1414	4
82.25	6.0448	3.7055	5.1454	4
82.3	6.0461	3.7468	5.1418	4
82.35	6.0461	4.5638	5.1499	4
82.4	6.0472	3.0261	5.1521	4
82.45	6.0485	4.1488	5.1455	4
82.5	6.0493	3.8037	5.1342	4
82.55	6.0498	3.947	5.1463	4
82.6	6.0511	3.532	5.1769	4
82.65	6.0523	3.9297	5.1938	4
82.7	6.0534	3.8399	5.1882	4
82.75	6.0537	4.1697	5.1788	4
82.8	6.0549	3.4151	5.1614	4
82.85	6.0559	4.0721	5.1623	4
82.9	6.0565	3.8945	5.1613	4
82.95	6.0576	3.7774	5.145	4
83	6.0589	3.5353	5.1466	4
83.05	6.0593	4.4191	5.1494	4
83.1	6.0592	3.8401	5.1381	4
83.15	6.0609	3.6967	5.1451	4
83.2	6.0609	4.5134	5.1554	4
83.25	6.0608	3.9576	5.163	4
83.3	6.0627	3.3181	5.1734	4
83.35	6.0631	4.7305	5.1825	4
83.4	6.0631	3.5681	5.1751	4
83.45	6.0649	3.8225	5.158	4
83.5	6.065	4.2738	5.1595	4
83.55	6.0647	4.165	5.1492	4
83.6	6.0648	4.122	5.142	4
83.65	6.0659	3.3965	5.1558	4
83.7	6.0661	4.7127	5.1721	4
83.75	6.0662	3.7311	5.1773	4
83.8	6.0678	3.7268	5.1659	4
83.85	6.0679	4.5568	5.1593	4
83.9	6.0679	3.8758	5.1612	4
83.95	6.0695	3.8998	5.1557	4
84	6.0692	4.2419	5.1477	4
84.05	6.0696	4.0895	5.1531	4
84.1	6.07	3.9513	5.1625	4
84.15	6.0705	3.8801	5.154	4
84.2	6.0711	4.1591	5.1538	4
84.25	6.071	4.302	5.1535	4
84.3	6.0711	4.0377	5.1626	4
84.35	6.0715	4.3034	5.1653	4
84.4	6.0715	4.1093	5.1734	4
84.45	6.0722	4.2501	5.1725	4
84.5	6.0717	4.2131	5.1822	4
84.55	6.072	4.2023	5.1849	4
84.6	6.0716	4.4161	5.1934	4
84.65	6.0721	3.9908	5.2075	4
84.7	6.072	4.3698	5.1918	4
84.75	6.0716	4.4534	5.1693	4
84.8	6.0719	3.9979	5.1674	4
84.85	6.0718	4.6152	5.1669	4
84.9	6.0712	4.3976	5.1681	4
84.95	6.0717	4.0352	5.1751	4
85	6.0709	4.7383	5.1667	4
85.05	6.0718	3.5928	5.1685	4
85.1	6.0714	4.8393	5.1698	4
85.15	6.071	4.3185	5.186	4
85.2	6.0702	4.6012	5.188	4
85.25	6.0709	3.9203	5.1819	4
85.3	6.0707	4.3384	5.1849	4
85.35	6.0707	4.5101	5.1853	4
85.4	6.0697	4.4776	5.186	4
85.45	6.0695	4.3855	5.1817	4
85.5	6.0688	4.5755	5.1679	4
85.55	6.0683	4.4053	5.1723	4
85.6	6.068	4.2769	5.1723	4
85.65	6.0687	4.07	5.1556	4
85.7	6.0678	4.9184	5.1547	4
85.75	6.068	3.931	5.16	4
85.8	6.0674	4.8654	5.1563	4
85.85	6.0673	3.8957	5.1521	4
85.9	6.0669	4.7134	5.1594	4
85.95	6.0659	4.4599	5.1669	4
86	6.066	4.2903	5.1735	4
86.05	6.0663	4.1441	5.1686	4
86.1	6.0653	5.0555	5.1591	4
86.15	6.0647	3.7865	5.153	4
86.2	6.0654	4.6032	5.1684	4
86.25	6.0646	4.3878	5.1564	4
86.3	6.0639	4.5513	5.1462	4
86.35	6.0636	4.2699	5.1401	4
86.4	6.0642	3.9776	5.1336	4
86.45	6.0631	5.2396	5.1414	4
86.5	6.0624	4.1533	5.1421	4
86.55	6.063	3.7696	5.1379	4
86.6	6.0627	4.9655	5.1367	4
86.65	6.0607	4.6156	5.15	4
86.7	6.0616	4.0885	5.1685	4
86.75	6.0611	4.404	5.1653	4
86.8	6.06	4.9764	5.1685	4
86.85	6.0596	3.8376	5.1712	4
86.9	6.0596	4.8469	5.1636	4
86.95	6.0583	4.7679	5.1623	4
87	6.0586	3.8089	5.171	4
87.05	6.0586	4.5572	5.1803	4
87.1	6.057	5.0026	5.1807	4
87.15	6.0561	4.1455	5.1653	4
87.2	6.0573	4.2276	5.1683	4
87.25	6.0552	4.8567	5.1835	4
87.3	6.0559	4.2257	5.1647	4
87.35	6.0561	3.9042	5.1541	4
87.4	6.0561	4.7332	5.1643	4
87.45	6.0551	4.2834	5.1598	4
87.5	6.0555	4.0107	5.1574	4
87.55	6.0558	4.4153	5.1626	4
87.6	6.055	4.4049	5.1662	4
87.65	6.0554	3.9941	5.1525	4
87.7	6.0564	3.89	5.1558	4
87.75	6.0555	4.6812	5.1573	4
87.8	6.0563	3.6768	5.1485	4
87.85	6.0565	4.1438	5.1526	4
87.9	6.0568	4.5649	5.143	4
87.95	6.0563	4.0453	5.1305	4
88	6.0576	3.5421	5.1336	4
88.05	6.0576	4.7459	5.1232	4
88.1	6.0572	3.8549	5.1387	4
88.15	6.0594	3.4461	5.1531	4
88.2	6.0595	4.6261	5.1552	4
88.25	6.0585	4.4848	5.1596	4
88.3	6.0597	3.55	5.1473	4
88.35	6.0603	4.4233	5.1496	4
88.4	6.0599	4.2936	5.1525	4
88.45	6.0603	3.9996	5.1657	4
88.5	6.0617	3.6764	5.1816	4
88.55	6.0619	4.4056	5.1731	4
88.6	6.0614	4.2036	5.1733	4
88.65	6.0625	3.6213	5.1656	4
88.7	6.0624	4.5974	5.1588	4
88.75	6.0615	4.6292	5.1587	4
88.8	6.0625	3.3571	5.1482	4
88.85	6.0638	4.4588	5.1547	4
88.9	6.062	4.8332	5.1641	4
88.95	6.0626	3.6906	5.1675	4
89	6.0639	3.7895	5.1703	4
89.05	6.0629	4.8969	5.1631	4
89.1	6.0629	3.891	5.1564	4
89.15	6.0638	3.9695	5.1548	4
89.2	6.0641	4.442	5.1472	4
89.25	6.0632	4.4975	5.1506	4
89.3	6.0639	3.982	5.1448	4
89.35	6.0636	4.5379	5.161	4
89.4	6.0635	4.1624	5.1886	4
89.45	6.0636	4.3946	5.1785	4
89.5	6.0637	4.0995	5.152	4
89.55	6.0634	4.7451	5.1555	4
89.6	6.0638	3.7571	5.1538	4
89.65	6.0641	4.2155	5.1532	4
89.7	6.0634	4.5922	5.1482	4
89.75	6.0626	4.2993	5.1561	4
89.8	6.0638	3.736	5.1688	4
89.85	6.0624	5.3765	5.1802	4
89.9	6.062	3.9293	5.1886	4
89.95	6.063	3.8252	5.1888	4
90	6.0625	4.9184	5.198	4
90.05	6.0621	4.0712	5.1927	4
90.1	6.0629	3.8743	5.1702	4
90.15	6.0627	5.0353	5.1668	4
90.2	6.0612	4.0287	5.1697	4
90.25	6.0629	3.7426	5.1704	4
90.3	6.0613	5.4116	5.1615	4
90.35	6.06	4.0702	5.1593	4
90.4	6.0619	3.5962	5.1717	4
90.45	6.0612	4.9834	5.1549	4
90.5	6.0597	4.6972	5.1603	4
90.55	6.0612	3.3013	5.1778	4
90.6	6.0608	5.1585	5.1711	4
90.65	6.0592	4.7076	5.1707	4
90.7	6.0588	4.0222	5.1798	4
90.75	6.0602	4.1321	5.1751	4
90.8	6.0581	5.1576	5.1784	4
90.85	6.0588	3.4448	5.183	4
90.9	6.0592	4.6363	5.1862	4
90.95	6.0576	4.8467	5.2012	4
91	6.0577	4.1798	5.1975	4
91.05	6.057	4.3154	5.2053	4
91.1	6.0575	4.2957	5.2094	4
91.15	6.057	4.3892	5.1962	4
91.2	6.0564	4.7588	5.1857	4
91.25	6.0565	3.7212	5.181	4
91.3	6.0566	4.5665	5.1803	4
91.35	6.0556	4.5436	5.1773	4
91.4	6.0563	3.5665	5.1708	4
91.45	6.0567	4.5557	5.157	4
91.5	6.0562	4.3481	5.1693	4
91.55	6.0561	4.1326	5.2052	4
91.6	6.0561	4.4587	5.1985	4
91.65	6.0562	3.9495	5.1855	4
91.7	6.0564	4.5662	5.1887	4
91.75	6.0565	3.8594	5.1802	4
91.8	6.057	4.3187	5.18	4
91.85	6.0572	4.1703	5.1709	4
91.9	6.0573	4.1153	5.1724	4
91.95	6.0572	3.9524	5.1849	4
92	6.0578	4.1879	5.1717	4
92.05	6.0572	4.445	5.1607	4
92.1	6.0582	3.5619	5.1651	4
92.15	6.0593	4.2137	5.1674	4
92.2	6.0574	5.1935	5.1761	4
92.25	6.0583	3.1565	5.1715	4
92.3	6.0592	4.328	5.1692	4
92.35	6.058	4.634	5.1726	4
92.4	6.0589	3.3592	5.1663	4
92.45	6.0599	4.2377	5.1687	4
92.5	6.0598	4.3737	5.1632	4
92.55	6.0597	4.1419	5.1642	4
92.6	6.061	3.6976	5.1599	4
92.65	6.0611	4.2807	5.154	4
92.7	6.0603	4.7818	5.1631	4
92.75	6.0609	3.387	5.1514	4
92.8	6.0623	4.1062	5.1593	4
92.85	6.0617	4.4872	5.1676	4
92.9	6.0625	3.6532	5.1577	4
92.95	6.0622	4.729	5.1695	4
93	6.0624	3.6915	5.1796	4
93.05	6.063	4.0851	5.1706	4
93.1	6.0625	4.6987	5.1447	4
93.15	6.0626	3.7081	5.1479	4
93.2	6.0641	4.006	5.1614	4
93.25	6.0636	4.412	5.1469	4
93.3	6.0644	3.6768	5.1531	4
93.35	6.0647	4.4246	5.1688	4
93.4	6.0644	4.4094	5.1635	4
93.45	6.0651	3.3576	5.1521	4
93.5	6.0665	4.3705	5.1393	4
93.55	6.0654	4.2122	5.1346	4
93.6	6.0668	3.7815	5.1316	4
93.65	6.0671	4.0735	5.1236	4
93.7	6.0673	4.266	5.1219	4
93.75	6.0681	3.5803	5.1427	4
93.8	6.0687	4.2282	5.1588	4
93.85	6.0685	4.2665	5.1696	4
93.9	6.0697	3.5759	5.1552	4
93.95	6.0702	4.138	5.1468	4
94	6.0703	4.4564	5.1548	4
94.05	6.0706	3.5131	5.1651	4
94.1	6.0718	4.1954	5.17	4
94.15	6.0713	4.1663	5.1616	4
94.2	6.0725	3.7161	5.1553	4
94.25	6.073	4.2577	5.1506	4
94.3	6.0731	4.061	5.1619	4
94.35	6.0739	3.8111	5.1512	4
94.4	6.0753	3.725	5.1301	4
94.45	6.0748	4.4467	5.1324	4
94.5	6.0758	3.5768	5.149	4
94.55	6.0761	4.0995	5.1509	4
94.6	6.0767	4.096	5.1401	4
94.65	6.0769	3.9003	5.1392	4
94.7	6.078	3.8027	5.1341	4
94.75	6.0786	4.1325	5.1499	4
94.8	6.0788	4.1008	5.153	4
94.85	6.0803	3.5134	5.1647	4
94.9	6.0813	4.1049	5.1733	4
94.95	6.081	4.2293	5.1614	4
95	6.0817	3.7562	5.1557	4
95.05	6.0828	3.868	5.1415	4
95.1	6.0834	4.212	5.1405	4
95.15	6.0839	3.7686	5.1471	4
95.2	6.085	3.8935	5.1662	4
95.25	6.085	4.1629	5.1779	4
95.3	6.0856	3.9839	5.1678	4
95.35	6.0869	3.5823	5.1744	4
95.4	6.0871	4.4176	5.1804	4
95.45	6.0885	3.3057	5.1734	4
95.5	6.0897	3.9336	5.172	4
95.55	6.0893	4.5441	5.1826	4
95.6	6.09	3.4635	5.1795	4
95.65	6.0909	4.1109	5.1775	4
95.7	6.0919	3.7879	5.1749	4
95.75	6.0925	4.0775	5.1696	4
95.8	6.0935	3.8609	5.1644	4
95.85	6.0937	4.1929	5.1718	4
95.9	6.0937	4.2758	5.1917	4
95.95	6.0942	3.7509	5.1842	4
96	6.0951	4.0957	5.1906	4
96.05	6.0942	4.7527	5.1807	4
96.1	6.0951	3.5441	5.1711	4
96.15	6.0959	4.3912	5.1675	4
96.2	6.096	4.0239	5.1523	4
96.25	6.0958	4.4338	5.1519	4
96.3	6.0969	3.3131	5.1601	4
96.35	6.0972	4.6605	5.1588	4
96.4	6.0964	4.2638	5.1513	4
96.45	6.0974	3.8327	5.1466	4
96.5	6.0986	3.7838	5.1383	4
96.55	6.0987	4.5923	5.1431	4
96.6	6.0991	3.551	5.1528	4
96.65	6.0996	4.3957	5.1425	4
96.7	6.0997	3.9263	5.1389	4
96.75	6.1	4.2511	5.1475	4
96.8	6.1003	4.048	5.139	4
96.85	6.101	3.9218	5.1453	4
96.9	6.101	4.3896	5.1581	4
96.95	6.1015	3.8223	5.1477	4
97	6.1015	4.1253	5.1356	4
97.05	6.1024	3.9515	5.1385	4
97.1	6.1023	4.0636	5.1445	4
97.15	6.1031	4.2582	5.1541	4
97.2	6.1038	3.6047	5.1557	4
97.25	6.1041	4.3121	5.1395	4
97.3	6.105	3.7671	5.1296	4
97.35	6.1053	4.3325	5.1215	4
97.4	6.1051	4.4839	5.1317	4
97.45	6.106	3.4262	5.1388	4
97.5	6.1072	4.0345	5.1498	4
97.55	6.1071	4.4742	5.1515	4
97.6	6.1069	3.8469	5.1434	4
97.65	6.1083	4.0016	5.1367	4
97.7	6.1081	4.1438	5.1414	4
97.75	6.1082	4.3614	5.1464	4
97.8	6.1074	4.4628	5.1379	4
97.85	6.1081	3.6567	5.1174	4
97.9	6.1082	4.55	5.1227	4
97.95	6.1078	4.226	5.124	4
98	6.1083	3.943	5.116	4
98.05	6.1089	4.1919	5.1256	4
98.1	6.1092	4.2141	5.133	4
98.15	6.1097	4.0363	5.1254	4
98.2	6.109	4.6029	5.1343	4
98.25	6.1091	3.9617	5.1356	4
98.3	6.1102	4.0521	5.142	4
98.35	6.1099	4.4963	5.1528	4
98.4	6.1094	4.2093	5.1387	4
98.45	6.1094	4.2526	5.1293	4
98.5	6.1092	4.3759	5.1353	4
98.55	6.1091	4.2003	5.1435	4
98.6	6.1098	4.1517	5.1457	4
98.65	6.1099	4.1015	5.1467	4
98.7	6.1087	5.0045	5.139	4
98.75	6.1089	3.7217	5.1111	4
98.8	6.1097	4.1632	5.1091	4
98.85	6.1092	4.7171	5.1263	4
98.9	6.1083	4.1471	5.1278	4
98.95	6.1091	4.1723	5.1272	4
99	6.1084	4.6311	5.1233	4
99.05	6.1075	4.6346	5.1316	4
99.1	6.1083	3.7769	5.1474	4
99.15	6.1083	4.4351	5.1261	4
99.2	6.1069	5.1154	5.1261	4
99.25	6.1073	3.4525	5.1421	4
99.3	6.1078	4.8846	5.1682	4
99.35	6.1066	4.361	5.1775	4
99.4	6.1062	4.5337	5.1634	4
99.45	6.1062	4.1595	5.1641	4
99.5	6.1057	4.5066	5.1558	4
99.55	6.105	4.5176	5.1442	4
99.6	6.1046	4.4706	5.145	4
99.65	6.1044	4.3571	5.1372	4
99.7	6.1043	4.3343	5.1504	4
99.75	6.104	4.4752	5.1709	4
99.8	6.1033	4.5807	5.1612	4
99.85	6.1029	4.4021	5.1616	4
99.9	6.1025	4.3545	5.148	4
99.95	6.1023	4.3844	5.1549	4
100	6.1024	4.2903	5.1682	4
100.05	6.1018	4.4172	5.1524	4
100.1	6.1018	4.3817	5.1416	4
100.15	6.1006	4.8138	5.1391	4
100.2	6.1007	3.9613	5.1219	4
100.25	6.101	4.391	5.1233	4
100.3	6.0999	4.8729	5.1401	4
100.35	6.1	3.7956	5.1521	4
100.4	6.1006	4.4919	5.1563	4
100.45	6.0994	4.5461	5.1464	4
100.5	6.0989	4.6696	5.1459	4
100.55	6.0995	3.6829	5.1509	4
100.6	6.0988	4.9796	5.1544	4
100.65	6.098	4.3381	5.1307	4
100.7	6.0979	4.44	5.1345	4
100.75	6.0978	4.2793	5.1552	4
100.8	6.0979	4.1686	5.1617	4
100.85	6.097	4.7064	5.1523	4
100.9	6.0968	4.3445	5.1442	4
100.95	6.0968	4.032	5.1483	4
101	6.096	4.8978	5.1378	4
101.05	6.0956	4.2395	5.1297	4
101.1	6.096	4.1383	5.1288	4
101.15	6.0955	4.6369	5.1282	4
101.2	6.0954	4.1268	5.1418	4
101.25	6.0955	4.3886	5.1479	4
101.3	6.0952	4.3787	5.1291	4
101.35	6.0949	4.0825	5.1215	4
101.4	6.0953	4.413	5.131	4
101.45	6.0949	4.3612	5.128	4
101.5	6.0943	4.6124	5.1171	4
101.55	6.0944	3.9901	5.1157	4
101.6	6.0945	4.2869	5.1348	4
101.65	6.0948	4.2398	5.1349	4
101.7	6.0947	4.2978	5.1422	4
101.75	6.0942	4.5484	5.1449	4
101.8	6.0933	4.632	5.1326	4
101.85	6.0936	3.9407	5.1542	4
101.9	6.0936	4.7622	5.1714	4
101.95	6.0936	3.7569	5.1617	4
102	6.0941	4.593	5.1444	4
102.05	6.0928	4.6573	5.1379	4
102.1	6.0926	4.033	5.1321	4
102.15	6.0929	4.3955	5.1176	4
102.2	6.0923	4.5991	5.1223	4
102.25	6.0918	4.3685	5.1361	4
102.3	6.0913	4.4634	5.1391	4
102.35	6.0911	4.3021	5.1414	4
102.4	6.091	4.3421	5.1526	4
102.45	6.0911	4.2392	5.1408	4
102.5	6.091	4.3478	5.1408	4
102.55	6.0902	4.7645	5.1604	4
102.6	6.0897	3.9774	5.1613	4
102.65	6.0903	4.384	5.1422	4
102.7	6.0893	4.7364	5.1396	4
102.75	6.0884	4.5826	5.157	4
102.8	6.0885	4.2301	5.1547	4
102.85	6.0883	4.4423	5.1484	4
102.9	6.0884	4.2004	5.1596	4
102.95	6.088	4.4894	5.1503	4
103	6.0871	4.482	5.1551	4
103.05	6.0873	4.4528	5.1629	4
103.1	6.0867	4.3102	5.1557	4
103.15	6.0865	4.6411	5.1504	4
103.2	6.0861	3.9694	5.1493	4
103.25	6.0854	5.1943	5.1454	4
103.3	6.0854	3.5286	5.1569	4
103.35	6.0857	4.6502	5.1771	4
103.4	6.0846	4.6653	5.1659	4
103.45	6.0836	4.3814	5.1559	4
103.5	6.0836	4.5525	5.1616	4
103.55	6.0833	4.2068	5.1645	4
103.6	6.0833	4.5033	5.1449	4
103.65	6.0829	4.2497	5.1323	4
103.7	6.0829	4.1064	5.1329	4
103.75	6.0822	4.9174	5.1383	4
103.8	6.0811	4.344	5.1415	4
103.85	6.082	3.9595	5.1502	4
103.9	6.0815	4.5475	5.1514	4
103.95	6.0807	4.7105	5.1414	4
104	6.0809	4.0673	5.1374	4
104.05	6.08	4.6987	5.1424	4
104.1	6.0797	4.1861	5.1374	4
104.15	6.0795	4.5355	5.1372	4
104.2	6.0792	4.2361	5.1328	4
104.25	6.0789	4.7169	5.1413	4
104.3	6.0777	4.5823	5.1656	4
104.35	6.0779	3.9068	5.1718	4
104.4	6.0782	4.4169	5.135	4
104.45	6.0767	5.214	5.1376	4
104.5	6.0761	3.945	5.1576	4
104.55	6.0766	4.5053	5.159	4
104.6	6.0757	4.6275	5.1414	4
104.65	6.0751	4.4653	5.1407	4
104.7	6.0749	4.3947	5.1495	4
104.75	6.074	4.5374	5.1552	4
104.8	6.0733	4.7158	5.1627	4
104.85	6.0736	3.9286	5.1584	4
104.9	6.0734	4.7787	5.1552	4
104.95	6.0722	4.7778	5.145	4
105	6.0715	4.0918	5.1398	4
105.05	6.0719	4.5306	5.1442	4
105.1	6.0708	4.6307	5.143	4
105.15	6.0711	4.2498	5.1388	4
105.2	6.0703	4.5048	5.1273	4
105.25	6.0692	4.7591	5.1304	4
105.3	6.069	4.3235	5.1346	4
105.35	6.069	4.0658	5.1368	4
105.4	6.069	4.8066	5.1401	4
105.45	6.0679	4.2966	5.1305	4
105.5	6.0671	4.6365	5.1254	4
105.55	6.067	4.1438	5.1238	4
105.6	6.0672	4.0757	5.1302	4
105.65	6.0672	4.7208	5.1428	4
105.7	6.0665	4.1398	5.1493	4
105.75	6.0667	4.3889	5.1416	4
105.8	6.0666	4.2332	5.1339	4
105.85	6.0659	4.3244	5.1511	4
105.9	6.0658	4.4743	5.1512	4
105.95	6.0656	4.1444	5.1425	4
106	6.0666	4.0173	5.1564	4
106.05	6.0666	4.5854	5.1486	4
106.1	6.0658	4.229	5.1447	4
106.15	6.0666	3.7902	5.1461	4
106.2	6.0665	4.4759	5.1466	4
106.25	6.0661	4.3271	5.1669	4
106.3	6.0666	3.9051	5.164	4
106.35	6.0664	4.8288	5.1473	4
106.4	6.0662	3.7708	5.1551	4
106.45	6.0671	4.0131	5.162	4
106.5	6.0671	4.4294	5.1699	4
106.55	6.0668	4.2351	5.1709	4
106.6	6.0676	3.9152	5.1626	4
106.65	6.0672	4.4652	5.1607	4
106.7	6.0666	4.5039	5.1767	4
106.75	6.0678	3.3746	5.1877	4
106.8	6.0681	4.9409	5.175	4
106.85	6.0665	4.479	5.1717	4
106.9	6.0678	3.4911	5.1649	4
106.95	6.0685	4.3821	5.1594	4
107	6.0669	4.814	5.1869	4
107.05	6.0677	3.5756	5.1684	4
107.1	6.0689	3.9469	5.1618	4
107.15	6.0682	4.7335	5.1625	4
107.2	6.0679	4.1499	5.1729	4
107.25	6.0694	3.3778	5.1887	4
107.3	6.0702	4.5131	5.1964	4
107.35	6.0695	4.2915	5.2174	4
107.4	6.0706	3.6709	5.2032	4
107.45	6.0716	3.9305	5.1889	4
107.5	6.072	3.9458	5.1918	4
107.55	6.0728	4.0316	5.1959	4
107.6	6.0738	3.7675	5.1814	4
107.65	6.0735	4.6444	5.1693	4
107.7	6.0744	3.2563	5.1557	4
107.75	6.0758	3.8489	5.1508	4
107.8	6.0758	4.5004	5.165	4
107.85	6.0768	3.1854	5.1714	4
107.9	6.0784	4.04	5.1539	4
107.95	6.078	4.3995	5.1378	4
108	6.079	3.3886	5.1535	4
108.05	6.0798	4.3103	5.1627	4
108.1	6.0799	3.8486	5.1566	4
108.15	6.0812	3.7814	5.1556	4
108.2	6.0822	3.9035	5.154	4
108.25	6.0827	3.8182	5.1663	4
108.3	6.0833	4.2129	5.1685	4
108.35	6.0841	3.6409	5.1699	4
108.4	6.0846	4.1519	5.1744	4
108.45	6.0851	4.0091	5.1706	4
108.5	6.0857	4.0298	5.1848	4
108.55	6.0862	3.9599	5.1761	4
108.6	6.0861	4.2842	5.1506	4
108.65	6.0874	3.4279	5.1697	4
108.7	6.0872	4.8511	5.1683	4
108.75	6.0875	3.6219	5.1616	4
108.8	6.0888	3.8288	5.1608	4
108.85	6.0892	4.2337	5.1487	4
108.9	6.0889	4.4256	5.1594	4
108.95	6.0898	3.494	5.1683	4
109	6.0912	3.8612	5.1612	4
109.05	6.0914	4.1753	5.1518	4
109.1	6.0912	4.2802	5.1444	4
109.15	6.0923	3.7402	5.1534	4
109.2	6.0931	4.1102	5.1548	4
109.25	6.0931	4.2244	5.1355	4
109.3	6.0933	3.9631	5.1333	4
109.35	6.0944	3.4953	5.1475	4
109.4	6.0943	4.9237	5.1607	4
109.45	6.0941	3.7902	5.1485	4
109.5	6.0954	3.7688	5.1301	4
109.55	6.0955	4.6479	5.1583	4
109.6	6.0955	3.7931	5.1581	4
109.65	6.0962	4.2276	5.1504	4
109.7	6.0964	4.0907	5.1483	4
109.75	6.0964	4.1079	5.1597	4
109.8	6.0972	4.0464	5.1683	4
109.85	6.097	4.2488	5.1556	4
109.9	6.0972	4.12	5.1603	4
109.95	6.0975	3.9967	5.1634	4
110	6.0974	4.5058	5.1573	4
110.05	6.0969	4.4093	5.1774	4
110.1	6.0978	3.6226	5.1627	4
110.15	6.0984	4.3375	5.1585	4
110.2	6.0977	4.1988	5.1563	4
110.25	6.0981	4.2953	5.1304	4
110.3	6.0988	3.4711	5.1279	4
110.35	6.0989	5.002	5.1346	4
110.4	6.0985	3.7889	5.1481	4
110.45	6.0983	4.7278	5.1509	4
110.5	6.0988	3.5912	5.1481	4
110.55	6.0996	4.2275	5.1608	4
110.6	6.0988	4.6559	5.1563	4
110.65	6.0994	3.9732	5.1538	4
110.7	6.1002	4.1474	5.1587	4
110.75	6.0991	4.8848	5.1598	4
110.8	6.0988	4.0054	5.1708	4
110.85	6.0998	3.9071	5.171	4
110.9	6.0988	4.9238	5.1668	4
110.95	6.0986	4.1782	5.1752	4
111	6.0985	4.1353	5.1727	4
111.05	6.0983	4.4443	5.1688	4
111.1	6.0983	4.4192	5.163	4
111.15	6.0978	4.1706	5.1494	4
111.2	6.098	4.5731	5.1483	4
111.25	6.0966	4.5534	5.1484	4
111.3	6.0966	4.1666	5.1554	4
111.35	6.097	4.3839	5.162	4
111.4	6.0961	4.8357	5.1605	4
111.45	6.0958	4.3003	5.1504	4
111.5	6.0958	4.1734	5.1436	4
111.55	6.0952	4.3821	5.1338	4
111.6	6.0951	4.5531	5.1392	4
111.65	6.0945	4.4148	5.1532	4
111.7	6.094	4.7082	5.156	4
111.75	6.0937	4.0681	5.1438	4
111.8	6.0945	3.9865	5.1295	4
111.85	6.0938	4.8854	5.1215	4
111.9	6.093	4.2199	5.1189	4
111.95	6.0934	4.3336	5.1144	4
112	6.0931	4.2398	5.1234	4
112.05	6.0929	4.3584	5.1455	4
112.1	6.0933	4.1177	5.1288	4
112.15	6.0923	4.6961	5.1106	4
112.2	6.092	4.3555	5.1264	4
112.25	6.0917	4.478	5.1434	4
112.3	6.0919	4.0635	5.1376	4
112.35	6.0915	4.71	5.1307	4
112.4	6.0911	4.0903	5.134	4
112.45	6.0908	4.5969	5.1403	4
112.5	6.0908	4.1497	5.1318	4
112.55	6.0906	4.6067	5.1388	4
112.6	6.0905	4.3417	5.1646	4
112.65	6.0896	4.5576	5.1729	4
112.7	6.0896	4.162	5.1644	4
112.75	6.0895	4.5426	5.1546	4
112.8	6.0881	4.7568	5.1569	4
112.85	6.0885	4.0555	5.1464	4
112.9	6.0883	4.5982	5.1309	4
112.95	6.0868	4.9328	5.1359	4
113	6.0861	4.5106	5.1429	4
113.05	6.0858	4.2267	5.1547	4
113.1	6.0853	4.8556	5.1593	4
113.15	6.0845	4.3949	5.1479	4
113.2	6.0848	3.8138	5.1484	4
113.25	6.085	4.8115	5.1561	4
113.3	6.0839	4.272	5.1415	4
113.35	6.0837	4.4774	5.1363	4
113.4	6.0837	4.2144	5.1402	4
113.45	6.0836	4.0923	5.1315	4
113.5	6.0839	4.294	5.1327	4
113.55	6.0835	4.2638	5.1241	4
113.6	6.0835	4.4035	5.1004	4
113.65	6.0835	3.9742	5.098	4
113.7	6.0844	4.0707	5.0976	4
113.75	6.0838	4.5822	5.129	4
113.8	6.0838	3.9822	5.1382	4
113.85	6.0843	4.301	5.1166	4
113.9	6.084	4.2581	5.118	4
113.95	6.0845	4.088	5.124	4
114	6.0849	4.0867	5.1183	4
114.05	6.0848	4.2288	5.1224	4
114.1	6.0847	4.5311	5.1221	4
114.15	6.0845	3.9087	5.1291	4
114.2	6.0851	4.3492	5.1271	4
114.25	6.0849	4.2602	5.1319	4
114.3	6.085	4.1061	5.1221	4
114.35	6.0853	4.4116	5.125	4
114.4	6.0852	3.8795	5.1212	4
114.45	6.0859	4.1791	5.1155	4
114.5	6.0859	4.3754	5.1104	4
114.55	6.0856	4.0703	5.1092	4
114.6	6.0862	4.2814	5.1139	4
114.65	6.0864	3.991	5.131	4
114.7	6.086	4.3876	5.124	4
114.75	6.0866	3.7042	5.1214	4
114.8	6.0878	3.9032	5.1147	4
114.85	6.0874	4.6465	5.108	4
114.9	6.0881	3.6977	5.1145	4
114.95	6.0892	3.7901	5.1215	4
115	6.0886	4.899	5.1246	4
115.05	6.0885	3.5724	5.1298	4
115.1	6.09	4.0215	5.1419	4
115.15	6.0897	4.4788	5.1388	4
115.2	6.0901	3.6015	5.1412	4
115.25	6.0915	3.9101	5.1391	4
115.3	6.0917	4.4805	5.1375	4
115.35	6.0918	3.6728	5.1243	4
115.4	6.0925	4.3282	5.13	4
115.45	6.0923	3.9226	5.1343	4
115.5	6.093	4.1286	5.1298	4
115.55	6.0937	3.9094	5.1159	4
115.6	6.0936	4.1851	5.1182	4
115.65	6.0932	4.6691	5.1296	4
115.7	6.0945	3.179	5.1201	4
115.75	6.0954	4.5587	5.1149	4
115.8	6.0943	4.56	5.1275	4
115.85	6.095	3.5175	5.1288	4
115.9	6.096	4.3022	5.1306	4
115.95	6.096	4.2241	5.123	4
116	6.0956	4.5093	5.1237	4
116.05	6.0959	3.9304	5.1428	4
116.1	6.0962	4.1353	5.1398	4
116.15	6.0957	4.6577	5.1156	4
116.2	6.0955	3.9458	5.1227	4
116.25	6.0963	4.2308	5.1223	4
116.3	6.0955	4.4733	5.1241	4
116.35	6.095	4.2863	5.1203	4
116.4	6.0953	4.209	5.1384	4
116.45	6.0949	4.5021	5.1417	4
116.5	6.0946	4.2669	5.1382	4
116.55	6.0949	4.2221	5.1452	4
116.6	6.094	4.6858	5.1302	4
116.65	6.0937	4.3522	5.1238	4
116.7	6.0936	4.1447	5.1306	4
116.75	6.0935	4.6603	5.1333	4
116.8	6.0929	4.3848	5.1391	4
116.85	6.0927	4.1636	5.1347	4
116.9	6.0929	4.6559	5.1321	4
116.95	6.0927	4.0425	5.1427	4
117	6.0926	4.5605	5.1331	4
117.05	6.092	4.3574	5.1307	4
117.1	6.0914	4.3912	5.1242	4
117.15	6.0919	4.1371	5.1103	4
117.2	6.0921	4.0628	5.1135	4
117.25	6.0919	4.4598	5.1073	4
117.3	6.0919	4.2235	5.1112	4
117.35	6.092	4.2287	5.1096	4
117.4	6.0922	4.2947	5.1093	4
117.45	6.0918	4.1392	5.1002	4
117.5	6.0923	4.0561	5.0911	4
117.55	6.0928	4.1153	5.119	4
117.6	6.092	4.6077	5.1486	4
117.65	6.0926	3.6617	5.1493	4
117.7	6.0935	4.0881	5.1354	4
117.75	6.0937	4.2463	5.1299	4
117.8	6.0939	4.0089	5.1312	4
117.85	6.0942	4.3125	5.128	4
117.9	6.094	4.1987	5.1402	4
117.95	6.0944	3.9618	5.1419	4
118	6.095	3.8383	5.1277	4
118.05	6.0951	4.2638	5.1185	4
118.1	6.0954	4.1506	5.1136	4
118.15	6.0953	4.2105	5.1123	4
118.2	6.0964	3.8854	5.1174	4
118.25	6.096	4.198	5.1155	4
118.3	6.0964	4.1338	5.1122	4
118.35	6.0965	4.0281	5.1129	4
118.4	6.0972	4.1678	5.1095	4
118.45	6.0973	3.974	5.1057	4
118.5	6.0978	4.0604	5.0916	4
118.55	6.0975	4.3419	5.0904	4
118.6	6.0981	3.827	5.0922	4
118.65	6.0987	4.0754	5.0787	4
118.7	6.0984	4.2599	5.0892	4
118.75	6.0988	3.9281	5.0993	4
118.8	6.0995	4.0927	5.1025	4
118.85	6.0994	4.2843	5.1284	4
118.9	6.1003	3.8436	5.1347	4
118.95	6.1006	4.2443	5.1183	4
119	6.1001	4.2846	5.1363	4
119.05	6.1013	3.7904	5.1452	4
119.1	6.1012	4.3594	5.1421	4
119.15	6.1018	4.1117	5.1271	4
119.2	6.1021	4.1566	5.1259	4
119.25	6.1023	4.005	5.1363	4
119.3	6.1029	4.0355	5.1254	4
119.35	6.1029	4.2812	5.1255	4
119.4	6.1029	4.3241	5.1156	4
119.45	6.1032	3.8392	5.115	4
119.5	6.1032	4.5214	5.1236	4
119.55	6.1037	3.8921	5.1382	4
119.6	6.1033	4.5826	5.1639	4
119.65	6.1033	3.8797	5.1686	4
119.7	6.1034	4.5217	5.1505	4
119.75	6.1033	4.0595	5.1273	4
119.8	6.1042	4.176	5.1306	4
119.85	6.1038	4.2916	5.1376	4
119.9	6.104	4.338	5.1299	4
119.95	6.1037	3.9976	5.1279	4
120	6.1036	4.748	5.1239	4
120.05	6.1035	3.7859	5.1372	4
120.1	6.1038	4.6212	5.1498	4
120.15	6.103	4.3285	5.1413	4
120.2	6.1031	4.2948	5.1367	4
120.25	6.1028	4.3187	5.1341	4
120.3	6.1033	4.1042	5.1294	4
120.35	6.1023	4.7114	5.1283	4
120.4	6.1019	4.3163	5.1237	4
120.45	6.1014	4.1759	5.111	4
120.5	6.1023	4.1416	5.1176	4
120.55	6.1012	4.8839	5.116	4
120.6	6.1012	4.1431	5.1142	4
120.65	6.1011	4.3851	5.1217	4
120.7	6.1009	4.4967	5.1275	4
120.75	6.0999	4.6196	5.1407	4
120.8	6.1002	3.8757	5.1364	4
120.85	6.0996	4.8925	5.1374	4
120.9	6.0992	4.2512	5.1469	4
120.95	6.099	4.4116	5.1331	4
121	6.0987	4.4335	5.1251	4
121.05	6.098	4.4581	5.1187	4
121.1	6.0988	3.7242	5.116	4
121.15	6.098	5.0932	5.1171	4
121.2	6.0971	4.2449	5.1235	4
121.25	6.0973	4.2601	5.1263	4
121.3	6.0969	4.5664	5.1336	4
121.35	6.096	4.6565	5.15	4
121.4	6.0959	4.1988	5.1534	4
121.45	6.0961	4.216	5.1565	4
121.5	6.0956	4.6382	5.1656	4
121.55	6.0956	4.2519	5.1666	4
121.6	6.0956	4.319	5.1583	4
121.65	6.0951	4.5978	5.1525	4
121.7	6.0943	4.4369	5.1436	4
121.75	6.0943	4.1355	5.1541	4
121.8	6.094	4.5432	5.1571	4
121.85	6.0935	4.4524	5.1554	4
121.9	6.0938	4.0235	5.163	4
121.95	6.0929	4.7657	5.1665	4
122	6.0927	4.2218	5.1656	4
122.05	6.0926	4.3229	5.1589	4
122.1	6.0922	4.6825	5.1506	4
122.15	6.0917	4.1169	5.1337	4
122.2	6.0919	4.3238	5.1426	4
122.25	6.0912	4.632	5.1497	4
122.3	6.091	4.1317	5.1558	4
122.35	6.0908	4.598	5.1486	4
122.4	6.09	4.4368	5.1481	4
122.45	6.0897	4.4069	5.1541	4
122.5	6.09	4.1977	5.1532	4
122.55	6.0894	4.698	5.1658	4
122.6	6.0891	4.191	5.1589	4
122.65	6.0895	4.2739	5.1526	4
122.7	6.0887	4.2796	5.1565	4
122.75	6.0879	5.0636	5.1448	4
122.8	6.0871	3.9223	5.1586	4
122.85	6.0886	4.2016	5.162	4
122.9	6.0874	4.9052	5.1699	4
122.95	6.0868	4.223	5.1949	4
123	6.0874	4.0374	5.1836	4
123.05	6.0864	5.0586	5.1798	4
123.1	6.086	3.8988	5.1754	4
123.15	6.087	4.039	5.1631	4
123.2	6.0858	4.9193	5.1676	4
123.25	6.0854	4.3463	5.1734	4
123.3	6.0859	3.9669	5.1779	4
123.35	6.0858	4.4375	5.162	4
123.4	6.0848	4.689	5.1563	4
123.45	6.0858	3.4854	5.1863	4
123.5	6.0867	4.2528	5.1773	4
123.55	6.0863	4.3272	5.1646	4
123.6	6.087	3.8061	5.1686	4
123.65	6.0876	4.0863	5.1639	4
123.7	6.0884	3.8937	5.1535	4
123.75	6.0888	4.066	5.1557	4
123.8	6.089	4.199	5.1765	4
123.85	6.0896	3.6808	5.1732	4
123.9	6.0901	4.2789	5.1803	4
123.95	6.0902	3.9021	5.1894	4
124	6.0913	4.05	5.1837	4
124.05	6.0913	4.2701	5.1691	4
124.1	6.0919	3.7603	5.1691	4
124.15	6.0926	4.1646	5.1604	4
124.2	6.0931	3.8501	5.1648	4
124.25	6.094	3.8622	5.1806	4
124.3	6.0944	3.9362	5.183	4
124.35	6.0953	3.7749	5.1672	4
124.4	6.0959	4.19	5.1668	4
124.45	6.0962	4.1183	5.1773	4
124.5	6.0973	3.5215	5.1681	4
124.55	6.0985	3.9276	5.1541	4
124.6	6.0984	4.1599	5.1556	4
124.65	6.0997	3.6381	5.153	4
124.7	6.1004	4.1371	5.1621	4
124.75	6.1006	4.2557	5.1461	4
124.8	6.101	3.8507	5.1533	4
124.85	6.1019	4.0268	5.1682	4
124.9	6.1023	3.9978	5.1674	4
124.95	6.1033	3.8283	5.174	4
125	6.103	4.3979	5.1618	4
125.05	6.1046	3.2595	5.1487	4
125.1	6.1049	4.5363	5.1462	4
125.15	6.1045	4.0972	5.1391	4
125.2	6.1049	4.0553	5.1443	4
125.25	6.1056	3.7719	5.1408	4
125.3	6.1055	4.4856	5.1427	4
125.35	6.1062	3.4955	5.1506	4
125.4	6.1065	4.6217	5.1478	4
125.45	6.1066	3.8389	5.1363	4
125.5	6.1065	4.6188	5.1354	4
125.55	6.1064	3.8386	5.1392	4
125.6	6.1077	3.8446	5.1299	4
125.65	6.1077	4.6342	5.1374	4
125.7	6.1064	4.6619	5.1479	4
125.75	6.1074	3.483	5.1552	4
125.8	6.1072	5.14	5.1628	4
125.85	6.1053	4.7625	5.1658	4
125.9	6.1064	3.5282	5.1695	4
125.95	6.107	4.4779	5.1684	4
126	6.1053	5.0687	5.1604	4
126.05	6.1051	3.7905	5.1525	4
126.1	6.105	4.7812	5.1742	4
126.15	6.105	3.9829	5.1757	4
126.2	6.1051	4.6456	5.1609	4
126.25	6.1058	3.7272	5.1467	4
126.3	6.1055	4.7038	5.1399	4
126.35	6.1051	4.2072	5.1513	4
126.4	6.1057	3.9488	5.1708	4
126.45	6.1056	4.4363	5.1738	4
126.5	6.1054	4.2622	5.1663	4
126.55	6.1058	3.8065	5.147	4
126.6	6.1059	4.6848	5.1496	4
126.65	6.1058	3.8615	5.1608	4
126.7	6.1062	4.24	5.1585	4
126.75	6.1058	4.1168	5.1552	4
126.8	6.1063	4.2049	5.1523	4
126.85	6.1064	4.2031	5.1405	4
126.9	6.1059	4.5658	5.1272	4
126.95	6.1052	4.4029	5.1236	4
127	6.1057	3.9599	5.134	4
127.05	6.1056	4.5651	5.1453	4
127.1	6.1051	4.5461	5.155	4
127.15	6.1045	4.6109	5.1613	4
127.2	6.1047	4.0431	5.1646	4
127.25	6.1039	4.8829	5.163	4
127.3	6.1028	4.7575	5.1698	4
127.35	6.1033	3.8596	5.1615	4
127.4	6.102	5.5114	5.1657	4
127.45	6.1008	4.1507	5.1621	4
127.5	6.1017	3.8602	5.1568	4
127.55	6.1011	5.2214	5.1824	4
127.6	6.0985	4.9393	5.1568	4
127.65	6.0991	3.736	5.1332	4
127.7	6.0996	4.5119	5.1385	4
127.75	6.0979	4.9929	5.1517	4
127.8	6.0973	4.0548	5.1498	4
127.85	6.0983	3.9282	5.1402	4
127.9	6.0974	5.244	5.1385	4
127.95	6.0964	4.1636	5.1443	4
128	6.097	4.3157	5.1564	4
128.05	6.0962	4.6844	5.1644	4
128.1	6.0953	4.7052	5.1453	4
128.15	6.0952	4.0978	5.1534	4
128.2	6.0955	4.3566	5.1577	4
128.25	6.0941	5.0291	5.153	4
128.3	6.0939	3.9367	5.1484	4
128.35	6.0933	4.7921	5.1373	4
128.4	6.0934	4.0042	5.1331	4
128.45	6.0937	4.3268	5.1443	4
128.5	6.0929	4.6468	5.1377	4
128.55	6.0922	4.3069	5.1439	4
128.6	6.0922	4.3026	5.1478	4
128.65	6.0917	4.6179	5.1482	4
128.7	6.092	3.7456	5.1331	4
128.75	6.0922	4.7144	5.1304	4
128.8	6.0915	4.123	5.1501	4
128.85	6.0921	4.0669	5.1527	4
128.9	6.093	3.9606	5.1374	4
128.95	6.093	4.3275	5.1242	4
129	6.0926	4.4641	5.1265	4
129.05	6.093	3.7642	5.1448	4
129.1	6.0939	4.1528	5.1489	4
129.15	6.0929	4.7509	5.1535	4
129.2	6.0939	3.1749	5.144	4
129.25	6.0948	4.4475	5.1214	4
129.3	6.0941	4.3471	5.1312	4
129.35	6.0944	3.9785	5.1484	4
129.4	6.0954	3.8696	5.1585	4
129.45	6.095	4.846	5.1683	4
129.5	6.095	3.7983	5.1741	4
129.55	6.0963	3.9705	5.1719	4
129.6	6.0952	4.7569	5.1675	4
129.65	6.0952	3.9712	5.1525	4
129.7	6.0958	4.1493	5.1448	4
129.75	6.0951	4.7312	5.1472	4
129.8	6.095	3.8489	5.1551	4
129.85	6.0953	4.451	5.1433	4
129.9	6.0945	4.515	5.1333	4
129.95	6.0952	3.6626	5.143	4
130	6.0957	4.4871	5.1281	4
130.05	6.0952	4.3973	5.1147	4
130.1	6.095	4.309	5.1135	4
130.15	6.0958	3.9	5.1213	4
130.2	6.0946	4.8554	5.1235	4
130.25	6.094	4.4342	5.1183	4
130.3	6.0942	3.9725	5.1221	4
130.35	6.0946	4.1947	5.1161	4
130.4	6.0946	4.6746	5.1197	4
130.45	6.0938	4.2695	5.1162	4
130.5	6.0937	4.4306	5.1113	4
130.55	6.0931	4.2498	5.1284	4
130.6	6.0933	4.3403	5.1232	4
130.65	6.0933	4.2683	5.1114	4
130.7	6.0924	4.7154	5.1167	4
130.75	6.0925	4.2025	5.1277	4
130.8	6.093	4.1067	5.1389	4
130.85	6.0916	5.1272	5.1494	4
130.9	6.0913	3.7913	5.1366	4
130.95	6.0923	4.2215	5.1463	4
131	6.0913	4.7994	5.1491	4
131.05	6.0902	4.5809	5.1345	4
131.1	6.0908	3.7282	5.1416	4
131.15	6.0912	4.6162	5.1417	4
131.2	6.0898	4.6447	5.1408	4
131.25	6.0905	3.7852	5.1203	4
131.3	6.0903	4.6212	5.1049	4
131.35	6.0898	4.3832	5.1254	4
131.4	6.0895	4.2013	5.1533	4
131.45	6.0905	4.1697	5.1598	4
131.5	6.0893	4.8343	5.135	4
131.55	6.0897	3.7062	5.1312	4
131.6	6.0895	4.5657	5.1355	4
131.65	6.0893	4.1727	5.1326	4
131.7	6.0899	3.9582	5.1317	4
131.75	6.0902	4.0939	5.1318	4
131.8	6.0902	4.4459	5.1327	4
131.85	6.0907	3.5928	5.125	4
131.9	6.0907	4.8145	5.123	4
131.95	6.0912	3.3783	5.1441	4
132	6.0917	4.4524	5.1434	4
132.05	6.092	3.8599	5.1389	4
132.1	6.0927	4.1695	5.1468	4
132.15	6.0929	4.0357	5.1428	4
132.2	6.0938	3.9236	5.1373	4
132.25	6.0938	4.1404	5.1355	4
132.3	6.0943	4.1017	5.1425	4
132.35	6.0947	3.922	5.1413	4
132.4	6.0953	4.259	5.1424	4
132.45	6.0953	4.0603	5.1461	4
132.5	6.096	3.953	5.1583	4
132.55	6.0959	4.4975	5.1513	4
132.6	6.0958	4.0482	5.1521	4
132.65	6.0967	4.0972	5.1547	4
132.7	6.097	4.1794	5.1424	4
132.75	6.0969	4.3363	5.158	4
132.8	6.0974	3.6211	5.1599	4
132.85	6.0977	4.6464	5.142	4
132.9	6.0965	4.4096	5.1254	4
132.95	6.0983	3.3412	5.1379	4
133	6.0986	4.3768	5.1489	4
133.05	6.0979	4.5603	5.133	4
133.1	6.0981	3.7188	5.1257	4
133.15	6.0986	4.4905	5.144	4
133.2	6.0975	4.7538	5.1553	4
133.25	6.0983	3.4686	5.1589	4
133.3	6.0988	4.6512	5.159	4
133.35	6.0987	3.8704	5.1657	4
133.4	6.0984	4.6696	5.1723	4
133.45	6.0989	3.8326	5.1659	4
133.5	6.0982	4.7985	5.1656	4
133.55	6.0979	4.1419	5.1591	4
133.6	6.0996	3.462	5.1563	4
133.65	6.0991	5.033	5.1647	4
133.7	6.0986	4.199	5.17	4
133.75	6.0983	4.3094	5.1747	4
133.8	6.0994	3.6955	5.174	4
133.85	6.0979	5.099	5.1712	4
133.9	6.0978	3.9297	5.1779	4
133.95	6.0989	3.8147	5.1847	4
134	6.0987	4.7801	5.1721	4
134.05	6.0977	4.4271	5.145	4
134.1	6.0976	4.1532	5.1507	4
134.15	6.0984	4.1667	5.1619	4
134.2	6.0972	4.7546	5.1484	4
134.25	6.0976	4.0022	5.1514	4
134.3	6.0975	4.3666	5.1778	4
134.35	6.0967	4.6128	5.1784	4
134.4	6.096	4.5331	5.1778	4
134.45	6.0961	4.0493	5.1783	4
134.5	6.0954	4.8394	5.1754	4
134.55	6.095	4.246	5.1682	4
134.6	6.0949	4.3495	5.1575	4
134.65	6.0951	4.3013	5.1623	4
134.7	6.0952	4.252	5.1589	4
134.75	6.0951	4.0688	5.1433	4
134.8	6.0963	4.0646	5.1555	4
134.85	6.0955	4.4385	5.1568	4
134.9	6.0955	4.336	5.1542	4
134.95	6.096	4.0664	5.1671	4
135	6.0955	4.5517	5.1588	4
135.05	6.0952	4.2437	5.1462	4
135.1	6.0966	3.392	5.1507	4
135.15	6.0968	4.4559	5.1679	4
135.2	6.0969	4.3297	5.173	4
135.25	6.0964	4.291	5.1635	4
135.3	6.0967	4.002	5.1552	4
135.35	6.0971	4.2512	5.1458	4
135.4	6.0972	3.8848	5.1575	4
135.45	6.0978	4.3361	5.1524	4
135.5	6.0981	3.9322	5.1427	4
135.55	6.0978	4.6496	5.1576	4
135.6	6.0981	3.9912	5.1625	4
135.65	6.0978	4.3942	5.1513	4
135.7	6.0983	3.8983	5.1675	4
135.75	6.0993	3.7571	5.1635	4
135.8	6.0984	5.0544	5.1455	4
135.85	6.098	3.9545	5.1329	4
135.9	6.0989	4.0949	5.1559	4
135.95	6.0992	4.2048	5.1718	4
136	6.099	4.0263	5.149	4
136.05	6.0991	4.5891	5.1563	4
136.1	6.0984	4.2895	5.1611	4
136.15	6.0986	4.3458	5.1486	4
136.2	6.0981	4.38	5.1405	4
136.25	6.0983	3.8658	5.1461	4
136.3	6.0988	4.3921	5.1451	4
136.35	6.0982	4.4162	5.143	4
136.4	6.0981	4.3726	5.1351	4
136.45	6.0975	4.5958	5.1292	4
136.5	6.0977	3.8326	5.1284	4
136.55	6.0988	3.9982	5.1474	4
136.6	6.0979	4.7729	5.1741	4
136.65	6.0971	4.3005	5.1704	4
136.7	6.0975	4.1232	5.1703	4
136.75	6.0972	4.5943	5.1506	4
136.8	6.097	4.0504	5.131	4
136.85	6.098	4.0571	5.1356	4
136.9	6.0977	4.3803	5.1325	4
136.95	6.0973	4.7159	5.1397	4
137	6.0969	4.0185	5.1353	4
137.05	6.0972	4.2096	5.1481	4
137.1	6.098	3.9428	5.134	4
137.15	6.0971	4.7637	5.1241	4
137.2	6.0968	4.0516	5.1421	4
137.25	6.0971	4.337	5.1241	4
137.3	6.0966	4.5321	5.1036	4
137.35	6.0965	4.2498	5.1229	4
137.4	6.0967	4.1451	5.1402	4
137.45	6.097	4.0517	5.1467	4
137.5	6.0965	4.8014	5.1287	4
137.55	6.0957	4.1389	5.1419	4
137.6	6.0967	3.9453	5.1684	4
137.65	6.0959	4.9747	5.1581	4
137.7	6.0955	4.0587	5.1588	4
137.75	6.0963	4.2334	5.1657	4
137.8	6.096	4.3913	5.1628	4
137.85	6.0948	4.5604	5.1585	4
137.9	6.0958	3.6952	5.1607	4
137.95	6.0958	4.5824	5.1743	4
138	6.095	4.5936	5.1828	4
138.05	6.0952	4.0395	5.1475	4
138.1	6.0956	4.0779	5.1424	4
138.15	6.0952	4.7325	5.1481	4
138.2	6.0948	4.0325	5.1399	4
138.25	6.0954	4.4048	5.1394	4
138.3	6.0942	4.7706	5.1394	4
138.35	6.095	3.3953	5.1628	4
138.4	6.0953	4.6093	5.172	4
138.45	6.0942	4.6574	5.1693	4
138.5	6.0944	4.0791	5.1758	4
138.55	6.095	4.1741	5.187	4
138.6	6.0937	4.9838	5.1947	4
138.65	6.0938	3.8133	5.1911	4
138.7	6.0939	4.4193	5.1752	4
138.75	6.0937	4.5416	5.1678	4
138.8	6.093	4.1564	5.1684	4
138.85	6.0941	4.0891	5.1761	4
138.9	6.0931	4.7588	5.1797	4
138.95	6.0925	4.1832	5.1762	4
139	6.0938	3.9442	5.184	4
139.05	6.0927	4.9207	5.186	4
139.1	6.092	4.3238	5.1787	4
139.15	6.093	3.8307	5.1723	4
139.2	6.0916	4.9745	5.181	4
139.25	6.0917	3.9648	5.1779	4
139.3	6.092	4.2271	5.1696	4
139.35	6.0912	4.782	5.157	4
139.4	6.0903	4.5418	5.1637	4
139.45	6.0904	4.1243	5.1627	4
139.5	6.0912	3.9889	5.167	4
139.55	6.0894	5.4156	5.159	4
139.6	6.0891	3.5404	5.1401	4
139.65	6.0904	4.4232	5.16	4
139.7	6.0885	5.1018	5.171	4
139.75	6.089	3.4269	5.1788	4
139.8	6.0896	4.3522	5.1656	4
139.85	6.0872	5.522	5.1545	4
139.9	6.0873	3.4221	5.1521	4
139.95	6.089	4.0442	5.151	4
140	6.0873	5.4396	5.1641	4
140.05	6.0866	3.5917	5.1693	4
140.1	6.0886	4.1099	5.1631	4
140.15	6.0877	4.7303	5.1566	4
140.2	6.0856	4.9274	5.1555	4
140.25	6.087	3.0387	5.1768	4
140.3	6.0879	4.7415	5.1868	4
140.35	6.0857	5.0745	5.1716	4
140.4	6.0867	3.2185	5.1563	4
140.45	6.0869	4.7012	5.1521	4
140.5	6.0865	4.3969	5.1432	4
140.55	6.0868	3.7247	5.1441	4
140.6	6.0868	4.6421	5.1336	4
140.65	6.0868	3.9218	5.1268	4
140.7	6.087	4.3205	5.1237	4
140.75	6.0876	4.0271	5.1317	4
140.8	6.087	4.556	5.1378	4
140.85	6.0873	3.8721	5.1311	4
140.9	6.0882	4.3911	5.1244	4
140.95	6.0871	4.3543	5.1165	4
141	6.0881	3.9147	5.1109	4
141.05	6.0884	4.0368	5.1317	4
141.1	6.0884	4.3305	5.1305	4
141.15	6.0883	4.2161	5.1273	4
141.2	6.0888	3.7849	5.1385	4
141.25	6.089	4.5344	5.1235	4
141.3	6.0891	3.9864	5.1279	4
141.35	6.0896	4.3331	5.1462	4
141.4	6.09	3.8502	5.1337	4
141.45	6.0902	4.3388	5.1068	4
141.5	6.09	4.0692	5.1291	4
141.55	6.0908	4.0665	5.1509	4
141.6	6.0906	4.5978	5.1465	4
141.65	6.09	4.1511	5.1392	4
141.7	6.0905	4.1096	5.138	4
141.75	6.0906	4.0154	5.1367	4
141.8	6.0911	4.1036	5.1407	4
141.85	6.0909	4.6113	5.1305	4
141.9	6.0908	3.8928	5.1216	4
141.95	6.0916	4.0155	5.1399	4
142	6.0917	4.373	5.1383	4
142.05	6.0916	4.1816	5.1429	4
142.1	6.0922	4.0129	5.1638	4
142.15	6.0919	4.3352	5.1634	4
142.2	6.0922	4.0857	5.1618	4
142.25	6.0926	4.1267	5.1522	4
142.3	6.0927	4.1747	5.1398	4
142.35	6.0924	4.3082	5.141	4
142.4	6.0928	3.9937	5.1504	4
142.45	6.0926	4.3027	5.148	4
142.5	6.0931	4.0707	5.1347	4
142.55	6.0937	3.9444	5.1425	4
142.6	6.094	4.4433	5.1532	4
142.65	6.0941	4.0242	5.1557	4
142.7	6.0942	4.2124	5.1521	4
142.75	6.0941	4.1891	5.1449	4
142.8	6.0944	4.1493	5.1451	4
142.85	6.0944	4.1709	5.1425	4
142.9	6.0951	3.9152	5.147	4
142.95	6.0953	4.3658	5.1715	4
143	6.0954	4.1244	5.1651	4
143.05	6.0957	4.2068	5.1791	4
143.1	6.0959	4.2356	5.184	4
143.15	6.0963	3.8764	5.1844	4
143.2	6.0969	4.1873	5.1927	4
143.25	6.097	3.9091	5.1998	4
143.3	6.0976	4.2064	5.1916	4
143.35	6.0981	3.9818	5.1797	4
143.4	6.0985	4.0126	5.1807	4
143.45	6.0989	3.8983	5.1557	4
143.5	6.1001	3.6535	5.136	4
143.55	6.1002	4.4089	5.1344	4
143.6	6.1006	3.9559	5.1392	4
143.65	6.1016	3.7152	5.139	4
143.7	6.1025	4.1629	5.1673	4
143.75	6.1025	3.9671	5.1773	4
143.8	6.103	4.1426	5.1549	4
143.85	6.1032	4.0934	5.1582	4
143.9	6.1036	3.9925	5.1568	4
143.95	6.1036	4.3427	5.1681	4
144	6.1043	3.7256	5.1693	4
144.05	6.1048	4.3097	5.1682	4
144.1	6.1056	3.7593	5.172	4
144.15	6.1055	4.4127	5.1636	4
144.2	6.1059	3.9607	5.1679	4
144.25	6.1056	4.3431	5.172	4
144.3	6.1061	3.9324	5.1606	4
144.35	6.1066	4.0859	5.1619	4
144.4	6.1073	3.879	5.1684	4
144.45	6.1068	4.6994	5.168	4
144.5	6.1073	3.5784	5.1594	4
144.55	6.1079	4.6586	5.1559	4
144.6	6.1081	3.7223	5.1533	4
144.65	6.1088	4.3948	5.1567	4
144.7	6.1078	4.3837	5.1625	4
144.75	6.108	4.1903	5.1559	4
144.8	6.1083	3.9549	5.1563	4
144.85	6.1086	4.5462	5.1736	4
144.9	6.1084	4.059	5.1747	4
144.95	6.1086	4.4773	5.1661	4
145	6.1086	3.996	5.1697	4
145.05	6.1087	4.4161	5.1827	4
145.1	6.1082	4.3827	5.1796	4
145.15	6.1089	3.8409	5.1666	4
145.2	6.1085	4.675	5.1753	4
145.25	6.108	4.4097	5.1771	4
145.3	6.1081	3.966	5.1526	4
145.35	6.1084	4.4838	5.1625	4
145.4	6.1073	4.637	5.1786	4
145.45	6.1076	3.9118	5.163	4
145.5	6.1083	4.1887	5.1639	5
145.55	6.1073	4.8698	5.1634	5
145.6	6.1075	3.8481	5.1564	5
145.65	6.1089	3.9669	5.1589	5
145.7	6.1144	5.0088	5.1627	5
145.75	6.1263	4.134	5.158	5
145.8	6.1442	4.1839	5.1456	5
145.85	6.1694	5.2815	5.1491	5
145.9	6.2036	5.1257	5.1544	5
145.95	6.2454	5.268	5.1489	5
146	6.2944	6.0355	5.1565	5
146.05	6.3512	6.3602	5.1608	5
146.1	6.4156	6.5346	5.1444	5
146.15	6.4871	7.5562	5.1383	5
146.2	6.5667	8.2633	5.1334	5
146.25	6.6534	8.5064	5.1467	5
146.3	6.7463	9.5391	5.1554	5
146.35	6.8466	10.6947	5.1619	5
146.4	6.9546	11.1404	5.1417	5
146.45	7.069	12.4233	5.1466	5
146.5	7.19	13.8981	5.1725	5
146.55	7.3183	14.6305	5.1674	5
146.6	7.4523	16.4089	5.1521	5
146.65	7.5927	18.7933	5.1621	5
146.7	7.7403	20.8189	5.1779	5
146.75	7.8946	22.4377	5.1611	5
146.8	8.0537	26.17	5.1525	5
146.85	8.2199	28.9405	5.1666	5
146.9	8.3917	32.8024	5.165	5
146.95	8.5699	36.7682	5.1452	5
147	8.7545	42.1762	5.1408	5
147.05	8.9469	47.5645	5.1564	5
147.1	9.1465	54.6161	5.1535	5
147.15	9.3546	63.0626	5.1368	6
147.2	9.5723	72.0283	5.1261	6
147.25	9.7984	83.7578	5.1411	6
147.3	10.0328	98.258	5.1373	6
147.35	10.2749	114.8783	5.1246	6
147.4	10.5197	135.3604	5.1337	6
147.45	10.7623	158.351	5.1316	6
147.5	11.0004	184.3875	5.1451	6
147.55	11.2351	211.4605	5.1578	6
147.6	11.4635	241.8381	5.1524	6
147.65	11.6879	272.5696	5.1464	6
147.7	11.9065	305.3369	5.1287	6
147.75	12.1204	338.9398	5.1354	6
147.8	12.3283	374.3332	5.1666	6
147.85	12.5312	409.4735	5.1617	6
147.9	12.7296	445.4232	5.1571	6
147.95	12.9239	481.3482	5.1392	6
148	13.1134	517.129	5.1418	6
148.05	13.2984	552.1183	5.145	6
148.1	13.4785	587.0946	5.1298	6
148.15	13.6544	621.4377	5.1298	6
148.2	13.8259	656.2283	5.131	6
148.25	13.9939	690.5276	5.1167	6
148.3	14.1575	723.9905	5.1305	6
148.35	14.3177	756.2016	5.1331	6
148.4	14.4736	788.5359	5.1242	6
148.45	14.6258	819.9107	5.1287	6
148.5	14.7746	849.9614	5.1245	6
148.55	14.9197	879.6692	5.1231	6
148.6	15.0615	908.7276	5.1432	6
148.65	15.2003	935.8657	5.1421	6
148.7	15.3358	962.0805	5.1378	6
148.75	15.4679	987.7846	5.1383	6
148.8	15.5972	1012.3288	5.14	6
148.85	15.7244	1035.0457	5.1444	6
148.9	15.8484	1057.3303	5.135	6
148.95	15.9691	1078.8294	5.1255	6
149	16.0873	1098.6305	5.1235	6
149.05	16.203	1117.2111	5.1166	6
149.1	16.3152	1135.9332	5.1274	6
149.15	16.425	1153.2763	5.1383	6
149.2	16.5327	1168.967	5.149	6
149.25	16.6374	1185.0703	5.1469	6
149.3	16.7403	1199.7831	5.1514	6
149.35	16.8409	1212.84	5.1619	6
149.4	16.9387	1225.564	5.1711	6
149.45	17.0343	1237.5105	5.1607	6
149.5	17.1277	1248.8047	5.1425	6
149.55	17.2189	1259.3842	5.141	6
149.6	17.3075	1269.7176	5.1469	6
149.65	17.394	1278.9273	5.143	6
149.7	17.4785	1287.0188	5.1513	6
149.75	17.5605	1295.5609	5.1397	6
149.8	17.6407	1303.2439	5.1319	6
149.85	17.7195	1309.6284	5.1396	6
149.9	17.7959	1315.976	5.1488	6
149.95	17.8698	1322.1975	5.1473	6
150	17.9426	1327.1534	5.1326	6
150.05	18.0136	1332.1289	5.1413	6
150.1	18.082	1336.7293	5.1514	6
150.15	18.1491	1339.9604	5.1404	6
150.2	18.2147	1342.9989	5.1415	6
150.25	18.2785	1345.6444	5.1398	6
150.3	18.3409	1347.7195	5.1391	6
150.35	18.4016	1349.6064	5.1486	6
150.4	18.4605	1351.5607	5.154	6
150.45	18.5186	1352.1002	5.1636	6
150.5	18.5744	1353.002	5.16	6
150.55	18.6285	1353.9607	5.1556	6
150.6	18.682	1353.4708	5.1669	6
150.65	18.7342	1352.7921	5.1689	6
150.7	18.7839	1352.8657	5.1548	6
150.75	18.833	1351.4704	5.1628	6
150.8	18.8811	1349.585	5.1584	6
150.85	18.9272	1348.6228	5.1581	6
150.9	18.9724	1346.6188	5.1562	6
150.95	19.0171	1343.5944	5.1594	6
151	19.0594	1341.7285	5.1624	6
151.05	19.1007	1339.0197	5.1567	6
151.1	19.1417	1335.5913	5.1498	6
151.15	19.1814	1332.2568	5.1565	6
151.2	19.22	1328.7128	5.1734	6
151.25	19.2575	1324.7498	5.1761	6
151.3	19.2935	1321.013	5.1627	6
151.35	19.3288	1317.1001	5.1724	6
151.4	19.3634	1312.7826	5.189	6
151.45	19.3965	1308.977	5.1756	6
151.5	19.4289	1304.5297	5.1689	6
151.55	19.4608	1298.9054	5.1654	6
151.6	19.4905	1294.7936	5.1485	6
151.65	19.52	1290.2281	5.1454	6
151.7	19.5494	1284.6413	5.1497	6
151.75	19.577	1279.8208	5.1557	6
151.8	19.6035	1275.3472	5.1442	6
151.85	19.6302	1269.7271	5.155	6
151.9	19.6562	1263.857	5.1635	6
151.95	19.6804	1259.5106	5.1653	6
152	19.7046	1253.9771	5.1643	6
152.05	19.7282	1248.2019	5.1558	6
152.1	19.7505	1243.2664	5.1786	6
152.15	19.7723	1237.6907	5.1859	6
152.2	19.7936	1232.1668	5.167	6
152.25	19.814	1227.2231	5.173	6
152.3	19.834	1221.8551	5.1803	6
152.35	19.8535	1215.9529	5.1842	6
152.4	19.8717	1210.6715	5.167	6
152.45	19.89	1204.915	5.1659	6
152.5	19.9076	1198.9399	5.166	6
152.55	19.9238	1194.1264	5.1637	6
152.6	19.9402	1188.3909	5.1785	6
152.65	19.9564	1182.3908	5.1849	6
152.7	19.9713	1177.3935	5.1669	6
152.75	19.9862	1171.8124	5.1834	6
152.8	20.0011	1165.079	5.1952	6
152.85	20.0145	1160.3993	5.1833	6
152.9	20.0276	1155.3591	5.179	6
152.95	20.0411	1148.7831	5.1848	6
153	20.0532	1143.6391	5.1851	6
153.05	20.0643	1139.3806	5.1813	6
153.1	20.0765	1133.1798	5.1764	6
153.15	20.0878	1127.8852	5.1831	6
153.2	20.0976	1124.0231	5.1716	6
153.25	20.1085	1118.1413	5.1623	6
153.3	20.1186	1112.5831	5.1687	6
153.35	20.1271	1108.6745	5.1492	6
153.4	20.1369	1103.5586	5.1538	6
153.45	20.1464	1097.4268	5.1567	6
153.5	20.1539	1093.0395	5.1535	6
153.55	20.1616	1088.3894	5.1627	6
153.6	20.1704	1082.0359	5.1763	6
153.65	20.1772	1078.2236	5.1659	6
153.7	20.1843	1074.2836	5.1532	6
153.75	20.1922	1068.9729	5.1648	6
153.8	20.199	1064.8676	5.1654	6
153.85	20.2048	1061.2028	5.1601	6
153.9	20.2116	1055.4726	5.1662	6
153.95	20.2176	1051.2733	5.1608	6
154	20.2228	1047.5572	5.1649	6
154.05	20.2285	1042.6666	5.1637	6
154.1	20.2339	1038.344	5.1384	6
154.15	20.2384	1034.8385	5.1426	6
154.2	20.2434	1030.2325	5.1563	6
154.25	20.2479	1026.0097	5.1485	6
154.3	20.2521	1022.3478	5.1521	6
154.35	20.2563	1018.4409	5.1658	6
154.4	20.2603	1014.2473	5.1822	6
154.45	20.2635	1010.9564	5.1901	6
154.5	20.2672	1007.0454	5.1778	6
154.55	20.2706	1003.1461	5.1818	6
154.6	20.2734	999.8805	5.1816	6
154.65	20.2765	996.1308	5.1693	6
154.7	20.2796	992.0462	5.182	6
154.75	20.2819	989.373	5.1764	6
154.8	20.2846	986.2325	5.1629	6
154.85	20.2873	982.4031	5.167	6
154.9	20.289	979.9872	5.1779	6
154.95	20.2907	977.1906	5.1662	6
155	20.2929	973.5506	5.1441	6
155.05	20.2944	970.8249	5.1523	6
155.1	20.2957	968.3894	5.152	6
155.15	20.2974	965.2395	5.1527	6
155.2	20.2989	962.207	5.1613	6
155.25	20.2999	959.9048	5.1613	6
155.3	20.3013	957.036	5.1569	6
155.35	20.3024	953.9714	5.1588	6
155.4	20.303	951.8233	5.1434	6
155.45	20.304	949.4267	5.1535	6
155.5	20.3051	946.5381	5.157	6
155.55	20.3055	944.4876	5.1519	6
155.6	20.306	942.2728	5.1542	6
155.65	20.3066	939.8592	5.1563	6
155.7	20.307	937.5676	5.157	6
155.75	20.3071	935.8705	5.1524	6
155.8	20.3076	933.505	5.1398	6
155.85	20.308	931.0272	5.1326	6
155.9	20.3078	929.4432	5.1451	6
155.95	20.3081	926.9635	5.1556	6
156	20.3082	924.6536	5.145	6
156.05	20.3081	922.8499	5.1416	6
156.1	20.3081	920.8686	5.1563	6
156.15	20.3079	919.321	5.1406	6
156.2	20.3074	917.9481	5.1433	6
156.25	20.3076	915.597	5.1455	6
156.3	20.3074	913.7862	5.1387	6
156.35	20.3066	912.7681	5.1322	6
156.4	20.3066	910.5125	5.1217	6
156.45	20.3065	908.6566	5.115	6
156.5	20.3056	907.6552	5.1315	6
156.55	20.3051	905.9695	5.1706	6
156.6	20.305	903.8155	5.1652	6
156.65	20.304	902.697	5.1503	6
156.7	20.303	901.6239	5.1437	6
156.75	20.303	899.6183	5.1432	6
156.8	20.3024	898.3378	5.1569	6
156.85	20.3013	897.5915	5.1503	6
156.9	20.3013	895.6026	5.1348	6
156.95	20.3006	893.8126	5.1271	6
157	20.2993	893.1085	5.137	6
157.05	20.2988	891.9601	5.1467	6
157.1	20.2986	889.9206	5.1532	6
157.15	20.297	889.6149	5.1376	6
157.2	20.2962	888.5916	5.1313	6
157.25	20.296	886.506	5.1432	6
157.3	20.2949	885.6271	5.1535	6
157.35	20.2938	885.1382	5.1498	6
157.4	20.2935	883.4628	5.148	6
157.45	20.2927	882.4439	5.1528	6
157.5	20.2915	881.7839	5.1735	6
157.55	20.291	880.2192	5.1616	6
157.6	20.2903	878.7707	5.169	6
157.65	20.2891	878.2509	5.1705	6
157.7	20.2886	876.8466	5.1612	6
157.75	20.2883	875.2055	5.1654	6
157.8	20.2875	874.3574	5.1693	6
157.85	20.2866	873.3045	5.1543	6
157.9	20.2862	871.4408	5.1421	6
157.95	20.2855	870.2892	5.1295	6
158	20.2851	868.7557	5.1479	6
158.05	20.2846	866.9066	5.1565	6
158.1	20.2837	865.9273	5.156	6
158.15	20.2833	864.5378	5.1641	6
158.2	20.2831	862.7303	5.154	6
158.25	20.282	862.1027	5.14	6
158.3	20.2813	861.0159	5.12	6
158.35	20.2811	859.0085	5.1262	6
158.4	20.2801	858.1786	5.1193	6
158.45	20.2792	857.1939	5.1061	6
158.5	20.2788	855.6838	5.1216	6
158.55	20.2779	854.7083	5.1376	6
158.6	20.2769	853.9523	5.1307	6
158.65	20.2762	852.5415	5.1191	6
158.7	20.2755	851.341	5.1209	6
158.75	20.2746	850.5817	5.1227	6
158.8	20.2739	849.2839	5.1216	6
158.85	20.2733	848.202	5.1285	6
158.9	20.2725	847.5931	5.1284	6
158.95	20.2721	846.3779	5.1262	6
159	20.2714	845.341	5.1373	6
159.05	20.2704	844.7637	5.1296	6
159.1	20.2697	844.0836	5.128	6
159.15	20.2691	842.8939	5.1465	6
159.2	20.268	842.2972	5.1405	6
159.25	20.267	841.7064	5.1469	6
159.3	20.2663	840.5597	5.1564	6
159.35	20.2655	839.8282	5.1502	6
159.4	20.2644	839.6622	5.1469	6
159.45	20.2638	838.5505	5.1378	6
159.5	20.2633	837.2997	5.1458	6
159.55	20.2622	836.9475	5.1568	6
159.6	20.2609	836.8281	5.1526	6
159.65	20.2603	835.9681	5.1523	6
159.7	20.2598	835.1402	5.1625	6
159.75	20.2584	835.2852	5.1745	6
159.8	20.2576	834.7154	5.1734	6
159.85	20.2571	833.5668	5.1523	6
159.9	20.2561	833.3871	5.1632	6
159.95	20.2549	833.3804	5.1648	6
160	20.254	832.8186	5.1643	6
160.05	20.2533	832.0412	5.1705	6
160.1	20.2522	831.9819	5.1632	6
160.15	20.2511	831.9032	5.1671	6
160.2	20.2504	831.3081	5.161	6
160.25	20.2495	830.6074	5.1592	6
160.3	20.2484	830.7312	5.1631	6
160.35	20.2476	830.5006	5.1658	6
160.4	20.247	829.7538	5.1639	6
160.45	20.2457	829.956	5.1578	6
160.5	20.2448	829.7666	5.1656	6
160.55	20.2444	828.8349	5.1705	6
160.6	20.2432	829.051	5.16	6
160.65	20.2424	828.7299	5.1684	6
160.7	20.2418	828.1741	5.1707	6
160.75	20.241	827.7918	5.1505	6
160.8	20.2401	827.443	5.1502	6
160.85	20.2395	826.9111	5.1575	6
160.9	20.2388	826.4887	5.1475	6
160.95	20.2382	826.3755	5.1465	6
161	20.2375	826.2927	5.1442	6
161.05	20.237	825.67	5.1578	6
161.1	20.2364	825.0544	5.1534	6
161.15	20.2359	824.3789	5.1442	6
161.2	20.2352	824.1	5.1573	6
161.25	20.2346	823.8858	5.1609	6
161.3	20.2344	823.1417	5.1542	6
161.35	20.2339	822.6883	5.1528	6
161.4	20.2328	823.2528	5.1561	6
161.45	20.2325	822.6776	5.1681	6
161.5	20.2323	821.7377	5.164	6
161.55	20.231	822.0476	5.1552	6
161.6	20.2304	821.971	5.1623	6
161.65	20.2305	820.976	5.1649	6
161.7	20.2298	820.676	5.1609	6
161.75	20.2286	821.2549	5.152	6
161.8	20.2284	820.4441	5.145	6
161.85	20.2283	819.6158	5.1453	6
161.9	20.2267	820.601	5.1431	6
161.95	20.2265	820.0245	5.1671	6
162	20.2268	818.6402	5.1557	6
162.05	20.2256	819.436	5.15	6
162.1	20.2245	819.7586	5.1422	6
162.15	20.2246	818.6384	5.149	6
162.2	20.224	818.4136	5.148	6
162.25	20.2227	819.1594	5.1433	6
162.3	20.2223	818.4387	5.1339	6
162.35	20.2225	817.3414	5.1318	6
162.4	20.2215	817.9526	5.1416	6
162.45	20.2209	818.1582	5.1714	6
162.5	20.2208	816.9557	5.1598	6
162.55	20.2201	817.4463	5.1386	6
162.6	20.219	817.9687	5.1463	6
162.65	20.2193	817.0207	5.1583	6
162.7	20.2187	816.8443	5.1622	6
162.75	20.2174	817.9887	5.1449	6
162.8	20.2177	816.8051	5.1437	6
162.85	20.2174	816.4606	5.1611	6
162.9	20.2163	817.3854	5.1455	6
162.95	20.2162	816.4392	5.1589	6
163	20.2163	815.9438	5.1796	6
163.05	20.2147	817.1096	5.1682	6
163.1	20.2147	816.7363	5.1584	6
163.15	20.2148	815.5656	5.1458	6
163.2	20.2133	816.389	5.1569	6
163.25	20.2131	816.5627	5.1699	6
163.3	20.2132	815.2966	5.1756	6
163.35	20.2122	816.3014	5.1657	6
163.4	20.2115	816.6544	5.154	6
163.45	20.2118	814.9876	5.1607	6
163.5	20.2111	815.9935	5.159	6
163.55	20.2102	816.2322	5.1609	6
163.6	20.2105	814.8801	5.1658	6
163.65	20.2101	815.3757	5.1494	6
163.7	20.2089	815.9082	5.1487	6
163.75	20.2091	815.18	5.162	6
163.8	20.2092	814.6396	5.1587	6
163.85	20.2077	815.6308	5.1433	6
163.9	20.2078	815.5373	5.1404	6
163.95	20.2082	814.4995	5.1609	6
164	20.2071	814.7091	5.1851	6
164.05	20.2066	815.5123	5.1753	6
164.1	20.2072	814.227	5.16	6
164.15	20.2066	813.9772	5.1608	6
164.2	20.206	814.774	5.1595	6
164.25	20.2058	814.4472	5.166	6
164.3	20.2056	813.3005	5.1628	6
164.35	20.2053	813.6507	5.1554	6
164.4	20.2048	814.0279	5.1642	6
164.45	20.2045	813.3414	5.1551	6
164.5	20.2043	813.6783	5.1434	6
164.55	20.2042	813.937	5.1321	6
164.6	20.2038	813.3515	5.1464	6
164.65	20.2034	813.3551	5.148	6
164.7	20.2035	813.6086	5.1378	6
164.75	20.2029	813.5953	5.1391	6
164.8	20.2028	813.0007	5.1388	6
164.85	20.203	813.0183	5.138	6
164.9	20.2021	813.5582	5.1565	6
164.95	20.2016	813.1515	5.1668	6
165	20.2021	812.474	5.1643	6
165.05	20.2018	813.0486	5.1485	6
165.1	20.2008	813.345	5.1609	6
165.15	20.2011	812.1029	5.1805	6
165.2	20.201	812.7644	5.1567	6
165.25	20.2004	813.3123	5.146	6
165.3	20.2001	812.1185	5.1603	6
165.35	20.1999	812.3492	5.1744	6
165.4	20.1998	812.9551	5.1699	6
165.45	20.1999	812.2268	5.1537	6
165.5	20.1991	812.1998	5.1372	6
165.55	20.1991	812.1155	5.1187	6
165.6	20.1992	812.1041	5.1262	6
165.65	20.1984	812.1067	5.1402	6
165.7	20.1981	811.5578	5.1367	6
165.75	20.1983	811.6735	5.1494	6
165.8	20.1977	812.8607	5.1693	6
165.85	20.1975	812.1902	5.1702	6
165.9	20.1976	811.0574	5.1689	6
165.95	20.1969	812.5128	5.1759	6
166	20.1966	813.1831	5.176	6
166.05	20.197	811.5547	5.167	6
166.1	20.1958	812.2074	5.1555	6
166.15	20.195	813.6974	5.1803	6
166.2	20.1959	812.6628	5.1832	6
166.25	20.1952	812.8525	5.1642	6
166.3	20.1939	813.549	5.1739	6
166.35	20.1944	812.87	5.1733	6
166.4	20.1944	813.3347	5.163	6
166.45	20.1938	814.6343	5.1648	6
166.5	20.1938	813.4603	5.1643	6
166.55	20.1934	812.9129	5.149	6
166.6	20.1927	814.1946	5.1443	6
166.65	20.1929	814.2932	5.1456	6
166.7	20.1935	813.5381	5.1545	6
166.75	20.1923	814.0543	5.1504	6
166.8	20.1918	814.0992	5.1477	6
166.85	20.1922	813.6857	5.1474	6
166.9	20.192	814.2779	5.1431	6
166.95	20.1914	815.2118	5.1431	6
167	20.1917	813.6457	5.1427	6
167.05	20.1914	813.3845	5.1475	6
167.1	20.191	814.315	5.1604	6
167.15	20.1914	814.174	5.1485	6
167.2	20.1916	814.0872	5.1403	6
167.25	20.1907	814.3402	5.1279	6
167.3	20.1904	813.6348	5.134	6
167.35	20.1906	813.462	5.1329	6
167.4	20.1904	814.1318	5.1359	6
167.45	20.1905	814.2794	5.1488	6
167.5	20.1907	813.3071	5.1421	6
167.55	20.1897	813.1845	5.1394	6
167.6	20.1894	813.3621	5.1457	6
167.65	20.1898	813.1354	5.1426	6
167.7	20.19	813.3869	5.1473	6
167.75	20.1897	814.265	5.1351	6
167.8	20.1894	813.957	5.1333	6
167.85	20.1895	812.7071	5.1516	6
167.9	20.1892	813.1704	5.1464	6
167.95	20.189	813.895	5.1233	6
168	20.1898	813.193	5.1266	6
168.05	20.1894	813.944	5.1316	6
168.1	20.189	813.6215	5.1197	6
168.15	20.1894	812.0589	5.1177	6
168.2	20.1886	813.3011	5.1412	6
168.25	20.1882	814.3442	5.1627	6
168.3	20.1895	812.8524	5.1708	6
168.35	20.189	813.5241	5.1596	6
168.4	20.1876	814.3807	5.1496	6
168.45	20.1883	812.5398	5.1547	6
168.5	20.1883	812.7308	5.1503	6
168.55	20.1873	814.5706	5.1489	6
168.6	20.188	813.8638	5.1424	6
168.65	20.1882	814.034	5.1265	6
168.7	20.1871	814.9413	5.1369	6
168.75	20.1871	813.3997	5.1501	6
168.8	20.1872	813.1923	5.131	6
168.85	20.1864	814.9315	5.1341	6
168.9	20.1867	814.9451	5.1282	6
168.95	20.1875	814.1846	5.1301	6
169	20.1865	815.6707	5.1211	6
169.05	20.1858	815.5387	5.1275	6
169.1	20.1862	814.1719	5.1388	6
169.15	20.1858	814.9255	5.1336	6
169.2	20.1854	815.8959	5.1461	6
169.25	20.1859	815.5726	5.1438	6
169.3	20.186	815.7408	5.1175	6
169.35	20.1856	816.5542	5.1356	6
169.4	20.1854	815.8678	5.1467	6
169.45	20.1851	815.1172	5.1352	6
169.5	20.1846	815.8357	5.1448	6
169.55	20.1845	816.1737	5.1365	6
169.6	20.185	815.9687	5.1269	6
169.65	20.1851	816.289	5.1305	6
169.7	20.1849	816.9461	5.1229	6
169.75	20.1852	816.5822	5.1105	6
169.8	20.1847	815.8047	5.116	6
169.85	20.1844	815.5881	5.1261	6
169.9	20.1842	816.1688	5.1307	6
169.95	20.1841	816.4769	5.1245	6
170	20.1843	816.4581	5.1175	6
170.05	20.1839	817.1703	5.1111	6
170.1	20.1841	817.524	5.1166	6
170.15	20.1845	816.9356	5.1261	6
170.2	20.1838	816.3227	5.1308	6
170.25	20.1834	816.2643	5.135	6
170.3	20.1835	816.5165	5.1363	6
170.35	20.1836	816.5661	5.127	6
170.4	20.1835	817.0814	5.1312	6
170.45	20.1836	817.4857	5.1476	6
170.5	20.1841	817.1741	5.1526	6
170.55	20.1843	817.2587	5.1551	6
170.6	20.1836	817.2564	5.1442	6
170.65	20.1838	815.8739	5.144	6
170.7	20.1839	815.775	5.1354	6
170.75	20.1833	816.8514	5.1321	6
170.8	20.184	816.4496	5.1371	6
170.85	20.1848	815.7715	5.1326	6
170.9	20.1842	816.728	5.1236	6
170.95	20.1845	816.4882	5.1353	6
171	20.1852	815.0012	5.1493	6
171.05	20.1844	814.9864	5.1328	6
171.1	20.1843	815.1995	5.1348	6
171.15	20.1847	814.9524	5.1495	6
171.2	20.1849	815.246	5.1599	6
171.25	20.1851	815.1724	5.1856	6
171.3	20.1851	815.5068	5.1776	6
171.35	20.1854	815.0474	5.1641	6
171.4	20.1851	813.9696	5.1623	6
171.45	20.1843	814.5203	5.1633	6
171.5	20.1844	814.5147	5.1792	6
171.55	20.1846	814.4061	5.171	6
171.6	20.1845	815.058	5.1521	6
171.65	20.1846	815.2712	5.1584	6
171.7	20.1851	814.9009	5.1557	6
171.75	20.1852	814.2212	5.1626	6
171.8	20.1845	813.665	5.176	6
171.85	20.1845	813.471	5.1668	6
171.9	20.1849	813.1954	5.1777	6
171.95	20.1848	813.6195	5.1806	6
172	20.1844	814.5181	5.1746	6
172.05	20.1849	814.0351	5.1601	6
172.1	20.1852	813.4716	5.1558	6
172.15	20.1845	813.5474	5.1531	6
172.2	20.1843	812.8298	5.1554	6
172.25	20.1849	812.2004	5.1472	6
172.3	20.1846	813.0622	5.1532	6
172.35	20.1845	813.5326	5.1547	6
172.4	20.185	813.1905	5.1709	6
172.45	20.185	813.522	5.1706	6
172.5	20.1847	813.9914	5.1666	6
172.55	20.1848	812.5213	5.183	6
172.6	20.1842	812.3471	5.1719	6
172.65	20.1839	812.9953	5.1655	6
172.7	20.1842	812.8699	5.1652	6
172.75	20.1841	813.3044	5.1819	6
172.8	20.1841	813.5916	5.1861	6
172.85	20.1842	813.7248	5.1539	6
172.9	20.184	814.209	5.152	6
172.95	20.184	813.1166	5.1647	6
173	20.1835	812.612	5.1465	6
173.05	20.1832	813.1901	5.1413	6
173.1	20.1833	813.4095	5.1482	6
173.15	20.1839	812.8536	5.1558	6
173.2	20.184	813.2402	5.1641	6
173.25	20.1837	814.0613	5.1828	6
173.3	20.1844	813.3902	5.172	6
173.35	20.1848	811.8282	5.1703	6
173.4	20.1836	811.9991	5.1789	6
173.45	20.1837	811.7625	5.1664	6
173.5	20.1845	810.8598	5.1501	6
173.55	20.1841	811.7211	5.1681	6
173.6	20.1842	811.8139	5.1818	6
173.65	20.1848	811.2704	5.1671	6
173.7	20.1849	811.7243	5.1528	6
173.75	20.1846	811.4015	5.149	6
173.8	20.1847	810.2297	5.1686	6
173.85	20.1844	810.7609	5.1787	6
173.9	20.1845	810.9376	5.1773	6
173.95	20.1849	810.5963	5.192	6
174	20.1852	810.5589	5.1855	6
174.05	20.1851	811.0341	5.1885	6
174.1	20.1856	810.4895	5.1766	6
174.15	20.1852	809.5888	5.1736	6
174.2	20.1846	809.6525	5.1987	6
174.25	20.1848	809.818	5.1836	6
174.3	20.1853	809.2792	5.1746	6
174.35	20.1851	809.7042	5.1783	6
174.4	20.185	810.1916	5.1697	6
174.45	20.1856	809.6602	5.1595	6
174.5	20.1853	809.2358	5.1509	6
174.55	20.1843	809.3647	5.1535	6
174.6	20.1844	809.0201	5.1485	6
174.65	20.1846	808.9753	5.1451	6
174.7	20.1842	809.892	5.1607	6
174.75	20.1845	809.7838	5.1499	6
174.8	20.1849	809.687	5.1443	6
174.85	20.1843	810.5885	5.1507	6
174.9	20.1839	810.2699	5.1564	6
174.95	20.1838	809.0568	5.1606	6
175	20.1832	809.5727	5.1639	6
175.05	20.183	810.3424	5.162	6
175.1	20.1836	809.6377	5.1527	6
175.15	20.1836	809.9228	5.1557	6
175.2	20.1835	810.4871	5.1585	6
175.25	20.1844	809.6515	5.1523	6
175.3	20.1843	809.4747	5.1458	6
175.35	20.1835	809.4779	5.1484	6
175.4	20.1836	808.8289	5.1521	6
175.45	20.184	808.5618	5.155	6
175.5	20.1839	809.1712	5.1456	6
175.55	20.184	809.2667	5.1478	6
175.6	20.1847	808.5702	5.1466	6
175.65	20.1845	809.0148	5.1375	6
175.7	20.1845	809.0161	5.1501	6
175.75	20.1846	807.503	5.1627	6
175.8	20.1842	807.3049	5.1455	6
175.85	20.184	807.8807	5.1499	6
175.9	20.1845	807.5082	5.1542	6
175.95	20.1847	807.2467	5.1659	6
176	20.1845	807.8125	5.1642	6
176.05	20.1851	807.347	5.1563	6
176.1	20.1856	806.2468	5.1623	6
176.15	20.1845	806.2833	5.1591	6
176.2	20.1845	806.0084	5.1576	6
176.25	20.1849	805.7019	5.1498	6
176.3	20.1846	806.4347	5.1487	6
176.35	20.1846	806.7571	5.1566	6
176.4	20.1852	806.1288	5.1506	6
176.45	20.1849	806.7975	5.1344	6
176.5	20.1843	806.543	5.1428	6
176.55	20.1841	805.1638	5.159	6
176.6	20.1839	805.5315	5.1583	6
176.65	20.1837	806.2316	5.1547	6
176.7	20.1843	805.6939	5.1464	6
176.75	20.1843	805.9063	5.1497	6
176.8	20.1842	806.0886	5.1321	6
176.85	20.1846	805.6829	5.1344	6
176.9	20.1843	805.48	5.1519	6
176.95	20.1839	804.754	5.1539	6
177	20.1843	804.0579	5.1458	6
177.05	20.1841	804.8931	5.15	6
177.1	20.1842	804.9263	5.1509	6
177.15	20.1851	804.0185	5.1601	6
177.2	20.1848	804.7805	5.1567	6
177.25	20.1851	804.737	5.1563	6
177.3	20.1853	803.0675	5.1476	6
177.35	20.1846	802.7116	5.1492	6
177.4	20.1842	803.4251	5.1754	6
177.45	20.1848	802.9123	5.178	6
177.5	20.1849	802.9545	5.1686	6
177.55	20.1847	803.4771	5.1615	6
177.6	20.1847	803.5247	5.1489	6
177.65	20.1848	803.257	5.1482	6
177.7	20.1843	802.6545	5.1338	6
177.75	20.184	802.3919	5.138	6
177.8	20.1836	803.107	5.1462	6
177.85	20.1835	803.4704	5.1412	6
177.9	20.184	803.1201	5.1412	6
177.95	20.1841	803.563	5.14	6
178	20.1841	803.8564	5.1591	6
178.05	20.1846	802.9983	5.1587	6
178.1	20.1839	802.3434	5.1473	6
178.15	20.1833	802.3508	5.1533	6
178.2	20.1838	801.8629	5.151	6
178.25	20.1836	802.2098	5.1588	6
178.3	20.1831	803.1892	5.1697	6
178.35	20.1839	802.4675	5.1659	6
178.4	20.1838	803.0263	5.1664	6
178.45	20.1834	803.7493	5.1634	6
178.5	20.1839	802.3501	5.1608	6
178.55	20.1834	801.9145	5.1528	6
178.6	20.183	802.5213	5.1559	6
178.65	20.1835	801.9794	5.1706	6
178.7	20.1835	802.1384	5.1685	6
178.75	20.1835	802.3938	5.1517	6
178.8	20.1835	802.6496	5.1493	6
178.85	20.1836	802.79	5.1609	6
178.9	20.1836	802.5082	5.1484	6
178.95	20.1832	801.6566	5.1543	6
179	20.1828	801.5383	5.1615	6
179.05	20.1831	801.211	5.1535	6
179.1	20.1833	801.0627	5.1572	6
179.15	20.1831	801.6885	5.1738	6
179.2	20.1836	801.4118	5.1694	6
179.25	20.1838	801.3261	5.1434	6
179.3	20.1832	802.3188	5.1419	6
179.35	20.1831	801.7185	5.1442	6
179.4	20.183	800.4859	5.1448	6
179.45	20.1823	801.1326	5.1594	6
179.5	20.1819	801.8253	5.153	6
179.55	20.1827	800.9481	5.1464	6
179.6	20.1823	801.8772	5.1564	6
179.65	20.1816	803.1942	5.1561	6
179.7	20.1823	802.4175	5.1682	6
179.75	20.182	802.9134	5.1616	6
179.8	20.1814	803.6108	5.1531	6
179.85	20.1817	801.7445	5.1687	6
179.9	20.1815	801.199	5.188	6
179.95	20.1806	802.297	5.1836	6
180	20.1809	801.9867	5.1732	6
180.05	20.1812	801.8317	5.1662	6
180.1	20.1809	802.4986	5.1773	6
180.15	20.1809	802.6278	5.1824	6
180.2	20.1816	801.8934	5.1884	6
180.25	20.1816	802.1738	5.1853	6
180.3	20.1812	802.8714	5.1712	6
180.35	20.1813	801.8041	5.1441	6
180.4	20.1808	801.1845	5.1454	6
180.45	20.1801	802.263	5.1569	6
180.5	20.1801	802.3253	5.1625	6
180.55	20.1805	801.9259	5.1683	6
180.6	20.1803	802.5676	5.1684	6
180.65	20.18	803.0536	5.1573	6
180.7	20.1803	802.5887	5.1507	6
180.75	20.1802	802.5368	5.141	6
180.8	20.1799	803.2066	5.1466	6
180.85	20.1805	802.9965	5.1513	6
180.9	20.1807	802.3208	5.1531	6
180.95	20.1796	802.5015	5.1468	6
181	20.1798	801.9918	5.127	6
181.05	20.18	801.8521	5.1288	6
181.1	20.1794	802.9228	5.1457	6
181.15	20.1798	802.749	5.1498	6
181.2	20.1801	802.4051	5.155	6
181.25	20.1795	803.5523	5.149	6
181.3	20.1796	803.792	5.138	6
181.35	20.1803	803.0148	5.1452	6
181.4	20.1796	803.9978	5.1383	6
181.45	20.1796	804.1126	5.1287	6
181.5	20.1803	802.4999	5.131	6
181.55	20.1796	802.0144	5.1307	6
181.6	20.179	802.7669	5.1337	6
181.65	20.1796	802.003	5.1236	6
181.7	20.1795	802.3519	5.136	6
181.75	20.179	803.4063	5.1467	6
181.8	20.1791	803.4079	5.1477	6
181.85	20.1793	803.3381	5.1634	6
181.9	20.1792	803.6542	5.1714	6
181.95	20.1791	804.072	5.1563	6
182	20.1794	803.9937	5.147	6
182.05	20.1798	803.6194	5.1411	6
182.1	20.1796	803.724	5.1414	6
182.15	20.1789	803.221	5.1534	6
182.2	20.1788	802.3294	5.1745	6
182.25	20.1789	802.4089	5.1748	6
182.3	20.1786	803.0839	5.1638	6
182.35	20.179	802.8041	5.156	6
182.4	20.179	802.8427	5.1437	6
182.45	20.1788	803.4854	5.1346	6
182.5	20.1792	803.08	5.1413	6
182.55	20.1791	803.1597	5.1313	6
182.6	20.1788	803.8467	5.1407	6
182.65	20.1794	803.2973	5.1427	6
182.7	20.1796	803.1576	5.1478	6
182.75	20.1793	803.5777	5.1545	6
182.8	20.1794	802.23	5.1357	6
182.85	20.179	801.756	5.1482	6
182.9	20.1789	802.1386	5.1619	6
182.95	20.1792	801.9182	5.1484	6
183	20.179	802.3609	5.1529	6
183.05	20.1788	802.8394	5.1594	6
183.1	20.1796	801.9793	5.1693	6
183.15	20.1794	802.5692	5.1697	6
183.2	20.1791	803.2167	5.1627	6
183.25	20.1798	802.3354	5.1789	6
183.3	20.1799	802.3617	5.1858	6
183.35	20.1795	803.2286	5.1789	6
183.4	20.1799	802.3432	5.1867	6
183.45	20.1798	800.9725	5.1894	6
183.5	20.1792	801.3749	5.1899	6
183.55	20.179	801.6225	5.1866	6
183.6	20.1793	801.3662	5.1913	6
183.65	20.1795	801.6559	5.1938	6
183.7	20.1795	801.715	5.1795	6
183.75	20.1794	802.0536	5.1571	6
183.8	20.1793	802.5106	5.144	6
183.85	20.1792	802.5782	5.1425	6
183.9	20.179	802.9222	5.1566	6
183.95	20.1789	803.3911	5.1539	6
184	20.1791	803.0666	5.154	6
184.05	20.1782	802.9884	5.15	6
184.1	20.1775	802.8545	5.1534	6
184.15	20.1777	802.5593	5.1612	6
184.2	20.1774	803.1794	5.1403	6
184.25	20.1774	803.5458	5.1408	6
184.3	20.178	803.0728	5.1433	6
184.35	20.1776	803.8344	5.1496	6
184.4	20.1776	804.1129	5.1701	6
184.45	20.1781	803.5013	5.1675	6
184.5	20.1779	803.8651	5.1475	6
184.55	20.1778	804.345	5.1451	6
184.6	20.1781	804.2109	5.1295	6
184.65	20.1781	804.3285	5.1176	6
184.7	20.1778	805.073	5.1144	6
184.75	20.1779	805.1381	5.1418	6
184.8	20.1778	804.3043	5.135	6
184.85	20.1767	804.1984	5.1284	6
184.9	20.1765	803.9957	5.1526	6
184.95	20.177	803.5959	5.1475	6
185	20.1768	804.183	5.1345	6
185.05	20.1766	804.6707	5.1368	6
185.1	20.1769	804.2702	5.1234	6
185.15	20.1766	804.8201	5.1245	6
185.2	20.1762	805.4697	5.1137	6
185.25	20.1766	805.0835	5.1152	6
185.3	20.1768	805.1467	5.1496	6
185.35	20.1764	805.9672	5.1504	6
185.4	20.1769	805.5643	5.1382	6
185.45	20.1773	805.3521	5.1224	6
185.5	20.1768	806.1206	5.1143	6
185.55	20.1769	806.3533	5.117	6
185.6	20.1773	806.0072	5.1264	6
185.65	20.1769	806.5157	5.1243	6
185.7	20.1768	806.0326	5.1158	6
185.75	20.1765	805.099	5.1199	6
185.8	20.1759	805.7901	5.1394	6
185.85	20.1762	805.6239	5.1297	6
185.9	20.1766	805.2985	5.1356	6
185.95	20.176	806.2455	5.1511	6
186	20.1763	805.9959	5.137	6
186.05	20.177	805.2515	5.1403	6
186.1	20.177	805.8039	5.1556	6
186.15	20.177	805.8776	5.1523	6
186.2	20.1776	805.0749	5.1505	6
186.25	20.1775	805.3558	5.1369	6
186.3	20.1773	805.899	5.1452	6
186.35	20.1778	805.466	5.1497	6
186.4	20.178	805.4116	5.1302	6
186.45	20.178	805.5895	5.1455	6
186.5	20.1785	805.2351	5.1519	6
186.55	20.1785	804.32	5.1531	6
186.6	20.178	803.7688	5.1578	6
186.65	20.178	803.6162	5.151	6
186.7	20.1784	803.2129	5.1561	6
186.75	20.1783	803.6605	5.1557	6
186.8	20.1782	804.0938	5.1581	6
186.85	20.1787	803.6418	5.1568	6
186.9	20.1786	803.6808	5.1412	6
186.95	20.1787	803.6639	5.1539	6
187	20.1788	803.8427	5.1482	6
187.05	20.1791	803.7636	5.1383	6
187.1	20.1791	803.9093	5.1425	6
187.15	20.1791	804.1454	5.1391	6
187.2	20.1791	803.922	5.1409	6
187.25	20.1787	803.2252	5.1347	6
187.3	20.1784	802.6996	5.1566	6
187.35	20.1787	802.4209	5.1629	6
187.4	20.1784	802.7742	5.1648	6
187.45	20.1781	803.1839	5.1559	6
187.5	20.1788	802.6197	5.1398	6
187.55	20.1789	802.701	5.1412	6
187.6	20.1783	803.751	5.1341	6
187.65	20.1788	803.2047	5.1362	6
187.7	20.1793	802.8285	5.1728	6
187.75	20.1787	803.8649	5.1834	6
187.8	20.1791	803.5894	5.1653	6
187.85	20.1796	803.0123	5.1581	6
187.9	20.1789	803.2504	5.1683	6
187.95	20.1783	802.4548	5.1648	6
188	20.1782	802.0477	5.1466	6
188.05	20.178	802.5505	5.1506	6
188.1	20.1777	803.2742	5.163	6
188.15	20.1781	802.7462	5.1658	6
188.2	20.178	802.9531	5.1603	6
188.25	20.1778	803.5846	5.1578	6
188.3	20.1782	803.2908	5.157	6
188.35	20.1786	802.7289	5.1558	6
188.4	20.1783	803.3243	5.1444	6
188.45	20.1783	803.6342	5.1429	6
188.5	20.1791	802.7068	5.1505	6
188.55	20.1792	802.7833	5.1475	6
188.6	20.1785	803.3536	5.1335	6
188.65	20.1789	801.4353	5.1327	6
188.7	20.1791	800.4202	5.1272	6
188.75	20.1787	801.1475	5.1421	6
188.8	20.1789	801.1635	5.1405	6
188.85	20.1799	799.7875	5.1373	6
188.9	20.1796	800.3511	5.1527	6
188.95	20.1792	801.2192	5.1463	6
189	20.1805	799.6667	5.1358	6
189.05	20.1811	798.9187	5.1161	6
189.1	20.1801	800.5264	5.125	6
189.15	20.1808	799.7644	5.1381	6
189.2	20.182	797.6061	5.1403	6
189.25	20.1806	797.9877	5.1438	6
189.3	20.1801	798.1681	5.1387	6
189.35	20.1814	796.5419	5.1505	6
189.4	20.1811	797.02	5.1382	6
189.45	20.1802	798.4724	5.1316	6
189.5	20.1812	797.322	5.1365	6
189.55	20.1824	795.9227	5.1337	6
189.6	20.1811	797.924	5.1479	6
189.65	20.1811	798.2941	5.1582	6
189.7	20.1826	796.1019	5.152	6
189.75	20.1812	796.3027	5.1595	6
189.8	20.1796	797.4894	5.1503	6
189.85	20.1814	795.1586	5.1391	6
189.9	20.1815	795.1941	5.145	6
189.95	20.1803	797.1545	5.1481	6
190	20.1811	796.1345	5.1655	6
190.05	20.182	795.1745	5.1652	6
190.1	20.181	796.8688	5.1549	6
190.15	20.1813	796.7212	5.138	6
190.2	20.182	795.7789	5.1306	6
190.25	20.1811	796.0033	5.1425	6
190.3	20.1804	795.491	5.127	6
190.35	20.1809	794.5409	5.1296	6
190.4	20.1808	794.7988	5.1455	6
190.45	20.1804	795.5396	5.1453	6
190.5	20.1806	795.3493	5.1486	6
190.55	20.1808	795.2472	5.1415	6
190.6	20.1804	795.9519	5.1444	6
190.65	20.1805	795.9946	5.16	6
190.7	20.1807	795.7318	5.1541	6
190.75	20.1808	795.7713	5.1552	6
190.8	20.1804	795.3042	5.1671	6
190.85	20.1799	794.8781	5.1661	6
190.9	20.1801	794.5998	5.1643	6
190.95	20.18	794.7629	5.1598	6
191	20.1798	795.4247	5.1508	6
191.05	20.1798	795.5665	5.1642	6
191.1	20.1803	795.0693	5.1464	6
191.15	20.1801	795.5195	5.1504	6
191.2	20.1803	795.527	5.1565	6
191.25	20.1806	795.1799	5.1553	6
191.3	20.1808	795.1288	5.148	6
191.35	20.1807	794.6703	5.1329	6
191.4	20.1803	793.7786	5.1364	6
191.45	20.1801	793.4881	5.1508	6
191.5	20.1803	793.3312	5.148	6
191.55	20.1804	793.3356	5.1334	6
191.6	20.1812	792.6087	5.1151	6
191.65	20.1813	792.8835	5.1219	6
191.7	20.1818	792.5511	5.1292	6
191.75	20.1823	791.9039	5.1287	6
191.8	20.1825	791.728	5.138	6
191.85	20.1829	791.2402	5.1452	6
191.9	20.1829	789.9058	5.1482	6
191.95	20.183	789.0274	5.1381	6
192	20.1831	788.9	5.1265	6
192.05	20.1834	788.7439	5.1265	6
192.1	20.1835	788.5373	5.1209	6
192.15	20.1837	788.3341	5.1284	6
192.2	20.1836	788.6763	5.124	6
192.25	20.184	788.3877	5.128	6
192.3	20.184	787.4435	5.133	6
192.35	20.183	787.2019	5.1163	6
192.4	20.1833	786.9126	5.1162	6
192.45	20.1836	786.586	5.1326	6
192.5	20.1834	787.0666	5.1257	6
192.55	20.1836	787.1949	5.1344	6
192.6	20.1842	786.3887	5.1261	6
192.65	20.184	786.7823	5.1209	6
192.7	20.1841	786.401	5.1321	6
192.75	20.1836	785.5022	5.1296	6
192.8	20.1834	785.3319	5.1208	6
192.85	20.1834	785.3982	5.1207	6
192.9	20.1833	785.8654	5.1174	6
192.95	20.1835	785.8658	5.1277	6
193	20.1837	785.5499	5.1315	6
193.05	20.1837	785.6957	5.1255	6
193.1	20.1838	785.7762	5.1245	6
193.15	20.1835	784.998	5.1406	6
193.2	20.1834	783.8744	5.1555	6
193.25	20.1827	784.6249	5.1452	6
193.3	20.1827	784.7782	5.1515	6
193.35	20.1831	784.1474	5.1666	6
193.4	20.1827	784.7532	5.1591	6
193.45	20.1823	785.5644	5.1451	6
193.5	20.1829	785.0918	5.1281	6
193.55	20.1828	785.1007	5.1276	6
193.6	20.1816	785.4631	5.1322	6
193.65	20.1811	785.0098	5.1169	6
193.7	20.1813	784.5872	5.1197	6
193.75	20.1806	785.7115	5.1322	6
193.8	20.1803	786.3021	5.1195	6
193.85	20.1804	786.0322	5.1084	6
193.9	20.1801	786.4847	5.1047	6
193.95	20.1797	787.3591	5.1189	6
194	20.18	787.221	5.1096	6
194.05	20.1801	787.3663	5.0979	6
194.1	20.1797	787.9479	5.1022	6
194.15	20.1791	787.5005	5.0945	6
194.2	20.1788	786.3859	5.1069	6
194.25	20.1786	786.5162	5.1117	6
194.3	20.1782	787.3873	5.1155	6
194.35	20.1783	787.2389	5.1262	6
194.4	20.1785	787.0052	5.111	6
194.45	20.1779	788.1137	5.1082	6
194.5	20.178	788.0216	5.1104	6
194.55	20.1784	787.508	5.1102	6
194.6	20.178	788.1925	5.11	6
194.65	20.1779	788.5142	5.1115	6
194.7	20.1781	788.0835	5.121	6
194.75	20.1782	788.1755	5.1257	6
194.8	20.1779	788.8616	5.1237	6
194.85	20.1781	788.2451	5.1265	6
194.9	20.1775	787.5909	5.1212	6
194.95	20.1769	787.8348	5.1121	6
195	20.1767	788.1395	5.1084	6
195.05	20.1766	788.5392	5.1168	6
195.1	20.1765	788.9516	5.1378	6
195.15	20.1763	789.2398	5.1364	6
195.2	20.1762	789.4443	5.1132	6
195.25	20.1761	789.586	5.1046	6
195.3	20.1763	789.4065	5.0991	6
195.35	20.176	789.9543	5.1088	6
195.4	20.1758	790.5774	5.1256	6
195.45	20.1761	790.1591	5.1293	6
195.5	20.176	790.4875	5.1262	6
195.55	20.1756	791.3497	5.121	6
195.6	20.176	790.9538	5.1184	6
195.65	20.1763	790.6929	5.1187	6
195.7	20.1757	791.6375	5.1205	6
195.75	20.1758	791.5645	5.1416	6
195.8	20.1767	790.3782	5.1477	6
195.85	20.1758	790.4114	5.1362	6
195.9	20.1748	790.6065	5.1311	6
195.95	20.1759	789.0784	5.1387	6
196	20.1756	789.628	5.1399	6
196.05	20.1751	790.7532	5.1418	6
196.1	20.176	789.5902	5.1537	6
196.15	20.1763	789.0633	5.1527	6
196.2	20.1753	790.6394	5.128	6
196.25	20.1757	790.2925	5.1326	6
196.3	20.1765	789.2054	5.1398	6
196.35	20.1755	790.8171	5.128	6
196.4	20.1754	791.394	5.1331	6
196.45	20.1763	789.8893	5.1517	6
196.5	20.1755	791.0252	5.1659	6
196.55	20.1748	792.2256	5.1637	6
196.6	20.176	790.708	5.1519	6
196.65	20.1759	790.9931	5.1334	6
196.7	20.175	792.4207	5.1253	6
196.75	20.1759	791.3462	5.1306	6
196.8	20.1764	790.7616	5.112	6
196.85	20.1755	792.2137	5.1096	6
196.9	20.1758	791.7294	5.1188	6
196.95	20.1761	789.8968	5.1185	6
197	20.1751	790.2215	5.1217	6
197.05	20.1749	790.4485	5.114	6
197.1	20.1754	790.135	5.1206	6
197.15	20.1754	790.4056	5.1426	6
197.2	20.1752	790.8792	5.1506	6
197.25	20.1753	790.7631	5.1446	6
197.3	20.1752	790.9156	5.1366	6
197.35	20.175	791.3929	5.1215	6
197.4	20.1752	791.1452	5.1204	6
197.45	20.1756	790.7075	5.1078	6
197.5	20.1751	791.5188	5.1104	6
197.55	20.1752	791.4909	5.1195	6
197.6	20.1752	791.4975	5.1073	6
197.65	20.175	791.8195	5.1184	6
197.7	20.175	792.2105	5.1082	6
197.75	20.1752	792.171	5.1025	6
197.8	20.1754	792.1054	5.1127	6
197.85	20.1753	792.4889	5.1026	6
197.9	20.1753	792.3263	5.1074	6
197.95	20.1753	792.2114	5.0876	6
198	20.175	792.7596	5.0666	6
198.05	20.1751	792.9871	5.0873	6
198.1	20.1752	792.9988	5.0987	6
198.15	20.1751	792.3131	5.098	6
198.2	20.1742	791.7003	5.0968	6
198.25	20.1737	792.1718	5.0907	6
198.3	20.1739	791.9932	5.0878	6
198.35	20.174	791.8359	5.0977	6
198.4	20.1734	792.913	5.091	6
198.45	20.1737	792.7458	5.0905	6
198.5	20.1743	792.0902	5.0984	6
198.55	20.1736	793.256	5.0951	6
198.6	20.1732	793.9307	5.0959	6
198.65	20.1744	792.2949	5.102	6
198.7	20.1742	792.9282	5.1189	6
198.75	20.1735	794.2216	5.1255	6
198.8	20.1748	792.6474	5.1122	6
198.85	20.1747	792.999	5.0981	6
198.9	20.1737	794.5428	5.1071	6
198.95	20.1746	793.2756	5.1044	6
199	20.1746	793.4012	5.0996	6
199.05	20.1734	795.4222	5.1129	6
199.1	20.1744	794.1059	5.1173	6
199.15	20.1747	793.5396	5.1097	6
199.2	20.1737	795.2376	5.1103	6
199.25	20.1739	795.1188	5.1128	6
199.3	20.175	793.6667	5.1208	6
199.35	20.1739	795.3905	5.1144	6
199.4	20.1736	796.0517	5.1099	6
199.45	20.1749	794.1155	5.1164	6
199.5	20.1744	794.9763	5.1133	6
199.55	20.1735	796.4583	5.1075	6
199.6	20.175	794.4277	5.1047	6
199.65	20.1749	794.5392	5.0939	6
199.7	20.1739	796.1694	5.11	6
199.75	20.1745	794.6083	5.106	6
199.8	20.1743	793.2642	5.0928	6
199.85	20.1731	794.7558	5.105	6
199.9	20.1734	794.4533	5.115	6
199.95	20.174	793.6543	5.1099	6
200	20.1734	794.6112	5.1007	6
200.05	20.1734	794.6846	5.096	6
200.1	20.1738	794.1867	5.1065	6
200.15	20.1735	794.6008	5.1079	6
200.2	20.1733	795.2352	5.1247	6
200.25	20.1736	794.9639	5.1217	6
200.3	20.1738	794.903	5.1115	6
200.35	20.1736	795.5737	5.1211	6
200.4	20.1738	795.3697	5.1173	6
200.45	20.1738	795.4121	5.1211	6
200.5	20.1738	795.5934	5.1167	6
200.55	20.174	795.5531	5.1072	6
200.6	20.1741	795.7084	5.1233	6
200.65	20.1743	795.6008	5.1256	6
200.7	20.1746	795.098	5.1261	6
200.75	20.174	795.8639	5.1193	6
200.8	20.174	796.2037	5.1079	6
200.85	20.1748	795.2276	5.097	6
200.9	20.1744	795.9467	5.0819	6
200.95	20.174	796.7415	5.0937	6
201	20.175	795.197	5.1124	6
201.05	20.1749	795.2838	5.1174	6
201.1	20.1741	796.7018	5.1157	6
201.15	20.1751	795.488	5.105	6
201.2	20.176	794.5067	5.1151	6
201.25	20.1748	796.4238	5.1077	6
201.3	20.1751	795.7008	5.0922	6
201.35	20.1756	793.1917	5.1063	6
201.4	20.1743	794.0859	5.0949	6
201.45	20.1742	794.3632	5.0851	6
201.5	20.1755	792.7282	5.0987	6
201.55	20.175	793.5834	5.1083	6
201.6	20.1744	794.554	5.1034	6
201.65	20.1752	793.5576	5.1003	6
201.7	20.175	793.9853	5.1045	6
201.75	20.1746	794.9062	5.1217	6
201.8	20.1755	793.7009	5.1257	6
201.85	20.1757	793.5708	5.1375	6
201.9	20.1752	794.5798	5.1478	6
201.95	20.1762	793.3684	5.1283	6
202	20.1765	793.0069	5.1369	6
202.05	20.1758	794.1164	5.1406	6
202.1	20.1768	792.9461	5.1305	6
202.15	20.1771	792.6076	5.1157	6
202.2	20.1763	793.728	5.108	6
202.25	20.1769	793.1658	5.1116	6
202.3	20.1774	792.3897	5.1254	6
202.35	20.1772	792.8394	5.1288	6
202.4	20.1769	792.7459	5.1331	6
202.45	20.1771	790.8916	5.1294	6
202.5	20.1766	791.0094	5.1141	6
202.55	20.1765	791.3421	5.1172	6
202.6	20.177	790.6847	5.1155	6
202.65	20.177	790.6875	5.1263	6
202.7	20.1769	791.0711	5.1343	6
202.75	20.1778	789.8249	5.1415	6
202.8	20.1778	790.0728	5.1348	6
202.85	20.1777	790.4758	5.1339	6
202.9	20.179	788.7936	5.1296	6
202.95	20.1791	788.9101	5.1264	6
203	20.1787	789.438	5.1269	6
203.05	20.1798	788.1272	5.1063	6
203.1	20.18	788.1061	5.1005	6
203.15	20.1792	788.0214	5.1035	6
203.2	20.1793	786.2672	5.1103	6
203.25	20.1794	785.5191	5.0973	6
203.3	20.1786	787.0074	5.0881	6
203.35	20.179	786.5537	5.0907	6
203.4	20.1798	785.7397	5.1145	6
203.45	20.1792	786.8539	5.1233	6
203.5	20.179	787.4531	5.1224	6
203.55	20.1801	786.0583	5.1195	6
203.6	20.1799	786.47	5.1259	6
203.65	20.1791	787.6095	5.137	6
203.7	20.1801	786.1608	5.1256	6
203.75	20.1801	785.7411	5.1133	6
203.8	20.1788	786.5276	5.1017	6
203.85	20.1792	785.2805	5.1066	6
203.9	20.1796	784.7554	5.1197	6
203.95	20.1783	786.5955	5.1176	6
204	20.1783	786.6206	5.1156	6
204.05	20.179	785.6658	5.1231	6
204.1	20.1786	786.3718	5.1279	6
204.15	20.1781	787.1901	5.1287	6
204.2	20.179	786.0946	5.1287	6
204.25	20.179	786.2035	5.1337	6
204.3	20.1782	787.4759	5.1309	6
204.35	20.1789	786.6455	5.1345	6
204.4	20.1791	786.3684	5.1294	6
204.45	20.1783	786.2744	5.1187	6
204.5	20.1779	785.4315	5.108	6
204.55	20.178	785.1771	5.1153	6
204.6	20.1777	785.7558	5.1152	6
204.65	20.1779	785.6294	5.1188	6
204.7	20.1784	785.1758	5.1367	6
204.75	20.1782	785.9111	5.1443	6
204.8	20.1782	785.9669	5.1407	6
204.85	20.1787	785.3906	5.1307	6
204.9	20.1787	785.6984	5.128	6
204.95	20.1786	786.0387	5.1202	6
205	20.179	785.4421	5.1094	6
205.05	20.1791	785.5162	5.1055	6
205.1	20.1787	786.3442	5.1042	6
205.15	20.1784	785.5978	5.0934	6
205.2	20.1781	784.658	5.1141	6
205.25	20.1777	785.0505	5.1026	6
205.3	20.1777	785.1925	5.1073	6
205.35	20.1777	785.3016	5.1018	6
205.4	20.1774	785.9084	5.1056	6
205.45	20.1776	785.7114	5.1234	6
205.5	20.1777	785.9112	5.1214	6
205.55	20.1772	786.762	5.1303	6
205.6	20.1775	786.4264	5.1216	6
205.65	20.1776	786.3442	5.1017	6
205.7	20.177	787.2101	5.1008	6
205.75	20.1774	787.0423	5.0852	6
205.8	20.1779	786.5049	5.0808	6
205.85	20.1771	787.54	5.093	6
205.9	20.1769	787.7535	5.1031	6
205.95	20.1773	786.1079	5.1137	6
206	20.1762	786.026	5.1269	6
206.05	20.1755	786.7804	5.1144	6
206.1	20.1766	785.4511	5.1169	6
206.15	20.1764	785.7637	5.1226	6
206.2	20.1757	786.9734	5.1232	6
206.25	20.1763	786.2301	5.1225	6
206.3	20.1769	785.4843	5.1075	6
206.35	20.1761	786.9251	5.1124	6
206.4	20.1766	786.5058	5.1115	6
206.45	20.1777	785.1952	5.1055	6
206.5	20.1776	785.6898	5.0989	6
206.55	20.1774	786.0847	5.1164	6
206.6	20.1784	784.8578	5.1128	6
206.65	20.1785	784.8482	5.1154	6
206.7	20.178	785.6655	5.1097	6
206.75	20.1787	784.8853	5.0917	6
206.8	20.1788	783.6557	5.1032	6
206.85	20.1779	783.69	5.1284	6
206.9	20.1781	783.3272	5.1229	6
206.95	20.1785	782.8727	5.126	6
207	20.1785	783.0015	5.1335	6
207.05	20.1784	783.2045	5.1342	6
207.1	20.179	782.5963	5.1304	6
207.15	20.179	782.7907	5.1371	6
207.2	20.1789	783.2646	5.1429	6
207.25	20.1793	782.7655	5.1481	6
207.3	20.1795	782.5801	5.1499	6
207.35	20.1794	782.9576	5.1508	6
207.4	20.1795	782.88	5.1446	6
207.45	20.1794	782.172	5.1503	6
207.5	20.1785	781.6408	5.1532	6
207.55	20.1781	781.7435	5.1411	6
207.6	20.1786	781.2944	5.1345	6
207.65	20.1785	781.2803	5.1262	6
207.7	20.1784	781.8202	5.128	6
207.75	20.1788	781.4938	5.1456	6
207.8	20.1791	781.1749	5.149	6
207.85	20.1789	781.6351	5.1474	6
207.9	20.1789	781.6317	5.1483	6
207.95	20.1794	781.2283	5.1604	6
208	20.1793	781.569	5.168	6
208.05	20.1793	781.827	5.1455	6
208.1	20.1798	781.0065	5.1336	6
208.15	20.1794	780.1414	5.1332	6
208.2	20.1787	780.1536	5.1299	6
208.25	20.1789	779.9153	5.1333	6
208.3	20.179	780.0547	5.1531	6
208.35	20.179	780.1629	5.1579	6
208.4	20.179	780.1009	5.1419	6
208.45	20.1791	779.9461	5.1311	6
208.5	20.179	780.3415	5.1364	6
208.55	20.1791	780.2708	5.1488	6
208.6	20.1793	780.0648	5.1571	6
208.65	20.179	780.5238	5.1435	6
208.7	20.1791	780.5897	5.149	6
208.75	20.1791	780.1956	5.1693	6
208.8	20.1782	779.4736	5.1648	6
208.85	20.178	778.8716	5.1566	6
208.9	20.1778	779.3743	5.1553	6
208.95	20.1776	779.7552	5.1453	6
209	20.1777	779.5389	5.1493	6
209.05	20.1776	779.7872	5.1457	6
209.1	20.1775	780.1389	5.1436	6
209.15	20.1779	779.858	5.1455	6
209.2	20.1779	780.0198	5.1365	6
209.25	20.1778	780.2851	5.1428	6
209.3	20.1781	780.102	5.144	6
209.35	20.178	780.4146	5.1384	6
209.4	20.1776	781.0512	5.1528	6
209.45	20.1778	780.9316	5.1448	6
209.5	20.1779	780.8894	5.1349	6
209.55	20.1772	780.4986	5.1536	6
209.6	20.1768	780.0501	5.1524	6
209.65	20.1771	779.6258	5.1482	6
209.7	20.177	779.8219	5.1589	6
209.75	20.1768	780.2399	5.156	6
209.8	20.1773	779.818	5.1389	6
209.85	20.1773	779.9253	5.1302	6
209.9	20.1771	780.281	5.127	6
209.95	20.1772	780.0477	5.1136	6
210	20.1775	779.9467	5.1296	6
210.05	20.1773	780.3584	5.1417	6
210.1	20.1774	780.3215	5.1345	6
210.15	20.1777	779.9657	5.1353	6
210.2	20.1773	780.701	5.1168	6
210.25	20.1777	780.4236	5.1376	6
210.3	20.1781	779.907	5.161	6
210.35	20.1775	780.2285	5.1349	6
210.4	20.177	779.1984	5.1243	6
210.45	20.177	778.3774	5.1179	6
210.5	20.1766	779.1615	5.1207	6
210.55	20.1765	779.4953	5.1313	6
210.6	20.1768	779.0611	5.1429	6
210.65	20.1766	779.4721	5.147	6
210.7	20.1764	779.8867	5.1473	6
210.75	20.177	779.2233	5.1346	6
210.8	20.1769	779.6192	5.1295	6
210.85	20.1768	779.921	5.1273	6
210.9	20.1769	779.6967	5.1259	6
210.95	20.1769	779.7082	5.1406	6
211	20.1766	780.3128	5.1308	6
211.05	20.1766	780.3726	5.1329	6
211.1	20.177	779.9685	5.1305	6
211.15	20.1764	780.7838	5.1331	6
211.2	20.1762	780.9704	5.1304	6
211.25	20.1762	780.494	5.1138	6
211.3	20.1754	780.1083	5.1132	6
211.35	20.1752	779.7847	5.1282	6
211.4	20.175	780.1669	5.1229	6
211.45	20.1749	780.4715	5.1245	6
211.5	20.1753	780.1719	5.1422	6
211.55	20.1752	780.3817	5.1338	6
211.6	20.175	780.7441	5.1185	6
211.65	20.1753	780.6651	5.138	6
211.7	20.1752	780.8643	5.1448	6
211.75	20.1749	781.3678	5.134	6
211.8	20.175	781.1668	5.1492	6
211.85	20.175	781.3709	5.1353	6
211.9	20.1751	781.4098	5.1316	6
211.95	20.1751	781.4019	5.1378	6
212	20.175	781.6319	5.1126	6
212.05	20.175	781.8554	5.1184	6
212.1	20.1752	781.7543	5.1371	6
212.15	20.1752	781.8383	5.1477	6
212.2	20.1753	781.9323	5.1511	6
212.25	20.1752	782.0561	5.1318	6
212.3	20.1756	781.7691	5.1322	6
212.35	20.1756	781.8628	5.1422	6
212.4	20.1755	782.0937	5.1445	6
212.45	20.1757	781.575	5.1346	6
212.5	20.1749	780.9373	5.1428	6
212.55	20.1742	780.8175	5.1575	6
212.6	20.1745	780.4114	5.1633	6
212.65	20.1743	780.7307	5.1585	6
212.7	20.1742	781.0242	5.1381	6
212.75	20.1745	780.64	5.1294	6
212.8	20.1743	781.0223	5.1431	6
212.85	20.174	781.6325	5.1447	6
212.9	20.1745	781.0095	5.1372	6
212.95	20.1742	781.4374	5.1467	6
213	20.174	781.9386	5.1406	6
213.05	20.1743	781.6845	5.142	6
213.1	20.1746	781.432	5.1459	6
213.15	20.1745	781.7317	5.1371	6
213.2	20.1745	781.9134	5.1416	6
213.25	20.1746	781.632	5.1447	6
213.3	20.1746	781.6838	5.1391	6
213.35	20.1746	781.9504	5.1367	6
213.4	20.1746	781.8261	5.1398	6
213.45	20.1748	781.939	5.1433	6
213.5	20.1747	782.3	5.1362	6
213.55	20.1744	782.6439	5.1244	6
213.6	20.1746	782.2822	5.1357	6
213.65	20.1743	782.933	5.1387	6
213.7	20.1741	783.5221	5.1289	6
213.75	20.1745	783.1092	5.1258	6
213.8	20.1747	782.9503	5.1452	6
213.85	20.1743	783.7918	5.1546	6
213.9	20.1744	783.5452	5.1401	6
213.95	20.1743	782.5135	5.1349	6
214	20.1733	782.4303	5.1459	6
214.05	20.1731	782.4932	5.1468	6
214.1	20.1731	782.5473	5.1423	6
214.15	20.1731	782.7001	5.1448	6
214.2	20.1731	782.7344	5.1476	6
214.25	20.1732	782.6757	5.1498	6
214.3	20.1732	783.0865	5.1517	6
214.35	20.1733	783.054	5.1567	6
214.4	20.1734	782.8993	5.1553	6
214.45	20.173	783.6864	5.1557	6
214.5	20.1734	783.1829	5.1749	6
214.55	20.1734	783.2384	5.1799	6
214.6	20.1733	783.6942	5.1655	6
214.65	20.1737	783.2983	5.1547	6
214.7	20.1739	783.0181	5.1524	6
214.75	20.1738	783.4513	5.1555	6
214.8	20.1734	784.0347	5.1473	6
214.85	20.174	783.1805	5.1427	6
214.9	20.1738	783.4631	5.1555	6
214.95	20.1733	784.4862	5.1682	6
215	20.1739	783.7373	5.171	6
215.05	20.1743	783.2084	5.1522	6
215.1	20.1733	784.7919	5.1381	6
215.15	20.1738	784.1745	5.1488	6
215.2	20.1748	782.8969	5.1505	6
215.25	20.1736	784.8391	5.1567	6
215.3	20.1741	784.4285	5.1744	6
215.35	20.1749	783.1183	5.1805	6
215.4	20.1739	784.6875	5.1773	6
215.45	20.174	784.6704	5.1638	6
215.5	20.1749	783.4958	5.1807	6
215.55	20.1746	784.2256	5.1765	6
215.6	20.174	784.9297	5.1608	6
215.65	20.1748	783.8645	5.1599	6
215.7	20.1747	784.0965	5.1547	6
215.75	20.1735	784.056	5.1447	6
215.8	20.1735	782.5997	5.1385	6
215.85	20.1736	782.6958	5.1563	6
215.9	20.1733	783.4671	5.1584	6
215.95	20.1738	782.7787	5.1524	6
216	20.1736	783.15	5.1506	6
216.05	20.1731	783.8457	5.1491	6
216.1	20.1738	782.9661	5.1353	6
216.15	20.1736	783.2286	5.142	6
216.2	20.1733	783.8345	5.1312	6
216.25	20.1739	783.201	5.1191	6
216.3	20.1738	783.4008	5.1282	6
216.35	20.1737	783.6766	5.1382	6
216.4	20.1736	783.7734	5.1395	6
216.45	20.1738	783.551	5.1421	6
216.5	20.1737	783.6101	5.1476	6
216.55	20.1736	783.9248	5.1528	6
216.6	20.1743	783.1013	5.1294	6
216.65	20.1743	783.1802	5.113	6
216.7	20.1741	783.416	5.1159	6
216.75	20.1748	782.7028	5.1192	6
216.8	20.1751	782.4498	5.1287	6
216.85	20.175	782.7871	5.1224	6
216.9	20.1755	782.3039	5.1265	6
216.95	20.1758	782.0266	5.1474	6
217	20.1755	782.6193	5.139	6
217.05	20.1761	781.915	5.1324	6
217.1	20.1763	781.573	5.1305	6
217.15	20.1761	782.0294	5.1383	6
217.2	20.1763	781.5029	5.134	6
217.25	20.1761	780.3926	5.1319	6
217.3	20.1756	780.0307	5.1432	6
217.35	20.1757	780.0311	5.1425	6
217.4	20.1758	779.9537	5.1422	6
217.45	20.1758	780.219	5.149	6
217.5	20.1758	780.2486	5.1538	6
217.55	20.176	780.0135	5.1508	6
217.6	20.1761	780.0552	5.1356	6
217.65	20.1762	780.1723	5.1405	6
217.7	20.1763	780.1905	5.1509	6
217.75	20.1763	780.0856	5.1443	6
217.8	20.1763	780.2117	5.1444	6
217.85	20.1764	780.3623	5.1375	6
217.9	20.1765	780.2554	5.1414	6
217.95	20.1764	780.3367	5.1557	6
218	20.1761	780.9474	5.1303	6
218.05	20.1766	780.5032	5.142	6
218.1	20.1767	780.4833	5.1509	6
218.15	20.1764	781.0568	5.1472	6
218.2	20.1763	781.2611	5.1621	6
218.25	20.1761	780.0367	5.1644	6
218.3	20.1754	779.6974	5.1564	6
218.35	20.1749	780.4169	5.158	6
218.4	20.175	780.3176	5.1485	6
218.45	20.1749	780.4418	5.1571	6
218.5	20.1747	780.8682	5.1553	6
218.55	20.1746	780.9481	5.1568	6
218.6	20.1745	781.1076	5.1486	6
218.65	20.1744	781.2425	5.1527	6
218.7	20.1743	781.6714	5.1606	6
218.75	20.1746	781.4074	5.1534	6
218.8	20.1744	781.7596	5.1483	6
218.85	20.1741	782.1003	5.1505	6
218.9	20.1742	782.0101	5.156	6
218.95	20.1742	782.0657	5.1497	6
219	20.1739	782.7574	5.1594	6
219.05	20.1743	782.2405	5.1679	6
219.1	20.1744	782.1419	5.1671	6
219.15	20.1738	783.1797	5.1695	6
219.2	20.1742	782.7129	5.1784	6
219.25	20.1745	782.303	5.1591	6
219.3	20.1738	783.3861	5.147	6
219.35	20.1737	783.6219	5.1438	6
219.4	20.1743	782.9431	5.1681	6
219.45	20.1737	783.8564	5.1898	6
219.5	20.1734	784.2095	5.1619	6
219.55	20.174	783.3635	5.1502	6
219.6	20.1736	784.1109	5.1682	6
219.65	20.1734	784.5445	5.1552	6
219.7	20.1739	783.6579	5.1594	6
219.75	20.1732	783.528	5.1547	6
219.8	20.1724	783.4838	5.1345	6
219.85	20.1724	783.3372	5.1392	6
219.9	20.1724	783.5255	5.1433	6
219.95	20.1721	783.9287	5.1457	6
220	20.1722	784.0259	5.1456	6
220.05	20.1722	784.1738	5.1343	6
220.1	20.1721	784.5415	5.1438	6
220.15	20.1722	784.6945	5.1537	6
220.2	20.1719	785.1341	5.162	6
220.25	20.1719	785.2986	5.1335	6
220.3	20.1719	785.4658	5.1234	6
220.35	20.1716	785.8332	5.1318	6
220.4	20.1719	785.5448	5.1549	6
220.45	20.1715	786.1537	5.152	6
220.5	20.1712	786.5989	5.1486	6
220.55	20.1712	786.6382	5.1516	6
220.6	20.171	786.9868	5.148	6
220.65	20.1709	787.2378	5.1534	6
220.7	20.1708	787.4761	5.1597	6
220.75	20.1712	787.1232	5.1467	6
220.8	20.1715	786.7831	5.146	6
220.85	20.1713	787.1106	5.1394	6
220.9	20.1716	787.0264	5.1323	6
220.95	20.172	786.3993	5.1347	6
221	20.1718	786.5866	5.1438	6
221.05	20.1718	786.7961	5.1384	6
221.1	20.1722	786.3216	5.1435	6
221.15	20.1725	786.2122	5.1642	6
221.2	20.1724	786.4998	5.1651	6
221.25	20.1722	786.9723	5.166	6
221.3	20.173	785.9461	5.1509	6
221.35	20.1731	785.6872	5.1658	6
221.4	20.1719	787.4264	5.1697	6
221.45	20.1723	787.1051	5.1573	6
221.5	20.1735	785.4816	5.1638	6
221.55	20.1734	785.7663	5.1576	6
221.6	20.1722	787.4664	5.1364	6
221.65	20.1726	787.0644	5.152	6
221.7	20.1738	785.5452	5.1588	6
221.75	20.1731	786.7097	5.1753	6
221.8	20.1721	788.2048	5.1921	6
221.85	20.1734	786.5642	5.1822	6
221.9	20.1739	785.8455	5.1584	6
221.95	20.1722	788.2792	5.149	6
222	20.173	787.2628	5.1498	6
222.05	20.1741	786.0689	5.1319	6
222.1	20.1732	787.6339	5.1308	6
222.15	20.1732	787.7686	5.1547	6
222.2	20.1737	786.8583	5.1623	6
222.25	20.1737	787.0097	5.1472	6
222.3	20.173	788.1	5.1605	6
222.35	20.1736	787.3105	5.1537	6
222.4	20.1739	786.9864	5.1411	6
222.45	20.1733	787.931	5.1435	6
222.5	20.1732	788.109	5.1505	6
222.55	20.1738	787.385	5.1452	6
222.6	20.1739	787.4045	5.1413	6
222.65	20.1735	788.0988	5.1448	6
222.7	20.1738	787.8869	5.15	6
222.75	20.1745	786.6324	5.1578	6
222.8	20.1736	786.4264	5.1642	6
222.85	20.173	786.4562	5.156	6
222.9	20.1736	785.6224	5.1466	6
222.95	20.1735	785.8712	5.1492	6
223	20.1728	786.899	5.1541	6
223.05	20.1734	786.1604	5.1559	6
223.1	20.1737	785.7596	5.145	6
223.15	20.173	786.7843	5.1233	6
223.2	20.1731	786.7	5.1258	6
223.25	20.1735	786.3605	5.1277	6
223.3	20.1731	786.8747	5.1378	6
223.35	20.1724	787.8097	5.1332	6
223.4	20.1727	787.439	5.1361	6
223.45	20.1728	787.2652	5.1449	6
223.5	20.1723	788.125	5.1404	6
223.55	20.1725	787.9868	5.1416	6
223.6	20.1728	787.6138	5.1398	6
223.65	20.1725	788.2247	5.1328	6
223.7	20.1725	788.5468	5.1286	6
223.75	20.1733	787.6129	5.1242	6
223.8	20.1729	788.1321	5.1285	6
223.85	20.173	788.1214	5.1447	6
223.9	20.1738	787.1432	5.1486	6
223.95	20.1742	786.7335	5.1381	6
224	20.1739	787.2142	5.1292	6
224.05	20.1747	786.2428	5.1454	6
224.1	20.1754	785.4294	5.1493	6
224.15	20.1752	786.0728	5.1382	6
224.2	20.1756	785.5975	5.146	6
224.25	20.1764	784.5036	5.1447	6
224.3	20.176	785.1468	5.1426	6
224.35	20.1763	784.7974	5.1554	6
224.4	20.1772	783.4427	5.1586	6
224.45	20.1768	784.0028	5.1484	6
224.5	20.1763	783.9349	5.1318	6
224.55	20.1772	781.1436	5.1496	6
224.6	20.1768	781.3285	5.1508	6
224.65	20.1764	781.9964	5.1417	6
224.7	20.1775	780.772	5.1477	6
224.75	20.178	780.1152	5.13	6
224.8	20.1779	780.5307	5.1261	6
224.85	20.178	780.2288	5.1396	6
224.9	20.1782	779.8794	5.1463	6
224.95	20.1785	779.9144	5.1445	6
225	20.1789	779.3244	5.1366	6
225.05	20.1785	779.8324	5.1328	6
225.1	20.1789	779.4826	5.1452	6
225.15	20.1795	778.6367	5.1392	6
225.2	20.179	779.3131	5.1389	6
225.25	20.1788	778.3721	5.1522	6
225.3	20.1789	776.9072	5.1536	6
225.35	20.1784	777.3559	5.1449	6
225.4	20.1781	777.9886	5.135	6
225.45	20.1788	777.0727	5.1287	6
225.5	20.179	776.952	5.1371	6
225.55	20.1782	777.9753	5.1484	6
225.6	20.1784	777.7672	5.1647	6
225.65	20.1787	777.3077	5.1618	6
225.7	20.1779	778.6263	5.1542	6
225.75	20.1783	778.3916	5.1581	6
225.8	20.1788	777.7754	5.1592	6
225.85	20.178	778.8833	5.1614	6
225.9	20.1778	779.1266	5.1617	6
225.95	20.1782	777.3993	5.1544	6
226	20.1771	777.6163	5.1436	6
226.05	20.1763	778.7187	5.1395	6
226.1	20.177	777.7055	5.1457	6
226.15	20.1768	777.8923	5.1569	6
226.2	20.1759	779.179	5.1677	6
226.25	20.1765	778.6067	5.1532	6
226.3	20.1771	777.8676	5.1366	6
226.35	20.1765	778.7689	5.1424	6
226.4	20.1761	779.3255	5.145	6
226.45	20.1765	778.7432	5.1291	6
226.5	20.1764	779.0706	5.1351	6
226.55	20.1759	779.7667	5.147	6
226.6	20.1762	779.423	5.1501	6
226.65	20.176	779.7048	5.1441	6
226.7	20.1761	779.9448	5.1514	6
226.75	20.1762	779.8602	5.143	6
226.8	20.176	780.2274	5.1476	6
226.85	20.1757	780.7401	5.1598	6
226.9	20.1754	780.0481	5.1598	6
226.95	20.1748	779.2672	5.1518	6
227	20.1743	779.7013	5.146	6
227.05	20.1739	780.1877	5.135	6
227.1	20.1741	780.0062	5.1471	6
227.15	20.1743	779.7664	5.1418	6
227.2	20.174	780.2374	5.1441	6
227.25	20.1732	781.73	5.1541	6
227.3	20.1738	780.98	5.1448	6
227.35	20.174	780.7339	5.1358	6
227.4	20.1736	781.731	5.1262	6
227.45	20.1734	782.0252	5.1273	6
227.5	20.1734	782.2462	5.1363	6
227.55	20.1734	782.1622	5.1421	6
227.6	20.1734	782.2883	5.1477	6
227.65	20.1728	783.2532	5.1542	6
227.7	20.1735	782.5138	5.1539	6
227.75	20.174	782.0737	5.1559	6
227.8	20.1728	783.5844	5.1608	6
227.85	20.173	783.4185	5.1645	6
227.9	20.1739	782.3152	5.1624	6
227.95	20.1731	783.4685	5.1642	6
228	20.173	783.7105	5.1688	6
228.05	20.1734	783.1691	5.157	6
228.1	20.1738	782.9459	5.1527	6
228.15	20.1734	783.3067	5.1606	6
228.2	20.1735	783.3277	5.1622	6
228.25	20.174	783.0872	5.1632	6
228.3	20.1742	782.8036	5.1598	6
228.35	20.1736	783.6501	5.1654	6
228.4	20.174	783.2726	5.1637	6
228.45	20.1741	782.9233	5.1581	6
228.5	20.174	783.1687	5.1713	6
228.55	20.1741	783.0583	5.1775	6
228.6	20.1743	782.7239	5.1719	6
228.65	20.1747	782.1355	5.1743	6
228.7	20.174	781.6473	5.1512	6
228.75	20.1736	781.2671	5.1416	6
228.8	20.1743	780.6964	5.1726	6
228.85	20.1745	780.4862	5.178	6
228.9	20.174	781.2835	5.1863	6
228.95	20.174	781.3883	5.1879	6
229	20.1747	780.3037	5.1782	6
229.05	20.1742	781.0626	5.1566	6
229.1	20.1741	781.3566	5.1474	6
229.15	20.1745	780.9831	5.1707	6
229.2	20.1745	781.1508	5.1872	6
229.25	20.1748	781.0131	5.1769	6
229.3	20.175	780.7085	5.1581	6
229.35	20.175	780.7198	5.1584	6
229.4	20.175	780.8146	5.1663	6
229.45	20.1752	780.5047	5.1662	6
229.5	20.1756	780.213	5.1658	6
229.55	20.1752	780.9171	5.1658	6
229.6	20.1756	780.3983	5.1639	6
229.65	20.1758	780.2917	5.1686	6
229.7	20.1757	780.597	5.1654	6
229.75	20.1761	780.0838	5.1623	6
229.8	20.1762	779.8548	5.1663	6
229.85	20.176	780.1983	5.1564	6
229.9	20.176	780.2455	5.1593	6
229.95	20.1762	778.9723	5.1688	6
230	20.1751	778.8666	5.1786	6
230.05	20.1747	779.0026	5.1836	6
230.1	20.1755	777.9556	5.1668	6
230.15	20.175	778.7317	5.1609	6
230.2	20.1743	779.669	5.1557	6
230.25	20.1749	778.9505	5.1541	6
230.3	20.1749	778.8848	5.1594	6
230.35	20.1744	779.8571	5.1405	6
230.4	20.1743	779.9746	5.1367	6
230.45	20.1746	779.6629	5.1627	6
230.5	20.1744	780.1792	5.1843	6
230.55	20.1743	780.4901	5.1684	6
230.6	20.1746	780.1551	5.1662	6
230.65	20.1745	780.4093	5.17	6
230.7	20.1746	780.4588	5.1603	6
230.75	20.1749	780.0851	5.1609	6
230.8	20.1751	780.0109	5.1652	6
230.85	20.1751	780.1961	5.1717	6
230.9	20.1754	779.6987	5.1698	6
230.95	20.1754	779.8622	5.1643	6
231	20.1753	779.9613	5.1444	6
231.05	20.1752	780.1313	5.1578	6
231.1	20.1751	780.5827	5.1665	6
231.15	20.1755	780.092	5.1612	6
231.2	20.1756	779.8073	5.1716	6
231.25	20.1747	779.9541	5.1679	6
231.3	20.1746	778.9144	5.1777	6
231.35	20.1749	778.1663	5.1943	6
231.4	20.1741	779.349	5.1773	6
231.45	20.1742	779.2934	5.1728	6
231.5	20.1746	778.7243	5.1837	6
231.55	20.1742	779.4281	5.19	6
231.6	20.174	779.7783	5.1819	6
231.65	20.1747	778.8906	5.1609	6
231.7	20.174	779.9944	5.177	6
231.75	20.174	780.2597	5.1783	6
231.8	20.1746	779.5593	5.169	6
231.85	20.1739	780.4925	5.179	6
231.9	20.1739	780.6448	5.1798	6
231.95	20.1745	779.815	5.1727	6
232	20.1741	780.3038	5.1683	6
232.05	20.1739	780.6963	5.1884	6
232.1	20.1739	780.8055	5.1877	6
232.15	20.1743	780.3697	5.175	6
232.2	20.1735	781.4631	5.1791	6
232.25	20.1735	781.5529	5.1716	6
232.3	20.1741	780.7907	5.1659	6
232.35	20.1738	781.3564	5.1621	6
232.4	20.1737	781.7108	5.1439	6
232.45	20.1743	781.0298	5.1583	6
232.5	20.174	781.554	5.1675	6
232.55	20.1737	782.1503	5.1625	6
232.6	20.174	781.7452	5.18	6
232.65	20.1741	781.5654	5.1718	6
232.7	20.1736	782.3273	5.1674	6
232.75	20.1741	781.7342	5.1693	6
232.8	20.1743	781.405	5.1602	6
232.85	20.1737	781.648	5.1524	6
232.9	20.1732	780.8316	5.1631	6
232.95	20.1732	780.1233	5.1746	6
233	20.1725	781.1832	5.1687	6
233.05	20.1724	781.3927	5.1751	6
233.1	20.1732	780.3173	5.184	6
233.15	20.1728	780.8495	5.1717	6
233.2	20.1724	781.3117	5.1425	6
233.25	20.1732	780.5241	5.1493	6
233.3	20.1737	779.9989	5.1503	6
233.35	20.1733	780.7786	5.1644	6
233.4	20.1736	780.6363	5.1833	6
233.45	20.1742	779.8774	5.1881	6
233.5	20.1739	780.4735	5.181	6
233.55	20.1738	780.6126	5.1669	6
233.6	20.1743	779.8611	5.1669	6
233.65	20.1742	779.8639	5.1782	6
233.7	20.1741	780.1684	5.1905	6
233.75	20.1742	780.1586	5.2003	6
233.8	20.1748	779.6405	5.1963	6
233.85	20.1752	779.1927	5.1917	6
233.9	20.1746	780.1419	5.1909	6
233.95	20.1749	779.9731	5.186	6
234	20.1758	778.4991	5.1708	6
234.05	20.1747	780.1141	5.1632	6
234.1	20.175	779.9472	5.1546	6
234.15	20.1758	778.7357	5.1493	6
234.2	20.1748	780.2584	5.14	6
234.25	20.1749	780.2705	5.131	6
234.3	20.1761	778.8157	5.1342	6
234.35	20.1756	779.5016	5.1434	6
234.4	20.1749	780.4769	5.1398	6
234.45	20.1755	778.4274	5.1588	6
234.5	20.1751	777.6396	5.1603	6
234.55	20.1741	778.8081	5.1317	6
234.6	20.1745	778.3814	5.1278	6
234.65	20.1749	777.9373	5.1564	6
234.7	20.1746	778.469	5.1464	6
234.75	20.1746	778.6605	5.1284	6
234.8	20.1753	777.8211	5.1274	6
234.85	20.1749	778.448	5.1469	6
234.9	20.1747	778.7355	5.1511	6
234.95	20.1753	777.7538	5.1382	6
235	20.1751	778.218	5.139	6
235.05	20.1747	778.8762	5.1459	6
235.1	20.1753	778.1321	5.153	6
235.15	20.1751	778.3997	5.169	6
235.2	20.1746	779.3447	5.1819	6
235.25	20.1749	779.125	5.169	6
235.3	20.175	779.01	5.144	6
235.35	20.1742	780.1106	5.1474	6
235.4	20.1741	780.2815	5.1607	6
235.45	20.1742	780.0985	5.1665	6
235.5	20.1738	780.55	5.1722	6
235.55	20.1736	781.0572	5.1791	6
235.6	20.1735	781.4019	5.1805	6
235.65	20.1734	781.4743	5.1762	6
235.7	20.1734	781.6879	5.1764	6
235.75	20.173	782.3284	5.1661	6
235.8	20.1727	782.7116	5.1751	6
235.85	20.1729	782.4578	5.1794	6
235.9	20.1728	782.7895	5.1769	6
235.95	20.1721	783.6874	5.1777	6
236	20.172	782.7331	5.1664	6
236.05	20.1714	782.0174	5.183	6
236.1	20.1707	782.8178	5.1789	6
236.15	20.1706	783.1025	5.1834	6
236.2	20.1711	782.5	5.1845	6
236.25	20.1705	783.4274	5.1802	6
236.3	20.1703	784.106	5.1769	6
236.35	20.1706	784.0068	5.161	6
236.4	20.1707	784.4789	5.1605	6
236.45	20.17	785.6635	5.1623	6
236.5	20.1708	785.3036	5.1718	6
236.55	20.1704	785.8838	5.1757	6
236.6	20.1709	786.2833	5.1675	6
236.65	20.1709	786.2018	5.1658	6
236.7	20.1707	786.0843	5.1672	6
236.75	20.1709	785.9743	5.1624	6
236.8	20.1711	785.4902	5.1678	6
236.85	20.1704	786.3527	5.1716	6
236.9	20.1711	786.4407	5.1678	6
236.95	20.1712	785.1159	5.1755	6
237	20.1704	785.1484	5.1599	6
237.05	20.1705	786.1315	5.1794	6
237.1	20.1713	785.2032	5.1982	6
237.15	20.1706	785.1974	5.1812	6
237.2	20.1702	786.7203	5.194	6
237.25	20.171	787.1867	5.1931	6
237.3	20.1709	786.2989	5.1861	6
237.35	20.1705	787.2318	5.1793	6
237.4	20.1708	788.0296	5.1614	6
237.45	20.171	786.8338	5.1646	6
237.5	20.1704	786.6718	5.1753	6
237.55	20.1701	788.1383	5.1841	6
237.6	20.1709	787.4085	5.1835	6
237.65	20.1709	787.0949	5.1859	6
237.7	20.1705	787.6984	5.2052	6
237.75	20.1708	787.4199	5.1884	6
237.8	20.1715	786.3306	5.1742	6
237.85	20.1712	786.4024	5.1791	6
237.9	20.1713	785.9755	5.1788	6
237.95	20.1716	784.9428	5.1798	6
238	20.1713	784.9511	5.178	6
238.05	20.1712	785.2551	5.1729	6
238.1	20.1718	784.5552	5.1788	6
238.15	20.1718	784.509	5.175	6
238.2	20.1714	785.1318	5.1806	6
238.25	20.1717	784.5244	5.1569	6
238.3	20.1721	784.1042	5.1497	6
238.35	20.1717	784.7954	5.1747	6
238.4	20.1721	784.4139	5.1779	6
238.45	20.1722	784.4392	5.179	6
238.5	20.1721	784.5946	5.1914	6
238.55	20.1721	784.8023	5.1851	6
238.6	20.1721	784.9057	5.1814	6
238.65	20.1722	784.7715	5.1862	6
238.7	20.1722	784.7232	5.1928	6
238.75	20.1717	785.3903	5.1882	6
238.8	20.1723	784.8237	5.1838	6
238.85	20.1729	784.3205	5.2016	6
238.9	20.1724	785.1622	5.1986	6
238.95	20.1727	784.979	5.1945	6
239	20.173	784.4199	5.1771	6
239.05	20.173	784.5571	5.1684	6
239.1	20.1724	785.3598	5.1724	6
239.15	20.173	784.6719	5.1737	6
239.2	20.1732	784.4065	5.187	6
239.25	20.1728	785.2273	5.1907	6
239.3	20.1728	785.286	5.1811	6
239.35	20.1733	784.4847	5.1743	6
239.4	20.1727	785.5151	5.1705	6
239.45	20.1725	785.7747	5.1939	6
239.5	20.1732	784.9632	5.196	6
239.55	20.1729	785.4281	5.1722	6
239.6	20.1726	785.986	5.1818	6
239.65	20.1729	785.6369	5.1832	6
239.7	20.173	785.4549	5.1628	6
239.75	20.1727	785.9111	5.1809	6
239.8	20.1725	786.1452	5.1892	6
239.85	20.1727	785.6786	5.1877	6
239.9	20.1726	785.8297	5.203	6
239.95	20.1725	786.183	5.2026	6
240	20.1725	786.2564	5.2021	6
240.05	20.1726	786.3494	5.1946	6
240.1	20.1724	786.597	5.198	6
240.15	20.1724	786.3964	5.1892	6
240.2	20.1725	786.6155	5.1804	6
240.25	20.1723	787.1144	5.1983	6
240.3	20.1726	786.6356	5.1939	6
240.35	20.1725	786.8119	5.1935	6
240.4	20.1721	787.5313	5.2033	6
240.45	20.1726	786.7544	5.2031	6
240.5	20.1724	787.1528	5.2065	6
240.55	20.1722	787.6449	5.1863	6
240.6	20.1723	787.2891	5.1762	6
240.65	20.1724	787.3996	5.1871	6
240.7	20.1719	788.2403	5.2011	6
240.75	20.1722	787.8097	5.2138	6
240.8	20.1722	787.943	5.2077	6
240.85	20.1717	788.5994	5.1753	6
240.9	20.1719	788.3791	5.1677	6
240.95	20.1724	787.8052	5.174	6
241	20.1718	788.9537	5.1885	6
241.05	20.1722	788.5202	5.1712	6
241.1	20.1723	788.3714	5.1563	6
241.15	20.1718	789.0643	5.1731	6
241.2	20.1722	788.7499	5.1652	6
241.25	20.1721	788.6946	5.1689	6
241.3	20.1716	788.7983	5.1828	6
241.35	20.1715	788.3211	5.1701	6
241.4	20.1716	787.2463	5.1694	6
241.45	20.1706	788.3203	5.156	6
241.5	20.1713	787.7151	5.1549	6
241.55	20.1715	787.4256	5.1673	6
241.6	20.1708	788.4458	5.1537	6
241.65	20.1709	788.087	5.1504	6
241.7	20.1715	787.1625	5.1578	6
241.75	20.1707	788.3529	5.1728	6
241.8	20.1709	788.1978	5.164	6
241.85	20.1716	787.33	5.1624	6
241.9	20.1713	788.0788	5.1812	6
241.95	20.1709	788.7261	5.1797	6
242	20.1716	787.6707	5.1763	6
242.05	20.1711	788.4482	5.1787	6
242.1	20.171	788.8646	5.1782	6
242.15	20.1718	787.8193	5.1828	6
242.2	20.1716	787.9974	5.1706	6
242.25	20.1711	788.7047	5.1616	6
242.3	20.1717	788.0541	5.1618	6
242.35	20.172	787.675	5.1538	6
242.4	20.1712	788.7188	5.1604	6
242.45	20.1717	788.3328	5.1771	6
242.5	20.1724	787.3855	5.1801	6
242.55	20.1718	788.2571	5.1795	6
242.6	20.1721	788.0408	5.1669	6
242.65	20.1738	785.9909	5.1677	6
242.7	20.1739	786.0581	5.1705	6
242.75	20.1739	786.2315	5.1657	6
242.8	20.1749	784.7835	5.1658	6
242.85	20.1759	783.4848	5.1536	6
242.9	20.1758	783.8663	5.1593	6
242.95	20.1769	782.4518	5.1651	6
243	20.1782	780.5691	5.1674	6
243.05	20.1777	781.3	5.1607	6
243.1	20.1787	780.0899	5.1585	6
243.15	20.1798	778.5346	5.1607	6
243.2	20.1796	778.9627	5.16	6
243.25	20.1799	778.5496	5.1419	6
243.3	20.1808	776.8856	5.144	6
243.35	20.1801	776.3706	5.1498	6
243.4	20.1799	775.7403	5.1515	6
243.45	20.1808	774.2501	5.1444	6
243.5	20.1807	774.5941	5.131	6
243.55	20.1806	774.9734	5.1249	6
243.6	20.1819	773.3247	5.1373	6
243.65	20.1819	773.526	5.1394	6
243.7	20.1819	773.745	5.1424	6
243.75	20.1826	772.8149	5.1488	6
243.8	20.1828	772.3531	5.1412	6
243.85	20.1818	772.4065	5.1401	6
243.9	20.1816	771.251	5.1275	6
243.95	20.1821	770.6074	5.1128	6
244	20.1817	771.2333	5.1219	6
244.05	20.1821	770.9894	5.1388	6
244.1	20.1823	770.645	5.1461	6
244.15	20.182	771.1924	5.1398	6
244.2	20.1819	771.3133	5.1363	6
244.25	20.1821	771.1919	5.134	6
244.3	20.1818	771.2242	5.1311	6
244.35	20.1809	770.37	5.1304	6
244.4	20.1805	769.9192	5.1286	6
244.45	20.1806	769.9057	5.1338	6
244.5	20.1806	770.1675	5.1422	6
244.55	20.1802	770.7404	5.1336	6
244.6	20.1803	770.5775	5.1239	6
244.65	20.1799	771.2719	5.1214	6
244.7	20.1799	771.4708	5.1143	6
244.75	20.1797	771.735	5.1016	6
244.8	20.1797	771.7528	5.1259	6
244.85	20.1793	772.4956	5.1428	6
244.9	20.1795	771.4157	5.1426	6
244.95	20.1783	771.4632	5.1316	6
245	20.1778	771.9078	5.1321	6
245.05	20.1783	771.3605	5.1414	6
245.1	20.1777	772.2938	5.137	6
245.15	20.1772	772.9415	5.1093	6
245.2	20.1776	772.3802	5.0887	6
245.25	20.1772	772.9273	5.093	6
245.3	20.1767	773.7952	5.1074	6
245.35	20.1766	773.7009	5.1232	6
245.4	20.1767	773.5967	5.1159	6
245.45	20.1762	774.5858	5.1249	6
245.5	20.1762	774.6132	5.1247	6
245.55	20.1763	774.5069	5.1202	6
245.6	20.1756	775.5467	5.1236	6
245.65	20.1754	775.8375	5.1295	6
245.7	20.1759	775.3369	5.1246	6
245.75	20.1752	776.3276	5.1355	6
245.8	20.1743	776.5805	5.149	6
245.85	20.1741	775.3855	5.1382	6
245.9	20.1738	775.4538	5.1253	6
245.95	20.1732	776.3523	5.1182	6
246	20.1727	777.0181	5.1302	6
246.05	20.173	776.8293	5.1356	6
246.1	20.1726	777.4016	5.1333	6
246.15	20.1722	778.1731	5.126	6
246.2	20.1723	778.0653	5.1219	6
246.25	20.1725	777.842	5.1163	6
246.3	20.1718	779.0455	5.1136	6
246.35	20.172	778.7687	5.1192	6
246.4	20.1718	778.9115	5.1153	6
246.45	20.1715	779.3605	5.1246	6
246.5	20.1714	779.3895	5.1393	6
246.55	20.1715	779.2403	5.1282	6
246.6	20.1707	780.5596	5.1273	6
246.65	20.1706	780.7299	5.1263	6
246.7	20.1711	780.1642	5.1249	6
246.75	20.1706	780.9597	5.1384	6
246.8	20.1704	781.2978	5.1388	6
246.85	20.1708	780.717	5.1275	6
246.9	20.1701	781.7006	5.1306	6
246.95	20.1698	782.123	5.1356	6
247	20.1706	780.8952	5.1392	6
247.05	20.1699	781.9586	5.129	6
247.1	20.1688	783.8706	5.1285	6
247.15	20.17	782.1287	5.1284	6
247.2	20.1697	782.5338	5.1203	6
247.25	20.1682	784.7289	5.1277	6
247.3	20.1694	783.2146	5.1277	6
247.35	20.1697	782.7825	5.1338	6
247.4	20.1683	784.8393	5.144	6
247.45	20.1688	784.0567	5.1339	6
247.5	20.1691	783.5209	5.1237	6
247.55	20.1686	784.6107	5.1197	6
247.6	20.1688	784.4415	5.1022	6
247.65	20.169	783.9355	5.108	6
247.7	20.1689	784.1723	5.1071	6
247.75	20.1691	784.7436	5.1006	6
247.8	20.1702	784.9363	5.1143	6
247.85	20.1703	785.6528	5.1262	6
247.9	20.1706	785.6308	5.124	6
247.95	20.1712	784.9177	5.1052	6
248	20.1709	785.4161	5.1183	6
248.05	20.1712	785.0414	5.125	6
248.1	20.1717	782.882	5.1174	6
248.15	20.1711	782.4371	5.1143	6
248.2	20.1709	782.757	5.1144	6
248.25	20.1722	780.9732	5.1227	6
248.3	20.1725	780.4743	5.1353	6
248.35	20.1718	781.577	5.14	6
248.4	20.1729	780.4341	5.1181	6
248.45	20.1738	779.0846	5.115	6
248.5	20.1731	780.4046	5.1346	6
248.55	20.1737	779.8892	5.1409	6
248.6	20.175	777.9361	5.1251	6
248.65	20.1743	778.9119	5.1228	6
248.7	20.1738	779.6866	5.1434	6
248.75	20.1752	777.8248	5.1277	6
248.8	20.175	778.3494	5.118	6
248.85	20.1741	779.6473	5.1216	6
248.9	20.1752	778.227	5.1284	6
248.95	20.1755	777.8177	5.1245	6
249	20.1748	778.9349	5.1142	6
249.05	20.1752	778.3616	5.1146	6
249.1	20.1758	777.6295	5.0988	6
249.15	20.1754	778.3896	5.1037	6
249.2	20.1754	778.5054	5.1312	6
249.25	20.1759	777.9608	5.1372	6
249.3	20.1759	777.9931	5.1362	6
249.35	20.1757	778.4545	5.1423	6
249.4	20.1761	778.088	5.1361	6
249.45	20.1764	777.7658	5.1265	6
249.5	20.1763	777.8649	5.1185	6
249.55	20.1761	777.5795	5.1233	6
249.6	20.1755	776.8549	5.1091	6
249.65	20.1754	776.4057	5.1107	6
249.7	20.1748	777.0567	5.102	6
249.75	20.1746	777.459	5.0928	6
249.8	20.1749	777.0335	5.1133	6
249.85	20.1747	777.2002	5.1192	6
249.9	20.1745	777.6035	5.1311	6
249.95	20.1747	777.4922	5.1456	6
250	20.1749	777.4852	5.1488	6
250.05	20.1743	778.4071	5.1441	6
250.1	20.1741	778.6665	5.1286	6
250.15	20.1742	778.3272	5.1156	6
250.2	20.174	778.9583	5.1182	6
250.25	20.1737	779.497	5.1069	6
250.3	20.1739	779.2421	5.1047	6
250.35	20.1734	779.9193	5.1176	6
250.4	20.173	780.5417	5.1234	6
250.45	20.1732	780.3066	5.1209	6
250.5	20.1728	780.886	5.1185	6
250.55	20.1722	781.8402	5.1358	6
250.6	20.1723	781.6161	5.1321	6
250.65	20.1724	781.5087	5.1225	6
250.7	20.1722	781.9857	5.1255	6
250.75	20.1721	782.4295	5.1183	6
250.8	20.1722	782.2823	5.1125	6
250.85	20.1722	782.2276	5.1151	6
250.9	20.1719	782.5326	5.1183	6
250.95	20.1715	783.1048	5.1264	6
251	20.1718	782.7875	5.1327	6
251.05	20.1721	782.5444	5.1241	6
251.1	20.1716	783.0224	5.1045	6
251.15	20.1715	783.2475	5.0993	6
251.2	20.1719	782.9148	5.1218	6
251.25	20.1719	782.9877	5.1298	6
251.3	20.1717	783.4756	5.1333	6
251.35	20.1716	783.7252	5.1281	6
251.4	20.1717	783.428	5.1161	6
251.45	20.1716	783.603	5.1196	6
251.5	20.1714	783.9667	5.1224	6
251.55	20.1717	783.3458	5.1119	6
251.6	20.1715	783.6426	5.1219	6
251.65	20.1714	783.9267	5.1297	6
251.7	20.1716	783.7978	5.1313	6
251.75	20.1715	784.083	5.1262	6
251.8	20.1712	784.5879	5.1139	6
251.85	20.1715	784.3131	5.1158	6
251.9	20.1714	784.354	5.1065	6
251.95	20.1709	784.9871	5.1112	6
252	20.1711	784.8442	5.1321	6
252.05	20.1712	784.7722	5.1278	6
252.1	20.1709	785.2073	5.1316	6
252.15	20.1709	785.3765	5.1275	6
252.2	20.1713	784.9954	5.1141	6
252.25	20.1713	785.0769	5.1192	6
252.3	20.1712	785.3206	5.1267	6
252.35	20.1716	784.8206	5.1451	6
252.4	20.1715	784.9173	5.1532	6
252.45	20.1711	785.5404	5.1324	6
252.5	20.1716	785.0339	5.118	6
252.55	20.1715	785.131	5.1107	6
252.6	20.1712	785.6574	5.119	6
252.65	20.1715	785.4796	5.1182	6
252.7	20.1722	784.6363	5.116	6
252.75	20.1714	785.4491	5.1166	6
252.8	20.1716	785.3989	5.1051	6
252.85	20.172	785.0869	5.1111	6
252.9	20.1717	785.3245	5.1225	6
252.95	20.1711	784.9133	5.1146	6
253	20.1707	785.458	5.1127	6
253.05	20.171	785.6828	5.1268	6
253.1	20.1714	784.3279	5.1371	6
253.15	20.1704	784.637	5.1268	6
253.2	20.1705	785.4255	5.1172	6
253.25	20.1713	783.7961	5.1324	6
253.3	20.1709	783.827	5.1399	6
253.35	20.1702	784.6047	5.1266	6
253.4	20.171	783.6163	5.1151	6
253.45	20.1714	782.9285	5.1041	6
253.5	20.171	783.4936	5.0957	6
253.55	20.172	782.2409	5.1007	6
253.6	20.1726	781.4704	5.0997	6
253.65	20.1723	782.0479	5.1071	6
253.7	20.1725	781.8217	5.1088	6
253.75	20.1735	780.6061	5.1055	6
253.8	20.1733	780.9762	5.1069	6
253.85	20.1732	781.5073	5.1198	6
253.9	20.1737	780.761	5.1161	6
253.95	20.1742	780.1748	5.12	6
254	20.1737	780.8539	5.1135	6
254.05	20.1743	780.1008	5.1319	6
254.1	20.1743	779.842	5.1261	6
254.15	20.1745	779.8215	5.1252	6
254.2	20.1751	779.2761	5.1296	6
254.25	20.1755	778.8254	5.1456	6
254.3	20.1755	779.2083	5.1513	6
254.35	20.1762	778.3358	5.1269	6
254.4	20.1766	777.7107	5.1323	6
254.45	20.1765	778.0769	5.1201	6
254.5	20.1768	777.6123	5.1149	6
254.55	20.1772	777.0569	5.1259	6
254.6	20.1771	777.4027	5.1122	6
254.65	20.1777	776.6809	5.1232	6
254.7	20.1781	776.029	5.1325	6
254.75	20.1779	776.0367	5.1191	6
254.8	20.1775	775.3125	5.1203	6
254.85	20.1775	774.3814	5.1235	6
254.9	20.1773	774.7996	5.1245	6
254.95	20.1776	774.3433	5.1238	6
255	20.1779	774.0497	5.1269	6
255.05	20.1777	774.3667	5.133	6
255.1	20.1777	774.2011	5.1085	6
255.15	20.1779	773.6995	5.1143	6
255.2	20.1775	774.4184	5.1222	6
255.25	20.1776	774.4562	5.1171	6
255.3	20.1784	773.4626	5.1239	6
255.35	20.178	774.1083	5.1151	6
255.4	20.1781	774.2472	5.1251	6
255.45	20.1788	773.4504	5.1305	6
255.5	20.1785	773.7007	5.1202	6
255.55	20.1778	773.3594	5.1236	6
255.6	20.1774	772.4605	5.1194	6
255.65	20.1776	772.0373	5.1066	6
255.7	20.1773	772.7243	5.0959	6
255.75	20.1772	772.9119	5.0945	6
255.8	20.1773	772.8886	5.0965	6
255.85	20.1773	772.8798	5.0931	6
255.9	20.1772	773.1232	5.114	6
255.95	20.1769	773.5802	5.1345	6
256	20.1773	773.2887	5.1296	6
256.05	20.1774	773.3763	5.1085	6
256.1	20.177	773.8533	5.1144	6
256.15	20.177	773.5986	5.1148	6
256.2	20.1777	772.7495	5.1106	6
256.25	20.1772	773.6363	5.1034	6
256.3	20.1773	773.7415	5.1152	6
256.35	20.1778	772.4674	5.1173	6
256.4	20.177	771.9676	5.1243	6
256.45	20.1761	772.7999	5.1487	6
256.5	20.1768	771.9422	5.1562	6
256.55	20.177	771.5719	5.1526	6
256.6	20.1761	772.8108	5.1507	6
256.65	20.1762	772.5485	5.1405	6
256.7	20.1768	771.7323	5.1376	6
256.75	20.1768	772.0032	5.1373	6
256.8	20.1769	771.8631	5.1612	6
256.85	20.1774	771.4041	5.1618	6
256.9	20.178	770.8797	5.1391	6
256.95	20.1783	770.4608	5.1362	6
257	20.178	770.8538	5.1399	6
257.05	20.1783	770.5003	5.1458	6
257.1	20.179	769.8299	5.1552	6
257.15	20.1786	770.1464	5.1498	6
257.2	20.1779	769.3011	5.128	6
257.25	20.1782	767.7398	5.1186	6
257.3	20.1781	767.6701	5.1154	6
257.35	20.1776	768.595	5.1241	6
257.4	20.1783	767.8096	5.1337	6
257.45	20.1786	767.5141	5.1467	6
257.5	20.1782	768.223	5.1395	6
257.55	20.1784	767.7975	5.1179	6
257.6	20.1782	767.8221	5.1343	6
257.65	20.1781	768.082	5.1464	6
257.7	20.1779	768.3866	5.1538	6
257.75	20.1783	768.0614	5.143	6
257.8	20.1783	768.0969	5.1424	6
257.85	20.1781	768.7208	5.15	6
257.9	20.1783	767.6267	5.151	6
257.95	20.1779	766.7124	5.1417	6
258	20.1771	767.1951	5.1557	6
258.05	20.177	767.187	5.1561	6
258.1	20.1774	766.9074	5.141	6
258.15	20.1771	767.4836	5.1295	6
258.2	20.1771	767.6643	5.1235	6
258.25	20.1771	767.6811	5.1396	6
258.3	20.1766	768.3401	5.1458	6
258.35	20.1766	768.3196	5.1491	6
258.4	20.1765	768.6925	5.158	6
258.45	20.1767	768.539	5.1585	6
258.5	20.1769	768.3234	5.164	6
258.55	20.1766	768.5469	5.1631	6
258.6	20.1768	768.3054	5.1646	6
258.65	20.1768	768.5325	5.1662	6
258.7	20.177	768.3606	5.1437	6
258.75	20.1769	768.0019	5.1418	6
258.8	20.176	767.4828	5.139	6
258.85	20.1758	767.2149	5.1445	6
258.9	20.1764	766.4199	5.1443	6
258.95	20.1757	767.305	5.1377	6
259	20.1755	767.6747	5.155	6
259.05	20.1759	767.0569	5.1623	6
259.1	20.176	767.1686	5.1405	6
259.15	20.1752	768.4141	5.1477	6
259.2	20.1754	768.0634	5.1482	6
259.25	20.1757	767.5303	5.1245	6
259.3	20.1751	768.3852	5.109	6
259.35	20.1749	768.7394	5.1231	6
259.4	20.1756	768.1687	5.15	6
259.45	20.1752	768.6668	5.1482	6
259.5	20.1751	768.9836	5.1411	6
259.55	20.1749	769.3364	5.1386	6
259.6	20.1751	768.9799	5.1455	6
259.65	20.1748	769.2235	5.1374	6
259.7	20.1748	769.4255	5.1376	6
259.75	20.1749	769.3006	5.1339	6
259.8	20.1752	768.9654	5.1335	6
259.85	20.1748	769.6351	5.1376	6
259.9	20.175	769.3439	5.1665	6
259.95	20.1748	768.3957	5.1618	6
260	20.174	768.2454	5.1495	6
260.05	20.1738	768.2479	5.1385	6
260.1	20.1739	768.1106	5.1406	6
260.15	20.1733	768.83	5.1459	6
260.2	20.1733	768.9769	5.144	6
260.25	20.1736	768.7216	5.142	6
260.3	20.1735	768.8475	5.1521	6
260.35	20.173	769.6172	5.1451	6
260.4	20.1732	769.3761	5.1258	6
260.45	20.1734	769.3013	5.1284	6
260.5	20.1729	770.2629	5.1384	6
260.55	20.1728	770.3647	5.1459	6
260.6	20.173	769.951	5.125	6
260.65	20.1725	770.5686	5.121	6
260.7	20.1726	770.5756	5.1328	6
260.75	20.1726	770.55	5.1336	6
260.8	20.1726	770.7019	5.1426	6
260.85	20.1725	770.9299	5.1329	6
260.9	20.1725	770.8337	5.1427	6
260.95	20.1722	771.2793	5.1621	6
261	20.1721	771.4061	5.152	6
261.05	20.172	771.4603	5.1332	6
261.1	20.1725	771.0026	5.1314	6
261.15	20.1721	771.5885	5.1323	6
261.2	20.1719	772.0325	5.1451	6
261.25	20.1725	771.3104	5.1447	6
261.3	20.1722	771.7988	5.1373	6
261.35	20.1716	772.6646	5.1335	6
261.4	20.1719	772.393	5.1464	6
261.45	20.1719	772.4441	5.1488	6
261.5	20.1716	772.8931	5.1385	6
261.55	20.1717	772.8504	5.1369	6
261.6	20.1716	772.8799	5.1424	6
261.65	20.1716	772.9701	5.1476	6
261.7	20.1716	773.016	5.1473	6
261.75	20.1715	773.2039	5.1449	6
261.8	20.1713	773.5409	5.1504	6
261.85	20.1714	773.5938	5.1516	6
261.9	20.1713	773.7234	5.1541	6
261.95	20.1713	773.8305	5.1537	6
262	20.1709	774.2399	5.1283	6
262.05	20.1712	773.8923	5.1281	6
262.1	20.1709	774.3231	5.1483	6
262.15	20.1711	774.1916	5.1387	6
262.2	20.1713	774.2113	5.1394	6
262.25	20.1711	774.388	5.1372	6
262.3	20.1711	774.2269	5.1312	6
262.35	20.1712	774.2036	5.1203	6
262.4	20.1712	774.3632	5.1234	6
262.45	20.1714	774.2159	5.134	6
262.5	20.1714	774.3171	5.124	6
262.55	20.1715	774.1316	5.1275	6
262.6	20.1717	773.9043	5.1359	6
262.65	20.1716	774.0479	5.139	6
262.7	20.1716	774.1615	5.1291	6
262.75	20.1718	773.816	5.1405	6
262.8	20.1718	773.9065	5.1474	6
262.85	20.172	773.871	5.1403	6
262.9	20.1721	774.0129	5.1524	6
262.95	20.1722	774.0925	5.1664	6
263	20.1722	774.039	5.1376	6
263.05	20.1724	773.7066	5.1278	6
263.1	20.1722	773.8968	5.141	6
263.15	20.172	774.0316	5.1468	6
263.2	20.1723	773.7391	5.1538	6
263.25	20.1723	773.9719	5.1631	6
263.3	20.1722	774.1795	5.1817	6
263.35	20.1722	774.1466	5.1761	6
263.4	20.1721	774.2899	5.1579	6
263.45	20.172	774.5436	5.1725	6
263.5	20.1724	774.0406	5.1795	6
263.55	20.1723	774.0165	5.1679	6
263.6	20.172	774.5953	5.1795	6
263.65	20.1721	774.4959	5.1763	6
263.7	20.1725	774.0518	5.1681	6
263.75	20.1721	774.6209	5.1711	6
263.8	20.1722	774.3194	5.1686	6
263.85	20.1722	773.5163	5.167	6
263.9	20.1714	773.0636	5.158	6
263.95	20.1711	772.8264	5.1569	6
264	20.1711	773.0312	5.162	6
264.05	20.1711	773.1724	5.1579	6
264.1	20.171	773.3744	5.1579	6
264.15	20.1708	773.5419	5.1531	6
264.2	20.1709	773.4289	5.1418	6
264.25	20.1709	773.4782	5.1408	6
264.3	20.1705	773.9656	5.1429	6
264.35	20.1709	773.5597	5.1446	6
264.4	20.1707	773.7976	5.1481	6
264.45	20.1699	774.8619	5.1457	6
264.5	20.1704	774.236	5.1467	6
264.55	20.1708	773.8599	5.1596	6
264.6	20.1701	775.2132	5.1589	6
264.65	20.1709	774.5265	5.1606	6
264.7	20.1714	773.416	5.1541	6
264.75	20.1705	774.4587	5.1401	6
264.8	20.1703	774.6427	5.1287	6
264.85	20.1711	773.5742	5.1297	6
264.9	20.1704	774.8283	5.1435	6
264.95	20.1705	775.5227	5.1656	6
265	20.1713	773.9872	5.1675	6
265.05	20.1708	774.5022	5.1485	6
265.1	20.17	775.6361	5.1404	6
265.15	20.1711	774.4459	5.1354	6
265.2	20.1713	774.0975	5.1352	6
265.25	20.1697	776.2843	5.1425	6
265.3	20.1706	776.1936	5.1458	6
265.35	20.1718	774.3924	5.1403	6
265.4	20.1703	775.7361	5.1387	6
265.45	20.1702	776.8904	5.1358	6
265.5	20.1717	774.9776	5.1295	6
265.55	20.1705	775.5019	5.1433	6
265.6	20.1699	777.3154	5.1586	6
265.65	20.1712	775.9389	5.1625	6
265.7	20.1709	775.4238	5.1459	6
265.75	20.1699	777.4798	5.1434	6
265.8	20.1714	776.3965	5.1346	6
265.85	20.1715	775.0692	5.1307	6
265.9	20.1704	776.3028	5.1268	6
265.95	20.1709	775.8659	5.1305	6
266	20.172	774.3435	5.1394	6
266.05	20.1713	775.5588	5.1426	6
266.1	20.1708	776.3507	5.1597	6
266.15	20.1716	775.294	5.158	6
266.2	20.1718	775.2297	5.1472	6
266.25	20.171	776.0515	5.1484	6
266.3	20.171	775.9003	5.157	6
266.35	20.1711	775.8201	5.1653	6
266.4	20.1708	776.2361	5.1723	6
266.45	20.1705	776.7337	5.1809	6
266.5	20.1703	777.1595	5.1801	6
266.55	20.1705	776.8222	5.1533	6
266.6	20.1701	777.2176	5.1538	6
266.65	20.1693	778.392	5.1656	6
266.7	20.1698	777.7551	5.1704	6
266.75	20.1701	777.4709	5.1683	6
266.8	20.1694	779.3881	5.1776	6
266.85	20.17	780.5242	5.1793	6
266.9	20.1709	779.6413	5.1662	6
266.95	20.1703	779.8478	5.1723	6
267	20.1699	780.9991	5.1762	6
267.05	20.1706	780.3381	5.1521	6
267.1	20.1707	780.4685	5.1344	6
267.15	20.1705	781.2638	5.1544	6
267.2	20.1717	779.7885	5.1652	7
267.25	20.1717	779.0886	5.1809	7
267.3	20.1709	780.5795	5.1826	7
267.35	20.1717	779.5756	5.1774	7
267.4	20.1701	775.3157	5.1888	7
267.45	20.1609	764.4858	5.1787	7
267.5	20.1446	739.7099	5.1712	7
267.55	20.119	703.4984	5.1627	7
267.6	20.0817	659.8149	5.1515	7
267.65	20.0346	606.4223	5.1636	7
267.7	19.9773	543.1372	5.1657	7
267.75	19.9066	474.3475	5.1727	7
267.8	19.8238	398.9359	5.1736	7
267.85	19.7285	316.5422	5.1573	8
267.9	19.6193	229.611	5.154	8
267.95	19.4943	140.7092	5.1647	8
268	19.3545	48.6786	5.1534	8
268.05	19.2018	-41.7775	5.1577	8
268.1	19.0415	-120.1975	5.1732	8
268.15	18.8765	-189.4285	5.1671	8
268.2	18.7068	-253.6011	5.135	8
268.25	18.5308	-311.0052	5.1416	8
268.3	18.3493	-362.5455	5.1514	8
268.35	18.1632	-409.0383	5.1526	8
268.4	17.9716	-449.3085	5.1641	8
268.45	17.7738	-482.7344	5.1662	8
268.5	17.5694	-508.2815	5.1576	8
268.55	17.3583	-525.2169	5.1891	8
268.6	17.1413	-534.9331	5.1968	8
268.65	16.9179	-537.5702	5.1694	8
268.7	16.6882	-532.3959	5.163	8
268.75	16.4525	-519.4449	5.1615	8
268.8	16.2092	-496.8534	5.1555	8
268.85	15.9599	-468.1397	5.1535	8
268.9	15.7095	-439.1636	5.1663	8
268.95	15.4586	-409.7978	5.1878	8
269	15.2045	-376.9017	5.1812	8
269.05	14.9469	-340.7297	5.1746	8
269.1	14.6878	-303.5858	5.1759	8
269.15	14.4291	-267.7446	5.1689	8
269.2	14.1707	-233.3103	5.1728	8
269.25	13.9132	-201.2611	5.1826	8
269.3	13.6581	-173.6858	5.1895	8
269.35	13.4069	-151.823	5.1949	8
269.4	13.1583	-134.0649	5.1699	8
269.45	12.9116	-120.1192	5.1815	8
269.5	12.6668	-109.6613	5.1924	8
269.55	12.4233	-101.0647	5.1899	8
269.6	12.1812	-94.6316	5.1989	8
269.65	11.9392	-90.2134	5.1931	8
269.7	11.6963	-85.855	5.1966	8
269.75	11.4535	-82.3754	5.2063	8
269.8	11.2113	-79.9606	5.1971	8
269.85	10.9684	-77.4649	5.1849	8
269.9	10.7242	-74.216	5.1885	8
269.95	10.481	-72.9214	5.2002	8
270	10.236	-69.9876	5.193	8
270.05	9.9908	-67.3566	5.1856	8
270.1	9.7456	-65.3052	5.1767	8
270.15	9.4999	-62.6155	5.1933	8
270.2	9.2521	-58.1132	5.2101	8
270.25	9.0048	-54.903	5.194	8
270.3	8.7569	-51.5326	5.1931	8
270.35	8.5083	-47.7974	5.2135	8
270.4	8.2611	-46.3351	5.1948	8
270.45	8.0129	-44.4603	5.1651	8
270.5	7.7639	-41.804	5.177	8
270.55	7.5163	-41.1018	5.1945	8
270.6	7.2677	-39.4041	5.2019	8
270.65	7.0175	-36.6485	5.1987	8
270.7	6.7683	-35.5	5.2121	8
270.75	6.5185	-33.9353	5.2149	8
270.8	6.2672	-30.7243	5.2013	8
270.85	6.0173	-29.989	5.1952	8
270.9	5.7667	-28.8754	5.1877	8
270.95	5.5157	-27.3758	5.1771	8
271	5.2645	-25.9431	5.1644	8
271.05	5.0137	-25.3496	5.1669	8
271.1	4.7617	-23.6261	5.1652	8
271.15	4.5106	-22.7753	5.1598	8
271.2	4.2591	-22.0709	5.1582	8
271.25	4.0069	-20.9606	5.1641	8
271.3	3.7549	-20.4846	5.1755	8
271.35	3.5031	-20.3859	5.1842	8
271.4	3.2497	-19.0125	5.1871	8
271.45	2.9969	-18.5156	5.1826	8
271.5	2.7441	-18.3695	5.1823	8
271.55	2.4913	-18.5625	5.1861	8
271.6	2.2366	-16.4351	5.1925	8
271.65	1.9841	-17.2666	5.2065	8
271.7	1.7307	-17.116	5.1901	8
271.75	1.4763	-15.8215	5.1794	8
271.8	1.2227	-15.984	5.1749	8
271.85	0.9689	-15.9229	5.1734	8
271.9	0.7151	-15.2445	5.1816	8
271.95	0.4615	-15.0285	5.1892	8
272	0.2074	-15.172	5.1942	8
272.05	-0.0471	-15.2322	5.1993	8
272.1	-0.3018	-14.5909	5.1898	8
272.15	-0.5557	-15.0019	5.1702	8
272.2	-0.8104	-14.7997	5.1693	8
272.25	-1.0655	-14.2883	5.1815	8
272.3	-1.3203	-14.2209	5.1822	8
272.35	-1.5747	-14.5174	5.1757	8
272.4	-1.8297	-14.1912	5.1861	8
272.45	-2.0843	-13.9456	5.1791	8
272.5	-2.3384	-14.4007	5.1867	8
272.55	-2.5938	-13.87	5.1879	8
272.6	-2.8483	-13.9977	5.1747	8
272.65	-3.1027	-13.6163	5.1649	8
272.7	-3.3572	-13.7473	5.1516	8
272.75	-3.6121	-13.5156	5.143	8
272.8	-3.8665	-13.3443	5.1438	8
272.85	-4.1212	-13.2924	5.1597	8
