Indentation

 + User defined profile

+ User defined profile
   Acquisition rate :	20.0 [Hz]
   Linear load 20.00  µN ; 100.00 µN/min
   Pause in load 2 s
   Linear load 0.00  µN ; 100.00 µN/min
   Pause in load 120 s
   Linear depth 20.00  µm ; 500.00 µm/min
   Pause in depth 120 s
   Linear depth 0.00  µm ; 1000.00 µm/min
+ TTX - UNHT Bio S/N: 1000136751 settings
   Fn contact : 25 µN
   Approach distance : 20 µm
   Approach speed : 100 µm/min
   Retract speed : 200 µm/min
   Retract time : 5 sec
   Dz sensor in large range
   Load in fine range
   FnRef in fine range
   FnRef contactload :500.000 µN
   Stiffness threshold : 1 µN/µm

   X Position :9771.84 µm
   Y Position :38693.87 µm
   Z Position :8235.70 µm

Date :6/9/2026
Time :5:19:08 PM

Analysis n # 1

   Method :	Hertz

Cycle # 1

 + Parameters

  Load Fit [10%,98%]

 + Main results

   EHz=	97.138 	kPa

 + Hypothesis


 + Additional results

   ErHz=	106.75 kPa
   h offset=	0.37 µm
   R2=	0.99

Cycle # 2

 + Parameters

  Load Fit [10%,98%]

 + Main results

   EHz=	156.17 	kPa

 + Hypothesis


 + Additional results

   ErHz=	171.61 kPa
   h offset=	0.39 µm
   R2=	1.00

Analysis n # 2

   Method :	Oliver & Pharr

Cycle # 1

 + Parameters

  Unload Fit [40%,98%]

 + Main results

   HIT=	1.9288 	kPa
   EIT=	134.31 	kPa
   E*=	147.59 	kPa

 + Hypothesis

   !!! Indenter not calibrated !!!
   m out of O&P hypothesis
   Poisson's ratio(nu)=	0.30 

 + Additional results

   HVIT=	0.00019662 	 Vickers
   RIT 1.4E-005/6/2=	-16.91 	%
   nIT=	71.71 %
   Fmax=	14.07 	µN
   hmax=	3.05 	µm
   S=	14.2252 	µN/µm
   F/S²=	0.0695 	µm²/µN
   hc=	2.33 	µm
   hr=	2.06 	µm
   hp=	-20.21 	µm
   m=	23.5140 
   Epsilon=	0.73 
   R2=	0.993
   Ap=	7295.74 	µm²
   Welast=	9.93 pJ
   Wplast=	3.92 pJ
   Wtotal=	13.84 pJ
   Er=	147.59 	kPa

Cycle # 2

 + Parameters

  Unload Fit [40%,98%]

 + Main results

   HIT=	23.871 	kPa
   EIT=	5297.7 	kPa
   E*=	5821.6 	kPa

 + Hypothesis

   !!! Indenter not calibrated !!!
   m out of O&P hypothesis
   Poisson's ratio(nu)=	0.30 

 + Additional results

   HVIT=	0.0024334 	 Vickers
   RIT 0.0014/2/120=	-16240.56 	%
   nIT=	5.83 %
   Fmax=	1432.23 	µN
   hmax=	20.12 	µm
   S=	1609.0288 	µN/µm
   F/S²=	0.0006 	µm²/µN
   hc=	19.48 	µm
   hr=	19.23 	µm
   hp=	-0.60 	µm
   m=	23.2796 
   Epsilon=	0.73 
   R2=	1.000
   Ap=	59998.29 	µm²
   Welast=	1010.26 pJ
   Wplast=	16322.16 pJ
   Wtotal=	17332.42 pJ
   Er=	5821.6 	kPa

Measured values
Time (s)	Pd (µm)	Fn (µN)	FnRef (µN)	SegmentID

0	0	0	5.1016	0
0.05	0.0913	-0.3673	5.0789	0
0.1	0.1816	0.2495	5.0859	0
0.15	0.2725	0.1194	5.0818	0
0.2	0.3629	0.4433	5.0861	0
0.25	0.4535	0.5281	5.0866	0
0.3	0.5438	0.5593	5.0734	0
0.35	0.6334	1.022	5.0774	0
0.4	0.7232	1.1071	5.0748	0
0.45	0.8127	1.2806	5.0825	0
0.5	0.9021	1.6523	5.0749	0
0.55	0.9915	1.8801	5.0736	1
0.6	1.0802	2.2798	5.1024	1
0.65	1.169	2.5952	5.0834	1
0.7	1.2565	3.1657	5.0712	1
0.75	1.327	3.4187	5.0814	1
0.8	1.3647	3.1548	5.0893	1
0.85	1.3875	3.5713	5.0995	1
0.9	1.4073	3.4142	5.0959	1
0.95	1.4252	3.6627	5.1024	1
1	1.4422	3.3414	5.1074	1
1.05	1.4577	3.7409	5.1014	1
1.1	1.4724	3.7584	5.0855	1
1.15	1.4865	3.776	5.0649	1
1.2	1.4999	3.8487	5.0691	1
1.25	1.5128	3.8507	5.0961	1
1.3	1.5255	3.9405	5.0781	1
1.35	1.5376	3.9802	5.0709	1
1.4	1.5493	3.8576	5.0812	1
1.45	1.5609	4.1578	5.0753	1
1.5	1.5721	4.0657	5.0905	1
1.55	1.5832	4.2274	5.0884	1
1.6	1.5944	4.2262	5.097	1
1.65	1.6056	4.2816	5.1124	1
1.7	1.6162	4.4555	5.101	1
1.75	1.627	4.2892	5.0907	1
1.8	1.638	4.2978	5.0932	1
1.85	1.6483	4.5481	5.0901	1
1.9	1.6584	4.4708	5.074	1
1.95	1.6694	4.5847	5.0747	1
2	1.6795	4.5717	5.0941	1
2.05	1.6894	4.893	5.0873	1
2.1	1.6997	4.5286	5.0788	1
2.15	1.7101	4.9084	5.0751	1
2.2	1.7199	4.7968	5.0691	1
2.25	1.7303	4.7488	5.0845	1
2.3	1.7405	4.9245	5.0759	1
2.35	1.7506	5.0866	5.0748	1
2.4	1.7606	4.9811	5.0856	1
2.45	1.7709	5.106	5.0772	1
2.5	1.7802	5.354	5.0749	1
2.55	1.7905	5.0829	5.0902	1
2.6	1.8007	5.3504	5.0815	1
2.65	1.8106	5.4167	5.0764	1
2.7	1.8206	5.291	5.0712	1
2.75	1.831	5.4889	5.0638	1
2.8	1.8407	5.5121	5.0498	1
2.85	1.8513	5.3313	5.0685	1
2.9	1.8617	5.6789	5.0757	1
2.95	1.8712	5.8205	5.0579	1
3	1.881	5.7161	5.0569	1
3.05	1.8918	5.4425	5.059	1
3.1	1.9017	6.208	5.0452	1
3.15	1.9118	5.6993	5.0379	1
3.2	1.9223	5.9953	5.0475	1
3.25	1.9329	5.9533	5.0594	1
3.3	1.9433	6.023	5.0615	1
3.35	1.9541	5.9196	5.061	1
3.4	1.9646	6.4708	5.0601	1
3.45	1.9749	6.058	5.0612	1
3.5	1.9856	6.3432	5.0612	1
3.55	1.9962	6.2222	5.0571	1
3.6	2.006	6.7395	5.0547	1
3.65	2.0174	6.1246	5.049	1
3.7	2.0281	6.8615	5.0338	1
3.75	2.0385	6.5845	5.0542	1
3.8	2.049	6.7197	5.0831	1
3.85	2.0597	6.6816	5.0745	1
3.9	2.0702	7.1763	5.0738	1
3.95	2.0807	6.6962	5.0606	1
4	2.0914	7.1592	5.0523	1
4.05	2.1016	7.18	5.0722	1
4.1	2.1122	7.2957	5.0754	1
4.15	2.1234	6.9696	5.0782	1
4.2	2.1341	7.6769	5.0683	1
4.25	2.144	7.3733	5.046	1
4.3	2.155	7.3415	5.0513	1
4.35	2.1656	7.6092	5.0458	1
4.4	2.176	7.9109	5.0497	1
4.45	2.1868	7.5181	5.0644	1
4.5	2.1977	7.9083	5.0583	1
4.55	2.2078	7.9114	5.0423	1
4.6	2.2185	7.879	5.0472	1
4.65	2.229	8.0532	5.0588	1
4.7	2.2391	8.464	5.0612	1
4.75	2.2496	8.0758	5.0704	1
4.8	2.2604	8.388	5.0875	1
4.85	2.271	8.3307	5.08	1
4.9	2.2816	8.6195	5.0897	1
4.95	2.2914	8.9278	5.1026	1
5	2.3019	8.4798	5.0847	1
5.05	2.3123	8.9103	5.0827	1
5.1	2.3223	9.1349	5.0809	1
5.15	2.3329	8.6609	5.0827	1
5.2	2.344	8.8331	5.0854	1
5.25	2.3548	9.0594	5.0679	1
5.3	2.3656	8.9597	5.0585	1
5.35	2.3771	8.7766	5.0457	1
5.4	2.3879	9.2797	5.0419	1
5.45	2.3985	9.343	5.0563	1
5.5	2.4101	8.904	5.0644	1
5.55	2.4214	9.487	5.0484	1
5.6	2.4321	9.5937	5.0574	1
5.65	2.4429	9.4532	5.0732	1
5.7	2.4543	9.4818	5.0952	1
5.75	2.4653	9.9272	5.0705	1
5.8	2.4756	9.9051	5.0616	1
5.85	2.4868	9.655	5.077	1
5.9	2.4974	10.2358	5.0709	1
5.95	2.507	10.4193	5.0612	1
6	2.518	9.9087	5.052	1
6.05	2.5289	10.4908	5.0367	1
6.1	2.5392	10.6168	5.038	1
6.15	2.5495	10.5154	5.0596	1
6.2	2.5606	10.5184	5.0571	1
6.25	2.5703	11.2605	5.0499	1
6.3	2.5807	10.4317	5.0514	1
6.35	2.5917	11.0163	5.0633	1
6.4	2.6011	11.4976	5.0469	1
6.45	2.6115	11.0411	5.0547	1
6.5	2.6227	10.9226	5.069	1
6.55	2.6319	12.0362	5.0668	1
6.6	2.6417	11.2566	5.0732	1
6.65	2.6523	11.3235	5.0633	1
6.7	2.6622	11.9369	5.0658	1
6.75	2.6723	11.644	5.0745	1
6.8	2.6822	11.7331	5.0713	1
6.85	2.692	12.0772	5.0725	2
6.9	2.7017	12.0366	5.0815	2
6.95	2.7118	12.0548	5.0855	2
7	2.7222	12.1782	5.0834	2
7.05	2.7317	12.3188	5.0764	2
7.1	2.7413	12.3613	5.0896	2
7.15	2.7514	12.2607	5.0892	2
7.2	2.7608	12.6999	5.0838	2
7.25	2.7698	12.8106	5.0838	2
7.3	2.7788	12.5186	5.0786	2
7.35	2.7877	12.8314	5.0813	2
7.4	2.7954	13.1114	5.0963	2
7.45	2.8042	12.7511	5.0816	2
7.5	2.8127	13.0732	5.0582	2
7.55	2.8206	13.3516	5.053	2
7.6	2.8283	13.1927	5.0715	2
7.65	2.8359	13.2797	5.0884	2
7.7	2.843	13.5025	5.0978	2
7.75	2.8498	13.3354	5.0991	2
7.8	2.8575	13.4362	5.0975	2
7.85	2.8642	13.6264	5.1137	2
7.9	2.8707	13.6632	5.1085	2
7.95	2.8773	13.7044	5.087	2
8	2.8835	13.7793	5.091	2
8.05	2.8895	13.8492	5.0928	2
8.1	2.8956	13.8118	5.094	2
8.15	2.9016	14.1709	5.0942	2
8.2	2.9076	13.682	5.0929	2
8.25	2.9134	14.1781	5.0979	2
8.3	2.9186	14.0128	5.0864	2
8.35	2.9243	13.9829	5.0821	2
8.4	2.9299	14.0192	5.0713	2
8.45	2.9353	14.099	5.0597	2
8.5	2.9403	14.3616	5.0638	2
8.55	2.9457	14.0341	5.0697	2
8.6	2.9505	14.3919	5.0729	2
8.65	2.9549	14.3947	5.0713	2
8.7	2.9593	14.2195	5.0803	2
8.75	2.9647	14.1393	5.0952	2
8.8	2.9694	14.2876	5.0937	2
8.85	2.9741	14.4285	5.0707	3
8.9	2.9789	14.0721	5.0633	3
8.95	2.9839	14.3173	5.0496	3
9	2.988	14.6214	5.0438	3
9.05	2.9927	14.1012	5.0598	3
9.1	2.9968	14.6832	5.0727	3
9.15	3.0002	14.5706	5.0859	3
9.2	3.0039	14.411	5.0792	3
9.25	3.0077	14.6354	5.071	3
9.3	3.0107	14.4686	5.086	3
9.35	3.0144	14.2421	5.095	3
9.4	3.0168	14.8542	5.0687	3
9.45	3.0191	14.3835	5.0564	3
9.5	3.0222	14.322	5.071	3
9.55	3.0249	14.4091	5.0885	3
9.6	3.0267	14.6683	5.0638	3
9.65	3.0288	14.2659	5.0598	3
9.7	3.0308	14.3525	5.0729	3
9.75	3.0315	14.876	5.0771	3
9.8	3.0326	14.2983	5.0659	3
9.85	3.0338	14.445	5.0668	3
9.9	3.0347	14.5532	5.0783	3
9.95	3.0353	14.2394	5.0713	3
10	3.0364	14.1178	5.0784	3
10.05	3.0369	14.5046	5.0818	3
10.1	3.0374	14.0137	5.0798	3
10.15	3.0382	14.1532	5.0867	3
10.2	3.0377	14.469	5.0927	3
10.25	3.0372	14.2144	5.0665	3
10.3	3.0373	14.1853	5.0724	3
10.35	3.0366	14.4747	5.0659	3
10.4	3.0357	14.1136	5.0545	3
10.45	3.0354	14.1085	5.0481	3
10.5	3.0341	14.3639	5.0576	3
10.55	3.033	13.9516	5.0652	3
10.6	3.0324	13.7658	5.0728	3
10.65	3.031	14.2494	5.0576	3
10.7	3.029	14.1109	5.0445	3
10.75	3.0286	13.2766	5.0422	3
10.8	3.0272	14.2655	5.0583	3
10.85	3.0246	14.0065	5.0793	3
10.9	3.0232	13.4859	5.0762	3
10.95	3.022	13.7063	5.0725	3
11	3.0191	14.2379	5.0689	3
11.05	3.0168	13.3575	5.0725	3
11.1	3.0154	13.4109	5.0662	3
11.15	3.0121	13.9857	5.0777	3
11.2	3.0094	13.3216	5.0923	3
11.25	3.008	13.0626	5.0795	3
11.3	3.0048	13.9877	5.0856	3
11.35	3.0017	13.2304	5.0737	3
11.4	2.9995	13.1044	5.0696	3
11.45	2.9961	13.7214	5.0874	3
11.5	2.9923	13.3911	5.0752	3
11.55	2.9899	12.747	5.0837	3
11.6	2.9868	13.5462	5.1052	3
11.65	2.9826	13.356	5.0968	3
11.7	2.9798	12.713	5.0937	3
11.75	2.9769	12.9308	5.083	3
11.8	2.9723	13.4272	5.0787	3
11.85	2.9685	12.6457	5.0801	3
11.9	2.9655	12.6522	5.0789	3
11.95	2.9609	13.338	5.0749	3
12	2.9567	12.5261	5.0616	3
12.05	2.9537	12.5569	5.0807	3
12.1	2.9494	12.9904	5.091	3
12.15	2.9448	12.4709	5.073	3
12.2	2.9411	12.5377	5.0837	3
12.25	2.9364	12.4425	5.0928	3
12.3	2.9319	12.5407	5.0909	3
12.35	2.9271	12.4004	5.0804	3
12.4	2.9226	12.3731	5.0801	3
12.45	2.9183	12.2159	5.07	3
12.5	2.9136	12.2497	5.055	3
12.55	2.909	12.0986	5.06	3
12.6	2.9042	12.2383	5.0596	3
12.65	2.899	11.9232	5.0478	3
12.7	2.8937	12.1435	5.0449	3
12.75	2.8888	11.6695	5.057	3
12.8	2.8839	11.9595	5.062	3
12.85	2.8782	11.7596	5.0596	3
12.9	2.8736	11.5799	5.0442	3
12.95	2.8684	11.5089	5.0454	3
13	2.8633	11.73	5.0573	3
13.05	2.8581	11.2564	5.0588	3
13.1	2.8533	11.5713	5.0751	3
13.15	2.8471	11.6605	5.0768	3
13.2	2.842	11.0836	5.0858	3
13.25	2.8365	11.3599	5.0919	3
13.3	2.8305	11.4221	5.089	3
13.35	2.8246	11.2208	5.0797	3
13.4	2.8193	10.8534	5.0715	3
13.45	2.813	11.3679	5.0894	3
13.5	2.8068	10.9571	5.0733	3
13.55	2.8007	10.9255	5.0558	3
13.6	2.7952	10.5934	5.0681	3
13.65	2.7889	11.1381	5.0658	3
13.7	2.7827	10.6897	5.0568	3
13.75	2.7766	10.5616	5.0751	3
13.8	2.7713	10.3018	5.0688	3
13.85	2.764	11.1861	5.0576	3
13.9	2.758	9.9806	5.0481	3
13.95	2.7525	10.5049	5.0539	3
14	2.7456	10.4041	5.066	3
14.05	2.7392	10.3527	5.0719	3
14.1	2.7331	9.6482	5.065	3
14.15	2.7268	10.4451	5.0519	3
14.2	2.7202	9.8534	5.0632	3
14.25	2.7144	9.9617	5.0694	3
14.3	2.7081	9.7656	5.0635	3
14.35	2.7017	9.7818	5.0704	3
14.4	2.6951	9.6757	5.0803	3
14.45	2.6882	9.892	5.0858	3
14.5	2.6813	9.3869	5.0992	3
14.55	2.675	9.6256	5.0876	3
14.6	2.6673	9.6891	5.0899	3
14.65	2.6614	8.9806	5.1097	3
14.7	2.6542	9.6129	5.1033	3
14.75	2.6472	9.5619	5.1131	3
14.8	2.6404	9.0845	5.0911	3
14.85	2.6338	9.066	5.086	3
14.9	2.6261	9.7225	5.0707	3
14.95	2.6189	8.5377	5.076	3
15	2.6122	9.2009	5.0809	3
15.05	2.6037	9.4115	5.0878	3
15.1	2.5959	8.7405	5.0904	3
15.15	2.5893	8.637	5.0755	3
15.2	2.5817	9.1717	5.0554	3
15.25	2.5735	8.8177	5.0734	3
15.3	2.5667	8.2451	5.0744	3
15.35	2.5584	9.2285	5.068	3
15.4	2.5503	8.242	5.0526	3
15.45	2.5434	8.2811	5.0443	3
15.5	2.5354	8.567	5.0435	3
15.55	2.5269	8.5746	5.0385	3
15.6	2.5194	7.926	5.0428	3
15.65	2.5123	8.204	5.0673	3
15.7	2.5041	8.1892	5.0605	3
15.75	2.4959	8.2059	5.0596	3
15.8	2.4884	7.5621	5.0655	3
15.85	2.4806	8.2642	5.058	3
15.9	2.4728	7.5672	5.0585	3
15.95	2.465	7.5667	5.0687	3
16	2.4571	7.5684	5.0731	3
16.05	2.4489	7.8352	5.0745	3
16.1	2.4408	7.429	5.0767	3
16.15	2.4335	6.9921	5.0758	3
16.2	2.4243	8.257	5.0815	3
16.25	2.4162	6.8949	5.084	3
16.3	2.4081	7.575	5.0881	3
16.35	2.3997	7.0583	5.0732	3
16.4	2.3909	7.3944	5.0704	3
16.45	2.3819	7.0254	5.0795	3
16.5	2.3742	6.9971	5.0898	3
16.55	2.3656	6.6365	5.0836	3
16.6	2.3569	7.6581	5.0758	3
16.65	2.3477	6.1141	5.0683	3
16.7	2.3405	6.9518	5.0464	3
16.75	2.3312	6.8591	5.0679	3
16.8	2.3223	6.5521	5.0866	3
16.85	2.3139	6.4779	5.0732	3
16.9	2.305	6.5661	5.0579	3
16.95	2.2949	6.8622	5.0644	3
17	2.2878	5.5744	5.0891	3
17.05	2.278	7.0502	5.0871	3
17.1	2.2686	6.1986	5.0764	3
17.15	2.2598	5.997	5.0798	3
17.2	2.2504	6.2508	5.0755	3
17.25	2.2403	6.6944	5.0536	3
17.3	2.2312	5.4476	5.0607	3
17.35	2.222	6.5769	5.07	3
17.4	2.2121	5.6384	5.0884	3
17.45	2.2025	6.498	5.0993	3
17.5	2.1934	5.3017	5.0881	3
17.55	2.1837	5.8411	5.0767	3
17.6	2.1743	5.8243	5.0693	3
17.65	2.1638	5.6909	5.0727	3
17.7	2.1546	5.5737	5.0804	3
17.75	2.1447	5.6107	5.0661	3
17.8	2.1347	5.3571	5.0523	3
17.85	2.1251	5.4531	5.0731	3
17.9	2.1148	5.2798	5.0921	3
17.95	2.1039	5.6062	5.0917	3
18	2.094	4.8348	5.075	3
18.05	2.0841	5.3244	5.0665	3
18.1	2.0739	5.2617	5.0786	3
18.15	2.0637	4.7594	5.0815	3
18.2	2.053	5.3597	5.0736	3
18.25	2.043	4.5162	5.0632	3
18.3	2.0324	5.1721	5.0614	3
18.35	2.0211	4.9239	5.0768	3
18.4	2.0115	4.2751	5.0837	3
18.45	2.0013	4.8855	5.0752	3
18.5	1.9898	4.8986	5.0661	3
18.55	1.9796	4.0667	5.0605	3
18.6	1.9697	4.4295	5.0621	3
18.65	1.9578	4.8919	5.058	3
18.7	1.9467	4.0967	5.0619	3
18.75	1.9368	3.9858	5.0632	3
18.8	1.9262	4.4435	5.0644	3
18.85	1.9147	4.2719	5.0682	3
18.9	1.9045	3.4438	5.0605	3
18.95	1.8932	4.6718	5.0744	3
19	1.8814	3.9513	5.0759	3
19.05	1.8709	3.7127	5.0733	3
19.1	1.8604	3.7546	5.0827	3
19.15	1.8486	4.237	5.084	3
19.2	1.8375	3.1463	5.0722	3
19.25	1.8268	3.6925	5.0702	3
19.3	1.8145	3.8758	5.0769	3
19.35	1.8029	3.4064	5.0791	3
19.4	1.7923	3.2144	5.0758	3
19.45	1.7803	3.7893	5.0954	3
19.5	1.7687	3.2017	5.0922	3
19.55	1.7579	3.2858	5.0855	3
19.6	1.7458	3.371	5.0869	3
19.65	1.7341	3.0288	5.0836	3
19.7	1.7224	3.1509	5.082	3
19.75	1.7099	3.2689	5.0772	3
19.8	1.698	2.8992	5.0852	3
19.85	1.6859	2.9678	5.098	3
19.9	1.6735	3.1468	5.1023	3
19.95	1.6611	2.9926	5.0963	3
20	1.6493	2.5688	5.0942	3
20.05	1.6363	3.2943	5.0812	3
20.1	1.6229	2.7639	5.0764	3
20.15	1.6114	2.2662	5.0816	3
20.2	1.5985	3.1295	5.0976	3
20.25	1.5847	2.7635	5.0893	3
20.3	1.5731	2.016	5.0723	3
20.35	1.5598	3.2229	5.083	3
20.4	1.5458	2.526	5.0843	3
20.45	1.5336	2.0843	5.0707	3
20.5	1.5199	2.8264	5.0649	3
20.55	1.5052	2.5782	5.0593	3
20.6	1.4922	1.9145	5.0691	3
20.65	1.4794	2.3805	5.076	3
20.7	1.4651	2.3122	5.0583	3
20.75	1.4516	1.9513	5.0587	3
20.8	1.4383	2.0005	5.0501	3
20.85	1.4242	2.4075	5.0562	4
20.9	1.4105	1.6601	5.0695	4
20.95	1.397	1.9244	5.0769	4
21	1.3824	2.1432	5.0844	4
21.05	1.3686	1.5032	5.0661	4
21.1	1.3548	1.8875	5.0659	4
21.15	1.3405	1.9905	5.068	4
21.2	1.3269	1.3759	5.0512	4
21.25	1.3135	1.7216	5.0601	4
21.3	1.2997	1.5044	5.0663	4
21.35	1.2865	1.5139	5.0529	4
21.4	1.2729	1.7709	5.0495	4
21.45	1.2594	1.2786	5.0618	4
21.5	1.246	1.4154	5.0795	4
21.55	1.233	1.2135	5.0815	4
21.6	1.2192	1.7553	5.0757	4
21.65	1.206	1.0045	5.0811	4
21.7	1.1938	1.1008	5.0896	4
21.75	1.181	1.461	5.1189	4
21.8	1.1676	1.4167	5.1158	4
21.85	1.1553	0.7429	5.0851	4
21.9	1.1423	1.5441	5.0788	4
21.95	1.1286	1.1257	5.0708	4
22	1.1165	0.8867	5.0661	4
22.05	1.1043	1.1392	5.0579	4
22.1	1.091	1.4511	5.0442	4
22.15	1.0786	0.4628	5.0517	4
22.2	1.0671	0.8459	5.0579	4
22.25	1.0535	1.6693	5.0621	4
22.3	1.0413	0.594	5.0625	4
22.35	1.0303	0.4975	5.0707	4
22.4	1.0178	1.3083	5.0711	4
22.45	1.0052	0.8309	5.0655	4
22.5	0.9942	0.1603	5.0674	4
22.55	0.9826	1.2477	5.0582	4
22.6	0.97	0.6809	5.0597	4
22.65	0.9589	0.3746	5.0675	4
22.7	0.9471	0.7408	5.0589	4
22.75	0.9348	0.9816	5.0475	4
22.8	0.923	0.3394	5.045	4
22.85	0.9124	0.3867	5.0397	4
22.9	0.8999	0.9298	5.06	4
22.95	0.8881	0.4096	5.0494	4
23	0.877	0.321	5.0529	4
23.05	0.8651	0.8268	5.0681	4
23.1	0.853	0.5596	5.0639	4
23.15	0.8425	0.3315	5.0702	4
23.2	0.8312	0.6269	5.0592	4
23.25	0.8201	0.2183	5.0515	4
23.3	0.8084	0.8445	5.049	4
23.35	0.7969	0.2884	5.041	4
23.4	0.786	0.4081	5.0342	4
23.45	0.775	0.2757	5.0454	4
23.5	0.7631	0.9459	5.046	4
23.55	0.7529	-0.4013	5.0422	4
23.6	0.7427	0.7318	5.0404	4
23.65	0.7302	0.6461	5.0433	4
23.7	0.7195	-0.0206	5.0399	4
23.75	0.7091	0.0692	5.0396	4
23.8	0.6974	0.7901	5.0539	4
23.85	0.6863	0.0294	5.054	4
23.9	0.6763	0.0516	5.0499	4
23.95	0.6649	0.7041	5.0564	4
24	0.653	0.416	5.0585	4
24.05	0.6429	-0.382	5.0642	4
24.1	0.6322	0.6222	5.0584	4
24.15	0.6205	0.2743	5.0702	4
24.2	0.6106	-0.0609	5.0768	4
24.25	0.6002	0.2708	5.0628	4
24.3	0.5889	0.4388	5.0621	4
24.35	0.5789	-0.2963	5.0683	4
24.4	0.5675	0.65	5.0661	4
24.45	0.5572	-0.2757	5.0708	4
24.5	0.5465	0.349	5.0798	4
24.55	0.5359	-0.0048	5.0779	4
24.6	0.526	0.1504	5.0662	4
24.65	0.5154	-0.0952	5.0529	4
24.7	0.5041	0.5303	5.0559	4
24.75	0.4943	-0.6152	5.0641	4
24.8	0.4839	0.5646	5.0657	4
24.85	0.4723	0.2962	5.0602	4
24.9	0.4617	-0.0084	5.0618	4
24.95	0.452	-0.3287	5.0655	4
25	0.4414	0.6097	5.0466	4
25.05	0.4301	-0.1008	5.0511	4
25.1	0.4209	-0.2833	5.0704	4
25.15	0.4099	0.2908	5.078	4
25.2	0.3986	0.1717	5.0823	4
25.25	0.3885	-0.2798	5.0728	4
25.3	0.3788	-0.0963	5.0669	4
25.35	0.3677	0.4262	5.0635	4
25.4	0.3576	-0.4736	5.0683	4
25.45	0.348	-0.0571	5.0731	4
25.5	0.3368	0.4527	5.0719	4
25.55	0.3264	-0.2381	5.0767	4
25.6	0.3172	-0.4012	5.098	4
25.65	0.3066	0.4476	5.0886	4
25.7	0.2958	-0.1622	5.0852	4
25.75	0.2858	-0.0429	5.0864	4
25.8	0.2756	-0.1534	5.0725	4
25.85	0.2647	0.3739	5.0709	4
25.9	0.2543	-0.2053	5.0776	4
25.95	0.2445	-0.257	5.0708	4
26	0.2342	0.1276	5.0725	4
26.05	0.2231	0.2064	5.0809	4
26.1	0.2136	-0.4729	5.0799	4
26.15	0.203	0.4431	5.073	4
26.2	0.1921	-0.1205	5.0694	4
26.25	0.183	-0.5478	5.0688	4
26.3	0.1728	0.2846	5.0709	4
26.35	0.1619	-0.1451	5.0752	4
26.4	0.1522	-0.1955	5.0669	4
26.45	0.1419	-0.0024	5.0812	4
26.5	0.1317	-0.1329	5.0871	4
26.55	0.1218	-0.2097	5.0831	4
26.6	0.1111	0.2182	5.08	4
26.65	0.101	-0.3559	5.0538	4
26.7	0.0912	-0.2163	5.0362	4
26.75	0.0809	0.1859	5.0481	4
26.8	0.0709	-0.3149	5.0461	4
26.85	0.0601	0.2899	5.0407	4
26.9	0.05	-0.3291	5.0455	4
26.95	0.0399	0.1176	5.0488	4
27	0.0293	-0.0299	5.0484	4
27.05	0.0192	-0.1747	5.0568	4
27.1	0.0085	-0.0166	5.0707	4
27.15	-0.0017	0.0561	5.0697	4
27.2	-0.0119	-0.2309	5.0665	4
27.25	-0.0223	0.1622	5.0761	4
27.3	-0.0324	-0.2594	5.0681	4
27.35	-0.0423	0.1098	5.0659	4
27.4	-0.053	-0.1548	5.0718	4
27.45	-0.0634	0.0311	5.0582	4
27.5	-0.0733	-0.1097	5.0418	4
27.55	-0.0836	0.0545	5.0477	4
27.6	-0.0941	-0.0842	5.0714	4
27.65	-0.1045	0.2519	5.0597	4
27.7	-0.1153	-0.2786	5.0533	4
27.75	-0.1254	0.3627	5.0662	4
27.8	-0.1363	-0.1495	5.0631	4
27.85	-0.1463	-0.0016	5.0594	4
27.9	-0.1572	0.2345	5.0551	4
27.95	-0.1676	-0.1223	5.0527	4
28	-0.1776	0.02	5.0614	4
28.05	-0.1881	0.1528	5.0573	4
28.1	-0.1992	0.041	5.0545	4
28.15	-0.2096	-0.0261	5.0715	4
28.2	-0.2205	0.1487	5.0618	4
28.25	-0.231	-0.122	5.0535	4
28.3	-0.2414	0.0984	5.0469	4
28.35	-0.252	-0.0363	5.0425	4
28.4	-0.262	-0.0823	5.0397	4
28.45	-0.2723	0.0974	5.0227	4
28.5	-0.2832	0.1309	5.0351	4
28.55	-0.2934	-0.2258	5.06	4
28.6	-0.3035	0.0836	5.0635	4
28.65	-0.3142	-0.067	5.0612	4
28.7	-0.3251	0.1963	5.0577	4
28.75	-0.3351	-0.3681	5.0527	4
28.8	-0.3453	0.2955	5.0581	4
28.85	-0.3564	0.0807	5.0591	4
28.9	-0.3668	-0.2215	5.056	4
28.95	-0.3772	0.2512	5.0529	4
29	-0.3883	0.0317	5.0453	4
29.05	-0.3979	-0.4093	5.0509	4
29.1	-0.4087	0.4562	5.037	4
29.15	-0.42	0.2152	5.0398	4
29.2	-0.43	-0.3568	5.0517	4
29.25	-0.4403	0.1466	5.0539	4
29.3	-0.4513	0.197	5.0549	4
29.35	-0.4619	-0.0181	5.0646	4
29.4	-0.4722	-0.1267	5.069	4
29.45	-0.4823	-0.0354	5.0747	4
29.5	-0.4938	0.3679	5.054	4
29.55	-0.5037	-0.5651	5.0415	4
29.6	-0.5141	0.4314	5.0509	4
29.65	-0.5253	0.0934	5.0599	4
29.7	-0.5358	-0.095	5.0689	4
29.75	-0.5458	-0.0834	5.0596	4
29.8	-0.5571	0.4351	5.0668	4
29.85	-0.5676	-0.3752	5.0675	4
29.9	-0.5775	-0.0748	5.0846	4
29.95	-0.5888	0.5846	5.0888	4
30	-0.5997	-0.2769	5.0744	4
30.05	-0.6096	0.0383	5.0815	4
30.1	-0.6212	0.5651	5.0894	4
30.15	-0.6317	-0.2182	5.0948	4
30.2	-0.6418	-0.0643	5.0821	4
30.25	-0.6531	0.4643	5.0823	4
30.3	-0.6641	0.0302	5.0872	4
30.35	-0.6743	-0.2656	5.0568	4
30.4	-0.6846	0.2892	5.047	4
30.45	-0.6957	0.0881	5.0575	4
30.5	-0.7061	-0.0887	5.0714	4
30.55	-0.7164	-0.1139	5.0834	4
30.6	-0.7268	-0.0556	5.0689	4
30.65	-0.7373	-0.209	5.0627	4
30.7	-0.7472	-0.1389	5.0726	4
30.75	-0.758	-0.0392	5.0678	4
30.8	-0.7684	0.0875	5.0633	4
30.85	-0.7785	-0.316	5.0654	4
30.9	-0.7883	-0.1246	5.0756	4
30.95	-0.7987	-0.2439	5.1113	4
31	-0.8096	0.143	5.1121	4
31.05	-0.8192	-0.9079	5.09	4
31.1	-0.828	-0.3123	5.0745	4
31.15	-0.839	0.1549	5.0709	4
31.2	-0.8476	-1.0641	5.075	4
31.25	-0.8576	0.0176	5.082	4
31.3	-0.8673	-0.578	5.0781	4
31.35	-0.8769	-0.3147	5.0759	4
31.4	-0.8862	-0.5849	5.0544	4
31.45	-0.8968	0.0095	5.0531	4
31.5	-0.9067	-0.4867	5.0607	4
31.55	-0.9162	-0.2055	5.0725	4
31.6	-0.9261	-0.5204	5.0878	4
31.65	-0.9361	0.0935	5.083	4
31.7	-0.9459	-0.775	5.0811	4
31.75	-0.956	0.2758	5.082	4
31.8	-0.9658	-0.799	5.0846	4
31.85	-0.9755	0.1343	5.0865	4
31.9	-0.9858	-0.6018	5.0817	4
31.95	-0.9953	-0.001	5.081	4
32	-1.0051	-0.728	5.0685	4
32.05	-1.0148	0.0493	5.0743	4
32.1	-1.0248	-0.5012	5.0754	4
32.15	-1.0343	-0.3266	5.0709	4
32.2	-1.0442	-0.1031	5.0633	4
32.25	-1.0535	-0.606	5.0505	4
32.3	-1.0624	-0.5891	5.0562	4
32.35	-1.0723	-0.0908	5.0692	4
32.4	-1.0823	-0.5067	5.0747	4
32.45	-1.0908	-0.8448	5.0856	4
32.5	-1.1018	0.3177	5.0765	4
32.55	-1.1115	-0.7602	5.0636	4
32.6	-1.1203	-0.7226	5.0659	4
32.65	-1.1297	-0.003	5.0722	4
32.7	-1.1399	-0.5142	5.0954	4
32.75	-1.1491	-0.4718	5.0929	4
32.8	-1.159	-0.4264	5.0811	4
32.85	-1.1685	-0.4394	5.0713	4
32.9	-1.1781	-0.5261	5.0589	4
32.95	-1.1872	-0.6399	5.0681	4
33	-1.1969	-0.2406	5.0783	4
33.05	-1.2064	-0.7557	5.0872	4
33.1	-1.2155	-0.3804	5.0905	4
33.15	-1.2254	-0.3842	5.0798	4
33.2	-1.2349	-0.5908	5.077	4
33.25	-1.2443	-0.4802	5.0808	4
33.3	-1.2537	-0.7094	5.092	4
33.35	-1.2634	-0.1799	5.101	4
33.4	-1.2731	-0.6249	5.0821	4
33.45	-1.2831	-0.2709	5.0702	4
33.5	-1.2934	-0.1549	5.0732	4
33.55	-1.3026	-0.8893	5.0677	4
33.6	-1.312	-0.0888	5.0771	4
33.65	-1.3222	-0.2651	5.0957	4
33.7	-1.332	-0.5802	5.0875	4
33.75	-1.3413	-0.2571	5.0775	4
33.8	-1.3516	-0.2851	5.0634	4
33.85	-1.3624	0.1049	5.0751	4
33.9	-1.372	-0.8488	5.0859	4
33.95	-1.3819	0.1719	5.0648	4
34	-1.3926	-0.241	5.0654	4
34.05	-1.4021	-0.5037	5.0809	4
34.1	-1.4114	-0.3039	5.0782	4
34.15	-1.4223	0.1938	5.0663	4
34.2	-1.4319	-0.827	5.0608	4
34.25	-1.4416	-0.0165	5.0827	4
34.3	-1.4525	-0.0831	5.0755	4
34.35	-1.4618	-0.6086	5.0644	4
34.4	-1.4715	-0.3605	5.0547	4
34.45	-1.4819	0.2206	5.0427	4
34.5	-1.492	-0.7958	5.0568	4
34.55	-1.5014	-0.1872	5.0539	4
34.6	-1.5115	-0.2476	5.0463	4
34.65	-1.5223	-0.0647	5.05	4
34.7	-1.5324	-0.6028	5.0511	4
34.75	-1.5418	-0.2222	5.0538	4
34.8	-1.5524	-0.0741	5.0533	4
34.85	-1.5621	-0.4871	5.0572	4
34.9	-1.5725	0.011	5.0662	4
34.95	-1.5823	-0.3262	5.0604	4
35	-1.5925	-0.3252	5.0625	4
35.05	-1.602	-0.2131	5.0799	4
35.1	-1.6123	-0.2923	5.07	4
35.15	-1.6222	-0.3791	5.0654	4
35.2	-1.6323	-0.1599	5.0592	4
35.25	-1.642	-0.5953	5.0559	4
35.3	-1.652	-0.0005	5.0537	4
35.35	-1.6623	-0.4547	5.0395	4
35.4	-1.6721	-0.4196	5.0319	4
35.45	-1.6818	-0.4135	5.0358	4
35.5	-1.6926	-0.0687	5.0352	4
35.55	-1.7023	-0.5406	5.0473	4
35.6	-1.7121	-0.2424	5.0397	4
35.65	-1.7222	-0.2215	5.0368	4
35.7	-1.7321	-0.3276	5.0428	4
35.75	-1.7418	-0.5633	5.0446	4
35.8	-1.7514	-0.3643	5.0366	4
35.85	-1.7616	-0.1341	5.0364	4
35.9	-1.772	-0.3936	5.0594	4
35.95	-1.7815	-0.6103	5.0605	4
36	-1.7912	-0.3731	5.0657	4
36.05	-1.8013	-0.253	5.07	4
36.1	-1.811	-0.7305	5.0778	4
36.15	-1.82	-0.5931	5.0898	4
36.2	-1.8298	-0.25	5.096	4
36.25	-1.8393	-0.7856	5.0639	4
36.3	-1.8488	-0.5671	5.044	4
36.35	-1.8588	-0.3202	5.0504	4
36.4	-1.8681	-0.862	5.0642	4
36.45	-1.8769	-0.5978	5.0667	4
36.5	-1.8869	-0.2186	5.0681	4
36.55	-1.8964	-0.8512	5.0704	4
36.6	-1.9051	-0.9221	5.0637	4
36.65	-1.9145	-0.3539	5.0634	4
36.7	-1.9246	-0.3749	5.065	4
36.75	-1.9326	-1.3587	5.0695	4
36.8	-1.9416	-0.1817	5.0719	4
36.85	-1.9518	-0.4817	5.0878	4
36.9	-1.9599	-1.337	5.0811	4
36.95	-1.9684	-0.6949	5.0712	4
37	-1.9785	-0.2974	5.0591	4
37.05	-1.9872	-1.2211	5.0564	4
37.1	-1.9956	-0.8138	5.0587	4
37.15	-2.0051	-0.4605	5.056	4
37.2	-2.0142	-0.9531	5.072	4
37.25	-2.0223	-1.0485	5.0937	4
37.3	-2.0317	-0.2507	5.0932	4
37.35	-2.0412	-1.0254	5.0783	4
37.4	-2.0496	-1.0369	5.0529	4
37.45	-2.0584	-0.6322	5.0606	4
37.5	-2.0678	-0.6097	5.0607	4
37.55	-2.0759	-1.4441	5.0743	4
37.6	-2.0845	-0.5775	5.0798	4
37.65	-2.0945	-0.3888	5.0835	4
37.7	-2.1024	-1.5218	5.0828	4
37.75	-2.1104	-0.9349	5.0909	4
37.8	-2.1197	-0.4275	5.0844	4
37.85	-2.1286	-1.2536	5.0738	4
37.9	-2.1358	-1.4837	5.0694	4
37.95	-2.1447	-0.5323	5.0742	4
38	-2.1537	-0.8699	5.0647	4
38.05	-2.1612	-1.6312	5.0746	4
38.1	-2.1699	-0.5331	5.0694	4
38.15	-2.1791	-0.9867	5.0681	4
38.2	-2.1861	-1.7008	5.084	4
38.25	-2.1942	-0.7118	5.076	4
38.3	-2.2032	-0.8437	5.0768	4
38.35	-2.2114	-1.3739	5.0786	4
38.4	-2.2193	-0.9613	5.0834	4
38.45	-2.2279	-1.16	5.0913	4
38.5	-2.236	-1.0868	5.0674	4
38.55	-2.2448	-0.9857	5.0665	4
38.6	-2.2534	-0.8925	5.0855	4
38.65	-2.2614	-1.3499	5.0752	4
38.7	-2.2692	-1.0964	5.0719	4
38.75	-2.2781	-0.8189	5.0697	4
38.8	-2.2862	-1.4019	5.0648	4
38.85	-2.294	-1.0105	5.0658	4
38.9	-2.3022	-1.179	5.0627	4
38.95	-2.3107	-0.911	5.0534	4
39	-2.3183	-1.4099	5.0567	4
39.05	-2.327	-0.9022	5.0631	4
39.1	-2.3351	-1.1733	5.0811	4
39.15	-2.343	-1.1357	5.0763	4
39.2	-2.3513	-1.0683	5.0766	4
39.25	-2.3597	-1.0063	5.0957	4
39.3	-2.3683	-1.1823	5.09	4
39.35	-2.3763	-0.9154	5.0683	4
39.4	-2.3848	-1.2104	5.0526	4
39.45	-2.3933	-1.0151	5.0655	4
39.5	-2.4019	-1.1109	5.0809	4
39.55	-2.4098	-1.0414	5.0617	4
39.6	-2.4182	-0.9691	5.0564	4
39.65	-2.4266	-0.9745	5.0519	4
39.7	-2.4348	-1.1303	5.0494	4
39.75	-2.4433	-0.9999	5.0519	4
39.8	-2.4519	-1.0216	5.0465	4
39.85	-2.46	-1.0649	5.0484	4
39.9	-2.4684	-1.1142	5.0537	4
39.95	-2.4766	-0.9821	5.0598	4
40	-2.4852	-0.9852	5.0667	4
40.05	-2.4939	-1.0445	5.0588	4
40.1	-2.5021	-1.0302	5.0686	4
40.15	-2.5109	-0.8213	5.0661	4
40.2	-2.5195	-1.1413	5.0577	4
40.25	-2.5275	-1.2067	5.0623	4
40.3	-2.5364	-0.4672	5.0383	4
40.35	-2.5455	-0.9981	5.0401	4
40.4	-2.5534	-1.2132	5.0585	4
40.45	-2.5624	-0.5957	5.0672	4
40.5	-2.5715	-0.9211	5.0724	4
40.55	-2.5791	-1.4366	5.0721	4
40.6	-2.5872	-0.584	5.082	4
40.65	-2.5973	-0.5766	5.0922	4
40.7	-2.6052	-1.5895	5.0897	4
40.75	-2.6129	-0.7991	5.0798	4
40.8	-2.6226	-0.566	5.0671	4
40.85	-2.6307	-1.5291	5.0602	4
40.9	-2.6387	-0.9396	5.0682	4
40.95	-2.648	-0.6666	5.0617	4
41	-2.6564	-1.2876	5.0641	4
41.05	-2.6642	-1.0034	5.0641	4
41.1	-2.6728	-0.9279	5.0747	4
41.15	-2.6812	-1.0253	5.0977	4
41.2	-2.6894	-1.1853	5.079	4
41.25	-2.6984	-0.7142	5.0763	4
41.3	-2.7067	-1.055	5.0824	4
41.35	-2.7153	-1.005	5.0704	4
41.4	-2.7237	-1.1034	5.0862	4
41.45	-2.7322	-1.0276	5.0946	4
41.5	-2.7409	-0.863	5.0744	4
41.55	-2.749	-1.2659	5.0708	4
41.6	-2.7574	-0.8643	5.0827	4
41.65	-2.7664	-0.5179	5.0746	4
41.7	-2.775	-1.5	5.0701	4
41.75	-2.7829	-0.9088	5.076	4
41.8	-2.7921	-0.8936	5.0653	4
41.85	-2.8001	-1.3621	5.0597	4
41.9	-2.8088	-0.7147	5.0618	4
41.95	-2.8173	-1.0358	5.0627	4
42	-2.8251	-1.1471	5.0725	4
42.05	-2.8333	-0.8578	5.0903	4
42.1	-2.8424	-0.9705	5.0886	4
42.15	-2.8508	-0.8784	5.0779	4
42.2	-2.8592	-1.1687	5.0818	4
42.25	-2.8675	-0.8224	5.0902	4
42.3	-2.8767	-0.7295	5.0889	4
42.35	-2.8854	-1.2795	5.0799	4
42.4	-2.8945	-0.3883	5.0738	4
42.45	-2.9032	-1.3329	5.0931	4
42.5	-2.9115	-0.5786	5.0934	4
42.55	-2.9206	-1.0101	5.0809	4
42.6	-2.929	-1.0599	5.0836	4
42.65	-2.9377	-0.7766	5.0662	4
42.7	-2.9468	-0.6325	5.06	4
42.75	-2.9559	-1.1252	5.0506	4
42.8	-2.9646	-0.7802	5.0566	4
42.85	-2.9737	-0.9399	5.0598	4
42.9	-2.9826	-0.5838	5.062	4
42.95	-2.9911	-1.2346	5.0636	4
43	-3.0004	-0.482	5.0503	4
43.05	-3.0098	-0.902	5.0386	4
43.1	-3.018	-1.1827	5.0542	4
43.15	-3.0269	-0.6495	5.0673	4
43.2	-3.0362	-0.6194	5.0648	4
43.25	-3.0448	-1.0323	5.0635	4
43.3	-3.0532	-0.9052	5.0702	4
43.35	-3.0624	-0.5883	5.0713	4
43.4	-3.0712	-0.9864	5.0747	4
43.45	-3.0796	-0.7911	5.0867	4
43.5	-3.0894	-0.5808	5.0947	4
43.55	-3.0986	-0.8545	5.0995	4
43.6	-3.1069	-1.0777	5.0949	4
43.65	-3.1163	-0.3144	5.0968	4
43.7	-3.1259	-0.922	5.1	4
43.75	-3.1335	-1.3515	5.0815	4
43.8	-3.1428	-0.168	5.081	4
43.85	-3.1525	-0.8896	5.0849	4
43.9	-3.1601	-1.4003	5.0819	4
43.95	-3.169	-0.5569	5.1	4
44	-3.1788	-0.6254	5.095	4
44.05	-3.187	-1.3553	5.0906	4
44.1	-3.1954	-0.8148	5.082	4
44.15	-3.2051	-0.5948	5.0763	4
44.2	-3.2136	-1.1644	5.0919	4
44.25	-3.2216	-1.1495	5.0988	4
44.3	-3.2313	-0.3322	5.097	4
44.35	-3.2403	-1.2618	5.0823	4
44.4	-3.2479	-1.4833	5.0786	4
44.45	-3.2568	-0.4031	5.0908	4
44.5	-3.2661	-0.8982	5.0872	4
44.55	-3.2739	-1.5461	5.0765	4
44.6	-3.2823	-0.57	5.0941	4
44.65	-3.2911	-1.2174	5.0951	4
44.7	-3.2985	-1.5138	5.1128	4
44.75	-3.3072	-0.6161	5.1074	4
44.8	-3.3164	-0.8689	5.0929	4
44.85	-3.3242	-1.5563	5.0934	4
44.9	-3.3323	-0.8453	5.0902	4
44.95	-3.3415	-0.886	5.0994	4
45	-3.3494	-1.3413	5.0831	4
45.05	-3.3574	-1.1067	5.0742	4
45.1	-3.3664	-0.8778	5.0816	4
45.15	-3.3744	-1.4941	5.0755	4
45.2	-3.3821	-1.1276	5.0812	4
45.25	-3.3911	-0.8613	5.0854	4
45.3	-3.3987	-1.493	5.0778	4
45.35	-3.4068	-1.0612	5.0981	4
45.4	-3.4152	-1.0547	5.098	4
45.45	-3.4238	-1.1267	5.0981	4
45.5	-3.4322	-1.4278	5.1179	4
45.55	-3.4401	-1.1118	5.1097	4
45.6	-3.4483	-1.1263	5.1197	4
45.65	-3.4563	-1.1889	5.1222	4
45.7	-3.4639	-1.4394	5.1127	4
45.75	-3.4723	-0.9094	5.101	4
45.8	-3.4804	-1.2831	5.0771	4
45.85	-3.4882	-1.3214	5.0796	4
45.9	-3.4965	-1.0311	5.0956	4
45.95	-3.505	-1.2295	5.1023	4
46	-3.5127	-1.4451	5.0912	4
46.05	-3.521	-0.9451	5.0676	4
46.1	-3.5295	-1.1549	5.0675	4
46.15	-3.537	-1.3615	5.0903	4
46.2	-3.5451	-1.0313	5.0983	4
46.25	-3.5538	-0.895	5.0831	4
46.3	-3.562	-1.3998	5.0535	4
46.35	-3.5702	-0.9132	5.054	4
46.4	-3.5793	-0.8707	5.0747	4
46.45	-3.5877	-1.2555	5.0882	4
46.5	-3.5957	-1.0746	5.0935	4
46.55	-3.6047	-0.7592	5.0788	4
46.6	-3.6135	-1.2274	5.0742	4
46.65	-3.6216	-0.8511	5.0856	4
46.7	-3.63	-1.1697	5.0868	4
46.75	-3.6383	-0.9233	5.0927	4
46.8	-3.6471	-0.8699	5.0865	4
46.85	-3.6559	-0.7711	5.0963	4
46.9	-3.6645	-0.9989	5.0985	4
46.95	-3.6734	-0.9206	5.0919	4
47	-3.6827	-0.6742	5.0881	4
47.05	-3.6916	-0.9317	5.0745	4
47.1	-3.6998	-1.1476	5.0909	4
47.15	-3.7093	-0.3367	5.1002	4
47.2	-3.7185	-1.0446	5.0893	4
47.25	-3.7272	-0.8153	5.0992	4
47.3	-3.7362	-0.7806	5.1019	4
47.35	-3.7453	-0.991	5.0829	4
47.4	-3.7542	-0.6387	5.0896	4
47.45	-3.7634	-0.8522	5.092	4
47.5	-3.7721	-0.9883	5.1044	4
47.55	-3.7809	-0.5889	5.1013	4
47.6	-3.7902	-0.8289	5.0844	4
47.65	-3.7994	-0.6566	5.0808	4
47.7	-3.808	-1.2719	5.0809	4
47.75	-3.8169	-0.5613	5.0858	4
47.8	-3.8261	-0.8652	5.0832	4
47.85	-3.8347	-1.0672	5.0756	4
47.9	-3.8433	-0.9613	5.0728	4
47.95	-3.8522	-0.7782	5.0684	4
48	-3.8611	-1.1997	5.0803	4
48.05	-3.8693	-0.9773	5.072	4
48.1	-3.8781	-0.9069	5.06	4
48.15	-3.8869	-0.9611	5.0678	4
48.2	-3.8952	-1.2801	5.0729	4
48.25	-3.904	-0.7635	5.0821	4
48.3	-3.9125	-1.0323	5.0931	4
48.35	-3.9204	-1.2486	5.0876	4
48.4	-3.9295	-0.6969	5.0905	4
48.45	-3.9385	-1.2259	5.0801	4
48.5	-3.9466	-1.1873	5.0693	4
48.55	-3.9552	-0.798	5.0613	4
48.6	-3.9642	-1.0062	5.0665	4
48.65	-3.9721	-1.3809	5.0726	4
48.7	-3.9804	-1.0489	5.0602	4
48.75	-3.9892	-0.909	5.038	4
48.8	-3.9974	-1.4205	5.0447	4
48.85	-4.0051	-1.1501	5.0688	4
48.9	-4.014	-0.8136	5.0789	4
48.95	-4.022	-1.5933	5.0895	4
49	-4.0297	-1.0117	5.0895	4
49.05	-4.0381	-1.3738	5.0875	4
49.1	-4.0463	-1.0998	5.0918	4
49.15	-4.0541	-1.3697	5.0923	4
49.2	-4.0623	-1.2153	5.0765	4
49.25	-4.0698	-1.5298	5.0689	4
49.3	-4.0784	-0.9649	5.0728	4
49.35	-4.0866	-1.3194	5.0583	4
49.4	-4.094	-1.6077	5.0605	4
49.45	-4.1021	-1.003	5.0767	4
49.5	-4.1106	-1.1708	5.0697	4
49.55	-4.1178	-1.8765	5.0829	4
49.6	-4.1255	-0.9674	5.0848	4
49.65	-4.1341	-1.1915	5.0743	4
49.7	-4.1417	-1.7369	5.0709	4
49.75	-4.149	-1.453	5.0671	4
49.8	-4.1571	-1.1618	5.065	4
49.85	-4.165	-1.4614	5.0645	4
49.9	-4.1723	-1.7248	5.0628	4
49.95	-4.1802	-1.1747	5.0627	4
50	-4.1881	-1.3833	5.0631	4
50.05	-4.1954	-1.7128	5.0673	4
50.1	-4.2027	-1.1207	5.0784	4
50.15	-4.2109	-1.493	5.064	4
50.2	-4.2182	-1.5851	5.0517	4
50.25	-4.226	-1.4101	5.0587	4
50.3	-4.234	-1.2873	5.0629	4
50.35	-4.2409	-1.9735	5.0659	4
50.4	-4.248	-1.4111	5.0586	4
50.45	-4.2561	-1.2602	5.0679	4
50.5	-4.2639	-1.508	5.0643	4
50.55	-4.2705	-1.942	5.0552	4
50.6	-4.2781	-1.073	5.0589	4
50.65	-4.286	-1.6499	5.0678	4
50.7	-4.2926	-1.8748	5.0786	4
50.75	-4.3	-1.1971	5.0746	4
50.8	-4.3079	-1.6512	5.0714	4
50.85	-4.3142	-2.167	5.0718	4
50.9	-4.3212	-1.4523	5.0531	4
50.95	-4.3289	-1.5679	5.0495	4
51	-4.3355	-2.0513	5.0685	4
51.05	-4.3419	-1.6673	5.0717	4
51.1	-4.3497	-1.4122	5.0562	4
51.15	-4.3565	-2.077	5.0442	4
51.2	-4.3622	-2.1489	5.0597	4
51.25	-4.3693	-1.3337	5.0637	4
51.3	-4.3765	-2.0105	5.0484	4
51.35	-4.3831	-2.1749	5.0537	4
51.4	-4.3895	-1.7288	5.0559	4
51.45	-4.3966	-1.8892	5.0547	4
51.5	-4.4032	-1.9096	5.0635	4
51.55	-4.4096	-2.2301	5.077	4
51.6	-4.4164	-1.5553	5.0803	4
51.65	-4.423	-2.0864	5.0612	4
51.7	-4.4284	-2.3918	5.0614	4
51.75	-4.4347	-1.7431	5.0602	4
51.8	-4.4419	-1.8261	5.0656	4
51.85	-4.4475	-2.5433	5.0828	4
51.9	-4.4529	-2.1137	5.077	4
51.95	-4.4601	-1.3816	5.0695	4
52	-4.4664	-2.4372	5.0624	4
52.05	-4.4714	-2.7235	5.0467	4
52.1	-4.478	-1.2962	5.0383	4
52.15	-4.4852	-2.1924	5.0428	4
52.2	-4.4898	-2.9004	5.0526	4
52.25	-4.4957	-1.5677	5.0592	4
52.3	-4.5025	-2.1466	5.0689	4
52.35	-4.5079	-2.5863	5.0591	4
52.4	-4.5128	-2.1983	5.0528	4
52.45	-4.5198	-1.5496	5.0561	4
52.5	-4.5259	-2.5762	5.0448	4
52.55	-4.5303	-2.7524	5.0417	4
52.6	-4.5368	-1.5153	5.0595	4
52.65	-4.5439	-1.9144	5.0605	4
52.7	-4.5479	-3.4846	5.0539	4
52.75	-4.5534	-1.3984	5.053	4
52.8	-4.5608	-1.9583	5.0476	4
52.85	-4.5654	-3.144	5.0675	4
52.9	-4.5699	-2.2469	5.0584	4
52.95	-4.5777	-1.2572	5.0433	4
53	-4.5835	-3.0134	5.0626	4
53.05	-4.5872	-2.8288	5.0682	4
53.1	-4.5941	-1.3603	5.0691	4
53.15	-4.6005	-2.2694	5.0639	4
53.2	-4.6041	-3.5196	5.048	4
53.25	-4.6099	-1.3586	5.0364	4
53.3	-4.6172	-2.1088	5.0411	4
53.35	-4.621	-3.4135	5.0545	4
53.4	-4.6262	-1.7752	5.0513	4
53.45	-4.6338	-1.9344	5.0427	4
53.5	-4.6382	-3.174	5.0489	4
53.55	-4.6423	-2.3459	5.0839	4
53.6	-4.6496	-1.344	5.087	4
53.65	-4.6548	-3.0767	5.0882	4
53.7	-4.6587	-2.7644	5.0915	4
53.75	-4.6652	-1.5386	5.0963	4
53.8	-4.6717	-2.2744	5.0856	4
53.85	-4.6756	-3.3397	5.0753	4
53.9	-4.6813	-1.5774	5.0891	4
53.95	-4.6881	-2.1342	5.1034	4
54	-4.6923	-3.1362	5.0935	4
54.05	-4.697	-2.0989	5.0684	4
54.1	-4.7045	-1.6154	5.0625	4
54.15	-4.7093	-3.0857	5.0729	4
54.2	-4.7133	-2.4327	5.0793	4
54.25	-4.7208	-1.3459	5.0845	4
54.3	-4.7261	-3.0005	5.0909	4
54.35	-4.7305	-2.4067	5.096	4
54.4	-4.7375	-1.3441	5.0979	4
54.45	-4.7436	-2.5168	5.0938	4
54.5	-4.7477	-2.8854	5.0882	4
54.55	-4.7543	-1.348	5.0886	4
54.6	-4.7616	-2.1553	5.0834	4
54.65	-4.7659	-2.8745	5.0765	4
54.7	-4.7721	-1.6004	5.0754	4
54.75	-4.7795	-1.6336	5.0927	4
54.8	-4.7843	-2.9362	5.0978	4
54.85	-4.7894	-1.8873	5.0884	4
54.9	-4.797	-1.5891	5.0903	4
54.95	-4.8026	-2.4779	5.0889	4
55	-4.8076	-2.5285	5.079	4
55.05	-4.8143	-1.3086	5.0735	4
55.1	-4.8207	-2.6043	5.0796	4
55.15	-4.8251	-2.34	5.0934	4
55.2	-4.8316	-1.7166	5.0839	4
55.25	-4.8383	-1.8921	5.0831	4
55.3	-4.8433	-2.7468	5.0904	4
55.35	-4.8485	-1.9995	5.0829	4
55.4	-4.8554	-1.6349	5.0952	4
55.45	-4.8608	-2.5592	5.0991	4
55.5	-4.8668	-1.9743	5.0914	4
55.55	-4.8736	-1.6524	5.1066	4
55.6	-4.8795	-2.3694	5.115	4
55.65	-4.8845	-2.3453	5.1135	4
55.7	-4.8913	-1.4476	5.1076	4
55.75	-4.8979	-2.1834	5.1098	4
55.8	-4.9032	-2.3239	5.1185	4
55.85	-4.9092	-1.9139	5.1044	4
55.9	-4.9158	-2.0748	5.1003	4
55.95	-4.9214	-2.2321	5.1124	4
56	-4.9277	-1.8984	5.1063	4
56.05	-4.9337	-1.9355	5.1209	4
56.1	-4.9399	-2.0757	5.1289	4
56.15	-4.9458	-2.114	5.122	4
56.2	-4.9519	-2.0653	5.1043	4
56.25	-4.958	-1.8997	5.0875	4
56.3	-4.9647	-1.9861	5.0966	4
56.35	-4.9708	-2.2031	5.1112	4
56.4	-4.977	-1.8558	5.1089	4
56.45	-4.9831	-2.0538	5.115	4
56.5	-4.9888	-2.0821	5.1036	4
56.55	-4.9951	-2.0163	5.0877	4
56.6	-5.0014	-1.9243	5.0873	4
56.65	-5.0079	-1.9656	5.0861	4
56.7	-5.0137	-2.2279	5.0965	4
56.75	-5.0202	-1.7916	5.0918	4
56.8	-5.0272	-1.6466	5.0917	4
56.85	-5.0329	-2.5077	5.0893	4
56.9	-5.0386	-1.908	5.0843	4
56.95	-5.046	-1.654	5.0887	4
57	-5.0518	-2.5567	5.0831	4
57.05	-5.0572	-2.0023	5.082	4
57.1	-5.0644	-1.5635	5.0698	4
57.15	-5.0706	-2.3646	5.0762	4
57.2	-5.076	-2.2054	5.0918	4
57.25	-5.0825	-1.8041	5.0933	4
57.3	-5.0891	-2.03	5.0818	4
57.35	-5.0949	-2.2202	5.0883	4
57.4	-5.1012	-2.058	5.086	4
57.45	-5.1077	-1.7014	5.0729	4
57.5	-5.1136	-2.3837	5.0688	4
57.55	-5.119	-2.2692	5.0754	4
57.6	-5.1258	-1.5212	5.0771	4
57.65	-5.1319	-2.2669	5.0674	4
57.7	-5.1375	-2.2893	5.0753	4
57.75	-5.1436	-1.8757	5.0882	4
57.8	-5.1505	-1.7684	5.0776	4
57.85	-5.1563	-2.5806	5.0701	4
57.9	-5.1622	-1.8428	5.0782	4
57.95	-5.1691	-1.9345	5.0892	4
58	-5.1752	-1.9897	5.0761	4
58.05	-5.1803	-2.5995	5.0618	4
58.1	-5.1866	-1.5163	5.0735	4
58.15	-5.1935	-2.0606	5.0944	4
58.2	-5.1988	-2.4304	5.0907	4
58.25	-5.2051	-1.7143	5.0961	4
58.3	-5.212	-1.7723	5.1031	4
58.35	-5.2183	-2.3935	5.1043	4
58.4	-5.2239	-1.8801	5.1048	4
58.45	-5.2306	-1.8732	5.111	4
58.5	-5.2369	-1.9128	5.0911	4
58.55	-5.2429	-2.4475	5.0854	4
58.6	-5.2486	-1.8575	5.0909	4
58.65	-5.2559	-1.559	5.0832	4
58.7	-5.2619	-2.3373	5.0937	4
58.75	-5.2676	-2.0983	5.113	4
58.8	-5.2748	-1.432	5.0994	4
58.85	-5.2813	-2.1914	5.0849	4
58.9	-5.2862	-2.4133	5.0845	4
58.95	-5.2934	-1.2551	5.0783	4
59	-5.2999	-2.267	5.077	4
59.05	-5.3054	-2.2111	5.0791	4
59.1	-5.3116	-1.7866	5.0789	4
59.15	-5.3194	-1.414	5.066	4
59.2	-5.3256	-2.6103	5.0761	4
59.25	-5.3312	-1.9685	5.1081	4
59.3	-5.3387	-1.2727	5.1043	4
59.35	-5.3455	-2.1086	5.0988	4
59.4	-5.3508	-2.354	5.0866	4
59.45	-5.3583	-1.1251	5.0724	4
59.5	-5.365	-2.4517	5.0945	4
59.55	-5.3701	-2.1471	5.1043	4
59.6	-5.3772	-1.6161	5.0893	4
59.65	-5.384	-1.9561	5.0879	4
59.7	-5.3896	-2.3699	5.0871	4
59.75	-5.3958	-1.561	5.1085	4
59.8	-5.4027	-1.8943	5.0898	4
59.85	-5.4092	-1.9866	5.0757	4
59.9	-5.4153	-2.188	5.0847	4
59.95	-5.4221	-1.5363	5.0856	4
60	-5.4284	-2.1664	5.0825	4
60.05	-5.4338	-2.2816	5.0902	4
60.1	-5.4408	-1.4311	5.0916	4
60.15	-5.4478	-1.8324	5.0893	4
60.2	-5.4537	-2.3116	5.0858	4
60.25	-5.4604	-1.3754	5.0993	4
60.3	-5.4671	-2.125	5.0918	4
60.35	-5.473	-2.1999	5.0967	4
60.4	-5.4791	-1.9819	5.1053	4
60.45	-5.4856	-1.8155	5.0916	4
60.5	-5.4914	-2.3645	5.0805	4
60.55	-5.4976	-1.9969	5.0932	4
60.6	-5.5045	-1.7151	5.098	4
60.65	-5.5107	-2.1793	5.1042	4
60.7	-5.5162	-2.1853	5.1007	4
60.75	-5.523	-1.5199	5.0961	4
60.8	-5.5294	-2.3866	5.0927	4
60.85	-5.5346	-2.1319	5.0905	4
60.9	-5.5416	-1.788	5.0879	4
60.95	-5.548	-2.0182	5.0766	4
61	-5.5537	-2.4122	5.0681	4
61.05	-5.56	-1.4573	5.0839	4
61.1	-5.567	-1.9752	5.097	4
61.15	-5.5731	-2.1057	5.0937	4
61.2	-5.5794	-2.1681	5.0991	4
61.25	-5.5862	-1.6051	5.0946	4
61.3	-5.5931	-1.9925	5.1003	4
61.35	-5.5986	-2.0277	5.1065	4
61.4	-5.6053	-1.6215	5.1059	4
61.45	-5.6122	-1.7815	5.1191	4
61.5	-5.6187	-2.1537	5.1168	4
61.55	-5.6249	-1.6425	5.1209	4
61.6	-5.632	-1.6983	5.1179	4
61.65	-5.6382	-2.0573	5.0964	4
61.7	-5.6452	-1.5946	5.0865	4
61.75	-5.6521	-1.8819	5.0866	4
61.8	-5.6589	-1.8155	5.0995	4
61.85	-5.6652	-2.0684	5.0956	4
61.9	-5.6723	-1.516	5.06	4
61.95	-5.6786	-2.1371	5.07	4
62	-5.6854	-1.6551	5.0783	4
62.05	-5.6918	-1.8518	5.0945	4
62.1	-5.6988	-1.5301	5.1021	4
62.15	-5.7053	-1.9302	5.0912	4
62.2	-5.7125	-1.5777	5.0964	4
62.25	-5.7194	-1.8284	5.1036	4
62.3	-5.7264	-1.6402	5.1113	4
62.35	-5.733	-2.0991	5.0998	4
62.4	-5.7396	-1.6482	5.0675	4
62.45	-5.7463	-2.1891	5.0762	4
62.5	-5.7527	-1.526	5.0833	4
62.55	-5.7593	-1.8978	5.0843	4
62.6	-5.7658	-1.8837	5.0769	4
62.65	-5.7724	-1.6668	5.083	4
62.7	-5.7794	-1.8076	5.0889	4
62.75	-5.7861	-1.9122	5.0879	4
62.8	-5.7929	-1.6171	5.086	4
62.85	-5.7994	-1.9074	5.0949	4
62.9	-5.8059	-1.6418	5.1023	4
62.95	-5.8129	-1.99	5.1	4
63	-5.8197	-1.7447	5.0768	4
63.05	-5.8267	-1.7212	5.0895	4
63.1	-5.8336	-1.7841	5.0922	4
63.15	-5.8403	-1.7882	5.0964	4
63.2	-5.8467	-1.8197	5.1015	4
63.25	-5.8531	-2.034	5.1063	4
63.3	-5.86	-1.4362	5.0962	4
63.35	-5.8675	-1.8592	5.0789	4
63.4	-5.8741	-1.8169	5.0862	4
63.45	-5.8805	-1.8169	5.0962	4
63.5	-5.8879	-1.5648	5.0989	4
63.55	-5.8955	-1.6308	5.1018	4
63.6	-5.9018	-2.1328	5.0972	4
63.65	-5.9086	-1.6752	5.0785	4
63.7	-5.9158	-1.5326	5.079	4
63.75	-5.9222	-2.0907	5.1001	4
63.8	-5.929	-1.4274	5.1027	4
63.85	-5.9363	-1.7699	5.0884	4
63.9	-5.9424	-1.9214	5.0771	4
63.95	-5.9496	-1.6488	5.0869	4
64	-5.957	-1.7768	5.0845	4
64.05	-5.9636	-1.8062	5.0848	4
64.1	-5.9701	-1.942	5.093	4
64.15	-5.9768	-1.6922	5.0918	4
64.2	-5.9838	-1.57	5.0932	4
64.25	-5.9909	-1.8024	5.0867	4
64.3	-5.9978	-1.4609	5.0774	4
64.35	-6.0048	-1.8077	5.0737	4
64.4	-6.0116	-1.7164	5.0813	4
64.45	-6.0187	-1.6284	5.0893	4
64.5	-6.0261	-1.6859	5.0925	4
64.55	-6.033	-1.8626	5.0848	4
64.6	-6.0402	-1.6294	5.0837	4
64.65	-6.0478	-1.5171	5.0839	4
64.7	-6.0545	-1.9211	5.0881	4
64.75	-6.0615	-1.5306	5.1062	4
64.8	-6.0693	-1.493	5.0902	4
64.85	-6.0764	-1.9428	5.0709	4
64.9	-6.083	-1.5866	5.0678	4
64.95	-6.0898	-1.7414	5.0685	4
65	-6.0969	-1.6928	5.0953	4
65.05	-6.1041	-1.5777	5.1106	4
65.1	-6.111	-1.8006	5.1085	4
65.15	-6.1177	-1.5945	5.0909	4
65.2	-6.1249	-1.6555	5.0895	4
65.25	-6.132	-1.7098	5.0779	4
65.3	-6.1386	-1.748	5.074	4
65.35	-6.1457	-1.6391	5.0689	4
65.4	-6.1529	-1.7554	5.0731	4
65.45	-6.1601	-1.6989	5.0815	4
65.5	-6.1677	-1.5936	5.0906	4
65.55	-6.1747	-1.7124	5.1087	4
65.6	-6.1814	-1.8729	5.0966	4
65.65	-6.1885	-1.4826	5.0937	4
65.7	-6.1957	-1.8071	5.1097	4
65.75	-6.2026	-1.7763	5.0994	4
65.8	-6.2095	-1.7399	5.0924	4
65.85	-6.2167	-1.5659	5.0877	4
65.9	-6.2237	-1.9476	5.09	4
65.95	-6.2307	-1.7003	5.086	4
66	-6.2379	-1.728	5.0858	4
66.05	-6.2448	-1.8121	5.0918	4
66.1	-6.2513	-1.7916	5.0734	4
66.15	-6.2581	-1.7132	5.0726	4
66.2	-6.2656	-1.5773	5.0889	4
66.25	-6.2728	-1.7744	5.0952	4
66.3	-6.2795	-1.9887	5.1078	4
66.35	-6.2862	-1.7162	5.1023	4
66.4	-6.2934	-1.5288	5.0898	4
66.45	-6.3001	-1.975	5.0837	4
66.5	-6.3068	-1.8085	5.0753	4
66.55	-6.3138	-1.6351	5.0729	4
66.6	-6.3207	-1.8356	5.0709	4
66.65	-6.3277	-1.7651	5.0741	4
66.7	-6.3344	-1.9185	5.0712	4
66.75	-6.3412	-1.6082	5.0604	4
66.8	-6.3482	-1.8634	5.0771	4
66.85	-6.3543	-1.9385	5.0789	4
66.9	-6.3615	-1.6508	5.0761	4
66.95	-6.3688	-1.5816	5.0668	4
67	-6.3753	-2.1099	5.0693	4
67.05	-6.382	-1.7456	5.0764	4
67.1	-6.3893	-1.7936	5.0753	4
67.15	-6.3956	-2.048	5.0661	4
67.2	-6.4023	-1.8389	5.0483	4
67.25	-6.409	-1.7359	5.0407	4
67.3	-6.4157	-2.011	5.0646	4
67.35	-6.4219	-1.9722	5.0714	4
67.4	-6.429	-1.5373	5.0688	4
67.45	-6.4359	-1.9827	5.0648	4
67.5	-6.4422	-1.9913	5.0665	4
67.55	-6.4486	-1.9273	5.0671	4
67.6	-6.4557	-1.6093	5.0671	4
67.65	-6.4622	-2.2498	5.0473	4
67.7	-6.4689	-1.8079	5.0425	4
67.75	-6.4757	-1.943	5.056	4
67.8	-6.4824	-1.699	5.0747	4
67.85	-6.4887	-2.1564	5.086	4
67.9	-6.4954	-1.6011	5.1029	4
67.95	-6.5023	-1.94	5.1052	4
68	-6.5088	-1.9852	5.0814	4
68.05	-6.5152	-1.9718	5.0642	4
68.1	-6.5219	-1.7584	5.0784	4
68.15	-6.5283	-2.2113	5.0815	4
68.2	-6.5345	-1.8751	5.0763	4
68.25	-6.5411	-2.0233	5.0606	4
68.3	-6.5476	-1.9421	5.0692	4
68.35	-6.554	-2.0543	5.0784	4
68.4	-6.5605	-1.7649	5.0809	4
68.45	-6.567	-2.0448	5.0799	4
68.5	-6.5733	-1.9551	5.0945	4
68.55	-6.5805	-1.6797	5.1137	4
68.6	-6.587	-2.1177	5.1009	4
68.65	-6.5935	-1.8117	5.0945	4
68.7	-6.6002	-1.6898	5.0929	4
68.75	-6.6067	-2.2237	5.0777	4
68.8	-6.6125	-1.9706	5.0769	4
68.85	-6.6198	-1.5761	5.0774	4
68.9	-6.6263	-2.1823	5.1	4
68.95	-6.6328	-1.7379	5.0936	4
69	-6.6395	-2.0764	5.0737	4
69.05	-6.646	-1.7656	5.0791	4
69.1	-6.6528	-1.8549	5.0761	4
69.15	-6.6596	-1.9375	5.0645	4
69.2	-6.6664	-1.6206	5.0764	4
69.25	-6.6733	-1.8518	5.0837	4
69.3	-6.6795	-2.1208	5.0837	4
69.35	-6.6866	-1.3132	5.098	4
69.4	-6.6938	-1.9471	5.103	4
69.45	-6.6996	-2.1951	5.0932	4
69.5	-6.7071	-1.3067	5.0785	4
69.55	-6.7146	-1.8814	5.0735	4
69.6	-6.7209	-2.0189	5.0802	4
69.65	-6.7277	-1.7154	5.0539	4
69.7	-6.7354	-1.5377	5.0638	4
69.75	-6.7422	-1.9548	5.0812	4
69.8	-6.7488	-1.6101	5.0686	4
69.85	-6.756	-1.5262	5.0876	4
69.9	-6.7633	-1.6673	5.0957	4
69.95	-6.7696	-2.0147	5.091	4
70	-6.7771	-1.2045	5.0827	4
70.05	-6.7849	-1.6057	5.0656	4
70.1	-6.7916	-1.9255	5.0582	4
70.15	-6.799	-1.4763	5.0639	4
70.2	-6.8065	-1.4212	5.0603	4
70.25	-6.8137	-1.8719	5.0597	4
70.3	-6.8205	-1.5378	5.0604	4
70.35	-6.8281	-1.6509	5.0694	4
70.4	-6.8357	-1.2692	5.0794	4
70.45	-6.8428	-1.9618	5.0875	4
70.5	-6.8499	-1.3388	5.0802	4
70.55	-6.8577	-1.4271	5.0886	4
70.6	-6.8651	-1.8071	5.0943	4
70.65	-6.8725	-1.3432	5.0781	4
70.7	-6.8801	-1.5467	5.0655	4
70.75	-6.887	-1.6275	5.0692	4
70.8	-6.8949	-1.2876	5.0669	4
70.85	-6.9029	-1.6615	5.067	4
70.9	-6.9102	-1.3943	5.0609	4
70.95	-6.9178	-1.4921	5.0569	4
71	-6.9249	-1.7006	5.0729	4
71.05	-6.9324	-1.3379	5.0701	4
71.1	-6.9404	-1.5697	5.0515	4
71.15	-6.948	-1.564	5.0546	4
71.2	-6.9555	-1.5331	5.0511	4
71.25	-6.9631	-1.3968	5.0446	4
71.3	-6.9709	-1.4778	5.0435	4
71.35	-6.9786	-1.3814	5.0401	4
71.4	-6.9861	-1.6964	5.0473	4
71.45	-6.9939	-1.4098	5.0511	4
71.5	-7.001	-1.5592	5.0402	4
71.55	-7.0084	-1.4909	5.0089	4
71.6	-7.0157	-1.4663	5.0362	4
71.65	-7.0232	-1.5073	5.0499	4
71.7	-7.0309	-1.3281	5.0527	4
71.75	-7.0387	-1.5351	5.0644	4
71.8	-7.0462	-1.5527	5.0682	4
71.85	-7.0536	-1.6706	5.0744	4
71.9	-7.0612	-1.5658	5.0597	4
71.95	-7.0692	-1.3481	5.0582	4
72	-7.0764	-1.8409	5.0465	4
72.05	-7.0838	-1.4773	5.0431	4
72.1	-7.0915	-1.4374	5.0403	4
72.15	-7.0983	-1.8301	5.0602	4
72.2	-7.1056	-1.3309	5.0683	4
72.25	-7.1132	-1.8723	5.0687	4
72.3	-7.1202	-1.7544	5.0639	4
72.35	-7.1273	-1.6425	5.0588	4
72.4	-7.1344	-1.7318	5.0671	4
72.45	-7.1415	-1.7368	5.0587	4
72.5	-7.1485	-1.7668	5.0526	4
72.55	-7.1556	-1.6377	5.0544	4
72.6	-7.1627	-1.9127	5.0467	4
72.65	-7.169	-2.0359	5.0469	4
72.7	-7.1761	-1.605	5.0384	4
72.75	-7.1834	-1.7786	5.0588	4
72.8	-7.19	-2.0458	5.0565	4
72.85	-7.1969	-1.7307	5.0552	4
72.9	-7.2047	-1.5821	5.074	4
72.95	-7.2113	-2.0754	5.0718	4
73	-7.2176	-1.963	5.0673	4
73.05	-7.2248	-1.6414	5.0612	4
73.1	-7.2321	-1.6714	5.0411	4
73.15	-7.2386	-2.0385	5.0304	4
73.2	-7.2448	-1.8961	5.0206	4
73.25	-7.2514	-1.8165	5.0273	4
73.3	-7.2584	-1.7604	5.0317	4
73.35	-7.2653	-2.0437	5.0407	4
73.4	-7.2721	-1.7156	5.0427	4
73.45	-7.2785	-2.0769	5.0321	4
73.5	-7.2851	-1.9566	5.0127	4
73.55	-7.2916	-1.9142	5.0123	4
73.6	-7.2981	-2.1225	5.0178	4
73.65	-7.3039	-2.2194	5.0437	4
73.7	-7.3104	-2.0093	5.0544	4
73.75	-7.3172	-1.7786	5.0585	4
73.8	-7.3234	-2.21	5.0692	4
73.85	-7.3294	-2.0804	5.0587	4
73.9	-7.3359	-1.9893	5.055	4
73.95	-7.342	-2.2065	5.0638	4
74	-7.3481	-2.1987	5.0614	4
74.05	-7.3543	-2.2212	5.0645	4
74.1	-7.3604	-2.1634	5.0656	4
74.15	-7.3668	-1.9392	5.069	4
74.2	-7.373	-2.3068	5.0516	4
74.25	-7.3791	-1.9618	5.0402	4
74.3	-7.3854	-2.0435	5.0506	4
74.35	-7.3915	-2.2732	5.057	4
74.4	-7.3975	-2.1755	5.0452	4
74.45	-7.404	-1.9174	5.0404	4
74.5	-7.41	-2.3625	5.0524	4
74.55	-7.4154	-2.3581	5.0605	4
74.6	-7.4218	-1.9076	5.0402	4
74.65	-7.4282	-2.1373	5.0509	4
74.7	-7.4342	-2.2386	5.0676	4
74.75	-7.4403	-2.2434	5.044	4
74.8	-7.4468	-2.0049	5.0309	4
74.85	-7.453	-2.1872	5.0312	4
74.9	-7.4588	-2.2952	5.0462	4
74.95	-7.465	-1.8859	5.0487	4
75	-7.4713	-2.2191	5.0595	4
75.05	-7.4775	-1.9839	5.062	4
75.1	-7.4837	-2.1955	5.0398	4
75.15	-7.4894	-2.1969	5.0355	4
75.2	-7.496	-1.9905	5.043	4
75.25	-7.5017	-2.3101	5.0441	4
75.3	-7.5073	-2.1304	5.0467	4
75.35	-7.5137	-1.8241	5.0434	4
75.4	-7.52	-2.2538	5.0437	4
75.45	-7.5261	-1.979	5.0485	4
75.5	-7.5324	-2.0034	5.0506	4
75.55	-7.5388	-2.1003	5.0547	4
75.6	-7.5451	-2.0744	5.0517	4
75.65	-7.5512	-2.125	5.057	4
75.7	-7.5582	-1.7076	5.0631	4
75.75	-7.5647	-2.1492	5.0516	4
75.8	-7.5704	-2.137	5.0591	4
75.85	-7.5773	-1.7135	5.0639	4
75.9	-7.5843	-2.0046	5.0595	4
75.95	-7.5897	-2.3249	5.0734	4
76	-7.5959	-1.7851	5.0728	4
76.05	-7.6027	-1.9827	5.0617	4
76.1	-7.6088	-2.2129	5.0685	4
76.15	-7.6147	-2.2144	5.0769	4
76.2	-7.6217	-1.6118	5.0879	4
76.25	-7.6279	-2.237	5.0908	4
76.3	-7.6333	-2.2202	5.0686	4
76.35	-7.6397	-1.7694	5.0806	4
76.4	-7.6471	-1.7871	5.0873	4
76.45	-7.6532	-2.3234	5.0762	4
76.5	-7.659	-2.0593	5.0974	4
76.55	-7.6656	-1.8347	5.1059	4
76.6	-7.6723	-1.9663	5.1019	4
76.65	-7.6781	-2.2531	5.0909	4
76.7	-7.6843	-1.9508	5.0892	4
76.75	-7.6913	-1.6949	5.0842	4
76.8	-7.6978	-2.196	5.0749	4
76.85	-7.7038	-2.3204	5.073	4
76.9	-7.7105	-1.4723	5.063	4
76.95	-7.7175	-2.2062	5.0656	4
77	-7.7232	-2.2588	5.0716	4
77.05	-7.7292	-2.004	5.0671	4
77.1	-7.7365	-1.6671	5.0661	4
77.15	-7.7424	-2.6241	5.0766	4
77.2	-7.7479	-2.0854	5.0781	4
77.25	-7.7552	-1.5807	5.0698	4
77.3	-7.7613	-2.4073	5.0734	4
77.35	-7.7666	-2.2276	5.0693	4
77.4	-7.7736	-1.4148	5.059	4
77.45	-7.7805	-2.0417	5.0694	4
77.5	-7.7859	-2.6215	5.0849	4
77.55	-7.7925	-1.7093	5.0855	4
77.6	-7.7995	-1.8267	5.0878	4
77.65	-7.8051	-2.7382	5.081	4
77.7	-7.8111	-1.6702	5.0733	4
77.75	-7.8184	-1.7969	5.0684	4
77.8	-7.8249	-2.1669	5.0613	4
77.85	-7.8308	-2.297	5.0589	4
77.9	-7.8373	-1.7804	5.0528	4
77.95	-7.8442	-1.8071	5.0606	4
78	-7.8492	-2.6486	5.0745	4
78.05	-7.8555	-1.7718	5.0848	4
78.1	-7.8626	-1.6371	5.0919	4
78.15	-7.8691	-2.2318	5.0873	4
78.2	-7.8753	-1.8796	5.0987	4
78.25	-7.8825	-1.7771	5.0997	4
78.3	-7.8889	-2.1285	5.0909	4
78.35	-7.8951	-2.1919	5.0972	4
78.4	-7.9019	-1.8425	5.1155	4
78.45	-7.9082	-2.1685	5.104	4
78.5	-7.9143	-2.0745	5.0971	4
78.55	-7.9207	-2.0791	5.1081	4
78.6	-7.9264	-2.2754	5.1037	4
78.65	-7.933	-1.8728	5.0881	4
78.7	-7.939	-2.2382	5.096	4
78.75	-7.9448	-2.1721	5.0941	4
78.8	-7.9514	-1.8933	5.0704	4
78.85	-7.9576	-2.306	5.0958	4
78.9	-7.9632	-2.1731	5.1154	4
78.95	-7.97	-1.6445	5.106	4
79	-7.9765	-2.1357	5.0947	4
79.05	-7.9827	-2.1793	5.0833	4
79.1	-7.9892	-1.8453	5.0828	4
79.15	-7.9956	-1.9888	5.0831	4
79.2	-8.0019	-2.21	5.0785	4
79.25	-8.0082	-1.9492	5.1017	4
79.3	-8.0147	-2.0506	5.1066	4
79.35	-8.0212	-2.0311	5.0996	4
79.4	-8.0268	-2.2986	5.0944	4
79.45	-8.0332	-1.847	5.0831	4
79.5	-8.0397	-2.0358	5.0918	4
79.55	-8.0457	-2.3244	5.1003	4
79.6	-8.0519	-1.9378	5.0936	4
79.65	-8.0588	-1.7567	5.0982	4
79.7	-8.0651	-2.1477	5.1009	4
79.75	-8.0709	-2.2077	5.1023	4
79.8	-8.0778	-1.8233	5.1041	4
79.85	-8.0848	-1.8456	5.0948	4
79.9	-8.0907	-2.3955	5.0976	4
79.95	-8.0973	-1.6911	5.0973	4
80	-8.1036	-1.9958	5.0971	4
80.05	-8.1095	-2.2934	5.1068	4
80.1	-8.1155	-1.9104	5.1006	4
80.15	-8.1219	-2.1564	5.0912	4
80.2	-8.1288	-1.8686	5.0814	4
80.25	-8.1352	-2.3605	5.0784	4
80.3	-8.1409	-2.0917	5.1015	4
80.35	-8.1474	-1.8408	5.1038	4
80.4	-8.1532	-2.4914	5.097	4
80.45	-8.1591	-2.1613	5.077	4
80.5	-8.1651	-2.1011	5.0833	4
80.55	-8.1712	-2.3334	5.1037	4
80.6	-8.1768	-2.3878	5.0939	4
80.65	-8.1828	-2.1864	5.0874	4
80.7	-8.1887	-2.2389	5.0839	4
80.75	-8.1944	-2.3594	5.0782	4
80.8	-8.1997	-2.5303	5.076	4
80.85	-8.2056	-2.1697	5.0779	4
80.9	-8.2112	-2.6501	5.0867	4
80.95	-8.2162	-2.5738	5.0924	4
81	-8.2215	-2.3861	5.0802	4
81.05	-8.2273	-2.3685	5.0782	4
81.1	-8.2323	-2.7846	5.0718	4
81.15	-8.2372	-2.4957	5.0751	4
81.2	-8.2428	-2.2276	5.0893	4
81.25	-8.2482	-2.6208	5.0954	4
81.3	-8.2529	-2.8793	5.0918	4
81.35	-8.2589	-1.9787	5.1096	4
81.4	-8.2643	-2.874	5.1004	4
81.45	-8.2689	-2.5598	5.0849	4
81.5	-8.2746	-2.2848	5.0772	4
81.55	-8.28	-2.5921	5.092	4
81.6	-8.2851	-2.4694	5.1003	4
81.65	-8.2903	-2.5128	5.1005	4
81.7	-8.2955	-2.361	5.1128	4
81.75	-8.301	-2.3945	5.1029	4
81.8	-8.3063	-2.6419	5.0926	4
81.85	-8.3118	-2.1502	5.1054	4
81.9	-8.3174	-2.4321	5.1134	4
81.95	-8.3223	-2.6265	5.1218	4
82	-8.3277	-2.3365	5.1047	4
82.05	-8.3337	-2.2518	5.0916	4
82.1	-8.3395	-2.421	5.0964	4
82.15	-8.3447	-2.4466	5.0855	4
82.2	-8.3502	-2.1048	5.0867	4
82.25	-8.3556	-2.425	5.0873	4
82.3	-8.3612	-2.4589	5.0907	4
82.35	-8.3673	-1.9307	5.1051	4
82.4	-8.3735	-2.3048	5.0982	4
82.45	-8.3785	-2.5875	5.1141	4
82.5	-8.3846	-1.9972	5.1066	4
82.55	-8.3913	-2.129	5.0939	4
82.6	-8.3966	-2.5391	5.0941	4
82.65	-8.4023	-2.1055	5.0844	4
82.7	-8.4084	-2.0785	5.0922	4
82.75	-8.4144	-2.2731	5.094	4
82.8	-8.4202	-2.4226	5.0811	4
82.85	-8.4263	-1.9092	5.0569	4
82.9	-8.4326	-2.3039	5.0451	4
82.95	-8.438	-2.1853	5.0743	4
83	-8.4436	-2.4144	5.0887	4
83.05	-8.4499	-1.8104	5.0874	4
83.1	-8.4558	-2.4184	5.0849	4
83.15	-8.4614	-1.9843	5.0797	4
83.2	-8.4679	-2.0889	5.0741	4
83.25	-8.4744	-1.9566	5.0678	4
83.3	-8.4803	-2.2965	5.0672	4
83.35	-8.486	-1.9088	5.0895	4
83.4	-8.4925	-2.1388	5.081	4
83.45	-8.4979	-2.2447	5.0592	4
83.5	-8.5041	-2.1249	5.0503	4
83.55	-8.5104	-2.0843	5.0347	4
83.6	-8.5164	-2.1687	5.0459	4
83.65	-8.523	-1.8719	5.055	4
83.7	-8.5293	-2.1754	5.0624	4
83.75	-8.5353	-2.1737	5.075	4
83.8	-8.5418	-1.6875	5.0749	4
83.85	-8.5477	-2.4197	5.0803	4
83.9	-8.5539	-1.8996	5.069	4
83.95	-8.5606	-1.9427	5.0708	4
84	-8.5669	-2.065	5.0776	4
84.05	-8.5729	-2.3175	5.0624	4
84.1	-8.5792	-1.8253	5.0753	4
84.15	-8.5856	-2.0311	5.0849	4
84.2	-8.5913	-2.2687	5.0723	4
84.25	-8.5969	-1.9983	5.0605	4
84.3	-8.6033	-1.8331	5.0753	4
84.35	-8.609	-2.3052	5.0721	4
84.4	-8.6146	-2.1358	5.0653	4
84.45	-8.6212	-1.8365	5.0628	4
84.5	-8.6275	-2.0363	5.0828	4
84.55	-8.6337	-2.2285	5.0953	4
84.6	-8.6401	-1.946	5.0839	4
84.65	-8.6469	-1.9083	5.0805	4
84.7	-8.653	-2.2583	5.0805	4
84.75	-8.6592	-2.046	5.0679	4
84.8	-8.6658	-1.8753	5.0522	4
84.85	-8.672	-2.1936	5.0589	4
84.9	-8.678	-2.1518	5.0677	4
84.95	-8.6843	-1.9897	5.0529	4
85	-8.6905	-1.9486	5.054	4
85.05	-8.6966	-2.1398	5.0555	4
85.1	-8.7027	-2.135	5.0515	4
85.15	-8.7092	-1.7344	5.0611	4
85.2	-8.7158	-2.1763	5.047	4
85.25	-8.7213	-2.1953	5.0513	4
85.3	-8.728	-1.8226	5.0537	4
85.35	-8.7343	-2.1864	5.0526	4
85.4	-8.74	-2.2091	5.0608	4
85.45	-8.7467	-1.888	5.053	4
85.5	-8.7531	-2.1491	5.0394	4
85.55	-8.7594	-2.1792	5.0456	4
85.6	-8.7661	-1.9713	5.0383	4
85.65	-8.7722	-2.1903	5.0415	4
85.7	-8.7784	-1.9841	5.0333	4
85.75	-8.7845	-2.1646	5.0357	4
85.8	-8.791	-1.9343	5.0535	4
85.85	-8.7973	-2.0775	5.0712	4
85.9	-8.8031	-2.2659	5.0776	4
85.95	-8.8092	-2.0548	5.0658	4
86	-8.8155	-2.0218	5.0602	4
86.05	-8.8216	-2.2492	5.0533	4
86.1	-8.8278	-2.1942	5.0505	4
86.15	-8.8341	-2.0636	5.0568	4
86.2	-8.8402	-2.2057	5.0629	4
86.25	-8.846	-2.1784	5.0652	4
86.3	-8.8521	-2.1686	5.0528	4
86.35	-8.8582	-2.2827	5.0654	4
86.4	-8.8642	-2.1869	5.0945	4
86.45	-8.8699	-2.2982	5.0924	4
86.5	-8.8757	-2.334	5.0766	4
86.55	-8.8812	-2.328	5.0751	4
86.6	-8.8867	-2.2085	5.0711	4
86.65	-8.8929	-2.2708	5.0725	4
86.7	-8.8984	-2.443	5.0622	4
86.75	-8.9042	-2.3149	5.0566	4
86.8	-8.9101	-2.3141	5.0485	4
86.85	-8.9154	-2.5619	5.045	4
86.9	-8.9209	-2.3347	5.0535	4
86.95	-8.9267	-2.4114	5.0545	4
87	-8.9321	-2.4559	5.0613	4
87.05	-8.9379	-2.3491	5.0739	4
87.1	-8.9431	-2.4681	5.0802	4
87.15	-8.9482	-2.5133	5.0847	4
87.2	-8.9535	-2.3561	5.0707	4
87.25	-8.9589	-2.6389	5.059	4
87.3	-8.9642	-2.3926	5.0829	4
87.35	-8.9699	-2.4175	5.0853	4
87.4	-8.9749	-2.7254	5.0783	4
87.45	-8.9804	-2.2396	5.0751	4
87.5	-8.9855	-2.6112	5.0785	4
87.55	-8.9908	-2.4365	5.0799	4
87.6	-8.9968	-2.3226	5.0813	4
87.65	-9.0023	-2.7365	5.0883	4
87.7	-9.0068	-2.6825	5.0728	4
87.75	-9.0124	-2.3774	5.0602	4
87.8	-9.0173	-2.9044	5.0716	4
87.85	-9.0226	-2.4113	5.0752	4
87.9	-9.028	-2.561	5.0665	4
87.95	-9.0325	-2.7359	5.0685	4
88	-9.0377	-2.4913	5.0605	4
88.05	-9.0432	-2.4605	5.0604	4
88.1	-9.0482	-2.7456	5.0638	4
88.15	-9.0538	-2.3428	5.0628	4
88.2	-9.0584	-2.8447	5.054	4
88.25	-9.0633	-2.5958	5.0476	4
88.3	-9.0686	-2.4416	5.0537	4
88.35	-9.0732	-2.8308	5.0705	4
88.4	-9.0782	-2.5906	5.0485	4
88.45	-9.0839	-2.3807	5.0431	4
88.5	-9.0888	-2.7519	5.0522	4
88.55	-9.0937	-2.4821	5.0619	4
88.6	-9.0989	-2.4259	5.066	4
88.65	-9.1043	-2.7926	5.0639	4
88.7	-9.1091	-2.5869	5.0723	4
88.75	-9.1145	-2.5231	5.0734	4
88.8	-9.1192	-2.8674	5.0604	4
88.85	-9.1242	-2.4036	5.0537	4
88.9	-9.1296	-2.6291	5.0615	4
88.95	-9.1342	-2.6286	5.0669	4
89	-9.1394	-2.5392	5.0652	4
89.05	-9.1445	-2.4425	5.0619	4
89.1	-9.1493	-2.7895	5.0438	4
89.15	-9.1542	-2.3338	5.0471	4
89.2	-9.1592	-2.889	5.0653	4
89.25	-9.1639	-2.6079	5.0681	4
89.3	-9.1691	-2.5729	5.0522	4
89.35	-9.1741	-2.6226	5.0486	4
89.4	-9.1792	-2.5481	5.046	4
89.45	-9.1848	-2.5092	5.0617	4
89.5	-9.1896	-2.8111	5.0581	4
89.55	-9.1945	-2.3902	5.044	4
89.6	-9.1999	-2.6464	5.0614	4
89.65	-9.2043	-2.8247	5.0587	4
89.7	-9.2095	-2.3243	5.0632	4
89.75	-9.2145	-2.6647	5.0563	4
89.8	-9.2192	-2.6201	5.0388	4
89.85	-9.2246	-2.3681	5.0415	4
89.9	-9.2298	-2.7936	5.0432	4
89.95	-9.2345	-2.5057	5.0549	4
90	-9.2398	-2.4926	5.0606	4
90.05	-9.2445	-2.7526	5.0597	4
90.1	-9.2493	-2.4856	5.06	4
90.15	-9.2544	-2.5127	5.0676	4
90.2	-9.2593	-2.7173	5.0603	4
90.25	-9.2645	-2.5944	5.0505	4
90.3	-9.2697	-2.5786	5.0514	4
90.35	-9.2747	-2.6935	5.0505	4
90.4	-9.28	-2.5469	5.0373	4
90.45	-9.2846	-2.8008	5.0364	4
90.5	-9.2893	-2.5045	5.0289	4
90.55	-9.2943	-2.3809	5.0261	4
90.6	-9.2991	-2.7621	5.0282	4
90.65	-9.304	-2.5942	5.0234	4
90.7	-9.3093	-2.5274	5.0329	4
90.75	-9.3142	-2.6845	5.049	4
90.8	-9.3193	-2.5569	5.0471	4
90.85	-9.3246	-2.5042	5.0429	4
90.9	-9.3295	-2.6826	5.0515	4
90.95	-9.3341	-2.6969	5.056	4
91	-9.3394	-2.3374	5.0564	4
91.05	-9.3442	-2.8481	5.0654	4
91.1	-9.3488	-2.5577	5.0798	4
91.15	-9.3536	-2.6102	5.0844	4
91.2	-9.3584	-2.5389	5.086	4
91.25	-9.3635	-2.6482	5.0858	4
91.3	-9.3681	-2.742	5.0728	4
91.35	-9.3729	-2.7158	5.0785	4
91.4	-9.3778	-2.5198	5.0677	4
91.45	-9.3826	-2.9668	5.0557	4
91.5	-9.3873	-2.4659	5.053	4
91.55	-9.3921	-2.6415	5.0494	4
91.6	-9.3965	-2.8998	5.0507	4
91.65	-9.4013	-2.6525	5.0651	4
91.7	-9.4066	-2.5466	5.0575	4
91.75	-9.4113	-2.7142	5.0639	4
91.8	-9.4161	-2.4501	5.0553	4
91.85	-9.4213	-2.5186	5.0587	4
91.9	-9.4263	-2.6876	5.0706	4
91.95	-9.4316	-2.4141	5.0422	4
92	-9.437	-2.5692	5.0425	4
92.05	-9.4421	-2.6236	5.0485	4
92.1	-9.4471	-2.5862	5.045	4
92.15	-9.4526	-2.4155	5.0449	4
92.2	-9.4575	-2.7619	5.0464	4
92.25	-9.4627	-2.3783	5.0373	4
92.3	-9.4679	-2.5513	5.0532	4
92.35	-9.4726	-2.596	5.042	4
92.4	-9.4774	-2.5532	5.0365	4
92.45	-9.4823	-2.6764	5.055	4
92.5	-9.4873	-2.6108	5.0444	4
92.55	-9.4925	-2.5857	5.0386	4
92.6	-9.4972	-2.9459	5.0287	4
92.65	-9.502	-2.3183	5.0327	4
92.7	-9.5069	-2.6824	5.034	4
92.75	-9.5112	-2.892	5.0324	4
92.8	-9.5159	-2.393	5.0385	4
92.85	-9.5212	-2.6491	5.0391	4
92.9	-9.5257	-2.8004	5.0485	4
92.95	-9.5307	-2.6203	5.0499	4
93	-9.5358	-2.5375	5.066	4
93.05	-9.5403	-2.8145	5.0681	4
93.1	-9.5453	-2.5785	5.0419	4
93.15	-9.55	-2.6591	5.0374	4
93.2	-9.5544	-2.7787	5.0471	4
93.25	-9.5595	-2.5468	5.0475	4
93.3	-9.5646	-2.6827	5.0627	4
93.35	-9.5695	-2.7563	5.0418	4
93.4	-9.5744	-2.351	5.0349	4
93.45	-9.5796	-2.7543	5.0391	4
93.5	-9.5844	-2.5693	5.0382	4
93.55	-9.5893	-2.5741	5.0446	4
93.6	-9.5942	-2.497	5.0404	4
93.65	-9.5993	-2.6527	5.0516	4
93.7	-9.6041	-2.5605	5.0644	4
93.75	-9.6091	-2.5811	5.0616	4
93.8	-9.6139	-2.4377	5.0662	4
93.85	-9.6191	-2.7269	5.0553	4
93.9	-9.6243	-2.4362	5.052	4
93.95	-9.6296	-2.5599	5.057	4
94	-9.6342	-2.6422	5.057	4
94.05	-9.6391	-2.4864	5.0461	4
94.1	-9.6441	-2.6606	5.0369	4
94.15	-9.6489	-2.7364	5.0246	4
94.2	-9.6537	-2.4183	5.0455	4
94.25	-9.6591	-2.6359	5.0509	4
94.3	-9.6636	-2.6919	5.0524	4
94.35	-9.6688	-2.5313	5.038	4
94.4	-9.6743	-2.3363	5.0278	4
94.45	-9.6791	-2.7517	5.0474	4
94.5	-9.684	-2.4445	5.059	4
94.55	-9.6893	-2.4518	5.0526	4
94.6	-9.6943	-2.7425	5.04	4
94.65	-9.6994	-2.4432	5.0322	4
94.7	-9.7047	-2.3741	5.0334	4
94.75	-9.7099	-2.7675	5.0379	4
94.8	-9.7145	-2.4097	5.0366	4
94.85	-9.7198	-2.4267	5.0281	4
94.9	-9.725	-2.5883	5.0363	4
94.95	-9.7298	-2.5225	5.0357	4
95	-9.7355	-2.51	5.0271	4
95.05	-9.7407	-2.5147	5.0296	4
95.1	-9.7455	-2.8232	5.0531	4
95.15	-9.7506	-2.3343	5.0573	4
95.2	-9.7563	-2.3843	5.0534	4
95.25	-9.7612	-2.7346	5.0461	4
95.3	-9.7662	-2.5033	5.043	4
95.35	-9.7716	-2.4141	5.0517	4
95.4	-9.7761	-2.887	5.052	4
95.45	-9.7809	-2.3811	5.0339	4
95.5	-9.7867	-2.3453	5.0272	4
95.55	-9.792	-2.7003	5.0336	4
95.6	-9.7969	-2.6452	5.0541	4
95.65	-9.802	-2.5118	5.06	4
95.7	-9.8068	-2.6317	5.061	4
95.75	-9.8116	-2.6335	5.0421	4
95.8	-9.8166	-2.3709	5.0345	4
95.85	-9.8221	-2.5946	5.0413	4
95.9	-9.8268	-2.7148	5.0342	4
95.95	-9.8324	-2.1775	5.0433	4
96	-9.8373	-2.9277	5.0449	4
96.05	-9.8417	-2.4728	5.0449	4
96.1	-9.8471	-2.3581	5.0507	4
96.15	-9.8522	-2.7286	5.0405	4
96.2	-9.8571	-2.6597	5.0474	4
96.25	-9.8627	-2.4371	5.0611	4
96.3	-9.8675	-2.7828	5.0461	4
96.35	-9.8725	-2.3845	5.0484	4
96.4	-9.8778	-2.9188	5.0618	4
96.45	-9.8831	-2.2322	5.0683	4
96.5	-9.8877	-3.0013	5.0777	4
96.55	-9.8923	-2.5559	5.0712	4
96.6	-9.8973	-2.5896	5.063	4
96.65	-9.9023	-2.5712	5.0474	4
96.7	-9.907	-2.8938	5.0579	4
96.75	-9.9114	-2.5513	5.0725	4
96.8	-9.9166	-2.7851	5.0601	4
96.85	-9.921	-2.6858	5.0527	4
96.9	-9.9258	-2.8812	5.0603	4
96.95	-9.9306	-2.4654	5.0817	4
97	-9.9356	-2.6577	5.0713	4
97.05	-9.9404	-2.8182	5.0469	4
97.1	-9.9456	-2.5545	5.0637	4
97.15	-9.9505	-2.6419	5.0592	4
97.2	-9.9553	-2.7745	5.0498	4
97.25	-9.9594	-2.7831	5.0783	4
97.3	-9.9646	-2.4795	5.0814	4
97.35	-9.9693	-2.731	5.065	4
97.4	-9.9737	-2.9581	5.0541	4
97.45	-9.979	-2.2483	5.0612	4
97.5	-9.9837	-2.9318	5.0644	4
97.55	-9.9879	-2.7309	5.055	4
97.6	-9.9928	-2.4822	5.0538	4
97.65	-9.9974	-2.8989	5.0688	4
97.7	-10.0018	-2.7805	5.0521	4
97.75	-10.0066	-2.8421	5.048	4
97.8	-10.0115	-2.6787	5.0665	4
97.85	-10.0156	-2.914	5.0701	4
97.9	-10.0201	-2.6587	5.0857	4
97.95	-10.0253	-2.6069	5.085	4
98	-10.0297	-3.0261	5.0858	4
98.05	-10.0339	-2.7185	5.0746	4
98.1	-10.039	-2.4655	5.0853	4
98.15	-10.0441	-2.7457	5.0866	4
98.2	-10.0485	-2.8937	5.0544	4
98.25	-10.0531	-2.6631	5.0634	4
98.3	-10.0576	-2.9694	5.0661	4
98.35	-10.0615	-2.9017	5.063	4
98.4	-10.0663	-2.5932	5.0659	4
98.45	-10.0712	-2.6708	5.0551	4
98.5	-10.0758	-2.7708	5.0522	4
98.55	-10.0807	-2.5516	5.0623	4
98.6	-10.0857	-2.677	5.0646	4
98.65	-10.0898	-3.0222	5.0487	4
98.7	-10.0945	-2.5899	5.0355	4
98.75	-10.099	-2.9091	5.0423	4
98.8	-10.1033	-2.9099	5.0532	4
98.85	-10.1078	-2.6431	5.0566	4
98.9	-10.1127	-2.6873	5.0434	4
98.95	-10.1168	-2.9949	5.0278	4
99	-10.1213	-2.5736	5.052	4
99.05	-10.1261	-2.7896	5.0632	4
99.1	-10.1308	-2.7535	5.034	4
99.15	-10.1356	-2.9284	5.0391	4
99.2	-10.1405	-2.4926	5.06	4
99.25	-10.1448	-2.917	5.0511	4
99.3	-10.1492	-2.6969	5.0472	4
99.35	-10.1541	-2.5727	5.0532	4
99.4	-10.1591	-2.7544	5.0481	4
99.45	-10.1636	-2.6452	5.0543	4
99.5	-10.1687	-2.5477	5.0609	4
99.55	-10.1732	-2.9587	5.0636	4
99.6	-10.1779	-2.4369	5.0728	4
99.65	-10.1828	-2.7669	5.065	4
99.7	-10.1878	-2.4917	5.0537	4
99.75	-10.1924	-2.9745	5.0769	4
99.8	-10.1976	-2.2839	5.0913	4
99.85	-10.2026	-2.762	5.0792	4
99.9	-10.207	-2.8186	5.068	4
99.95	-10.2117	-2.6525	5.0587	4
100	-10.2167	-2.4848	5.062	4
100.05	-10.2214	-2.974	5.0809	4
100.1	-10.2258	-2.5738	5.0872	4
100.15	-10.2307	-2.6494	5.0824	4
100.2	-10.2352	-2.9192	5.0952	4
100.25	-10.2403	-2.5411	5.0819	4
100.3	-10.2452	-2.6843	5.0661	4
100.35	-10.2499	-2.9077	5.0615	4
100.4	-10.2541	-2.6009	5.0792	4
100.45	-10.2591	-2.6365	5.09	4
100.5	-10.2637	-2.7448	5.0841	4
100.55	-10.2681	-2.7615	5.0787	4
100.6	-10.2725	-2.7822	5.0732	4
100.65	-10.2775	-2.4649	5.0796	4
100.7	-10.2822	-2.8104	5.0973	4
100.75	-10.2873	-2.4281	5.0867	4
100.8	-10.2923	-2.5886	5.079	4
100.85	-10.2974	-2.5202	5.0825	4
100.9	-10.3024	-2.7489	5.0724	4
100.95	-10.3074	-2.3755	5.0669	4
101	-10.3127	-2.5294	5.0666	4
101.05	-10.318	-2.4488	5.0672	4
101.1	-10.3222	-2.8623	5.0691	4
101.15	-10.3273	-2.3434	5.06	4
101.2	-10.3324	-2.5964	5.0671	4
101.25	-10.3369	-3.0489	5.0814	4
101.3	-10.3414	-2.4984	5.0936	4
101.35	-10.3463	-2.7929	5.1028	4
101.4	-10.3509	-2.7864	5.0854	4
101.45	-10.356	-2.5947	5.0901	4
101.5	-10.3611	-2.5983	5.0875	4
101.55	-10.3657	-2.585	5.0845	4
101.6	-10.3702	-2.8548	5.0858	4
101.65	-10.3751	-2.3188	5.0837	4
101.7	-10.3798	-2.8893	5.0779	4
101.75	-10.3842	-2.7355	5.0673	4
101.8	-10.3887	-2.6279	5.0717	4
101.85	-10.3938	-2.7752	5.0952	4
101.9	-10.3986	-2.5594	5.0841	4
101.95	-10.4035	-2.7628	5.0646	4
102	-10.4084	-2.4995	5.0623	4
102.05	-10.4132	-2.726	5.0622	4
102.1	-10.4178	-2.8414	5.0726	4
102.15	-10.4223	-2.5671	5.0729	4
102.2	-10.4269	-2.8431	5.0807	4
102.25	-10.4321	-2.4938	5.0795	4
102.3	-10.437	-2.709	5.0786	4
102.35	-10.4422	-2.5541	5.0942	4
102.4	-10.4471	-2.5326	5.0856	4
102.45	-10.4525	-2.5357	5.0828	4
102.5	-10.4578	-2.5765	5.0938	4
102.55	-10.4625	-2.6248	5.0867	4
102.6	-10.4672	-2.7948	5.0738	4
102.65	-10.4721	-2.3713	5.0638	4
102.7	-10.4769	-2.7608	5.0587	4
102.75	-10.4819	-2.4056	5.0713	4
102.8	-10.4869	-2.7594	5.0861	4
102.85	-10.4919	-2.4865	5.0977	4
102.9	-10.4975	-2.3133	5.089	4
102.95	-10.5023	-2.8332	5.0815	4
103	-10.5074	-2.4256	5.1011	4
103.05	-10.5125	-2.5337	5.1101	4
103.1	-10.5173	-2.8406	5.1115	4
103.15	-10.522	-2.5005	5.1102	4
103.2	-10.5273	-2.7012	5.1046	4
103.25	-10.532	-2.634	5.0853	4
103.3	-10.5368	-2.5299	5.0581	4
103.35	-10.5419	-2.5635	5.0669	4
103.4	-10.547	-2.5884	5.0724	4
103.45	-10.5515	-2.7046	5.0841	4
103.5	-10.5565	-2.5104	5.1008	4
103.55	-10.5619	-2.4372	5.0887	4
103.6	-10.5671	-2.6875	5.0801	4
103.65	-10.5718	-2.4998	5.0985	4
103.7	-10.577	-2.4317	5.1011	4
103.75	-10.5822	-2.5707	5.0988	4
103.8	-10.5871	-2.6553	5.0963	4
103.85	-10.5921	-2.5268	5.0827	4
103.9	-10.5978	-2.3046	5.092	4
103.95	-10.6023	-2.7765	5.1073	4
104	-10.6072	-2.5006	5.1254	4
104.05	-10.6125	-2.4291	5.1196	4
104.1	-10.6178	-2.5135	5.0982	4
104.15	-10.6229	-2.532	5.0924	4
104.2	-10.6281	-2.4297	5.0849	4
104.25	-10.6338	-2.3274	5.0861	4
104.3	-10.639	-2.499	5.0828	4
104.35	-10.6442	-2.6704	5.0845	4
104.4	-10.6495	-2.3703	5.0954	4
104.45	-10.6545	-2.6157	5.102	4
104.5	-10.6596	-2.5931	5.1083	4
104.55	-10.6647	-2.4757	5.0938	4
104.6	-10.6702	-2.4519	5.0989	4
104.65	-10.6752	-2.7449	5.1125	4
104.7	-10.6802	-2.271	5.1029	4
104.75	-10.6853	-2.6348	5.0951	4
104.8	-10.6905	-2.48	5.0939	4
104.85	-10.6955	-2.5286	5.1007	4
104.9	-10.7006	-2.3785	5.1163	4
104.95	-10.7057	-2.5928	5.0968	4
105	-10.7111	-2.4003	5.091	4
105.05	-10.7167	-2.3813	5.0953	4
105.1	-10.7224	-2.2088	5.1049	4
105.15	-10.7274	-2.8992	5.1046	4
105.2	-10.7327	-2.1368	5.0838	4
105.25	-10.7382	-2.6312	5.077	4
105.3	-10.7431	-2.4895	5.0685	4
105.35	-10.7482	-2.3476	5.0752	4
105.4	-10.7538	-2.4248	5.087	4
105.45	-10.7592	-2.4033	5.09	4
105.5	-10.7647	-2.4175	5.0827	4
105.55	-10.7702	-2.4334	5.0886	4
105.6	-10.7755	-2.3901	5.0865	4
105.65	-10.7808	-2.6433	5.0805	4
105.7	-10.7858	-2.5268	5.0763	4
105.75	-10.7918	-2.1488	5.0881	4
105.8	-10.7969	-2.8373	5.1002	4
105.85	-10.8016	-2.501	5.0935	4
105.9	-10.8077	-2.071	5.1027	4
105.95	-10.8125	-3.0043	5.1103	4
106	-10.8171	-2.4136	5.1019	4
106.05	-10.8229	-2.4387	5.1026	4
106.1	-10.8273	-2.7911	5.0806	4
106.15	-10.8324	-2.4594	5.0717	4
106.2	-10.8373	-2.6199	5.0825	4
106.25	-10.8421	-2.5697	5.0703	4
106.3	-10.8474	-2.5582	5.0731	4
106.35	-10.8521	-2.8127	5.0588	4
106.4	-10.857	-2.6833	5.0648	4
106.45	-10.8619	-2.6087	5.0693	4
106.5	-10.8663	-2.8726	5.0839	4
106.55	-10.8713	-2.6044	5.0987	4
106.6	-10.876	-2.7048	5.1046	4
106.65	-10.8807	-2.8605	5.1097	4
106.7	-10.8854	-2.8605	5.1168	4
106.75	-10.8898	-2.7202	5.0935	4
106.8	-10.8944	-2.9289	5.0929	4
106.85	-10.8988	-2.9035	5.0966	4
106.9	-10.9032	-2.9398	5.0856	4
106.95	-10.9078	-2.832	5.0734	4
107	-10.9118	-3.118	5.0716	4
107.05	-10.9164	-2.9334	5.0933	4
107.1	-10.9204	-3.0665	5.0863	4
107.15	-10.9241	-3.2559	5.0849	4
107.2	-10.9278	-3.111	5.1026	4
107.25	-10.932	-2.9898	5.102	4
107.3	-10.9357	-3.3689	5.1092	4
107.35	-10.9397	-3.0277	5.0997	4
107.4	-10.9437	-3.3467	5.0678	4
107.45	-10.9471	-3.2505	5.087	4
107.5	-10.9503	-3.3907	5.089	4
107.55	-10.9541	-3.2903	5.0799	4
107.6	-10.9574	-3.418	5.0875	4
107.65	-10.9609	-3.3593	5.089	4
107.7	-10.9642	-3.4506	5.0928	4
107.75	-10.9674	-3.4139	5.0906	4
107.8	-10.9702	-3.7026	5.0785	4
107.85	-10.9732	-3.3706	5.0745	4
107.9	-10.9762	-3.6588	5.0672	4
107.95	-10.9789	-3.6673	5.0721	4
108	-10.9816	-3.6265	5.0805	4
108.05	-10.9848	-3.5375	5.0842	4
108.1	-10.9871	-3.98	5.0921	4
108.15	-10.9894	-3.5938	5.0785	4
108.2	-10.992	-3.7029	5.07	4
108.25	-10.9942	-3.9137	5.0709	4
108.3	-10.9964	-3.9983	5.0895	4
108.35	-10.999	-3.6392	5.0906	4
108.4	-11.0012	-4.0538	5.0896	4
108.45	-11.0034	-3.7729	5.08	4
108.5	-11.0061	-3.6985	5.0737	4
108.55	-11.0082	-4.018	5.0605	4
108.6	-11.0097	-4.0661	5.0637	4
108.65	-11.0117	-3.6399	5.0644	4
108.7	-11.0137	-4.2146	5.0492	4
108.75	-11.0158	-3.8829	5.0527	4
108.8	-11.0181	-3.8252	5.067	4
108.85	-11.0201	-3.9895	5.081	4
108.9	-11.0216	-4.1629	5.078	4
108.95	-11.0232	-3.8701	5.0754	4
109	-11.0255	-4.1291	5.0777	4
109.05	-11.0269	-4.0854	5.0689	4
109.1	-11.0289	-3.9848	5.076	4
109.15	-11.0306	-4.1177	5.0851	4
109.2	-11.0324	-4.1414	5.0813	4
109.25	-11.0339	-3.986	5.0692	4
109.3	-11.0359	-4.0455	5.0549	4
109.35	-11.0371	-4.2765	5.0695	4
109.4	-11.0386	-4.0733	5.0733	4
109.45	-11.0403	-4.042	5.0572	4
109.5	-11.0419	-4.2568	5.0818	4
109.55	-11.0428	-4.2855	5.0968	4
109.6	-11.0449	-3.7552	5.0872	4
109.65	-11.0463	-4.3936	5.0923	4
109.7	-11.0473	-4.2195	5.0936	4
109.75	-11.0488	-4.0311	5.0829	4
109.8	-11.0505	-4.1914	5.0803	4
109.85	-11.0515	-4.3063	5.0807	4
109.9	-11.053	-4.0787	5.071	4
109.95	-11.0545	-4.1185	5.0684	4
110	-11.0557	-4.393	5.0805	4
110.05	-11.0566	-4.2912	5.0805	4
110.1	-11.0586	-3.8722	5.0818	4
110.15	-11.0597	-4.5297	5.0951	4
110.2	-11.0604	-4.1996	5.0721	4
110.25	-11.0624	-3.9497	5.0671	4
110.3	-11.0636	-4.4767	5.0799	4
110.35	-11.0644	-4.3255	5.0808	4
110.4	-11.0663	-3.7646	5.0878	4
110.45	-11.0677	-4.4582	5.0873	4
110.5	-11.0689	-4.2448	5.0892	4
110.55	-11.0702	-4.1549	5.077	4
110.6	-11.0716	-4.0295	5.0722	4
110.65	-11.0726	-4.3051	5.0786	4
110.7	-11.0738	-4.1053	5.0762	4
110.75	-11.0755	-4.0085	5.0884	4
110.8	-11.0766	-4.2575	5.0856	4
110.85	-11.0776	-4.1991	5.0859	4
110.9	-11.0793	-3.8512	5.0906	4
110.95	-11.0809	-4.2875	5.0882	4
111	-11.0821	-4.1103	5.0819	4
111.05	-11.0838	-3.9273	5.0756	4
111.1	-11.0856	-4.0907	5.0615	4
111.15	-11.0868	-4.165	5.0663	4
111.2	-11.0886	-3.8671	5.082	4
111.25	-11.0901	-4.164	5.1067	4
111.3	-11.0913	-3.937	5.1078	4
111.35	-11.0934	-3.8308	5.0963	4
111.4	-11.0948	-4.1368	5.113	4
111.45	-11.0963	-3.9507	5.1094	4
111.5	-11.0985	-3.5512	5.0951	4
111.55	-11.1003	-4.1766	5.0817	4
111.6	-11.1023	-3.849	5.0798	4
111.65	-11.1044	-3.7403	5.0919	4
111.7	-11.106	-4.0553	5.0826	4
111.75	-11.107	-4.2041	5.0891	4
111.8	-11.1094	-3.3766	5.0891	4
111.85	-11.1117	-4.0087	5.0684	4
111.9	-11.1128	-4.1344	5.071	4
111.95	-11.1149	-3.7131	5.0952	4
112	-11.1176	-3.4686	5.0897	4
112.05	-11.1197	-4.1411	5.0701	4
112.1	-11.1213	-3.8561	5.071	4
112.15	-11.1235	-3.573	5.0919	4
112.2	-11.1252	-3.9504	5.0859	4
112.25	-11.1266	-4.1439	5.0805	4
112.3	-11.1289	-3.4371	5.0804	4
112.35	-11.1314	-3.7422	5.0658	4
112.4	-11.1326	-4.2055	5.0723	4
112.45	-11.1346	-3.7478	5.0781	4
112.5	-11.1367	-3.8348	5.0654	4
112.55	-11.1386	-3.9055	5.0769	4
112.6	-11.1399	-3.9115	5.0925	4
112.65	-11.1422	-3.727	5.103	4
112.7	-11.144	-3.905	5.1028	4
112.75	-11.1461	-3.8332	5.0724	4
112.8	-11.1473	-4.0705	5.0738	4
112.85	-11.1491	-3.7903	5.0808	4
112.9	-11.1503	-4.1192	5.0796	4
112.95	-11.1523	-3.7181	5.0838	4
113	-11.1541	-3.9749	5.0722	4
113.05	-11.1562	-3.8508	5.0751	4
113.1	-11.1578	-4.0994	5.088	4
113.15	-11.1595	-3.8591	5.0892	4
113.2	-11.1613	-4.078	5.0924	4
113.25	-11.1629	-4.0157	5.0957	4
113.3	-11.1643	-4.0977	5.1068	4
113.35	-11.1656	-3.8581	5.0855	4
113.4	-11.1672	-4.069	5.0676	4
113.45	-11.1688	-4.1642	5.0751	4
113.5	-11.1699	-4.1427	5.0619	4
113.55	-11.1717	-3.9524	5.0644	4
113.6	-11.1734	-4.1594	5.0827	4
113.65	-11.1742	-4.3859	5.0877	4
113.7	-11.1751	-4.0308	5.0889	4
113.75	-11.1766	-3.9188	5.0803	4
113.8	-11.1779	-4.251	5.0634	4
113.85	-11.1786	-4.2656	5.0507	4
113.9	-11.1801	-3.9997	5.0627	4
113.95	-11.1816	-4.1421	5.0832	4
114	-11.1823	-4.3835	5.0836	4
114.05	-11.1837	-3.9645	5.0843	4
114.1	-11.1852	-4.1361	5.0861	4
114.15	-11.1862	-4.3983	5.0756	4
114.2	-11.1872	-4.1533	5.0863	4
114.25	-11.1889	-3.8775	5.0857	4
114.3	-11.1899	-4.4986	5.0714	4
114.35	-11.1906	-4.1338	5.0782	4
114.4	-11.1921	-4.1367	5.0741	4
114.45	-11.1938	-4.0839	5.0783	4
114.5	-11.1941	-4.6655	5.0876	4
114.55	-11.1955	-3.8794	5.0764	4
114.6	-11.197	-4.3062	5.0586	4
114.65	-11.1977	-4.3194	5.0679	4
114.7	-11.1988	-4.0404	5.0665	4
114.75	-11.2001	-3.9533	5.054	4
114.8	-11.2014	-4.2976	5.0556	4
114.85	-11.2021	-4.1954	5.0611	4
114.9	-11.2038	-3.8387	5.0626	4
114.95	-11.2057	-4.0053	5.0695	4
115	-11.206	-4.6749	5.0801	4
115.05	-11.2077	-3.5257	5.091	4
115.1	-11.2099	-4.0548	5.0903	4
115.15	-11.2104	-4.4169	5.0801	4
115.2	-11.2119	-3.8758	5.0844	4
115.25	-11.214	-3.5925	5.0893	4
115.3	-11.2153	-4.5931	5.0868	4
115.35	-11.2159	-4.0269	5.0975	4
115.4	-11.2185	-3.4946	5.099	4
115.45	-11.2203	-4.1614	5.1095	4
115.5	-11.2208	-4.5435	5.1173	4
115.55	-11.2229	-3.2391	5.1073	4
115.6	-11.2255	-3.878	5.1177	4
115.65	-11.2259	-4.5556	5.1104	4
115.7	-11.2281	-3.3136	5.0957	4
115.75	-11.2308	-3.6846	5.0931	4
115.8	-11.2319	-4.3195	5.0889	4
115.85	-11.2331	-3.7216	5.0897	4
115.9	-11.2362	-3.3872	5.0932	4
115.95	-11.2372	-4.319	5.0877	4
116	-11.2384	-3.6695	5.0998	4
116.05	-11.2407	-3.6671	5.1002	4
116.1	-11.2427	-3.797	5.1081	4
116.15	-11.2439	-4.0971	5.1227	4
116.2	-11.2461	-3.5465	5.1195	4
116.25	-11.2485	-3.4781	5.1311	4
116.3	-11.2505	-3.9463	5.1267	4
116.35	-11.2515	-3.934	5.1304	4
116.4	-11.2546	-3.1894	5.1266	4
116.45	-11.2569	-4.007	5.0996	4
116.5	-11.2584	-3.9092	5.0924	4
116.55	-11.2609	-3.312	5.0916	4
116.6	-11.2632	-3.9598	5.0985	4
116.65	-11.2643	-3.9521	5.1022	4
116.7	-11.2667	-3.207	5.1051	4
116.75	-11.269	-3.8827	5.1136	4
116.8	-11.2711	-3.6871	5.1117	4
116.85	-11.2734	-3.6923	5.1187	4
116.9	-11.2757	-3.4912	5.1277	4
116.95	-11.2778	-3.8166	5.1117	4
117	-11.2798	-3.6331	5.0976	4
117.05	-11.2823	-3.5617	5.0887	4
117.1	-11.285	-3.5237	5.0785	4
117.15	-11.287	-3.8213	5.076	4
117.2	-11.2896	-3.3634	5.0799	4
117.25	-11.2919	-3.773	5.1031	4
117.3	-11.2941	-3.4025	5.102	4
117.35	-11.2968	-3.6385	5.0965	4
117.4	-11.2989	-3.6662	5.0901	4
117.45	-11.3013	-3.3177	5.0859	4
117.5	-11.304	-3.3879	5.1006	4
117.55	-11.3063	-3.8606	5.099	4
117.6	-11.3082	-3.5603	5.0764	4
117.65	-11.3115	-3.0959	5.0812	4
117.7	-11.3136	-3.9714	5.092	4
117.75	-11.3155	-3.6305	5.0824	4
117.8	-11.3189	-3.1876	5.0726	4
117.85	-11.3214	-3.7446	5.067	4
117.9	-11.3232	-3.7994	5.0744	4
117.95	-11.3262	-3.1325	5.0668	4
118	-11.3288	-3.5704	5.0781	4
118.05	-11.3302	-4.0774	5.0949	4
118.1	-11.3328	-3.1837	5.0783	4
118.15	-11.3358	-3.6445	5.0826	4
118.2	-11.3377	-3.8893	5.0928	4
118.25	-11.3396	-3.4929	5.0867	4
118.3	-11.3428	-3.354	5.0826	4
118.35	-11.3449	-3.8805	5.0849	4
118.4	-11.3469	-3.6522	5.0753	4
118.45	-11.3499	-3.2036	5.0736	4
118.5	-11.3522	-3.6932	5.0814	4
118.55	-11.3541	-3.7763	5.0785	4
118.6	-11.3569	-3.3154	5.0648	4
118.65	-11.3596	-3.5784	5.0757	4
118.7	-11.362	-3.5811	5.0824	4
118.75	-11.3642	-3.6281	5.0851	4
118.8	-11.3671	-3.1989	5.1032	4
118.85	-11.3696	-3.6799	5.1264	4
118.9	-11.3718	-3.4484	5.1405	4
118.95	-11.3749	-3.3333	5.1353	4
119	-11.3776	-3.5754	5.1335	4
119.05	-11.38	-3.4685	5.1311	4
119.1	-11.3829	-3.376	5.1268	4
119.15	-11.3856	-3.6061	5.1144	4
119.2	-11.3883	-3.3519	5.1038	4
119.25	-11.3921	-3.4559	5.0928	4
119.3	-11.395	-3.5035	5.0994	4
119.35	-11.3968	-3.2237	5.0959	4
119.4	-11.3981	-3.3534	5.0843	4
119.45	-11.3991	-3.7069	5.0944	4
119.5	-11.4006	-3.2282	5.0959	4
119.55	-11.4019	-3.3837	5.1005	4
119.6	-11.4029	-3.5911	5.107	4
119.65	-11.4044	-3.2882	5.1027	4
119.7	-11.4057	-3.3287	5.1012	4
119.75	-11.4069	-3.4578	5.1093	4
119.8	-11.4081	-3.4962	5.1045	4
119.85	-11.4096	-3.1864	5.1117	4
119.9	-11.4103	-3.5336	5.0995	4
119.95	-11.4112	-3.5532	5.108	4
120	-11.4125	-3.1786	5.106	4
120.05	-11.4138	-3.3201	5.0993	4
120.1	-11.415	-3.4531	5.1056	4
120.15	-11.4163	-3.1886	5.1079	4
120.2	-11.4172	-3.4453	5.1086	4
120.25	-11.4182	-3.3122	5.0898	4
120.3	-11.4195	-3.3587	5.0895	4
120.35	-11.4209	-3.1747	5.0763	4
120.4	-11.4219	-3.3485	5.0791	4
120.45	-11.4231	-3.3456	5.1105	4
120.5	-11.4245	-3.2115	5.0997	4
120.55	-11.4259	-3.2652	5.0936	4
120.6	-11.4271	-3.293	5.0857	4
120.65	-11.4283	-3.2847	5.0823	4
120.7	-11.4295	-3.2519	5.0993	4
120.75	-11.4307	-3.1758	5.1017	4
120.8	-11.4318	-3.3782	5.0938	4
120.85	-11.4331	-3.1972	5.0883	4
120.9	-11.4344	-3.2766	5.0805	4
120.95	-11.4357	-3.2196	5.0797	4
121	-11.4365	-3.3537	5.0808	4
121.05	-11.4379	-3.2804	5.0827	4
121.1	-11.4397	-3.0493	5.0805	4
121.15	-11.4408	-3.4021	5.0728	4
121.2	-11.4419	-3.273	5.087	4
121.25	-11.4433	-3.1317	5.0938	4
121.3	-11.4443	-3.3519	5.0919	4
121.35	-11.4454	-3.3611	5.0846	4
121.4	-11.4468	-3.1767	5.0809	4
121.45	-11.4481	-3.186	5.0855	4
121.5	-11.4489	-3.499	5.0882	4
121.55	-11.45	-3.2561	5.0853	4
121.6	-11.4513	-3.1947	5.0848	4
121.65	-11.4526	-3.3887	5.0747	4
121.7	-11.4537	-3.3312	5.0682	4
121.75	-11.455	-3.1257	5.0838	4
121.8	-11.4558	-3.5253	5.0989	4
121.85	-11.457	-3.0897	5.0936	4
121.9	-11.4579	-3.3955	5.0886	4
121.95	-11.4592	-3.171	5.0877	4
122	-11.46	-3.3547	5.0824	4
122.05	-11.4612	-3.0842	5.0865	4
122.1	-11.4621	-3.5658	5.0909	4
122.15	-11.4637	-3.1413	5.1052	4
122.2	-11.4649	-3.3409	5.1062	4
122.25	-11.466	-3.3596	5.1033	4
122.3	-11.4668	-3.5662	5.0827	4
122.35	-11.4682	-3.0546	5.0871	4
122.4	-11.4691	-3.5902	5.0945	4
122.45	-11.4702	-3.4146	5.0749	4
122.5	-11.4716	-3.0871	5.0708	4
122.55	-11.4727	-3.4208	5.0768	4
122.6	-11.4735	-3.7094	5.073	4
122.65	-11.4747	-3.2573	5.0741	4
122.7	-11.4759	-3.3681	5.0905	4
122.75	-11.4767	-3.6733	5.111	4
122.8	-11.4779	-3.4406	5.0787	4
122.85	-11.4791	-3.2762	5.0772	4
122.9	-11.48	-3.5027	5.0876	4
122.95	-11.4809	-3.4553	5.0825	4
123	-11.4824	-3.1643	5.094	4
123.05	-11.4827	-4.0198	5.0945	4
123.1	-11.484	-3.2922	5.0907	4
123.15	-11.485	-3.3492	5.0919	4
123.2	-11.4857	-3.7167	5.092	4
123.25	-11.4869	-3.4887	5.0836	4
123.3	-11.4884	-3.201	5.0948	4
123.35	-11.4891	-3.7094	5.1091	4
123.4	-11.49	-3.591	5.1047	4
123.45	-11.491	-3.2869	5.0907	4
123.5	-11.4921	-3.4297	5.0939	4
123.55	-11.4929	-3.7882	5.1043	4
123.6	-11.4944	-3.2109	5.1047	4
123.65	-11.4954	-3.5015	5.119	4
123.7	-11.4964	-3.5452	5.1066	4
123.75	-11.4973	-3.4685	5.0897	4
123.8	-11.4984	-3.2743	5.0988	4
123.85	-11.4991	-3.8809	5.1021	4
123.9	-11.5007	-3.2144	5.1043	4
123.95	-11.5015	-3.5329	5.0993	4
124	-11.5019	-3.8926	5.1012	4
124.05	-11.5031	-3.2958	5.1025	4
124.1	-11.5041	-3.4144	5.0877	4
124.15	-11.5046	-3.9272	5.0925	4
124.2	-11.5062	-3.1612	5.079	4
124.25	-11.5071	-3.5947	5.0841	4
124.3	-11.5078	-3.5465	5.0966	4
124.35	-11.5089	-3.3922	5.0902	4
124.4	-11.5099	-3.5424	5.0918	4
124.45	-11.511	-3.4551	5.0902	4
124.5	-11.5121	-3.2148	5.0884	4
124.55	-11.5128	-3.5753	5.0937	4
124.6	-11.5138	-3.4113	5.0764	4
124.65	-11.5148	-3.425	5.0962	4
124.7	-11.5159	-3.2688	5.1082	4
124.75	-11.517	-3.5217	5.0957	4
124.8	-11.5182	-3.2605	5.1072	4
124.85	-11.5196	-3.186	5.1083	4
124.9	-11.5208	-3.2266	5.0971	4
124.95	-11.5217	-3.6271	5.1014	4
125	-11.5234	-2.8654	5.1026	4
125.05	-11.5241	-3.5954	5.1043	4
125.1	-11.5248	-3.6108	5.0916	4
125.15	-11.5263	-3.102	5.0853	4
125.2	-11.5271	-3.6644	5.0874	4
125.25	-11.5279	-3.7919	5.0938	4
125.3	-11.5291	-3.2261	5.095	4
125.35	-11.5301	-3.3564	5.0829	4
125.4	-11.5309	-3.9385	5.0705	4
125.45	-11.5324	-3.1312	5.0619	4
125.5	-11.5336	-3.1456	5.0695	4
125.55	-11.5337	-4.2243	5.0958	4
125.6	-11.535	-3.1924	5.0945	4
125.65	-11.5369	-2.9019	5.0867	4
125.7	-11.5372	-4.0888	5.1044	4
125.75	-11.5383	-3.5021	5.112	4
125.8	-11.5399	-2.7643	5.0941	4
125.85	-11.5406	-3.5774	5.084	4
125.9	-11.5407	-4.0569	5.0805	4
125.95	-11.5427	-2.4708	5.0844	4
126	-11.5435	-3.4585	5.0808	4
126.05	-11.5439	-4.036	5.0602	4
126.1	-11.5453	-3.0757	5.0554	4
126.15	-11.5471	-2.6801	5.0703	4
126.2	-11.5471	-4.3002	5.0926	4
126.25	-11.5484	-3.3595	5.0853	4
126.3	-11.5503	-2.5771	5.0803	4
126.35	-11.5506	-3.7559	5.0893	4
126.4	-11.5509	-3.9975	5.0948	4
126.45	-11.5533	-2.2541	5.0972	4
126.5	-11.5543	-3.4278	5.0824	4
126.55	-11.5548	-4.0631	5.0812	4
126.6	-11.5568	-2.5581	5.0908	4
126.65	-11.5582	-2.8472	5.085	4
126.7	-11.5583	-4.0623	5.0767	4
126.75	-11.5599	-2.9692	5.0693	4
126.8	-11.562	-2.5466	5.0727	4
126.85	-11.5624	-3.9559	5.0864	4
126.9	-11.5632	-3.5954	5.0813	4
126.95	-11.5651	-2.4325	5.0798	4
127	-11.5657	-3.5537	5.0822	4
127.05	-11.5657	-4.1378	5.0909	4
127.1	-11.5675	-2.7502	5.1008	4
127.15	-11.5687	-3.1452	5.0911	4
127.2	-11.5685	-4.575	5.084	4
127.25	-11.5702	-3.147	5.0875	4
127.3	-11.5719	-2.7052	5.0828	4
127.35	-11.572	-4.1809	5.0856	4
127.4	-11.573	-3.6417	5.0819	4
127.45	-11.5753	-2.5233	5.0822	4
127.5	-11.5759	-3.8509	5.0709	4
127.55	-11.5762	-4.1463	5.0662	4
127.6	-11.5783	-2.4164	5.0761	4
127.65	-11.5787	-3.6331	5.0902	4
127.7	-11.5787	-4.1829	5.1013	4
127.75	-11.5805	-2.7757	5.1099	4
127.8	-11.5816	-3.243	5.0978	4
127.85	-11.582	-4.1528	5.1021	4
127.9	-11.5834	-3.396	5.0919	4
127.95	-11.5849	-2.7691	5.0718	4
128	-11.5852	-3.7386	5.0745	4
128.05	-11.5856	-3.944	5.0793	4
128.1	-11.5879	-2.523	5.0845	4
128.15	-11.589	-3.3437	5.0856	4
128.2	-11.5896	-4.183	5.0886	4
128.25	-11.5914	-2.8205	5.113	4
128.3	-11.5925	-2.9458	5.1074	4
128.35	-11.5921	-4.3951	5.0965	4
128.4	-11.5941	-2.7343	5.1013	4
128.45	-11.5955	-2.9432	5.1081	4
128.5	-11.5957	-4.1218	5.1216	4
128.55	-11.5968	-3.4504	5.1266	4
128.6	-11.5985	-2.6487	5.1279	4
128.65	-11.5988	-3.8917	5.1141	4
128.7	-11.5995	-3.7599	5.1148	4
128.75	-11.6014	-2.663	5.1315	4
128.8	-11.6021	-3.4986	5.1208	4
128.85	-11.6021	-4.3265	5.1308	4
128.9	-11.6044	-2.4771	5.1333	4
128.95	-11.6054	-3.3188	5.1329	4
129	-11.6056	-4.3186	5.1358	4
129.05	-11.607	-3.2971	5.112	4
129.1	-11.6088	-2.3378	5.1166	4
129.15	-11.6086	-4.411	5.1084	4
129.2	-11.6093	-3.9017	5.0732	4
129.25	-11.6119	-2.1864	5.083	4
129.3	-11.6126	-3.5904	5.0975	4
129.35	-11.6122	-4.5141	5.094	4
129.4	-11.6146	-2.4585	5.1062	4
129.45	-11.616	-2.9315	5.1029	4
129.5	-11.6156	-4.6269	5.1035	4
129.55	-11.6171	-3.1356	5.0806	4
129.6	-11.6194	-2.187	5.0808	4
129.65	-11.619	-4.5081	5.0868	4
129.7	-11.6198	-3.7822	5.0694	4
129.75	-11.6224	-1.8434	5.073	4
129.8	-11.6228	-3.7931	5.0979	4
129.85	-11.6227	-4.5537	5.1008	4
129.9	-11.6256	-2.0511	5.0858	4
129.95	-11.627	-2.7977	5.0788	4
130	-11.6262	-4.9905	5.0773	4
130.05	-11.6283	-2.7526	5.0645	4
130.1	-11.6304	-1.9982	5.0712	4
130.15	-11.6296	-4.6667	5.1024	4
130.2	-11.6299	-4.007	5.1154	4
130.25	-11.6328	-1.6666	5.1091	4
130.3	-11.6337	-3.5981	5.0833	4
130.35	-11.6328	-5.1559	5.0654	4
130.4	-11.6358	-1.7334	5.0776	4
130.45	-11.6372	-2.6662	5.0796	4
130.5	-11.6361	-5.2177	5.0777	4
130.55	-11.6382	-2.7396	5.0805	4
130.6	-11.6407	-1.7814	5.0775	4
130.65	-11.6401	-4.5368	5.0869	4
130.7	-11.6409	-3.873	5.0784	4
130.75	-11.6435	-1.7113	5.0771	4
130.8	-11.6446	-3.0562	5.0813	4
130.85	-11.6439	-5.0755	5.0658	4
130.9	-11.6469	-2.0226	5.0628	4
130.95	-11.6491	-1.9888	5.0705	4
131	-11.6478	-4.9758	5.0873	4
131.05	-11.649	-3.476	5.0824	4
131.1	-11.6525	-0.8676	5.0887	4
131.15	-11.6516	-4.539	5.1007	4
131.2	-11.6517	-4.2832	5.0881	4
131.25	-11.655	-1.2933	5.0839	4
131.3	-11.6561	-3.0179	5.0864	4
131.35	-11.6549	-5.403	5.0745	4
131.4	-11.6575	-2.0411	5.079	4
131.45	-11.6601	-1.9119	5.0873	4
131.5	-11.6588	-5.0765	5.0801	4
131.55	-11.6598	-3.6229	5.0873	4
131.6	-11.6635	-1.1558	5.0971	4
131.65	-11.6633	-4.166	5.0854	4
131.7	-11.6624	-5.116	5.088	4
131.75	-11.6661	-1.1512	5.0873	4
131.8	-11.667	-2.8948	5.0761	4
131.85	-11.6654	-5.6443	5.0793	4
131.9	-11.6677	-2.4286	5.0848	4
131.95	-11.6705	-1.7282	5.0998	4
132	-11.6691	-5.2742	5.0978	4
132.05	-11.6696	-3.9165	5.1009	4
132.1	-11.6734	-0.9489	5.1164	4
132.15	-11.6728	-4.3031	5.1086	4
132.2	-11.6721	-5.2694	5.0951	4
132.25	-11.6754	-1.258	5.0968	4
132.3	-11.6761	-3.2149	5.0982	4
132.35	-11.6748	-5.4738	5.0957	4
132.4	-11.6774	-2.3647	5.0987	4
132.45	-11.6798	-1.9504	5.1022	4
132.5	-11.6785	-5.2872	5.0917	4
132.55	-11.6794	-3.9306	5.0811	4
132.6	-11.6832	-1.1362	5.09	4
132.65	-11.6822	-4.5965	5.0947	4
132.7	-11.6816	-4.9248	5.0869	4
132.75	-11.6851	-1.3776	5.103	4
132.8	-11.6856	-3.5253	5.1229	4
132.85	-11.6844	-5.257	5.1116	4
132.9	-11.6873	-2.2884	5.1059	4
132.95	-11.6896	-2.3105	5.1157	4
133	-11.6882	-5.4215	5.1084	4
133.05	-11.6896	-3.4688	5.1029	4
133.1	-11.6925	-1.7679	5.099	4
133.15	-11.6919	-4.8148	5.1018	4
133.2	-11.692	-4.5258	5.1165	4
133.25	-11.6947	-1.9348	5.1272	4
133.3	-11.6951	-3.6584	5.134	4
133.35	-11.694	-5.3749	5.1274	4
133.4	-11.6968	-2.1887	5.12	4
133.45	-11.698	-2.9717	5.1178	4
133.5	-11.6969	-5.3808	5.1003	4
133.55	-11.6986	-3.1876	5.0871	4
133.6	-11.7005	-2.6073	5.0934	4
133.65	-11.6995	-5.1214	5.0782	4
133.7	-11.7	-4.0302	5.0746	4
133.75	-11.7026	-2.2238	5.0919	4
133.8	-11.7024	-4.4042	5.0984	4
133.85	-11.702	-4.8518	5.0842	4
133.9	-11.7042	-2.6448	5.0792	4
133.95	-11.7051	-3.5338	5.0914	4
134	-11.7041	-5.3439	5.0995	4
134.05	-11.7061	-2.9664	5.0922	4
134.1	-11.7075	-3.05	5.089	4
134.15	-11.7063	-5.3048	5.101	4
134.2	-11.7074	-3.6406	5.1101	4
134.25	-11.7095	-2.6143	5.1007	4
134.3	-11.7086	-4.9586	5.085	4
134.35	-11.7089	-4.3171	5.0846	4
134.4	-11.7112	-2.5362	5.0997	4
134.45	-11.7112	-4.4154	5.1037	4
134.5	-11.711	-4.6807	5.1064	4
134.55	-11.7131	-2.7913	5.1064	4
134.6	-11.7136	-3.7885	5.1032	4
134.65	-11.7132	-4.9459	5.0967	4
134.7	-11.7146	-3.4406	5.1044	4
134.75	-11.7158	-3.2042	5.1054	4
134.8	-11.7156	-4.6578	5.0945	4
134.85	-11.7163	-4.0222	5.095	4
134.9	-11.7181	-2.7766	5.1067	4
134.95	-11.7179	-4.3415	5.1042	4
135	-11.7182	-4.3936	5.0957	4
135.05	-11.7197	-3.0625	5.0932	4
135.1	-11.7202	-3.8616	5.117	4
135.15	-11.7199	-4.5906	5.124	4
135.2	-11.7215	-3.2046	5.1151	4
135.25	-11.7224	-3.6281	5.1136	4
135.3	-11.7226	-4.3704	5.1123	4
135.35	-11.7235	-3.7613	5.1179	4
135.4	-11.725	-3.0203	5.1278	4
135.45	-11.725	-4.448	5.1174	4
135.5	-11.7255	-4.0558	5.1156	4
135.55	-11.7272	-2.9078	5.1128	4
135.6	-11.7273	-4.1014	5.103	4
135.65	-11.7273	-4.4136	5.1091	4
135.7	-11.7289	-2.9863	5.1227	4
135.75	-11.7297	-3.7354	5.1161	4
135.8	-11.7299	-4.1925	5.1033	4
135.85	-11.731	-3.4978	5.0903	4
135.9	-11.732	-3.2787	5.0904	4
135.95	-11.7322	-4.2389	5.1009	4
136	-11.7329	-3.7422	5.114	4
136.05	-11.7344	-2.9535	5.1105	4
136.1	-11.7348	-3.8565	5.0897	4
136.15	-11.7353	-4.1126	5.1039	4
136.2	-11.7367	-2.8615	5.1096	4
136.25	-11.7373	-3.6349	5.1202	4
136.3	-11.7376	-4.0645	5.1162	4
136.35	-11.7393	-3.0133	5.1025	4
136.4	-11.7401	-3.4156	5.1107	4
136.45	-11.7404	-4.1675	5.107	4
136.5	-11.7416	-3.3332	5.1239	4
136.55	-11.7431	-2.9825	5.1277	4
136.6	-11.7434	-3.8952	5.1095	4
136.65	-11.744	-3.7613	5.0984	4
136.7	-11.746	-2.5703	5.0923	4
136.75	-11.7466	-3.6872	5.1099	4
136.8	-11.7464	-4.2646	5.1309	4
136.85	-11.7483	-2.6249	5.1397	4
136.9	-11.7491	-3.4486	5.1351	4
136.95	-11.7493	-3.9974	5.1317	4
137	-11.7509	-3.1109	5.131	4
137.05	-11.7525	-2.9297	5.1374	4
137.1	-11.7526	-3.9325	5.1248	4
137.15	-11.7535	-3.5382	5.1038	4
137.2	-11.755	-2.9581	5.0999	4
137.25	-11.7554	-3.8538	5.1001	4
137.3	-11.756	-3.8058	5.0993	4
137.35	-11.7575	-2.7863	5.1083	4
137.4	-11.7581	-3.6071	5.1292	4
137.45	-11.7583	-3.9369	5.1232	4
137.5	-11.76	-2.9712	5.1093	4
137.55	-11.761	-3.4477	5.1023	4
137.6	-11.7612	-4.1236	5.073	4
137.65	-11.7625	-3.2	5.0767	4
137.7	-11.7637	-3.2742	5.0956	4
137.75	-11.764	-3.8733	5.0994	4
137.8	-11.765	-3.5029	5.0961	4
137.85	-11.7662	-3.241	5.0787	4
137.9	-11.7669	-3.6407	5.0742	4
137.95	-11.7676	-3.8153	5.0749	4
138	-11.7688	-3.3162	5.0846	4
138.05	-11.7696	-3.5414	5.1012	4
138.1	-11.7702	-3.8064	5.1095	4
138.15	-11.7712	-3.502	5.1101	4
138.2	-11.7725	-3.0191	5.0913	4
138.25	-11.7725	-4.0972	5.0934	4
138.3	-11.7732	-3.5862	5.1067	4
138.35	-11.7746	-3.2824	5.1018	4
138.4	-11.775	-3.8816	5.0906	4
138.45	-11.7754	-3.9671	5.1003	4
138.5	-11.7769	-3.2734	5.1216	4
138.55	-11.7772	-4.0148	5.1349	4
138.6	-11.7778	-4.0023	5.124	4
138.65	-11.779	-3.5769	5.1186	4
138.7	-11.7798	-3.7578	5.121	4
138.75	-11.7799	-4.2471	5.116	4
138.8	-11.7806	-3.635	5.1174	4
138.85	-11.7815	-3.5564	5.1137	4
138.9	-11.7815	-4.3943	5.1078	4
138.95	-11.7822	-3.9327	5.106	4
139	-11.7831	-3.4427	5.096	4
139.05	-11.7829	-4.5031	5.0954	4
139.1	-11.7837	-3.9751	5.0898	4
139.15	-11.7846	-3.6854	5.0929	4
139.2	-11.7849	-4.1057	5.1025	4
139.25	-11.785	-4.3971	5.0993	4
139.3	-11.786	-3.8836	5.1074	4
139.35	-11.7871	-3.6802	5.1109	4
139.4	-11.7869	-4.7703	5.1111	4
139.45	-11.7879	-3.8915	5.1146	4
139.5	-11.7888	-3.7873	5.1158	4
139.55	-11.7886	-4.6425	5.1134	4
139.6	-11.7888	-4.365	5.1025	4
139.65	-11.7901	-3.6123	5.1042	4
139.7	-11.7903	-4.4773	5.1265	4
139.75	-11.79	-4.6082	5.1195	4
139.8	-11.7907	-3.9263	5.1021	4
139.85	-11.7913	-3.9301	5.1095	4
139.9	-11.7909	-4.8821	5.0998	4
139.95	-11.7917	-3.9772	5.0987	4
140	-11.7923	-4.107	5.112	4
140.05	-11.7928	-4.3396	5.1086	4
140.1	-11.7929	-4.4822	5.0895	4
140.15	-11.7936	-3.822	5.0857	4
140.2	-11.7935	-4.6356	5.0929	4
140.25	-11.794	-4.2994	5.0902	4
140.3	-11.7946	-4.2545	5.0738	4
140.35	-11.795	-4.2826	5.0704	4
140.4	-11.7952	-4.4472	5.0821	4
140.45	-11.7958	-4.3112	5.0948	4
140.5	-11.7961	-4.4325	5.0918	4
140.55	-11.7966	-4.1255	5.0913	4
140.6	-11.7966	-4.7576	5.087	4
140.65	-11.7973	-4.0026	5.0762	4
140.7	-11.7972	-4.5444	5.0712	4
140.75	-11.7976	-4.3053	5.0696	4
140.8	-11.7979	-4.5023	5.0692	4
140.85	-11.7984	-4.2123	5.0753	4
140.9	-11.7988	-4.3385	5.0725	5
140.95	-11.7989	-4.4479	5.0731	5
141	-11.7996	-4.2163	5.0953	5
141.05	-11.7959	-4.4268	5.0848	5
141.1	-11.762	-4.5023	5.0956	5
141.15	-11.7001	-4.2407	5.0977	5
141.2	-11.6344	-4.2774	5.0923	5
141.25	-11.5509	-4.2605	5.097	5
141.3	-11.3914	-4.2289	5.089	5
141.35	-11.1681	-4.0484	5.0832	5
141.4	-10.9304	-4.2469	5.081	5
141.45	-10.6873	-4.0689	5.0663	5
141.5	-10.4387	-3.5681	5.0718	5
141.55	-10.1835	-4.4557	5.0813	5
141.6	-9.9244	-3.6026	5.0858	5
141.65	-9.6592	-3.6037	5.094	5
141.7	-9.3888	-4.0907	5.1042	5
141.75	-9.1139	-3.533	5.1064	5
141.8	-8.834	-3.2578	5.0915	5
141.85	-8.5494	-3.656	5.083	5
141.9	-8.2603	-3.6734	5.0846	5
141.95	-7.9663	-3.1464	5.0799	5
142	-7.6678	-2.9625	5.0938	5
142.05	-7.3638	-3.8559	5.1021	5
142.1	-7.0564	-2.7807	5.0941	5
142.15	-6.7438	-2.8012	5.0913	5
142.2	-6.4262	-3.6348	5.0943	5
142.25	-6.1056	-2.7679	5.0969	5
142.3	-5.7809	-2.5725	5.0774	5
142.35	-5.4515	-3.2193	5.0681	5
142.4	-5.119	-2.5072	5.0865	5
142.45	-4.7823	-2.5673	5.1017	5
142.5	-4.4414	-2.6356	5.0964	5
142.55	-4.0968	-2.4545	5.0789	5
142.6	-3.7485	-2.5155	5.0706	5
142.65	-3.3967	-2.2595	5.0657	5
142.7	-3.0408	-2.469	5.067	5
142.75	-2.6819	-2.3729	5.0662	5
142.8	-2.3198	-1.8554	5.0816	5
142.85	-1.9535	-2.3931	5.0865	5
142.9	-1.5854	-1.8614	5.0726	5
142.95	-1.2147	-1.7988	5.0683	5
143	-0.8406	-2.1469	5.0824	5
143.05	-0.4638	-1.6439	5.0887	5
143.1	-0.0843	-1.3239	5.0778	5
143.15	0.2977	-0.7088	5.07	5
143.2	0.6817	0.7281	5.0544	5
143.25	1.0672	2.8379	5.0782	5
143.3	1.4544	5.6014	5.0997	6
143.35	1.8433	8.7649	5.0924	6
143.4	2.2325	14.3373	5.0871	6
143.45	2.6231	20.9636	5.0755	6
143.5	3.0129	28.9425	5.0758	6
143.55	3.3975	39.4867	5.0827	6
143.6	3.7754	52.1766	5.076	6
143.65	4.149	65.3168	5.0667	6
143.7	4.5169	81.7369	5.0608	6
143.75	4.8807	98.8574	5.0672	6
143.8	5.239	118.1574	5.0747	6
143.85	5.5916	138.8685	5.0799	6
143.9	5.9383	160.148	5.0693	6
143.95	6.2786	182.9391	5.0587	6
144	6.6132	205.7574	5.0678	6
144.05	6.9404	229.3258	5.084	6
144.1	7.2612	253.4822	5.0934	6
144.15	7.576	277.7583	5.0934	6
144.2	7.8837	302.6434	5.0683	6
144.25	8.1839	328.8905	5.0786	6
144.3	8.4782	354.7358	5.0821	6
144.35	8.7646	382.2784	5.0817	6
144.4	9.0445	410.6441	5.0725	6
144.45	9.3176	439.8133	5.0641	6
144.5	9.5839	469.2583	5.0819	6
144.55	9.8426	499.9086	5.0586	6
144.6	10.0948	531.5591	5.0376	6
144.65	10.3406	564.5063	5.0543	6
144.7	10.5798	598.4572	5.0608	6
144.75	10.8112	634.5856	5.0628	6
144.8	11.0369	671.0217	5.0719	6
144.85	11.2574	707.8317	5.0724	6
144.9	11.4712	746.452	5.0756	6
144.95	11.679	785.8391	5.0814	6
145	11.8815	824.8958	5.0833	6
145.05	12.0785	865.0762	5.0934	6
145.1	12.2691	907.5062	5.0885	6
145.15	12.454	951.145	5.0814	6
145.2	12.6333	995.9176	5.0745	6
145.25	12.8069	1042.7948	5.0785	6
145.3	12.9764	1089.6786	5.0978	6
145.35	13.1425	1134.7911	5.0884	6
145.4	13.3038	1180.338	5.0709	6
145.45	13.4614	1225.203	5.0809	6
145.5	13.6164	1268.2559	5.0777	6
145.55	13.7679	1310.5755	5.0783	6
145.6	13.9152	1353.2935	5.0674	6
145.65	14.0604	1393.6439	5.0734	6
145.7	14.2034	1431.9146	5.0754	6
145.75	14.3427	1470.149	5.068	6
145.8	14.4793	1506.9103	5.0636	6
145.85	14.6136	1542.2964	5.0575	6
145.9	14.7442	1577.6418	5.0637	6
145.95	14.8716	1611.6338	5.063	6
146	14.9968	1644.501	5.0368	6
146.05	15.1195	1676.7172	5.0464	6
146.1	15.2398	1708.2208	5.0796	6
146.15	15.358	1738.7496	5.0745	6
146.2	15.4727	1769.0562	5.0588	6
146.25	15.5853	1797.8664	5.0587	6
146.3	15.6961	1825.108	5.0487	6
146.35	15.8045	1851.793	5.0459	6
146.4	15.9103	1877.4897	5.0588	6
146.45	16.0147	1901.3182	5.0637	6
146.5	16.1168	1925.1071	5.0671	6
146.55	16.2163	1948.3595	5.0642	6
146.6	16.3146	1969.3547	5.0637	6
146.65	16.4109	1989.5011	5.0605	6
146.7	16.5053	2008.9841	5.0701	6
146.75	16.598	2027.2648	5.0706	6
146.8	16.689	2044.7294	5.0701	6
146.85	16.7767	2062.6434	5.0548	6
146.9	16.8635	2078.8878	5.0448	6
146.95	16.949	2093.9533	5.0389	6
147	17.0318	2109.0852	5.0553	6
147.05	17.113	2123.3021	5.0531	6
147.1	17.1937	2135.4267	5.0555	6
147.15	17.2719	2147.3914	5.0629	6
147.2	17.3479	2159.6663	5.0618	6
147.25	17.4233	2170.0589	5.0681	6
147.3	17.4973	2179.4236	5.0507	6
147.35	17.5681	2190.3317	5.0501	6
147.4	17.6389	2199.0931	5.0378	6
147.45	17.7084	2205.9789	5.046	6
147.5	17.7751	2214.4907	5.0479	6
147.55	17.8406	2222.1529	5.0223	6
147.6	17.906	2226.9988	5.0256	6
147.65	17.9683	2233.8035	5.0318	6
147.7	18.0298	2239.8632	5.0273	6
147.75	18.0912	2243.229	5.0147	6
147.8	18.1498	2248.2774	5.0313	6
147.85	18.2069	2253.1664	5.0511	6
147.9	18.2637	2255.9229	5.0475	6
147.95	18.3191	2258.6819	5.0439	6
148	18.3725	2262.3281	5.055	6
148.05	18.4255	2264.3684	5.0552	6
148.1	18.4779	2265.1181	5.0418	6
148.15	18.5275	2267.6298	5.0467	6
148.2	18.5765	2268.9819	5.05	6
148.25	18.6249	2269.0413	5.0587	6
148.3	18.6718	2269.9446	5.0683	6
148.35	18.7173	2270.4864	5.0628	6
148.4	18.762	2270.3055	5.068	6
148.45	18.8059	2269.7356	5.0621	6
148.5	18.8482	2269.5153	5.0435	6
148.55	18.8898	2268.5833	5.0493	6
148.6	18.9308	2266.9374	5.0674	6
148.65	18.9701	2265.8156	5.0677	6
148.7	19.0091	2263.7616	5.0737	6
148.75	19.0472	2261.5746	5.0911	6
148.8	19.0841	2259.3353	5.0868	6
148.85	19.1201	2256.7415	5.0959	6
148.9	19.1555	2253.8696	5.0928	6
148.95	19.1904	2250.5638	5.0791	6
149	19.2238	2247.697	5.0813	6
149.05	19.257	2243.6411	5.0824	6
149.1	19.2893	2239.6166	5.0785	6
149.15	19.3203	2236.2503	5.0752	6
149.2	19.3515	2231.3322	5.0866	6
149.25	19.3813	2227.0584	5.0921	6
149.3	19.41	2222.9003	5.0736	6
149.35	19.4386	2217.7657	5.0626	6
149.4	19.4663	2213.2027	5.0641	6
149.45	19.4933	2208.3563	5.0643	6
149.5	19.5196	2203.3283	5.0706	6
149.55	19.5455	2197.9027	5.0763	6
149.6	19.5701	2192.7173	5.0833	6
149.65	19.5943	2187.4588	5.0858	6
149.7	19.6181	2181.8227	5.0849	6
149.75	19.6412	2176.1539	5.0851	6
149.8	19.6635	2170.5285	5.0805	6
149.85	19.6852	2165.1771	5.067	6
149.9	19.7071	2158.8246	5.0787	6
149.95	19.7278	2153.1787	5.0962	6
150	19.7474	2147.8529	5.0871	6
150.05	19.7673	2141.5807	5.0781	6
150.1	19.7865	2135.372	5.0784	6
150.15	19.8049	2129.6907	5.076	6
150.2	19.8227	2123.8541	5.0811	6
150.25	19.8403	2117.5314	5.0879	6
150.3	19.8575	2110.9518	5.0882	6
150.35	19.8736	2105.5841	5.0831	6
150.4	19.8899	2099.2498	5.0657	6
150.45	19.9063	2091.9833	5.0555	6
150.5	19.9209	2086.2648	5.0666	6
150.55	19.9355	2080.2692	5.0828	6
150.6	19.9507	2072.976	5.0815	6
150.65	19.9645	2066.7394	5.0775	6
150.7	19.9775	2060.9652	5.0918	6
150.75	19.991	2054.0257	5.0994	6
150.8	20.004	2047.2643	5.097	6
150.85	20.0157	2042.0749	5.0763	6
150.9	20.028	2035.3403	5.0811	6
150.95	20.0398	2028.7109	5.0899	6
151	20.0505	2023.4576	5.0829	6
151.05	20.0616	2016.5679	5.0884	6
151.1	20.0724	2010.2314	5.079	6
151.15	20.0823	2004.8234	5.0698	6
151.2	20.0923	1998.0415	5.0869	6
151.25	20.1021	1991.132	5.0696	6
151.3	20.1106	1985.661	5.065	6
151.35	20.1198	1979.1208	5.0748	6
151.4	20.1289	1972.6406	5.0633	6
151.45	20.1371	1967.4266	5.0698	6
151.5	20.1455	1961.6534	5.0673	6
151.55	20.1537	1955.3376	5.0585	6
151.6	20.1606	1949.8426	5.0548	6
151.65	20.1681	1944.0429	5.0625	6
151.7	20.1751	1937.9315	5.0682	6
151.75	20.1815	1932.6329	5.073	6
151.8	20.1881	1927.0432	5.0752	6
151.85	20.1946	1921.0597	5.0774	6
151.9	20.2003	1915.7182	5.0769	6
151.95	20.206	1910.4328	5.083	6
152	20.2116	1904.7966	5.0615	6
152.05	20.2171	1899.2847	5.0533	6
152.1	20.2221	1894.4438	5.0649	6
152.15	20.2274	1889.07	5.0661	6
152.2	20.2325	1883.478	5.0812	6
152.25	20.2369	1878.6998	5.0798	6
152.3	20.2409	1874.0057	5.076	6
152.35	20.2453	1868.3595	5.0745	6
152.4	20.2492	1863.3653	5.0669	6
152.45	20.2528	1858.8516	5.0723	6
152.5	20.2567	1853.5313	5.0739	6
152.55	20.2599	1848.9463	5.0706	6
152.6	20.2628	1844.7816	5.0787	6
152.65	20.2661	1839.8919	5.0719	6
152.7	20.2692	1835.2268	5.0644	6
152.75	20.2714	1831.1621	5.074	6
152.8	20.274	1826.7427	5.073	6
152.85	20.2769	1821.9668	5.0855	6
152.9	20.2789	1818.1227	5.077	6
152.95	20.2807	1814.3369	5.0644	6
153	20.2836	1809.1397	5.0706	6
153.05	20.2852	1805.4275	5.0709	6
153.1	20.2865	1802.169	5.0687	6
153.15	20.2887	1797.5428	5.059	6
153.2	20.2904	1793.5818	5.0565	6
153.25	20.2917	1789.9999	5.068	6
153.3	20.2933	1785.9982	5.0742	6
153.35	20.2946	1782.1342	5.0707	6
153.4	20.2957	1778.6038	5.0676	6
153.45	20.2967	1775.0375	5.0712	6
153.5	20.2978	1771.3758	5.0697	6
153.55	20.2986	1767.9294	5.0758	6
153.6	20.2993	1764.5096	5.0842	6
153.65	20.3002	1760.9025	5.0814	6
153.7	20.3006	1757.8722	5.085	6
153.75	20.3011	1754.5999	5.082	6
153.8	20.3016	1751.3556	5.0682	6
153.85	20.302	1748.4576	5.0718	6
153.9	20.3022	1745.4902	5.0644	6
153.95	20.3022	1742.4588	5.0536	6
154	20.3022	1739.6953	5.0575	6
154.05	20.3025	1736.6012	5.0688	6
154.1	20.3028	1733.359	5.0734	6
154.15	20.3025	1730.9213	5.0621	6
154.2	20.3027	1727.791	5.0571	6
154.25	20.3029	1724.4814	5.0626	6
154.3	20.3022	1722.6033	5.0627	6
154.35	20.3024	1719.5228	5.0644	6
154.4	20.3022	1716.5118	5.0718	6
154.45	20.3013	1714.7181	5.0855	6
154.5	20.3013	1711.9319	5.0906	6
154.55	20.3013	1708.7045	5.0624	6
154.6	20.3004	1706.5433	5.0497	6
154.65	20.2997	1704.3661	5.0506	6
154.7	20.2999	1701.0717	5.0632	6
154.75	20.2992	1698.9717	5.0861	6
154.8	20.298	1697.5396	5.0967	6
154.85	20.2978	1694.7294	5.0836	6
154.9	20.2972	1692.284	5.0748	6
154.95	20.296	1690.7227	5.0643	6
155	20.2953	1688.6049	5.065	6
155.05	20.2947	1686.2444	5.0762	6
155.1	20.2938	1684.326	5.0706	6
155.15	20.293	1682.4191	5.0681	6
155.2	20.2921	1680.4921	5.0476	6
155.25	20.2914	1678.2336	5.052	6
155.3	20.2904	1676.4973	5.0529	6
155.35	20.2896	1674.5087	5.0447	6
155.4	20.2889	1672.3874	5.0535	6
155.45	20.2879	1670.5891	5.0604	6
155.5	20.2868	1668.9684	5.0582	6
155.55	20.2859	1667.0428	5.051	6
155.6	20.2852	1664.997	5.0394	6
155.65	20.2837	1663.9236	5.0548	6
155.7	20.2827	1662.1859	5.0607	6
155.75	20.2819	1660.2936	5.0455	6
155.8	20.2807	1658.7934	5.0476	6
155.85	20.2794	1657.3708	5.0588	6
155.9	20.2784	1655.6998	5.0636	6
155.95	20.2775	1654.1025	5.062	6
156	20.2763	1652.6619	5.0632	6
156.05	20.275	1651.4604	5.0521	6
156.1	20.2739	1649.7115	5.0231	6
156.15	20.2727	1648.171	5.0387	6
156.2	20.2713	1647.1712	5.0457	6
156.25	20.2704	1645.7276	5.04	6
156.3	20.2693	1644.3192	5.047	6
156.35	20.2678	1643.4284	5.0323	6
156.4	20.2665	1642.2307	5.0415	6
156.45	20.2655	1640.6504	5.0534	6
156.5	20.2641	1639.7492	5.0494	6
156.55	20.2627	1639.1113	5.0479	6
156.6	20.262	1637.3178	5.0441	6
156.65	20.2607	1636.3509	5.0465	6
156.7	20.2589	1636.025	5.0454	6
156.75	20.2582	1634.3227	5.036	6
156.8	20.2569	1633.3829	5.0434	6
156.85	20.2556	1632.6115	5.0597	6
156.9	20.2546	1631.123	5.0589	6
156.95	20.2535	1630.0695	5.0506	6
157	20.2521	1629.4585	5.0418	6
157.05	20.2512	1627.9832	5.0508	6
157.1	20.2503	1626.6083	5.0407	6
157.15	20.2485	1626.4588	5.0476	6
157.2	20.2475	1625.3947	5.0595	6
157.25	20.2469	1623.7632	5.0392	6
157.3	20.245	1623.9224	5.047	6
157.35	20.2436	1623.4376	5.0609	6
157.4	20.2432	1621.5871	5.0737	6
157.45	20.2417	1621.2746	5.0697	6
157.5	20.2404	1620.7682	5.0669	6
157.55	20.2395	1619.6085	5.0627	6
157.6	20.2386	1618.4881	5.0553	6
157.65	20.2371	1618.2931	5.05	6
157.7	20.2362	1617.3328	5.0648	6
157.75	20.2354	1616.204	5.0701	6
157.8	20.2341	1615.7473	5.0731	6
157.85	20.2329	1615.0301	5.0654	6
157.9	20.2316	1614.472	5.0683	6
157.95	20.2306	1613.571	5.0778	6
158	20.2293	1612.9847	5.0709	6
158.05	20.2281	1612.4939	5.0675	6
158.1	20.2274	1611.4336	5.0716	6
158.15	20.2266	1610.4799	5.0691	6
158.2	20.2254	1609.88	5.0851	6
158.25	20.2246	1608.8052	5.0891	6
158.3	20.2237	1607.9202	5.074	6
158.35	20.2225	1607.5643	5.0741	6
158.4	20.2213	1607.1105	5.0803	6
158.45	20.2203	1606.4629	5.0757	6
158.5	20.2192	1606.0605	5.089	6
158.55	20.2183	1605.4189	5.097	6
158.6	20.2171	1605.2934	5.0751	6
158.65	20.2164	1604.3177	5.0653	6
158.7	20.2155	1603.7023	5.0704	6
158.75	20.2142	1603.5044	5.0713	6
158.8	20.2137	1602.3725	5.0805	6
158.85	20.213	1601.457	5.0867	6
158.9	20.2117	1601.4245	5.0791	6
158.95	20.211	1600.523	5.0757	6
159	20.2104	1599.7411	5.0616	6
159.05	20.2091	1600.0726	5.0651	6
159.1	20.2084	1599.2657	5.0758	6
159.15	20.2076	1598.4244	5.0747	6
159.2	20.2064	1598.4713	5.0569	6
159.25	20.2059	1597.5314	5.0547	6
159.3	20.2052	1596.7473	5.0621	6
159.35	20.2041	1596.7399	5.0603	6
159.4	20.2035	1595.9408	5.0542	6
159.45	20.203	1594.9209	5.0479	6
159.5	20.2017	1594.9809	5.0405	6
159.55	20.201	1594.3481	5.0346	6
159.6	20.2008	1593.1162	5.0392	6
159.65	20.1996	1593.3346	5.0483	6
159.7	20.1989	1592.9064	5.0479	6
159.75	20.1988	1591.2878	5.0552	6
159.8	20.1972	1591.9376	5.0329	6
159.85	20.1966	1591.4394	5.0309	6
159.9	20.1967	1589.7488	5.0376	6
159.95	20.1954	1590.1743	5.0417	6
160	20.1947	1589.6234	5.0339	6
160.05	20.1949	1587.7322	5.032	6
160.1	20.1939	1587.6961	5.0552	6
160.15	20.193	1587.8255	5.0677	6
160.2	20.1931	1586.3251	5.0634	6
160.25	20.1925	1585.8626	5.048	6
160.3	20.1911	1586.5699	5.0425	6
160.35	20.1908	1585.5704	5.056	6
160.4	20.1903	1584.6579	5.0552	6
160.45	20.1888	1585.401	5.0631	6
160.5	20.1881	1585.1272	5.0632	6
160.55	20.188	1583.8785	5.0416	6
160.6	20.1871	1584.179	5.0524	6
160.65	20.1861	1584.4924	5.0605	6
160.7	20.1861	1583.0344	5.0492	6
160.75	20.1855	1582.6703	5.0479	6
160.8	20.1839	1583.5663	5.0454	6
160.85	20.1838	1582.6414	5.0367	6
160.9	20.1838	1581.0097	5.0271	6
160.95	20.1822	1582.3524	5.0201	6
161	20.1818	1581.7904	5.0231	6
161.05	20.1821	1579.958	5.0255	6
161.1	20.1805	1581.0077	5.0345	6
161.15	20.1795	1581.5132	5.0459	6
161.2	20.1799	1579.6095	5.0412	6
161.25	20.179	1579.753	5.0373	6
161.3	20.1779	1580.2446	5.0131	6
161.35	20.1783	1578.7884	5.0174	6
161.4	20.1779	1578.1679	5.0169	6
161.45	20.1765	1578.9815	5.009	6
161.5	20.1764	1577.897	5.031	6
161.55	20.1763	1576.836	5.0322	6
161.6	20.1747	1577.9522	5.0195	6
161.65	20.1746	1577.3098	5.0283	6
161.7	20.1745	1576.3133	5.0368	6
161.75	20.1736	1576.8373	5.0337	6
161.8	20.1728	1576.7972	5.0414	6
161.85	20.1728	1576.193	5.0472	6
161.9	20.1723	1575.4176	5.0411	6
161.95	20.1716	1575.8902	5.0486	6
162	20.1716	1574.9141	5.0496	6
162.05	20.1714	1574.5334	5.0441	6
162.1	20.1708	1574.1888	5.0631	6
162.15	20.17	1574.3253	5.0847	6
162.2	20.17	1573.7419	5.0785	6
162.25	20.1695	1573.1318	5.0875	6
162.3	20.1687	1573.6322	5.0819	6
162.35	20.1682	1573.0984	5.0649	6
162.4	20.1683	1572.3285	5.0581	6
162.45	20.1676	1572.4395	5.0575	6
162.5	20.1669	1572.5662	5.082	6
162.55	20.1671	1571.6108	5.0859	6
162.6	20.1664	1571.2243	5.07	6
162.65	20.1657	1571.9276	5.0644	6
162.7	20.1656	1571.0151	5.0515	6
162.75	20.1654	1570.5172	5.0516	6
162.8	20.1648	1570.7142	5.0885	6
162.85	20.1638	1570.9632	5.0845	6
162.9	20.1641	1570.2493	5.0805	6
162.95	20.1637	1569.6969	5.0738	6
163	20.1626	1570.5903	5.0547	6
163.05	20.1626	1570.1087	5.0619	6
163.1	20.1625	1568.6031	5.0652	6
163.15	20.1617	1569.4691	5.0703	6
163.2	20.1613	1569.3405	5.0787	6
163.25	20.1619	1567.5745	5.0777	6
163.3	20.1613	1568.1569	5.0713	6
163.35	20.1604	1568.3766	5.0561	6
163.4	20.1608	1566.8101	5.0515	6
163.45	20.1603	1567.1732	5.0521	6
163.5	20.1591	1567.6802	5.0521	6
163.55	20.1594	1566.8186	5.0357	6
163.6	20.1592	1566.8003	5.0459	6
163.65	20.158	1567.2407	5.0428	6
163.7	20.1584	1566.6402	5.0324	6
163.75	20.1584	1566.1769	5.0347	6
163.8	20.1571	1566.6448	5.0273	6
163.85	20.1574	1566.0245	5.0207	6
163.9	20.1577	1565.2501	5.0272	6
163.95	20.1563	1565.9486	5.0164	6
164	20.1565	1565.5123	5.0101	6
164.05	20.1566	1565.0541	5.0131	6
164.1	20.1553	1565.5495	5.0231	6
164.15	20.1553	1565.4215	5.0385	6
164.2	20.1553	1565.0113	5.0576	6
164.25	20.1545	1564.8125	5.0511	6
164.3	20.1542	1564.995	5.0334	6
164.35	20.1546	1564.3712	5.0155	6
164.4	20.1539	1563.9062	5.0021	6
164.45	20.1533	1564.3237	5.0133	6
164.5	20.154	1563.6879	5.0075	6
164.55	20.1539	1562.6203	5.0243	6
164.6	20.1527	1563.2119	5.0294	6
164.65	20.1535	1562.338	5.0191	6
164.7	20.1537	1561.5615	5.0314	6
164.75	20.1525	1562.0114	5.038	6
164.8	20.153	1561.4141	5.0421	6
164.85	20.1535	1560.6009	5.0323	6
164.9	20.1522	1560.8586	5.0437	6
164.95	20.1522	1560.6933	5.0627	6
165	20.1529	1559.8352	5.0621	6
165.05	20.1522	1559.7763	5.0697	6
165.1	20.1514	1560.0573	5.0736	6
165.15	20.152	1559.4885	5.0606	6
165.2	20.1516	1559.3621	5.0552	6
165.25	20.1505	1559.5628	5.0628	6
165.3	20.1506	1559.2454	5.064	6
165.35	20.151	1559.0178	5.0719	6
165.4	20.1501	1558.9654	5.0657	6
165.45	20.1498	1558.7831	5.0742	6
165.5	20.1505	1558.1248	5.0663	6
165.55	20.1502	1558.2043	5.0683	6
165.6	20.1494	1558.0244	5.0878	6
165.65	20.1497	1557.2506	5.0936	6
165.7	20.1494	1557.9661	5.1004	6
165.75	20.1489	1558.0057	5.0998	6
165.8	20.1487	1557.1105	5.0712	6
165.85	20.1486	1557.2569	5.0692	6
165.9	20.1486	1557.5318	5.0683	6
165.95	20.1482	1557.0748	5.0731	6
166	20.1475	1556.8044	5.0678	6
166.05	20.1474	1557.0014	5.0643	6
166.1	20.1472	1557.3544	5.0866	6
166.15	20.1466	1557.323	5.0828	6
166.2	20.1464	1556.7474	5.0734	6
166.25	20.1464	1557.0039	5.0775	6
166.3	20.1461	1557.7494	5.0723	6
166.35	20.1459	1556.8589	5.0643	6
166.4	20.1456	1556.1834	5.0522	6
166.45	20.1453	1556.8699	5.0595	6
166.5	20.1452	1557.2652	5.0663	6
166.55	20.145	1556.6279	5.0553	6
166.6	20.1445	1556.3135	5.0488	6
166.65	20.1443	1556.8674	5.0628	6
166.7	20.1445	1557.0414	5.0852	6
166.75	20.1446	1556.4679	5.071	6
166.8	20.144	1555.91	5.0514	6
166.85	20.1438	1555.9996	5.0563	6
166.9	20.144	1556.1646	5.0594	6
166.95	20.144	1556.1489	5.0447	6
167	20.1435	1555.4198	5.0385	6
167.05	20.1432	1555.0848	5.0374	6
167.1	20.1435	1555.2128	5.0293	6
167.15	20.1435	1555.6309	5.0264	6
167.2	20.1434	1554.9593	5.033	6
167.25	20.1429	1554.2591	5.0297	6
167.3	20.1428	1554.4954	5.0231	6
167.35	20.1431	1554.4872	5.0233	6
167.4	20.143	1554.5853	5.0449	6
167.45	20.1428	1553.557	5.0389	6
167.5	20.1427	1552.9848	5.028	6
167.55	20.143	1553.0053	5.0305	6
167.6	20.1434	1552.8731	5.0406	6
167.65	20.1433	1552.247	5.0346	6
167.7	20.1429	1551.397	5.0431	6
167.75	20.1432	1550.9868	5.0445	6
167.8	20.1431	1551.4093	5.0321	6
167.85	20.1431	1551.5178	5.018	6
167.9	20.143	1550.4028	5.018	6
167.95	20.1425	1550.2998	5.0317	6
168	20.1428	1550.3013	5.0253	6
168.05	20.143	1550.2961	5.0323	6
168.1	20.1428	1550.1365	5.0416	6
168.15	20.1424	1549.2851	5.0383	6
168.2	20.1427	1548.8346	5.0364	6
168.25	20.1426	1549.3442	5.0592	6
168.3	20.1427	1549.4718	5.0547	6
168.35	20.143	1547.9726	5.0365	6
168.4	20.1421	1548.0223	5.0416	6
168.45	20.142	1548.3508	5.0368	6
168.5	20.1428	1547.6741	5.0302	6
168.55	20.1422	1548.2015	5.0432	6
168.6	20.142	1547.0921	5.0497	6
168.65	20.1424	1546.1765	5.0229	6
168.7	20.1421	1546.7821	5.0187	6
168.75	20.1426	1546.4916	5.0214	6
168.8	20.1427	1545.5989	5.0321	6
168.85	20.1421	1545.4177	5.052	6
168.9	20.1427	1544.658	5.0589	6
168.95	20.143	1544.525	5.0456	6
169	20.1426	1545.2602	5.0447	6
169.05	20.1425	1543.9048	5.0418	6
169.1	20.1427	1542.5612	5.0378	6
169.15	20.1422	1543.6868	5.0502	6
169.2	20.1423	1544.0432	5.045	6
169.25	20.1428	1542.9301	5.052	6
169.3	20.1418	1542.8029	5.0494	6
169.35	20.1416	1542.8066	5.0389	6
169.4	20.1422	1542.163	5.039	6
169.45	20.1422	1542.4237	5.0461	6
169.5	20.1417	1542.17	5.0572	6
169.55	20.1416	1540.9438	5.0541	6
169.6	20.1418	1540.6779	5.0413	6
169.65	20.1412	1541.8587	5.0315	6
169.7	20.1415	1541.634	5.0395	6
169.75	20.1418	1540.1403	5.0354	6
169.8	20.1409	1540.4698	5.0355	6
169.85	20.1408	1540.7293	5.0408	6
169.9	20.1417	1539.8235	5.0658	6
169.95	20.1413	1540.3194	5.075	6
170	20.1406	1540.0075	5.0565	6
170.05	20.141	1538.684	5.0665	6
170.1	20.141	1538.9052	5.0854	6
170.15	20.1407	1539.6851	5.077	6
170.2	20.1411	1538.9647	5.0605	6
170.25	20.1408	1537.9086	5.0613	6
170.3	20.1402	1538.3031	5.0597	6
170.35	20.1401	1538.6738	5.054	6
170.4	20.1404	1538.6492	5.0664	6
170.45	20.1405	1538.375	5.0789	6
170.5	20.1398	1537.8055	5.0579	6
170.55	20.1397	1537.2222	5.0494	6
170.6	20.1401	1536.838	5.0443	6
170.65	20.1402	1537.2612	5.0414	6
170.7	20.1402	1537.1239	5.053	6
170.75	20.14	1536.1882	5.0417	6
170.8	20.14	1535.5783	5.0434	6
170.85	20.14	1535.8839	5.0625	6
170.9	20.1396	1536.7426	5.074	6
170.95	20.14	1536.2218	5.063	6
171	20.1396	1535.3569	5.0518	6
171.05	20.1384	1536.2272	5.046	6
171.1	20.1388	1535.673	5.0528	6
171.15	20.139	1535.6089	5.0517	6
171.2	20.1383	1537.0315	5.0525	6
171.25	20.1387	1535.8004	5.0626	6
171.3	20.1385	1534.6718	5.077	6
171.35	20.138	1535.3395	5.075	6
171.4	20.1383	1535.2932	5.0607	6
171.45	20.1386	1535.1558	5.0463	6
171.5	20.1382	1535.3099	5.0326	6
171.55	20.1379	1534.2388	5.0408	6
171.6	20.1377	1534.0179	5.0567	6
171.65	20.1379	1533.9683	5.0585	6
171.7	20.1376	1534.5842	5.0685	6
171.75	20.1379	1534.5811	5.0554	6
171.8	20.1379	1533.8701	5.0647	6
171.85	20.1375	1533.2614	5.089	6
171.9	20.1374	1533.2949	5.0761	6
171.95	20.1376	1533.2187	5.0665	6
172	20.1379	1533.3862	5.0742	6
172.05	20.1381	1533.0754	5.0789	6
172.1	20.138	1531.7999	5.0737	6
172.15	20.1378	1531.0958	5.0651	6
172.2	20.1382	1530.802	5.0689	6
172.25	20.1386	1530.6615	5.0782	6
172.3	20.1387	1531.0117	5.0695	6
172.35	20.139	1529.8594	5.0638	6
172.4	20.1386	1528.9775	5.0583	6
172.45	20.1383	1529.229	5.0489	6
172.5	20.1387	1528.8014	5.0448	6
172.55	20.1393	1528.3672	5.0568	6
172.6	20.139	1528.7538	5.0644	6
172.65	20.1386	1527.7437	5.0583	6
172.7	20.1388	1526.7786	5.0571	6
172.75	20.1385	1527.6518	5.0614	6
172.8	20.1385	1527.9088	5.0695	6
172.85	20.139	1527.1609	5.0639	6
172.9	20.1384	1526.8647	5.0616	6
172.95	20.138	1526.3548	5.0689	6
173	20.1381	1526.49	5.0619	6
173.05	20.1385	1526.2696	5.0601	6
173.1	20.1384	1526.8243	5.0626	6
173.15	20.1379	1527.046	5.0624	6
173.2	20.1379	1525.3685	5.0505	6
173.25	20.1374	1525.739	5.0477	6
173.3	20.1372	1526.196	5.0566	6
173.35	20.1376	1525.9383	5.0633	6
173.4	20.1374	1526.4116	5.0736	6
173.45	20.1371	1525.8944	5.0627	6
173.5	20.1366	1525.3499	5.0669	6
173.55	20.1365	1525.4532	5.0641	6
173.6	20.1366	1525.507	5.0616	6
173.65	20.1364	1526.1672	5.062	6
173.7	20.1364	1526.3964	5.0658	6
173.75	20.1363	1525.4683	5.0807	6
173.8	20.1353	1525.1056	5.0676	6
173.85	20.1349	1525.6363	5.057	6
173.9	20.1351	1525.7213	5.0443	6
173.95	20.1354	1525.5759	5.0601	6
174	20.135	1526.5468	5.0795	6
174.05	20.1349	1526.2496	5.0819	6
174.1	20.1348	1524.9754	5.0807	6
174.15	20.1339	1525.812	5.0806	6
174.2	20.1336	1526.3648	5.0825	6
174.25	20.1339	1526.3107	5.0945	6
174.3	20.1338	1526.8895	5.092	6
174.35	20.1338	1527.2057	5.0787	6
174.4	20.1337	1526.3293	5.0945	6
174.45	20.1334	1525.4297	5.0892	6
174.5	20.1333	1525.5492	5.0845	6
174.55	20.1332	1525.732	5.0825	6
174.6	20.1334	1525.6561	5.0743	6
174.65	20.1335	1525.9519	5.0729	6
174.7	20.1334	1526.2946	5.0568	6
174.75	20.1332	1525.8261	5.0586	6
174.8	20.1332	1524.6098	5.061	6
174.85	20.1326	1525.2426	5.0531	6
174.9	20.1324	1525.9213	5.0429	6
174.95	20.1331	1525.1164	5.053	6
175	20.1324	1526.3212	5.0602	6
175.05	20.132	1527.2159	5.0427	6
175.1	20.1328	1525.3867	5.044	6
175.15	20.1317	1525.4234	5.0526	6
175.2	20.1313	1525.6876	5.0491	6
175.25	20.1322	1524.7	5.0607	6
175.3	20.1319	1525.5479	5.0633	6
175.35	20.1318	1525.9219	5.0564	6
175.4	20.1322	1525.6996	5.0552	6
175.45	20.1322	1525.8322	5.0519	6
175.5	20.1316	1525.636	5.068	6
175.55	20.1314	1524.7023	5.0843	6
175.6	20.1314	1524.6292	5.0741	6
175.65	20.1311	1525.3125	5.0848	6
175.7	20.1318	1524.7382	5.0908	6
175.75	20.1315	1525.5014	5.086	6
175.8	20.1316	1525.6082	5.0892	6
175.85	20.132	1524.8108	5.0732	6
175.9	20.1308	1525.0315	5.0756	6
175.95	20.1309	1524.421	5.0887	6
176	20.131	1524.5437	5.086	6
176.05	20.1305	1525.527	5.0909	6
176.1	20.1308	1525.4314	5.0838	6
176.15	20.1311	1525.3988	5.0937	6
176.2	20.1313	1525.4506	5.1052	6
176.25	20.1314	1525.1804	5.0971	6
176.3	20.1315	1523.5168	5.0851	6
176.35	20.1313	1522.9468	5.0676	6
176.4	20.131	1523.3702	5.0734	6
176.45	20.1316	1522.9065	5.0906	6
176.5	20.1316	1523.3705	5.0821	6
176.55	20.1317	1523.4766	5.083	6
176.6	20.1317	1523.6866	5.092	6
176.65	20.1316	1523.5402	5.0823	6
176.7	20.1314	1522.2789	5.0753	6
176.75	20.1304	1522.9163	5.0891	6
176.8	20.1306	1522.7024	5.0748	6
176.85	20.1306	1522.8895	5.075	6
176.9	20.1302	1523.8415	5.0742	6
176.95	20.1304	1523.9237	5.0674	6
177	20.1307	1523.6877	5.066	6
177.05	20.1305	1524.1033	5.0721	6
177.1	20.13	1523.5561	5.0807	6
177.15	20.1298	1522.8465	5.0974	6
177.2	20.1296	1523.2222	5.1097	6
177.25	20.1293	1523.9676	5.1065	6
177.3	20.1295	1524.0557	5.0988	6
177.35	20.1296	1524.2038	5.1052	6
177.4	20.1296	1524.6952	5.1046	6
177.45	20.1295	1525.0738	5.1033	6
177.5	20.1298	1524.3968	5.0953	6
177.55	20.1291	1523.7498	5.0874	6
177.6	20.1282	1524.1905	5.0737	6
177.65	20.1287	1523.6664	5.0712	6
177.7	20.1288	1523.8129	5.069	6
177.75	20.1283	1524.6423	5.0597	6
177.8	20.1288	1524.4907	5.0565	6
177.85	20.1291	1524.1414	5.0451	6
177.9	20.1286	1525.074	5.0343	6
177.95	20.1284	1525.7289	5.0407	6
178	20.1286	1524.3992	5.0577	6
178.05	20.1279	1524.0223	5.0706	6
178.1	20.1274	1524.8102	5.076	6
178.15	20.1283	1524.0248	5.084	6
178.2	20.1285	1523.9473	5.0864	6
178.25	20.1283	1524.4772	5.0878	6
178.3	20.1287	1524.1702	5.0748	6
178.35	20.1293	1523.5245	5.0805	6
178.4	20.1294	1523.6546	5.0756	6
178.45	20.1297	1523.0206	5.0746	6
178.5	20.13	1521.0365	5.074	6
178.55	20.1297	1520.3191	5.0603	6
178.6	20.1298	1520.3906	5.0715	6
178.65	20.1301	1520.3214	5.0693	6
178.7	20.1305	1519.9999	5.0838	6
178.75	20.1307	1520.0675	5.0924	6
178.8	20.1308	1520.4074	5.0829	6
178.85	20.1311	1520.0295	5.0795	6
178.9	20.1308	1519.4247	5.0723	6
178.95	20.1302	1518.8905	5.0647	6
179	20.1302	1518.9656	5.0668	6
179.05	20.1305	1518.897	5.0665	6
179.1	20.1303	1519.3624	5.0702	6
179.15	20.1305	1519.3549	5.0501	6
179.2	20.1308	1519.1509	5.0487	6
179.25	20.1309	1519.1491	5.0623	6
179.3	20.1307	1518.5348	5.0579	6
179.35	20.1308	1517.106	5.0644	6
179.4	20.1308	1517.0886	5.0684	6
179.45	20.131	1517.0935	5.064	6
179.5	20.1312	1517.0026	5.0717	6
179.55	20.1312	1517.1047	5.0853	6
179.6	20.1312	1517.1564	5.0829	6
179.65	20.1314	1517.1532	5.0706	6
179.7	20.1314	1516.5539	5.0543	6
179.75	20.131	1515.6681	5.0627	6
179.8	20.1307	1515.8121	5.0626	6
179.85	20.131	1515.6562	5.0689	6
179.9	20.131	1515.881	5.0735	6
179.95	20.1311	1516.0363	5.0723	6
180	20.1316	1515.614	5.0741	6
180.05	20.1318	1515.5361	5.0768	6
180.1	20.132	1514.7328	5.079	6
180.15	20.1318	1513.3618	5.0749	6
180.2	20.1316	1513.1644	5.0603	6
180.25	20.1318	1513.2618	5.0575	6
180.3	20.132	1513.3132	5.0702	6
180.35	20.132	1513.3653	5.0787	6
180.4	20.1318	1513.6302	5.0944	6
180.45	20.1319	1513.4797	5.0865	6
180.5	20.1319	1512.5711	5.0768	6
180.55	20.1315	1512.265	5.0775	6
180.6	20.1316	1512.0611	5.0794	6
180.65	20.1315	1512.3672	5.0655	6
180.7	20.1315	1512.5361	5.0603	6
180.75	20.1315	1512.7888	5.0632	6
180.8	20.1318	1512.707	5.065	6
180.85	20.1318	1512.3811	5.0622	6
180.9	20.1315	1511.0669	5.0576	6
180.95	20.1314	1510.5845	5.0668	6
181	20.1315	1510.6328	5.0688	6
181.05	20.1317	1510.4857	5.0588	6
181.1	20.1316	1511.0303	5.0588	6
181.15	20.132	1510.7838	5.0662	6
181.2	20.132	1511.0262	5.0721	6
181.25	20.1316	1510.9309	5.0726	6
181.3	20.1316	1509.3788	5.0832	6
181.35	20.1315	1509.3321	5.0936	6
181.4	20.1313	1509.7996	5.0866	6
181.45	20.1318	1509.2874	5.0833	6
181.5	20.1323	1508.7773	5.0897	6
181.55	20.1321	1509.3897	5.0735	6
181.6	20.1326	1508.6186	5.0737	6
181.65	20.1325	1507.2675	5.0844	6
181.7	20.132	1506.9854	5.0841	6
181.75	20.1322	1506.8081	5.0807	6
181.8	20.1325	1506.5128	5.069	6
181.85	20.1325	1506.7189	5.078	6
181.9	20.1326	1506.841	5.0883	6
181.95	20.133	1506.5433	5.0904	6
182	20.1327	1506.2655	5.1019	6
182.05	20.1321	1505.6414	5.1171	6
182.1	20.1322	1505.2846	5.1094	6
182.15	20.1322	1505.4989	5.0862	6
182.2	20.1324	1505.5534	5.0772	6
182.25	20.1328	1505.3832	5.0725	6
182.3	20.133	1505.3977	5.0904	6
182.35	20.1329	1504.9372	5.0848	6
182.4	20.1324	1503.9165	5.0812	6
182.45	20.1323	1503.5829	5.0773	6
182.5	20.1324	1503.5755	5.0709	6
182.55	20.1323	1504.0397	5.078	6
182.6	20.1328	1503.5428	5.0614	6
182.65	20.1328	1503.7393	5.0527	6
182.7	20.1326	1504.1053	5.07	6
182.75	20.1325	1502.8631	5.0717	6
182.8	20.1321	1502.402	5.0675	6
182.85	20.1317	1503.1672	5.0665	6
182.9	20.132	1502.8019	5.0747	6
182.95	20.1319	1502.9829	5.0845	6
183	20.1321	1502.9726	5.0695	6
183.05	20.1325	1502.7376	5.0623	6
183.1	20.1325	1502.1119	5.0643	6
183.15	20.1323	1500.8251	5.0574	6
183.2	20.1319	1500.9632	5.0479	6
183.25	20.132	1501.0623	5.0446	6
183.3	20.1321	1501.111	5.06	6
183.35	20.1319	1501.3719	5.0644	6
183.4	20.1317	1501.8468	5.0503	6
183.45	20.1322	1501.1602	5.0537	6
183.5	20.132	1500.282	5.0651	6
183.55	20.1317	1499.8594	5.0801	6
183.6	20.1318	1499.716	5.0786	6
183.65	20.1322	1499.4628	5.0606	6
183.7	20.1322	1499.8396	5.0518	6
183.75	20.1321	1500.3344	5.0715	6
183.8	20.1325	1499.8566	5.0738	6
183.85	20.1322	1499.472	5.0619	6
183.9	20.1315	1498.9442	5.0488	6
183.95	20.1318	1498.4008	5.0352	6
184	20.1321	1497.9395	5.0308	6
184.05	20.1316	1498.9448	5.0414	6
184.1	20.1315	1499.266	5.0655	6
184.15	20.1324	1498.1439	5.0606	6
184.2	20.1318	1499.11	5.0578	6
184.25	20.1312	1498.9947	5.0585	6
184.3	20.1319	1496.6514	5.057	6
184.35	20.1315	1497.0412	5.0579	6
184.4	20.1307	1498.4367	5.069	6
184.45	20.1314	1497.5303	5.0773	6
184.5	20.1315	1497.4085	5.0638	6
184.55	20.1305	1499.036	5.0503	6
184.6	20.1307	1498.7958	5.0499	6
184.65	20.1311	1496.9966	5.0412	6
184.7	20.13	1497.4244	5.0492	6
184.75	20.13	1497.3515	5.0579	6
184.8	20.1303	1497.0125	5.0385	6
184.85	20.1302	1497.3511	5.0463	6
184.9	20.1297	1498.2028	5.0278	6
184.95	20.13	1498.1903	5.0216	6
185	20.1304	1497.9439	5.0416	6
185.05	20.13	1497.9999	5.046	6
185.1	20.1294	1497.3315	5.0433	6
185.15	20.1296	1496.6327	5.0302	6
185.2	20.1296	1496.8803	5.0249	6
185.25	20.1293	1497.5772	5.0381	6
185.3	20.1295	1497.4288	5.0365	6
185.35	20.1297	1497.3448	5.0365	6
185.4	20.1295	1497.7437	5.023	6
185.45	20.1297	1497.6104	5.0327	6
185.5	20.1297	1496.9499	5.0508	6
185.55	20.1294	1495.855	5.0394	6
185.6	20.1292	1495.8516	5.0386	6
185.65	20.1295	1495.6256	5.0125	6
185.7	20.1294	1495.7535	4.9966	6
185.75	20.1295	1495.9556	5.018	6
185.8	20.1299	1495.6797	5.0264	6
185.85	20.13	1495.6179	5.0463	6
185.9	20.13	1495.7947	5.0393	6
185.95	20.1298	1495.1919	5.0222	6
186	20.1296	1494.0646	5.0267	6
186.05	20.1292	1494.3994	5.0297	6
186.1	20.1292	1494.5235	5.0456	6
186.15	20.1295	1494.2947	5.0513	6
186.2	20.1295	1494.5585	5.0352	6
186.25	20.1297	1494.681	5.0448	6
186.3	20.13	1494.4894	5.0373	6
186.35	20.13	1494.3252	5.0341	6
186.4	20.1296	1493.7785	5.0507	6
186.45	20.1295	1492.5069	5.0428	6
186.5	20.1292	1492.9061	5.0425	6
186.55	20.1292	1492.9083	5.0388	6
186.6	20.1292	1492.9008	5.0294	6
186.65	20.1288	1493.6851	5.0472	6
186.7	20.1291	1493.5338	5.0513	6
186.75	20.1289	1493.9262	5.0604	6
186.8	20.1287	1494.2964	5.068	6
186.85	20.1282	1493.9709	5.0435	6
186.9	20.1281	1492.6617	5.0462	6
186.95	20.1279	1493.0253	5.0515	6
187	20.128	1493.1553	5.0561	6
187.05	20.1282	1492.937	5.0503	6
187.1	20.1285	1492.898	5.0494	6
187.15	20.1285	1492.9649	5.0535	6
187.2	20.1284	1493.2088	5.0486	6
187.25	20.1285	1493.3716	5.0513	6
187.3	20.1288	1493.0316	5.049	6
187.35	20.128	1492.6918	5.0327	6
187.4	20.1277	1492.121	5.0433	6
187.45	20.128	1491.6697	5.0518	6
187.5	20.128	1491.716	5.0538	6
187.55	20.1277	1492.4554	5.0409	6
187.6	20.1283	1491.8714	5.0419	6
187.65	20.129	1491.2663	5.0621	6
187.7	20.1286	1491.723	5.0442	6
187.75	20.1287	1491.8618	5.0395	6
187.8	20.1292	1490.8911	5.0461	6
187.85	20.1287	1490.1506	5.0369	6
187.9	20.1281	1490.1981	5.0328	6
187.95	20.1286	1489.7923	5.0301	6
188	20.129	1489.4619	5.0475	6
188.05	20.1286	1490.2373	5.0657	6
188.1	20.1288	1489.8854	5.0612	6
188.15	20.1294	1489.2988	5.052	6
188.2	20.1291	1489.8706	5.0355	6
188.25	20.1294	1489.5413	5.0355	6
188.3	20.1293	1488.1775	5.0479	6
188.35	20.1289	1487.5694	5.0366	6
188.4	20.1288	1487.8539	5.0424	6
188.45	20.1293	1487.4961	5.053	6
188.5	20.1294	1487.4542	5.0343	6
188.55	20.1294	1487.5543	5.0334	6
188.6	20.1294	1487.7674	5.0388	6
188.65	20.13	1487.2991	5.0328	6
188.7	20.1297	1487.4574	5.0416	6
188.75	20.1294	1486.8849	5.0616	6
188.8	20.1293	1485.6823	5.0759	6
188.85	20.1293	1485.717	5.075	6
188.9	20.1293	1486.0932	5.0769	6
188.95	20.1293	1486.0511	5.0721	6
189	20.1298	1485.5403	5.0745	6
189.05	20.1295	1486.132	5.0801	6
189.1	20.1293	1486.6833	5.0681	6
189.15	20.1299	1485.7667	5.0748	6
189.2	20.1294	1485.0496	5.0827	6
189.25	20.1286	1485.2745	5.0615	6
189.3	20.1288	1484.8081	5.0677	6
189.35	20.1294	1484.3366	5.077	6
189.4	20.1286	1485.6294	5.0605	6
189.45	20.1285	1485.719	5.0702	6
189.5	20.1293	1484.6845	5.0748	6
189.55	20.1287	1485.5976	5.0618	6
189.6	20.1286	1485.9752	5.0563	6
189.65	20.1291	1484.4191	5.05	6
189.7	20.1289	1483.1497	5.0512	6
189.75	20.1281	1484.0858	5.0399	6
189.8	20.1287	1483.7416	5.0449	6
189.85	20.1293	1482.9808	5.054	6
189.9	20.1288	1483.8018	5.0558	6
189.95	20.1285	1484.4782	5.0432	6
190	20.1294	1483.6106	5.0373	6
190.05	20.1298	1483.3089	5.046	6
190.1	20.1289	1484.0286	5.0644	6
190.15	20.1289	1482.1667	5.0723	6
190.2	20.1293	1481.0301	5.0774	6
190.25	20.1286	1482.1391	5.0766	6
190.3	20.1288	1482.0227	5.0705	6
190.35	20.1292	1481.4992	5.065	6
190.4	20.1291	1481.8281	5.0655	6
190.45	20.1288	1482.4753	5.0626	6
190.5	20.1289	1482.3609	5.0349	6
190.55	20.129	1481.7938	5.0279	6
190.6	20.128	1481.6923	5.027	6
190.65	20.1278	1481.3782	5.0206	6
190.7	20.1282	1480.8844	5.0334	6
190.75	20.1277	1481.8327	5.0455	6
190.8	20.1277	1482.1395	5.0514	6
190.85	20.1286	1481.2468	5.0514	6
190.9	20.1283	1482.0544	5.0468	6
190.95	20.1283	1481.9715	5.0476	6
191	20.1289	1481.2155	5.0457	6
191.05	20.1287	1481.0404	5.0394	6
191.1	20.128	1480.5007	5.0439	6
191.15	20.1281	1479.6704	5.0432	6
191.2	20.128	1479.8724	5.0559	6
191.25	20.1277	1480.6715	5.0692	6
191.3	20.1282	1480.1419	5.0761	6
191.35	20.1285	1479.8968	5.0727	6
191.4	20.1283	1480.384	5.0582	6
191.45	20.1286	1479.9053	5.0546	6
191.5	20.1291	1479.3329	5.0752	6
191.55	20.1295	1478.2258	5.0802	6
191.6	20.1297	1476.3676	5.0676	6
191.65	20.1303	1475.3125	5.0575	6
191.7	20.1315	1473.8138	5.0669	6
191.75	20.1327	1472.3836	5.0651	6
191.8	20.1334	1471.5252	5.0556	6
191.85	20.1347	1469.8196	5.0523	6
191.9	20.1358	1468.1277	5.0558	6
191.95	20.1351	1467.3992	5.066	6
192	20.134	1468.2396	5.0733	6
192.05	20.1326	1470.2349	5.078	6
192.1	20.1314	1472.205	5.0722	6
192.15	20.1303	1473.7893	5.0706	6
192.2	20.1301	1474.1693	5.0693	6
192.25	20.1302	1474.2771	5.0835	6
192.3	20.1286	1475.5977	5.0764	6
192.35	20.1278	1475.0395	5.0847	6
192.4	20.1282	1474.2449	5.0992	6
192.45	20.1275	1475.4613	5.0985	6
192.5	20.1274	1475.7579	5.1026	6
192.55	20.128	1474.8669	5.0902	6
192.6	20.1277	1475.5634	5.0803	6
192.65	20.1274	1476.0189	5.0972	6
192.7	20.1283	1474.9542	5.0979	6
192.75	20.1283	1475.1629	5.1051	6
192.8	20.1277	1475.4215	5.105	6
192.85	20.1277	1473.7741	5.1071	6
192.9	20.1278	1473.1577	5.1101	6
192.95	20.1274	1474.0712	5.1125	6
193	20.1275	1474.2941	5.1011	6
193.05	20.1278	1473.8569	5.0901	6
193.1	20.1274	1474.7472	5.0995	6
193.15	20.1272	1475.1799	5.1069	6
193.2	20.1273	1475.0416	5.0826	6
193.25	20.1269	1475.8175	5.0776	6
193.3	20.127	1475.575	5.0943	6
193.35	20.1261	1475.2547	5.0934	6
193.4	20.1258	1474.7081	5.0902	6
193.45	20.1258	1474.7799	5.0811	6
193.5	20.1254	1475.6548	5.0767	6
193.55	20.1254	1475.779	5.092	6
193.6	20.1255	1475.5144	5.0801	6
193.65	20.1252	1476.0383	5.0777	6
193.7	20.1247	1476.9826	5.0874	6
193.75	20.1252	1476.4377	5.0725	6
193.8	20.1257	1476.0091	5.0736	6
193.85	20.1246	1477.4604	5.071	6
193.9	20.125	1476.9357	5.0618	6
193.95	20.1256	1475.5491	5.0568	6
194	20.1245	1475.5798	5.0676	6
194.05	20.124	1475.5904	5.0798	6
194.1	20.1249	1474.4159	5.0766	6
194.15	20.1249	1474.6011	5.0721	6
194.2	20.1246	1475.3045	5.0682	6
194.25	20.1253	1474.5153	5.0803	6
194.3	20.1261	1473.7035	5.0954	6
194.35	20.1254	1474.7366	5.0881	6
194.4	20.1258	1474.3746	5.0904	6
194.45	20.1266	1473.4044	5.0953	6
194.5	20.1262	1474.1778	5.0994	6
194.55	20.1263	1474.1562	5.0894	6
194.6	20.1265	1472.5764	5.0832	6
194.65	20.1258	1472.3328	5.0794	6
194.7	20.1254	1472.6622	5.0822	6
194.75	20.1256	1472.5988	5.0897	6
194.8	20.1258	1472.7699	5.0914	6
194.85	20.1256	1473.1458	5.0942	6
194.9	20.1258	1472.8677	5.0994	6
194.95	20.1257	1473.1003	5.1003	6
195	20.1259	1473.0329	5.0985	6
195.05	20.1259	1473.0484	5.1116	6
195.1	20.1257	1473.5487	5.1118	6
195.15	20.1257	1473.4928	5.1079	6
195.2	20.1256	1472.7139	5.1048	6
195.25	20.1246	1472.5548	5.0993	6
195.3	20.1246	1472.3594	5.0963	6
195.35	20.1249	1471.9728	5.079	6
195.4	20.1243	1473.0889	5.0901	6
195.45	20.1247	1472.7674	5.0862	6
195.5	20.1251	1472.1656	5.0846	6
195.55	20.1242	1473.7141	5.0946	6
195.6	20.1246	1473.2874	5.0834	6
195.65	20.1252	1472.5503	5.0766	6
195.7	20.1246	1473.7468	5.0765	6
195.75	20.1246	1473.8225	5.0754	6
195.8	20.1252	1472.9844	5.0818	6
195.85	20.1248	1473.1638	5.0959	6
195.9	20.1239	1473.0943	5.1007	6
195.95	20.1244	1471.6178	5.099	6
196	20.1244	1471.6563	5.0724	6
196.05	20.1234	1472.9957	5.0738	6
196.1	20.1238	1472.5173	5.078	6
196.15	20.1241	1472.0543	5.0718	6
196.2	20.1235	1473.2261	5.0745	6
196.25	20.1233	1473.6637	5.0814	6
196.3	20.1243	1472.372	5.0966	6
196.35	20.1236	1473.2285	5.1125	6
196.4	20.123	1474.2351	5.0909	6
196.45	20.124	1473.0267	5.0935	6
196.5	20.124	1473.1801	5.1049	6
196.55	20.1231	1474.7222	5.0983	6
196.6	20.1235	1473.9009	5.0802	6
196.65	20.1234	1472.2893	5.0754	6
196.7	20.1222	1473.0619	5.0951	6
196.75	20.1221	1473.2393	5.0776	6
196.8	20.1229	1472.1836	5.0622	6
196.85	20.1223	1473.2183	5.0833	6
196.9	20.1223	1473.4403	5.0938	6
196.95	20.1228	1472.775	5.0886	6
197	20.1224	1473.3401	5.0782	6
197.05	20.1223	1473.6777	5.0821	6
197.1	20.1228	1473.0896	5.0936	6
197.15	20.1223	1474.1062	5.0949	6
197.2	20.1222	1474.5137	5.0888	6
197.25	20.1228	1473.6985	5.0778	6
197.3	20.1223	1474.6127	5.0754	6
197.35	20.1218	1475.5594	5.0959	6
197.4	20.1226	1474.4957	5.0851	6
197.45	20.1221	1475.042	5.0744	6
197.5	20.1215	1475.9512	5.0883	6
197.55	20.1217	1474.2313	5.0812	6
197.6	20.1217	1473.1539	5.0776	6
197.65	20.1209	1474.2713	5.0692	6
197.7	20.1209	1474.3455	5.0659	6
197.75	20.1216	1473.2842	5.0643	6
197.8	20.1216	1473.6879	5.0716	6
197.85	20.1212	1474.4116	5.0884	6
197.9	20.1219	1473.6106	5.0775	6
197.95	20.1224	1472.9408	5.064	6
198	20.1217	1474.1028	5.0709	6
198.05	20.1221	1473.6762	5.0623	6
198.1	20.1228	1472.9112	5.0762	6
198.15	20.1224	1473.8513	5.0816	6
198.2	20.1229	1473.3474	5.0825	6
198.25	20.1233	1473.0978	5.0971	6
198.3	20.1231	1473.3932	5.0955	6
198.35	20.1233	1473.2926	5.0898	6
198.4	20.1237	1472.8551	5.0745	6
198.45	20.1235	1472.2851	5.0542	6
198.5	20.1228	1471.8669	5.062	6
198.55	20.1234	1470.633	5.0822	6
198.6	20.1235	1470.6054	5.0897	6
198.65	20.1234	1471.1254	5.0831	6
198.7	20.124	1470.2625	5.0775	6
198.75	20.1241	1470.2125	5.0834	6
198.8	20.1239	1470.5564	5.0781	6
198.85	20.1241	1470.5106	5.0699	6
198.9	20.1246	1470.0166	5.0702	6
198.95	20.1248	1469.9242	5.0737	6
199	20.1248	1470.0826	5.0828	6
199.05	20.1256	1469.2892	5.0855	6
199.1	20.1258	1469.2412	5.0916	6
199.15	20.1256	1469.1319	5.0948	6
199.2	20.1252	1468.186	5.0972	6
199.25	20.1255	1467.1678	5.0868	6
199.3	20.1251	1467.9719	5.1019	6
199.35	20.1254	1467.8647	5.1163	6
199.4	20.1258	1467.1132	5.1071	6
199.45	20.1258	1467.3504	5.108	6
199.5	20.126	1467.2633	5.1105	6
199.55	20.1265	1466.507	5.1053	6
199.6	20.1266	1466.5049	5.1093	6
199.65	20.1266	1466.6475	5.1068	6
199.7	20.1271	1466.1748	5.0952	6
199.75	20.1274	1464.9739	5.0925	6
199.8	20.127	1463.7138	5.0912	6
199.85	20.1272	1463.1788	5.0962	6
199.9	20.1278	1462.4494	5.1079	6
199.95	20.1282	1462.0413	5.1083	6
200	20.1281	1462.3916	5.1034	6
200.05	20.1283	1462.0802	5.0909	6
200.1	20.1286	1461.799	5.0884	6
200.15	20.1284	1462.3135	5.0959	6
200.2	20.1289	1462.0863	5.1063	6
200.25	20.129	1460.9962	5.1121	6
200.3	20.1282	1460.6384	5.1101	6
200.35	20.1283	1460.4304	5.1066	6
200.4	20.1289	1459.6244	5.096	6
200.45	20.1287	1460.0568	5.0837	6
200.5	20.1286	1460.34	5.0944	6
200.55	20.1293	1459.5944	5.1083	6
200.6	20.129	1460.0736	5.1033	6
200.65	20.1288	1460.5151	5.1176	6
200.7	20.129	1459.7368	5.1218	6
200.75	20.1287	1458.6694	5.1129	6
200.8	20.128	1459.0337	5.0968	6
200.85	20.1282	1458.8243	5.0917	6
200.9	20.1285	1458.6278	5.0859	6
200.95	20.1283	1459.0035	5.0854	6
201	20.1281	1459.2394	5.0809	6
201.05	20.1287	1458.5506	5.1007	6
201.1	20.1287	1458.8392	5.0889	6
201.15	20.1287	1458.9748	5.0777	6
201.2	20.1288	1457.7457	5.082	6
201.25	20.1282	1457.1168	5.0745	6
201.3	20.128	1457.0332	5.0771	6
201.35	20.1281	1456.9953	5.0807	6
201.4	20.1284	1456.9002	5.0789	6
201.45	20.1283	1457.2217	5.0738	6
201.5	20.1284	1457.2108	5.0738	6
201.55	20.1288	1456.9786	5.0895	6
201.6	20.1284	1457.5544	5.0882	6
201.65	20.1283	1457.5466	5.0853	6
201.7	20.1282	1456.2196	5.0806	6
201.75	20.1276	1455.817	5.0818	6
201.8	20.1273	1456.2977	5.0933	6
201.85	20.1277	1455.8582	5.1012	6
201.9	20.1278	1455.8196	5.0905	6
201.95	20.1272	1456.5963	5.0892	6
202	20.1275	1456.4223	5.0891	6
202.05	20.1279	1455.9114	5.0897	6
202.1	20.1273	1456.7801	5.094	6
202.15	20.1272	1457.0199	5.072	6
202.2	20.1276	1455.7597	5.0652	6
202.25	20.1268	1455.6168	5.0827	6
202.3	20.1264	1455.8062	5.1033	6
202.35	20.1268	1455.4088	5.0874	6
202.4	20.1263	1456.2313	5.0888	6
202.45	20.1262	1456.5617	5.105	6
202.5	20.1266	1456.1029	5.0862	6
202.55	20.1263	1456.5949	5.0863	6
202.6	20.1261	1456.9234	5.0952	6
202.65	20.1265	1456.3345	5.0799	6
202.7	20.1261	1457.0415	5.0807	6
202.75	20.126	1457.0286	5.0787	6
202.8	20.1256	1456.0159	5.0909	6
202.85	20.1251	1455.8203	5.0805	6
202.9	20.1248	1456.1437	5.0717	6
202.95	20.125	1456.1202	5.0692	6
203	20.1252	1456.0685	5.0538	6
203.05	20.125	1456.4177	5.0637	6
203.1	20.1256	1455.776	5.082	6
203.15	20.1258	1455.7884	5.0772	6
203.2	20.1257	1455.9483	5.0817	6
203.25	20.1264	1455.1631	5.0795	6
203.3	20.1266	1454.9138	5.0748	6
203.35	20.1265	1455.0763	5.0959	6
203.4	20.1266	1453.8041	5.101	6
203.45	20.1265	1452.3962	5.0956	6
203.5	20.1261	1452.9747	5.0893	6
203.55	20.1263	1452.9206	5.0993	6
203.6	20.1267	1452.5187	5.1081	6
203.65	20.1263	1453.1865	5.1031	6
203.7	20.1264	1453.1215	5.0985	6
203.75	20.1265	1453.082	5.0969	6
203.8	20.1266	1453.2115	5.082	6
203.85	20.1266	1453.4462	5.0968	6
203.9	20.127	1453.0083	5.0937	6
203.95	20.1266	1452.6652	5.0874	6
204	20.1261	1451.7291	5.1036	6
204.05	20.1261	1451.366	5.0997	6
204.1	20.1256	1451.887	5.0925	6
204.15	20.1253	1452.3066	5.0919	6
204.2	20.1255	1452.159	5.1001	6
204.25	20.1254	1452.6461	5.1006	6
204.3	20.1253	1452.9106	5.1048	6
204.35	20.1254	1452.6949	5.099	6
204.4	20.1253	1452.9681	5.0902	6
204.45	20.125	1453.5697	5.0906	6
204.5	20.1249	1453.9224	5.0986	6
204.55	20.1246	1454.2217	5.0771	6
204.6	20.1241	1453.659	5.0692	6
204.65	20.1232	1453.6751	5.0619	6
204.7	20.1232	1453.5631	5.0449	6
204.75	20.1231	1453.9148	5.0503	6
204.8	20.1228	1454.3817	5.0678	6
204.85	20.123	1454.3448	5.0734	6
204.9	20.1229	1454.7179	5.0798	6
204.95	20.1231	1454.536	5.0811	6
205	20.123	1454.8373	5.0917	6
205.05	20.123	1455.0419	5.0843	6
205.1	20.1233	1454.773	5.0862	6
205.15	20.1232	1454.9765	5.0804	6
205.2	20.123	1455.4713	5.0692	6
205.25	20.1231	1455.3724	5.067	6
205.3	20.1231	1455.4231	5.0681	6
205.35	20.123	1455.6634	5.0798	6
205.4	20.1228	1455.1884	5.0834	6
205.45	20.1223	1454.2746	5.0821	6
205.5	20.1221	1454.004	5.0736	6
205.55	20.1218	1454.6216	5.0573	6
205.6	20.1221	1454.2629	5.0471	6
205.65	20.122	1454.4292	5.0444	6
205.7	20.1217	1455.0275	5.0452	6
205.75	20.1219	1454.8355	5.0494	6
205.8	20.1218	1454.9993	5.0706	6
205.85	20.1217	1455.3656	5.0807	6
205.9	20.1218	1455.1869	5.0759	6
205.95	20.1218	1455.3582	5.0741	6
206	20.1218	1455.4933	5.0696	6
206.05	20.1223	1455.1036	5.0521	6
206.1	20.1223	1455.1714	5.0528	6
206.15	20.1224	1455.1653	5.0787	6
206.2	20.1225	1455.0836	5.0764	6
206.25	20.1227	1455.0071	5.0554	6
206.3	20.1225	1455.3121	5.0551	6
206.35	20.1223	1454.7458	5.0632	6
206.4	20.1216	1454.1096	5.0789	6
206.45	20.1213	1454.2585	5.08	6
206.5	20.1211	1454.6088	5.0838	6
206.55	20.1209	1454.8657	5.0843	6
206.6	20.1207	1455.2813	5.0804	6
206.65	20.1209	1455.1049	5.0833	6
206.7	20.1208	1455.2353	5.0806	6
206.75	20.1205	1455.8389	5.078	6
206.8	20.1211	1455.2128	5.0706	6
206.85	20.1212	1455.3482	5.0826	6
206.9	20.1207	1456.1913	5.0886	6
206.95	20.1212	1455.3402	5.0702	6
207	20.1211	1455.6032	5.0602	6
207.05	20.1206	1456.3936	5.0685	6
207.1	20.1211	1455.8277	5.0891	6
207.15	20.1213	1455.7601	5.0933	6
207.2	20.1208	1456.5124	5.0898	6
207.25	20.121	1456.27	5.0943	6
207.3	20.1211	1456.1132	5.1004	6
207.35	20.1207	1456.8067	5.1023	6
207.4	20.1209	1456.7224	5.1035	6
207.45	20.1211	1456.4559	5.0922	6
207.5	20.1202	1456.2552	5.0929	6
207.55	20.1196	1455.6759	5.1003	6
207.6	20.1195	1455.7604	5.0975	6
207.65	20.1194	1456.0763	5.1019	6
207.7	20.119	1456.641	5.1166	6
207.75	20.1192	1456.4324	5.1102	6
207.8	20.1192	1456.5368	5.102	6
207.85	20.1189	1457.0828	5.1009	6
207.9	20.1191	1456.9145	5.0985	6
207.95	20.1193	1456.7601	5.0958	6
208	20.119	1457.2889	5.0981	6
208.05	20.1192	1457.2884	5.0905	6
208.1	20.1195	1456.855	5.0808	6
208.15	20.1192	1457.4021	5.0992	6
208.2	20.1194	1457.3629	5.115	6
208.25	20.1199	1456.7756	5.1001	6
208.3	20.1196	1457.3253	5.0954	6
208.35	20.1198	1457.1653	5.1124	6
208.4	20.1203	1456.5854	5.1218	6
208.45	20.1202	1456.829	5.13	6
208.5	20.1204	1456.7856	5.1171	6
208.55	20.1209	1456.3471	5.1069	6
208.6	20.121	1456.2146	5.1279	6
208.65	20.1209	1456.3502	5.1241	6
208.7	20.1213	1455.9442	5.1181	6
208.75	20.1215	1455.774	5.1266	6
208.8	20.1216	1455.7655	5.1284	6
208.85	20.1216	1455.6856	5.1167	6
208.9	20.1216	1454.3604	5.0995	6
208.95	20.1213	1453.6696	5.1018	6
209	20.1212	1453.754	5.0913	6
209.05	20.1217	1453.193	5.088	6
209.1	20.1218	1453.0714	5.0924	6
209.15	20.1218	1453.3027	5.0923	6
209.2	20.1221	1452.9359	5.0896	6
209.25	20.1226	1452.5679	5.0922	6
209.3	20.1226	1452.4336	5.0979	6
209.35	20.1226	1452.6317	5.1123	6
209.4	20.1231	1452.1868	5.119	6
209.45	20.1233	1451.988	5.1044	6
209.5	20.123	1452.4353	5.1017	6
209.55	20.1236	1451.8157	5.0873	6
209.6	20.1239	1451.5099	5.0745	6
209.65	20.1236	1452.0283	5.0807	6
209.7	20.124	1451.4772	5.0966	6
209.75	20.1239	1450.4956	5.0919	6
209.8	20.1233	1449.8549	5.094	6
209.85	20.1233	1449.7502	5.1102	6
209.9	20.1237	1449.2133	5.1	6
209.95	20.1236	1449.4468	5.098	6
210	20.1234	1449.9032	5.099	6
210.05	20.1239	1449.3648	5.0814	6
210.1	20.1238	1449.4441	5.0873	6
210.15	20.1235	1450.154	5.0784	6
210.2	20.1238	1449.8001	5.0808	6
210.25	20.1243	1449.3332	5.0838	6
210.3	20.1235	1450.4832	5.0669	6
210.35	20.1235	1450.2514	5.0707	6
210.4	20.1238	1449.935	5.0641	6
210.45	20.1232	1450.7723	5.0612	6
210.5	20.1232	1450.4726	5.0635	6
210.55	20.1229	1449.4492	5.0717	6
210.6	20.1226	1449.0101	5.0842	6
210.65	20.1223	1449.3874	5.0725	6
210.7	20.1225	1449.219	5.0725	6
210.75	20.1227	1449.2339	5.0787	6
210.8	20.1225	1449.5124	5.0708	6
210.85	20.1225	1449.6885	5.0682	6
210.9	20.1227	1449.5074	5.0811	6
210.95	20.1225	1449.9445	5.0744	6
211	20.1224	1450.0899	5.0693	6
211.05	20.1223	1450.0821	5.0614	6
211.1	20.1222	1450.3917	5.0522	6
211.15	20.1225	1450.2025	5.0603	6
211.2	20.1222	1450.7243	5.0683	6
211.25	20.1222	1450.7232	5.0626	6
211.3	20.1223	1450.5312	5.0624	6
211.35	20.122	1451.1165	5.0729	6
211.4	20.1221	1450.7236	5.0659	6
211.45	20.1217	1449.528	5.0664	6
211.5	20.1213	1449.0311	5.0897	6
211.55	20.121	1449.6069	5.0864	6
211.6	20.1214	1449.1408	5.0689	6
211.65	20.1213	1449.2497	5.077	6
211.7	20.1209	1450.037	5.0779	6
211.75	20.1211	1449.8105	5.0855	6
211.8	20.1213	1449.5999	5.0823	6
211.85	20.121	1450.2389	5.0799	6
211.9	20.1205	1450.8516	5.0942	6
211.95	20.1209	1450.2236	5.1089	6
212	20.1207	1450.6845	5.1037	6
212.05	20.12	1451.8503	5.099	6
212.1	20.1208	1450.9453	5.0935	6
212.15	20.1207	1451.0802	5.0756	6
212.2	20.1201	1452.1452	5.0572	6
212.25	20.1203	1451.8977	5.0744	6
212.3	20.1206	1451.5368	5.0956	6
212.35	20.1201	1452.4375	5.1088	6
212.4	20.1199	1452.7331	5.1062	6
212.45	20.1204	1452.054	5.0846	6
212.5	20.12	1452.7629	5.0796	6
212.55	20.12	1452.8983	5.0783	6
212.6	20.1203	1452.3403	5.0612	6
212.65	20.1198	1451.7186	5.0678	6
212.7	20.1192	1451.3184	5.0588	6
212.75	20.1191	1451.232	5.0506	6
212.8	20.1188	1451.8044	5.0622	6
212.85	20.119	1451.7085	5.0655	6
212.9	20.1187	1452.1525	5.0743	6
212.95	20.1183	1452.8061	5.0746	6
213	20.1185	1452.6191	5.0724	6
213.05	20.1183	1453.0964	5.0769	6
213.1	20.1179	1453.8046	5.0745	6
213.15	20.118	1453.7285	5.0699	6
213.2	20.1181	1453.7199	5.0633	6
213.25	20.1179	1454.1504	5.0883	6
213.3	20.1176	1454.4769	5.0963	6
213.35	20.1181	1453.8334	5.0974	6
213.4	20.1182	1453.8323	5.1047	6
213.45	20.1178	1454.515	5.1039	6
213.5	20.1182	1454.1168	5.0762	6
213.55	20.1186	1453.4948	5.056	6
213.6	20.118	1454.5847	5.0715	6
213.65	20.118	1454.7076	5.0807	6
213.7	20.1189	1453.6646	5.0859	6
213.75	20.1183	1454.4961	5.0757	6
213.8	20.118	1455.0628	5.061	6
213.85	20.1186	1454.2227	5.0693	6
213.9	20.1184	1454.6482	5.0858	6
213.95	20.1177	1455.6531	5.085	6
214	20.1182	1455.0074	5.0768	6
214.05	20.1183	1455.1277	5.0838	6
214.1	20.1177	1456.2211	5.093	6
214.15	20.118	1455.6977	5.1014	6
214.2	20.118	1455.7319	5.0877	6
214.25	20.1176	1456.4751	5.0766	6
214.3	20.1179	1456.293	5.091	6
214.35	20.1182	1455.7997	5.1032	6
214.4	20.1177	1456.4281	5.0935	6
214.45	20.1176	1456.768	5.0867	6
214.5	20.1184	1455.9232	5.0799	6
214.55	20.1183	1456.2245	5.0742	6
214.6	20.1178	1456.8475	5.0662	6
214.65	20.1184	1456.1809	5.0633	6
214.7	20.1183	1456.2262	5.0803	6
214.75	20.1181	1456.6775	5.0758	6
214.8	20.1183	1456.6029	5.0771	6
214.85	20.1189	1455.7606	5.1026	6
214.9	20.1181	1455.5166	5.0872	6
214.95	20.1179	1454.4482	5.0703	6
215	20.1186	1453.6107	5.0858	6
215.05	20.1181	1454.5793	5.0922	6
215.1	20.1183	1454.4842	5.0943	6
215.15	20.1187	1454.0064	5.0993	6
215.2	20.1181	1454.9842	5.0975	6
215.25	20.118	1455.226	5.0886	6
215.3	20.1185	1454.7269	5.0855	6
215.35	20.118	1455.3502	5.0838	6
215.4	20.1179	1455.7322	5.0722	6
215.45	20.1184	1455.1188	5.0774	6
215.5	20.1184	1455.2412	5.0674	6
215.55	20.1179	1456.0057	5.0702	6
215.6	20.1183	1455.4599	5.0977	6
215.65	20.1186	1455.0993	5.0949	6
215.7	20.1181	1455.9112	5.0919	6
215.75	20.1182	1455.9369	5.0847	6
215.8	20.1187	1455.2033	5.0642	6
215.85	20.1182	1456.0254	5.0634	6
215.9	20.1184	1456.328	5.07	6
215.95	20.1192	1455.2625	5.0827	6
216	20.1187	1456.0032	5.0871	6
216.05	20.1185	1456.2804	5.0822	6
216.1	20.1193	1455.3205	5.0774	6
216.15	20.1192	1455.7561	5.0673	6
216.2	20.119	1456.0971	5.0729	6
216.25	20.1193	1455.7475	5.0769	6
216.3	20.1191	1455.9863	5.0789	6
216.35	20.1187	1456.6329	5.0892	6
216.4	20.1192	1456.1933	5.0918	6
216.45	20.1193	1456.1884	5.0886	6
216.5	20.1191	1456.7046	5.0919	6
216.55	20.1194	1456.2021	5.0855	6
216.6	20.1197	1456.0564	5.0832	6
216.65	20.1191	1456.9865	5.086	6
216.7	20.1194	1456.6414	5.0837	6
216.75	20.1194	1456.8152	5.0816	6
216.8	20.119	1457.4705	5.0672	6
216.85	20.1191	1456.4825	5.0625	6
216.9	20.1188	1455.2795	5.0702	6
216.95	20.118	1456.1581	5.0703	6
217	20.1186	1455.6329	5.0911	6
217.05	20.1191	1454.6893	5.0866	6
217.1	20.1183	1456.0218	5.0867	6
217.15	20.1183	1456.1249	5.086	6
217.2	20.1191	1455.0211	5.078	6
217.25	20.1183	1456.2606	5.0868	6
217.3	20.1176	1457.3117	5.0902	6
217.35	20.1183	1456.5459	5.0902	6
217.4	20.1185	1456.4615	5.0854	6
217.45	20.1176	1457.787	5.0813	6
217.5	20.1185	1456.7301	5.1075	6
217.55	20.1193	1455.5679	5.0834	6
217.6	20.1182	1457.1892	5.0564	6
217.65	20.1187	1456.7091	5.0596	6
217.7	20.1198	1455.41	5.0643	6
217.75	20.1192	1456.2649	5.0745	6
217.8	20.1194	1456.1582	5.0652	6
217.85	20.1204	1454.9823	5.0626	6
217.9	20.1204	1455.0632	5.0674	6
217.95	20.12	1455.7849	5.0626	6
218	20.1207	1455.0336	5.065	6
218.05	20.1211	1454.4904	5.0592	6
218.1	20.1207	1455.2379	5.0618	6
218.15	20.1211	1454.8784	5.07	6
218.2	20.1221	1453.552	5.0621	6
218.25	20.1218	1454.1203	5.0578	6
218.3	20.1218	1454.2561	5.0757	6
218.35	20.1228	1452.6432	5.0974	6
218.4	20.1221	1451.9916	5.0856	6
218.45	20.1213	1452.0342	5.0764	6
218.5	20.122	1450.822	5.0751	6
218.55	20.1216	1451.664	5.0811	6
218.6	20.121	1452.6899	5.0892	6
218.65	20.1218	1451.5744	5.09	6
218.7	20.1218	1451.618	5.0773	6
218.75	20.1214	1452.2483	5.0736	6
218.8	20.1217	1452.0856	5.086	6
218.85	20.122	1451.9022	5.09	6
218.9	20.1219	1452.151	5.08	6
218.95	20.1219	1452.2566	5.0934	6
219	20.1222	1452.001	5.0928	6
219.05	20.1223	1452.1683	5.0843	6
219.1	20.1226	1451.941	5.0739	6
219.15	20.1229	1451.5371	5.0965	6
219.2	20.1228	1451.5983	5.1111	6
219.25	20.1228	1451.5029	5.1102	6
219.3	20.1227	1451.585	5.1043	6
219.35	20.1221	1451.0754	5.0857	6
219.4	20.122	1450.0734	5.0822	6
219.45	20.1218	1450.3263	5.0748	6
219.5	20.1215	1450.9256	5.0934	6
219.55	20.1219	1450.4357	5.0954	6
219.6	20.1219	1450.3895	5.0792	6
219.65	20.1217	1450.9398	5.0789	6
219.7	20.1221	1450.7581	5.0714	6
219.75	20.1221	1450.6915	5.0636	6
219.8	20.122	1450.9029	5.0776	6
219.85	20.1218	1451.3875	5.0705	6
219.9	20.1222	1450.967	5.0742	6
219.95	20.1223	1451.0035	5.0784	6
220	20.122	1451.5442	5.0789	6
220.05	20.1222	1451.3289	5.0889	6
220.1	20.1225	1450.9576	5.0721	6
220.15	20.1223	1451.3335	5.0711	6
220.2	20.1225	1451.2517	5.0774	6
220.25	20.1226	1450.7882	5.0689	6
220.3	20.1222	1449.7715	5.0702	6
220.35	20.1219	1449.1034	5.0673	6
220.4	20.1219	1449.2295	5.0546	6
220.45	20.1219	1449.1174	5.0639	6
220.5	20.1222	1449.0257	5.0784	6
220.55	20.1219	1449.6325	5.081	6
220.6	20.1223	1449.04	5.0698	6
220.65	20.1223	1449.0197	5.0707	6
220.7	20.1217	1449.8892	5.0747	6
220.75	20.1222	1449.3535	5.067	6
220.8	20.1223	1449.3181	5.077	6
220.85	20.122	1449.978	5.0758	6
220.9	20.1221	1449.8492	5.0616	6
220.95	20.1223	1449.6298	5.0566	6
221	20.1224	1449.8273	5.0439	6
221.05	20.1221	1450.1573	5.0464	6
221.1	20.1222	1450.0751	5.0558	6
221.15	20.1224	1449.8994	5.0528	6
221.2	20.1222	1449.7116	5.0511	6
221.25	20.1211	1449.4825	5.0553	6
221.3	20.1212	1448.5017	5.0601	6
221.35	20.1212	1448.7181	5.0529	6
221.4	20.1207	1449.5055	5.0411	6
221.45	20.121	1449.0308	5.0562	6
221.5	20.1214	1448.6592	5.0656	6
221.55	20.1209	1449.4692	5.0563	6
221.6	20.121	1449.6387	5.05	6
221.65	20.1216	1449.0078	5.0612	6
221.7	20.1212	1449.766	5.0871	6
221.75	20.1211	1449.8556	5.0748	6
221.8	20.1218	1449.0649	5.0639	6
221.85	20.1214	1449.59	5.062	6
221.9	20.1214	1449.7913	5.0498	6
221.95	20.1219	1449.1874	5.0443	6
222	20.1217	1449.5689	5.0517	6
222.05	20.1215	1450.0674	5.0739	6
222.1	20.1217	1449.897	5.0794	6
222.15	20.1219	1449.6649	5.0658	6
222.2	20.1216	1450.3019	5.0671	6
222.25	20.1217	1449.8533	5.0682	6
222.3	20.1215	1448.5015	5.0449	6
222.35	20.1209	1448.1643	5.0369	6
222.4	20.1207	1448.4176	5.0446	6
222.45	20.1208	1448.3852	5.06	6
222.5	20.1207	1448.6056	5.0589	6
222.55	20.1207	1448.7826	5.0526	6
222.6	20.121	1448.716	5.0767	6
222.65	20.1217	1448.0411	5.0779	6
222.7	20.1214	1448.6287	5.0642	6
222.75	20.1215	1448.7171	5.0671	6
222.8	20.122	1448.0297	5.0677	6
222.85	20.1216	1448.7003	5.0891	6
222.9	20.1216	1448.8673	5.0894	6
222.95	20.1221	1448.226	5.0678	6
223	20.1218	1448.6004	5.0566	6
223.05	20.1218	1448.7149	5.0639	6
223.1	20.1224	1448.2442	5.0806	6
223.15	20.1225	1448.2683	5.0776	6
223.2	20.1221	1448.8421	5.0893	6
223.25	20.1226	1448.2482	5.0831	6
223.3	20.1226	1447.3861	5.0657	6
223.35	20.1217	1447.1632	5.0643	6
223.4	20.1216	1446.9799	5.0577	6
223.45	20.1221	1446.3549	5.0454	6
223.5	20.1215	1447.2518	5.0543	6
223.55	20.1216	1447.3798	5.0679	6
223.6	20.1224	1446.3465	5.0595	6
223.65	20.1218	1447.0808	5.0431	6
223.7	20.1216	1447.627	5.0469	6
223.75	20.1225	1446.46	5.0556	6
223.8	20.122	1447.0511	5.0531	6
223.85	20.1215	1447.9861	5.0562	6
223.9	20.1221	1447.1966	5.0497	6
223.95	20.1224	1446.8653	5.0533	6
224	20.1217	1447.9645	5.0717	6
224.05	20.122	1447.6632	5.0617	6
224.1	20.1229	1446.4693	5.0445	6
224.15	20.1224	1447.3458	5.0343	6
224.2	20.1221	1447.7343	5.0423	6
224.25	20.1227	1445.944	5.04	6
224.3	20.1221	1445.2675	5.0427	6
224.35	20.1214	1445.9852	5.0568	6
224.4	20.1215	1445.8796	5.0575	6
224.45	20.122	1445.3203	5.063	6
224.5	20.1217	1445.8521	5.0652	6
224.55	20.1213	1446.6363	5.0546	6
224.6	20.1219	1446.0231	5.049	6
224.65	20.1222	1445.5606	5.06	6
224.7	20.1213	1447.0893	5.0608	6
224.75	20.1217	1446.4892	5.0605	6
224.8	20.1222	1445.9705	5.0519	6
224.85	20.1214	1447.2619	5.0642	6
224.9	20.1217	1447.0147	5.082	6
224.95	20.1221	1446.5613	5.0805	6
225	20.1213	1447.7795	5.0674	6
225.05	20.1217	1447.2662	5.0524	6
225.1	20.122	1447.096	5.0518	6
225.15	20.1213	1448.1898	5.0421	6
225.2	20.1219	1447.187	5.029	6
225.25	20.1216	1446.7686	5.0371	6
225.3	20.1207	1446.6272	5.034	6
225.35	20.121	1445.9884	5.0479	6
225.4	20.1208	1446.3819	5.0607	6
225.45	20.1205	1446.9244	5.0509	6
225.5	20.1208	1446.5731	5.0479	6
225.55	20.1207	1446.9295	5.0439	6
225.6	20.1205	1447.3276	5.0426	6
225.65	20.1206	1447.1764	5.0512	6
225.7	20.1208	1447.0647	5.0586	6
225.75	20.1207	1447.2229	5.0568	6
225.8	20.1206	1447.5222	5.0511	6
225.85	20.1207	1447.4002	5.0547	6
225.9	20.1206	1447.5258	5.0709	6
225.95	20.1201	1448.1741	5.0699	6
226	20.1204	1447.7922	5.049	6
226.05	20.1204	1448.1026	5.0476	6
226.1	20.1202	1448.6341	5.0435	6
226.15	20.1207	1448.0719	5.0551	6
226.2	20.1206	1448.2687	5.0691	6
226.25	20.1202	1449.0102	5.056	6
226.3	20.1207	1448.3363	5.0554	6
226.35	20.1206	1448.5196	5.0695	6
226.4	20.1202	1449.1605	5.0789	6
226.45	20.1204	1448.7746	5.0886	6
226.5	20.1203	1447.5717	5.0854	6
226.55	20.1193	1447.6251	5.0796	6
226.6	20.1192	1447.7298	5.0714	6
226.65	20.1196	1447.1514	5.0547	6
226.7	20.1191	1447.9354	5.0709	6
226.75	20.1187	1448.4563	5.0746	6
226.8	20.1194	1447.4118	5.069	6
226.85	20.1194	1447.8301	5.0827	6
226.9	20.119	1448.322	5.0944	6
226.95	20.1195	1447.6563	5.0787	6
227	20.1194	1447.9127	5.0695	6
227.05	20.119	1448.5162	5.0697	6
227.1	20.1192	1448.4359	5.0444	6
227.15	20.1192	1448.4666	5.0511	6
227.2	20.1192	1448.701	5.0533	6
227.25	20.1189	1449.1826	5.0482	6
227.3	20.119	1448.973	5.0463	6
227.35	20.1192	1448.7364	5.0542	6
227.4	20.1191	1449.1497	5.0642	6
227.45	20.1194	1449.0073	5.079	6
227.5	20.1199	1448.2784	5.082	6
227.55	20.1196	1448.7278	5.0839	6
227.6	20.1196	1448.869	5.0842	6
227.65	20.1201	1448.2325	5.0812	6
227.7	20.1198	1448.8581	5.0609	6
227.75	20.1198	1448.8795	5.0541	6
227.8	20.1201	1448.4917	5.0708	6
227.85	20.1196	1449.2931	5.0762	6
227.9	20.12	1449.0398	5.0758	6
227.95	20.1201	1449.0356	5.0782	6
228	20.1201	1448.9663	5.0655	6
228.05	20.1198	1448.2897	5.0684	6
228.1	20.1196	1447.4405	5.0741	6
228.15	20.1197	1447.1142	5.0768	6
228.2	20.1196	1447.3471	5.0815	6
228.25	20.1195	1447.4547	5.0682	6
228.3	20.1196	1447.3137	5.0612	6
228.35	20.1195	1447.4127	5.0585	6
228.4	20.1193	1447.6351	5.0501	6
228.45	20.1193	1447.7853	5.0487	6
228.5	20.1193	1447.8486	5.0559	6
228.55	20.1192	1448.1043	5.0692	6
228.6	20.119	1448.4703	5.0784	6
228.65	20.119	1448.7243	5.0626	6
228.7	20.1194	1448.2926	5.0699	6
228.75	20.119	1448.8674	5.0636	6
228.8	20.1185	1449.4443	5.0618	6
228.85	20.1192	1448.7788	5.0713	6
228.9	20.1191	1449.072	5.0676	6
228.95	20.1188	1449.7567	5.0874	6
229	20.1189	1449.4599	5.0801	6
229.05	20.1194	1448.9935	5.0751	6
229.1	20.1188	1450.1349	5.0992	6
229.15	20.1191	1449.8611	5.0864	6
229.2	20.1195	1449.4206	5.0735	6
229.25	20.119	1450.2991	5.0835	6
229.3	20.1189	1450.5958	5.1079	6
229.35	20.1194	1449.9753	5.1135	6
229.4	20.1189	1450.5944	5.087	6
229.45	20.1189	1450.8168	5.0766	6
229.5	20.1194	1450.2698	5.088	6
229.55	20.1191	1450.6881	5.0787	6
229.6	20.119	1450.9968	5.0725	6
229.65	20.1193	1450.5716	5.0776	6
229.7	20.1191	1450.9009	5.0821	6
229.75	20.1187	1450.0842	5.0907	6
229.8	20.1188	1448.5682	5.0842	6
229.85	20.1187	1448.5184	5.0872	6
229.9	20.1182	1449.157	5.0846	6
229.95	20.1187	1448.7915	5.0794	6
230	20.1189	1448.438	5.0901	6
230.05	20.1185	1449.0431	5.0855	6
230.1	20.1184	1449.2843	5.0732	6
230.15	20.1191	1448.5088	5.0652	6
230.2	20.1188	1449.1631	5.067	6
230.25	20.1182	1450.0348	5.0793	6
230.3	20.1189	1449.0634	5.0718	6
230.35	20.1192	1448.85	5.0693	6
230.4	20.1184	1450.2922	5.0775	6
230.45	20.1189	1449.468	5.0768	6
230.5	20.1194	1448.8772	5.0863	6
230.55	20.1184	1450.1748	5.0891	6
230.6	20.1188	1449.7708	5.0778	6
230.65	20.1193	1449.1833	5.0761	6
230.7	20.1188	1449.9907	5.074	6
230.75	20.1189	1449.9959	5.0699	6
230.8	20.1195	1449.3122	5.0651	6
230.85	20.1191	1450.0006	5.059	6
230.9	20.1192	1450.1328	5.0711	6
230.95	20.1194	1449.8938	5.0668	6
231	20.1191	1450.3823	5.081	6
231.05	20.119	1450.483	5.0704	6
231.1	20.119	1450.5774	5.0576	6
231.15	20.119	1450.6468	5.0817	6
231.2	20.1188	1450.8157	5.075	6
231.25	20.1189	1450.6431	5.0571	6
231.3	20.1187	1450.886	5.0617	6
231.35	20.1184	1451.419	5.0665	6
231.4	20.1187	1451.2133	5.0793	6
231.45	20.1187	1451.4823	5.0928	6
231.5	20.1184	1451.8889	5.0942	6
231.55	20.1186	1451.817	5.0874	6
231.6	20.1183	1451.5906	5.0673	6
231.65	20.1178	1450.7952	5.0774	6
231.7	20.1174	1450.574	5.0721	6
231.75	20.1172	1450.8516	5.0702	6
231.8	20.1171	1451.1005	5.0852	6
231.85	20.117	1451.3868	5.0982	6
231.9	20.117	1451.4223	5.0886	6
231.95	20.1172	1451.208	5.0839	6
232	20.117	1451.4215	5.11	6
232.05	20.1171	1451.5667	5.1118	6
232.1	20.1174	1451.3164	5.1109	6
232.15	20.1175	1451.1013	5.1234	6
232.2	20.1174	1451.4686	5.1173	6
232.25	20.1176	1451.2579	5.0886	6
232.3	20.1177	1451.1994	5.0979	6
232.35	20.1174	1451.7554	5.1005	6
232.4	20.1176	1451.6327	5.0961	6
232.45	20.1178	1451.4681	5.0952	6
232.5	20.1175	1451.9987	5.0894	6
232.55	20.1174	1451.8887	5.0764	6
232.6	20.1175	1451.9049	5.069	6
232.65	20.1174	1452.104	5.0806	6
232.7	20.1174	1452.2444	5.0781	6
232.75	20.1176	1452.0853	5.074	6
232.8	20.1177	1452.1115	5.0974	6
232.85	20.1176	1452.3895	5.0764	6
232.9	20.1179	1452.0226	5.0786	6
232.95	20.1179	1452.1693	5.0861	6
233	20.118	1452.0009	5.0805	6
233.05	20.1179	1452.2485	5.0905	6
233.1	20.1181	1452.0607	5.0875	6
233.15	20.1184	1451.6756	5.0906	6
233.2	20.1182	1452.0123	5.0801	6
233.25	20.1184	1451.8617	5.078	6
233.3	20.1188	1451.6573	5.1028	6
233.35	20.1185	1452.0399	5.1167	6
233.4	20.1186	1452.0542	5.1036	6
233.45	20.1186	1452.077	5.1045	6
233.5	20.1187	1451.9931	5.1207	6
233.55	20.1187	1452.0896	5.1216	6
233.6	20.1192	1451.6758	5.1002	6
233.65	20.1192	1451.579	5.1039	6
233.7	20.1194	1451.3602	5.123	6
233.75	20.1195	1451.3814	5.112	6
233.8	20.1198	1450.9145	5.0957	6
233.85	20.1199	1450.8326	5.087	6
233.9	20.1201	1450.6765	5.0957	6
233.95	20.1206	1449.9376	5.0982	6
234	20.1202	1449.4185	5.1016	6
234.05	20.1199	1448.1833	5.1072	6
234.1	20.1198	1448.056	5.1092	6
234.15	20.1196	1448.493	5.1084	6
234.2	20.1199	1448.2966	5.1039	6
234.25	20.12	1448.2579	5.0961	6
234.3	20.1199	1448.504	5.1051	6
234.35	20.1199	1448.3831	5.1055	6
234.4	20.1205	1447.8458	5.0796	6
234.45	20.1201	1448.3831	5.0675	6
234.5	20.1202	1448.3022	5.06	6
234.55	20.1206	1447.6486	5.0672	6
234.6	20.1207	1447.5983	5.0708	6
234.65	20.1205	1448.1018	5.0674	6
234.7	20.121	1447.5373	5.0701	6
234.75	20.1215	1446.8917	5.0693	6
234.8	20.1209	1447.6558	5.0646	6
234.85	20.1212	1447.4781	5.0759	6
234.9	20.1218	1446.6574	5.0791	6
234.95	20.1214	1447.4966	5.0921	6
235	20.1218	1447.2047	5.1102	6
235.05	20.1224	1446.4414	5.1129	6
235.1	20.1221	1446.7269	5.091	6
235.15	20.1221	1446.6255	5.0812	6
235.2	20.1223	1445.0302	5.1004	6
235.25	20.1218	1444.7097	5.1143	6
235.3	20.1219	1444.6302	5.0968	6
235.35	20.1219	1444.47	5.0957	6
235.4	20.1215	1445.1321	5.0765	6
235.45	20.1217	1444.9126	5.0758	6
235.5	20.1218	1445.0515	5.0892	6
235.55	20.1215	1445.5151	5.0939	6
235.6	20.1214	1445.6664	5.1084	6
235.65	20.1212	1445.9419	5.0831	6
235.7	20.1215	1445.7076	5.0723	6
235.75	20.1212	1446.2427	5.0655	6
235.8	20.1212	1446.2231	5.0751	6
235.85	20.1214	1446.1518	5.0913	6
235.9	20.1212	1446.405	5.0833	6
235.95	20.1212	1446.4326	5.0756	6
236	20.1212	1446.691	5.0827	6
236.05	20.1212	1446.8523	5.0689	6
236.1	20.1213	1446.8783	5.0633	6
236.15	20.1214	1446.9025	5.0714	6
236.2	20.1212	1446.9065	5.0759	6
236.25	20.1206	1446.1284	5.0841	6
236.3	20.1207	1445.1155	5.0828	6
236.35	20.1204	1445.6767	5.0939	6
236.4	20.1202	1445.9443	5.089	6
236.45	20.1205	1445.543	5.0946	6
236.5	20.1202	1446.0558	5.1075	6
236.55	20.1201	1446.339	5.1099	6
236.6	20.1207	1445.6421	5.1154	6
236.65	20.1206	1445.85	5.0937	6
236.7	20.1205	1445.9878	5.083	6
236.75	20.121	1445.2502	5.0942	6
236.8	20.121	1445.4084	5.1057	6
236.85	20.1211	1445.4623	5.1153	6
236.9	20.121	1445.7192	5.1082	6
236.95	20.1213	1445.4409	5.0843	6
237	20.1214	1445.275	5.0678	6
237.05	20.1209	1446.2257	5.0855	6
237.1	20.121	1446.1149	5.0968	6
237.15	20.1215	1445.4691	5.0855	6
237.2	20.1208	1446.2686	5.0615	6
237.25	20.1205	1446.8292	5.0557	6
237.3	20.121	1446.1166	5.0642	6
237.35	20.1209	1446.5667	5.0706	6
237.4	20.1204	1446.6039	5.0812	6
237.45	20.1208	1444.4244	5.0664	6
237.5	20.1201	1444.6806	5.065	6
237.55	20.1202	1444.5788	5.0635	6
237.6	20.1203	1444.436	5.067	6
237.65	20.1207	1444.168	5.077	6
237.7	20.1199	1445.2053	5.0621	6
237.75	20.1202	1444.9699	5.0633	6
237.8	20.1206	1444.6438	5.0587	6
237.85	20.1204	1445.3372	5.0471	6
237.9	20.1205	1445.0393	5.0409	6
237.95	20.1206	1445.0112	5.0416	6
238	20.1206	1445.2627	5.0599	6
238.05	20.1204	1445.4389	5.0774	6
238.1	20.1206	1445.3407	5.0724	6
238.15	20.1206	1445.3514	5.0624	6
238.2	20.1206	1445.4299	5.0647	6
238.25	20.1209	1445.0644	5.0713	6
238.3	20.1208	1445.269	5.0847	6
238.35	20.1209	1445.2586	5.0752	6
238.4	20.1211	1445.0233	5.0645	6
238.45	20.1208	1445.4548	5.0531	6
238.5	20.1211	1445.2409	5.058	6
238.55	20.1213	1444.9952	5.0773	6
238.6	20.121	1445.3536	5.0793	6
238.65	20.1212	1443.5198	5.0839	6
238.7	20.1206	1443.1046	5.0643	6
238.75	20.12	1443.8096	5.0546	6
238.8	20.1203	1443.4268	5.0628	6
238.85	20.1203	1443.6489	5.0638	6
238.9	20.1201	1444.1041	5.0612	6
238.95	20.1198	1444.3258	5.048	6
239	20.1202	1443.9364	5.0411	6
239.05	20.1201	1443.9405	5.057	6
239.1	20.1201	1444.1424	5.0512	6
239.15	20.1196	1444.754	5.0474	6
239.2	20.1197	1444.8158	5.052	6
239.25	20.1199	1444.6375	5.0531	6
239.3	20.1197	1445.0422	5.073	6
239.35	20.1194	1445.4505	5.0731	6
239.4	20.1197	1445.071	5.0712	6
239.45	20.1196	1445.1972	5.0651	6
239.5	20.119	1446.0937	5.0507	6
239.55	20.1191	1445.8528	5.0521	6
239.6	20.1196	1445.2086	5.0485	6
239.65	20.1193	1445.789	5.0509	6
239.7	20.119	1446.4759	5.069	6
239.75	20.12	1445.2434	5.0683	6
239.8	20.12	1445.3825	5.0702	6
239.85	20.1194	1446.3656	5.0732	6
239.9	20.12	1445.6667	5.0569	6
239.95	20.1199	1445.8268	5.0678	6
240	20.12	1445.8002	5.0761	6
240.05	20.1198	1445.3538	5.061	6
240.1	20.1194	1444.2113	5.0629	6
240.15	20.1193	1443.8357	5.0504	6
240.2	20.1193	1443.8798	5.0409	6
240.25	20.1193	1443.9175	5.0579	6
240.3	20.1189	1444.5725	5.0769	6
240.35	20.119	1444.5828	5.0736	6
240.4	20.1195	1444.0165	5.0702	6
240.45	20.1193	1444.4732	5.0925	6
240.5	20.119	1445.1172	5.0947	6
240.55	20.1198	1443.7978	5.0949	6
240.6	20.1195	1444.2739	5.0799	6
240.65	20.119	1445.3059	5.0753	6
240.7	20.1197	1444.2353	5.0752	6
240.75	20.1198	1444.2664	5.0585	6
240.8	20.1195	1444.7797	5.0518	6
240.85	20.1197	1444.4059	5.0559	6
240.9	20.1199	1444.1237	5.0551	6
240.95	20.1197	1444.4371	5.0538	6
241	20.1196	1444.7324	5.0568	6
241.05	20.1202	1444.1148	5.0698	6
241.1	20.1199	1444.6043	5.0655	6
241.15	20.1198	1444.5905	5.0505	6
241.2	20.1203	1443.9271	5.0506	6
241.25	20.12	1444.5401	5.0583	6
241.3	20.1199	1444.7417	5.0635	6
241.35	20.1206	1443.9953	5.0778	6
241.4	20.1206	1444.3765	5.0721	6
241.45	20.1204	1444.7806	5.0828	6
241.5	20.1212	1443.6186	5.0866	6
241.55	20.1208	1442.7013	5.0708	6
241.6	20.1199	1442.7347	5.073	6
241.65	20.1206	1441.6113	5.0651	6
241.7	20.1205	1441.6924	5.0685	6
241.75	20.1201	1442.405	5.0653	6
241.8	20.1203	1442.1647	5.073	6
241.85	20.1208	1441.5442	5.0771	6
241.9	20.1208	1441.5473	5.0601	6
241.95	20.1205	1442.1993	5.0668	6
242	20.1212	1441.2961	5.0585	6
242.05	20.1212	1441.3385	5.0474	6
242.1	20.1212	1441.7106	5.0672	6
242.15	20.1215	1441.3467	5.0661	6
242.2	20.1214	1441.421	5.0537	6
242.25	20.1213	1441.5649	5.0507	6
242.3	20.1217	1441.2032	5.0464	6
242.35	20.1216	1441.4021	5.064	6
242.4	20.1214	1441.76	5.062	6
242.45	20.1218	1441.3405	5.045	6
242.5	20.1221	1441.0809	5.0405	6
242.55	20.122	1441.3394	5.0544	6
242.6	20.122	1441.2426	5.0766	6
242.65	20.122	1440.1031	5.0711	6
242.7	20.122	1438.7472	5.0511	6
242.75	20.1214	1439.3649	5.0477	6
242.8	20.1216	1438.9289	5.0489	6
242.85	20.122	1438.3481	5.0492	6
242.9	20.1218	1439.0436	5.0504	6
242.95	20.122	1438.8394	5.0499	6
243	20.1225	1438.0848	5.0487	6
243.05	20.122	1438.673	5.045	6
243.1	20.1223	1438.5398	5.0588	6
243.15	20.1229	1437.6584	5.07	6
243.2	20.1222	1438.7157	5.0664	6
243.25	20.1226	1438.2465	5.0626	6
243.3	20.123	1437.6218	5.0677	6
243.35	20.1225	1438.4718	5.0706	6
243.4	20.1226	1438.2262	5.0628	6
243.45	20.1229	1437.9458	5.0569	6
243.5	20.1226	1438.4639	5.0672	6
243.55	20.1225	1437.6437	5.0674	6
243.6	20.1218	1436.6482	5.0655	6
243.65	20.1216	1436.4391	5.075	6
243.7	20.1216	1436.6178	5.0657	6
243.75	20.1215	1436.8113	5.0581	6
243.8	20.1218	1436.4492	5.0762	6
243.85	20.1217	1436.6222	5.0965	6
243.9	20.1214	1436.9949	5.0918	6
243.95	20.1218	1436.6527	5.0601	6
244	20.1218	1436.7156	5.0712	6
244.05	20.1215	1437.2766	5.0654	6
244.1	20.1218	1437.0548	5.0441	6
244.15	20.1218	1437.1243	5.0636	6
244.2	20.1219	1436.9665	5.0768	6
244.25	20.1221	1436.7929	5.0729	6
244.3	20.1218	1437.4343	5.07	6
244.35	20.1221	1437.0331	5.0697	6
244.4	20.1223	1436.7031	5.0666	6
244.45	20.1218	1437.6337	5.0598	6
244.5	20.1216	1437.9363	5.0615	6
244.55	20.1219	1436.6743	5.0728	6
244.6	20.1212	1435.9931	5.0704	6
244.65	20.1205	1436.6551	5.0707	6
244.7	20.1211	1435.8934	5.0865	6
244.75	20.1211	1436.0662	5.0846	6
244.8	20.1206	1436.9398	5.0766	6
244.85	20.1211	1436.4955	5.0864	6
244.9	20.1212	1436.4421	5.0916	6
244.95	20.1206	1437.2135	5.0833	6
245	20.121	1436.7155	5.0798	6
245.05	20.1214	1436.514	5.0829	6
245.1	20.1208	1437.4944	5.0763	6
245.15	20.1211	1436.9445	5.0622	6
245.2	20.1212	1436.8268	5.0566	6
245.25	20.1209	1437.4282	5.067	6
245.3	20.1211	1437.2729	5.074	6
245.35	20.1211	1437.3964	5.0649	6
245.4	20.1213	1437.2376	5.0776	6
245.45	20.1211	1437.5694	5.077	6
245.5	20.1211	1437.3942	5.0652	6
245.55	20.1213	1437.1192	5.0603	6
245.6	20.1209	1437.7142	5.0543	6
245.65	20.1209	1437.5449	5.061	6
245.7	20.121	1435.6823	5.0618	6
245.75	20.12	1436.0925	5.0467	6
245.8	20.12	1436.2978	5.0531	6
245.85	20.1208	1435.3027	5.0555	6
245.9	20.1204	1435.9886	5.0465	6
245.95	20.12	1436.776	5.0549	6
246	20.1204	1436.1981	5.0731	6
246.05	20.1205	1436.0654	5.0695	6
246.1	20.1198	1436.9052	5.056	6
246.15	20.12	1436.7068	5.0639	6
246.2	20.1205	1436.0109	5.0836	6
246.25	20.1203	1436.4623	5.0799	6
246.3	20.1202	1436.7396	5.0811	6
246.35	20.1208	1436.0308	5.0814	6
246.4	20.1208	1436.308	5.0833	6
246.45	20.1203	1436.9319	5.077	6
246.5	20.1204	1436.8002	5.0781	6
246.55	20.1208	1436.4453	5.0896	6
246.6	20.1202	1437.3898	5.0793	6
246.65	20.1201	1437.6063	5.1001	6
246.7	20.1205	1436.9279	5.1187	6
246.75	20.1201	1437.6001	5.1049	6
246.8	20.12	1437.7532	5.0847	6
246.85	20.1207	1436.9334	5.0839	6
246.9	20.1204	1437.3257	5.0806	6
246.95	20.1198	1437.214	5.0731	6
247	20.12	1435.3325	5.0648	6
247.05	20.1199	1435.1215	5.0834	6
247.1	20.1191	1436.258	5.0958	6
247.15	20.1197	1435.5071	5.1019	6
247.2	20.12	1435.1831	5.0926	6
247.25	20.1193	1436.0978	5.0789	6
247.3	20.1194	1436.0757	5.0827	6
247.35	20.1201	1435.2729	5.0862	6
247.4	20.1197	1435.9431	5.0855	6
247.45	20.1196	1436.3049	5.0885	6
247.5	20.1201	1435.6144	5.0737	6
247.55	20.12	1435.9973	5.0724	6
247.6	20.1198	1436.4176	5.07	6
247.65	20.1202	1436.0369	5.0663	6
247.7	20.1202	1435.9284	5.0728	6
247.75	20.1202	1435.8779	5.0729	6
247.8	20.1202	1436.0533	5.0537	6
247.85	20.1204	1435.929	5.0473	6
247.9	20.1203	1436.1264	5.0483	6
247.95	20.1201	1436.5643	5.0648	6
248	20.1202	1436.4667	5.0639	6
248.05	20.1198	1436.8675	5.0534	6
248.1	20.1197	1437.2056	5.0462	6
248.15	20.1204	1436.5377	5.0437	6
248.2	20.1205	1436.6807	5.0402	6
248.25	20.1204	1436.9161	5.0587	6
248.3	20.1205	1436.6772	5.0593	6
248.35	20.1202	1435.7308	5.0556	6
248.4	20.1196	1435.0598	5.0631	6
248.45	20.1196	1434.8618	5.0714	6
248.5	20.1196	1434.9453	5.0694	6
248.55	20.1195	1435.047	5.0675	6
248.6	20.1196	1435.0563	5.0692	6
248.65	20.1196	1435.042	5.05	6
248.7	20.1198	1434.9488	5.0522	6
248.75	20.1197	1435.1135	5.0607	6
248.8	20.1196	1435.186	5.0557	6
248.85	20.12	1434.7668	5.0702	6
248.9	20.1201	1434.8265	5.0679	6
248.95	20.12	1435.0916	5.0525	6
249	20.1203	1434.6991	5.0672	6
249.05	20.1202	1434.8087	5.0581	6
249.1	20.1198	1435.4023	5.0612	6
249.15	20.1201	1435.2315	5.0667	6
249.2	20.1204	1434.9108	5.0719	6
249.25	20.1197	1436.0024	5.0816	6
249.3	20.1199	1435.8768	5.0885	6
249.35	20.1207	1434.9222	5.0967	6
249.4	20.1203	1435.7067	5.0744	6
249.45	20.1201	1435.8375	5.0698	6
249.5	20.1206	1435.2623	5.0843	6
249.55	20.1204	1435.5688	5.075	6
249.6	20.12	1436.3912	5.0674	6
249.65	20.1202	1436.0929	5.0927	6
249.7	20.12	1436.0209	5.1118	6
249.75	20.1191	1435.8816	5.1155	6
249.8	20.119	1434.9443	5.0886	6
249.85	20.1189	1435.2795	5.0708	6
249.9	20.1185	1435.925	5.0908	6
249.95	20.1188	1435.6104	5.0943	6
250	20.1186	1436.0589	5.1011	6
250.05	20.1184	1436.5197	5.1015	6
250.1	20.1187	1436.0783	5.1033	6
250.15	20.1186	1436.3664	5.1237	6
250.2	20.1183	1436.912	5.1292	6
250.25	20.1186	1436.6005	5.1126	6
250.3	20.1185	1436.8923	5.0851	6
250.35	20.1183	1437.292	5.0961	6
250.4	20.118	1437.58	5.1165	6
250.45	20.1179	1437.7561	5.0997	6
250.5	20.118	1437.7581	5.0814	6
250.55	20.1181	1437.8106	5.081	6
250.6	20.1182	1437.7234	5.0748	6
250.65	20.1182	1437.8456	5.0907	6
250.7	20.1184	1437.6531	5.0725	6
250.75	20.1187	1437.5222	5.0725	6
250.8	20.1185	1437.9405	5.0631	6
250.85	20.1188	1437.4235	5.0682	6
250.9	20.1191	1437.1956	5.0724	6
250.95	20.1187	1437.7335	5.0615	6
251	20.119	1437.5184	5.0644	6
251.05	20.1193	1437.1657	5.0773	6
251.1	20.1192	1437.5	5.0729	6
251.15	20.1191	1437.7687	5.0539	6
251.2	20.1194	1437.3376	5.0438	6
251.25	20.1191	1437.7654	5.0575	6
251.3	20.1189	1438.1446	5.0709	6
251.35	20.1192	1437.8757	5.0622	6
251.4	20.1191	1438.2876	5.0866	6
251.45	20.119	1438.7779	5.097	6
251.5	20.1192	1438.4775	5.0844	6
251.55	20.1193	1438.3644	5.0696	6
251.6	20.1194	1438.3105	5.0681	6
251.65	20.1189	1437.9707	5.0841	6
251.7	20.1186	1436.7307	5.0759	6
251.75	20.1186	1436.4104	5.073	6
251.8	20.1183	1436.7542	5.0688	6
251.85	20.118	1437.1685	5.0516	6
251.9	20.1181	1436.8979	5.0405	6
251.95	20.1182	1436.8673	5.0484	6
252	20.118	1437.3149	5.0626	6
252.05	20.118	1437.2397	5.0786	6
252.1	20.1184	1436.822	5.0722	6
252.15	20.1183	1437.0888	5.0754	6
252.2	20.1183	1437.1834	5.0845	6
252.25	20.1187	1436.8652	5.1128	6
252.3	20.1187	1436.9652	5.1288	6
252.35	20.1187	1437.0786	5.1152	6
252.4	20.119	1436.6856	5.1023	6
252.45	20.1189	1436.8291	5.0868	6
252.5	20.1189	1437.0097	5.0787	6
252.55	20.1192	1436.4921	5.0907	6
252.6	20.1192	1436.4253	5.0893	6
252.65	20.1191	1436.8397	5.0885	6
252.7	20.1195	1436.476	5.0878	6
252.75	20.1196	1436.3457	5.0795	6
252.8	20.1194	1436.6917	5.0893	6
252.85	20.1198	1436.3111	5.0935	6
252.9	20.1204	1435.4724	5.1077	6
252.95	20.1204	1435.649	5.118	6
253	20.1202	1435.9006	5.11	6
253.05	20.1208	1434.9426	5.1083	6
253.1	20.1209	1434.7456	5.1154	6
253.15	20.1204	1435.6619	5.1011	6
253.2	20.1212	1434.6628	5.1039	6
253.25	20.1217	1434.0765	5.1142	6
253.3	20.1209	1434.7733	5.1016	6
253.35	20.121	1432.9481	5.0935	6
253.4	20.1212	1432.0635	5.0911	6
253.45	20.1205	1433.1047	5.0868	6
253.5	20.1206	1432.9862	5.1007	6
253.55	20.1211	1432.3321	5.1264	6
253.6	20.1205	1433.3105	5.1252	6
253.65	20.1205	1433.4817	5.1008	6
253.7	20.1213	1432.4966	5.0924	6
253.75	20.1209	1433.0572	5.0972	6
253.8	20.1208	1433.2299	5.0932	6
253.85	20.1212	1432.8312	5.0838	6
253.9	20.1213	1432.5939	5.0789	6
253.95	20.1212	1432.7429	5.103	6
254	20.1212	1433.0255	5.0928	6
254.05	20.1221	1431.8711	5.0679	6
254.1	20.122	1432.1146	5.0593	6
254.15	20.1215	1433.006	5.0745	6
254.2	20.1218	1432.459	5.0957	6
254.25	20.1219	1432.2555	5.1032	6
254.3	20.1213	1433.1997	5.0841	6
254.35	20.1214	1432.9605	5.0767	6
254.4	20.1215	1431.6452	5.0657	6
254.45	20.1208	1431.0592	5.0582	6
254.5	20.1206	1430.8938	5.051	6
254.55	20.121	1430.5877	5.0468	6
254.6	20.1209	1430.792	5.0579	6
254.65	20.1205	1431.3512	5.0555	6
254.7	20.1205	1431.0447	5.0502	6
254.75	20.1206	1430.9679	5.0632	6
254.8	20.1202	1431.7789	5.068	6
254.85	20.1205	1431.3487	5.0792	6
254.9	20.1207	1431.291	5.0776	6
254.95	20.1205	1431.6996	5.0698	6
255	20.1205	1431.4852	5.06	6
255.05	20.1206	1431.4509	5.0629	6
255.1	20.1203	1431.8446	5.0641	6
255.15	20.1207	1431.3642	5.0564	6
255.2	20.1207	1431.4415	5.0688	6
255.25	20.1205	1432.0014	5.0661	6
255.3	20.121	1431.1866	5.0626	6
255.35	20.1209	1431.2144	5.0699	6
255.4	20.1207	1431.8893	5.0808	6
255.45	20.1211	1431.4144	5.0823	6
255.5	20.121	1431.4818	5.0842	6
255.55	20.1206	1432.3028	5.0833	6
255.6	20.1205	1431.6647	5.0934	6
255.65	20.1203	1430.321	5.0968	6
255.7	20.1196	1430.8337	5.0814	6
255.75	20.1194	1431.144	5.0894	6
255.8	20.1197	1430.8196	5.0871	6
255.85	20.1195	1431.1449	5.0843	6
255.9	20.1193	1431.5846	5.0722	6
255.95	20.1195	1431.3719	5.0618	6
256	20.1194	1431.7037	5.0712	6
256.05	20.1193	1432.0225	5.076	6
256.1	20.1195	1432.0178	5.0866	6
256.15	20.1196	1431.8881	5.0867	6
256.2	20.1195	1431.9138	5.0776	6
256.25	20.1194	1432.0173	5.088	6
256.3	20.1195	1431.9458	5.084	6
256.35	20.1195	1432.0207	5.0731	6
256.4	20.1195	1432.0752	5.0726	6
256.45	20.1197	1431.9193	5.0725	6
256.5	20.1198	1431.9937	5.0596	6
256.55	20.1199	1431.8476	5.0633	6
256.6	20.1198	1432.0421	5.0869	6
256.65	20.1201	1431.938	5.0939	6
256.7	20.1201	1431.9095	5.074	6
256.75	20.12	1432.1095	5.0703	6
256.8	20.1199	1432.3401	5.0771	6
256.85	20.1201	1432.1149	5.0831	6
256.9	20.1199	1432.5108	5.0701	6
256.95	20.1196	1432.9966	5.0709	6
257	20.12	1432.3911	5.0756	6
257.05	20.12	1432.2272	5.0715	6
257.1	20.1191	1431.8662	5.0748	6
257.15	20.1191	1430.8339	5.0797	6
257.2	20.1193	1430.6651	5.0787	6
257.25	20.1187	1431.3201	5.0782	6
257.3	20.1187	1431.3192	5.0924	6
257.35	20.1191	1430.7966	5.0832	6
257.4	20.1193	1430.8341	5.0771	6
257.45	20.1193	1430.8752	5.0747	6
257.5	20.1196	1430.4672	5.0711	6
257.55	20.1199	1430.0337	5.0797	6
257.6	20.1201	1429.9599	5.0775	6
257.65	20.1203	1429.623	5.071	6
257.7	20.1207	1429.1597	5.0628	6
257.75	20.1207	1429.3301	5.0583	6
257.8	20.121	1428.9831	5.0764	6
257.85	20.1214	1428.4893	5.0696	6
257.9	20.1214	1428.493	5.0627	6
257.95	20.1216	1428.2526	5.051	6
258	20.1218	1428.0629	5.0657	6
258.05	20.122	1428.0017	5.0821	6
258.1	20.1224	1427.638	5.0744	6
258.15	20.1223	1427.7678	5.0579	6
258.2	20.1225	1427.5425	5.058	6
258.25	20.1228	1427.2293	5.0692	6
258.3	20.1227	1426.2995	5.0748	6
258.35	20.122	1425.7301	5.0792	6
258.4	20.122	1425.5387	5.0796	6
258.45	20.1223	1425.1169	5.0701	6
258.5	20.122	1425.5949	5.0611	6
258.55	20.1222	1425.4059	5.0538	6
258.6	20.1226	1425.0409	5.0565	6
258.65	20.1224	1425.2762	5.054	6
258.7	20.1226	1424.9999	5.049	6
258.75	20.1229	1424.6929	5.0424	6
258.8	20.1229	1424.6672	5.0421	6
258.85	20.1228	1424.9717	5.0429	6
258.9	20.1229	1424.9024	5.04	6
258.95	20.123	1424.937	5.0316	6
259	20.1228	1425.4969	5.017	6
259.05	20.1227	1425.6776	5.0492	6
259.1	20.1228	1425.6445	5.0693	6
259.15	20.1226	1425.65	5.076	6
259.2	20.122	1424.9326	5.0935	6
259.25	20.1218	1424.0058	5.088	6
259.3	20.1217	1424.0433	5.1024	6
259.35	20.1216	1424.4216	5.1177	6
259.4	20.1214	1424.6879	5.0991	6
259.45	20.1215	1424.7709	5.0753	6
259.5	20.1213	1425.1358	5.0674	6
259.55	20.1209	1425.7544	5.0531	6
259.6	20.1207	1426.0345	5.0606	6
259.65	20.1202	1426.5275	5.0701	6
259.7	20.12	1426.8194	5.0666	6
259.75	20.1197	1427.4165	5.0759	6
259.8	20.1196	1427.658	5.0859	6
259.85	20.1193	1428.0303	5.0884	6
259.9	20.119	1428.4547	5.0798	6
259.95	20.1188	1428.8605	5.0809	6
260	20.1184	1429.4348	5.0734	6
260.05	20.1187	1429.1932	5.0594	6
260.1	20.1184	1429.6643	5.0669	6
260.15	20.1182	1430.0542	5.0632	6
260.2	20.1183	1429.9258	5.084	6
260.25	20.1179	1430.4179	5.0893	6
260.3	20.1175	1431.0754	5.0852	6
260.35	20.1171	1431.5868	5.0724	6
260.4	20.1169	1431.6903	5.0496	6
260.45	20.1162	1433.003	5.0626	6
260.5	20.116	1433.455	5.0661	6
260.55	20.116	1433.5651	5.0688	6
260.6	20.1155	1434.5229	5.0849	6
260.65	20.1149	1435.2392	5.0642	6
260.7	20.1152	1434.8709	5.0591	6
260.75	20.1153	1434.9469	5.0782	6
260.8	20.1148	1435.7384	5.0752	6
260.85	20.1153	1435.2219	5.0773	6
260.9	20.1154	1435.1534	5.069	6
260.95	20.1148	1436.0787	5.0627	6
261	20.115	1435.9205	5.0671	6
261.05	20.1151	1435.7851	5.0773	6
261.1	20.115	1436.1156	5.084	6
261.15	20.115	1436.4461	5.0714	6
261.2	20.1152	1436.1186	5.0663	6
261.25	20.1151	1436.1148	5.0626	6
261.3	20.1147	1436.6113	5.066	6
261.35	20.115	1436.226	5.0657	6
261.4	20.1152	1435.9794	5.07	6
261.45	20.1154	1435.948	5.0724	6
261.5	20.1153	1435.9518	5.0667	6
261.55	20.1158	1435.3314	5.0622	6
261.6	20.1159	1435.1915	5.0615	6
261.65	20.1158	1435.5929	5.0683	6
261.7	20.116	1435.2448	5.0473	6
261.75	20.1164	1434.7556	5.0531	6
261.8	20.1161	1435.2956	5.0476	6
261.85	20.1164	1434.9249	5.0487	6
261.9	20.1168	1434.4885	5.0478	6
261.95	20.1167	1434.6133	5.0462	6
262	20.1168	1434.4504	5.0552	6
262.05	20.117	1434.3321	5.0512	6
262.1	20.1172	1434.2802	5.0609	6
262.15	20.1175	1433.9539	5.0692	6
262.2	20.1174	1434.0136	5.0477	6
262.25	20.1175	1433.9885	5.0431	6
262.3	20.1179	1433.6295	5.0547	6
262.35	20.1178	1433.6607	5.071	6
262.4	20.1176	1433.8329	5.0598	6
262.45	20.118	1433.3045	5.05	6
262.5	20.1179	1433.1767	5.0614	6
262.55	20.1172	1432.39	5.0521	6
262.6	20.1173	1431.2373	5.0335	6
262.65	20.1172	1431.4185	5.0401	6
262.7	20.1168	1432.0278	5.0446	6
262.75	20.1174	1431.2771	5.066	6
262.8	20.1172	1431.7123	5.0658	6
262.85	20.1167	1432.5654	5.0451	6
262.9	20.1173	1431.7416	5.0402	6
262.95	20.1173	1431.8455	5.0429	6
263	20.1169	1432.5222	5.0425	6
263.05	20.1173	1431.8897	5.0494	6
263.1	20.1175	1431.6867	5.0668	6
263.15	20.1172	1432.3164	5.0757	6
263.2	20.1172	1432.2901	5.0414	6
263.25	20.1173	1432.0071	5.0423	6
263.3	20.1171	1432.4867	5.0586	7
263.35	20.1173	1432.2301	5.0504	7
263.4	20.1173	1432.39	5.0538	7
263.45	20.1173	1432.5604	5.0556	7
263.5	20.1171	1431.0011	5.0627	7
263.55	20.1127	1422.5333	5.0747	7
263.6	20.1017	1401.7642	5.0603	7
263.65	20.084	1368.9629	5.0544	7
263.7	20.0577	1327.0373	5.0433	7
263.75	20.0232	1275.1749	5.045	7
263.8	19.9806	1213.6514	5.0334	7
263.85	19.9283	1144.3516	5.0436	7
263.9	19.8656	1067.942	5.0591	7
263.95	19.7925	984.4454	5.0564	7
264	19.7074	895.3213	5.06	7
264.05	19.6099	801.7949	5.054	7
264.1	19.4999	704.0083	5.0581	7
264.15	19.3759	603.4164	5.0788	7
264.2	19.237	501.913	5.0911	7
264.25	19.0816	402.0414	5.0871	7
264.3	18.9085	305.7142	5.0791	7
264.35	18.7142	217.1168	5.0845	8
264.4	18.4974	138.8901	5.1057	8
264.45	18.2573	72.536	5.1205	8
264.5	17.9926	21.6767	5.1181	8
264.55	17.7169	-1.1347	5.1084	8
264.6	17.4617	3.3405	5.1055	8
264.65	17.2257	8.1542	5.104	8
264.7	16.996	5.8295	5.0813	8
264.75	16.7675	0.8604	5.0666	8
264.8	16.5393	-5.1512	5.0728	8
264.85	16.3106	-11.8635	5.0792	8
264.9	16.0812	-18.2516	5.0679	8
264.95	15.85	-22.6524	5.0791	8
265	15.6173	-26.1106	5.0832	8
265.05	15.3834	-29.6916	5.0865	8
265.1	15.1489	-33.0537	5.088	8
265.15	14.9137	-35.6582	5.087	8
265.2	14.678	-38.0265	5.0944	8
265.25	14.441	-40.8051	5.103	8
265.3	14.2036	-44.1136	5.1103	8
265.35	13.9659	-47.4343	5.0934	8
265.4	13.7278	-51.0069	5.0778	8
265.45	13.4886	-54.2465	5.086	8
265.5	13.2473	-55.6817	5.0893	8
265.55	13.0058	-57.4267	5.0964	8
265.6	12.7628	-58.0185	5.0959	8
265.65	12.5187	-57.8392	5.088	8
265.7	12.2734	-57.0127	5.0925	8
265.75	12.0268	-55.4306	5.0901	8
265.8	11.7802	-53.8049	5.0964	8
265.85	11.5331	-52.2668	5.0912	8
265.9	11.285	-50.6807	5.097	8
265.95	11.0361	-48.5134	5.0999	8
266	10.7863	-45.3406	5.091	8
266.05	10.5372	-43.7255	5.0827	8
266.1	10.2864	-41.4764	5.0843	8
266.15	10.0359	-40.0264	5.0827	8
266.2	9.7847	-38.1031	5.0772	8
266.25	9.533	-35.8843	5.0601	8
266.3	9.2808	-34.1693	5.0523	8
266.35	9.0282	-32.6418	5.0645	8
266.4	8.7748	-31.0223	5.0599	8
266.45	8.5216	-30.0613	5.0636	8
266.5	8.2679	-28.9112	5.0676	8
266.55	8.0146	-28.7454	5.0533	8
266.6	7.7601	-27.4732	5.0477	8
266.65	7.5058	-27.0327	5.0438	8
266.7	7.2506	-26.1806	5.0542	8
266.75	6.9951	-25.0287	5.066	8
266.8	6.74	-23.741	5.0611	8
266.85	6.4846	-23.4019	5.0696	8
266.9	6.2277	-22.2702	5.0682	8
266.95	5.9708	-21.2834	5.0718	8
267	5.7135	-19.8894	5.0746	8
267.05	5.4559	-19.0112	5.0685	8
267.1	5.1977	-18.1431	5.0667	8
267.15	4.9392	-17.0491	5.0688	8
267.2	4.6812	-16.9131	5.0815	8
267.25	4.4229	-16.8227	5.0849	8
267.3	4.1634	-16.0968	5.0666	8
267.35	3.9047	-16.1825	5.0635	8
267.4	3.6453	-15.4043	5.0613	8
267.45	3.3853	-14.4038	5.0582	8
267.5	3.1252	-13.8354	5.0741	8
267.55	2.8651	-13.4869	5.0745	8
267.6	2.6051	-13.3774	5.0611	8
267.65	2.3445	-12.708	5.0484	8
267.7	2.084	-12.8536	5.0429	8
267.75	1.8231	-12.5113	5.0571	8
267.8	1.5624	-12.1868	5.0722	8
267.85	1.3014	-12.1336	5.0704	8
267.9	1.0395	-11.4327	5.0539	8
267.95	0.7773	-10.4466	5.0476	8
268	0.5158	-10.361	5.0556	8
268.05	0.2545	-10.4796	5.0606	8
268.1	-0.0072	-10.4628	5.0524	8
268.15	-0.269	-10.046	5.0446	8
268.2	-0.5307	-10.6335	5.0638	8
268.25	-0.7929	-10.4735	5.0859	8
268.3	-1.0543	-10.4487	5.0898	8
268.35	-1.3153	-10.9106	5.0909	8
268.4	-1.5777	-10.9049	5.0913	8
268.45	-1.8401	-10.9841	5.0866	8
268.5	-2.1022	-11.0087	5.096	8
268.55	-2.364	-11.4713	5.0951	8
268.6	-2.6264	-11.6208	5.0875	8
268.65	-2.8893	-11.4701	5.0851	8
268.7	-3.1512	-12.2642	5.0828	8
268.75	-3.414	-12.0192	5.0826	8
268.8	-3.6766	-12.1655	5.0821	8
268.85	-3.9387	-12.4217	5.0858	8
268.9	-4.2013	-12.1463	5.0805	8
268.95	-4.4636	-12.4008	5.0713	8
269	-4.7256	-12.501	5.0692	8
269.05	-4.9875	-11.9946	5.0723	8
269.1	-5.2501	-11.6544	5.0784	8
269.15	-5.513	-11.2033	5.0779	8
269.2	-5.7745	-11.6812	5.0778	8
269.25	-6.0362	-11.8267	5.0854	8
269.3	-6.2985	-11.76	5.0843	8
