Indentation

 + User defined profile

+ User defined profile
   Acquisition rate :	20.0 [Hz]
   Linear load 20.00  µN ; 100.00 µN/min
   Pause in load 2 s
   Linear load 0.00  µN ; 100.00 µN/min
   Pause in load 120 s
   Linear depth 20.00  µm ; 500.00 µm/min
   Pause in depth 120 s
   Linear depth 0.00  µm ; 1000.00 µm/min
+ TTX - UNHT Bio S/N: 1000136751 settings
   Fn contact : 25 µN
   Approach distance : 20 µm
   Approach speed : 100 µm/min
   Retract speed : 200 µm/min
   Retract time : 5 sec
   Dz sensor in large range
   Load in fine range
   FnRef in fine range
   FnRef contactload :500.000 µN
   Stiffness threshold : 1 µN/µm

   X Position :10523.04 µm
   Y Position :37957.90 µm
   Z Position :8363.72 µm

Date :6/9/2026
Time :10:29:04 AM

Analysis n # 1

   Method :	Hertz

 + Parameters

  Load Fit [10%,98%]

 + Main results

   EHz=	534.45 	kPa

 + Hypothesis


 + Additional results

   ErHz=	587.30 kPa
   h offset=	26.50 µm
   R2=	0.90

Analysis n # 2

   Method :	Oliver & Pharr

Cycle # 1

 + Parameters

  Unload Fit [40%,98%]

 + Main results

   HIT=	0.32769 	kPa
   EIT=	134.23 	kPa
   E*=	147.5 	kPa

 + Hypothesis

   !!! Indenter not calibrated !!!
   m out of O&P hypothesis
   Poisson's ratio(nu)=	0.30 

 + Additional results

   HVIT=	3.3403E-005 	 Vickers
   RIT 2.7E-005/12/2=	0.89 	%
   nIT=	72.44 %
   Fmax=	27.09 	µN
   hmax=	27.61 	µm
   S=	47.8565 	µN/µm
   F/S²=	0.0118 	µm²/µN
   hc=	27.05 	µm
   hr=	27.05 	µm
   hp=	27.26 	µm
   m=	0.6305 
   Epsilon=	1.00 
   R2=	0.833
   Ap=	82672.48 	µm²
   Welast=	6.58 pJ
   Wplast=	2.50 pJ
   Wtotal=	9.08 pJ
   Er=	147.5 	kPa

Cycle # 2

 + Parameters

  Unload Fit [40%,98%]

 + Main results

! Not calculable !

 + Hypothesis

   !!! Indenter not calibrated !!!
   Poisson's ratio(nu)=	0.30 

 + Additional results

   RIT 0/-1/120=	106.66 	%
   Fmax=	-0.48 	µN
   hmax=	26.25 	µm

Measured values
Time (s)	Pd (µm)	Fn (µN)	FnRef (µN)	SegmentID

0	0	0	5.3835	0
0.05	0.0359	0.0175	5.3713	0
0.1	0.0718	0.5376	5.3494	0
0.15	0.1088	-0.0575	5.3588	0
0.2	0.1462	0.3735	5.3689	0
0.25	0.1846	0.2336	5.3601	0
0.3	0.223	0.2777	5.3503	0
0.35	0.2613	0.552	5.3604	0
0.4	0.3006	0.2518	5.3685	0
0.45	0.3401	0.3096	5.3617	0
0.5	0.3799	0.6192	5.3568	0
0.55	0.4211	0.2042	5.3616	0
0.6	0.4622	0.4589	5.354	0
0.65	0.5034	0.5965	5.3518	0
0.7	0.5452	0.446	5.3411	0
0.75	0.5877	0.3424	5.3596	0
0.8	0.6298	0.5206	5.3753	0
0.85	0.6729	0.5372	5.3774	0
0.9	0.7167	0.1995	5.3857	0
0.95	0.7601	0.7452	5.3738	0
1	0.8047	0.7112	5.3699	0
1.05	0.8499	0.1524	5.3661	0
1.1	0.8946	0.7555	5.3576	0
1.15	0.9401	0.7116	5.3585	0
1.2	0.9863	0.4173	5.3695	0
1.25	1.0323	0.5606	5.3788	0
1.3	1.0785	0.9924	5.3659	0
1.35	1.1259	0.2401	5.3603	0
1.4	1.1722	1.2524	5.3592	0
1.45	1.2211	0.2921	5.3553	0
1.5	1.269	0.7333	5.36	0
1.55	1.3174	0.7214	5.3684	0
1.6	1.3663	0.7674	5.3809	0
1.65	1.416	0.4113	5.3876	0
1.7	1.4652	1.1022	5.3884	0
1.75	1.5155	0.435	5.3963	0
1.8	1.5659	0.579	5.385	0
1.85	1.6166	0.9267	5.3692	0
1.9	1.6683	0.5993	5.3777	0
1.95	1.7197	0.443	5.3644	0
2	1.7711	0.7345	5.3716	0
2.05	1.8235	0.5878	5.3557	0
2.1	1.8758	0.7974	5.348	0
2.15	1.9286	0.2782	5.3539	0
2.2	1.9811	0.8145	5.3493	0
2.25	2.0348	0.5848	5.3415	0
2.3	2.0893	0.163	5.3494	0
2.35	2.1434	0.8538	5.3595	0
2.4	2.1983	0.3722	5.3738	0
2.45	2.2532	0.3528	5.3614	0
2.5	2.3084	0.5794	5.3563	0
2.55	2.3643	0.4108	5.3557	0
2.6	2.4204	0.5037	5.3472	0
2.65	2.4771	0.223	5.3453	0
2.7	2.5337	0.6354	5.3615	0
2.75	2.591	0.5274	5.3634	0
2.8	2.6481	0.3444	5.3582	0
2.85	2.7051	0.5888	5.3599	0
2.9	2.7626	0.6223	5.3601	0
2.95	2.8211	0.2664	5.3676	0
3	2.8794	0.4616	5.3645	0
3.05	2.9382	0.5947	5.353	0
3.1	2.998	0.1158	5.3426	0
3.15	3.057	1.1251	5.3415	0
3.2	3.1174	0.2172	5.3284	0
3.25	3.1773	0.4156	5.3402	0
3.3	3.2377	0.686	5.3538	0
3.35	3.2986	0.2647	5.3361	0
3.4	3.3595	0.5837	5.3301	0
3.45	3.4209	0.7723	5.3309	0
3.5	3.4831	0.2286	5.3291	0
3.55	3.545	0.3095	5.3424	0
3.6	3.6068	0.8129	5.3478	0
3.65	3.6693	0.7357	5.3745	0
3.7	3.7327	-0.1757	5.3664	0
3.75	3.7952	0.6711	5.3475	0
3.8	3.8581	1.0225	5.3479	0
3.85	3.9226	-0.0457	5.3615	0
3.9	3.986	0.5263	5.3388	0
3.95	4.0496	0.9066	5.3316	0
4	4.1146	0.3177	5.3495	0
4.05	4.1791	0.5878	5.3583	0
4.1	4.2442	0.719	5.3545	0
4.15	4.3099	0.5513	5.3509	0
4.2	4.3759	-0.0602	5.3515	0
4.25	4.4404	1.2968	5.35	0
4.3	4.507	0.6118	5.3368	0
4.35	4.5735	0.375	5.3206	0
4.4	4.6399	0.4617	5.3194	0
4.45	4.7058	1.3905	5.3422	0
4.5	4.7739	0.1899	5.338	0
4.55	4.841	0.7184	5.331	0
4.6	4.9083	1.1709	5.32	0
4.65	4.9769	0.3609	5.3105	0
4.7	5.0446	0.7393	5.3148	0
4.75	5.1127	0.5119	5.3131	0
4.8	5.1807	1.3134	5.3213	0
4.85	5.2505	0.0288	5.3305	0
4.9	5.318	1.682	5.3301	0
4.95	5.3881	0.2521	5.3407	0
5	5.4569	0.5395	5.3359	0
5.05	5.5261	1.2361	5.3318	0
5.1	5.5965	0.7136	5.3282	0
5.15	5.6673	-0.0424	5.316	0
5.2	5.736	2.1186	5.3116	0
5.25	5.8084	0.1055	5.3182	0
5.3	5.879	0.8343	5.3263	0
5.35	5.9506	0.3397	5.3349	0
5.4	6.0206	1.8221	5.3256	0
5.45	6.0931	0.0597	5.3415	0
5.5	6.1637	1.0654	5.3395	0
5.55	6.2354	1.0787	5.3354	0
5.6	6.3073	0.4923	5.3408	0
5.65	6.3795	0.8656	5.3413	0
5.7	6.4527	1.0362	5.335	0
5.75	6.5262	0.5036	5.338	0
5.8	6.5987	1.1735	5.3274	0
5.85	6.6725	0.3442	5.3319	0
5.9	6.7456	1.4902	5.3355	0
5.95	6.8203	0.2542	5.3299	0
6	6.8936	0.9722	5.3364	0
6.05	6.9674	1.3213	5.3292	0
6.1	7.0424	0.1496	5.3073	0
6.15	7.116	1.2408	5.3069	0
6.2	7.1911	0.9115	5.3301	0
6.25	7.2664	0.6675	5.3217	0
6.3	7.341	1.0234	5.3283	0
6.35	7.4162	1.1018	5.333	0
6.4	7.4916	0.9369	5.3158	0
6.45	7.5673	0.4833	5.3245	0
6.5	7.6423	1.1635	5.3276	0
6.55	7.7182	0.9265	5.3271	0
6.6	7.8052	0.8568	5.3468	0
6.65	7.9556	1.5516	5.3451	0
6.7	8.1722	0.7675	5.3458	0
6.75	8.4023	0.9179	5.3434	0
6.8	8.6333	1.0863	5.3335	0
6.85	8.8628	1.5037	5.3457	0
6.9	9.0912	0.6267	5.3318	0
6.95	9.3127	1.6273	5.3096	0
7	9.5335	0.7563	5.3175	0
7.05	9.7552	1.2898	5.3349	0
7.1	9.971	1.2083	5.3184	0
7.15	10.1829	1.1164	5.3101	0
7.2	10.3912	1.0931	5.3268	0
7.25	10.5955	1.5603	5.3483	0
7.3	10.7972	1.0167	5.3627	0
7.35	10.9952	1.5335	5.3561	0
7.4	11.1975	-8.5157	5.3471	0
7.45	11.4063	-32.6268	5.3302	0
7.5	11.6026	-44.1204	5.3315	0
7.55	11.7874	-45.3044	5.3146	0
7.6	11.9688	-46.1859	5.3228	0
7.65	12.1479	-47.3995	5.3289	0
7.7	12.324	-48.1701	5.3241	0
7.75	12.4965	-48.2664	5.323	0
7.8	12.6667	-49.8749	5.3142	0
7.85	12.8336	-50.3356	5.3198	0
7.9	12.9982	-50.3325	5.3504	0
7.95	13.1616	-51.4895	5.3438	0
8	13.3217	-51.8946	5.3397	0
8.05	13.4789	-51.8653	5.342	0
8.1	13.6339	-52.1291	5.3453	0
8.15	13.7868	-52.5556	5.3456	0
8.2	13.937	-52.0837	5.3366	0
8.25	14.0855	-52.3329	5.343	0
8.3	14.2313	-51.8488	5.3298	0
8.35	14.3758	-51.8952	5.3166	0
8.4	14.5177	-51.2646	5.3245	0
8.45	14.6584	-51.2368	5.3208	0
8.5	14.7974	-51.2881	5.3125	0
8.55	14.9338	-50.7726	5.3243	0
8.6	15.0692	-50.9586	5.3189	0
8.65	15.2027	-51.3364	5.3182	0
8.7	15.3347	-51.9274	5.3214	0
8.75	15.4656	-53.259	5.3155	0
8.8	15.5954	-55.2821	5.3207	0
8.85	15.723	-55.6833	5.3201	0
8.9	15.8487	-55.4893	5.3169	0
8.95	15.9733	-55.647	5.306	0
9	16.0964	-55.5974	5.3053	0
9.05	16.2183	-55.7423	5.2964	0
9.1	16.3385	-55.9495	5.2903	0
9.15	16.4573	-56.0968	5.3006	0
9.2	16.5733	-54.166	5.2781	0
9.25	16.6896	-53.8559	5.2527	0
9.3	16.804	-51.9344	5.2273	0
9.35	16.9187	-51.3654	5.1914	0
9.4	17.0329	-51.9387	5.1807	0
9.45	17.1473	-53.9112	5.1958	0
9.5	17.2586	-53.5497	5.2032	0
9.55	17.3685	-52.6602	5.1999	0
9.6	17.4777	-52.0417	5.1783	0
9.65	17.5869	-52.7096	5.1696	0
9.7	17.6939	-52.0809	5.1786	0
9.75	17.8012	-51.3174	5.1845	0
9.8	17.9086	-51.3238	5.1848	0
9.85	18.0134	-50.0479	5.1768	0
9.9	18.119	-51.0546	5.1784	1
9.95	18.2229	-50.6885	5.1772	1
10	18.3273	-51.0754	5.1843	1
10.05	18.43	-50.6399	5.1838	1
10.1	18.5458	-49.9743	5.1736	1
10.15	18.6916	-47.4316	5.1729	1
10.2	18.8435	-47.3499	5.1755	1
10.25	18.9923	-46.8037	5.1791	1
10.3	19.142	-47.0117	5.1872	1
10.35	19.2928	-47.4124	5.1782	1
10.4	19.4497	-50.4839	5.1597	1
10.45	19.6158	-54.4608	5.1645	1
10.5	19.7948	-59.4937	5.1755	1
10.55	19.9831	-61.0509	5.1923	1
10.6	20.1744	-60.9565	5.1896	1
10.65	20.3632	-58.5982	5.1852	1
10.7	20.5533	-59.9425	5.1801	1
10.75	20.7482	-61.264	5.1793	1
10.8	20.9479	-63.0228	5.1896	1
10.85	21.1522	-64.4369	5.1747	1
10.9	21.3623	-66.953	5.1562	1
10.95	21.5805	-69.2572	5.1546	1
11	21.8039	-70.4937	5.1519	1
11.05	22.0318	-71.6522	5.1587	1
11.1	22.2668	-74.1412	5.1548	1
11.15	22.5066	-74.7068	5.1674	1
11.2	22.7548	-80.8453	5.1723	1
11.25	23.0327	-96.1976	5.1725	1
11.3	23.3427	-101.0904	5.1766	1
11.35	23.6453	-90.48	5.1668	1
11.4	23.932	-86.3306	5.1822	1
11.45	24.2073	-79.3025	5.1752	1
11.5	24.4618	-70.8396	5.1617	1
11.55	24.7007	-66.6314	5.1589	1
11.6	24.9239	-59.1299	5.1499	1
11.65	25.1257	-50.7428	5.1504	1
11.7	25.3045	-42.5148	5.175	1
11.75	25.4652	-37.4208	5.1749	1
11.8	25.6126	-33.2727	5.1869	1
11.85	25.7474	-28.6704	5.1882	1
11.9	25.8684	-23.7718	5.1709	1
11.95	25.9764	-19.6365	5.1796	1
12	26.0726	-15.5537	5.1697	1
12.05	26.1583	-12.2177	5.1749	1
12.1	26.2329	-8.184	5.1814	1
12.15	26.2993	-6.5301	5.1516	1
12.2	26.3599	-4.4367	5.15	1
12.25	26.416	-3.7013	5.1599	1
12.3	26.4684	-2.2854	5.1639	1
12.35	26.5155	-0.3544	5.1679	1
12.4	26.5581	0.4214	5.175	1
12.45	26.5996	0.8314	5.1917	1
12.5	26.6374	2.3855	5.1998	1
12.55	26.6721	2.6123	5.1782	1
12.6	26.7069	2.1684	5.1701	1
12.65	26.74	3.1806	5.1679	1
12.7	26.7703	4.6092	5.1815	1
12.75	26.7992	4.048	5.1965	1
12.8	26.8279	4.6937	5.1871	1
12.85	26.8547	5.1771	5.1913	1
12.9	26.8804	5.2695	5.1953	1
12.95	26.9058	5.5793	5.1864	1
13	26.9291	6.712	5.191	1
13.05	26.9505	6.8762	5.1904	1
13.1	26.9729	6.0723	5.1857	1
13.15	26.9942	7.3767	5.1555	1
13.2	27.0131	8.0228	5.1555	1
13.25	27.0319	7.5559	5.1857	1
13.3	27.0507	8.3214	5.195	1
13.35	27.0671	8.836	5.1863	1
13.4	27.0846	8.0814	5.1716	1
13.45	27.1017	8.5827	5.1669	1
13.5	27.1182	8.734	5.1887	1
13.55	27.1347	8.7083	5.1881	1
13.6	27.1504	9.4507	5.181	1
13.65	27.1646	9.8218	5.1927	1
13.7	27.1793	9.3727	5.1994	1
13.75	27.1934	9.9678	5.1949	1
13.8	27.207	10.2826	5.1987	1
13.85	27.2197	10.415	5.1993	1
13.9	27.2319	10.749	5.179	1
13.95	27.2436	11.0182	5.1757	1
14	27.2551	10.9909	5.1892	1
14.05	27.2666	10.6256	5.2021	1
14.1	27.2802	9.6071	5.2024	1
14.15	27.2945	9.8831	5.1925	1
14.2	27.3077	10.506	5.1826	1
14.25	27.3192	11.5661	5.1863	1
14.3	27.3303	11.5012	5.1924	1
14.35	27.3411	11.7761	5.2027	1
14.4	27.3499	12.6883	5.1975	1
14.45	27.3592	12.1081	5.1719	1
14.5	27.369	12.2667	5.1743	1
14.55	27.3778	12.9999	5.1812	1
14.6	27.3858	12.7712	5.197	1
14.65	27.3943	12.8185	5.2066	1
14.7	27.4027	13.434	5.1998	1
14.75	27.4094	13.794	5.1988	1
14.8	27.4166	13.1772	5.1969	1
14.85	27.4243	13.3687	5.1948	1
14.9	27.4309	14.2609	5.1935	1
14.95	27.4371	13.9478	5.2025	1
15	27.4444	13.4827	5.2057	1
15.05	27.4507	14.618	5.1961	1
15.1	27.4559	14.5078	5.1904	1
15.15	27.4625	13.8862	5.1936	1
15.2	27.4692	14.5203	5.2011	1
15.25	27.474	15.0455	5.2138	1
15.3	27.4802	13.9738	5.203	1
15.35	27.4872	14.6422	5.2036	1
15.4	27.4927	14.965	5.1979	1
15.45	27.4975	15.0752	5.1855	1
15.5	27.5037	14.6029	5.1929	1
15.55	27.509	15.4802	5.1868	1
15.6	27.5135	15.5028	5.1831	1
15.65	27.5185	15.2574	5.1965	1
15.7	27.5234	15.6283	5.1892	1
15.75	27.5273	16.0517	5.1819	1
15.8	27.5321	15.3072	5.1762	1
15.85	27.5375	16.1156	5.1834	1
15.9	27.5413	16.1877	5.1909	1
15.95	27.5454	16.0062	5.1888	1
16	27.5498	16.0918	5.19	1
16.05	27.5542	16.6221	5.1878	1
16.1	27.5578	16.56	5.1779	1
16.15	27.5614	16.7117	5.1833	1
16.2	27.5649	16.7461	5.182	1
16.25	27.5684	17.0154	5.1721	1
16.3	27.5712	16.9546	5.1908	1
16.35	27.5747	16.8759	5.203	1
16.4	27.5777	17.5477	5.1979	1
16.45	27.5803	17.3319	5.183	1
16.5	27.583	17.2519	5.1785	1
16.55	27.5858	17.7023	5.1853	1
16.6	27.5879	17.9301	5.1659	1
16.65	27.5908	17.6645	5.1579	1
16.7	27.5935	17.9755	5.1593	1
16.75	27.5956	18.3462	5.1617	1
16.8	27.5975	18.0372	5.1671	1
16.85	27.6	18.1244	5.1693	1
16.9	27.6017	18.88	5.1657	1
16.95	27.6031	18.3374	5.1785	1
17	27.6056	18.3183	5.1862	1
17.05	27.607	19.0807	5.1693	1
17.1	27.6079	19.02	5.1445	1
17.15	27.61	18.4488	5.1418	1
17.2	27.6119	19.441	5.1472	1
17.25	27.6121	19.567	5.1469	1
17.3	27.614	18.5804	5.161	1
17.35	27.6163	19.3114	5.1516	1
17.4	27.6171	19.7179	5.1616	1
17.45	27.6186	18.9313	5.1567	1
17.5	27.6206	19.559	5.1521	1
17.55	27.6214	19.771	5.1658	1
17.6	27.6227	19.6129	5.1744	1
17.65	27.6245	19.4882	5.1794	1
17.7	27.6256	20.0183	5.1748	1
17.75	27.6272	19.6553	5.1753	1
17.8	27.629	19.7301	5.1746	1
17.85	27.6295	20.4558	5.16	1
17.9	27.6304	19.9152	5.1503	1
17.95	27.6323	20.1216	5.1584	1
18	27.634	20.3412	5.1672	1
18.05	27.6351	20.2826	5.1808	1
18.1	27.637	20.3219	5.189	1
18.15	27.6384	20.6033	5.1937	1
18.2	27.6387	21.034	5.1908	1
18.25	27.6399	20.366	5.178	1
18.3	27.641	20.9977	5.1804	1
18.35	27.6413	21.3186	5.1804	1
18.4	27.6426	20.6261	5.1779	1
18.45	27.6437	21.2043	5.1914	1
18.5	27.6445	21.2983	5.2007	1
18.55	27.6448	21.2945	5.1954	1
18.6	27.6464	21.1442	5.1857	1
18.65	27.6468	21.7147	5.1879	1
18.7	27.6476	21.3303	5.2001	1
18.75	27.6485	21.5634	5.1883	1
18.8	27.6498	21.6126	5.1895	1
18.85	27.6502	22.0452	5.1901	1
18.9	27.6515	21.4995	5.1796	1
18.95	27.6524	22.0642	5.2024	1
19	27.6528	22.077	5.2057	1
19.05	27.6533	22.3607	5.2128	1
19.1	27.6547	21.75	5.2115	1
19.15	27.6551	22.643	5.1895	1
19.2	27.6554	22.3878	5.1785	1
19.25	27.6562	22.2966	5.173	1
19.3	27.6569	22.8028	5.1843	1
19.35	27.6567	22.9572	5.2131	1
19.4	27.6577	22.2948	5.2208	1
19.45	27.6586	23.0892	5.2209	1
19.5	27.6588	22.7831	5.1966	1
19.55	27.6594	22.9298	5.197	1
19.6	27.661	22.3481	5.2082	1
19.65	27.6615	23.5346	5.2087	1
19.7	27.6623	22.8653	5.1908	1
19.75	27.6628	23.5187	5.1979	1
19.8	27.663	23.3914	5.2037	1
19.85	27.6635	23.641	5.2158	1
19.9	27.6638	23.671	5.208	1
19.95	27.664	23.8524	5.2003	1
20	27.6649	23.3172	5.1983	1
20.05	27.665	24.2856	5.1883	1
20.1	27.6655	23.775	5.2017	1
20.15	27.6658	23.788	5.2005	1
20.2	27.6667	24.3074	5.2034	1
20.25	27.6662	24.3031	5.2231	1
20.3	27.667	24.1035	5.2107	1
20.35	27.6675	24.2524	5.1995	1
20.4	27.6675	24.9159	5.2078	1
20.45	27.6674	24.4234	5.2043	1
20.5	27.6679	24.5459	5.2024	1
20.55	27.6675	25.1986	5.2129	1
20.6	27.6674	24.8623	5.2123	1
20.65	27.6673	24.8063	5.2008	1
20.7	27.6675	25.0967	5.2081	1
20.75	27.6669	25.6016	5.2127	1
20.8	27.6673	24.9204	5.2107	1
20.85	27.6671	25.4305	5.2201	1
20.9	27.6664	25.8645	5.2227	1
20.95	27.6662	25.2824	5.2184	1
21	27.6664	25.5543	5.2359	1
21.05	27.6655	26.0458	5.2171	1
21.1	27.6653	25.5212	5.1892	1
21.15	27.6657	25.8451	5.1929	1
21.2	27.6651	26.0559	5.2011	1
21.25	27.665	26.1105	5.2228	1
21.3	27.6646	26.1022	5.2189	1
21.35	27.6639	26.793	5.2299	1
21.4	27.663	26.1962	5.2227	1
21.45	27.6628	26.4079	5.2068	1
21.5	27.662	26.7523	5.2216	1
21.55	27.6614	26.3797	5.2162	1
21.6	27.6609	26.7911	5.2133	1
21.65	27.6612	26.4267	5.2143	1
21.7	27.6602	27.2992	5.2108	1
21.75	27.66	26.7655	5.2246	1
21.8	27.6591	26.757	5.224	1
21.85	27.6591	27.4358	5.2286	1
21.9	27.6581	27.0644	5.2235	2
21.95	27.6577	27.3348	5.2095	2
22	27.6573	27.3898	5.2039	2
22.05	27.6569	27.335	5.2104	2
22.1	27.6557	28.1063	5.2169	2
22.15	27.6549	27.1878	5.2177	2
22.2	27.6544	27.7742	5.2153	2
22.25	27.6535	27.7518	5.2088	2
22.3	27.6524	27.578	5.2084	2
22.35	27.6521	27.4748	5.2025	2
22.4	27.6509	28.1522	5.2101	2
22.45	27.6496	27.391	5.2185	2
22.5	27.6493	27.6447	5.2409	2
22.55	27.6478	27.9112	5.24	2
22.6	27.6467	27.6294	5.2226	2
22.65	27.6466	27.3132	5.225	2
22.7	27.6462	27.7128	5.2146	2
22.75	27.6453	27.6033	5.2204	2
22.8	27.6453	27.2368	5.2318	2
22.85	27.6448	27.5265	5.2383	2
22.9	27.6435	28.1901	5.225	2
22.95	27.6423	27.3387	5.2135	2
23	27.6423	27.2253	5.2161	2
23.05	27.641	28.1791	5.2081	2
23.1	27.6395	27.4535	5.2084	2
23.15	27.6392	27.3946	5.2176	2
23.2	27.6388	27.5846	5.2075	2
23.25	27.6371	28.0788	5.2024	2
23.3	27.6365	27.1378	5.2156	2
23.35	27.6361	27.6892	5.1972	2
23.4	27.6347	27.8718	5.2045	2
23.45	27.6337	27.6634	5.2071	2
23.5	27.6333	27.2702	5.1904	2
23.55	27.6325	27.9259	5.1945	2
23.6	27.6315	27.2759	5.2086	2
23.65	27.6317	27.3375	5.2129	2
23.7	27.631	27.421	5.2171	2
23.75	27.6302	27.6882	5.2093	2
23.8	27.6301	27.0055	5.2086	2
23.85	27.63	27.6591	5.2124	2
23.9	27.6287	27.8613	5.1967	3
23.95	27.6282	27.0907	5.1826	3
24	27.628	27.2311	5.1783	3
24.05	27.6276	27.6152	5.1931	3
24.1	27.6263	27.5924	5.1914	3
24.15	27.6263	27.2389	5.2077	3
24.2	27.6257	27.3444	5.2171	3
24.25	27.6246	27.6329	5.2135	3
24.3	27.6232	27.3816	5.2096	3
24.35	27.6227	26.8077	5.1831	3
24.4	27.6218	27.4454	5.1691	3
24.45	27.6203	27.0794	5.1689	3
24.5	27.6198	26.7202	5.1833	3
24.55	27.6193	26.9788	5.2059	3
24.6	27.6173	27.415	5.1953	3
24.65	27.6165	26.2307	5.181	3
24.7	27.6161	26.7009	5.1878	3
24.75	27.6144	27.0545	5.1976	3
24.8	27.6128	26.529	5.2089	3
24.85	27.6122	26.3681	5.2031	3
24.9	27.6101	26.9511	5.2048	3
24.95	27.6078	26.5027	5.2077	3
25	27.6071	25.8878	5.1986	3
25.05	27.6058	26.4711	5.1918	3
25.1	27.6033	26.6555	5.1737	3
25.15	27.6017	25.9012	5.1695	3
25.2	27.6008	25.9377	5.2017	3
25.25	27.5989	26.3379	5.2102	3
25.3	27.5971	25.7103	5.2031	3
25.35	27.5959	25.543	5.1935	3
25.4	27.5937	26.0731	5.1911	3
25.45	27.5916	25.5828	5.2111	3
25.5	27.5905	25.3009	5.2251	3
25.55	27.5887	25.7985	5.2128	3
25.6	27.5866	25.7424	5.2063	3
25.65	27.5847	25.3407	5.2083	3
25.7	27.5832	25.2509	5.2186	3
25.75	27.581	25.5157	5.2187	3
25.8	27.5789	25.1933	5.2018	3
25.85	27.5776	24.8221	5.1957	3
25.9	27.5757	25.1707	5.1829	3
25.95	27.5734	25.0562	5.1949	3
26	27.5715	24.694	5.1949	3
26.05	27.57	24.6458	5.1724	3
26.1	27.5677	25.0584	5.1769	3
26.15	27.5658	24.3976	5.1672	3
26.2	27.5645	24.4581	5.1653	3
26.25	27.5623	24.4651	5.1863	3
26.3	27.5603	24.41	5.1781	3
26.35	27.5586	24.0786	5.179	3
26.4	27.5567	24.3398	5.167	3
26.45	27.554	24.2046	5.1657	3
26.5	27.5521	24.0038	5.1688	3
26.55	27.5503	23.8135	5.1601	3
26.6	27.548	24.128	5.1632	3
26.65	27.546	23.6611	5.1552	3
26.7	27.5444	23.7477	5.1672	3
26.75	27.5417	23.804	5.1707	3
26.8	27.5394	23.6777	5.1734	3
26.85	27.5376	23.3891	5.183	3
26.9	27.5355	23.3551	5.1712	3
26.95	27.5329	23.5045	5.1667	3
27	27.531	23.0441	5.177	3
27.05	27.529	23.4257	5.1807	3
27.1	27.5267	23.0368	5.1968	3
27.15	27.5246	23.0473	5.1972	3
27.2	27.5228	22.7512	5.1874	3
27.25	27.5201	23.0823	5.203	3
27.3	27.5184	22.4748	5.1906	3
27.35	27.5163	22.802	5.1702	3
27.4	27.5138	22.5692	5.1737	3
27.45	27.5115	22.5635	5.17	3
27.5	27.5095	22.3098	5.1594	3
27.55	27.5073	22.6647	5.1601	3
27.6	27.505	22.1094	5.1797	3
27.65	27.5025	22.3998	5.1955	3
27.7	27.5006	22.0474	5.1854	3
27.75	27.4985	22.2239	5.1768	3
27.8	27.496	21.936	5.1634	3
27.85	27.494	21.7487	5.1655	3
27.9	27.4918	21.7785	5.1739	3
27.95	27.4897	21.4971	5.1756	3
28	27.4875	21.6202	5.1772	3
28.05	27.4853	21.5223	5.1657	3
28.1	27.4834	21.1018	5.1664	3
28.15	27.4819	21.207	5.1914	3
28.2	27.4797	21.0815	5.1932	3
28.25	27.4782	20.9939	5.1786	3
28.3	27.4761	20.952	5.1735	3
28.35	27.4745	20.6319	5.1813	3
28.4	27.4725	20.8159	5.1794	3
28.45	27.4702	20.8751	5.1776	3
28.5	27.4686	20.4417	5.1687	3
28.55	27.4671	20.5087	5.1686	3
28.6	27.4652	20.729	5.1698	3
28.65	27.4629	20.4857	5.183	3
28.7	27.4605	20.301	5.197	3
28.75	27.4588	20.2549	5.1956	3
28.8	27.4559	20.6058	5.1795	3
28.85	27.4535	20.0723	5.1678	3
28.9	27.4516	20.0892	5.1734	3
28.95	27.4491	20.0725	5.1817	3
29	27.4468	20.0071	5.1816	3
29.05	27.4448	19.7607	5.1772	3
29.1	27.4423	19.9666	5.1873	3
29.15	27.4397	19.5744	5.1948	3
29.2	27.4375	19.6177	5.1856	3
29.25	27.4352	19.6687	5.1958	3
29.3	27.4326	19.557	5.2012	3
29.35	27.4312	18.8298	5.2031	3
29.4	27.429	19.6307	5.2025	3
29.45	27.4264	18.9937	5.1839	3
29.5	27.4247	18.5456	5.1854	3
29.55	27.4231	19.0729	5.1979	3
29.6	27.4205	18.9925	5.1951	3
29.65	27.4187	18.3732	5.2055	3
29.7	27.4174	18.5748	5.2129	3
29.75	27.415	18.9469	5.2007	3
29.8	27.4129	18.2863	5.197	3
29.85	27.4116	18.0974	5.2032	3
29.9	27.4091	18.7107	5.2195	3
29.95	27.4065	18.1571	5.2052	3
30	27.405	17.8777	5.1909	3
30.05	27.4036	18.0682	5.1883	3
30.1	27.4007	18.4724	5.1932	3
30.15	27.399	17.3531	5.2051	3
30.2	27.3981	17.4932	5.1983	3
30.25	27.3959	17.9266	5.1723	3
30.3	27.3943	17.5062	5.1784	3
30.35	27.3928	17.1669	5.19	3
30.4	27.3913	17.7236	5.1961	3
30.45	27.389	17.2594	5.201	3
30.5	27.3871	17.1239	5.1976	3
30.55	27.3854	17.2252	5.1909	3
30.6	27.3829	17.2972	5.1841	3
30.65	27.3809	16.9137	5.1852	3
30.7	27.3793	16.9941	5.1897	3
30.75	27.3768	17.0479	5.1985	3
30.8	27.3751	16.6694	5.2029	3
30.85	27.373	16.8411	5.1784	3
30.9	27.3706	16.6462	5.1674	3
30.95	27.3685	16.3811	5.1719	3
31	27.367	16.2202	5.1657	3
31.05	27.3657	16.2711	5.1808	3
31.1	27.3646	16.0603	5.1855	3
31.15	27.363	15.8677	5.1837	3
31.2	27.362	15.4591	5.1814	3
31.25	27.3614	15.2983	5.176	3
31.3	27.3615	14.6665	5.1876	3
31.35	27.3622	14.4706	5.1907	3
31.4	27.3646	13.3946	5.195	3
31.45	27.3699	11.9801	5.1954	3
31.5	27.3768	11.2305	5.1856	3
31.55	27.3826	12.7265	5.1987	3
31.6	27.3846	13.7427	5.2011	3
31.65	27.3857	14.1493	5.1823	3
31.7	27.3869	13.4454	5.1906	3
31.75	27.39	12.9705	5.1944	3
31.8	27.3919	13.5507	5.1911	3
31.85	27.3946	12.269	5.1778	3
31.9	27.3991	11.9685	5.1722	3
31.95	27.4018	13.2705	5.1958	3
32	27.4026	13.2889	5.201	3
32.05	27.4043	12.8855	5.1864	3
32.1	27.4049	13.8836	5.1777	3
32.15	27.4045	13.6309	5.1944	3
32.2	27.4054	13.1371	5.1895	3
32.25	27.4061	13.3326	5.1801	3
32.3	27.4059	13.5279	5.166	3
32.35	27.4072	12.1659	5.1577	3
32.4	27.4101	11.9673	5.1711	3
32.45	27.412	12.497	5.1718	3
32.5	27.4134	12.1368	5.1643	3
32.55	27.4154	11.9219	5.1659	3
32.6	27.4164	12.7294	5.1739	3
32.65	27.4169	12.5358	5.17	3
32.7	27.4179	12.2867	5.1743	3
32.75	27.4176	13.1694	5.179	3
32.8	27.4164	12.8948	5.1834	3
32.85	27.4162	12.3798	5.1879	3
32.9	27.416	12.9167	5.1808	3
32.95	27.4145	13.0405	5.1811	3
33	27.4135	12.8246	5.1957	3
33.05	27.4122	12.6873	5.2158	3
33.1	27.4103	13.0547	5.2017	3
33.15	27.4087	12.4852	5.1817	3
33.2	27.4076	12.4279	5.1678	3
33.25	27.4056	12.928	5.1711	3
33.3	27.4036	12.2978	5.1753	3
33.35	27.4024	12.4174	5.1793	3
33.4	27.4005	12.5214	5.1632	3
33.45	27.3985	12.3321	5.1687	3
33.5	27.3962	12.6796	5.1848	3
33.55	27.3944	11.8757	5.1751	3
33.6	27.3924	12.3197	5.1845	3
33.65	27.3902	12.0671	5.1883	3
33.7	27.3884	11.8169	5.1742	3
33.75	27.386	12.1705	5.1746	3
33.8	27.3834	12.0345	5.1763	3
33.85	27.3816	11.4802	5.1769	3
33.9	27.3798	11.7612	5.1707	3
33.95	27.3774	11.6388	5.1629	3
34	27.3751	11.489	5.1583	3
34.05	27.3732	11.4509	5.1544	3
34.1	27.3708	11.375	5.1651	3
34.15	27.3682	11.5792	5.1757	3
34.2	27.3663	10.9507	5.1932	3
34.25	27.3642	11.0957	5.1855	3
34.3	27.3617	11.4451	5.1707	3
34.35	27.3595	10.6457	5.1774	3
34.4	27.3578	10.8227	5.1673	3
34.45	27.3552	11.0405	5.162	3
34.5	27.3526	10.8165	5.1666	3
34.55	27.3507	10.4873	5.1452	3
34.6	27.3484	11	5.1555	3
34.65	27.3449	10.7741	5.1797	3
34.7	27.343	10.1	5.1795	3
34.75	27.3411	10.4521	5.1804	3
34.8	27.338	10.5187	5.1771	3
34.85	27.3355	10.0794	5.1889	3
34.9	27.3339	9.8113	5.1964	3
34.95	27.3312	10.3967	5.1749	3
35	27.3288	9.827	5.1644	3
35.05	27.3264	9.7895	5.1731	3
35.1	27.3242	9.9459	5.1606	3
35.15	27.3209	10.0217	5.1714	3
35.2	27.3187	9.3833	5.176	3
35.25	27.3165	9.6095	5.1732	3
35.3	27.3145	9.3095	5.1707	3
35.35	27.3118	9.4881	5.1692	3
35.4	27.3099	8.8785	5.1616	3
35.45	27.3073	9.5074	5.1596	3
35.5	27.3045	9.1423	5.1507	3
35.55	27.3021	9.1985	5.1377	3
35.6	27.2995	8.9468	5.1336	3
35.65	27.2968	9.2053	5.1484	3
35.7	27.2939	8.8105	5.1543	3
35.75	27.2914	8.9653	5.1682	3
35.8	27.2887	8.6772	5.167	3
35.85	27.2854	8.8686	5.1484	3
35.9	27.2824	8.7403	5.1613	4
35.95	27.28	8.3923	5.1718	4
36	27.2769	8.8821	5.1694	4
36.05	27.2735	8.4833	5.1656	4
36.1	27.2703	8.477	5.1498	4
36.15	27.2671	8.5472	5.1743	4
36.2	27.2639	8.3892	5.1909	4
36.25	27.2615	8.3396	5.1856	4
36.3	27.2581	8.7962	5.175	4
36.35	27.2547	8.3047	5.1658	4
36.4	27.2517	8.3711	5.1841	4
36.45	27.2489	8.4073	5.1907	4
36.5	27.2459	8.3371	5.1754	4
36.55	27.243	8.3333	5.179	4
36.6	27.2402	8.1476	5.1846	4
36.65	27.2376	8.2042	5.1845	4
36.7	27.2346	8.5197	5.1718	4
36.75	27.2319	7.925	5.1621	4
36.8	27.2299	8.0316	5.1709	4
36.85	27.2273	8.3271	5.1649	4
36.9	27.2242	8.2812	5.1704	4
36.95	27.2215	8.2274	5.1658	4
37	27.2184	8.5978	5.1584	4
37.05	27.2147	8.4578	5.1784	4
37.1	27.2116	8.3518	5.1799	4
37.15	27.209	8.2565	5.1756	4
37.2	27.2058	8.6752	5.1764	4
37.25	27.2026	8.3776	5.1759	4
37.3	27.1998	8.1637	5.177	4
37.35	27.1969	8.4379	5.1746	4
37.4	27.1936	8.5544	5.1741	4
37.45	27.1911	8.0104	5.1637	4
37.5	27.1885	8.0802	5.1556	4
37.55	27.1857	8.3642	5.1577	4
37.6	27.1829	8.125	5.1449	4
37.65	27.1812	7.6033	5.1395	4
37.7	27.1797	8.0194	5.1454	4
37.75	27.1767	7.9916	5.1549	4
37.8	27.1746	8.1082	5.1708	4
37.85	27.1724	7.8621	5.1694	4
37.9	27.1695	8.8421	5.165	4
37.95	27.1661	8.2894	5.1743	4
38	27.1629	8.4552	5.1797	4
38.05	27.1593	8.5293	5.1697	4
38.1	27.1557	8.6562	5.1648	4
38.15	27.1525	8.2671	5.1577	4
38.2	27.1496	8.757	5.1671	4
38.25	27.1459	8.388	5.1649	4
38.3	27.1427	8.6686	5.1669	4
38.35	27.1394	8.3947	5.1743	4
38.4	27.1357	8.9335	5.1785	4
38.45	27.132	8.3936	5.189	4
38.5	27.1285	8.7107	5.1782	4
38.55	27.1245	8.5825	5.1538	4
38.6	27.1207	8.6873	5.1453	4
38.65	27.1173	8.5916	5.1359	4
38.7	27.1138	8.747	5.1503	4
38.75	27.1101	8.7527	5.15	4
38.8	27.1067	8.5092	5.142	4
38.85	27.1029	8.5525	5.1471	4
38.9	27.0997	8.6554	5.1461	4
38.95	27.0965	8.2689	5.1549	4
39	27.0936	8.5861	5.1678	4
39.05	27.0904	8.2983	5.1796	4
39.1	27.0869	8.4709	5.1673	4
39.15	27.0838	8.3031	5.1586	4
39.2	27.0808	8.297	5.1744	4
39.25	27.0775	8.4463	5.1853	4
39.3	27.0752	8.0991	5.1759	4
39.35	27.0725	8.166	5.1702	4
39.4	27.0694	8.2736	5.1709	4
39.45	27.0669	8.1733	5.1722	4
39.5	27.0645	8.0477	5.1572	4
39.55	27.0619	8.2022	5.1684	4
39.6	27.0604	7.1822	5.1783	4
39.65	27.0598	7.2491	5.1567	4
39.7	27.0594	7.0287	5.1368	4
39.75	27.0591	7.2365	5.138	4
39.8	27.0581	7.3151	5.1433	4
39.85	27.0574	7.4265	5.1662	4
39.9	27.0563	7.283	5.1873	4
39.95	27.0558	7.2348	5.1804	4
40	27.0555	7.3545	5.1684	4
40.05	27.0552	7.0379	5.1682	4
40.1	27.0545	7.2753	5.1703	4
40.15	27.0538	7.2082	5.1724	4
40.2	27.053	7.4703	5.1891	4
40.25	27.0519	7.4063	5.1656	4
40.3	27.0518	6.5661	5.1428	4
40.35	27.0522	7.0943	5.1585	4
40.4	27.0509	7.6161	5.1575	4
40.45	27.05	7.2505	5.1596	4
40.5	27.0492	7.3712	5.1651	4
40.55	27.0478	7.6506	5.1611	4
40.6	27.0461	7.5344	5.1681	4
40.65	27.0447	7.5014	5.1647	4
40.7	27.0431	7.9688	5.1628	4
40.75	27.0409	8.0247	5.1715	4
40.8	27.0386	8.014	5.1759	4
40.85	27.0365	8.0317	5.1808	4
40.9	27.0344	7.696	5.1922	4
40.95	27.0329	7.5933	5.1934	4
41	27.0312	7.8968	5.1958	4
41.05	27.0294	7.6083	5.1878	4
41.1	27.0284	7.4133	5.1793	4
41.15	27.0272	7.7751	5.1595	4
41.2	27.0249	7.9574	5.1586	4
41.25	27.0231	7.646	5.1725	4
41.3	27.0216	7.6547	5.1713	4
41.35	27.0198	8.1656	5.1812	4
41.4	27.0176	7.6914	5.1886	4
41.45	27.0164	7.4996	5.1809	4
41.5	27.0144	8.048	5.1755	4
41.55	27.0121	7.759	5.1658	4
41.6	27.011	7.3877	5.171	4
41.65	27.0099	7.7302	5.1726	4
41.7	27.0075	8.1344	5.1677	4
41.75	27.0057	7.4612	5.1643	4
41.8	27.004	8.0003	5.1629	4
41.85	27.0017	8.1989	5.1677	4
41.9	26.9992	7.9979	5.173	4
41.95	26.9972	7.9455	5.165	4
42	26.9946	8.2148	5.1734	4
42.05	26.9922	8.0437	5.1742	4
42.1	26.9899	8.0742	5.1746	4
42.15	26.9878	7.9505	5.176	4
42.2	26.9857	7.8105	5.1691	4
42.25	26.9837	7.9657	5.1645	4
42.3	26.9818	8.0306	5.1577	4
42.35	26.9799	7.7311	5.1631	4
42.4	26.9776	8.1489	5.1729	4
42.45	26.9757	7.537	5.1729	4
42.5	26.9738	8.0451	5.1832	4
42.55	26.9719	7.7729	5.1908	4
42.6	26.9698	7.7572	5.1825	4
42.65	26.9686	7.4461	5.1895	4
42.7	26.9673	7.632	5.1987	4
42.75	26.9656	7.7487	5.1819	4
42.8	26.9639	7.7088	5.1928	4
42.85	26.9626	7.3983	5.1852	4
42.9	26.9614	7.6975	5.1717	4
42.95	26.9602	7.2432	5.1828	4
43	26.9609	6.3855	5.1887	4
43.05	26.9615	7.1537	5.1658	4
43.1	26.9607	7.32	5.1616	4
43.15	26.9598	7.1815	5.1654	4
43.2	26.9594	7.1466	5.144	4
43.25	26.9581	7.6778	5.1501	4
43.3	26.9569	7.4095	5.1664	4
43.35	26.9566	6.9066	5.19	4
43.4	26.9567	7.1286	5.2092	4
43.45	26.9555	7.5501	5.1895	4
43.5	26.9545	7.1105	5.1692	4
43.55	26.9544	7.1327	5.1792	4
43.6	26.953	7.6543	5.1848	4
43.65	26.9523	7.2516	5.1966	4
43.7	26.9518	6.9808	5.1882	4
43.75	26.9512	7.6103	5.1927	4
43.8	26.9499	7.1927	5.1986	4
43.85	26.9494	7.1993	5.1759	4
43.9	26.9488	7.2097	5.1859	4
43.95	26.9482	7.2876	5.1952	4
44	26.9476	6.9089	5.1932	4
44.05	26.9477	7.2601	5.2086	4
44.1	26.9469	7.331	5.2272	4
44.15	26.9453	8.05	5.2204	4
44.2	26.9445	7.1557	5.2093	4
44.25	26.9427	7.9744	5.2005	4
44.3	26.9405	7.9576	5.1954	4
44.35	26.9383	7.6936	5.2026	4
44.4	26.937	7.5268	5.2101	4
44.45	26.9353	8.0826	5.2096	4
44.5	26.9331	7.7111	5.1874	4
44.55	26.9316	7.4633	5.1714	4
44.6	26.9301	7.9103	5.17	4
44.65	26.9277	7.958	5.1712	4
44.7	26.9257	7.813	5.1834	4
44.75	26.9248	7.5053	5.2026	4
44.8	26.9227	8.1914	5.306	4
44.85	26.9212	7.9683	5.4128	4
44.9	26.9197	7.4697	5.4783	4
44.95	26.9184	8.0695	5.5108	4
45	26.9156	8.2244	5.5082	4
45.05	26.9135	7.5066	5.521	4
45.1	26.9117	8.0053	5.5239	4
45.15	26.9094	8.2699	5.5135	4
45.2	26.9069	7.6785	5.519	4
45.25	26.9053	7.8903	5.5039	4
45.3	26.9031	7.9576	5.4926	4
45.35	26.9005	8.1164	5.4924	4
45.4	26.8988	7.8557	5.489	4
45.45	26.897	7.7301	5.5007	4
45.5	26.8944	8.0998	5.4913	4
45.55	26.893	7.5083	5.4851	4
45.6	26.8912	7.9069	5.4774	4
45.65	26.8889	7.9719	5.473	4
45.7	26.8872	7.5164	5.4741	4
45.75	26.8854	7.7593	5.4737	4
45.8	26.8835	7.8338	5.4801	4
45.85	26.8818	7.5782	5.4753	4
45.9	26.88	8.0967	5.4688	4
45.95	26.878	7.6873	5.4778	4
46	26.8765	7.6996	5.4805	4
46.05	26.8747	7.7796	5.4831	4
46.1	26.8727	7.6784	5.4879	4
46.15	26.8711	7.5064	5.4856	4
46.2	26.8691	7.9951	5.4936	4
46.25	26.867	7.8535	5.4896	4
46.3	26.8655	7.5189	5.4905	4
46.35	26.8639	7.8856	5.4891	4
46.4	26.8621	8.075	5.4836	4
46.45	26.8603	7.5002	5.4748	4
46.5	26.859	7.7852	5.4735	4
46.55	26.8569	7.9465	5.4636	4
46.6	26.855	7.5221	5.4627	4
46.65	26.8538	7.4582	5.4563	4
46.7	26.8521	7.9847	5.4544	4
46.75	26.8504	7.5547	5.4468	4
46.8	26.8493	7.342	5.4429	4
46.85	26.8479	7.7951	5.4641	4
46.9	26.8464	7.3926	5.4621	4
46.95	26.8451	7.4011	5.4646	4
47	26.8439	7.8753	5.4658	4
47.05	26.8422	7.6447	5.4613	4
47.1	26.8409	7.4939	5.4511	4
47.15	26.8392	7.7286	5.4493	4
47.2	26.8376	7.5803	5.4428	4
47.25	26.8361	7.6405	5.4566	4
47.3	26.8344	7.6827	5.4641	4
47.35	26.8328	7.6369	5.4594	4
47.4	26.8318	7.448	5.4609	4
47.45	26.8301	7.6234	5.4643	4
47.5	26.829	7.546	5.4469	4
47.55	26.8277	7.8267	5.4416	4
47.6	26.8261	7.6227	5.4506	4
47.65	26.8243	7.6624	5.4612	4
47.7	26.8231	7.6049	5.4735	4
47.75	26.8212	7.958	5.4764	4
47.8	26.8194	7.4756	5.4635	4
47.85	26.8184	7.4697	5.4561	4
47.9	26.8167	7.8629	5.452	4
47.95	26.8147	7.7143	5.4528	4
48	26.8139	7.1897	5.4576	4
48.05	26.8125	7.8778	5.4512	4
48.1	26.8109	7.4634	5.439	4
48.15	26.8104	7.0759	5.4394	4
48.2	26.8097	7.5077	5.4503	4
48.25	26.8081	7.7758	5.4605	4
48.3	26.8073	6.906	5.4635	4
48.35	26.8068	7.3785	5.4577	4
48.4	26.8056	7.6653	5.4621	4
48.45	26.8046	7.1552	5.454	4
48.5	26.8046	6.8552	5.4627	4
48.55	26.8039	7.634	5.455	4
48.6	26.8028	7.1108	5.4614	4
48.65	26.8029	7.1061	5.4522	4
48.7	26.8017	7.6436	5.4349	4
48.75	26.8004	7.2027	5.4478	4
48.8	26.8003	7.0867	5.4444	4
48.85	26.8	7.2111	5.4512	4
48.9	26.7996	6.7909	5.4578	4
48.95	26.8005	6.5976	5.4522	4
49	26.8004	6.963	5.4504	4
49.05	26.7999	7.3678	5.4578	4
49.1	26.7996	6.7965	5.4666	4
49.15	26.7997	7.1346	5.4672	4
49.2	26.7989	7.4905	5.4629	4
49.25	26.7983	7.006	5.4615	4
49.3	26.7977	7.2258	5.4699	4
49.35	26.7966	7.582	5.4526	4
49.4	26.7957	7.0185	5.4536	4
49.45	26.7954	7.1936	5.4677	4
49.5	26.7939	7.8612	5.4745	4
49.55	26.7928	7.123	5.4645	4
49.6	26.7924	7.4078	5.4499	4
49.65	26.7913	7.6784	5.4509	4
49.7	26.7893	7.6044	5.4531	4
49.75	26.7886	7.1578	5.4445	4
49.8	26.7875	7.685	5.4418	4
49.85	26.7862	7.491	5.455	4
49.9	26.785	7.3494	5.4508	4
49.95	26.7842	7.2947	5.4395	4
50	26.783	7.8663	5.449	4
50.05	26.7812	7.6438	5.4532	4
50.1	26.7802	7.1526	5.4486	4
50.15	26.7793	7.6552	5.4426	4
50.2	26.7772	7.7129	5.4466	4
50.25	26.7761	7.2745	5.4369	4
50.3	26.7753	7.637	5.4311	4
50.35	26.7735	7.8139	5.4329	4
50.4	26.772	7.6219	5.4347	4
50.45	26.7709	7.5025	5.4394	4
50.5	26.7692	7.9461	5.4318	4
50.55	26.7673	7.6672	5.4343	4
50.6	26.7665	7.4087	5.4302	4
50.65	26.7652	7.7364	5.4426	4
50.7	26.7633	7.8932	5.4478	4
50.75	26.7617	7.2364	5.4498	4
50.8	26.7607	7.7221	5.4544	4
50.85	26.7587	7.5896	5.4409	4
50.9	26.7574	7.473	5.4565	4
50.95	26.7564	7.2799	5.4642	4
51	26.7551	7.7674	5.4568	4
51.05	26.7534	7.7943	5.4615	4
51.1	26.7522	7.347	5.4579	4
51.15	26.7509	7.6033	5.4435	4
51.2	26.7492	7.8623	5.4517	4
51.25	26.7477	7.4523	5.4656	4
51.3	26.7469	7.2471	5.4572	4
51.35	26.7458	7.6869	5.4363	4
51.4	26.7445	7.281	5.4372	4
51.45	26.7435	7.2858	5.4465	4
51.5	26.7427	7.2411	5.4521	4
51.55	26.7419	7.3148	5.4671	4
51.6	26.7416	7.0825	5.4664	4
51.65	26.7413	7.2154	5.4616	4
51.7	26.7406	7.2431	5.4591	4
51.75	26.7398	7.3198	5.4686	4
51.8	26.7396	7.0692	5.4635	4
51.85	26.7386	7.5567	5.4692	4
51.9	26.7378	7.0832	5.4697	4
51.95	26.7374	7.3564	5.4726	4
52	26.7367	7.4733	5.4631	4
52.05	26.7355	7.353	5.4454	4
52.1	26.735	7.0061	5.4584	4
52.15	26.7343	7.3166	5.4599	4
52.2	26.7334	7.1193	5.4481	4
52.25	26.7333	7.023	5.4489	4
52.3	26.7329	7.285	5.463	4
52.35	26.732	7.3679	5.4635	4
52.4	26.7312	7.1582	5.4466	4
52.45	26.7309	7.1526	5.4486	4
52.5	26.7299	7.4957	5.4531	4
52.55	26.7289	7.2748	5.4534	4
52.6	26.7287	6.9674	5.4528	4
52.65	26.7286	7.316	5.4489	4
52.7	26.7276	7.2702	5.4764	4
52.75	26.7276	6.7021	5.4685	4
52.8	26.7274	7.3327	5.4538	4
52.85	26.7267	7.4411	5.4744	4
52.9	26.726	6.8644	5.4737	4
52.95	26.726	7.0818	5.4459	4
53	26.7251	7.3922	5.4342	4
53.05	26.7245	7.0554	5.4392	4
53.1	26.724	7.3036	5.4476	4
53.15	26.723	7.3168	5.4553	4
53.2	26.7222	7.2473	5.4694	4
53.25	26.7217	7.318	5.468	4
53.3	26.7212	7.0688	5.4651	4
53.35	26.7208	7.0838	5.4694	4
53.4	26.7204	7.2333	5.4706	4
53.45	26.7197	7.2397	5.4712	4
53.5	26.7195	6.9713	5.4749	4
53.55	26.7186	7.6913	5.4756	4
53.6	26.7171	7.2902	5.4736	4
53.65	26.7167	7.0404	5.4469	4
53.7	26.7164	7.4172	5.4324	4
53.75	26.7149	7.6997	5.4244	4
53.8	26.7143	7.0278	5.4335	4
53.85	26.7144	7.1365	5.4483	4
53.9	26.7132	7.8819	5.4468	4
53.95	26.7117	7.17	5.4392	4
54	26.7112	7.3169	5.4521	4
54.05	26.7099	7.7756	5.4377	4
54.1	26.7079	7.7437	5.4324	4
54.15	26.7073	7.0372	5.4305	4
54.2	26.7066	7.5867	5.4406	4
54.25	26.7048	7.7037	5.4554	4
54.3	26.7041	6.8987	5.4327	4
54.35	26.7034	7.4883	5.4433	4
54.4	26.7017	8.0254	5.4486	4
54.45	26.7002	7.403	5.4551	4
54.5	26.6999	7.2174	5.4554	4
54.55	26.6983	7.8776	5.4458	4
54.6	26.6967	7.4343	5.4508	4
54.65	26.6965	6.7735	5.4522	4
54.7	26.6959	7.5847	5.444	4
54.75	26.6944	7.4359	5.4474	4
54.8	26.694	6.9442	5.4555	4
54.85	26.6931	7.5435	5.4537	4
54.9	26.6919	7.413	5.4474	4
54.95	26.691	7.1593	5.4607	4
55	26.6909	7.2383	5.4651	4
55.05	26.6899	7.6456	5.4521	4
55.1	26.6893	7.1355	5.4573	4
55.15	26.6885	7.378	5.4611	4
55.2	26.6875	7.3693	5.4532	4
55.25	26.6863	7.2386	5.4427	4
55.3	26.6858	7.2004	5.4409	4
55.35	26.6849	7.4766	5.4436	4
55.4	26.684	7.3005	5.4486	4
55.45	26.6832	7.1534	5.4471	4
55.5	26.6826	7.359	5.4556	4
55.55	26.6815	7.6172	5.4579	4
55.6	26.6806	7.1519	5.4709	4
55.65	26.6797	7.3845	5.4854	4
55.7	26.6789	7.4134	5.478	4
55.75	26.6779	7.4423	5.49	4
55.8	26.6772	7.2932	5.4958	4
55.85	26.6764	7.2369	5.468	4
55.9	26.6755	7.2972	5.446	4
55.95	26.675	7.1984	5.4547	4
56	26.6743	7.1507	5.4614	4
56.05	26.6734	7.4309	5.4698	4
56.1	26.6728	7.1122	5.4691	4
56.15	26.6723	7.4099	5.4516	4
56.2	26.6712	7.2027	5.4445	4
56.25	26.6705	7.3439	5.4554	4
56.3	26.6696	7.2932	5.4583	4
56.35	26.6687	7.4294	5.4559	4
56.4	26.6679	7.2673	5.4558	4
56.45	26.667	7.1536	5.4466	4
56.5	26.6661	7.3504	5.4456	4
56.55	26.6654	7.4629	5.4476	4
56.6	26.6644	7.2016	5.4362	4
56.65	26.6638	7.4011	5.435	4
56.7	26.6627	7.2434	5.4521	4
56.75	26.6622	7.2705	5.4501	4
56.8	26.6613	7.2583	5.4392	4
56.85	26.6612	7	5.4342	4
56.9	26.6607	7.3461	5.4387	4
56.95	26.6602	7.1148	5.4427	4
57	26.6595	7.095	5.4433	4
57.05	26.6592	7.1111	5.4397	4
57.1	26.658	7.7113	5.4331	4
57.15	26.6577	6.8343	5.4353	4
57.2	26.6572	7.4214	5.4225	4
57.25	26.6566	7.1355	5.413	4
57.3	26.6565	6.9807	5.4384	4
57.35	26.6564	7.1764	5.4343	4
57.4	26.6555	7.4059	5.4368	4
57.45	26.6548	6.8996	5.442	4
57.5	26.6548	7.2643	5.4499	4
57.55	26.6538	7.6676	5.4556	4
57.6	26.6529	7.1647	5.445	4
57.65	26.6526	6.9554	5.4505	4
57.7	26.652	7.528	5.4582	4
57.75	26.6505	7.309	5.4554	4
57.8	26.6504	7.0977	5.4503	4
57.85	26.6494	7.2705	5.44	4
57.9	26.6484	7.4063	5.4395	4
57.95	26.6479	6.9489	5.4508	4
58	26.6482	7.0384	5.4507	4
58.05	26.6477	7.3987	5.4411	4
58.1	26.648	6.7336	5.4466	4
58.15	26.6476	7.0368	5.4386	4
58.2	26.6476	6.8525	5.4357	4
58.25	26.6472	7.0413	5.4394	4
58.3	26.6474	6.8669	5.4629	4
58.35	26.6472	7.2706	5.4571	4
58.4	26.6476	6.5602	5.4532	4
58.45	26.6477	6.8734	5.4317	4
58.5	26.6477	6.9368	5.4313	4
58.55	26.6477	6.9009	5.4285	4
58.6	26.648	6.8823	5.4246	4
58.65	26.6477	7.1958	5.4133	4
58.7	26.6476	6.8989	5.4363	4
58.75	26.6472	7.2233	5.4379	4
58.8	26.6467	7.0546	5.4254	4
58.85	26.6466	7.0554	5.4381	4
58.9	26.6465	7.2334	5.445	4
58.95	26.646	7.1501	5.4438	4
59	26.6454	7.2744	5.4492	4
59.05	26.6448	7.1113	5.4448	4
59.1	26.644	7.3103	5.4554	4
59.15	26.6435	7.5392	5.4597	4
59.2	26.6427	7.0807	5.479	4
59.25	26.6418	7.4011	5.474	4
59.3	26.6406	7.376	5.4661	4
59.35	26.6399	7.3108	5.4636	4
59.4	26.6392	7.4481	5.4626	4
59.45	26.6379	7.3758	5.4704	4
59.5	26.6369	7.4716	5.4686	4
59.55	26.636	7.2419	5.4597	4
59.6	26.6352	7.424	5.4543	4
59.65	26.6343	7.5305	5.4524	4
59.7	26.6329	7.3676	5.4561	4
59.75	26.6323	7.2386	5.4502	4
59.8	26.6317	7.2412	5.4541	4
59.85	26.6305	7.5086	5.4546	4
59.9	26.6298	7.1708	5.4602	4
59.95	26.6295	7.2752	5.4521	4
60	26.6283	7.6189	5.4423	4
60.05	26.6272	7.0569	5.4324	4
60.1	26.6267	7.3847	5.4448	4
60.15	26.6257	7.6877	5.4569	4
60.2	26.6246	7.3484	5.4455	4
60.25	26.624	7.2967	5.4471	4
60.3	26.6227	7.5803	5.451	4
60.35	26.6211	7.577	5.4454	4
60.4	26.6202	7.0166	5.4484	4
60.45	26.6196	7.3914	5.4548	4
60.5	26.6184	7.5617	5.4582	4
60.55	26.6177	7.038	5.4603	4
60.6	26.6173	7.3326	5.4505	4
60.65	26.6163	7.5631	5.4701	4
60.7	26.6148	7.4011	5.4869	4
60.75	26.6145	7.1023	5.4921	4
60.8	26.6133	7.4746	5.477	4
60.85	26.6121	7.5743	5.4672	4
60.9	26.6113	7.0613	5.4636	4
60.95	26.611	7.395	5.4692	4
61	26.6095	7.6379	5.4858	4
61.05	26.6085	7.1793	5.4986	4
61.1	26.6076	7.5571	5.5034	4
61.15	26.6064	7.3225	5.4876	4
61.2	26.6052	7.4615	5.4872	4
61.25	26.6046	7.2388	5.4932	4
61.3	26.6035	7.637	5.4994	4
61.35	26.6027	7.2834	5.4933	4
61.4	26.6015	7.4846	5.4851	4
61.45	26.6005	7.285	5.4826	4
61.5	26.5996	7.272	5.4784	4
61.55	26.5982	7.4083	5.4725	4
61.6	26.5971	7.3898	5.4806	4
61.65	26.5966	7.0325	5.471	4
61.7	26.5962	7.4062	5.4711	4
61.75	26.5945	7.4709	5.4707	4
61.8	26.594	7.2077	5.4589	4
61.85	26.5934	7.2935	5.4552	4
61.9	26.5922	7.7676	5.4452	4
61.95	26.5911	7.0414	5.4418	4
62	26.591	7.2747	5.4604	4
62.05	26.5898	7.5731	5.4647	4
62.1	26.5888	7.251	5.464	4
62.15	26.588	7.2832	5.4581	4
62.2	26.5872	7.3734	5.4379	4
62.25	26.586	7.4367	5.4477	4
62.3	26.5856	7.1932	5.4525	4
62.35	26.585	7.1169	5.4516	4
62.4	26.5846	7.1971	5.4531	4
62.45	26.584	7.1305	5.4558	4
62.5	26.5838	7.0178	5.4642	4
62.55	26.583	7.2639	5.4624	4
62.6	26.5832	6.8193	5.4648	4
62.65	26.5831	7.0716	5.4795	4
62.7	26.5828	7.1025	5.4705	4
62.75	26.5826	6.9536	5.4537	4
62.8	26.5828	6.8525	5.4488	4
62.85	26.5827	7.1549	5.4479	4
62.9	26.5823	7.2445	5.4433	4
62.95	26.582	6.858	5.4445	4
63	26.5823	6.8088	5.4583	4
63.05	26.5819	7.3316	5.4518	4
63.1	26.5815	6.8423	5.4401	4
63.15	26.5815	6.9239	5.4453	4
63.2	26.581	7.2214	5.4542	4
63.25	26.5801	7.2177	5.4591	4
63.3	26.5799	6.8217	5.4476	4
63.35	26.5796	7.3872	5.4402	4
63.4	26.5789	6.9222	5.4463	4
63.45	26.5794	6.883	5.4385	4
63.5	26.5792	6.9991	5.4481	4
63.55	26.5788	7.1189	5.4644	4
63.6	26.579	6.8298	5.4692	4
63.65	26.5793	6.9796	5.4659	4
63.7	26.5785	7.3962	5.4679	4
63.75	26.5781	7.0388	5.4777	4
63.8	26.5782	6.838	5.4667	4
63.85	26.5779	7.2532	5.4422	4
63.9	26.577	7.0589	5.4455	4
63.95	26.577	6.9168	5.4621	4
64	26.5767	7.4896	5.4595	4
64.05	26.5758	7.3385	5.4645	4
64.1	26.5751	7.1196	5.4576	4
64.15	26.5747	7.284	5.4466	4
64.2	26.5739	7.3179	5.4426	4
64.25	26.5732	7.1781	5.4514	4
64.3	26.5725	7.3049	5.4687	4
64.35	26.5718	7.3428	5.4739	4
64.4	26.5715	6.9271	5.4599	4
64.45	26.5712	7.2555	5.4534	4
64.5	26.5704	7.1887	5.459	4
64.55	26.5701	6.9435	5.4434	4
64.6	26.57	6.9054	5.4358	4
64.65	26.5694	7.5941	5.4484	4
64.7	26.5685	7.013	5.4533	4
64.75	26.5692	6.5871	5.4481	4
64.8	26.5687	7.6654	5.432	4
64.85	26.5674	7.1589	5.4289	4
64.9	26.5677	6.5508	5.445	4
64.95	26.5676	7.5494	5.4548	4
65	26.566	7.4749	5.4574	4
65.05	26.5666	6.6362	5.4402	4
65.1	26.5664	7.2977	5.4381	4
65.15	26.5649	7.5787	5.4569	4
65.2	26.5646	6.8745	5.4624	4
65.25	26.5649	7.0845	5.4687	4
65.3	26.5633	7.8578	5.4681	4
65.35	26.5622	7.0393	5.4727	4
65.4	26.5623	6.8833	5.4786	4
65.45	26.5616	7.437	5.4729	4
65.5	26.5601	7.5983	5.4674	4
65.55	26.5599	6.6411	5.453	4
65.6	26.5601	7.3249	5.4501	4
65.65	26.5591	7.4951	5.4725	4
65.7	26.5584	7.0173	5.4602	4
65.75	26.5586	6.9921	5.443	4
65.8	26.5578	7.4453	5.4556	4
65.85	26.5568	7.1803	5.4573	4
65.9	26.5563	7.0374	5.4548	4
65.95	26.5561	7.0976	5.4649	4
66	26.5556	7.2868	5.4505	4
66.05	26.5547	7.2194	5.4483	4
66.1	26.5546	7.0903	5.4472	4
66.15	26.554	7.2249	5.4433	4
66.2	26.5533	7.3618	5.4614	4
66.25	26.5527	6.933	5.4742	4
66.3	26.5526	7.0238	5.4706	4
66.35	26.552	7.33	5.4686	4
66.4	26.5512	7.2294	5.4596	4
66.45	26.551	7.178	5.462	4
66.5	26.5506	7.2641	5.4586	4
66.55	26.5494	7.3095	5.4641	4
66.6	26.5489	7.0839	5.4694	4
66.65	26.5486	7.3166	5.4491	4
66.7	26.548	7.2053	5.4411	4
66.75	26.5471	7.3081	5.4528	4
66.8	26.5464	7.2377	5.4668	4
66.85	26.5456	7.2168	5.4749	4
66.9	26.545	7.1855	5.4796	4
66.95	26.5444	7.4765	5.4865	4
67	26.5439	7.0726	5.4819	4
67.05	26.5439	6.8269	5.47	4
67.1	26.5436	6.9746	5.4824	4
67.15	26.5442	6.5632	5.4653	4
67.2	26.5447	6.8604	5.4688	4
67.25	26.545	6.9142	5.4752	4
67.3	26.5452	6.8203	5.4523	4
67.35	26.5458	6.6234	5.4405	4
67.4	26.5462	6.8001	5.4402	4
67.45	26.5464	6.9032	5.4414	4
67.5	26.5469	6.6791	5.4503	4
67.55	26.5473	6.7798	5.4687	4
67.6	26.5472	6.9433	5.4679	4
67.65	26.5476	6.5332	5.4549	4
67.7	26.5483	6.7459	5.468	4
67.75	26.5487	6.8663	5.4659	4
67.8	26.549	6.7177	5.4656	4
67.85	26.5499	6.5913	5.4741	4
67.9	26.5499	6.9503	5.4703	4
67.95	26.55	6.9476	5.4757	4
68	26.5506	6.4952	5.4837	4
68.05	26.5515	6.869	5.4705	4
68.1	26.5515	6.852	5.4608	4
68.15	26.5517	6.6942	5.4627	4
68.2	26.5525	6.6244	5.449	4
68.25	26.5529	6.861	5.4606	4
68.3	26.5532	6.8517	5.456	4
68.35	26.554	6.4388	5.4543	4
68.4	26.5542	7.2106	5.4653	4
68.45	26.5542	6.5371	5.4522	4
68.5	26.5545	7.1121	5.4537	4
68.55	26.5547	6.6441	5.4578	4
68.6	26.5541	7.3069	5.4589	4
68.65	26.5545	6.5864	5.4678	4
68.7	26.5551	6.7571	5.4728	4
68.75	26.5555	6.9302	5.478	4
68.8	26.5551	7.1924	5.465	4
68.85	26.5554	6.3978	5.4571	4
68.9	26.5561	7.0588	5.4718	4
68.95	26.5551	7.4329	5.4656	4
69	26.5545	6.9957	5.4728	4
69.05	26.5549	6.5816	5.4669	4
69.1	26.5545	7.533	5.4605	4
69.15	26.5538	7.0795	5.4627	4
69.2	26.554	6.8403	5.4586	4
69.25	26.5539	7.1627	5.4632	4
69.3	26.5529	7.5528	5.4623	4
69.35	26.5529	6.5915	5.4734	4
69.4	26.5526	7.5132	5.468	4
69.45	26.5514	7.4141	5.4576	4
69.5	26.551	6.9515	5.45	4
69.55	26.551	6.9249	5.4607	4
69.6	26.5504	7.5907	5.468	4
69.65	26.5495	7.0202	5.4789	4
69.7	26.5495	7.2005	5.4859	4
69.75	26.5488	7.1546	5.4865	4
69.8	26.5482	7.199	5.4764	4
69.85	26.5476	7.2143	5.4588	4
69.9	26.5468	7.1184	5.468	4
69.95	26.5463	7.2283	5.4742	4
70	26.5459	7.121	5.4762	4
70.05	26.5451	7.2624	5.4577	4
70.1	26.5445	7.24	5.4547	4
70.15	26.5438	7.2648	5.4663	4
70.2	26.5436	7.1133	5.4632	4
70.25	26.5432	7.1265	5.4637	4
70.3	26.5425	7.3054	5.4647	4
70.35	26.5419	7.1751	5.4524	4
70.4	26.5415	7.108	5.4551	4
70.45	26.5412	7.3272	5.4434	4
70.5	26.5403	7.2179	5.4461	4
70.55	26.5399	7.0281	5.4596	4
70.6	26.5397	7.2207	5.4489	4
70.65	26.5389	7.3451	5.4525	4
70.7	26.5386	7.1147	5.4581	4
70.75	26.5378	7.2078	5.4563	4
70.8	26.5371	7.2722	5.4551	4
70.85	26.5367	6.9708	5.4648	4
70.9	26.5359	7.4901	5.4654	4
70.95	26.5348	7.3537	5.4607	4
71	26.534	7.158	5.4535	4
71.05	26.5336	7.2448	5.4563	4
71.1	26.533	7.2974	5.4512	4
71.15	26.5323	7.1061	5.4518	4
71.2	26.5322	7.0806	5.4504	4
71.25	26.5312	7.4274	5.4531	4
71.3	26.5307	7.1486	5.4476	4
71.35	26.5307	6.835	5.4333	4
71.4	26.5304	7.3954	5.4435	4
71.45	26.5296	7.2467	5.437	4
71.5	26.5293	6.9751	5.443	4
71.55	26.5286	7.338	5.4567	4
71.6	26.528	6.9717	5.4412	4
71.65	26.5273	7.2042	5.3978	4
71.7	26.5268	6.7	5.3057	4
71.75	26.526	7.5093	5.2149	4
71.8	26.5256	6.9303	5.1906	4
71.85	26.525	7.0962	5.1781	4
71.9	26.5248	7.0506	5.167	4
71.95	26.5243	7.2195	5.1931	4
72	26.5243	6.854	5.2005	4
72.05	26.5242	7.2061	5.2198	4
72.1	26.5235	7.2403	5.2455	4
72.15	26.5239	6.748	5.2715	4
72.2	26.5237	7.2767	5.3056	4
72.25	26.523	7.1415	5.301	4
72.3	26.523	7.0539	5.3075	4
72.35	26.5227	7.1825	5.316	4
72.4	26.522	7.225	5.3093	4
72.45	26.5215	6.9724	5.3246	4
72.5	26.522	6.7449	5.3443	4
72.55	26.522	6.861	5.3549	4
72.6	26.5236	6.0595	5.3642	4
72.65	26.5251	6.444	5.3358	4
72.7	26.5252	6.9967	5.3382	4
72.75	26.5257	6.4871	5.332	4
72.8	26.5263	6.6661	5.3299	4
72.85	26.5266	7.0038	5.3305	4
72.9	26.5268	6.6979	5.3142	4
72.95	26.5276	6.5614	5.3077	4
73	26.5279	6.918	5.3133	4
73.05	26.5281	6.8002	5.321	4
73.1	26.5286	6.7497	5.3339	4
73.15	26.5293	6.8423	5.3218	4
73.2	26.5292	6.8769	5.3273	4
73.25	26.5298	6.6512	5.3315	4
73.3	26.53	7.0167	5.3272	4
73.35	26.5299	6.9959	5.3184	4
73.4	26.5298	7.0468	5.3169	4
73.45	26.5298	6.6983	5.3325	4
73.5	26.53	6.9401	5.3454	4
73.55	26.5301	7.1527	5.352	4
73.6	26.5297	7.2338	5.3348	4
73.65	26.5298	6.6537	5.3304	4
73.7	26.5299	7.1524	5.3511	4
73.75	26.5295	6.8345	5.3502	4
73.8	26.5297	6.715	5.3383	4
73.85	26.5306	6.3067	5.351	4
73.9	26.5312	6.9584	5.3577	4
73.95	26.5313	6.7635	5.3558	4
74	26.5318	6.6663	5.3543	4
74.05	26.5323	6.8234	5.3377	4
74.1	26.5322	7.0304	5.3448	4
74.15	26.5322	6.5497	5.3547	4
74.2	26.5334	6.3789	5.3579	4
74.25	26.5347	6.4763	5.347	4
74.3	26.5356	6.5895	5.3481	4
74.35	26.5368	6.134	5.3656	4
74.4	26.539	6.1954	5.361	4
74.45	26.5396	6.7176	5.3677	4
74.5	26.5401	6.4351	5.3714	4
74.55	26.5417	6.025	5.3469	4
74.6	26.5428	6.9248	5.3346	4
74.65	26.5428	6.8108	5.3461	4
74.7	26.5443	6.1905	5.3481	4
74.75	26.5452	6.735	5.341	4
74.8	26.5455	6.6467	5.3512	4
74.85	26.5468	6.25	5.3448	4
74.9	26.5482	6.3731	5.3368	4
74.95	26.5488	6.7661	5.3425	4
75	26.5498	6.1713	5.359	4
75.05	26.5514	6.1866	5.3492	4
75.1	26.5531	6.4012	5.345	4
75.15	26.5546	6.1763	5.3444	4
75.2	26.5567	5.9638	5.3498	4
75.25	26.5585	6.4098	5.3604	4
75.3	26.5594	6.4041	5.3526	4
75.35	26.5606	6.1803	5.3523	4
75.4	26.5621	6.3216	5.3493	4
75.45	26.5626	7.0211	5.3524	4
75.5	26.5631	6.2636	5.3438	4
75.55	26.5648	6.4433	5.3366	4
75.6	26.5654	6.6618	5.3398	4
75.65	26.5658	6.6031	5.341	4
75.7	26.567	6.5495	5.3453	4
75.75	26.5672	7.1423	5.3592	4
75.8	26.5676	6.6389	5.3703	4
75.85	26.5683	6.6725	5.3779	4
75.9	26.5687	6.7911	5.373	4
75.95	26.5688	6.9709	5.3741	4
76	26.5692	6.4667	5.3708	4
76.05	26.5699	6.8823	5.3734	4
76.1	26.5695	6.9938	5.3673	4
76.15	26.57	6.6818	5.3597	4
76.2	26.5708	6.6032	5.3362	4
76.25	26.5706	7.2066	5.3494	4
76.3	26.5707	6.8436	5.3631	4
76.35	26.5715	6.5925	5.359	4
76.4	26.5715	7.0842	5.3741	4
76.45	26.5716	6.7294	5.3721	4
76.5	26.5723	6.4123	5.3638	4
76.55	26.5732	6.6767	5.3636	4
76.6	26.5733	6.9311	5.3586	4
76.65	26.5739	6.7056	5.3563	4
76.7	26.5746	6.5538	5.3556	4
76.75	26.5749	6.84	5.3473	4
76.8	26.5747	7.0016	5.3433	4
76.85	26.5752	6.639	5.3365	4
76.9	26.5757	6.6049	5.3501	4
76.95	26.5762	6.7934	5.3655	4
77	26.5764	6.8721	5.3664	4
77.05	26.5771	6.5276	5.3689	4
77.1	26.5779	6.8445	5.3605	4
77.15	26.5781	6.7746	5.3594	4
77.2	26.5784	6.7776	5.3658	4
77.25	26.5794	6.4647	5.3725	4
77.3	26.58	6.7936	5.3762	4
77.35	26.5803	6.8352	5.3809	4
77.4	26.5807	6.7566	5.39	4
77.45	26.5815	6.6472	5.3775	4
77.5	26.5815	7.1654	5.3674	4
77.55	26.581	6.7425	5.3686	4
77.6	26.5817	6.692	5.3608	4
77.65	26.5814	7.3428	5.3687	4
77.7	26.5807	7.2264	5.36	4
77.75	26.5806	6.8709	5.3533	4
77.8	26.5807	7.2293	5.3743	4
77.85	26.5799	7.1193	5.3703	4
77.9	26.5799	6.8952	5.3504	4
77.95	26.5805	6.7158	5.3509	4
78	26.5801	7.4277	5.3538	4
78.05	26.5792	7.1313	5.3515	4
78.1	26.5797	6.6138	5.3351	4
78.15	26.5793	7.473	5.3326	4
78.2	26.5782	7.1334	5.3614	4
78.25	26.578	6.9894	5.3723	4
78.3	26.5783	7.2304	5.3669	4
78.35	26.5773	7.1944	5.3629	4
78.4	26.5773	6.7919	5.3647	4
78.45	26.5777	7.0872	5.3489	4
78.5	26.5773	7.2676	5.3289	4
78.55	26.5766	7.27	5.3459	4
78.6	26.5767	6.7088	5.3523	4
78.65	26.5764	7.176	5.3428	4
78.7	26.576	7.0111	5.3449	4
78.75	26.5761	6.9054	5.3529	4
78.8	26.5768	6.7817	5.3594	4
78.85	26.5767	7.111	5.3505	4
78.9	26.5767	6.712	5.3661	4
78.95	26.5772	6.9356	5.3718	4
79	26.5771	6.8491	5.3525	4
79.05	26.5771	7.0954	5.3524	4
79.1	26.577	6.8453	5.3548	4
79.15	26.5772	6.9126	5.3474	4
79.2	26.5775	6.7506	5.3641	4
79.25	26.5775	6.9539	5.3625	4
79.3	26.5774	6.8735	5.3552	4
79.35	26.5774	6.8668	5.3586	4
79.4	26.5777	6.9236	5.3513	4
79.45	26.5775	7.4808	5.3509	4
79.5	26.5768	6.9391	5.357	4
79.55	26.577	6.9292	5.3841	4
79.6	26.577	7.1435	5.3802	4
79.65	26.5766	7.0549	5.3597	4
79.7	26.5768	6.6868	5.3488	4
79.75	26.5774	6.8772	5.3569	4
79.8	26.5771	7.1276	5.365	4
79.85	26.5776	6.7657	5.3596	4
79.9	26.578	6.8291	5.3578	4
79.95	26.5777	7.1741	5.3641	4
80	26.5777	6.7323	5.3574	4
80.05	26.5784	6.7318	5.368	4
80.1	26.5778	7.4395	5.3802	4
80.15	26.5774	6.931	5.3605	4
80.2	26.5776	6.8296	5.3589	4
80.25	26.5773	7.1882	5.3534	4
80.3	26.5768	7.0196	5.3534	4
80.35	26.5772	6.7034	5.3688	4
80.4	26.5776	7.131	5.3724	4
80.45	26.5773	6.943	5.3746	4
80.5	26.5779	6.6209	5.3564	4
80.55	26.5784	7.0289	5.3482	4
80.6	26.5778	7.2423	5.3464	4
80.65	26.5781	6.6996	5.3345	4
80.7	26.5779	7.1663	5.3443	4
80.75	26.5773	7.1863	5.3642	4
80.8	26.5772	6.9417	5.3612	4
80.85	26.5774	6.9025	5.3473	4
80.9	26.5769	7.3509	5.3415	4
80.95	26.5761	6.9026	5.3328	4
81	26.5764	6.9396	5.333	4
81.05	26.5761	7.2685	5.3495	4
81.1	26.5755	7.2276	5.3538	4
81.15	26.5752	6.9964	5.3339	4
81.2	26.575	7.0693	5.346	4
81.25	26.5743	7.2424	5.3387	4
81.3	26.5739	7.1238	5.3331	4
81.35	26.5735	7.0938	5.34	4
81.4	26.5732	7.2975	5.3441	4
81.45	26.5724	7.2489	5.3451	4
81.5	26.5717	7.1954	5.346	4
81.55	26.5716	6.95	5.3531	4
81.6	26.5712	7.3309	5.3534	4
81.65	26.5707	7.0642	5.3438	4
81.7	26.5704	7.0919	5.3375	4
81.75	26.5701	7.1464	5.3443	4
81.8	26.5691	7.3215	5.3253	4
81.85	26.5692	6.8632	5.3179	4
81.9	26.5695	6.8891	5.3296	4
81.95	26.5689	7.2195	5.3234	4
82	26.5685	7.2297	5.3212	4
82.05	26.5686	6.7091	5.3086	4
82.1	26.5685	7.2468	5.3011	4
82.15	26.5675	7.2917	5.3055	4
82.2	26.5669	7.1118	5.304	4
82.25	26.5666	7.2894	5.3243	4
82.3	26.5657	7.2388	5.3249	4
82.35	26.5649	7.3508	5.312	4
82.4	26.5649	6.9885	5.3261	4
82.45	26.5639	7.6141	5.3272	4
82.5	26.5625	7.5495	5.3227	4
82.55	26.5617	7.1194	5.3187	4
82.6	26.5606	7.6396	5.306	4
82.65	26.5591	7.5001	5.3226	4
82.7	26.5583	7.1681	5.3264	4
82.75	26.5574	7.4674	5.3314	4
82.8	26.5564	7.3918	5.3286	4
82.85	26.5557	7.3536	5.3198	4
82.9	26.5547	7.3887	5.3227	4
82.95	26.5539	7.5751	5.3181	4
83	26.5527	7.3694	5.3308	4
83.05	26.5521	7.3379	5.3451	4
83.1	26.5507	7.3503	5.3288	4
83.15	26.5499	7.2585	5.3219	4
83.2	26.5493	7.1307	5.329	4
83.25	26.5485	7.4945	5.3136	4
83.3	26.5475	7.2454	5.3146	4
83.35	26.5474	6.916	5.3111	4
83.4	26.5466	7.4886	5.3235	4
83.45	26.5455	7.3161	5.3178	4
83.5	26.545	7.1141	5.3075	4
83.55	26.5446	7.2005	5.3012	4
83.6	26.5434	7.5643	5.2945	4
83.65	26.5433	6.8468	5.3045	4
83.7	26.5431	7.2835	5.2883	4
83.75	26.5421	7.4557	5.2963	4
83.8	26.5417	7.0718	5.3189	4
83.85	26.5418	7.0267	5.3027	4
83.9	26.5412	7.2436	5.2954	4
83.95	26.54	7.5039	5.3118	4
84	26.539	7.2024	5.3226	4
84.05	26.5393	6.7452	5.331	4
84.1	26.5387	7.6462	5.3471	4
84.15	26.5378	7.037	5.3453	4
84.2	26.5385	6.5592	5.3263	4
84.25	26.5388	7.1298	5.3057	4
84.3	26.5377	7.3852	5.308	4
84.35	26.5377	6.6283	5.2937	4
84.4	26.539	6.7332	5.2968	4
84.45	26.5384	7.4821	5.3142	4
84.5	26.5381	6.7242	5.3235	4
84.55	26.5398	6.0094	5.309	4
84.6	26.5402	7.2933	5.3038	4
84.65	26.5397	6.7623	5.3199	4
84.7	26.5411	6.0348	5.3089	4
84.75	26.5418	6.9309	5.3074	4
84.8	26.5415	7.0693	5.3092	4
84.85	26.5423	6.3405	5.295	4
84.9	26.5431	6.9002	5.3156	4
84.95	26.5427	7.1322	5.3251	4
85	26.5432	6.425	5.3192	4
85.05	26.5443	6.5428	5.3268	4
85.1	26.5447	6.9954	5.3209	4
85.15	26.5449	6.523	5.3339	4
85.2	26.5458	6.5787	5.3263	4
85.25	26.546	6.9473	5.3156	4
85.3	26.5464	6.4477	5.3234	4
85.35	26.5472	6.6901	5.3112	4
85.4	26.5472	7.1328	5.2954	4
85.45	26.5477	6.2915	5.2955	4
85.5	26.5492	6.751	5.2951	4
85.55	26.5491	7.1556	5.3165	4
85.6	26.5499	6.2412	5.3446	4
85.65	26.5512	6.5844	5.3541	4
85.7	26.5511	7.2381	5.3429	4
85.75	26.5513	6.4876	5.3311	4
85.8	26.5529	6.5412	5.3354	4
85.85	26.5529	7.0902	5.3281	4
85.9	26.5528	6.6985	5.3204	4
85.95	26.5539	6.3172	5.3293	4
86	26.5543	7.0941	5.3297	4
86.05	26.5537	6.9755	5.3188	4
86.1	26.5547	6.1589	5.3114	4
86.15	26.5553	7.1302	5.3101	4
86.2	26.5544	7.3271	5.3135	4
86.25	26.5547	6.5158	5.2952	4
86.3	26.5555	6.6986	5.2849	4
86.35	26.5549	7.4334	5.2918	4
86.4	26.555	6.5759	5.2857	4
86.45	26.5558	6.8373	5.278	4
86.5	26.5552	7.2784	5.2798	4
86.55	26.5552	6.7211	5.2922	4
86.6	26.5559	6.7026	5.3016	4
86.65	26.5556	7.2273	5.3127	4
86.7	26.5555	6.7809	5.313	4
86.75	26.5562	6.8307	5.3084	4
86.8	26.5561	6.9457	5.3123	4
86.85	26.5562	6.9625	5.3157	4
86.9	26.5566	6.6466	5.3052	4
86.95	26.5567	7.2259	5.3045	4
87	26.5563	6.9116	5.3112	4
87.05	26.5564	6.653	5.319	4
87.1	26.5568	6.7837	5.3109	4
87.15	26.5571	7.3544	5.3026	4
87.2	26.5563	6.9579	5.3134	4
87.25	26.5564	7.0749	5.3152	4
87.3	26.5559	7.3738	5.3095	4
87.35	26.555	7.0812	5.3428	4
87.4	26.5545	6.9851	5.3303	4
87.45	26.5545	7.0574	5.3145	4
87.5	26.5536	7.4811	5.3204	4
87.55	26.5531	6.8939	5.3157	4
87.6	26.553	6.9684	5.3073	4
87.65	26.5528	7.0916	5.31	4
87.7	26.5526	7.0846	5.315	4
87.75	26.5523	7.0698	5.2991	4
87.8	26.5524	6.8818	5.2805	4
87.85	26.5531	6.8649	5.2693	4
87.9	26.5528	7.0572	5.2607	4
87.95	26.5527	6.6352	5.2418	4
88	26.5529	7.0411	5.2221	4
88.05	26.553	6.5713	5.1906	4
88.1	26.5533	7.0245	5.1747	4
88.15	26.5528	7.2579	5.1766	4
88.2	26.5526	6.827	5.1675	4
88.25	26.5535	6.7474	5.1798	4
88.3	26.5533	7.2549	5.1908	4
88.35	26.5528	6.8352	5.1934	4
88.4	26.5533	6.7123	5.1768	4
88.45	26.5533	7.0992	5.1716	4
88.5	26.5526	7.3676	5.1714	4
88.55	26.5526	6.7556	5.1856	4
88.6	26.5524	7.0295	5.1931	4
88.65	26.5515	7.3072	5.1798	4
88.7	26.5513	7.304	5.1713	4
88.75	26.5515	6.9275	5.1874	4
88.8	26.5509	7.2853	5.2076	4
88.85	26.5502	6.9231	5.2132	4
88.9	26.5509	6.8487	5.1966	4
88.95	26.5505	7.3732	5.1852	4
89	26.55	6.8068	5.1922	4
89.05	26.5504	6.6557	5.189	4
89.1	26.5505	7.0584	5.1702	4
89.15	26.5502	6.7928	5.16	4
89.2	26.5509	6.8197	5.1655	4
89.25	26.5511	6.9147	5.1741	4
89.3	26.5512	6.7968	5.172	4
89.35	26.5516	6.8527	5.1648	4
89.4	26.5519	6.8652	5.1666	4
89.45	26.5521	6.797	5.1808	4
89.5	26.5526	6.7393	5.2052	4
89.55	26.5531	6.8132	5.1966	4
89.6	26.5535	6.7902	5.1823	4
89.65	26.5536	6.8906	5.1925	4
89.7	26.5542	6.6396	5.1875	4
89.75	26.5542	7.0315	5.1934	4
89.8	26.5547	6.6786	5.1795	4
89.85	26.5553	6.63	5.1727	4
89.9	26.5559	6.4799	5.18	4
89.95	26.5564	6.8641	5.1623	4
90	26.5568	6.6508	5.1682	4
90.05	26.5575	6.8149	5.1794	4
90.1	26.5582	6.553	5.1767	4
90.15	26.5586	6.7959	5.1731	4
90.2	26.5593	6.3149	5.1846	4
90.25	26.5606	6.4835	5.1888	4
90.3	26.5616	6.6783	5.1979	4
90.35	26.5621	6.7217	5.195	4
90.4	26.563	6.1661	5.1894	4
90.45	26.5639	6.6767	5.1977	4
90.5	26.5643	6.8404	5.1968	4
90.55	26.5649	6.6847	5.1937	4
90.6	26.5657	6.5864	5.1935	4
90.65	26.5662	6.7441	5.1913	4
90.7	26.5665	6.6551	5.1843	4
90.75	26.5673	6.7003	5.1782	4
90.8	26.5677	6.6563	5.1731	4
90.85	26.5685	6.6678	5.169	4
90.9	26.5693	6.6413	5.1776	4
90.95	26.5698	6.8641	5.1808	4
91	26.5703	6.6341	5.1707	4
91.05	26.571	6.685	5.1773	4
91.1	26.5714	6.7459	5.1776	4
91.15	26.5718	6.7757	5.1721	4
91.2	26.572	6.818	5.1717	4
91.25	26.5727	6.6768	5.1839	4
91.3	26.5731	6.8327	5.1879	4
91.35	26.5731	6.9864	5.1862	4
91.4	26.5733	6.5794	5.1859	4
91.45	26.5741	6.7206	5.1903	4
91.5	26.5744	6.8517	5.1814	4
91.55	26.5749	6.7768	5.182	4
91.6	26.5755	6.5447	5.1811	4
91.65	26.5759	7.0488	5.1871	4
91.7	26.5755	6.9542	5.1865	4
91.75	26.576	6.5551	5.1859	4
91.8	26.5764	7.0464	5.187	4
91.85	26.5762	7.0185	5.1865	4
91.9	26.5765	6.7889	5.1978	4
91.95	26.5772	6.7947	5.2074	4
92	26.5767	7.1038	5.1934	4
92.05	26.5766	6.7311	5.1862	4
92.1	26.5769	6.8166	5.1843	4
92.15	26.577	6.9024	5.1828	4
92.2	26.5765	7.1569	5.1936	4
92.25	26.5773	6.5862	5.1956	4
92.3	26.5778	7.2911	5.202	4
92.35	26.5771	7.0258	5.1999	4
92.4	26.577	6.6761	5.1883	4
92.45	26.5773	6.9192	5.1786	4
92.5	26.5766	7.4202	5.1604	4
92.55	26.5766	6.5997	5.1756	4
92.6	26.5767	7.2666	5.2048	4
92.65	26.576	7.1201	5.1854	4
92.7	26.5757	7.0223	5.1754	4
92.75	26.5754	7.0443	5.1876	4
92.8	26.5749	7.1723	5.1751	4
92.85	26.5746	7.0415	5.1826	4
92.9	26.5751	6.9161	5.1698	4
92.95	26.5744	7.3301	5.1653	4
93	26.5742	7.035	5.1558	4
93.05	26.5743	6.8622	5.1551	4
93.1	26.5738	7.3186	5.1601	4
93.15	26.5731	7.0236	5.1551	4
93.2	26.5734	6.9223	5.1698	4
93.25	26.573	7.468	5.1804	4
93.3	26.5723	7.0501	5.1716	4
93.35	26.5721	6.883	5.1769	4
93.4	26.5719	7.0231	5.1853	4
93.45	26.5713	7.443	5.1937	4
93.5	26.5712	6.7236	5.1922	4
93.55	26.5711	7.2928	5.183	4
93.6	26.5702	7.2952	5.1818	4
93.65	26.5701	6.9313	5.161	4
93.7	26.57	7.0777	5.1567	4
93.75	26.569	7.4778	5.1614	4
93.8	26.5687	6.7297	5.1531	4
93.85	26.5688	7.2849	5.1636	4
93.9	26.5682	7.0181	5.1607	4
93.95	26.5677	7.2225	5.1683	4
94	26.5674	6.8718	5.1577	4
94.05	26.5668	7.253	5.1491	4
94.1	26.5663	7.1009	5.1544	4
94.15	26.5662	7.0667	5.154	4
94.2	26.5655	7.2074	5.1531	4
94.25	26.5646	7.4414	5.1575	4
94.3	26.5643	6.9262	5.1595	4
94.35	26.5638	7.2987	5.1615	4
94.4	26.5632	7.2425	5.1689	4
94.45	26.5631	7.1431	5.1544	4
94.5	26.5627	7.1038	5.1587	4
94.55	26.5618	7.5152	5.1689	4
94.6	26.5607	7.2604	5.1612	4
94.65	26.5601	7.1521	5.1452	4
94.7	26.5595	7.4031	5.1529	4
94.75	26.5588	7.2898	5.1647	4
94.8	26.5579	7.331	5.16	4
94.85	26.5574	7.2273	5.1554	4
94.9	26.5563	7.3514	5.1492	4
94.95	26.5555	7.4743	5.1314	4
95	26.5546	7.1281	5.1457	4
95.05	26.5542	7.2917	5.1608	4
95.1	26.5532	7.3818	5.1713	4
95.15	26.5529	7.0899	5.1729	4
95.2	26.5526	7.2373	5.1754	4
95.25	26.552	7.2882	5.161	4
95.3	26.5511	7.1523	5.1594	4
95.35	26.5506	7.2136	5.1594	4
95.4	26.5498	7.3605	5.155	4
95.45	26.549	7.1514	5.1582	4
95.5	26.5484	7.3574	5.1692	4
95.55	26.548	7.2352	5.1608	4
95.6	26.5472	7.3299	5.1608	4
95.65	26.5465	7.1385	5.1689	4
95.7	26.5457	7.3979	5.1511	4
95.75	26.5452	7.0682	5.1503	4
95.8	26.5448	7.274	5.1455	4
95.85	26.5443	7.1806	5.1509	4
95.9	26.5437	7.3008	5.156	4
95.95	26.5435	6.9773	5.1467	4
96	26.5431	7.2001	5.1543	4
96.05	26.5425	7.2013	5.1699	4
96.1	26.5424	6.919	5.1797	4
96.15	26.5424	7.1114	5.1776	4
96.2	26.5417	7.1072	5.1621	4
96.25	26.5418	6.7591	5.1593	4
96.3	26.5417	7.0953	5.1634	4
96.35	26.5413	6.9937	5.1601	4
96.4	26.5411	6.9386	5.1557	4
96.45	26.5412	6.8777	5.1416	4
96.5	26.5414	7.0946	5.1643	4
96.55	26.5416	6.9159	5.1811	4
96.6	26.5417	7.0147	5.1606	4
96.65	26.5419	6.7199	5.1744	4
96.7	26.5418	7.0275	5.1832	4
96.75	26.5417	6.8953	5.1694	4
96.8	26.5417	6.897	5.1635	4
96.85	26.5418	6.8736	5.1632	4
96.9	26.5422	6.8284	5.1698	4
96.95	26.542	6.9835	5.1616	4
97	26.5425	6.7973	5.1626	4
97.05	26.5427	6.7936	5.1664	4
97.1	26.5428	7.0661	5.142	4
97.15	26.5429	6.6949	5.1538	4
97.2	26.5432	6.8586	5.1658	4
97.25	26.543	6.9376	5.1666	4
97.3	26.5433	6.7139	5.1631	4
97.35	26.5434	6.9351	5.154	4
97.4	26.5439	6.5779	5.1646	4
97.45	26.5444	6.8145	5.1603	4
97.5	26.5445	7.0103	5.1751	4
97.55	26.5446	6.9736	5.168	4
97.6	26.5451	6.422	5.1503	4
97.65	26.545	7.3485	5.149	4
97.7	26.5448	6.8453	5.1529	4
97.75	26.5452	6.6755	5.1509	4
97.8	26.5456	6.9622	5.152	4
97.85	26.5455	7.0871	5.1586	4
97.9	26.5456	6.6425	5.1594	4
97.95	26.5461	7.0072	5.1567	4
98	26.5459	6.7622	5.1535	4
98.05	26.546	7.0688	5.1573	4
98.1	26.5461	6.8339	5.1569	4
98.15	26.5461	7.0517	5.1632	4
98.2	26.546	7.0589	5.1619	4
98.25	26.546	6.9435	5.1463	4
98.3	26.5456	7.077	5.1579	4
98.35	26.5458	6.7153	5.1558	4
98.4	26.5461	6.9627	5.1556	4
98.45	26.5458	7.3003	5.1566	4
98.5	26.5457	6.8404	5.1491	4
98.55	26.5457	7.0271	5.1709	4
98.6	26.5449	7.3122	5.1631	4
98.65	26.5443	6.9981	5.1428	4
98.7	26.5447	6.7525	5.1475	4
98.75	26.5445	7.215	5.153	4
98.8	26.5442	6.9515	5.1649	4
98.85	26.5444	6.7931	5.1779	4
98.9	26.5446	7.2012	5.172	4
98.95	26.5443	7.0212	5.1707	4
99	26.5442	6.7563	5.176	4
99.05	26.5446	6.8665	5.1806	4
99.1	26.5442	7.2533	5.1625	4
99.15	26.5441	6.6139	5.1458	4
99.2	26.5442	7.0244	5.145	4
99.25	26.544	7.1268	5.1453	4
99.3	26.5437	7.0321	5.1548	4
99.35	26.5443	6.7268	5.1563	4
99.4	26.5436	7.5373	5.1502	4
99.45	26.5431	6.831	5.1416	4
99.5	26.5432	6.9765	5.152	4
99.55	26.5429	7.2495	5.1581	4
99.6	26.542	7.351	5.1742	4
99.65	26.5418	6.9344	5.1743	4
99.7	26.5417	7.2452	5.1827	4
99.75	26.5407	7.3796	5.1831	4
99.8	26.5403	6.9053	5.1797	4
99.85	26.5402	7.0452	5.1777	4
99.9	26.5395	7.5909	5.177	4
99.95	26.5389	7.2429	5.1721	4
100	26.5385	6.8255	5.1596	4
100.05	26.5376	7.3667	5.1624	4
100.1	26.5372	7.2229	5.1724	4
100.15	26.5371	6.9518	5.1676	4
100.2	26.5372	7.0613	5.1662	4
100.25	26.5362	7.4718	5.1644	4
100.3	26.5359	6.8821	5.1758	4
100.35	26.5355	7.1743	5.1753	4
100.4	26.5352	6.9391	5.1668	4
100.45	26.5347	7.1786	5.1619	4
100.5	26.5346	7.0915	5.1767	4
100.55	26.5336	7.145	5.1818	4
100.6	26.5337	6.9785	5.1756	4
100.65	26.5332	7.1827	5.1729	4
100.7	26.5328	7.0814	5.1684	4
100.75	26.5324	7.2236	5.1645	4
100.8	26.5321	7.1126	5.1675	4
100.85	26.5319	7.1057	5.1797	4
100.9	26.5315	7.1893	5.1629	4
100.95	26.531	6.9642	5.1743	4
101	26.5309	7.1585	5.1813	4
101.05	26.5305	7.1656	5.1785	4
101.1	26.5299	7.0357	5.1586	4
101.15	26.5296	7.2881	5.1487	4
101.2	26.5288	7.0965	5.1592	4
101.25	26.5279	7.3073	5.1655	4
101.3	26.5272	7.2549	5.1606	4
101.35	26.527	7.0526	5.1622	4
101.4	26.5269	6.9356	5.1613	4
101.45	26.5265	7.3541	5.1669	4
101.5	26.5261	6.9134	5.1695	4
101.55	26.5255	7.3687	5.1754	4
101.6	26.5251	7.0687	5.1877	4
101.65	26.5244	7.2112	5.1786	4
101.7	26.5238	7.3164	5.1568	4
101.75	26.5237	6.8679	5.1602	4
101.8	26.5234	7.182	5.158	4
101.85	26.5227	7.2439	5.1614	4
101.9	26.5227	6.8288	5.1751	4
101.95	26.5225	7.2832	5.1732	4
102	26.5219	7.3408	5.1606	4
102.05	26.5212	7.0156	5.1528	4
102.1	26.5211	6.9271	5.1426	4
102.15	26.5206	7.375	5.1364	4
102.2	26.5202	6.7598	5.1474	4
102.25	26.5204	7.0431	5.1674	4
102.3	26.5203	7.0588	5.1738	4
102.35	26.52	6.9579	5.1685	4
102.4	26.5201	6.9776	5.1594	4
102.45	26.5202	7.0549	5.1376	4
102.5	26.52	6.8786	5.1391	4
102.55	26.5206	6.538	5.1459	4
102.6	26.521	6.7724	5.1611	4
102.65	26.5214	6.7584	5.1728	4
102.7	26.5218	6.7363	5.164	4
102.75	26.5227	6.6226	5.1634	4
102.8	26.5229	6.9085	5.1749	4
102.85	26.5231	6.8749	5.1667	4
102.9	26.5232	6.8647	5.1651	4
102.95	26.5239	6.4417	5.1683	4
103	26.5241	7.2522	5.169	4
103.05	26.5241	6.5825	5.1523	4
103.1	26.5247	6.8901	5.1491	4
103.15	26.5248	6.9138	5.1483	4
103.2	26.5245	7.0059	5.1352	4
103.25	26.5246	6.8945	5.1439	4
103.3	26.5246	6.9415	5.1554	4
103.35	26.5248	6.8306	5.1467	4
103.4	26.5251	7.0759	5.1569	4
103.45	26.525	6.8355	5.169	4
103.5	26.5251	6.981	5.1682	4
103.55	26.525	6.7922	5.16	4
103.6	26.5248	7.1694	5.1726	4
103.65	26.5248	6.7479	5.1866	4
103.7	26.5254	7.0509	5.176	4
103.75	26.5253	6.778	5.1689	4
103.8	26.5256	6.9206	5.171	4
103.85	26.5255	6.9031	5.1696	4
103.9	26.5262	6.8165	5.1686	4
103.95	26.5256	7.1042	5.1707	4
104	26.5257	6.8525	5.1726	4
104.05	26.5258	6.7675	5.1745	4
104.1	26.5263	6.9686	5.1789	4
104.15	26.5255	7.1784	5.1989	4
104.2	26.5261	6.6124	5.2037	4
104.25	26.5265	7.1397	5.1879	4
104.3	26.526	7.3075	5.1775	4
104.35	26.5255	7.1923	5.1795	4
104.4	26.5256	6.5251	5.1795	4
104.45	26.5253	7.2292	5.1691	4
104.5	26.5249	6.9727	5.1604	4
104.55	26.5253	6.8202	5.162	4
104.6	26.5257	6.9319	5.1715	4
104.65	26.5251	7.3221	5.1722	4
104.7	26.5243	6.9667	5.1694	4
104.75	26.5245	6.9811	5.1729	4
104.8	26.5242	7.1183	5.1995	4
104.85	26.5237	7.2752	5.1995	4
104.9	26.5236	6.8411	5.1885	4
104.95	26.5237	7.1049	5.1645	4
105	26.5229	7.1255	5.1524	4
105.05	26.5226	7.3571	5.1747	4
105.1	26.5226	6.7138	5.1778	4
105.15	26.522	7.4593	5.1605	4
105.2	26.5214	7.0073	5.1629	4
105.25	26.5211	7.1957	5.1645	4
105.3	26.5207	7.0959	5.1694	4
105.35	26.5206	6.9932	5.1725	4
105.4	26.5199	7.3598	5.172	4
105.45	26.5192	7.1033	5.1665	4
105.5	26.5184	7.5823	5.1653	4
105.55	26.5177	6.854	5.159	4
105.6	26.5168	7.6883	5.1541	4
105.65	26.5162	7.1053	5.1657	4
105.7	26.5155	7.1422	5.1749	4
105.75	26.515	7.4506	5.1681	4
105.8	26.5137	7.4323	5.174	4
105.85	26.5132	6.9583	5.1862	4
105.9	26.5128	7.2901	5.1638	4
105.95	26.5118	7.3939	5.155	4
106	26.5113	7.1715	5.1667	4
106.05	26.5108	6.9902	5.1775	4
106.1	26.5099	7.4221	5.1656	4
106.15	26.5094	6.9204	5.1588	4
106.2	26.5095	7.1875	5.1759	4
106.25	26.5093	7.0331	5.1698	4
106.3	26.5084	7.2787	5.1733	4
106.35	26.5083	6.9046	5.1628	4
106.4	26.5087	6.8112	5.1561	4
106.45	26.5083	7.3743	5.1791	4
106.5	26.5076	7.1465	5.1758	4
106.55	26.5079	6.9179	5.1754	4
106.6	26.5069	7.3683	5.1729	4
106.65	26.5067	7.0648	5.1536	4
106.7	26.506	7.0703	5.1558	4
106.75	26.5063	7.0403	5.147	4
106.8	26.5059	7.0982	5.1491	4
106.85	26.5058	7.0843	5.1533	4
106.9	26.5051	7.0316	5.1606	4
106.95	26.5051	7.0756	5.1618	4
107	26.5047	7.0602	5.1535	4
107.05	26.5046	7.0705	5.1585	4
107.1	26.5037	7.3312	5.1531	4
107.15	26.5043	6.614	5.1544	4
107.2	26.504	7.3487	5.1563	4
107.25	26.5034	7.0228	5.1387	4
107.3	26.503	7.1668	5.1423	4
107.35	26.503	6.9518	5.1671	4
107.4	26.5026	7.3661	5.1721	4
107.45	26.5023	6.8877	5.1701	4
107.5	26.5023	7.2397	5.1591	4
107.55	26.5013	7.1224	5.1504	4
107.6	26.5012	6.9663	5.1558	4
107.65	26.5012	7.0261	5.1563	4
107.7	26.5012	7.1177	5.1793	4
107.75	26.501	6.6338	5.1762	4
107.8	26.5017	6.9355	5.1547	4
107.85	26.5011	7.0726	5.1643	4
107.9	26.5015	6.7019	5.1528	4
107.95	26.5022	6.377	5.1464	4
108	26.5025	7.1193	5.152	4
108.05	26.5022	6.8939	5.1693	4
108.1	26.5039	6.1506	5.162	4
108.15	26.5043	6.9041	5.1507	4
108.2	26.5048	6.6955	5.1554	4
108.25	26.5057	6.4665	5.1679	4
108.3	26.5066	6.9809	5.1509	4
108.35	26.506	7.2381	5.1501	4
108.4	26.5064	6.2298	5.1471	4
108.45	26.5068	6.9703	5.1648	4
108.5	26.5065	7.0051	5.1821	4
108.55	26.5064	6.8507	5.1658	4
108.6	26.5071	6.7059	5.1766	4
108.65	26.5066	7.5443	5.1816	4
108.7	26.5061	6.6532	5.1693	4
108.75	26.5067	6.86	5.179	4
108.8	26.5065	7.0812	5.1673	4
108.85	26.506	7.218	5.1694	4
108.9	26.5065	6.3005	5.1739	4
108.95	26.5063	7.5045	5.1878	4
109	26.5056	6.9636	5.1724	4
109.05	26.5062	6.6335	5.14	4
109.1	26.5064	6.9063	5.1506	4
109.15	26.506	7.2019	5.1541	4
109.2	26.5064	6.5311	5.1441	4
109.25	26.5069	6.9	5.15	4
109.3	26.5065	7.132	5.1501	4
109.35	26.5064	6.9396	5.142	4
109.4	26.5067	6.9344	5.1272	4
109.45	26.5066	7.1029	5.1258	4
109.5	26.5062	6.846	5.1465	4
109.55	26.5071	6.7234	5.158	4
109.6	26.507	6.778	5.1608	4
109.65	26.5073	6.8717	5.1681	4
109.7	26.5082	6.5411	5.1628	4
109.75	26.5081	7.1347	5.1735	4
109.8	26.5082	6.7647	5.1838	4
109.85	26.5089	6.5345	5.1629	4
109.9	26.5088	7.3023	5.1644	4
109.95	26.5092	6.5975	5.1709	4
110	26.51	6.6962	5.1678	4
110.05	26.5099	7.0747	5.1581	4
110.1	26.5094	6.9082	5.1558	4
110.15	26.51	6.4071	5.1709	4
110.2	26.5103	7.3632	5.166	4
110.25	26.5101	6.759	5.1576	4
110.3	26.5104	6.9085	5.1513	4
110.35	26.511	6.624	5.1424	4
110.4	26.5111	6.9642	5.1507	4
110.45	26.5114	6.6957	5.1751	4
110.5	26.5124	6.4943	5.1715	4
110.55	26.5128	6.9573	5.1572	4
110.6	26.5126	7.0135	5.1504	4
110.65	26.513	6.7075	5.1592	4
110.7	26.5131	6.9315	5.1621	4
110.75	26.5129	7.0559	5.1532	4
110.8	26.5131	6.7657	5.162	4
110.85	26.5129	6.9971	5.1773	4
110.9	26.5131	6.9529	5.1855	4
110.95	26.513	6.9271	5.1738	4
111	26.5128	7.1083	5.1727	4
111.05	26.5124	6.948	5.1716	4
111.1	26.5126	7.0786	5.1728	4
111.15	26.5121	7.2218	5.1729	4
111.2	26.5119	6.8929	5.167	4
111.25	26.5115	7.1239	5.1613	4
111.3	26.511	7.3255	5.1719	4
111.35	26.511	6.8005	5.1674	4
111.4	26.5106	7.1824	5.1546	4
111.45	26.5101	7.2741	5.1439	4
111.5	26.51	6.8348	5.1432	4
111.55	26.5099	7.0351	5.1642	4
111.6	26.5097	7.1773	5.1479	4
111.65	26.5089	7.3634	5.1414	4
111.7	26.5088	6.6669	5.1585	4
111.75	26.5091	7.2443	5.1586	4
111.8	26.508	7.3107	5.1577	4
111.85	26.5073	7.2244	5.1751	4
111.9	26.5073	6.8545	5.1812	4
111.95	26.5072	7.1076	5.1802	4
112	26.5064	7.2637	5.1623	4
112.05	26.5062	7.0616	5.1589	4
112.1	26.5058	7.0635	5.1682	4
112.15	26.5057	7.1163	5.1644	4
112.2	26.5053	6.7636	5.1527	4
112.25	26.5051	7.0436	5.1626	4
112.3	26.5054	6.9024	5.1784	4
112.35	26.5053	6.8819	5.1634	4
112.4	26.5044	7.639	5.1468	4
112.45	26.5045	6.6547	5.1486	4
112.5	26.5041	7.3523	5.1473	4
112.55	26.5036	7.1863	5.1484	4
112.6	26.5032	7.2043	5.146	4
112.65	26.5029	6.733	5.141	4
112.7	26.5032	7.0483	5.15	4
112.75	26.5024	7.3877	5.1464	4
112.8	26.5018	6.9608	5.134	4
112.85	26.502	6.8678	5.1293	4
112.9	26.5017	7.2935	5.1378	4
112.95	26.5012	7.1361	5.1533	4
113	26.5014	6.8707	5.1632	4
113.05	26.5012	6.915	5.1616	4
113.1	26.501	7.3207	5.1468	4
113.15	26.5008	6.6832	5.1498	4
113.2	26.5009	7.1351	5.1506	4
113.25	26.5005	7.1593	5.1454	4
113.3	26.5001	6.9168	5.1473	4
113.35	26.5003	7.0562	5.1584	4
113.4	26.4999	7.0953	5.1548	4
113.45	26.4996	7.0444	5.1384	4
113.5	26.4998	6.8468	5.1399	4
113.55	26.4991	7.3479	5.1536	4
113.6	26.4987	7.0142	5.1717	4
113.65	26.4987	6.8739	5.1609	4
113.7	26.4984	7.1812	5.1587	4
113.75	26.498	7.2807	5.1578	4
113.8	26.497	7.3233	5.1515	4
113.85	26.4972	6.6027	5.1501	4
113.9	26.4973	7.1526	5.1381	4
113.95	26.4964	7.3207	5.1395	4
114	26.4964	6.7535	5.1364	4
114.05	26.497	6.8663	5.1392	4
114.1	26.4964	7.2983	5.1419	4
114.15	26.4961	6.8637	5.134	4
114.2	26.496	6.8804	5.1459	4
114.25	26.4963	6.8909	5.1648	4
114.3	26.4959	7.3234	5.1631	4
114.35	26.4957	6.7672	5.155	4
114.4	26.496	6.9297	5.1612	4
114.45	26.4963	7.0158	5.1707	4
114.5	26.4953	7.4609	5.1438	4
114.55	26.4953	6.5679	5.1281	4
114.6	26.4959	6.8119	5.1396	4
114.65	26.4949	7.5058	5.1361	4
114.7	26.4947	6.7918	5.1419	4
114.75	26.4954	6.6957	5.1441	4
114.8	26.4947	7.4618	5.1372	4
114.85	26.4942	6.8818	5.1497	4
114.9	26.4944	6.7844	5.1758	4
114.95	26.4947	6.966	5.1654	4
115	26.4942	7.3469	5.1697	4
115.05	26.4941	6.8027	5.1694	4
115.1	26.4951	6.4639	5.1674	4
115.15	26.4945	7.4326	5.1626	4
115.2	26.4945	6.6831	5.1494	4
115.25	26.495	6.6913	5.1503	4
115.3	26.4951	7.3056	5.1451	4
115.35	26.4943	7.0311	5.1452	4
115.4	26.4949	6.7112	5.1578	4
115.45	26.4951	6.9351	5.1597	4
115.5	26.4952	6.8641	5.1553	4
115.55	26.4951	7.0671	5.1488	4
115.6	26.4953	6.6852	5.1552	4
115.65	26.4958	6.8028	5.15	4
115.7	26.4956	6.9906	5.1384	4
115.75	26.4952	6.9455	5.1485	4
115.8	26.4957	6.5166	5.1581	4
115.85	26.4962	7.0518	5.156	4
115.9	26.496	7.059	5.1521	4
115.95	26.4963	6.7418	5.16	4
116	26.4972	6.4971	5.1587	4
116.05	26.4972	6.9863	5.1551	4
116.1	26.497	6.8891	5.1444	4
116.15	26.4977	6.6281	5.1442	4
116.2	26.4981	6.7708	5.1539	4
116.25	26.4981	7.0727	5.1696	4
116.3	26.4987	6.3691	5.1717	4
116.35	26.4997	6.7187	5.1578	4
116.4	26.4996	6.9907	5.1443	4
116.45	26.4999	6.5669	5.1388	4
116.5	26.5003	6.8196	5.1392	4
116.55	26.5003	7.0436	5.1536	4
116.6	26.5006	6.6902	5.1582	4
116.65	26.5011	6.9267	5.151	4
116.7	26.5012	6.8764	5.1602	4
116.75	26.5015	6.6711	5.1672	4
116.8	26.5022	6.6644	5.1596	4
116.85	26.5023	7.0552	5.1485	4
116.9	26.5025	6.6522	5.1513	4
116.95	26.5032	6.7489	5.1451	4
117	26.5033	7.0812	5.149	4
117.05	26.5034	6.7189	5.1596	4
117.1	26.5041	6.5425	5.1465	4
117.15	26.5043	6.8898	5.1579	4
117.2	26.5044	6.7452	5.1544	4
117.25	26.5052	6.7032	5.1495	4
117.3	26.5057	6.7816	5.1369	4
117.35	26.5058	6.9214	5.1295	4
117.4	26.5062	6.6321	5.141	4
117.45	26.5067	6.8141	5.1554	4
117.5	26.5067	6.9184	5.148	4
117.55	26.5072	6.6183	5.1456	4
117.6	26.5072	7.1837	5.1408	4
117.65	26.5072	6.7291	5.1395	4
117.7	26.5074	6.7484	5.1451	4
117.75	26.5074	7.0965	5.141	4
117.8	26.5076	6.935	5.1413	4
117.85	26.5079	6.784	5.1287	4
117.9	26.5081	7.0455	5.118	4
117.95	26.5077	6.9733	5.1345	4
118	26.508	6.7646	5.1469	4
118.05	26.5084	6.8929	5.1472	4
118.1	26.5082	7.0074	5.1434	4
118.15	26.5084	6.7013	5.1448	4
118.2	26.5089	6.9291	5.1452	4
118.25	26.5088	6.9996	5.1492	4
118.3	26.5089	6.8187	5.1618	4
118.35	26.5096	6.6684	5.1567	4
118.4	26.5094	7.0576	5.1562	4
118.45	26.5095	6.6579	5.1662	4
118.5	26.5102	6.5538	5.1588	4
118.55	26.5107	6.9043	5.1478	4
118.6	26.5106	6.8803	5.1487	4
118.65	26.5108	6.7403	5.16	4
118.7	26.5112	6.9358	5.1582	4
118.75	26.5115	6.7121	5.1546	4
118.8	26.5116	6.9803	5.1569	4
118.85	26.5121	6.6162	5.1557	4
118.9	26.5125	6.8248	5.1499	4
118.95	26.5123	7.1089	5.1581	4
119	26.5124	6.8367	5.1649	4
119.05	26.5128	6.6976	5.1787	4
119.1	26.5127	7.064	5.1576	4
119.15	26.5125	6.9057	5.1442	4
119.2	26.5131	6.6551	5.1539	4
119.25	26.5134	6.9503	5.1512	4
119.3	26.5135	6.8591	5.1465	4
119.35	26.5139	6.7831	5.1367	4
119.4	26.5142	6.8289	5.1318	4
119.45	26.5142	7.0967	5.1462	4
119.5	26.5145	6.7118	5.1488	4
119.55	26.5146	6.7346	5.1352	4
119.6	26.5152	6.8442	5.1475	4
119.65	26.5154	6.6928	5.1424	4
119.7	26.5156	6.89	5.1183	4
119.75	26.5156	6.7581	5.1234	4
119.8	26.5157	6.6877	5.1323	4
119.85	26.5162	6.9015	5.135	4
119.9	26.5168	6.968	5.1505	4
119.95	26.5169	6.9917	5.1484	4
120	26.5172	6.7615	5.1171	4
120.05	26.5175	6.7079	5.1288	4
120.1	26.5178	6.7007	5.1485	4
120.15	26.5178	7.0343	5.1331	4
120.2	26.5185	6.5846	5.1283	4
120.25	26.5189	6.9163	5.1329	4
120.3	26.519	6.9195	5.1419	4
120.35	26.5192	6.8035	5.1401	4
120.4	26.52	6.4281	5.1349	4
120.45	26.5202	6.9244	5.1326	4
120.5	26.5208	6.7679	5.125	4
120.55	26.5209	6.8454	5.133	4
120.6	26.5212	6.8137	5.1299	4
120.65	26.5215	6.6709	5.1243	4
120.7	26.522	7.0216	5.1328	4
120.75	26.5218	7.0334	5.1457	4
120.8	26.5219	6.6161	5.1287	4
120.85	26.5225	6.8913	5.1222	4
120.9	26.5223	6.9518	5.138	4
120.95	26.5225	6.7713	5.1437	4
121	26.5228	6.8947	5.1556	4
121.05	26.5228	6.9132	5.1625	4
121.1	26.5235	6.6615	5.1568	4
121.15	26.5235	7.2018	5.143	4
121.2	26.5237	6.7915	5.1296	4
121.25	26.524	6.8334	5.1268	4
121.3	26.5241	6.7079	5.1258	4
121.35	26.5241	7.0261	5.1424	4
121.4	26.5244	6.7674	5.1569	4
121.45	26.5251	6.8276	5.153	4
121.5	26.5251	7.0757	5.1422	4
121.55	26.5248	6.861	5.1407	4
121.6	26.525	6.9757	5.1629	4
121.65	26.5247	7.0393	5.1739	4
121.7	26.5245	6.9555	5.1661	4
121.75	26.5239	7.434	5.1463	4
121.8	26.5244	6.3154	5.1377	4
121.85	26.5247	7.361	5.1404	4
121.9	26.5246	6.8501	5.1421	4
121.95	26.5244	6.9546	5.15	4
122	26.5241	7.0443	5.1279	4
122.05	26.524	6.7961	5.1085	4
122.1	26.524	7.2159	5.126	4
122.15	26.5243	6.7158	5.1411	4
122.2	26.525	6.5725	5.1545	4
122.25	26.5252	7.1545	5.1612	4
122.3	26.5255	6.4214	5.164	4
122.35	26.5255	7.3979	5.166	4
122.4	26.5256	6.7471	5.1607	4
122.45	26.5258	6.9447	5.1429	4
122.5	26.5254	7.0316	5.1371	4
122.55	26.5259	6.5557	5.1414	4
122.6	26.526	6.9065	5.135	4
122.65	26.5267	6.599	5.1411	4
122.7	26.5271	6.9049	5.154	4
122.75	26.5272	6.8398	5.1536	4
122.8	26.5274	7.0165	5.1425	4
122.85	26.5274	6.9932	5.1581	4
122.9	26.5274	6.7517	5.1735	4
122.95	26.5278	7.1057	5.1512	4
123	26.5274	6.8792	5.1433	4
123.05	26.5281	6.694	5.1473	4
123.1	26.5281	6.9442	5.145	4
123.15	26.5283	6.9385	5.1528	4
123.2	26.528	6.856	5.1615	4
123.25	26.5287	6.6818	5.1532	4
123.3	26.5285	7.1532	5.1652	4
123.35	26.5287	6.7465	5.1754	4
123.4	26.5291	6.9223	5.1738	4
123.45	26.5294	6.8864	5.1579	4
123.5	26.5294	6.9215	5.1639	4
123.55	26.5294	7.0781	5.1735	4
123.6	26.5291	6.8204	5.1507	4
123.65	26.5291	6.986	5.1376	4
123.7	26.5288	7.3175	5.1508	4
123.75	26.5284	6.6991	5.1555	4
123.8	26.5289	6.9127	5.1577	4
123.85	26.5288	7.1555	5.1485	4
123.9	26.5281	7.0159	5.148	4
123.95	26.5289	6.5641	5.147	4
124	26.5287	7.2263	5.1599	4
124.05	26.5278	7.23	5.1562	4
124.1	26.5283	6.616	5.1622	4
124.15	26.5287	7.0262	5.1495	4
124.2	26.5278	7.3895	5.1505	4
124.25	26.5279	6.7606	5.1655	4
124.3	26.5283	6.7736	5.1705	4
124.35	26.5278	7.3447	5.1645	4
124.4	26.527	7.1841	5.1689	4
124.45	26.5278	6.3917	5.1519	4
124.5	26.5279	7.2179	5.148	4
124.55	26.5272	7.24	5.1604	4
124.6	26.5272	6.5687	5.1541	4
124.65	26.5279	7.0092	5.1592	4
124.7	26.5274	7.2466	5.1637	4
124.75	26.5271	6.8462	5.1574	4
124.8	26.5275	6.8658	5.1596	4
124.85	26.5271	7.0316	5.1685	4
124.9	26.5269	6.9975	5.1698	4
124.95	26.5272	6.7922	5.1665	4
125	26.5277	6.9414	5.167	4
125.05	26.5275	7.0307	5.1674	4
125.1	26.5273	6.761	5.156	4
125.15	26.5275	6.974	5.1626	4
125.2	26.5272	7.3278	5.1705	4
125.25	26.5275	6.7785	5.1734	4
125.3	26.5275	7.0167	5.181	4
125.35	26.5273	6.8698	5.1781	4
125.4	26.527	7.107	5.1851	4
125.45	26.5272	6.7723	5.1802	4
125.5	26.5269	7.4426	5.1822	4
125.55	26.5263	6.7451	5.1776	4
125.6	26.527	6.7978	5.1683	4
125.65	26.5268	7.2715	5.1735	4
125.7	26.5262	6.9526	5.1692	4
125.75	26.5266	6.6349	5.1753	4
125.8	26.5267	6.9669	5.1901	4
125.85	26.5264	7.196	5.1873	4
125.9	26.5267	6.7632	5.1626	4
125.95	26.5269	7.0377	5.1706	4
126	26.5268	6.9073	5.1799	4
126.05	26.5267	6.7403	5.1704	4
126.1	26.5275	6.8363	5.1684	4
126.15	26.5273	6.8333	5.1657	4
126.2	26.5277	6.8408	5.1578	4
126.25	26.5278	6.9266	5.1608	4
126.3	26.5276	7.0639	5.1729	4
126.35	26.5276	6.8521	5.1729	4
126.4	26.5279	6.9268	5.1675	4
126.45	26.5272	7.3196	5.1699	4
126.5	26.5274	6.6395	5.1773	4
126.55	26.5277	6.8897	5.1785	4
126.6	26.5275	7.1577	5.1662	4
126.65	26.5271	6.9102	5.1745	4
126.7	26.528	6.5918	5.1865	4
126.75	26.5282	7.3805	5.1801	4
126.8	26.5279	6.8735	5.185	4
126.85	26.5281	6.6894	5.1577	4
126.9	26.5284	6.869	5.1641	4
126.95	26.5278	7.1989	5.1829	4
127	26.5279	6.6735	5.171	4
127.05	26.5281	7.1847	5.161	4
127.1	26.5277	6.9476	5.1652	4
127.15	26.5276	6.8338	5.1764	4
127.2	26.5281	7.0253	5.1693	4
127.25	26.5278	7.0574	5.1531	4
127.3	26.528	6.5977	5.1681	4
127.35	26.5285	6.999	5.1867	4
127.4	26.5281	7.0512	5.1676	4
127.45	26.5283	6.8087	5.159	4
127.5	26.5289	6.77	5.1632	4
127.55	26.5285	7.2022	5.1659	4
127.6	26.5284	6.8064	5.1678	4
127.65	26.5288	6.7873	5.1558	4
127.7	26.5288	7.1539	5.1675	4
127.75	26.5286	6.991	5.18	4
127.8	26.5288	6.6708	5.1858	4
127.85	26.5288	7.1953	5.1847	4
127.9	26.5284	6.9211	5.1758	4
127.95	26.5286	6.8929	5.1578	4
128	26.5289	7.0353	5.1684	4
128.05	26.5285	7.161	5.1821	4
128.1	26.5283	6.9259	5.2025	4
128.15	26.5281	6.9676	5.2069	4
128.2	26.5272	7.4019	5.2003	4
128.25	26.5267	7.0249	5.1934	4
128.3	26.5269	6.8402	5.1891	4
128.35	26.5262	7.4905	5.1797	4
128.4	26.5258	6.9175	5.1889	4
128.45	26.5266	6.751	5.2024	4
128.5	26.5261	7.2187	5.1923	4
128.55	26.5254	7.1127	5.1902	4
128.6	26.5254	6.9697	5.2053	4
128.65	26.5247	7.4175	5.1839	4
128.7	26.5246	6.8032	5.1737	4
128.75	26.5245	7.095	5.1702	4
128.8	26.5241	7.1968	5.1775	4
128.85	26.5241	6.7956	5.1804	4
128.9	26.5242	7.0188	5.1874	4
128.95	26.5235	7.3716	5.1909	4
129	26.5233	6.7852	5.1788	4
129.05	26.5233	7.188	5.1673	4
129.1	26.5224	7.3903	5.1602	4
129.15	26.5223	6.673	5.1534	4
129.2	26.5229	6.9459	5.1627	4
129.25	26.5223	7.179	5.1781	4
129.3	26.5218	7.1181	5.1808	4
129.35	26.5224	6.7442	5.1895	4
129.4	26.5218	7.2907	5.1857	4
129.45	26.5207	7.2263	5.1658	4
129.5	26.5206	6.9048	5.166	4
129.55	26.5206	7.0822	5.1621	4
129.6	26.5198	7.4107	5.1514	4
129.65	26.5199	6.748	5.1574	4
129.7	26.5199	7.148	5.154	4
129.75	26.5189	7.4288	5.1669	4
129.8	26.5183	6.958	5.1474	4
129.85	26.518	7.1118	5.1422	4
129.9	26.5177	7.1295	5.1475	4
129.95	26.5172	7.1013	5.1426	4
130	26.5166	7.2908	5.1339	4
130.05	26.5166	6.9243	5.1377	4
130.1	26.516	7.3819	5.1488	4
130.15	26.5156	7.306	5.1521	4
130.2	26.5151	7.2481	5.1436	4
130.25	26.5144	7.2413	5.1567	4
130.3	26.5137	7.112	5.1574	4
130.35	26.513	7.3939	5.1575	4
130.4	26.5121	7.0547	5.1455	4
130.45	26.512	7.0395	5.1391	4
130.5	26.5112	7.5975	5.1517	4
130.55	26.5105	7.2463	5.1424	4
130.6	26.5101	7.221	5.1477	4
130.65	26.5097	7.0709	5.1689	4
130.7	26.5086	7.5149	5.1671	4
130.75	26.5079	7.1087	5.1634	4
130.8	26.5077	7.1165	5.1567	4
130.85	26.5068	7.4962	5.1612	4
130.9	26.5056	7.3389	5.177	4
130.95	26.5055	6.9366	5.1673	4
131	26.5047	7.6049	5.1616	4
131.05	26.5032	7.397	5.1638	4
131.1	26.503	6.9107	5.168	4
131.15	26.5027	7.361	5.1946	4
131.2	26.5013	7.6332	5.1979	4
131.25	26.5007	6.8808	5.1861	4
131.3	26.5004	7.0907	5.1745	4
131.35	26.4993	7.5656	5.1621	4
131.4	26.4983	7.3134	5.1647	4
131.45	26.4984	6.8427	5.1507	4
131.5	26.4977	7.6356	5.1648	4
131.55	26.4964	7.3202	5.1947	4
131.6	26.4965	6.8869	5.1896	4
131.65	26.4958	7.5781	5.1716	4
131.7	26.4945	7.49	5.1803	4
131.75	26.4943	6.7855	5.1736	4
131.8	26.4938	7.4106	5.1677	4
131.85	26.4929	7.2406	5.1755	4
131.9	26.4929	6.8988	5.1735	4
131.95	26.4927	7.1765	5.1697	4
132	26.4926	6.8786	5.1739	4
132.05	26.492	7.1753	5.1797	4
132.1	26.492	6.8733	5.1768	4
132.15	26.492	6.9932	5.193	4
132.2	26.4916	7.0475	5.18	4
132.25	26.4912	7.1178	5.1763	4
132.3	26.4914	6.8733	5.1802	4
132.35	26.4911	7.2046	5.1727	4
132.4	26.4909	7.003	5.1664	4
132.45	26.4905	7.1797	5.1685	4
132.5	26.4901	7.0539	5.166	4
132.55	26.4901	7.0758	5.1773	4
132.6	26.4899	7.0589	5.1793	4
132.65	26.4895	7.1761	5.1754	4
132.7	26.4896	6.7866	5.187	4
132.75	26.4891	7.4128	5.1969	4
132.8	26.489	6.829	5.1889	4
132.85	26.4889	7.2344	5.1587	4
132.9	26.488	7.1885	5.1617	4
132.95	26.4877	7.0891	5.1735	4
133	26.4875	6.8473	5.1815	4
133.05	26.4876	7.2798	5.1963	4
133.1	26.4869	7.1026	5.1835	4
133.15	26.487	6.8884	5.1735	4
133.2	26.4869	7.0147	5.1753	4
133.25	26.4864	7.4366	5.1664	4
133.3	26.4859	6.9022	5.1644	4
133.35	26.4862	6.8988	5.1766	4
133.4	26.4857	7.2184	5.1857	4
133.45	26.4854	6.9283	5.1845	4
133.5	26.4857	6.8251	5.1734	4
133.55	26.4855	7.1294	5.1673	4
133.6	26.4849	7.2806	5.1881	4
133.65	26.4845	6.8622	5.1886	4
133.7	26.4842	7.2181	5.1757	4
133.75	26.4839	7.0535	5.1982	4
133.8	26.4838	6.8141	5.1999	4
133.85	26.4839	6.9945	5.2018	4
133.9	26.4834	7.2345	5.2002	4
133.95	26.4834	6.889	5.2038	4
134	26.4839	6.6661	5.1933	4
134.05	26.4836	7.4758	5.1853	4
134.1	26.4827	7.0693	5.1903	4
134.15	26.483	6.7629	5.2032	4
134.2	26.4834	6.8988	5.2074	4
134.25	26.4826	7.3787	5.1982	4
134.3	26.4825	6.7101	5.1998	4
134.35	26.4827	6.9079	5.196	4
134.4	26.4826	7.1478	5.187	4
134.45	26.4818	7.2615	5.1864	4
134.5	26.4817	6.9501	5.1981	4
134.55	26.4817	6.9507	5.1936	4
134.6	26.4811	7.3282	5.198	4
134.65	26.4804	7.2429	5.202	4
134.7	26.4805	6.907	5.1969	4
134.75	26.4802	7.3112	5.1941	4
134.8	26.479	7.2691	5.1904	4
134.85	26.479	6.972	5.183	4
134.9	26.4787	7.0016	5.18	4
134.95	26.4779	7.2956	5.1989	4
135	26.4772	7.2897	5.1967	4
135.05	26.4772	6.78	5.1853	4
135.1	26.4771	7.2906	5.2	4
135.15	26.4766	7.2473	5.2268	4
135.2	26.4755	7.3118	5.2288	4
135.25	26.4753	6.8753	5.217	4
135.3	26.4746	7.239	5.2034	4
135.35	26.4744	7.0006	5.2024	4
135.4	26.4742	7.1949	5.2095	4
135.45	26.4737	7.0756	5.1984	4
135.5	26.4739	6.7069	5.1903	4
135.55	26.4739	7.2997	5.1869	4
135.6	26.4727	7.3951	5.1969	4
135.65	26.4726	6.7396	5.2078	4
135.7	26.4727	7.1305	5.2082	4
135.75	26.4713	7.6328	5.1995	4
135.8	26.4704	7.0649	5.1924	4
135.85	26.4711	6.5803	5.1994	4
135.9	26.4706	7.495	5.1955	4
135.95	26.4696	7.2187	5.17	4
136	26.4698	6.814	5.1795	4
136.05	26.47	7.0607	5.1887	4
136.1	26.4694	7.2877	5.1879	4
136.15	26.4686	7.1372	5.1789	4
136.2	26.4691	6.8098	5.1868	4
136.25	26.469	7.3521	5.1934	4
136.3	26.4677	7.5387	5.1966	4
136.35	26.4672	6.645	5.1878	4
136.4	26.4673	7.065	5.1626	4
136.45	26.4666	7.0496	5.1508	4
136.5	26.4656	7.3363	5.1682	4
136.55	26.4657	6.5832	5.1491	4
136.6	26.4658	7.1344	5.1554	4
136.65	26.4647	7.5413	5.1573	4
136.7	26.4642	6.9822	5.1499	4
136.75	26.4643	7.0638	5.1624	4
136.8	26.4636	7.4003	5.1613	4
136.85	26.4628	7.3359	5.1588	4
136.9	26.4626	7.0699	5.1551	4
136.95	26.4621	7.1841	5.1544	4
137	26.4613	7.3205	5.1567	4
137.05	26.4607	7.0126	5.1497	4
137.1	26.4606	7.2601	5.1611	4
137.15	26.4603	7.0957	5.1801	4
137.2	26.46	7.0622	5.1723	4
137.25	26.4598	7.0907	5.1751	4
137.3	26.4591	7.3416	5.178	4
137.35	26.4586	6.9003	5.1784	4
137.4	26.4584	7.0556	5.2063	4
137.45	26.4576	7.2774	5.2042	4
137.5	26.4572	7.065	5.1909	4
137.55	26.4574	6.8653	5.1851	4
137.6	26.4572	7.3262	5.1742	4
137.65	26.4565	7.138	5.1736	4
137.7	26.4565	6.9794	5.1605	4
137.75	26.4558	7.1493	5.1701	4
137.8	26.4556	7.2537	5.1981	4
137.85	26.4548	7.2211	5.1971	4
137.9	26.4543	7.2106	5.1759	4
137.95	26.4539	7.139	5.1666	4
138	26.4531	7.2956	5.1779	4
138.05	26.4526	7.0671	5.1871	4
138.1	26.4524	7.1493	5.1789	4
138.15	26.4516	7.3877	5.1743	4
138.2	26.4511	6.8881	5.1752	4
138.25	26.4511	7.1637	5.176	4
138.3	26.45	7.4063	5.1671	4
138.35	26.4496	6.8536	5.1634	4
138.4	26.4498	6.8899	5.1747	4
138.45	26.449	7.4894	5.1634	4
138.5	26.4483	7.1877	5.167	4
138.55	26.4482	6.9449	5.1734	4
138.6	26.4475	7.4308	5.1703	4
138.65	26.4463	7.2876	5.1579	4
138.7	26.4457	7.1219	5.1522	4
138.75	26.4456	7.2993	5.1573	4
138.8	26.4449	7.3591	5.1724	4
138.85	26.4438	7.4191	5.1765	4
138.9	26.4434	6.9624	5.1599	4
138.95	26.4428	7.4442	5.1622	4
139	26.4418	7.1936	5.1591	4
139.05	26.4412	7.178	5.1572	4
139.1	26.4409	7.1112	5.1529	4
139.15	26.4401	7.4276	5.1633	4
139.2	26.4398	7.0979	5.1652	4
139.25	26.4394	7.1398	5.1505	4
139.3	26.439	7.2148	5.1531	4
139.35	26.4378	7.3483	5.1208	4
139.4	26.4371	7.1537	5.1192	4
139.45	26.4365	7.4237	5.1326	4
139.5	26.4355	7.1885	5.1351	4
139.55	26.435	7.3371	5.1592	4
139.6	26.4345	6.9779	5.1567	4
139.65	26.4341	7.3516	5.1637	4
139.7	26.4335	7.0636	5.162	4
139.75	26.4328	7.3484	5.1405	4
139.8	26.4321	7.107	5.1559	4
139.85	26.4313	7.4705	5.1679	4
139.9	26.4306	7.2398	5.1608	4
139.95	26.4302	7.0539	5.1587	4
140	26.4296	7.3652	5.1607	4
140.05	26.4288	7.1746	5.1558	4
140.1	26.4281	7.0348	5.1423	4
140.15	26.4273	7.5024	5.1503	4
140.2	26.427	6.9704	5.1719	4
140.25	26.4267	7.3431	5.1757	4
140.3	26.4258	7.4271	5.1797	4
140.35	26.4248	7.2466	5.1685	4
140.4	26.4245	7.1065	5.162	4
140.45	26.4236	7.3432	5.1685	4
140.5	26.4229	7.176	5.1711	4
140.55	26.4226	7.0223	5.1753	4
140.6	26.4218	7.5163	5.1557	4
140.65	26.4209	7.1075	5.1625	4
140.7	26.4213	6.6762	5.1925	4
140.75	26.4207	7.4735	5.1723	4
140.8	26.4195	7.2559	5.1607	4
140.85	26.4197	6.6337	5.1722	4
140.9	26.4195	7.3686	5.1631	4
140.95	26.418	7.4971	5.1475	4
141	26.4181	6.6753	5.1345	4
141.05	26.418	7.2882	5.1391	4
141.1	26.417	7.4533	5.1633	4
141.15	26.4166	6.5705	5.1566	4
141.2	26.4169	7.2075	5.1543	4
141.25	26.4157	7.7334	5.1548	4
141.3	26.4148	6.7637	5.1541	4
141.35	26.4151	7.1388	5.1585	4
141.4	26.414	7.7184	5.1714	4
141.45	26.4131	6.9066	5.1711	4
141.5	26.4138	6.8741	5.1648	4
141.55	26.4127	7.8137	5.1677	4
141.6	26.4111	7.1498	5.184	4
141.65	26.4118	6.7148	5.1718	4
141.7	26.4108	7.7482	5.1634	4
141.75	26.4093	7.4371	5.1494	4
141.8	26.4093	6.7075	5.1297	4
141.85	26.4091	7.3653	5.1339	4
141.9	26.4078	7.4592	5.1257	4
141.95	26.4073	7.0414	5.1284	4
142	26.4071	6.9914	5.143	4
142.05	26.4065	7.3659	5.1574	4
142.1	26.4052	7.4122	5.1591	4
142.15	26.4051	6.8727	5.1466	4
142.2	26.4054	7.0682	5.1491	4
142.25	26.4045	7.4331	5.1539	4
142.3	26.4035	7.1809	5.1369	4
142.35	26.4041	6.65	5.152	4
142.4	26.4034	7.7755	5.1636	4
142.45	26.4022	7.2668	5.165	4
142.5	26.4022	6.845	5.1561	4
142.55	26.4018	7.3869	5.1424	4
142.6	26.4004	7.3936	5.1464	4
142.65	26.4009	6.4124	5.1333	4
142.7	26.4007	7.5296	5.1433	4
142.75	26.3993	7.4967	5.1632	4
142.8	26.3995	6.4423	5.1571	4
142.85	26.3999	7.1715	5.1336	4
142.9	26.3982	7.6383	5.1312	4
142.95	26.398	6.5124	5.122	4
143	26.3987	7.0159	5.1306	4
143.05	26.398	7.2808	5.1463	4
143.1	26.3975	7.1622	5.1705	4
143.15	26.3973	6.8982	5.1835	4
143.2	26.3971	7.2944	5.1634	4
143.25	26.3961	7.4168	5.1547	4
143.3	26.3955	6.8961	5.145	4
143.35	26.3954	7.1869	5.1479	4
143.4	26.3948	7.2304	5.1339	4
143.45	26.3937	7.3788	5.1278	4
143.5	26.3936	6.8856	5.1436	4
143.55	26.3937	7.0061	5.1488	4
143.6	26.3927	7.8167	5.1562	4
143.65	26.3916	7.0098	5.1532	4
143.7	26.3921	6.9291	5.1517	4
143.75	26.3912	7.5275	5.1585	4
143.8	26.3899	7.1055	5.1465	4
143.85	26.3905	6.5633	5.1327	4
143.9	26.3904	7.3556	5.137	4
143.95	26.3892	7.4133	5.1559	4
144	26.3891	6.5574	5.1688	4
144.05	26.3888	7.4062	5.1646	4
144.1	26.3881	7.0681	5.1529	4
144.15	26.3881	6.7624	5.1553	4
144.2	26.3879	7.2133	5.1697	4
144.25	26.3878	7.0427	5.1566	4
144.3	26.388	6.8299	5.15	4
144.35	26.3874	7.3889	5.1602	4
144.4	26.387	6.9378	5.1874	4
144.45	26.3871	6.9861	5.188	4
144.5	26.3864	7.4273	5.167	4
144.55	26.3858	6.8306	5.1575	4
144.6	26.3862	6.823	5.1721	4
144.65	26.3855	7.4871	5.1924	4
144.7	26.3851	6.7491	5.1999	4
144.75	26.3864	6.5575	5.1855	4
144.8	26.3855	7.7209	5.175	4
144.85	26.3847	6.6767	5.1659	4
144.9	26.3858	6.4852	5.1571	4
144.95	26.3851	7.7762	5.1547	4
145	26.3845	6.6918	5.1684	4
145.05	26.3859	6.6423	5.1802	4
145.1	26.3851	7.5066	5.1867	4
145.15	26.384	7.1274	5.1805	4
145.2	26.3846	6.4977	5.1763	4
145.25	26.3846	7.2876	5.1829	4
145.3	26.3837	7.2121	5.1815	4
145.35	26.3839	6.7581	5.1625	4
145.4	26.3837	7.1396	5.1548	4
145.45	26.3837	6.8789	5.1469	4
145.5	26.3833	7.3323	5.1495	4
145.55	26.3823	7.1617	5.1668	4
145.6	26.3822	6.8362	5.1693	4
145.65	26.3818	7.4087	5.1696	4
145.7	26.3809	7.1312	5.1746	4
145.75	26.3815	6.925	5.1843	4
145.8	26.381	7.1611	5.1777	4
145.85	26.3802	7.2579	5.1516	4
145.9	26.3799	7.0245	5.1659	4
145.95	26.3796	6.9696	5.1909	4
146	26.3791	7.3974	5.1955	4
146.05	26.3782	7.2321	5.1915	4
146.1	26.378	7.0842	5.1836	4
146.15	26.3774	7.3438	5.1843	4
146.2	26.3767	7.3083	5.1825	4
146.25	26.3763	6.906	5.1781	4
146.3	26.3756	7.427	5.1845	4
146.35	26.3743	7.434	5.1831	4
146.4	26.3736	6.9694	5.1778	4
146.45	26.3735	7.2077	5.1899	4
146.5	26.3728	7.2314	5.1944	4
146.55	26.3722	7.1454	5.2024	4
146.6	26.3723	6.9091	5.192	4
146.65	26.372	7.2847	5.2076	4
146.7	26.3708	7.5094	5.2214	4
146.75	26.3704	6.8589	5.2101	4
146.8	26.3709	6.954	5.207	4
146.85	26.3695	7.8382	5.2126	4
146.9	26.369	6.691	5.2043	4
146.95	26.3696	6.8749	5.1962	4
147	26.3686	7.6006	5.187	4
147.05	26.3678	6.9766	5.2102	4
147.1	26.3684	6.6345	5.2201	4
147.15	26.3674	7.7351	5.2081	4
147.2	26.3665	7.0591	5.1978	4
147.25	26.3669	6.8843	5.1909	4
147.3	26.3665	7.3785	5.1922	4
147.35	26.3655	7.1313	5.2028	4
147.4	26.3658	6.6741	5.1996	4
147.45	26.3652	7.4661	5.1983	4
147.5	26.3649	6.9576	5.2052	4
147.55	26.3651	6.9431	5.2078	4
147.6	26.3644	7.324	5.2053	4
147.65	26.3639	6.9265	5.1918	4
147.7	26.3643	6.6526	5.1956	4
147.75	26.3642	7.4079	5.2094	4
147.8	26.3634	7.0656	5.2148	4
147.85	26.3637	6.7659	5.2065	4
147.9	26.3633	7.1863	5.1912	4
147.95	26.362	7.2295	5.2061	4
148	26.3621	6.6907	5.2173	4
148.05	26.3622	7.3913	5.201	4
148.1	26.3613	7.2579	5.2021	4
148.15	26.3611	7.0694	5.1864	4
148.2	26.361	7.0761	5.1979	4
148.25	26.3605	7.1482	5.2159	4
148.3	26.3597	7.2692	5.1996	4
148.35	26.3591	7.1026	5.1858	4
148.4	26.3589	7.1019	5.1799	4
148.45	26.3583	7.1294	5.1969	4
148.5	26.3575	7.3906	5.1874	4
148.55	26.3571	6.9205	5.1761	4
148.6	26.3571	7.2704	5.1838	4
148.65	26.3563	7.449	5.1736	4
148.7	26.3556	6.9771	5.1826	4
148.75	26.3558	7.1056	5.1835	4
148.8	26.3551	7.1616	5.1733	4
148.85	26.3542	7.3302	5.1972	4
148.9	26.3541	6.7865	5.1836	4
148.95	26.3534	7.5215	5.1671	4
149	26.3525	7.0507	5.1717	4
149.05	26.3525	6.8869	5.1776	4
149.1	26.3518	7.2326	5.188	4
149.15	26.3512	7.3313	5.1837	4
149.2	26.3506	7.1155	5.1833	4
149.25	26.3507	7.0886	5.2001	4
149.3	26.3498	7.3442	5.1911	4
149.35	26.3497	7.1461	5.1859	4
149.4	26.3489	7.1298	5.193	4
149.45	26.3484	7.2866	5.1865	4
149.5	26.3478	6.8291	5.1777	4
149.55	26.3481	7.0533	5.1859	4
149.6	26.3471	7.52	5.1867	4
149.65	26.3466	7.0346	5.1694	4
149.7	26.3467	6.8516	5.1642	4
149.75	26.3464	7.1494	5.1833	4
149.8	26.3446	7.6665	5.1873	4
149.85	26.3451	6.3222	5.1897	4
149.9	26.345	7.5284	5.1848	4
149.95	26.3438	7.4858	5.1817	4
150	26.3431	6.7846	5.1935	4
150.05	26.3441	6.9268	5.2212	4
150.1	26.3431	7.8308	5.261	4
150.15	26.3424	6.8391	5.2976	4
150.2	26.3428	7.1682	5.3553	4
150.25	26.342	7.5514	5.3923	4
150.3	26.3409	7.2334	5.4016	4
150.35	26.341	6.5404	5.4058	4
150.4	26.3402	7.8608	5.4068	4
150.45	26.3397	6.5053	5.4229	4
150.5	26.3399	7.3045	5.4287	4
150.55	26.3389	7.3235	5.416	4
150.6	26.3385	6.8926	5.4123	4
150.65	26.3379	7.3492	5.4109	4
150.7	26.3369	7.4086	5.3908	4
150.75	26.3362	6.9227	5.3876	4
150.8	26.3361	7.3789	5.3875	4
150.85	26.3351	7.3246	5.3906	4
150.9	26.3352	6.8616	5.4013	4
150.95	26.3344	7.3884	5.3989	4
151	26.3337	7.381	5.4065	4
151.05	26.3332	6.9966	5.4146	4
151.1	26.333	7.3656	5.4011	4
151.15	26.3313	7.4814	5.3889	4
151.2	26.3311	6.649	5.3883	4
151.25	26.3309	7.1953	5.4014	4
151.3	26.33	7.4179	5.4098	4
151.35	26.3296	6.8509	5.395	4
151.4	26.33	6.9874	5.3893	4
151.45	26.3281	7.8834	5.3894	4
151.5	26.3281	6.5942	5.3878	4
151.55	26.3282	7.0955	5.3885	4
151.6	26.3273	7.6297	5.3955	4
151.65	26.3263	7.2312	5.3944	4
151.7	26.3268	6.7943	5.3949	4
151.75	26.3258	7.514	5.3988	4
151.8	26.3246	7.1785	5.402	4
151.85	26.3246	6.8206	5.3932	4
151.9	26.3244	7.2088	5.3892	4
151.95	26.3232	7.4991	5.3942	4
152	26.3228	6.7743	5.3973	4
152.05	26.3226	7.2783	5.3948	4
152.1	26.3212	7.3209	5.3849	4
152.15	26.3208	7.1557	5.3809	4
152.2	26.3207	7.0419	5.388	4
152.25	26.3202	7.3176	5.3941	4
152.3	26.3194	7.2551	5.3853	4
152.35	26.3189	7.2425	5.3668	4
152.4	26.3183	7.0086	5.3877	4
152.45	26.3175	7.4283	5.3868	4
152.5	26.3162	7.372	5.3713	4
152.55	26.3163	6.8301	5.3907	4
152.6	26.3158	7.3856	5.3931	4
152.65	26.3149	7.2546	5.4026	4
152.7	26.3146	6.9436	5.4003	4
152.75	26.3144	7.1921	5.3876	4
152.8	26.3135	7.3925	5.3895	4
152.85	26.3128	7.0583	5.3878	4
152.9	26.3126	7.2243	5.3827	4
152.95	26.3121	7.2054	5.3883	4
153	26.3113	7.146	5.3965	4
153.05	26.3112	6.9532	5.3938	4
153.1	26.3107	7.2844	5.3799	4
153.15	26.3101	7.2677	5.3762	4
153.2	26.3095	7.1741	5.3963	4
153.25	26.3091	7.094	5.4048	4
153.3	26.3092	7.079	5.4004	4
153.35	26.308	7.4837	5.401	4
153.4	26.3074	6.8662	5.3879	4
153.45	26.3077	7.0042	5.3736	4
153.5	26.3068	7.5216	5.3775	4
153.55	26.3058	7.1843	5.3821	4
153.6	26.3062	6.8169	5.3748	4
153.65	26.3057	7.288	5.3631	4
153.7	26.3043	7.2834	5.3752	4
153.75	26.3042	6.8671	5.3709	4
153.8	26.3043	7.0171	5.3757	4
153.85	26.3034	7.5586	5.3927	4
153.9	26.3025	6.8259	5.3905	4
153.95	26.3031	7.0092	5.3823	4
154	26.3023	7.2929	5.3726	4
154.05	26.3017	7.2401	5.3702	4
154.1	26.3018	6.9487	5.366	4
154.15	26.3015	7.219	5.3785	4
154.2	26.3006	7.1665	5.3969	4
154.25	26.3	7.2395	5.3802	4
154.3	26.2998	6.9749	5.3819	4
154.35	26.2994	7.4359	5.4064	4
154.4	26.2987	7.1079	5.4039	4
154.45	26.2981	7.1131	5.4081	4
154.5	26.2977	7.3573	5.3865	4
154.55	26.2968	7.3279	5.3742	4
154.6	26.2963	7.0571	5.3749	4
154.65	26.2957	7.4003	5.3508	4
154.7	26.2945	7.3096	5.3533	4
154.75	26.2936	7.2576	5.3617	4
154.8	26.2937	6.9679	5.365	4
154.85	26.2928	7.4689	5.3871	4
154.9	26.2919	7.199	5.3832	4
154.95	26.2916	7.2308	5.3913	4
155	26.2911	7.0796	5.3857	4
155.05	26.2903	7.3961	5.3825	4
155.1	26.2898	7.0693	5.3899	4
155.15	26.2894	7.2011	5.3786	4
155.2	26.2888	7.3805	5.3642	4
155.25	26.2878	7.2494	5.362	4
155.3	26.2869	7.1867	5.3572	4
155.35	26.2864	7.3216	5.3559	4
155.4	26.2852	7.3393	5.3598	4
155.45	26.2844	7.2154	5.3609	4
155.5	26.284	7.3243	5.353	4
155.55	26.2832	7.3061	5.3626	4
155.6	26.2821	7.3515	5.3899	4
155.65	26.2818	7.0007	5.4051	4
155.7	26.2809	7.6059	5.4121	4
155.75	26.2801	7.2963	5.4072	4
155.8	26.2794	7.2246	5.4011	4
155.85	26.2786	7.2513	5.406	4
155.9	26.2777	7.3785	5.3887	4
155.95	26.2769	7.215	5.387	6
156	26.2762	7.2699	5.3892	6
156.05	26.2758	7.2045	5.3791	6
156.1	26.2749	7.3068	5.3849	6
156.15	26.2741	6.6439	5.3947	6
156.2	26.273	6.6207	5.4028	6
156.25	26.2723	6.0092	5.4068	6
156.3	26.2712	5.6614	5.3981	6
156.35	26.2702	5.454	5.4077	6
156.4	26.269	5.4045	5.4067	6
156.45	26.2684	4.9459	5.401	6
156.5	26.2666	5.2987	5.4072	6
156.55	26.266	4.8242	5.3966	6
156.6	26.2657	4.6758	5.4018	6
156.65	26.2644	4.8883	5.3874	6
156.7	26.2643	4.4014	5.3816	6
156.75	26.2636	4.6135	5.3944	6
156.8	26.2626	4.4847	5.403	6
156.85	26.2619	4.445	5.402	6
156.9	26.2615	4.669	5.3939	6
156.95	26.2606	4.9031	5.396	6
157	26.2599	4.2941	5.3943	6
157.05	26.2595	4.3246	5.3772	6
157.1	26.2591	4.605	5.3784	6
157.15	26.2588	4.9849	5.3894	6
157.2	26.259	4.7643	5.3864	6
157.25	26.2579	5.1139	5.3797	6
157.3	26.257	4.5701	5.3728	6
157.35	26.2569	4.3168	5.3733	6
157.4	26.2566	4.836	5.3763	6
157.45	26.2564	5.1354	5.3665	6
157.5	26.2564	4.9829	5.3659	6
157.55	26.256	5.4232	5.3814	6
157.6	26.2557	5.9203	5.3822	6
157.65	26.2557	5.9862	5.3724	6
157.7	26.2555	6.1544	5.3643	6
157.75	26.2554	6.1889	5.3813	6
157.8	26.2549	6.7341	5.3727	6
157.85	26.2549	6.2441	5.3598	6
157.9	26.2541	6.0927	5.3725	6
157.95	26.2538	6.27	5.3746	6
158	26.2535	6.5728	5.3792	6
158.05	26.2535	6.5703	5.3768	6
158.1	26.2531	7.0043	5.3781	6
158.15	26.2531	7.1458	5.3941	6
158.2	26.2531	7.3399	5.4013	6
158.25	26.253	7.6609	5.4022	6
158.3	26.253	7.7878	5.3848	6
158.35	26.253	8.2743	5.3737	6
158.4	26.2532	8.5689	5.38	6
158.45	26.2534	8.404	5.3773	6
158.5	26.2529	9.1351	5.378	6
158.55	26.253	9.0657	5.3739	6
158.6	26.253	8.8571	5.3663	6
158.65	26.2524	9.6793	5.3759	6
158.7	26.2523	9.9237	5.3792	6
158.75	26.2526	9.3825	5.3706	6
158.8	26.2523	9.7767	5.3698	6
158.85	26.2516	10.647	5.3606	6
158.9	26.2523	9.6897	5.3826	6
158.95	26.252	10.0653	5.3946	6
159	26.2509	11.3327	5.3896	6
159.05	26.2516	10.5371	5.4019	6
159.1	26.2517	10.2181	5.3923	6
159.15	26.2509	11.3712	5.3989	6
159.2	26.2511	11.1726	5.3964	6
159.25	26.2517	10.3686	5.3908	6
159.3	26.2514	11.0722	5.3897	6
159.35	26.2513	11.5049	5.3716	6
159.4	26.2519	10.6747	5.3768	6
159.45	26.2519	10.6357	5.3928	6
159.5	26.2517	11.5107	5.3935	6
159.55	26.2527	11.6607	5.3908	6
159.6	26.2534	11.0981	5.3814	6
159.65	26.2537	10.7838	5.3904	6
159.7	26.2536	11.0645	5.3866	6
159.75	26.2541	9.8525	5.3817	6
159.8	26.2535	9.3073	5.3827	6
159.85	26.2534	9.2452	5.3832	6
159.9	26.2536	8.93	5.3854	6
159.95	26.2536	8.1985	5.39	6
160	26.2536	8.0018	5.3837	6
160.05	26.2536	7.8992	5.3988	6
160.1	26.2537	7.7459	5.4029	6
160.15	26.2542	7.2882	5.3996	6
160.2	26.254	7.3771	5.4072	6
160.25	26.254	7.0606	5.402	6
160.3	26.2544	6.52	5.3927	6
160.35	26.2546	6.5599	5.3847	6
160.4	26.255	6.2499	5.3822	6
160.45	26.2556	5.5141	5.3891	6
160.5	26.2555	5.5262	5.3961	6
160.55	26.2553	5.5374	5.4128	6
160.6	26.2556	4.9935	5.4158	6
160.65	26.2559	4.6902	5.4168	6
160.7	26.2557	5.0198	5.419	6
160.75	26.2561	4.5597	5.4121	6
160.8	26.2567	3.6982	5.4047	6
160.85	26.2565	3.9266	5.4023	6
160.9	26.2562	4.0557	5.3928	6
160.95	26.2561	2.6776	5.3887	6
161	26.2555	2.33	5.3964	6
161.05	26.2551	2.8376	5.399	6
161.1	26.2556	2.3051	5.3903	6
161.15	26.2559	1.9757	5.3764	6
161.2	26.2556	2.2817	5.3901	6
161.25	26.2558	2.1995	5.3881	6
161.3	26.2561	1.7648	5.3881	6
161.35	26.2558	1.7349	5.3885	6
161.4	26.2554	2.0099	5.3684	6
161.45	26.2557	1.7741	5.3623	6
161.5	26.2559	1.5297	5.3605	6
161.55	26.2556	1.9097	5.3588	6
161.6	26.2555	2.1358	5.3687	6
161.65	26.2557	1.6827	5.3824	6
161.7	26.2549	1.0022	5.4104	6
161.75	26.2539	1.2682	5.3861	6
161.8	26.2541	1.2301	5.3681	6
161.85	26.2545	0.6804	5.3768	6
161.9	26.2541	1.407	5.3707	6
161.95	26.2539	1.6696	5.3828	6
162	26.2542	1.1546	5.3907	6
162.05	26.2542	1.0277	5.3815	6
162.1	26.2534	2.0707	5.3768	6
162.15	26.2539	1.4517	5.3883	6
162.2	26.2544	1.0354	5.3771	6
162.25	26.2538	1.8468	5.3642	6
162.3	26.2536	1.9726	5.3631	6
162.35	26.2539	1.4961	5.3717	6
162.4	26.2536	1.8558	5.3715	6
162.45	26.2536	1.9246	5.3778	6
162.5	26.2535	2.0971	5.3815	6
162.55	26.2536	1.9726	5.3899	6
162.6	26.253	2.4298	5.3943	6
162.65	26.2533	2.1353	5.3884	6
162.7	26.2534	2.24	5.3728	6
162.75	26.2531	2.3528	5.3675	6
162.8	26.2526	2.7705	5.3718	6
162.85	26.253	2.449	5.3847	6
162.9	26.2529	2.6092	5.3933	6
162.95	26.253	2.6697	5.3946	6
163	26.2526	3.1766	5.4015	6
163.05	26.2528	2.8669	5.3959	6
163.1	26.2525	3.265	5.3975	6
163.15	26.2522	3.6972	5.4043	6
163.2	26.2522	3.6441	5.4004	6
163.25	26.2522	3.5692	5.386	6
163.3	26.2523	4.5619	5.3858	6
163.35	26.2532	4.6176	5.3871	6
163.4	26.2532	4.9329	5.3826	6
163.45	26.2534	4.792	5.3969	6
163.5	26.2532	4.936	5.3896	6
163.55	26.2534	4.4588	5.3756	6
163.6	26.2528	5.1143	5.3672	6
163.65	26.2533	5.1201	5.3662	6
163.7	26.253	5.117	5.3562	6
163.75	26.2526	5.4043	5.362	6
163.8	26.2527	5.5283	5.3628	6
163.85	26.2529	5.0927	5.3741	6
163.9	26.2524	5.6659	5.3751	6
163.95	26.2522	6.0607	5.3525	6
164	26.2523	5.6002	5.3438	6
164.05	26.2517	6.0876	5.3491	6
164.1	26.2517	6.5369	5.343	6
164.15	26.2522	5.9674	5.341	6
164.2	26.2521	6.0297	5.3318	6
164.25	26.2516	6.5455	5.345	6
164.3	26.2518	6.2749	5.3708	6
164.35	26.2519	6.3879	5.3608	6
164.4	26.2514	6.8513	5.3546	6
164.45	26.2515	6.7669	5.3501	6
164.5	26.2514	6.8419	5.3609	6
164.55	26.2513	7.1522	5.3694	6
164.6	26.2515	6.8939	5.3804	6
164.65	26.2513	7.2628	5.3671	6
164.7	26.2516	7.8133	5.3646	6
164.75	26.2521	7.7919	5.3679	6
164.8	26.2523	8.2726	5.3811	6
164.85	26.252	9.0541	5.3987	6
164.9	26.2525	8.3513	5.4038	6
164.95	26.2523	8.5976	5.3814	6
165	26.252	9.0479	5.3667	6
165.05	26.252	8.8933	5.373	6
165.1	26.2523	8.6371	5.3659	6
165.15	26.2516	9.636	5.3749	6
165.2	26.252	9.2416	5.3854	6
165.25	26.2521	9.0546	5.3769	6
165.3	26.2517	9.5931	5.3706	6
165.35	26.2517	9.6447	5.3755	6
165.4	26.2522	8.9253	5.3732	6
165.45	26.2515	9.656	5.3583	6
165.5	26.2518	9.3796	5.3605	6
165.55	26.2517	9.2892	5.371	6
165.6	26.2515	9.3836	5.374	6
165.65	26.2513	9.5895	5.3848	6
165.7	26.2517	9.2575	5.3971	6
165.75	26.2518	9.6853	5.3831	6
165.8	26.2523	9.9548	5.3752	6
165.85	26.2525	10.2171	5.3546	6
165.9	26.2532	10.212	5.3287	6
165.95	26.2532	10.6799	5.3342	6
166	26.2534	10.2817	5.3347	6
166.05	26.2534	9.9922	5.333	6
166.1	26.2533	10.2131	5.3304	6
166.15	26.2533	10.1053	5.3283	6
166.2	26.2536	9.62	5.3182	6
166.25	26.2538	9.7254	5.3213	6
166.3	26.2537	9.9109	5.3348	6
166.35	26.2538	9.6514	5.3359	6
166.4	26.2537	9.1783	5.3391	6
166.45	26.2532	9.3095	5.3563	6
166.5	26.2537	9.378	5.3635	6
166.55	26.2538	8.8794	5.3555	6
166.6	26.2533	8.8742	5.33	6
166.65	26.2533	9.0662	5.3274	6
166.7	26.2534	8.7034	5.3431	6
166.75	26.2533	8.7509	5.3308	6
166.8	26.2532	8.7716	5.3157	6
166.85	26.2534	8.7933	5.3129	6
166.9	26.2534	9.2721	5.323	6
166.95	26.2537	8.8868	5.3307	6
167	26.2536	8.5154	5.3236	6
167.05	26.253	8.8068	5.341	6
167.1	26.2535	8.6556	5.3448	6
167.15	26.2535	8.2919	5.3498	6
167.2	26.2534	8.7787	5.3396	6
167.25	26.2538	8.352	5.336	6
167.3	26.2534	8.2564	5.3542	6
167.35	26.2534	8.383	5.3438	6
167.4	26.2533	8.4865	5.3433	6
167.45	26.2534	8.4028	5.3476	6
167.5	26.2532	8.8097	5.3558	6
167.55	26.2535	8.7319	5.3728	6
167.6	26.2539	8.3394	5.3852	6
167.65	26.2531	8.4633	5.3848	6
167.7	26.2533	8.7755	5.3811	6
167.75	26.2534	8.2306	5.371	6
167.8	26.2532	8.9418	5.3566	6
167.85	26.2536	9.0537	5.3624	6
167.9	26.2537	8.3512	5.3642	6
167.95	26.2534	8.4755	5.3636	6
168	26.2533	8.6045	5.3764	6
168.05	26.2538	7.674	5.3837	6
168.1	26.2533	8.1283	5.3735	6
168.15	26.2533	8.2581	5.3526	6
168.2	26.2539	7.3462	5.3569	6
168.25	26.2534	7.3641	5.3715	6
168.3	26.2534	7.7142	5.362	6
168.35	26.2539	6.8005	5.3483	6
168.4	26.2536	6.5275	5.348	6
168.45	26.2535	6.7176	5.3644	6
168.5	26.2535	6.5752	5.368	6
168.55	26.2539	5.81	5.3552	6
168.6	26.2532	6.1639	5.3483	6
168.65	26.2533	6.0353	5.3441	6
168.7	26.2535	5.8542	5.3524	6
168.75	26.2537	5.8104	5.3453	6
168.8	26.2534	6.1669	5.3406	6
168.85	26.2538	5.4475	5.3444	6
168.9	26.2533	6.0621	5.3342	6
168.95	26.2534	6.102	5.3513	6
169	26.2537	5.7034	5.3296	6
169.05	26.2536	6.1418	5.296	6
169.1	26.2533	6.5651	5.2983	6
169.15	26.2537	5.7955	5.3107	6
169.2	26.2531	6.5207	5.3197	6
169.25	26.253	6.8229	5.3411	6
169.3	26.2534	6.2473	5.3383	6
169.35	26.2533	6.1635	5.347	6
169.4	26.2529	7.0422	5.3709	6
169.45	26.2533	6.6239	5.3768	6
169.5	26.2537	6.0142	5.3782	6
169.55	26.2529	7.3024	5.3719	6
169.6	26.2533	7.1659	5.3658	6
169.65	26.2534	6.4062	5.3681	6
169.7	26.2531	6.9806	5.3807	6
169.75	26.2534	7.641	5.3875	6
169.8	26.2539	6.8812	5.3849	6
169.85	26.2533	7.0789	5.3679	6
169.9	26.2534	7.2395	5.3598	6
169.95	26.2536	7.0746	5.3674	6
170	26.2537	6.7869	5.3691	6
170.05	26.2533	6.9315	5.3638	6
170.1	26.2533	6.9898	5.3611	6
170.15	26.2536	6.8517	5.3538	6
170.2	26.2535	7.1118	5.3549	6
170.25	26.2532	7.205	5.3613	6
170.3	26.2535	6.9852	5.3627	6
170.35	26.2533	7.2961	5.3643	6
170.4	26.2533	7.3208	5.374	6
170.45	26.2535	7.0705	5.3798	6
170.5	26.2534	7.2609	5.3894	6
170.55	26.2534	6.9076	5.3957	6
170.6	26.2531	7.4422	5.3946	6
170.65	26.2535	7.4412	5.3828	6
170.7	26.2533	7.393	5.3696	6
170.75	26.2533	7.7107	5.3646	6
170.8	26.2534	7.9924	5.3644	6
170.85	26.2537	7.4718	5.3682	6
170.9	26.2534	7.095	5.3616	6
170.95	26.253	7.3951	5.3415	6
171	26.2534	7.8918	5.3462	6
171.05	26.2539	7.6097	5.3446	6
171.1	26.2529	7.6417	5.328	6
171.15	26.2531	8.0601	5.3299	6
171.2	26.2536	8.0567	5.3233	6
171.25	26.2536	7.753	5.3305	6
171.3	26.2531	8.1742	5.3354	6
171.35	26.2537	8.1039	5.3436	6
171.4	26.2538	7.6026	5.3501	6
171.45	26.2531	7.9369	5.3425	6
171.5	26.2537	8.0512	5.3575	6
171.55	26.2536	8.2053	5.3715	6
171.6	26.2533	8.0513	5.363	6
171.65	26.2531	8.027	5.3625	6
171.7	26.2535	8.2795	5.3572	6
171.75	26.2535	7.9832	5.361	6
171.8	26.253	8.2834	5.352	6
171.85	26.2533	8.4836	5.3398	6
171.9	26.2537	8.2934	5.3461	6
171.95	26.2533	8.932	5.342	6
172	26.2537	8.4859	5.3476	6
172.05	26.2533	8.3492	5.358	6
172.1	26.2531	8.7829	5.3793	6
172.15	26.2527	9.1849	5.3683	6
172.2	26.2532	8.7663	5.3497	6
172.25	26.2527	9.4637	5.3621	6
172.3	26.2527	9.6478	5.3753	6
172.35	26.253	9.2537	5.374	6
172.4	26.2528	9.5664	5.3657	6
172.45	26.2523	10.1568	5.3585	6
172.5	26.2522	9.9702	5.3541	6
172.55	26.2518	10.0894	5.368	6
172.6	26.2518	10.4408	5.3641	6
172.65	26.2518	10.8504	5.3724	6
172.7	26.2523	10.4379	5.3723	6
172.75	26.2521	10.8621	5.3615	6
172.8	26.2519	11.0246	5.3669	6
172.85	26.2518	11.0203	5.3624	6
172.9	26.2516	11.1123	5.37	6
172.95	26.2515	11.4703	5.3794	6
173	26.2515	11.3696	5.3869	6
173.05	26.2512	11.6823	5.3897	6
173.1	26.2512	11.6557	5.3768	6
173.15	26.2511	11.5511	5.3742	6
173.2	26.251	12.2484	5.3811	6
173.25	26.2519	12.7184	5.3786	6
173.3	26.2521	13.0761	5.3771	6
173.35	26.2521	13.2458	5.3795	6
173.4	26.2518	13.5315	5.3768	6
173.45	26.2521	13.0726	5.3784	6
173.5	26.2519	13.4035	5.3795	6
173.55	26.2519	13.5731	5.378	6
173.6	26.252	13.443	5.3851	6
173.65	26.2522	13.3073	5.39	6
173.7	26.2516	14.1154	5.3855	6
173.75	26.252	13.5759	5.3714	6
173.8	26.2519	13.6871	5.373	6
173.85	26.2515	14.1144	5.378	6
173.9	26.2517	13.912	5.3757	6
173.95	26.2518	13.5887	5.3782	6
174	26.2517	13.9207	5.3832	6
174.05	26.2515	14.0384	5.3954	6
174.1	26.2515	13.8641	5.3982	6
174.15	26.2513	14.2337	5.3946	6
174.2	26.2513	14.5968	5.3721	6
174.25	26.2519	14.9756	5.3513	6
174.3	26.252	15.4694	5.363	6
174.35	26.2525	15.1264	5.3705	6
174.4	26.2524	15.2618	5.3664	6
174.45	26.2526	15.2997	5.3775	6
174.5	26.2527	15.2518	5.3673	6
174.55	26.2527	15.1702	5.3831	6
174.6	26.2526	15.3232	5.377	6
174.65	26.2524	15.5429	5.369	6
174.7	26.2528	15.1	5.377	6
174.75	26.2525	15.4399	5.3646	6
174.8	26.2524	15.5739	5.3481	6
174.85	26.2528	15.1161	5.3576	6
174.9	26.2525	15.5042	5.3535	6
174.95	26.2522	15.819	5.3568	6
175	26.2523	15.6271	5.364	6
175.05	26.2524	15.4481	5.3684	6
175.1	26.2518	16.1219	5.3845	6
175.15	26.2524	15.7252	5.3805	6
175.2	26.2527	15.511	5.3652	6
175.25	26.2523	15.9953	5.3625	6
175.3	26.2523	16.1148	5.3589	6
175.35	26.2526	15.6192	5.3612	6
175.4	26.2522	16.0225	5.3569	6
175.45	26.252	16.3093	5.3755	6
175.5	26.2522	16.0671	5.3756	6
175.55	26.2522	16.0081	5.3585	6
175.6	26.2521	16.2147	5.3674	6
175.65	26.2519	16.3189	5.3775	6
175.7	26.2521	16.2044	5.3753	6
175.75	26.2523	16.9203	5.379	6
175.8	26.2527	17.201	5.3762	6
175.85	26.2529	17.3622	5.3649	6
175.9	26.2531	17.4699	5.3475	6
175.95	26.2529	17.6448	5.3319	6
176	26.2532	17.5845	5.3257	6
176.05	26.2532	17.5344	5.342	6
176.1	26.253	17.7433	5.3566	6
176.15	26.2529	17.8951	5.3537	6
176.2	26.253	17.7099	5.3706	6
176.25	26.2526	18.115	5.3609	6
176.3	26.2529	18.015	5.3602	6
176.35	26.253	17.955	5.377	6
176.4	26.2529	18.1852	5.3689	6
176.45	26.2528	18.3201	5.3775	6
176.5	26.253	17.9446	5.3674	6
176.55	26.2527	18.2514	5.3406	6
176.6	26.2526	18.305	5.3553	6
176.65	26.2525	18.267	5.3709	6
176.7	26.2526	18.1757	5.3823	6
176.75	26.2523	18.4569	5.3777	6
176.8	26.2525	18.2589	5.3684	6
176.85	26.2524	18.235	5.3765	6
176.9	26.2524	18.233	5.3781	6
176.95	26.2523	18.5513	5.38	6
177	26.2525	18.2431	5.3779	6
177.05	26.2523	18.3355	5.3669	6
177.1	26.2523	18.502	5.3766	6
177.15	26.2524	18.3124	5.3739	6
177.2	26.2527	17.8174	5.3634	6
177.25	26.2528	17.8078	5.3671	6
177.3	26.2533	17.3638	5.3623	6
177.35	26.2535	17.2103	5.3561	6
177.4	26.2538	16.7902	5.3549	6
177.45	26.2538	16.7941	5.3534	6
177.5	26.2539	16.7658	5.3723	6
177.55	26.2544	16.1531	5.3656	6
177.6	26.2542	16.3306	5.3531	6
177.65	26.2542	16.218	5.3549	6
177.7	26.2545	15.6898	5.3339	6
177.75	26.2546	15.6558	5.3443	6
177.8	26.255	15.2556	5.3665	6
177.85	26.2549	15.3216	5.3616	6
177.9	26.2552	14.9233	5.3643	6
177.95	26.2556	14.6951	5.3794	6
178	26.2556	14.7933	5.3945	6
178.05	26.2557	14.3709	5.3936	6
178.1	26.2559	14.0168	5.3978	6
178.15	26.2555	13.8445	5.3932	6
178.2	26.2554	13.0386	5.3811	6
178.25	26.2551	12.6993	5.3883	6
178.3	26.2547	13.031	5.3788	6
178.35	26.255	12.7165	5.3714	6
178.4	26.2552	12.6242	5.3904	6
178.45	26.2549	13.2027	5.3909	6
178.5	26.2553	12.3735	5.381	6
178.55	26.2551	12.3327	5.3795	6
178.6	26.2547	12.8018	5.3878	6
178.65	26.255	12.3953	5.3909	6
178.7	26.2547	12.6343	5.3812	6
178.75	26.2547	12.9316	5.3853	6
178.8	26.2548	13.0953	5.4053	6
178.85	26.255	12.7452	5.3705	6
178.9	26.2543	13.3683	5.3512	6
178.95	26.2544	13.3022	5.362	6
179	26.2551	12.6417	5.3668	6
179.05	26.2549	12.9657	5.3572	6
179.1	26.2548	13.1526	5.3457	6
179.15	26.2554	12.3591	5.3479	6
179.2	26.2554	12.2267	5.3694	6
179.25	26.2544	12.5888	5.3772	6
179.3	26.2544	11.672	5.3802	6
179.35	26.2542	11.2009	5.3736	6
179.4	26.2538	11.7123	5.3733	6
179.45	26.2538	11.8632	5.3775	6
179.5	26.2544	11.0312	5.381	6
179.55	26.2538	11.7983	5.3728	6
179.6	26.2538	11.7683	5.3674	6
179.65	26.2539	11.3129	5.3716	6
179.7	26.2537	11.6879	5.3645	6
179.75	26.2537	11.954	5.3614	6
179.8	26.2543	11.2598	5.3698	6
179.85	26.2541	11.6927	5.379	6
179.9	26.2537	12.0799	5.3898	6
179.95	26.2541	11.3282	5.3839	6
180	26.254	11.5338	5.3756	6
180.05	26.2539	11.923	5.3766	6
180.1	26.2542	11.4712	5.3736	6
180.15	26.2544	11.3828	5.3833	6
180.2	26.2545	11.4227	5.3742	6
180.25	26.2543	11.644	5.3677	6
180.3	26.2546	11.155	5.3784	6
180.35	26.2544	11.3503	5.382	6
180.4	26.2542	11.8364	5.3816	6
180.45	26.2546	11.4525	5.3807	6
180.5	26.2544	11.9803	5.3738	6
180.55	26.2544	12.0485	5.4021	6
180.6	26.2542	11.9646	5.3956	6
180.65	26.2541	12.1244	5.3858	6
180.7	26.2542	12.3309	5.3991	6
180.75	26.2547	11.7651	5.3902	6
180.8	26.2543	12.2775	5.3914	6
180.85	26.254	12.468	5.4038	6
180.9	26.2544	11.7782	5.3844	6
180.95	26.254	12.238	5.3784	6
181	26.2535	13.0477	5.3839	6
181.05	26.2542	12.2642	5.3903	6
181.1	26.254	12.4346	5.3964	6
181.15	26.2533	13.3991	5.3875	6
181.2	26.2536	12.9067	5.3964	6
181.25	26.2537	12.56	5.3985	6
181.3	26.2531	13.6118	5.3921	6
181.35	26.253	13.5899	5.3966	6
181.4	26.2533	12.8723	5.3929	6
181.45	26.2526	13.7082	5.3927	6
181.5	26.2525	13.8878	5.4056	6
181.55	26.2531	13.275	5.412	6
181.6	26.2528	13.7539	5.4085	6
181.65	26.2525	14.1555	5.3932	6
181.7	26.2529	13.594	5.3885	6
181.75	26.2526	13.9421	5.396	6
181.8	26.2521	14.5911	5.4019	6
181.85	26.2527	13.7099	5.4015	6
181.9	26.2524	14.1112	5.3892	6
181.95	26.2525	14.2228	5.3839	6
182	26.2525	13.9885	5.3899	6
182.05	26.2525	13.9467	5.4063	6
182.1	26.252	14.5718	5.4057	6
182.15	26.2526	13.6716	5.4033	6
182.2	26.2521	14.1953	5.4265	6
182.25	26.2518	14.7872	5.4104	6
182.3	26.2523	14.0969	5.3898	6
182.35	26.2524	13.7545	5.3859	6
182.4	26.2524	13.8499	5.3733	6
182.45	26.2522	14.3389	5.3779	6
182.5	26.2529	13.2583	5.374	6
182.55	26.2523	13.9782	5.3842	6
182.6	26.2517	14.7692	5.3931	6
182.65	26.2524	13.9299	5.3875	6
182.7	26.2527	14.1625	5.3926	6
182.75	26.2525	15.3556	5.3867	6
182.8	26.2534	14.8336	5.3781	6
182.85	26.2536	14.4752	5.3847	6
182.9	26.2531	15.096	5.3774	6
182.95	26.2531	15.3563	5.368	6
183	26.2537	14.4991	5.3823	6
183.05	26.2533	14.9224	5.3809	6
183.1	26.2536	14.9612	5.3731	6
183.15	26.2537	14.5455	5.3725	6
183.2	26.2533	14.7744	5.3788	6
183.25	26.2535	14.7255	5.3961	6
183.3	26.2534	14.6214	5.3828	6
183.35	26.2532	14.6592	5.386	6
183.4	26.2534	14.7821	5.3941	6
183.45	26.2538	14.3877	5.4038	6
183.5	26.2537	14.2196	5.4071	6
183.55	26.2536	14.0353	5.3912	6
183.6	26.2537	13.363	5.3864	6
183.65	26.2536	13.1744	5.3823	6
183.7	26.2534	13.6241	5.3786	6
183.75	26.2538	13.2133	5.3902	6
183.8	26.2538	12.6774	5.3911	6
183.85	26.2536	13.1344	5.3896	6
183.9	26.2539	12.9131	5.3777	6
183.95	26.2542	12.4099	5.373	6
184	26.254	12.5791	5.3812	6
184.05	26.2537	12.9712	5.3751	6
184.1	26.254	12.4329	5.3752	6
184.15	26.2539	12.6469	5.359	6
184.2	26.2532	13.4584	5.3707	6
184.25	26.2537	12.852	5.378	6
184.3	26.2536	12.8159	5.3681	6
184.35	26.253	13.2222	5.3727	6
184.4	26.2534	12.8244	5.3615	6
184.45	26.2533	12.94	5.344	6
184.5	26.2531	13.1833	5.3461	6
184.55	26.253	13.1973	5.3567	6
184.6	26.253	13.3254	5.3586	6
184.65	26.2528	13.606	5.3559	6
184.7	26.253	13.1967	5.3599	6
184.75	26.2529	13.3252	5.3701	6
184.8	26.2529	13.4754	5.368	6
184.85	26.2527	13.82	5.3597	6
184.9	26.2531	14.1177	5.3749	6
184.95	26.2534	14.5409	5.3694	6
185	26.2533	14.6218	5.3643	6
185.05	26.2535	14.3957	5.3739	6
185.1	26.2535	14.0612	5.3677	6
185.15	26.2532	14.5223	5.3713	6
185.2	26.2536	14.2682	5.3699	6
185.25	26.2537	14.1249	5.368	6
185.3	26.2534	14.1886	5.3642	6
185.35	26.2533	14.538	5.3619	6
185.4	26.2538	14.161	5.3807	6
185.45	26.2534	13.9802	5.3827	6
185.5	26.253	14.5095	5.3717	6
185.55	26.2538	14.4783	5.3777	6
185.6	26.2535	13.8941	5.3717	6
185.65	26.253	14.548	5.377	6
185.7	26.2535	14.7897	5.3853	6
185.75	26.2535	14.2358	5.3832	6
185.8	26.2529	15.1746	5.3834	6
185.85	26.2532	15.8243	5.3785	6
185.9	26.2536	15.2291	5.4001	6
185.95	26.2535	15.547	5.3902	6
186	26.2532	15.9016	5.3841	6
186.05	26.2535	15.5993	5.3865	6
186.1	26.2537	15.2857	5.403	6
186.15	26.253	15.5563	5.3993	6
186.2	26.2534	15.3753	5.3845	6
186.25	26.2534	15.4943	5.39	6
186.3	26.2535	15.441	5.39	6
186.35	26.2535	15.411	5.3787	6
186.4	26.2534	15.7101	5.3693	6
186.45	26.2535	15.5254	5.3835	6
186.5	26.2536	15.0872	5.3748	6
186.55	26.253	15.5037	5.3709	6
186.6	26.2536	15.2966	5.363	6
186.65	26.2536	15.0534	5.3633	6
186.7	26.2536	15.3874	5.3677	6
186.75	26.2534	15.2056	5.362	6
186.8	26.2536	14.6539	5.3657	6
186.85	26.2532	15.0477	5.3708	6
186.9	26.2534	15.1289	5.366	6
186.95	26.2533	15.1639	5.3822	6
187	26.2535	14.6486	5.3972	6
187.05	26.2534	14.9314	5.3861	6
187.1	26.2534	15.1937	5.3822	6
187.15	26.2538	14.3794	5.3897	6
187.2	26.2533	14.6948	5.389	6
187.25	26.2535	14.6937	5.3801	6
187.3	26.2537	14.0369	5.3745	6
187.35	26.2532	14.1383	5.3683	6
187.4	26.2533	14.6806	5.3672	6
187.45	26.2539	13.7942	5.3692	6
187.5	26.2533	14.2172	5.3621	6
187.55	26.2534	14.1466	5.368	6
187.6	26.2536	13.8371	5.3684	6
187.65	26.2534	13.6189	5.3731	6
187.7	26.2531	14.355	5.3793	6
187.75	26.2536	13.922	5.3783	6
187.8	26.2534	13.7825	5.3796	6
187.85	26.2531	14.1942	5.3925	6
187.9	26.2535	14.1404	5.3798	6
187.95	26.2536	13.9531	5.363	6
188	26.2534	14.1734	5.3488	6
188.05	26.2536	14.0469	5.3638	6
188.1	26.2533	14.259	5.3644	6
188.15	26.2535	14.3966	5.3766	6
188.2	26.2537	13.9744	5.371	6
188.25	26.2535	14.1424	5.3727	6
188.3	26.2534	14.5642	5.3834	6
188.35	26.2541	13.5743	5.3965	6
188.4	26.2535	13.7793	5.3776	6
188.45	26.253	14.4672	5.377	6
188.5	26.2539	13.5082	5.385	6
188.55	26.2532	13.216	5.3709	6
188.6	26.2527	14.2144	5.3622	6
188.65	26.2539	13.5784	5.3568	6
188.7	26.2537	13.2015	5.3523	6
188.75	26.2535	13.3709	5.3543	6
188.8	26.2534	13.345	5.3484	6
188.85	26.2539	12.7038	5.3606	6
188.9	26.2533	13.1736	5.3642	6
188.95	26.2533	12.9624	5.3596	6
189	26.2538	12.395	5.3604	6
189.05	26.2539	12.3781	5.3471	6
189.1	26.2539	12.4272	5.3449	6
189.15	26.2543	11.7655	5.3313	6
189.2	26.2543	11.7221	5.3417	6
189.25	26.2546	11.7187	5.3679	6
189.3	26.2548	11.3481	5.3809	6
189.35	26.2549	11.0373	5.3875	6
189.4	26.2547	11.1887	5.3722	6
189.45	26.2552	10.4789	5.351	6
189.5	26.2554	10.2047	5.3509	6
189.55	26.2557	10.0053	5.3676	6
189.6	26.2558	10.0212	5.3847	6
189.65	26.256	9.5836	5.3841	6
189.7	26.2561	9.4024	5.3685	6
189.75	26.2559	9.4602	5.3673	6
189.8	26.2563	8.8775	5.3749	6
189.85	26.2565	8.3437	5.3918	6
189.9	26.2559	7.5575	5.3818	6
189.95	26.256	6.7325	5.3713	6
190	26.2556	7.0339	5.3825	6
190.05	26.2559	6.6594	5.3914	6
190.1	26.2562	6.3735	5.3831	6
190.15	26.2562	6.4247	5.3857	6
190.2	26.2564	6.5292	5.3961	6
190.25	26.2567	6.12	5.4078	6
190.3	26.2565	6.1611	5.3936	6
190.35	26.2565	6.0545	5.3836	6
190.4	26.2567	5.8122	5.3713	6
190.45	26.2565	5.2585	5.3654	6
190.5	26.2559	4.6268	5.3779	6
190.55	26.2555	4.7155	5.3805	6
190.6	26.2557	4.4033	5.3839	6
190.65	26.2555	4.7003	5.3723	6
190.7	26.2557	4.5437	5.3631	6
190.75	26.2557	4.3085	5.3792	6
190.8	26.2557	4.3665	5.384	6
190.85	26.2554	4.4669	5.3837	6
190.9	26.2556	4.1759	5.379	6
190.95	26.2557	3.9438	5.3724	6
191	26.2558	3.9406	5.3678	6
191.05	26.2557	4.1216	5.3639	6
191.1	26.2563	3.3006	5.3657	6
191.15	26.2556	3.7474	5.3732	6
191.2	26.2554	2.8733	5.3574	6
191.25	26.2554	1.8488	5.3551	6
191.3	26.2549	2.2311	5.3585	6
191.35	26.2546	2.4328	5.3466	6
191.4	26.2554	1.6766	5.3538	6
191.45	26.2554	1.9637	5.3602	6
191.5	26.2551	2.256	5.3687	6
191.55	26.2552	1.9612	5.3477	6
191.6	26.2555	1.5697	5.3447	6
191.65	26.2557	1.6449	5.3634	6
191.7	26.2563	1.1397	5.3618	6
191.75	26.2562	1.1286	5.3755	6
191.8	26.2564	1.0535	5.3973	6
191.85	26.2564	1.0531	5.3804	6
191.9	26.256	0.7867	5.3695	6
191.95	26.2553	0.6251	5.3793	6
192	26.255	0.0968	5.3911	6
192.05	26.2547	0.1108	5.3852	6
192.1	26.2547	0.2436	5.3587	6
192.15	26.2548	0.0014	5.3528	6
192.2	26.2548	-0.0569	5.3661	6
192.25	26.2546	0.451	5.3796	6
192.3	26.2551	-0.2175	5.3704	6
192.35	26.2547	0.1639	5.3589	6
192.4	26.2548	0.164	5.3661	6
192.45	26.2553	-0.3931	5.3658	6
192.5	26.2555	-0.8581	5.3791	6
192.55	26.2551	-0.403	5.3881	6
192.6	26.2553	-0.7322	5.3888	6
192.65	26.2557	-1.5039	5.3952	6
192.7	26.2552	-0.9366	5.3843	6
192.75	26.255	-0.5005	5.3793	6
192.8	26.2556	-1.3751	5.3796	6
192.85	26.2555	-1.1779	5.3929	6
192.9	26.2551	-0.9479	5.3902	6
192.95	26.2547	-2.1036	5.3802	6
193	26.2541	-2.7015	5.3886	6
193.05	26.2537	-2.2309	5.3897	6
193.1	26.254	-2.5407	5.3685	6
193.15	26.254	-2.5585	5.3731	6
193.2	26.254	-2.6177	5.388	6
193.25	26.2542	-2.6766	5.3831	6
193.3	26.2542	-2.7005	5.3797	6
193.35	26.2542	-2.9795	5.3813	6
193.4	26.2545	-3.0113	5.385	6
193.45	26.2545	-2.9757	5.3839	6
193.5	26.2548	-3.4163	5.3759	6
193.55	26.255	-3.8675	5.3714	6
193.6	26.255	-3.8547	5.3729	6
193.65	26.2551	-4.3369	5.3742	6
193.7	26.2558	-5.0604	5.3681	6
193.75	26.2558	-4.7913	5.3689	6
193.8	26.2559	-4.6051	5.3859	6
193.85	26.2565	-5.4622	5.3815	6
193.9	26.2565	-5.505	5.3859	6
193.95	26.2559	-4.8173	5.3809	6
194	26.256	-5.7497	5.3842	6
194.05	26.2557	-7.1121	5.3884	6
194.1	26.2548	-6.4243	5.3857	6
194.15	26.255	-6.6157	5.3897	6
194.2	26.2554	-7.2395	5.3957	6
194.25	26.2553	-7.2511	5.3862	6
194.3	26.2547	-6.4761	5.3905	6
194.35	26.2556	-7.39	5.3996	6
194.4	26.2555	-7.4333	5.3948	6
194.45	26.2549	-6.5058	5.3821	6
194.5	26.2552	-7.0662	5.3628	6
194.55	26.2554	-7.3206	5.373	6
194.6	26.255	-6.6856	5.3856	6
194.65	26.2548	-6.6779	5.3872	6
194.7	26.2553	-7.186	5.387	6
194.75	26.2551	-7.0708	5.3793	6
194.8	26.2546	-6.4614	5.3756	6
194.85	26.2551	-7.1558	5.3809	6
194.9	26.255	-7.2879	5.4011	6
194.95	26.2543	-6.9413	5.4243	6
195	26.2539	-7.057	5.4145	6
195.05	26.2537	-7.4695	5.4074	6
195.1	26.2535	-7.3601	5.4046	6
195.15	26.2534	-7.1182	5.3938	6
195.2	26.2538	-7.6412	5.392	6
195.25	26.2537	-8.1017	5.3786	6
195.3	26.2533	-7.5265	5.3784	6
195.35	26.254	-8.0179	5.3975	6
195.4	26.2539	-8.0686	5.3931	6
195.45	26.2539	-7.9914	5.3838	6
195.5	26.2536	-7.7895	5.3792	6
195.55	26.254	-8.2332	5.3895	6
195.6	26.2539	-8.0574	5.3844	6
195.65	26.2537	-7.6872	5.3742	6
195.7	26.254	-8.1089	5.3654	6
195.75	26.2537	-7.8056	5.3644	6
195.8	26.2536	-7.5584	5.3718	6
195.85	26.2538	-7.7683	5.3641	6
195.9	26.2535	-7.5282	5.3626	6
195.95	26.2536	-7.6978	5.3618	6
196	26.2532	-7.2769	5.352	6
196.05	26.2537	-7.7996	5.3614	6
196.1	26.2535	-7.3731	5.3827	6
196.15	26.2535	-7.3243	5.3648	6
196.2	26.2534	-7.2006	5.35	6
196.25	26.2537	-7.6358	5.3564	6
196.3	26.2534	-7.3638	5.3654	6
196.35	26.2537	-7.6537	5.3662	6
196.4	26.254	-7.9215	5.3708	6
196.45	26.2538	-7.8266	5.3678	6
196.5	26.2534	-7.4075	5.3708	6
196.55	26.2534	-7.4745	5.367	6
196.6	26.2537	-7.7115	5.3748	6
196.65	26.2535	-7.3794	5.3762	6
196.7	26.2533	-6.957	5.3819	6
196.75	26.2537	-7.3829	5.3801	6
196.8	26.2538	-7.4009	5.3691	6
196.85	26.2531	-6.591	5.3716	6
196.9	26.2533	-7.2028	5.3964	6
196.95	26.2532	-7.3296	5.4018	6
197	26.2528	-6.6297	5.3878	6
197.05	26.2533	-7.0269	5.387	6
197.1	26.253	-6.7622	5.3959	6
197.15	26.2531	-7.0796	5.403	6
197.2	26.2527	-6.6624	5.3913	6
197.25	26.2528	-6.6945	5.4028	6
197.3	26.2535	-7.4957	5.4173	6
197.35	26.253	-6.82	5.389	6
197.4	26.2529	-7.0202	5.3631	6
197.45	26.2533	-7.7504	5.376	6
197.5	26.2528	-6.805	5.3763	6
197.55	26.2529	-6.8348	5.375	6
197.6	26.2534	-7.6101	5.3701	6
197.65	26.2532	-7.2823	5.3625	6
197.7	26.2534	-7.3143	5.3737	6
197.75	26.2535	-7.3623	5.3958	6
197.8	26.254	-8.1641	5.3935	6
197.85	26.2534	-7.3392	5.3983	6
197.9	26.254	-8.0026	5.4095	6
197.95	26.2535	-7.7196	5.4111	6
198	26.2541	-8.5574	5.4075	6
198.05	26.2533	-7.6754	5.3978	6
198.1	26.2537	-8.1032	5.3898	6
198.15	26.2542	-9.0327	5.398	6
198.2	26.2536	-8.4341	5.396	6
198.25	26.2538	-8.5414	5.3901	6
198.3	26.2544	-9.2893	5.3753	6
198.35	26.2539	-8.5762	5.3767	6
198.4	26.254	-8.6096	5.3922	6
198.45	26.2543	-8.9372	5.374	6
198.5	26.254	-8.7035	5.3733	6
198.55	26.254	-8.5445	5.397	6
198.6	26.254	-8.6914	5.3946	6
198.65	26.2541	-8.7223	5.3943	6
198.7	26.2541	-8.7398	5.3919	6
198.75	26.2542	-8.9944	5.4019	6
198.8	26.254	-8.7819	5.4008	6
198.85	26.254	-8.8099	5.4046	6
198.9	26.2539	-8.8346	5.4068	6
198.95	26.2537	-8.724	5.4085	6
199	26.2536	-8.8313	5.4154	6
199.05	26.2536	-8.6953	5.408	6
199.1	26.2539	-9.163	5.3915	6
199.15	26.2536	-8.7042	5.3884	6
199.2	26.2538	-8.9182	5.3827	6
199.25	26.2538	-9.0911	5.3875	6
199.3	26.2534	-8.5111	5.402	6
199.35	26.2536	-8.6427	5.3993	6
199.4	26.2538	-8.7215	5.3872	6
199.45	26.2537	-8.637	5.3682	6
199.5	26.2535	-8.4031	5.3834	6
199.55	26.2537	-8.7368	5.3963	6
199.6	26.2534	-8.4394	5.3894	6
199.65	26.2533	-8.2448	5.3932	6
199.7	26.2535	-8.5253	5.4	6
199.75	26.2533	-8.323	5.402	6
199.8	26.2531	-8.0122	5.4108	6
199.85	26.2532	-8.1965	5.396	6
199.9	26.2535	-8.6496	5.3916	6
199.95	26.2531	-8.0577	5.3956	6
200	26.253	-7.8132	5.4009	6
200.05	26.2536	-8.8212	5.3948	6
200.1	26.2531	-8.172	5.4044	6
200.15	26.2529	-7.6503	5.407	6
200.2	26.2538	-8.7609	5.3968	6
200.25	26.2538	-8.8456	5.4007	6
200.3	26.2532	-7.9303	5.4204	6
200.35	26.2538	-8.7189	5.4051	6
200.4	26.2543	-9.4089	5.3909	6
200.45	26.2537	-8.5819	5.3831	6
200.5	26.2541	-9.2085	5.3757	6
200.55	26.2545	-9.9394	5.3802	6
200.6	26.254	-9.3101	5.3708	6
200.65	26.2541	-9.3829	5.3662	6
200.7	26.2547	-10.2553	5.3774	6
200.75	26.2542	-9.8234	5.3765	6
200.8	26.254	-9.7681	5.3831	6
200.85	26.2543	-10.188	5.3733	6
200.9	26.2543	-10.0872	5.3628	6
200.95	26.2543	-9.9623	5.3633	6
201	26.2545	-10.3668	5.3663	6
201.05	26.2542	-10.2355	5.3702	6
201.1	26.2541	-10.0635	5.3681	6
201.15	26.2541	-10.3339	5.3655	6
201.2	26.2542	-10.4678	5.3683	6
201.25	26.2538	-10.0127	5.368	6
201.3	26.2538	-10.0734	5.3851	6
201.35	26.254	-10.2687	5.3886	6
201.4	26.2535	-9.7058	5.3561	6
201.45	26.2536	-9.7635	5.3661	6
201.5	26.254	-10.2509	5.3875	6
201.55	26.2537	-9.9358	5.3746	6
201.6	26.2536	-9.7263	5.3518	6
201.65	26.2536	-9.7542	5.353	6
201.7	26.2533	-9.5502	5.3736	6
201.75	26.2534	-9.4131	5.3822	6
201.8	26.2534	-9.2939	5.3898	6
201.85	26.2532	-9.0801	5.3848	6
201.9	26.253	-8.8889	5.3589	6
201.95	26.253	-8.9316	5.3576	6
202	26.2528	-8.7724	5.3649	6
202.05	26.2527	-8.6387	5.3746	6
202.1	26.2528	-8.6478	5.3619	6
202.15	26.2526	-8.1822	5.3534	6
202.2	26.2526	-8.169	5.3575	6
202.25	26.2526	-8.3367	5.3719	6
202.3	26.2521	-7.7709	5.381	6
202.35	26.252	-7.6352	5.367	6
202.4	26.2524	-8.241	5.3541	6
202.45	26.252	-7.5579	5.3486	6
202.5	26.2517	-7.1608	5.3485	6
202.55	26.2519	-7.6615	5.3301	6
202.6	26.2517	-7.2887	5.3273	6
202.65	26.2511	-6.5293	5.3507	6
202.7	26.2515	-6.9907	5.3533	6
202.75	26.2516	-7.0326	5.347	6
202.8	26.2513	-6.6397	5.357	6
202.85	26.2512	-6.6133	5.3748	6
202.9	26.2514	-7.0038	5.369	6
202.95	26.2513	-6.7111	5.3394	6
203	26.2513	-6.0677	5.3364	6
203.05	26.252	-5.5085	5.3536	6
203.1	26.2525	-5.6933	5.3651	6
203.15	26.2519	-4.8733	5.3643	6
203.2	26.252	-5.2902	5.3604	6
203.25	26.2521	-5.4585	5.3517	6
203.3	26.2523	-5.3048	5.3569	6
203.35	26.2522	-4.9717	5.3566	6
203.4	26.2524	-5.194	5.3475	6
203.45	26.2521	-5.0181	5.3444	6
203.5	26.2518	-4.6726	5.3524	6
203.55	26.2518	-4.6355	5.3601	6
203.6	26.2519	-4.7578	5.362	6
203.65	26.2518	-4.5234	5.3588	6
203.7	26.2518	-4.4086	5.3741	6
203.75	26.252	-4.6519	5.3598	6
203.8	26.2517	-4.4356	5.3587	6
203.85	26.2516	-4.3504	5.3848	6
203.9	26.2516	-4.3868	5.3687	6
203.95	26.2514	-4.1984	5.362	6
204	26.2515	-4.2173	5.367	6
204.05	26.2517	-3.6884	5.376	6
204.1	26.252	-3.4083	5.3804	6
204.15	26.2527	-3.0163	5.3861	6
204.2	26.2528	-2.861	5.3833	6
204.25	26.2529	-2.9262	5.3718	6
204.3	26.2531	-3.1289	5.3858	6
204.35	26.253	-2.9479	5.4032	6
204.4	26.2531	-2.9962	5.3915	6
204.45	26.2528	-2.7859	5.3903	6
204.5	26.2532	-3.3828	5.3845	6
204.55	26.2525	-2.6832	5.361	6
204.6	26.2532	-3.4585	5.3555	6
204.65	26.253	-3.3402	5.3559	6
204.7	26.2529	-3.038	5.3539	6
204.75	26.2533	-3.4398	5.3652	6
204.8	26.2532	-3.5682	5.3637	6
204.85	26.2531	-3.3332	5.3756	6
204.9	26.2531	-3.4666	5.3719	6
204.95	26.2532	-3.7522	5.3534	6
205	26.2535	-4.0063	5.3495	6
205.05	26.2531	-3.5409	5.3429	6
205.1	26.2532	-3.6914	5.3481	6
205.15	26.2538	-4.1674	5.3581	6
205.2	26.2534	-3.5588	5.3533	6
205.25	26.2538	-3.9214	5.3559	6
205.3	26.2539	-4.3758	5.3553	6
205.35	26.2533	-3.7761	5.3585	6
205.4	26.2535	-3.9373	5.3676	6
205.45	26.254	-4.4241	5.3642	6
205.5	26.2542	-4.4858	5.3736	6
205.55	26.2542	-4.3414	5.3672	6
205.6	26.2543	-4.7637	5.3405	6
205.65	26.2544	-5.0683	5.3431	6
205.7	26.2544	-5.0921	5.3432	6
205.75	26.2542	-4.8977	5.3547	6
205.8	26.2544	-5.9051	5.3595	6
205.85	26.2541	-6.1235	5.3384	6
205.9	26.254	-6.3319	5.3497	6
205.95	26.2542	-6.7959	5.3564	6
206	26.2539	-7.0038	5.3459	6
206.05	26.2536	-7.0849	5.3586	6
206.1	26.2538	-7.1484	5.3576	6
206.15	26.2537	-7.1589	5.3727	6
206.2	26.2535	-6.9235	5.3728	6
206.25	26.254	-7.4828	5.3578	6
206.3	26.2537	-7.2297	5.3567	6
206.35	26.254	-7.4386	5.3602	6
206.4	26.2541	-7.4793	5.3617	6
206.45	26.2542	-7.6488	5.3582	6
206.5	26.254	-7.3523	5.3588	6
206.55	26.2539	-7.4896	5.363	6
206.6	26.2538	-7.5739	5.351	6
206.65	26.2539	-7.7338	5.3482	6
206.7	26.2536	-7.395	5.3629	6
206.75	26.254	-7.8565	5.3645	6
206.8	26.2539	-7.7503	5.3843	6
206.85	26.254	-7.7448	5.4044	6
206.9	26.2537	-7.5261	5.4098	6
206.95	26.2536	-7.4687	5.3914	6
207	26.2536	-7.5273	5.3712	6
207.05	26.2536	-7.2697	5.3771	6
207.1	26.254	-7.6232	5.3743	6
207.15	26.2535	-7.2453	5.3831	6
207.2	26.2536	-7.5937	5.3833	6
207.25	26.2533	-7.1475	5.3874	6
207.3	26.2536	-7.3665	5.3825	6
207.35	26.2531	-6.886	5.3502	6
207.4	26.2533	-7.0481	5.3421	6
207.45	26.2533	-6.9916	5.3516	6
207.5	26.2534	-7.0783	5.351	6
207.55	26.2533	-6.8625	5.3505	6
207.6	26.2536	-7.1723	5.3693	6
207.65	26.2537	-7.0375	5.3773	6
207.7	26.254	-7.5125	5.3635	6
207.75	26.2535	-7.3315	5.3637	6
207.8	26.2539	-7.8428	5.3754	6
207.85	26.2536	-7.3016	5.3652	6
207.9	26.2539	-7.6258	5.3659	6
207.95	26.254	-7.7446	5.3702	6
208	26.2536	-7.1747	5.3665	6
208.05	26.2537	-7.2757	5.3793	6
208.1	26.254	-7.6612	5.3846	6
208.15	26.2537	-7.234	5.3771	6
208.2	26.2538	-7.2743	5.3741	6
208.25	26.2542	-7.6553	5.3681	6
208.3	26.2543	-7.7247	5.3832	6
208.35	26.2543	-7.8366	5.3809	6
208.4	26.2543	-8.0258	5.3806	6
208.45	26.2539	-7.6499	5.3754	6
208.5	26.254	-7.6766	5.3591	6
208.55	26.2543	-7.8863	5.3692	6
208.6	26.254	-7.5841	5.3746	6
208.65	26.2546	-8.2976	5.3685	6
208.7	26.2548	-8.4027	5.3813	6
208.75	26.2546	-7.9386	5.3774	6
208.8	26.255	-8.5693	5.3784	6
208.85	26.2549	-8.5734	5.3943	6
208.9	26.2546	-8.1042	5.3925	6
208.95	26.2548	-8.2144	5.3965	6
209	26.255	-8.8383	5.3954	6
209.05	26.2545	-9.026	5.3891	6
209.1	26.254	-8.6664	5.3933	6
209.15	26.2544	-9.4886	5.4008	6
209.2	26.2544	-9.8827	5.393	6
209.25	26.2536	-9.0416	5.3883	6
209.3	26.2537	-9.1032	5.3844	6
209.35	26.2546	-10.0904	5.3904	6
209.4	26.2535	-9.2581	5.3958	6
209.45	26.2535	-9.2282	5.4049	6
209.5	26.2542	-9.994	5.4097	6
209.55	26.2541	-10.0125	5.4028	6
209.6	26.2539	-9.8349	5.4212	6
209.65	26.2537	-9.3934	5.4317	6
209.7	26.2542	-10.3373	5.4223	6
209.75	26.254	-10.1453	5.4084	6
209.8	26.2532	-9.1619	5.4021	6
209.85	26.2538	-10.1663	5.407	6
209.9	26.254	-10.0214	5.4134	6
209.95	26.2531	-8.825	5.4097	6
210	26.2537	-9.8093	5.3933	6
210.05	26.2537	-9.5758	5.382	6
210.1	26.2535	-9.2076	5.3923	6
210.15	26.2536	-9.4369	5.3899	6
210.2	26.2532	-9.3265	5.4001	6
210.25	26.2534	-9.3351	5.3959	6
210.3	26.2533	-8.9884	5.4033	6
210.35	26.2529	-8.7238	5.4125	6
210.4	26.2528	-8.6231	5.4045	6
210.45	26.2529	-8.7424	5.4001	6
210.5	26.2527	-8.6577	5.406	6
210.55	26.2529	-8.8158	5.3898	6
210.6	26.2526	-8.5581	5.3888	6
210.65	26.253	-8.9995	5.3868	6
210.7	26.2524	-8.195	5.3837	6
210.75	26.2526	-8.287	5.4007	6
210.8	26.2525	-7.9702	5.4043	6
210.85	26.2526	-7.6687	5.4094	6
210.9	26.2526	-7.153	5.4018	6
210.95	26.2532	-7.6597	5.4012	6
211	26.253	-7.0293	5.4079	6
211.05	26.2532	-6.7786	5.4046	6
211.1	26.2537	-7.7789	5.406	6
211.15	26.2528	-6.7666	5.4065	6
211.2	26.2528	-6.1364	5.3921	6
211.25	26.2537	-7.2253	5.3979	6
211.3	26.2532	-6.534	5.3985	6
211.35	26.2528	-5.8254	5.4094	6
211.4	26.2538	-7.2222	5.4135	6
211.45	26.2533	-6.9041	5.4092	6
211.5	26.2528	-5.9112	5.4198	6
211.55	26.253	-6.2735	5.4234	6
211.6	26.2535	-7.0933	5.4076	6
211.65	26.2527	-5.9448	5.3911	6
211.7	26.2525	-5.5405	5.3943	6
211.75	26.2536	-7.0704	5.3877	6
211.8	26.2528	-6.0118	5.3824	6
211.85	26.2523	-5.2301	5.3794	6
211.9	26.2533	-6.4877	5.3842	6
211.95	26.253	-6.0222	5.3812	6
212	26.2522	-4.9142	5.3751	6
212.05	26.2528	-5.927	5.3669	6
212.1	26.2525	-5.605	5.3586	6
212.15	26.2523	-5.184	5.3605	6
212.2	26.2524	-5.0558	5.3881	6
212.25	26.2526	-5.3129	5.398	6
212.3	26.2524	-5.1785	5.3827	6
212.35	26.2518	-4.6158	5.3599	6
212.4	26.2518	-4.7949	5.3631	6
212.45	26.2516	-4.7905	5.3822	6
212.5	26.2512	-4.3158	5.3933	6
212.55	26.2513	-4.3826	5.3933	6
212.6	26.2509	-4.0819	5.3741	6
212.65	26.251	-4.245	5.3565	6
212.7	26.2508	-3.9347	5.3707	6
212.75	26.251	-3.1639	5.3837	6
212.8	26.2521	-2.9695	5.3908	6
212.85	26.2522	-2.6797	5.4115	6
212.9	26.2519	-2.2673	5.4036	6
212.95	26.2522	-2.5764	5.3988	6
213	26.2523	-2.3965	5.404	6
213.05	26.2521	-2.3175	5.4046	6
213.1	26.2522	-2.2857	5.3914	6
213.15	26.2522	-2.0925	5.3862	6
213.2	26.2523	-2.318	5.3677	6
213.25	26.2519	-2.0073	5.3616	6
213.3	26.2519	-1.7119	5.3763	6
213.35	26.2523	-2.1216	5.382	6
213.4	26.2523	-2.274	5.3841	6
213.45	26.2516	-1.4563	5.3768	6
213.5	26.2522	-2.2443	5.3708	6
213.55	26.2523	-2.3611	5.377	6
213.6	26.2518	-1.4929	5.3867	6
213.65	26.2521	-1.6685	5.3975	6
213.7	26.2525	-2.3269	5.3909	6
213.75	26.252	-1.7625	5.3795	6
213.8	26.2518	-1.7596	5.3801	6
213.85	26.2521	-2.3106	5.3637	6
213.9	26.2523	-2.3201	5.3623	6
213.95	26.2521	-1.8782	5.3707	6
214	26.2524	-2.3928	5.37	6
214.05	26.2527	-2.2685	5.3723	6
214.1	26.2531	-1.5171	5.3656	6
214.15	26.2535	-1.5883	5.3589	6
214.2	26.2537	-1.8243	5.3782	6
214.25	26.2538	-2.3035	5.3809	6
214.3	26.2537	-2.6897	5.3588	6
214.35	26.2531	-1.8618	5.3613	6
214.4	26.2538	-2.2605	5.3674	6
214.45	26.2536	-3.2093	5.3677	6
214.5	26.2528	-2.1246	5.3703	6
214.55	26.2535	-1.7066	5.3775	6
214.6	26.2539	-3.2475	5.3871	6
214.65	26.2531	-2.5543	5.4011	6
214.7	26.2533	-1.7605	5.4123	6
214.75	26.2542	-3.1971	5.4079	6
214.8	26.2539	-3.8385	5.3954	6
214.85	26.2531	-3.1345	5.3926	6
214.9	26.2537	-3.9565	5.3922	6
214.95	26.2543	-4.7063	5.3916	6
215	26.2537	-3.938	5.3783	6
215.05	26.2539	-4.3124	5.3847	6
215.1	26.2545	-5.0594	5.3879	6
215.15	26.2542	-4.6032	5.3785	6
215.2	26.2542	-4.8173	5.3603	6
215.25	26.2545	-5.2556	5.371	6
215.3	26.2548	-5.3971	5.3973	6
215.35	26.2547	-5.3098	5.3911	6
215.4	26.2549	-5.7346	5.3827	6
215.45	26.2549	-5.6517	5.3792	6
215.5	26.2549	-5.6693	5.3693	6
215.55	26.2553	-6.1176	5.3808	6
215.6	26.2551	-5.778	5.3675	6
215.65	26.2553	-6.1563	5.3725	6
215.7	26.2552	-5.9491	5.3858	6
215.75	26.2553	-6.0741	5.379	6
215.8	26.2555	-6.2445	5.3924	6
215.85	26.2552	-5.7406	5.3997	6
215.9	26.2557	-6.3573	5.4025	6
215.95	26.2556	-6.1733	5.3976	6
216	26.2554	-6.2443	5.3997	6
216.05	26.2553	-8.0137	5.3987	6
216.1	26.254	-7.4057	5.3789	6
216.15	26.2541	-7.6112	5.3669	6
216.2	26.2543	-7.9587	5.3853	6
216.25	26.2536	-7.2996	5.4002	6
216.3	26.2538	-7.4482	5.394	6
216.35	26.2539	-7.4464	5.3755	6
216.4	26.2539	-7.3742	5.36	6
216.45	26.2538	-7.3688	5.3525	6
216.5	26.2537	-7.3916	5.3592	6
216.55	26.2536	-7.1459	5.3492	6
216.6	26.2543	-7.7271	5.3373	6
216.65	26.2535	-6.7663	5.3333	6
216.7	26.254	-7.3768	5.351	6
216.75	26.254	-7.4625	5.371	6
216.8	26.254	-7.3942	5.3849	6
216.85	26.2538	-7.3564	5.385	6
216.9	26.254	-7.5513	5.3727	6
216.95	26.2538	-7.1983	5.3643	6
217	26.2542	-7.5626	5.3591	6
217.05	26.2541	-7.1013	5.3532	6
217.1	26.2542	-7.1903	5.3649	6
217.15	26.2543	-7.4349	5.3567	6
217.2	26.254	-6.9676	5.3628	6
217.25	26.2538	-6.8164	5.3688	6
217.3	26.2541	-7.1694	5.365	6
217.35	26.2537	-6.6455	5.3772	6
217.4	26.2537	-6.4659	5.3814	6
217.45	26.2539	-6.7944	5.3766	6
217.5	26.2535	-6.4869	5.3705	6
217.55	26.2531	-5.9282	5.3777	6
217.6	26.2532	-6.183	5.3726	6
217.65	26.2535	-6.544	5.3626	6
217.7	26.2529	-5.6683	5.3554	6
217.75	26.2528	-5.5571	5.3679	6
217.8	26.2534	-6.0651	5.3786	6
217.85	26.2529	-5.4628	5.3648	6
217.9	26.2526	-5.2239	5.3529	6
217.95	26.2532	-5.9055	5.3625	6
218	26.2528	-5.7266	5.3748	6
218.05	26.2527	-5.4446	5.36	6
218.1	26.2525	-5.1751	5.3587	6
218.15	26.2526	-5.4916	5.3599	6
218.2	26.2522	-4.9653	5.362	6
218.25	26.2522	-4.5058	5.3733	6
218.3	26.2525	-4.834	5.3699	6
218.35	26.2528	-5.1701	5.3742	6
218.4	26.2518	-3.8105	5.3826	6
218.45	26.2523	-4.5815	5.374	6
218.5	26.2521	-4.4579	5.3706	6
218.55	26.2518	-3.8312	5.3641	6
218.6	26.2523	-3.1541	5.3668	6
218.65	26.2534	-3.3987	5.3703	6
218.7	26.2531	-2.5703	5.3673	6
218.75	26.2537	-2.9803	5.3688	6
218.8	26.2537	-3.1291	5.3696	6
218.85	26.2536	-3.2047	5.3632	6
218.9	26.2529	-2.9077	5.3752	6
218.95	26.2536	-3.7466	5.3744	6
219	26.2531	-3.2826	5.3618	6
219.05	26.2531	-2.9006	5.365	6
219.1	26.2539	-4.0051	5.3703	6
219.15	26.2537	-4.1991	5.3923	6
219.2	26.2534	-3.4071	5.3836	6
219.25	26.2545	-4.8091	5.3646	6
219.3	26.254	-5.0204	5.361	6
219.35	26.2535	-4.6807	5.3606	6
219.4	26.2539	-5.7611	5.3684	6
219.45	26.2538	-6.0277	5.382	6
219.5	26.2534	-5.5728	5.3807	6
219.55	26.2537	-5.933	5.3762	6
219.6	26.2538	-6.091	5.374	6
219.65	26.2532	-5.0082	5.3829	6
219.7	26.2538	-5.9553	5.3719	6
219.75	26.2535	-5.8886	5.3673	6
219.8	26.2532	-5.3419	5.3735	6
219.85	26.2533	-5.575	5.3656	6
219.9	26.2535	-6.1755	5.3832	6
219.95	26.2529	-5.128	5.3809	6
220	26.253	-4.9198	5.3581	6
220.05	26.2531	-4.8805	5.381	6
220.1	26.2529	-4.1402	5.3845	6
220.15	26.2532	-4.2858	5.3678	6
220.2	26.2535	-4.4048	5.3752	6
220.25	26.2532	-4.0016	5.3713	6
220.3	26.2533	-3.6261	5.3851	6
220.35	26.2539	-4.5692	5.3736	6
220.4	26.253	-4.0254	5.367	6
220.45	26.2535	-3.3055	5.3685	6
220.5	26.2538	-4.5402	5.3689	6
220.55	26.2534	-5.4484	5.3785	6
220.6	26.2532	-4.4261	5.3653	6
220.65	26.2544	-4.9902	5.3572	6
220.7	26.2539	-5.8022	5.3659	6
220.75	26.2537	-5.6823	5.3725	6
220.8	26.2538	-5.6936	5.3923	6
220.85	26.2546	-6.828	5.3912	6
220.9	26.2539	-6.0123	5.3855	6
220.95	26.2542	-6.5163	5.379	6
221	26.2544	-6.8177	5.3777	6
221.05	26.2542	-6.4579	5.363	6
221.1	26.2542	-6.5083	5.3617	6
221.15	26.2546	-7.0831	5.3786	6
221.2	26.254	-6.4108	5.3876	6
221.25	26.2544	-6.9217	5.3824	6
221.3	26.2549	-7.4871	5.3973	6
221.35	26.2545	-6.8549	5.3825	6
221.4	26.2546	-7.1336	5.3725	6
221.45	26.255	-7.8871	5.3644	6
221.5	26.2545	-7.1571	5.3673	6
221.55	26.2548	-7.2266	5.3776	6
221.6	26.2554	-7.9831	5.3686	6
221.65	26.2553	-7.9946	5.3729	6
221.7	26.2548	-7.0768	5.3951	6
221.75	26.2552	-7.6805	5.404	6
221.8	26.2553	-7.8726	5.3998	6
221.85	26.2546	-6.8575	5.3897	6
221.9	26.2549	-7.2555	5.3866	6
221.95	26.2551	-7.6019	5.3756	6
222	26.2547	-7.1895	5.3822	6
222.05	26.2543	-7.6157	5.3842	6
222.1	26.2538	-8.4211	5.3753	6
222.15	26.2535	-8.4031	5.3792	6
222.2	26.2532	-7.7332	5.3931	6
222.25	26.2534	-7.8953	5.4127	6
222.3	26.2531	-7.1969	5.4088	6
222.35	26.2535	-7.3072	5.3941	6
222.4	26.2531	-6.9242	5.3828	6
222.45	26.2534	-7.1713	5.3998	6
222.5	26.2532	-6.3825	5.4062	6
222.55	26.2538	-6.9435	5.4113	6
222.6	26.2532	-7.2032	5.4112	6
222.65	26.253	-5.9431	5.3995	6
222.7	26.2536	-6.2961	5.4032	6
222.75	26.2533	-6.6779	5.4036	6
222.8	26.2527	-5.4569	5.4042	6
222.85	26.2535	-5.8999	5.3932	6
222.9	26.2536	-6.7231	5.3759	6
222.95	26.2527	-5.3971	5.3705	6
223	26.2534	-5.5552	5.3834	6
223.05	26.2532	-5.5028	5.3816	6
223.1	26.2528	-4.6931	5.3871	6
223.15	26.2525	-3.9741	5.3901	6
223.2	26.2533	-4.908	5.4148	6
223.25	26.2529	-4.4089	5.4178	6
223.3	26.2525	-3.7133	5.3963	6
223.35	26.253	-4.7107	5.4078	6
223.4	26.253	-4.8285	5.4207	6
223.45	26.2526	-3.9494	5.4118	6
223.5	26.2531	-4.6596	5.404	6
223.55	26.2531	-4.8479	5.4129	6
223.6	26.2523	-4.1612	5.4231	6
223.65	26.2526	-4.7106	5.4041	6
223.7	26.253	-5.0082	5.3945	6
223.75	26.2527	-4.4972	5.3947	6
223.8	26.253	-4.9801	5.4142	6
223.85	26.2531	-5.252	5.4102	6
223.9	26.253	-5.1177	5.3879	6
223.95	26.2531	-5.1892	5.3921	6
224	26.2534	-5.8342	5.3887	6
224.05	26.2529	-5.2172	5.3863	6
224.1	26.2532	-5.4027	5.3898	6
224.15	26.2536	-5.6948	5.3805	6
224.2	26.2535	-5.397	5.3902	6
224.25	26.2534	-5.1315	5.3946	6
224.3	26.2539	-5.8784	5.3731	6
224.35	26.2535	-5.4492	5.3663	6
224.4	26.2537	-5.5402	5.3717	6
224.45	26.2532	-5.2207	5.3872	6
224.5	26.2539	-5.9645	5.3717	6
224.55	26.2534	-5.3209	5.3604	6
224.6	26.2538	-5.8154	5.3719	6
224.65	26.2539	-5.9471	5.365	6
224.7	26.2538	-5.7285	5.3541	6
224.75	26.2539	-5.881	5.3603	6
224.8	26.2538	-5.9822	5.3597	6
224.85	26.2537	-5.7776	5.3674	6
224.9	26.2542	-6.4649	5.3697	6
224.95	26.254	-6.3589	5.3584	6
225	26.2542	-6.5346	5.3555	6
225.05	26.2548	-7.2628	5.3429	6
225.1	26.2544	-7.0521	5.3549	6
225.15	26.2543	-6.723	5.3619	6
225.2	26.2542	-6.6614	5.3458	6
225.25	26.2544	-7.5796	5.3581	6
225.3	26.2539	-7.0228	5.3607	6
225.35	26.2541	-7.3488	5.3619	6
225.4	26.2543	-7.8474	5.3611	6
225.45	26.2537	-7.4489	5.3666	6
225.5	26.2536	-7.3806	5.3778	6
225.55	26.2542	-8.0891	5.3527	6
225.6	26.2533	-7.4979	5.3367	6
225.65	26.2535	-7.7022	5.3334	6
225.7	26.2537	-7.9366	5.3499	6
225.75	26.2536	-7.9603	5.3583	6
225.8	26.2533	-8.0327	5.3625	6
225.85	26.2536	-8.2722	5.3616	6
225.9	26.2532	-7.6401	5.3647	6
225.95	26.2536	-7.6667	5.3599	6
226	26.2535	-7.7539	5.3612	6
226.05	26.2536	-7.9726	5.3586	6
226.1	26.2531	-7.095	5.364	6
226.15	26.2534	-7.5263	5.3715	6
226.2	26.2532	-7.7919	5.3687	6
226.25	26.2531	-7.2913	5.362	6
226.3	26.2533	-7.203	5.3629	6
226.35	26.2537	-7.5009	5.3692	6
226.4	26.2535	-7.5877	5.3788	6
226.45	26.2531	-7.3321	5.3678	6
226.5	26.2536	-7.5072	5.3604	6
226.55	26.2535	-7.435	5.3605	6
226.6	26.2536	-7.6468	5.3445	6
226.65	26.2534	-7.9307	5.3631	6
226.7	26.2532	-7.7666	5.3869	6
226.75	26.2537	-7.8892	5.3761	6
226.8	26.254	-8.5526	5.3562	6
226.85	26.2537	-8.303	5.3622	6
226.9	26.2541	-8.6106	5.382	6
226.95	26.2542	-8.8531	5.3909	6
227	26.254	-8.6538	5.3888	6
227.05	26.254	-8.7568	5.376	6
227.1	26.2541	-9.0193	5.3623	6
227.15	26.2539	-8.7441	5.3742	6
227.2	26.254	-8.7092	5.3817	6
227.25	26.2542	-8.9277	5.3767	6
227.3	26.2543	-9.0386	5.376	6
227.35	26.254	-8.7597	5.3887	6
227.4	26.2539	-8.7476	5.3942	6
227.45	26.2539	-8.7259	5.3979	6
227.5	26.2539	-8.6267	5.377	6
227.55	26.254	-8.7585	5.3839	6
227.6	26.254	-8.7336	5.3888	6
227.65	26.2538	-8.5487	5.3777	6
227.7	26.2539	-8.7269	5.3823	6
227.75	26.2538	-8.5972	5.3812	6
227.8	26.2534	-8.1224	5.3774	6
227.85	26.2537	-8.4894	5.3806	6
227.9	26.2533	-7.9672	5.3752	6
227.95	26.2531	-7.7117	5.3573	6
228	26.2534	-7.9996	5.36	6
228.05	26.2533	-7.8856	5.3613	6
228.1	26.2526	-7.2257	5.3359	6
228.15	26.253	-7.6164	5.3398	6
228.2	26.2529	-7.373	5.3538	6
228.25	26.2522	-6.7895	5.3597	6
228.3	26.2523	-6.9339	5.355	6
228.35	26.2522	-6.5189	5.3498	6
228.4	26.2522	-6.4544	5.3503	6
228.45	26.2522	-6.341	5.3406	6
228.5	26.2526	-6.7553	5.3413	6
228.55	26.2523	-6.247	5.3524	6
228.6	26.2524	-6.4645	5.3581	6
228.65	26.2525	-6.6317	5.3552	6
228.7	26.2528	-6.0482	5.348	6
228.75	26.2535	-5.7491	5.3629	6
228.8	26.2537	-6.4401	5.3774	6
228.85	26.2533	-6.4819	5.376	6
228.9	26.2536	-6.7553	5.3641	6
228.95	26.2538	-7.2754	5.3667	6
229	26.2535	-7.349	5.3652	6
229.05	26.2531	-7.2693	5.3505	6
229.1	26.2534	-7.3949	5.3506	6
229.15	26.2537	-7.6178	5.3541	6
229.2	26.2536	-7.5684	5.3512	6
229.25	26.2537	-7.6737	5.3603	6
229.3	26.2541	-8.2614	5.3618	6
229.35	26.2539	-8.3838	5.3791	6
229.4	26.2536	-8.2361	5.3834	6
229.45	26.2537	-8.4167	5.3707	6
229.5	26.2537	-8.4676	5.3493	6
229.55	26.2536	-8.3099	5.3557	6
229.6	26.2536	-8.2622	5.3493	6
229.65	26.2537	-8.4026	5.3279	6
229.7	26.2539	-8.6324	5.3348	6
229.75	26.2535	-8.1713	5.3528	6
229.8	26.2539	-8.7059	5.3625	6
229.85	26.2536	-8.633	5.3748	6
229.9	26.2534	-8.3165	5.3752	6
229.95	26.2534	-8.4975	5.3676	6
230	26.2534	-8.6053	5.3727	6
230.05	26.2532	-8.151	5.3755	6
230.1	26.2534	-8.1312	5.3753	6
230.15	26.2534	-8.2618	5.3636	6
230.2	26.2532	-8.0273	5.3601	6
230.25	26.2527	-7.5607	5.3476	6
230.3	26.253	-8.1206	5.3387	6
230.35	26.253	-7.9281	5.358	6
230.4	26.253	-7.8041	5.3575	6
230.45	26.2528	-7.4448	5.3714	6
230.5	26.2535	-7.8882	5.3693	6
230.55	26.2531	-7.5844	5.3482	6
230.6	26.2533	-7.4793	5.3404	6
230.65	26.2537	-7.7662	5.353	6
230.7	26.2536	-8.1285	5.3517	6
230.75	26.2534	-7.7603	5.349	6
230.8	26.2538	-8.098	5.3563	6
230.85	26.2537	-8.5074	5.3572	6
230.9	26.2533	-8.1409	5.3529	6
230.95	26.2532	-8.0236	5.3596	6
231	26.2533	-8.0592	5.359	6
231.05	26.2534	-8.1245	5.3504	6
231.1	26.2531	-7.5886	5.3586	6
231.15	26.2535	-8.1213	5.3613	6
231.2	26.2533	-8.2951	5.3698	6
231.25	26.2534	-7.9582	5.3671	6
231.3	26.2536	-7.9357	5.3698	6
231.35	26.2539	-8.5791	5.3632	6
231.4	26.2534	-8.2194	5.3614	6
231.45	26.2535	-8.344	5.356	6
231.5	26.2538	-8.8127	5.3681	6
231.55	26.2539	-8.8391	5.3669	6
231.6	26.2535	-8.4415	5.3631	6
231.65	26.2537	-8.6817	5.3562	6
231.7	26.2534	-8.5429	5.3503	6
231.75	26.2529	-7.9206	5.3509	6
231.8	26.2526	-7.5178	5.3549	6
231.85	26.2527	-7.3511	5.3683	6
231.9	26.2532	-7.6774	5.3585	6
231.95	26.2528	-6.7315	5.3417	6
232	26.2533	-6.9132	5.3472	6
232.05	26.253	-6.48	5.3564	6
232.1	26.2531	-6.0714	5.3637	6
232.15	26.2532	-5.8835	5.3609	6
232.2	26.2537	-6.2715	5.3682	6
232.25	26.253	-5.6476	5.3622	6
232.3	26.2533	-5.6433	5.347	6
232.35	26.2538	-6.0832	5.3503	6
232.4	26.2535	-6.1891	5.3666	6
232.45	26.2528	-5.2598	5.3687	6
232.5	26.2539	-6.425	5.3632	6
232.55	26.2538	-6.2942	5.3547	6
232.6	26.2534	-5.7238	5.363	6
232.65	26.2534	-6.3674	5.3735	6
232.7	26.2535	-6.7392	5.375	6
232.75	26.2533	-6.4376	5.3523	6
232.8	26.2535	-6.2128	5.3426	6
232.85	26.2539	-6.528	5.3454	6
232.9	26.2538	-7.2738	5.3464	6
232.95	26.2534	-6.9468	5.3374	6
233	26.2538	-7.1603	5.3353	6
233.05	26.2533	-7.6948	5.3436	6
233.1	26.2532	-7.6988	5.3504	6
233.15	26.2536	-7.6754	5.3475	6
233.2	26.2534	-7.9337	5.3452	6
233.25	26.2533	-7.7177	5.3536	6
233.3	26.2539	-7.8598	5.3453	6
233.35	26.2537	-8.1223	5.3257	6
233.4	26.2534	-7.9229	5.3368	6
233.45	26.2536	-8.1042	5.335	6
233.5	26.2537	-8.2613	5.3338	6
233.55	26.2534	-7.7493	5.328	6
233.6	26.2535	-7.8461	5.3347	6
233.65	26.2537	-8.0852	5.3571	6
233.7	26.253	-7.4431	5.3588	6
233.75	26.2532	-7.733	5.3471	6
233.8	26.2534	-7.7449	5.3467	6
233.85	26.2534	-7.6174	5.3406	6
233.9	26.2533	-7.0501	5.3415	6
233.95	26.2534	-7.1974	5.3356	6
234	26.2534	-7.3888	5.3303	6
234.05	26.253	-7.2427	5.3456	6
234.1	26.253	-6.7941	5.3461	6
234.15	26.2536	-7.0125	5.3529	6
234.2	26.2534	-6.7841	5.3494	6
234.25	26.2535	-7.1485	5.3502	6
234.3	26.2537	-7.5491	5.3607	6
234.35	26.2534	-7.5374	5.3486	6
234.4	26.2533	-7.2435	5.3445	6
234.45	26.2534	-7.4147	5.3492	6
234.5	26.2535	-7.6545	5.3574	6
234.55	26.2533	-7.5111	5.3748	6
234.6	26.2534	-7.6913	5.3742	6
234.65	26.2536	-7.9872	5.3632	6
234.7	26.2536	-7.8838	5.3703	6
234.75	26.2536	-7.9808	5.3727	6
234.8	26.2535	-8.1789	5.373	6
234.85	26.2535	-8.1692	5.3676	6
234.9	26.2531	-7.5907	5.366	6
234.95	26.2538	-7.8061	5.3637	6
235	26.2535	-7.8659	5.3504	6
235.05	26.2535	-8.0116	5.3542	6
235.1	26.2535	-7.8792	5.3584	6
235.15	26.2536	-8.0676	5.3582	6
235.2	26.2534	-7.775	5.3596	6
235.25	26.2534	-7.7161	5.3701	6
235.3	26.2533	-7.498	5.3751	6
235.35	26.2533	-7.522	5.3836	6
235.4	26.2529	-7.0904	5.3914	6
235.45	26.2531	-6.9688	5.3855	6
235.5	26.2535	-7.0582	5.3615	6
235.55	26.2533	-6.8148	5.3582	6
235.6	26.2532	-6.4322	5.3636	6
235.65	26.2534	-6.5566	5.3613	6
235.7	26.2533	-6.5114	5.3617	6
235.75	26.2534	-6.2035	5.3523	6
235.8	26.2534	-6.227	5.3635	6
235.85	26.2536	-6.4244	5.3644	6
235.9	26.2533	-6.1169	5.3335	6
235.95	26.2532	-5.5986	5.3335	6
236	26.2536	-6.2876	5.3462	6
236.05	26.2532	-5.7734	5.3461	6
236.1	26.2535	-5.2242	5.3642	6
236.15	26.2535	-5.3763	5.3734	6
236.2	26.2534	-5.635	5.3752	6
236.25	26.2529	-5.1266	5.3595	6
236.3	26.2533	-4.9606	5.3512	6
236.35	26.2534	-5.0048	5.3391	6
236.4	26.253	-4.6293	5.3536	6
236.45	26.2528	-4.3653	5.3779	6
236.5	26.2532	-4.855	5.3789	6
236.55	26.2528	-4.2975	5.3803	6
236.6	26.2528	-4.2978	5.3878	6
236.65	26.2526	-4.3971	5.3865	6
236.7	26.2525	-4.1946	5.3719	6
236.75	26.2527	-4.2102	5.3695	6
236.8	26.2526	-4.0857	5.3861	6
236.85	26.2523	-4.0091	5.3922	6
236.9	26.2525	-4.2352	5.3861	6
236.95	26.2523	-3.9885	5.3835	6
237	26.2524	-4.1166	5.3652	6
237.05	26.2524	-4.0408	5.3677	6
237.1	26.2523	-3.8306	5.3782	6
237.15	26.2525	-4.0048	5.3678	6
237.2	26.252	-3.6516	5.3684	6
237.25	26.2521	-3.7537	5.3683	6
237.3	26.2524	-3.9557	5.3547	6
237.35	26.2523	-3.476	5.3684	6
237.4	26.2526	-3.7273	5.363	6
237.45	26.2526	-3.8318	5.36	6
237.5	26.2525	-3.6047	5.3585	6
237.55	26.2524	-3.5795	5.3544	6
237.6	26.252	-3.2672	5.3396	6
237.65	26.2525	-3.558	5.3472	6
237.7	26.2519	-2.7814	5.3644	6
237.75	26.2517	-2.7284	5.3556	6
237.8	26.2519	-3.316	5.3495	6
237.85	26.2515	-2.4524	5.3574	6
237.9	26.2519	-2.2146	5.3448	6
237.95	26.2527	-1.9241	5.3571	6
238	26.2531	-1.7199	5.3807	6
238.05	26.253	-1.5815	5.3803	6
238.1	26.2529	-1.5849	5.3804	6
238.15	26.2528	-1.5759	5.3605	6
238.2	26.2533	-1.9679	5.3697	6
238.25	26.2528	-1.549	5.3809	6
238.3	26.2529	-1.6754	5.3603	6
238.35	26.2527	-1.7751	5.374	6
238.4	26.2528	-1.9668	5.3758	6
238.45	26.2523	-1.2447	5.3659	6
238.5	26.2525	-1.5738	5.3632	6
238.55	26.2528	-1.9304	5.358	6
238.6	26.2523	-1.1011	5.3644	6
238.65	26.2523	-0.9411	5.3638	6
238.7	26.2528	-1.6183	5.367	6
238.75	26.2526	-1.3129	5.3778	6
238.8	26.2523	-0.8457	5.3869	6
238.85	26.2526	-1.4776	5.4044	6
238.9	26.2527	-1.6741	5.3882	6
238.95	26.2523	-0.9768	5.3608	6
239	26.2527	-1.4331	5.3649	6
239.05	26.253	-1.6951	5.3687	6
239.1	26.2526	-1.1478	5.3683	6
239.15	26.2528	-1.274	5.3857	6
239.2	26.253	-1.9241	5.3874	6
239.25	26.2523	-1.1478	5.3692	6
239.3	26.2526	-1.504	5.369	6
239.35	26.2528	-1.7221	5.382	6
239.4	26.2525	-1.2348	5.3891	6
239.45	26.2525	-1.3127	5.3855	6
239.5	26.2527	-1.6012	5.3859	6
239.55	26.2526	-1.4673	5.3806	6
239.6	26.2522	-1.1577	5.3661	6
239.65	26.2526	-1.6195	5.3868	6
239.7	26.2527	-1.7212	5.3784	6
239.75	26.2526	-1.2981	5.3772	6
239.8	26.2532	-1.9023	5.395	6
239.85	26.2533	-2.2373	5.3769	6
239.9	26.2535	-2.218	5.3579	6
239.95	26.2537	-2.4374	5.3546	6
240	26.2538	-2.8745	5.3842	6
240.05	26.2541	-3.2755	5.4005	6
240.1	26.254	-3.2424	5.3934	6
240.15	26.2539	-3.2944	5.377	6
240.2	26.2544	-3.9734	5.3636	6
240.25	26.2546	-3.7598	5.3641	6
240.3	26.2546	-3.6112	5.3628	6
240.35	26.2548	-3.9982	5.371	6
240.4	26.2549	-4.2117	5.3833	6
240.45	26.2544	-3.6539	5.3871	6
240.5	26.2545	-3.7963	5.3966	6
240.55	26.2548	-4.3921	5.4012	6
240.6	26.2543	-3.4664	5.405	6
240.65	26.2546	-3.7907	5.3973	6
240.7	26.2546	-4.2217	5.3923	6
240.75	26.2541	-3.6902	5.382	6
240.8	26.2542	-3.7964	5.3792	6
240.85	26.2543	-4.0364	5.3785	6
240.9	26.2542	-3.972	5.372	6
240.95	26.2543	-3.9959	5.3685	6
241	26.2543	-4.0095	5.3701	6
241.05	26.2545	-4.1113	5.3905	6
241.1	26.2545	-4.1014	5.3946	6
241.15	26.2544	-4.1304	5.3841	6
241.2	26.2545	-4.1586	5.3661	6
241.25	26.2544	-4.0495	5.365	6
241.3	26.2547	-4.3184	5.3638	6
241.35	26.2546	-4.3281	5.3573	6
241.4	26.2542	-4.2383	5.3665	6
241.45	26.2541	-4.9609	5.3584	6
241.5	26.253	-4.5084	5.356	6
241.55	26.2535	-4.4182	5.3691	6
241.6	26.2536	-4.5567	5.3818	6
241.65	26.2537	-4.7853	5.3781	6
241.7	26.2532	-4.1592	5.3809	6
241.75	26.254	-4.7731	5.376	6
241.8	26.2538	-4.9445	5.373	6
241.85	26.2533	-4.57	5.357	6
241.9	26.2533	-4.6137	5.3509	6
241.95	26.254	-5.1898	5.3584	6
242	26.253	-4.1926	5.3707	6
242.05	26.2533	-4.3667	5.3855	6
242.1	26.2535	-4.8492	5.3764	6
242.15	26.2531	-4.331	5.3788	6
242.2	26.2531	-3.9863	5.3865	6
242.25	26.2536	-4.4152	5.3812	6
242.3	26.2533	-4.0447	5.3763	6
242.35	26.2535	-4.0914	5.3721	6
242.4	26.2534	-4.1894	5.3743	6
242.45	26.2534	-4.2111	5.3767	6
242.5	26.2534	-4.1706	5.3708	6
242.55	26.2533	-4.0994	5.3748	6
242.6	26.2532	-4.067	5.3844	6
242.65	26.2533	-4.0531	5.3728	6
242.7	26.2533	-3.8733	5.369	6
242.75	26.2537	-4.0252	5.3734	6
242.8	26.2534	-3.8085	5.3726	6
242.85	26.2534	-3.9985	5.37	6
242.9	26.2533	-3.9571	5.3702	6
242.95	26.2531	-3.6557	5.3595	6
243	26.2538	-4.3586	5.3356	6
243.05	26.2533	-3.8074	5.3496	6
243.1	26.2534	-3.9355	5.3799	6
243.15	26.2535	-3.9344	5.371	6
243.2	26.2534	-3.6697	5.3664	6
243.25	26.2536	-3.8366	5.3747	6
243.3	26.2537	-4.0063	5.3975	6
243.35	26.2534	-3.701	5.3979	6
243.4	26.2532	-3.456	5.3723	6
243.45	26.2535	-3.3922	5.3667	6
243.5	26.2535	-3.2675	5.3745	6
243.55	26.2531	-2.9092	5.3884	6
243.6	26.2537	-3.6361	5.3999	6
243.65	26.2532	-3.0923	5.381	6
243.7	26.2532	-2.5342	5.3828	6
243.75	26.2535	-2.9771	5.3911	6
243.8	26.2536	-3.5481	5.3818	6
243.85	26.2534	-2.8618	5.3712	6
243.9	26.2536	-2.895	5.3607	6
243.95	26.2536	-4.0477	5.3803	6
244	26.253	-3.5125	5.3784	6
244.05	26.2536	-3.0384	5.3696	6
244.1	26.254	-4.0219	5.3767	6
244.15	26.2533	-3.9728	5.3878	6
244.2	26.2532	-3.7719	5.3922	6
244.25	26.2536	-4.3063	5.3962	6
244.3	26.2536	-4.4919	5.3893	6
244.35	26.2535	-4.3021	5.415	6
244.4	26.2537	-4.3847	5.4119	6
244.45	26.2538	-4.6156	5.3949	6
244.5	26.2541	-4.8561	5.4071	6
244.55	26.2535	-4.8153	5.4009	6
244.6	26.2535	-5.3038	5.3935	6
244.65	26.2535	-5.2476	5.4078	6
244.7	26.2536	-5.0312	5.3992	6
244.75	26.2539	-5.2566	5.4021	6
244.8	26.2536	-4.6547	5.4022	6
244.85	26.2535	-4.7364	5.3899	6
244.9	26.2531	-4.7408	5.3879	6
244.95	26.2528	-4.4295	5.3967	6
245	26.2531	-4.4611	5.3988	6
245.05	26.2529	-4.1045	5.3842	6
245.1	26.2529	-3.8117	5.3764	6
245.15	26.2532	-3.6341	5.3855	6
245.2	26.2534	-3.768	5.4042	6
245.25	26.2532	-3.4416	5.4239	6
245.3	26.2532	-3.2298	5.396	6
245.35	26.2535	-3.2872	5.3875	6
245.4	26.2538	-4.0516	5.3893	6
245.45	26.2535	-4.008	5.3868	6
245.5	26.2534	-3.8163	5.4	6
245.55	26.2537	-4.3492	5.4022	6
245.6	26.2535	-4.4047	5.4086	6
245.65	26.2535	-4.1625	5.3957	6
245.7	26.2539	-4.5312	5.4024	6
245.75	26.2535	-4.8273	5.402	6
245.8	26.2532	-4.7769	5.386	6
245.85	26.2532	-4.9625	5.3811	6
245.9	26.2535	-5.3609	5.3996	6
245.95	26.2535	-5.1079	5.4011	6
246	26.2538	-5.0587	5.3891	6
246.05	26.2537	-5.4117	5.3858	6
246.1	26.2538	-5.5554	5.3914	6
246.15	26.2536	-5.3682	5.3798	6
246.2	26.2535	-5.4535	5.3636	6
246.25	26.2536	-5.7203	5.374	6
246.3	26.2539	-5.8853	5.3815	6
246.35	26.2539	-5.6505	5.3921	6
246.4	26.254	-5.6911	5.4128	6
246.45	26.2542	-6.2903	5.4038	6
246.5	26.2539	-5.9865	5.3996	6
246.55	26.2535	-5.4412	5.4006	6
246.6	26.2538	-5.9416	5.3715	6
246.65	26.2539	-6.0206	5.3728	6
246.7	26.2538	-5.7566	5.3804	6
246.75	26.2537	-5.7108	5.3916	6
246.8	26.2541	-6.3841	5.4016	6
246.85	26.2538	-6.0491	5.3984	6
246.9	26.2537	-5.7862	5.3982	6
246.95	26.2544	-6.5841	5.3975	6
247	26.2539	-6.115	5.3881	6
247.05	26.2538	-5.7116	5.385	6
247.1	26.2546	-6.6836	5.3704	6
247.15	26.2546	-6.6931	5.3577	6
247.2	26.2544	-6.3516	5.3782	6
247.25	26.2546	-6.6959	5.4087	6
247.3	26.2548	-7.3496	5.4107	6
247.35	26.2543	-6.7187	5.3822	6
247.4	26.2544	-6.6723	5.3764	6
247.45	26.255	-7.3741	5.378	6
247.5	26.2551	-7.4841	5.3934	6
247.55	26.2547	-6.8998	5.3943	6
247.6	26.2554	-7.8109	5.3814	6
247.65	26.2553	-7.7256	5.3915	6
247.7	26.2551	-7.1918	5.3729	6
247.75	26.2555	-7.5773	5.3636	6
247.8	26.2557	-8.0388	5.3834	6
247.85	26.2547	-7.8951	5.3919	6
247.9	26.2544	-8.3333	5.3874	6
247.95	26.2541	-8.5899	5.3669	6
248	26.254	-8.4384	5.3548	6
248.05	26.2539	-8.3362	5.3776	6
248.1	26.2539	-8.5653	5.3756	6
248.15	26.2537	-8.5585	5.3712	6
248.2	26.2537	-8.3613	5.3805	6
248.25	26.254	-8.6841	5.3785	6
248.3	26.2539	-8.5981	5.3799	6
248.35	26.2535	-8.1759	5.3711	6
248.4	26.254	-8.8993	5.3805	6
248.45	26.2536	-8.184	5.3807	6
248.5	26.2538	-8.4875	5.3651	6
248.55	26.2538	-8.6577	5.3826	6
248.6	26.2534	-8.2553	5.3776	6
248.65	26.2535	-8.4276	5.3702	6
248.7	26.2537	-8.5087	5.3658	6
248.75	26.2537	-8.2239	5.3658	6
248.8	26.2533	-7.7778	5.3711	6
248.85	26.2533	-8.1316	5.3695	6
248.9	26.2532	-7.9638	5.3821	6
248.95	26.2532	-7.6865	5.398	6
249	26.2534	-8.0066	5.3899	6
249.05	26.2529	-7.3872	5.3902	6
249.1	26.253	-7.5436	5.3769	6
249.15	26.2529	-7.6377	5.3723	6
249.2	26.2529	-7.4577	5.391	6
249.25	26.2524	-6.7747	5.3936	6
249.3	26.253	-7.6338	5.3845	6
249.35	26.2521	-6.3325	5.3935	6
249.4	26.2527	-6.331	5.3905	6
249.45	26.2531	-6.8317	5.3887	6
249.5	26.2528	-6.2516	5.3747	6
249.55	26.253	-6.1862	5.3804	6
249.6	26.2536	-6.8283	5.3821	6
249.65	26.2532	-6.2179	5.3595	6
249.7	26.2533	-5.9521	5.3649	6
249.75	26.2533	-6.2658	5.38	6
249.8	26.2533	-6.0119	5.3802	6
249.85	26.2532	-5.5924	5.3824	6
249.9	26.2533	-5.8416	5.3931	6
249.95	26.2536	-6.3137	5.3909	6
250	26.253	-5.4747	5.3735	6
250.05	26.2534	-5.953	5.374	6
250.1	26.2534	-5.7006	5.3651	6
250.15	26.2534	-5.2874	5.3514	6
250.2	26.2536	-5.7024	5.3592	6
250.25	26.2541	-7.075	5.3583	6
250.3	26.2528	-5.7108	5.3407	6
250.35	26.2539	-6.7791	5.3422	6
250.4	26.2537	-7.0267	5.3679	6
250.45	26.2534	-6.5724	5.3692	6
250.5	26.253	-6.1779	5.3575	6
250.55	26.2535	-6.9115	5.3801	6
250.6	26.2532	-6.3632	5.4028	6
250.65	26.2536	-6.4946	5.3946	6
250.7	26.2535	-6.3244	5.3884	6
250.75	26.2537	-6.6062	5.3791	6
250.8	26.2532	-5.8163	5.3632	6
250.85	26.2538	-6.3487	5.3478	6
250.9	26.2531	-6.5696	5.3101	6
250.95	26.2529	-6.015	5.2971	6
251	26.2532	-6.0579	5.2938	6
251.05	26.2536	-6.2827	5.2853	6
251.1	26.2533	-5.7519	5.2557	6
251.15	26.2532	-6.022	5.1922	6
251.2	26.253	-6.093	5.1737	6
251.25	26.2527	-5.5497	5.1824	6
251.3	26.253	-6.1035	5.1786	6
251.35	26.2526	-5.9015	5.1854	6
251.4	26.2524	-5.5476	5.1937	6
251.45	26.2528	-6.162	5.1836	6
251.5	26.2528	-6.2091	5.162	6
251.55	26.2528	-6.2495	5.1695	6
251.6	26.2529	-6.1633	5.1971	6
251.65	26.2533	-6.6586	5.187	6
251.7	26.2531	-6.4914	5.1836	6
251.75	26.2531	-6.4203	5.1875	6
251.8	26.2536	-7.1107	5.1794	6
251.85	26.2535	-7.1858	5.1713	6
251.9	26.2533	-6.8828	5.1776	6
251.95	26.2536	-7.2279	5.1804	6
252	26.254	-7.636	5.1801	6
252.05	26.2535	-6.8304	5.1748	6
252.1	26.2538	-7.1518	5.1819	6
252.15	26.2539	-7.2604	5.1903	6
252.2	26.2538	-7.1162	5.1913	6
252.25	26.2535	-6.731	5.1906	6
252.3	26.2539	-7.2298	5.1853	6
252.35	26.2537	-6.9704	5.1758	6
252.4	26.2537	-6.982	5.1664	6
252.45	26.2535	-6.865	5.1707	6
252.5	26.2539	-7.278	5.174	6
252.55	26.2534	-6.7179	5.1577	6
252.6	26.2535	-6.7657	5.1588	6
252.65	26.2537	-7.0315	5.1677	6
252.7	26.2531	-6.312	5.1754	6
252.75	26.2531	-6.341	5.1805	6
252.8	26.253	-6.5905	5.1747	6
252.85	26.2525	-6.0829	5.1803	6
252.9	26.2524	-5.7372	5.1853	6
252.95	26.2527	-5.8681	5.168	6
253	26.2526	-5.4959	5.1655	6
253.05	26.2525	-5.3417	5.1859	6
253.1	26.2523	-5.1893	5.2106	6
253.15	26.2521	-4.8231	5.2156	6
253.2	26.2519	-4.6421	5.206	6
253.25	26.2522	-5.0524	5.1988	6
253.3	26.2517	-4.3491	5.177	6
253.35	26.2517	-4.428	5.1658	6
253.4	26.2514	-4.2469	5.1852	6
253.45	26.2512	-4.1278	5.1821	6
253.5	26.2508	-3.5717	5.1817	6
253.55	26.2511	-3.8721	5.2033	6
253.6	26.2511	-3.7577	5.223	6
253.65	26.2511	-3.2774	5.224	6
253.7	26.2518	-3.2253	5.2017	6
253.75	26.2526	-2.7341	5.1899	6
253.8	26.2529	-2.5333	5.1855	6
253.85	26.2529	-2.7489	5.1786	6
253.9	26.2531	-3.0032	5.1743	6
253.95	26.2532	-3.0869	5.1707	6
254	26.2538	-3.8374	5.1755	6
254.05	26.2537	-3.7252	5.1661	6
254.1	26.2537	-3.9082	5.1647	6
254.15	26.2534	-3.6612	5.1862	6
254.2	26.253	-3.0601	5.192	6
254.25	26.2528	-2.7402	5.1878	6
254.3	26.2526	-3.0186	5.1794	6
254.35	26.2521	-2.3348	5.1768	6
254.4	26.2525	-2.7903	5.1771	6
254.45	26.2524	-2.7627	5.1729	6
254.5	26.2527	-2.9054	5.173	6
254.55	26.2527	-2.85	5.1673	6
254.6	26.2528	-3.075	5.1588	6
254.65	26.2526	-2.7099	5.1735	6
254.7	26.2529	-3.1256	5.1865	6
254.75	26.2528	-3.0245	5.1772	6
254.8	26.2528	-2.9221	5.1833	6
254.85	26.2528	-2.9984	5.1753	6
254.9	26.2528	-3.1854	5.1778	6
254.95	26.2527	-3.0848	5.1954	6
255	26.2529	-3.095	5.1896	6
255.05	26.2527	-2.953	5.192	6
255.1	26.2526	-2.973	5.1906	6
255.15	26.2526	-2.744	5.1816	6
255.2	26.2526	-2.646	5.1995	6
255.25	26.2527	-2.7493	5.1957	6
255.3	26.2525	-2.334	5.1791	6
255.35	26.2528	-3.0319	5.1739	6
255.4	26.2521	-2.3573	5.1949	6
255.45	26.2521	-2.3253	5.1834	6
255.5	26.2524	-2.7252	5.1713	6
255.55	26.2521	-2.0952	5.179	6
255.6	26.2524	-2.3234	5.1943	6
255.65	26.2524	-2.299	5.2098	6
255.7	26.2527	-2.7221	5.2153	6
255.75	26.2527	-2.6916	5.2016	6
255.8	26.2529	-3.0876	5.2062	6
255.85	26.2528	-3.1144	5.1949	6
255.9	26.2527	-2.9569	5.1979	6
255.95	26.2529	-3.1495	5.2092	6
256	26.2527	-3.1611	5.1928	6
256.05	26.2528	-2.7642	5.2011	6
256.1	26.2537	-2.8476	5.1931	6
256.15	26.2535	-3.0148	5.1833	6
256.2	26.2537	-3.0644	5.1914	6
256.25	26.2536	-2.8934	5.1935	6
256.3	26.254	-3.4019	5.1922	6
256.35	26.2537	-3.324	5.1903	6
256.4	26.2534	-3.4877	5.2066	6
256.45	26.2535	-4.0404	5.2218	6
256.5	26.2532	-3.8395	5.1901	6
256.55	26.2533	-3.9429	5.1622	6
256.6	26.2538	-4.3712	5.1783	6
256.65	26.2537	-3.9958	5.1794	6
256.7	26.2538	-3.9868	5.1901	6
256.75	26.2539	-4.1673	5.1996	6
256.8	26.254	-4.3667	5.1938	6
256.85	26.2538	-4.0601	5.1837	6
256.9	26.254	-4.3379	5.1887	6
256.95	26.2541	-4.5782	5.1765	6
257	26.254	-4.3528	5.1647	6
257.05	26.254	-4.4441	5.1806	6
257.1	26.2542	-4.6504	5.2047	6
257.15	26.2541	-4.73	5.1954	6
257.2	26.2542	-4.5741	5.1839	6
257.25	26.2548	-5.1545	5.1917	6
257.3	26.2546	-5.1607	5.1916	6
257.35	26.2544	-4.9575	5.1923	6
257.4	26.2548	-5.259	5.1988	6
257.45	26.2548	-5.419	5.1946	6
257.5	26.2545	-5.1209	5.1781	6
257.55	26.2546	-5.2384	5.1812	6
257.6	26.2546	-5.2536	5.1952	6
257.65	26.2545	-5.1889	5.1943	6
257.7	26.2544	-5.1397	5.1979	6
257.75	26.2548	-5.7332	5.1896	6
257.8	26.2549	-5.8817	5.1957	6
257.85	26.2552	-6.1697	5.2146	6
257.9	26.2556	-6.6299	5.1969	6
257.95	26.2562	-7.2543	5.1998	6
258	26.2555	-6.6323	5.2047	6
258.05	26.2551	-7.3163	5.1932	6
258.1	26.2547	-7.7847	5.1903	6
258.15	26.2537	-6.957	5.1876	6
258.2	26.254	-7.2542	5.1888	6
258.25	26.254	-7.2828	5.1903	6
258.3	26.2537	-7.0042	5.1736	6
258.35	26.2537	-6.9576	5.1926	6
258.4	26.2538	-7.2308	5.2053	6
258.45	26.2538	-7.024	5.1776	6
258.5	26.254	-7.0884	5.1733	6
258.55	26.2538	-7.0402	5.1612	6
258.6	26.2541	-7.4237	5.1525	6
258.65	26.2536	-6.8158	5.154	6
258.7	26.2537	-7.1797	5.1667	6
258.75	26.2538	-7.3275	5.1826	6
258.8	26.2539	-7.2248	5.1829	6
258.85	26.2536	-7.0281	5.1779	6
258.9	26.2542	-7.8394	5.1657	6
258.95	26.2539	-7.4278	5.1675	6
259	26.2539	-7.4449	5.1753	6
259.05	26.2538	-7.4996	5.1913	6
259.1	26.2538	-7.4053	5.1963	6
259.15	26.2535	-7.2014	5.1848	6
259.2	26.2536	-7.4425	5.1635	6
259.25	26.2537	-7.6784	5.1725	6
259.3	26.2535	-7.2086	5.1753	6
259.35	26.2536	-7.2875	5.1636	6
259.4	26.2539	-7.5843	5.1711	6
259.45	26.2537	-7.1677	5.1827	6
259.5	26.2536	-7.0902	5.1886	6
259.55	26.2538	-7.3784	5.1775	6
259.6	26.2535	-7.0382	5.1703	6
259.65	26.2536	-7.0233	5.1652	6
259.7	26.2539	-7.4391	5.1815	6
259.75	26.2534	-6.9961	5.1879	6
259.8	26.2531	-6.7016	5.1637	6
259.85	26.2537	-7.2559	5.1643	6
259.9	26.2535	-7.0326	5.1833	6
259.95	26.2533	-6.7983	5.1867	6
260	26.2531	-6.7995	5.1974	6
260.05	26.2535	-7.2039	5.1944	6
260.1	26.2534	-6.8393	5.1808	6
260.15	26.253	-6.3683	5.1855	6
260.2	26.2534	-6.8692	5.1794	6
260.25	26.2532	-6.4377	5.1734	6
260.3	26.2529	-6.0739	5.1892	6
260.35	26.253	-6.4073	5.179	6
260.4	26.2529	-6.2548	5.1837	6
260.45	26.2527	-5.8988	5.162	6
260.5	26.2527	-6.101	5.1425	6
260.55	26.2525	-6.075	5.1581	6
260.6	26.2525	-5.701	5.1617	6
260.65	26.2527	-5.872	5.166	6
260.7	26.2528	-6.168	5.1575	6
260.75	26.2525	-5.9088	5.1635	6
260.8	26.2527	-6.1732	5.1661	6
260.85	26.2526	-6.1845	5.1545	6
260.9	26.2527	-6.1622	5.1543	6
260.95	26.2528	-6.0965	5.1453	6
261	26.2529	-6.2331	5.1483	6
261.05	26.2529	-5.658	5.1674	6
261.1	26.2531	-6.0083	5.1611	6
261.15	26.2529	-5.863	5.1616	6
261.2	26.2534	-5.1456	5.1492	6
261.25	26.2535	-5.2794	5.1401	6
261.3	26.2537	-5.4375	5.1482	6
261.35	26.2535	-5.1943	5.1546	6
261.4	26.2537	-5.4677	5.1608	6
261.45	26.2537	-5.4194	5.1701	6
261.5	26.2535	-5.3367	5.1558	6
261.55	26.2536	-5.5817	5.1557	6
261.6	26.2534	-5.345	5.1462	6
261.65	26.2534	-5.2996	5.1727	6
261.7	26.2533	-5.2479	5.1881	6
261.75	26.253	-4.8352	5.1686	6
261.8	26.2531	-4.6361	5.1615	6
261.85	26.2532	-4.5662	5.1704	6
261.9	26.2531	-4.313	5.1528	6
261.95	26.2535	-4.6571	5.1479	6
262	26.2531	-4.3967	5.1481	6
262.05	26.2533	-4.5823	5.1506	6
262.1	26.2534	-4.5458	5.1528	6
262.15	26.2535	-4.5173	5.1636	6
262.2	26.2535	-4.4027	5.1635	6
262.25	26.2535	-3.9749	5.1533	6
262.3	26.254	-4.6589	5.1671	6
262.35	26.2531	-4.4924	5.1596	6
262.4	26.2531	-4.2649	5.1469	6
262.45	26.2534	-4.6699	5.1506	6
262.5	26.2531	-4.2584	5.1484	6
262.55	26.2534	-4.2473	5.1475	6
262.6	26.2537	-4.6148	5.1548	6
262.65	26.2537	-4.7215	5.1573	6
262.7	26.2536	-4.5569	5.1715	6
262.75	26.2536	-5.064	5.1646	6
262.8	26.2535	-4.8667	5.1438	6
262.85	26.2534	-4.5449	5.1502	6
262.9	26.2535	-4.7855	5.1589	6
262.95	26.2534	-4.4954	5.1693	6
263	26.2535	-4.3195	5.1667	6
263.05	26.2533	-4.4768	5.1708	6
263.1	26.2535	-4.6335	5.1743	6
263.15	26.2531	-4.0859	5.1765	6
263.2	26.2538	-4.2921	5.1574	6
263.25	26.2533	-4.3365	5.1539	6
263.3	26.2533	-4.2651	5.1611	6
263.35	26.2535	-4.4997	5.1676	6
263.4	26.2535	-4.4308	5.1672	6
263.45	26.2533	-4.2789	5.1506	6
263.5	26.2534	-4.458	5.1476	6
263.55	26.2534	-4.4893	5.1581	6
263.6	26.2532	-4.2908	5.1675	6
263.65	26.2536	-4.3507	5.1696	6
263.7	26.2534	-4.3957	5.1597	6
263.75	26.2534	-4.3181	5.144	6
263.8	26.2535	-3.8749	5.1427	6
263.85	26.2536	-4.1287	5.1525	6
263.9	26.2535	-4.1771	5.163	6
263.95	26.2533	-4.0269	5.1769	6
264	26.2536	-4.1649	5.1661	6
264.05	26.2536	-4.3324	5.1555	6
264.1	26.2533	-4.1162	5.1542	6
264.15	26.2533	-4.0407	5.1491	6
264.2	26.2535	-4.1235	5.1532	6
264.25	26.2536	-4.303	5.1594	6
264.3	26.253	-3.7972	5.174	6
264.35	26.2535	-4.2482	5.1886	6
264.4	26.253	-3.8537	5.1787	6
264.45	26.253	-3.6433	5.1818	6
264.5	26.2532	-3.6129	5.1768	6
264.55	26.2535	-3.52	5.1613	6
264.6	26.2535	-3.3857	5.1543	6
264.65	26.2535	-3.3675	5.1601	6
264.7	26.2535	-3.5189	5.1873	6
264.75	26.2534	-3.2235	5.1881	6
264.8	26.2537	-3.0033	5.1884	6
264.85	26.2536	-3.2155	5.1922	6
264.9	26.253	-3.1525	5.1697	6
264.95	26.2534	-3.4615	5.1684	6
265	26.2533	-3.2551	5.1804	6
265.05	26.2535	-2.9416	5.1771	6
265.1	26.2534	-2.9139	5.1829	6
265.15	26.2534	-3.05	5.1857	6
265.2	26.2531	-2.639	5.1805	6
265.25	26.2536	-3.2684	5.1873	6
265.3	26.2537	-3.5245	5.1714	6
265.35	26.2537	-3.2899	5.1661	6
265.4	26.2539	-4.334	5.1665	6
265.45	26.2535	-4.9376	5.175	6
265.5	26.2533	-4.144	5.1812	6
265.55	26.2537	-4.4626	5.1673	6
265.6	26.2535	-5.4931	5.1754	6
265.65	26.2531	-4.9999	5.1965	6
265.7	26.2536	-4.6428	5.2002	6
265.75	26.2538	-5.6634	5.1861	6
265.8	26.2533	-5.5773	5.1683	6
265.85	26.2535	-5.4879	5.1676	6
265.9	26.2536	-5.7836	5.1828	6
265.95	26.2539	-6.3331	5.1786	6
266	26.2535	-5.8667	5.1687	6
266.05	26.2537	-6.1972	5.1693	6
266.1	26.2538	-6.4483	5.1776	6
266.15	26.2538	-6.3858	5.1586	6
266.2	26.2536	-6.3641	5.1517	6
266.25	26.2538	-6.5777	5.1775	6
266.3	26.2536	-6.4724	5.1739	6
266.35	26.2534	-6.3562	5.1651	6
266.4	26.2533	-6.1606	5.1772	6
266.45	26.2533	-6.0937	5.1801	6
266.5	26.253	-5.7966	5.1696	6
266.55	26.253	-5.8252	5.1609	6
266.6	26.253	-5.5665	5.1654	6
266.65	26.2531	-5.6819	5.173	6
266.7	26.2531	-5.6266	5.1707	6
266.75	26.2531	-5.0812	5.1596	6
266.8	26.2533	-4.989	5.1524	6
266.85	26.2537	-5.5379	5.1481	6
266.9	26.2532	-5.1048	5.1579	6
266.95	26.2533	-4.7965	5.1562	6
267	26.2537	-5.3568	5.1559	6
267.05	26.2533	-5.1562	5.1525	6
267.1	26.2533	-4.5011	5.1428	6
267.15	26.2538	-5.0074	5.152	6
267.2	26.2533	-5.4188	5.1549	6
267.25	26.253	-4.6611	5.1681	6
267.3	26.2535	-4.8645	5.1659	6
267.35	26.2535	-5.2291	5.1453	6
267.4	26.2534	-4.8269	5.1632	6
267.45	26.2537	-4.9093	5.1709	6
267.5	26.2539	-5.5769	5.171	6
267.55	26.2533	-5.205	5.17	6
267.6	26.2532	-5.1943	5.1665	6
267.65	26.2536	-5.265	5.1643	6
267.7	26.2533	-4.8884	5.1689	6
267.75	26.2533	-4.3771	5.1809	6
267.8	26.2534	-5.1218	5.1757	6
267.85	26.2531	-5.1905	5.1788	6
267.9	26.253	-3.9174	5.1631	6
267.95	26.2539	-4.4744	5.1561	6
268	26.2538	-4.7576	5.1682	6
268.05	26.2535	-4.4608	5.1831	6
268.1	26.2536	-4.7434	5.1827	6
268.15	26.2536	-5.3991	5.1719	6
268.2	26.2534	-4.8797	5.1733	6
268.25	26.2536	-4.8047	5.1764	6
268.3	26.2537	-5.4137	5.1737	6
268.35	26.253	-5.2739	5.1694	6
268.4	26.2529	-4.6134	5.1663	6
268.45	26.2543	-5.531	5.1671	6
268.5	26.2534	-5.0767	5.1768	6
268.55	26.2533	-4.8898	5.1875	6
268.6	26.2538	-5.3571	5.1917	6
268.65	26.2534	-5.4044	5.185	6
268.7	26.253	-4.9007	5.1784	6
268.75	26.2537	-4.8997	5.1871	6
268.8	26.2539	-5.445	5.201	6
268.85	26.2532	-5.0316	5.2175	6
268.9	26.2533	-5.1277	5.2099	6
268.95	26.2534	-5.46	5.1977	6
269	26.2531	-5.15	5.1829	6
269.05	26.2529	-4.2988	5.1574	6
269.1	26.2535	-4.9896	5.1515	6
269.15	26.2531	-4.919	5.1728	6
269.2	26.2531	-4.0393	5.1863	6
269.25	26.2535	-4.3325	5.1783	6
269.3	26.2536	-4.8665	5.1876	6
269.35	26.2532	-4.0855	5.1811	6
269.4	26.2536	-4.1372	5.1688	6
269.45	26.2533	-4.1864	5.1861	6
269.5	26.2534	-3.6955	5.1957	6
269.55	26.2534	-3.9108	5.2014	6
269.6	26.2532	-3.579	5.201	6
269.65	26.2536	-3.4596	5.2076	6
269.7	26.2535	-3.751	5.2018	6
269.75	26.2531	-3.5919	5.1914	6
269.8	26.2531	-3.0063	5.1727	6
269.85	26.2537	-3.5058	5.1717	6
269.9	26.2536	-3.474	5.1687	6
269.95	26.2531	-3.0173	5.1761	6
270	26.2532	-3.0139	5.1682	6
270.05	26.2537	-3.7127	5.169	6
270.1	26.2532	-3.0378	5.1755	6
270.15	26.2533	-2.9045	5.1629	6
270.2	26.2537	-3.4111	5.163	6
270.25	26.2537	-3.7163	5.1652	6
270.3	26.2529	-2.6908	5.1696	6
270.35	26.2536	-3.3926	5.1647	6
270.4	26.2536	-3.7803	5.1512	6
270.45	26.2531	-2.93	5.1662	6
270.5	26.2534	-2.9026	5.1631	6
270.55	26.2536	-3.2641	5.1612	6
270.6	26.2535	-3.3382	5.1665	6
270.65	26.2529	-2.2574	5.1581	6
270.7	26.2535	-2.8066	5.1679	6
270.75	26.2535	-2.7404	5.1631	6
270.8	26.2534	-2.3173	5.1551	6
270.85	26.2535	-2.3513	5.1805	6
270.9	26.2537	-2.9394	5.1765	6
270.95	26.2533	-2.6188	5.1833	6
271	26.2533	-2.4505	5.1961	6
271.05	26.2534	-2.7329	5.1866	6
271.1	26.2532	-2.7178	5.1668	6
271.15	26.2528	-2.0033	5.1495	6
271.2	26.2539	-2.6941	5.1456	6
271.25	26.2537	-2.8999	5.1492	6
271.3	26.2532	-2.4528	5.1537	6
271.35	26.2535	-2.9868	5.151	6
271.4	26.2534	-3.0398	5.1283	6
271.45	26.2533	-2.4091	5.1276	6
271.5	26.2536	-2.7127	5.1337	6
271.55	26.2535	-2.9858	5.1307	6
271.6	26.2531	-2.4661	5.1461	6
271.65	26.2532	-2.333	5.1325	6
271.7	26.2535	-2.9141	5.1317	6
271.75	26.253	-2.3752	5.1542	6
271.8	26.2533	-2.0722	5.1596	6
271.85	26.2537	-2.2626	5.151	6
271.9	26.2537	-2.0822	5.1317	6
271.95	26.2536	-1.8384	5.141	6
272	26.2535	-1.9712	5.1408	6
272.05	26.2534	-2.3059	5.1375	6
272.1	26.2531	-1.9447	5.135	6
272.15	26.2532	-1.8681	5.143	6
272.2	26.2532	-1.7942	5.1487	6
272.25	26.2532	-1.7542	5.1455	6
272.3	26.2529	-1.6068	5.1419	6
272.35	26.253	-1.5157	5.1449	6
272.4	26.253	-1.4791	5.1617	6
272.45	26.253	-1.6839	5.1603	6
272.5	26.253	-1.7668	5.1472	6
272.55	26.253	-1.648	5.1434	6
272.6	26.253	-1.5695	5.1559	6
272.65	26.2526	-1.1361	5.1541	6
272.7	26.2528	-1.2858	5.1667	6
272.75	26.2526	-1.089	5.1658	6
272.8	26.2526	-1.1608	5.1568	6
272.85	26.2525	-1.1221	5.1475	6
272.9	26.2526	-1.1513	5.1438	6
272.95	26.2526	-1.0147	5.1356	6
273	26.2525	-0.9263	5.1301	6
273.05	26.2524	-0.991	5.1405	6
273.1	26.2521	-0.7454	5.1572	6
273.15	26.2518	-0.433	5.1461	6
273.2	26.252	-0.5971	5.1432	6
273.25	26.2518	-0.3207	5.1543	6
273.3	26.2516	-0.1118	5.1527	6
273.35	26.2515	-0.1038	5.1485	6
273.4	26.2515	-0.1993	5.1516	6
273.45	26.2513	0.1538	5.1651	6
273.5	26.2514	0.1987	5.1693	6
273.55	26.2517	-0.0533	5.1624	6
273.6	26.2515	0.0617	5.1473	6
273.65	26.2517	0.6706	5.1398	6
273.7	26.2529	0.7792	5.1425	6
273.75	26.2531	0.9128	5.1469	6
273.8	26.2531	0.7535	5.1535	6
273.85	26.2531	0.7735	5.1429	6
273.9	26.2533	0.6263	5.1218	6
273.95	26.2531	0.8119	5.1219	6
274	26.2532	0.6125	5.1409	6
274.05	26.2534	0.4817	5.1466	6
274.1	26.2534	0.6124	5.1341	6
274.15	26.2534	0.6213	5.1275	6
274.2	26.2535	0.5295	5.1297	6
274.25	26.2533	0.6864	5.1169	6
274.3	26.2535	0.3847	5.1093	6
274.35	26.2532	0.7202	5.107	6
274.4	26.2533	0.6795	5.1117	6
274.45	26.2535	0.4496	5.1332	6
274.5	26.2531	0.79	5.1395	6
274.55	26.253	0.8845	5.1297	6
274.6	26.2535	0.5137	5.1292	6
274.65	26.2533	0.7942	5.1262	6
274.7	26.2533	0.807	5.1238	6
274.75	26.2535	0.4506	5.1367	6
274.8	26.2533	0.5112	5.135	6
274.85	26.2533	0.5486	5.1167	6
274.9	26.2532	0.5807	5.1342	6
274.95	26.2534	0.1149	5.143	6
275	26.2532	0.4397	5.1242	6
275.05	26.2534	0.3273	5.1405	6
275.1	26.2534	0.1294	5.1294	6
275.15	26.2539	-0.4322	5.1157	6
275.2	26.2531	0.4659	5.1341	6
275.25	26.2537	-0.1258	5.141	6
275.3	26.2538	-0.3055	5.1392	6
275.35	26.2535	0.1737	5.1312	6
275.4	26.2533	0.3628	5.1458	6
275.45	26.2539	-0.5331	5.173	6
275.5	26.2535	0.0019	5.1599	6
275.55	26.2535	0.0234	5.1502	6
275.6	26.2536	-0.1831	5.1439	6
275.65	26.2537	-0.2146	5.1381	6
275.7	26.2534	0.1536	5.1494	6
275.75	26.2533	0.1873	5.1549	6
275.8	26.2535	-0.131	5.1444	6
275.85	26.2537	-0.1247	5.1218	6
275.9	26.2535	0.006	5.1252	6
275.95	26.2537	-0.4772	5.1321	8
276	26.2536	-0.4839	5.1214	8
276.05	26.2533	0.0491	5.1319	8
276.1	26.254	-0.0346	5.1203	8
276.15	26.2417	-10.5434	5.1111	8
276.2	26.1706	-65.1678	5.1158	8
276.25	26.0414	-140.2072	5.1259	8
276.3	25.8924	-203.8242	5.1488	8
276.35	25.7322	-254.9988	5.1485	8
276.4	25.5639	-298.1818	5.1354	8
276.45	25.3885	-334.7614	5.1477	8
276.5	25.2068	-365.7732	5.1354	8
276.55	25.019	-391.2855	5.1201	8
276.6	24.8255	-411.0213	5.1157	8
276.65	24.6264	-424.8166	5.1285	8
276.7	24.4218	-431.9405	5.1514	8
276.75	24.2139	-434.1617	5.1492	8
276.8	23.9965	-431.0305	5.1572	8
276.85	23.7766	-425.2226	5.1519	8
276.9	23.5575	-419.9067	5.1505	8
276.95	23.3385	-416.3581	5.1505	8
277	23.1191	-413.7751	5.1365	8
277.05	22.9	-413.0083	5.1363	8
277.1	22.6787	-410.2903	5.1401	8
277.15	22.4585	-410.0641	5.1339	8
277.2	22.2358	-407.8154	5.1351	8
277.25	22.0136	-407.2457	5.1435	8
277.3	21.7893	-404.6314	5.1369	8
277.35	21.5649	-402.5203	5.1402	8
277.4	21.3384	-398.8575	5.1351	8
277.45	21.1119	-395.4812	5.1535	8
277.5	20.8822	-388.555	5.1682	8
277.55	20.6529	-383.3464	5.1559	8
277.6	20.4235	-378.886	5.1584	8
277.65	20.1962	-377.0019	5.1464	8
277.7	19.9666	-373.6121	5.1515	8
277.75	19.7346	-368.3981	5.1558	8
277.8	19.5031	-364.3616	5.1382	8
277.85	19.2717	-360.7414	5.1501	8
277.9	19.0383	-355.7526	5.1501	8
277.95	18.8061	-352.9357	5.1448	8
278	18.5744	-351.9319	5.1416	8
278.05	18.3423	-351.0453	5.1289	8
278.1	18.1091	-349.2746	5.1493	8
278.15	17.875	-346.8214	5.1546	8
278.2	17.6401	-343.7692	5.142	8
278.25	17.404	-339.3608	5.1419	8
278.3	17.1691	-337.0045	5.1362	8
278.35	16.9313	-332.3729	5.1224	8
278.4	16.6923	-326.2206	5.1179	8
278.45	16.4541	-321.1905	5.141	8
278.5	16.2179	-319.2341	5.1625	8
278.55	15.9792	-314.8387	5.1538	8
278.6	15.741	-311.7343	5.1549	8
278.65	15.502	-307.9758	5.1591	8
278.7	15.2621	-303.6631	5.1485	8
278.75	15.0215	-298.8188	5.1531	8
278.8	14.7814	-295.2979	5.1627	8
278.85	14.54	-290.8966	5.1535	8
278.9	14.2983	-286.1392	5.151	8
278.95	14.0573	-282.3085	5.159	8
279	13.8142	-276.4974	5.1478	8
279.05	13.5715	-271.2443	5.1357	8
279.1	13.3304	-268.3901	5.1602	8
279.15	13.0902	-266.7512	5.1664	8
279.2	12.847	-262.0447	5.1582	8
279.25	12.6054	-258.7393	5.1667	8
279.3	12.3629	-254.6353	5.1638	8
279.35	12.1188	-249.9366	5.1624	8
279.4	11.8738	-244.1726	5.1539	8
279.45	11.6297	-239.4801	5.1366	8
279.5	11.3836	-233.2728	5.1331	8
279.55	11.1407	-230.9382	5.1603	8
279.6	10.9212	-228.1702	5.1793	8
279.65	10.7729	-223.7151	5.1741	8
279.7	10.6734	-221.3008	5.1612	8
279.75	10.583	-218.4888	5.16	8
279.8	10.497	-216.4255	5.156	8
279.85	10.4138	-215.4078	5.1507	8
279.9	10.3314	-213.4703	5.16	8
279.95	10.2509	-212.2267	5.156	8
280	10.1716	-211.1603	5.1751	8
280.05	10.0925	-209.5543	5.1803	8
280.1	10.0141	-208.3227	5.1778	8
280.15	9.9353	-206.3248	5.1799	8
280.2	9.8577	-204.9121	5.1585	8
280.25	9.7807	-203.8213	5.1627	8
280.3	9.7036	-202.4108	5.1621	8
280.35	9.627	-201.5883	5.1713	8
280.4	9.5506	-200.9445	5.16	8
280.45	9.4734	-199.1665	5.1313	8
280.5	9.3976	-199.0299	5.1403	8
280.55	9.321	-197.7569	5.1516	8
280.6	9.2445	-196.8249	5.1566	8
280.65	9.1683	-196.2466	5.1622	8
280.7	9.0918	-194.7409	5.149	8
280.75	9.0155	-193.5816	5.1501	8
280.8	8.94	-192.9627	5.166	8
280.85	8.8635	-191.1905	5.1621	8
280.9	8.788	-190.431	5.1731	8
280.95	8.7123	-189.4935	5.1715	8
