Indentation

 + User defined profile

+ User defined profile
   Acquisition rate :	20.0 [Hz]
   Linear load 20.00  µN ; 100.00 µN/min
   Pause in load 2 s
   Linear load 0.00  µN ; 100.00 µN/min
   Pause in load 120 s
   Linear depth 20.00  µm ; 500.00 µm/min
   Pause in depth 120 s
   Linear depth 0.00  µm ; 1000.00 µm/min
+ TTX - UNHT Bio S/N: 1000136751 settings
   Fn contact : 25 µN
   Approach distance : 20 µm
   Approach speed : 100 µm/min
   Retract speed : 200 µm/min
   Retract time : 5 sec
   Dz sensor in large range
   Load in fine range
   FnRef in fine range
   FnRef contactload :500.000 µN
   Stiffness threshold : 1 µN/µm

   X Position :9882.24 µm
   Y Position :39024.97 µm
   Z Position :8219.81 µm

Date :6/9/2026
Time :3:57:45 PM

Analysis n # 1

   Method :	Hertz

Cycle # 1

 + Parameters

  Load Fit [10%,98%]

 + Main results

   EHz=	181.28 	kPa

 + Hypothesis


 + Additional results

   ErHz=	199.21 kPa
   h offset=	-0.01 µm
   R2=	0.98

Cycle # 2

 + Parameters

  Load Fit [10%,98%]

 + Main results

   EHz=	1855.6 	kPa

 + Hypothesis


 + Additional results

   ErHz=	2039.13 kPa
   h offset=	1.88 µm
   R2=	0.98

Analysis n # 2

   Method :	Oliver & Pharr

Cycle # 1

 + Parameters

  Unload Fit [40%,98%]

 + Main results

   HIT=	3.9079 	kPa
   EIT=	281.46 	kPa
   E*=	309.3 	kPa

 + Hypothesis

   !!! Indenter not calibrated !!!
   m out of O&P hypothesis
   Poisson's ratio(nu)=	0.30 

 + Additional results

   HVIT=	0.00039836 	 Vickers
   RIT 1.7E-005/5/2=	-10.81 	%
   nIT=	89.26 %
   Fmax=	16.85 	µN
   hmax=	1.91 	µm
   S=	22.9154 	µN/µm
   F/S²=	0.0321 	µm²/µN
   hc=	1.37 	µm
   hr=	1.17 	µm
   hp=	-25.54 	µm
   m=	37.3389 
   Epsilon=	0.73 
   R2=	1.057
   Ap=	4311.16 	µm²
   Welast=	10.50 pJ
   Wplast=	1.26 pJ
   Wtotal=	11.76 pJ
   Er=	309.3 	kPa

Cycle # 2

 + Parameters

  Unload Fit [40%,98%]

 + Main results

   HIT=	30.468 	kPa
   EIT=	6571 	kPa
   E*=	7220.9 	kPa

 + Hypothesis

   !!! Indenter not calibrated !!!
   m out of O&P hypothesis
   Poisson's ratio(nu)=	0.30 

 + Additional results

   HVIT=	0.0031058 	 Vickers
   CIT 0.0018/2/120=	246.84 	%
   nIT=	2.03 %
   Fmax=	1828.63 	µN
   hmax=	20.15 	µm
   S=	1996.0900 	µN/µm
   F/S²=	0.0005 	µm²/µN
   hc=	19.48 	µm
   hr=	19.23 	µm
   hp=	18.09 	µm
   m=	2.2494 
   Epsilon=	0.73 
   R2=	1.000
   Ap=	60018.05 	µm²
   Welast=	935.79 pJ
   Wplast=	45246.08 pJ
   Wtotal=	46181.88 pJ
   Er=	7220.8 	kPa

Measured values
Time (s)	Pd (µm)	Fn (µN)	FnRef (µN)	SegmentID

0	0	0	5.0867	0
0.05	0.0864	0.7021	5.0782	0
0.1	0.1728	1.6433	5.0914	0
0.15	0.2602	1.1574	5.0879	0
0.2	0.3468	1.4601	5.0916	0
0.25	0.4324	2.7738	5.1084	1
0.3	0.5191	2.5597	5.1003	1
0.35	0.6053	3.0555	5.0895	1
0.4	0.6906	3.8249	5.0936	1
0.45	0.7629	4.3902	5.0925	1
0.5	0.8068	3.8879	5.0745	1
0.55	0.8353	4.2636	5.0858	1
0.6	0.8597	4.6677	5.0901	1
0.65	0.8816	5.0123	5.0924	1
0.7	0.9034	4.295	5.1057	1
0.75	0.9234	4.953	5.1033	1
0.8	0.9424	5.4491	5.1042	1
0.85	0.961	4.694	5.0981	1
0.9	0.9793	5.5295	5.0943	1
0.95	0.9955	5.7782	5.1125	1
1	1.0115	5.5492	5.1005	1
1.05	1.027	5.8609	5.0862	1
1.1	1.0422	5.5983	5.1009	1
1.15	1.0567	6.6135	5.1112	1
1.2	1.0698	6.0737	5.1083	1
1.25	1.0843	6.0557	5.0916	1
1.3	1.0979	6.6821	5.0917	1
1.35	1.1099	7.0532	5.1129	1
1.4	1.1231	6.2143	5.1203	1
1.45	1.135	7.4423	5.1062	1
1.5	1.1462	7.0361	5.1046	1
1.55	1.1581	7.1514	5.1208	1
1.6	1.1699	7.1435	5.1242	1
1.65	1.1805	7.8669	5.1118	1
1.7	1.1916	7.2489	5.1115	1
1.75	1.2029	7.669	5.1033	1
1.8	1.213	7.9821	5.0926	1
1.85	1.2229	7.8686	5.0934	1
1.9	1.2338	7.7234	5.1	1
1.95	1.2432	8.5325	5.1203	1
2	1.2528	8.0804	5.134	1
2.05	1.2639	7.7945	5.1297	1
2.1	1.273	8.9407	5.1183	1
2.15	1.2819	8.4893	5.1185	1
2.2	1.2923	8.1155	5.1097	1
2.25	1.3015	8.9801	5.0907	1
2.3	1.3099	9.0211	5.0829	1
2.35	1.3192	8.5371	5.0913	1
2.4	1.3285	9.1365	5.1208	1
2.45	1.337	9.1439	5.1292	1
2.5	1.3451	9.3816	5.1242	1
2.55	1.3541	9.0934	5.1235	1
2.6	1.3624	9.4792	5.1206	1
2.65	1.3704	9.6671	5.1138	1
2.7	1.3789	9.3902	5.1138	1
2.75	1.3873	9.5153	5.1135	1
2.8	1.3954	10.1225	5.1058	1
2.85	1.4031	9.706	5.1096	1
2.9	1.4116	9.8993	5.1035	1
2.95	1.4191	10.257	5.1046	1
3	1.4268	10.2152	5.1078	1
3.05	1.4345	10.1023	5.1169	1
3.1	1.4422	10.5116	5.1363	1
3.15	1.4496	10.525	5.1299	1
3.2	1.4575	10.5103	5.1249	1
3.25	1.4655	10.4005	5.1333	1
3.3	1.473	10.6494	5.1199	1
3.35	1.4801	10.9139	5.1277	1
3.4	1.4878	10.7104	5.1394	1
3.45	1.4953	10.9904	5.1174	1
3.5	1.5023	11.1144	5.1065	1
3.55	1.5102	10.7355	5.0916	1
3.6	1.5178	11.3381	5.0939	1
3.65	1.5246	11.6125	5.0966	1
3.7	1.5318	11.2286	5.0991	1
3.75	1.5393	11.3431	5.1054	1
3.8	1.5469	11.4443	5.109	1
3.85	1.5536	11.7292	5.1266	1
3.9	1.5607	11.9367	5.1311	1
3.95	1.5675	11.8713	5.1258	1
4	1.5743	12.1275	5.1333	1
4.05	1.5817	11.7375	5.1297	1
4.1	1.5883	12.3482	5.1216	1
4.15	1.5951	12.1682	5.1069	1
4.2	1.6019	12.4223	5.1207	1
4.25	1.6084	12.4387	5.1263	1
4.3	1.6152	12.4546	5.108	1
4.35	1.6221	12.6591	5.1132	1
4.4	1.628	12.8414	5.1115	1
4.45	1.6346	12.5529	5.0861	1
4.5	1.641	12.7815	5.1024	1
4.55	1.6479	12.8703	5.1306	1
4.6	1.6537	13.5787	5.1274	1
4.65	1.6609	12.3608	5.1386	1
4.7	1.6684	13.1864	5.1439	1
4.75	1.6743	13.8318	5.1437	1
4.8	1.6802	13.1959	5.1293	1
4.85	1.6871	13.358	5.125	1
4.9	1.6933	13.8129	5.1301	1
4.95	1.6991	13.7178	5.1222	1
5	1.706	13.4429	5.1182	1
5.05	1.7124	13.8555	5.1238	1
5.1	1.7179	14.3451	5.1329	1
5.15	1.724	13.683	5.1308	1
5.2	1.7313	13.9461	5.1253	1
5.25	1.7368	14.676	5.1306	1
5.3	1.7425	14.161	5.122	1
5.35	1.749	14.0594	5.1182	1
5.4	1.7551	14.6943	5.1288	1
5.45	1.7603	14.914	5.1134	1
5.5	1.7664	14.384	5.1248	1
5.55	1.7721	14.8847	5.1216	1
5.6	1.7776	15.1121	5.1077	2
5.65	1.7827	15.2038	5.1264	2
5.7	1.7889	14.9187	5.1191	2
5.75	1.7942	15.2842	5.1078	2
5.8	1.7994	15.5872	5.1081	2
5.85	1.8044	15.2902	5.1055	2
5.9	1.8097	15.6001	5.1233	2
5.95	1.8147	15.4783	5.1275	2
6	1.8192	15.9048	5.1138	2
6.05	1.824	15.4911	5.1116	2
6.1	1.8288	15.5985	5.1313	2
6.15	1.8329	16.1121	5.1373	2
6.2	1.837	15.5947	5.1224	2
6.25	1.8416	15.7297	5.1167	2
6.3	1.8455	16.1735	5.1235	2
6.35	1.8486	16.1105	5.0978	2
6.4	1.8529	15.6806	5.0968	2
6.45	1.857	15.9818	5.1093	2
6.5	1.8599	16.3785	5.1115	2
6.55	1.8633	16.0697	5.1155	2
6.6	1.8668	16.1069	5.1056	2
6.65	1.8699	16.384	5.0924	2
6.7	1.8726	16.3732	5.105	2
6.75	1.8756	16.0186	5.121	2
6.8	1.879	16.5203	5.1271	2
6.85	1.8814	16.349	5.1323	2
6.9	1.8834	16.8792	5.1396	2
6.95	1.8865	15.8884	5.125	2
7	1.8891	16.7145	5.1347	2
7.05	1.8913	16.6113	5.1454	2
7.1	1.893	16.7483	5.1302	2
7.15	1.8954	16.4188	5.1283	2
7.2	1.8974	16.8669	5.1376	2
7.25	1.8993	16.5699	5.1395	2
7.3	1.9011	16.7758	5.1313	2
7.35	1.9033	16.6002	5.1163	2
7.4	1.9051	16.8667	5.1157	2
7.45	1.9066	16.6192	5.1233	2
7.5	1.9082	16.8913	5.1277	2
7.55	1.909	17.2623	5.1215	2
7.6	1.911	16.3851	5.1244	3
7.65	1.913	16.8476	5.1265	3
7.7	1.9135	17.367	5.1247	3
7.75	1.9144	16.6426	5.1162	3
7.8	1.9164	16.6022	5.1283	3
7.85	1.9171	17.171	5.127	3
7.9	1.9172	17.3464	5.1155	3
7.95	1.9179	16.5806	5.1309	3
8	1.9188	16.9727	5.1326	3
8.05	1.9184	17.3584	5.1286	3
8.1	1.9183	16.6819	5.1155	3
8.15	1.9188	16.6204	5.1053	3
8.2	1.9186	17.2366	5.1086	3
8.25	1.9171	17.1192	5.1103	3
8.3	1.9168	16.6829	5.1153	3
8.35	1.9164	16.8459	5.0963	3
8.4	1.9147	17.027	5.0833	3
8.45	1.9135	16.6748	5.0967	3
8.5	1.9128	16.6539	5.0958	3
8.55	1.9112	16.8192	5.1	3
8.6	1.9094	16.8322	5.1019	3
8.65	1.9076	16.72	5.1001	3
8.7	1.9056	16.6743	5.1032	3
8.75	1.9033	16.6092	5.108	3
8.8	1.9012	16.6092	5.1078	3
8.85	1.899	16.5878	5.0849	3
8.9	1.8967	16.2312	5.0915	3
8.95	1.8949	16.374	5.1124	3
9	1.8919	16.5719	5.0993	3
9.05	1.8893	16.4037	5.09	3
9.1	1.8875	15.7485	5.1152	3
9.15	1.8847	16.6166	5.1074	3
9.2	1.8817	15.9734	5.103	3
9.25	1.8799	15.7189	5.1189	3
9.3	1.8771	16.1411	5.1065	3
9.35	1.8737	16.0132	5.1263	3
9.4	1.8712	15.6259	5.1281	3
9.45	1.8689	15.6976	5.1129	3
9.5	1.8658	15.5921	5.12	3
9.55	1.863	15.6101	5.1244	3
9.6	1.8603	15.4483	5.1173	3
9.65	1.8571	15.6181	5.1274	3
9.7	1.8539	15.4772	5.1167	3
9.75	1.8507	15.199	5.1069	3
9.8	1.8475	15.3794	5.0917	3
9.85	1.8445	15.0206	5.0805	3
9.9	1.8413	15.1297	5.1011	3
9.95	1.8383	15.0227	5.1362	3
10	1.8351	14.6908	5.1466	3
10.05	1.8315	15.2274	5.1253	3
10.1	1.8276	14.9791	5.1189	3
10.15	1.8247	14.3009	5.118	3
10.2	1.8214	15.0283	5.1217	3
10.25	1.8174	14.4141	5.1213	3
10.3	1.8148	14.324	5.1034	3
10.35	1.8108	14.7287	5.1086	3
10.4	1.8074	14.0968	5.094	3
10.45	1.8042	14.2683	5.082	3
10.5	1.8004	14.4122	5.1028	3
10.55	1.7967	13.967	5.0944	3
10.6	1.7933	14.0187	5.0955	3
10.65	1.7898	13.9673	5.0896	3
10.7	1.786	13.9586	5.0952	3
10.75	1.7823	13.7543	5.0925	3
10.8	1.7788	13.6834	5.0611	3
10.85	1.775	13.7731	5.077	3
10.9	1.7711	13.4412	5.0893	3
10.95	1.7675	13.7174	5.0917	3
11	1.7632	13.5771	5.104	3
11.05	1.7593	13.1045	5.0973	3
11.1	1.7554	13.4953	5.0936	3
11.15	1.7512	13.3622	5.0974	3
11.2	1.7475	13.0182	5.0943	3
11.25	1.7434	13.2957	5.1085	3
11.3	1.7392	13.1064	5.1052	3
11.35	1.7351	13.0628	5.089	3
11.4	1.7308	12.9301	5.0817	3
11.45	1.7266	12.9037	5.0741	3
11.5	1.722	12.792	5.0767	3
11.55	1.7181	12.5442	5.0702	3
11.6	1.7139	12.7624	5.0705	3
11.65	1.7091	12.6846	5.088	3
11.7	1.7045	12.5111	5.0836	3
11.75	1.7001	12.3672	5.093	3
11.8	1.6953	12.5862	5.0852	3
11.85	1.6906	12.3175	5.0724	3
11.9	1.687	11.9232	5.0871	3
11.95	1.6824	12.5233	5.0811	3
12	1.6772	12.1692	5.0896	3
12.05	1.6733	11.5059	5.0935	3
12.1	1.6686	12.0896	5.0813	3
12.15	1.6631	12.0929	5.0746	3
12.2	1.6582	11.6976	5.0769	3
12.25	1.6547	11.3102	5.0834	3
12.3	1.6493	12.2233	5.0829	3
12.35	1.6441	11.3669	5.0722	3
12.4	1.6403	11.0161	5.0822	3
12.45	1.6348	11.9577	5.1009	3
12.5	1.6291	11.237	5.0959	3
12.55	1.6246	11.0597	5.09	3
12.6	1.6211	10.6668	5.092	3
12.65	1.6162	11.2796	5.0923	3
12.7	1.6116	10.7534	5.0921	3
12.75	1.6073	10.685	5.085	3
12.8	1.6031	10.5152	5.0849	3
12.85	1.5985	10.7355	5.087	3
12.9	1.594	10.1875	5.0849	3
12.95	1.5899	10.4916	5.0946	3
13	1.5851	10.4102	5.1016	3
13.05	1.5804	10.4044	5.0943	3
13.1	1.576	10.1478	5.0983	3
13.15	1.5712	10.1033	5.1045	3
13.2	1.5666	10.0651	5.0859	3
13.25	1.5619	9.8692	5.0775	3
13.3	1.5571	9.9953	5.0809	3
13.35	1.5528	9.7083	5.0844	3
13.4	1.5488	9.5136	5.0933	3
13.45	1.5434	10.0687	5.0969	3
13.5	1.5386	9.3994	5.0977	3
13.55	1.5331	9.9967	5.097	3
13.6	1.5282	9.2181	5.0876	3
13.65	1.5241	9.1552	5.0982	3
13.7	1.5185	10.0504	5.1111	3
13.75	1.5124	9.2101	5.1093	3
13.8	1.5082	8.9646	5.1117	3
13.85	1.5022	9.8174	5.1074	3
13.9	1.4964	9.0624	5.0986	3
13.95	1.4914	9.0836	5.1034	3
14	1.4853	9.5594	5.0916	3
14.05	1.4795	8.7729	5.093	3
14.1	1.474	9.327	5.0984	3
14.15	1.4684	8.3695	5.0909	3
14.2	1.4628	9.3665	5.0956	3
14.25	1.4562	8.8235	5.09	3
14.3	1.4508	8.8409	5.0803	3
14.35	1.4444	9.011	5.0734	3
14.4	1.438	8.5565	5.0864	3
14.45	1.4319	8.6983	5.0974	3
14.5	1.4255	8.7748	5.0934	3
14.55	1.4191	8.6377	5.0919	3
14.6	1.4131	8.3711	5.0968	3
14.65	1.4073	8.0966	5.1104	3
14.7	1.4009	8.9048	5.1173	3
14.75	1.3929	8.4075	5.1155	3
14.8	1.3872	7.847	5.1176	3
14.85	1.3804	8.6398	5.1191	3
14.9	1.3733	7.9569	5.119	3
14.95	1.3676	7.7911	5.1123	3
15	1.3603	8.4905	5.1303	3
15.05	1.3532	7.6771	5.1371	3
15.1	1.3473	7.5706	5.1204	3
15.15	1.3396	8.1658	5.0894	3
15.2	1.3325	7.676	5.1109	3
15.25	1.3253	7.9099	5.1251	3
15.3	1.3177	7.6536	5.1112	3
15.35	1.3113	7.1751	5.1109	3
15.4	1.3039	8.0531	5.1092	3
15.45	1.296	7.2827	5.1134	3
15.5	1.2896	7.0532	5.1165	3
15.55	1.2819	7.6813	5.1091	3
15.6	1.2745	7.1121	5.1068	3
15.65	1.2677	6.8667	5.1121	3
15.7	1.2604	7.2885	5.1154	3
15.75	1.2519	7.1218	5.1041	3
15.8	1.2453	6.5434	5.1049	3
15.85	1.2385	6.7437	5.1212	3
15.9	1.2302	7.2389	5.1395	3
15.95	1.2231	6.281	5.1476	3
16	1.2161	6.4751	5.125	3
16.05	1.2075	7.2006	5.1123	3
16.1	1.2001	6.0015	5.1237	3
16.15	1.1938	6.085	5.1195	3
16.2	1.1853	7.0627	5.1133	3
16.25	1.1767	6.2647	5.1003	3
16.3	1.1697	5.9223	5.0808	3
16.35	1.162	6.3677	5.1047	3
16.4	1.1534	6.3764	5.1165	3
16.45	1.1457	5.8485	5.1188	3
16.5	1.1375	6.1531	5.1342	3
16.55	1.1283	6.4404	5.1337	3
16.6	1.1203	5.504	5.1246	3
16.65	1.1123	6.0619	5.125	3
16.7	1.1034	6.0028	5.1198	3
16.75	1.0952	5.5124	5.106	3
16.8	1.0866	5.7208	5.0978	3
16.85	1.0778	5.8958	5.1129	3
16.9	1.0697	5.2751	5.1233	3
16.95	1.0611	5.8389	5.1286	3
17	1.0519	5.6046	5.1423	3
17.05	1.043	5.3255	5.1269	3
17.1	1.0342	5.5206	5.122	3
17.15	1.0251	5.347	5.1112	3
17.2	1.0163	5.1056	5.1074	3
17.25	1.0077	5.1128	5.1132	3
17.3	0.9984	5.1951	5.1069	3
17.35	0.989	5.1559	5.1	3
17.4	0.9802	4.7896	5.0896	3
17.45	0.971	5.0486	5.0873	3
17.5	0.9616	4.9122	5.0921	3
17.55	0.9524	4.4928	5.0891	3
17.6	0.9436	4.6556	5.0867	3
17.65	0.9346	4.3682	5.0976	3
17.7	0.9253	4.5384	5.1096	3
17.75	0.9168	4.1646	5.1223	3
17.8	0.9079	3.977	5.1201	3
17.85	0.8996	4.2418	5.096	3
17.9	0.89	4.1624	5.0961	3
17.95	0.8812	3.9648	5.1027	3
18	0.8731	3.81	5.1222	3
18.05	0.8636	3.9121	5.1175	3
18.1	0.854	3.9535	5.1142	3
18.15	0.8446	3.743	5.1201	3
18.2	0.8353	3.7042	5.1175	3
18.25	0.8259	3.874	5.1008	3
18.3	0.8156	3.7758	5.095	3
18.35	0.8057	3.8538	5.1065	3
18.4	0.796	3.5367	5.1293	3
18.45	0.7858	3.6925	5.1283	3
18.5	0.7757	3.4689	5.1341	3
18.55	0.7657	3.5735	5.1262	3
18.6	0.7551	3.7757	5.1109	3
18.65	0.7442	3.4436	5.126	3
18.7	0.7335	3.701	5.1283	3
18.75	0.7224	3.2496	5.1331	3
18.8	0.7127	3.0338	5.1368	3
18.85	0.7017	3.6452	5.136	3
18.9	0.6901	3.4339	5.1314	3
18.95	0.6795	2.8587	5.1331	3
19	0.668	3.4117	5.1269	3
19.05	0.6563	3.3067	5.1088	3
19.1	0.645	2.9478	5.1095	3
19.15	0.6344	2.9383	5.1245	3
19.2	0.6231	3.0272	5.1189	3
19.25	0.6115	2.9244	5.1097	3
19.3	0.6004	2.6491	5.1126	3
19.35	0.589	2.6854	5.1023	3
19.4	0.5779	2.705	5.0993	3
19.45	0.5659	2.9331	5.0925	3
19.5	0.5538	2.5298	5.0808	3
19.55	0.5427	2.501	5.0826	3
19.6	0.5302	2.7565	5.0844	4
19.65	0.5181	2.5392	5.0994	4
19.7	0.5062	2.3925	5.1079	4
19.75	0.4936	2.6486	5.1138	4
19.8	0.4814	2.0823	5.1019	4
19.85	0.4692	2.5832	5.0845	4
19.9	0.4563	2.5421	5.0955	4
19.95	0.4444	1.997	5.1102	4
20	0.4322	2.6821	5.0928	4
20.05	0.4196	2.0314	5.0761	4
20.1	0.4075	2.421	5.0855	4
20.15	0.3959	1.9756	5.1	4
20.2	0.3841	2.0525	5.1099	4
20.25	0.3724	2.1733	5.1044	4
20.3	0.3601	1.9983	5.1123	4
20.35	0.3492	1.957	5.1025	4
20.4	0.3374	2.2191	5.1055	4
20.45	0.3248	2.2823	5.1181	4
20.5	0.3133	1.7301	5.1083	4
20.55	0.3024	1.7863	5.1101	4
20.6	0.2909	2.2418	5.109	4
20.65	0.279	1.7052	5.1283	4
20.7	0.2679	1.9269	5.1259	4
20.75	0.2569	1.6849	5.0942	4
20.8	0.2455	2.1903	5.0955	4
20.85	0.2344	1.4427	5.0995	4
20.9	0.2232	1.8823	5.1065	4
20.95	0.2114	2.0102	5.1085	4
21	0.2005	1.515	5.1018	4
21.05	0.1897	1.6714	5.1046	4
21.1	0.1785	1.8508	5.1059	4
21.15	0.1674	1.7081	5.0937	4
21.2	0.1562	1.6526	5.0969	4
21.25	0.146	1.3892	5.1055	4
21.3	0.1345	2.1217	5.1048	4
21.35	0.1231	1.5346	5.1212	4
21.4	0.1131	1.2166	5.1316	4
21.45	0.1023	1.85	5.1331	4
21.5	0.0907	2.0014	5.1153	4
21.55	0.0806	0.7389	5.1016	4
21.6	0.0706	1.783	5.1028	4
21.65	0.0584	2.0001	5.1068	4
21.7	0.0477	1.118	5.1097	4
21.75	0.0385	1.245	5.1022	4
21.8	0.0273	1.9395	5.1069	4
21.85	0.016	1.6151	5.1154	4
21.9	0.0066	0.6831	5.1036	4
21.95	-0.0032	1.6062	5.0998	4
22	-0.0148	1.888	5.1156	4
22.05	-0.025	0.783	5.1197	4
22.1	-0.0345	1.4117	5.0971	4
22.15	-0.0458	1.9504	5.0777	4
22.2	-0.0569	1.3225	5.0834	4
22.25	-0.0661	0.6944	5.0703	4
22.3	-0.0765	1.6995	5.0677	4
22.35	-0.0883	1.7864	5.0928	4
22.4	-0.0981	0.9029	5.0941	4
22.45	-0.1082	1.4407	5.095	4
22.5	-0.119	1.5747	5.098	4
22.55	-0.129	1.131	5.0953	4
22.6	-0.1381	0.7802	5.108	4
22.65	-0.1489	2.0676	5.1049	4
22.7	-0.1601	1.1675	5.1103	4
22.75	-0.1691	0.6683	5.1204	4
22.8	-0.1789	1.4231	5.1349	4
22.85	-0.1903	1.8492	5.1406	4
22.9	-0.1997	0.5172	5.1263	4
22.95	-0.2088	1.1016	5.114	4
23	-0.2195	1.6799	5.1198	4
23.05	-0.2299	1.0024	5.1096	4
23.1	-0.2392	0.986	5.1034	4
23.15	-0.2493	1.4193	5.1008	4
23.2	-0.2601	1.4665	5.0935	4
23.25	-0.2696	0.8981	5.085	4
23.3	-0.278	0.4941	5.0922	4
23.35	-0.2886	1.8473	5.0898	4
23.4	-0.2994	0.8176	5.0803	4
23.45	-0.3082	0.7257	5.0867	4
23.5	-0.318	1.2999	5.1057	4
23.55	-0.3288	1.4485	5.1101	4
23.6	-0.3378	0.5641	5.0956	4
23.65	-0.3461	0.6709	5.0943	4
23.7	-0.3565	1.7455	5.1041	4
23.75	-0.3666	0.9737	5.0928	4
23.8	-0.3752	0.1703	5.0887	4
23.85	-0.3848	1.8443	5.0977	4
23.9	-0.3958	1.0986	5.0873	4
23.95	-0.4047	0.5492	5.0737	4
24	-0.4141	1.186	5.0836	4
24.05	-0.4257	1.9273	5.0937	4
24.1	-0.435	0.4207	5.0898	4
24.15	-0.4431	0.6085	5.0919	4
24.2	-0.4543	2.0225	5.0835	4
24.25	-0.4643	0.7566	5.0799	4
24.3	-0.4729	0.4358	5.0882	4
24.35	-0.4826	1.5622	5.0863	4
24.4	-0.4939	1.4308	5.0988	4
24.45	-0.503	0.5299	5.1043	4
24.5	-0.5122	1.1732	5.0898	4
24.55	-0.5233	1.5757	5.0937	4
24.6	-0.5328	0.6903	5.1047	4
24.65	-0.5413	0.6834	5.1106	4
24.7	-0.5514	1.535	5.1002	4
24.75	-0.5615	0.8913	5.099	4
24.8	-0.5702	0.6528	5.1114	4
24.85	-0.5796	0.9883	5.0855	4
24.9	-0.5893	1.1621	5.0898	4
24.95	-0.5988	0.8828	5.1036	4
25	-0.608	0.8002	5.0998	4
25.05	-0.6176	1.1204	5.0835	4
25.1	-0.6279	1.0963	5.0869	4
25.15	-0.637	0.6018	5.1044	4
25.2	-0.6457	0.7633	5.0956	4
25.25	-0.6557	1.4667	5.0957	4
25.3	-0.6655	0.6102	5.0884	4
25.35	-0.6743	0.7637	5.0858	4
25.4	-0.6836	1.046	5.0896	4
25.45	-0.6941	1.4488	5.0796	4
25.5	-0.7032	0.3999	5.0739	4
25.55	-0.7123	0.9302	5.0969	4
25.6	-0.7225	1.259	5.112	4
25.65	-0.7321	0.6973	5.1169	4
25.7	-0.7399	0.2463	5.1227	4
25.75	-0.7497	1.6278	5.1261	4
25.8	-0.7604	1.0537	5.1334	4
25.85	-0.7687	0.242	5.125	4
25.9	-0.7777	1.0184	5.1138	4
25.95	-0.7883	1.3164	5.1031	4
26	-0.7976	0.4876	5.085	4
26.05	-0.8059	0.6253	5.0857	4
26.1	-0.8157	1.2352	5.0941	4
26.15	-0.8259	0.9265	5.1056	4
26.2	-0.8346	0.5121	5.0953	4
26.25	-0.8439	1.1097	5.096	4
26.3	-0.8543	1.2851	5.1011	4
26.35	-0.863	0.3202	5.0839	4
26.4	-0.8715	0.7776	5.0997	4
26.45	-0.881	1.1708	5.1197	4
26.5	-0.8913	0.8068	5.1094	4
26.55	-0.8996	0.3104	5.0939	4
26.6	-0.9089	1.2068	5.0871	4
26.65	-0.9189	1.2223	5.0897	4
26.7	-0.9275	0.1195	5.0929	4
26.75	-0.9363	0.9527	5.0971	4
26.8	-0.947	1.373	5.0934	4
26.85	-0.9559	0.3344	5.0907	4
26.9	-0.964	0.4931	5.093	4
26.95	-0.9739	1.3596	5.0922	4
27	-0.9837	0.6067	5.088	4
27.05	-0.992	0.513	5.1047	4
27.1	-1.0012	0.9758	5.1085	4
27.15	-1.0112	0.8998	5.1053	4
27.2	-1.0197	0.2272	5.1132	4
27.25	-1.0283	0.6334	5.1111	4
27.3	-1.038	1.2583	5.1214	4
27.35	-1.0473	0.6306	5.123	4
27.4	-1.0555	0.268	5.1078	4
27.45	-1.064	0.697	5.1168	4
27.5	-1.0737	1.0944	5.1054	4
27.55	-1.082	-0.1367	5.1129	4
27.6	-1.0902	0.9582	5.1252	4
27.65	-1.1005	1.0442	5.1247	4
27.7	-1.109	0.0456	5.1397	4
27.75	-1.1168	0.6471	5.1406	4
27.8	-1.1266	0.826	5.1292	4
27.85	-1.1349	0.2351	5.1141	4
27.9	-1.1425	0.0409	5.1168	4
27.95	-1.1516	1.0406	5.1191	4
28	-1.1603	0.2497	5.1133	4
28.05	-1.1686	0.372	5.1166	4
28.1	-1.1766	0.3782	5.1268	4
28.15	-1.1854	0.5961	5.1104	4
28.2	-1.1934	0.307	5.0962	4
28.25	-1.2013	0.3034	5.0906	4
28.3	-1.2102	0.6798	5.1172	4
28.35	-1.2188	0.2086	5.1287	4
28.4	-1.2267	0.3785	5.102	4
28.45	-1.2355	0.5783	5.0948	4
28.5	-1.244	0.3204	5.106	4
28.55	-1.2519	0.2203	5.113	4
28.6	-1.2601	0.2863	5.1287	4
28.65	-1.2687	0.7358	5.121	4
28.7	-1.2771	-0.0544	5.1154	4
28.75	-1.2849	0.381	5.1253	4
28.8	-1.2934	0.4454	5.126	4
28.85	-1.3022	0.5574	5.1187	4
28.9	-1.3105	0.2911	5.1042	4
28.95	-1.3187	0.3678	5.1235	4
29	-1.3273	0.5316	5.1335	4
29.05	-1.3353	0.3569	5.1227	4
29.1	-1.3439	0.3857	5.1193	4
29.15	-1.3518	0.2875	5.1098	4
29.2	-1.3604	0.7711	5.1173	4
29.25	-1.3692	0.1354	5.1334	4
29.3	-1.3773	0.6102	5.1401	4
29.35	-1.3857	0.1311	5.1444	4
29.4	-1.3948	0.7217	5.1446	4
29.45	-1.4022	-0.0686	5.1469	4
29.5	-1.4114	0.6442	5.1398	4
29.55	-1.4195	0.7651	5.1189	4
29.6	-1.4277	-0.3773	5.1105	4
29.65	-1.4362	1.2459	5.1038	4
29.7	-1.4442	-0.4338	5.1208	4
29.75	-1.4525	0.7372	5.1229	4
29.8	-1.4601	0.0806	5.0999	4
29.85	-1.4688	0.29	5.1167	4
29.9	-1.477	0.543	5.1094	4
29.95	-1.485	0.0137	5.0848	4
30	-1.493	0.2757	5.0963	4
30.05	-1.5012	0.637	5.1144	4
30.1	-1.5097	-0.0799	5.1276	4
30.15	-1.5179	0.6662	5.1328	4
30.2	-1.5263	0.116	5.1355	4
30.25	-1.535	0.8107	5.1237	4
30.3	-1.5432	0.1051	5.1167	4
30.35	-1.5513	0.3179	5.128	4
30.4	-1.5597	0.3676	5.1225	4
30.45	-1.5684	0.4444	5.1298	4
30.5	-1.5764	0.4625	5.1306	4
30.55	-1.585	0.3615	5.1193	4
30.6	-1.5943	0.9202	5.1203	4
30.65	-1.6025	-0.3328	5.1212	4
30.7	-1.6111	1.155	5.1052	4
30.75	-1.6198	0.073	5.101	4
30.8	-1.6286	0.6168	5.0886	4
30.85	-1.6362	0.2458	5.0784	4
30.9	-1.6453	0.5329	5.0788	4
30.95	-1.6527	0.3019	5.0945	4
31	-1.6612	0.126	5.1038	4
31.05	-1.67	1.1823	5.0939	4
31.1	-1.6789	0.0091	5.1074	4
31.15	-1.6869	0.6793	5.112	4
31.2	-1.6958	0.5018	5.0913	4
31.25	-1.7049	0.6393	5.0883	4
31.3	-1.713	0.1923	5.1159	4
31.35	-1.722	0.9498	5.1079	4
31.4	-1.7312	0.4948	5.0862	4
31.45	-1.7393	0.219	5.0999	4
31.5	-1.7479	0.6917	5.1098	4
31.55	-1.7573	0.8074	5.1051	4
31.6	-1.7657	0.0916	5.1076	4
31.65	-1.7747	0.971	5.1084	4
31.7	-1.7838	0.3953	5.1005	4
31.75	-1.7927	0.8252	5.095	4
31.8	-1.8012	0.3869	5.0999	4
31.85	-1.8101	0.6427	5.0903	4
31.9	-1.8188	0.6368	5.0956	4
31.95	-1.8279	0.4924	5.1085	4
32	-1.8366	0.8586	5.1135	4
32.05	-1.8459	0.5946	5.1025	4
32.1	-1.8548	0.6128	5.0947	4
32.15	-1.8639	0.7584	5.1019	4
32.2	-1.8733	0.865	5.1068	4
32.25	-1.8821	0.2549	5.1139	4
32.3	-1.8911	1.0433	5.116	4
32.35	-1.9008	0.7995	5.1162	4
32.4	-1.9092	0.4071	5.119	4
32.45	-1.9184	1.0302	5.1139	4
32.5	-1.928	0.7667	5.1132	4
32.55	-1.9372	0.7209	5.1114	4
32.6	-1.9466	0.7744	5.1058	4
32.65	-1.9557	0.6664	5.1076	4
32.7	-1.9652	1.0404	5.1019	4
32.75	-1.9745	0.4531	5.0981	4
32.8	-1.9835	0.9835	5.0986	4
32.85	-1.993	0.7569	5.0828	4
32.9	-2.0024	0.7674	5.0899	4
32.95	-2.0116	0.831	5.1106	4
33	-2.022	1.1913	5.1075	4
33.05	-2.0307	0.2184	5.1056	4
33.1	-2.0397	1.2236	5.1049	4
33.15	-2.0495	0.6376	5.1087	4
33.2	-2.059	1.0083	5.0951	4
33.25	-2.0685	0.5962	5.0977	4
33.3	-2.0782	1.1811	5.1075	4
33.35	-2.0873	0.6688	5.1026	4
33.4	-2.0963	0.9754	5.1084	4
33.45	-2.106	0.8032	5.1053	4
33.5	-2.1158	0.8747	5.0954	4
33.55	-2.1253	0.6583	5.0914	4
33.6	-2.1342	0.9013	5.0953	4
33.65	-2.1435	0.6351	5.0919	4
33.7	-2.1529	0.9681	5.0986	4
33.75	-2.1622	0.5559	5.1024	4
33.8	-2.1715	1.009	5.1084	4
33.85	-2.1809	0.6762	5.1005	4
33.9	-2.1898	0.7004	5.1102	4
33.95	-2.1995	0.9287	5.115	4
34	-2.2085	0.5578	5.1092	4
34.05	-2.218	0.8337	5.1	4
34.1	-2.2279	0.9661	5.099	4
34.15	-2.2374	0.6582	5.0991	4
34.2	-2.2468	0.8888	5.1062	4
34.25	-2.2563	0.8173	5.0942	4
34.3	-2.2659	0.8484	5.0927	4
34.35	-2.2756	0.9008	5.0927	4
34.4	-2.2846	0.5111	5.0755	4
34.45	-2.2943	1.2497	5.0962	4
34.5	-2.3037	0.4639	5.1036	4
34.55	-2.3134	1.0638	5.0912	4
34.6	-2.323	0.671	5.0879	4
34.65	-2.3326	0.8377	5.0944	4
34.7	-2.3417	0.9424	5.1023	4
34.75	-2.3516	0.7221	5.0883	4
34.8	-2.3605	0.634	5.0686	4
34.85	-2.3699	0.9635	5.0775	4
34.9	-2.3797	0.7192	5.0756	4
34.95	-2.3887	0.6285	5.0729	4
35	-2.3979	0.7454	5.0797	4
35.05	-2.4072	0.7588	5.0757	4
35.1	-2.4168	0.9525	5.078	4
35.15	-2.426	0.5854	5.0639	4
35.2	-2.4352	0.7828	5.0468	4
35.25	-2.4446	0.7041	5.0563	4
35.3	-2.4539	0.6745	5.0563	4
35.35	-2.4626	0.3784	5.0723	4
35.4	-2.4719	1.0389	5.0643	4
35.45	-2.481	0.4447	5.0647	4
35.5	-2.4897	0.6514	5.0702	4
35.55	-2.4987	0.4381	5.0598	4
35.6	-2.508	0.6907	5.0765	4
35.65	-2.5167	0.4138	5.0687	4
35.7	-2.5252	0.4978	5.0751	4
35.75	-2.5337	0.2674	5.0894	4
35.8	-2.5424	0.6508	5.0814	4
35.85	-2.5509	0.0598	5.0632	4
35.9	-2.5592	0.5564	5.0597	4
35.95	-2.5684	0.5483	5.0587	4
36	-2.5769	0.1326	5.0719	4
36.05	-2.5851	0.5414	5.0731	4
36.1	-2.5936	0.1384	5.0724	4
36.15	-2.6017	0.2168	5.0725	4
36.2	-2.6097	0.3058	5.0583	4
36.25	-2.6182	0.2308	5.0673	4
36.3	-2.6262	0.2218	5.0639	4
36.35	-2.635	0.4675	5.058	4
36.4	-2.6437	0.3473	5.061	4
36.45	-2.6519	0.252	5.0623	4
36.5	-2.6605	0.3158	5.0574	4
36.55	-2.6691	0.6804	5.0485	4
36.6	-2.6777	0.1991	5.0645	4
36.65	-2.6856	0.1971	5.0731	4
36.7	-2.6942	0.5187	5.0833	4
36.75	-2.7028	0.2435	5.0819	4
36.8	-2.7102	-0.1326	5.0968	4
36.85	-2.7185	0.4898	5.1097	4
36.9	-2.7274	0.1735	5.0974	4
36.95	-2.7352	0.0043	5.0672	4
37	-2.7426	0.0274	5.0614	4
37.05	-2.7505	0.2651	5.0654	4
37.1	-2.7585	-0.1156	5.059	4
37.15	-2.7656	-0.1222	5.0647	4
37.2	-2.7733	0.1442	5.0598	4
37.25	-2.7814	0.0614	5.0689	4
37.3	-2.7888	-0.1773	5.0602	4
37.35	-2.7968	0.445	5.0543	4
37.4	-2.8049	0.0425	5.0588	4
37.45	-2.8126	0.0682	5.058	4
37.5	-2.8207	0.2955	5.0654	4
37.55	-2.8289	0.134	5.0757	4
37.6	-2.837	0.3535	5.0852	4
37.65	-2.8451	0.0675	5.0753	4
37.7	-2.8535	0.3079	5.0592	4
37.75	-2.8622	0.5095	5.0674	4
37.8	-2.8704	0.1185	5.0811	4
37.85	-2.8787	0.5549	5.082	4
37.9	-2.8874	0.3646	5.0646	4
37.95	-2.8959	0.537	5.0373	4
38	-2.9041	0.2226	5.0314	4
38.05	-2.9126	0.3134	5.0491	4
38.1	-2.9213	0.6202	5.0798	4
38.15	-2.9299	0.1886	5.0727	4
38.2	-2.938	0.2879	5.0483	4
38.25	-2.9466	0.5495	5.0473	4
38.3	-2.9554	0.3466	5.0561	4
38.35	-2.9636	0.1961	5.0588	4
38.4	-2.9723	0.4794	5.0649	4
38.45	-2.9814	0.7412	5.0423	4
38.5	-2.9898	0.1478	5.0461	4
38.55	-2.9983	0.4908	5.0574	4
38.6	-3.0071	0.4531	5.0372	4
38.65	-3.016	0.6071	5.0385	4
38.7	-3.0242	0.1514	5.0341	4
38.75	-3.0326	0.5434	5.0428	4
38.8	-3.0423	0.9331	5.0482	4
38.85	-3.0512	0.3585	5.0453	4
38.9	-3.0594	0.3691	5.051	4
38.95	-3.0683	0.8155	5.0479	4
39	-3.0775	0.5164	5.0477	4
39.05	-3.0855	0.0953	5.0609	4
39.1	-3.0946	0.8944	5.0631	4
39.15	-3.1038	0.6182	5.0613	4
39.2	-3.1121	0.0483	5.0535	4
39.25	-3.1208	0.7974	5.0446	4
39.3	-3.1311	0.7271	5.0468	4
39.35	-3.1396	0.2395	5.0481	4
39.4	-3.1479	0.5639	5.0607	4
39.45	-3.1569	0.7645	5.0776	4
39.5	-3.1659	0.4345	5.065	4
39.55	-3.1746	0.4401	5.0632	4
39.6	-3.184	1.0352	5.0728	4
39.65	-3.1936	0.5632	5.0617	4
39.7	-3.2026	0.5312	5.0587	4
39.75	-3.2118	0.5229	5.0706	4
39.8	-3.2211	0.6743	5.0675	4
39.85	-3.2298	0.4601	5.061	4
39.9	-3.2388	0.802	5.0679	4
39.95	-3.2485	0.8623	5.0859	4
40	-3.2574	0.4182	5.062	4
40.05	-3.2667	0.6881	5.0448	4
40.1	-3.2763	1.0224	5.0589	4
40.15	-3.2858	0.573	5.075	4
40.2	-3.2946	0.5739	5.081	4
40.25	-3.3038	0.6549	5.0804	4
40.3	-3.3134	0.9769	5.092	4
40.35	-3.3226	0.3604	5.1023	4
40.4	-3.3313	0.8468	5.0918	4
40.45	-3.3413	0.8096	5.0861	4
40.5	-3.3502	0.4165	5.0749	4
40.55	-3.3595	0.6466	5.0724	4
40.6	-3.3691	1.0199	5.0636	4
40.65	-3.3782	0.181	5.0769	4
40.7	-3.3869	0.8867	5.079	4
40.75	-3.3965	0.9012	5.0839	4
40.8	-3.4061	0.4871	5.0994	4
40.85	-3.4147	0.4463	5.0933	4
40.9	-3.4244	1.0362	5.0815	4
40.95	-3.434	0.6059	5.09	4
41	-3.4419	0.1823	5.1002	4
41.05	-3.4507	1.0936	5.0923	4
41.1	-3.4605	0.8628	5.0932	4
41.15	-3.4689	0.122	5.085	4
41.2	-3.4781	1.004	5.0778	4
41.25	-3.4884	0.9667	5.0858	4
41.3	-3.4974	0.1501	5.0836	4
41.35	-3.5063	0.6485	5.088	4
41.4	-3.5165	1.0323	5.1003	4
41.45	-3.5252	0.3848	5.1008	4
41.5	-3.5337	0.4043	5.0957	4
41.55	-3.5429	0.8532	5.0889	4
41.6	-3.5523	0.5759	5.072	4
41.65	-3.5609	0.2432	5.082	4
41.7	-3.57	0.711	5.0955	4
41.75	-3.579	0.495	5.0827	4
41.8	-3.5875	0.2916	5.0762	4
41.85	-3.5962	0.5276	5.0744	4
41.9	-3.6054	0.6978	5.0779	4
41.95	-3.6141	0.1836	5.0903	4
42	-3.6226	0.4132	5.0854	4
42.05	-3.6319	0.6462	5.0915	4
42.1	-3.6404	0.1874	5.0859	4
42.15	-3.6485	0.2171	5.0784	4
42.2	-3.6577	0.8196	5.0777	4
42.25	-3.6665	0.0274	5.0638	4
42.3	-3.6742	0.2174	5.0659	4
42.35	-3.6837	0.7671	5.0835	4
42.4	-3.6927	0.251	5.0774	4
42.45	-3.7008	0.1064	5.0709	4
42.5	-3.7094	0.4704	5.0911	4
42.55	-3.718	0.3915	5.0846	4
42.6	-3.7262	0.0605	5.0968	4
42.65	-3.7349	0.5395	5.1092	4
42.7	-3.7436	0.3876	5.1078	4
42.75	-3.7521	0.2458	5.0918	4
42.8	-3.7604	0.3103	5.0637	4
42.85	-3.7694	0.2758	5.0576	4
42.9	-3.7774	0.1567	5.059	4
42.95	-3.7852	0.1871	5.068	4
43	-3.794	0.3644	5.091	4
43.05	-3.8024	0.4033	5.0896	4
43.1	-3.8102	-0.1876	5.0896	4
43.15	-3.8186	0.6387	5.0846	4
43.2	-3.827	-0.1733	5.0852	4
43.25	-3.8349	0.085	5.0851	4
43.3	-3.8427	-0.0251	5.087	4
43.35	-3.8508	0.0268	5.0912	4
43.4	-3.8578	-0.1267	5.095	4
43.45	-3.8662	0.14	5.1023	4
43.5	-3.8743	0.0124	5.092	4
43.55	-3.8822	-0.077	5.0776	4
43.6	-3.8894	-0.1272	5.0881	4
43.65	-3.8972	0.0863	5.0998	4
43.7	-3.9051	-0.135	5.0996	4
43.75	-3.9121	-0.1099	5.1131	4
43.8	-3.9206	0.3155	5.1192	4
43.85	-3.9291	0.0786	5.1056	4
43.9	-3.9365	-0.2443	5.1082	4
43.95	-3.9442	0.2787	5.1161	4
44	-3.9526	-0.0358	5.1151	4
44.05	-3.96	0.05	5.1091	4
44.1	-3.9685	0.2328	5.1132	4
44.15	-3.9767	0.1023	5.1217	4
44.2	-3.985	0.1673	5.1159	4
44.25	-3.993	0.051	5.1087	4
44.3	-4.001	0.1599	5.1023	4
44.35	-4.0089	0.136	5.0979	4
44.4	-4.0165	0.0498	5.0943	4
44.45	-4.0244	0.2061	5.0904	4
44.5	-4.0326	-0.0692	5.0952	4
44.55	-4.0404	0.1421	5.0979	4
44.6	-4.0492	0.4103	5.1075	4
44.65	-4.0573	-0.0078	5.1138	4
44.7	-4.0652	0.2162	5.1122	4
44.75	-4.0731	0.1345	5.1233	4
44.8	-4.0815	0.3276	5.1127	4
44.85	-4.0897	-0.0126	5.1144	4
44.9	-4.0976	0.1982	5.1189	4
44.95	-4.1059	0.1301	5.1014	4
45	-4.1138	0.0427	5.1085	4
45.05	-4.1217	0.1451	5.1283	4
45.1	-4.1299	0.1084	5.107	4
45.15	-4.1379	0.0693	5.0958	4
45.2	-4.1456	0.0023	5.1025	4
45.25	-4.1535	0.1935	5.1128	4
45.3	-4.1621	0.1255	5.1135	4
45.35	-4.17	0.0809	5.1072	4
45.4	-4.1782	0.3188	5.1059	4
45.45	-4.1867	0.0531	5.0994	4
45.5	-4.1946	0.0158	5.1079	4
45.55	-4.203	0.3515	5.1169	4
45.6	-4.2111	-0.0363	5.1161	4
45.65	-4.2184	-0.1648	5.1115	4
45.7	-4.2262	0.0985	5.1038	4
45.75	-4.2341	0.1143	5.1052	4
45.8	-4.242	-0.1911	5.1039	4
45.85	-4.2496	0.1163	5.1058	4
45.9	-4.2576	-0.02	5.1255	4
45.95	-4.2655	0.0879	5.1248	4
46	-4.2737	0.0401	5.1069	4
46.05	-4.2813	-0.193	5.094	4
46.1	-4.2892	0.1458	5.0783	4
46.15	-4.2971	0.0281	5.1066	4
46.2	-4.3043	-0.3866	5.1175	4
46.25	-4.3122	0.3642	5.1068	4
46.3	-4.3204	-0.197	5.0983	4
46.35	-4.3273	-0.4438	5.0993	4
46.4	-4.335	0.3641	5.0971	4
46.45	-4.3426	-0.4291	5.1165	4
46.5	-4.3495	-0.0316	5.1174	4
46.55	-4.3572	-0.06	5.1131	4
46.6	-4.3646	-0.2393	5.1218	4
46.65	-4.3721	-0.0632	5.1219	4
46.7	-4.3797	-0.2588	5.119	4
46.75	-4.387	-0.1102	5.0813	4
46.8	-4.3944	-0.3385	5.0777	4
46.85	-4.4011	-0.4709	5.0907	4
46.9	-4.4085	0.2079	5.1096	4
46.95	-4.4162	-0.4038	5.1161	4
47	-4.4232	-0.253	5.1191	4
47.05	-4.4307	-0.1789	5.128	4
47.1	-4.4382	-0.0608	5.1306	4
47.15	-4.4452	-0.5311	5.1218	4
47.2	-4.4522	-0.2676	5.1165	4
47.25	-4.4601	0.0432	5.12	4
47.3	-4.4669	-0.6613	5.1319	4
47.35	-4.4737	-0.0552	5.1231	4
47.4	-4.4817	0.0664	5.126	4
47.45	-4.4885	-0.6568	5.1401	4
47.5	-4.4959	0.2023	5.1308	4
47.55	-4.504	-0.232	5.1343	4
47.6	-4.5101	-0.6673	5.1446	4
47.65	-4.5178	0.2925	5.1333	4
47.7	-4.5257	-0.158	5.1149	4
47.75	-4.5321	-0.6142	5.1222	4
47.8	-4.5394	0.1697	5.146	4
47.85	-4.5475	-0.2389	5.1632	4
47.9	-4.5547	-0.0651	5.1533	4
47.95	-4.5623	-0.2069	5.1307	4
48	-4.5699	-0.2224	5.1125	4
48.05	-4.5775	-0.1875	5.1169	4
48.1	-4.585	-0.1433	5.1194	4
48.15	-4.5917	-0.1909	5.1337	4
48.2	-4.5987	-0.3854	5.1558	4
48.25	-4.6063	-0.0285	5.1418	4
48.3	-4.6139	-0.3095	5.1331	4
48.35	-4.6212	-0.3869	5.1525	4
48.4	-4.6285	0.051	5.1466	4
48.45	-4.6359	-0.2655	5.1479	4
48.5	-4.6433	-0.1449	5.1438	4
48.55	-4.6507	-0.1283	5.1475	4
48.6	-4.6579	-0.5713	5.1517	4
48.65	-4.6656	0.3895	5.1295	4
48.7	-4.673	-0.5969	5.1349	4
48.75	-4.6795	-0.3413	5.1375	4
48.8	-4.687	-0.0101	5.1253	4
48.85	-4.6944	-0.3643	5.1365	4
48.9	-4.7012	-0.3739	5.1428	4
48.95	-4.7089	-0.0488	5.1571	4
49	-4.7161	-0.2384	5.134	4
49.05	-4.7229	-0.5577	5.1156	4
49.1	-4.7297	-0.1735	5.1322	4
49.15	-4.7372	-0.1402	5.1473	4
49.2	-4.7444	-0.3281	5.1591	4
49.25	-4.7511	-0.3964	5.1301	4
49.3	-4.7588	-0.0594	5.1199	4
49.35	-4.7655	-0.6282	5.1335	4
49.4	-4.7723	-0.2662	5.1341	4
49.45	-4.7799	-0.2943	5.1293	4
49.5	-4.7869	-0.3472	5.1381	4
49.55	-4.7929	-0.8285	5.1227	4
49.6	-4.8001	-0.0137	5.1046	4
49.65	-4.8078	-0.1733	5.1172	4
49.7	-4.8143	-0.8226	5.1208	4
49.75	-4.821	-0.1849	5.1259	4
49.8	-4.8282	-0.3893	5.1284	4
49.85	-4.8347	-0.5899	5.1284	4
49.9	-4.8415	-0.3763	5.1329	4
49.95	-4.8484	-0.3186	5.111	4
50	-4.8545	-0.8491	5.0971	4
50.05	-4.8615	-0.1219	5.099	4
50.1	-4.8681	-0.7588	5.112	4
50.15	-4.8748	-0.4194	5.1098	4
50.2	-4.8816	-0.541	5.1056	4
50.25	-4.8885	-0.422	5.1121	4
50.3	-4.8952	-0.5488	5.1131	4
50.35	-4.9018	-0.4939	5.1228	4
50.4	-4.9083	-0.5894	5.1208	4
50.45	-4.9154	-0.3875	5.1058	4
50.5	-4.9217	-0.7006	5.1013	4
50.55	-4.9284	-0.5504	5.0987	4
50.6	-4.9348	-0.5544	5.1166	4
50.65	-4.9414	-0.4234	5.1174	4
50.7	-4.9478	-0.9836	5.1108	4
50.75	-4.9536	-0.5465	5.1264	4
50.8	-4.9605	-0.5164	5.1264	4
50.85	-4.9666	-0.6017	5.1181	4
50.9	-4.9728	-0.7159	5.1254	4
50.95	-4.9787	-0.5437	5.1237	4
51	-4.9854	-0.7117	5.1252	4
51.05	-4.992	-0.4862	5.1057	4
51.1	-4.9981	-0.8606	5.0981	4
51.15	-5.0042	-0.5749	5.1175	4
51.2	-5.0112	-0.3698	5.1289	4
51.25	-5.0171	-1.1185	5.1377	4
51.3	-5.0235	-0.5821	5.1258	4
51.35	-5.0304	-0.2939	5.1309	4
51.4	-5.0368	-0.8871	5.1134	4
51.45	-5.0426	-0.6534	5.0917	4
51.5	-5.0489	-0.5826	5.1058	4
51.55	-5.0553	-0.5695	5.1101	4
51.6	-5.0626	-0.2751	5.0988	4
51.65	-5.0692	-0.8829	5.1071	4
51.7	-5.0752	-0.5985	5.0951	4
51.75	-5.0813	-0.6022	5.0863	4
51.8	-5.0879	-0.6434	5.0932	4
51.85	-5.0942	-0.6469	5.0932	4
51.9	-5.1006	-0.3816	5.0877	4
51.95	-5.1072	-0.5507	5.0849	4
52	-5.1138	-0.6109	5.0879	4
52.05	-5.1201	-0.7303	5.1044	4
52.1	-5.1269	-0.3328	5.1007	4
52.15	-5.1335	-0.634	5.1005	4
52.2	-5.1399	-0.6433	5.1017	4
52.25	-5.1462	-0.6581	5.0901	4
52.3	-5.1533	-0.3044	5.0973	4
52.35	-5.1595	-0.6215	5.0845	4
52.4	-5.1657	-0.6073	5.0766	4
52.45	-5.1724	-0.4098	5.0609	4
52.5	-5.179	-0.6541	5.0571	4
52.55	-5.1852	-0.5953	5.0715	4
52.6	-5.1919	-0.4327	5.0833	4
52.65	-5.1982	-0.6073	5.0999	4
52.7	-5.2047	-0.4805	5.1106	4
52.75	-5.2114	-0.5954	5.112	4
52.8	-5.2182	-0.3158	5.1193	4
52.85	-5.225	-0.5342	5.1177	4
52.9	-5.2311	-0.6348	5.1147	4
52.95	-5.2378	-0.3562	5.1019	4
53	-5.245	-0.3342	5.1139	4
53.05	-5.2517	-0.4654	5.1339	4
53.1	-5.2587	-0.4089	5.1141	4
53.15	-5.2662	-0.1653	5.1196	4
53.2	-5.2731	-0.6211	5.1284	4
53.25	-5.2798	-0.3499	5.102	4
53.3	-5.2871	-0.0609	5.107	4
53.35	-5.2939	-0.5561	5.1204	4
53.4	-5.3002	-0.5048	5.1152	4
53.45	-5.3071	-0.4162	5.1207	4
53.5	-5.3143	-0.2953	5.1214	4
53.55	-5.3216	-0.2827	5.1075	4
53.6	-5.3279	-0.5698	5.1062	4
53.65	-5.3351	-0.0554	5.097	4
53.7	-5.3425	-0.4079	5.0967	4
53.75	-5.3489	-0.6383	5.0979	4
53.8	-5.356	-0.1349	5.1111	4
53.85	-5.3633	-0.4177	5.1259	4
53.9	-5.3702	-0.2771	5.1118	4
53.95	-5.3773	-0.4112	5.1273	4
54	-5.3843	-0.2015	5.1359	4
54.05	-5.3916	-0.0523	5.1292	4
54.1	-5.3989	-0.4879	5.1263	4
54.15	-5.4058	-0.2543	5.1254	4
54.2	-5.4132	-0.1474	5.1252	4
54.25	-5.4205	-0.3873	5.1061	4
54.3	-5.427	-0.2716	5.1153	4
54.35	-5.4347	-0.1819	5.1094	4
54.4	-5.4417	-0.4113	5.0948	4
54.45	-5.4485	-0.4172	5.1086	4
54.5	-5.4558	-0.2788	5.1147	4
54.55	-5.4632	-0.2321	5.1158	4
54.6	-5.4699	-0.8068	5.1144	4
54.65	-5.4763	-0.1633	5.1095	4
54.7	-5.4839	-0.2054	5.1174	4
54.75	-5.4908	-0.5269	5.1084	4
54.8	-5.4971	-0.5131	5.1037	4
54.85	-5.5045	-0.2126	5.1128	4
54.9	-5.5114	-0.6047	5.1244	4
54.95	-5.5177	-0.6728	5.138	4
55	-5.5245	-0.2658	5.1378	4
55.05	-5.5319	-0.218	5.1253	4
55.1	-5.5383	-0.9149	5.1194	4
55.15	-5.5448	-0.3934	5.1099	4
55.2	-5.5521	-0.213	5.1004	4
55.25	-5.5585	-0.9645	5.11	4
55.3	-5.5643	-0.6702	5.1151	4
55.35	-5.5712	-0.2137	5.1043	4
55.4	-5.5782	-0.5252	5.1025	4
55.45	-5.5839	-0.9309	5.1073	4
55.5	-5.5903	-0.4624	5.1128	4
55.55	-5.5976	-0.452	5.1092	4
55.6	-5.6038	-0.7505	5.1117	4
55.65	-5.6104	-0.6827	5.1126	4
55.7	-5.6168	-0.593	5.1143	4
55.75	-5.6236	-0.4639	5.1015	4
55.8	-5.6297	-0.8456	5.1063	4
55.85	-5.6354	-0.6943	5.1172	4
55.9	-5.6424	-0.5998	5.1257	4
55.95	-5.6484	-0.9564	5.1326	4
56	-5.6547	-0.5447	5.1226	4
56.05	-5.6603	-0.9122	5.0992	4
56.1	-5.6665	-0.6838	5.1006	4
56.15	-5.6727	-0.8537	5.1015	4
56.2	-5.6783	-0.8975	5.1107	4
56.25	-5.6847	-0.5366	5.1137	4
56.3	-5.6906	-1.1962	5.1063	4
56.35	-5.696	-0.7805	5.1295	4
56.4	-5.702	-0.7587	5.1376	4
56.45	-5.7085	-0.8095	5.127	4
56.5	-5.7139	-1.1265	5.1147	4
56.55	-5.72	-0.4962	5.1112	4
56.6	-5.7266	-0.9896	5.1159	4
56.65	-5.7318	-0.9894	5.1079	4
56.7	-5.7378	-0.9424	5.1033	4
56.75	-5.7435	-0.7907	5.1126	4
56.8	-5.7492	-0.9328	5.1135	4
56.85	-5.7539	-1.1961	5.1058	4
56.9	-5.76	-0.4984	5.0955	4
56.95	-5.766	-1.0107	5.0982	4
57	-5.7721	-0.7527	5.1217	4
57.05	-5.7775	-1.3273	5.1168	4
57.1	-5.7832	-0.4566	5.1103	4
57.15	-5.7896	-0.9127	5.108	4
57.2	-5.7946	-1.3587	5.1059	4
57.25	-5.8004	-0.5875	5.1175	4
57.3	-5.8067	-0.8559	5.1279	4
57.35	-5.8123	-0.9989	5.1238	4
57.4	-5.8181	-0.8775	5.1253	4
57.45	-5.824	-0.9852	5.1057	4
57.5	-5.83	-0.6249	5.0927	4
57.55	-5.8358	-1.2808	5.0982	4
57.6	-5.8413	-0.9087	5.1114	4
57.65	-5.8472	-0.7281	5.0981	4
57.7	-5.8526	-1.3244	5.099	4
57.75	-5.8579	-0.8402	5.1041	4
57.8	-5.8638	-0.8106	5.1121	4
57.85	-5.8697	-0.8983	5.1038	4
57.9	-5.8749	-1.1297	5.0978	4
57.95	-5.8812	-0.7456	5.1025	4
58	-5.8867	-1.1222	5.0981	4
58.05	-5.8916	-1.1621	5.0997	4
58.1	-5.8968	-0.9605	5.1024	4
58.15	-5.9025	-0.8766	5.1196	4
58.2	-5.9081	-1.1638	5.116	4
58.25	-5.9138	-0.7844	5.1097	4
58.3	-5.9192	-1.3454	5.1049	4
58.35	-5.9241	-1.0558	5.0984	4
58.4	-5.9302	-0.6268	5.1025	4
58.45	-5.936	-1.2369	5.0871	4
58.5	-5.9403	-1.5676	5.0803	4
58.55	-5.9461	-0.5481	5.1038	4
58.6	-5.9516	-1.3291	5.1148	4
58.65	-5.9561	-1.283	5.1089	4
58.7	-5.962	-0.8409	5.1055	4
58.75	-5.9674	-1.0507	5.1002	4
58.8	-5.9736	-0.8642	5.0996	4
58.85	-5.9783	-1.3977	5.0932	4
58.9	-5.9841	-0.6683	5.0892	4
58.95	-5.9894	-1.272	5.0837	4
59	-5.9941	-1.2226	5.0883	4
59.05	-5.999	-1.2083	5.0844	4
59.1	-6.0049	-0.7097	5.0756	4
59.15	-6.0105	-1.1939	5.098	4
59.2	-6.0158	-1.1432	5.086	4
59.25	-6.0212	-1.2295	5.0718	4
59.3	-6.0264	-0.9949	5.0798	4
59.35	-6.0315	-1.4097	5.1017	4
59.4	-6.0366	-1.0978	5.1089	4
59.45	-6.0409	-1.4192	5.106	4
59.5	-6.0462	-1.1323	5.0966	4
59.55	-6.0513	-1.0066	5.0938	4
59.6	-6.0563	-1.7158	5.0902	4
59.65	-6.0607	-0.8695	5.0851	4
59.7	-6.0663	-1.2048	5.0832	4
59.75	-6.0703	-1.7966	5.0885	4
59.8	-6.0754	-0.7417	5.0982	4
59.85	-6.0802	-1.9947	5.0928	4
59.9	-6.0843	-1.2528	5.086	4
59.95	-6.0886	-1.9549	5.0823	4
60	-6.0926	-1.3424	5.0635	4
60.05	-6.0967	-1.6527	5.0805	4
60.1	-6.1006	-1.8015	5.0913	4
60.15	-6.1051	-1.3197	5.0862	4
60.2	-6.1091	-2.2461	5.0869	4
60.25	-6.1128	-1.2861	5.0762	4
60.3	-6.1177	-1.3584	5.0836	4
60.35	-6.1217	-1.884	5.0891	4
60.4	-6.1261	-1.1244	5.1019	4
60.45	-6.1312	-1.5191	5.1019	4
60.5	-6.1357	-1.2551	5.098	4
60.55	-6.1402	-1.7604	5.0956	4
60.6	-6.1442	-1.4296	5.0809	4
60.65	-6.1488	-1.3696	5.0721	4
60.7	-6.152	-2.1457	5.0829	4
60.75	-6.1558	-1.3695	5.0891	4
60.8	-6.1604	-1.5989	5.0799	4
60.85	-6.1644	-1.7338	5.0927	4
60.9	-6.1675	-1.9371	5.0905	4
60.95	-6.1717	-1.2431	5.0864	4
61	-6.1761	-1.7631	5.0729	4
61.05	-6.1796	-1.7636	5.0768	4
61.1	-6.1842	-1.2308	5.0899	4
61.15	-6.189	-1.503	5.0889	4
61.2	-6.1929	-1.609	5.0773	4
61.25	-6.1973	-1.629	5.064	4
61.3	-6.2019	-1.1672	5.0808	4
61.35	-6.2061	-1.6561	5.0972	4
61.4	-6.2104	-1.4801	5.0883	4
61.45	-6.2151	-1.2556	5.0878	4
61.5	-6.2198	-1.3186	5.0777	4
61.55	-6.2244	-1.3116	5.069	4
61.6	-6.2292	-1.4761	5.0744	4
61.65	-6.2337	-1.4816	5.083	4
61.7	-6.2387	-1.086	5.0883	4
61.75	-6.2427	-1.6911	5.0704	4
61.8	-6.2474	-1.0112	5.0674	4
61.85	-6.2522	-1.6082	5.0887	4
61.9	-6.2569	-0.9918	5.0836	4
61.95	-6.2621	-1.3428	5.0869	4
62	-6.2666	-1.1068	5.1043	4
62.05	-6.271	-1.6907	5.101	4
62.1	-6.2757	-0.8966	5.0947	4
62.15	-6.2811	-1.4535	5.0868	4
62.2	-6.286	-1.0077	5.0886	4
62.25	-6.2911	-1.2774	5.0925	4
62.3	-6.2962	-1.1553	5.0816	4
62.35	-6.3011	-1.219	5.0848	4
62.4	-6.3065	-1.1163	5.0907	4
62.45	-6.3114	-1.2488	5.0924	4
62.5	-6.3164	-0.8939	5.093	4
62.55	-6.3213	-1.3959	5.0805	4
62.6	-6.3261	-0.905	5.0987	4
62.65	-6.3319	-1.2088	5.1004	4
62.7	-6.3365	-1.345	5.0961	4
62.75	-6.3416	-0.9911	5.1105	4
62.8	-6.3471	-1.098	5.1146	4
62.85	-6.3517	-1.2979	5.1161	4
62.9	-6.3566	-1.2274	5.1082	4
62.95	-6.3617	-1.1862	5.113	4
63	-6.3664	-1.3207	5.1005	4
63.05	-6.3713	-1.3003	5.1001	4
63.1	-6.3758	-1.1996	5.1174	4
63.15	-6.3811	-1.1211	5.0984	4
63.2	-6.3864	-1.0947	5.0929	4
63.25	-6.3906	-1.7591	5.0833	4
63.3	-6.3951	-0.9336	5.0787	4
63.35	-6.4002	-1.5008	5.0945	4
63.4	-6.404	-1.4971	5.1059	4
63.45	-6.4093	-0.9582	5.1016	4
63.5	-6.4143	-1.2452	5.105	4
63.55	-6.4192	-1.2764	5.101	4
63.6	-6.4242	-0.8648	5.0779	4
63.65	-6.4298	-1.1024	5.0659	4
63.7	-6.4346	-1.3325	5.0818	4
63.75	-6.4392	-1.2228	5.0939	4
63.8	-6.4445	-1.017	5.0883	4
63.85	-6.4493	-1.3499	5.0955	4
63.9	-6.4532	-1.473	5.1125	4
63.95	-6.4591	-0.9323	5.1141	4
64	-6.4645	-1.0934	5.1205	4
64.05	-6.4691	-1.5868	5.1107	4
64.1	-6.4738	-0.8993	5.0891	4
64.15	-6.4796	-1.118	5.0876	4
64.2	-6.4839	-1.6672	5.0936	4
64.25	-6.4881	-1.0976	5.107	4
64.3	-6.4938	-0.9388	5.1104	4
64.35	-6.4986	-1.4915	5.1102	4
64.4	-6.5031	-1.2714	5.1068	4
64.45	-6.5086	-0.8894	5.0827	4
64.5	-6.5136	-1.375	5.0695	4
64.55	-6.5182	-1.2095	5.0724	4
64.6	-6.5236	-1.1176	5.0762	4
64.65	-6.5287	-1.1663	5.0876	4
64.7	-6.5336	-1.2026	5.072	4
64.75	-6.5391	-0.7644	5.0666	4
64.8	-6.5442	-1.3078	5.0787	4
64.85	-6.5492	-1.0188	5.0803	4
64.9	-6.5551	-0.8138	5.0879	4
64.95	-6.5602	-1.2529	5.0835	4
65	-6.5654	-0.9379	5.0871	4
65.05	-6.5713	-0.6399	5.0885	4
65.1	-6.5773	-0.9864	5.0847	4
65.15	-6.5823	-1.0637	5.0884	4
65.2	-6.5879	-0.894	5.0857	4
65.25	-6.5943	-0.5352	5.0805	4
65.3	-6.5992	-1.4506	5.0994	4
65.35	-6.6045	-0.6337	5.1069	4
65.4	-6.6106	-0.8605	5.1092	4
65.45	-6.6163	-0.9245	5.0959	4
65.5	-6.6223	-0.7746	5.0764	4
65.55	-6.6277	-0.8515	5.0823	4
65.6	-6.6339	-0.7672	5.0855	4
65.65	-6.6397	-0.8337	5.0778	4
65.7	-6.6457	-0.8509	5.0868	4
65.75	-6.6514	-0.7533	5.0934	4
65.8	-6.6566	-1.2635	5.0914	4
65.85	-6.6627	-0.4391	5.0932	4
65.9	-6.6691	-0.7312	5.1068	4
65.95	-6.6743	-1.1458	5.1034	4
66	-6.6802	-0.5551	5.0866	4
66.05	-6.6865	-0.8147	5.0822	4
66.1	-6.6924	-0.6661	5.0618	4
66.15	-6.698	-1.0421	5.0693	4
66.2	-6.7038	-0.542	5.0763	4
66.25	-6.7107	-0.5938	5.067	4
66.3	-6.7165	-0.7993	5.0759	4
66.35	-6.7224	-0.7951	5.0815	4
66.4	-6.7289	-0.4126	5.0942	4
66.45	-6.7347	-0.9059	5.1041	4
66.5	-6.7409	-0.4563	5.0942	4
66.55	-6.7475	-0.5976	5.0915	4
66.6	-6.7535	-0.7621	5.1011	4
66.65	-6.7596	-0.6953	5.1086	4
66.7	-6.7662	-0.4716	5.1016	4
66.75	-6.772	-1.1081	5.093	4
66.8	-6.7774	-0.7794	5.1046	4
66.85	-6.784	-0.4719	5.101	4
66.9	-6.7901	-0.9837	5.0855	4
66.95	-6.7962	-0.7839	5.0977	4
67	-6.8023	-0.7792	5.1214	4
67.05	-6.8087	-0.5227	5.1215	4
67.1	-6.8149	-0.7256	5.1137	4
67.15	-6.8204	-0.8702	5.0957	4
67.2	-6.8268	-0.6505	5.1047	4
67.25	-6.8331	-0.7643	5.1057	4
67.3	-6.8386	-0.8853	5.1089	4
67.35	-6.8446	-0.6964	5.1161	4
67.4	-6.8512	-0.5594	5.0942	4
67.45	-6.8572	-0.7535	5.0913	4
67.5	-6.8631	-0.842	5.1147	4
67.55	-6.8697	-0.5535	5.133	4
67.6	-6.8755	-0.7951	5.1157	4
67.65	-6.8812	-1.0091	5.1016	4
67.7	-6.8874	-0.5331	5.1217	4
67.75	-6.8938	-0.6147	5.1188	4
67.8	-6.8996	-0.9497	5.119	4
67.85	-6.9061	-0.2757	5.119	4
67.9	-6.9134	-0.422	5.1162	4
67.95	-6.9194	-0.9427	5.1214	4
68	-6.9255	-0.3769	5.1152	4
68.05	-6.9324	-0.7378	5.102	4
68.1	-6.938	-1.0016	5.096	4
68.15	-6.9447	-0.2253	5.0919	4
68.2	-6.9518	-0.516	5.1016	4
68.25	-6.9579	-0.9844	5.0978	4
68.3	-6.9639	-0.4706	5.0863	4
68.35	-6.971	-0.436	5.0972	4
68.4	-6.9772	-0.6843	5.0795	4
68.45	-6.9833	-0.6409	5.0773	4
68.5	-6.99	-0.2851	5.0866	4
68.55	-6.9968	-0.5433	5.0884	4
68.6	-7.0033	-0.5228	5.1038	4
68.65	-7.0105	-0.3157	5.1103	4
68.7	-7.0175	-0.5068	5.1122	4
68.75	-7.0239	-0.6492	5.1092	4
68.8	-7.0306	-0.2858	5.0975	4
68.85	-7.0375	-0.7195	5.1011	4
68.9	-7.0441	-0.2956	5.0915	4
68.95	-7.0509	-0.7807	5.1012	4
69	-7.0572	-0.3253	5.0943	4
69.05	-7.0644	-0.2727	5.0824	4
69.1	-7.0711	-0.6485	5.0748	4
69.15	-7.077	-0.5437	5.0703	4
69.2	-7.0843	-0.158	5.0927	4
69.25	-7.0914	-0.5526	5.0989	4
69.3	-7.0976	-0.6925	5.0859	4
69.35	-7.1047	-0.2853	5.0858	4
69.4	-7.1111	-0.6579	5.0866	4
69.45	-7.1179	-0.4621	5.09	4
69.5	-7.1244	-0.4087	5.0864	4
69.55	-7.1317	-0.3545	5.0885	4
69.6	-7.1385	-0.61	5.1076	4
69.65	-7.145	-0.5313	5.0911	4
69.7	-7.1523	-0.3957	5.0757	4
69.75	-7.1589	-0.3514	5.0843	4
69.8	-7.1653	-0.8144	5.0772	4
69.85	-7.1723	-0.0946	5.0709	4
69.9	-7.1791	-0.7393	5.0668	4
69.95	-7.1855	-0.3229	5.0746	4
70	-7.1925	-0.4781	5.0794	4
70.05	-7.1991	-0.4677	5.0655	4
70.1	-7.2057	-0.6485	5.0543	4
70.15	-7.2132	0.1843	5.0592	4
70.2	-7.2202	-0.7638	5.0714	4
70.25	-7.226	-0.5751	5.098	4
70.3	-7.2332	-0.2549	5.0828	4
70.35	-7.2405	-0.2962	5.0635	4
70.4	-7.2469	-0.7562	5.0663	4
70.45	-7.2534	-0.4107	5.0567	4
70.5	-7.2606	-0.1122	5.0741	4
70.55	-7.2668	-0.7114	5.0957	4
70.6	-7.2735	-0.3894	5.0881	4
70.65	-7.2807	-0.2071	5.0905	4
70.7	-7.2884	-0.2876	5.083	4
70.75	-7.2947	-0.8156	5.0885	4
70.8	-7.3019	-0.1429	5.0786	4
70.85	-7.3085	-0.5481	5.0712	4
70.9	-7.3152	-0.5722	5.0784	4
70.95	-7.3219	-0.4504	5.0779	4
71	-7.3286	-0.5992	5.0754	4
71.05	-7.3356	-0.2749	5.0919	4
71.1	-7.3422	-0.8181	5.097	4
71.15	-7.3484	-0.3515	5.0982	4
71.2	-7.3554	-0.568	5.0915	4
71.25	-7.3615	-0.9911	5.0726	4
71.3	-7.3683	-0.0302	5.0631	4
71.35	-7.3751	-0.9397	5.0632	4
71.4	-7.3812	-0.6631	5.056	4
71.45	-7.388	-0.4777	5.0689	4
71.5	-7.3946	-0.7931	5.0718	4
71.55	-7.4001	-0.7721	5.0786	4
71.6	-7.4071	-0.4273	5.0885	4
71.65	-7.4134	-0.8257	5.0862	4
71.7	-7.4195	-0.7549	5.0867	4
71.75	-7.4261	-0.5254	5.0848	4
71.8	-7.4323	-0.8742	5.0796	4
71.85	-7.4382	-0.7807	5.0989	4
71.9	-7.4446	-0.7235	5.1091	4
71.95	-7.4505	-0.8369	5.1036	4
72	-7.4564	-0.6643	5.0933	4
72.05	-7.4626	-1.0018	5.0986	4
72.1	-7.4688	-0.7731	5.0997	4
72.15	-7.4755	-0.4703	5.097	4
72.2	-7.4814	-0.9044	5.1008	4
72.25	-7.4874	-0.6774	5.0987	4
72.3	-7.4943	-0.5219	5.0981	4
72.35	-7.5005	-0.9096	5.0855	4
72.4	-7.5069	-0.7959	5.0663	4
72.45	-7.5134	-0.4849	5.0746	4
72.5	-7.5198	-0.6391	5.0939	4
72.55	-7.5264	-0.6179	5.0938	4
72.6	-7.533	-0.7023	5.0894	4
72.65	-7.5397	-0.5749	5.0903	4
72.7	-7.546	-0.7315	5.0828	4
72.75	-7.5521	-0.719	5.0663	4
72.8	-7.5584	-0.5643	5.068	4
72.85	-7.5643	-1.0204	5.0737	4
72.9	-7.5709	-0.4645	5.0853	4
72.95	-7.5773	-0.8095	5.0967	4
73	-7.584	-0.4291	5.1008	4
73.05	-7.5902	-0.7478	5.1015	4
73.1	-7.5968	-0.5038	5.0816	4
73.15	-7.603	-0.8674	5.0704	4
73.2	-7.6095	-0.3758	5.0926	4
73.25	-7.6165	-0.7086	5.0976	4
73.3	-7.6229	-0.5557	5.1027	4
73.35	-7.6293	-0.8033	5.0912	4
73.4	-7.6359	-0.4606	5.0783	4
73.45	-7.6422	-0.7331	5.0761	4
73.5	-7.6488	-0.3424	5.0768	4
73.55	-7.6554	-0.6213	5.0921	4
73.6	-7.6619	-0.7008	5.0861	4
73.65	-7.6679	-0.6855	5.0824	4
73.7	-7.6749	-0.3027	5.0825	4
73.75	-7.6817	-0.7834	5.077	4
73.8	-7.6873	-0.5548	5.0815	4
73.85	-7.6946	-0.2469	5.0912	4
73.9	-7.7016	-0.4328	5.0772	4
73.95	-7.7081	-0.7779	5.0904	4
74	-7.715	-0.3318	5.102	4
74.05	-7.7222	-0.4617	5.0947	4
74.1	-7.7288	-0.5708	5.0927	4
74.15	-7.735	-0.6718	5.0782	4
74.2	-7.7422	0.0032	5.0815	4
74.25	-7.7493	-0.8779	5.0853	4
74.3	-7.7553	-0.5383	5.0903	4
74.35	-7.7626	-0.2935	5.1019	4
74.4	-7.7699	-0.425	5.0868	4
74.45	-7.7761	-0.7893	5.0876	4
74.5	-7.783	-0.2408	5.1006	4
74.55	-7.7897	-0.4916	5.1096	4
74.6	-7.7964	-0.696	5.1048	4
74.65	-7.8036	-0.3123	5.1115	4
74.7	-7.8104	-0.3366	5.1105	4
74.75	-7.8173	-0.6011	5.0943	4
74.8	-7.8236	-0.5166	5.0844	4
74.85	-7.8306	-0.5255	5.0866	4
74.9	-7.8374	-0.5	5.0989	4
74.95	-7.8437	-0.7574	5.1106	4
75	-7.8506	-0.2763	5.0936	4
75.05	-7.8574	-0.5365	5.0874	4
75.1	-7.8639	-0.6572	5.1033	4
75.15	-7.8712	-0.4409	5.1036	4
75.2	-7.8779	-0.5824	5.0935	4
75.25	-7.8843	-0.6794	5.0923	4
75.3	-7.8908	-0.5177	5.0848	4
75.35	-7.8975	-0.6686	5.0847	4
75.4	-7.9037	-0.5849	5.1079	4
75.45	-7.9107	-0.4944	5.1081	4
75.5	-7.9175	-0.4862	5.1084	4
75.55	-7.9243	-0.4752	5.1086	4
75.6	-7.9309	-0.605	5.093	4
75.65	-7.9373	-0.674	5.0653	4
75.7	-7.9438	-0.5805	5.0748	4
75.75	-7.9511	-0.3918	5.0869	4
75.8	-7.9573	-0.9275	5.0752	4
75.85	-7.9642	-0.3831	5.0837	4
75.9	-7.9708	-0.6269	5.0893	4
75.95	-7.9773	-0.6929	5.0904	4
76	-7.9834	-0.5881	5.0948	4
76.05	-7.9906	-0.5035	5.0678	4
76.1	-7.9971	-0.8881	5.0674	4
76.15	-8.0032	-0.51	5.0626	4
76.2	-8.0105	-0.5319	5.0578	4
76.25	-8.0168	-0.7825	5.0769	4
76.3	-8.023	-0.7347	5.0966	4
76.35	-8.0302	-0.1236	5.0911	4
76.4	-8.0366	-0.9664	5.0821	4
76.45	-8.0427	-0.5899	5.0887	4
76.5	-8.0493	-0.7346	5.0803	4
76.55	-8.0559	-0.5773	5.0605	4
76.6	-8.0619	-0.8633	5.0564	4
76.65	-8.0683	-0.5423	5.0824	4
76.7	-8.0757	-0.4084	5.0921	4
76.75	-8.082	-0.999	5.0938	4
76.8	-8.0882	-0.6154	5.0916	4
76.85	-8.0948	-0.4762	5.0976	4
76.9	-8.1006	-1.2268	5.0943	4
76.95	-8.1064	-0.5651	5.091	4
77	-8.1132	-0.6242	5.1023	4
77.05	-8.1189	-0.9513	5.0973	4
77.1	-8.1253	-0.6505	5.0841	4
77.15	-8.1319	-0.7281	5.0768	4
77.2	-8.1384	-0.6739	5.074	4
77.25	-8.1443	-0.8789	5.1	4
77.3	-8.1504	-0.6393	5.1088	4
77.35	-8.1566	-0.7445	5.0972	4
77.4	-8.1628	-0.8791	5.0916	4
77.45	-8.1686	-0.9308	5.0819	4
77.5	-8.1745	-0.895	5.0686	4
77.55	-8.1803	-0.6808	5.0737	4
77.6	-8.1868	-0.8458	5.0811	4
77.65	-8.1924	-1.0893	5.0736	4
77.7	-8.1985	-0.5056	5.0739	4
77.75	-8.2044	-1.0015	5.0784	4
77.8	-8.2105	-0.7955	5.0758	4
77.85	-8.2165	-0.8523	5.0691	4
77.9	-8.2226	-0.8567	5.0772	4
77.95	-8.2285	-0.8913	5.093	4
78	-8.2344	-0.9298	5.1001	4
78.05	-8.2401	-0.9102	5.0905	4
78.1	-8.2461	-0.8853	5.0854	4
78.15	-8.2519	-0.9929	5.0892	4
78.2	-8.2581	-0.5643	5.0789	4
78.25	-8.2641	-1.3384	5.0844	4
78.3	-8.2697	-0.6276	5.1019	4
78.35	-8.2758	-1.0116	5.093	4
78.4	-8.2812	-1.0222	5.0945	4
78.45	-8.2868	-0.9543	5.105	4
78.5	-8.293	-0.702	5.101	4
78.55	-8.2986	-1.1904	5.1026	4
78.6	-8.3045	-0.8942	5.0946	4
78.65	-8.3099	-1.2522	5.1016	4
78.7	-8.3157	-0.7264	5.1026	4
78.75	-8.3214	-1.2616	5.0969	4
78.8	-8.3263	-1.4793	5.0896	4
78.85	-8.332	-0.4162	5.081	4
78.9	-8.3378	-1.3778	5.093	4
78.95	-8.3424	-1.3077	5.0982	4
79	-8.3485	-0.6944	5.0807	4
79.05	-8.3541	-1.4492	5.09	4
79.1	-8.3589	-1.0638	5.0926	4
79.15	-8.3647	-1.1785	5.1037	4
79.2	-8.3696	-1.2591	5.0967	4
79.25	-8.3747	-1.2877	5.0796	4
79.3	-8.38	-1.2064	5.0909	4
79.35	-8.3851	-1.1158	5.0896	4
79.4	-8.3907	-1.0787	5.0904	4
79.45	-8.396	-1.3176	5.0884	4
79.5	-8.4009	-1.2607	5.0886	4
79.55	-8.4061	-1.2639	5.0916	4
79.6	-8.4108	-1.4766	5.0952	4
79.65	-8.4159	-1.1927	5.0983	4
79.7	-8.4209	-1.422	5.0918	4
79.75	-8.4252	-1.4701	5.0881	4
79.8	-8.4306	-1.1097	5.0918	4
79.85	-8.4358	-1.4093	5.0888	4
79.9	-8.4403	-1.656	5.0909	4
79.95	-8.4449	-1.3479	5.0933	4
80	-8.4498	-1.217	5.0791	4
80.05	-8.4541	-1.7315	5.0883	4
80.1	-8.4584	-1.4231	5.1048	4
80.15	-8.463	-1.4177	5.1126	4
80.2	-8.4682	-1.3483	5.1302	4
80.25	-8.4723	-1.841	5.1286	4
80.3	-8.4769	-1.2871	5.1045	4
80.35	-8.4821	-1.4664	5.0918	4
80.4	-8.4862	-1.7303	5.0929	4
80.45	-8.4906	-1.4194	5.0996	4
80.5	-8.4953	-1.5244	5.1043	4
80.55	-8.4995	-1.7492	5.0999	4
80.6	-8.5035	-1.5593	5.0821	4
80.65	-8.5076	-1.7224	5.0756	4
80.7	-8.512	-1.4954	5.084	4
80.75	-8.5162	-1.8247	5.0944	4
80.8	-8.5201	-1.6399	5.0947	4
80.85	-8.524	-1.8399	5.101	4
80.9	-8.528	-1.7249	5.1092	4
80.95	-8.5319	-1.9132	5.0961	4
81	-8.5358	-1.6788	5.0843	4
81.05	-8.5392	-2.0708	5.0975	4
81.1	-8.5427	-1.9633	5.1014	4
81.15	-8.5468	-1.6997	5.0804	4
81.2	-8.5505	-1.8899	5.0801	4
81.25	-8.5532	-2.1687	5.0866	4
81.3	-8.5571	-1.5244	5.0946	4
81.35	-8.561	-2.2676	5.0936	4
81.4	-8.5636	-2.0886	5.1109	4
81.45	-8.5674	-2.0824	5.1272	4
81.5	-8.5711	-1.8248	5.1073	4
81.55	-8.5748	-1.9881	5.0992	4
81.6	-8.5776	-2.2058	5.1017	4
81.65	-8.5804	-1.9884	5.0838	4
81.7	-8.5836	-2.1911	5.1038	4
81.75	-8.5867	-2.1313	5.1283	4
81.8	-8.5898	-1.994	5.1194	4
81.85	-8.5928	-2.4209	5.1203	4
81.9	-8.5951	-2.2666	5.1066	4
81.95	-8.598	-2.1795	5.1125	4
82	-8.6007	-2.2084	5.1074	4
82.05	-8.6038	-2.0857	5.1008	4
82.1	-8.6067	-2.3499	5.1106	4
82.15	-8.609	-2.3167	5.1193	4
82.2	-8.6114	-2.3957	5.1142	4
82.25	-8.6142	-2.3382	5.1086	4
82.3	-8.6165	-2.5589	5.0811	4
82.35	-8.6195	-2.2504	5.0649	4
82.4	-8.6215	-2.537	5.0834	4
82.45	-8.6239	-2.2117	5.0994	4
82.5	-8.6262	-2.508	5.1114	4
82.55	-8.6291	-2.1015	5.1097	4
82.6	-8.6316	-2.8223	5.1144	4
82.65	-8.6337	-2.3666	5.1127	4
82.7	-8.636	-2.4691	5.1044	4
82.75	-8.6379	-2.5558	5.1144	4
82.8	-8.6397	-2.7043	5.1181	4
82.85	-8.642	-2.2101	5.1355	4
82.9	-8.6442	-2.5857	5.1343	4
82.95	-8.646	-2.6015	5.1326	4
83	-8.6488	-2.3404	5.1328	4
83.05	-8.6507	-2.7504	5.1339	4
83.1	-8.6523	-2.6174	5.1171	4
83.15	-8.6541	-2.8588	5.112	4
83.2	-8.6554	-2.7514	5.0996	4
83.25	-8.6566	-2.8009	5.1029	4
83.3	-8.6586	-2.5198	5.1071	4
83.35	-8.6603	-3.0237	5.1048	4
83.4	-8.6616	-2.6904	5.1204	4
83.45	-8.6634	-2.704	5.1042	4
83.5	-8.665	-2.9137	5.0877	4
83.55	-8.6662	-3.0328	5.0964	4
83.6	-8.6673	-2.6395	5.0962	4
83.65	-8.6691	-2.8884	5.087	4
83.7	-8.6701	-2.9699	5.08	4
83.75	-8.6709	-2.9784	5.0857	4
83.8	-8.6731	-2.381	5.0767	4
83.85	-8.6742	-3.239	5.0736	4
83.9	-8.6753	-2.7065	5.0864	4
83.95	-8.677	-2.7473	5.0846	4
84	-8.6782	-2.9778	5.0965	4
84.05	-8.6793	-2.7999	5.107	4
84.1	-8.6809	-2.7067	5.1112	4
84.15	-8.6821	-2.9816	5.1091	4
84.2	-8.6834	-2.651	5.0801	4
84.25	-8.6853	-2.7926	5.0688	4
84.3	-8.6865	-2.7787	5.0696	4
84.35	-8.6881	-2.634	5.0623	4
84.4	-8.6893	-3.0669	5.0724	4
84.45	-8.6904	-2.6205	5.0839	4
84.5	-8.6924	-2.5216	5.0883	4
84.55	-8.694	-2.8125	5.0906	4
84.6	-8.6952	-2.6624	5.0902	4
84.65	-8.6972	-2.4519	5.0879	4
84.7	-8.6992	-2.7572	5.0835	4
84.75	-8.7002	-2.9428	5.0607	4
84.8	-8.7027	-2.0271	5.0659	4
84.85	-8.7045	-2.9331	5.0843	4
84.9	-8.7055	-2.6427	5.0905	4
84.95	-8.7078	-2.1212	5.0791	4
85	-8.7104	-2.3824	5.0968	4
85.05	-8.712	-2.902	5.0989	4
85.1	-8.7138	-2.1542	5.0971	4
85.15	-8.7167	-2.0564	5.1034	4
85.2	-8.7189	-2.7351	5.1022	4
85.25	-8.7206	-2.1678	5.1	4
85.3	-8.7241	-1.785	5.085	4
85.35	-8.7261	-2.7956	5.0938	4
85.4	-8.728	-2.1709	5.1077	4
85.45	-8.731	-1.9516	5.0872	4
85.5	-8.7335	-2.3088	5.0708	4
85.55	-8.7357	-2.3261	5.0792	4
85.6	-8.7386	-1.9158	5.079	4
85.65	-8.7413	-2.2179	5.0805	4
85.7	-8.7435	-2.2931	5.1005	4
85.75	-8.7464	-1.89	5.1024	4
85.8	-8.75	-1.9546	5.0853	4
85.85	-8.7524	-2.3573	5.0858	4
85.9	-8.755	-1.8828	5.0889	4
85.95	-8.7585	-1.8343	5.0758	4
86	-8.7616	-2.0982	5.0791	4
86.05	-8.7649	-2.074	5.0998	4
86.1	-8.7674	-2.0173	5.1121	4
86.15	-8.7703	-1.8858	5.1145	4
86.2	-8.7732	-1.9087	5.1119	4
86.25	-8.776	-2.1532	5.111	4
86.3	-8.7798	-1.4887	5.119	4
86.35	-8.7834	-2.073	5.1056	4
86.4	-8.7857	-2.1605	5.1005	4
86.45	-8.7891	-1.7589	5.1123	4
86.5	-8.7926	-1.7386	5.111	4
86.55	-8.7951	-2.3044	5.1157	4
86.6	-8.7979	-1.9622	5.1103	4
86.65	-8.8018	-1.5448	5.1156	4
86.7	-8.8051	-2.0459	5.1172	4
86.75	-8.8082	-1.9887	5.1087	4
86.8	-8.8115	-1.8942	5.1269	4
86.85	-8.8145	-2.1161	5.121	4
86.9	-8.8172	-2.0185	5.1106	4
86.95	-8.8205	-1.8068	5.0922	4
87	-8.8238	-2.0842	5.0837	4
87.05	-8.8269	-2.0078	5.0832	4
87.1	-8.8301	-1.7959	5.0886	4
87.15	-8.8333	-1.952	5.1037	4
87.2	-8.8359	-2.2969	5.107	4
87.25	-8.8391	-1.6882	5.114	4
87.3	-8.8429	-1.7893	5.1188	4
87.35	-8.8454	-2.356	5.1069	4
87.4	-8.8487	-1.9551	5.0972	4
87.45	-8.8523	-1.8219	5.1035	4
87.5	-8.8546	-2.4163	5.1021	4
87.55	-8.8574	-1.9243	5.1029	4
87.6	-8.8608	-1.7357	5.0987	4
87.65	-8.8637	-2.3459	5.0896	4
87.7	-8.8664	-1.8347	5.0884	4
87.75	-8.8697	-1.9837	5.0745	4
87.8	-8.873	-2.0734	5.0823	4
87.85	-8.8755	-2.3147	5.0904	4
87.9	-8.8787	-1.6808	5.0937	4
87.95	-8.8819	-2.1295	5.0979	4
88	-8.884	-2.4178	5.0984	4
88.05	-8.8876	-1.6598	5.098	4
88.1	-8.8903	-2.2493	5.1104	4
88.15	-8.8925	-2.5247	5.1018	4
88.2	-8.8954	-1.6758	5.0913	4
88.25	-8.8987	-2.0626	5.0956	4
88.3	-8.9005	-2.5572	5.0993	4
88.35	-8.9034	-1.8716	5.1009	4
88.4	-8.9067	-2.2152	5.1012	4
88.45	-8.909	-2.3912	5.1292	4
88.5	-8.9116	-2.165	5.1287	4
88.55	-8.915	-1.818	5.1098	4
88.6	-8.9173	-2.5937	5.0965	4
88.65	-8.92	-1.9162	5.0952	4
88.7	-8.9228	-2.2672	5.1065	4
88.75	-8.9254	-2.3364	5.1006	4
88.8	-8.9276	-2.4284	5.0713	4
88.85	-8.9304	-1.9624	5.0931	4
88.9	-8.9326	-2.5347	5.1042	4
88.95	-8.9349	-2.1875	5.0997	4
89	-8.9377	-2.3063	5.0972	4
89.05	-8.9397	-2.4111	5.0977	4
89.1	-8.9419	-2.5582	5.0848	4
89.15	-8.9446	-1.9275	5.0863	4
89.2	-8.947	-2.5989	5.0907	4
89.25	-8.9483	-2.6249	5.0963	4
89.3	-8.9508	-2.0438	5.0894	4
89.35	-8.9533	-2.3854	5.1049	4
89.4	-8.9554	-2.4425	5.1092	4
89.45	-8.9576	-2.1835	5.0991	4
89.5	-8.96	-2.6499	5.0885	4
89.55	-8.962	-2.3209	5.0922	4
89.6	-8.9646	-2.4908	5.0953	4
89.65	-8.9667	-2.3674	5.086	4
89.7	-8.9682	-2.806	5.0798	4
89.75	-8.9701	-2.2317	5.0853	4
89.8	-8.9725	-2.4805	5.0763	4
89.85	-8.9743	-2.728	5.0894	4
89.9	-8.976	-2.4053	5.1226	4
89.95	-8.9783	-2.4942	5.1194	4
90	-8.9802	-2.5905	5.1059	4
90.05	-8.9814	-2.7927	5.0913	4
90.1	-8.9836	-2.2954	5.0811	4
90.15	-8.9854	-2.6861	5.0964	4
90.2	-8.9863	-3.0705	5.0971	4
90.25	-8.9881	-2.312	5.1013	4
90.3	-8.9904	-2.6255	5.0915	4
90.35	-8.9916	-2.8532	5.0934	4
90.4	-8.993	-2.6677	5.1072	4
90.45	-8.9944	-2.7924	5.0876	4
90.5	-8.9958	-2.6696	5.0775	4
90.55	-8.9975	-2.7052	5.0755	4
90.6	-8.9987	-2.9006	5.074	4
90.65	-9.0007	-2.3069	5.0892	4
90.7	-9.0022	-3.1015	5.0897	4
90.75	-9.0037	-2.519	5.0913	4
90.8	-9.006	-2.4003	5.0809	4
90.85	-9.007	-3.2743	5.0734	4
90.9	-9.0082	-2.4856	5.0801	4
90.95	-9.0098	-2.7928	5.0856	4
91	-9.0111	-2.7851	5.0831	4
91.05	-9.0125	-2.6577	5.0689	4
91.1	-9.0141	-2.6832	5.0813	4
91.15	-9.0151	-2.9521	5.0888	4
91.2	-9.0161	-2.6962	5.069	4
91.25	-9.0176	-2.7956	5.0824	4
91.3	-9.0193	-2.69	5.0906	4
91.35	-9.0202	-3.0076	5.0857	4
91.4	-9.0218	-2.5885	5.0902	4
91.45	-9.0232	-2.8363	5.0893	4
91.5	-9.0247	-2.5972	5.0826	4
91.55	-9.0262	-2.7356	5.088	4
91.6	-9.0273	-2.917	5.0767	4
91.65	-9.0286	-2.6394	5.0711	4
91.7	-9.0302	-2.8191	5.0839	4
91.75	-9.0312	-2.9649	5.0733	4
91.8	-9.0326	-2.5516	5.0783	4
91.85	-9.0343	-2.7399	5.0907	4
91.9	-9.0353	-2.8391	5.0873	4
91.95	-9.0362	-2.9874	5.0856	4
92	-9.0372	-2.6657	5.0869	4
92.05	-9.0387	-2.8984	5.0907	4
92.1	-9.0399	-2.7264	5.0887	4
92.15	-9.0409	-2.9641	5.0901	4
92.2	-9.0421	-2.7001	5.0824	4
92.25	-9.0432	-3.0721	5.083	4
92.3	-9.044	-2.8759	5.087	4
92.35	-9.0456	-2.6777	5.0844	4
92.4	-9.0463	-2.8941	5.1008	4
92.45	-9.0473	-3.1201	5.1015	4
92.5	-9.0485	-2.7015	5.0853	4
92.55	-9.0492	-3.0918	5.0988	4
92.6	-9.0499	-2.9921	5.1106	4
92.65	-9.0513	-2.7198	5.1041	4
92.7	-9.0524	-2.982	5.1035	4
92.75	-9.053	-3.1645	5.1187	4
92.8	-9.0539	-2.7325	5.1205	4
92.85	-9.0554	-2.8749	5.1258	4
92.9	-9.0555	-3.2841	5.1342	4
92.95	-9.0563	-2.6567	5.1221	4
93	-9.0574	-3.0109	5.1098	4
93.05	-9.0582	-3.135	5.1131	4
93.1	-9.059	-2.9352	5.1219	4
93.15	-9.06	-2.8509	5.1233	4
93.2	-9.0611	-2.7815	5.1188	4
93.25	-9.0619	-3.1273	5.1162	4
93.3	-9.0628	-2.634	5.1221	4
93.35	-9.064	-2.7784	5.1216	4
93.4	-9.0649	-3.0766	5.111	4
93.45	-9.0659	-2.7039	5.0979	4
93.5	-9.0672	-2.8383	5.1126	4
93.55	-9.0685	-2.9384	5.117	4
93.6	-9.0697	-2.8252	5.1006	4
93.65	-9.0713	-2.6738	5.1014	4
93.7	-9.0722	-3.0238	5.1188	4
93.75	-9.0733	-2.6443	5.1226	4
93.8	-9.0745	-2.7226	5.1137	4
93.85	-9.0757	-2.8702	5.1213	4
93.9	-9.0771	-2.4587	5.141	4
93.95	-9.0787	-2.8311	5.1481	4
94	-9.0801	-2.4645	5.1414	4
94.05	-9.0821	-2.6493	5.1154	4
94.1	-9.0831	-2.8782	5.1131	4
94.15	-9.0845	-2.4066	5.1051	4
94.2	-9.0868	-2.381	5.1029	4
94.25	-9.0884	-2.6727	5.1182	4
94.3	-9.0896	-2.7213	5.1229	4
94.35	-9.0923	-1.9078	5.1294	4
94.4	-9.0939	-2.9306	5.1324	4
94.45	-9.0951	-2.7385	5.1233	4
94.5	-9.0973	-1.9034	5.1034	4
94.55	-9.0995	-2.6602	5.0947	4
94.6	-9.1009	-2.5043	5.1139	4
94.65	-9.1029	-2.3484	5.1129	4
94.7	-9.1056	-2.3334	5.1262	4
94.75	-9.1074	-2.3313	5.1345	4
94.8	-9.1086	-2.9835	5.1228	4
94.85	-9.1114	-1.6633	5.114	4
94.9	-9.1132	-2.8787	5.112	4
94.95	-9.1149	-2.3064	5.1237	4
95	-9.1179	-1.8686	5.1315	4
95.05	-9.1201	-2.6287	5.1224	4
95.1	-9.1217	-2.3978	5.108	4
95.15	-9.1244	-1.9489	5.0974	4
95.2	-9.1266	-2.6606	5.1215	4
95.25	-9.1284	-2.2853	5.1493	4
95.3	-9.1307	-2.4217	5.1426	4
95.35	-9.1331	-1.9441	5.1359	4
95.4	-9.1352	-2.5046	5.1328	4
95.45	-9.1377	-2.0365	5.1393	4
95.5	-9.1404	-2.1479	5.1382	4
95.55	-9.1425	-2.7148	5.1247	4
95.6	-9.1449	-2.0389	5.1196	4
95.65	-9.1475	-2.2009	5.1209	4
95.7	-9.1496	-2.3609	5.1124	4
95.75	-9.1521	-1.9822	5.1017	4
95.8	-9.1548	-2.4877	5.0923	4
95.85	-9.1569	-2.0821	5.1088	4
95.9	-9.1591	-2.31	5.1091	4
95.95	-9.1611	-2.4374	5.1071	4
96	-9.1637	-2.0111	5.1163	4
96.05	-9.1661	-2.1769	5.1207	4
96.1	-9.1689	-2.1384	5.1264	4
96.15	-9.1709	-2.5662	5.1258	4
96.2	-9.1736	-1.8591	5.1189	4
96.25	-9.1768	-1.91	5.107	4
96.3	-9.1782	-2.9256	5.1034	4
96.35	-9.1809	-1.5831	5.1006	4
96.4	-9.1839	-2.2537	5.1124	4
96.45	-9.1855	-2.6316	5.1325	4
96.5	-9.1883	-1.677	5.1388	4
96.55	-9.1917	-2.1179	5.1435	4
96.6	-9.1941	-2.3432	5.143	4
96.65	-9.1966	-2.1499	5.1214	4
96.7	-9.1996	-2.0054	5.11	4
96.75	-9.2022	-2.2438	5.1267	4
96.8	-9.2036	-2.6362	5.1134	4
96.85	-9.2062	-1.7811	5.1114	4
96.9	-9.2092	-2.1552	5.1234	4
96.95	-9.2108	-2.6094	5.1203	4
97	-9.2136	-1.6669	5.12	4
97.05	-9.2169	-2.1391	5.1192	4
97.1	-9.2189	-2.3483	5.1054	4
97.15	-9.2216	-1.9895	5.1146	4
97.2	-9.224	-2.2538	5.1272	4
97.25	-9.2269	-2.0183	5.1152	4
97.3	-9.2294	-2.4106	5.101	4
97.35	-9.2318	-2.0333	5.0955	4
97.4	-9.2346	-2.2046	5.0927	4
97.45	-9.2371	-2.279	5.0875	4
97.5	-9.2397	-2.0706	5.1138	4
97.55	-9.2422	-2.452	5.1372	4
97.6	-9.2445	-1.9049	5.1185	4
97.65	-9.247	-2.4905	5.1148	4
97.7	-9.2488	-2.3524	5.1199	4
97.75	-9.2517	-1.7834	5.1327	4
97.8	-9.2539	-2.6309	5.1413	4
97.85	-9.2558	-2.1521	5.1429	4
97.9	-9.2591	-1.808	5.1466	4
97.95	-9.2614	-2.695	5.138	4
98	-9.2633	-2.1115	5.1529	4
98.05	-9.2662	-2.1028	5.1538	4
98.1	-9.2686	-2.348	5.1482	4
98.15	-9.271	-2.2581	5.1412	4
98.2	-9.2735	-2.093	5.1335	4
98.25	-9.2759	-2.2722	5.136	4
98.3	-9.2781	-2.5029	5.1416	4
98.35	-9.2803	-2.0048	5.1253	4
98.4	-9.2829	-2.2717	5.1278	4
98.45	-9.2848	-2.5487	5.1215	4
98.5	-9.2871	-2.1571	5.1023	4
98.55	-9.2901	-2.3705	5.1135	4
98.6	-9.2918	-2.366	5.1094	4
98.65	-9.294	-2.6487	5.104	4
98.7	-9.2964	-2.0837	5.0913	4
98.75	-9.2986	-2.3912	5.1017	4
98.8	-9.3004	-2.5941	5.1181	4
98.85	-9.3023	-2.1464	5.1145	4
98.9	-9.3049	-2.3291	5.1194	4
98.95	-9.3069	-2.5366	5.1212	4
99	-9.3089	-2.3857	5.1109	4
99.05	-9.3116	-2.3553	5.11	4
99.1	-9.3131	-2.602	5.1092	4
99.15	-9.3155	-2.0684	5.1173	4
99.2	-9.3174	-2.5261	5.1254	4
99.25	-9.3192	-2.5049	5.1205	4
99.3	-9.3211	-2.4734	5.1264	4
99.35	-9.3238	-2.0782	5.1386	4
99.4	-9.3258	-2.712	5.1332	4
99.45	-9.3281	-2.1027	5.1201	4
99.5	-9.3305	-2.4874	5.1195	4
99.55	-9.3323	-2.2513	5.1226	4
99.6	-9.3346	-2.3192	5.1086	4
99.65	-9.3371	-2.2172	5.1071	4
99.7	-9.3392	-2.3209	5.1187	4
99.75	-9.3416	-2.0657	5.1211	4
99.8	-9.3438	-2.5245	5.1283	4
99.85	-9.3462	-2.0606	5.1127	4
99.9	-9.349	-2.2683	5.1091	4
99.95	-9.3518	-2.3206	5.12	4
100	-9.3544	-2.2	5.1295	4
100.05	-9.3565	-2.3556	5.1348	4
100.1	-9.3592	-2.0425	5.1397	4
100.15	-9.3615	-2.2888	5.1321	4
100.2	-9.3642	-2.2457	5.1209	4
100.25	-9.3666	-2.0586	5.123	4
100.3	-9.3693	-2.2411	5.1318	4
100.35	-9.3713	-2.452	5.1183	4
100.4	-9.3741	-1.8059	5.1026	4
100.45	-9.3768	-2.3822	5.1021	4
100.5	-9.3791	-2.182	5.1097	4
100.55	-9.3818	-2.2695	5.1189	4
100.6	-9.3845	-2.2729	5.123	4
100.65	-9.3868	-2.0987	5.1278	4
100.7	-9.389	-2.5382	5.117	4
100.75	-9.3914	-1.8542	5.1007	4
100.8	-9.3947	-2.2163	5.0924	4
100.85	-9.3962	-2.6369	5.1066	4
100.9	-9.3985	-1.9446	5.1178	4
100.95	-9.4015	-2.3033	5.1238	4
101	-9.4027	-2.8281	5.1222	4
101.05	-9.4048	-1.9839	5.11	4
101.1	-9.4078	-2.1384	5.1058	4
101.15	-9.4098	-2.3874	5.0942	4
101.2	-9.4123	-2.3316	5.0953	4
101.25	-9.4147	-2.2142	5.1073	4
101.3	-9.4176	-2.1995	5.1047	4
101.35	-9.4198	-2.2982	5.1089	4
101.4	-9.4222	-2.3476	5.1051	4
101.45	-9.4253	-1.9049	5.0959	4
101.5	-9.4279	-2.5292	5.1099	4
101.55	-9.4297	-2.2379	5.1038	4
101.6	-9.4323	-2.1445	5.0966	4
101.65	-9.435	-2.1043	5.1	4
101.7	-9.4376	-2.3349	5.0992	4
101.75	-9.4397	-1.9675	5.1037	4
101.8	-9.4426	-2.299	5.0963	4
101.85	-9.4444	-2.2955	5.0864	4
101.9	-9.4471	-2.2496	5.1007	4
101.95	-9.45	-1.9196	5.1181	4
102	-9.4524	-2.606	5.102	4
102.05	-9.4545	-2.1188	5.0894	4
102.1	-9.458	-1.9079	5.0885	4
102.15	-9.4605	-2.3703	5.0878	4
102.2	-9.4625	-2.5357	5.0885	4
102.25	-9.4649	-2.0074	5.1039	4
102.3	-9.4679	-2.2522	5.101	4
102.35	-9.4692	-2.8012	5.09	4
102.4	-9.4712	-2.2688	5.0982	4
102.45	-9.4741	-2.0316	5.0984	4
102.5	-9.4757	-3.0588	5.0952	4
102.55	-9.4767	-2.4506	5.095	4
102.6	-9.4789	-2.4317	5.1086	4
102.65	-9.4802	-2.7614	5.0997	4
102.7	-9.4817	-2.6748	5.089	4
102.75	-9.4835	-2.4722	5.0936	4
102.8	-9.4856	-2.5769	5.0898	4
102.85	-9.4868	-2.8888	5.0943	4
102.9	-9.4889	-2.1796	5.102	4
102.95	-9.4905	-2.9187	5.091	4
103	-9.4917	-2.4839	5.0926	4
103.05	-9.4937	-2.5045	5.1041	4
103.1	-9.4953	-2.7988	5.0968	4
103.15	-9.4966	-2.5612	5.1025	4
103.2	-9.4991	-2.4367	5.0955	4
103.25	-9.5007	-2.6189	5.0922	4
103.3	-9.502	-2.9415	5.0963	4
103.35	-9.5035	-2.4399	5.0924	4
103.4	-9.5055	-2.3724	5.0793	4
103.45	-9.5071	-2.7777	5.0725	4
103.5	-9.5084	-2.6516	5.0718	4
103.55	-9.5118	-1.8568	5.0701	4
103.6	-9.5142	-2.6735	5.0653	4
103.65	-9.515	-2.6665	5.0761	4
103.7	-9.5177	-1.8822	5.0805	4
103.75	-9.5196	-2.5567	5.084	4
103.8	-9.5212	-2.5096	5.0897	4
103.85	-9.5237	-2.1063	5.0815	4
103.9	-9.5263	-2.2458	5.0802	4
103.95	-9.5286	-2.4836	5.0804	4
104	-9.5299	-2.4084	5.0903	4
104.05	-9.5332	-1.8989	5.0849	4
104.1	-9.5349	-2.8144	5.0764	4
104.15	-9.5369	-2.1091	5.0785	4
104.2	-9.5398	-2.0924	5.0773	4
104.25	-9.5416	-2.678	5.0778	4
104.3	-9.5443	-1.9869	5.0807	4
104.35	-9.5474	-2.0395	5.0806	4
104.4	-9.55	-2.0134	5.0924	4
104.45	-9.5531	-2.0049	5.0988	4
104.5	-9.5549	-2.5235	5.1108	4
104.55	-9.558	-1.7062	5.1089	4
104.6	-9.5604	-2.3024	5.0992	4
104.65	-9.5627	-2.2379	5.0996	4
104.7	-9.5657	-1.6363	5.0955	4
104.75	-9.5686	-2.5576	5.1038	4
104.8	-9.5708	-1.9338	5.0864	4
104.85	-9.5741	-2.0147	5.0818	4
104.9	-9.5766	-2.0454	5.0809	4
104.95	-9.5795	-2.1467	5.0717	4
105	-9.5818	-2.0371	5.0771	4
105.05	-9.5856	-1.6586	5.0828	4
105.1	-9.5885	-2.3684	5.0733	4
105.15	-9.5909	-1.8397	5.0719	4
105.2	-9.5941	-1.8226	5.0967	4
105.25	-9.5973	-2.0098	5.0947	4
105.3	-9.6004	-1.7817	5.0825	4
105.35	-9.604	-1.7487	5.0725	4
105.4	-9.6072	-1.968	5.0807	4
105.45	-9.6108	-1.7326	5.091	4
105.5	-9.6139	-2.091	5.0959	4
105.55	-9.6174	-1.4739	5.1167	4
105.6	-9.6211	-2.119	5.1117	4
105.65	-9.6242	-1.5262	5.1122	4
105.7	-9.6286	-1.444	5.1061	4
105.75	-9.632	-1.8541	5.101	4
105.8	-9.6351	-1.6554	5.1047	4
105.85	-9.6387	-1.8575	5.1049	4
105.9	-9.6421	-1.5794	5.1066	4
105.95	-9.6458	-1.7606	5.1091	4
106	-9.649	-1.8558	5.1018	4
106.05	-9.653	-1.4289	5.1077	4
106.1	-9.6568	-1.7675	5.0901	4
106.15	-9.6601	-1.7286	5.0815	4
106.2	-9.6637	-1.8514	5.0968	4
106.25	-9.6672	-1.6949	5.0843	4
106.3	-9.6714	-1.5538	5.0737	4
106.35	-9.6749	-2.0369	5.0755	4
106.4	-9.6778	-1.6753	5.0823	4
106.45	-9.682	-1.4946	5.0983	4
106.5	-9.6849	-2.2393	5.0905	4
106.55	-9.6885	-1.3968	5.0972	4
106.6	-9.6932	-1.569	5.1022	4
106.65	-9.6958	-2.2048	5.0894	4
106.7	-9.699	-1.7339	5.0881	4
106.75	-9.703	-1.603	5.0854	4
106.8	-9.7062	-2.1042	5.0848	4
106.85	-9.7095	-1.7906	5.0848	4
106.9	-9.713	-1.9233	5.1052	4
106.95	-9.7158	-1.6687	5.1045	4
107	-9.7197	-1.8851	5.0889	4
107.05	-9.7224	-1.8612	5.0986	4
107.1	-9.7258	-2.0414	5.1045	4
107.15	-9.7287	-2.1366	5.0887	4
107.2	-9.7317	-2.0399	5.0832	4
107.25	-9.735	-1.8096	5.0855	4
107.3	-9.7375	-2.5024	5.0861	4
107.35	-9.7405	-1.7125	5.0723	4
107.4	-9.7439	-2.1836	5.0801	4
107.45	-9.746	-2.1911	5.0974	4
107.5	-9.7496	-1.8734	5.0783	4
107.55	-9.7523	-2.2691	5.0743	4
107.6	-9.755	-2.1318	5.1007	4
107.65	-9.7574	-2.3245	5.0987	4
107.7	-9.7596	-2.3695	5.081	4
107.75	-9.7621	-2.0764	5.0566	4
107.8	-9.7644	-2.5589	5.0714	4
107.85	-9.7673	-1.608	5.0865	4
107.9	-9.7709	-2.0865	5.1037	4
107.95	-9.773	-2.4468	5.0898	4
108	-9.7759	-1.9048	5.0633	4
108.05	-9.7786	-2.4216	5.0756	4
108.1	-9.7807	-2.3113	5.0848	4
108.15	-9.7837	-2.0387	5.0841	4
108.2	-9.7862	-2.4378	5.077	4
108.25	-9.7881	-2.3765	5.0701	4
108.3	-9.7909	-2.1407	5.0844	4
108.35	-9.7935	-2.2328	5.0911	4
108.4	-9.7957	-2.5345	5.0808	4
108.45	-9.7974	-2.3987	5.0853	4
108.5	-9.8002	-2.1764	5.1021	4
108.55	-9.8027	-2.4198	5.1014	4
108.6	-9.8043	-2.5596	5.0947	4
108.65	-9.8066	-2.1633	5.0957	4
108.7	-9.8092	-2.2544	5.0919	4
108.75	-9.8115	-2.3908	5.0914	4
108.8	-9.8141	-2.2593	5.0991	4
108.85	-9.8163	-2.3171	5.0993	4
108.9	-9.819	-2.317	5.0876	4
108.95	-9.821	-2.3243	5.0966	4
109	-9.8244	-1.9343	5.0993	4
109.05	-9.8269	-2.4523	5.0998	4
109.1	-9.8285	-2.4495	5.1029	4
109.15	-9.8315	-1.7631	5.1128	4
109.2	-9.8341	-2.4518	5.1253	4
109.25	-9.8357	-2.7527	5.1197	4
109.3	-9.8386	-1.6809	5.0939	4
109.35	-9.842	-2.19	5.0922	4
109.4	-9.8444	-2.3823	5.0972	4
109.45	-9.8465	-2.1973	5.0921	4
109.5	-9.8502	-1.58	5.0851	4
109.55	-9.8527	-2.5585	5.0766	4
109.6	-9.8549	-2.0955	5.0783	4
109.65	-9.858	-1.815	5.0786	4
109.7	-9.8608	-2.2614	5.0855	4
109.75	-9.8635	-2.0509	5.098	4
109.8	-9.8669	-1.6877	5.095	4
109.85	-9.8701	-2.1633	5.0852	4
109.9	-9.8728	-2.063	5.0813	4
109.95	-9.876	-1.9233	5.0858	4
110	-9.8796	-1.6766	5.0862	4
110.05	-9.8821	-2.367	5.0865	4
110.1	-9.8845	-2.0255	5.0772	4
110.15	-9.8886	-1.5346	5.0765	4
110.2	-9.8916	-2.2866	5.0791	4
110.25	-9.894	-1.9481	5.0967	4
110.3	-9.8978	-1.5655	5.0886	4
110.35	-9.9009	-2.1682	5.0991	4
110.4	-9.9034	-1.9737	5.1104	4
110.45	-9.9073	-1.5124	5.0977	4
110.5	-9.9108	-2.126	5.1013	4
110.55	-9.9136	-2.0231	5.0956	4
110.6	-9.9168	-1.6014	5.1094	4
110.65	-9.9202	-1.9218	5.1011	4
110.7	-9.9234	-1.8885	5.0973	4
110.75	-9.9274	-1.3373	5.1087	4
110.8	-9.9314	-2.1268	5.1072	4
110.85	-9.9343	-1.7039	5.1038	4
110.9	-9.9381	-1.5351	5.1202	4
110.95	-9.9417	-2.0372	5.118	4
111	-9.9444	-1.9418	5.105	4
111.05	-9.9487	-1.368	5.1058	4
111.1	-9.9528	-1.7339	5.1084	4
111.15	-9.9554	-2.0389	5.1256	4
111.2	-9.9599	-1.2126	5.1343	4
111.25	-9.964	-1.807	5.1378	4
111.3	-9.9668	-2.076	5.1219	4
111.35	-9.9704	-1.4429	5.1222	4
111.4	-9.9746	-1.7116	5.1254	4
111.45	-9.9781	-1.8858	5.1219	4
111.5	-9.9817	-1.5514	5.1169	4
111.55	-9.9855	-1.6282	5.1114	4
111.6	-9.9891	-1.7246	5.1039	4
111.65	-9.9927	-1.8277	5.1036	4
111.7	-9.9969	-1.5748	5.0953	4
111.75	-10.001	-1.5563	5.0938	4
111.8	-10.0047	-1.8648	5.0969	4
111.85	-10.0078	-1.7629	5.0989	4
111.9	-10.012	-1.2397	5.1035	4
111.95	-10.0157	-1.9721	5.0889	4
112	-10.0188	-1.763	5.0897	4
112.05	-10.0229	-1.486	5.1012	4
112.1	-10.0271	-1.6626	5.1085	4
112.15	-10.0301	-1.9354	5.1109	4
112.2	-10.0341	-1.4628	5.1129	4
112.25	-10.0384	-1.6604	5.1027	4
112.3	-10.0423	-1.7153	5.097	4
112.35	-10.0458	-1.9003	5.0811	4
112.4	-10.0498	-1.6338	5.086	4
112.45	-10.054	-1.4361	5.0974	4
112.5	-10.0573	-2.0119	5.1004	4
112.55	-10.0608	-1.6191	5.0904	4
112.6	-10.0649	-1.3353	5.0732	4
112.65	-10.0681	-2.3044	5.0781	4
112.7	-10.0711	-1.6889	5.0907	4
112.75	-10.0757	-1.3217	5.0894	4
112.8	-10.0796	-1.9533	5.0793	4
112.85	-10.0827	-1.8439	5.0743	4
112.9	-10.0864	-1.5246	5.08	4
112.95	-10.091	-1.3609	5.0961	4
113	-10.094	-2.2007	5.087	4
113.05	-10.0977	-1.4121	5.0855	4
113.1	-10.1022	-1.6827	5.0792	4
113.15	-10.1055	-1.97	5.0735	4
113.2	-10.109	-1.6508	5.0662	4
113.25	-10.1132	-1.6313	5.0723	4
113.3	-10.1162	-1.9551	5.087	4
113.35	-10.1206	-1.18	5.0955	4
113.4	-10.1241	-2.2358	5.0841	4
113.45	-10.128	-1.3606	5.0902	4
113.5	-10.1321	-1.7007	5.082	4
113.55	-10.1351	-2.1946	5.0773	4
113.6	-10.1389	-1.2058	5.0717	4
113.65	-10.1434	-1.7646	5.065	4
113.7	-10.1465	-2.1334	5.0871	4
113.75	-10.1499	-1.3872	5.0988	4
113.8	-10.1544	-1.862	5.0909	4
113.85	-10.1576	-1.7777	5.0817	4
113.9	-10.1606	-2.1015	5.0805	4
113.95	-10.1641	-1.6097	5.1059	4
114	-10.168	-1.7304	5.0917	4
114.05	-10.1715	-1.991	5.076	4
114.1	-10.1754	-1.5617	5.0964	4
114.15	-10.179	-1.8126	5.0907	4
114.2	-10.1824	-1.7943	5.0827	4
114.25	-10.186	-2.0029	5.0763	4
114.3	-10.1901	-1.5469	5.0803	4
114.35	-10.1932	-2.1245	5.085	4
114.4	-10.1968	-1.5665	5.0892	4
114.45	-10.2004	-1.8859	5.0804	4
114.5	-10.2039	-1.9321	5.0773	4
114.55	-10.2076	-1.5301	5.0821	4
114.6	-10.2115	-1.7243	5.0876	4
114.65	-10.2151	-1.8548	5.0801	4
114.7	-10.2187	-1.5671	5.0827	4
114.75	-10.2226	-1.8723	5.0923	4
114.8	-10.2263	-1.5367	5.0865	4
114.85	-10.2299	-1.9769	5.0885	4
114.9	-10.2336	-1.4595	5.0868	4
114.95	-10.2382	-1.3221	5.0873	4
115	-10.2418	-2.0249	5.0771	4
115.05	-10.2454	-1.4885	5.0743	4
115.1	-10.2503	-1.2522	5.0781	4
115.15	-10.2538	-2.0395	5.0706	4
115.2	-10.257	-1.634	5.0764	4
115.25	-10.2617	-1.4623	5.0872	4
115.3	-10.2646	-2.1511	5.0887	4
115.35	-10.2686	-1.4647	5.0908	4
115.4	-10.2729	-1.7695	5.076	4
115.45	-10.2761	-1.8208	5.0816	4
115.5	-10.2803	-1.4855	5.0941	4
115.55	-10.2839	-1.9504	5.0951	4
115.6	-10.287	-2.0232	5.0986	4
115.65	-10.2907	-1.5849	5.0966	4
115.7	-10.2948	-1.679	5.0909	4
115.75	-10.2982	-1.9774	5.0906	4
115.8	-10.3014	-1.8158	5.0888	4
115.85	-10.3052	-1.6455	5.0855	4
115.9	-10.309	-1.7725	5.0883	4
115.95	-10.3123	-1.9073	5.0825	4
116	-10.3155	-1.9477	5.0956	4
116.05	-10.3189	-2.0229	5.0907	4
116.1	-10.323	-1.4935	5.0858	4
116.15	-10.3269	-1.6025	5.092	4
116.2	-10.3301	-2.3696	5.1082	4
116.25	-10.334	-1.3543	5.1129	4
116.3	-10.3381	-1.8787	5.0984	4
116.35	-10.3409	-2.2392	5.0978	4
116.4	-10.3444	-1.5758	5.0777	4
116.45	-10.3482	-1.928	5.0583	4
116.5	-10.3511	-1.9947	5.0748	4
116.55	-10.3544	-1.8841	5.0818	4
116.6	-10.358	-1.8903	5.084	4
116.65	-10.3617	-1.7725	5.0896	4
116.7	-10.3656	-1.6586	5.0847	4
116.75	-10.3693	-2.0399	5.0944	4
116.8	-10.3727	-1.7882	5.1079	4
116.85	-10.3759	-1.9928	5.1009	4
116.9	-10.3794	-1.9062	5.0942	4
116.95	-10.3829	-1.7661	5.0834	4
117	-10.3865	-1.7846	5.0994	4
117.05	-10.3897	-1.8934	5.0864	4
117.1	-10.3934	-1.6082	5.0539	4
117.15	-10.397	-1.8443	5.069	4
117.2	-10.4004	-1.6868	5.0917	4
117.25	-10.4039	-1.9259	5.0906	4
117.3	-10.4074	-1.8081	5.0909	4
117.35	-10.4114	-1.6475	5.0962	4
117.4	-10.415	-1.8407	5.0927	4
117.45	-10.4185	-1.8194	5.0964	4
117.5	-10.4226	-1.5843	5.1039	4
117.55	-10.4258	-2.09	5.0999	4
117.6	-10.4293	-1.5638	5.0942	4
117.65	-10.4336	-1.4724	5.091	4
117.7	-10.4375	-1.8701	5.0893	4
117.75	-10.4404	-1.9127	5.0891	4
117.8	-10.4446	-1.4273	5.0857	4
117.85	-10.4485	-1.7915	5.0982	4
117.9	-10.4518	-1.804	5.1109	4
117.95	-10.4558	-1.6059	5.1137	4
118	-10.46	-1.5463	5.1123	4
118.05	-10.4641	-1.7199	5.1164	4
118.1	-10.468	-1.5348	5.1257	4
118.15	-10.4713	-1.9726	5.1304	4
118.2	-10.4751	-1.5226	5.1253	4
118.25	-10.4793	-1.6503	5.1112	4
118.3	-10.4832	-1.6204	5.108	4
118.35	-10.4869	-1.8623	5.1111	4
118.4	-10.491	-1.3773	5.1077	4
118.45	-10.495	-1.6778	5.1098	4
118.5	-10.4989	-1.7256	5.1087	4
118.55	-10.5027	-1.8567	5.1087	4
118.6	-10.5063	-1.8731	5.1081	4
118.65	-10.5105	-1.5122	5.0963	4
118.7	-10.5138	-1.8477	5.0893	4
118.75	-10.517	-1.8033	5.0807	4
118.8	-10.521	-1.5322	5.0802	4
118.85	-10.5254	-1.7293	5.0882	4
118.9	-10.5288	-1.9565	5.1058	4
118.95	-10.5325	-1.7418	5.096	4
119	-10.5362	-1.5877	5.0895	4
119.05	-10.5403	-1.8055	5.0966	4
119.1	-10.5435	-2.0472	5.1064	4
119.15	-10.5476	-1.3936	5.1195	4
119.2	-10.5518	-1.7911	5.1021	4
119.25	-10.5556	-1.5212	5.0921	4
119.3	-10.5595	-1.5577	5.0954	4
119.35	-10.5637	-1.6121	5.099	4
119.4	-10.567	-1.9361	5.1124	4
119.45	-10.5712	-1.4794	5.1137	4
119.5	-10.5752	-1.6432	5.1044	4
119.55	-10.5793	-1.5158	5.1075	4
119.6	-10.5827	-1.9739	5.1241	4
119.65	-10.5867	-1.491	5.1246	4
119.7	-10.5911	-1.7314	5.1226	4
119.75	-10.5949	-1.7162	5.1094	4
119.8	-10.5983	-1.7888	5.0867	4
119.85	-10.6018	-1.7606	5.0807	4
119.9	-10.6055	-1.8216	5.0859	4
119.95	-10.6091	-1.8351	5.1171	4
120	-10.613	-1.8375	5.1204	4
120.05	-10.617	-1.4146	5.1057	4
120.1	-10.6206	-2.143	5.1094	4
120.15	-10.6243	-1.4832	5.126	4
120.2	-10.6286	-1.7729	5.1266	4
120.25	-10.6323	-1.8545	5.1143	4
120.3	-10.6358	-1.7188	5.1094	4
120.35	-10.6394	-1.9439	5.1242	4
120.4	-10.6431	-1.6377	5.1291	4
120.45	-10.6465	-1.8473	5.122	4
120.5	-10.6505	-1.5819	5.105	4
120.55	-10.6545	-1.711	5.1131	4
120.6	-10.6579	-1.9099	5.1368	4
120.65	-10.6614	-1.7078	5.1471	4
120.7	-10.6658	-1.3336	5.1398	4
120.75	-10.6693	-2.1767	5.1341	4
120.8	-10.673	-1.4722	5.1243	4
120.85	-10.6776	-1.5402	5.1224	4
120.9	-10.6813	-2.124	5.1191	4
120.95	-10.6848	-1.3342	5.1189	4
121	-10.6891	-1.6932	5.1378	4
121.05	-10.6927	-1.7069	5.1553	4
121.1	-10.6965	-1.619	5.1493	4
121.15	-10.701	-1.624	5.1226	4
121.2	-10.7051	-1.5168	5.1144	4
121.25	-10.7092	-1.7975	5.116	4
121.3	-10.7132	-1.2419	5.119	4
121.35	-10.7177	-1.4485	5.1227	4
121.4	-10.7218	-1.6008	5.107	4
121.45	-10.7255	-1.7816	5.113	4
121.5	-10.7304	-1.2206	5.1214	4
121.55	-10.7343	-1.8312	5.1056	4
121.6	-10.7372	-1.9428	5.1171	4
121.65	-10.7414	-1.2559	5.1121	4
121.7	-10.7461	-1.4482	5.1166	4
121.75	-10.7496	-1.9532	5.1221	4
121.8	-10.7533	-1.5066	5.1193	4
121.85	-10.7575	-1.7	5.1162	4
121.9	-10.7609	-2.0108	5.0992	4
121.95	-10.7648	-1.6766	5.0855	4
122	-10.769	-1.5385	5.098	4
122.05	-10.772	-2.3341	5.111	4
122.1	-10.7755	-1.6101	5.1196	4
122.15	-10.7792	-1.7321	5.1243	4
122.2	-10.7831	-1.7876	5.1216	4
122.25	-10.7864	-2.0375	5.1221	4
122.3	-10.79	-1.7991	5.1163	4
122.35	-10.7939	-1.5948	5.1235	4
122.4	-10.7976	-2.0546	5.132	4
122.45	-10.8012	-1.6604	5.1306	4
122.5	-10.8053	-1.6725	5.1391	4
122.55	-10.809	-2.0513	5.1204	4
122.6	-10.8118	-1.7205	5.1155	4
122.65	-10.8158	-1.7592	5.1241	4
122.7	-10.8194	-1.6829	5.1371	4
122.75	-10.823	-1.923	5.1411	4
122.8	-10.8274	-1.4225	5.1344	4
122.85	-10.8311	-1.8011	5.1376	4
122.9	-10.8348	-1.7689	5.1365	4
122.95	-10.839	-1.4989	5.1137	4
123	-10.8429	-1.6995	5.1218	4
123.05	-10.8468	-1.817	5.1082	4
123.1	-10.8508	-1.3353	5.1229	4
123.15	-10.8549	-1.8312	5.1369	4
123.2	-10.8584	-1.6631	5.1251	4
123.25	-10.8627	-1.6015	5.1177	4
123.3	-10.8666	-1.6094	5.1123	4
123.35	-10.8708	-1.6036	5.1059	4
123.4	-10.8751	-1.3738	5.1162	4
123.45	-10.8793	-1.7484	5.1169	4
123.5	-10.8831	-1.4973	5.1177	4
123.55	-10.8883	-1.2604	5.12	4
123.6	-10.8923	-1.7144	5.109	4
123.65	-10.8962	-1.5075	5.1246	4
123.7	-10.9006	-1.3086	5.1099	4
123.75	-10.9056	-1.5019	5.1014	4
123.8	-10.9093	-1.6434	5.0966	4
123.85	-10.9134	-1.3021	5.0956	4
123.9	-10.918	-1.4519	5.1128	4
123.95	-10.9227	-1.444	5.1121	4
124	-10.9267	-1.5763	5.0972	4
124.05	-10.9312	-1.2768	5.1023	4
124.1	-10.9363	-1.3422	5.1014	4
124.15	-10.9403	-1.6868	5.1085	4
124.2	-10.9444	-1.3422	5.1172	4
124.25	-10.9491	-1.366	5.12	4
124.3	-10.9532	-1.6557	5.1091	4
124.35	-10.958	-1.2503	5.1098	4
124.4	-10.9627	-1.5236	5.1235	4
124.45	-10.967	-1.3216	5.1078	4
124.5	-10.9711	-1.6663	5.1032	4
124.55	-10.9754	-1.5057	5.1194	4
124.6	-10.9802	-1.0798	5.1194	4
124.65	-10.9846	-1.8626	5.1309	4
124.7	-10.9885	-1.3948	5.1239	4
124.75	-10.9931	-1.4384	5.0961	4
124.8	-10.9972	-1.6153	5.1086	4
124.85	-11.0013	-1.186	5.1263	4
124.9	-11.0058	-1.5706	5.1289	4
124.95	-11.0101	-1.5031	5.1098	4
125	-11.0144	-1.5014	5.1025	4
125.05	-11.0189	-1.3788	5.1049	4
125.1	-11.0229	-1.6879	5.0967	4
125.15	-11.0265	-1.6616	5.0992	4
125.2	-11.0305	-1.5612	5.0984	4
125.25	-11.035	-1.4336	5.101	4
125.3	-11.0392	-1.5937	5.1088	4
125.35	-11.044	-1.2338	5.1233	4
125.4	-11.0484	-1.6002	5.1246	4
125.45	-11.0529	-1.3744	5.1216	4
125.5	-11.0579	-1.3545	5.1187	4
125.55	-11.0621	-1.3982	5.1235	4
125.6	-11.0665	-1.4671	5.1084	4
125.65	-11.0713	-1.18	5.1046	4
125.7	-11.076	-1.2559	5.1294	4
125.75	-11.0803	-1.6884	5.1292	4
125.8	-11.0843	-1.4372	5.132	4
125.85	-11.0896	-0.998	5.1292	4
125.9	-11.0942	-1.6623	5.1326	4
125.95	-11.0982	-1.4925	5.124	4
126	-11.1033	-0.9301	5.1166	4
126.05	-11.1083	-1.5538	5.1347	4
126.1	-11.112	-1.6049	5.1408	4
126.15	-11.1169	-1.3759	5.1351	4
126.2	-11.1217	-1.1048	5.1365	4
126.25	-11.1265	-1.6203	5.1298	4
126.3	-11.1315	-0.9697	5.1255	4
126.35	-11.1367	-1.1625	5.1007	4
126.4	-11.1419	-1.5315	5.0816	4
126.45	-11.1456	-1.5127	5.085	4
126.5	-11.1506	-1.0863	5.0836	4
126.55	-11.155	-1.5509	5.0899	4
126.6	-11.1587	-1.6703	5.0995	4
126.65	-11.1639	-0.9409	5.093	4
126.7	-11.1686	-1.554	5.0889	4
126.75	-11.1725	-1.6637	5.0758	4
126.8	-11.1778	-1.1648	5.0752	4
126.85	-11.1819	-1.7042	5.0817	4
126.9	-11.186	-1.621	5.0757	4
126.95	-11.1907	-1.1417	5.0915	4
127	-11.1957	-1.5153	5.1057	4
127.05	-11.1996	-1.7308	5.0997	4
127.1	-11.2043	-1.27	5.0954	4
127.15	-11.2094	-1.4523	5.1064	4
127.2	-11.2132	-1.6769	5.0907	4
127.25	-11.2173	-1.4166	5.0734	4
127.3	-11.2227	-1.1436	5.0776	4
127.35	-11.2266	-1.7419	5.1019	4
127.4	-11.2309	-1.3625	5.112	4
127.45	-11.2358	-1.3675	5.1073	4
127.5	-11.2402	-1.6098	5.091	4
127.55	-11.2436	-2.0091	5.0876	4
127.6	-11.2483	-0.9005	5.0934	4
127.65	-11.2531	-1.7758	5.0978	4
127.7	-11.2567	-1.75	5.0921	4
127.75	-11.2607	-1.4553	5.0864	4
127.8	-11.2656	-1.4008	5.1015	4
127.85	-11.2693	-1.9492	5.1051	4
127.9	-11.2737	-1.3349	5.0882	4
127.95	-11.2785	-1.4167	5.0867	4
128	-11.2823	-2.0431	5.0853	4
128.05	-11.2862	-1.5481	5.066	4
128.1	-11.2907	-1.2832	5.0705	4
128.15	-11.2951	-1.7536	5.0808	4
128.2	-11.2985	-1.7595	5.098	4
128.25	-11.3032	-1.3262	5.0995	4
128.3	-11.3073	-1.726	5.0915	4
128.35	-11.3105	-2.0429	5.0936	4
128.4	-11.3151	-1.043	5.0929	4
128.45	-11.3198	-1.7694	5.1012	4
128.5	-11.3231	-2.0953	5.1094	4
128.55	-11.3277	-1.164	5.1058	4
128.6	-11.3322	-1.747	5.1055	4
128.65	-11.3358	-1.8472	5.0841	4
128.7	-11.3394	-1.6004	5.0747	4
128.75	-11.3441	-1.3901	5.0958	4
128.8	-11.3476	-1.9988	5.107	4
128.85	-11.3513	-1.584	5.102	4
128.9	-11.356	-1.2623	5.0935	4
128.95	-11.3603	-1.8056	5.0844	4
129	-11.3639	-1.6907	5.1031	4
129.05	-11.3685	-1.3418	5.0945	4
129.1	-11.3723	-1.9003	5.1036	4
129.15	-11.376	-1.6282	5.1055	4
129.2	-11.3803	-1.5659	5.1055	4
129.25	-11.3844	-1.7164	5.0966	4
129.3	-11.3885	-1.5455	5.0924	4
129.35	-11.3929	-1.7004	5.0937	4
129.4	-11.3971	-1.5218	5.1012	4
129.45	-11.4015	-1.4865	5.0911	4
129.5	-11.4056	-1.6483	5.089	4
129.55	-11.4097	-1.5753	5.084	4
129.6	-11.4141	-1.6689	5.0736	4
129.65	-11.4181	-1.539	5.09	4
129.7	-11.422	-1.8082	5.0884	4
129.75	-11.4261	-1.6021	5.0761	4
129.8	-11.4306	-1.408	5.0737	4
129.85	-11.4344	-1.7838	5.0788	4
129.9	-11.4385	-1.4803	5.0859	4
129.95	-11.4427	-1.7798	5.0766	4
130	-11.4471	-1.3505	5.0978	4
130.05	-11.4515	-1.6842	5.0865	4
130.1	-11.4551	-1.7628	5.079	4
130.15	-11.4594	-1.4372	5.0917	4
130.2	-11.4635	-1.7511	5.0844	4
130.25	-11.4674	-1.5493	5.0907	4
130.3	-11.4717	-1.4805	5.0903	4
130.35	-11.4761	-1.6862	5.0763	4
130.4	-11.48	-1.7189	5.0704	4
130.45	-11.4846	-1.387	5.0649	4
130.5	-11.4886	-1.7468	5.0777	4
130.55	-11.4922	-1.6734	5.0997	4
130.6	-11.4962	-1.5396	5.0971	4
130.65	-11.5007	-1.4166	5.0927	4
130.7	-11.5051	-1.5283	5.1062	4
130.75	-11.5089	-1.751	5.1113	4
130.8	-11.5131	-1.3841	5.0946	4
130.85	-11.5179	-1.573	5.0729	4
130.9	-11.5212	-1.9739	5.0601	4
130.95	-11.5257	-1.188	5.0584	4
131	-11.5305	-1.6247	5.083	4
131.05	-11.5336	-1.8759	5.0972	4
131.1	-11.5383	-1.3332	5.0934	4
131.15	-11.5422	-1.6928	5.0989	4
131.2	-11.5467	-1.5013	5.0914	4
131.25	-11.5505	-1.7771	5.0919	4
131.3	-11.5547	-1.4113	5.1038	4
131.35	-11.5599	-1.2643	5.1037	4
131.4	-11.5635	-2.0171	5.1069	4
131.45	-11.5682	-1.251	5.1049	4
131.5	-11.5728	-1.6045	5.1178	4
131.55	-11.5771	-1.5503	5.1221	4
131.6	-11.5812	-1.3161	5.0993	4
131.65	-11.5859	-1.3668	5.0961	4
131.7	-11.5899	-1.8542	5.073	4
131.75	-11.5939	-1.4733	5.0692	4
131.8	-11.5991	-1.1162	5.0781	4
131.85	-11.6031	-1.9297	5.0753	4
131.9	-11.6071	-1.5638	5.0666	4
131.95	-11.6121	-1.253	5.0697	4
132	-11.617	-1.4047	5.0828	4
132.05	-11.6209	-2.0181	5.0778	4
132.1	-11.6243	-1.4864	5.0801	4
132.15	-11.6294	-1.0536	5.0851	4
132.2	-11.6333	-1.9811	5.0931	4
132.25	-11.6374	-1.4077	5.0825	4
132.3	-11.6421	-1.3905	5.0837	4
132.35	-11.6464	-1.6311	5.088	4
132.4	-11.6507	-1.6119	5.0789	4
132.45	-11.6545	-1.608	5.0699	4
132.5	-11.6587	-1.5074	5.0628	4
132.55	-11.6635	-1.2989	5.0711	4
132.6	-11.6678	-1.6684	5.0567	4
132.65	-11.6723	-1.3699	5.0677	4
132.7	-11.6763	-1.8101	5.0874	4
132.75	-11.6802	-1.6415	5.0813	4
132.8	-11.6847	-1.3978	5.0874	4
132.85	-11.6889	-1.6324	5.0813	4
132.9	-11.6931	-1.6602	5.0722	4
132.95	-11.6978	-1.3138	5.0719	4
133	-11.7024	-1.6425	5.066	4
133.05	-11.7061	-1.8355	5.0695	4
133.1	-11.7103	-1.4911	5.0695	4
133.15	-11.7143	-1.7413	5.0624	4
133.2	-11.7187	-1.6318	5.0608	4
133.25	-11.723	-1.6959	5.0386	4
133.3	-11.7268	-1.6504	5.051	4
133.35	-11.7307	-1.5623	5.0736	4
133.4	-11.7347	-1.8132	5.0725	4
133.45	-11.7384	-1.8827	5.0723	4
133.5	-11.7428	-1.3966	5.066	4
133.55	-11.7468	-1.8246	5.0516	4
133.6	-11.7503	-1.7277	5.0482	4
133.65	-11.7545	-1.5614	5.0602	4
133.7	-11.7587	-1.6825	5.0798	4
133.75	-11.7621	-1.8516	5.0783	4
133.8	-11.7662	-1.518	5.0781	4
133.85	-11.77	-1.5986	5.0692	4
133.9	-11.7737	-2.0015	5.0715	4
133.95	-11.7771	-1.842	5.1006	4
134	-11.7818	-1.2743	5.0952	4
134.05	-11.7859	-1.8606	5.0749	4
134.1	-11.7888	-1.9595	5.0929	4
134.15	-11.7931	-1.4473	5.089	4
134.2	-11.7973	-1.9408	5.0942	4
134.25	-11.8004	-1.9443	5.0971	4
134.3	-11.804	-1.5971	5.1169	4
134.35	-11.8083	-1.726	5.1114	4
134.4	-11.8122	-1.801	5.0968	4
134.45	-11.8157	-1.7326	5.1016	4
134.5	-11.8201	-1.3978	5.0907	4
134.55	-11.8242	-1.9999	5.0793	4
134.6	-11.8276	-1.747	5.0813	4
134.65	-11.8319	-1.4761	5.0943	4
134.7	-11.8356	-1.7927	5.1007	4
134.75	-11.8388	-2.0322	5.1045	4
134.8	-11.8433	-1.1856	5.0922	4
134.85	-11.8475	-2.0248	5.0872	4
134.9	-11.8505	-1.8063	5.0855	4
134.95	-11.8548	-1.5814	5.0915	4
135	-11.8583	-1.912	5.1054	4
135.05	-11.8616	-1.9085	5.1007	4
135.1	-11.8664	-1.0964	5.1052	4
135.15	-11.8704	-2.1289	5.1121	4
135.2	-11.8737	-1.6534	5.1187	4
135.25	-11.8779	-1.6865	5.1138	4
135.3	-11.8822	-1.5522	5.1154	4
135.35	-11.8863	-1.7387	5.1225	4
135.4	-11.8898	-1.919	5.1041	4
135.45	-11.8938	-1.454	5.1163	4
135.5	-11.8986	-1.5025	5.1245	4
135.55	-11.9023	-1.9946	5.1106	4
135.6	-11.9064	-1.3187	5.12	4
135.65	-11.9108	-1.6627	5.1215	4
135.7	-11.914	-1.912	5.1257	4
135.75	-11.9185	-1.2794	5.1206	4
135.8	-11.9228	-1.5827	5.1139	4
135.85	-11.9264	-2.0543	5.1131	4
135.9	-11.9301	-1.4199	5.1006	4
135.95	-11.9347	-1.4988	5.1164	4
136	-11.9386	-1.7588	5.1357	4
136.05	-11.9425	-1.7027	5.1315	4
136.1	-11.9468	-1.3528	5.1175	4
136.15	-11.9516	-1.494	5.1093	4
136.2	-11.9554	-1.717	5.0946	4
136.25	-11.9598	-1.4141	5.1039	4
136.3	-11.964	-1.555	5.109	4
136.35	-11.968	-1.7918	5.107	4
136.4	-11.9718	-1.6817	5.1215	4
136.45	-11.9762	-1.5251	5.1129	4
136.5	-11.9803	-1.7536	5.0972	4
136.55	-11.9842	-1.7496	5.0929	4
136.6	-11.9881	-1.4416	5.1104	4
136.65	-11.9924	-1.4965	5.1064	4
136.7	-11.9962	-1.9141	5.0977	4
136.75	-12.0001	-1.6056	5.1157	4
136.8	-12.0047	-1.5006	5.1162	4
136.85	-12.0087	-1.6465	5.1158	4
136.9	-12.0121	-1.8001	5.1204	4
136.95	-12.0162	-1.4077	5.1144	4
137	-12.0205	-1.8324	5.1154	4
137.05	-12.0241	-1.8376	5.1305	4
137.1	-12.0279	-1.5053	5.1287	4
137.15	-12.0327	-1.2502	5.1204	4
137.2	-12.0364	-2.0215	5.1175	4
137.25	-12.0402	-1.477	5.1187	4
137.3	-12.0447	-1.6034	5.099	4
137.35	-12.0485	-1.6325	5.0983	4
137.4	-12.0525	-1.5589	5.1004	4
137.45	-12.0569	-1.4295	5.1184	4
137.5	-12.0612	-1.6756	5.1219	4
137.55	-12.0652	-1.6256	5.1223	4
137.6	-12.0693	-1.611	5.1185	4
137.65	-12.0738	-1.4032	5.1136	4
137.7	-12.078	-1.6798	5.0971	4
137.75	-12.0821	-1.6313	5.0965	4
137.8	-12.0862	-1.5965	5.1191	4
137.85	-12.0905	-1.5102	5.1205	4
137.9	-12.0944	-1.7504	5.1226	4
137.95	-12.0983	-1.6006	5.114	4
138	-12.1027	-1.4698	5.1033	4
138.05	-12.1069	-1.5563	5.1122	4
138.1	-12.1112	-1.626	5.1064	4
138.15	-12.115	-1.7673	5.0984	4
138.2	-12.1193	-1.527	5.0966	4
138.25	-12.1234	-1.7984	5.0909	4
138.3	-12.1276	-1.625	5.0986	4
138.35	-12.1316	-1.4679	5.1028	4
138.4	-12.136	-1.5187	5.114	4
138.45	-12.14	-1.6141	5.1074	4
138.5	-12.1441	-1.7047	5.0989	4
138.55	-12.1483	-1.5523	5.0803	4
138.6	-12.1525	-1.6739	5.0769	4
138.65	-12.1566	-1.714	5.0851	4
138.7	-12.1609	-1.3956	5.1002	4
138.75	-12.1652	-1.7591	5.1227	4
138.8	-12.1689	-1.6072	5.1227	4
138.85	-12.1728	-1.7258	5.1067	4
138.9	-12.1771	-1.5397	5.1016	4
138.95	-12.1809	-1.7761	5.1121	4
139	-12.1847	-1.7643	5.1088	4
139.05	-12.189	-1.4583	5.0999	4
139.1	-12.193	-1.8868	5.1014	4
139.15	-12.1967	-1.8305	5.0997	4
139.2	-12.201	-1.4795	5.0886	4
139.25	-12.2054	-1.6109	5.083	4
139.3	-12.2089	-1.9859	5.0971	4
139.35	-12.2127	-1.7445	5.0991	4
139.4	-12.2159	-2.149	5.0989	4
139.45	-12.2196	-1.6389	5.1018	4
139.5	-12.2234	-1.8952	5.1017	4
139.55	-12.2267	-1.9669	5.1031	4
139.6	-12.2303	-1.9115	5.1045	5
139.65	-12.2335	-1.9327	5.1112	5
139.7	-12.2371	-1.9424	5.1134	5
139.75	-12.2424	-1.8179	5.1036	5
139.8	-12.2013	-1.9775	5.1032	5
139.85	-11.9829	-1.5647	5.1054	5
139.9	-11.6615	-1.8289	5.096	5
139.95	-11.3363	-1.6211	5.0636	5
140	-11.0056	-1.5439	5.0491	5
140.05	-10.6681	-1.6896	5.0544	5
140.1	-10.3244	-1.057	5.0609	5
140.15	-9.9741	-1.7071	5.0584	5
140.2	-9.6188	-1.3817	5.0583	5
140.25	-9.2573	-1.1175	5.0628	5
140.3	-8.8904	-0.919	5.057	5
140.35	-8.5183	-1.2621	5.0658	5
140.4	-8.142	-0.8995	5.0636	5
140.45	-7.7607	-0.6655	5.0712	5
140.5	-7.3747	-0.7017	5.063	5
140.55	-6.9842	-1.0773	5.0587	5
140.6	-6.5898	-0.297	5.0835	5
140.65	-6.1905	-0.5386	5.1028	5
140.7	-5.7872	-0.7488	5.1021	5
140.75	-5.3804	-0.1086	5.089	5
140.8	-4.9694	-0.2735	5.089	5
140.85	-4.5551	-0.6041	5.1013	5
140.9	-4.1384	0.1284	5.0915	5
140.95	-3.7177	0.0207	5.0819	5
141	-3.2947	-0.2661	5.085	5
141.05	-2.8688	-0.18	5.0764	5
141.1	-2.4404	0.4457	5.0746	5
141.15	-2.0083	-0.1359	5.071	5
141.2	-1.5748	0.1316	5.0756	5
141.25	-1.1398	0.6378	5.0808	5
141.3	-0.7026	0.5917	5.0734	5
141.35	-0.264	1.0836	5.0655	5
141.4	0.175	2.7521	5.0657	5
141.45	0.6138	6.2157	5.0657	5
141.5	1.0529	11.0673	5.0697	5
141.55	1.491	18.7905	5.076	5
141.6	1.928	30.9296	5.0729	5
141.65	2.365	47.1383	5.0713	5
141.7	2.8028	68.8356	5.0828	5
141.75	3.242	97.7908	5.0758	5
141.8	3.681	134.2357	5.0641	5
141.85	4.1147	182.1808	5.066	5
141.9	4.5502	248.2774	5.0636	5
141.95	4.9793	331.6937	5.0718	5
142	5.3981	432.0437	5.0834	6
142.05	5.8077	551.1003	5.082	6
142.1	6.209	687.9139	5.0888	6
142.15	6.6048	838.4813	5.0848	6
142.2	6.9981	996.8	5.0582	6
142.25	7.3875	1158.143	5.0656	6
142.3	7.7705	1316.0978	5.0866	6
142.35	8.1449	1470.3129	5.0983	6
142.4	8.5094	1621.4933	5.099	6
142.45	8.8647	1768.9937	5.0895	6
142.5	9.2103	1913.1491	5.0924	6
142.55	9.5452	2055.1481	5.0857	6
142.6	9.8715	2193.1103	5.0783	6
142.65	10.1888	2327.6033	5.0921	6
142.7	10.497	2458.8897	5.0897	6
142.75	10.7963	2587.1974	5.0848	6
142.8	11.0875	2711.2675	5.0708	6
142.85	11.3703	2832.4786	5.0733	6
142.9	11.6462	2948.7407	5.0773	6
142.95	11.9156	3060.5053	5.0627	6
143	12.1778	3168.6516	5.0628	6
143.05	12.4329	3272.3188	5.0698	6
143.1	12.6822	3370.6543	5.0614	6
143.15	12.9258	3464.8031	5.0458	6
143.2	13.1641	3553.6403	5.0499	6
143.25	13.3966	3637.7157	5.0672	6
143.3	13.6232	3718.6085	5.0574	6
143.35	13.8446	3794.8405	5.0555	6
143.4	14.061	3865.903	5.0552	6
143.45	14.2717	3933.6137	5.0547	6
143.5	14.4771	3997.6579	5.0638	6
143.55	14.6787	4056.2372	5.0665	6
143.6	14.875	4111.0073	5.0554	6
143.65	15.0658	4162.5314	5.0444	6
143.7	15.2518	4210.0749	5.0413	6
143.75	15.4324	4254.851	5.051	6
143.8	15.608	4296.3526	5.068	6
143.85	15.78	4333.4873	5.0763	6
143.9	15.9477	4367.1266	5.0691	6
143.95	16.1109	4397.4901	5.068	6
144	16.2694	4425.3776	5.0691	6
144.05	16.4237	4450.2481	5.0748	6
144.1	16.5726	4473.6439	5.061	6
144.15	16.7179	4493.4121	5.0652	6
144.2	16.8601	4509.7121	5.0636	6
144.25	16.9984	4523.4724	5.0687	6
144.3	17.1323	4535.249	5.0823	6
144.35	17.2627	4544.4346	5.0821	6
144.4	17.3897	4550.9338	5.0841	6
144.45	17.5124	4555.7348	5.0835	6
144.5	17.6316	4558.2624	5.0832	6
144.55	17.7477	4558.2196	5.0747	6
144.6	17.8604	4556.6727	5.0769	6
144.65	17.9699	4553.0787	5.0914	6
144.7	18.0765	4547.0614	5.0827	6
144.75	18.1805	4538.3922	5.0885	6
144.8	18.2808	4528.9802	5.0921	6
144.85	18.378	4518.1085	5.0855	6
144.9	18.4731	4504.3007	5.0728	6
144.95	18.5652	4489.4433	5.0638	6
145	18.6538	4473.9526	5.0597	6
145.05	18.7399	4456.6607	5.0699	6
145.1	18.8238	4437.6762	5.0702	6
145.15	18.9045	4418.2316	5.0667	6
145.2	18.9823	4397.7583	5.0556	6
145.25	19.0585	4375.1202	5.0424	6
145.3	19.1321	4351.9517	5.041	6
145.35	19.2024	4328.4842	5.0457	6
145.4	19.2713	4303.0717	5.0608	6
145.45	19.338	4276.9145	5.0622	6
145.5	19.4016	4250.9167	5.0435	6
145.55	19.4633	4223.5078	5.0563	6
145.6	19.5232	4194.9181	5.0713	6
145.65	19.5803	4166.8271	5.058	6
145.7	19.6356	4137.8248	5.0428	6
145.75	19.6892	4107.8185	5.0487	6
145.8	19.7406	4077.9491	5.0669	6
145.85	19.79	4047.5521	5.0786	6
145.9	19.8382	4016.1875	5.0758	6
145.95	19.8842	3985.1964	5.0706	6
146	19.9287	3953.3759	5.0715	6
146.05	19.9713	3921.5451	5.054	6
146.1	20.0122	3889.6494	5.056	6
146.15	20.0517	3856.9197	5.0529	6
146.2	20.0893	3824.9469	5.0561	6
146.25	20.1256	3792.1532	5.0647	6
146.3	20.1611	3758.5683	5.0696	6
146.35	20.1941	3726.8477	5.0622	6
146.4	20.2261	3694.0351	5.0744	6
146.45	20.2572	3660.3797	5.0628	6
146.5	20.2861	3628.1662	5.0438	6
146.55	20.3138	3595.6961	5.052	6
146.6	20.3412	3562.0404	5.0484	6
146.65	20.3663	3530.1487	5.0564	6
146.7	20.3905	3498.2897	5.0794	6
146.75	20.4147	3464.8513	5.0606	6
146.8	20.4366	3432.869	5.0678	6
146.85	20.4572	3401.4892	5.0809	6
146.9	20.4777	3368.7593	5.0703	6
146.95	20.4964	3337.5046	5.0681	6
147	20.5138	3307.2189	5.077	6
147.05	20.5311	3275.4338	5.0728	6
147.1	20.547	3244.6901	5.053	6
147.15	20.5616	3215.1213	5.0491	6
147.2	20.576	3184.7423	5.0645	6
147.25	20.5895	3154.6692	5.0714	6
147.3	20.6016	3125.7931	5.0762	6
147.35	20.6135	3096.6813	5.0714	6
147.4	20.6249	3067.3435	5.0664	6
147.45	20.6349	3039.1936	5.0618	6
147.5	20.6442	3011.0453	5.0386	6
147.55	20.6529	2983.1198	5.0434	6
147.6	20.6606	2955.6586	5.0632	6
147.65	20.6675	2929.0475	5.0685	6
147.7	20.6742	2902.7078	5.0612	6
147.75	20.6805	2876.289	5.0515	6
147.8	20.6862	2850.553	5.0586	6
147.85	20.6912	2825.4432	5.0513	6
147.9	20.6958	2800.5799	5.0537	6
147.95	20.7002	2775.5471	5.0661	6
148	20.7035	2751.6489	5.0655	6
148.05	20.7065	2728.1009	5.0701	6
148.1	20.7094	2704.6583	5.0657	6
148.15	20.7115	2681.9683	5.0692	6
148.2	20.713	2659.4705	5.0819	6
148.25	20.7147	2636.9263	5.08	6
148.3	20.7155	2615.3803	5.0674	6
148.35	20.7159	2594.1599	5.0662	6
148.4	20.7162	2573.2922	5.0626	6
148.45	20.7161	2552.565	5.0642	6
148.5	20.7155	2532.4165	5.0704	6
148.55	20.7147	2512.7623	5.0626	6
148.6	20.7137	2492.954	5.061	6
148.65	20.7122	2474.0347	5.0508	6
148.7	20.7102	2455.9489	5.0328	6
148.75	20.7084	2437.7378	5.0565	6
148.8	20.7059	2420.2813	5.0776	6
148.85	20.703	2403.4497	5.0757	6
148.9	20.7	2386.6382	5.0849	6
148.95	20.6967	2370.1247	5.0845	6
149	20.6932	2354.1921	5.0806	6
149.05	20.6898	2338.4159	5.0713	6
149.1	20.686	2323.1076	5.0715	6
149.15	20.6819	2308.435	5.0811	6
149.2	20.6779	2293.7215	5.0741	6
149.25	20.6736	2279.4532	5.0714	6
149.3	20.6687	2266.2303	5.0882	6
149.35	20.6643	2252.6817	5.0789	6
149.4	20.6602	2239.3062	5.0727	6
149.45	20.6551	2226.9914	5.0587	6
149.5	20.65	2214.4809	5.0598	6
149.55	20.645	2202.2631	5.0765	6
149.6	20.6394	2191.1468	5.0829	6
149.65	20.6339	2179.7065	5.0873	6
149.7	20.6284	2168.589	5.089	6
149.75	20.6224	2158.0516	5.0825	6
149.8	20.6164	2147.9097	5.0828	6
149.85	20.6103	2138.424	5.0766	6
149.9	20.6043	2128.6465	5.0764	6
149.95	20.5983	2119.0464	5.0681	6
150	20.5918	2110.292	5.0766	6
150.05	20.5858	2101.2833	5.0843	6
150.1	20.58	2092.3086	5.0764	6
150.15	20.5738	2084.0506	5.0802	6
150.2	20.5671	2076.912	5.0717	6
150.25	20.5613	2068.6695	5.0876	6
150.3	20.5552	2060.7878	5.1098	6
150.35	20.5481	2054.2725	5.0984	6
150.4	20.5421	2046.8887	5.0837	6
150.45	20.5366	2039.2195	5.0754	6
150.5	20.5301	2033.0511	5.0878	6
150.55	20.5237	2026.7947	5.1037	6
150.6	20.5179	2020.0792	5.1017	6
150.65	20.5116	2014.2763	5.0944	6
150.7	20.505	2009.0065	5.0901	6
150.75	20.4988	2003.2306	5.0997	6
150.8	20.4928	1997.754	5.1093	6
150.85	20.4868	1992.7125	5.1162	6
150.9	20.4808	1987.7341	5.1129	6
150.95	20.4748	1982.7685	5.0968	6
151	20.4688	1978.029	5.0822	6
151.05	20.4626	1973.927	5.0945	6
151.1	20.4568	1969.5379	5.0922	6
151.15	20.4512	1965.0853	5.0781	6
151.2	20.4449	1961.7782	5.072	6
151.25	20.4389	1958.315	5.0789	6
151.3	20.4337	1953.918	5.0874	6
151.35	20.4278	1950.8274	5.0695	6
151.4	20.4219	1948.1554	5.0767	6
151.45	20.4166	1944.6143	5.0959	6
151.5	20.4109	1941.5006	5.0863	6
151.55	20.4048	1939.3221	5.1009	6
151.6	20.3995	1936.0727	5.1051	6
151.65	20.3939	1933.7281	5.0941	6
151.7	20.3886	1931.4329	5.1089	6
151.75	20.3832	1929.1559	5.1139	6
151.8	20.378	1926.9761	5.1047	6
151.85	20.3727	1925.1827	5.0872	6
151.9	20.3673	1923.5903	5.081	6
151.95	20.3623	1921.6343	5.099	6
152	20.3572	1920.2806	5.0959	6
152.05	20.3525	1918.5169	5.0913	6
152.1	20.3479	1916.5948	5.0913	6
152.15	20.3428	1915.7197	5.0996	6
152.2	20.3384	1913.9628	5.1085	6
152.25	20.3341	1912.3287	5.1137	6
152.3	20.3293	1911.6878	5.1011	6
152.35	20.325	1910.5966	5.1062	6
152.4	20.3214	1908.5248	5.1092	6
152.45	20.3169	1908.01	5.1037	6
152.5	20.3127	1907.0334	5.0933	6
152.55	20.3096	1904.7444	5.1028	6
152.6	20.3052	1904.1956	5.1019	6
152.65	20.301	1903.5831	5.1029	6
152.7	20.298	1901.5089	5.0947	6
152.75	20.2946	1900.274	5.0669	6
152.8	20.2905	1900.1402	5.0851	6
152.85	20.2876	1898.4263	5.1132	6
152.9	20.2847	1896.6784	5.1147	6
152.95	20.2809	1896.5805	5.1115	6
153	20.2775	1895.998	5.0998	6
153.05	20.275	1894.2143	5.095	6
153.1	20.2712	1894.4063	5.0849	6
153.15	20.2678	1894.4736	5.0783	6
153.2	20.2653	1893.1029	5.0802	6
153.25	20.2622	1892.8588	5.0715	6
153.3	20.2588	1893.0286	5.0673	6
153.35	20.2557	1892.668	5.0595	6
153.4	20.2526	1892.6709	5.0567	6
153.45	20.2496	1892.8049	5.0673	6
153.5	20.2467	1892.7348	5.068	6
153.55	20.2437	1892.8406	5.0757	6
153.6	20.2405	1893.3881	5.0792	6
153.65	20.2379	1893.2169	5.0882	6
153.7	20.2352	1893.1362	5.0988	6
153.75	20.2326	1893.3241	5.0915	6
153.8	20.23	1893.6517	5.0958	6
153.85	20.2275	1893.8966	5.0879	6
153.9	20.2253	1893.8336	5.0532	6
153.95	20.2228	1894.0489	5.0517	6
154	20.2203	1894.5576	5.0716	6
154.05	20.2183	1894.3744	5.0728	6
154.1	20.2164	1894.1915	5.0584	6
154.15	20.2139	1894.998	5.06	6
154.2	20.2119	1895.0333	5.0704	6
154.25	20.2104	1894.5416	5.0789	6
154.3	20.208	1895.2461	5.0878	6
154.35	20.2061	1895.5162	5.0904	6
154.4	20.2045	1895.4333	5.0846	6
154.45	20.2027	1895.4931	5.0863	6
154.5	20.2004	1896.3761	5.1017	6
154.55	20.1986	1896.8202	5.0882	6
154.6	20.1972	1896.8455	5.0865	6
154.65	20.1952	1897.7849	5.0868	6
154.7	20.1931	1898.8493	5.0872	6
154.75	20.1921	1898.5198	5.0852	6
154.8	20.1904	1899.1872	5.0741	6
154.85	20.1886	1899.8615	5.0972	6
154.9	20.1876	1899.7098	5.1131	6
154.95	20.1861	1900.17	5.0894	6
155	20.1845	1900.9661	5.0837	6
155.05	20.1835	1900.6515	5.0876	6
155.1	20.1821	1901.2758	5.0894	6
155.15	20.1807	1901.6566	5.0876	6
155.2	20.1798	1901.9533	5.0944	6
155.25	20.1786	1901.9473	5.1036	6
155.3	20.1777	1902.1053	5.0816	6
155.35	20.1765	1902.4467	5.0733	6
155.4	20.1757	1902.5761	5.0844	6
155.45	20.1748	1902.8999	5.0725	6
155.5	20.1737	1902.9387	5.0649	6
155.55	20.1728	1903.7585	5.0726	6
155.6	20.172	1903.5339	5.0662	6
155.65	20.1711	1903.7304	5.0709	6
155.7	20.1703	1904.4619	5.075	6
155.75	20.1693	1904.2403	5.0866	6
155.8	20.1688	1904.1856	5.0659	6
155.85	20.168	1904.9251	5.064	6
155.9	20.1669	1904.9944	5.0629	6
155.95	20.1664	1904.958	5.0601	6
156	20.166	1905.4983	5.0628	6
156.05	20.1647	1906.0435	5.0385	6
156.1	20.1641	1905.6564	5.0388	6
156.15	20.1635	1906.449	5.0471	6
156.2	20.1625	1907.5691	5.0455	6
156.25	20.1618	1906.9751	5.064	6
156.3	20.1617	1906.6413	5.0605	6
156.35	20.1609	1907.975	5.0651	6
156.4	20.1603	1908.6439	5.0826	6
156.45	20.1601	1907.1942	5.0756	6
156.5	20.1592	1907.6953	5.0684	6
156.55	20.1582	1909.1525	5.0621	6
156.6	20.1585	1908.8738	5.0612	6
156.65	20.1579	1909.0776	5.0652	6
156.7	20.1568	1909.4345	5.0549	6
156.75	20.157	1909.1686	5.0739	6
156.8	20.1569	1909.5147	5.0769	6
156.85	20.156	1911.1201	5.0656	6
156.9	20.1559	1910.8495	5.0679	6
156.95	20.1554	1909.9059	5.0657	6
157	20.1541	1911.2506	5.0661	6
157.05	20.1538	1911.9316	5.0761	6
157.1	20.1536	1912.3972	5.0726	6
157.15	20.1529	1913.6868	5.063	6
157.2	20.1524	1914.3069	5.0501	6
157.25	20.1518	1913.9503	5.056	6
157.3	20.151	1914.0366	5.0522	6
157.35	20.1508	1914.4169	5.0435	6
157.4	20.1501	1915.4823	5.0533	6
157.45	20.1495	1916.5197	5.0593	6
157.5	20.1495	1916.8287	5.0641	6
157.55	20.1492	1917.4855	5.0607	6
157.6	20.1485	1918.5907	5.0514	6
157.65	20.1486	1918.5483	5.0533	6
157.7	20.1481	1917.9336	5.0411	6
157.75	20.147	1918.1558	5.0436	6
157.8	20.1465	1918.9424	5.0589	6
157.85	20.1468	1918.6377	5.0502	6
157.9	20.1462	1919.7385	5.0545	6
157.95	20.1453	1921.3298	5.0687	6
158	20.1458	1920.8249	5.0463	6
158.05	20.1455	1921.5182	5.0367	6
158.1	20.1443	1923.6126	5.0178	6
158.15	20.1445	1923.6028	5.033	6
158.2	20.1447	1923.6755	5.0421	6
158.25	20.1439	1925.252	5.0408	6
158.3	20.1436	1925.839	5.0489	6
158.35	20.1439	1925.4765	5.0503	6
158.4	20.1434	1926.5916	5.0676	6
158.45	20.1431	1927.3364	5.0738	6
158.5	20.1433	1927.3125	5.0509	6
158.55	20.1432	1927.8472	5.0404	6
158.6	20.1429	1928.6368	5.0439	6
158.65	20.1433	1928.2573	5.0505	6
158.7	20.1432	1927.9242	5.0526	6
158.75	20.1426	1927.3793	5.0537	6
158.8	20.143	1926.4887	5.0499	6
158.85	20.1434	1926.2186	5.0481	6
158.9	20.1432	1926.8083	5.0575	6
158.95	20.1436	1926.6781	5.0702	6
159	20.1437	1926.8069	5.0897	6
159.05	20.1438	1926.9309	5.0971	6
159.1	20.1439	1926.9843	5.0799	6
159.15	20.1437	1927.404	5.0666	6
159.2	20.144	1927.3757	5.0868	6
159.25	20.1441	1927.4184	5.0809	6
159.3	20.1438	1928.2055	5.0719	6
159.35	20.1439	1928.3948	5.0648	6
159.4	20.144	1928.3978	5.0589	6
159.45	20.1439	1928.9234	5.0656	6
159.5	20.1442	1929.1454	5.0602	6
159.55	20.1446	1928.8654	5.0584	6
159.6	20.1449	1928.8744	5.0614	6
159.65	20.145	1929.111	5.0614	6
159.7	20.1453	1928.9949	5.081	6
159.75	20.1453	1929.3308	5.0827	6
159.8	20.1455	1929.3915	5.0739	6
159.85	20.1459	1928.7315	5.0837	6
159.9	20.1454	1928.0018	5.0794	6
159.95	20.1451	1927.6593	5.0871	6
160	20.1459	1926.6382	5.0964	6
160.05	20.1461	1926.561	5.0895	6
160.1	20.1459	1927.1915	5.0717	6
160.15	20.1473	1925.7237	5.0681	6
160.2	20.1479	1925.0789	5.0707	6
160.25	20.1473	1926.2821	5.0734	6
160.3	20.1483	1925.4225	5.0686	6
160.35	20.1492	1924.4874	5.0812	6
160.4	20.1487	1925.5475	5.089	6
160.45	20.1488	1925.6832	5.0926	6
160.5	20.1498	1923.6525	5.1172	6
160.55	20.149	1923.1928	5.1076	6
160.6	20.1487	1923.3584	5.1045	6
160.65	20.1498	1922.1589	5.1034	6
160.7	20.1499	1922.2682	5.0903	6
160.75	20.1495	1923.1881	5.0798	6
160.8	20.1502	1922.4967	5.0839	6
160.85	20.1508	1922.0053	5.089	6
160.9	20.1503	1923.072	5.0799	6
160.95	20.1504	1922.3954	5.0804	6
161	20.1509	1919.9189	5.1076	6
161.05	20.1502	1920.5693	5.1115	6
161.1	20.1502	1921.0584	5.1095	6
161.15	20.1509	1920.3401	5.1176	6
161.2	20.1507	1921.0022	5.101	6
161.25	20.1508	1921.2097	5.0824	6
161.3	20.1514	1920.6522	5.0749	6
161.35	20.1511	1920.674	5.0882	6
161.4	20.1508	1919.4835	5.0881	6
161.45	20.151	1918.7341	5.0842	6
161.5	20.1508	1919.1079	5.0719	6
161.55	20.1508	1919.4128	5.0581	6
161.6	20.151	1919.4143	5.0792	6
161.65	20.1512	1919.4387	5.0852	6
161.7	20.1512	1919.6953	5.0911	6
161.75	20.1514	1919.477	5.0906	6
161.8	20.1516	1917.8387	5.0914	6
161.85	20.1511	1917.6935	5.0998	6
161.9	20.151	1918.1515	5.0934	6
161.95	20.1513	1917.7805	5.096	6
162	20.1513	1918.1316	5.1008	6
162.05	20.151	1919.0325	5.1015	6
162.1	20.1512	1918.9509	5.1079	6
162.15	20.1514	1918.1763	5.1031	6
162.2	20.1507	1917.5174	5.0939	6
162.25	20.1503	1917.6015	5.0988	6
162.3	20.1506	1917.4131	5.1069	6
162.35	20.1506	1917.7286	5.1107	6
162.4	20.1503	1918.288	5.1233	6
162.45	20.1505	1918.2327	5.1184	6
162.5	20.1509	1918.0934	5.134	6
162.55	20.1509	1918.1061	5.1181	6
162.6	20.1502	1917.5927	5.1013	6
162.65	20.1505	1916.2667	5.1112	6
162.7	20.1505	1916.5264	5.1108	6
162.75	20.1499	1917.5744	5.1072	6
162.8	20.1502	1917.5133	5.0997	6
162.85	20.1503	1917.5309	5.1023	6
162.9	20.1501	1918.2448	5.0978	6
162.95	20.1504	1918.091	5.0744	6
163	20.1505	1917.4564	5.075	6
163.05	20.1496	1917.2077	5.0829	6
163.1	20.1493	1917.0279	5.0763	6
163.15	20.1497	1916.5905	5.0768	6
163.2	20.1493	1917.3214	5.0715	6
163.25	20.1493	1917.5874	5.0894	6
163.3	20.15	1917.0727	5.0929	6
163.35	20.15	1917.4039	5.0925	6
163.4	20.1499	1917.9889	5.1098	6
163.45	20.1504	1917.0952	5.0933	6
163.5	20.1497	1916.3998	5.0895	6
163.55	20.1487	1916.8926	5.104	6
163.6	20.1495	1916.1108	5.0945	6
163.65	20.1495	1916.346	5.0973	6
163.7	20.1489	1917.3296	5.1131	6
163.75	20.1493	1916.9533	5.1095	6
163.8	20.1493	1917.1558	5.1109	6
163.85	20.1487	1918.1883	5.1092	6
163.9	20.1488	1918.4859	5.1009	6
163.95	20.1489	1917.9226	5.0956	6
164	20.148	1917.3771	5.0853	6
164.05	20.1477	1917.3576	5.0911	6
164.1	20.1483	1916.9856	5.0971	6
164.15	20.1481	1917.5139	5.0961	6
164.2	20.1481	1917.7151	5.0757	6
164.25	20.1481	1917.7632	5.0682	6
164.3	20.1478	1918.3843	5.0984	6
164.35	20.1478	1918.8126	5.1165	6
164.4	20.1479	1918.9511	5.1196	6
164.45	20.1474	1919.6399	5.1154	6
164.5	20.1473	1919.8944	5.1034	6
164.55	20.1472	1919.07	5.1151	6
164.6	20.1468	1918.1826	5.1155	6
164.65	20.1462	1918.7838	5.0959	6
164.7	20.1462	1918.8969	5.0913	6
164.75	20.1463	1919.1074	5.0929	6
164.8	20.146	1919.7316	5.0915	6
164.85	20.1462	1919.6823	5.0783	6
164.9	20.1465	1919.5458	5.0705	6
164.95	20.1464	1920.0218	5.0691	6
165	20.1465	1919.982	5.059	6
165.05	20.1466	1920.0591	5.0628	6
165.1	20.1467	1920.161	5.0722	6
165.15	20.1466	1920.4601	5.0754	6
165.2	20.1468	1920.4569	5.0782	6
165.25	20.1472	1919.3433	5.0768	6
165.3	20.1471	1918.0907	5.0729	6
165.35	20.1469	1918.2356	5.0734	6
165.4	20.1477	1917.631	5.0755	6
165.45	20.1481	1917.2429	5.0938	6
165.5	20.1481	1917.515	5.0958	6
165.55	20.1488	1916.872	5.0926	6
165.6	20.1494	1916.2725	5.0962	6
165.65	20.1495	1916.4056	5.0789	6
165.7	20.15	1916.0927	5.0827	6
165.75	20.1504	1915.4723	5.0815	6
165.8	20.1499	1914.6607	5.0766	6
165.85	20.15	1913.7571	5.0732	6
165.9	20.1502	1913.5644	5.0739	6
165.95	20.1504	1913.6511	5.0801	6
166	20.1508	1913.265	5.0895	6
166.05	20.1513	1912.9334	5.0786	6
166.1	20.1515	1912.9169	5.0758	6
166.15	20.1514	1913.0763	5.0765	6
166.2	20.1514	1911.9313	5.0859	6
166.25	20.1511	1911.2979	5.084	6
166.3	20.1509	1911.5054	5.0938	6
166.35	20.1513	1911.2997	5.0988	6
166.4	20.1514	1911.4916	5.0917	6
166.45	20.1514	1911.5097	5.0835	6
166.5	20.1514	1911.7605	5.0885	6
166.55	20.1514	1911.6016	5.1	6
166.6	20.1512	1910.3107	5.1061	6
166.65	20.1506	1910.0057	5.1127	6
166.7	20.1507	1910.1101	5.1245	6
166.75	20.1511	1909.739	5.1046	6
166.8	20.151	1910.1664	5.1007	6
166.85	20.1508	1910.652	5.101	6
166.9	20.1511	1910.4171	5.1002	6
166.95	20.1511	1910.465	5.1059	6
167	20.1505	1910.0534	5.1079	6
167.05	20.1503	1909.2122	5.1149	6
167.1	20.1506	1908.971	5.1294	6
167.15	20.1505	1909.3476	5.1078	6
167.2	20.1507	1909.475	5.0992	6
167.25	20.1509	1909.291	5.0966	6
167.3	20.1507	1909.8603	5.1071	6
167.35	20.1506	1910.1385	5.1203	6
167.4	20.1504	1909.5704	5.0978	6
167.45	20.1497	1908.9171	5.0999	6
167.5	20.1497	1908.5176	5.1212	6
167.55	20.1501	1908.2874	5.1315	6
167.6	20.1502	1908.5981	5.1447	6
167.65	20.1506	1908.2649	5.1274	6
167.7	20.1507	1908.0292	5.1034	6
167.75	20.1503	1908.598	5.1186	6
167.8	20.1504	1908.5937	5.1258	6
167.85	20.1504	1907.666	5.1149	6
167.9	20.1496	1907.407	5.0974	6
167.95	20.1495	1907.4144	5.094	6
168	20.1498	1907.088	5.0944	6
168.05	20.1498	1907.2287	5.091	6
168.1	20.1497	1907.7761	5.1176	6
168.15	20.1501	1907.3638	5.1083	6
168.2	20.15	1907.7574	5.1169	6
168.25	20.15	1908.0121	5.1389	6
168.3	20.1499	1907.0969	5.1206	6
168.35	20.1494	1906.1669	5.1096	6
168.4	20.1492	1906.3291	5.1197	6
168.45	20.149	1906.7823	5.1247	6
168.5	20.1492	1906.8053	5.1221	6
168.55	20.149	1907.3243	5.1107	6
168.6	20.1487	1907.8875	5.1085	6
168.65	20.1489	1907.7687	5.1065	6
168.7	20.1487	1908.2932	5.0835	6
168.75	20.1485	1908.7495	5.0827	6
168.8	20.1487	1907.7092	5.0963	6
168.85	20.1479	1907.3145	5.1116	6
168.9	20.1476	1907.6035	5.1055	6
168.95	20.1477	1907.5188	5.1039	6
169	20.1473	1908.2228	5.1176	6
169.05	20.147	1908.8631	5.1005	6
169.1	20.1474	1908.4525	5.092	6
169.15	20.1471	1908.9391	5.097	6
169.2	20.1469	1909.5221	5.0803	6
169.25	20.1473	1909.1687	5.0812	6
169.3	20.1475	1909.2368	5.092	6
169.35	20.1471	1909.9005	5.0946	6
169.4	20.1472	1909.0099	5.0954	6
169.45	20.147	1907.7461	5.0925	6
169.5	20.1467	1907.8845	5.0909	6
169.55	20.1469	1907.7866	5.0916	6
169.6	20.1477	1907.1196	5.0897	6
169.65	20.1477	1907.3493	5.0815	6
169.7	20.1479	1907.25	5.0644	6
169.75	20.1488	1906.3718	5.0653	6
169.8	20.1488	1906.4331	5.0617	6
169.85	20.1489	1906.582	5.0515	6
169.9	20.1498	1905.6113	5.0748	6
169.95	20.1498	1905.2184	5.0776	6
170	20.1493	1904.4421	5.0791	6
170.05	20.1497	1903.3528	5.0804	6
170.1	20.1499	1903.3131	5.0746	6
170.15	20.1495	1903.9277	5.0791	6
170.2	20.1501	1903.5185	5.0786	6
170.25	20.1504	1903.2775	5.0782	6
170.3	20.15	1903.8476	5.0783	6
170.35	20.1503	1903.6684	5.0863	6
170.4	20.1507	1902.6636	5.0954	6
170.45	20.1499	1902.1593	5.0853	6
170.5	20.15	1901.5374	5.0734	6
170.55	20.1501	1901.3778	5.0823	6
170.6	20.1497	1901.9985	5.0804	6
170.65	20.1499	1901.8299	5.0815	6
170.7	20.1502	1901.6962	5.0966	6
170.75	20.1502	1901.8918	5.1046	6
170.8	20.1502	1902.0153	5.0975	6
170.85	20.1504	1901.2417	5.0983	6
170.9	20.1501	1900.0755	5.1011	6
170.95	20.1494	1900.592	5.1052	6
171	20.1496	1900.622	5.1019	6
171.05	20.1499	1900.3616	5.1156	6
171.1	20.1492	1901.322	5.1119	6
171.15	20.1494	1901.3684	5.0923	6
171.2	20.1497	1901.0106	5.09	6
171.25	20.1495	1901.5172	5.087	6
171.3	20.1489	1902.3769	5.0906	6
171.35	20.1493	1900.3773	5.0848	6
171.4	20.1486	1900.2996	5.0876	6
171.45	20.1476	1901.5994	5.0936	6
171.5	20.1482	1900.8901	5.0871	6
171.55	20.1484	1900.7374	5.0833	6
171.6	20.1475	1902.0347	5.0892	6
171.65	20.1479	1901.848	5.0878	6
171.7	20.1483	1901.5238	5.071	6
171.75	20.1479	1902.4081	5.0737	6
171.8	20.1476	1903.1181	5.0832	6
171.85	20.1484	1901.7847	5.0774	6
171.9	20.1472	1901.6931	5.0663	6
171.95	20.1465	1901.7786	5.0672	6
172	20.1472	1901.0205	5.0706	6
172.05	20.1468	1901.7019	5.0814	6
172.1	20.1462	1902.7252	5.0715	6
172.15	20.1466	1902.3746	5.0744	6
172.2	20.1464	1902.7921	5.0725	6
172.25	20.1458	1903.8802	5.0808	6
172.3	20.1462	1903.4619	5.063	6
172.35	20.1461	1903.6877	5.0538	6
172.4	20.1455	1904.7114	5.0558	6
172.45	20.1457	1904.5795	5.0781	6
172.5	20.146	1904.4875	5.0932	6
172.55	20.1454	1905.2764	5.0834	6
172.6	20.1453	1905.1633	5.0651	6
172.65	20.1451	1903.6782	5.0635	6
172.7	20.1443	1903.798	5.0669	6
172.75	20.1443	1903.9932	5.0637	6
172.8	20.1445	1903.8668	5.0658	6
172.85	20.144	1904.7431	5.0586	6
172.9	20.1443	1904.4919	5.0643	6
172.95	20.1446	1904.1752	5.0717	6
173	20.1442	1904.9278	5.0691	6
173.05	20.1444	1904.7356	5.07	6
173.1	20.1451	1904.1528	5.0779	6
173.15	20.1442	1905.7007	5.0859	6
173.2	20.1442	1905.9223	5.0686	6
173.25	20.1446	1905.394	5.0487	6
173.3	20.1441	1906.2863	5.0526	6
173.35	20.144	1906.8847	5.0767	6
173.4	20.1449	1905.7939	5.0729	6
173.45	20.1445	1906.5539	5.0605	6
173.5	20.1441	1907.4426	5.0635	6
173.55	20.1452	1906.061	5.0697	6
173.6	20.1449	1906.632	5.0777	6
173.65	20.1441	1907.8386	5.0714	6
173.7	20.1449	1905.6584	5.0777	6
173.75	20.1445	1904.6695	5.0731	6
173.8	20.1436	1905.8395	5.0801	6
173.85	20.1443	1905.2378	5.0814	6
173.9	20.1447	1904.9057	5.0609	6
173.95	20.1438	1906.248	5.0537	6
174	20.1439	1906.2029	5.0551	6
174.05	20.1445	1905.572	5.0639	6
174.1	20.1442	1906.1344	5.0631	6
174.15	20.1443	1906.2028	5.0635	6
174.2	20.1449	1905.5833	5.0756	6
174.25	20.1452	1905.4692	5.0844	6
174.3	20.1448	1906.2649	5.0797	6
174.35	20.1452	1905.815	5.0673	6
174.4	20.1453	1905.9223	5.0694	6
174.45	20.1448	1906.8318	5.0755	6
174.5	20.1454	1906.2986	5.0638	6
174.55	20.1455	1906.4507	5.0645	6
174.6	20.1451	1907.0541	5.0767	6
174.65	20.1455	1906.5039	5.0753	6
174.7	20.1452	1905.9439	5.0896	6
174.75	20.1446	1905.3685	5.0991	6
174.8	20.1446	1905.2746	5.0906	6
174.85	20.1448	1905.1834	5.0952	6
174.9	20.1446	1905.5457	5.0903	6
174.95	20.145	1905.2126	5.0923	6
175	20.1451	1905.2186	5.1007	6
175.05	20.1452	1905.3905	5.0855	6
175.1	20.1456	1905.088	5.0776	6
175.15	20.1455	1905.2036	5.0859	6
175.2	20.1455	1905.3847	5.0867	6
175.25	20.1459	1905.2727	5.0907	6
175.3	20.1463	1904.9691	5.0791	6
175.35	20.1464	1905.1074	5.0711	6
175.4	20.1464	1905.2102	5.0768	6
175.45	20.1468	1904.8729	5.0692	6
175.5	20.1469	1904.6086	5.0498	6
175.55	20.1465	1903.8556	5.0518	6
175.6	20.1464	1903.0023	5.0776	6
175.65	20.1471	1902.037	5.0876	6
175.7	20.1469	1902.5338	5.0787	6
175.75	20.1475	1902.2264	5.0924	6
175.8	20.1484	1901.1137	5.0963	6
175.85	20.1483	1901.3621	5.0816	6
175.9	20.1483	1901.6899	5.0854	6
175.95	20.149	1900.9698	5.0815	6
176	20.1491	1900.9848	5.0811	6
176.05	20.1486	1901.8011	5.0623	6
176.1	20.1486	1901.0101	5.0682	6
176.15	20.1488	1899.2863	5.0688	6
176.2	20.1481	1899.8226	5.0671	6
176.25	20.1481	1900.0302	5.0845	6
176.3	20.1489	1899.1622	5.0984	6
176.35	20.1489	1899.2943	5.0984	6
176.4	20.1483	1900.1478	5.1063	6
176.45	20.149	1899.4048	5.0929	6
176.5	20.1493	1899.1922	5.1019	6
176.55	20.1488	1900.0582	5.1032	6
176.6	20.1489	1899.5673	5.0815	6
176.65	20.1491	1897.9898	5.0818	6
176.7	20.1488	1897.7453	5.0911	6
176.75	20.1483	1898.4445	5.0822	6
176.8	20.149	1897.7788	5.0813	6
176.85	20.149	1897.861	5.0988	6
176.9	20.1484	1898.97	5.1142	6
176.95	20.1488	1898.5365	5.1116	6
177	20.1492	1898.0093	5.1004	6
177.05	20.1487	1899.0915	5.0909	6
177.1	20.1486	1899.0835	5.0808	6
177.15	20.1488	1897.3781	5.0843	6
177.2	20.1481	1896.9202	5.0852	6
177.25	20.1475	1897.7084	5.0842	6
177.3	20.1481	1897.1009	5.0889	6
177.35	20.1481	1897.2047	5.0876	6
177.4	20.1475	1898.3177	5.0964	6
177.45	20.1481	1897.6751	5.0947	6
177.5	20.1483	1897.7227	5.0799	6
177.55	20.1476	1898.9088	5.0745	6
177.6	20.1485	1897.9607	5.083	6
177.65	20.1486	1897.775	5.0873	6
177.7	20.1475	1897.9434	5.0816	6
177.75	20.1476	1896.5538	5.0828	6
177.8	20.1482	1895.6269	5.0897	6
177.85	20.1475	1896.6913	5.0862	6
177.9	20.1475	1896.8693	5.0737	6
177.95	20.1483	1895.7694	5.0563	6
178	20.1478	1896.6604	5.0476	6
178.05	20.1477	1896.9443	5.0489	6
178.1	20.1482	1896.373	5.0514	6
178.15	20.1481	1896.8487	5.0638	6
178.2	20.1482	1896.9058	5.0693	6
178.25	20.148	1896.2701	5.0583	6
178.3	20.1472	1895.6699	5.0722	6
178.35	20.1474	1895.0813	5.0726	6
178.4	20.1477	1894.9655	5.078	6
178.45	20.147	1895.7984	5.0868	6
178.5	20.1473	1895.5551	5.078	6
178.55	20.1478	1895.0263	5.0737	6
178.6	20.1473	1895.8136	5.0718	6
178.65	20.1471	1896.3488	5.056	6
178.7	20.1478	1895.6959	5.055	6
178.75	20.1474	1896.3433	5.0656	6
178.8	20.1472	1896.9113	5.0754	6
178.85	20.1476	1896.1303	5.0781	6
178.9	20.1471	1895.3427	5.0845	6
178.95	20.1465	1895.2083	5.075	6
179	20.147	1894.6227	5.071	6
179.05	20.1466	1895.2627	5.0731	6
179.1	20.1462	1896.1717	5.0825	6
179.15	20.1468	1895.4841	5.0755	6
179.2	20.1465	1895.932	5.0651	6
179.25	20.146	1896.8441	5.0662	6
179.3	20.1467	1896.1361	5.074	6
179.35	20.1467	1896.1935	5.0696	6
179.4	20.146	1897.4405	5.0784	6
179.45	20.146	1897.6386	5.0899	6
179.5	20.1463	1897.2079	5.0689	6
179.55	20.1458	1898.0275	5.0574	6
179.6	20.1452	1897.8862	5.0601	6
179.65	20.1459	1895.5243	5.0714	6
179.7	20.1451	1896.2445	5.0723	6
179.75	20.1445	1897.2997	5.0614	6
179.8	20.1452	1896.3612	5.0656	6
179.85	20.1455	1896.1199	5.0866	6
179.9	20.1443	1897.7511	5.075	6
179.95	20.1445	1897.5704	5.0715	6
180	20.1455	1896.4012	5.0601	6
180.05	20.145	1897.2871	5.0573	6
180.1	20.1445	1898.0652	5.0593	6
180.15	20.1457	1896.716	5.0504	6
180.2	20.1456	1897.0777	5.0473	6
180.25	20.1451	1898.0254	5.0656	6
180.3	20.1455	1897.5327	5.0677	6
180.35	20.1459	1897.1171	5.0623	6
180.4	20.1454	1898.0202	5.058	6
180.45	20.1455	1897.9778	5.066	6
180.5	20.1457	1896.4734	5.0623	6
180.55	20.1451	1895.8399	5.0604	6
180.6	20.1448	1896.1985	5.0874	6
180.65	20.1452	1895.9112	5.078	6
180.7	20.1452	1896.1668	5.0744	6
180.75	20.1451	1896.326	5.0885	6
180.8	20.1453	1896.3027	5.0888	6
180.85	20.1456	1896.0361	5.0778	6
180.9	20.1458	1895.9048	5.0708	6
180.95	20.1458	1896.1363	5.0801	6
181	20.1461	1895.9375	5.0804	6
181.05	20.1465	1895.6999	5.0758	6
181.1	20.1465	1895.8084	5.0855	6
181.15	20.1466	1895.6821	5.0887	6
181.2	20.1469	1895.7175	5.093	6
181.25	20.1473	1895.1267	5.0909	6
181.3	20.147	1893.9832	5.0936	6
181.35	20.1461	1893.8349	5.0852	6
181.4	20.1467	1893.228	5.0895	6
181.45	20.1471	1892.9027	5.0888	6
181.5	20.1461	1894.2467	5.0845	6
181.55	20.1464	1893.8177	5.0673	6
181.6	20.1472	1892.9651	5.0764	6
181.65	20.1466	1893.9297	5.0891	6
181.7	20.1468	1893.8838	5.0782	6
181.75	20.1475	1893.1375	5.0666	6
181.8	20.1474	1893.3467	5.0584	6
181.85	20.1471	1893.8066	5.0754	6
181.9	20.1476	1893.2549	5.093	6
181.95	20.1474	1892.3379	5.0986	6
182	20.1468	1891.8301	5.1055	6
182.05	20.1466	1892.0723	5.0932	6
182.1	20.1469	1891.8295	5.0934	6
182.15	20.147	1891.9151	5.0994	6
182.2	20.1466	1892.488	5.1101	6
182.25	20.1467	1892.5753	5.0939	6
182.3	20.1473	1891.9633	5.0694	6
182.35	20.147	1892.4099	5.0708	6
182.4	20.1468	1892.8185	5.0803	6
182.45	20.1473	1892.4028	5.0745	6
182.5	20.1477	1892.0639	5.0866	6
182.55	20.1473	1892.691	5.0997	6
182.6	20.147	1891.9621	5.089	6
182.65	20.1471	1890.3187	5.0908	6
182.7	20.1465	1890.9563	5.0749	6
182.75	20.1461	1891.5287	5.0712	6
182.8	20.1466	1891.0109	5.0734	6
182.85	20.1465	1891.3365	5.0948	6
182.9	20.1461	1892.1411	5.0972	6
182.95	20.1462	1892.1929	5.0753	6
183	20.1467	1891.6888	5.0824	6
183.05	20.1461	1892.6517	5.0863	6
183.1	20.1463	1892.5922	5.0866	6
183.15	20.1471	1891.452	5.0941	6
183.2	20.1466	1892.3392	5.0898	6
183.25	20.1466	1892.6075	5.076	6
183.3	20.147	1891.1212	5.0669	6
183.35	20.1464	1890.2711	5.0763	6
183.4	20.1458	1890.6876	5.0936	6
183.45	20.1462	1890.317	5.0718	6
183.5	20.1467	1889.8343	5.0543	6
183.55	20.1465	1890.3411	5.0512	6
183.6	20.1466	1890.457	5.0786	6
183.65	20.1471	1890.0147	5.0974	6
183.7	20.1471	1890.1504	5.0883	6
183.75	20.147	1890.503	5.0746	6
183.8	20.1473	1890.2806	5.0871	6
183.85	20.1476	1889.9107	5.0959	6
183.9	20.1475	1890.0303	5.104	6
183.95	20.1473	1889.7634	5.0906	6
184	20.1471	1888.2843	5.0779	6
184.05	20.1472	1887.6243	5.0753	6
184.1	20.1469	1888.1811	5.0752	6
184.15	20.1471	1887.991	5.0867	6
184.2	20.1476	1887.53	5.0593	6
184.25	20.1476	1887.6774	5.0606	6
184.3	20.1475	1888.01	5.0809	6
184.35	20.1478	1887.7949	5.0951	6
184.4	20.1477	1887.8707	5.0913	6
184.45	20.1474	1888.5941	5.0784	6
184.5	20.1475	1888.5075	5.0536	6
184.55	20.1477	1888.0062	5.0516	6
184.6	20.1471	1887.5442	5.0578	6
184.65	20.147	1886.8664	5.0856	6
184.7	20.1471	1886.7101	5.0744	6
184.75	20.1471	1886.8423	5.063	6
184.8	20.1469	1887.1898	5.0851	6
184.85	20.1469	1887.3547	5.0905	6
184.9	20.1469	1887.3869	5.1007	6
184.95	20.1472	1887.1654	5.0918	6
185	20.1472	1887.453	5.0778	6
185.05	20.1473	1887.608	5.0776	6
185.1	20.1477	1887.1748	5.0747	6
185.15	20.1479	1887.1704	5.0756	6
185.2	20.1474	1887.0592	5.0884	6
185.25	20.147	1885.8679	5.0816	6
185.3	20.1471	1885.335	5.0844	6
185.35	20.1465	1886.2167	5.072	6
185.4	20.1465	1886.1758	5.0641	6
185.45	20.1472	1885.3255	5.0621	6
185.5	20.1468	1886.1978	5.0779	6
185.55	20.1468	1886.4065	5.0767	6
185.6	20.1476	1885.5463	5.073	6
185.65	20.1474	1885.9473	5.0785	6
185.7	20.147	1886.7782	5.0752	6
185.75	20.1477	1885.9592	5.0786	6
185.8	20.1478	1885.6666	5.0791	6
185.85	20.1466	1886.2597	5.0804	6
185.9	20.1467	1884.6559	5.0749	6
185.95	20.1473	1883.5601	5.0784	6
186	20.1466	1884.7709	5.0884	6
186.05	20.1466	1885.0064	5.0795	6
186.1	20.148	1883.4842	5.0799	6
186.15	20.1476	1884.17	5.0901	6
186.2	20.1472	1884.9731	5.1035	6
186.25	20.1482	1883.7728	5.0923	6
186.3	20.1488	1883.1374	5.0885	6
186.35	20.1482	1884.2352	5.0924	6
186.4	20.1493	1882.916	5.0873	6
186.45	20.1496	1881.1565	5.1037	6
186.5	20.1488	1880.752	5.1106	6
186.55	20.1491	1880.3001	5.1115	6
186.6	20.1498	1879.6328	5.1091	6
186.65	20.1495	1880.1452	5.1115	6
186.7	20.1495	1880.3207	5.1184	6
186.75	20.1498	1880.0761	5.1158	6
186.8	20.1499	1880.1193	5.1021	6
186.85	20.1495	1880.798	5.0909	6
186.9	20.1498	1879.8437	5.0858	6
186.95	20.1496	1878.61	5.082	6
187	20.1493	1878.6308	5.0875	6
187.05	20.1494	1878.5046	5.0939	6
187.1	20.1495	1878.2764	5.111	6
187.15	20.1496	1878.3477	5.1101	6
187.2	20.1493	1878.8294	5.1009	6
187.25	20.1493	1878.8434	5.0952	6
187.3	20.1496	1878.6797	5.0923	6
187.35	20.1492	1879.1477	5.1071	6
187.4	20.1485	1878.6141	5.1095	6
187.45	20.1483	1877.6039	5.0923	6
187.5	20.1478	1878.1532	5.0921	6
187.55	20.1476	1878.4795	5.086	6
187.6	20.1474	1878.8271	5.0863	6
187.65	20.1476	1878.7169	5.0913	6
187.7	20.147	1879.605	5.102	6
187.75	20.1468	1880.0378	5.086	6
187.8	20.1472	1879.7208	5.0616	6
187.85	20.1468	1880.5986	5.0901	6
187.9	20.1465	1881.0536	5.0904	6
187.95	20.1472	1880.1299	5.0754	6
188	20.1466	1880.0735	5.0741	6
188.05	20.1457	1879.7946	5.0644	6
188.1	20.1461	1878.8315	5.0513	6
188.15	20.1461	1879.0356	5.0647	6
188.2	20.1453	1880.3262	5.0822	6
188.25	20.1458	1879.6957	5.093	6
188.3	20.146	1879.7196	5.077	6
188.35	20.1453	1880.7841	5.0596	6
188.4	20.1455	1880.7036	5.0705	6
188.45	20.1459	1880.4135	5.0849	6
188.5	20.1453	1881.2794	5.0897	6
188.55	20.1449	1881.8458	5.0993	6
188.6	20.1454	1881.4205	5.0904	6
188.65	20.1452	1881.7625	5.0831	6
188.7	20.1449	1882.3472	5.0872	6
188.75	20.1451	1882.225	5.0912	6
188.8	20.1451	1882.2296	5.096	6
188.85	20.1446	1881.9807	5.0854	6
188.9	20.1439	1881.2557	5.0792	6
188.95	20.1438	1880.9359	5.0697	6
189	20.1435	1881.3537	5.0695	6
189.05	20.1433	1881.8888	5.0751	6
189.1	20.1434	1882.0812	5.0678	6
189.15	20.1435	1882.1011	5.0774	6
189.2	20.1434	1882.3749	5.0776	6
189.25	20.1432	1882.7868	5.0791	6
189.3	20.1435	1882.512	5.0722	6
189.35	20.1435	1882.5408	5.0773	6
189.4	20.1433	1882.9823	5.1038	6
189.45	20.1435	1882.8024	5.0915	6
189.5	20.144	1882.5972	5.0692	6
189.55	20.144	1882.9186	5.0805	6
189.6	20.144	1883.0237	5.0953	6
189.65	20.1446	1882.2993	5.1067	6
189.7	20.1448	1881.9543	5.1105	6
189.75	20.1446	1882.4594	5.1118	6
189.8	20.1449	1882.2956	5.0905	6
189.85	20.1454	1881.5511	5.0906	6
189.9	20.145	1882.2459	5.0831	6
189.95	20.1448	1882.6877	5.0716	6
190	20.1455	1881.8233	5.0693	6
190.05	20.1449	1881.3517	5.0707	6
190.1	20.1442	1880.9489	5.0805	6
190.15	20.1444	1880.6499	5.0964	6
190.2	20.1446	1880.6512	5.0891	6
190.25	20.1443	1881.1445	5.0807	6
190.3	20.1446	1880.9227	5.0827	6
190.35	20.1449	1880.6215	5.0836	6
190.4	20.1449	1880.691	5.0901	6
190.45	20.1448	1880.8971	5.1054	6
190.5	20.1449	1880.8774	5.0917	6
190.55	20.1452	1880.5523	5.0698	6
190.6	20.1453	1880.6604	5.0643	6
190.65	20.1451	1880.9916	5.0857	6
190.7	20.1456	1880.4716	5.0868	6
190.75	20.1459	1880.2251	5.0721	6
190.8	20.1456	1880.7715	5.078	6
190.85	20.1457	1880.6749	5.0743	6
190.9	20.1465	1879.8711	5.0806	6
190.95	20.1458	1880.0357	5.0951	6
191	20.1454	1878.9547	5.0925	6
191.05	20.1463	1877.286	5.0892	6
191.1	20.1465	1877.251	5.0778	6
191.15	20.1463	1877.5436	5.0839	6
191.2	20.1471	1876.6454	5.078	6
191.25	20.1474	1876.2299	5.0628	6
191.3	20.1474	1876.3817	5.0606	6
191.35	20.1475	1876.3453	5.0633	6
191.4	20.1479	1875.8571	5.0559	6
191.45	20.1483	1875.6288	5.0623	6
191.5	20.1485	1875.6986	5.0599	6
191.55	20.1489	1874.9755	5.0625	6
191.6	20.1485	1874.139	5.0624	6
191.65	20.148	1873.632	5.0447	6
191.7	20.1484	1872.9648	5.0408	6
191.75	20.1485	1873.1436	5.0538	6
191.8	20.1484	1873.4452	5.0736	6
191.85	20.1487	1873.127	5.0919	6
191.9	20.1492	1872.6965	5.077	6
191.95	20.1493	1872.6953	5.0531	6
192	20.1496	1872.3931	5.0515	6
192.05	20.1503	1871.4709	5.0709	6
192.1	20.1501	1870.3427	5.0813	6
192.15	20.1497	1869.6233	5.0807	6
192.2	20.1496	1869.5816	5.0741	6
192.25	20.1497	1869.4823	5.0727	6
192.3	20.1497	1869.6832	5.0789	6
192.35	20.1495	1870.4135	5.0691	6
192.4	20.1497	1870.2407	5.0628	6
192.45	20.15	1869.9718	5.0614	6
192.5	20.1493	1870.8537	5.0559	6
192.55	20.1497	1869.4717	5.0561	6
192.6	20.1499	1867.6434	5.0571	6
192.65	20.1493	1868.1226	5.0658	6
192.7	20.1492	1868.4008	5.0794	6
192.75	20.1501	1867.2597	5.07	6
192.8	20.1497	1867.9381	5.0888	6
192.85	20.1493	1868.5613	5.0847	6
192.9	20.1498	1867.9703	5.0596	6
192.95	20.15	1867.8299	5.062	6
193	20.1497	1867.7712	5.0604	6
193.05	20.1495	1866.3702	5.0572	6
193.1	20.1495	1865.9498	5.0609	6
193.15	20.1494	1866.1589	5.0787	6
193.2	20.1492	1866.4347	5.0774	6
193.25	20.1494	1866.3523	5.0807	6
193.3	20.1497	1866.0708	5.0757	6
193.35	20.1499	1866.0843	5.0703	6
193.4	20.1501	1866.0796	5.0721	6
193.45	20.1501	1865.7412	5.0713	6
193.5	20.1496	1864.8816	5.0838	6
193.55	20.1492	1864.5745	5.0861	6
193.6	20.1489	1864.9402	5.0749	6
193.65	20.149	1864.8467	5.0734	6
193.7	20.149	1865.0591	5.0738	6
193.75	20.1486	1865.6949	5.0772	6
193.8	20.1488	1865.4733	5.0692	6
193.85	20.1489	1865.3699	5.069	6
193.9	20.149	1865.4481	5.0744	6
193.95	20.1489	1865.1428	5.0836	6
194	20.1484	1863.9189	5.0841	6
194.05	20.1483	1863.407	5.0805	6
194.1	20.1482	1863.74	5.0869	6
194.15	20.148	1864.1417	5.0888	6
194.2	20.1481	1864.2652	5.085	6
194.25	20.1481	1864.2264	5.1014	6
194.3	20.1479	1864.5802	5.0934	6
194.35	20.148	1864.735	5.0905	6
194.4	20.148	1864.8279	5.0808	6
194.45	20.1476	1865.3349	5.0685	6
194.5	20.1473	1865.5923	5.0624	6
194.55	20.1465	1865.3499	5.0587	6
194.6	20.1463	1864.5333	5.0757	6
194.65	20.1458	1865.1815	5.095	6
194.7	20.1451	1866.186	5.0998	6
194.75	20.1457	1865.451	5.0939	6
194.8	20.1456	1865.8146	5.0738	6
194.85	20.1451	1866.5711	5.0745	6
194.9	20.1456	1865.9877	5.0751	6
194.95	20.1457	1866.0615	5.0813	6
195	20.1452	1866.8122	5.0958	6
195.05	20.145	1867.1779	5.1077	6
195.1	20.1455	1866.6599	5.1264	6
195.15	20.1448	1867.7579	5.1177	6
195.2	20.1443	1868.6301	5.0981	6
195.25	20.1451	1867.7212	5.1047	6
195.3	20.1448	1868.2207	5.1074	6
195.35	20.144	1869.5578	5.1048	6
195.4	20.1446	1868.5241	5.1024	6
195.45	20.1443	1867.4857	5.0881	6
195.5	20.143	1867.9594	5.1035	6
195.55	20.1429	1867.8716	5.1073	6
195.6	20.1437	1867.0493	5.0973	6
195.65	20.1425	1868.8192	5.0838	6
195.7	20.1422	1869.3424	5.0668	6
195.75	20.1429	1868.2298	5.0708	6
195.8	20.1424	1869.1855	5.0871	6
195.85	20.1416	1870.5735	5.0965	6
195.9	20.1422	1869.6453	5.1021	6
195.95	20.1422	1869.9252	5.099	6
196	20.1413	1871.4212	5.1133	6
196.05	20.1418	1870.8198	5.1158	6
196.1	20.1419	1870.6779	5.0964	6
196.15	20.141	1872.0583	5.0897	6
196.2	20.141	1872.172	5.075	6
196.25	20.1413	1871.9652	5.0807	6
196.3	20.1406	1873.0809	5.0855	6
196.35	20.1404	1873.5365	5.0852	6
196.4	20.1408	1873.2176	5.1007	6
196.45	20.1406	1873.7464	5.1107	6
196.5	20.1404	1874.1047	5.0937	6
196.55	20.1407	1873.7412	5.0827	6
196.6	20.1405	1874.0449	5.0783	6
196.65	20.1406	1874.1119	5.0802	6
196.7	20.1409	1873.7491	5.0732	6
196.75	20.1408	1873.9925	5.0657	6
196.8	20.1411	1873.9606	5.0813	6
196.85	20.1414	1873.6543	5.0792	6
196.9	20.1411	1874.098	5.0847	6
196.95	20.1413	1873.9288	5.0844	6
197	20.1415	1873.7462	5.076	6
197.05	20.1414	1873.9741	5.0681	6
197.1	20.1415	1874.155	5.0725	6
197.15	20.1418	1873.986	5.0861	6
197.2	20.1417	1874.0665	5.0915	6
197.25	20.1416	1874.2153	5.0784	6
197.3	20.1415	1874.3104	5.0834	6
197.35	20.1417	1873.9483	5.0984	6
197.4	20.1416	1874.3363	5.113	6
197.45	20.1417	1874.5849	5.1051	6
197.5	20.1419	1874.3345	5.0951	6
197.55	20.1418	1874.6023	5.1123	6
197.6	20.1417	1874.8589	5.0986	6
197.65	20.142	1874.5739	5.0846	6
197.7	20.142	1874.592	5.0724	6
197.75	20.1417	1874.8633	5.0748	6
197.8	20.1424	1874.1426	5.0791	6
197.85	20.1425	1874.0894	5.0711	6
197.9	20.1421	1874.6695	5.0753	6
197.95	20.1425	1874.2273	5.0849	6
198	20.1425	1874.292	5.0757	6
198.05	20.1422	1874.8402	5.0672	6
198.1	20.1425	1874.5756	5.0727	6
198.15	20.1425	1874.6745	5.0923	6
198.2	20.1423	1875.2549	5.0907	6
198.25	20.1426	1875.0242	5.0801	6
198.3	20.1427	1874.8955	5.0916	6
198.35	20.1423	1875.5867	5.0965	6
198.4	20.1424	1875.6627	5.0814	6
198.45	20.1424	1875.5216	5.076	6
198.5	20.1421	1876.0661	5.0663	6
198.55	20.142	1876.1877	5.0645	6
198.6	20.1423	1875.976	5.0669	6
198.65	20.1421	1876.0364	5.0662	6
198.7	20.1415	1875.3639	5.0651	6
198.75	20.141	1875.1087	5.0633	6
198.8	20.1405	1875.6065	5.0654	6
198.85	20.1406	1875.5976	5.0639	6
198.9	20.1406	1875.9641	5.0699	6
198.95	20.1409	1875.8756	5.0975	6
199	20.1412	1875.5237	5.0986	6
199.05	20.1407	1876.2478	5.0974	6
199.1	20.1406	1876.3694	5.0971	6
199.15	20.1409	1876.0322	5.0764	6
199.2	20.1408	1876.4681	5.07	6
199.25	20.1406	1876.7851	5.0728	6
199.3	20.1413	1876.0359	5.0693	6
199.35	20.1411	1876.5418	5.0617	6
199.4	20.1407	1877.0505	5.0657	6
199.45	20.1408	1876.7807	5.0762	6
199.5	20.1408	1876.993	5.0719	6
199.55	20.1404	1877.6577	5.0671	6
199.6	20.1408	1877.3435	5.0607	6
199.65	20.1408	1877.3218	5.0609	6
199.7	20.1406	1877.7236	5.0582	6
199.75	20.1407	1877.7397	5.0603	6
199.8	20.141	1877.4959	5.0683	6
199.85	20.1409	1877.6739	5.0838	6
199.9	20.1411	1877.3757	5.0613	6
199.95	20.141	1877.651	5.0554	6
200	20.1412	1877.3958	5.0658	6
200.05	20.1414	1877.3404	5.0614	6
200.1	20.1413	1877.7394	5.0695	6
200.15	20.1415	1877.545	5.0635	6
200.2	20.1415	1877.5042	5.0594	6
200.25	20.1412	1877.9888	5.0711	6
200.3	20.1411	1878.2322	5.0756	6
200.35	20.1414	1877.9158	5.0778	6
200.4	20.1413	1878.1001	5.0569	6
200.45	20.1412	1878.4549	5.0459	6
200.5	20.1418	1877.7899	5.0551	6
200.55	20.1413	1878.4821	5.0603	6
200.6	20.141	1878.8404	5.0698	6
200.65	20.1416	1878.0151	5.0571	6
200.7	20.1411	1878.7852	5.0469	6
200.75	20.1409	1879.2985	5.0662	6
200.8	20.1415	1878.4719	5.0771	6
200.85	20.1414	1878.7561	5.0684	6
200.9	20.1412	1879.2421	5.067	6
200.95	20.1417	1878.6731	5.0701	6
201	20.1417	1878.6179	5.084	6
201.05	20.1416	1879.0888	5.081	6
201.1	20.1417	1878.9877	5.0747	6
201.15	20.1419	1878.8659	5.0813	6
201.2	20.1421	1878.7716	5.077	6
201.25	20.142	1879.0434	5.0974	6
201.3	20.142	1879.2262	5.1025	6
201.35	20.1426	1878.5546	5.1071	6
201.4	20.1423	1878.9927	5.1018	6
201.45	20.1418	1879.8795	5.0785	6
201.5	20.1424	1879.0795	5.0814	6
201.55	20.1424	1879.1731	5.0848	6
201.6	20.1414	1880.5335	5.0806	6
201.65	20.142	1879.771	5.0811	6
201.7	20.1423	1879.3156	5.0649	6
201.75	20.1416	1880.4887	5.0671	6
201.8	20.1416	1880.5804	5.0646	6
201.85	20.1421	1879.8895	5.0786	6
201.9	20.1413	1881.2516	5.0911	6
201.95	20.1413	1881.503	5.0829	6
202	20.1417	1880.9148	5.0812	6
202.05	20.1413	1881.4758	5.0586	6
202.1	20.1411	1881.8439	5.0627	6
202.15	20.1414	1881.4083	5.0767	6
202.2	20.141	1881.9837	5.0695	6
202.25	20.1407	1882.4461	5.0654	6
202.3	20.141	1882.1408	5.0645	6
202.35	20.1411	1882.2767	5.066	6
202.4	20.1409	1882.4792	5.0556	6
202.45	20.1412	1882.1921	5.051	6
202.5	20.1412	1882.3228	5.0609	6
202.55	20.1413	1882.414	5.0582	6
202.6	20.1412	1882.6106	5.0519	6
202.65	20.1414	1882.4469	5.0466	6
202.7	20.1415	1882.6328	5.0474	6
202.75	20.1417	1882.6267	5.059	6
202.8	20.142	1882.2978	5.057	6
202.85	20.1422	1882.2373	5.0491	6
202.9	20.1422	1882.3678	5.05	6
202.95	20.1424	1882.1353	5.0487	6
203	20.1427	1881.8099	5.0685	6
203.05	20.1423	1882.3348	5.0738	6
203.1	20.1423	1882.2348	5.0441	6
203.15	20.1426	1881.9907	5.0434	6
203.2	20.1421	1882.7461	5.0497	6
203.25	20.1419	1883.1398	5.0577	6
203.3	20.1425	1882.4261	5.0749	6
203.35	20.1419	1882.3311	5.067	6
203.4	20.1413	1881.4748	5.057	6
203.45	20.1418	1880.3977	5.0247	6
203.5	20.1419	1880.6128	5.0179	6
203.55	20.1417	1881.0952	5.0328	6
203.6	20.1424	1880.2604	5.0397	6
203.65	20.1427	1880.0009	5.0413	6
203.7	20.1424	1880.47	5.0314	6
203.75	20.1425	1880.4565	5.0343	6
203.8	20.143	1880.105	5.0615	6
203.85	20.1427	1880.5737	5.0673	6
203.9	20.1428	1880.5447	5.0657	6
203.95	20.1428	1880.3625	5.0616	6
204	20.143	1880.2377	5.0694	6
204.05	20.143	1880.3607	5.0823	6
204.1	20.1434	1879.9418	5.0729	6
204.15	20.1436	1879.961	5.083	6
204.2	20.1442	1879.4793	5.08	6
204.25	20.1444	1879.1374	5.0737	6
204.3	20.1444	1879.2594	5.0722	6
204.35	20.1451	1878.5476	5.0582	6
204.4	20.1458	1877.9923	5.0797	6
204.45	20.1457	1878.4365	5.0941	6
204.5	20.1462	1877.7796	5.0748	6
204.55	20.1471	1876.8397	5.0659	6
204.6	20.1465	1877.6754	5.066	6
204.65	20.1469	1876.8497	5.0737	6
204.7	20.1473	1874.6741	5.074	6
204.75	20.1463	1874.9331	5.0668	6
204.8	20.1466	1874.5791	5.0743	6
204.85	20.1474	1873.6728	5.0819	6
204.9	20.1468	1874.6372	5.0831	6
204.95	20.1472	1874.3959	5.0909	6
205	20.1479	1873.5766	5.0901	6
205.05	20.1478	1873.8095	5.0788	6
205.1	20.1484	1873.2976	5.0734	6
205.15	20.1493	1872.4199	5.0727	6
205.2	20.1496	1872.1264	5.087	6
205.25	20.1498	1870.8719	5.0736	6
205.3	20.1497	1869.1723	5.0689	6
205.35	20.1493	1869.3863	5.0779	6
205.4	20.1499	1868.8416	5.0689	6
205.45	20.1506	1867.9427	5.0713	6
205.5	20.1502	1868.6944	5.0832	6
205.55	20.151	1867.8878	5.076	6
205.6	20.1519	1866.7739	5.0766	6
205.65	20.1517	1866.528	5.072	6
205.7	20.1513	1865.4328	5.0734	6
205.75	20.1519	1863.7488	5.0719	6
205.8	20.1515	1864.3645	5.082	6
205.85	20.1516	1864.2843	5.0943	6
205.9	20.1521	1863.5948	5.0911	6
205.95	20.1517	1864.5027	5.081	6
206	20.1521	1864.1468	5.0819	6
206.05	20.1524	1862.4823	5.0974	6
206.1	20.1515	1861.9925	5.1045	6
206.15	20.1515	1861.854	5.0955	6
206.2	20.152	1861.0979	5.0923	6
206.25	20.152	1861.3276	5.0885	6
206.3	20.1515	1862.1403	5.096	6
206.35	20.1519	1861.5561	5.1024	6
206.4	20.1519	1861.1698	5.0846	6
206.45	20.1511	1861.0578	5.0722	6
206.5	20.1507	1860.6945	5.0722	6
206.55	20.1511	1860.1366	5.0794	6
206.6	20.1505	1860.9798	5.0916	6
206.65	20.1501	1861.7562	5.0958	6
206.7	20.1504	1861.2919	5.1008	6
206.75	20.1502	1861.5852	5.0939	6
206.8	20.1498	1862.1964	5.0856	6
206.85	20.1496	1861.6029	5.0902	6
206.9	20.149	1860.6769	5.0847	6
206.95	20.1483	1861.0111	5.0897	6
207	20.1481	1861.4426	5.0834	6
207.05	20.1482	1861.4586	5.0744	6
207.1	20.1479	1861.9479	5.0751	6
207.15	20.1475	1862.5731	5.0807	6
207.2	20.148	1862.1222	5.0779	6
207.25	20.1478	1862.3783	5.0738	6
207.3	20.1476	1862.8705	5.0639	6
207.35	20.1481	1862.214	5.0635	6
207.4	20.148	1861.6134	5.0756	6
207.45	20.1471	1861.1288	5.0796	6
207.5	20.1476	1860.2207	5.0778	6
207.55	20.1477	1860.1607	5.0785	6
207.6	20.1473	1860.7756	5.086	6
207.65	20.1475	1860.6475	5.0803	6
207.7	20.1477	1860.4499	5.0765	6
207.75	20.1474	1860.9178	5.0821	6
207.8	20.1471	1861.3507	5.0954	6
207.85	20.1473	1861.2503	5.1016	6
207.9	20.1474	1861.2518	5.0892	6
207.95	20.1473	1861.5229	5.0799	6
208	20.1475	1860.8759	5.0921	6
208.05	20.1471	1859.6165	5.0985	6
208.1	20.1466	1859.4166	5.1032	6
208.15	20.1467	1859.3076	5.1005	6
208.2	20.1468	1859.2599	5.1053	6
208.25	20.1465	1859.8676	5.1059	6
208.3	20.1468	1859.6341	5.0957	6
208.35	20.1466	1859.9118	5.0952	6
208.4	20.1467	1859.9493	5.0945	6
208.45	20.1474	1859.244	5.0983	6
208.5	20.1473	1859.5712	5.0945	6
208.55	20.1469	1859.9372	5.0809	6
208.6	20.1476	1859.1891	5.101	6
208.65	20.1473	1859.4426	5.1124	6
208.7	20.1462	1859.359	5.0924	6
208.75	20.1461	1858.2784	5.084	6
208.8	20.1462	1858.1061	5.0808	6
208.85	20.1456	1858.8854	5.0744	6
208.9	20.1463	1858.1983	5.0667	6
208.95	20.1469	1857.5423	5.0764	6
209	20.1464	1858.2406	5.0694	6
209.05	20.1464	1858.4142	5.0666	6
209.1	20.1464	1858.5592	5.0781	6
209.15	20.1458	1859.5211	5.0878	6
209.2	20.1457	1859.8248	5.0889	6
209.25	20.1453	1860.4316	5.0903	6
209.3	20.1451	1860.5853	5.0787	6
209.35	20.1448	1861.1385	5.0804	6
209.4	20.1448	1861.3325	5.0857	6
209.45	20.1449	1861.0498	5.092	6
209.5	20.1442	1860.4446	5.0876	6
209.55	20.1437	1859.8832	5.0758	6
209.6	20.1437	1859.8724	5.0617	6
209.65	20.1435	1860.3191	5.0743	6
209.7	20.1432	1860.9399	5.0918	6
209.75	20.1434	1860.8673	5.0921	6
209.8	20.1434	1860.9982	5.0816	6
209.85	20.1427	1861.8718	5.067	6
209.9	20.1428	1861.7652	5.0856	6
209.95	20.1429	1861.6287	5.0937	6
210	20.1422	1862.8649	5.0857	6
210.05	20.1423	1862.8506	5.076	6
210.1	20.1425	1862.6595	5.0826	6
210.15	20.1424	1862.8356	5.0988	6
210.2	20.1425	1862.8325	5.0926	6
210.25	20.1426	1862.7782	5.0976	6
210.3	20.1428	1862.786	5.1049	6
210.35	20.1429	1862.8412	5.0912	6
210.4	20.1429	1862.5592	5.0937	6
210.45	20.1429	1862.5803	5.1049	6
210.5	20.1428	1862.9438	5.0924	6
210.55	20.1432	1862.4874	5.087	6
210.6	20.143	1862.8907	5.0728	6
210.65	20.1428	1863.2002	5.0592	6
210.7	20.143	1863.0605	5.0516	6
210.75	20.143	1863.118	5.0696	6
210.8	20.1429	1863.4246	5.0838	6
210.85	20.1433	1862.9736	5.0841	6
210.9	20.1434	1862.8741	5.0851	6
210.95	20.1433	1863.2802	5.078	6
211	20.1435	1862.9897	5.0691	6
211.05	20.1438	1862.6507	5.083	6
211.1	20.1436	1862.9695	5.0792	6
211.15	20.1434	1861.9874	5.071	6
211.2	20.1431	1861.1038	5.0709	6
211.25	20.1429	1861.0661	5.0768	6
211.3	20.1428	1861.3316	5.0872	6
211.35	20.1428	1861.4554	5.0942	6
211.4	20.1427	1861.4963	5.0777	6
211.45	20.1424	1862.012	5.0734	6
211.5	20.1424	1861.9311	5.0625	6
211.55	20.1425	1861.9438	5.0678	6
211.6	20.1417	1863.0413	5.0797	6
211.65	20.1421	1862.4354	5.0887	6
211.7	20.1424	1862.1436	5.0937	6
211.75	20.1417	1863.2814	5.0852	6
211.8	20.1419	1863.0072	5.1003	6
211.85	20.1427	1862.0248	5.0949	6
211.9	20.1423	1862.9178	5.0817	6
211.95	20.1422	1863.169	5.0742	6
212	20.1432	1861.8784	5.0724	6
212.05	20.1424	1863.1322	5.0731	6
212.1	20.1421	1863.6956	5.0818	6
212.15	20.143	1862.5233	5.0871	6
212.2	20.1424	1863.5946	5.0815	6
212.25	20.1416	1864.7009	5.0813	6
212.3	20.1424	1863.5163	5.0878	6
212.35	20.142	1864.095	5.1018	6
212.4	20.1412	1865.3167	5.1032	6
212.45	20.142	1864.2837	5.0875	6
212.5	20.1423	1864.0321	5.0829	6
212.55	20.1413	1865.4345	5.0995	6
212.6	20.1418	1864.7607	5.1103	6
212.65	20.142	1864.5475	5.0986	6
212.7	20.1415	1865.4221	5.0962	6
212.75	20.1417	1865.2346	5.0841	6
212.8	20.1419	1864.8992	5.0767	6
212.85	20.1415	1865.7197	5.0824	6
212.9	20.1414	1865.8175	5.0766	6
212.95	20.1418	1865.2882	5.0849	6
213	20.1417	1865.6213	5.0918	6
213.05	20.1412	1866.4181	5.1006	6
213.1	20.1416	1865.874	5.1025	6
213.15	20.142	1865.4818	5.0928	6
213.2	20.1416	1866.0415	5.0907	6
213.25	20.1416	1866.0798	5.0803	6
213.3	20.142	1865.4959	5.0918	6
213.35	20.1415	1866.189	5.0893	6
213.4	20.1412	1866.7679	5.0913	6
213.45	20.1415	1866.364	5.091	6
213.5	20.1416	1866.3273	5.0948	6
213.55	20.1409	1867.392	5.0892	6
213.6	20.1409	1867.5708	5.1052	6
213.65	20.1412	1867.2524	5.1067	6
213.7	20.1407	1868.198	5.1017	6
213.75	20.1406	1868.3679	5.0936	6
213.8	20.1409	1867.9795	5.0928	6
213.85	20.1406	1868.4183	5.0996	6
213.9	20.1407	1868.4053	5.0945	6
213.95	20.1409	1868.1431	5.0894	6
214	20.1403	1868.9622	5.0987	6
214.05	20.1405	1868.8079	5.1101	6
214.1	20.1406	1868.6628	5.1229	6
214.15	20.1404	1869.1645	5.1129	6
214.2	20.1406	1869.0071	5.0966	6
214.25	20.1409	1868.6224	5.1041	6
214.3	20.1405	1869.0534	5.1076	6
214.35	20.1405	1869.2723	5.1065	6
214.4	20.1408	1869.0827	5.098	6
214.45	20.1407	1869.3862	5.1034	6
214.5	20.1407	1869.5355	5.1079	6
214.55	20.141	1869.2117	5.0943	6
214.6	20.1409	1869.5314	5.0998	6
214.65	20.1411	1869.4454	5.1	6
214.7	20.1419	1868.3428	5.086	6
214.75	20.142	1868.1649	5.0875	6
214.8	20.1419	1868.1703	5.0815	6
214.85	20.1427	1867.033	5.0814	6
214.9	20.1428	1865.5019	5.0803	6
214.95	20.1422	1864.8593	5.0813	6
215	20.1425	1864.322	5.0988	6
215.05	20.1433	1863.4547	5.111	6
215.1	20.1433	1863.5423	5.1006	6
215.15	20.1436	1863.1243	5.0809	6
215.2	20.1439	1862.6022	5.0868	6
215.25	20.1441	1862.5007	5.0979	6
215.3	20.1441	1862.662	5.0927	6
215.35	20.1445	1862.3463	5.0989	6
215.4	20.1446	1861.9713	5.1162	6
215.45	20.1442	1862.6311	5.1117	6
215.5	20.1443	1862.6778	5.1053	6
215.55	20.1449	1861.85	5.0956	6
215.6	20.1442	1862.945	5.0815	6
215.65	20.1441	1863.2282	5.0877	6
215.7	20.1448	1862.1882	5.09	6
215.75	20.1444	1862.9911	5.0938	6
215.8	20.1443	1863.3758	5.1087	6
215.85	20.1449	1862.6961	5.086	6
215.9	20.1443	1863.7743	5.0916	6
215.95	20.1442	1863.9538	5.0891	6
216	20.1444	1863.4866	5.0872	6
216.05	20.1436	1864.7992	5.09	6
216.1	20.1434	1864.548	5.0888	6
216.15	20.1434	1862.9138	5.0984	6
216.2	20.1421	1864.0116	5.1068	6
216.25	20.1423	1863.7974	5.1052	6
216.3	20.1429	1862.9365	5.0921	6
216.35	20.1417	1864.6554	5.0696	6
216.4	20.142	1864.5118	5.0686	6
216.45	20.1432	1863.0703	5.0575	6
216.5	20.1424	1864.1618	5.0632	6
216.55	20.1425	1863.945	5.0811	6
216.6	20.1437	1862.308	5.0733	6
216.65	20.144	1861.9858	5.0787	6
216.7	20.144	1862.0116	5.0919	6
216.75	20.1452	1860.7409	5.0962	6
216.8	20.1464	1859.387	5.0789	6
216.85	20.1457	1860.2081	5.0674	6
216.9	20.1463	1859.5946	5.0738	6
216.95	20.1475	1858.106	5.0822	6
217	20.1472	1858.716	5.0985	6
217.05	20.1472	1859.1521	5.1178	6
217.1	20.1486	1857.3883	5.0991	6
217.15	20.1483	1856.9671	5.0916	6
217.2	20.1475	1856.4588	5.1061	6
217.25	20.1484	1854.7827	5.1103	6
217.3	20.149	1854.2035	5.1044	6
217.35	20.1485	1855.1108	5.0957	6
217.4	20.1487	1854.9624	5.104	6
217.45	20.1492	1854.2924	5.1051	6
217.5	20.1485	1855.2468	5.1036	6
217.55	20.1481	1855.9739	5.093	6
217.6	20.149	1854.7711	5.088	6
217.65	20.1488	1854.7842	5.0855	6
217.7	20.1479	1854.4111	5.0974	6
217.75	20.1481	1853.1287	5.1052	6
217.8	20.1481	1852.9982	5.1183	6
217.85	20.1474	1854.0629	5.1076	6
217.9	20.1475	1854.0256	5.1006	6
217.95	20.1476	1853.9706	5.0991	6
218	20.1468	1855.1142	5.0831	6
218.05	20.1474	1854.5225	5.0821	6
218.1	20.1474	1854.3626	5.0944	6
218.15	20.1471	1854.9589	5.0955	6
218.2	20.1475	1854.3819	5.1035	6
218.25	20.1475	1854.4414	5.1044	6
218.3	20.1468	1854.0892	5.0995	6
218.35	20.1468	1852.6223	5.08	6
218.4	20.1465	1852.8026	5.0763	6
218.45	20.1463	1853.1842	5.0968	6
218.5	20.1469	1852.3816	5.0976	6
218.55	20.1474	1851.8496	5.1069	6
218.6	20.1472	1852.1642	5.1035	6
218.65	20.1474	1851.9068	5.0985	6
218.7	20.148	1851.4231	5.1118	6
218.75	20.1478	1851.6805	5.1232	6
218.8	20.1475	1852.0209	5.1193	6
218.85	20.1481	1851.3138	5.0993	6
218.9	20.1478	1851.1326	5.0879	6
218.95	20.1469	1850.6669	5.1099	6
219	20.1471	1849.8091	5.1169	6
219.05	20.1468	1850.1099	5.1098	6
219.1	20.1461	1851.0997	5.1055	6
219.15	20.1465	1850.5127	5.1019	6
219.2	20.1465	1850.765	5.1024	6
219.25	20.1458	1851.7838	5.0957	6
219.3	20.1462	1851.0774	5.0977	6
219.35	20.1463	1851.1178	5.1039	6
219.4	20.1455	1852.3011	5.1125	6
219.45	20.1461	1851.5888	5.1259	6
219.5	20.146	1851.8603	5.1276	6
219.55	20.1449	1853.3947	5.1245	6
219.6	20.1454	1852.6119	5.1236	6
219.65	20.1452	1852.3966	5.1161	6
219.7	20.1436	1852.8114	5.1168	6
219.75	20.1439	1851.3744	5.121	6
219.8	20.1439	1851.6077	5.1165	6
219.85	20.143	1853.2526	5.121	6
219.9	20.1435	1852.4226	5.1188	6
219.95	20.1435	1852.2735	5.1173	6
220	20.1424	1853.9623	5.1317	6
220.05	20.1426	1853.6531	5.1279	6
220.1	20.1431	1852.9437	5.1109	6
220.15	20.1423	1854.3139	5.1003	6
220.2	20.1423	1854.4687	5.097	6
220.25	20.1427	1853.8005	5.1044	6
220.3	20.1424	1854.4701	5.099	6
220.35	20.1422	1854.862	5.0887	6
220.4	20.1425	1854.6067	5.0865	6
220.45	20.1425	1854.7303	5.0983	6
220.5	20.142	1855.4814	5.1037	6
220.55	20.1421	1855.565	5.0983	6
220.6	20.1421	1855.5099	5.1082	6
220.65	20.1418	1855.9354	5.0998	6
220.7	20.1417	1856.1743	5.1023	6
220.75	20.1418	1856.198	5.1096	6
220.8	20.1418	1856.4068	5.1112	6
220.85	20.1411	1857.3934	5.106	6
220.9	20.1411	1857.3589	5.1176	6
220.95	20.1411	1857.5861	5.1194	6
221	20.1409	1857.9011	5.104	6
221.05	20.1408	1858.3086	5.0991	6
221.1	20.1409	1858.2924	5.1036	6
221.15	20.1409	1858.3682	5.1108	6
221.2	20.1406	1858.7788	5.0998	6
221.25	20.1405	1859.0277	5.099	6
221.3	20.1405	1859.0837	5.1066	6
221.35	20.1403	1859.3306	5.1128	6
221.4	20.1402	1859.6106	5.1034	6
221.45	20.14	1859.9264	5.092	6
221.5	20.1402	1859.8947	5.1002	6
221.55	20.14	1860.2201	5.1035	6
221.6	20.14	1860.2329	5.0955	6
221.65	20.14	1860.3788	5.1086	6
221.7	20.1397	1860.9306	5.1003	6
221.75	20.1397	1860.917	5.1027	6
221.8	20.1397	1861.14	5.1048	6
221.85	20.1394	1861.7162	5.0908	6
221.9	20.1395	1861.4288	5.0874	6
221.95	20.1394	1861.6844	5.0861	6
222	20.1396	1861.612	5.0866	6
222.05	20.1398	1861.3579	5.0861	6
222.1	20.14	1861.11	5.1022	6
222.15	20.1402	1861.0621	5.111	6
222.2	20.1404	1860.9448	5.1059	6
222.25	20.1408	1860.5106	5.0941	6
222.3	20.1409	1860.4884	5.0951	6
222.35	20.1412	1860.2159	5.1057	6
222.4	20.1412	1859.9412	5.1036	6
222.45	20.1415	1859.7392	5.0964	6
222.5	20.142	1859.3192	5.1025	6
222.55	20.1421	1859.1477	5.0997	6
222.6	20.142	1859.2054	5.0831	6
222.65	20.1426	1858.5227	5.0697	6
222.7	20.1428	1858.3372	5.0834	6
222.75	20.1426	1858.8966	5.0943	6
222.8	20.143	1858.46	5.0941	6
222.85	20.1433	1857.8728	5.0933	6
222.9	20.1431	1858.1901	5.1004	6
222.95	20.1434	1857.9897	5.0997	6
223	20.1439	1857.3873	5.1115	6
223.05	20.1439	1857.4073	5.1018	6
223.1	20.1441	1857.3112	5.0823	6
223.15	20.1446	1856.6684	5.0853	6
223.2	20.1443	1857.1032	5.0866	6
223.25	20.1441	1856.6714	5.0713	6
223.3	20.1444	1854.6967	5.0754	6
223.35	20.1444	1854.1766	5.0691	6
223.4	20.1439	1855.0267	5.0758	6
223.45	20.1445	1854.4078	5.1021	6
223.5	20.1451	1853.5631	5.1043	6
223.55	20.1445	1854.5135	5.1001	6
223.6	20.1446	1854.5617	5.0969	6
223.65	20.1456	1853.1986	5.103	6
223.7	20.1453	1853.5912	5.1043	6
223.75	20.145	1854.1428	5.1042	6
223.8	20.146	1852.9482	5.1085	6
223.85	20.1463	1852.6289	5.0964	6
223.9	20.146	1853.4513	5.0916	6
223.95	20.1467	1852.4797	5.0916	6
224	20.1472	1851.8479	5.0873	6
224.05	20.1468	1852.5521	5.1065	6
224.1	20.147	1851.5117	5.1076	6
224.15	20.147	1849.5881	5.1012	6
224.2	20.1464	1849.9458	5.0962	6
224.25	20.1465	1849.8628	5.0932	6
224.3	20.1471	1849.1215	5.0908	6
224.35	20.1468	1849.7915	5.0808	6
224.4	20.1469	1849.912	5.0869	6
224.45	20.1474	1849.1227	5.0911	6
224.5	20.1472	1849.3771	5.0973	6
224.55	20.1471	1849.7822	5.1128	6
224.6	20.1478	1848.8742	5.1171	6
224.65	20.1479	1848.8913	5.1169	6
224.7	20.1477	1849.129	5.1136	6
224.75	20.1483	1847.4993	5.112	6
224.8	20.1478	1846.6221	5.114	6
224.85	20.1473	1847.0979	5.0989	6
224.9	20.1475	1846.8025	5.0858	6
224.95	20.1473	1847.0365	5.0865	6
225	20.1468	1847.7872	5.0962	6
225.05	20.1473	1847.3929	5.107	6
225.1	20.1475	1847.1199	5.1188	6
225.15	20.1471	1847.8159	5.1241	6
225.2	20.1474	1847.5119	5.1243	6
225.25	20.1476	1847.3886	5.116	6
225.3	20.1472	1847.9669	5.1233	6
225.35	20.1471	1847.5753	5.1323	6
225.4	20.1469	1846.02	5.1286	6
225.45	20.1462	1846.2373	5.1319	6
225.5	20.1461	1846.6177	5.1242	6
225.55	20.1464	1846.2142	5.1234	6
225.6	20.1464	1846.3591	5.1184	6
225.65	20.1459	1847.1188	5.1045	6
225.7	20.1462	1846.7268	5.1027	6
225.75	20.1463	1846.7614	5.0977	6
225.8	20.1455	1847.886	5.1035	6
225.85	20.1457	1847.7697	5.1101	6
225.9	20.1462	1847.2895	5.1079	6
225.95	20.1455	1848.2705	5.1117	6
226	20.1455	1848.3668	5.1088	6
226.05	20.1462	1847.5181	5.0998	6
226.1	20.1457	1847.6931	5.1016	6
226.15	20.1446	1847.491	5.1107	6
226.2	20.1451	1846.0207	5.1236	6
226.25	20.1447	1846.8261	5.1081	6
226.3	20.1441	1847.7503	5.1073	6
226.35	20.1448	1846.6074	5.1151	6
226.4	20.1446	1846.935	5.114	6
226.45	20.144	1847.91	5.1055	6
226.5	20.1444	1847.2516	5.0973	6
226.55	20.1447	1846.8556	5.1072	6
226.6	20.1439	1848.0348	5.1248	6
226.65	20.144	1848.0119	5.1287	6
226.7	20.1445	1847.4251	5.1362	6
226.75	20.144	1848.0856	5.1406	6
226.8	20.1435	1848.9024	5.1104	6
226.85	20.1438	1848.5809	5.0996	6
226.9	20.1439	1848.4017	5.1088	6
226.95	20.143	1849.6965	5.1034	6
227	20.1432	1849.4804	5.0925	6
227.05	20.1438	1848.808	5.0925	6
227.1	20.1435	1849.5086	5.1117	6
227.15	20.1435	1849.5589	5.1179	6
227.2	20.1439	1849.1088	5.1165	6
227.25	20.1439	1849.2458	5.1422	6
227.3	20.1433	1850.0016	5.1515	6
227.35	20.1435	1848.3015	5.1385	6
227.4	20.1428	1847.7086	5.1199	6
227.45	20.1422	1848.4248	5.1214	6
227.5	20.1426	1847.9491	5.1247	6
227.55	20.1428	1847.8131	5.1132	6
227.6	20.1423	1848.4866	5.1194	6
227.65	20.1424	1848.3809	5.1205	6
227.7	20.1428	1847.9375	5.1093	6
227.75	20.1423	1848.5314	5.0997	6
227.8	20.142	1849.0842	5.0884	6
227.85	20.1424	1848.6686	5.0904	6
227.9	20.1422	1848.8892	5.0808	6
227.95	20.1418	1849.668	5.0967	6
228	20.1421	1849.1619	5.1079	6
228.05	20.1423	1848.9031	5.1019	6
228.1	20.1417	1849.8697	5.1095	6
228.15	20.1417	1849.9402	5.1099	6
228.2	20.1422	1849.4263	5.1074	6
228.25	20.1417	1850.0659	5.101	6
228.3	20.1413	1850.685	5.098	6
228.35	20.1418	1850.0693	5.1115	6
228.4	20.1416	1850.3557	5.0986	6
228.45	20.1414	1850.7302	5.0813	6
228.5	20.1415	1850.6597	5.0959	6
228.55	20.1416	1850.5354	5.0879	6
228.6	20.1414	1850.9042	5.097	6
228.65	20.1414	1851.1099	5.1171	6
228.7	20.1421	1850.2583	5.1208	6
228.75	20.1421	1850.3756	5.1241	6
228.8	20.1421	1850.5163	5.1279	6
228.85	20.1429	1849.3492	5.1153	6
228.9	20.1433	1848.9345	5.117	6
228.95	20.1433	1849.1109	5.1109	6
229	20.1438	1848.374	5.0993	6
229.05	20.144	1848.0765	5.1027	6
229.1	20.1437	1848.6878	5.1157	6
229.15	20.1442	1848.3154	5.116	6
229.2	20.1446	1847.7808	5.1131	6
229.25	20.1443	1848.2392	5.1186	6
229.3	20.1447	1847.9762	5.1191	6
229.35	20.145	1846.8725	5.1158	6
229.4	20.1442	1846.1344	5.1109	6
229.45	20.1434	1846.4214	5.1128	6
229.5	20.1438	1845.8556	5.1146	6
229.55	20.1437	1846.0021	5.1071	6
229.6	20.143	1847.052	5.0942	6
229.65	20.143	1847.3009	5.0983	6
229.7	20.1436	1846.4886	5.1022	6
229.75	20.1429	1847.5065	5.1179	6
229.8	20.1424	1848.5185	5.1236	6
229.85	20.1431	1847.6185	5.117	6
229.9	20.1433	1847.563	5.1169	6
229.95	20.1423	1849.0561	5.1057	6
230	20.1428	1848.2717	5.1131	6
230.05	20.1431	1847.8824	5.1258	6
230.1	20.1423	1849.2945	5.1152	6
230.15	20.1424	1849.2356	5.1037	6
230.2	20.1429	1848.6331	5.105	6
230.25	20.1424	1849.302	5.1164	6
230.3	20.1422	1849.775	5.1056	6
230.35	20.1426	1849.1008	5.0957	6
230.4	20.1423	1849.4652	5.091	6
230.45	20.1419	1850.0312	5.0951	6
230.5	20.1424	1849.4251	5.1063	6
230.55	20.1421	1849.8978	5.1172	6
230.6	20.1417	1850.4437	5.1059	6
230.65	20.1418	1850.4144	5.0976	6
230.7	20.142	1850.1767	5.0926	6
230.75	20.142	1850.4595	5.0907	6
230.8	20.1418	1850.7546	5.1133	6
230.85	20.1421	1850.5681	5.0971	6
230.9	20.1418	1850.982	5.1028	6
230.95	20.1419	1851.0098	5.1206	6
231	20.142	1850.9143	5.1105	6
231.05	20.1421	1850.8076	5.1157	6
231.1	20.142	1850.734	5.1101	6
231.15	20.1422	1850.6752	5.1081	6
231.2	20.1424	1850.4649	5.1179	6
231.25	20.1426	1850.3259	5.1184	6
231.3	20.1425	1850.6422	5.1294	6
231.35	20.1427	1850.5253	5.1344	6
231.4	20.1431	1849.7714	5.14	6
231.45	20.1424	1849.0858	5.1367	6
231.5	20.1423	1848.0819	5.1449	6
231.55	20.143	1847.1991	5.1552	6
231.6	20.1424	1848.0104	5.1401	6
231.65	20.1423	1848.2333	5.1447	6
231.7	20.1431	1847.2184	5.1461	6
231.75	20.1431	1847.406	5.1399	6
231.8	20.1425	1848.3567	5.1319	6
231.85	20.1429	1847.4852	5.1176	6
231.9	20.1432	1847.2207	5.1148	6
231.95	20.1429	1847.7656	5.1302	6
232	20.1431	1847.6809	5.1239	6
232.05	20.1437	1846.939	5.1187	6
232.1	20.1437	1847.0836	5.1369	6
232.15	20.1434	1847.5069	5.1267	6
232.2	20.1442	1846.6531	5.1259	6
232.25	20.1444	1846.3845	5.1296	6
232.3	20.1439	1846.9703	5.1257	6
232.35	20.1445	1846.2425	5.1297	6
232.4	20.1448	1845.8882	5.1382	6
232.45	20.1448	1845.9834	5.1425	6
232.5	20.1448	1846.0242	5.1354	6
232.55	20.1454	1845.2661	5.1195	6
232.6	20.1455	1845.3677	5.1049	6
232.65	20.1451	1846.1167	5.1025	6
232.7	20.1458	1844.8206	5.1313	6
232.75	20.1454	1843.8789	5.1326	6
232.8	20.1444	1844.109	5.1295	6
232.85	20.145	1843.1918	5.1376	6
232.9	20.1456	1842.487	5.138	6
232.95	20.145	1843.4014	5.1329	6
233	20.1453	1843.1617	5.1494	6
233.05	20.1463	1841.992	5.1613	6
233.1	20.1459	1842.6614	5.1569	6
233.15	20.1455	1843.2329	5.1476	6
233.2	20.1463	1842.2492	5.1538	6
233.25	20.1463	1842.2938	5.1396	6
233.3	20.1462	1842.6282	5.1266	6
233.35	20.1469	1841.8724	5.129	6
233.4	20.1471	1841.5552	5.1456	6
233.45	20.147	1841.9691	5.1504	6
233.5	20.147	1841.2444	5.1519	6
233.55	20.1465	1839.8336	5.1554	6
233.6	20.146	1839.9161	5.153	6
233.65	20.1461	1839.9261	5.1457	6
233.7	20.1463	1839.6796	5.1418	6
233.75	20.1461	1839.9778	5.1529	6
233.8	20.1462	1840.1066	5.143	6
233.85	20.1465	1839.6651	5.1383	6
233.9	20.1464	1839.7889	5.1439	6
233.95	20.146	1840.4911	5.1582	6
234	20.1462	1840.2659	5.1639	6
234.05	20.1466	1839.9444	5.1571	6
234.1	20.1459	1840.8883	5.1554	6
234.15	20.1457	1841.1971	5.1536	6
234.2	20.1463	1840.4265	5.1441	6
234.25	20.1456	1840.6146	5.1492	6
234.3	20.1451	1839.9129	5.1523	6
234.35	20.1452	1839.3132	5.1582	6
234.4	20.1448	1839.7234	5.1622	6
234.45	20.1448	1839.8673	5.1697	6
234.5	20.1448	1839.9287	5.1625	6
234.55	20.1447	1840.1248	5.1528	6
234.6	20.145	1839.8101	5.1738	6
234.65	20.145	1839.997	5.1822	6
234.7	20.1447	1840.3818	5.1544	6
234.75	20.145	1839.9828	5.1463	6
234.8	20.1453	1839.7095	5.1502	6
234.85	20.1448	1840.4577	5.1358	6
234.9	20.1452	1839.9826	5.1285	6
234.95	20.1459	1839.184	5.1293	6
235	20.1451	1840.2716	5.1289	6
235.05	20.1451	1840.4025	5.1281	6
235.1	20.1456	1839.7431	5.1231	6
235.15	20.1451	1840.1545	5.1267	6
235.2	20.1441	1840.1246	5.141	6
235.25	20.1443	1838.5535	5.1362	6
235.3	20.1443	1838.4572	5.1316	6
235.35	20.1438	1839.067	5.1338	6
235.4	20.1437	1839.208	5.1243	6
235.45	20.1442	1838.6887	5.1352	6
235.5	20.1439	1839.119	5.1462	6
235.55	20.1433	1839.9612	5.1505	6
235.6	20.1438	1839.4484	5.1435	6
235.65	20.1443	1838.7662	5.1572	6
235.7	20.1431	1840.4265	5.1622	6
235.75	20.1431	1840.5226	5.1435	6
235.8	20.1441	1839.1142	5.1304	6
235.85	20.1433	1840.4482	5.1378	6
235.9	20.1429	1841.245	5.1512	6
235.95	20.1443	1839.2367	5.1415	6
236	20.1435	1840.1675	5.141	6
236.05	20.1425	1841.7796	5.1417	6
236.1	20.1436	1840.2123	5.1306	6
236.15	20.1432	1840.7258	5.1326	6
236.2	20.1421	1842.3986	5.1321	6
236.25	20.1429	1841.5336	5.1367	6
236.3	20.1434	1841.0209	5.1341	6
236.35	20.1423	1842.6038	5.1376	6
236.4	20.1425	1842.3147	5.1349	6
236.45	20.143	1841.6831	5.1272	6
236.5	20.1422	1842.8389	5.1269	6
236.55	20.1421	1842.9349	5.1444	6
236.6	20.1425	1842.4647	5.1357	6
236.65	20.1421	1843.0811	5.1249	6
236.7	20.1424	1842.6217	5.1171	6
236.75	20.1423	1841.5004	5.1058	6
236.8	20.1416	1841.1386	5.1216	6
236.85	20.1419	1840.7373	5.1052	6
236.9	20.1421	1840.5101	5.0843	6
236.95	20.1417	1840.9397	5.0966	6
237	20.1418	1840.813	5.1113	6
237.05	20.1421	1840.4226	5.1109	6
237.1	20.1421	1840.7892	5.1081	6
237.15	20.1419	1841.0862	5.1084	6
237.2	20.1424	1840.2847	5.1086	6
237.25	20.1426	1840.1513	5.1098	6
237.3	20.1424	1840.6651	5.1032	6
237.35	20.1426	1840.2468	5.0966	6
237.4	20.143	1839.8686	5.1082	6
237.45	20.1425	1840.7982	5.1331	6
237.5	20.1429	1840.5278	5.1363	6
237.55	20.1434	1839.847	5.1223	6
237.6	20.143	1840.5336	5.1169	6
237.65	20.1435	1839.9628	5.1268	6
237.7	20.1443	1839.0956	5.1184	6
237.75	20.1438	1839.862	5.1119	6
237.8	20.1444	1839.3371	5.1229	6
237.85	20.1449	1838.5184	5.1156	6
237.9	20.1443	1839.2191	5.1071	6
237.95	20.1445	1839.2502	5.1242	6
238	20.1453	1838.4053	5.1399	6
238.05	20.1451	1838.5383	5.1297	6
238.1	20.1453	1838.387	5.1062	6
238.15	20.1457	1837.9679	5.1036	6
238.2	20.1461	1837.3225	5.1261	6
238.25	20.1457	1836.4161	5.1321	6
238.3	20.1454	1835.633	5.1384	6
238.35	20.1458	1835.0215	5.126	6
238.4	20.1456	1835.2034	5.1224	6
238.45	20.1457	1835.2055	5.1312	6
238.5	20.146	1834.9456	5.1195	6
238.55	20.1462	1834.6674	5.1142	6
238.6	20.1461	1834.9428	5.1146	6
238.65	20.1458	1835.459	5.1181	6
238.7	20.1461	1834.9992	5.1262	6
238.75	20.1461	1835.046	5.1396	6
238.8	20.1458	1835.6199	5.1407	6
238.85	20.1462	1835.28	5.1294	6
238.9	20.1464	1834.8461	5.1299	6
238.95	20.1459	1835.6801	5.1424	6
239	20.1458	1835.4894	5.1344	6
239.05	20.1459	1833.6797	5.1445	6
239.1	20.1451	1833.991	5.1696	6
239.15	20.145	1834.3438	5.1573	6
239.2	20.1454	1833.6893	5.1526	6
239.25	20.1453	1833.9763	5.1621	6
239.3	20.1451	1834.3446	5.151	6
239.35	20.1458	1833.4545	5.132	6
239.4	20.1456	1833.8192	5.1248	6
239.45	20.1452	1834.6122	5.1347	6
239.5	20.1454	1834.3654	5.1365	6
239.55	20.1452	1834.6013	5.1414	6
239.6	20.1447	1835.3523	5.1377	6
239.65	20.1447	1835.3734	5.1328	6
239.7	20.1445	1835.6778	5.1359	6
239.75	20.1442	1836.1226	5.1333	6
239.8	20.1439	1836.6796	5.1277	6
239.85	20.1439	1837.0085	5.14	6
239.9	20.1435	1837.4374	5.1487	6
239.95	20.143	1838.076	5.1504	6
240	20.1428	1838.2225	5.1489	6
240.05	20.1426	1837.0588	5.1518	6
240.1	20.1418	1836.8523	5.1631	6
240.15	20.1417	1836.8126	5.1692	6
240.2	20.1414	1837.2651	5.1586	6
240.25	20.1412	1837.7826	5.1555	6
240.3	20.1408	1838.2187	5.1466	6
240.35	20.1409	1838.1919	5.1537	6
240.4	20.1408	1838.4093	5.1483	6
240.45	20.1406	1838.811	5.1563	6
240.5	20.1409	1838.4277	5.1482	6
240.55	20.1409	1838.3325	5.1432	6
240.6	20.1406	1838.8506	5.1515	6
240.65	20.1406	1838.768	5.1348	6
240.7	20.1407	1838.6834	5.127	6
240.75	20.1403	1839.2236	5.1223	6
240.8	20.1404	1839.1666	5.1207	6
240.85	20.1406	1839.0795	5.1404	6
240.9	20.1404	1839.5385	5.1352	6
240.95	20.1401	1840.0177	5.1226	6
241	20.1404	1839.6414	5.1321	6
241.05	20.1403	1839.7602	5.1219	6
241.1	20.14	1840.2339	5.1293	6
241.15	20.1404	1839.8806	5.1527	6
241.2	20.141	1839.23	5.142	6
241.25	20.1409	1839.4473	5.1318	6
241.3	20.1412	1839.1479	5.1305	6
241.35	20.1416	1838.7809	5.1376	6
241.4	20.1419	1838.3837	5.1376	6
241.45	20.1421	1838.1492	5.1473	6
241.5	20.1425	1837.7096	5.167	6
241.55	20.143	1837.119	5.1657	6
241.6	20.1434	1836.6119	5.1569	6
241.65	20.1437	1836.0829	5.158	6
241.7	20.1441	1835.5529	5.1511	6
241.75	20.1444	1835.2489	5.1548	6
241.8	20.145	1834.8506	5.1545	6
241.85	20.1455	1834.2758	5.1475	6
241.9	20.1457	1834.0865	5.1347	6
241.95	20.1462	1833.7475	5.1323	6
242	20.1468	1832.919	5.1434	6
242.05	20.1471	1832.713	5.1426	6
242.1	20.1475	1832.3422	5.1336	6
242.15	20.148	1831.7399	5.1262	6
242.2	20.1479	1831.1965	5.1392	6
242.25	20.147	1830.5609	5.1408	6
242.3	20.1471	1829.6024	5.1329	6
242.35	20.1472	1829.5777	5.1422	6
242.4	20.1464	1830.5705	5.1576	6
242.45	20.1468	1830.0599	5.141	6
242.5	20.1469	1829.9691	5.1301	6
242.55	20.1463	1830.8094	5.141	6
242.6	20.1463	1830.793	5.1526	6
242.65	20.1469	1830.0859	5.1508	6
242.7	20.1466	1830.439	5.1454	6
242.75	20.1466	1830.4884	5.1578	6
242.8	20.1471	1830.0684	5.1618	6
242.85	20.147	1830.0867	5.1561	6
242.9	20.1467	1829.1448	5.1599	6
242.95	20.146	1828.4851	5.1602	6
243	20.1458	1828.715	5.1563	6
243.05	20.1461	1828.42	5.1428	6
243.1	20.1461	1828.4282	5.1364	6
243.15	20.146	1828.6494	5.1426	6
243.2	20.146	1828.5577	5.1262	6
243.25	20.1459	1828.8285	5.1246	6
243.3	20.1454	1829.5582	5.1417	6
243.35	20.1454	1829.566	5.1305	6
243.4	20.1453	1829.7094	5.112	6
243.45	20.1452	1830.0223	5.1075	6
243.5	20.1454	1829.9406	5.1241	6
243.55	20.1454	1830.0754	5.1501	6
243.6	20.1454	1830.0314	5.1453	6
243.65	20.1454	1830.2024	5.1328	6
243.7	20.1449	1830.3049	5.1347	6
243.75	20.145	1828.4201	5.1424	6
243.8	20.1447	1828.2104	5.1356	6
243.85	20.1445	1828.5414	5.1133	6
243.9	20.1451	1827.7328	5.1138	6
243.95	20.1454	1827.3859	5.1123	6
244	20.1449	1828.156	5.1052	6
244.05	20.1454	1827.6117	5.1373	6
244.1	20.1462	1826.6876	5.1537	6
244.15	20.1457	1827.5498	5.1377	6
244.2	20.1454	1828.1835	5.1212	6
244.25	20.1467	1826.3829	5.1266	6
244.3	20.1465	1826.7541	5.1529	6
244.35	20.1456	1828.0343	5.1394	6
244.4	20.1468	1826.4038	5.1134	6
244.45	20.1473	1825.6868	5.1216	6
244.5	20.1458	1827.4684	5.1196	6
244.55	20.1455	1826.433	5.1198	6
244.6	20.1465	1823.7616	5.121	6
244.65	20.1451	1825.5108	5.1193	6
244.7	20.144	1827.1182	5.1206	6
244.75	20.1454	1825.1116	5.1099	6
244.8	20.145	1825.8425	5.0993	6
244.85	20.1431	1828.5551	5.0946	6
244.9	20.1441	1827.1934	5.1015	6
244.95	20.1445	1826.5813	5.1132	6
245	20.1427	1829.1829	5.1166	6
245.05	20.1429	1829.0973	5.1106	6
245.1	20.1443	1827.1619	5.1163	6
245.15	20.1434	1828.4549	5.1137	6
245.2	20.1426	1829.8595	5.1181	6
245.25	20.144	1827.7867	5.1329	6
245.3	20.1439	1827.8863	5.1114	6
245.35	20.1427	1829.8734	5.0926	6
245.4	20.1437	1828.7092	5.1021	6
245.45	20.144	1828.1038	5.1041	6
245.5	20.1433	1829.4432	5.105	6
245.55	20.1431	1829.7674	5.1138	6
245.6	20.1437	1828.8221	5.1183	6
245.65	20.1433	1829.386	5.1007	6
245.7	20.1429	1830.0634	5.1186	6
245.75	20.1432	1829.7688	5.1288	6
245.8	20.1434	1828.6845	5.1261	6
245.85	20.1426	1828.194	5.1201	6
245.9	20.1426	1827.7594	5.1077	6
245.95	20.1429	1827.352	5.113	6
246	20.1428	1827.5314	5.1149	6
246.05	20.1424	1828.0828	5.1309	6
246.1	20.1425	1828.0835	5.1392	6
246.15	20.1426	1827.936	5.1216	6
246.2	20.1421	1828.5939	5.1258	6
246.25	20.142	1828.9194	5.1324	6
246.3	20.1428	1827.7903	5.1297	6
246.35	20.1424	1828.2587	5.1474	6
246.4	20.1421	1828.8681	5.1368	6
246.45	20.1428	1827.8955	5.1314	6
246.5	20.1429	1827.9005	5.1218	6
246.55	20.1422	1829.0065	5.12	6
246.6	20.1428	1828.1734	5.115	6
246.65	20.1432	1827.5679	5.1077	6
246.7	20.1422	1829.1707	5.1255	6
246.75	20.1426	1828.8273	5.1183	6
246.8	20.1433	1827.6754	5.1026	6
246.85	20.1422	1829.2924	5.1101	6
246.9	20.1419	1829.7415	5.1035	6
246.95	20.1433	1827.878	5.1142	6
247	20.1424	1829.2995	5.1177	6
247.05	20.1418	1830.3825	5.1067	6
247.1	20.143	1828.5837	5.1086	6
247.15	20.1428	1829.0539	5.122	6
247.2	20.1417	1830.7583	5.1278	6
247.25	20.1428	1829.2022	5.1163	6
247.3	20.1428	1829.1273	5.1071	6
247.35	20.142	1830.6106	5.1106	6
247.4	20.1424	1830.2792	5.1175	6
247.45	20.143	1829.3567	5.122	6
247.5	20.1417	1831.0553	5.1295	6
247.55	20.1419	1830.9304	5.1255	6
247.6	20.1428	1829.7724	5.1135	6
247.65	20.1417	1831.0511	5.1079	6
247.7	20.1417	1831.1171	5.1108	6
247.75	20.1426	1829.9564	5.1145	6
247.8	20.1418	1830.9753	5.1142	6
247.85	20.1416	1831.4659	5.1287	6
247.9	20.142	1830.9257	5.1179	6
247.95	20.1416	1831.4135	5.1132	6
248	20.1408	1832.7414	5.1247	6
248.05	20.1414	1831.9354	5.1265	6
248.1	20.1411	1831.5894	5.1159	6
248.15	20.1402	1833.1689	5.1159	6
248.2	20.141	1832.8009	5.1185	6
248.25	20.141	1831.8422	5.1257	6
248.3	20.1397	1833.2911	5.1274	6
248.35	20.1407	1833.1514	5.1105	6
248.4	20.141	1832.0399	5.1183	6
248.45	20.1395	1833.6735	5.1462	6
248.5	20.1407	1833.2135	5.147	6
248.55	20.1412	1832.0325	5.1191	6
248.6	20.1398	1833.397	5.1084	6
248.65	20.1407	1833.2307	5.1224	6
248.7	20.1414	1832.2101	5.1293	6
248.75	20.1399	1833.3192	5.1384	6
248.8	20.1401	1834.3576	5.1535	6
248.85	20.141	1833.4664	5.1525	6
248.9	20.1404	1833.7406	5.1341	6
248.95	20.14	1834.6824	5.1143	6
249	20.1411	1833.749	5.1206	6
249.05	20.1407	1833.6204	5.1184	6
249.1	20.14	1834.7245	5.1101	6
249.15	20.1408	1834.2998	5.1159	6
249.2	20.141	1833.7205	5.1194	6
249.25	20.1403	1834.266	5.1215	6
249.3	20.1412	1833.1886	5.1284	6
249.35	20.1412	1831.458	5.1307	6
249.4	20.1405	1831.7939	5.1305	6
249.45	20.1408	1831.2109	5.1291	6
249.5	20.1413	1830.6895	5.1422	6
249.55	20.1408	1831.6449	5.1337	6
249.6	20.1409	1831.2687	5.1157	6
249.65	20.1413	1830.7997	5.1011	6
249.7	20.1411	1831.113	5.1096	6
249.75	20.1411	1831.1443	5.1217	6
249.8	20.1415	1830.5259	5.1255	6
249.85	20.1419	1830.1943	5.1335	6
249.9	20.1415	1830.9305	5.1349	6
249.95	20.1418	1830.5727	5.1139	6
250	20.1419	1830.4569	5.1093	6
250.05	20.1415	1831.2058	5.1398	6
250.1	20.1417	1830.791	5.1354	6
250.15	20.1418	1830.6497	5.1176	6
250.2	20.1415	1831.0702	5.1175	6
250.25	20.1418	1830.8966	5.1206	6
250.3	20.1416	1831.242	5.116	6
250.35	20.1409	1832.2298	5.1047	6
250.4	20.1413	1831.6013	5.1065	6
250.45	20.1411	1832.111	5.1225	6
250.5	20.1402	1833.5193	5.1217	6
250.55	20.1407	1832.7331	5.1207	6
250.6	20.1408	1832.5716	5.111	6
250.65	20.1398	1834.2598	5.1057	6
250.7	20.1401	1833.8582	5.1223	6
250.75	20.1408	1833.069	5.1178	6
250.8	20.1398	1834.5434	5.116	6
250.85	20.1395	1835.1234	5.115	6
250.9	20.1406	1833.645	5.1124	6
250.95	20.1398	1834.6319	5.1155	6
251	20.1391	1835.6845	5.1169	6
251.05	20.1404	1833.9846	5.1391	6
251.1	20.1399	1834.6075	5.1432	6
251.15	20.1391	1835.9601	5.1216	6
251.2	20.1394	1835.3219	5.1144	6
251.25	20.1397	1834.8405	5.1067	6
251.3	20.1386	1836.5601	5.0952	6
251.35	20.139	1836.2465	5.0955	6
251.4	20.1392	1835.8385	5.1072	6
251.45	20.1383	1837.0427	5.1133	6
251.5	20.1383	1837.25	5.1081	6
251.55	20.1388	1836.9025	5.0984	6
251.6	20.1388	1838.7607	5.1078	6
251.65	20.1392	1839.6805	5.1128	6
251.7	20.1396	1839.1061	5.1064	6
251.75	20.1393	1839.6153	5.1166	6
251.8	20.1394	1839.6236	5.1047	6
251.85	20.1398	1839.2153	5.098	6
251.9	20.1394	1839.8983	5.1028	6
251.95	20.1396	1839.6432	5.1113	6
252	20.1397	1839.5054	5.1116	6
252.05	20.1395	1839.8224	5.1194	6
252.1	20.1398	1839.3835	5.1289	6
252.15	20.1401	1839.2087	5.1281	6
252.2	20.1401	1839.2439	5.1233	6
252.25	20.1402	1839.2834	5.124	6
252.3	20.1404	1839.1419	5.1282	6
252.35	20.1404	1839.1048	5.1318	6
252.4	20.1401	1839.6974	5.1206	6
252.45	20.1405	1839.306	5.1031	6
252.5	20.1407	1839.0282	5.1038	6
252.55	20.1406	1839.3495	5.1144	6
252.6	20.1406	1839.2397	5.1208	6
252.65	20.1407	1839.1196	5.1124	6
252.7	20.1409	1839.1995	5.1061	6
252.75	20.141	1839.1586	5.1152	6
252.8	20.1413	1838.733	5.1243	6
252.85	20.1414	1838.6167	5.1188	6
252.9	20.1414	1838.6481	5.116	6
252.95	20.1416	1838.4235	5.1285	6
253	20.1418	1838.1286	5.1384	6
253.05	20.1414	1838.889	5.1238	6
253.1	20.1416	1838.8904	5.122	6
253.15	20.1419	1838.4341	5.1221	6
253.2	20.1415	1838.8229	5.1059	6
253.25	20.1415	1838.7422	5.0986	6
253.3	20.142	1838.0226	5.1077	6
253.35	20.1416	1837.0381	5.1355	6
253.4	20.1409	1836.7433	5.1569	6
253.45	20.1411	1836.3942	5.1338	6
253.5	20.1411	1836.4696	5.1293	6
253.55	20.1403	1837.4146	5.1358	6
253.6	20.1407	1836.9906	5.124	6
253.65	20.1405	1837.336	5.122	6
253.7	20.1402	1837.8806	5.1238	6
253.75	20.14	1838.1299	5.1304	6
253.8	20.1402	1837.9834	5.152	6
253.85	20.1398	1838.6798	5.1528	6
253.9	20.1397	1840.4803	5.133	6
253.95	20.1406	1840.9455	5.1293	6
254	20.1407	1839.997	5.1363	6
254.05	20.1398	1840.7502	5.1531	6
254.1	20.1404	1841.3189	5.1434	6
254.15	20.1409	1840.4871	5.1311	6
254.2	20.1399	1841.2053	5.1268	6
254.25	20.1398	1842.3297	5.1273	6
254.3	20.1407	1841.4311	5.1224	6
254.35	20.1404	1842.0321	5.1321	6
254.4	20.1399	1842.6483	5.1345	6
254.45	20.1404	1842.132	5.1347	6
254.5	20.1403	1842.2428	5.1274	6
254.55	20.1398	1843.1244	5.1312	6
254.6	20.1396	1843.3678	5.1343	6
254.65	20.1399	1842.9575	5.1327	6
254.7	20.139	1844.1422	5.1283	6
254.75	20.1389	1844.4294	5.1225	6
254.8	20.1394	1843.6912	5.1192	6
254.85	20.1389	1844.5291	5.1088	6
254.9	20.1382	1845.5046	5.1051	6
254.95	20.1388	1844.7309	5.1138	6
255	20.1385	1845.2075	5.1184	6
255.05	20.1377	1846.3926	5.1123	6
255.1	20.1381	1845.9568	5.1238	6
255.15	20.1387	1845.2709	5.1292	6
255.2	20.1376	1846.7845	5.1251	6
255.25	20.1376	1846.8002	5.1175	6
255.3	20.1381	1846.0969	5.1093	6
255.35	20.1373	1847.4044	5.1046	6
255.4	20.1366	1848.5008	5.12	6
255.45	20.1374	1847.6181	5.1256	6
255.5	20.1373	1848.0335	5.1247	6
255.55	20.1361	1849.5639	5.1258	6
255.6	20.1368	1848.6513	5.1326	6
255.65	20.1368	1848.7293	5.1358	6
255.7	20.1358	1850.4473	5.1392	6
255.75	20.1361	1849.8523	5.1309	6
255.8	20.1365	1849.2456	5.1301	6
255.85	20.1354	1850.7547	5.1361	6
255.9	20.1354	1850.8366	5.1368	6
255.95	20.1364	1850.0781	5.1333	6
256	20.1363	1852.0904	5.1289	6
256.05	20.1363	1853.0201	5.1487	6
256.1	20.137	1852.0564	5.1437	6
256.15	20.1368	1852.4068	5.1347	6
256.2	20.1362	1853.2105	5.138	6
256.25	20.1369	1852.2198	5.1392	6
256.3	20.1372	1852.0452	5.1256	6
256.35	20.1368	1852.6542	5.1195	6
256.4	20.1374	1851.8366	5.1378	6
256.45	20.1376	1851.5558	5.1095	6
256.5	20.1374	1852.1376	5.0969	6
256.55	20.1376	1851.8857	5.1166	6
256.6	20.1381	1851.2048	5.1365	6
256.65	20.1379	1851.585	5.1438	6
256.7	20.1384	1850.9113	5.1426	6
256.75	20.1389	1850.3494	5.1602	6
256.8	20.1393	1849.9753	5.1617	6
256.85	20.1399	1849.0769	5.1594	6
256.9	20.1401	1848.8801	5.1618	6
256.95	20.1402	1848.7001	5.1532	6
257	20.1409	1847.7518	5.1436	6
257.05	20.141	1847.773	5.1485	6
257.1	20.1413	1847.5627	5.1557	6
257.15	20.1421	1846.3864	5.1538	6
257.2	20.1424	1846.0146	5.1447	6
257.25	20.1423	1846.2464	5.1293	6
257.3	20.1432	1845.0016	5.1361	6
257.35	20.1435	1844.6572	5.1441	6
257.4	20.1437	1844.5446	5.1319	6
257.45	20.1445	1843.7887	5.1181	6
257.5	20.1451	1843.0373	5.1126	6
257.55	20.1453	1842.8649	5.1426	6
257.6	20.1455	1842.7831	5.1572	6
257.65	20.1461	1842.0254	5.1505	6
257.7	20.1462	1841.8053	5.1373	6
257.75	20.1458	1842.3521	5.1162	6
257.8	20.1464	1840.834	5.1286	6
257.85	20.1466	1838.7688	5.1406	6
257.9	20.1459	1839.3653	5.1378	6
257.95	20.1462	1839.0291	5.1315	6
258	20.1473	1837.5288	5.1322	6
258.05	20.1465	1838.7084	5.1399	6
258.1	20.1459	1839.6064	5.1344	6
258.15	20.1471	1837.9657	5.1287	6
258.2	20.1468	1838.4196	5.141	6
258.25	20.1459	1839.8325	5.1242	6
258.3	20.1473	1838.0049	5.1096	6
258.35	20.1477	1837.5558	5.1072	6
258.4	20.1464	1839.5424	5.1208	6
258.45	20.1476	1837.7282	5.1302	6
258.5	20.1477	1835.8519	5.1217	6
258.55	20.1461	1836.8033	5.1279	6
258.6	20.147	1835.5054	5.1322	6
258.65	20.1481	1834.0392	5.1151	6
258.7	20.1472	1835.168	5.1163	6
258.75	20.1479	1834.3281	5.1262	6
258.8	20.1492	1832.7407	5.1279	6
258.85	20.1486	1833.6494	5.1297	6
258.9	20.1485	1833.7375	5.1394	6
258.95	20.1496	1832.2974	5.1388	6
259	20.1492	1832.8291	5.1315	6
259.05	20.1489	1831.9254	5.1253	6
259.1	20.149	1830.242	5.1175	6
259.15	20.1487	1830.4791	5.1193	6
259.2	20.1487	1830.6001	5.1341	6
259.25	20.1488	1830.563	5.1391	6
259.3	20.148	1831.5427	5.144	6
259.35	20.1484	1831.0903	5.1299	6
259.4	20.1488	1830.641	5.1148	6
259.45	20.1477	1832.1995	5.1261	6
259.5	20.1484	1831.505	5.1259	6
259.55	20.1487	1830.5186	5.1151	6
259.6	20.1472	1830.8896	5.103	6
259.65	20.1471	1830.268	5.1287	6
259.7	20.1479	1829.1652	5.1416	6
259.75	20.147	1830.3248	5.1204	6
259.8	20.1472	1830.2443	5.1071	6
259.85	20.1482	1828.9189	5.1058	6
259.9	20.1477	1829.699	5.1016	6
259.95	20.1474	1829.982	5.0969	6
260	20.1486	1828.7508	5.0987	6
260.05	20.1487	1828.9248	5.0988	6
260.1	20.1483	1829.4202	5.0946	6
260.15	20.1484	1827.9101	5.1076	6
260.2	20.1483	1826.4165	5.1154	6
260.25	20.1476	1827.1811	5.1101	6
260.3	20.1477	1827.1109	5.1154	6
260.35	20.1476	1827.1683	5.1109	6
260.4	20.1471	1827.8336	5.0935	6
260.45	20.1465	1828.5388	5.0862	6
260.5	20.1468	1828.3066	5.0922	6
260.55	20.1468	1828.5129	5.0867	6
260.6	20.1461	1829.4189	5.0955	6
260.65	20.1463	1829.2308	5.0929	6
260.7	20.1466	1828.8848	5.0829	6
260.75	20.1458	1829.9524	5.0802	6
260.8	20.1457	1829.2044	5.0819	6
260.85	20.1454	1827.7187	5.0982	6
260.9	20.1447	1828.4108	5.1109	6
260.95	20.1446	1828.6454	5.1085	6
261	20.145	1828.1839	5.1192	6
261.05	20.1445	1828.9854	5.1045	6
261.1	20.1445	1829.0902	5.1024	6
261.15	20.1448	1828.645	5.121	6
261.2	20.1448	1828.8967	5.1358	6
261.25	20.1445	1829.5129	5.1445	6
261.3	20.1449	1829.0813	5.141	6
261.35	20.1447	1829.4127	5.1234	6
261.4	20.1443	1829.9195	5.1186	6
261.45	20.1441	1830.0989	5.1091	6
261.5	20.144	1830.4086	5.1093	6
261.55	20.1438	1830.8725	5.1102	6
261.6	20.1439	1830.7351	5.1224	6
261.65	20.1439	1830.6917	5.1218	6
261.7	20.1437	1830.9879	5.1229	6
261.75	20.1443	1830.3492	5.1375	6
261.8	20.1443	1830.4754	5.1343	6
261.85	20.1441	1830.4676	5.1165	6
261.9	20.1435	1829.6673	5.1216	6
261.95	20.1436	1828.6117	5.1294	6
262	20.1433	1828.8172	5.1338	6
262.05	20.1433	1828.9442	5.1341	7
262.1	20.1436	1828.626	5.1423	7
262.15	20.1438	1828.387	5.1388	7
262.2	20.1435	1828.8727	5.113	7
262.25	20.142	1825.0932	5.1009	7
262.3	20.1347	1805.9644	5.111	7
262.35	20.1177	1768.2883	5.1083	7
262.4	20.0905	1712.8969	5.1029	7
262.45	20.0538	1639.0827	5.0858	7
262.5	20.0058	1549.4592	5.0975	7
262.55	19.9454	1444.9004	5.097	7
262.6	19.8736	1324.1823	5.097	7
262.65	19.7897	1188.5483	5.1062	7
262.7	19.6912	1040.1063	5.1063	7
262.75	19.5784	878.2829	5.0989	7
262.8	19.4504	704.8037	5.1186	8
262.85	19.3048	522.2291	5.1118	8
262.9	19.1402	333.6212	5.1111	8
262.95	18.9559	139.1752	5.1319	8
263	18.7584	-44.5184	5.1413	8
263.05	18.5695	-172.8379	5.1457	8
263.1	18.3939	-261.7406	5.128	8
263.15	18.2192	-344.4113	5.1332	8
263.2	18.0403	-421.947	5.1454	8
263.25	17.8569	-494.3247	5.1446	8
263.3	17.6715	-564.9697	5.1447	8
263.35	17.4817	-629.9707	5.1333	8
263.4	17.2861	-688.1122	5.1326	8
263.45	17.0844	-739.3729	5.1236	8
263.5	16.876	-782.1092	5.1266	8
263.55	16.6587	-813.1964	5.1394	8
263.6	16.4335	-833.7491	5.1267	8
263.65	16.1981	-841.6353	5.1329	8
263.7	15.9535	-837.5541	5.1345	8
263.75	15.7012	-823.6964	5.1164	8
263.8	15.4418	-800.7982	5.1323	8
263.85	15.1712	-762.9939	5.1546	8
263.9	14.8887	-709.2737	5.1571	8
263.95	14.5987	-646.4968	5.1624	8
264	14.3024	-576.1672	5.1468	8
264.05	13.996	-492.0327	5.1483	8
264.1	13.6835	-399.796	5.1291	8
264.15	13.3801	-321.2908	5.113	8
264.2	13.0926	-266.0902	5.1313	8
264.25	12.816	-227.0817	5.1438	8
264.3	12.5478	-199.9022	5.1504	8
264.35	12.2866	-182.5666	5.128	8
264.4	12.0277	-170.463	5.1277	8
264.45	11.7691	-159.7279	5.1321	8
264.5	11.5114	-150.622	5.1142	8
264.55	11.2537	-142.0221	5.1236	8
264.6	10.996	-134.3364	5.1395	8
264.65	10.7376	-127.1216	5.154	8
264.7	10.4796	-121.0696	5.17	8
264.75	10.2212	-115.0196	5.1677	8
264.8	9.9625	-108.979	5.1595	8
264.85	9.704	-104.1676	5.1591	8
264.9	9.4454	-99.5058	5.1428	8
264.95	9.1879	-96.5891	5.1423	8
265	8.9288	-92.5094	5.1304	8
265.05	8.6691	-88.2004	5.147	8
265.1	8.4101	-85.1022	5.1568	8
265.15	8.1499	-80.6961	5.1521	8
265.2	7.8892	-76.4458	5.1525	8
265.25	7.6289	-73.6084	5.1492	8
265.3	7.3675	-69.8508	5.1382	8
265.35	7.1067	-67.2474	5.1371	8
265.4	6.8449	-63.9365	5.1334	8
265.45	6.583	-60.9889	5.1408	8
265.5	6.3201	-57.4717	5.1331	8
265.55	6.0579	-55.1457	5.1267	8
265.6	5.7941	-51.0793	5.1543	8
265.65	5.5307	-48.0406	5.1645	8
265.7	5.2676	-45.4434	5.1494	8
265.75	5.004	-42.9592	5.1488	8
265.8	4.7395	-39.8544	5.142	8
265.85	4.477	-38.9612	5.1396	8
265.9	4.2136	-36.4874	5.1429	8
265.95	3.95	-35.2724	5.1485	8
266	3.6851	-33.2597	5.1412	8
266.05	3.421	-32.187	5.1264	8
266.1	3.1559	-29.8915	5.1285	8
266.15	2.8904	-27.6141	5.1314	8
266.2	2.6254	-26.7796	5.1172	8
266.25	2.3593	-25.0587	5.1167	8
266.3	2.0931	-23.0787	5.1149	8
266.35	1.8284	-23.2579	5.1001	8
266.4	1.5632	-23.079	5.0892	8
266.45	1.2963	-20.8163	5.1048	8
266.5	1.0316	-21.6536	5.1212	8
266.55	0.7655	-20.806	5.1131	8
266.6	0.4994	-19.886	5.0942	8
266.65	0.2337	-19.7769	5.0946	8
266.7	-0.032	-20.1258	5.1126	8
266.75	-0.2984	-19.6868	5.117	8
266.8	-0.5642	-19.7515	5.1119	8
266.85	-0.8299	-20.1941	5.1243	8
266.9	-1.0964	-20.194	5.1251	8
266.95	-1.3632	-19.4874	5.1124	8
267	-1.629	-20.2369	5.1256	8
267.05	-1.896	-19.6708	5.1346	8
267.1	-2.1625	-20.0459	5.1218	8
267.15	-2.4291	-20.1148	5.122	8
267.2	-2.6953	-20.4373	5.1354	8
267.25	-2.9619	-20.1136	5.1448	8
267.3	-3.2283	-20.4106	5.1395	8
267.35	-3.4943	-20.5154	5.1306	8
267.4	-3.7617	-18.9053	5.1365	8
267.45	-4.0286	-18.6552	5.1415	8
267.5	-4.2945	-19.4618	5.1532	8
267.55	-4.5609	-19.0434	5.147	8
267.6	-4.8279	-18.594	5.1437	8
267.65	-5.0942	-18.9763	5.1428	8
267.7	-5.3609	-18.9572	5.1306	8
267.75	-5.628	-18.6601	5.132	8
267.8	-5.8948	-18.7639	5.1256	8
