Indentation

 + User defined profile

+ User defined profile
   Acquisition rate :	20.0 [Hz]
   Linear load 20.00  µN ; 100.00 µN/min
   Pause in load 2 s
   Linear load 0.00  µN ; 100.00 µN/min
   Pause in load 120 s
   Linear depth 20.00  µm ; 500.00 µm/min
   Pause in depth 120 s
   Linear depth 0.00  µm ; 1000.00 µm/min
+ TTX - UNHT Bio S/N: 1000136751 settings
   Fn contact : 25 µN
   Approach distance : 20 µm
   Approach speed : 100 µm/min
   Retract speed : 200 µm/min
   Retract time : 5 sec
   Dz sensor in large range
   Load in fine range
   FnRef in fine range
   FnRef contactload :500.000 µN
   Stiffness threshold : 1 µN/µm

   X Position :10523.04 µm
   Y Position :37957.90 µm
   Z Position :8354.13 µm

Date :6/9/2026
Time :11:05:09 AM

Analysis n # 1

   Method :	Hertz

 + Parameters

  Load Fit [10%,98%]

 + Main results

   EHz=	2.5748 	kPa

 + Hypothesis


 + Additional results

   ErHz=	2.83 kPa
   h offset=	-0.24 µm
   R2=	0.81

Analysis n # 2

   Method :	Oliver & Pharr

 + Parameters

  Unload Fit [40%,98%]

 + Main results

   HIT=	0.2379 	kPa
   EIT=	37.151 	kPa
   E*=	40.825 	kPa

 + Hypothesis

   !!! Indenter not calibrated !!!
   m out of O&P hypothesis
   Poisson's ratio(nu)=	0.30 

 + Additional results

   HVIT=	2.4251E-005 	 Vickers
   RIT 1.5E-005/6/2=	-18.72 	%
   nIT=	71.63 %
   Fmax=	15.01 	µN
   hmax=	21.45 	µm
   S=	11.5729 	µN/µm
   F/S²=	0.1121 	µm²/µN
   hc=	20.51 	µm
   hr=	20.16 	µm
   hp=	-129.93 	µm
   m=	116.6809 
   Epsilon=	0.73 
   R2=	1.011
   Ap=	63112.90 	µm²
   Welast=	13.23 pJ
   Wplast=	5.24 pJ
   Wtotal=	18.47 pJ
   Er=	40.825 	kPa

Measured values
Time (s)	Pd (µm)	Fn (µN)	FnRef (µN)	SegmentID

0	0	0	5.1762	0
0.05	0.046	-0.1779	5.1687	0
0.1	0.0921	0.3821	5.1708	0
0.15	0.1396	-0.2834	5.1797	0
0.2	0.1862	0.3746	5.1706	0
0.25	0.2343	-0.1428	5.1599	0
0.3	0.2827	-0.1825	5.1627	0
0.35	0.3315	0.0458	5.1582	0
0.4	0.3807	-0.2909	5.1421	0
0.45	0.4294	-0.2828	5.1463	0
0.5	0.479	-0.3139	5.1636	0
0.55	0.529	0.21	5.1662	0
0.6	0.5801	-0.1492	5.1531	0
0.65	0.6306	0.0441	5.1394	0
0.7	0.6817	-0.0255	5.1451	0
0.75	0.7335	-0.0013	5.1511	0
0.8	0.7856	-0.0628	5.1567	0
0.85	0.8374	0.1026	5.1637	0
0.9	0.8899	-0.1279	5.1626	0
0.95	0.9423	-0.0021	5.1722	0
1	0.9953	0.2825	5.1757	0
1.05	1.049	0.0812	5.1642	0
1.1	1.1028	0.1828	5.1674	0
1.15	1.157	0.4458	5.1538	0
1.2	1.2118	0.206	5.1493	0
1.25	1.2666	0.1288	5.162	0
1.3	1.3217	0.4677	5.1695	0
1.35	1.3775	0.337	5.1617	0
1.4	1.4335	0.1516	5.1597	0
1.45	1.4892	0.7343	5.1341	0
1.5	1.5464	0.2468	5.1253	0
1.55	1.6037	0.3674	5.1331	0
1.6	1.6606	0.9316	5.1423	0
1.65	1.7189	-0.0424	5.1351	0
1.7	1.7761	0.5475	5.1399	0
1.75	1.8338	0.9048	5.1562	0
1.8	1.8929	0.0681	5.1671	0
1.85	1.9509	1.0384	5.1704	0
1.9	2.0108	0.3933	5.1491	0
1.95	2.0697	1.1339	5.1335	0
2	2.1303	0.0501	5.145	0
2.05	2.1896	0.8858	5.1382	0
2.1	2.2497	1.126	5.1331	0
2.15	2.3113	0.213	5.1365	0
2.2	2.3718	0.9802	5.135	0
2.25	2.4332	0.87	5.1399	0
2.3	2.495	0.7397	5.1445	0
2.35	2.5565	1.0045	5.1555	0
2.4	2.6187	0.8233	5.1711	0
2.45	2.6815	0.9679	5.1762	0
2.5	2.7447	0.6602	5.173	0
2.55	2.8072	1.2851	5.1535	0
2.6	2.8708	0.7209	5.1492	0
2.65	2.9339	1.2141	5.1567	0
2.7	2.998	0.8392	5.1474	0
2.75	3.062	1.0563	5.1535	0
2.8	3.1264	1.1955	5.1417	0
2.85	3.1914	0.9215	5.1245	0
2.9	3.2562	1.2334	5.1373	0
2.95	3.3217	0.9589	5.1337	0
3	3.387	1.2275	5.1436	0
3.05	3.4532	0.9703	5.1434	0
3.1	3.5186	1.5302	5.1411	0
3.15	3.585	0.9377	5.1485	0
3.2	3.6513	1.1471	5.1347	0
3.25	3.7176	1.6604	5.1396	0
3.3	3.7851	1.1015	5.1369	0
3.35	3.8526	1.0221	5.1407	0
3.4	3.9193	1.737	5.1337	0
3.45	3.9874	1.1509	5.1141	0
3.5	4.0555	1.1042	5.1271	0
3.55	4.1238	1.3265	5.1572	0
3.6	4.1924	1.7259	5.1553	0
3.65	4.2619	0.8718	5.1438	0
3.7	4.3304	1.4456	5.1254	0
3.75	4.3991	1.7461	5.1228	0
3.8	4.4684	0.8301	5.1269	0
3.85	4.5372	1.5428	5.1062	0
3.9	4.6067	1.9698	5.1259	0
3.95	4.6779	0.5818	5.1352	0
4	4.7472	1.9114	5.128	0
4.05	4.8181	1.5839	5.148	0
4.1	4.8895	1.1	5.1494	0
4.15	4.9605	1.3594	5.1633	0
4.2	5.0314	2.102	5.1573	0
4.25	5.1037	1.2126	5.1414	0
4.3	5.1755	0.7876	5.1394	0
4.35	5.2459	2.3177	5.1454	0
4.4	5.3189	1.1059	5.1531	0
4.45	5.3908	1.3056	5.1415	0
4.5	5.4633	1.5415	5.1282	0
4.55	5.536	2.2071	5.1339	0
4.6	5.6106	0.5429	5.123	0
4.65	5.6827	1.9939	5.1207	0
4.7	5.7563	1.8635	5.1211	0
4.75	5.831	0.6822	5.1116	0
4.8	5.9031	2.5301	5.1055	0
4.85	5.9782	1.1631	5.114	0
4.9	6.052	1.7266	5.1177	0
4.95	6.1265	1.4007	5.1195	0
5	6.2009	1.9051	5.1254	0
5.05	6.2763	1.5661	5.1281	0
5.1	6.3513	1.3325	5.1295	0
5.15	6.4261	1.8462	5.1352	0
5.2	6.5017	1.747	5.1343	0
5.25	6.5776	1.3506	5.12	0
5.3	6.6527	2.1575	5.1213	0
5.35	6.7285	1.674	5.1212	0
5.4	6.8168	1.593	5.1111	0
5.45	6.9715	2.1013	5.114	0
5.5	7.1897	1.524	5.1193	0
5.55	7.42	1.539	5.1283	0
5.6	7.6501	2.5618	5.1436	0
5.65	7.8809	1.1621	5.124	0
5.7	8.1072	2.6625	5.1181	0
5.75	8.3329	1.349	5.1218	0
5.8	8.5538	2.4565	5.1352	0
5.85	8.7723	2.1231	5.1289	0
5.9	8.9868	1.9071	5.1211	0
5.95	9.1975	2.6599	5.1323	0
6	9.4067	1.3729	5.1014	0
6.05	9.6103	2.7908	5.0952	0
6.1	9.8118	2.6531	5.1181	0
6.15	10.0107	1.7752	5.1105	0
6.2	10.2046	2.595	5.1036	0
6.25	10.396	2.529	5.089	0
6.3	10.5845	2.4707	5.0745	0
6.35	10.7694	2.6741	5.0823	0
6.4	10.9514	2.5447	5.1027	0
6.45	11.1305	2.7314	5.122	0
6.5	11.3069	2.6945	5.1167	0
6.55	11.4805	2.6179	5.1074	0
6.6	11.6504	3.0537	5.1135	0
6.65	11.8185	2.2654	5.1161	0
6.7	11.9836	3.1036	5.1074	0
6.75	12.147	2.7129	5.1129	0
6.8	12.3073	2.8022	5.1074	0
6.85	12.4655	2.7376	5.1223	0
6.9	12.6212	2.8007	5.1346	0
6.95	12.7747	2.6388	5.1219	0
7	12.9257	3.0531	5.1133	0
7.05	13.0754	2.5281	5.1207	0
7.1	13.2221	2.9984	5.1172	0
7.15	13.3674	2.8535	5.113	0
7.2	13.5106	2.8967	5.1187	0
7.25	13.6518	2.9596	5.1296	0
7.3	13.7911	2.9207	5.1204	0
7.35	13.9283	3.3916	5.1231	0
7.4	14.0649	2.5143	5.1075	0
7.45	14.1983	3.7136	5.101	0
7.5	14.3316	2.8621	5.1059	0
7.55	14.4623	3.0658	5.1054	0
7.6	14.5912	3.3853	5.1245	0
7.65	14.719	3.2095	5.124	0
7.7	14.8453	3.3449	5.1338	0
7.75	14.9706	2.8158	5.1385	0
7.8	15.0932	3.9372	5.1114	0
7.85	15.2165	2.6763	5.1	0
7.9	15.3368	3.351	5.1086	0
7.95	15.4558	3.5969	5.1103	0
8	15.5746	3.0447	5.1148	0
8.05	15.6921	3.0465	5.1185	0
8.1	15.8073	4.0454	5.122	0
8.15	15.9232	3.38	5.1204	0
8.2	16.0373	3.8072	5.1187	0
8.25	16.1506	3.7071	5.1055	0
8.3	16.2624	3.9511	5.096	0
8.35	16.3735	3.5441	5.102	0
8.4	16.4832	3.7579	5.1079	0
8.45	16.5912	3.7982	5.1088	0
8.5	16.6995	3.796	5.1182	0
8.55	16.8089	3.4701	5.1139	0
8.6	16.9162	3.461	5.0913	0
8.65	17.0222	3.6631	5.0728	0
8.7	17.128	3.0612	5.0718	0
8.75	17.2322	3.5385	5.0966	0
8.8	17.336	3.7333	5.1086	0
8.85	17.44	3.2348	5.0923	0
8.9	17.5425	3.3359	5.077	0
8.95	17.6439	3.7362	5.0818	0
9	17.7451	3.6593	5.0918	0
9.05	17.8461	3.4255	5.097	0
9.1	17.9459	4.0828	5.1084	0
9.15	18.0455	4.0347	5.1133	0
9.2	18.1445	3.7255	5.089	0
9.25	18.2427	3.9063	5.0846	0
9.3	18.3399	4.5067	5.0803	0
9.35	18.4378	3.9047	5.075	0
9.4	18.535	4.2649	5.089	0
9.45	18.6318	4.592	5.1065	0
9.5	18.7278	4.569	5.1207	0
9.55	18.824	4.3234	5.1277	0
9.6	18.9186	5.2779	5.1195	0
9.65	19.0141	4.8756	5.1302	0
9.7	19.109	4.9816	5.1401	0
9.75	19.2025	5.6028	5.1376	0
9.8	19.2955	5.7249	5.1335	0
9.85	19.3889	5.501	5.1336	1
9.9	19.4818	6.3698	5.1301	1
9.95	19.5749	6.5667	5.1236	1
10	19.6672	6.3545	5.1162	1
10.05	19.7411	7.2099	5.0978	1
10.1	19.7796	6.9129	5.0836	1
10.15	19.8018	6.5005	5.0822	1
10.2	19.82	7.15	5.0924	1
10.25	19.8354	7.0484	5.0942	1
10.3	19.8504	6.6209	5.0973	1
10.35	19.864	7.4735	5.0986	1
10.4	19.8762	6.8022	5.104	1
10.45	19.8886	7.1783	5.1073	1
10.5	19.8996	7.237	5.0981	1
10.55	19.9097	7.4054	5.093	1
10.6	19.9214	6.6553	5.0956	1
10.65	19.9308	7.8133	5.1045	1
10.7	19.9399	7.3818	5.105	1
10.75	19.9498	7.1095	5.1039	1
10.8	19.9589	7.7206	5.109	1
10.85	19.9679	7.5784	5.1033	1
10.9	19.9768	7.4017	5.0972	1
10.95	19.9865	7.0396	5.0985	1
11	19.996	7.55	5.0887	1
11.05	20.0049	7.4713	5.097	1
11.1	20.0141	7.4391	5.0867	1
11.15	20.0223	7.8326	5.0976	1
11.2	20.0309	7.5036	5.1065	1
11.25	20.0402	7.2323	5.0944	1
11.3	20.0488	7.9383	5.1122	1
11.35	20.0577	7.4553	5.1117	1
11.4	20.0673	7.4701	5.0957	1
11.45	20.0758	8.1776	5.0803	1
11.5	20.0849	7.1498	5.0776	1
11.55	20.0943	7.9681	5.1022	1
11.6	20.1027	8.0378	5.0881	1
11.65	20.1118	7.2553	5.0767	1
11.7	20.1213	8.2041	5.0976	1
11.75	20.1292	8.3008	5.1115	1
11.8	20.1388	7.3137	5.1225	1
11.85	20.1486	8.1408	5.1066	1
11.9	20.1574	7.9797	5.0971	1
11.95	20.1666	8.1866	5.1218	1
12	20.1766	7.7367	5.1105	1
12.05	20.1859	8.2977	5.1099	1
12.1	20.1957	7.9478	5.0921	1
12.15	20.2055	8.0611	5.0711	1
12.2	20.2152	8.2285	5.0854	1
12.25	20.2249	8.0304	5.0742	1
12.3	20.2348	8.2546	5.0846	1
12.35	20.2446	8.3745	5.0948	1
12.4	20.2545	8.3301	5.1015	1
12.45	20.2653	8.0894	5.116	1
12.5	20.2749	8.8343	5.1132	1
12.55	20.2842	8.5077	5.1114	1
12.6	20.2955	7.8951	5.1079	1
12.65	20.3056	9.178	5.1091	1
12.7	20.3144	8.9698	5.1116	1
12.75	20.325	8.1804	5.09	1
12.8	20.3358	8.9652	5.1069	1
12.85	20.3456	9.098	5.1268	1
12.9	20.3566	8.3688	5.1083	1
12.95	20.3672	9.3982	5.1066	1
13	20.3769	8.9295	5.1116	1
13.05	20.3876	9.0461	5.1209	1
13.1	20.3989	8.9124	5.1191	1
13.15	20.4092	9.3895	5.1133	1
13.2	20.4198	9.2974	5.1042	1
13.25	20.4309	9.0139	5.0909	1
13.3	20.4416	9.5602	5.0988	1
13.35	20.4518	9.699	5.1035	1
13.4	20.4629	9.0606	5.104	1
13.45	20.4745	9.7223	5.1123	1
13.5	20.4847	9.7506	5.1151	1
13.55	20.4964	9.5147	5.1245	1
13.6	20.5076	9.792	5.1225	1
13.65	20.5179	10.2086	5.095	1
13.7	20.5295	9.3629	5.0948	1
13.75	20.5409	10.169	5.1016	1
13.8	20.5517	10.1355	5.0992	1
13.85	20.5631	9.7342	5.1152	1
13.9	20.5747	10.1602	5.1132	1
13.95	20.5855	10.2796	5.1218	1
14	20.597	10.0119	5.1362	1
14.05	20.6091	10.2772	5.1279	1
14.1	20.6203	10.2668	5.1244	1
14.15	20.6316	10.7271	5.1313	1
14.2	20.6432	10.0399	5.1328	1
14.25	20.6555	10.8403	5.1302	1
14.3	20.667	10.3595	5.1173	1
14.35	20.6797	10.4145	5.1093	1
14.4	20.691	10.8603	5.1094	1
14.45	20.7021	11.2455	5.1094	1
14.5	20.7151	9.9851	5.122	1
14.55	20.7276	11.3611	5.1351	1
14.6	20.7385	11.1738	5.1276	1
14.65	20.7512	10.5902	5.117	1
14.7	20.7639	11.0892	5.1221	1
14.75	20.7755	11.4038	5.1165	1
14.8	20.7872	11.1882	5.1064	1
14.85	20.8007	11.0164	5.1176	1
14.9	20.8123	11.7781	5.1133	1
14.95	20.8245	11.2714	5.103	1
15	20.8374	11.1079	5.1212	1
15.05	20.8495	12.1041	5.1094	1
15.1	20.8614	11.5895	5.0946	1
15.15	20.8746	11.3847	5.109	1
15.2	20.8869	12.2825	5.1099	1
15.25	20.8992	11.8529	5.1159	1
15.3	20.9118	11.9273	5.1259	1
15.35	20.9242	12.0201	5.1042	1
15.4	20.9363	12.259	5.1091	1
15.45	20.9494	12.001	5.1196	1
15.5	20.9622	12.4122	5.1009	1
15.55	20.9749	12.1394	5.1016	2
15.6	20.9873	12.6466	5.0994	2
15.65	21.0002	12.2519	5.0963	2
15.7	21.0135	12.4818	5.0891	2
15.75	21.0258	12.7907	5.0849	2
15.8	21.0388	12.4997	5.0855	2
15.85	21.0519	12.688	5.0834	2
15.9	21.0641	12.8617	5.0938	2
15.95	21.0755	13.0659	5.1064	2
16	21.0878	12.6757	5.1221	2
16.05	21.1002	13.0627	5.1194	2
16.1	21.1113	13.5556	5.116	2
16.15	21.1229	12.9631	5.1232	2
16.2	21.134	13.6134	5.1155	2
16.25	21.1446	13.2463	5.1132	2
16.3	21.1555	13.697	5.1143	2
16.35	21.1663	13.4031	5.107	2
16.4	21.1769	13.8679	5.1242	2
16.45	21.187	13.6618	5.1272	2
16.5	21.1982	13.6137	5.1246	2
16.55	21.2082	14.0322	5.1094	2
16.6	21.2177	14.0726	5.1224	2
16.65	21.2279	13.6358	5.1256	2
16.7	21.2375	14.2935	5.1042	2
16.75	21.2463	14.298	5.0955	2
16.8	21.2552	14.2736	5.11	2
16.85	21.2643	13.9928	5.1065	2
16.9	21.2728	14.872	5.1058	2
16.95	21.2807	14.341	5.1012	2
17	21.2897	14.4832	5.0932	2
17.05	21.2976	14.7815	5.1089	2
17.1	21.306	14.5932	5.118	2
17.15	21.3136	14.5824	5.1296	2
17.2	21.3215	14.9468	5.1218	2
17.25	21.3286	14.8334	5.1145	2
17.3	21.3362	15.0496	5.1068	2
17.35	21.3428	14.9625	5.1098	2
17.4	21.3499	14.9614	5.1197	2
17.45	21.3563	15.2928	5.1083	2
17.5	21.3635	14.9129	5.1112	2
17.55	21.37	15.3457	5.1156	3
17.6	21.3767	15.0145	5.1038	3
17.65	21.3828	15.1698	5.1063	3
17.7	21.3891	15.4113	5.1139	3
17.75	21.3954	14.9976	5.1112	3
17.8	21.4017	15.427	5.1222	3
17.85	21.4073	15.212	5.1202	3
17.9	21.4135	15.1657	5.1162	3
17.95	21.4188	15.4472	5.1262	3
18	21.4242	15.0511	5.1183	3
18.05	21.4288	15.6127	5.1271	3
18.1	21.434	15.0811	5.1273	3
18.15	21.4377	15.8879	5.1086	3
18.2	21.4424	14.9103	5.1229	3
18.25	21.4462	15.5676	5.1279	3
18.3	21.4493	15.5914	5.1235	3
18.35	21.4534	15.1465	5.138	3
18.4	21.4571	15.2506	5.1309	3
18.45	21.4591	16.1302	5.1356	3
18.5	21.4621	14.6825	5.1294	3
18.55	21.465	16.1377	5.1219	3
18.6	21.466	15.5011	5.1281	3
18.65	21.4687	15.4736	5.1156	3
18.7	21.4706	15.2053	5.1159	3
18.75	21.4723	15.6924	5.1285	3
18.8	21.4731	15.5293	5.1313	3
18.85	21.475	15.1317	5.1366	3
18.9	21.4753	15.9594	5.1268	3
18.95	21.4761	15.2914	5.1304	3
19	21.4765	15.5173	5.1512	3
19.05	21.4771	15.53	5.1344	3
19.1	21.4768	15.4383	5.13	3
19.15	21.4777	15.029	5.1394	3
19.2	21.477	15.7716	5.1484	3
19.25	21.477	14.9728	5.1538	3
19.3	21.477	15.4168	5.1513	3
19.35	21.4761	15.4834	5.1532	3
19.4	21.4751	15.2726	5.1433	3
19.45	21.4741	15.2476	5.1383	3
19.5	21.4733	15.1957	5.1368	3
19.55	21.4719	15.139	5.1336	3
19.6	21.471	15.1741	5.1413	3
19.65	21.4694	15.1824	5.1326	3
19.7	21.4676	15.1728	5.1187	3
19.75	21.4655	15.2509	5.1281	3
19.8	21.464	14.686	5.1355	3
19.85	21.4621	15.4138	5.1244	3
19.9	21.4593	14.9357	5.1186	3
19.95	21.4571	15.0017	5.1242	3
20	21.4546	14.8499	5.1182	3
20.05	21.4513	15.2547	5.1119	3
20.1	21.4489	14.4471	5.1135	3
20.15	21.4463	14.914	5.1279	3
20.2	21.443	14.9074	5.1319	3
20.25	21.44	14.6866	5.1365	3
20.3	21.4368	14.8926	5.1288	3
20.35	21.4333	14.8347	5.131	3
20.4	21.4294	14.6192	5.1364	3
20.45	21.4262	14.3792	5.1338	3
20.5	21.4224	14.7193	5.1517	3
20.55	21.4189	14.404	5.1484	3
20.6	21.415	14.3244	5.1532	3
20.65	21.4107	14.6799	5.1611	3
20.7	21.4066	14.194	5.1562	3
20.75	21.4026	14.2935	5.1493	3
20.8	21.3988	14.2585	5.1523	3
20.85	21.3938	14.5136	5.1554	3
20.9	21.3898	13.7788	5.1428	3
20.95	21.3854	14.2253	5.1356	3
21	21.3803	14.2305	5.1413	3
21.05	21.3759	13.911	5.1485	3
21.1	21.3713	13.7178	5.135	3
21.15	21.3663	14.2137	5.1265	3
21.2	21.3611	13.7187	5.1331	3
21.25	21.3562	13.7953	5.1442	3
21.3	21.351	13.6108	5.1348	3
21.35	21.3458	13.9224	5.1335	3
21.4	21.3403	13.4307	5.1347	3
21.45	21.3352	13.6128	5.1228	3
21.5	21.3295	13.6029	5.1191	3
21.55	21.3244	13.3627	5.143	3
21.6	21.319	13.1001	5.1388	3
21.65	21.314	13.4316	5.1391	3
21.7	21.3077	13.2044	5.1501	3
21.75	21.3026	13.1931	5.1525	3
21.8	21.2964	13.1962	5.1475	3
21.85	21.2909	12.9226	5.1349	3
21.9	21.2853	12.9376	5.1243	3
21.95	21.2795	12.9276	5.1225	3
22	21.2734	13.0906	5.1341	3
22.05	21.2675	12.724	5.1253	3
22.1	21.2617	12.7605	5.1299	3
22.15	21.2555	12.6573	5.1292	3
22.2	21.2489	13.0009	5.1265	3
22.25	21.2427	12.3008	5.1318	3
22.3	21.2369	12.5725	5.1197	3
22.35	21.2303	12.4717	5.1279	3
22.4	21.2239	12.6095	5.1567	3
22.45	21.2175	12.1291	5.1699	3
22.5	21.2106	12.5605	5.1502	3
22.55	21.203	12.38	5.1544	3
22.6	21.1969	11.8566	5.1502	3
22.65	21.1899	12.3783	5.153	3
22.7	21.1825	12.3121	5.134	3
22.75	21.1756	11.7088	5.1203	3
22.8	21.1689	12.0554	5.1161	3
22.85	21.1617	12.2131	5.1233	3
22.9	21.1545	11.5513	5.1304	3
22.95	21.1476	11.9158	5.1302	3
23	21.1403	11.4717	5.1375	3
23.05	21.1329	11.9049	5.1375	3
23.1	21.126	11.4323	5.127	3
23.15	21.1185	11.5345	5.1167	3
23.2	21.1116	11.3401	5.1166	3
23.25	21.1037	11.6671	5.1313	3
23.3	21.096	11.2562	5.1355	3
23.35	21.0885	11.2265	5.1305	3
23.4	21.0808	11.1801	5.132	3
23.45	21.0733	11.3011	5.137	3
23.5	21.0659	10.915	5.1342	3
23.55	21.0587	11.105	5.1344	3
23.6	21.0511	10.9454	5.1323	3
23.65	21.0428	10.9703	5.1405	3
23.7	21.035	10.7362	5.1467	3
23.75	21.0274	10.8291	5.1434	3
23.8	21.0187	11.0503	5.135	3
23.85	21.011	10.28	5.135	3
23.9	21.0027	10.918	5.1435	3
23.95	20.994	10.5391	5.1574	3
24	20.9862	10.3196	5.1528	3
24.05	20.9783	10.3364	5.1437	3
24.1	20.9697	10.5317	5.1549	3
24.15	20.9612	10.2121	5.1653	3
24.2	20.953	10.1114	5.1608	3
24.25	20.9444	10.2775	5.1422	3
24.3	20.9359	9.8758	5.1412	3
24.35	20.9275	10.0077	5.1411	3
24.4	20.919	9.8688	5.1466	3
24.45	20.9106	9.96	5.1478	3
24.5	20.9018	9.7683	5.1286	3
24.55	20.8935	9.6171	5.1283	3
24.6	20.8843	9.9814	5.1392	3
24.65	20.8755	9.419	5.1419	3
24.7	20.867	9.3571	5.1404	3
24.75	20.8583	9.5998	5.1278	3
24.8	20.8496	9.3124	5.1342	3
24.85	20.8409	9.1096	5.1199	3
24.9	20.8319	9.388	5.1057	3
24.95	20.8232	8.9566	5.1148	3
25	20.8139	9.4213	5.1054	3
25.05	20.8048	8.8312	5.1245	3
25.1	20.796	9.1708	5.1295	3
25.15	20.7869	8.9293	5.1316	3
25.2	20.7778	8.9225	5.1383	3
25.25	20.7687	8.7195	5.1371	3
25.3	20.7596	8.7139	5.1262	3
25.35	20.75	8.7964	5.1297	3
25.4	20.7406	8.5458	5.1287	3
25.45	20.7308	8.7033	5.1325	3
25.5	20.7209	8.4882	5.1311	3
25.55	20.7112	8.4407	5.1314	3
25.6	20.7019	8.4422	5.1486	3
25.65	20.6921	8.3611	5.153	3
25.7	20.682	8.3959	5.1598	3
25.75	20.6726	7.81	5.145	3
25.8	20.6627	8.2683	5.1267	3
25.85	20.6524	8.1481	5.1276	3
25.9	20.6429	7.8202	5.1374	3
25.95	20.633	8.0599	5.1427	3
26	20.6231	7.9833	5.139	3
26.05	20.6126	7.8372	5.1237	3
26.1	20.6026	7.872	5.1257	3
26.15	20.5924	7.4722	5.1307	3
26.2	20.5821	7.9901	5.1333	3
26.25	20.5718	7.4749	5.1346	3
26.3	20.5615	7.6705	5.1327	3
26.35	20.5509	7.4658	5.1348	3
26.4	20.5402	7.623	5.1242	3
26.45	20.5291	7.3586	5.1349	3
26.5	20.5184	7.2924	5.1321	3
26.55	20.5072	7.5125	5.1198	3
26.6	20.4971	6.7721	5.1267	3
26.65	20.4865	7.4572	5.123	3
26.7	20.4753	6.8174	5.1158	3
26.75	20.464	7.3484	5.1211	3
26.8	20.4525	7.0399	5.1277	3
26.85	20.4415	6.7259	5.1282	3
26.9	20.4302	7.135	5.133	3
26.95	20.4189	6.7518	5.1366	3
27	20.4077	6.7905	5.1407	3
27.05	20.3968	6.6307	5.1206	3
27.1	20.385	6.6693	5.1188	3
27.15	20.3731	6.7891	5.1265	3
27.2	20.3618	6.3495	5.1166	3
27.25	20.3505	6.4414	5.1251	3
27.3	20.3387	6.6222	5.1328	3
27.35	20.3265	6.4285	5.1245	3
27.4	20.3151	5.978	5.1284	3
27.45	20.303	6.686	5.1255	3
27.5	20.2908	6.0253	5.1319	3
27.55	20.2798	5.9656	5.1341	3
27.6	20.2673	6.3934	5.1309	3
27.65	20.2545	6.1175	5.1332	3
27.7	20.2423	6.0245	5.13	3
27.75	20.2299	5.9495	5.1288	3
27.8	20.2172	6.1181	5.1225	3
27.85	20.205	5.5773	5.1225	3
27.9	20.1927	5.9464	5.1273	3
27.95	20.1796	5.8968	5.126	3
28	20.1671	5.4801	5.1372	3
28.05	20.1543	5.9428	5.1405	3
28.1	20.1411	5.4472	5.1442	3
28.15	20.1281	5.9161	5.1468	3
28.2	20.1151	5.2494	5.1463	3
28.25	20.1022	5.5543	5.1366	3
28.3	20.0887	5.4486	5.125	3
28.35	20.0755	5.2573	5.131	3
28.4	20.0625	5.316	5.1295	3
28.45	20.049	5.1137	5.1228	3
28.5	20.0355	5.2733	5.1344	3
28.55	20.0219	5.051	5.1242	3
28.6	20.0088	5.0988	5.1216	3
28.65	19.9948	5.2396	5.131	3
28.7	19.9811	4.7253	5.1308	3
28.75	19.9671	5.1136	5.1409	3
28.8	19.9536	4.5213	5.1365	3
28.85	19.9397	5.0218	5.1305	3
28.9	19.9258	4.5038	5.1317	3
28.95	19.9115	4.9966	5.119	3
29	19.8972	4.5834	5.1219	3
29.05	19.8833	4.4838	5.1177	3
29.1	19.8685	4.8626	5.1216	3
29.15	19.8546	4.1281	5.1364	3
29.2	19.8399	4.8863	5.1188	3
29.25	19.8245	4.53	5.0968	3
29.3	19.8103	4.0556	5.0998	3
29.35	19.7958	4.3438	5.096	3
29.4	19.7807	4.4076	5.1043	3
29.45	19.7654	4.507	5.0993	3
29.5	19.7503	3.8175	5.107	3
29.55	19.7356	4.4439	5.1123	4
29.6	19.7202	3.9243	5.114	4
29.65	19.7046	4.1816	5.1271	4
29.7	19.6897	3.6881	5.1311	4
29.75	19.6741	4.2954	5.1394	4
29.8	19.6586	3.8071	5.1389	4
29.85	19.6436	3.6657	5.1449	4
29.9	19.6281	4.2543	5.1575	4
29.95	19.6131	3.6409	5.1388	4
30	19.5979	3.6548	5.1128	4
30.05	19.583	3.9153	5.111	4
30.1	19.5673	3.7572	5.121	4
30.15	19.5526	3.7453	5.123	4
30.2	19.5385	3.3244	5.1222	4
30.25	19.5231	3.958	5.1179	4
30.3	19.5081	3.4319	5.1141	4
30.35	19.4939	3.4698	5.1246	4
30.4	19.4788	3.7203	5.1253	4
30.45	19.464	3.4997	5.1169	4
30.5	19.4498	3.3115	5.1191	4
30.55	19.4357	3.452	5.1481	4
30.6	19.4207	3.5041	5.1393	4
30.65	19.4063	3.2859	5.1187	4
30.7	19.3923	3.2944	5.1208	4
30.75	19.378	3.3589	5.1084	4
30.8	19.3636	3.4406	5.1172	4
30.85	19.3492	3.1266	5.1134	4
30.9	19.3349	3.3649	5.1111	4
30.95	19.3207	3.308	5.1071	4
31	19.3066	3.0838	5.1123	4
31.05	19.2933	3.2302	5.1207	4
31.1	19.2792	3.2344	5.1118	4
31.15	19.2658	3.3006	5.1141	4
31.2	19.2524	2.8691	5.1158	4
31.25	19.2386	3.2599	5.111	4
31.3	19.2245	3.2716	5.1204	4
31.35	19.2111	2.7699	5.1244	4
31.4	19.1978	3.2187	5.1282	4
31.45	19.1832	3.4585	5.1402	4
31.5	19.1697	2.7117	5.1384	4
31.55	19.1567	2.9784	5.1371	4
31.6	19.1424	3.4304	5.1381	4
31.65	19.1286	3.0264	5.1291	4
31.7	19.115	2.9487	5.1407	4
31.75	19.101	3.2233	5.1384	4
31.8	19.0867	3.3785	5.1244	4
31.85	19.0731	2.864	5.1224	4
31.9	19.0593	3.2155	5.1262	4
31.95	19.0453	3.1714	5.1396	4
32	19.0313	3.0356	5.1493	4
32.05	19.0177	2.9679	5.1276	4
32.1	19.0034	3.2903	5.1254	4
32.15	18.9894	3.029	5.1294	4
32.2	18.9758	3.1991	5.1357	4
32.25	18.9618	3.0472	5.1269	4
32.3	18.9478	3.1121	5.1199	4
32.35	18.9342	2.906	5.1418	4
32.4	18.9203	3.1335	5.1493	4
32.45	18.9071	2.7886	5.1393	4
32.5	18.8931	3.1957	5.15	4
32.55	18.8794	2.979	5.141	4
32.6	18.8662	2.8644	5.1593	4
32.65	18.8528	2.9906	5.1471	4
32.7	18.8393	2.8346	5.1212	4
32.75	18.8259	3.1093	5.1391	4
32.8	18.8127	2.445	5.1364	4
32.85	18.7992	3.2372	5.1232	4
32.9	18.7854	2.7994	5.1259	4
32.95	18.7724	2.7677	5.1079	4
33	18.7582	3.2662	5.0936	4
33.05	18.7438	2.9598	5.0887	4
33.1	18.7307	2.662	5.0957	4
33.15	18.7179	2.9166	5.0967	4
33.2	18.7036	3.1605	5.091	4
33.25	18.6912	2.4534	5.108	4
33.3	18.6779	2.8968	5.1147	4
33.35	18.6641	2.9536	5.1024	4
33.4	18.6505	2.8465	5.0933	4
33.45	18.6374	2.6329	5.0911	4
33.5	18.6244	2.919	5.0947	4
33.55	18.6106	3.0768	5.0985	4
33.6	18.5969	2.6833	5.1295	4
33.65	18.5842	2.6145	5.1344	4
33.7	18.5703	3.2195	5.1246	4
33.75	18.5564	2.8161	5.1189	4
33.8	18.5431	2.6008	5.1158	4
33.85	18.5296	3.0106	5.1198	4
33.9	18.5155	3.0891	5.1255	4
33.95	18.5026	2.589	5.1358	4
34	18.4888	2.993	5.1227	4
34.05	18.4754	2.7502	5.0959	4
34.1	18.462	2.8739	5.1004	4
34.15	18.4487	2.8339	5.1099	4
34.2	18.4351	3.1004	5.1144	4
34.25	18.4217	2.7246	5.1184	4
34.3	18.4084	2.868	5.1141	4
34.35	18.3949	2.6726	5.1183	4
34.4	18.3814	3.1338	5.1132	4
34.45	18.3683	2.5036	5.1058	4
34.5	18.3553	2.8543	5.1075	4
34.55	18.3419	2.8316	5.1016	4
34.6	18.3285	2.8798	5.1123	4
34.65	18.3153	2.6083	5.1083	4
34.7	18.3016	3.3073	5.0997	4
34.75	18.2879	2.4615	5.1076	4
34.8	18.2751	2.9479	5.1081	4
34.85	18.2612	2.8754	5.1113	4
34.9	18.2475	2.9777	5.1143	4
34.95	18.2343	2.6144	5.1135	4
35	18.2216	2.7247	5.1148	4
35.05	18.2077	3.1239	5.0987	4
35.1	18.1944	2.6445	5.1036	4
35.15	18.1815	2.7464	5.1174	4
35.2	18.1675	3.2266	5.0999	4
35.25	18.1537	2.5955	5.0834	4
35.3	18.141	2.6586	5.0927	4
35.35	18.1276	2.9175	5.0989	4
35.4	18.1143	2.7396	5.1038	4
35.45	18.1011	2.5382	5.1084	4
35.5	18.088	2.9629	5.0902	4
35.55	18.0744	2.8772	5.0806	4
35.6	18.0612	2.5959	5.0822	4
35.65	18.0475	2.9455	5.0944	4
35.7	18.0336	2.8115	5.0981	4
35.75	18.0202	2.7185	5.107	4
35.8	18.0073	2.5464	5.1084	4
35.85	17.9937	3.0619	5.1288	4
35.9	17.9801	2.6462	5.1473	4
35.95	17.9679	2.4075	5.1348	4
36	17.9544	3.2076	5.1198	4
36.05	17.9409	2.5111	5.1151	4
36.1	17.9283	2.3904	5.1167	4
36.15	17.9151	2.7389	5.1107	4
36.2	17.9015	2.6455	5.111	4
36.25	17.8888	2.3808	5.1245	4
36.3	17.8755	2.7951	5.1225	4
36.35	17.8622	2.7123	5.1107	4
36.4	17.8487	2.7037	5.1104	4
36.45	17.8363	2.369	5.1248	4
36.5	17.8229	2.8252	5.121	4
36.55	17.8095	2.7763	5.122	4
36.6	17.7968	2.2874	5.1249	4
36.65	17.7836	2.9136	5.1246	4
36.7	17.7705	2.4878	5.1197	4
36.75	17.7579	2.3985	5.1082	4
36.8	17.7442	3.1705	5.1197	4
36.85	17.731	2.4191	5.1152	4
36.9	17.7177	2.7388	5.1148	4
36.95	17.7041	2.8516	5.119	4
37	17.6914	2.4129	5.1169	4
37.05	17.6784	2.6474	5.1103	4
37.1	17.6652	2.6707	5.0953	4
37.15	17.6518	2.6325	5.0864	4
37.2	17.6387	2.8388	5.0925	4
37.25	17.6254	2.5534	5.1091	4
37.3	17.6122	2.8938	5.1179	4
37.35	17.5989	2.5505	5.1132	4
37.4	17.5861	2.595	5.1259	4
37.45	17.5721	3.0788	5.1359	4
37.5	17.5589	2.4595	5.1332	4
37.55	17.5458	2.8033	5.1271	4
37.6	17.532	2.8847	5.1147	4
37.65	17.5186	2.6642	5.111	4
37.7	17.506	2.5886	5.1142	4
37.75	17.4919	3.1054	5.1006	4
37.8	17.4779	2.7715	5.1225	4
37.85	17.4645	2.6059	5.1259	4
37.9	17.4507	2.9344	5.1133	4
37.95	17.4367	3.0175	5.104	4
38	17.4235	2.7834	5.0992	4
38.05	17.4099	2.7371	5.1121	4
38.1	17.3963	2.9662	5.1159	4
38.15	17.382	2.9836	5.1036	4
38.2	17.3686	2.5557	5.11	4
38.25	17.3547	3.1633	5.1079	4
38.3	17.3405	2.9488	5.1116	4
38.35	17.3267	2.7803	5.1116	4
38.4	17.3126	3.117	5.1074	4
38.45	17.299	2.7072	5.1181	4
38.5	17.2857	2.7701	5.104	4
38.55	17.272	3.0415	5.1023	4
38.6	17.2578	2.8674	5.1099	4
38.65	17.244	2.8493	5.1039	4
38.7	17.2305	2.7949	5.1114	4
38.75	17.2167	3.0251	5.1233	4
38.8	17.2027	2.9237	5.1311	4
38.85	17.1891	2.6664	5.1272	4
38.9	17.1755	3.0346	5.1161	4
38.95	17.1612	3.248	5.117	4
39	17.1476	2.6036	5.1255	4
39.05	17.1338	2.9735	5.1173	4
39.1	17.1201	2.9292	5.1285	4
39.15	17.1058	3.0936	5.124	4
39.2	17.0921	2.6625	5.1198	4
39.25	17.0778	3.1037	5.1358	4
39.3	17.0635	2.9752	5.1416	4
39.35	17.05	2.6773	5.1218	4
39.4	17.0365	2.8308	5.1085	4
39.45	17.0223	3.2202	5.1146	4
39.5	17.0084	2.7853	5.0978	4
39.55	16.9948	2.8039	5.1078	4
39.6	16.9809	2.9454	5.1185	4
39.65	16.9669	2.9965	5.1122	4
39.7	16.9535	2.6344	5.1087	4
39.75	16.9397	3.0644	5.107	4
39.8	16.9252	3.0677	5.0997	4
39.85	16.9118	2.5877	5.0771	4
39.9	16.8982	3.0031	5.0951	4
39.95	16.8836	3.109	5.111	4
40	16.8703	2.4548	5.1163	4
40.05	16.8562	3.0993	5.1165	4
40.1	16.8416	3.1179	5.129	4
40.15	16.8281	2.5681	5.1376	4
40.2	16.8143	3.0471	5.1267	4
40.25	16.8006	2.7427	5.121	4
40.3	16.7863	3.175	5.1104	4
40.35	16.7722	2.6507	5.1041	4
40.4	16.7587	2.7006	5.1067	4
40.45	16.7449	2.9675	5.1156	4
40.5	16.7308	2.887	5.1078	4
40.55	16.7175	2.7412	5.108	4
40.6	16.7038	2.7249	5.1063	4
40.65	16.6901	2.9064	5.1052	4
40.7	16.6762	2.7248	5.1044	4
40.75	16.6624	2.991	5.1002	4
40.8	16.6482	2.8567	5.0942	4
40.85	16.6348	2.6546	5.0989	4
40.9	16.6206	2.9748	5.1112	4
40.95	16.6069	2.7494	5.1214	4
41	16.593	2.8221	5.1332	4
41.05	16.5791	3.1093	5.1442	4
41.1	16.5652	2.5015	5.129	4
41.15	16.5519	2.9976	5.1143	4
41.2	16.5378	3.0087	5.1271	4
41.25	16.5239	2.8035	5.1309	4
41.3	16.5097	2.964	5.1133	4
41.35	16.4953	2.7616	5.1176	4
41.4	16.4819	2.8643	5.1277	4
41.45	16.4681	2.8966	5.1276	4
41.5	16.4544	2.7013	5.1221	4
41.55	16.4407	2.8063	5.1183	4
41.6	16.4266	2.8164	5.1267	4
41.65	16.4133	2.6944	5.1273	4
41.7	16.3986	3.2132	5.1083	4
41.75	16.385	2.4272	5.119	4
41.8	16.3721	2.7798	5.1344	4
41.85	16.358	2.9852	5.126	4
41.9	16.3441	2.6947	5.1269	4
41.95	16.331	2.73	5.1278	4
42	16.317	2.8147	5.1328	4
42.05	16.3028	2.8438	5.1316	4
42.1	16.2899	2.5925	5.1367	4
42.15	16.2765	2.8233	5.142	4
42.2	16.2624	2.8264	5.1376	4
42.25	16.2489	2.5719	5.1368	4
42.3	16.2356	2.5443	5.1287	4
42.35	16.2222	2.8499	5.124	4
42.4	16.2087	2.5093	5.1394	4
42.45	16.1953	2.7361	5.1471	4
42.5	16.1812	2.8614	5.1345	4
42.55	16.1675	2.452	5.1198	4
42.6	16.1543	2.6533	5.1212	4
42.65	16.1406	2.5296	5.1296	4
42.7	16.1273	2.8302	5.1229	4
42.75	16.114	2.4036	5.1278	4
42.8	16.1009	2.6176	5.1351	4
42.85	16.0872	2.7178	5.147	4
42.9	16.0739	2.4586	5.1638	4
42.95	16.0607	2.6233	5.1438	4
43	16.0469	2.6326	5.1342	4
43.05	16.0337	2.4942	5.1397	4
43.1	16.0206	2.425	5.1212	4
43.15	16.0075	2.5701	5.1143	4
43.2	15.9947	2.2938	5.1237	4
43.25	15.9814	2.6286	5.1279	4
43.3	15.9679	2.444	5.1189	4
43.35	15.9546	2.4888	5.1298	4
43.4	15.9416	2.5153	5.1191	4
43.45	15.929	2.2896	5.1111	4
43.5	15.9155	2.6534	5.1281	4
43.55	15.9022	2.3289	5.1331	4
43.6	15.8893	2.5143	5.1091	4
43.65	15.8764	2.1699	5.1059	4
43.7	15.8637	2.4124	5.1139	4
43.75	15.8505	2.4952	5.1222	4
43.8	15.8373	2.4364	5.1277	4
43.85	15.8249	2.1525	5.1189	4
43.9	15.8119	2.5662	5.114	4
43.95	15.7992	2.179	5.1239	4
44	15.7863	2.428	5.1259	4
44.05	15.7734	2.373	5.1305	4
44.1	15.7606	2.3693	5.1115	4
44.15	15.748	2.0855	5.109	4
44.2	15.7353	2.6098	5.1178	4
44.25	15.722	2.2787	5.1168	4
44.3	15.7097	2.0446	5.1186	4
44.35	15.697	2.6626	5.1405	4
44.4	15.6836	2.1081	5.1293	4
44.45	15.6717	2.1382	5.1382	4
44.5	15.6586	2.6183	5.1377	4
44.55	15.6453	2.1788	5.1387	4
44.6	15.633	2.2121	5.1395	4
44.65	15.6204	2.2905	5.1235	4
44.7	15.6075	2.2648	5.1211	4
44.75	15.5949	2.2277	5.1199	4
44.8	15.5818	2.2667	5.1213	4
44.85	15.5693	2.1507	5.1185	4
44.9	15.5568	2.3043	5.1054	4
44.95	15.5448	1.9524	5.1182	4
45	15.5325	2.2922	5.1335	4
45.05	15.5193	2.3699	5.1282	4
45.1	15.5067	1.9677	5.1371	4
45.15	15.4945	2.2798	5.114	4
45.2	15.4818	2.3144	5.1146	4
45.25	15.4693	2.0606	5.1206	4
45.3	15.4573	2.2135	5.1152	4
45.35	15.4448	2.2094	5.1185	4
45.4	15.4327	2.0976	5.1207	4
45.45	15.4205	2.0058	5.1256	4
45.5	15.4079	2.3731	5.1135	4
45.55	15.3956	2.057	5.0951	4
45.6	15.3836	2.0004	5.0962	4
45.65	15.3706	2.4569	5.1017	4
45.7	15.358	1.8396	5.0992	4
45.75	15.3459	2.0591	5.098	4
45.8	15.3338	2.3145	5.0924	4
45.85	15.3214	1.9619	5.1019	4
45.9	15.3092	2.2813	5.1295	4
45.95	15.2968	1.9389	5.1295	4
46	15.285	1.9522	5.101	4
46.05	15.2726	2.09	5.0953	4
46.1	15.2604	2.0377	5.1079	4
46.15	15.2482	2.0019	5.1095	4
46.2	15.2357	2.2188	5.0945	4
46.25	15.2232	1.9418	5.0972	4
46.3	15.2107	2.2158	5.0979	4
46.35	15.1984	1.6631	5.1016	4
46.4	15.1863	2.1519	5.1036	4
46.45	15.1738	2.1686	5.0863	4
46.5	15.1617	1.826	5.0787	4
46.55	15.1499	2.2168	5.0911	4
46.6	15.1376	1.9405	5.1002	4
46.65	15.1257	1.9964	5.1069	4
46.7	15.1133	1.9202	5.1118	4
46.75	15.1013	2.1149	5.1129	4
46.8	15.0889	2.2925	5.0948	4
46.85	15.0769	1.7437	5.0974	4
46.9	15.0651	2.2526	5.0936	4
46.95	15.0525	2.102	5.1003	4
47	15.0408	1.7032	5.0971	4
47.05	15.0286	2.3099	5.0925	4
47.1	15.0154	2.2305	5.1139	4
47.15	15.0036	1.818	5.1129	4
47.2	14.9917	2.0275	5.0934	4
47.25	14.9796	2.1794	5.1029	4
47.3	14.9674	2.0793	5.1073	4
47.35	14.9548	1.8419	5.0995	4
47.4	14.9425	2.3181	5.1042	4
47.45	14.9303	1.9732	5.1097	4
47.5	14.918	2.1061	5.1091	4
47.55	14.9054	2.0629	5.0901	4
47.6	14.8936	1.9258	5.0959	4
47.65	14.8813	2.2427	5.1068	4
47.7	14.8684	2.15	5.0926	4
47.75	14.8564	1.8096	5.1054	4
47.8	14.8436	2.4205	5.1092	4
47.85	14.8311	2.0752	5.1043	4
47.9	14.8193	1.9452	5.1179	4
47.95	14.8069	2.1957	5.1188	4
48	14.7942	2.1403	5.1218	4
48.05	14.7823	1.9831	5.1215	4
48.1	14.77	2.144	5.123	4
48.15	14.7576	1.9257	5.1194	4
48.2	14.7455	2.3571	5.1184	4
48.25	14.7329	1.7448	5.1143	4
48.3	14.7212	1.8498	5.1126	4
48.35	14.7084	2.4478	5.0975	4
48.4	14.6962	1.7456	5.1026	4
48.45	14.6841	2.0624	5.1167	4
48.5	14.6719	2.0056	5.1174	4
48.55	14.6596	2.2097	5.1076	4
48.6	14.6478	1.4978	5.1212	4
48.65	14.6358	2.1767	5.1341	4
48.7	14.6228	2.2397	5.1122	4
48.75	14.6113	1.4308	5.0963	4
48.8	14.6001	2.0677	5.0924	4
48.85	14.5871	2.2442	5.0945	4
48.9	14.5755	1.5354	5.1085	4
48.95	14.5641	1.9273	5.0961	4
49	14.5519	2.2144	5.0969	4
49.05	14.5396	1.737	5.1057	4
49.1	14.5281	1.6337	5.106	4
49.15	14.5162	2.2638	5.1254	4
49.2	14.504	1.9492	5.1376	4
49.25	14.4928	1.4718	5.1339	4
49.3	14.4815	1.9617	5.1184	4
49.35	14.4682	2.5046	5.1218	4
49.4	14.4567	1.342	5.1275	4
49.45	14.4461	1.4244	5.1256	4
49.5	14.4329	2.7251	5.117	4
49.55	14.4204	1.7423	5.1127	4
49.6	14.4095	1.5547	5.1343	4
49.65	14.3974	2.142	5.1357	4
49.7	14.3845	2.2942	5.1286	4
49.75	14.3723	1.7655	5.1174	4
49.8	14.3612	1.5447	5.1052	4
49.85	14.3486	2.3915	5.0937	4
49.9	14.3364	1.8074	5.0935	4
49.95	14.3246	1.8555	5.1003	4
50	14.3124	2.0124	5.1018	4
50.05	14.2998	2.2048	5.1119	4
50.1	14.2878	1.7518	5.1149	4
50.15	14.2762	1.8337	5.1054	4
50.2	14.264	2.1764	5.1174	4
50.25	14.2509	2.2485	5.1172	4
50.3	14.2391	1.6026	5.1134	4
50.35	14.227	2.1782	5.11	4
50.4	14.2141	2.3743	5.1207	4
50.45	14.2022	1.7884	5.1209	4
50.5	14.1909	1.6379	5.1133	4
50.55	14.1787	2.3812	5.114	4
50.6	14.1652	2.1517	5.1091	4
50.65	14.1538	1.6413	5.1185	4
50.7	14.1416	2.291	5.1328	4
50.75	14.1287	2.2435	5.1202	4
50.8	14.1168	1.6551	5.1071	4
50.85	14.1045	2.0672	5.118	4
50.9	14.0913	2.4175	5.1173	4
50.95	14.0793	1.6066	5.1085	4
51	14.0674	2.2212	5.1055	4
51.05	14.0544	2.2422	5.1219	4
51.1	14.0415	1.9401	5.1137	4
51.15	14.0298	1.7305	5.1111	4
51.2	14.0173	2.4262	5.1132	4
51.25	14.0046	2.0855	5.1004	4
51.3	13.9932	1.7225	5.1131	4
51.35	13.9807	2.3371	5.1203	4
51.4	13.9677	2.1017	5.1193	4
51.45	13.9552	2.0089	5.1387	4
51.5	13.943	1.9794	5.136	4
51.55	13.9308	2.2146	5.1204	4
51.6	13.9175	2.4762	5.1291	4
51.65	13.9053	1.8306	5.1166	4
51.7	13.8938	1.8539	5.1179	4
51.75	13.8806	2.7288	5.1227	4
51.8	13.8676	1.7819	5.1487	4
51.85	13.8558	1.9684	5.1693	4
51.9	13.8426	2.4914	5.1593	4
51.95	13.8296	2.1244	5.1272	4
52	13.8171	2.2094	5.1232	4
52.05	13.8045	2.2754	5.1394	4
52.1	13.7915	2.1452	5.1449	4
52.15	13.7791	2.0679	5.1353	4
52.2	13.7668	2.1462	5.1195	4
52.25	13.7543	2.1216	5.1141	4
52.3	13.7418	2.1238	5.1158	4
52.35	13.7285	2.4048	5.1253	4
52.4	13.7157	1.8418	5.1115	4
52.45	13.7035	2.1708	5.1126	4
52.5	13.6904	2.4022	5.133	4
52.55	13.6786	1.5749	5.119	4
52.6	13.6658	2.4986	5.1001	4
52.65	13.6534	1.8457	5.0992	4
52.7	13.641	1.9556	5.099	4
52.75	13.6292	1.9598	5.1002	4
52.8	13.6168	2.1478	5.0939	4
52.85	13.6043	1.9739	5.0936	4
52.9	13.5927	1.4008	5.094	4
52.95	13.5805	2.405	5.102	4
53	13.5667	2.4342	5.0912	4
53.05	13.5549	1.3469	5.0735	4
53.1	13.5429	2.0076	5.0861	4
53.15	13.5299	1.9897	5.0877	4
53.2	13.5185	1.7813	5.0734	4
53.25	13.507	1.5865	5.0894	4
53.3	13.4947	2.1369	5.0949	4
53.35	13.483	1.6463	5.0917	4
53.4	13.4713	1.7162	5.1089	4
53.45	13.46	1.7682	5.1023	4
53.5	13.4479	1.8669	5.1047	4
53.55	13.4353	1.9133	5.0993	4
53.6	13.4238	1.7594	5.1024	4
53.65	13.4122	1.511	5.1207	4
53.7	13.4004	2.1583	5.1091	4
53.75	13.3881	1.5826	5.1011	4
53.8	13.3766	1.8361	5.0955	4
53.85	13.3651	1.7584	5.0907	4
53.9	13.3529	1.7829	5.0846	4
53.95	13.3411	1.8372	5.0773	4
54	13.3288	1.9524	5.0749	4
54.05	13.3172	1.2896	5.085	4
54.1	13.3057	1.7974	5.0998	4
54.15	13.2931	2.2013	5.1003	4
54.2	13.2812	1.6052	5.0949	4
54.25	13.2702	1.415	5.1013	4
54.3	13.2574	2.3786	5.0947	4
54.35	13.2452	1.6028	5.0884	4
54.4	13.2341	1.5653	5.103	4
54.45	13.2228	1.6777	5.0999	4
54.5	13.2103	2.2106	5.0999	4
54.55	13.1992	1.2751	5.1201	4
54.6	13.1879	1.7154	5.1151	4
54.65	13.1757	2.034	5.122	4
54.7	13.1637	1.5797	5.1145	4
54.75	13.1528	1.371	5.1118	4
54.8	13.1412	1.9356	5.1067	4
54.85	13.1291	1.6902	5.0971	4
54.9	13.1178	1.5055	5.1054	4
54.95	13.107	1.3465	5.0923	4
55	13.0941	2.609	5.0901	4
55.05	13.0823	0.9323	5.104	4
55.1	13.0715	1.5865	5.0918	4
55.15	13.0591	1.9453	5.0907	4
55.2	13.0471	1.7111	5.0947	4
55.25	13.0369	1.1148	5.0822	4
55.3	13.0256	2.0512	5.0959	4
55.35	13.0133	1.6919	5.1059	4
55.4	13.0021	1.4796	5.1085	4
55.45	12.9904	1.8016	5.11	4
55.5	12.9779	1.9825	5.1104	4
55.55	12.9664	1.6714	5.127	4
55.6	12.9552	1.7409	5.1266	4
55.65	12.9432	1.9295	5.1141	4
55.7	12.9315	1.7051	5.1087	4
55.75	12.9191	1.7898	5.1014	4
55.8	12.9073	1.9462	5.1066	4
55.85	12.8953	1.6404	5.1087	4
55.9	12.8833	2.1697	5.1083	4
55.95	12.8708	1.8777	5.1248	4
56	12.8586	1.957	5.124	4
56.05	12.8469	1.7268	5.1089	4
56.1	12.8345	2.0636	5.0965	4
56.15	12.8222	2.0612	5.0958	4
56.2	12.8101	1.6909	5.1005	4
56.25	12.7978	2.0055	5.1097	4
56.3	12.7855	1.8992	5.1088	4
56.35	12.7734	1.675	5.1017	4
56.4	12.7605	2.4654	5.0885	4
56.45	12.7482	1.4512	5.0997	4
56.5	12.7363	2.2938	5.1025	4
56.55	12.7243	1.6288	5.1123	4
56.6	12.7129	1.8714	5.1251	4
56.65	12.7013	1.9555	5.1293	4
56.7	12.6888	1.8763	5.1238	4
56.75	12.6768	1.8953	5.1128	4
56.8	12.6644	1.9026	5.1068	4
56.85	12.6521	1.9679	5.0983	4
56.9	12.6401	1.773	5.098	4
56.95	12.6285	1.5145	5.1008	4
57	12.616	2.5167	5.0996	4
57.05	12.6045	1.1597	5.1093	4
57.1	12.593	1.9522	5.1184	4
57.15	12.5808	1.9344	5.1106	4
57.2	12.5695	1.0148	5.1119	4
57.25	12.5584	1.6523	5.1261	4
57.3	12.5466	1.7519	5.1171	4
57.35	12.5355	0.9383	5.0971	4
57.4	12.5257	1.2433	5.0678	4
57.45	12.5141	1.4263	5.0935	4
57.5	12.5035	1.4294	5.1199	4
57.55	12.4935	0.586	5.1181	4
57.6	12.4829	1.708	5.1171	4
57.65	12.4713	1.3964	5.1005	4
57.7	12.4614	0.6427	5.0973	4
57.75	12.4514	1.2033	5.0917	4
57.8	12.44	1.3348	5.0938	4
57.85	12.43	0.7563	5.1016	4
57.9	12.4202	0.8651	5.098	4
57.95	12.4096	1.1852	5.0996	4
58	12.3999	1.0503	5.1046	4
58.05	12.3896	1.043	5.1057	4
58.1	12.3794	1.2089	5.1162	4
58.15	12.3686	1.0965	5.1049	4
58.2	12.3581	1.2023	5.1037	4
58.25	12.3474	1.2936	5.108	4
58.3	12.337	1.0944	5.0966	4
58.35	12.3268	1.0611	5.098	4
58.4	12.316	1.6284	5.1062	4
58.45	12.3054	0.9261	5.1227	4
58.5	12.2959	0.9795	5.1368	4
58.55	12.2839	2.0067	5.1411	4
58.6	12.2733	0.8014	5.1489	4
58.65	12.2633	1.2958	5.135	4
58.7	12.2524	1.2663	5.1276	4
58.75	12.2412	1.5394	5.1272	4
58.8	12.2303	1.4614	5.1334	4
58.85	12.2194	1.2348	5.1337	4
58.9	12.2083	1.7553	5.1276	4
58.95	12.1969	1.1797	5.1247	4
59	12.187	1.0209	5.1295	4
59.05	12.1751	2.1355	5.124	4
59.1	12.1637	1.1402	5.1256	4
59.15	12.1533	1.5748	5.1301	4
59.2	12.1422	1.408	5.1273	4
59.25	12.1298	2.103	5.1243	4
59.3	12.1185	1.2146	5.119	4
59.35	12.108	1.2583	5.1103	4
59.4	12.0965	2.0532	5.1205	4
59.45	12.0847	1.4138	5.1214	4
59.5	12.0744	1.0205	5.1252	4
59.55	12.0628	1.9421	5.1341	4
59.6	12.0511	1.5522	5.1432	4
59.65	12.0407	1.2377	5.129	4
59.7	12.0291	1.5357	5.1238	4
59.75	12.0174	1.9872	5.1272	4
59.8	12.0063	1.3065	5.131	4
59.85	11.9947	1.949	5.1304	4
59.9	11.9825	1.8518	5.1274	4
59.95	11.9709	1.6935	5.1262	4
60	11.9594	1.8045	5.1254	4
60.05	11.9474	1.6903	5.1261	4
60.1	11.9354	1.6729	5.1327	4
60.15	11.9234	2.0095	5.1468	4
60.2	11.9117	1.3923	5.1423	4
60.25	11.9	1.8981	5.1322	4
60.3	11.8886	1.5339	5.1197	4
60.35	11.8765	1.9341	5.1267	4
60.4	11.8656	1.0438	5.137	4
60.45	11.8546	1.669	5.1277	4
60.5	11.8422	2.0279	5.1193	4
60.55	11.8312	0.8085	5.1388	4
60.6	11.8202	1.6919	5.1384	4
60.65	11.8082	1.9281	5.1419	4
60.7	11.7973	1.1261	5.1439	4
60.75	11.7866	1.6982	5.1295	4
60.8	11.7743	1.7507	5.1334	4
60.85	11.7623	1.851	5.1369	4
60.9	11.7515	0.8084	5.1393	4
60.95	11.7402	2.0659	5.1257	4
61	11.7277	1.8319	5.1317	4
61.05	11.7173	0.8248	5.1358	4
61.1	11.7064	2.0699	5.1081	4
61.15	11.6942	1.7691	5.1402	4
61.2	11.6838	1.3959	5.1452	4
61.25	11.6734	1.4213	5.1322	4
61.3	11.6615	1.6778	5.1545	4
61.35	11.6498	1.7988	5.1559	4
61.4	11.638	1.4289	5.1579	4
61.45	11.6265	1.7694	5.1501	4
61.5	11.6143	1.7923	5.1419	4
61.55	11.603	1.3574	5.1296	4
61.6	11.5916	1.5962	5.1193	4
61.65	11.5794	1.6498	5.1359	4
61.7	11.5678	1.7959	5.1384	4
61.75	11.5564	1.5561	5.1406	4
61.8	11.5454	1.4297	5.1645	4
61.85	11.533	2.4268	5.1466	4
61.9	11.5213	1.0081	5.1449	4
61.95	11.5099	1.8129	5.1575	4
62	11.4971	1.9999	5.1433	4
62.05	11.4857	1.3448	5.1447	4
62.1	11.4745	1.7155	5.1609	4
62.15	11.4626	1.7879	5.1539	4
62.2	11.4511	1.4305	5.1565	4
62.25	11.4398	1.6982	5.1598	4
62.3	11.4274	1.8732	5.1482	4
62.35	11.4157	1.6448	5.1445	4
62.4	11.4041	1.6516	5.1443	4
62.45	11.3926	1.4459	5.1578	4
62.5	11.3801	2.3586	5.163	4
62.55	11.3685	1.2286	5.156	4
62.6	11.357	1.8707	5.1622	4
62.65	11.3451	1.6869	5.1673	4
62.7	11.3334	1.7337	5.1645	4
62.75	11.3228	1.0719	5.1516	4
62.8	11.3107	2.272	5.1497	4
62.85	11.2985	1.4444	5.1638	4
62.9	11.288	1.3403	5.1672	4
62.95	11.2761	1.7491	5.1534	4
63	11.2634	2.2128	5.1377	4
63.05	11.2523	0.5216	5.1279	4
63.1	11.2414	2.0143	5.1484	4
63.15	11.2285	1.9687	5.1607	4
63.2	11.2178	0.9578	5.152	4
63.25	11.2074	1.498	5.1411	4
63.3	11.1948	2.2782	5.1597	4
63.35	11.1831	1.1936	5.1726	4
63.4	11.173	1.0935	5.1671	4
63.45	11.1602	2.5494	5.1593	4
63.5	11.1481	0.9912	5.1416	4
63.55	11.1373	1.6701	5.1457	4
63.6	11.1255	1.7904	5.1483	4
63.65	11.114	1.4818	5.1367	4
63.7	11.1025	1.5514	5.1447	4
63.75	11.0906	1.7471	5.1449	4
63.8	11.0787	1.6023	5.1426	4
63.85	11.0673	1.8457	5.1725	4
63.9	11.0554	1.4671	5.1557	4
63.95	11.0446	1.3948	5.1471	4
64	11.0326	1.7579	5.1598	4
64.05	11.021	1.6801	5.1549	4
64.1	11.0094	1.1854	5.1554	4
64.15	10.9982	1.9849	5.151	4
64.2	10.986	1.5085	5.1675	4
64.25	10.9751	1.3225	5.1789	4
64.3	10.9642	1.4493	5.1661	4
64.35	10.9519	1.8737	5.1619	4
64.4	10.9407	1.1755	5.1411	4
64.45	10.93	1.51	5.1435	4
64.5	10.918	1.6868	5.1517	4
64.55	10.9068	1.2997	5.1659	4
64.6	10.8953	1.6447	5.1722	4
64.65	10.8838	1.5114	5.1577	4
64.7	10.873	1.4951	5.1408	4
64.75	10.8612	1.6147	5.1625	4
64.8	10.8499	1.5929	5.1751	4
64.85	10.8385	1.3713	5.1622	4
64.9	10.8267	1.9813	5.1435	4
64.95	10.8149	1.4152	5.1275	4
65	10.8042	1.4014	5.141	4
65.05	10.7924	1.7023	5.1436	4
65.1	10.781	1.5748	5.1611	4
65.15	10.7695	1.2253	5.1661	4
65.2	10.7583	1.7705	5.1585	4
65.25	10.7463	1.4488	5.1652	4
65.3	10.7355	1.454	5.1512	4
65.35	10.7239	1.5094	5.1448	4
65.4	10.7129	1.508	5.1588	4
65.45	10.7008	1.9307	5.1589	4
65.5	10.6901	0.953	5.1555	4
65.55	10.6783	1.8637	5.153	4
65.6	10.6668	1.347	5.1523	4
65.65	10.6552	1.7762	5.1431	4
65.7	10.6439	1.3929	5.1255	4
65.75	10.6323	1.7074	5.1263	4
65.8	10.6208	1.3317	5.1435	4
65.85	10.6093	1.672	5.165	4
65.9	10.5975	1.6333	5.1646	4
65.95	10.586	1.5559	5.1438	4
66	10.5746	1.5349	5.145	4
66.05	10.5632	1.5335	5.138	4
66.1	10.5516	1.37	5.1434	4
66.15	10.5406	1.6316	5.1677	4
66.2	10.5283	1.754	5.1623	4
66.25	10.5173	0.9602	5.1482	4
66.3	10.5058	1.8806	5.1481	4
66.35	10.4942	1.2215	5.1535	4
66.4	10.4825	1.8588	5.1365	4
66.45	10.4719	0.8901	5.1333	4
66.5	10.4605	1.7111	5.1555	4
66.55	10.4491	1.3268	5.165	4
66.6	10.4375	1.7153	5.1615	4
66.65	10.4263	1.0479	5.1577	4
66.7	10.4153	1.7011	5.1722	4
66.75	10.404	1.0779	5.1605	4
66.8	10.3932	1.6028	5.154	4
66.85	10.3823	1.0822	5.1578	4
66.9	10.3711	1.7098	5.1824	4
66.95	10.3596	1.1741	5.1849	4
67	10.3491	1.3162	5.1814	4
67.05	10.3379	1.3314	5.1659	4
67.1	10.3264	1.5215	5.1505	4
67.15	10.3159	0.9006	5.1602	4
67.2	10.3056	1.3216	5.1513	4
67.25	10.2939	1.481	5.1501	4
67.3	10.2827	1.152	5.128	4
67.35	10.2715	1.3531	5.1229	4
67.4	10.2606	1.2121	5.1309	4
67.45	10.2497	1.3598	5.1284	4
67.5	10.2393	1.1384	5.1297	4
67.55	10.2281	1.4333	5.1245	4
67.6	10.2176	1.2035	5.117	4
67.65	10.2068	1.1879	5.1085	4
67.7	10.1958	1.4147	5.1185	4
67.75	10.185	1.1488	5.1153	4
67.8	10.1741	1.1625	5.1027	4
67.85	10.163	1.3392	5.117	4
67.9	10.1522	1.2028	5.1346	4
67.95	10.1417	1.2626	5.1368	4
68	10.1309	1.2909	5.1559	4
68.05	10.1199	1.1341	5.1534	4
68.1	10.1094	1.0721	5.137	4
68.15	10.0983	1.2545	5.1311	4
68.2	10.087	1.2562	5.1158	4
68.25	10.0769	0.7798	5.126	4
68.3	10.0664	1.4897	5.1404	4
68.35	10.0553	1.0804	5.1201	4
68.4	10.0451	1.0091	5.1113	4
68.45	10.0349	1.0319	5.1144	4
68.5	10.0243	1.2643	5.1208	4
68.55	10.0136	0.9057	5.126	4
68.6	10.0034	1.0889	5.1261	4
68.65	9.9929	1.1001	5.111	4
68.7	9.9829	1.0278	5.1124	4
68.75	9.9729	0.6845	5.1061	4
68.8	9.9624	1.4761	5.1086	4
68.85	9.9512	0.988	5.1041	4
68.9	9.9418	0.5891	5.1048	4
68.95	9.9317	1.3624	5.1149	4
69	9.9207	0.9934	5.108	4
69.05	9.9102	0.9755	5.104	4
69.1	9.9006	0.8262	5.1151	4
69.15	9.8896	1.3399	5.1265	4
69.2	9.8798	0.7903	5.1383	4
69.25	9.8698	0.7238	5.1193	4
69.3	9.8595	1.3436	5.1212	4
69.35	9.8489	0.9608	5.1272	4
69.4	9.8389	0.8703	5.1345	4
69.45	9.829	0.882	5.132	4
69.5	9.8182	1.0572	5.1276	4
69.55	9.8077	0.9893	5.1161	4
69.6	9.7981	0.6167	5.119	4
69.65	9.7877	1.3631	5.1143	4
69.7	9.7772	0.9407	5.1217	4
69.75	9.767	0.9654	5.1182	4
69.8	9.7574	0.7272	5.1121	4
69.85	9.7472	1.1626	5.1288	4
69.9	9.7369	0.7263	5.1253	4
69.95	9.7273	0.924	5.1113	4
70	9.7171	0.78	5.1013	4
70.05	9.7073	0.7964	5.1053	4
70.1	9.6977	0.6242	5.1305	4
70.15	9.6875	0.9961	5.1069	4
70.2	9.6778	0.6281	5.1058	4
70.25	9.6685	0.6367	5.1159	4
70.3	9.6587	0.8941	5.1073	4
70.35	9.649	0.8396	5.1101	4
70.4	9.6395	0.4356	5.1151	4
70.45	9.6303	0.8529	5.1139	4
70.5	9.6204	0.8231	5.0949	4
70.55	9.6106	0.4905	5.0839	4
70.6	9.6011	0.7485	5.0855	4
70.65	9.592	0.5433	5.0931	4
70.7	9.5828	0.6866	5.1099	4
70.75	9.573	0.6503	5.1004	4
70.8	9.5629	0.8812	5.0873	4
70.85	9.5537	0.5393	5.107	4
70.9	9.5447	0.5244	5.1175	4
70.95	9.5354	0.749	5.1147	4
71	9.525	0.9699	5.1131	4
71.05	9.516	0.2892	5.1058	4
71.1	9.5072	0.6279	5.0903	4
71.15	9.4977	0.6973	5.0723	4
71.2	9.4885	0.5192	5.0895	4
71.25	9.4796	0.4829	5.1023	4
71.3	9.4701	0.7351	5.1041	4
71.35	9.4608	0.5559	5.0981	4
71.4	9.4521	0.373	5.0821	4
71.45	9.4426	0.6288	5.0844	4
71.5	9.4325	0.909	5.0857	4
71.55	9.4236	0.1906	5.0856	4
71.6	9.4147	0.7083	5.0926	4
71.65	9.4051	0.6408	5.0911	4
71.7	9.3959	0.2035	5.0984	4
71.75	9.3871	0.5355	5.0976	4
71.8	9.3778	0.6167	5.0796	4
71.85	9.3686	0.4623	5.0981	4
71.9	9.3597	0.4073	5.1072	4
71.95	9.3502	0.6404	5.1084	4
72	9.3408	0.591	5.1086	4
72.05	9.3321	0.1352	5.1049	4
72.1	9.3237	0.3492	5.1209	4
72.15	9.3143	0.6849	5.1405	4
72.2	9.3052	0.3652	5.1398	4
72.25	9.2969	0.3272	5.121	4
72.3	9.2883	0.4397	5.1066	4
72.35	9.2795	0.4284	5.1039	4
72.4	9.2707	0.2117	5.1113	4
72.45	9.2624	0.2562	5.1153	4
72.5	9.2533	0.5793	5.111	4
72.55	9.2447	0.0221	5.1134	4
72.6	9.2366	0.2168	5.1159	4
72.65	9.2276	0.6069	5.0985	4
72.7	9.2189	0.3525	5.1031	4
72.75	9.211	-0.0552	5.124	4
72.8	9.2022	0.7155	5.1227	4
72.85	9.1934	0.1198	5.11	4
72.9	9.1849	0.1834	5.1167	4
72.95	9.1765	0.3471	5.1239	4
73	9.1681	0.222	5.1179	4
73.05	9.1594	0.3488	5.1128	4
73.1	9.1509	0.1793	5.1157	4
73.15	9.1425	0.1632	5.1349	4
73.2	9.134	0.3955	5.1273	4
73.25	9.1261	-0.1874	5.115	4
73.3	9.1176	0.5893	5.1158	4
73.35	9.1092	0.18	5.1109	4
73.4	9.1008	0.0469	5.1141	4
73.45	9.0924	0.3612	5.1089	4
73.5	9.0839	0.1589	5.1229	4
73.55	9.0756	0.0959	5.1167	4
73.6	9.068	0.0482	5.089	4
73.65	9.0593	0.2704	5.0943	4
73.7	9.0508	0.2314	5.1119	4
73.75	9.0432	-0.1452	5.1204	4
73.8	9.0352	0.1502	5.1188	4
73.85	9.0267	0.3064	5.1182	4
73.9	9.0183	0.0262	5.1306	4
73.95	9.0102	0.3013	5.125	4
74	9.0023	-0.1003	5.1172	4
74.05	8.994	0.3972	5.1231	4
74.1	8.9856	0.0511	5.1105	4
74.15	8.9774	0.1624	5.1097	4
74.2	8.9685	0.424	5.1044	4
74.25	8.9608	-0.0445	5.0978	4
74.3	8.9526	0.1243	5.0984	4
74.35	8.9444	0.4442	5.0978	4
74.4	8.9358	0.1853	5.1004	4
74.45	8.9276	0.0772	5.0963	4
74.5	8.9195	0.1593	5.0892	4
74.55	8.9114	0.2268	5.0982	4
74.6	8.9033	0.1192	5.1063	4
74.65	8.8954	0.1833	5.0917	4
74.7	8.887	0.0778	5.1043	4
74.75	8.8787	0.4297	5.1046	4
74.8	8.8713	0.13	5.096	4
74.85	8.8669	-0.0897	5.0901	4
74.9	8.8625	0.6876	5.0944	4
74.95	8.8595	-0.3434	5.1189	4
75	8.8557	0.3047	5.1235	4
75.05	8.8519	0.1948	5.0941	4
75.1	8.8484	0.1652	5.0829	4
75.15	8.8453	-0.2405	5.078	4
75.2	8.8411	0.6261	5.0708	4
75.25	8.8379	-0.1618	5.074	4
75.3	8.8343	0.1401	5.0878	4
75.35	8.831	0.1942	5.0894	4
75.4	8.8279	0.0406	5.0956	4
75.45	8.8248	-0.0201	5.0982	4
75.5	8.8215	0.1445	5.1022	4
75.55	8.8181	0.1968	5.0916	4
75.6	8.8149	-0.0033	5.103	4
75.65	8.8116	0.0664	5.1107	4
75.7	8.8084	0.309	5.1084	4
75.75	8.8054	-0.1211	5.1074	4
75.8	8.8021	0.2179	5.1064	4
75.85	8.7991	0.1158	5.1152	4
75.9	8.7963	-0.1414	5.1027	4
75.95	8.7927	0.3256	5.0993	4
76	8.7895	0.021	5.0948	4
76.05	8.7866	0.1281	5.0947	4
76.1	8.7836	0.0766	5.1085	4
76.15	8.7804	0.351	5.1089	4
76.2	8.7781	-0.1154	5.0893	4
76.25	8.7751	0.0959	5.0777	4
76.3	8.7715	0.4229	5.0813	4
76.35	8.7688	-0.0009	5.0931	4
76.4	8.7656	0.263	5.1051	4
76.45	8.7627	-0.0647	5.1198	4
76.5	8.7593	0.2921	5.1033	4
76.55	8.7564	0.1564	5.1146	4
76.6	8.7536	0.1876	5.1351	4
76.65	8.7506	0.0386	5.1283	4
76.7	8.7473	0.3117	5.1292	4
76.75	8.7443	-0.0418	5.1274	4
76.8	8.7411	0.2875	5.1223	4
76.85	8.7382	0.0096	5.1271	4
76.9	8.7348	0.6223	5.1171	4
76.95	8.7326	-0.3048	5.1146	4
77	8.7298	0.0732	5.1143	4
77.05	8.7264	0.5598	5.1322	4
77.1	8.7239	-0.1319	5.1383	4
77.15	8.721	0.0901	5.1125	4
77.2	8.7177	0.2571	5.1097	4
77.25	8.7145	0.2265	5.1096	4
77.3	8.7118	0.0028	5.1023	4
77.35	8.709	0.2102	5.1043	4
77.4	8.7061	0.2333	5.0938	4
77.45	8.7034	-0.1195	5.0943	4
77.5	8.7003	0.1271	5.1024	4
77.55	8.6972	0.2745	5.0961	4
77.6	8.6946	-0.2168	5.0917	4
77.65	8.691	0.4762	5.0958	4
77.7	8.6882	0.3119	5.1107	4
77.75	8.6857	0.0059	5.1094	4
77.8	8.6833	-0.0279	5.1031	4
77.85	8.6801	0.4197	5.1097	4
77.9	8.6775	0.204	5.0984	4
77.95	8.675	-0.145	5.0997	4
78	8.6715	0.5132	5.0933	4
78.05	8.6688	0.1148	5.0944	4
78.1	8.666	0.0669	5.1009	4
78.15	8.6628	0.4706	5.0959	4
78.2	8.6601	0.196	5.0752	4
78.25	8.6574	0.2748	5.0747	4
78.3	8.6544	0.2272	5.0816	4
78.35	8.6515	0.2816	5.0672	4
78.4	8.6485	0.2314	5.0624	4
78.45	8.6456	0.2812	5.0736	4
78.5	8.6429	0.1436	5.0874	4
78.55	8.6401	0.2578	5.0873	4
78.6	8.6374	0.1967	5.0971	4
78.65	8.6346	0.2072	5.098	4
78.7	8.6317	0.3235	5.091	4
78.75	8.6288	0.2263	5.1036	4
78.8	8.6257	0.681	5.1099	4
78.85	8.6235	-0.0266	5.1113	4
78.9	8.6207	0.4732	5.1254	4
78.95	8.6179	0.3133	5.1191	4
79	8.6148	0.4383	5.1098	4
79.05	8.612	0.1414	5.1054	4
79.1	8.6093	0.2612	5.1076	4
79.15	8.6063	0.3907	5.1121	4
79.2	8.6034	0.5019	5.116	4
79.25	8.6006	0.2369	5.1241	4
79.3	8.5977	0.3624	5.1238	4
79.35	8.5952	0.18	5.1185	4
79.4	8.5919	0.6658	5.1363	4
79.45	8.589	0.3228	5.1482	4
79.5	8.5865	0.1256	5.1487	4
79.55	8.5832	0.5915	5.1282	4
79.6	8.5806	0.1911	5.1124	4
79.65	8.5775	0.4684	5.1214	4
79.7	8.5746	0.5122	5.1348	4
79.75	8.572	0.2303	5.1355	4
79.8	8.5689	0.3278	5.1205	4
79.85	8.5658	0.6211	5.1056	4
79.9	8.5632	0.1605	5.1127	4
79.95	8.5607	-0.0364	5.1059	4
80	8.5575	0.5997	5.1031	4
80.05	8.5543	0.6915	5.1011	4
80.1	8.5519	0.141	5.1041	4
80.15	8.5491	0.3017	5.122	4
80.2	8.5461	0.4058	5.1089	4
80.25	8.5432	0.441	5.1033	4
80.3	8.5406	0.1405	5.1232	4
80.35	8.538	0.1521	5.1154	4
80.4	8.5349	0.704	5.1036	4
80.45	8.5321	0.4074	5.102	4
80.5	8.5297	-0.1502	5.101	4
80.55	8.5264	0.6793	5.1109	4
80.6	8.5236	0.3147	5.0993	4
80.65	8.5211	0.0583	5.1148	4
80.7	8.5182	0.3131	5.1106	4
80.75	8.515	0.7371	5.1144	4
80.8	8.5125	0.1721	5.1155	4
80.85	8.5097	0.3487	5.0991	4
80.9	8.5065	0.6192	5.1081	4
80.95	8.5035	0.5197	5.1217	4
81	8.5013	-0.1242	5.1235	4
81.05	8.498	0.8002	5.141	4
81.1	8.495	0.6885	5.1243	4
81.15	8.4926	0.1436	5.0902	4
81.2	8.4894	0.6349	5.0885	4
81.25	8.486	0.8557	5.1072	4
81.3	8.4838	-0.1471	5.1327	4
81.35	8.4807	0.6827	5.1174	4
81.4	8.4774	0.8063	5.0945	4
81.45	8.4749	0.2608	5.0978	4
81.5	8.472	0.53	5.1046	4
81.55	8.4686	0.8293	5.1218	4
81.6	8.4659	0.3413	5.1228	4
81.65	8.463	0.4451	5.1209	4
81.7	8.4597	0.7296	5.1212	4
81.75	8.4566	0.6071	5.1104	4
81.8	8.4542	0.1051	5.1309	4
81.85	8.4511	0.6674	5.1279	4
81.9	8.448	0.762	5.113	4
81.95	8.4454	0.2837	5.1173	4
82	8.4424	0.4908	5.1254	4
82.05	8.4394	0.6996	5.1271	4
82.1	8.4365	0.5743	5.1249	4
82.15	8.4337	0.4389	5.1295	4
82.2	8.431	0.1773	5.119	4
82.25	8.428	0.8935	5.1005	4
82.3	8.4258	0.1418	5.1064	4
82.35	8.4229	0.5971	5.1006	4
82.4	8.42	0.5365	5.1078	4
82.45	8.4174	0.1987	5.1292	4
82.5	8.4147	0.1746	5.1309	4
82.55	8.4113	0.8316	5.1022	4
82.6	8.4085	0.3114	5.0976	4
82.65	8.4059	0.0574	5.09	4
82.7	8.4028	0.6547	5.1151	4
82.75	8.4003	0.3375	5.1395	4
82.8	8.3976	0.2432	5.1401	4
82.85	8.3948	0.3473	5.1224	4
82.9	8.3922	0.1417	5.119	4
82.95	8.3895	0.3633	5.1207	4
83	8.3867	0.2009	5.114	4
83.05	8.3836	0.5484	5.1145	4
83.1	8.3813	-0.1727	5.1336	4
83.15	8.3785	0.1348	5.1435	4
83.2	8.3757	0.417	5.145	4
83.25	8.3733	-0.1426	5.1399	4
83.3	8.3706	0.2547	5.157	4
83.35	8.3683	-0.0529	5.1636	4
83.4	8.3657	-0.0644	5.1521	4
83.45	8.3627	0.3159	5.1453	4
83.5	8.3599	0.327	5.1444	4
83.55	8.3574	0.0546	5.148	4
83.6	8.355	-0.0958	5.1531	4
83.65	8.3523	0.2618	5.1426	4
83.7	8.3501	-0.1068	5.135	4
83.75	8.3476	-0.0716	5.1396	4
83.8	8.3451	0.061	5.1364	4
83.85	8.3422	0.4121	5.1178	4
83.9	8.3399	-0.0173	5.1175	4
83.95	8.3372	0.3101	5.1221	4
84	8.3347	0.1014	5.127	4
84.05	8.3323	-0.042	5.1354	4
84.1	8.3296	0.2325	5.1494	4
84.15	8.3265	0.5433	5.1443	4
84.2	8.3245	-0.4297	5.1649	4
84.25	8.3216	0.3997	5.1762	4
84.3	8.3182	0.8369	5.1537	4
84.35	8.3166	-0.6116	5.1494	4
84.4	8.3145	-0.1826	5.1432	4
84.45	8.3109	0.786	5.1367	4
84.5	8.3083	-0.0757	5.138	4
84.55	8.306	-0.0886	5.1278	4
84.6	8.3033	0.1567	5.1438	4
84.65	8.3005	0.4458	5.1585	4
84.7	8.298	0.259	5.1557	4
84.75	8.2959	-0.1579	5.1516	4
84.8	8.2926	0.3726	5.1454	4
84.85	8.2899	0.09	5.1422	4
84.9	8.2869	0.4906	5.1439	4
84.95	8.2844	0.3052	5.1409	4
85	8.2827	-0.5808	5.1243	4
85.05	8.28	0.2503	5.1256	4
85.1	8.2762	1.2074	5.1324	4
85.15	8.2742	-0.2279	5.126	4
85.2	8.2725	-0.6526	5.1384	4
85.25	8.2691	0.8363	5.146	4
85.3	8.2657	1.1226	5.1522	4
85.35	8.2643	-0.66	5.1533	4
85.4	8.2615	0.119	5.1457	4
85.45	8.2585	0.4777	5.1273	4
85.5	8.2557	0.5429	5.1386	4
85.55	8.2536	-0.0166	5.1425	4
85.6	8.2507	0.4467	5.1431	4
85.65	8.2477	0.5296	5.1436	4
85.7	8.2453	0.3491	5.1345	4
85.75	8.2427	0.31	5.1355	4
85.8	8.24	0.3659	5.1457	4
85.85	8.2372	0.3043	5.1372	4
85.9	8.2345	0.3963	5.1502	4
85.95	8.232	0.265	5.1531	4
86	8.2294	0.1967	5.1346	4
86.05	8.2264	0.2959	5.1452	4
86.1	8.2232	0.5843	5.1457	4
86.15	8.2211	-0.0643	5.1497	4
86.2	8.2182	0.5955	5.1286	4
86.25	8.216	-0.0299	5.1327	4
86.3	8.2134	0.5803	5.1483	4
86.35	8.2104	0.4382	5.1416	4
86.4	8.2075	0.2074	5.1216	4
86.45	8.2049	0.3613	5.1186	4
86.5	8.2023	0.402	5.124	4
86.55	8.1997	0.3597	5.1195	4
86.6	8.1971	0.2913	5.1145	4
86.65	8.1941	0.4984	5.1401	4
86.7	8.1915	0.4846	5.128	4
86.75	8.1891	0.0897	5.1222	4
86.8	8.186	0.7192	5.128	4
86.85	8.1837	0.157	5.1354	4
86.9	8.181	0.3583	5.1336	4
86.95	8.1784	0.2258	5.1422	4
87	8.1756	0.3955	5.1619	4
87.05	8.1727	0.462	5.1715	4
87.1	8.17	0.2423	5.1519	4
87.15	8.167	0.5679	5.1463	4
87.2	8.1645	0.2695	5.1431	4
87.25	8.1616	0.4215	5.1428	4
87.3	8.1591	0.293	5.1584	4
87.35	8.1562	0.4344	5.1459	4
87.4	8.154	-0.0054	5.1446	4
87.45	8.1511	0.447	5.1611	4
87.5	8.1486	0.2525	5.1494	4
87.55	8.1456	0.5191	5.1511	4
87.6	8.1434	-0.0746	5.1459	4
87.65	8.1407	0.4821	5.1364	4
87.7	8.1384	0.0983	5.1423	4
87.75	8.1353	0.5705	5.1391	4
87.8	8.1321	0.504	5.1322	4
87.85	8.1299	-0.0976	5.1252	4
87.9	8.1266	0.9757	5.1352	4
87.95	8.1241	0.3098	5.1429	4
88	8.1214	0.2785	5.1458	4
88.05	8.1182	0.8937	5.1453	4
88.1	8.1154	0.7528	5.149	4
88.15	8.1133	-0.1952	5.1417	4
88.2	8.1098	1.0461	5.1526	4
88.25	8.1074	0.3225	5.1609	4
88.3	8.1047	0.5436	5.1418	4
88.35	8.1021	0.2351	5.1133	4
88.4	8.0993	0.7209	5.1122	4
88.45	8.097	0.3367	5.1313	4
88.5	8.0945	0.2195	5.1541	4
88.55	8.0914	0.8413	5.1449	4
88.6	8.0887	0.4594	5.1294	4
88.65	8.086	0.2427	5.1306	4
88.7	8.0828	0.7218	5.1477	4
88.75	8.08	0.6762	5.1459	4
88.8	8.0773	0.4383	5.1249	4
88.85	8.0743	0.6437	5.1292	4
88.9	8.0713	0.8836	5.1252	4
88.95	8.0688	0.2532	5.1253	4
89	8.0656	0.8113	5.1283	4
89.05	8.0624	0.8336	5.1202	4
89.1	8.0598	0.4632	5.1223	4
89.15	8.0567	0.6666	5.1186	4
89.2	8.0537	0.7487	5.1105	4
89.25	8.051	0.615	5.104	4
89.3	8.0482	0.764	5.0944	4
89.35	8.0454	0.6468	5.099	4
89.4	8.0422	0.8612	5.101	4
89.45	8.0391	0.9387	5.1024	4
89.5	8.0366	0.4365	5.1011	4
89.55	8.0332	0.9895	5.1032	4
89.6	8.0304	0.8599	5.1084	4
89.65	8.0275	0.7766	5.112	4
89.7	8.0239	0.9892	5.1138	4
89.75	8.0212	0.776	5.1272	4
89.8	8.0189	0.601	5.1205	4
89.85	8.016	0.7465	5.1089	4
89.9	8.0133	0.6304	5.1112	4
89.95	8.0103	0.9093	5.1199	4
90	8.0074	0.5505	5.1114	4
90.05	8.0044	0.6109	5.1175	4
90.1	8.0013	0.8352	5.131	4
90.15	7.9985	0.8174	5.1153	4
90.2	7.9958	0.4689	5.0969	4
90.25	7.9929	0.6333	5.0983	4
90.3	7.9898	0.775	5.1169	4
90.35	7.9865	0.8608	5.1479	4
90.4	7.9839	0.3423	5.1384	4
90.45	7.9809	0.786	5.1338	4
90.5	7.978	0.5901	5.1358	4
90.55	7.975	0.6914	5.123	4
90.6	7.9721	0.7222	5.1345	4
90.65	7.9692	0.6006	5.1376	4
90.7	7.9666	0.3683	5.1367	4
90.75	7.9633	0.9341	5.1341	4
90.8	7.9605	0.7878	5.1413	4
90.85	7.9576	0.6822	5.1443	4
90.9	7.9549	0.4829	5.1288	4
90.95	7.9516	0.9161	5.134	4
91	7.9488	0.7121	5.14	4
91.05	7.946	0.599	5.122	4
91.1	7.9432	0.615	5.1225	4
91.15	7.9401	0.5778	5.1314	4
91.2	7.9367	0.9354	5.1293	4
91.25	7.9339	0.5758	5.129	4
91.3	7.9314	0.3065	5.1406	4
91.35	7.9283	0.8851	5.1432	4
91.4	7.9253	0.8776	5.142	4
91.45	7.9229	0.3033	5.1423	4
91.5	7.9197	0.7753	5.1416	4
91.55	7.9166	0.9541	5.1248	4
91.6	7.9139	0.3672	5.1289	4
91.65	7.911	0.6614	5.1375	4
91.7	7.9078	0.844	5.1222	4
91.75	7.9048	0.5463	5.1228	4
91.8	7.9022	0.4871	5.1166	4
91.85	7.8992	0.6082	5.1155	4
91.9	7.896	0.7617	5.1126	4
91.95	7.8934	0.5012	5.1241	4
92	7.8911	0.4187	5.1199	4
92.05	7.8878	0.9128	5.114	4
92.1	7.8851	0.2797	5.1094	4
92.15	7.8818	0.6877	5.1001	4
92.2	7.8791	0.3766	5.0964	4
92.25	7.8761	0.902	5.1062	4
92.3	7.8738	0.1002	5.1152	4
92.35	7.8706	0.9286	5.1142	4
92.4	7.8678	0.6097	5.1009	4
92.45	7.8651	0.17	5.1041	4
92.5	7.8619	0.693	5.1126	4
92.55	7.8587	0.9075	5.1032	4
92.6	7.8566	-0.0626	5.0969	4
92.65	7.8534	0.5711	5.1135	4
92.7	7.8504	0.5216	5.1163	4
92.75	7.8477	0.429	5.1217	4
92.8	7.8447	0.6915	5.1308	4
92.85	7.8418	0.4373	5.1254	4
92.9	7.8392	0.404	5.1073	4
92.95	7.8365	0.3147	5.0955	4
93	7.8336	0.4122	5.1041	4
93.05	7.8308	0.683	5.1054	4
93.1	7.8281	0.4259	5.0993	4
93.15	7.8254	0.4249	5.1017	4
93.2	7.8224	0.4741	5.0954	4
93.25	7.8197	0.5635	5.1145	4
93.3	7.8172	0.2846	5.1437	4
93.35	7.8137	1.0903	5.1174	4
93.4	7.8114	0.0768	5.1029	4
93.45	7.8085	0.4323	5.111	4
93.5	7.8059	0.4617	5.103	4
93.55	7.803	0.3959	5.1009	4
93.6	7.8002	0.4345	5.1112	4
93.65	7.7973	0.6062	5.1212	4
93.7	7.7947	0.1279	5.1239	4
93.75	7.7921	0.2164	5.1152	4
93.8	7.7888	0.6291	5.1083	4
93.85	7.7858	0.7217	5.1056	4
93.9	7.7839	-0.2939	5.1092	4
93.95	7.7807	0.8834	5.0929	4
94	7.7783	0.3879	5.0936	4
94.05	7.7755	0.2855	5.1063	4
94.1	7.7727	0.3677	5.0986	4
94.15	7.7696	0.7813	5.1035	4
94.2	7.7672	0.1364	5.1061	4
94.25	7.7646	0.403	5.1056	4
94.3	7.7621	0.1752	5.0962	4
94.35	7.7592	0.5866	5.0939	4
94.4	7.7561	0.5429	5.1083	4
94.45	7.7533	0.5517	5.1139	4
94.5	7.7507	0.3919	5.1174	4
94.55	7.7483	-0.0218	5.1072	4
94.6	7.7453	0.52	5.1032	4
94.65	7.7422	0.7147	5.0996	4
94.7	7.7397	0.3287	5.1014	4
94.75	7.7372	0.2164	5.104	4
94.8	7.734	0.7088	5.1162	4
94.85	7.7317	-0.1838	5.1101	4
94.9	7.7283	0.6793	5.0991	4
94.95	7.7254	0.4968	5.0955	4
95	7.7233	-0.0167	5.0844	4
95.05	7.72	0.655	5.0679	4
95.1	7.7174	0.3001	5.0771	4
95.15	7.7156	-0.4613	5.086	4
95.2	7.712	0.8885	5.0954	4
95.25	7.7098	0.0191	5.0748	4
95.3	7.7074	0.1451	5.0736	4
95.35	7.7049	0.1239	5.0841	4
95.4	7.7015	0.7677	5.0842	4
95.45	7.6994	-0.3087	5.0941	4
95.5	7.6965	0.2488	5.0931	4
95.55	7.6933	0.6245	5.0808	4
95.6	7.6914	-0.0988	5.0849	4
95.65	7.689	0.0647	5.0847	4
95.7	7.6862	0.3468	5.0897	4
95.75	7.6835	0.2744	5.0872	4
95.8	7.6814	-0.2341	5.0948	4
95.85	7.6785	0.2896	5.1125	4
95.9	7.6759	0.3409	5.1029	4
95.95	7.6733	0.0197	5.1029	4
96	7.6707	0.1776	5.1125	4
96.05	7.668	0.2234	5.1086	4
96.1	7.6655	0.0507	5.1005	4
96.15	7.6629	0.034	5.0952	4
96.2	7.6605	0.0574	5.1093	4
96.25	7.658	0.1634	5.1112	4
96.3	7.6553	0.1017	5.1089	4
96.35	7.6525	0.2412	5.0908	4
96.4	7.65	0.0049	5.0814	4
96.45	7.648	-0.3453	5.092	4
96.5	7.6452	0.2982	5.0873	4
96.55	7.6426	0.1465	5.0889	4
96.6	7.6403	-0.2349	5.0822	4
96.65	7.6377	0.1861	5.0876	4
96.7	7.6354	-0.2637	5.0989	4
96.75	7.6329	-0.0148	5.0919	4
96.8	7.6308	-0.4105	5.0821	4
96.85	7.6279	0.3191	5.0871	4
96.9	7.6257	-0.0781	5.0886	4
96.95	7.6238	-0.4774	5.0951	4
97	7.6209	0.3317	5.097	4
97.05	7.6187	-0.3095	5.094	4
97.1	7.6161	-0.0565	5.0975	4
97.15	7.6138	-0.0849	5.1092	4
97.2	7.6109	0.2578	5.1263	4
97.25	7.6089	-0.4685	5.1306	4
97.3	7.6065	-0.1012	5.1224	4
97.35	7.6043	-0.2969	5.1308	4
97.4	7.6017	0.2059	5.1405	4
97.45	7.5995	-0.3536	5.1362	4
97.5	7.5969	-0.1155	5.119	4
97.55	7.5944	-0.1509	5.1233	4
97.6	7.5923	-0.3287	5.1189	4
97.65	7.5896	-0.0181	5.1225	4
97.7	7.5874	-0.1282	5.1315	4
97.75	7.5856	-0.5301	5.1431	4
97.8	7.5834	-0.1847	5.1425	4
97.85	7.5809	-0.1471	5.136	4
97.9	7.5788	-0.488	5.1281	4
97.95	7.5758	0.0275	5.1029	4
98	7.5737	-0.4817	5.09	4
98.05	7.5714	-0.5892	5.1022	4
98.1	7.569	-0.1261	5.108	4
98.15	7.567	-0.2415	5.0981	4
98.2	7.565	-0.6291	5.0938	4
98.25	7.5626	-0.516	5.1095	4
98.3	7.5602	-0.3858	5.1096	4
98.35	7.558	-0.4043	5.0984	4
98.4	7.5561	-0.6054	5.1	4
98.45	7.5537	-0.3853	5.1061	4
98.5	7.5514	-0.3246	5.1142	4
98.55	7.5495	-0.8617	5.1102	4
98.6	7.5471	-0.404	5.1131	4
98.65	7.5451	-0.6749	5.1177	4
98.7	7.5436	-0.9938	5.12	4
98.75	7.5415	-0.4637	5.1217	4
98.8	7.5395	-0.4309	5.107	4
98.85	7.5377	-0.893	5.101	4
98.9	7.5355	-0.7048	5.0849	4
98.95	7.533	-0.4254	5.086	4
99	7.5309	-0.7049	5.0957	4
99.05	7.5293	-1.1865	5.1072	4
99.1	7.527	-0.4276	5.1063	4
99.15	7.5247	-0.4337	5.1045	4
99.2	7.5231	-0.9694	5.0933	4
99.25	7.5216	-0.9503	5.115	4
99.3	7.5188	0.044	5.1229	4
99.35	7.5171	-0.8049	5.1053	4
99.4	7.5155	-0.8502	5.1098	4
99.45	7.5126	0.1666	5.1239	4
99.5	7.5114	-1.147	5.121	4
99.55	7.5091	-0.3505	5.12	4
99.6	7.5067	-0.3596	5.1125	4
99.65	7.505	-0.6819	5.1397	4
99.7	7.5028	-0.4046	5.1276	4
99.75	7.5005	-0.4165	5.1172	4
99.8	7.4986	-0.3531	5.1333	4
99.85	7.4962	-0.1275	5.1471	4
99.9	7.4946	-0.7839	5.1497	4
99.95	7.492	-0.1157	5.142	4
100	7.4895	-0.1234	5.1387	4
100.05	7.4876	-0.75	5.1292	4
100.1	7.485	-0.0834	5.1188	4
100.15	7.4828	-0.1194	5.1225	4
100.2	7.4806	-0.4638	5.1211	4
100.25	7.4781	-0.2347	5.1272	4
100.3	7.4753	0.0548	5.1272	4
100.35	7.4735	-0.4951	5.1029	4
100.4	7.4714	-0.3501	5.0956	4
100.45	7.4691	-0.1074	5.1183	4
100.5	7.4668	-0.231	5.1177	4
100.55	7.4649	-0.3624	5.1251	4
100.6	7.4627	-0.3935	5.1203	4
100.65	7.46	0.1593	5.1193	4
100.7	7.4583	-0.6294	5.1279	4
100.75	7.4558	-0.0787	5.1372	4
100.8	7.4533	-0.2109	5.139	4
100.85	7.4513	-0.3689	5.1295	4
100.9	7.4491	-0.2823	5.1203	4
100.95	7.4466	0.0142	5.1328	4
101	7.4444	-0.3962	5.1251	4
101.05	7.4423	-0.2857	5.1056	4
101.1	7.44	-0.164	5.0975	4
101.15	7.4379	-0.3573	5.1232	4
101.2	7.4356	-0.3948	5.1433	4
101.25	7.4332	-0.1901	5.1633	4
101.3	7.4307	-0.1036	5.1565	4
101.35	7.4292	-0.8363	5.1372	4
101.4	7.4268	-0.1571	5.1559	4
101.45	7.4249	-0.5349	5.1702	4
101.5	7.4231	-0.6213	5.1497	4
101.55	7.4214	-0.8168	5.1267	4
101.6	7.4189	-0.16	5.1364	4
101.65	7.4177	-1.1379	5.1433	4
101.7	7.4156	-0.4544	5.1535	4
101.75	7.4137	-0.7941	5.1415	4
101.8	7.4113	-0.3931	5.1318	4
101.85	7.4096	-0.9602	5.1367	4
101.9	7.4072	-0.5228	5.1278	4
101.95	7.4058	-0.9373	5.1417	4
102	7.4034	-0.3844	5.1393	4
102.05	7.4015	-0.6973	5.1321	4
102.1	7.3996	-0.7523	5.1351	4
102.15	7.3975	-0.3085	5.1333	4
102.2	7.3956	-0.7049	5.1379	4
102.25	7.3935	-0.4869	5.1472	4
102.3	7.3914	-0.4062	5.1511	4
102.35	7.3889	-0.2791	5.1436	4
102.4	7.3871	-0.689	5.123	4
102.45	7.3851	-0.518	5.1205	4
102.5	7.3828	-0.3646	5.1092	4
102.55	7.3808	-0.3809	5.1098	4
102.6	7.3787	-0.5351	5.108	4
102.65	7.3764	-0.1854	5.1037	4
102.7	7.3743	-0.3794	5.1325	4
102.75	7.3727	-0.6638	5.1565	4
102.8	7.3702	0.019	5.1442	4
102.85	7.3689	-0.7948	5.1555	4
102.9	7.3664	-0.1796	5.1501	4
102.95	7.3634	0.2485	5.137	4
103	7.362	-0.9002	5.1241	4
103.05	7.3599	-0.3762	5.1179	4
103.1	7.3572	0.216	5.127	4
103.15	7.3558	-0.8232	5.1282	4
103.2	7.353	0.2139	5.1341	4
103.25	7.3513	-0.7263	5.1392	4
103.3	7.3486	0.0135	5.1329	4
103.35	7.3471	-0.9172	5.1232	4
103.4	7.3441	0.222	5.1284	4
103.45	7.342	-0.4426	5.1435	4
103.5	7.3399	-0.5626	5.1283	4
103.55	7.3374	-0.1886	5.1228	4
103.6	7.3354	-0.3552	5.1322	4
103.65	7.3334	-0.6074	5.1399	4
103.7	7.3308	-0.0414	5.1465	4
103.75	7.3285	-0.0277	5.1416	4
103.8	7.3266	-0.7149	5.1109	4
103.85	7.3244	-0.4446	5.1065	4
103.9	7.3216	0.1422	5.1348	4
103.95	7.3193	0.0047	5.1474	4
104	7.3179	-1.0171	5.1322	4
104.05	7.3152	0.1838	5.1244	4
104.1	7.3129	-0.2038	5.124	4
104.15	7.3114	-0.9482	5.1365	4
104.2	7.3084	0.2496	5.1355	4
104.25	7.306	-0.1393	5.1408	4
104.3	7.3044	-0.8098	5.1373	4
104.35	7.3019	0.0593	5.1414	4
104.4	7.2994	0.0087	5.1499	4
104.45	7.2972	-0.3241	5.15	4
104.5	7.2953	-0.4435	5.1451	4
104.55	7.2929	-0.0536	5.1395	4
104.6	7.2905	-0.0425	5.1349	4
104.65	7.289	-0.6191	5.1335	4
104.7	7.2857	0.4419	5.1318	4
104.75	7.2838	-0.5807	5.1402	4
104.8	7.2816	-0.3859	5.139	4
104.85	7.2788	0.2107	5.1259	4
104.9	7.2765	-0.048	5.1386	4
104.95	7.2748	-0.5777	5.137	4
105	7.2723	0.1553	5.1402	4
105.05	7.2698	0.0352	5.1326	4
105.1	7.2683	-0.9132	5.1321	4
105.15	7.2651	0.4578	5.1362	4
105.2	7.2632	-0.2032	5.13	4
105.25	7.2616	-0.7175	5.1167	4
105.3	7.2587	0.3602	5.1276	4
105.35	7.2565	-0.1523	5.1344	4
105.4	7.2548	-0.7083	5.1549	4
105.45	7.252	0.1558	5.1506	4
105.5	7.2502	-0.5708	5.1369	4
105.55	7.2476	-0.0228	5.1399	4
105.6	7.2454	-0.4343	5.1264	4
105.65	7.2428	0.2819	5.1285	4
105.7	7.2413	-0.6629	5.1324	4
105.75	7.2393	-0.6264	5.1398	4
105.8	7.2364	0.4142	5.1525	4
105.85	7.2348	-0.8047	5.1258	4
105.9	7.2324	-0.3304	5.1146	4
105.95	7.2301	-0.2354	5.1036	4
106	7.2277	0.0079	5.106	4
106.05	7.2259	-0.7382	5.1012	4
106.1	7.2237	-0.1198	5.1005	4
106.15	7.2215	-0.4941	5.1064	4
106.2	7.2196	-0.3958	5.1033	4
106.25	7.2172	-0.4171	5.1071	4
106.3	7.2149	-0.3491	5.0987	4
106.35	7.2127	-0.217	5.0875	4
106.4	7.2109	-0.698	5.1205	4
106.45	7.2081	0.268	5.1238	4
106.5	7.207	-0.9961	5.111	4
106.55	7.2043	-0.0785	5.129	4
106.6	7.2025	-0.5703	5.1246	4
106.65	7.1999	-0.1437	5.1138	4
106.7	7.1982	-0.9303	5.1044	4
106.75	7.1956	-0.1388	5.1043	4
106.8	7.1936	-0.5575	5.1105	4
106.85	7.1913	-0.272	5.1044	4
106.9	7.1896	-0.4114	5.1242	4
106.95	7.1873	-0.4431	5.1327	4
107	7.1851	-0.6101	5.1064	4
107.05	7.1831	-0.3034	5.1056	4
107.1	7.1808	-0.2919	5.1137	4
107.15	7.1792	-0.7003	5.1348	4
107.2	7.177	-0.4567	5.1346	4
107.25	7.1742	0.1366	5.1136	4
107.3	7.1722	-0.5462	5.1223	4
107.35	7.1708	-0.9702	5.1266	4
107.4	7.1679	0.2595	5.1165	4
107.45	7.1662	-0.732	5.1145	4
107.5	7.1646	-0.9923	5.1005	4
107.55	7.1619	0.2276	5.1069	4
107.6	7.1598	-0.3841	5.1287	4
107.65	7.1585	-1.0571	5.1372	4
107.7	7.1558	0.0837	5.1153	4
107.75	7.1538	-0.399	5.112	4
107.8	7.1526	-0.991	5.1318	4
107.85	7.1503	-0.5363	5.1378	4
107.9	7.1474	0.3716	5.1212	4
107.95	7.1464	-1.3533	5.1175	4
108	7.1441	-0.497	5.1164	4
108.05	7.1413	-0.1063	5.1144	4
108.1	7.139	-0.2138	5.1117	4
108.15	7.1375	-1.25	5.1159	4
108.2	7.1349	-0.347	5.1406	4
108.25	7.1323	0.0016	5.1364	4
108.3	7.1311	-1.13	5.1341	4
108.35	7.129	-0.6369	5.1315	4
108.4	7.1262	0.5568	5.0985	4
108.45	7.1246	-1.007	5.1005	4
108.5	7.1226	-0.6243	5.1147	4
108.55	7.1206	-0.4819	5.1155	4
108.6	7.1181	-0.1099	5.112	4
108.65	7.1166	-1.0785	5.1194	4
108.7	7.1144	-0.5939	5.1324	4
108.75	7.112	-0.0854	5.1455	4
108.8	7.1099	-0.3082	5.1434	4
108.85	7.1085	-1.0886	5.1444	4
108.9	7.1053	0.3204	5.1319	4
108.95	7.1036	-0.8336	5.1325	4
109	7.1022	-0.9495	5.119	4
109.05	7.1	-0.2009	5.1274	4
109.1	7.0982	-0.6446	5.1322	4
109.15	7.0965	-1.0682	5.1302	4
109.2	7.0943	-0.366	5.1311	4
109.25	7.0918	-0.0213	5.1103	4
109.3	7.0906	-1.2907	5.1046	4
109.35	7.0889	-0.8902	5.1405	4
109.4	7.0865	-0.1046	5.1483	4
109.45	7.0851	-1.286	5.1373	4
109.5	7.0838	-1.451	5.1324	4
109.55	7.0809	-0.0806	5.1164	4
109.6	7.0794	-1.1394	5.1245	4
109.65	7.0783	-1.4468	5.1291	4
109.7	7.0761	-0.5329	5.1221	4
109.75	7.0747	-1.2066	5.1138	4
109.8	7.0736	-1.6853	5.099	4
109.85	7.0708	-0.3275	5.1075	4
109.9	7.0694	-1.2635	5.1061	4
109.95	7.068	-1.1944	5.112	4
110	7.0662	-1.0652	5.1056	4
110.05	7.0638	-0.7384	5.0978	4
110.1	7.0622	-1.2045	5.101	4
110.15	7.0609	-1.1706	5.108	4
110.2	7.0588	-0.8127	5.1025	4
110.25	7.0572	-1.2269	5.104	4
110.3	7.0553	-0.8568	5.104	4
110.35	7.0533	-0.7657	5.1108	4
110.4	7.0521	-1.4598	5.1041	4
110.45	7.0505	-1.0319	5.0917	4
110.5	7.0481	-0.3644	5.0827	4
110.55	7.0465	-0.9555	5.0935	4
110.6	7.0448	-1.0517	5.1186	4
110.65	7.0428	-0.5994	5.1192	4
110.7	7.0411	-0.9741	5.1175	4
110.75	7.0386	-0.2424	5.1168	4
110.8	7.0364	-0.309	5.1055	4
110.85	7.0354	-1.3365	5.1035	4
110.9	7.0333	-0.5429	5.1023	4
110.95	7.0309	-0.2278	5.1058	4
111	7.0294	-0.8306	5.1126	4
111.05	7.0281	-1.1328	5.1039	4
111.1	7.0258	-0.3665	5.1059	4
111.15	7.0239	-0.6387	5.1199	4
111.2	7.0226	-1.2178	5.1155	4
111.25	7.0206	-0.7397	5.114	4
111.3	7.0181	-0.3651	5.1138	4
111.35	7.0165	-1.025	5.1255	4
111.4	7.0142	-0.4219	5.1456	4
111.45	7.0125	-0.7867	5.1352	4
111.5	7.0109	-1.0453	5.1222	4
111.55	7.0085	-0.3255	5.1305	4
111.6	7.0068	-0.6604	5.1438	4
111.65	7.0048	-0.6281	5.148	4
111.7	7.0032	-0.8237	5.1456	4
111.75	7.0012	-0.8854	5.1474	4
111.8	6.9985	-0.1502	5.1362	4
111.85	6.9974	-1.2872	5.1277	4
111.9	6.9959	-0.7081	5.1432	4
111.95	6.9935	-0.2416	5.153	4
112	6.9921	-0.9809	5.1406	4
112.05	6.9898	-0.7238	5.1184	4
112.1	6.988	-0.9775	5.1228	4
112.15	6.986	-0.6953	5.1249	4
112.2	6.9842	-0.5865	5.1121	4
112.25	6.982	-0.4802	5.1012	4
112.3	6.9803	-1.062	5.0986	4
112.35	6.9779	-0.4544	5.106	4
112.4	6.976	-0.6422	5.1093	4
112.45	6.9747	-0.9552	5.1089	4
112.5	6.973	-0.7148	5.1145	4
112.55	6.9707	-0.6415	5.1204	4
112.6	6.9686	-0.5882	5.1177	4
112.65	6.9677	-1.8313	5.1227	4
112.7	6.9654	-0.1359	5.1247	4
112.75	6.9627	0.0603	5.1207	4
112.8	6.9622	-1.674	5.1238	4
112.85	6.9602	-0.5417	5.1126	4
112.9	6.9575	0.0073	5.1071	4
112.95	6.9569	-1.4649	5.1092	4
113	6.9545	-0.5607	5.1069	4
113.05	6.952	-0.0856	5.1203	4
113.1	6.951	-1.3113	5.1265	4
113.15	6.9489	-0.5689	5.1274	4
113.2	6.9474	-0.9652	5.1279	4
113.25	6.9454	-0.7613	5.1165	4
113.3	6.9436	-0.5826	5.1217	4
113.35	6.9424	-1.3994	5.1331	4
113.4	6.9397	-0.2323	5.1278	4
113.45	6.9383	-1.1042	5.12	4
113.5	6.9364	-1.0405	5.1128	4
113.55	6.9343	-0.6425	5.1031	4
113.6	6.9321	-0.5233	5.094	4
113.65	6.9308	-1.2401	5.1108	4
113.7	6.9289	-0.6319	5.1234	4
113.75	6.9274	-0.8741	5.1259	4
113.8	6.9256	-0.8597	5.1297	4
113.85	6.9233	-0.2994	5.1259	4
113.9	6.9212	-0.2894	5.1212	4
113.95	6.9195	-0.6302	5.1076	4
114	6.9181	-1.0818	5.1052	4
114.05	6.9153	-0.0007	5.1075	4
114.1	6.9141	-1.0807	5.1007	4
114.15	6.912	-0.8263	5.1144	4
114.2	6.9091	0.1147	5.106	4
114.25	6.9078	-0.8731	5.0906	4
114.3	6.9062	-1.1549	5.0927	4
114.35	6.9031	0.2224	5.0892	4
114.4	6.9016	-0.681	5.0821	4
114.45	6.9008	-1.5616	5.0992	4
114.5	6.8979	0.0923	5.1248	4
114.55	6.8966	-0.9524	5.1141	4
114.6	6.8951	-1.1475	5.0864	4
114.65	6.8924	-0.0922	5.0906	4
114.7	6.8908	-0.7652	5.0989	4
114.75	6.8892	-0.9733	5.0845	4
114.8	6.8864	-0.0195	5.0907	4
114.85	6.8849	-0.9992	5.0929	4
114.9	6.883	-0.6116	5.0696	4
114.95	6.8808	-0.1801	5.0732	4
115	6.8793	-0.9305	5.0965	4
115.05	6.8778	-1.1655	5.1133	4
115.1	6.8744	0.4488	5.1127	4
115.15	6.8728	-0.6731	5.0965	4
115.2	6.8717	-1.1859	5.1059	4
115.25	6.869	-0.0796	5.1049	4
115.3	6.8669	-0.3024	5.1071	4
115.35	6.8657	-1.2156	5.1218	4
115.4	6.8634	-0.3508	5.1214	4
115.45	6.861	0.1449	5.1111	4
115.5	6.8595	-1.1548	5.0891	4
115.55	6.8572	-0.5354	5.0896	4
115.6	6.8548	-0.2847	5.0975	4
115.65	6.8532	-0.8621	5.0959	4
115.7	6.8515	-0.7353	5.0997	4
115.75	6.8493	-0.428	5.1246	4
115.8	6.847	-0.3347	5.1193	4
115.85	6.8457	-0.9814	5.1129	4
115.9	6.8434	-0.5124	5.1218	4
115.95	6.8414	-0.6542	5.1108	4
116	6.8394	-0.3952	5.1089	4
116.05	6.8378	-0.8269	5.1001	4
116.1	6.836	-0.8837	5.0896	4
116.15	6.8337	-0.2696	5.0817	4
116.2	6.8316	-0.4899	5.0774	4
116.25	6.8301	-0.6587	5.0802	4
116.3	6.828	-0.4074	5.0858	4
116.35	6.8264	-0.7745	5.0811	4
116.4	6.8243	-0.5012	5.0858	4
116.45	6.8224	-0.6634	5.0823	4
116.5	6.8201	-0.2048	5.092	4
116.55	6.8187	-1.0297	5.0963	4
116.6	6.8163	-0.2163	5.1022	4
116.65	6.8142	-0.4693	5.0994	4
116.7	6.8127	-0.9486	5.0927	4
116.75	6.81	-0.0401	5.0947	4
116.8	6.8081	-0.4969	5.0962	4
116.85	6.8063	-0.6181	5.1158	4
116.9	6.8042	-0.5189	5.1078	4
116.95	6.8024	-0.7078	5.0869	4
117	6.8002	-0.3001	5.0966	4
117.05	6.7981	-0.5049	5.1074	4
117.1	6.7964	-0.5699	5.1063	4
117.15	6.7941	-0.2567	5.1101	4
117.2	6.7925	-0.8187	5.1095	4
117.25	6.7904	-0.4984	5.1177	4
117.3	6.7884	-0.2453	5.1226	4
117.35	6.7867	-0.7711	5.1317	4
117.4	6.7845	-0.3931	5.1254	4
117.45	6.7821	-0.3307	5.11	4
117.5	6.7802	-0.4502	5.1251	4
117.55	6.7784	-0.6818	5.1287	4
117.6	6.7762	-0.153	5.1273	4
117.65	6.7739	-0.2407	5.1286	4
117.7	6.7722	-0.8201	5.1158	4
117.75	6.7701	-0.4251	5.1229	4
117.8	6.768	-0.3367	5.1339	4
117.85	6.766	-0.4943	5.1247	4
117.9	6.7637	-0.1323	5.1065	4
117.95	6.7618	-0.7006	5.0955	4
118	6.7594	-0.2722	5.1212	4
118.05	6.7575	-0.6305	5.1445	4
118.1	6.755	-0.1998	5.1432	4
118.15	6.753	-0.2149	5.1425	4
118.2	6.7511	-0.6108	5.1215	4
118.25	6.7488	-0.3176	5.101	4
118.3	6.747	-0.5335	5.1116	4
118.35	6.7448	-0.2669	5.1062	4
118.4	6.7423	-0.1806	5.1071	4
118.45	6.7407	-0.7438	5.1033	4
118.5	6.7386	-0.3661	5.112	4
118.55	6.7364	-0.3474	5.1155	4
118.6	6.7344	-0.4926	5.122	4
118.65	6.7325	-0.592	5.1368	4
118.7	6.7303	-0.3769	5.1301	4
118.75	6.7286	-0.4956	5.1334	4
118.8	6.7266	-0.5833	5.1338	4
118.85	6.7244	-0.3739	5.1304	4
118.9	6.7224	-0.5233	5.1254	4
118.95	6.7208	-0.8794	5.1217	4
119	6.7188	-0.6816	5.1263	4
119.05	6.7169	-0.6679	5.1173	4
119.1	6.7149	-0.6225	5.1112	4
119.15	6.7131	-0.9007	5.1009	4
119.2	6.7104	-0.1465	5.1099	4
119.25	6.709	-0.9432	5.1189	4
119.3	6.7073	-0.8356	5.1166	4
119.35	6.7054	-0.786	5.1087	4
119.4	6.7037	-0.6984	5.1219	4
119.45	6.7021	-0.6969	5.1226	4
119.5	6.6998	-0.4218	5.1266	4
119.55	6.6981	-0.9628	5.1297	4
119.6	6.696	-0.7178	5.1227	4
119.65	6.6942	-0.7667	5.1303	4
119.7	6.6921	-0.3425	5.1384	4
119.75	6.6901	-0.4911	5.1218	4
119.8	6.6888	-1.1752	5.1171	4
119.85	6.6859	-0.1695	5.1304	4
119.9	6.6841	-0.7677	5.1501	4
119.95	6.6822	-0.8178	5.1541	4
120	6.6804	-0.8434	5.1364	4
120.05	6.6783	-0.4113	5.1265	4
120.1	6.6772	-1.2978	5.1186	4
120.15	6.6751	-0.7166	5.1172	4
120.2	6.6728	-0.4139	5.1243	4
120.25	6.6715	-1.2865	5.1219	4
120.3	6.6697	-0.7382	5.1353	4
120.35	6.6675	-0.6443	5.1311	4
120.4	6.6658	-1.0154	5.122	4
120.45	6.6636	-0.5354	5.1292	4
120.5	6.6624	-1.2893	5.1244	4
120.55	6.6602	-0.5031	5.1144	4
120.6	6.6587	-1.1089	5.1082	4
120.65	6.6566	-0.9798	5.1011	4
120.7	6.6544	-0.5809	5.104	4
120.75	6.6533	-1.1014	5.1048	4
120.8	6.6514	-0.7712	5.1164	4
120.85	6.6496	-0.958	5.123	4
120.9	6.6479	-1.0954	5.1228	4
120.95	6.6455	-0.349	5.1321	4
121	6.6444	-1.4117	5.1194	4
121.05	6.6425	-0.9501	5.1195	4
121.1	6.6405	-0.444	5.1311	4
121.15	6.6392	-1.2952	5.124	4
121.2	6.6376	-0.9823	5.1321	4
121.25	6.6349	-0.2833	5.137	4
121.3	6.6337	-1.2844	5.1275	4
121.35	6.6318	-0.818	5.114	4
121.4	6.6297	-0.643	5.1215	4
121.45	6.628	-0.7797	5.1419	4
121.5	6.6267	-1.2104	5.1492	4
121.55	6.6245	-0.6559	5.143	4
121.6	6.6225	-0.5416	5.1317	4
121.65	6.621	-1.0494	5.1329	4
121.7	6.6194	-1.0389	5.1418	4
121.75	6.6169	-0.0768	5.138	4
121.8	6.6158	-1.3485	5.132	4
121.85	6.6142	-1.0539	5.141	4
121.9	6.6118	-0.4558	5.1244	4
121.95	6.6101	-0.8033	5.1139	4
122	6.6088	-1.2941	5.1224	4
122.05	6.6064	-0.3461	5.1115	4
122.1	6.6046	-0.8014	5.1051	4
122.15	6.6035	-1.4838	5.1074	4
122.2	6.6009	-0.3997	5.1087	4
122.25	6.5991	-0.7794	5.1049	4
122.3	6.5986	-1.7914	5.1211	4
122.35	6.5958	-0.1284	5.1218	4
122.4	6.5939	-0.5725	5.103	4
122.45	6.593	-1.4669	5.1074	4
122.5	6.5908	-0.6528	5.123	4
122.55	6.5886	-0.5887	5.1164	4
122.6	6.5874	-1.4336	5.1194	4
122.65	6.5854	-0.878	5.1068	4
122.7	6.5831	-0.351	5.0923	4
122.75	6.5818	-1.3921	5.0994	4
122.8	6.58	-0.9547	5.0897	4
122.85	6.5776	-0.4662	5.0748	4
122.9	6.5764	-1.029	5.1055	4
122.95	6.575	-1.1597	5.1323	4
123	6.5725	-0.3532	5.1197	4
123.05	6.5709	-0.9283	5.0993	4
123.1	6.5694	-1.0456	5.1057	4
123.15	6.5674	-0.7231	5.1085	4
123.2	6.5655	-0.8507	5.1032	4
123.25	6.5634	-0.7888	5.0921	4
123.3	6.5621	-1.3385	5.0958	4
123.35	6.5596	-0.1263	5.1133	4
123.4	6.5584	-1.3004	5.0995	4
123.45	6.5568	-0.9055	5.0859	4
123.5	6.5545	-0.3551	5.0889	4
123.55	6.5532	-1.3372	5.0824	4
123.6	6.5512	-0.7678	5.105	4
123.65	6.5489	-0.4063	5.1196	4
123.7	6.548	-1.4734	5.1111	4
123.75	6.5459	-0.4408	5.1263	4
123.8	6.5441	-0.6026	5.1157	4
123.85	6.5425	-0.8813	5.1046	4
123.9	6.5414	-1.4767	5.1164	4
123.95	6.5384	0.1767	5.1223	4
124	6.5372	-1.0978	5.1354	4
124.05	6.5357	-0.9405	5.1407	4
124.1	6.5337	-0.6625	5.1292	4
124.15	6.5312	-0.123	5.1317	4
124.2	6.5298	-1.1572	5.148	4
124.25	6.5276	-0.6076	5.1486	4
124.3	6.5254	-0.4325	5.1301	4
124.35	6.5242	-1.1796	5.1118	4
124.4	6.5218	-0.2246	5.1189	4
124.45	6.5196	-0.3096	5.1146	4
124.5	6.5182	-1.3051	5.1199	4
124.55	6.5161	-0.6949	5.128	4
124.6	6.5136	-0.1103	5.1126	4
124.65	6.5121	-0.708	5.0989	4
124.7	6.5104	-0.8795	5.0972	4
124.75	6.5084	-0.3311	5.1061	4
124.8	6.5066	-0.7126	5.119	4
124.85	6.5056	-1.265	5.1177	4
124.9	6.5029	0.006	5.1229	4
124.95	6.5011	-0.966	5.1037	4
125	6.4984	-0.1487	5.1031	4
125.05	6.4973	-1.258	5.1206	4
125.1	6.4946	-0.0036	5.1162	4
125.15	6.4931	-0.8929	5.1212	4
125.2	6.4913	-0.7433	5.1333	4
125.25	6.4893	-0.334	5.1323	4
125.3	6.4872	-0.518	5.132	4
125.35	6.486	-1.1201	5.1438	4
125.4	6.4836	-0.3014	5.1496	4
125.45	6.4816	-0.5564	5.1379	4
125.5	6.4795	-0.4273	5.1286	4
125.55	6.478	-1.2649	5.1292	4
125.6	6.4751	0.0835	5.1206	4
125.65	6.4741	-1.2165	5.1168	4
125.7	6.4725	-0.9474	5.1114	4
125.75	6.4699	-0.2013	5.1011	4
125.8	6.4681	-0.521	5.1054	4
125.85	6.4666	-0.9001	5.1149	4
125.9	6.4649	-0.919	5.1043	4
125.95	6.4624	-0.31	5.1186	4
126	6.4608	-0.8374	5.1207	4
126.05	6.4591	-1.1208	5.1147	4
126.1	6.4572	-0.5782	5.1113	4
126.15	6.455	-0.4423	5.1056	4
126.2	6.4533	-0.7118	5.1183	4
126.25	6.4517	-1.1292	5.1133	4
126.3	6.4491	-0.0592	5.1007	4
126.35	6.4485	-1.9557	5.1016	4
126.4	6.446	-0.3369	5.1058	4
126.45	6.4435	-0.1108	5.1122	4
126.5	6.4425	-1.329	5.1256	4
126.55	6.4408	-0.981	5.1267	4
126.6	6.4383	-0.369	5.1249	4
126.65	6.4369	-1.3938	5.1238	4
126.7	6.4346	-0.4343	5.1282	4
126.75	6.4324	-0.5994	5.1255	4
126.8	6.431	-1.1732	5.1298	4
126.85	6.4293	-1.176	5.1358	4
126.9	6.4275	-0.5158	5.1252	4
126.95	6.4253	-0.5235	5.1087	4
127	6.4238	-1.0693	5.1053	4
127.05	6.4219	-0.6368	5.1127	4
127.1	6.4201	-0.7749	5.0972	4
127.15	6.4185	-1.0899	5.0891	4
127.2	6.4166	-0.9047	5.0996	4
127.25	6.4147	-0.5352	5.0999	4
127.3	6.4129	-0.8878	5.1013	4
127.35	6.4112	-1.0332	5.0989	4
127.4	6.4096	-1.0882	5.0946	4
127.45	6.4069	-0.3834	5.0952	4
127.5	6.4049	-0.6331	5.0852	4
127.55	6.4034	-0.8355	5.1024	4
127.6	6.4019	-0.9063	5.1103	4
127.65	6.4005	-1.177	5.0986	4
127.7	6.3984	-0.7507	5.0985	4
127.75	6.3971	-1.0455	5.0895	4
127.8	6.3946	-0.147	5.1019	4
127.85	6.393	-0.9449	5.1125	4
127.9	6.3916	-1.4411	5.0905	4
127.95	6.389	-0.2773	5.0992	4
128	6.3875	-1.2519	5.1205	4
128.05	6.386	-0.9941	5.1145	4
128.1	6.3838	-0.5125	5.1024	4
128.15	6.3824	-1.0198	5.104	4
128.2	6.3809	-1.0709	5.1197	4
128.25	6.379	-0.9279	5.125	4
128.3	6.3768	-0.4569	5.1169	4
128.35	6.3752	-0.9455	5.1185	4
128.4	6.3739	-1.307	5.1065	4
128.45	6.3715	-0.3273	5.1151	4
128.5	6.37	-0.8444	5.1286	4
128.55	6.3692	-1.4811	5.1245	4
128.6	6.3666	-0.2715	5.114	4
128.65	6.3647	-0.7487	5.1138	4
128.7	6.3635	-1.5195	5.1256	4
128.75	6.3617	-0.8372	5.1208	4
128.8	6.3593	-0.1453	5.1076	4
128.85	6.3584	-1.7546	5.1254	4
128.9	6.3561	-0.5761	5.1296	4
128.95	6.3544	-0.9099	5.1383	4
129	6.3529	-1.2174	5.144	4
129.05	6.3507	-0.6736	5.1504	4
129.1	6.3493	-1.1491	5.1504	4
129.15	6.3476	-1.0747	5.1385	4
129.2	6.3461	-1.1231	5.134	4
129.25	6.3438	-0.5435	5.1361	4
129.3	6.3431	-1.7202	5.1388	4
129.35	6.3404	-0.1972	5.1499	4
129.4	6.3395	-1.6478	5.1319	4
129.45	6.3376	-0.8857	5.1316	4
129.5	6.3356	-0.9604	5.1438	4
129.55	6.3338	-0.8448	5.1349	4
129.6	6.3327	-1.4611	5.1415	4
129.65	6.331	-1.0521	5.1407	4
129.7	6.329	-0.7821	5.1243	4
129.75	6.3278	-1.3374	5.143	4
129.8	6.3261	-0.9604	5.1452	4
129.85	6.3243	-1.0006	5.1352	4
129.9	6.3231	-1.5187	5.1457	4
129.95	6.3209	-0.5126	5.154	4
130	6.3196	-1.2687	5.1363	4
130.05	6.3182	-1.1919	5.1262	4
130.1	6.317	-1.2125	5.1323	4
130.15	6.3147	-0.5966	5.1312	4
130.2	6.3136	-1.4059	5.1225	4
130.25	6.3122	-1.4527	5.1276	4
130.3	6.3098	-0.4126	5.1082	4
130.35	6.3092	-1.7037	5.1117	4
130.4	6.3079	-1.4733	5.1207	4
130.45	6.3056	-0.7111	5.1278	4
130.5	6.3036	-0.5174	5.1241	4
130.55	6.3033	-2.1958	5.1233	4
130.6	6.3011	-0.5696	5.1207	4
130.65	6.2994	-1.0092	5.1146	4
130.7	6.2987	-1.7539	5.1099	4
130.75	6.2963	-0.5834	5.1245	4
130.8	6.2952	-1.5482	5.1186	4
130.85	6.2937	-1.2825	5.1125	4
130.9	6.2921	-1.0355	5.1214	4
130.95	6.29	-0.5831	5.1136	4
131	6.2893	-1.9228	5.1174	4
131.05	6.2874	-1.3792	5.1222	4
131.1	6.2851	-0.3203	5.1229	4
131.15	6.2845	-1.6701	5.1169	4
131.2	6.2829	-1.4206	5.1233	4
131.25	6.2807	-0.7515	5.1333	4
131.3	6.2797	-1.8064	5.1181	4
131.35	6.2778	-0.9962	5.1039	4
131.4	6.2761	-1.1167	5.1012	4
131.45	6.2746	-1.1606	5.117	4
131.5	6.2734	-1.4874	5.1183	4
131.55	6.272	-1.2817	5.1265	4
131.6	6.2702	-1.0934	5.1362	4
131.65	6.2698	-1.8855	5.1404	4
131.7	6.2676	-0.8126	5.131	4
131.75	6.2663	-1.4573	5.1328	4
131.8	6.2652	-1.5376	5.1438	4
131.85	6.2636	-1.1391	5.1492	4
131.9	6.2626	-1.5788	5.1483	4
131.95	6.2613	-1.7677	5.146	4
132	6.2593	-1.033	5.1531	4
132.05	6.2582	-1.5327	5.1461	4
132.1	6.2567	-1.5058	5.1405	4
132.15	6.2551	-1.2333	5.1402	4
132.2	6.2541	-1.61	5.1265	4
132.25	6.2529	-1.5666	5.1154	4
132.3	6.2513	-1.395	5.132	4
132.35	6.2504	-1.8774	5.1409	4
132.4	6.2485	-1.062	5.1378	4
132.45	6.2473	-1.6107	5.1216	4
132.5	6.2466	-2.1002	5.1248	4
132.55	6.2447	-1.1698	5.133	4
132.6	6.2433	-1.4979	5.1266	4
132.65	6.2423	-1.9653	5.1215	4
132.7	6.2412	-1.7249	5.1119	4
132.75	6.2399	-1.6836	5.1092	4
132.8	6.2382	-1.4202	5.121	4
132.85	6.2376	-2.1713	5.1226	4
132.9	6.236	-1.6312	5.1349	4
132.95	6.2344	-1.5013	5.1428	4
133	6.2342	-2.5531	5.14	4
133.05	6.2323	-1.2156	5.1306	4
133.1	6.2312	-2.0521	5.1218	4
133.15	6.2308	-2.3054	5.1267	4
133.2	6.229	-1.4606	5.129	4
133.25	6.228	-1.9025	5.1257	4
133.3	6.2271	-1.9112	5.1403	4
133.35	6.2262	-2.0494	5.1206	4
133.4	6.2249	-1.7549	5.1098	4
133.45	6.2238	-1.9093	5.1303	4
133.5	6.2233	-2.5038	5.1427	4
133.55	6.2219	-1.715	5.1539	4
133.6	6.2211	-2.1949	5.1394	4
133.65	6.2198	-1.8057	5.1165	4
133.7	6.2189	-2.2661	5.1341	4
133.75	6.2179	-1.7293	5.1379	4
133.8	6.2171	-2.2386	5.1343	4
133.85	6.216	-2.1818	5.153	4
133.9	6.215	-1.9819	5.1586	4
133.95	6.2139	-1.8553	5.1435	4
134	6.2128	-2.0399	5.117	4
134.05	6.2114	-1.834	5.1131	4
134.1	6.2107	-2.3165	5.1262	4
134.15	6.2095	-1.916	5.1316	4
134.2	6.208	-1.4451	5.1265	4
134.25	6.2081	-2.5999	5.1226	4
134.3	6.2064	-1.5932	5.1211	4
134.35	6.2051	-1.7476	5.1224	4
134.4	6.2049	-2.4991	5.1136	4
134.45	6.2032	-1.3701	5.1118	4
134.5	6.2024	-1.8384	5.1181	4
134.55	6.2015	-1.8233	5.1158	4
134.6	6.2005	-1.9162	5.1109	4
134.65	6.1988	-1.4942	5.1264	4
134.7	6.1976	-1.5434	5.1502	4
134.75	6.1971	-2.3925	5.157	4
134.8	6.1951	-1.1076	5.1434	4
134.85	6.1938	-1.5609	5.1413	4
134.9	6.1926	-1.7024	5.1396	4
134.95	6.1911	-1.3178	5.1343	4
135	6.1904	-1.806	5.1324	4
135.05	6.1888	-1.2076	5.1357	4
135.1	6.1883	-2.2159	5.1341	4
135.15	6.1862	-0.9554	5.1201	4
135.2	6.1848	-1.3553	5.1282	4
135.25	6.1844	-2.1877	5.1438	4
135.3	6.1826	-1.2039	5.1471	4
135.35	6.1811	-1.143	5.1363	4
135.4	6.1807	-2.1325	5.1298	4
135.45	6.1791	-1.3633	5.1492	4
135.5	6.1772	-0.9979	5.1707	4
135.55	6.1765	-1.8456	5.165	4
135.6	6.1747	-1.4252	5.1513	4
135.65	6.1731	-1.1684	5.1491	4
135.7	6.1717	-1.4848	5.131	4
135.75	6.1704	-1.4712	5.1225	4
135.8	6.1684	-1.1055	5.1329	4
135.85	6.1676	-1.728	5.1339	4
135.9	6.1662	-1.389	5.1327	4
135.95	6.1648	-1.377	5.1417	4
136	6.164	-1.7755	5.1238	4
136.05	6.1617	-0.4385	5.1103	4
136.1	6.1612	-1.9531	5.1167	4
136.15	6.1604	-1.7091	5.137	4
136.2	6.1581	-0.7652	5.1361	4
136.25	6.157	-1.6469	5.134	4
136.3	6.1554	-1.1803	5.1301	4
136.35	6.1542	-1.4846	5.1166	4
136.4	6.1525	-1.1794	5.1113	4
136.45	6.1516	-1.6487	5.1033	4
136.5	6.1507	-1.8267	5.1131	4
136.55	6.1481	-0.2431	5.1242	4
136.6	6.1476	-2.0728	5.1402	4
136.65	6.147	-1.9929	5.1505	4
136.7	6.1446	-0.4819	5.1423	4
136.75	6.1434	-1.3878	5.1414	4
136.8	6.1427	-1.7873	5.1363	4
136.85	6.1409	-1.0422	5.1509	4
136.9	6.1396	-1.4048	5.1422	4
136.95	6.1388	-1.8384	5.1235	4
137	6.1363	-0.6888	5.1297	4
137.05	6.1351	-1.4443	5.1142	4
137.1	6.1342	-1.9408	5.1214	4
137.15	6.1329	-1.515	5.1444	4
137.2	6.1309	-0.9177	5.129	4
137.25	6.1296	-1.2384	5.1179	4
137.3	6.1292	-2.1253	5.1333	4
137.35	6.1272	-0.8714	5.1389	4
137.4	6.126	-1.3894	5.131	4
137.45	6.125	-1.7559	5.1296	4
137.5	6.1235	-1.1579	5.1201	4
137.55	6.122	-1.0531	5.1201	4
137.6	6.1212	-2.0855	5.124	4
137.65	6.1192	-1.1497	5.124	4
137.7	6.118	-1.4943	5.1198	4
137.75	6.1168	-1.283	5.1161	4
137.8	6.1158	-1.9394	5.1331	4
137.85	6.1133	-0.995	5.1409	4
137.9	6.1121	-1.4272	5.1365	4
137.95	6.1115	-1.8431	5.1173	4
138	6.1101	-1.2125	5.1164	4
138.05	6.109	-1.5254	5.1409	4
138.1	6.1079	-1.9626	5.144	4
138.15	6.1065	-1.3866	5.1379	4
138.2	6.105	-1.4899	5.1205	4
138.25	6.1041	-1.7889	5.1219	4
138.3	6.1028	-1.6753	5.1353	4
138.35	6.101	-1.0809	5.1283	4
138.4	6.1001	-1.6856	5.1358	4
138.45	6.0991	-1.8684	5.1465	4
138.5	6.0972	-1.0579	5.1579	4
138.55	6.0964	-1.7519	5.1556	4
138.6	6.0954	-1.6531	5.1644	4
138.65	6.0941	-1.574	5.1681	4
138.7	6.0919	-0.9357	5.1587	4
138.75	6.091	-1.8132	5.1483	4
138.8	6.0898	-1.4661	5.148	4
138.85	6.0888	-1.6865	5.1464	4
138.9	6.0874	-1.2838	5.1603	4
138.95	6.0867	-1.9767	5.1713	4
139	6.0852	-1.3787	5.1647	4
139.05	6.084	-1.5037	5.1821	4
139.1	6.0826	-1.5839	5.1619	4
139.15	6.0816	-1.4897	5.1468	4
139.2	6.0809	-1.7473	5.1458	4
139.25	6.0796	-1.364	5.15	4
139.3	6.0786	-1.7349	5.1608	4
139.35	6.0775	-2.0073	5.1587	4
139.4	6.0755	-1.1455	5.168	4
139.45	6.0747	-1.9289	5.1658	4
139.5	6.0736	-1.6065	5.1591	4
139.55	6.0718	-1.0218	5.1718	4
139.6	6.0708	-1.6396	5.1882	4
139.65	6.0696	-1.7747	5.1843	4
139.7	6.0683	-1.4588	5.1656	4
139.75	6.0672	-1.5203	5.163	4
139.8	6.0661	-1.7332	5.1587	4
139.85	6.0646	-1.4977	5.1464	4
139.9	6.0631	-1.4304	5.1556	4
139.95	6.0623	-1.6319	5.1774	4
140	6.0616	-2.1465	5.1748	4
140.05	6.0589	-0.5657	5.1639	4
140.1	6.0587	-2.1396	5.1528	4
140.15	6.058	-2.1513	5.1395	4
140.2	6.0559	-0.8646	5.1463	4
140.25	6.0554	-2.007	5.1593	4
140.3	6.0541	-1.7177	5.1679	4
140.35	6.0526	-1.4169	5.1737	4
140.4	6.0514	-1.5436	5.1666	4
140.45	6.0506	-1.8208	5.1668	4
140.5	6.0494	-2.0094	5.1701	4
140.55	6.0475	-1.06	5.1782	4
140.6	6.0473	-2.4379	5.1903	4
140.65	6.0457	-1.3395	5.1795	4
140.7	6.0447	-1.6251	5.1683	4
140.75	6.0435	-1.8528	5.1625	4
140.8	6.0426	-1.7028	5.1709	4
140.85	6.0413	-1.4588	5.1719	4
140.9	6.0406	-2.0771	5.1633	4
140.95	6.039	-1.4504	5.1477	4
141	6.0378	-1.6202	5.153	4
141.05	6.0368	-1.7663	5.1535	4
141.1	6.0357	-1.9865	5.1737	4
141.15	6.0337	-0.9619	5.1799	4
141.2	6.0331	-1.8119	5.1651	4
141.25	6.0323	-1.9329	5.1524	4
141.3	6.0309	-1.4982	5.1517	4
141.35	6.0293	-1.5161	5.155	4
141.4	6.0286	-2.0725	5.1597	4
141.45	6.0272	-1.3735	5.154	4
141.5	6.0262	-1.8534	5.1375	4
141.55	6.0248	-1.2644	5.1399	4
141.6	6.024	-1.7583	5.1489	4
141.65	6.0226	-1.4427	5.1436	4
141.7	6.0212	-1.5575	5.1545	4
141.75	6.02	-1.6218	5.147	4
141.8	6.0192	-1.8609	5.1456	4
141.85	6.0174	-1.0902	5.1741	4
141.9	6.0163	-1.8102	5.1653	4
141.95	6.0148	-1.29	5.1429	4
142	6.014	-1.7594	5.1321	4
142.05	6.0125	-1.3276	5.1424	4
142.1	6.011	-1.4918	5.1472	4
142.15	6.01	-1.7888	5.1387	4
142.2	6.0086	-1.3814	5.1498	4
142.25	6.0073	-1.4996	5.1669	4
142.3	6.0062	-1.6097	5.1608	4
142.35	6.0048	-1.4292	5.1601	4
142.4	6.0038	-1.851	5.1408	4
142.45	6.0023	-1.5133	5.1168	4
142.5	6.0009	-1.2344	5.1394	4
142.55	6.0002	-1.9255	5.1419	4
142.6	5.9984	-1.4051	5.1467	4
142.65	5.9974	-1.6899	5.1515	4
142.7	5.9965	-1.7697	5.1539	4
142.75	5.995	-1.1925	5.1566	4
142.8	5.9942	-2.0345	5.1499	4
142.85	5.993	-1.7786	5.1475	4
142.9	5.9914	-1.3039	5.1558	4
142.95	5.9905	-1.8219	5.1609	4
143	5.9894	-1.6853	5.1618	4
143.05	5.9883	-1.9088	5.1596	4
143.1	5.9872	-1.5768	5.1561	4
143.15	5.9856	-1.2716	5.158	4
143.2	5.9851	-2.3791	5.1514	4
143.25	5.9836	-1.4169	5.1507	4
143.3	5.9825	-1.5168	5.1459	4
143.35	5.9818	-2.2628	5.1445	4
143.4	5.9805	-1.6113	5.1584	4
143.45	5.9786	-1.2072	5.1645	4
143.5	5.9781	-2.2758	5.1721	4
143.55	5.9768	-1.7098	5.1547	4
143.6	5.9756	-1.4447	5.1447	4
143.65	5.9749	-1.924	5.1594	4
143.7	5.9741	-1.9038	5.1442	4
143.75	5.9731	-1.9103	5.1449	4
143.8	5.9715	-1.3967	5.1684	4
143.85	5.9711	-2.2426	5.1615	4
143.9	5.9704	-2.1896	5.1562	4
143.95	5.9681	-0.859	5.1501	4
144	5.9677	-2.3825	5.1509	4
144.05	5.9672	-2.2989	5.1644	4
144.1	5.9655	-1.3377	5.174	4
144.15	5.9646	-2.0472	5.1838	4
144.2	5.9641	-2.2144	5.179	4
144.25	5.9621	-1.3563	5.1713	4
144.3	5.9616	-2.1907	5.1656	4
144.35	5.9603	-1.7849	5.1623	4
144.4	5.9594	-2.2578	5.1663	4
144.45	5.9582	-1.6048	5.1716	4
144.5	5.9575	-1.7668	5.186	4
144.55	5.9568	-2.1402	5.1937	4
144.6	5.9554	-1.6051	5.1987	4
144.65	5.9541	-1.7171	5.2065	4
144.7	5.9539	-2.414	5.2055	4
144.75	5.9523	-1.5603	5.1924	4
144.8	5.9513	-2.2003	5.1911	4
144.85	5.9499	-1.8636	5.1706	4
144.9	5.9489	-1.8057	5.1657	4
144.95	5.9478	-1.607	5.1761	4
145	5.9478	-2.6399	5.1669	4
145.05	5.946	-1.3123	5.1966	4
145.1	5.9455	-2.1716	5.2066	4
145.15	5.9444	-1.7648	5.1907	4
145.2	5.9439	-2.1989	5.1718	4
145.25	5.9426	-1.5603	5.15	4
145.3	5.9418	-2.0794	5.1524	4
145.35	5.9404	-1.8327	5.1647	4
145.4	5.9394	-1.905	5.1707	4
145.45	5.9389	-2.3216	5.1797	4
145.5	5.9374	-1.6544	5.1742	4
145.55	5.9364	-1.8675	5.1545	4
145.6	5.9358	-2.0197	5.1443	4
145.65	5.9353	-2.3574	5.1483	4
145.7	5.9335	-1.5147	5.1547	4
145.75	5.9325	-2.0304	5.1444	4
145.8	5.9319	-2.2233	5.1492	4
145.85	5.9307	-1.7893	5.15	4
145.9	5.9301	-2.384	5.1435	4
145.95	5.9291	-2.0335	5.1362	4
146	5.9284	-2.241	5.145	4
146.05	5.9272	-1.5055	5.1644	4
146.1	5.9269	-2.6781	5.1559	4
146.15	5.9256	-1.8479	5.1515	4
146.2	5.9246	-1.9886	5.1609	4
146.25	5.9244	-2.5106	5.1705	4
146.3	5.9232	-1.7944	5.171	4
146.35	5.9223	-2.1528	5.1585	4
146.4	5.922	-2.7628	5.1504	4
146.45	5.9208	-1.834	5.1718	4
146.5	5.9202	-2.3021	5.1705	4
146.55	5.9192	-1.976	5.1617	4
146.6	5.9189	-2.5201	5.1684	4
146.65	5.9178	-2.1444	5.1547	4
146.7	5.9171	-2.3961	5.1571	4
146.75	5.9165	-2.4266	5.1568	4
146.8	5.9155	-2.2268	5.1435	4
146.85	5.9149	-2.5406	5.1363	4
146.9	5.9142	-2.3044	5.1402	4
146.95	5.9135	-2.5076	5.161	4
147	5.9126	-2.4152	5.1481	4
147.05	5.9122	-2.7676	5.1391	4
147.1	5.9113	-2.1005	5.1378	4
147.15	5.9111	-2.7045	5.1099	4
147.2	5.9107	-2.7465	5.1257	4
147.25	5.9101	-2.4178	5.1385	4
147.3	5.9098	-2.7823	5.1575	4
147.35	5.9092	-2.4389	5.1816	4
147.4	5.9085	-2.5523	5.1803	4
147.45	5.9083	-3.0389	5.1709	4
147.5	5.9072	-2.2277	5.1654	4
147.55	5.9071	-2.789	5.1595	4
147.6	5.9064	-2.6827	5.1665	4
147.65	5.906	-2.793	5.1538	4
147.7	5.9056	-2.5444	5.1572	4
147.75	5.9052	-2.6127	5.1448	4
147.8	5.9045	-2.6025	5.1228	4
147.85	5.9042	-2.9766	5.1279	4
147.9	5.9032	-2.2116	5.1386	4
147.95	5.9035	-3.2351	5.1507	4
148	5.9025	-2.4065	5.1569	4
148.05	5.9019	-2.6128	5.135	4
148.1	5.9018	-2.8409	5.1304	4
148.15	5.9014	-2.9292	5.1089	4
148.2	5.9003	-2.2361	5.1028	4
148.25	5.9001	-2.9893	5.1286	4
148.3	5.9001	-3.0942	5.1396	4
148.35	5.8993	-2.3326	5.1339	4
148.4	5.8988	-2.6302	5.1318	4
148.45	5.8989	-3.1936	5.1375	4
148.5	5.8982	-2.6839	5.145	4
148.55	5.8974	-2.6067	5.1437	4
148.6	5.8972	-3.0159	5.1533	4
148.65	5.8967	-2.9024	5.1578	4
148.7	5.8957	-2.2924	5.1643	4
148.75	5.8959	-3.2449	5.1701	4
148.8	5.8952	-2.6521	5.155	4
148.85	5.8945	-2.437	5.1449	4
148.9	5.8944	-2.9873	5.1487	4
148.95	5.8944	-3.0381	5.1468	4
149	5.8932	-2.412	5.1385	4
149.05	5.8931	-2.8231	5.1375	4
149.1	5.8928	-2.9943	5.1447	4
149.15	5.8919	-2.2457	5.1362	4
149.2	5.8915	-2.7374	5.1364	4
149.25	5.8911	-2.6359	5.1474	4
149.3	5.8913	-3.3278	5.1388	4
149.35	5.8905	-2.1815	5.1371	4
149.4	5.8897	-2.4383	5.1648	4
149.45	5.8901	-3.4929	5.1476	4
149.5	5.8888	-2.1589	5.1293	4
149.55	5.8886	-2.5508	5.1361	5
149.6	5.8884	-2.9849	5.1444	5
149.65	5.888	-2.8233	5.1581	5
149.7	5.8869	-2.1873	5.1441	5
149.75	5.8872	-3.1266	5.1282	5
149.8	5.8881	-2.7891	5.1489	5
149.85	5.8921	-2.6106	5.1594	5
149.9	5.8991	-2.363	5.1551	5
149.95	5.9106	-3.4055	5.1435	5
150	5.9238	-2.3212	5.1286	5
150.05	5.9411	-2.7778	5.1393	5
150.1	5.9609	-2.684	5.1516	5
150.15	5.9843	-3.0373	5.1502	5
150.2	6.01	-2.4611	5.1553	5
150.25	6.0394	-2.7837	5.1566	5
150.3	6.0716	-2.9628	5.144	5
150.35	6.1065	-2.6578	5.138	5
150.4	6.1447	-2.3213	5.1454	5
150.45	6.1875	-3.4455	5.1374	5
150.5	6.2315	-2.4051	5.136	5
150.55	6.2793	-2.7026	5.136	5
150.6	6.3302	-3.3003	5.1262	5
150.65	6.383	-2.6732	5.1307	5
150.7	6.4396	-2.5587	5.1284	5
150.75	6.4992	-2.7309	5.14	5
150.8	6.5617	-2.9581	5.1483	5
150.85	6.6268	-2.518	5.1358	5
150.9	6.6954	-2.7656	5.1392	5
150.95	6.7669	-2.9425	5.1395	5
151	6.8411	-2.8761	5.1341	5
151.05	6.9181	-2.4041	5.1291	5
151.1	6.999	-3.0508	5.1389	5
151.15	7.0817	-2.7135	5.1498	5
151.2	7.1674	-2.6107	5.1488	5
151.25	7.256	-2.4315	5.1598	6
151.3	7.3484	-3.2121	5.1638	6
151.35	7.4424	-2.4637	5.1528	6
151.4	7.5404	-2.7013	5.1503	6
151.45	7.641	-2.7019	5.1401	6
151.5	7.7429	-2.5218	5.143	6
151.55	7.8447	-2.4267	5.1391	6
151.6	7.9458	-2.6642	5.1267	6
151.65	8.0536	-2.9662	5.121	6
151.7	8.2336	-1.6161	5.1231	6
151.75	8.5194	-2.4579	5.1192	6
151.8	8.8312	-2.6333	5.1291	6
151.85	9.1387	-1.9805	5.12	6
151.9	9.4421	-2.0535	5.1137	6
151.95	9.7396	-1.8805	5.1274	6
152	10.0317	-2.1975	5.1455	6
152.05	10.3177	-2.1132	5.1626	6
152.1	10.5972	-1.7529	5.1548	6
152.15	10.8708	-1.8225	5.1413	6
152.2	11.1382	-1.5069	5.1249	6
152.25	11.4006	-2.1886	5.142	6
152.3	11.6547	-1.38	5.1442	6
152.35	11.9036	-1.869	5.1417	6
152.4	12.1468	-1.3223	5.1564	6
152.45	12.3849	-1.7232	5.1565	6
152.5	12.6164	-1.8127	5.1533	6
152.55	12.8414	-1.2084	5.1634	6
152.6	13.0614	-1.1825	5.1579	6
152.65	13.2758	-1.4224	5.1379	6
152.7	13.4849	-1.6126	5.1548	6
152.75	13.6879	-0.9134	5.1585	6
152.8	13.8861	-1.5582	5.1552	6
152.85	14.0782	-1.1569	5.1477	6
152.9	14.2657	-1.4192	5.1341	6
152.95	14.4471	-0.8896	5.1227	6
153	14.6246	-2.019	5.1219	6
153.05	14.7955	-0.6085	5.1399	6
153.1	14.9634	-1.0718	5.1361	6
153.15	15.1265	-1.6563	5.1281	6
153.2	15.2835	-0.9355	5.138	6
153.25	15.436	-0.5444	5.1355	6
153.3	15.585	-1.4212	5.1432	6
153.35	15.7288	-0.6228	5.1515	6
153.4	15.8691	-0.7198	5.1606	6
153.45	16.006	-1.5613	5.1573	6
153.5	16.1373	-0.3618	5.1358	6
153.55	16.2654	-0.6764	5.1487	6
153.6	16.39	-1.4436	5.154	6
153.65	16.51	-0.8062	5.1322	6
153.7	16.6268	-0.7908	5.1268	6
153.75	16.7401	-0.6373	5.1369	6
153.8	16.8504	-0.8993	5.1493	6
153.85	16.9566	-0.3629	5.1495	6
153.9	17.0599	-0.6202	5.1401	6
153.95	17.1598	-0.7645	5.1342	6
154	17.2563	-0.338	5.1293	6
154.05	17.3503	-0.2384	5.1322	6
154.1	17.4418	-0.6497	5.1451	6
154.15	17.53	-0.66	5.1329	6
154.2	17.6144	0.3239	5.1278	6
154.25	17.6977	-0.7556	5.129	6
154.3	17.7773	-0.2121	5.1242	6
154.35	17.8544	0.3547	5.1491	6
154.4	17.9297	-0.0592	5.1601	6
154.45	18.0024	-0.1759	5.1547	6
154.5	18.0722	0.207	5.1469	6
154.55	18.1399	0.6772	5.1449	6
154.6	18.2063	-0.1981	5.1471	6
154.65	18.2693	0.675	5.1166	6
154.7	18.3315	0.1741	5.123	6
154.75	18.3904	1.1085	5.1409	6
154.8	18.4488	0.4572	5.121	6
154.85	18.5038	1.0927	5.118	6
154.9	18.5583	0.6674	5.116	6
154.95	18.6103	1.0865	5.1086	6
155	18.6608	1.2008	5.1216	6
155.05	18.7096	1.3023	5.1218	6
155.1	18.757	0.8847	5.1329	6
155.15	18.8018	2.1467	5.1302	6
155.2	18.8465	1.5688	5.1234	6
155.25	18.8891	1.5393	5.1221	6
155.3	18.9299	1.997	5.1225	6
155.35	18.97	1.8343	5.1209	6
155.4	19.0087	2.0522	5.1142	6
155.45	19.046	2.3202	5.1152	6
155.5	19.0822	2.4012	5.1308	6
155.55	19.1175	2.0143	5.1109	6
155.6	19.1506	2.6358	5.1046	6
155.65	19.1829	2.8255	5.1071	6
155.7	19.2145	2.4785	5.1119	6
155.75	19.2449	2.5759	5.1389	6
155.8	19.2732	3.1653	5.1274	6
155.85	19.3017	2.5118	5.1055	6
155.9	19.3287	3.2218	5.1174	6
155.95	19.3553	3.5067	5.1213	6
156	19.3816	2.9162	5.1356	6
156.05	19.4058	3.3602	5.133	6
156.1	19.4298	3.51	5.1189	6
156.15	19.453	3.8393	5.1125	6
156.2	19.4762	2.9245	5.1288	6
156.25	19.4969	4.0828	5.1357	6
156.3	19.5177	4.0633	5.1293	6
156.35	19.5387	3.1207	5.1209	6
156.4	19.5575	4.0499	5.127	6
156.45	19.5761	4.4999	5.1206	6
156.5	19.5955	3.2337	5.1272	6
156.55	19.6124	4.2992	5.1274	6
156.6	19.6295	4.3828	5.1275	6
156.65	19.646	4.2895	5.1375	6
156.7	19.6624	3.5554	5.1308	6
156.75	19.6768	4.8552	5.1196	6
156.8	19.6922	4.2528	5.1457	6
156.85	19.7066	3.839	5.151	6
156.9	19.7194	4.8804	5.1534	6
156.95	19.7333	4.3392	5.1547	6
157	19.7463	4.1184	5.1463	6
157.05	19.7585	4.4886	5.1386	6
157.1	19.7703	4.6334	5.1275	6
157.15	19.782	4.345	5.1337	6
157.2	19.7933	4.5236	5.1411	6
157.25	19.804	4.5772	5.1365	6
157.3	19.8146	4.0379	5.1408	6
157.35	19.8243	4.4881	5.134	6
157.4	19.8339	4.8938	5.1316	6
157.45	19.844	4.1407	5.1337	6
157.5	19.853	4.3637	5.1422	6
157.55	19.8614	4.7692	5.1426	6
157.6	19.8699	4.4679	5.119	6
157.65	19.8779	4.4299	5.1223	6
157.7	19.8859	4.4277	5.1336	6
157.75	19.8936	4.3749	5.1269	6
157.8	19.9006	4.4968	5.1449	6
157.85	19.9074	4.8942	5.14	6
157.9	19.9146	4.4275	5.1244	6
157.95	19.9206	4.5737	5.1186	6
158	19.9268	4.6709	5.1113	6
158.05	19.9327	4.9794	5.1093	6
158.1	19.9387	4.661	5.1013	6
158.15	19.9442	4.7816	5.1062	6
158.2	19.9492	5.1566	5.1103	6
158.25	19.9549	4.6715	5.1198	6
158.3	19.9601	4.8119	5.1241	6
158.35	19.9646	5.2908	5.1141	6
158.4	19.9695	4.8783	5.1142	6
158.45	19.9734	5.3429	5.125	6
158.5	19.978	4.8886	5.1141	6
158.55	19.9819	5.1587	5.1227	6
158.6	19.9858	5.1661	5.1307	6
158.65	19.9898	5.0988	5.1288	6
158.7	19.9935	5.1574	5.1219	6
158.75	19.9969	5.5631	5.1313	6
158.8	20.0009	4.9454	5.1391	6
158.85	20.0042	5.0988	5.1431	6
158.9	20.0073	5.2142	5.147	6
158.95	20.0103	5.5428	5.1564	6
159	20.0137	4.8174	5.1593	6
159.05	20.0166	4.9617	5.1628	6
159.1	20.0187	5.7252	5.1618	6
159.15	20.0215	5.2486	5.1514	6
159.2	20.0245	5.0902	5.1536	6
159.25	20.026	5.5986	5.1596	6
159.3	20.0286	5.4219	5.1617	6
159.35	20.0316	5.254	5.1546	6
159.4	20.0333	5.4529	5.1421	6
159.45	20.0347	5.4098	5.152	6
159.5	20.0368	5.2283	5.1626	6
159.55	20.0395	5.3483	5.1566	6
159.6	20.0414	5.7421	5.1509	6
159.65	20.0434	5.224	5.1608	6
159.7	20.045	5.2472	5.1681	6
159.75	20.0459	5.8902	5.1443	6
159.8	20.0473	5.6807	5.1379	6
159.85	20.0495	4.7048	5.1338	6
159.9	20.0502	5.8773	5.1414	6
159.95	20.0516	5.8062	5.1508	6
160	20.0531	5.2011	5.1356	6
160.05	20.0538	5.6416	5.1195	6
160.1	20.0549	5.8881	5.1224	6
160.15	20.0566	5.2647	5.1171	6
160.2	20.0576	5.4813	5.1413	6
160.25	20.0584	5.9371	5.141	6
160.3	20.0598	5.5977	5.1044	6
160.35	20.0614	5.442	5.1008	6
160.4	20.0623	5.8396	5.1189	6
160.45	20.0634	5.8121	5.1076	6
160.5	20.0639	5.691	5.1185	6
160.55	20.0639	5.8064	5.1314	6
160.6	20.0648	5.6093	5.1197	6
160.65	20.0657	5.8216	5.1183	6
160.7	20.0667	5.7507	5.1312	6
160.75	20.0677	5.5582	5.1194	6
160.8	20.0677	6.1627	5.1176	6
160.85	20.0681	5.5458	5.1336	6
160.9	20.0685	5.7443	5.1374	6
160.95	20.0694	6.0553	5.1387	6
161	20.0707	5.4257	5.1226	6
161.05	20.0701	5.9902	5.1167	6
161.1	20.0702	5.6333	5.1194	6
161.15	20.0711	5.6213	5.1068	6
161.2	20.0716	6.2282	5.1014	6
161.25	20.0729	5.4122	5.1207	6
161.3	20.0729	5.004	5.1357	6
161.35	20.0719	6.5699	5.1447	6
161.4	20.0735	5.5935	5.1476	6
161.45	20.0744	5.068	5.1485	6
161.5	20.0728	6.3329	5.1506	6
161.55	20.0732	6.0416	5.1453	6
161.6	20.075	4.7325	5.1426	6
161.65	20.074	6.0759	5.1468	6
161.7	20.0735	6.2642	5.1431	6
161.75	20.0754	4.7627	5.1346	6
161.8	20.0753	5.4648	5.1274	6
161.85	20.0745	6.4148	5.1419	6
161.9	20.0754	5.1523	5.1509	6
161.95	20.0759	5.2181	5.1454	6
162	20.0751	6.5087	5.1414	6
162.05	20.0753	5.7283	5.1357	6
162.1	20.0766	4.7309	5.1462	6
162.15	20.076	6.3246	5.1434	6
162.2	20.0759	6.0656	5.1319	6
162.25	20.0768	4.5696	5.1367	6
162.3	20.076	6.3154	5.1341	6
162.35	20.0764	5.9722	5.1376	6
162.4	20.0768	4.9855	5.139	6
162.45	20.0762	6.089	5.1168	6
162.5	20.0771	5.5473	5.1258	6
162.55	20.0765	5.5235	5.1324	6
162.6	20.0763	5.6991	5.1308	6
162.65	20.0767	5.9327	5.1365	6
162.7	20.0766	5.7243	5.1336	6
162.75	20.0765	5.177	5.1364	6
162.8	20.0761	6.2031	5.1286	6
162.85	20.0771	5.2312	5.1368	6
162.9	20.0761	5.3273	5.1253	6
162.95	20.0751	6.4417	5.1213	6
163	20.0766	5.5343	5.1304	6
163.05	20.0767	4.994	5.1191	6
163.1	20.0754	6.2115	5.1049	6
163.15	20.0765	5.5134	5.1079	6
163.2	20.0767	5.4684	5.1101	6
163.25	20.0759	5.7343	5.1105	6
163.3	20.0756	6.1559	5.1259	6
163.35	20.0769	5.2125	5.1139	6
163.4	20.0759	5.7037	5.1073	6
163.45	20.0751	6.2838	5.1195	6
163.5	20.0764	4.9868	5.1225	6
163.55	20.076	5.4932	5.1081	6
163.6	20.0747	6.2811	5.1097	6
163.65	20.0757	5.1657	5.1143	6
163.7	20.0758	5.7146	5.1074	6
163.75	20.0755	5.7885	5.1064	6
163.8	20.0751	5.7149	5.0899	6
163.85	20.0756	5.353	5.099	6
163.9	20.0756	5.515	5.1055	6
163.95	20.0748	5.7874	5.1029	6
164	20.0746	5.4585	5.1107	6
164.05	20.0745	5.8283	5.1199	6
164.1	20.0749	5.1694	5.1132	6
164.15	20.074	5.7461	5.1213	6
164.2	20.0741	5.8101	5.118	6
164.25	20.0744	5.6875	5.1172	6
164.3	20.0743	5.1746	5.1125	6
164.35	20.0733	5.8893	5.1158	6
164.4	20.0739	5.5577	5.1304	6
164.45	20.0742	5.5082	5.1219	6
164.5	20.0736	5.5274	5.1172	6
164.55	20.0731	5.8988	5.1357	6
164.6	20.0741	5.3214	5.1387	6
164.65	20.0742	5.426	5.1345	6
164.7	20.0731	5.9377	5.1358	6
164.75	20.0733	5.6014	5.1322	6
164.8	20.0741	5.033	5.1443	6
164.85	20.0735	5.8149	5.146	6
164.9	20.0733	5.4147	5.1563	6
164.95	20.0733	5.5781	5.1519	6
165	20.0739	5.5254	5.1463	6
165.05	20.0739	5.2891	5.1484	6
165.1	20.0728	5.3895	5.1368	6
165.15	20.0725	5.6242	5.1243	6
165.2	20.0731	5.5109	5.1251	6
165.25	20.0733	4.991	5.1346	6
165.3	20.0721	5.4763	5.1611	6
165.35	20.0721	5.6823	5.1431	6
165.4	20.0728	5.2753	5.1278	6
165.45	20.0727	5.2608	5.1349	6
165.5	20.0719	5.4063	5.1374	6
165.55	20.072	5.255	5.1473	6
165.6	20.0722	5.542	5.1345	6
165.65	20.0723	5.5893	5.1273	6
165.7	20.0716	5.4731	5.1294	6
165.75	20.0718	5.2062	5.1304	6
165.8	20.0721	5.5193	5.1421	6
165.85	20.0721	5.5806	5.1394	6
165.9	20.0715	5.4162	5.1448	6
165.95	20.0709	5.6941	5.1521	6
166	20.0718	4.9812	5.1421	6
166.05	20.0712	5.9753	5.1582	6
166.1	20.0711	5.4325	5.1619	6
166.15	20.0708	5.15	5.1431	6
166.2	20.0707	5.5972	5.1343	6
166.25	20.071	5.5171	5.1326	6
166.3	20.071	5.5036	5.1301	6
166.35	20.0704	5.2542	5.1294	6
166.4	20.0699	5.3966	5.1294	6
166.45	20.0698	5.8147	5.1387	6
166.5	20.0708	4.8089	5.1362	6
166.55	20.0698	5.5166	5.1324	6
166.6	20.069	5.8153	5.1278	6
166.65	20.07	4.6584	5.1256	6
166.7	20.0699	5.3971	5.1171	6
166.75	20.0696	5.9509	5.1265	6
166.8	20.0695	5.1662	5.1286	6
166.85	20.0691	5.0851	5.1187	6
166.9	20.0689	5.5964	5.1225	6
166.95	20.0693	5.3205	5.1187	6
167	20.0695	5.3214	5.1131	6
167.05	20.0688	5.3664	5.1171	6
167.1	20.0682	5.3125	5.1314	6
167.15	20.0685	5.0483	5.1234	6
167.2	20.0686	5.3541	5.1264	6
167.25	20.0687	5.5694	5.1255	6
167.3	20.0688	4.6905	5.1208	6
167.35	20.0677	5.4361	5.1271	6
167.4	20.0683	5.119	5.12	6
167.45	20.0689	4.9891	5.1127	6
167.5	20.0689	5.279	5.1163	6
167.55	20.0684	5.1827	5.1277	6
167.6	20.0678	5.0431	5.1502	6
167.65	20.068	4.8623	5.1407	6
167.7	20.068	5.2135	5.1299	6
167.75	20.0685	4.9897	5.1265	6
167.8	20.068	4.9422	5.1169	6
167.85	20.0667	5.312	5.1334	6
167.9	20.0674	4.655	5.1502	6
167.95	20.0674	5.0261	5.1396	6
168	20.0675	5.1253	5.1305	6
168.05	20.0676	5.1219	5.1286	6
168.1	20.0675	4.6035	5.1244	6
168.15	20.0667	5.3177	5.1262	6
168.2	20.0675	4.544	5.1076	6
168.25	20.067	5.188	5.1038	6
168.3	20.0672	5.3784	5.1104	6
168.35	20.0677	4.3873	5.1109	6
168.4	20.0666	4.8263	5.1049	6
168.45	20.0662	5.4759	5.1167	6
168.5	20.0672	4.5562	5.1212	6
168.55	20.0671	5.056	5.1056	6
168.6	20.0675	5.1029	5.1027	6
168.65	20.0669	5.1739	5.119	6
168.7	20.0664	4.9765	5.1131	6
168.75	20.0666	5.0068	5.1231	6
168.8	20.0664	5.5483	5.1231	6
168.85	20.0674	4.6192	5.1181	6
168.9	20.067	5.1234	5.1157	6
168.95	20.0659	5.1368	5.1118	6
169	20.0656	4.9211	5.1121	6
169.05	20.066	5.0352	5.1115	6
169.1	20.0662	5.177	5.1026	6
169.15	20.0664	5.2232	5.0998	6
169.2	20.0665	5.0315	5.1246	6
169.25	20.0655	5.0691	5.1359	6
169.3	20.065	5.4035	5.1077	6
169.35	20.0658	4.861	5.0995	6
169.4	20.0658	5.2366	5.1051	6
169.45	20.0659	5.3726	5.1104	6
169.5	20.0661	5.2332	5.1171	6
169.55	20.0655	4.9809	5.1088	6
169.6	20.0645	5.2864	5.1104	6
169.65	20.0644	5.3961	5.1297	6
169.7	20.0651	4.8391	5.1197	6
169.75	20.0649	5.3988	5.1146	6
169.8	20.0654	5.0051	5.1105	6
169.85	20.0651	5.3063	5.1109	6
169.9	20.0644	5.237	5.1382	6
169.95	20.0641	5.0243	5.1325	6
170	20.0639	5.5205	5.1284	6
170.05	20.0647	4.9183	5.1284	6
170.1	20.0645	5.4139	5.1239	6
170.15	20.0645	5.4552	5.1249	6
170.2	20.0644	5.1192	5.1104	6
170.25	20.0634	5.0493	5.1173	6
170.3	20.0631	5.2574	5.1238	6
170.35	20.0633	5.1946	5.1223	6
170.4	20.0634	5.3117	5.1293	6
170.45	20.0641	4.8656	5.1162	6
170.5	20.0641	5.3883	5.118	6
170.55	20.0641	5.4083	5.1373	6
170.6	20.0637	4.9675	5.1218	6
170.65	20.0632	4.8329	5.11	6
170.7	20.0626	5.5856	5.1127	6
170.75	20.0635	4.7594	5.1082	6
170.8	20.0636	5.2167	5.1175	6
170.85	20.064	5.0923	5.1117	6
170.9	20.0641	5.1491	5.1117	6
170.95	20.0637	4.8074	5.1235	6
171	20.0623	5.2955	5.1261	6
171.05	20.0626	5.024	5.1431	6
171.1	20.0625	5.3683	5.1383	6
171.15	20.0636	4.2229	5.1229	6
171.2	20.0629	5.4952	5.1145	6
171.25	20.0636	5.2034	5.1118	6
171.3	20.0638	5.0057	5.114	6
171.35	20.0628	5.0153	5.0942	6
171.4	20.0621	5.1346	5.0948	6
171.45	20.0628	4.6197	5.101	6
171.5	20.0624	5.2004	5.0874	6
171.55	20.0627	4.9154	5.0924	6
171.6	20.0635	4.282	5.1088	6
171.65	20.0628	5.4106	5.1189	6
171.7	20.0632	4.8285	5.1186	6
171.75	20.0623	4.7348	5.1048	6
171.8	20.0614	4.9383	5.1113	6
171.85	20.0618	4.6307	5.1171	6
171.9	20.0618	4.7964	5.1113	6
171.95	20.062	4.9609	5.1123	6
172	20.0625	4.5519	5.1168	6
172.05	20.0625	4.7213	5.0982	6
172.1	20.0629	4.5758	5.1074	6
172.15	20.0623	5.2436	5.1225	6
172.2	20.0623	4.1401	5.1129	6
172.25	20.0615	4.8771	5.1138	6
172.3	20.0615	4.7837	5.1311	6
172.35	20.0617	4.7575	5.1305	6
172.4	20.0624	4.0735	5.1286	6
172.45	20.0615	5.2785	5.1349	6
172.5	20.0623	4.233	5.1257	6
172.55	20.0623	4.5251	5.1232	6
172.6	20.0611	5.3425	5.1268	6
172.65	20.0612	4.1654	5.1363	6
172.7	20.0611	4.1869	5.1399	6
172.75	20.0603	5.3543	5.1308	6
172.8	20.0617	3.9696	5.1203	6
172.85	20.0617	4.4858	5.1197	6
172.9	20.0615	5.043	5.1177	6
172.95	20.0623	4.0936	5.1229	6
173	20.0621	4.4399	5.1132	6
173.05	20.0611	5.1096	5.0999	6
173.1	20.0609	4.2081	5.1119	6
173.15	20.0608	4.1712	5.1265	6
173.2	20.0604	4.8557	5.1371	6
173.25	20.0608	4.6671	5.1484	6
173.3	20.0615	4.1852	5.1425	6
173.35	20.0613	4.8106	5.1343	6
173.4	20.0614	4.8903	5.1164	6
173.45	20.062	4.1026	5.1274	6
173.5	20.0614	4.7482	5.142	6
173.55	20.0605	4.6272	5.131	6
173.6	20.0603	4.3414	5.1394	6
173.65	20.0602	4.7008	5.1352	6
173.7	20.0604	4.577	5.1206	6
173.75	20.0605	4.4721	5.1231	6
173.8	20.0603	4.7848	5.1288	6
173.85	20.0607	4.6961	5.1309	6
173.9	20.0611	4.5955	5.1321	6
173.95	20.0615	4.3915	5.131	6
174	20.0614	4.7172	5.1339	6
174.05	20.0608	4.7401	5.1347	6
174.1	20.0602	4.7406	5.1433	6
174.15	20.0605	4.5705	5.1433	6
174.2	20.061	4.3692	5.1461	6
174.25	20.0608	4.9131	5.1405	6
174.3	20.0613	4.3784	5.1362	6
174.35	20.0611	4.6475	5.1468	6
174.4	20.0613	4.8233	5.1416	6
174.45	20.0621	4.2497	5.137	6
174.5	20.0613	4.8224	5.1313	6
174.55	20.0605	4.5421	5.1105	6
174.6	20.0606	4.3507	5.1153	6
174.65	20.0605	4.6626	5.1205	6
174.7	20.0606	4.6094	5.1216	6
174.75	20.0607	4.7539	5.1293	6
174.8	20.0613	4.1609	5.1281	6
174.85	20.061	4.7253	5.1314	6
174.9	20.0614	4.6111	5.1427	6
174.95	20.0618	4.3563	5.1419	6
175	20.0611	4.5778	5.165	6
175.05	20.0601	4.7975	5.1544	6
175.1	20.0606	4.1182	5.1372	6
175.15	20.0606	4.5229	5.1292	6
175.2	20.0605	4.9274	5.1098	6
175.25	20.0611	4.3056	5.1171	6
175.3	20.0611	4.3592	5.1226	6
175.35	20.0607	5.0343	5.1169	6
175.4	20.0614	4.2974	5.1265	6
175.45	20.0613	4.4454	5.1268	6
175.5	20.0602	4.8049	5.1287	6
175.55	20.0597	4.4235	5.138	6
175.6	20.0596	4.7091	5.1385	6
175.65	20.0598	4.7687	5.1292	6
175.7	20.0603	4.5315	5.1249	6
175.75	20.0599	4.8879	5.1181	6
175.8	20.0601	4.8639	5.1154	6
175.85	20.0604	4.5906	5.1169	6
175.9	20.0605	4.3202	5.1129	6
175.95	20.0602	4.8947	5.1035	6
176	20.0602	5.068	5.1075	6
176.05	20.06	4.4714	5.1088	6
176.1	20.0592	4.6114	5.099	6
176.15	20.0591	4.8947	5.1126	6
176.2	20.0594	4.8473	5.1248	6
176.25	20.0598	4.6114	5.1259	6
176.3	20.0595	4.8903	5.1208	6
176.35	20.0596	4.7772	5.106	6
176.4	20.06	4.5044	5.1013	6
176.45	20.0596	5.3732	5.1012	6
176.5	20.0605	4.6238	5.1016	6
176.55	20.0608	4.4933	5.109	6
176.6	20.0596	5.0364	5.1184	6
176.65	20.059	4.844	5.1296	6
176.7	20.0591	4.7235	5.1243	6
176.75	20.059	5.1279	5.1305	6
176.8	20.0596	4.6397	5.1473	6
176.85	20.0596	4.8776	5.1404	6
176.9	20.0597	4.8802	5.1217	6
176.95	20.0595	5.2784	5.1127	6
177	20.0604	4.2818	5.1014	6
177.05	20.0602	4.7977	5.1164	6
177.1	20.06	5.3207	5.1135	6
177.15	20.0604	4.7535	5.0975	6
177.2	20.0596	4.6859	5.1141	6
177.25	20.059	5.056	5.125	6
177.3	20.0595	4.5228	5.1347	6
177.35	20.059	5.2744	5.1312	6
177.4	20.0596	4.6528	5.107	6
177.45	20.0594	5.1711	5.1012	6
177.5	20.06	4.6207	5.0991	6
177.55	20.0597	5.3551	5.1312	6
177.6	20.0605	4.5733	5.1466	6
177.65	20.0602	4.9964	5.1315	6
177.7	20.0602	5.0737	5.1338	6
177.75	20.0595	4.8996	5.1226	6
177.8	20.0586	4.6147	5.1189	6
177.85	20.0578	5.5046	5.1243	6
177.9	20.0587	4.5716	5.1256	6
177.95	20.0587	4.8053	5.1229	6
178	20.0583	5.3444	5.1179	6
178.05	20.0587	4.8806	5.1018	6
178.1	20.0588	4.7814	5.0924	6
178.15	20.0584	5.3681	5.0972	6
178.2	20.059	4.8504	5.0971	6
178.25	20.059	5.1134	5.1115	6
178.3	20.0594	4.689	5.1107	6
178.35	20.0589	5.6252	5.1053	6
178.4	20.0591	4.8637	5.1113	6
178.45	20.0581	4.9766	5.116	6
178.5	20.0578	5.2627	5.1225	6
178.55	20.0581	5.2283	5.1193	6
178.6	20.0586	4.8526	5.108	6
178.65	20.0583	5.3226	5.1019	6
178.7	20.0588	4.7444	5.0972	6
178.75	20.0583	5.4614	5.1055	6
178.8	20.0588	4.8696	5.1032	6
178.85	20.0585	5.4246	5.1176	6
178.9	20.0593	4.5327	5.1215	6
178.95	20.0587	5.4457	5.0867	6
179	20.0592	5.1198	5.0687	6
179.05	20.0591	4.9163	5.0853	6
179.1	20.0581	5.1647	5.1085	6
179.15	20.0575	5.0704	5.1135	6
179.2	20.0576	4.9638	5.122	6
179.25	20.0575	5.1466	5.1136	6
179.3	20.0578	5.1094	5.111	6
179.35	20.0579	5.0975	5.107	6
179.4	20.0582	4.8968	5.1097	6
179.45	20.0583	4.9586	5.1176	6
179.5	20.0582	5.536	5.1092	6
179.55	20.059	4.6192	5.1166	6
179.6	20.0586	5.2679	5.1313	6
179.65	20.0588	5.1903	5.1235	6
179.7	20.0591	5.0007	5.1233	6
179.75	20.0597	4.561	5.107	6
179.8	20.0583	5.4507	5.0907	6
179.85	20.0578	4.8226	5.1122	6
179.9	20.0575	5.0551	5.1244	6
179.95	20.0579	4.9801	5.121	6
180	20.0578	5.2671	5.1102	6
180.05	20.0584	4.6605	5.0866	6
180.1	20.0581	5.0407	5.0958	6
180.15	20.0581	5.0965	5.1027	6
180.2	20.0582	4.9009	5.097	6
180.25	20.0583	4.8379	5.1131	6
180.3	20.0581	5.4598	5.1225	6
180.35	20.0591	4.537	5.1224	6
180.4	20.0587	5.0749	5.1223	6
180.45	20.0586	5.0699	5.1288	6
180.5	20.0583	5.1621	5.1205	6
180.55	20.0577	4.5364	5.1172	6
180.6	20.0567	5.3081	5.1366	6
180.65	20.057	5.1708	5.123	6
180.7	20.0572	4.9614	5.1087	6
180.75	20.0575	4.7566	5.1109	6
180.8	20.0572	5.1465	5.1173	6
180.85	20.0572	5.2275	5.1224	6
180.9	20.0577	5.0377	5.1227	6
180.95	20.058	4.8057	5.1188	6
181	20.0578	5.2944	5.1144	6
181.05	20.0585	4.5437	5.1059	6
181.1	20.0584	4.9957	5.1326	6
181.15	20.0579	5.6175	5.1426	6
181.2	20.0586	4.5768	5.1294	6
181.25	20.0587	4.5812	5.1387	6
181.3	20.058	5.0478	5.1409	6
181.35	20.0569	5.1612	5.1358	6
181.4	20.0568	4.8733	5.1416	6
181.45	20.0574	4.3367	5.1508	6
181.5	20.057	5.1845	5.1602	6
181.55	20.0573	5.0063	5.1475	6
181.6	20.0581	4.3105	5.1435	6
181.65	20.0575	5.1142	5.1435	6
181.7	20.0575	5.1086	5.1415	6
181.75	20.0582	4.2612	5.1473	6
181.8	20.0579	4.7458	5.1482	6
181.85	20.0575	5.298	5.144	6
181.9	20.0584	4.4547	5.1501	6
181.95	20.0585	4.7137	5.1448	6
182	20.0588	4.4344	5.1391	6
182.05	20.0582	5.4238	5.1407	6
182.1	20.0584	4.2604	5.1462	6
182.15	20.057	4.7459	5.1414	6
182.2	20.0571	4.8946	5.1315	6
182.25	20.0576	4.5276	5.1469	6
182.3	20.0572	4.872	5.1453	6
182.35	20.0578	4.2984	5.1344	6
182.4	20.0573	5.2087	5.1426	6
182.45	20.0583	4.1154	5.1365	6
182.5	20.0575	5.012	5.1168	6
182.55	20.0579	4.703	5.1239	6
182.6	20.0585	4.2727	5.1368	6
182.65	20.0583	4.7292	5.1417	6
182.7	20.0586	4.755	5.1381	6
182.75	20.0592	4.2027	5.1332	6
182.8	20.0582	5.383	5.1487	6
182.85	20.0583	4.5192	5.1462	6
182.9	20.0576	4.0241	5.1432	6
182.95	20.0566	5.1375	5.1363	6
183	20.0573	4.3673	5.1598	6
183.05	20.0572	4.5849	5.1612	6
183.1	20.0569	4.7895	5.1475	6
183.15	20.0574	4.2875	5.1605	6
183.2	20.0573	4.742	5.1472	6
183.25	20.0576	4.4078	5.1424	6
183.3	20.0572	5.0546	5.1626	6
183.35	20.0577	4.651	5.1646	6
183.4	20.0582	4.1703	5.148	6
183.45	20.0576	4.9896	5.1561	6
183.5	20.058	4.5246	5.1644	6
183.55	20.0583	4.3081	5.1556	6
183.6	20.0576	5.4644	5.1469	6
183.65	20.0582	4.0585	5.1349	6
183.7	20.0564	4.7217	5.1284	6
183.75	20.0558	4.9793	5.1379	6
183.8	20.0564	4.3781	5.1311	6
183.85	20.0561	4.7793	5.1396	6
183.9	20.0565	4.3484	5.161	6
183.95	20.0561	4.9921	5.1727	6
184	20.0567	4.3432	5.1624	6
184.05	20.0564	4.8654	5.1485	6
184.1	20.0569	4.3463	5.1486	6
184.15	20.0566	5.0019	5.1558	6
184.2	20.0572	4.3414	5.1627	6
184.25	20.0572	4.5294	5.1642	6
184.3	20.057	4.7384	5.1653	6
184.35	20.0569	4.894	5.1731	6
184.4	20.0575	4.3176	5.1697	6
184.45	20.057	5.0412	5.1684	6
184.5	20.0577	4.4113	5.1758	6
184.55	20.0573	4.8807	5.1872	6
184.6	20.0575	4.6875	5.1821	6
184.65	20.0565	4.9993	5.1656	6
184.7	20.0564	4.2879	5.1698	6
184.75	20.0559	4.9464	5.1809	6
184.8	20.0561	4.6688	5.1712	6
184.85	20.0557	5.2946	5.1799	6
184.9	20.0569	4.0374	5.1812	6
184.95	20.0563	4.9698	5.1805	6
185	20.0563	5.1462	5.1838	6
185.05	20.0569	4.69	5.1901	6
185.1	20.0571	4.648	5.1932	6
185.15	20.057	4.8348	5.1817	6
185.2	20.0568	5.0717	5.1705	6
185.25	20.0573	4.5233	5.1748	6
185.3	20.0573	4.7707	5.1915	6
185.35	20.057	5.2617	5.2025	6
185.4	20.0574	4.8017	5.2032	6
185.45	20.0579	4.1748	5.1955	6
185.5	20.0569	5.4216	5.1867	6
185.55	20.0573	4.8738	5.1793	6
185.6	20.0566	5.1286	5.1661	6
185.65	20.0565	4.0842	5.1662	6
185.7	20.0556	5.1943	5.1825	6
185.75	20.0559	5.1087	5.1924	6
185.8	20.0564	4.6493	5.1836	6
185.85	20.0568	4.3118	5.1806	6
185.9	20.0561	5.321	5.1588	6
185.95	20.0568	4.8366	5.1672	6
186	20.0572	4.3425	5.18	6
186.05	20.0566	4.9747	5.1742	6
186.1	20.0565	4.9897	5.1905	6
186.15	20.057	4.5354	5.1698	6
186.2	20.0571	4.7772	5.1585	6
186.25	20.0573	5.0017	5.1602	6
186.3	20.0578	4.5558	5.1551	6
186.35	20.0575	5.0151	5.1702	6
186.4	20.0574	5.1539	5.1568	6
186.45	20.058	4.3473	5.1436	6
186.5	20.0577	4.7351	5.1634	6
186.55	20.0568	5.1948	5.1639	6
186.6	20.0566	4.716	5.1565	6
186.65	20.0565	4.8634	5.161	6
186.7	20.0572	4.2235	5.1574	6
186.75	20.056	5.7977	5.156	6
186.8	20.0573	4.1429	5.1619	6
186.85	20.0568	4.725	5.1631	6
186.9	20.0563	5.4246	5.1688	6
186.95	20.0567	4.865	5.165	6
187	20.0575	3.8632	5.1561	6
187.05	20.0563	5.4967	5.1512	6
187.1	20.0566	5.3225	5.1595	6
187.15	20.0577	4.0884	5.1644	6
187.2	20.0573	4.7945	5.1747	6
187.25	20.0565	5.6767	5.1588	6
187.3	20.0574	4.7228	5.1482	6
187.35	20.0581	4.1648	5.1563	6
187.4	20.0571	5.5239	5.1576	6
187.45	20.0576	5.0106	5.169	6
187.5	20.0571	4.4022	5.2043	6
187.55	20.0558	5.2082	5.2083	6
187.6	20.0556	5.316	5.1881	6
187.65	20.0566	4.1803	5.1879	6
187.7	20.0556	5.4845	5.1943	6
187.75	20.056	4.9828	5.1923	6
187.8	20.0567	4.2714	5.1716	6
187.85	20.0558	5.579	5.1628	6
187.9	20.0561	5.3203	5.1692	6
187.95	20.0571	4.0905	5.1601	6
188	20.0562	5.1769	5.1505	6
188.05	20.0561	5.4647	5.1545	6
188.1	20.0568	4.8186	5.1575	6
188.15	20.0575	4.0987	5.1569	6
188.2	20.0565	5.4183	5.1556	6
188.25	20.0562	5.6799	5.1722	6
188.3	20.0577	3.9375	5.1814	6
188.35	20.057	5.0944	5.1706	6
188.4	20.0568	5.435	5.1801	6
188.45	20.0575	4.4972	5.1742	6
188.5	20.0565	4.7347	5.1691	6
188.55	20.0556	5.1589	5.1654	6
188.6	20.0562	4.2846	5.1542	6
188.65	20.056	4.784	5.1533	6
188.7	20.0557	5.4511	5.1527	6
188.75	20.0565	4.3258	5.1624	6
188.8	20.0566	4.1301	5.1533	6
188.85	20.0556	5.6394	5.1526	6
188.9	20.0565	4.6842	5.1712	6
188.95	20.0566	4.4841	5.1618	6
189	20.0568	4.3609	5.1668	6
189.05	20.0563	5.1447	5.1909	6
189.1	20.0572	4.374	5.1783	6
189.15	20.0569	4.6206	5.1614	6
189.2	20.0566	4.7836	5.1474	6
189.25	20.0572	4.1951	5.1583	6
189.3	20.0572	4.6857	5.1582	6
189.35	20.057	5.1024	5.1647	6
189.4	20.0579	4.2653	5.186	6
189.45	20.0577	4.2902	5.1776	6
189.5	20.0565	4.8983	5.1682	6
189.55	20.0557	4.7361	5.1774	6
189.6	20.0557	4.285	5.1622	6
189.65	20.0554	4.6439	5.156	6
189.7	20.0552	5.105	5.1529	6
189.75	20.0562	3.838	5.1388	6
189.8	20.0554	4.9178	5.1529	6
189.85	20.0554	4.9428	5.1675	6
189.9	20.0559	4.4354	5.1777	6
189.95	20.056	4.3241	5.1786	6
190	20.0553	5.2426	5.1616	6
190.05	20.0563	4.128	5.1508	6
190.1	20.0559	4.7227	5.1515	6
190.15	20.0557	5.1116	5.1421	6
190.2	20.0562	4.7722	5.1371	6
190.25	20.057	3.9275	5.1469	6
190.3	20.0562	5.1515	5.1534	6
190.35	20.0566	4.8365	5.1513	6
190.4	20.0573	3.966	5.1275	6
190.45	20.0572	4.3366	5.1287	6
190.5	20.0567	5.2465	5.1344	6
190.55	20.0576	4.1517	5.1386	6
190.6	20.0573	3.9811	5.1382	6
190.65	20.056	4.9775	5.1431	6
190.7	20.0559	4.5184	5.1547	6
190.75	20.0561	3.8906	5.1527	6
190.8	20.0551	5.2032	5.1513	6
190.85	20.0561	4.0651	5.148	6
190.9	20.0562	4.077	5.154	6
190.95	20.0554	5.3626	5.1597	6
191	20.0566	3.8023	5.1509	6
191.05	20.056	4.5612	5.1385	6
191.1	20.0563	4.1538	5.1499	6
191.15	20.0554	5.4731	5.1647	6
191.2	20.0573	3.5281	5.158	6
191.25	20.0567	4.3241	5.1531	6
191.3	20.056	5.2361	5.1468	6
191.35	20.057	4.2008	5.1528	6
191.4	20.0574	3.7861	5.1548	6
191.45	20.0561	5.186	5.1417	6
191.5	20.0576	3.7062	5.14	6
191.55	20.0571	4.679	5.1471	6
191.6	20.0577	4.0072	5.151	6
191.65	20.0571	4.8032	5.1361	6
191.7	20.0571	3.7219	5.1441	6
191.75	20.0552	4.7395	5.1465	6
191.8	20.0551	4.6846	5.1488	6
191.85	20.0557	3.9469	5.1486	6
191.9	20.0553	4.6093	5.1513	6
191.95	20.0555	4.8382	5.167	6
192	20.0562	4.0673	5.1666	6
192.05	20.0559	4.4375	5.1522	6
192.1	20.0556	4.8227	5.1456	6
192.15	20.0558	4.7191	5.1382	6
192.2	20.0566	3.809	5.1421	6
192.25	20.0559	4.8632	5.1422	6
192.3	20.0557	5.122	5.1439	6
192.35	20.0571	3.6324	5.1458	6
192.4	20.0559	5.0939	5.1544	6
192.45	20.0564	4.4544	5.1674	6
192.5	20.0561	4.719	5.1632	6
192.55	20.0564	4.2922	5.1489	6
192.6	20.056	4.8301	5.1564	6
192.65	20.0564	4.4677	5.1472	6
192.7	20.0562	4.7003	5.1361	6
192.75	20.0565	4.4995	5.1339	6
192.8	20.0564	5.0706	5.1319	6
192.85	20.0565	4.353	5.1307	6
192.9	20.0549	4.8045	5.1361	6
192.95	20.055	4.6834	5.1577	6
193	20.0552	4.4804	5.1458	6
193.05	20.0552	4.5343	5.1277	6
193.1	20.0551	4.7914	5.1375	6
193.15	20.0553	4.5459	5.1514	6
193.2	20.0554	4.6071	5.1603	6
193.25	20.0553	4.7987	5.1578	6
193.3	20.0554	4.8321	5.1358	6
193.35	20.0558	4.3205	5.1401	6
193.4	20.0555	4.9466	5.1619	6
193.45	20.0555	5.1392	5.167	6
193.5	20.0563	4.3469	5.1518	6
193.55	20.0561	4.6565	5.128	6
193.6	20.0559	5.1573	5.1392	6
193.65	20.0561	5.0186	5.1643	6
193.7	20.0565	4.5831	5.1635	6
193.75	20.0562	5.0049	5.1589	6
193.8	20.0562	5.1013	5.1519	6
193.85	20.0566	4.7471	5.1593	6
193.9	20.0566	4.777	5.1604	6
193.95	20.0564	5.1712	5.1521	6
194	20.0569	4.8243	5.154	6
194.05	20.0568	4.8314	5.1607	6
194.1	20.0558	4.9155	5.1492	6
194.15	20.0549	4.8449	5.1484	6
194.2	20.0548	4.9479	5.1624	6
194.25	20.0549	4.7682	5.1598	6
194.3	20.0548	5.1168	5.1531	6
194.35	20.0554	4.5056	5.1618	6
194.4	20.0551	5.0103	5.1506	6
194.45	20.0554	4.9857	5.1547	6
194.5	20.0558	4.5339	5.1672	6
194.55	20.0558	4.5574	5.1877	6
194.6	20.055	5.563	5.1913	6
194.65	20.0559	4.3942	5.1758	6
194.7	20.0558	4.5639	5.1634	6
194.75	20.0556	4.877	5.1692	6
194.8	20.0555	4.9857	5.1882	6
194.85	20.0561	4.3225	5.1725	6
194.9	20.056	4.7355	5.1643	6
194.95	20.0559	4.9985	5.167	6
195	20.0564	4.256	5.1712	6
195.05	20.0563	4.5993	5.1818	6
195.1	20.0562	4.8929	5.1878	6
195.15	20.0568	4.3944	5.1837	6
195.2	20.057	4.1571	5.1796	6
195.25	20.0563	5.0332	5.1854	6
195.3	20.0572	4.0236	5.1841	6
195.35	20.0567	4.4344	5.1673	6
195.4	20.0554	4.7207	5.1485	6
195.45	20.0548	4.5876	5.1373	6
195.5	20.0557	3.5438	5.1577	6
195.55	20.0546	4.9335	5.1681	6
195.6	20.055	4.5856	5.1497	6
195.65	20.0556	3.8969	5.1447	6
195.7	20.0558	3.9064	5.1509	6
195.75	20.055	5.2304	5.1669	6
195.8	20.0561	3.9198	5.1581	6
195.85	20.0562	3.983	5.1363	6
195.9	20.056	4.5357	5.1525	6
195.95	20.056	4.6171	5.1716	6
196	20.0567	3.7682	5.1467	6
196.05	20.0561	4.6469	5.1535	6
196.1	20.0566	4.1015	5.1659	6
196.15	20.0561	4.4204	5.1568	6
196.2	20.0562	4.235	5.1469	6
196.25	20.0564	4.101	5.1525	6
196.3	20.0564	4.3621	5.1503	6
196.35	20.0562	4.7589	5.158	6
196.4	20.0571	3.6542	5.1699	6
196.45	20.0564	4.5794	5.1647	6
196.5	20.057	4.0708	5.1627	6
196.55	20.0564	4.1836	5.1634	6
196.6	20.055	4.4112	5.1533	6
196.65	20.055	3.7486	5.1538	6
196.7	20.0546	4.2974	5.1503	6
196.75	20.0546	4.2805	5.1374	6
196.8	20.0548	4.0223	5.1431	6
196.85	20.0552	3.7057	5.1522	6
196.9	20.0549	4.1657	5.1451	6
196.95	20.055	4.1302	5.1513	6
197	20.0552	3.8044	5.1609	6
197.05	20.0551	4.0283	5.1572	6
197.1	20.0552	3.9246	5.134	6
197.15	20.0552	4.2904	5.1436	6
197.2	20.0561	3.453	5.1724	6
197.25	20.0558	3.8921	5.1699	6
197.3	20.0554	4.5757	5.1549	6
197.35	20.0563	3.3705	5.1527	6
197.4	20.0559	3.7524	5.1445	6
197.45	20.0552	4.6253	5.146	6
197.5	20.0565	3.0759	5.1536	6
197.55	20.0558	4.0964	5.1646	6
197.6	20.0558	4.2677	5.1549	6
197.65	20.0565	3.542	5.1591	6
197.7	20.0562	4.0539	5.1481	6
197.75	20.0565	3.5965	5.1432	6
197.8	20.0561	4.0933	5.1612	6
197.85	20.0562	3.9497	5.1739	6
197.9	20.0562	3.5514	5.1567	6
197.95	20.0542	4.5883	5.1609	6
198	20.0547	3.4835	5.154	6
198.05	20.0543	4.1758	5.1515	6
198.1	20.0546	3.9679	5.1738	6
198.15	20.0549	3.811	5.1767	6
198.2	20.0548	3.7767	5.1719	6
198.25	20.0544	4.3283	5.1724	6
198.3	20.0548	4.1684	5.1655	6
198.35	20.0552	3.6477	5.1624	6
198.4	20.055	3.9534	5.1621	6
198.45	20.0547	4.5405	5.1794	6
198.5	20.0554	3.8193	5.183	6
198.55	20.0558	3.6434	5.1688	6
198.6	20.0551	4.5533	5.182	6
198.65	20.0552	4.2519	5.1841	6
198.7	20.056	3.4146	5.1773	6
198.75	20.0554	4.2068	5.1556	6
198.8	20.0552	4.5362	5.156	6
198.85	20.0564	3.1168	5.1779	6
198.9	20.0557	4.1885	5.1871	6
198.95	20.0554	4.3722	5.1908	6
199	20.056	3.7075	5.1798	6
199.05	20.0563	3.499	5.1775	6
199.1	20.0557	4.1985	5.1953	6
199.15	20.056	3.9904	5.1901	6
199.2	20.0565	3.7391	5.1817	6
199.25	20.0565	3.6154	5.1798	6
199.3	20.0559	4.3473	5.1825	6
199.35	20.0561	3.2183	5.1744	6
199.4	20.0546	4.1813	5.1643	6
199.45	20.0541	4.1694	5.1629	6
199.5	20.0548	2.8	5.1724	6
199.55	20.0541	3.7329	5.1657	6
199.6	20.0537	4.3281	5.1787	6
199.65	20.0554	2.5066	5.1774	6
199.7	20.0546	3.532	5.1529	6
199.75	20.0537	4.5426	5.1529	6
199.8	20.0548	3.0306	5.1558	6
199.85	20.055	2.8028	5.1587	6
199.9	20.0538	4.52	5.1572	6
199.95	20.0549	3.2588	5.1538	6
200	20.0551	2.9168	5.1639	6
200.05	20.0543	4.0443	5.163	6
200.1	20.0547	3.6841	5.1607	6
200.15	20.0552	3.2045	5.1698	6
200.2	20.0551	3.545	5.1638	6
200.25	20.0551	3.7721	5.1575	6
200.3	20.0557	3.1257	5.1482	6
200.35	20.0554	3.4211	5.1565	6
200.4	20.0551	3.7042	5.1633	6
200.45	20.0556	3.2521	5.1651	6
200.5	20.0554	3.7435	5.1687	6
200.55	20.0556	3.4715	5.1518	6
200.6	20.056	3.2838	5.148	6
200.65	20.0555	3.7814	5.1589	6
200.7	20.0556	3.4468	5.1636	6
200.75	20.056	3.228	5.1571	6
200.8	20.0561	3.5786	5.1466	6
200.85	20.0565	3.2998	5.1536	6
200.9	20.0558	4.125	5.1718	6
200.95	20.0564	2.8992	5.1591	6
201	20.0549	3.4541	5.1419	6
201.05	20.0543	3.6838	5.1499	6
201.1	20.0546	3.2811	5.1788	6
201.15	20.0544	3.8425	5.1833	6
201.2	20.055	3.1043	5.1545	6
201.25	20.0548	3.2615	5.1801	6
201.3	20.0542	4.0466	5.1856	6
201.35	20.0556	2.5297	5.1818	6
201.4	20.0545	3.9445	5.183	6
201.45	20.0549	3.179	5.1849	6
201.5	20.0548	3.3541	5.1984	6
201.55	20.0546	3.7475	5.1939	6
201.6	20.0551	3.184	5.1754	6
201.65	20.0553	3.0527	5.1812	6
201.7	20.0551	3.4727	5.1871	6
201.75	20.0553	3.2325	5.1734	6
201.8	20.0557	2.7781	5.1678	6
201.85	20.0553	3.5369	5.1534	6
201.9	20.0559	2.9684	5.1596	6
201.95	20.0557	3.3188	5.1638	6
202	20.0562	2.8839	5.1635	6
202.05	20.0564	2.5856	5.1668	6
202.1	20.055	4.0152	5.1459	6
202.15	20.0563	2.5107	5.1596	6
202.2	20.0564	2.7707	5.1653	6
202.25	20.0559	3.3227	5.165	6
202.3	20.0562	2.9679	5.1614	6
202.35	20.0564	3.0898	5.1633	6
202.4	20.0564	2.5354	5.1723	6
202.45	20.055	3.6152	5.161	6
202.5	20.055	2.8625	5.1618	6
202.55	20.0548	2.3499	5.1821	6
202.6	20.0541	3.3552	5.1819	6
202.65	20.0543	3.1173	5.1809	6
202.7	20.0545	2.7034	5.1899	6
202.75	20.0541	3.4281	5.1874	6
202.8	20.0546	2.8822	5.1793	6
202.85	20.0547	2.8889	5.1822	6
202.9	20.0543	3.4074	5.1941	6
202.95	20.0545	3.2353	5.1885	6
203	20.0552	2.3657	5.1721	6
203.05	20.0541	3.6442	5.1619	6
203.1	20.0542	3.5036	5.1575	6
203.15	20.0547	2.8352	5.1631	6
203.2	20.0546	2.9657	5.1647	6
203.25	20.0543	3.4959	5.1736	6
203.3	20.0542	3.8819	5.1732	6
203.35	20.0556	2.205	5.1758	6
203.4	20.0547	3.5644	5.1774	6
203.45	20.0543	4.1032	5.1865	6
203.5	20.0556	2.4307	5.1993	6
203.55	20.0552	2.9909	5.1922	6
203.6	20.0542	4.2316	5.1836	6
203.65	20.0552	3.0925	5.1755	6
203.7	20.0552	3.0391	5.175	6
203.75	20.0551	3.2636	5.1686	6
203.8	20.0547	3.7559	5.169	6
203.85	20.0552	3.2041	5.1752	6
203.9	20.0552	3.2227	5.1832	6
203.95	20.055	3.8402	5.1914	6
204	20.0556	3.2684	5.177	6
204.05	20.0556	3.3492	5.1693	6
204.1	20.0552	3.8371	5.1728	6
204.15	20.0559	2.9498	5.1739	6
204.2	20.0556	3.5595	5.1825	6
204.25	20.0552	3.8611	5.1736	6
204.3	20.0547	2.96	5.1713	6
204.35	20.0536	3.7853	5.1917	6
204.4	20.0537	3.5745	5.188	6
204.45	20.054	3.5372	5.1771	6
204.5	20.0545	3.1113	5.1814	6
204.55	20.0541	3.4722	5.1881	6
204.6	20.0535	4.1909	5.1882	6
204.65	20.0547	3.0076	5.183	6
204.7	20.0549	3.0473	5.1835	6
204.75	20.0542	3.8715	5.1729	6
204.8	20.0538	4.35	5.1783	6
204.85	20.0551	2.7413	5.1826	6
204.9	20.0546	3.6425	5.1729	6
204.95	20.0543	3.9837	5.1631	6
205	20.0546	3.5561	5.1738	6
205.05	20.0548	3.3151	5.185	6
205.1	20.055	3.3665	5.1866	6
205.15	20.0547	4.0797	5.1836	6
205.2	20.0548	3.9447	5.1931	6
205.25	20.0554	3.0578	5.1825	6
205.3	20.0551	3.7773	5.1696	6
205.35	20.0552	3.8418	5.1742	6
205.4	20.0553	3.809	5.1765	6
205.45	20.0556	3.2025	5.1845	6
205.5	20.0553	3.761	5.1863	6
205.55	20.0551	4.2855	5.1996	6
205.6	20.0561	3.3126	5.2258	6
205.65	20.0557	3.654	5.2265	6
205.7	20.0552	4.1349	5.2024	6
205.75	20.0557	3.7788	5.2037	6
205.8	20.056	3.3461	5.2052	6
205.85	20.0554	4.089	5.2043	6
205.9	20.0558	4.0541	5.199	6
205.95	20.0563	3.2122	5.1998	6
206	20.055	3.9612	5.2074	6
206.05	20.0549	3.6935	5.2024	6
206.1	20.0541	4.0417	5.2124	6
206.15	20.0547	3.2691	5.208	6
206.2	20.0543	4.0258	5.1989	6
206.25	20.0548	3.4272	5.2105	6
206.3	20.0543	3.7201	5.2086	6
206.35	20.0542	3.8996	5.2088	6
206.4	20.0546	3.504	5.2104	6
206.45	20.0543	3.9045	5.1815	6
206.5	20.0547	3.425	5.1815	6
206.55	20.0544	3.9105	5.1805	6
206.6	20.0548	3.5744	5.1991	6
206.65	20.055	3.7163	5.2234	6
206.7	20.0552	3.3414	5.2059	6
206.75	20.0546	3.9031	5.1696	6
206.8	20.0547	3.8133	5.1655	6
206.85	20.055	3.5822	5.1836	6
206.9	20.0555	3.0721	5.1779	6
206.95	20.0549	4.0181	5.1791	6
207	20.0555	3.3416	5.1782	6
207.05	20.055	3.7819	5.1417	6
207.1	20.0556	3.1684	5.1381	6
207.15	20.0552	3.6768	5.1605	6
207.2	20.0553	3.6566	5.1794	6
207.25	20.0554	3.3662	5.1791	6
207.3	20.0557	3.2108	5.1688	6
207.35	20.0555	3.6706	5.1652	6
207.4	20.0555	3.7645	5.1708	6
207.45	20.0563	2.8554	5.1523	6
207.5	20.0556	3.5296	5.1479	6
207.55	20.0553	3.7548	5.136	6
207.6	20.0559	2.903	5.1389	6
207.65	20.0552	3.4626	5.161	6
207.7	20.0547	3.5127	5.1542	6
207.75	20.0542	2.9847	5.1337	6
207.8	20.0537	3.497	5.1279	6
207.85	20.0539	3.373	5.1548	6
207.9	20.0539	3.418	5.1571	6
207.95	20.0543	3.0142	5.16	6
208	20.0538	3.6472	5.1751	6
208.05	20.0543	3.0901	5.1777	6
208.1	20.0548	2.8146	5.1714	6
208.15	20.0543	3.584	5.1518	6
208.2	20.0544	3.4285	5.142	6
208.25	20.0548	2.7674	5.1417	6
208.3	20.0546	3.1439	5.1374	6
208.35	20.0542	3.8806	5.147	6
208.4	20.0553	2.5741	5.1546	6
208.45	20.0548	3.1126	5.1459	6
208.5	20.0542	3.9234	5.149	6
208.55	20.0552	2.7471	5.1595	6
208.6	20.0548	3.1576	5.1498	6
208.65	20.0546	3.3906	5.1755	6
208.7	20.0545	3.4973	5.1909	6
208.75	20.0554	2.841	5.1729	6
208.8	20.0549	3.6661	5.1582	6
208.85	20.0551	3.3872	5.1481	6
208.9	20.0559	2.4935	5.1519	6
208.95	20.055	3.6152	5.1635	6
209	20.055	3.8579	5.1655	6
209.05	20.0559	2.762	5.1775	6
209.1	20.0553	3.4239	5.1596	6
209.15	20.0552	3.4891	5.1392	6
209.2	20.0555	3.3405	5.1517	6
209.25	20.0558	3.0271	5.1556	6
209.3	20.0555	3.6296	5.16	6
209.35	20.0555	3.6606	5.1542	6
209.4	20.056	2.7796	5.1537	6
209.45	20.0551	3.8385	5.1608	6
209.5	20.0545	3.4297	5.1627	6
209.55	20.054	3.042	5.1514	6
209.6	20.0535	3.1952	5.156	6
209.65	20.0529	3.8456	5.1706	6
209.7	20.0533	3.4333	5.1533	6
209.75	20.054	2.9364	5.1323	6
209.8	20.0534	4.0242	5.1288	6
209.85	20.0539	3.4302	5.1468	6
209.9	20.054	3.0568	5.1454	6
209.95	20.0533	3.9483	5.136	6
210	20.0539	3.2437	5.1379	6
210.05	20.0537	3.5163	5.1463	6
210.1	20.0538	3.609	5.1607	6
210.15	20.0543	3.1251	5.1653	6
210.2	20.0538	3.7793	5.1661	6
210.25	20.0542	3.5447	5.1578	6
210.3	20.0542	3.6285	5.1439	6
210.35	20.0541	3.5167	5.1379	6
210.4	20.0543	3.3854	5.1476	6
210.45	20.054	3.9726	5.1593	6
210.5	20.0545	3.5117	5.1427	6
210.55	20.0549	3.1919	5.14	6
210.6	20.0542	3.8291	5.1453	6
210.65	20.0542	3.8027	5.1359	6
210.7	20.0547	3.3299	5.141	6
210.75	20.0544	3.7245	5.1424	6
210.8	20.0545	3.6849	5.1318	6
210.85	20.0546	3.6377	5.1491	6
210.9	20.0546	3.6832	5.1513	6
210.95	20.055	3.3983	5.1397	6
211	20.0544	4.2685	5.1573	6
211.05	20.0553	3.1663	5.1771	6
211.1	20.0548	4.0645	5.171	6
211.15	20.0552	3.5679	5.1521	6
211.2	20.0549	4.0743	5.1694	6
211.25	20.0554	3.5742	5.1672	6
211.3	20.0551	3.8408	5.1719	6
211.35	20.0552	3.5687	5.1732	6
211.4	20.0549	4.0791	5.1683	6
211.45	20.0553	3.6691	5.1702	6
211.5	20.0551	3.886	5.164	6
211.55	20.0552	3.7451	5.1544	6
211.6	20.0549	3.8777	5.1572	6
211.65	20.055	3.7513	5.139	6
211.7	20.0548	3.6516	5.1429	6
211.75	20.0541	3.9126	5.1513	6
211.8	20.0534	3.9591	5.151	6
211.85	20.0533	3.7382	5.1398	6
211.9	20.0535	3.7449	5.1463	6
211.95	20.0537	3.7084	5.1706	6
212	20.053	4.6103	5.177	6
212.05	20.0544	3.0103	5.1615	6
212.1	20.0536	3.8175	5.157	6
212.15	20.0533	4.1479	5.1684	6
212.2	20.0538	3.698	5.1748	6
212.25	20.0541	3.37	5.1526	6
212.3	20.0533	4.4584	5.1408	6
212.35	20.0542	3.3637	5.1557	6
212.4	20.0539	3.8365	5.1589	6
212.45	20.0539	3.9626	5.1502	6
212.5	20.0542	3.6181	5.1397	6
212.55	20.0542	3.5724	5.1409	6
212.6	20.0535	4.4414	5.1433	6
212.65	20.0543	3.6784	5.1558	6
212.7	20.0545	3.6799	5.1607	6
212.75	20.0544	3.8701	5.1599	6
212.8	20.0543	3.929	5.1516	6
212.85	20.0543	3.915	5.1598	6
212.9	20.0545	3.8974	5.1649	6
212.95	20.0549	3.5899	5.1757	6
213	20.0546	4.0688	5.1881	6
213.05	20.0546	3.9887	5.1728	6
213.1	20.055	3.5108	5.1601	6
213.15	20.0547	3.8335	5.1716	6
213.2	20.0548	3.7878	5.1577	6
213.25	20.0549	3.7853	5.158	6
213.3	20.0549	3.7184	5.1706	6
213.35	20.055	3.7054	5.1592	6
213.4	20.0551	3.64	5.1632	6
213.45	20.055	3.6794	5.1757	6
213.5	20.0553	3.3841	5.1814	6
213.55	20.0552	3.8683	5.1811	6
213.6	20.0561	3.0893	5.1823	6
213.65	20.0552	4.2574	5.162	6
213.7	20.0558	3.3668	5.1384	6
213.75	20.0561	3.2474	5.1636	6
213.8	20.0557	3.9452	5.1716	6
213.85	20.0559	3.439	5.1615	6
213.9	20.0552	2.9594	5.1686	6
213.95	20.0533	4.2501	5.1663	6
214	20.0542	3.169	5.17	6
214.05	20.054	3.443	5.1628	6
214.1	20.0543	3.2838	5.1465	6
214.15	20.0539	3.7921	5.1589	6
214.2	20.0541	3.4944	5.1591	6
214.25	20.0544	3.1445	5.1601	6
214.3	20.0539	3.7472	5.1654	6
214.35	20.054	3.8281	5.1604	6
214.4	20.0547	3.0013	5.1669	6
214.45	20.0542	3.4747	5.1622	6
214.5	20.0537	3.8066	5.1642	6
214.55	20.054	3.4133	5.1669	6
214.6	20.0539	3.7047	5.1691	6
214.65	20.0542	3.4777	5.1793	6
214.7	20.0544	3.6663	5.17	6
214.75	20.0547	3.5688	5.1554	6
214.8	20.0547	3.3123	5.1746	6
214.85	20.054	3.8656	5.168	6
214.9	20.0542	3.7209	5.1741	6
214.95	20.0545	3.4304	5.1855	6
215	20.0542	4.0608	5.1799	6
215.05	20.0553	3.1253	5.1825	6
215.1	20.0545	4.109	5.1765	6
215.15	20.0544	3.9454	5.1814	6
215.2	20.0548	3.4114	5.1729	6
215.25	20.0543	3.8125	5.1506	6
215.3	20.0542	4.2208	5.1522	6
215.35	20.0553	3.2955	5.1476	6
215.4	20.055	3.7271	5.1628	6
215.45	20.054	4.6355	5.1543	6
215.5	20.0551	3.3594	5.136	6
215.55	20.0553	3.2373	5.1366	6
215.6	20.0545	4.5996	5.141	6
215.65	20.0555	3.4589	5.1669	6
215.7	20.055	3.9867	5.1635	6
215.75	20.0551	3.7978	5.1358	6
215.8	20.055	4.1238	5.1313	6
215.85	20.0554	3.805	5.1415	6
215.9	20.0552	3.9242	5.1474	6
215.95	20.0549	4.1881	5.1499	6
216	20.0543	3.9345	5.1435	6
216.05	20.0541	3.7794	5.147	6
216.1	20.0533	4.4173	5.1539	6
216.15	20.054	3.4794	5.1562	6
216.2	20.0529	4.7719	5.1646	6
216.25	20.0542	3.2833	5.1638	6
216.3	20.0534	4.4339	5.1638	6
216.35	20.0536	4.3653	5.156	6
216.4	20.0541	4.0121	5.1553	6
216.45	20.0537	4.5378	5.1628	6
216.5	20.0545	3.4297	5.1655	6
216.55	20.0541	4.3604	5.1828	6
216.6	20.0543	4.2577	5.1732	6
216.65	20.0541	4.2695	5.1645	6
216.7	20.0547	3.6204	5.1759	6
216.75	20.0537	4.9212	5.1543	6
216.8	20.0547	3.5125	5.1301	6
216.85	20.0539	4.5008	5.1402	6
216.9	20.0542	4.1717	5.1377	6
216.95	20.0546	3.8628	5.1301	6
217	20.0544	3.997	5.1285	6
217.05	20.0536	4.7579	5.1363	6
217.1	20.0544	3.9044	5.1371	6
217.15	20.0545	3.8056	5.128	6
217.2	20.0544	4.0072	5.1558	6
217.25	20.0536	4.9404	5.1567	6
217.3	20.0549	3.282	5.1305	6
217.35	20.0548	3.5462	5.1468	6
217.4	20.0535	5.1349	5.1656	6
217.45	20.0551	3.4563	5.1652	6
217.5	20.0549	3.8455	5.1513	6
217.55	20.0543	4.4196	5.1521	6
217.6	20.0544	4.4494	5.1502	6
217.65	20.0559	2.677	5.149	6
217.7	20.054	5.1425	5.1498	6
217.75	20.0547	3.9145	5.1331	6
217.8	20.0549	3.4422	5.1394	6
217.85	20.0546	3.8455	5.159	6
217.9	20.0535	5.3792	5.1585	6
217.95	20.0559	2.5398	5.1674	6
218	20.0544	4.4967	5.1782	6
218.05	20.0546	4.2662	5.1736	6
218.1	20.0547	4.3397	5.1715	6
218.15	20.0557	3.0081	5.1783	6
218.2	20.0541	5.0074	5.179	6
218.25	20.0548	4.1924	5.1676	6
218.3	20.0549	3.3541	5.17	6
218.35	20.0536	4.2821	5.187	6
218.4	20.0532	4.6363	5.1854	6
218.45	20.0546	2.9714	5.19	6
218.5	20.0527	4.6037	5.191	6
218.55	20.053	3.9628	5.1761	6
218.6	20.053	3.9533	5.1674	6
218.65	20.053	3.8845	5.1547	6
218.7	20.0529	4.0954	5.1562	6
218.75	20.0531	4.1361	5.17	6
218.8	20.0537	3.5026	5.1754	6
218.85	20.0527	4.6839	5.1693	6
218.9	20.0533	3.9766	5.1466	6
218.95	20.0534	3.8389	5.1475	6
219	20.0532	3.9748	5.1424	6
219.05	20.0525	5.1536	5.1399	6
219.1	20.0542	3.3394	5.1625	6
219.15	20.0538	3.8501	5.173	6
219.2	20.0529	4.8899	5.1727	6
219.25	20.0536	4.0736	5.1734	6
219.3	20.054	3.5867	5.153	6
219.35	20.0528	5.0128	5.1363	6
219.4	20.0536	4.0749	5.161	6
219.45	20.0532	4.5253	5.1633	6
219.5	20.054	3.5507	5.1537	6
219.55	20.0533	4.6826	5.1538	6
219.6	20.054	3.8455	5.1474	6
219.65	20.0534	4.5044	5.1507	6
219.7	20.0541	3.766	5.1504	6
219.75	20.0536	4.4423	5.1583	6
219.8	20.0542	3.7814	5.1449	6
219.85	20.0536	4.5418	5.147	6
219.9	20.054	3.9437	5.1619	6
219.95	20.054	3.9529	5.169	6
220	20.0541	3.8609	5.1562	6
220.05	20.0536	4.7014	5.1489	6
220.1	20.0546	3.7128	5.167	6
220.15	20.0546	3.7842	5.1678	6
220.2	20.0541	4.3642	5.1457	6
220.25	20.0544	3.9724	5.1546	6
220.3	20.0547	3.8103	5.1651	6
220.35	20.0543	4.4429	5.1656	6
220.4	20.0545	3.99	5.1483	6
220.45	20.0548	3.4641	5.1446	6
220.5	20.0536	5.0131	5.1638	6
220.55	20.0549	3.5913	5.1567	6
220.6	20.0547	4.02	5.1508	6
220.65	20.0544	4.1662	5.1539	6
220.7	20.0542	4.4158	5.1588	6
220.75	20.0549	3.6068	5.1492	6
220.8	20.0545	4.1291	5.1449	6
220.85	20.0545	4.0861	5.152	6
220.9	20.0544	4.0611	5.1538	6
220.95	20.0548	3.5684	5.1572	6
221	20.0544	4.261	5.1747	6
221.05	20.0549	3.6152	5.1816	6
221.1	20.0547	3.8959	5.1697	6
221.15	20.0544	4.3309	5.1546	6
221.2	20.0549	3.7115	5.1455	6
221.25	20.0551	3.5512	5.1394	6
221.3	20.0546	4.2479	5.1564	6
221.35	20.0541	4.1311	5.1479	6
221.4	20.054	3.1315	5.1559	6
221.45	20.0527	4.5487	5.1654	6
221.5	20.0538	3.5963	5.175	6
221.55	20.0535	3.9438	5.1743	6
221.6	20.0536	3.5338	5.1687	6
221.65	20.0525	4.7237	5.1606	6
221.7	20.0537	3.2725	5.1502	6
221.75	20.0534	3.8284	5.1443	6
221.8	20.0533	4.1467	5.1672	6
221.85	20.0534	4.1427	5.1685	6
221.9	20.0541	3.1968	5.1529	6
221.95	20.0531	4.525	5.1289	6
222	20.0539	3.4317	5.1216	6
222.05	20.0533	4.1078	5.1369	6
222.1	20.0535	3.8119	5.134	6
222.15	20.0534	3.9235	5.1401	6
222.2	20.0537	3.7329	5.1381	6
222.25	20.0537	4.0235	5.1146	6
222.3	20.0539	3.7977	5.1363	6
222.35	20.0538	3.9691	5.1508	6
222.4	20.0541	3.9797	5.1616	6
222.45	20.0541	3.8242	5.1624	6
222.5	20.054	3.8033	5.154	6
222.55	20.0541	3.7425	5.1636	6
222.6	20.0541	3.7047	5.1457	6
222.65	20.0535	4.3225	5.1415	6
222.7	20.0544	3.367	5.1404	6
222.75	20.0538	4.2099	5.1376	6
222.8	20.0542	3.9323	5.1579	6
222.85	20.0548	3.4342	5.1623	6
222.9	20.0543	3.9327	5.1639	6
222.95	20.0541	4.0979	5.1828	6
223	20.0548	3.5253	5.186	6
223.05	20.0547	3.7934	5.1778	6
223.1	20.0546	3.9201	5.1657	6
223.15	20.0545	4.2125	5.1671	6
223.2	20.0549	3.6036	5.1669	6
223.25	20.0546	3.9583	5.1654	6
223.3	20.0547	3.9246	5.1724	6
223.35	20.0548	3.7854	5.1626	6
223.4	20.0546	4.1481	5.1511	6
223.45	20.0549	3.5724	5.1626	6
223.5	20.0548	3.7537	5.1662	6
223.55	20.0546	4.0469	5.166	6
223.6	20.055	3.9114	5.17	6
223.65	20.0552	3.7459	5.1674	6
223.7	20.0547	4.1645	5.1457	6
223.75	20.055	3.8073	5.1399	6
223.8	20.0552	3.8691	5.1607	6
223.85	20.0551	4.1056	5.1868	6
223.9	20.0548	4.1255	5.1814	6
223.95	20.055	3.2698	5.1647	6
224	20.0534	4.027	5.1459	6
224.05	20.0529	4.4101	5.1546	6
224.1	20.0537	3.5902	5.1747	6
224.15	20.0536	3.4797	5.1659	6
224.2	20.0527	4.5846	5.1637	6
224.25	20.0533	3.8542	5.1707	6
224.3	20.0534	3.4445	5.1709	6
224.35	20.0527	4.3399	5.1674	6
224.4	20.053	3.9804	5.1603	6
224.45	20.0536	3.3962	5.1676	6
224.5	20.053	4.3005	5.1654	6
224.55	20.0532	4.069	5.1547	6
224.6	20.0536	3.5593	5.147	6
224.65	20.0532	4.0833	5.1519	6
224.7	20.053	4.3302	5.1531	6
224.75	20.0536	3.4807	5.1473	6
224.8	20.0529	4.113	5.1516	6
224.85	20.0531	3.9302	5.1505	6
224.9	20.0533	3.7984	5.1554	6
224.95	20.053	4.1447	5.1592	6
225	20.0534	3.6957	5.1531	6
225.05	20.0529	4.596	5.152	6
225.1	20.0538	3.6295	5.1561	6
225.15	20.0537	3.902	5.1466	6
225.2	20.0531	4.4363	5.1632	6
225.25	20.0539	3.4139	5.1707	6
225.3	20.0536	3.9887	5.1633	6
225.35	20.0536	4.2277	5.1627	6
225.4	20.0541	3.5629	5.1739	6
225.45	20.0532	4.6527	5.1665	6
225.5	20.0541	3.51	5.166	6
225.55	20.0536	4.2572	5.1611	6
225.6	20.0539	4.0612	5.1687	6
225.65	20.0541	3.7455	5.1765	6
225.7	20.0539	4.0778	5.1911	6
225.75	20.054	3.9433	5.1853	6
225.8	20.054	3.8432	5.1694	6
225.85	20.0541	3.842	5.1832	6
225.9	20.054	4.1274	5.1799	6
225.95	20.054	4.1886	5.1548	6
226	20.0545	3.7886	5.1617	6
226.05	20.0549	3.4705	5.1569	6
226.1	20.0542	4.1564	5.1493	6
226.15	20.0544	4.0709	5.1573	6
226.2	20.0547	3.8444	5.1396	6
226.25	20.0549	3.2906	5.1348	6
226.3	20.0541	4.4237	5.1478	6
226.35	20.055	3.4493	5.1554	6
226.4	20.0548	3.6806	5.1544	6
226.45	20.0542	4.6026	5.172	6
226.5	20.0552	3.4581	5.1826	6
226.55	20.0551	3.4543	5.1743	6
226.6	20.0545	4.2693	5.1765	6
226.65	20.0546	4.1277	5.1602	6
226.7	20.0551	3.6101	5.1561	6
226.75	20.0553	3.6089	5.1588	6
226.8	20.0548	4.2122	5.1629	6
226.85	20.0555	3.5153	5.1727	6
226.9	20.0556	3.3672	5.1822	6
226.95	20.0547	4.0123	5.1786	6
227	20.0548	3.3746	5.1671	6
227.05	20.0545	3.2905	5.1689	6
227.1	20.0536	4.0943	5.1641	6
227.15	20.0545	2.7178	5.1517	6
227.2	20.0536	3.6441	5.1533	6
227.25	20.0535	3.7077	5.1704	6
227.3	20.0541	3.0679	5.1866	6
227.35	20.0543	3.0068	5.177	6
227.4	20.0534	4.0997	5.1864	6
227.45	20.0546	2.7019	5.1774	6
227.5	20.0535	3.998	5.1519	6
227.55	20.0544	2.864	5.1603	6
227.6	20.054	3.424	5.1628	6
227.65	20.0539	3.5076	5.1734	6
227.7	20.0539	3.6058	5.1648	6
227.75	20.0546	2.9729	5.1816	6
227.8	20.0543	3.3513	5.1849	6
227.85	20.0539	3.7473	5.1704	6
227.9	20.0542	3.2786	5.1716	6
227.95	20.0543	3.0377	5.1667	6
228	20.0539	3.6037	5.1535	6
228.05	20.054	3.486	5.1574	6
228.1	20.0543	3.2151	5.1601	6
228.15	20.0542	3.5018	5.1648	6
228.2	20.0544	3.3882	5.1747	6
228.25	20.0548	2.9368	5.1708	6
228.3	20.0546	3.7819	5.1686	6
228.35	20.0549	3.3177	5.1645	6
228.4	20.0551	3.0793	5.1915	6
228.45	20.0548	3.4622	5.1928	6
228.5	20.0548	3.4003	5.1985	6
228.55	20.0554	3.0239	5.2127	6
228.6	20.0552	3.37	5.1991	6
228.65	20.0549	3.7749	5.1922	6
228.7	20.0554	3.1573	5.2052	6
228.75	20.0554	3.1559	5.1891	6
228.8	20.0552	3.5141	5.1931	6
228.85	20.0551	3.6492	5.2151	6
228.9	20.0555	3.0681	5.2078	6
228.95	20.0555	3.1433	5.1907	6
229	20.0549	4.0261	5.1778	6
229.05	20.0555	2.9362	5.1682	6
229.1	20.0545	3.0638	5.1605	6
229.15	20.0535	3.9221	5.1717	6
229.2	20.054	3.1922	5.1715	6
229.25	20.0535	3.1585	5.1704	6
229.3	20.0529	3.5336	5.167	6
229.35	20.0533	3.4939	5.1451	6
229.4	20.0536	3.2717	5.1462	6
229.45	20.0535	3.2839	5.1774	6
229.5	20.0531	3.8702	5.1628	6
229.55	20.0539	3.0439	5.1529	6
229.6	20.0533	3.8558	5.1778	6
229.65	20.0533	3.8097	5.1755	6
229.7	20.0538	3.4006	5.1814	6
229.75	20.0536	3.5499	5.1833	6
229.8	20.0532	4.0606	5.1813	6
229.85	20.0539	3.4459	5.1867	6
229.9	20.0538	3.5452	5.1895	6
229.95	20.0537	3.7684	5.1964	6
230	20.0536	3.9638	5.1807	6
230.05	20.0539	3.4031	5.1655	6
230.1	20.0539	3.5397	5.1712	6
230.15	20.0537	3.9869	5.1726	6
230.2	20.0545	3.3997	5.1568	6
230.25	20.0544	3.486	5.16	6
230.3	20.0544	3.4473	5.1763	6
230.35	20.0541	3.5594	5.1812	6
230.4	20.0542	3.2379	5.1738	6
230.45	20.0538	3.7382	5.1597	6
230.5	20.0541	3.6693	5.1479	6
230.55	20.0543	3.6571	5.1395	6
230.6	20.0542	4.1236	5.1498	6
230.65	20.0548	3.5403	5.1783	6
230.7	20.0552	3.1543	5.1756	6
230.75	20.055	3.5127	5.1611	6
230.8	20.0549	3.8104	5.1758	6
230.85	20.0554	3.2938	5.1622	6
230.9	20.0555	2.8432	5.1361	6
230.95	20.0544	4.1968	5.1463	6
231	20.0554	3.209	5.1621	6
231.05	20.056	2.6629	5.1708	6
231.1	20.055	4.0789	5.1606	6
231.15	20.0555	3.2631	5.1678	6
231.2	20.0559	3.0693	5.1629	6
231.25	20.0556	3.6418	5.1621	6
231.3	20.056	3.3057	5.1632	6
231.35	20.0561	3.3924	5.1701	6
231.4	20.0556	3.5845	5.1578	6
231.45	20.0549	3.6008	5.1602	6
231.5	20.0545	3.0842	5.1622	6
231.55	20.0543	3.2539	5.157	6
231.6	20.0541	3.5306	5.1678	6
231.65	20.0542	3.3693	5.1693	6
231.7	20.0545	2.931	5.1573	6
231.75	20.054	3.5976	5.1578	6
231.8	20.0538	3.7746	5.1529	6
231.85	20.0544	3.1174	5.1646	6
231.9	20.0542	3.4668	5.1767	6
231.95	20.0541	3.7261	5.1794	6
232	20.0546	3.2412	5.1676	6
232.05	20.0542	3.4868	5.1592	6
232.1	20.0545	3.3911	5.149	6
232.15	20.0549	3.234	5.1399	6
232.2	20.0548	3.2099	5.1328	6
232.25	20.0545	3.5703	5.1493	6
232.3	20.0548	3.3627	5.1543	6
232.35	20.0553	2.9485	5.1605	6
232.4	20.0547	3.641	5.1627	6
232.45	20.0549	3.4297	5.158	6
232.5	20.0551	3.2502	5.1737	6
232.55	20.0547	3.7036	5.1621	6
232.6	20.0554	3.0658	5.174	6
232.65	20.055	3.6521	5.1862	6
232.7	20.0554	3.2184	5.1737	6
232.75	20.0552	3.6438	5.1665	6
232.8	20.0552	3.5942	5.1692	6
232.85	20.0554	3.4022	5.1595	6
232.9	20.0557	3.3028	5.152	6
232.95	20.0556	3.6097	5.1383	6
233	20.0555	3.6388	5.1337	6
233.05	20.0558	3.2138	5.1433	6
233.1	20.0559	3.1594	5.1499	6
233.15	20.0554	3.9433	5.1599	6
233.2	20.0557	3.26	5.1595	6
233.25	20.0542	3.5921	5.1629	6
233.3	20.0538	3.331	5.1593	6
233.35	20.0535	3.6369	5.1522	6
233.4	20.0537	3.4213	5.1608	6
233.45	20.0539	3.4923	5.1603	6
233.5	20.0543	3.1562	5.149	6
233.55	20.0536	4.0388	5.1373	6
233.6	20.0544	3.0926	5.1276	6
233.65	20.0538	3.7864	5.1365	6
233.7	20.0542	3.4549	5.1302	6
233.75	20.0539	3.6681	5.1382	6
233.8	20.0541	3.5612	5.1562	6
233.85	20.0542	3.4258	5.1424	6
233.9	20.054	3.5493	5.1184	6
233.95	20.0536	4.0807	5.1143	6
234	20.0547	2.9561	5.1413	6
234.05	20.0539	3.9154	5.1441	6
234.1	20.0542	3.5607	5.1276	6
234.15	20.0544	3.4948	5.1362	6
234.2	20.0545	3.6663	5.148	6
234.25	20.0547	3.7417	5.1523	6
234.3	20.0549	3.4549	5.1508	6
234.35	20.0547	3.4738	5.145	6
234.4	20.0545	3.6719	5.1467	6
234.45	20.0547	3.4736	5.1497	6
234.5	20.0547	3.4632	5.1389	6
234.55	20.0544	3.7237	5.1575	6
234.6	20.0547	3.5116	5.1667	6
234.65	20.0549	3.3007	5.1517	6
234.7	20.0546	3.6193	5.1568	6
234.75	20.0549	3.3385	5.1662	6
234.8	20.055	3.4774	5.1614	6
234.85	20.0549	3.5806	5.1571	6
234.9	20.0548	3.6255	5.1526	6
234.95	20.0548	3.6891	5.1527	6
235	20.055	3.3811	5.1463	6
235.05	20.055	3.4148	5.146	6
235.1	20.0548	3.7222	5.143	6
235.15	20.055	3.5729	5.1499	6
235.2	20.0552	3.5155	5.1558	6
235.25	20.0554	3.2408	5.1507	6
235.3	20.0549	3.8553	5.1453	6
235.35	20.0547	3.5084	5.1462	6
235.4	20.0545	3.2484	5.1509	6
235.45	20.0536	3.8218	5.1564	6
235.5	20.0534	3.6075	5.1379	6
235.55	20.0532	3.3879	5.1352	6
235.6	20.0534	3.2547	5.1377	6
235.65	20.0528	3.8236	5.1412	6
235.7	20.0529	3.6304	5.132	6
235.75	20.0537	2.8162	5.128	6
235.8	20.0529	3.9974	5.1449	6
235.85	20.0536	3.3616	5.1442	6
235.9	20.0538	3.1593	5.1335	6
235.95	20.0535	3.5183	5.1372	6
236	20.0533	3.679	5.1193	6
236.05	20.0536	3.1764	5.1242	6
236.1	20.0534	3.389	5.1486	6
236.15	20.0536	3.16	5.1573	6
236.2	20.0532	3.7489	5.1428	6
236.25	20.0538	2.9507	5.1325	6
236.3	20.0535	3.4475	5.1262	6
236.35	20.0535	3.4916	5.1375	6
236.4	20.0538	3.2195	5.1652	6
236.45	20.0535	3.4927	5.1677	6
236.5	20.0535	3.3923	5.1654	6
236.55	20.0536	3.1776	5.1706	6
236.6	20.0533	3.6834	5.1586	6
236.65	20.0537	3.0313	5.144	6
236.7	20.0532	3.848	5.1395	6
236.75	20.054	2.9455	5.1483	6
236.8	20.0536	3.6377	5.1334	6
236.85	20.0539	3.5434	5.127	6
236.9	20.0543	3.0485	5.1182	6
236.95	20.0539	3.3962	5.1079	6
237	20.0539	3.6123	5.119	6
237.05	20.0543	3.2214	5.1158	6
237.1	20.0543	3.3279	5.112	6
237.15	20.0543	3.4691	5.1142	6
237.2	20.054	3.6232	5.1237	6
237.25	20.0546	2.8013	5.1379	6
237.3	20.0542	3.5516	5.1399	6
237.35	20.0541	3.8411	5.1376	6
237.4	20.0548	2.9966	5.1327	6
237.45	20.0544	3.2839	5.1463	6
237.5	20.0541	3.619	5.1472	6
237.55	20.0546	3.1842	5.1254	6
237.6	20.0546	3.2286	5.1303	6
237.65	20.0545	3.5302	5.1299	6
237.7	20.0547	3.2965	5.1193	6
237.75	20.0549	3.0975	5.1172	6
237.8	20.0546	3.7805	5.1256	6
237.85	20.0551	3.1512	5.1423	6
237.9	20.0549	3.1045	5.1399	6
237.95	20.0545	3.7231	5.137	6
238	20.0547	3.6034	5.1419	6
238.05	20.0551	3.009	5.1352	6
238.1	20.055	3.1444	5.1373	6
238.15	20.0543	4.1883	5.1425	6
238.2	20.0552	3.0728	5.1318	6
238.25	20.0552	2.7533	5.1443	6
238.3	20.0535	3.5551	5.146	6
238.35	20.0529	3.8619	5.1287	6
238.4	20.0536	2.6039	5.1272	6
238.45	20.0529	2.9762	5.1279	6
238.5	20.0522	3.9371	5.1388	6
238.55	20.0529	3.1419	5.1303	6
238.6	20.0532	2.9164	5.1323	6
238.65	20.0526	3.3934	5.1348	6
238.7	20.0524	3.4817	5.1332	6
238.75	20.0527	3.1083	5.1465	6
238.8	20.0525	3.0863	5.1471	6
238.85	20.0526	3.1851	5.148	6
238.9	20.0524	3.5574	5.1447	6
238.95	20.0528	2.9958	5.1324	6
239	20.0525	3.2883	5.1412	6
239.05	20.0526	3.2899	5.1328	6
239.1	20.053	2.9731	5.1265	6
239.15	20.0524	3.5989	5.1276	6
239.2	20.053	2.7572	5.1376	6
239.25	20.0524	3.5156	5.1405	6
239.3	20.0527	3.25	5.1325	6
239.35	20.0525	3.2774	5.1307	6
239.4	20.0524	3.4246	5.1288	6
239.45	20.0527	2.9935	5.1169	6
239.5	20.0525	3.3183	5.1069	6
239.55	20.0527	3.1933	5.1065	6
239.6	20.0528	3.2254	5.1183	6
239.65	20.0529	3.1758	5.1221	6
239.7	20.0528	3.342	5.1072	6
239.75	20.0529	3.2692	5.0981	6
239.8	20.053	3.2989	5.1097	6
239.85	20.0533	3.1078	5.1223	6
239.9	20.0531	3.4714	5.1247	6
239.95	20.0534	2.885	5.1127	6
240	20.0528	3.68	5.1149	6
240.05	20.0532	3.3563	5.1163	6
240.1	20.0536	3.1448	5.095	6
240.15	20.0537	3.0425	5.1026	6
240.2	20.0529	3.991	5.106	6
240.25	20.0538	2.6103	5.1137	6
240.3	20.0524	3.9256	5.1194	6
240.35	20.053	2.9496	5.1128	6
240.4	20.0524	3.8312	5.1165	6
240.45	20.0536	2.4699	5.1242	6
240.5	20.0523	4.1677	5.1278	6
240.55	20.0531	3.347	5.1277	6
240.6	20.0533	3.1668	5.1369	6
240.65	20.0532	3.3595	5.1433	6
240.7	20.0531	3.6897	5.1322	6
240.75	20.0536	3.0542	5.1349	6
240.8	20.0533	3.3921	5.143	6
240.85	20.0528	4.1609	5.1447	6
240.9	20.054	2.6641	5.1466	6
240.95	20.0533	3.5858	5.1184	6
241	20.0533	3.5801	5.0975	6
241.05	20.0534	3.3701	5.0866	6
241.1	20.0539	2.7387	5.0914	6
241.15	20.0531	3.8581	5.1086	6
241.2	20.0535	3.3111	5.1144	6
241.25	20.0539	3.0665	5.1109	6
241.3	20.0538	3.1511	5.1315	6
241.35	20.0533	3.7641	5.1372	6
241.4	20.0536	3.4565	5.1326	6
241.45	20.0544	2.4898	5.1316	6
241.5	20.0534	3.9099	5.1338	6
241.55	20.0534	3.7824	5.1378	6
241.6	20.0544	2.363	5.1299	6
241.65	20.0533	3.7654	5.1166	6
241.7	20.0535	3.6487	5.123	6
241.75	20.0548	2.1717	5.1256	6
241.8	20.0537	3.6635	5.1365	6
241.85	20.0538	3.5118	5.1346	6
241.9	20.0547	2.5933	5.1241	6
241.95	20.0545	2.9842	5.122	6
242	20.0545	2.9128	5.1153	6
242.05	20.0544	3.1119	5.115	6
242.1	20.0554	1.997	5.1196	6
242.15	20.0543	3.6118	5.1172	6
242.2	20.0548	3.2405	5.114	6
242.25	20.056	2.0398	5.1155	6
242.3	20.0552	3.3071	5.1111	6
242.35	20.0552	3.3906	5.1069	6
242.4	20.0558	2.491	5.1018	6
242.45	20.0552	3.117	5.095	6
242.5	20.0557	2.7977	5.0926	6
242.55	20.0554	3.0973	5.0968	6
242.6	20.0558	2.4506	5.1059	6
242.65	20.0549	3.6249	5.113	6
242.7	20.0551	2.3966	5.1239	6
242.75	20.054	2.7389	5.1225	6
242.8	20.0533	3.7123	5.1234	6
242.85	20.0541	2.6687	5.12	6
242.9	20.0543	2.3489	5.1157	6
242.95	20.0536	3.4889	5.1185	6
243	20.0541	3.0439	5.1024	6
243.05	20.0544	2.82	5.1281	6
243.1	20.0542	2.9807	5.152	6
243.15	20.0539	3.1862	5.1273	6
243.2	20.0541	3.0149	5.1206	6
243.25	20.0544	2.8334	5.1271	6
243.3	20.054	3.136	5.1238	6
243.35	20.054	3.2156	5.1293	6
243.4	20.0546	2.7011	5.1114	6
243.45	20.0539	3.3845	5.1167	6
243.5	20.0542	2.9686	5.1276	6
243.55	20.0541	3.2818	5.1262	6
243.6	20.0548	2.4211	5.1316	6
243.65	20.0538	3.8976	5.1155	6
243.7	20.0547	2.7747	5.1189	6
243.75	20.0549	2.4465	5.1352	6
243.8	20.0539	3.66	5.1316	6
243.85	20.0544	3.1874	5.1268	6
243.9	20.055	2.6435	5.1262	6
243.95	20.0546	2.9704	5.1432	6
244	20.0542	3.4672	5.1523	6
244.05	20.0552	2.6662	5.1514	6
244.1	20.055	2.8963	5.1523	6
244.15	20.0549	2.8437	5.1355	6
244.2	20.0548	2.8189	5.1292	6
244.25	20.0548	2.8047	5.1272	6
244.3	20.0546	3.1677	5.1217	6
244.35	20.055	2.6213	5.1245	6
244.4	20.055	2.7256	5.1367	6
244.45	20.0549	2.9837	5.1296	6
244.5	20.0545	3.1393	5.1209	6
244.55	20.0547	2.9346	5.1066	6
244.6	20.0552	2.5089	5.1129	6
244.65	20.0542	3.738	5.1283	6
244.7	20.0553	2.436	5.1418	6
244.75	20.0548	3.1379	5.1412	6
244.8	20.0548	3.1021	5.1248	6
244.85	20.0542	3.3237	5.1006	6
244.9	20.0544	2.5831	5.1054	6
244.95	20.0532	3.3979	5.1012	6
245	20.0537	2.6713	5.1181	6
245.05	20.0527	3.3856	5.1143	6
245.1	20.053	2.9149	5.1121	6
245.15	20.0527	3.3334	5.1219	6
245.2	20.0531	2.8507	5.1207	6
245.25	20.0529	3.2183	5.129	6
245.3	20.0532	3.05	5.1483	6
245.35	20.0533	3.1574	5.1493	6
245.4	20.0532	3.2194	5.1519	6
245.45	20.0535	2.9266	5.1514	6
245.5	20.0531	3.4132	5.1571	6
245.55	20.0535	2.9187	5.1532	6
245.6	20.0534	3.0243	5.1436	6
245.65	20.0534	3.1777	5.1389	6
245.7	20.0531	3.3588	5.1412	6
245.75	20.0535	2.9628	5.1393	6
245.8	20.0536	2.9702	5.1215	6
