Indentation

 + User defined profile

+ User defined profile
   Acquisition rate :	20.0 [Hz]
   Linear load 20.00  µN ; 100.00 µN/min
   Pause in load 2 s
   Linear load 0.00  µN ; 100.00 µN/min
   Pause in load 120 s
   Linear depth 20.00  µm ; 500.00 µm/min
   Pause in depth 120 s
   Linear depth 0.00  µm ; 1000.00 µm/min
+ TTX - UNHT Bio S/N: 1000136751 settings
   Fn contact : 25 µN
   Approach distance : 20 µm
   Approach speed : 100 µm/min
   Retract speed : 200 µm/min
   Retract time : 5 sec
   Dz sensor in large range
   Load in fine range
   FnRef in fine range
   FnRef contactload :500.000 µN
   Stiffness threshold : 1 µN/µm

   X Position :10423.04 µm
   Y Position :37957.90 µm
   Z Position :8371.57 µm

Date :6/9/2026
Time :10:41:56 AM

Analysis n # 1

   Method :	Hertz

 + Parameters

  Load Fit [10%,98%]

 + Main results

   EHz=	446.83 	kPa

 + Hypothesis


 + Additional results

   ErHz=	491.02 kPa
   h offset=	27.07 µm
   R2=	0.98

Analysis n # 2

   Method :	Oliver & Pharr

Cycle # 1

 + Parameters

  Unload Fit [40%,98%]

 + Main results

   HIT=	0.22189 	kPa
   EIT=	474.04 	kPa
   E*=	520.92 	kPa

 + Hypothesis

   !!! Indenter not calibrated !!!
   m out of O&P hypothesis
   Poisson's ratio(nu)=	0.30 

 + Additional results

   HVIT=	2.2619E-005 	 Vickers
   RIT 1.9E-005/12/2=	-4.61 	%
   nIT=	3.79 %
   Fmax=	19.12 	µN
   hmax=	28.34 	µm
   S=	172.5493 	µN/µm
   F/S²=	0.0006 	µm²/µN
   hc=	28.23 	µm
   hr=	28.23 	µm
   hp=	28.24 	µm
   m=	0.8788 
   Epsilon=	1.00 
   R2=	0.627
   Ap=	86173.05 	µm²
   Welast=	0.37 pJ
   Wplast=	9.27 pJ
   Wtotal=	9.64 pJ
   Er=	520.92 	kPa

Cycle # 2

 + Parameters

  Unload Fit [40%,98%]

 + Main results

! Not calculable !

 + Hypothesis

   !!! Indenter not calibrated !!!
   Poisson's ratio(nu)=	0.30 

 + Additional results

   RIT -1E-006/-1/120=	291.97 	%
   Fmax=	-0.65 	µN
   hmax=	27.44 	µm

Measured values
Time (s)	Pd (µm)	Fn (µN)	FnRef (µN)	SegmentID

0	0	0	5.1849	0
0.05	0.051	-1.0402	5.192	0
0.1	0.101	-0.3637	5.1854	0
0.15	0.152	-0.3698	5.1729	0
0.2	0.2034	-0.7016	5.1788	0
0.25	0.2543	-0.3283	5.1691	0
0.3	0.3063	-0.0901	5.1672	0
0.35	0.3598	-0.9585	5.1759	0
0.4	0.4122	-0.1625	5.1598	0
0.45	0.4653	-0.483	5.1382	0
0.5	0.5185	-0.5337	5.1502	0
0.55	0.5725	-0.4822	5.1591	0
0.6	0.6269	-0.1518	5.1585	0
0.65	0.6817	-0.6303	5.1472	0
0.7	0.736	-0.0105	5.1511	0
0.75	0.7919	-0.7458	5.1461	0
0.8	0.847	-0.0201	5.1675	0
0.85	0.9033	-0.6824	5.1783	0
0.9	0.9593	-0.3961	5.1431	0
0.95	1.0153	0.0911	5.1482	0
1	1.0727	-0.6391	5.1815	0
1.05	1.1299	-0.4545	5.1746	0
1.1	1.1869	-0.0528	5.1703	0
1.15	1.245	-0.3214	5.1692	0
1.2	1.3034	-0.8554	5.1824	0
1.25	1.3609	0.2969	5.1909	0
1.3	1.4206	-0.7806	5.1984	0
1.35	1.4795	-0.2963	5.2037	0
1.4	1.5391	-0.4439	5.1808	0
1.45	1.5984	-0.0971	5.1756	0
1.5	1.6587	-0.8147	5.1909	0
1.55	1.7184	-0.228	5.1955	0
1.6	1.7788	0.0826	5.2013	0
1.65	1.8403	-0.6971	5.1911	0
1.7	1.9014	-0.6093	5.1821	0
1.75	1.9623	0.1522	5.1982	0
1.8	2.0245	-0.4298	5.1966	0
1.85	2.0865	-0.5633	5.1834	0
1.9	2.1485	0.0416	5.1653	0
1.95	2.2115	-0.3314	5.1583	0
2	2.2739	-0.4391	5.1677	0
2.05	2.3372	-0.8145	5.1637	0
2.1	2.3999	0.4851	5.1708	0
2.15	2.4644	-0.6808	5.1667	0
2.2	2.5282	-0.5752	5.1435	0
2.25	2.5918	0.0266	5.1566	0
2.3	2.6565	-0.2177	5.1597	0
2.35	2.7213	-0.4269	5.1571	0
2.4	2.7857	0.1259	5.1605	0
2.45	2.851	-0.199	5.1636	0
2.5	2.9163	-0.2137	5.1687	0
2.55	2.9826	-0.7226	5.1615	0
2.6	3.048	0.4544	5.1692	0
2.65	3.1149	-0.1884	5.1715	0
2.7	3.1818	-0.6604	5.1652	0
2.75	3.2478	0.6244	5.1635	0
2.8	3.3156	-0.3759	5.1672	0
2.85	3.3826	-0.0316	5.1749	0
2.9	3.4505	0.0174	5.1617	0
2.95	3.5186	-0.1246	5.1656	0
3	3.5859	0.1321	5.1734	0
3.05	3.6538	-0.1739	5.1723	0
3.1	3.7218	-0.124	5.1758	0
3.15	3.7901	0.296	5.1651	0
3.2	3.8593	-0.1813	5.1451	0
3.25	3.9288	-0.3351	5.1767	0
3.3	3.9976	0.4617	5.1758	0
3.35	4.0678	-0.2682	5.152	0
3.4	4.1376	-0.0108	5.1584	0
3.45	4.2079	0.0753	5.1658	0
3.5	4.2785	0.1283	5.1868	0
3.55	4.3493	-0.1251	5.1854	0
3.6	4.4199	0.07	5.1705	0
3.65	4.4912	-0.0408	5.1818	0
3.7	4.5625	0.1538	5.1783	0
3.75	4.6341	-0.1567	5.1832	0
3.8	4.7054	0.2122	5.1696	0
3.85	4.7771	0.4813	5.1582	0
3.9	4.8502	-0.8114	5.1548	0
3.95	4.9213	0.8656	5.147	0
4	4.9939	-0.4292	5.1383	0
4.05	5.0662	0.0013	5.1539	0
4.1	5.1401	0.0815	5.167	0
4.15	5.2136	-0.0259	5.1659	0
4.2	5.2872	0.2888	5.1535	0
4.25	5.3608	-0.0308	5.1491	0
4.3	5.4344	-0.1857	5.1605	0
4.35	5.5081	0.4787	5.1858	0
4.4	5.583	-0.3589	5.1915	0
4.45	5.657	0.3103	5.1633	0
4.5	5.7316	-0.0282	5.1621	0
4.55	5.8065	-0.0818	5.1612	0
4.6	5.8812	0.3333	5.1534	0
4.65	5.9567	-0.109	5.1648	0
4.7	6.0316	0.3196	5.1578	0
4.75	6.1078	-0.0734	5.1394	0
4.8	6.2168	0.0709	5.1324	0
4.85	6.4035	0.2167	5.1372	0
4.9	6.6293	0.2424	5.1652	0
4.95	6.8593	0.0955	5.1829	0
5	7.0885	0.5117	5.1702	0
5.05	7.3168	-0.0188	5.1733	0
5.1	7.5421	-0.0317	5.1747	0
5.15	7.7632	1.2309	5.1521	0
5.2	7.9835	-0.7628	5.1355	0
5.25	8.1984	0.2372	5.1377	0
5.3	8.41	0.9824	5.1637	0
5.35	8.6194	-0.1141	5.1401	0
5.4	8.825	-0.0471	5.1226	0
5.45	9.038	-14.2596	5.1372	0
5.5	9.2585	-43.5298	5.1513	0
5.55	9.4621	-54.8847	5.1414	0
5.6	9.6562	-57.8069	5.1417	0
5.65	9.8474	-60.9815	5.1531	0
5.7	10.0338	-62.2116	5.1581	0
5.75	10.2181	-64.4319	5.1423	0
5.8	10.398	-64.8668	5.1411	0
5.85	10.576	-66.2441	5.1546	0
5.9	10.7512	-67.3733	5.1662	0
5.95	10.9229	-68.3488	5.1625	0
6	11.0913	-68.5992	5.1473	0
6.05	11.2596	-70.5182	5.1353	0
6.1	11.424	-70.3387	5.1388	0
6.15	11.5861	-71.1778	5.141	0
6.2	11.746	-72.605	5.1496	0
6.25	11.9025	-72.6269	5.1525	0
6.3	12.0577	-73.6299	5.1461	0
6.35	12.2105	-74.3291	5.1415	0
6.4	12.3615	-75.1964	5.1477	0
6.45	12.5098	-75.7453	5.161	0
6.5	12.6561	-75.9059	5.17	0
6.55	12.8017	-77.6147	5.1656	0
6.6	12.9431	-76.8544	5.16	0
6.65	13.0847	-79.0081	5.1531	0
6.7	13.2222	-78.0821	5.1581	0
6.75	13.3598	-79.6314	5.164	0
6.8	13.4949	-79.1779	5.164	0
6.85	13.6287	-79.642	5.1754	0
6.9	13.7604	-80.2419	5.166	0
6.95	13.8908	-80.6456	5.1606	0
7	14.0191	-80.2035	5.1621	0
7.05	14.1472	-81.6214	5.1788	0
7.1	14.2727	-81.4666	5.1907	0
7.15	14.3973	-82.0026	5.1909	0
7.2	14.5208	-82.7285	5.1858	0
7.25	14.6422	-82.9688	5.1646	0
7.3	14.7623	-83.3666	5.1851	0
7.35	14.8815	-83.6109	5.2111	0
7.4	15.0002	-84.4858	5.1983	0
7.45	15.1174	-85.1161	5.1931	0
7.5	15.2331	-85.5682	5.1845	0
7.55	15.3496	-87.8693	5.1992	0
7.6	15.4642	-88.7574	5.2071	0
7.65	15.577	-89.5859	5.1898	0
7.7	15.6891	-90.6565	5.1911	0
7.75	15.7998	-90.9159	5.2052	0
7.8	15.9103	-92.0437	5.2046	0
7.85	16.0201	-93.0749	5.2028	0
7.9	16.1293	-94.3545	5.1895	0
7.95	16.2348	-92.4319	5.1982	0
8	16.3417	-93.4157	5.1861	0
8.05	16.4468	-92.944	5.1723	0
8.1	16.5509	-92.1331	5.1608	0
8.15	16.6553	-92.0847	5.159	0
8.2	16.7578	-90.8787	5.1733	0
8.25	16.86	-90.0614	5.1669	0
8.3	16.9625	-90.1864	5.1699	0
8.35	17.0636	-89.4523	5.1832	0
8.4	17.1642	-88.8051	5.1896	0
8.45	17.2648	-88.9502	5.1953	0
8.5	17.3641	-88.1105	5.2099	0
8.55	17.4635	-88.2386	5.2083	0
8.6	17.5631	-89.5861	5.2057	0
8.65	17.6624	-91.4503	5.1897	0
8.7	17.7609	-92.431	5.1855	0
8.75	17.8594	-94.2636	5.1914	0
8.8	17.9573	-95.9997	5.1995	0
8.85	18.0554	-98.4939	5.2054	0
8.9	18.1588	-109.1729	5.1966	0
8.95	18.2604	-117.8806	5.194	0
9	18.3534	-115.4814	5.1848	0
9.05	18.4443	-111.4153	5.1732	0
9.1	18.5345	-106.9136	5.192	0
9.15	18.6262	-104.5722	5.2001	0
9.2	18.7183	-102.566	5.1764	0
9.25	18.8105	-100.7127	5.1778	0
9.3	18.903	-99.9241	5.1744	0
9.35	18.9947	-98.5483	5.1699	0
9.4	19.0868	-97.8459	5.1736	0
9.45	19.1789	-97.7777	5.1703	0
9.5	19.2701	-96.9107	5.1776	0
9.55	19.3613	-96.512	5.1897	0
9.6	19.4521	-95.8695	5.1914	0
9.65	19.5437	-96.5426	5.2004	0
9.7	19.6345	-96.1853	5.1924	0
9.75	19.725	-95.4581	5.1781	0
9.8	19.8159	-95.8485	5.1833	0
9.85	19.9066	-96.5912	5.1769	0
9.9	19.9971	-97.4901	5.1935	1
9.95	20.0876	-98.4766	5.1878	1
10	20.1786	-100.1841	5.1757	1
10.05	20.2678	-100.6332	5.1809	1
10.1	20.3798	-98.281	5.1851	1
10.15	20.5798	-93.7216	5.1972	1
10.2	20.8218	-90.8875	5.1985	1
10.25	21.0648	-90.2407	5.1963	1
10.3	21.3143	-91.363	5.1756	1
10.35	21.5682	-90.3963	5.1738	1
10.4	21.823	-89.5828	5.1824	1
10.45	22.0792	-89.9	5.1869	1
10.5	22.3403	-91.0745	5.2019	1
10.55	22.602	-89.4908	5.2203	1
10.6	22.8623	-88.933	5.2085	1
10.65	23.1245	-89.5578	5.1837	1
10.7	23.3863	-88.0518	5.1887	1
10.75	23.6435	-85.1384	5.1888	1
10.8	23.8937	-81.9245	5.1859	1
10.85	24.1348	-77.2869	5.1863	1
10.9	24.3605	-69.2536	5.1885	1
10.95	24.5644	-62.6071	5.1761	1
11	24.754	-57.4986	5.1652	1
11.05	24.929	-51.938	5.1688	1
11.1	25.0876	-46.0642	5.1616	1
11.15	25.2318	-41.0745	5.1661	1
11.2	25.3629	-37.4777	5.1814	1
11.25	25.4873	-36.9087	5.159	1
11.3	25.6055	-33.3087	5.147	1
11.35	25.7131	-29.2438	5.1571	1
11.4	25.8093	-25.4037	5.158	1
11.45	25.8972	-23.1126	5.1566	1
11.5	25.9783	-20.946	5.1563	1
11.55	26.0511	-16.9446	5.1619	1
11.6	26.1129	-13.0422	5.1617	1
11.65	26.1662	-10.8925	5.1736	1
11.7	26.2148	-9.7233	5.1835	1
11.75	26.2608	-9.2658	5.1726	1
11.8	26.3027	-7.5843	5.1735	1
11.85	26.3418	-7.5026	5.168	1
11.9	26.3786	-7.3104	5.1751	1
11.95	26.414	-6.4976	5.1786	1
12	26.4481	-6.0907	5.168	1
12.05	26.481	-5.9239	5.1525	1
12.1	26.5132	-5.6462	5.1489	1
12.15	26.5435	-4.6015	5.1664	1
12.2	26.573	-4.9462	5.1802	1
12.25	26.6026	-5.0178	5.1754	1
12.3	26.6316	-4.9044	5.1647	1
12.35	26.6611	-5.529	5.175	1
12.4	26.6917	-5.615	5.1776	1
12.45	26.7206	-4.7201	5.1817	1
12.5	26.7476	-3.9884	5.1853	1
12.55	26.7735	-3.3586	5.1802	1
12.6	26.7982	-3.1504	5.1919	1
12.65	26.822	-2.3652	5.1918	1
12.7	26.8449	-2.7565	5.1928	1
12.75	26.8683	-2.5071	5.1846	1
12.8	26.8903	-1.6488	5.1675	1
12.85	26.9109	-1.5791	5.1662	1
12.9	26.9314	-1.4412	5.1837	1
12.95	26.9514	-1.0691	5.1936	1
13	26.9708	-1.0868	5.1994	1
13.05	26.9912	-1.5102	5.2027	1
13.1	27.0103	-0.4362	5.2051	1
13.15	27.0282	-0.0331	5.2086	1
13.2	27.0452	0.0789	5.2037	1
13.25	27.0631	-0.2482	5.2018	1
13.3	27.0792	1.021	5.2039	1
13.35	27.0947	0.4001	5.1943	1
13.4	27.1107	0.7454	5.189	1
13.45	27.1267	0.9371	5.1916	1
13.5	27.1423	0.8473	5.1739	1
13.55	27.1574	1.2691	5.1675	1
13.6	27.1731	0.4369	5.1714	1
13.65	27.1899	0.255	5.1711	1
13.7	27.2072	0.2547	5.1747	1
13.75	27.2244	0.2104	5.1776	1
13.8	27.242	0.0815	5.1841	1
13.85	27.2613	-0.7288	5.1966	1
13.9	27.2785	1.3214	5.1918	1
13.95	27.2936	1.6054	5.175	1
14	27.3087	1.7898	5.175	1
14.05	27.322	3.001	5.1727	1
14.1	27.3334	3.192	5.1753	1
14.15	27.3458	2.6601	5.1703	1
14.2	27.3585	2.9877	5.1788	1
14.25	27.3701	3.6275	5.1785	1
14.3	27.3823	2.5278	5.1773	1
14.35	27.3963	2.4199	5.1861	1
14.4	27.4098	2.8164	5.178	1
14.45	27.4237	2.1321	5.1805	1
14.5	27.4393	1.555	5.178	1
14.55	27.4548	2.3716	5.1774	1
14.6	27.4684	3.1428	5.1944	1
14.65	27.4813	3.3105	5.192	1
14.7	27.4943	3.3958	5.1932	1
14.75	27.5067	3.5431	5.1888	1
14.8	27.5195	3.5571	5.19	1
14.85	27.5306	4.8206	5.2065	1
14.9	27.5403	4.9797	5.2093	1
14.95	27.5502	5.0811	5.1996	1
15	27.5598	5.0974	5.2138	1
15.05	27.5698	4.9764	5.2148	1
15.1	27.5794	5.2737	5.2087	1
15.15	27.588	5.9105	5.2055	1
15.2	27.5963	5.9518	5.1946	1
15.25	27.6041	6.3907	5.1935	1
15.3	27.6114	6.6551	5.1927	1
15.35	27.6181	6.934	5.1989	1
15.4	27.6254	6.5007	5.1901	1
15.45	27.632	7.2069	5.1721	1
15.5	27.6381	6.9962	5.1712	1
15.55	27.6458	6.247	5.1834	1
15.6	27.6538	6.9154	5.2069	1
15.65	27.6605	7.1648	5.21	1
15.7	27.6676	6.7252	5.1954	1
15.75	27.6754	7.0648	5.1974	1
15.8	27.682	7.5146	5.1764	1
15.85	27.6892	6.9722	5.1772	1
15.9	27.6971	6.7184	5.1932	1
15.95	27.704	7.7102	5.1912	1
16	27.7113	6.9289	5.1893	1
16.05	27.7202	6.9523	5.1788	1
16.1	27.7274	7.894	5.1899	1
16.15	27.7341	7.4527	5.1831	1
16.2	27.7418	7.4573	5.1707	1
16.25	27.7481	8.5018	5.1859	1
16.3	27.7539	7.8616	5.1784	1
16.35	27.7616	7.6719	5.1702	1
16.4	27.768	8.6276	5.1936	1
16.45	27.7741	8.1959	5.1903	1
16.5	27.7817	7.7416	5.1788	1
16.55	27.789	8.3522	5.1842	1
16.6	27.7949	8.9289	5.187	1
16.65	27.8011	8.5194	5.1835	1
16.7	27.8077	8.7639	5.1774	1
16.75	27.8133	9.2287	5.1723	1
16.8	27.8188	9.1328	5.1802	1
16.85	27.8244	9.0169	5.1816	1
16.9	27.8303	9.4982	5.1917	1
16.95	27.8354	9.6947	5.1987	1
17	27.8408	9.5409	5.1876	1
17.05	27.8459	9.8389	5.1623	1
17.1	27.8503	10.0875	5.1806	1
17.15	27.8562	9.5149	5.2031	1
17.2	27.8615	10.2089	5.2007	1
17.25	27.8663	10.2463	5.2019	1
17.3	27.8717	9.5825	5.1927	1
17.35	27.8781	10.0513	5.1789	1
17.4	27.883	10.5903	5.1747	1
17.45	27.8876	10.3041	5.1697	1
17.5	27.8937	9.9327	5.1852	1
17.55	27.8988	10.8454	5.2057	1
17.6	27.903	10.7646	5.2091	1
17.65	27.9088	10.2023	5.2066	1
17.7	27.914	11.2242	5.1931	1
17.75	27.9177	11.2584	5.1909	1
17.8	27.9224	10.9459	5.2009	1
17.85	27.9281	10.79	5.2042	1
17.9	27.9317	11.9258	5.2091	1
17.95	27.9359	11.1828	5.1955	1
18	27.9416	11.0327	5.1997	1
18.05	27.9458	11.9366	5.2055	1
18.1	27.95	11.7776	5.1967	1
18.15	27.9541	11.5012	5.2	1
18.2	27.9588	11.9585	5.2059	1
18.25	27.9626	11.9373	5.2009	1
18.3	27.9673	11.6527	5.193	1
18.35	27.972	12.2071	5.1743	1
18.4	27.9752	12.5331	5.186	1
18.45	27.9791	12.0479	5.2056	1
18.5	27.9839	12.2729	5.1838	1
18.55	27.9869	13.1937	5.1936	1
18.6	27.9906	12.2894	5.2002	1
18.65	27.9952	12.6282	5.1958	1
18.7	27.9989	12.9366	5.1864	1
18.75	28.0024	13.0093	5.1884	1
18.8	28.0072	12.2962	5.1978	1
18.85	28.0109	13.5872	5.18	1
18.9	28.0135	13.3653	5.1764	1
18.95	28.0177	13.0949	5.1863	1
19	28.0211	13.4438	5.1833	1
19.05	28.024	13.8333	5.1866	1
19.1	28.0269	13.4972	5.188	1
19.15	28.0315	13.1105	5.1926	1
19.2	28.0351	13.824	5.1797	1
19.25	28.0376	14.3471	5.1735	1
19.3	28.0417	13.1551	5.182	1
19.35	28.0461	14.1827	5.1987	1
19.4	28.0479	14.5882	5.1886	1
19.45	28.0515	13.823	5.1851	1
19.5	28.0552	14.3165	5.1857	1
19.55	28.058	14.6879	5.1739	1
19.6	28.0611	14.2377	5.1656	1
19.65	28.0648	14.5358	5.1747	1
19.7	28.068	14.7328	5.1866	1
19.75	28.0713	14.7383	5.1675	1
19.8	28.0747	14.5976	5.163	1
19.85	28.0784	14.7336	5.157	1
19.9	28.0821	14.8681	5.1647	1
19.95	28.0856	14.852	5.1806	1
20	28.0893	14.9577	5.1816	1
20.05	28.0925	15.1623	5.1614	1
20.1	28.0956	15.1141	5.1651	1
20.15	28.099	15.3022	5.1796	1
20.2	28.1022	15.5039	5.1873	1
20.25	28.1052	15.5352	5.173	1
20.3	28.1086	15.2014	5.155	1
20.35	28.112	15.7724	5.1502	1
20.4	28.115	15.9442	5.151	1
20.45	28.1184	15.4991	5.1597	1
20.5	28.1221	15.9165	5.1603	1
20.55	28.125	16.2167	5.1565	1
20.6	28.1281	15.9016	5.1592	1
20.65	28.1316	15.9995	5.1666	1
20.7	28.1347	16.3091	5.1711	1
20.75	28.1377	16.4532	5.1648	1
20.8	28.1412	16.0777	5.159	1
20.85	28.1443	16.7617	5.1534	1
20.9	28.1465	16.8076	5.1682	1
20.95	28.1499	16.549	5.1952	1
21	28.1532	17.0197	5.196	1
21.05	28.1551	17.3844	5.1798	1
21.1	28.1579	16.5975	5.1908	1
21.15	28.1618	16.906	5.1928	1
21.2	28.1642	17.6669	5.2007	1
21.25	28.1663	17.2412	5.1989	1
21.3	28.1697	16.8628	5.2058	1
21.35	28.1724	17.8556	5.2032	1
21.4	28.1738	17.9733	5.1893	1
21.45	28.1769	17.3066	5.1927	1
21.5	28.1801	17.6931	5.2007	1
21.55	28.1821	18.3462	5.2097	1
21.6	28.1845	17.6076	5.2162	1
21.65	28.1877	17.7764	5.2039	1
21.7	28.1902	18.4115	5.1901	1
21.75	28.1923	18.0256	5.1893	1
21.8	28.1954	18.1744	5.1879	1
21.85	28.198	18.1053	5.1989	1
21.9	28.2007	18.5258	5.1953	2
21.95	28.2034	18.2784	5.1985	2
22	28.2063	18.6412	5.1997	2
22.05	28.2089	18.8074	5.185	2
22.1	28.2111	18.6272	5.1996	2
22.15	28.2144	18.3873	5.2123	2
22.2	28.2175	18.5843	5.2089	2
22.25	28.2203	18.3678	5.2064	2
22.3	28.2246	17.9255	5.2002	2
22.35	28.229	18.1593	5.1992	2
22.4	28.2321	18.5879	5.1679	2
22.45	28.2345	18.6448	5.1557	2
22.5	28.2381	18.2125	5.155	2
22.55	28.2412	18.7851	5.1657	2
22.6	28.243	19.0331	5.1686	2
22.65	28.2455	18.4968	5.1463	2
22.7	28.249	18.386	5.1518	2
22.75	28.2507	19.3121	5.165	2
22.8	28.2523	18.9847	5.1618	2
22.85	28.2553	18.1924	5.1814	2
22.9	28.2581	19.2542	5.1995	2
22.95	28.2595	19.0955	5.186	2
23	28.2627	18.1032	5.1815	2
23.05	28.2656	18.8008	5.1569	2
23.1	28.2673	19.2892	5.1575	2
23.15	28.2696	18.2728	5.1855	2
23.2	28.2725	19.0256	5.1834	2
23.25	28.2738	19.3937	5.1806	2
23.3	28.2757	18.6076	5.1852	2
23.35	28.2781	19.007	5.1782	2
23.4	28.2796	19.421	5.177	2
23.45	28.281	18.6876	5.1731	2
23.5	28.2835	18.8353	5.1724	2
23.55	28.2847	19.5001	5.1776	2
23.6	28.2866	18.69	5.1775	2
23.65	28.2884	19.3501	5.1813	2
23.7	28.2894	19.4593	5.191	2
23.75	28.2904	18.9997	5.2056	2
23.8	28.2923	19.2312	5.2011	2
23.85	28.2931	19.4016	5.2005	2
23.9	28.2946	19.1815	5.2059	3
23.95	28.2962	19.1212	5.2076	3
24	28.2972	19.4588	5.2197	3
24.05	28.2976	19.5769	5.2105	3
24.1	28.299	18.9319	5.1948	3
24.15	28.3	19.5854	5.1956	3
24.2	28.3004	19.2914	5.19	3
24.25	28.3016	18.9794	5.1942	3
24.3	28.3026	19.1488	5.1997	3
24.35	28.303	19.2456	5.2033	3
24.4	28.3042	18.6892	5.202	3
24.45	28.3049	18.8855	5.1845	3
24.5	28.3051	19.2105	5.1767	3
24.55	28.3061	18.3626	5.1825	3
24.6	28.3071	18.6915	5.181	3
24.65	28.3076	18.8599	5.1842	3
24.7	28.3078	18.2577	5.1796	3
24.75	28.3089	18.3277	5.1912	3
24.8	28.3092	18.527	5.2021	3
24.85	28.3097	18.3385	5.1822	3
24.9	28.3102	17.9362	5.1959	3
24.95	28.311	18.2919	5.1828	3
25	28.311	18.1485	5.1648	3
25.05	28.3117	17.9674	5.1726	3
25.1	28.312	17.7249	5.1583	3
25.15	28.3122	18.1606	5.1615	3
25.2	28.3125	17.2614	5.1745	3
25.25	28.3132	17.864	5.1771	3
25.3	28.3133	17.5599	5.181	3
25.35	28.3142	17.2638	5.1682	3
25.4	28.3147	17.4757	5.1558	3
25.45	28.3147	17.3809	5.1605	3
25.5	28.315	16.9707	5.1727	3
25.55	28.3155	17.4039	5.1823	3
25.6	28.3156	17.0605	5.185	3
25.65	28.3159	16.8225	5.1822	3
25.7	28.3166	17.0706	5.1778	3
25.75	28.3164	16.8999	5.1796	3
25.8	28.3169	16.6322	5.1699	3
25.85	28.3165	16.8517	5.1577	3
25.9	28.3165	16.6351	5.145	3
25.95	28.3171	16.3231	5.1563	3
26	28.3173	16.578	5.1562	3
26.05	28.3167	16.5483	5.1651	3
26.1	28.3174	16.086	5.1649	3
26.15	28.3177	16.1916	5.1489	3
26.2	28.3172	16.4703	5.1543	3
26.25	28.3173	15.7184	5.1741	3
26.3	28.317	16.324	5.1862	3
26.35	28.3169	15.8948	5.173	3
26.4	28.3169	15.8955	5.1694	3
26.45	28.3164	15.9422	5.1807	3
26.5	28.3167	15.4535	5.1772	3
26.55	28.317	15.5013	5.1792	3
26.6	28.3172	15.5255	5.1891	3
26.65	28.3172	15.4191	5.2007	3
26.7	28.3177	14.6567	5.1909	3
26.75	28.3178	15.6402	5.1707	3
26.8	28.3181	14.5906	5.1855	3
26.85	28.318	15.3998	5.1891	3
26.9	28.3179	14.8827	5.1549	3
26.95	28.3178	14.8726	5.152	3
27	28.3181	14.611	5.1733	3
27.05	28.3179	15.1585	5.1696	3
27.1	28.3174	14.3616	5.1739	3
27.15	28.3178	14.6602	5.1787	3
27.2	28.3178	14.5835	5.1659	3
27.25	28.3175	14.3454	5.1622	3
27.3	28.318	14.1411	5.1793	3
27.35	28.3181	14.1897	5.186	3
27.4	28.3179	14.1484	5.1777	3
27.45	28.3181	14.0837	5.1892	3
27.5	28.3179	13.8321	5.2012	3
27.55	28.3181	13.8637	5.2098	3
27.6	28.3177	14.0361	5.1888	3
27.65	28.3174	13.776	5.1793	3
27.7	28.3176	13.4051	5.1885	3
27.75	28.3175	13.7107	5.1995	3
27.8	28.3169	13.6429	5.1999	3
27.85	28.3169	13.3356	5.1893	3
27.9	28.3168	13.4947	5.1902	3
27.95	28.3158	13.516	5.1929	3
28	28.3155	13.1114	5.189	3
28.05	28.3154	13.1929	5.1846	3
28.1	28.3146	13.3779	5.1975	3
28.15	28.3141	12.9946	5.1928	3
28.2	28.3136	13.0356	5.1877	3
28.25	28.3128	13.2606	5.1996	3
28.3	28.312	12.6822	5.1911	3
28.35	28.3113	12.7712	5.198	3
28.4	28.3109	12.6534	5.195	3
28.45	28.3105	12.4938	5.1925	3
28.5	28.3101	12.4519	5.1982	3
28.55	28.3096	12.381	5.1918	3
28.6	28.3093	12.076	5.2055	3
28.65	28.309	12.3285	5.1898	3
28.7	28.3085	12.019	5.1733	3
28.75	28.308	12.0604	5.1946	3
28.8	28.3074	11.8535	5.1904	3
28.85	28.3067	12.1446	5.1933	3
28.9	28.3058	11.6907	5.1952	3
28.95	28.306	11.4178	5.187	3
29	28.305	12.1193	5.1892	3
29.05	28.3041	11.5162	5.1796	3
29.1	28.3041	11.4972	5.1768	3
29.15	28.3033	11.523	5.1728	3
29.2	28.3019	11.5677	5.1739	3
29.25	28.3014	11.0212	5.178	3
29.3	28.3012	11.0214	5.1821	3
29.35	28.3006	11.2882	5.1765	3
29.4	28.2997	10.8668	5.1672	3
29.45	28.2997	10.6873	5.1723	3
29.5	28.2991	10.8437	5.1837	3
29.55	28.2978	10.9078	5.1742	3
29.6	28.2974	10.584	5.1802	3
29.65	28.2968	10.5386	5.1891	3
29.7	28.296	10.8703	5.1895	3
29.75	28.2952	10.1474	5.1808	3
29.8	28.2947	10.4292	5.1796	3
29.85	28.2938	10.4756	5.1834	3
29.9	28.2932	10.2593	5.1866	3
29.95	28.2926	9.9965	5.1659	3
30	28.2917	10.1011	5.1718	3
30.05	28.2904	10.1996	5.1824	3
30.1	28.2899	9.6627	5.1714	3
30.15	28.2891	9.9287	5.1795	3
30.2	28.2879	9.8619	5.1685	3
30.25	28.2871	9.4776	5.1674	3
30.3	28.2864	9.7779	5.1713	3
30.35	28.2849	9.485	5.161	3
30.4	28.2839	9.4889	5.1745	3
30.45	28.283	9.3241	5.1882	3
30.5	28.2821	9.3417	5.2032	3
30.55	28.2813	9.2225	5.1922	3
30.6	28.2807	8.788	5.1858	3
30.65	28.2803	8.9788	5.1967	3
30.7	28.2793	8.8416	5.1876	3
30.75	28.2787	8.4678	5.167	3
30.8	28.2785	8.5577	5.1778	3
30.85	28.2778	8.8346	5.1788	3
30.9	28.2771	8.1683	5.1877	3
30.95	28.2774	7.8441	5.1836	3
31	28.2768	8.5727	5.1908	3
31.05	28.2756	8.3058	5.2	3
31.1	28.2756	7.6842	5.1882	3
31.15	28.2752	8.3837	5.1903	3
31.2	28.2739	8.1335	5.1987	3
31.25	28.2734	7.6774	5.1889	3
31.3	28.2728	7.9515	5.1877	3
31.35	28.2715	8.0311	5.1962	3
31.4	28.2704	7.5912	5.1911	3
31.45	28.27	7.3738	5.1838	3
31.5	28.2689	7.8291	5.1967	3
31.55	28.2678	7.2972	5.1783	3
31.6	28.2679	7.1633	5.1682	3
31.65	28.2671	7.4908	5.1635	3
31.7	28.2659	7.2593	5.1917	3
31.75	28.2654	6.846	5.1935	3
31.8	28.2647	7.0268	5.1774	3
31.85	28.2635	7.2193	5.1725	3
31.9	28.2628	6.5235	5.1752	3
31.95	28.2624	6.9276	5.1724	3
32	28.2614	6.7586	5.16	3
32.05	28.2604	6.4471	5.153	3
32.1	28.2596	6.6797	5.1635	3
32.15	28.2583	6.7171	5.1847	3
32.2	28.2576	6.237	5.1802	3
32.25	28.2571	6.2112	5.1791	3
32.3	28.2562	6.0645	5.2041	3
32.35	28.2554	6.0581	5.1874	3
32.4	28.2551	5.8879	5.1644	3
32.45	28.2547	5.9341	5.1722	3
32.5	28.2538	5.7944	5.1843	3
32.55	28.2538	5.255	5.1998	3
32.6	28.2538	5.3236	5.1946	3
32.65	28.2533	5.4073	5.1989	3
32.7	28.2535	5.0157	5.1985	3
32.75	28.2537	5.0756	5.1615	3
32.8	28.2535	5.1476	5.1551	3
32.85	28.2534	4.8141	5.175	3
32.9	28.2533	5.0121	5.1917	3
32.95	28.2533	4.5951	5.2065	3
33	28.253	4.8326	5.204	3
33.05	28.2523	4.9339	5.1926	3
33.1	28.252	4.4824	5.1933	3
33.15	28.2517	4.559	5.2012	3
33.2	28.251	4.6896	5.2062	3
33.25	28.2504	4.4936	5.182	3
33.3	28.2502	4.249	5.1667	3
33.35	28.2496	4.39	5.1812	3
33.4	28.2482	4.6127	5.1825	3
33.45	28.2476	3.8746	5.1839	3
33.5	28.2475	4.1511	5.1731	3
33.55	28.2465	4.2177	5.1785	3
33.6	28.2457	3.8676	5.1832	3
33.65	28.2451	3.7643	5.1672	3
33.7	28.244	3.9092	5.1719	3
33.75	28.2434	3.6895	5.1831	3
33.8	28.2426	3.831	5.19	3
33.85	28.2416	3.6075	5.1835	3
33.9	28.241	3.2658	5.1745	3
33.95	28.2404	3.3481	5.1771	3
34	28.2397	3.3769	5.1712	3
34.05	28.2384	3.3514	5.1589	3
34.1	28.2376	3.1126	5.1613	3
34.15	28.2371	3.2128	5.168	3
34.2	28.2356	3.2992	5.1784	3
34.25	28.2343	2.7821	5.1546	3
34.3	28.2339	2.8655	5.1581	3
34.35	28.2326	2.9369	5.1867	3
34.4	28.2315	2.6407	5.1989	3
34.45	28.2304	2.9916	5.186	3
34.5	28.2289	2.5721	5.179	3
34.55	28.2282	2.3342	5.1926	3
34.6	28.227	2.7411	5.191	3
34.65	28.2254	2.4514	5.1835	3
34.7	28.2251	1.7367	5.1857	3
34.75	28.2237	2.6852	5.1851	3
34.8	28.2217	2.2926	5.1751	3
34.85	28.2216	1.4056	5.1868	3
34.9	28.2204	2.5636	5.2066	3
34.95	28.2181	2.1995	5.1985	3
35	28.217	1.525	5.1887	3
35.05	28.2165	1.6742	5.193	3
35.1	28.2148	2.1434	5.1924	3
35.15	28.2125	1.7659	5.1761	3
35.2	28.2124	0.914	5.1714	3
35.25	28.2111	1.9864	5.1901	3
35.3	28.2085	1.592	5.1879	3
35.35	28.2078	0.7165	5.1772	3
35.4	28.2069	1.3526	5.1675	3
35.45	28.2051	1.3227	5.1555	3
35.5	28.2041	0.7453	5.1541	3
35.55	28.2028	0.9023	5.1571	3
35.6	28.2009	1.2095	5.1647	3
35.65	28.1993	0.7363	5.1783	3
35.7	28.1981	0.7254	5.1785	3
35.75	28.1964	0.9885	5.1756	3
35.8	28.1947	0.5831	5.1762	3
35.85	28.1939	0.0552	5.1662	3
35.9	28.1925	0.5887	5.1652	4
35.95	28.1906	0.3399	5.1584	4
36	28.1899	-0.2458	5.1743	4
36.05	28.1891	0.2034	5.1809	4
36.1	28.1874	0.0878	5.1715	4
36.15	28.1867	-0.6278	5.1515	4
36.2	28.1861	-0.0387	5.1444	4
36.25	28.1853	-0.4492	5.1479	4
36.3	28.1849	-0.3873	5.1568	4
36.35	28.1843	-0.4836	5.161	4
36.4	28.184	-0.308	5.1485	4
36.45	28.1835	-0.3602	5.1615	4
36.5	28.1833	-0.4997	5.1795	4
36.55	28.1821	-0.0219	5.1709	4
36.6	28.1814	-0.4373	5.1551	4
36.65	28.1812	-0.4866	5.153	4
36.7	28.1796	0.3056	5.1618	4
36.75	28.1782	-0.2104	5.174	4
36.8	28.1776	-0.1204	5.1738	4
36.85	28.1754	0.8676	5.1626	4
36.9	28.1732	-0.0672	5.1607	4
36.95	28.1725	-0.2509	5.1573	4
37	28.1701	1.01	5.1577	4
37.05	28.167	0.3096	5.1641	4
37.1	28.1673	-0.7905	5.1653	4
37.15	28.1654	0.9415	5.1844	4
37.2	28.1617	0.4922	5.1724	4
37.25	28.1612	-0.7955	5.1679	4
37.3	28.1607	0.1618	5.1923	4
37.35	28.1578	0.7398	5.1903	4
37.4	28.1564	-0.4765	5.185	4
37.45	28.1566	-0.2779	5.1864	4
37.5	28.1543	0.6023	5.2015	4
37.55	28.1525	-0.1598	5.1913	4
37.6	28.1522	-0.5863	5.1776	4
37.65	28.1509	0.2999	5.1797	4
37.7	28.1491	-0.005	5.1751	4
37.75	28.1478	-0.2063	5.176	4
37.8	28.1466	0.1161	5.1926	4
37.85	28.1448	0.1706	5.1766	4
37.9	28.1434	0.1034	5.1725	4
37.95	28.1418	0.1172	5.1702	4
38	28.1401	-0.0583	5.1681	4
38.05	28.139	0.0145	5.1842	4
38.1	28.1374	0.1124	5.1811	4
38.15	28.136	-0.0727	5.1737	4
38.2	28.1352	-0.3132	5.1671	4
38.25	28.1336	0.4572	5.1723	4
38.3	28.1316	-0.0233	5.184	4
38.35	28.1313	-0.5923	5.1735	4
38.4	28.13	0.3115	5.1703	4
38.45	28.1279	0.0911	5.1785	4
38.5	28.1275	-0.7192	5.1773	4
38.55	28.1269	0.0621	5.1666	4
38.6	28.125	0.0979	5.1535	4
38.65	28.124	-0.3943	5.1595	4
38.7	28.1232	-0.1579	5.162	4
38.75	28.1218	0.0986	5.1639	4
38.8	28.1206	-0.1642	5.1744	4
38.85	28.1199	-0.1463	5.1634	4
38.9	28.1187	-0.1	5.1488	4
38.95	28.118	-0.4122	5.1621	4
39	28.1172	-0.1421	5.1655	4
39.05	28.1158	-0.0148	5.18	4
39.1	28.1148	-0.449	5.1784	4
39.15	28.1141	-0.0035	5.1629	4
39.2	28.1131	-0.2153	5.143	4
39.25	28.112	-0.3263	5.1421	4
39.3	28.1116	-0.4703	5.1536	4
39.35	28.1106	0.0688	5.155	4
39.4	28.1095	-0.4042	5.1544	4
39.45	28.1087	-0.2762	5.1504	4
39.5	28.1079	-0.1516	5.136	4
39.55	28.1066	-0.0715	5.1379	4
39.6	28.1058	-0.6384	5.1552	4
39.65	28.105	0.0018	5.1549	4
39.7	28.1041	-0.1906	5.1555	4
39.75	28.103	0.025	5.1543	4
39.8	28.1022	-0.4625	5.1457	4
39.85	28.1015	-0.1064	5.1449	4
39.9	28.1004	-0.1165	5.172	4
39.95	28.0997	-0.3342	5.1781	4
40	28.0987	-0.2279	5.1682	4
40.05	28.0979	-0.2157	5.1753	4
40.1	28.0969	-0.3293	5.1713	4
40.15	28.0962	-0.0837	5.1511	4
40.2	28.0951	-0.1357	5.1535	4
40.25	28.094	-0.281	5.1547	4
40.3	28.0931	-0.1356	5.15	4
40.35	28.0918	-0.2122	5.1353	4
40.4	28.0912	-0.385	5.14	4
40.45	28.0908	-0.3679	5.1524	4
40.5	28.0897	-0.1127	5.1497	4
40.55	28.0882	0.0371	5.127	4
40.6	28.0872	-0.4597	5.1428	4
40.65	28.087	-0.3444	5.1435	4
40.7	28.086	0.0605	5.1383	4
40.75	28.0845	-0.1899	5.1432	4
40.8	28.084	-0.4773	5.148	4
40.85	28.0833	-0.0685	5.1508	4
40.9	28.0816	-0.02	5.1348	4
40.95	28.0804	-0.4362	5.1399	4
41	28.0797	-0.0627	5.1494	4
41.05	28.079	-0.1575	5.1586	4
41.1	28.0778	-0.1789	5.1517	4
41.15	28.0765	-0.0666	5.1351	4
41.2	28.0755	-0.3724	5.1374	4
41.25	28.0743	0.0018	5.1475	4
41.3	28.0731	-0.0262	5.1468	4
41.35	28.0722	-0.1516	5.1572	4
41.4	28.0709	-0.0959	5.1525	4
41.45	28.0697	-0.0067	5.1352	4
41.5	28.0688	-0.3774	5.1389	4
41.55	28.068	-0.0545	5.1445	4
41.6	28.0665	-0.1868	5.1461	4
41.65	28.0654	-0.2564	5.134	4
41.7	28.0646	-0.0849	5.1348	4
41.75	28.0631	0.2043	5.1447	4
41.8	28.0615	-0.2935	5.1357	4
41.85	28.0606	-0.1057	5.1422	4
41.9	28.0593	-0.1071	5.1344	4
41.95	28.0582	0.0572	5.1182	4
42	28.057	-0.2652	5.1205	4
42.05	28.056	-0.0521	5.1269	4
42.1	28.055	-0.2324	5.1197	4
42.15	28.0539	-0.1809	5.1326	4
42.2	28.0525	-0.0331	5.1569	4
42.25	28.0519	-0.3707	5.1504	4
42.3	28.0509	-0.1023	5.1274	4
42.35	28.0499	-0.174	5.1316	4
42.4	28.0487	-0.2658	5.1373	4
42.45	28.0478	-0.2905	5.1379	4
42.5	28.0468	-0.0976	5.1663	4
42.55	28.045	0.368	5.1533	4
42.6	28.0429	0.2211	5.148	4
42.65	28.0419	-0.2191	5.1622	4
42.7	28.0398	0.4751	5.1503	4
42.75	28.0382	-0.2644	5.1483	4
42.8	28.0378	-0.339	5.1439	4
42.85	28.0357	0.6256	5.1537	4
42.9	28.0338	-0.1813	5.1579	4
42.95	28.0344	-1.1102	5.1497	4
43	28.0334	0.7216	5.1502	4
43.05	28.031	0.0802	5.1681	4
43.1	28.0313	-1.3277	5.1575	4
43.15	28.0322	-0.5152	5.1652	4
43.2	28.03	0.5918	5.1753	4
43.25	28.0293	-1.1337	5.166	4
43.3	28.0304	-0.7347	5.151	4
43.35	28.0293	0.2322	5.1649	4
43.4	28.0276	-0.2905	5.1755	4
43.45	28.0279	-1.0479	5.1676	4
43.5	28.0276	0.0061	5.1685	4
43.55	28.0259	-0.0814	5.165	4
43.6	28.0256	-0.7297	5.1585	4
43.65	28.025	-0.2301	5.1545	4
43.7	28.0239	0.0191	5.1547	4
43.75	28.023	-0.4798	5.1591	4
43.8	28.0225	-0.1934	5.1649	4
43.85	28.0216	-0.3008	5.1755	4
43.9	28.0214	-0.4488	5.1782	4
43.95	28.0207	-0.1925	5.1629	4
44	28.0198	-0.4477	5.1661	4
44.05	28.0192	-0.2409	5.1778	4
44.1	28.0181	-0.1459	5.163	4
44.15	28.0175	-0.6855	5.1624	4
44.2	28.0175	-0.5077	5.1572	4
44.25	28.0166	-0.1943	5.1729	4
44.3	28.0161	-0.3585	5.1835	4
44.35	28.0157	-0.7145	5.1765	4
44.4	28.0151	-0.1177	5.1707	4
44.45	28.0139	-0.2185	5.1649	4
44.5	28.0135	-0.4621	5.1627	4
44.55	28.0131	-0.279	5.16	4
44.6	28.0121	-0.1319	5.1452	4
44.65	28.0111	-0.3191	5.157	4
44.7	28.0111	-0.7291	5.1659	4
44.75	28.0106	-0.365	5.1632	4
44.8	28.0092	0.1484	5.1684	4
44.85	28.0087	-0.951	5.1804	4
44.9	28.0096	-0.3842	5.1907	4
44.95	28.0073	0.4656	5.1757	4
45	28.0071	-1.4299	5.159	4
45.05	28.008	-0.3481	5.1546	4
45.1	28.006	0.3093	5.151	4
45.15	28.0055	-0.8158	5.1596	4
45.2	28.0054	-0.391	5.1763	4
45.25	28.0041	0.0439	5.1744	4
45.3	28.0029	-0.1774	5.1576	4
45.35	28.0026	-0.5484	5.1532	4
45.4	28.0018	-0.1446	5.1504	4
45.45	28.0001	0.127	5.1543	4
45.5	27.9991	-0.4974	5.1454	4
45.55	27.9984	-0.2149	5.1398	4
45.6	27.9968	0.1493	5.1325	4
45.65	27.9954	-0.2355	5.1424	4
45.7	27.9949	-0.457	5.1517	4
45.75	27.9938	0.0437	5.1565	4
45.8	27.9924	-0.141	5.1465	4
45.85	27.9918	-0.4819	5.1431	4
45.9	27.9906	0.1298	5.1462	4
45.95	27.9894	-0.1669	5.1472	4
46	27.988	-0.0953	5.1447	4
46.05	27.9872	-0.3213	5.1548	4
46.1	27.9865	-0.2639	5.1479	4
46.15	27.985	0.0365	5.129	4
46.2	27.9843	-0.7089	5.1376	4
46.25	27.9839	-0.2842	5.145	4
46.3	27.9826	0.0444	5.1423	4
46.35	27.982	-0.6419	5.1418	4
46.4	27.9816	-0.1084	5.1266	4
46.45	27.9807	-0.4432	5.1433	4
46.5	27.9799	-0.1159	5.1444	4
46.55	27.979	-0.3644	5.1506	4
46.6	27.9786	-0.6408	5.1551	4
46.65	27.9771	0.5466	5.1383	4
46.7	27.9754	-0.3321	5.1467	4
46.75	27.9753	-0.672	5.149	4
46.8	27.9739	0.803	5.1259	4
46.85	27.9716	-0.4298	5.1196	4
46.9	27.972	-0.6546	5.1218	4
46.95	27.9702	0.4759	5.1364	4
47	27.9682	-0.2804	5.1464	4
47.05	27.9683	-0.652	5.1464	4
47.1	27.9671	0.4966	5.139	4
47.15	27.9652	-0.2362	5.128	4
47.2	27.965	-0.5509	5.1245	4
47.25	27.9634	0.3843	5.1233	4
47.3	27.9616	-0.1196	5.1193	4
47.35	27.9616	-0.7577	5.1218	4
47.4	27.9602	0.3131	5.1268	4
47.45	27.958	0.0125	5.1369	4
47.5	27.9575	-0.8082	5.15	4
47.55	27.9574	-0.3465	5.1316	4
47.6	27.956	0.4767	5.1236	4
47.65	27.9547	-0.6612	5.139	4
47.7	27.9552	-0.6324	5.1392	4
47.75	27.9535	0.4903	5.1287	4
47.8	27.9522	-0.8643	5.1284	4
47.85	27.953	-0.7613	5.129	4
47.9	27.9518	0.2739	5.1114	4
47.95	27.9507	-0.7415	5.1243	4
48	27.9515	-0.788	5.1332	4
48.05	27.9501	0.4371	5.1362	4
48.1	27.9489	-0.8317	5.1347	4
48.15	27.9492	-0.5162	5.1264	4
48.2	27.9479	0.1495	5.1249	4
48.25	27.9465	-0.3157	5.1321	4
48.3	27.9466	-0.7421	5.1298	4
48.35	27.9455	0.148	5.1267	4
48.4	27.9439	-0.2914	5.1514	4
48.45	27.9436	-0.5678	5.1592	4
48.5	27.9431	-0.2154	5.1363	4
48.55	27.9415	0.0654	5.1251	4
48.6	27.941	-0.8357	5.1363	4
48.65	27.941	-0.3942	5.1492	4
48.7	27.9392	0.5169	5.1481	4
48.75	27.9379	-0.5795	5.1528	4
48.8	27.9385	-0.8739	5.1522	4
48.85	27.9369	0.6283	5.143	4
48.9	27.9352	-0.6065	5.1398	4
48.95	27.9361	-1.0716	5.123	4
49	27.9352	0.4153	5.1253	4
49.05	27.9336	-0.308	5.1225	4
49.1	27.9339	-0.9369	5.1243	4
49.15	27.9333	0.0516	5.1319	4
49.2	27.9315	-0.0428	5.119	4
49.25	27.9313	-0.8167	5.1154	4
49.3	27.9311	-0.3266	5.1309	4
49.35	27.9295	0.3771	5.131	4
49.4	27.9283	-0.5924	5.1059	4
49.45	27.9285	-0.7145	5.1048	4
49.5	27.9271	0.2288	5.1231	4
49.55	27.9257	-0.4126	5.138	4
49.6	27.9253	-0.3274	5.1328	4
49.65	27.9244	-0.0844	5.123	4
49.7	27.9226	0.0979	5.1288	4
49.75	27.9215	-0.3881	5.1469	4
49.8	27.921	-0.1924	5.1476	4
49.85	27.9196	0.009	5.1373	4
49.9	27.9184	-0.2203	5.1413	4
49.95	27.9175	-0.3688	5.1243	4
50	27.9163	-0.1681	5.1164	4
50.05	27.9152	-0.2001	5.1203	4
50.1	27.914	-0.1785	5.1389	4
50.15	27.9137	-0.5704	5.1362	4
50.2	27.913	-0.0046	5.1143	4
50.25	27.9111	0.0416	5.1247	4
50.3	27.9102	-0.5382	5.1298	4
50.35	27.91	-0.5656	5.1292	4
50.4	27.9081	0.4934	5.1301	4
50.45	27.9065	-0.3125	5.1295	4
50.5	27.9065	-0.6127	5.1409	4
50.55	27.9056	0.18	5.1457	4
50.6	27.9037	-0.097	5.1507	4
50.65	27.9031	-0.7005	5.1556	4
50.7	27.9025	-0.0097	5.1548	4
50.75	27.9006	0.2148	5.1586	4
50.8	27.8997	-0.4711	5.1554	4
50.85	27.899	-0.1457	5.1514	4
50.9	27.8977	0.1927	5.1409	4
50.95	27.8968	-0.4905	5.1135	4
51	27.8961	-0.2795	5.1239	4
51.05	27.8947	0.0113	5.1474	4
51.1	27.8939	-0.3376	5.1403	4
51.15	27.8927	-0.0142	5.1435	4
51.2	27.891	0.0114	5.1499	4
51.25	27.8896	-0.2037	5.1523	4
51.3	27.8889	-0.3236	5.1518	4
51.35	27.8878	-0.1031	5.1485	4
51.4	27.887	-0.5332	5.1482	4
51.45	27.8863	-0.2407	5.1517	4
51.5	27.8853	-0.1435	5.1488	4
51.55	27.8845	-0.3977	5.147	4
51.6	27.8838	-0.3182	5.1508	4
51.65	27.8825	-0.118	5.1623	4
51.7	27.8818	-0.4403	5.1618	4
51.75	27.8814	-0.4423	5.1561	4
51.8	27.8806	-0.2378	5.1478	4
51.85	27.8797	-0.3216	5.1604	4
51.9	27.8794	-0.7228	5.1638	4
51.95	27.8788	-0.207	5.1612	4
52	27.8777	-0.3379	5.1508	4
52.05	27.8772	-0.321	5.1583	4
52.1	27.8764	-0.3173	5.1753	4
52.15	27.8752	-0.1312	5.1788	4
52.2	27.8745	-0.6031	5.183	4
52.25	27.8745	-0.3169	5.1673	4
52.3	27.8729	0.0722	5.1703	4
52.35	27.8721	-0.5581	5.1726	4
52.4	27.8719	-0.5699	5.1584	4
52.45	27.8704	0.2238	5.1505	4
52.5	27.8687	-0.1503	5.1497	4
52.55	27.8686	-0.7616	5.1485	4
52.6	27.8672	0.2832	5.151	4
52.65	27.8651	0.1421	5.1405	4
52.7	27.8645	-0.8836	5.1354	4
52.75	27.864	0.1057	5.1481	4
52.8	27.8615	0.2142	5.1441	4
52.85	27.8606	-0.6754	5.1276	4
52.9	27.8606	-0.1327	5.1391	4
52.95	27.8585	0.3324	5.1454	4
53	27.857	-0.4534	5.1365	4
53.05	27.8568	-0.3617	5.1321	4
53.1	27.8552	0.3086	5.1382	4
53.15	27.8536	-0.2284	5.125	4
53.2	27.8527	-0.2856	5.1351	4
53.25	27.8515	-0.1736	5.1306	4
53.3	27.8498	0.1867	5.1217	4
53.35	27.8489	-0.3977	5.1318	4
53.4	27.8477	-0.0565	5.1307	4
53.45	27.8462	-0.0279	5.1305	4
53.5	27.8455	-0.2535	5.1405	4
53.55	27.8441	0.2228	5.1413	4
53.6	27.8422	-0.1597	5.1331	4
53.65	27.8414	-0.339	5.1188	4
53.7	27.8407	-0.1471	5.12	4
53.75	27.839	0.2073	5.1236	4
53.8	27.8375	-0.1662	5.1263	4
53.85	27.8362	-0.3729	5.1288	4
53.9	27.8351	0.0038	5.1189	4
53.95	27.8336	-0.2343	5.121	4
54	27.8328	-0.1586	5.1186	4
54.05	27.8319	-0.2684	5.114	4
54.1	27.8305	-0.082	5.1327	4
54.15	27.8295	-0.2385	5.1326	4
54.2	27.8282	0.1099	5.1277	4
54.25	27.8272	-0.4205	5.132	4
54.3	27.8263	-0.0968	5.1233	4
54.35	27.8249	0.1603	5.1337	4
54.4	27.8238	-0.4151	5.1409	4
54.45	27.8232	-0.2099	5.144	4
54.5	27.8218	0.137	5.14	4
54.55	27.8203	-0.2623	5.142	4
54.6	27.8198	-0.5199	5.1372	4
54.65	27.8182	0.3315	5.1422	4
54.7	27.8166	-0.4365	5.1524	4
54.75	27.8166	-0.349	5.1393	4
54.8	27.8148	0.2312	5.1412	4
54.85	27.8132	-0.1563	5.1718	4
54.9	27.8125	-0.3734	5.17	4
54.95	27.8117	-0.3797	5.1496	4
55	27.8101	0.2656	5.1579	4
55.05	27.8088	-0.4226	5.1583	4
55.1	27.808	-0.2038	5.1473	4
55.15	27.8065	0.0505	5.145	4
55.2	27.8053	-0.4332	5.1493	4
55.25	27.8045	-0.2048	5.1406	4
55.3	27.8035	-0.1841	5.1297	4
55.35	27.8028	-0.2608	5.144	4
55.4	27.8014	-0.1686	5.1454	4
55.45	27.8004	-0.294	5.1395	4
55.5	27.7995	-0.2306	5.1297	4
55.55	27.7978	0.0445	5.1124	4
55.6	27.7968	-0.2794	5.1287	4
55.65	27.7963	-0.3439	5.1399	4
55.7	27.7948	-0.0367	5.1342	4
55.75	27.794	-0.2706	5.1217	4
55.8	27.7929	-0.3022	5.1369	4
55.85	27.7919	0.0535	5.16	4
55.9	27.79	0.0441	5.1582	4
55.95	27.7891	-0.4679	5.1387	4
56	27.788	0.2471	5.1323	4
56.05	27.7863	-0.3514	5.1255	4
56.1	27.7856	-0.2759	5.115	4
56.15	27.7842	0.098	5.1151	4
56.2	27.7834	-0.5187	5.1383	4
56.25	27.7824	0.0758	5.1528	4
56.3	27.7806	-0.0244	5.1521	4
56.35	27.78	-0.6383	5.1311	4
56.4	27.7788	0.1467	5.1316	4
56.45	27.7771	-0.1743	5.1535	4
56.5	27.7764	-0.4758	5.1523	4
56.55	27.7753	-0.0168	5.135	4
56.6	27.7737	0.0255	5.1372	4
56.65	27.7729	-0.5632	5.1284	4
56.7	27.7725	-0.1513	5.1198	4
56.75	27.7709	0.1366	5.1155	4
56.8	27.77	-0.438	5.1139	4
56.85	27.7691	-0.4192	5.1209	4
56.9	27.7679	0.1143	5.129	4
56.95	27.7667	-0.404	5.1376	4
57	27.7661	-0.1809	5.147	4
57.05	27.7645	0.2252	5.1302	4
57.1	27.7628	-0.2748	5.1091	4
57.15	27.763	-0.8573	5.1176	4
57.2	27.7616	0.5415	5.1215	4
57.25	27.7595	-0.2379	5.1083	4
57.3	27.7597	-1.1171	5.103	4
57.35	27.7587	0.5424	5.1197	4
57.4	27.7562	0.2588	5.108	4
57.45	27.756	-1.1411	5.1087	4
57.5	27.7554	0.3102	5.1168	4
57.55	27.7526	0.2866	5.1206	4
57.6	27.7519	-0.8932	5.1063	4
57.65	27.7522	-0.4444	5.1177	4
57.7	27.75	0.6636	5.1255	4
57.75	27.7486	-0.667	5.1198	4
57.8	27.7488	-0.675	5.116	4
57.85	27.7472	0.6353	5.1113	4
57.9	27.7452	-0.3611	5.1189	4
57.95	27.7451	-0.525	5.1112	4
58	27.744	-0.0869	5.1144	4
58.05	27.7425	-0.1144	5.128	4
58.1	27.7419	-0.4253	5.117	4
58.15	27.7412	-0.3761	5.1212	4
58.2	27.7399	0.2183	5.1225	4
58.25	27.7383	-0.0736	5.1159	4
58.3	27.7379	-0.7332	5.1185	4
58.35	27.7371	-0.1291	5.1111	4
58.4	27.7356	-0.0867	5.1246	4
58.45	27.7349	-0.5125	5.136	4
58.5	27.7343	-0.2963	5.129	4
58.55	27.7331	-0.2774	5.1215	4
58.6	27.7317	0.1347	5.1203	4
58.65	27.7306	-0.4432	5.1246	4
58.7	27.7303	-0.4664	5.1301	4
58.75	27.7287	0.2901	5.1271	4
58.8	27.7278	-0.6014	5.1331	4
58.85	27.728	-0.7394	5.1258	4
58.9	27.7265	0.4606	5.1257	4
58.95	27.7249	-0.6355	5.1284	4
59	27.7255	-0.9951	5.1294	4
59.05	27.7252	-0.1069	5.1398	4
59.1	27.7242	-0.6086	5.1437	4
59.15	27.7257	-1.6372	5.1312	4
59.2	27.726	-0.2903	5.1297	4
59.25	27.7254	-0.7073	5.1249	4
59.3	27.7267	-1.5383	5.1401	4
59.35	27.7266	0.0129	5.1518	4
59.4	27.725	-0.327	5.1456	4
59.45	27.725	-0.6981	5.1426	4
59.5	27.7237	0.4032	5.137	4
59.55	27.7216	0.1385	5.1307	4
59.6	27.7204	-0.2742	5.1246	4
59.65	27.7187	0.2819	5.1293	4
59.7	27.7155	0.8313	5.1357	4
59.75	27.7132	0.096	5.1332	4
59.8	27.7122	0.0753	5.1454	4
59.85	27.7092	0.8562	5.151	4
59.9	27.7065	0.122	5.1433	4
59.95	27.7059	-0.3938	5.1524	4
60	27.7037	0.5893	5.1349	4
60.05	27.7011	0.2073	5.1458	4
60.1	27.7003	-0.4072	5.1599	4
60.15	27.6991	0.0639	5.1367	4
60.2	27.6971	0.2378	5.1411	4
60.25	27.6963	-0.4937	5.1422	4
60.3	27.696	-0.2639	5.1455	4
60.35	27.6945	0.0196	5.1475	4
60.4	27.6934	-0.5438	5.1472	4
60.45	27.6929	-0.3712	5.1161	4
60.5	27.6918	-0.0058	5.1018	4
60.55	27.691	-0.8059	5.125	4
60.6	27.6908	-0.0773	5.1273	4
60.65	27.6891	-0.025	5.1284	4
60.7	27.6889	-0.7899	5.1396	4
60.75	27.6887	-0.1239	5.1674	4
60.8	27.6861	0.3414	5.1549	4
60.85	27.6856	-1.0585	5.1413	4
60.9	27.6861	-0.4791	5.1377	4
60.95	27.6839	0.4	5.1346	4
61	27.6831	-0.6503	5.1504	4
61.05	27.683	-0.4848	5.1536	4
61.1	27.6812	0.4307	5.1432	4
61.15	27.6797	-0.5659	5.1424	4
61.2	27.6794	-0.4057	5.1518	4
61.25	27.6784	-0.1703	5.1493	4
61.3	27.6779	-0.4869	5.159	4
61.35	27.6771	-0.1327	5.1619	4
61.4	27.6756	-0.1088	5.1518	4
61.45	27.675	-0.7718	5.1583	4
61.5	27.6746	-0.129	5.1709	4
61.55	27.6728	0.1055	5.1794	4
61.6	27.6718	-0.4131	5.1807	4
61.65	27.6717	-0.5786	5.1589	4
61.7	27.6704	0.0635	5.1653	4
61.75	27.669	-0.275	5.1691	4
61.8	27.6683	-0.5275	5.1407	4
61.85	27.6673	0.0439	5.1656	4
61.9	27.6662	-0.2981	5.1871	4
61.95	27.6653	-0.2585	5.1884	4
62	27.6646	-0.3026	5.1964	4
62.05	27.6632	-0.1579	5.1808	4
62.1	27.6622	-0.1901	5.179	4
62.15	27.6613	-0.273	5.1795	4
62.2	27.6605	-0.1653	5.1797	4
62.25	27.659	-0.1516	5.198	4
62.3	27.6576	-0.2078	5.1822	4
62.35	27.6567	-0.3416	5.1741	4
62.4	27.6564	-0.47	5.1734	4
62.45	27.6548	0.0958	5.173	4
62.5	27.6537	-0.622	5.1613	4
62.55	27.6534	-0.2007	5.1777	4
62.6	27.6521	-0.0579	5.2005	4
62.65	27.6508	-0.1901	5.1818	4
62.7	27.6499	-0.3726	5.1714	4
62.75	27.6491	-0.291	5.1757	4
62.8	27.6482	-0.1737	5.1779	4
62.85	27.647	-0.1911	5.1783	4
62.9	27.6464	-0.5487	5.1848	4
62.95	27.6456	-0.0358	5.1862	4
63	27.644	-0.1449	5.1826	4
63.05	27.643	-0.1892	5.1664	4
63.1	27.6425	-0.3893	5.1711	4
63.15	27.6411	0.0308	5.1701	4
63.2	27.64	-0.4088	5.1467	4
63.25	27.6391	-0.2155	5.1443	4
63.3	27.6378	-0.2237	5.152	4
63.35	27.6368	-0.2196	5.1341	4
63.4	27.636	-0.31	5.1446	4
63.45	27.6349	-0.0524	5.1507	4
63.5	27.634	-0.4317	5.1507	4
63.55	27.6334	-0.5551	5.1464	4
63.6	27.6324	0.0165	5.1389	4
63.65	27.6315	-0.2881	5.1343	4
63.7	27.6311	-0.7234	5.1344	4
63.75	27.6304	0.0306	5.1438	4
63.8	27.6287	-0.1176	5.1596	4
63.85	27.6283	-0.6337	5.1743	4
63.9	27.6275	-0.1012	5.1763	4
63.95	27.6263	-0.2826	5.1515	4
64	27.6257	-0.6398	5.1507	4
64.05	27.6248	-0.1335	5.1684	4
64.1	27.6238	-0.3115	5.1586	4
64.15	27.6235	-0.5457	5.1732	4
64.2	27.6225	-0.112	5.1721	4
64.25	27.6215	-0.3116	5.156	4
64.3	27.6209	-0.6965	5.1448	4
64.35	27.6208	-0.5359	5.1614	4
64.4	27.6197	-0.2045	5.174	4
64.45	27.6192	-0.6377	5.1532	4
64.5	27.6189	-0.6791	5.1433	4
64.55	27.6181	0.0241	5.1538	4
64.6	27.617	-0.549	5.1525	4
64.65	27.6174	-0.646	5.1492	4
64.7	27.6165	-0.2326	5.1472	4
64.75	27.6155	-0.3496	5.144	4
64.8	27.6151	-0.6973	5.1683	4
64.85	27.6148	-0.4281	5.1642	4
64.9	27.6132	-0.1295	5.1647	4
64.95	27.6127	-0.6107	5.1744	4
65	27.6126	-0.5909	5.158	4
65.05	27.6116	0.1496	5.1511	4
65.1	27.6103	-0.5975	5.1509	4
65.15	27.6109	-0.9744	5.1572	4
65.2	27.61	0.1108	5.1478	4
65.25	27.6084	-0.3332	5.1389	4
65.3	27.6087	-0.7947	5.1663	4
65.35	27.6081	0.1072	5.1693	4
65.4	27.6064	-0.1603	5.1666	4
65.45	27.6064	-0.8045	5.1701	4
65.5	27.6057	-0.076	5.1603	4
65.55	27.6046	-0.4976	5.1633	4
65.6	27.6044	-0.6265	5.166	4
65.65	27.6037	0.0588	5.1709	4
65.7	27.6025	-0.6253	5.1649	4
65.75	27.6023	-0.2932	5.1648	4
65.8	27.6009	-0.0835	5.1716	4
65.85	27.6002	-0.6019	5.1505	4
65.9	27.5999	-0.4738	5.151	4
65.95	27.599	-0.0749	5.1692	4
66	27.5983	-0.6724	5.1409	4
66.05	27.5983	-0.4205	5.1216	4
66.1	27.5971	-0.1404	5.1245	4
66.15	27.596	-0.2995	5.1318	4
66.2	27.5951	-0.4769	5.142	4
66.25	27.5944	-0.3676	5.1405	4
66.3	27.5939	-0.4817	5.1428	4
66.35	27.5929	-0.0933	5.1592	4
66.4	27.5926	-0.8506	5.1404	4
66.45	27.5922	-0.0468	5.1391	4
66.5	27.5904	0.1154	5.1484	4
66.55	27.5898	-0.7221	5.1522	4
66.6	27.5891	-0.1353	5.1578	4
66.65	27.5875	0.0994	5.1551	4
66.7	27.5867	-0.5941	5.1585	4
66.75	27.5862	-0.2396	5.1532	4
66.8	27.5847	0.0661	5.1563	4
66.85	27.584	-0.8386	5.1541	4
66.9	27.5842	-0.5639	5.1271	4
66.95	27.5835	-0.4657	5.1415	4
67	27.5844	-1.492	5.1632	4
67.05	27.5869	-1.6842	5.1504	4
67.1	27.5865	-0.0939	5.1516	4
67.15	27.586	-1.2463	5.1372	4
67.2	27.5875	-0.9216	5.1372	4
67.25	27.5859	0.5915	5.1411	4
67.3	27.5836	-0.2976	5.1336	4
67.35	27.5847	-1.5116	5.139	4
67.4	27.5838	0.4218	5.1509	4
67.45	27.5815	0.0353	5.1377	4
67.5	27.582	-1.347	5.1466	4
67.55	27.5816	0.2529	5.1641	4
67.6	27.5794	0.028	5.158	4
67.65	27.5791	-0.9496	5.135	4
67.7	27.5784	0.2603	5.1194	4
67.75	27.5768	-0.2171	5.1258	4
67.8	27.5766	-0.6513	5.1443	4
67.85	27.5759	-0.2707	5.1637	4
67.9	27.5752	-0.554	5.1558	4
67.95	27.5746	-0.1275	5.1459	4
68	27.574	-0.4381	5.1507	4
68.05	27.5735	-0.6585	5.1492	4
68.1	27.5726	0.0475	5.1474	4
68.15	27.5715	-0.6936	5.1584	4
68.2	27.5715	-0.5627	5.1542	4
68.25	27.5708	-0.1508	5.1629	4
68.3	27.5701	-0.6241	5.1538	4
68.35	27.5703	-0.5083	5.1626	4
68.4	27.5696	-0.3102	5.1593	4
68.45	27.569	-0.6509	5.1576	4
68.5	27.5683	-0.242	5.1665	4
68.55	27.5674	-0.3933	5.1628	4
68.6	27.5667	-0.5564	5.1717	4
68.65	27.5664	-0.469	5.185	4
68.7	27.5654	-0.0962	5.1955	4
68.75	27.5646	-0.7279	5.1952	4
68.8	27.5649	-0.6646	5.1736	4
68.85	27.5637	0.1725	5.1771	4
68.9	27.5624	-0.587	5.1701	4
68.95	27.5632	-1.2329	5.1517	4
69	27.5625	0.4611	5.166	4
69.05	27.5604	-0.442	5.1773	4
69.1	27.5615	-1.1939	5.1786	4
69.15	27.5607	0.4695	5.1783	4
69.2	27.5586	-0.4383	5.1665	4
69.25	27.559	-1.1374	5.1914	4
69.3	27.5586	0.2632	5.1942	4
69.35	27.5568	-0.3197	5.183	4
69.4	27.5573	-1.0776	5.1673	4
69.45	27.5567	0.2714	5.1583	4
69.5	27.5547	-0.2005	5.156	4
69.55	27.5551	-1.3064	5.1445	4
69.6	27.5548	0.318	5.1576	4
69.65	27.5524	0.1465	5.1806	4
69.7	27.553	-1.4445	5.167	4
69.75	27.5528	0.1943	5.1465	4
69.8	27.55	0.1939	5.1576	4
69.85	27.55	-1.3637	5.1706	4
69.9	27.5505	-0.1939	5.1701	4
69.95	27.5482	0.3615	5.1579	4
70	27.5479	-1.1054	5.1715	4
70.05	27.5484	-0.5433	5.1738	4
70.1	27.5465	0.4873	5.1642	4
70.15	27.5457	-0.9628	5.1594	4
70.2	27.546	-0.4983	5.1546	4
70.25	27.5445	0.0593	5.1496	4
70.3	27.5437	-0.5739	5.172	4
70.35	27.5436	-0.447	5.1641	4
70.4	27.542	0.1457	5.1599	4
70.45	27.5411	-0.7242	5.1619	4
70.5	27.5413	-0.5755	5.1589	4
70.55	27.5398	0.2749	5.1559	4
70.6	27.5388	-0.6637	5.1507	4
70.65	27.539	-0.8528	5.1524	4
70.7	27.5382	0.1759	5.1521	4
70.75	27.5368	-0.445	5.1687	4
70.8	27.5368	-0.7139	5.1707	4
70.85	27.5361	-0.103	5.1572	4
70.9	27.5349	-0.1434	5.1533	4
70.95	27.5339	-0.3811	5.1546	4
71	27.5332	-0.2706	5.1612	4
71.05	27.5322	-0.2323	5.1711	4
71.1	27.5314	-0.3845	5.18	4
71.15	27.5305	-0.1716	5.1897	4
71.2	27.5294	-0.3039	5.1711	4
71.25	27.5287	-0.4505	5.1643	4
71.3	27.5279	-0.3767	5.1836	4
71.35	27.5268	-0.2155	5.1689	4
71.4	27.526	-0.2694	5.1635	4
71.45	27.5251	-0.4534	5.1814	4
71.5	27.5245	-0.1374	5.1856	4
71.55	27.5234	-0.3777	5.1854	4
71.6	27.5227	-0.4997	5.1892	4
71.65	27.5223	-0.4528	5.1892	4
71.7	27.5217	-0.3232	5.1927	4
71.75	27.5207	-0.3415	5.1905	4
71.8	27.5197	-0.3369	5.1968	4
71.85	27.5193	-0.5148	5.1898	4
71.9	27.5186	-0.0123	5.1756	4
71.95	27.5173	0.0224	5.1835	4
72	27.5161	-0.4537	5.1735	4
72.05	27.5155	-0.6423	5.1798	4
72.1	27.5151	-0.3046	5.1811	4
72.15	27.5139	-0.0021	5.1877	4
72.2	27.5131	-0.7231	5.1877	4
72.25	27.5135	-0.7422	5.1779	4
72.3	27.5126	0.0911	5.1937	4
72.35	27.5113	-0.2923	5.1954	4
72.4	27.5112	-0.6642	5.185	4
72.45	27.5108	-0.2359	5.1662	4
72.5	27.5092	-0.2017	5.179	4
72.55	27.5091	-0.8614	5.1751	4
72.6	27.5096	-0.4868	5.1753	4
72.65	27.5081	-0.012	5.1668	4
72.7	27.5072	-0.7507	5.1527	4
72.75	27.5075	-0.682	5.16	4
72.8	27.5068	-0.2491	5.1618	4
72.85	27.5055	-0.2593	5.1491	4
72.9	27.5055	-1.0146	5.1429	4
72.95	27.5057	-0.4661	5.158	4
73	27.5043	0.0439	5.1572	4
73.05	27.5043	-1.2471	5.1667	4
73.1	27.5048	-0.1947	5.1633	4
73.15	27.5033	-0.2826	5.1639	4
73.2	27.5037	-1.1348	5.1692	4
73.25	27.5036	-0.4283	5.149	4
73.3	27.5029	-0.6616	5.1443	4
73.35	27.5035	-0.9204	5.1631	4
73.4	27.503	-0.3767	5.1771	4
73.45	27.5024	-0.5733	5.1822	4
73.5	27.503	-1.1217	5.165	4
73.55	27.5029	-0.1626	5.1696	4
73.6	27.5016	-0.2926	5.1767	4
73.65	27.5021	-1.3063	5.1747	4
73.7	27.5022	-0.2662	5.189	4
73.75	27.5009	-0.3001	5.1895	4
73.8	27.5013	-1.1879	5.1768	4
73.85	27.5016	-0.4583	5.1685	4
73.9	27.5003	0.0383	5.1634	4
73.95	27.4994	-0.7158	5.1778	4
74	27.5005	-1.0281	5.1863	4
74.05	27.4992	0.3077	5.1722	4
74.1	27.498	-0.8579	5.1617	4
74.15	27.4995	-1.0314	5.167	4
74.2	27.4984	0.1529	5.1624	4
74.25	27.4973	-0.7668	5.1737	4
74.3	27.4979	-0.687	5.1692	4
74.35	27.4968	-0.0039	5.1562	4
74.4	27.4959	-0.6577	5.1547	4
74.45	27.4967	-1.0522	5.1555	4
74.5	27.4964	-0.3275	5.1357	4
74.55	27.4959	-0.453	5.1359	4
74.6	27.4959	-0.843	5.1523	4
74.65	27.4955	-0.3741	5.1635	4
74.7	27.4951	-0.5598	5.1569	4
74.75	27.4946	-0.4485	5.149	4
74.8	27.4938	-0.3945	5.136	4
74.85	27.4939	-0.8458	5.1509	4
74.9	27.4935	-0.2912	5.1787	4
74.95	27.4923	-0.1631	5.1675	4
75	27.492	-0.8359	5.1747	4
75.05	27.4923	-0.6941	5.1652	4
75.1	27.4914	0.1195	5.1437	4
75.15	27.4902	-0.564	5.1506	4
75.2	27.4911	-1.3011	5.1615	4
75.25	27.4914	-0.416	5.1542	4
75.3	27.4895	0.045	5.1504	4
75.35	27.4897	-1.4065	5.1521	4
75.4	27.4912	-0.865	5.1516	4
75.45	27.4893	0.6062	5.1562	4
75.5	27.4874	-0.5693	5.162	4
75.55	27.4887	-1.3482	5.1636	4
75.6	27.4878	0.3684	5.1656	4
75.65	27.4854	0.1283	5.1852	4
75.7	27.4855	-1.1023	5.1752	4
75.75	27.4849	0.4853	5.1618	4
75.8	27.4809	1.2045	5.1581	4
75.85	27.4783	-0.0601	5.1621	4
75.9	27.4766	0.7292	5.1761	4
75.95	27.4726	1.4003	5.1729	4
76	27.4698	-0.3476	5.1666	4
76.05	27.4704	-0.8644	5.1658	4
76.1	27.4704	-0.791	5.1725	4
76.15	27.4717	-1.8438	5.1609	4
76.2	27.4751	-2.1855	5.1434	4
76.25	27.477	-1.325	5.1603	4
76.3	27.4778	-1.2309	5.1656	4
76.35	27.4801	-2.1436	5.1515	4
76.4	27.4816	-1.0046	5.1641	4
76.45	27.4812	-0.2042	5.1667	4
76.5	27.4806	-0.6654	5.1694	4
76.55	27.4804	-0.4475	5.171	4
76.6	27.4792	0.1845	5.1603	4
76.65	27.4773	-0.14	5.1676	4
76.7	27.4767	-0.4737	5.1792	4
76.75	27.4765	-0.5146	5.1763	4
76.8	27.4754	-0.1387	5.1707	4
76.85	27.475	-0.7136	5.1682	4
76.9	27.4747	-0.434	5.17	4
76.95	27.4738	-0.4044	5.1551	4
77	27.4735	-0.417	5.1731	4
77.05	27.4731	-0.5609	5.1915	4
77.1	27.4722	-0.1613	5.165	4
77.15	27.4716	-0.6541	5.1648	4
77.2	27.4718	-0.9331	5.1606	4
77.25	27.4707	0.1781	5.164	4
77.3	27.4699	-0.705	5.1784	4
77.35	27.4707	-1.0395	5.1816	4
77.4	27.4699	0.096	5.1645	4
77.45	27.4687	-0.6351	5.1459	4
77.5	27.4691	-0.7117	5.1485	4
77.55	27.4685	-0.3045	5.1686	4
77.6	27.4674	-0.3066	5.1534	4
77.65	27.4674	-0.8303	5.1387	4
77.7	27.4671	-0.2948	5.1565	4
77.75	27.4662	-0.3957	5.1597	4
77.8	27.4659	-0.6323	5.1611	4
77.85	27.4652	-0.2985	5.1553	4
77.9	27.4654	-0.958	5.1532	4
77.95	27.465	-0.2159	5.147	4
78	27.4649	-0.8065	5.1589	4
78.05	27.4649	-0.7754	5.1544	4
78.1	27.4646	-0.3217	5.1529	4
78.15	27.4633	-0.1557	5.1643	4
78.2	27.4628	-0.713	5.1709	4
78.25	27.4627	-0.4226	5.175	4
78.3	27.4621	-0.4653	5.1688	4
78.35	27.4614	-0.3176	5.1589	4
78.4	27.4616	-1.0669	5.1563	4
78.45	27.4612	0.0101	5.1553	4
78.5	27.4598	-0.5736	5.1555	4
78.55	27.4597	-0.4971	5.1756	4
78.6	27.4594	-0.5128	5.2011	4
78.65	27.4585	-0.0595	5.1929	4
78.7	27.4577	-0.6907	5.1756	4
78.75	27.4577	-0.4557	5.166	4
78.8	27.4569	-0.4786	5.1653	4
78.85	27.457	-0.8057	5.1586	4
78.9	27.4569	-0.6586	5.1606	4
78.95	27.4568	-0.7267	5.1737	4
79	27.4564	-0.6355	5.1787	4
79.05	27.457	-0.8212	5.1753	4
79.1	27.4566	-0.688	5.1677	4
79.15	27.4568	-0.8365	5.1363	4
79.2	27.457	-0.8429	5.1456	4
79.25	27.4573	-0.6292	5.1496	4
79.3	27.4566	-0.4023	5.1427	4
79.35	27.4563	-0.5437	5.1485	4
79.4	27.4557	-0.2572	5.1345	4
79.45	27.4549	-0.5431	5.1246	4
79.5	27.4541	-0.2325	5.1327	4
79.55	27.4536	-0.6011	5.1219	4
79.6	27.4525	-0.0886	5.11	4
79.65	27.4526	-1.0197	5.1192	4
79.7	27.4523	-0.3153	5.147	4
79.75	27.4514	-0.2597	5.1401	4
79.8	27.4514	-1.1522	5.149	4
79.85	27.4528	-1.0108	5.1625	4
79.9	27.4521	-0.3154	5.1585	4
79.95	27.4529	-1.7356	5.1572	4
80	27.4538	-0.4544	5.1454	4
80.05	27.4508	1.28	5.1573	4
80.1	27.4467	0.6611	5.1487	4
80.15	27.4459	-0.6934	5.1436	4
80.2	27.4461	-0.462	5.149	4
80.25	27.4455	-0.4286	5.146	4
80.3	27.4453	-0.6862	5.1492	4
80.35	27.4449	-0.358	5.1733	4
80.4	27.4444	-0.6376	5.1657	4
80.45	27.4444	-0.5534	5.1512	4
80.5	27.4437	-0.2291	5.1589	4
80.55	27.4435	-1.0792	5.1619	4
80.6	27.4444	-0.921	5.1617	4
80.65	27.4445	-0.6893	5.1502	4
80.7	27.444	-0.4639	5.1425	4
80.75	27.4446	-1.263	5.1432	4
80.8	27.4449	-0.6244	5.1485	4
80.85	27.4442	-0.2765	5.1534	4
80.9	27.4441	-0.7945	5.1478	4
80.95	27.4437	-0.5535	5.1509	4
81	27.444	-0.8381	5.1454	4
81.05	27.444	-0.5409	5.1424	4
81.1	27.4436	-0.5272	5.1337	4
81.15	27.4433	-0.624	5.1372	4
81.2	27.4441	-1.1706	5.1324	4
81.25	27.4432	0.0927	5.1254	4
81.3	27.4427	-0.7398	5.1396	4
81.35	27.443	-0.8701	5.1481	4
81.4	27.4432	-0.4932	5.1451	4
81.45	27.4424	-0.0608	5.1524	4
81.5	27.4421	-1.1562	5.1663	4
81.55	27.4422	-0.3572	5.1496	4
81.6	27.4415	-0.3466	5.1421	4
81.65	27.4407	-0.3105	5.1442	4
81.7	27.4409	-0.9699	5.1302	4
81.75	27.4409	-0.5537	5.1319	4
81.8	27.4397	-0.2653	5.1497	4
81.85	27.4397	-0.8463	5.1556	4
81.9	27.4403	-0.8275	5.135	4
81.95	27.4392	0.1319	5.1381	4
82	27.4386	-1.0919	5.1706	4
82.05	27.4393	-0.6528	5.1752	4
82.1	27.4382	-0.0937	5.1766	4
82.15	27.4382	-1.0446	5.1834	4
82.2	27.4386	-0.6184	5.1689	4
82.25	27.4378	-0.2854	5.1547	4
82.3	27.4375	-0.7578	5.148	4
82.35	27.4378	-0.9332	5.1574	4
82.4	27.4372	-0.0718	5.1579	4
82.45	27.4362	-0.4818	5.1489	4
82.5	27.4367	-1.0415	5.1705	4
82.55	27.4366	-0.3814	5.1622	4
82.6	27.4356	-0.4246	5.1385	4
82.65	27.4357	-0.7166	5.1444	4
82.7	27.4357	-0.4777	5.1538	4
82.75	27.4349	-0.3345	5.1529	4
82.8	27.434	-0.4736	5.1451	4
82.85	27.4341	-0.7315	5.139	4
82.9	27.4336	-0.3637	5.1555	4
82.95	27.4332	-0.6438	5.1651	4
83	27.4332	-0.674	5.1682	4
83.05	27.4331	-0.7801	5.1612	4
83.1	27.4329	-0.4273	5.1543	4
83.15	27.4324	-0.4698	5.1579	4
83.2	27.4328	-1.0668	5.1478	4
83.25	27.4328	-0.4266	5.1334	4
83.3	27.4322	-0.5561	5.134	4
83.35	27.433	-1.3015	5.1408	4
83.4	27.4333	-0.6424	5.1405	4
83.45	27.4327	-0.3959	5.1339	4
83.5	27.4332	-1.221	5.1255	4
83.55	27.4338	-0.6791	5.1306	4
83.6	27.4336	-0.5071	5.1414	4
83.65	27.4338	-0.8382	5.1411	4
83.7	27.4345	-0.9457	5.1272	4
83.75	27.4341	-0.5373	5.1256	4
83.8	27.4341	-0.8815	5.1258	4
83.85	27.4342	-0.4996	5.1303	4
83.9	27.4335	-0.4943	5.1443	4
83.95	27.4335	-0.7059	5.1492	4
84	27.4335	-0.5838	5.1545	4
84.05	27.4335	-0.6182	5.1621	4
84.1	27.4332	-0.6876	5.1407	4
84.15	27.4334	-0.8331	5.1273	4
84.2	27.4332	-0.5814	5.1224	4
84.25	27.4331	-0.5376	5.1084	4
84.3	27.4327	-0.513	5.1222	4
84.35	27.4321	-0.5461	5.1339	4
84.4	27.4317	-0.5402	5.1305	4
84.45	27.4313	-0.5482	5.1351	4
84.5	27.4312	-0.6595	5.1473	4
84.55	27.4313	-0.6701	5.1392	4
84.6	27.4309	-0.5018	5.1412	4
84.65	27.4306	-0.6096	5.1522	4
84.7	27.4306	-0.68	5.1631	4
84.75	27.4305	-0.5358	5.1593	4
84.8	27.4297	-0.5506	5.142	4
84.85	27.43	-0.9643	5.1208	4
84.9	27.4307	-0.7587	5.1199	4
84.95	27.4305	-0.6855	5.1352	4
85	27.4308	-0.9076	5.14	4
85.05	27.4312	-0.8917	5.1384	4
85.1	27.431	-0.6555	5.147	4
85.15	27.4308	-0.6753	5.1416	4
85.2	27.4307	-0.703	5.1423	4
85.25	27.4307	-0.6181	5.1495	4
85.3	27.4306	-0.4951	5.1489	4
85.35	27.4303	-0.5391	5.1414	4
85.4	27.4298	-0.3432	5.1405	4
85.45	27.4291	-0.4755	5.1488	4
85.5	27.4281	-0.2682	5.1483	4
85.55	27.4272	-0.3854	5.1392	4
85.6	27.4267	-0.2234	5.1228	4
85.65	27.4257	-0.2401	5.1248	4
85.7	27.4246	-0.3078	5.1402	4
85.75	27.4238	-0.3921	5.1523	4
85.8	27.423	-0.15	5.1491	4
85.85	27.422	-0.3139	5.1285	4
85.9	27.4212	-0.5311	5.125	4
85.95	27.4205	-0.3476	5.1306	4
86	27.4192	-0.0125	5.1445	4
86.05	27.4192	-1.0912	5.1354	4
86.1	27.4192	0.1026	5.1338	4
86.15	27.417	-0.2248	5.1502	4
86.2	27.4176	-1.2656	5.1481	4
86.25	27.4172	0.1753	5.1218	4
86.3	27.4155	-0.2638	5.1324	4
86.35	27.4157	-0.9238	5.132	4
86.4	27.4157	-0.6474	5.1148	4
86.45	27.4149	0.0077	5.1329	4
86.5	27.4141	-0.5609	5.1451	4
86.55	27.4147	-0.94	5.1521	4
86.6	27.4136	0.0566	5.1607	4
86.65	27.412	-0.2909	5.158	4
86.7	27.4125	-1.2683	5.1611	4
86.75	27.4125	-0.0793	5.1682	4
86.8	27.4109	-0.0307	5.1688	4
86.85	27.4108	-1.264	5.1561	4
86.9	27.412	-0.7868	5.154	4
86.95	27.4101	0.5179	5.1457	4
87	27.4092	-0.9158	5.1338	4
87.05	27.4103	-1.043	5.1429	4
87.1	27.4092	0.2967	5.1332	4
87.15	27.408	-0.8302	5.1255	4
87.2	27.4089	-1.0514	5.1401	4
87.25	27.4087	-0.2575	5.1436	4
87.3	27.4075	-0.1523	5.1351	4
87.35	27.4065	-0.7394	5.1359	4
87.4	27.407	-0.6547	5.1332	4
87.45	27.4058	0.0931	5.1145	4
87.5	27.4045	-0.5072	5.1143	4
87.55	27.4045	-0.7366	5.1151	4
87.6	27.4035	0.1117	5.134	4
87.65	27.4024	-0.5075	5.1478	4
87.7	27.402	-0.4788	5.1291	4
87.75	27.4012	-0.1442	5.1151	4
87.8	27.3998	-0.3473	5.1103	4
87.85	27.3995	-0.5932	5.1213	4
87.9	27.3993	-0.1452	5.1204	4
87.95	27.3988	-0.6169	5.1309	4
88	27.3987	-0.9112	5.1541	4
88.05	27.3982	-0.6069	5.1528	4
88.1	27.3987	-0.8514	5.1556	4
88.15	27.3989	-0.6557	5.1529	4
88.2	27.3986	-0.7253	5.1423	4
88.25	27.3991	-1.0641	5.1507	4
88.3	27.3995	-0.6613	5.1413	4
88.35	27.3998	-1.0291	5.1404	4
88.4	27.4001	-0.7859	5.1334	4
88.45	27.4005	-1.07	5.1332	4
88.5	27.4016	-1.136	5.1511	4
88.55	27.4021	-0.6692	5.1505	4
88.6	27.4025	-1.0867	5.1419	4
88.65	27.4033	-1.0865	5.1268	4
88.7	27.404	-0.6717	5.1211	4
88.75	27.4043	-0.8497	5.125	4
88.8	27.4051	-1.1856	5.13	4
88.85	27.406	-0.8914	5.1283	4
88.9	27.4064	-1.036	5.1406	4
88.95	27.407	-1.1092	5.1479	4
89	27.4077	-0.928	5.1371	4
89.05	27.4075	-0.5334	5.1424	4
89.1	27.408	-1.0419	5.1608	4
89.15	27.4085	-0.8021	5.1622	4
89.2	27.4081	-0.6931	5.1535	4
89.25	27.4087	-1.0636	5.1635	4
89.3	27.4099	-1.0217	5.1701	4
89.35	27.4094	-0.4848	5.1672	4
89.4	27.41	-1.1806	5.1599	4
89.45	27.4113	-1.194	5.1582	4
89.5	27.4115	-0.5484	5.1597	4
89.55	27.4116	-0.9953	5.1471	4
89.6	27.412	-0.9496	5.141	4
89.65	27.4121	-0.5803	5.1482	4
89.7	27.4123	-0.9481	5.1367	4
89.75	27.413	-0.7888	5.1347	4
89.8	27.413	-0.88	5.1471	4
89.85	27.4129	-0.4773	5.1498	4
89.9	27.4133	-1.2494	5.152	4
89.95	27.4135	-0.4352	5.1416	4
90	27.4127	-0.2625	5.1582	4
90.05	27.4133	-1.4736	5.1802	4
90.1	27.4141	-0.5884	5.1706	4
90.15	27.4132	-0.0933	5.1705	4
90.2	27.4127	-0.8291	5.1764	4
90.25	27.4134	-1.1891	5.1814	4
90.3	27.4136	-0.4497	5.1804	4
90.35	27.4127	-0.1728	5.176	4
90.4	27.4124	-1.2159	5.168	4
90.45	27.4135	-0.6751	5.1437	4
90.5	27.4126	-0.263	5.1541	4
90.55	27.412	-0.6422	5.1716	4
90.6	27.4128	-1.0527	5.145	4
90.65	27.4131	-0.7316	5.1372	4
90.7	27.4124	-0.3312	5.1677	4
90.75	27.413	-1.2651	5.178	4
90.8	27.4137	-0.7501	5.1783	4
90.85	27.4132	-0.4378	5.1643	4
90.9	27.4131	-0.6711	5.1673	4
90.95	27.4129	-0.5552	5.1651	4
91	27.4126	-0.372	5.1407	4
91.05	27.4117	-0.6727	5.1461	4
91.1	27.4111	-0.181	5.1311	4
91.15	27.4106	-0.5878	5.1441	4
91.2	27.4108	-0.7845	5.1402	4
91.25	27.4101	-0.2577	5.131	4
91.3	27.4101	-0.9567	5.1536	4
91.35	27.4104	-0.9477	5.1539	4
91.4	27.4108	-0.6705	5.1454	4
91.45	27.4102	-0.2418	5.1492	4
91.5	27.4105	-1.1886	5.1507	4
91.55	27.4112	-0.6607	5.1611	4
91.6	27.4108	-0.4544	5.1498	4
91.65	27.4101	-0.5395	5.1442	4
91.7	27.4108	-1.2243	5.1383	4
91.75	27.411	-0.5657	5.1235	4
91.8	27.4105	-0.6915	5.129	4
91.85	27.4111	-0.908	5.1388	4
91.9	27.4115	-0.7555	5.1358	4
91.95	27.4112	-0.4713	5.1381	4
92	27.4112	-0.8553	5.1404	4
92.05	27.4116	-0.8381	5.1564	4
92.1	27.4114	-0.5958	5.1446	4
92.15	27.4119	-0.9151	5.128	4
92.2	27.4121	-0.8057	5.1346	4
92.25	27.4125	-0.6762	5.1366	4
92.3	27.4125	-0.609	5.1371	4
92.35	27.4126	-0.9545	5.1384	4
92.4	27.4125	-0.6723	5.1476	4
92.45	27.4123	-0.5612	5.1462	4
92.5	27.4124	-0.8832	5.1324	4
92.55	27.4128	-0.9111	5.1419	4
92.6	27.4126	-0.394	5.131	4
92.65	27.4123	-0.9101	5.117	4
92.7	27.4128	-0.8248	5.1355	4
92.75	27.4131	-0.8011	5.1415	4
92.8	27.4133	-0.7489	5.142	4
92.85	27.4136	-1.0148	5.1427	4
92.9	27.4143	-0.9275	5.1208	4
92.95	27.4145	-0.7254	5.1351	4
93	27.4148	-0.9697	5.1672	4
93.05	27.4151	-0.7715	5.175	4
93.1	27.4151	-0.8989	5.1557	4
93.15	27.4151	-0.638	5.1252	4
93.2	27.4156	-0.7596	5.1466	4
93.25	27.4153	-0.5327	5.1614	4
93.3	27.4151	-0.4376	5.1362	4
93.35	27.4145	-0.4693	5.1288	4
93.4	27.4136	-0.3112	5.126	4
93.45	27.412	0.4172	5.1426	4
93.5	27.4109	-0.6067	5.1246	4
93.55	27.4104	-0.2787	5.1081	4
93.6	27.4096	-0.1687	5.1363	4
93.65	27.4092	-0.785	5.135	4
93.7	27.4093	-0.7152	5.1295	4
93.75	27.4085	-0.3818	5.1403	4
93.8	27.4084	-0.6849	5.1374	4
93.85	27.4091	-0.943	5.14	4
93.9	27.4087	-0.3309	5.1371	4
93.95	27.4079	-0.4559	5.1381	4
94	27.4082	-0.9247	5.1386	4
94.05	27.4083	-0.6278	5.1361	4
94.1	27.4078	-0.4573	5.1325	4
94.15	27.4076	-0.6806	5.1252	4
94.2	27.4074	-0.7057	5.1274	4
94.25	27.4077	-0.8188	5.1442	4
94.3	27.4074	-0.5476	5.1297	4
94.35	27.4071	-0.5468	5.1266	4
94.4	27.4069	-0.6037	5.1386	4
94.45	27.407	-0.7849	5.1331	4
94.5	27.4065	-0.3204	5.1374	4
94.55	27.406	-0.6122	5.1243	4
94.6	27.4061	-1.0362	5.1422	4
94.65	27.4059	-0.1527	5.1577	4
94.7	27.4048	-0.4039	5.1557	4
94.75	27.4051	-0.9483	5.154	4
94.8	27.4052	-0.5485	5.1432	4
94.85	27.4044	-0.2783	5.1574	4
94.9	27.4042	-0.7748	5.1624	4
94.95	27.4043	-0.6652	5.1496	4
95	27.4037	-0.2483	5.1465	4
95.05	27.4025	-0.4286	5.1568	4
95.1	27.4025	-0.8036	5.1499	4
95.15	27.4026	-0.3458	5.163	4
95.2	27.4017	-0.3015	5.1626	4
95.25	27.4013	-0.7662	5.1528	4
95.3	27.4014	-0.6549	5.1521	4
95.35	27.4004	-0.1827	5.1551	4
95.4	27.3999	-0.6331	5.1422	4
95.45	27.3996	-0.4312	5.1446	4
95.5	27.3988	-0.3153	5.1714	4
95.55	27.3985	-0.848	5.1643	4
95.6	27.3985	-0.3509	5.1512	4
95.65	27.3976	-0.4392	5.1528	4
95.7	27.3981	-1.0131	5.1552	4
95.75	27.3979	-0.3305	5.15	4
95.8	27.3967	-0.3695	5.1442	4
95.85	27.3968	-0.7375	5.1511	4
95.9	27.3967	-0.6037	5.1444	4
95.95	27.3961	-0.3331	5.1378	4
96	27.3958	-0.7366	5.1441	4
96.05	27.3965	-1.0523	5.1353	4
96.1	27.3964	-0.1936	5.1303	4
96.15	27.3955	-0.5789	5.1505	4
96.2	27.3957	-0.8941	5.1456	4
96.25	27.3958	-0.7664	5.1386	4
96.3	27.3952	-0.3045	5.1418	4
96.35	27.3953	-1.0537	5.1319	4
96.4	27.396	-0.9375	5.1214	4
96.45	27.3959	-0.4588	5.1217	4
96.5	27.3954	-0.5899	5.1273	4
96.55	27.3961	-1.09	5.136	4
96.6	27.3956	-0.2844	5.1346	4
96.65	27.3952	-0.5996	5.1199	4
96.7	27.3956	-1.0328	5.1166	4
96.75	27.3959	-0.5988	5.1229	4
96.8	27.3953	-0.4975	5.1154	4
96.85	27.3956	-1.1403	5.1071	4
96.9	27.396	-0.5053	5.1181	4
96.95	27.3954	-0.5159	5.1348	4
97	27.3958	-0.9381	5.1263	4
97.05	27.3961	-0.907	5.1175	4
97.1	27.3957	-0.1681	5.1242	4
97.15	27.3956	-1.1625	5.1483	4
97.2	27.3961	-0.6876	5.1507	4
97.25	27.3956	-0.3586	5.1519	4
97.3	27.3952	-0.6486	5.1537	4
97.35	27.3957	-0.8825	5.1481	4
97.4	27.3955	-0.3165	5.1329	4
97.45	27.3949	-0.7759	5.1357	4
97.5	27.3953	-0.7557	5.1302	4
97.55	27.3952	-0.4996	5.1307	4
97.6	27.3946	-0.6405	5.1187	4
97.65	27.3945	-0.6338	5.123	4
97.7	27.3946	-0.7685	5.1213	4
97.75	27.3939	-0.0927	5.1172	4
97.8	27.3933	-0.6583	5.138	4
97.85	27.3935	-0.9457	5.1423	4
97.9	27.3931	-0.2821	5.1303	4
97.95	27.3924	-0.431	5.1368	4
98	27.3924	-0.9542	5.133	4
98.05	27.3928	-0.4444	5.1269	4
98.1	27.3919	-0.4369	5.1045	4
98.15	27.3916	-0.663	5.0933	4
98.2	27.3916	-0.6833	5.102	4
98.25	27.3914	-0.6364	5.1178	4
98.3	27.3911	-0.5834	5.1181	4
98.35	27.3911	-0.6762	5.1048	4
98.4	27.3914	-0.8824	5.1112	4
98.45	27.3909	-0.1141	5.1284	4
98.5	27.3904	-0.946	5.1368	4
98.55	27.3907	-0.5821	5.1311	4
98.6	27.3904	-0.5022	5.1324	4
98.65	27.3901	-0.8952	5.1216	4
98.7	27.3909	-0.7597	5.1138	4
98.75	27.3906	-0.6418	5.1091	4
98.8	27.3907	-0.6545	5.1176	4
98.85	27.3905	-0.7582	5.1249	4
98.9	27.3906	-0.7399	5.1313	4
98.95	27.3902	-0.5015	5.1486	4
99	27.3904	-0.7977	5.1563	4
99.05	27.3903	-0.6393	5.1504	4
99.1	27.3905	-0.8296	5.1519	4
99.15	27.3905	-0.6985	5.154	4
99.2	27.3905	-0.7116	5.1541	4
99.25	27.3905	-0.7364	5.136	4
99.3	27.3907	-0.7914	5.1363	4
99.35	27.3904	-0.6422	5.1526	4
99.4	27.3906	-0.7985	5.1385	4
99.45	27.3909	-0.9002	5.1342	4
99.5	27.3915	-0.799	5.1442	4
99.55	27.3914	-0.5851	5.1472	4
99.6	27.3916	-1.05	5.1354	4
99.65	27.392	-0.5562	5.137	4
99.7	27.3916	-0.5762	5.1539	4
99.75	27.3916	-0.8329	5.1686	4
99.8	27.3917	-0.7824	5.1826	4
99.85	27.3921	-0.8481	5.172	4
99.9	27.3918	-0.5313	5.1607	4
99.95	27.3921	-0.9619	5.1579	4
100	27.3923	-0.5169	5.1499	4
100.05	27.3916	-0.4218	5.139	4
100.1	27.3912	-0.6583	5.1458	4
100.15	27.3917	-0.7957	5.1507	4
100.2	27.3908	-0.1366	5.1589	4
100.25	27.3905	-0.8054	5.1643	4
100.3	27.3905	-0.6096	5.1549	4
100.35	27.39	-0.5385	5.1375	4
100.4	27.3895	-0.469	5.1437	4
100.45	27.3893	-0.7115	5.1413	4
100.5	27.3891	-0.3628	5.13	4
100.55	27.3883	-0.6911	5.1297	4
100.6	27.3883	-0.4988	5.1376	4
100.65	27.388	-0.7686	5.1227	4
100.7	27.3876	-0.2272	5.1125	4
100.75	27.3871	-0.7061	5.1203	4
100.8	27.3866	-0.3217	5.1136	4
100.85	27.3863	-0.5483	5.1244	4
100.9	27.3861	-0.679	5.1272	4
100.95	27.3855	-0.3813	5.1171	4
101	27.3852	-0.47	5.1145	4
101.05	27.3846	-0.6895	5.1047	4
101.1	27.3846	-0.2817	5.1068	4
101.15	27.3832	-0.3193	5.1256	4
101.2	27.3832	-0.6906	5.1171	4
101.25	27.3827	-0.3838	5.1003	4
101.3	27.3819	-0.1101	5.0989	4
101.35	27.3809	-0.4922	5.1149	4
101.4	27.381	-0.7991	5.1166	4
101.45	27.3801	-0.1519	5.1031	4
101.5	27.3797	-0.7041	5.1142	4
101.55	27.3794	-0.4502	5.1217	4
101.6	27.379	-0.4194	5.1151	4
101.65	27.3781	-0.1975	5.1077	4
101.7	27.3782	-1.0215	5.1203	4
101.75	27.3778	-0.3665	5.1366	4
101.8	27.3771	-0.4475	5.1377	4
101.85	27.377	-0.6204	5.1471	4
101.9	27.3768	-0.4833	5.1328	4
101.95	27.3757	-0.2083	5.1172	4
102	27.3752	-0.7755	5.1171	4
102.05	27.3752	-0.4869	5.1177	4
102.1	27.3743	-0.2852	5.1147	4
102.15	27.3734	-0.5796	5.1263	4
102.2	27.3735	-0.7488	5.1208	4
102.25	27.373	-0.1314	5.1195	4
102.3	27.3723	-0.5086	5.1286	4
102.35	27.3723	-0.5044	5.1358	4
102.4	27.3718	-0.4395	5.116	4
102.45	27.3711	-0.3711	5.1062	4
102.5	27.3708	-0.7603	5.1255	4
102.55	27.371	-0.6337	5.1488	4
102.6	27.3703	-0.2685	5.1419	4
102.65	27.3701	-0.7987	5.1256	4
102.7	27.3699	-0.5423	5.1187	4
102.75	27.3692	-0.2029	5.1263	4
102.8	27.3685	-0.6879	5.1268	4
102.85	27.3688	-0.8999	5.1364	4
102.9	27.3683	-0.1489	5.1381	4
102.95	27.3674	-0.6426	5.1114	4
103	27.3676	-1.0348	5.1025	4
103.05	27.3677	-0.3212	5.1154	4
103.1	27.367	-0.5307	5.1199	4
103.15	27.3665	-0.6019	5.1256	4
103.2	27.3668	-0.7283	5.1041	4
103.25	27.3664	-0.4172	5.1048	4
103.3	27.366	-0.5129	5.1131	4
103.35	27.3659	-0.7819	5.1078	4
103.4	27.3653	-0.2779	5.1175	4
103.45	27.3646	-0.4433	5.1276	4
103.5	27.3643	-0.8237	5.1307	4
103.55	27.3641	-0.225	5.137	4
103.6	27.3634	-0.5239	5.1272	4
103.65	27.3631	-0.7064	5.1242	4
103.7	27.3628	-0.286	5.1242	4
103.75	27.3625	-0.7748	5.1098	4
103.8	27.3624	-0.4536	5.1225	4
103.85	27.3621	-0.6487	5.1222	4
103.9	27.3618	-0.7359	5.1171	4
103.95	27.3622	-1.0201	5.1073	4
104	27.3622	-0.4037	5.1118	4
104.05	27.3622	-0.7974	5.1149	4
104.1	27.3625	-0.7924	5.1229	4
104.15	27.3625	-0.4726	5.1261	4
104.2	27.3621	-0.6194	5.111	4
104.25	27.3618	-0.6174	5.1073	4
104.3	27.3621	-0.7549	5.1272	4
104.35	27.3613	-0.1721	5.143	4
104.4	27.3609	-0.5036	5.1314	4
104.45	27.3609	-0.8724	5.1154	4
104.5	27.3604	-0.236	5.1193	4
104.55	27.3596	-0.402	5.1316	4
104.6	27.3592	-0.6508	5.1281	4
104.65	27.3592	-0.5174	5.1356	4
104.7	27.3584	-0.3243	5.1424	4
104.75	27.3579	-0.5424	5.1373	4
104.8	27.358	-0.8858	5.1368	4
104.85	27.3577	-0.2827	5.1263	4
104.9	27.3568	-0.3538	5.1351	4
104.95	27.3572	-1.0565	5.1383	4
105	27.3571	-0.4219	5.14	4
105.05	27.3561	-0.4049	5.1596	4
105.1	27.3559	-0.7564	5.1607	4
105.15	27.3562	-0.8631	5.1496	4
105.2	27.3556	-0.058	5.1392	4
105.25	27.3548	-0.6434	5.1403	4
105.3	27.3549	-0.8239	5.1668	4
105.35	27.3547	-0.3613	5.1729	4
105.4	27.354	-0.4641	5.1704	4
105.45	27.3538	-0.675	5.1582	4
105.5	27.3538	-0.403	5.164	4
105.55	27.3525	-0.1962	5.1791	4
105.6	27.3514	-0.1148	5.1696	4
105.65	27.3502	-0.4161	5.1526	4
105.7	27.3497	-0.2797	5.1517	4
105.75	27.348	-0.0264	5.1559	4
105.8	27.3475	-0.6707	5.1564	4
105.85	27.3484	-1.2132	5.1517	4
105.9	27.3485	-0.3322	5.147	4
105.95	27.3477	-0.545	5.1499	4
106	27.349	-1.5611	5.1462	4
106.05	27.3492	-0.3465	5.1529	4
106.1	27.348	-0.1788	5.162	4
106.15	27.3479	-0.9453	5.1453	4
106.2	27.3488	-1.0387	5.1417	4
106.25	27.3475	0.283	5.1486	4
106.3	27.3473	-1.1958	5.164	4
106.35	27.3487	-1.2529	5.1549	4
106.4	27.3487	-0.3153	5.142	4
106.45	27.348	-0.7046	5.1408	4
106.5	27.349	-1.465	5.1465	4
106.55	27.3499	-0.6869	5.1511	4
106.6	27.3497	-0.7311	5.1554	4
106.65	27.35	-0.8971	5.1491	4
106.7	27.3509	-1.3038	5.147	4
106.75	27.3513	-0.6086	5.1583	4
106.8	27.3512	-0.5764	5.1785	4
106.85	27.3515	-1.054	5.176	4
106.9	27.3523	-0.8955	5.177	4
106.95	27.3519	-0.3604	5.1756	4
107	27.3511	-0.7126	5.1484	4
107.05	27.3517	-1.0542	5.1429	4
107.1	27.3518	-0.4354	5.1609	4
107.15	27.3508	-0.1053	5.1582	4
107.2	27.3504	-1.0961	5.1432	4
107.25	27.3516	-1.028	5.1327	4
107.3	27.3507	-0.0679	5.1455	4
107.35	27.3496	-0.386	5.157	4
107.4	27.3506	-1.4593	5.1588	4
107.45	27.3506	-0.1255	5.1454	4
107.5	27.3489	0.0858	5.1374	4
107.55	27.3491	-1.375	5.1263	4
107.6	27.3505	-0.7679	5.1264	4
107.65	27.3489	0.3027	5.1332	4
107.7	27.3482	-1.102	5.1359	4
107.75	27.3497	-1.2095	5.1442	4
107.8	27.3489	0.0313	5.1383	4
107.85	27.3478	-0.5362	5.143	4
107.9	27.3487	-1.398	5.1333	4
107.95	27.3495	-0.356	5.1348	4
108	27.3476	-0.0904	5.1544	4
108.05	27.3475	-1.1005	5.1355	4
108.1	27.3484	-0.8126	5.1277	4
108.15	27.3472	0.0798	5.1394	4
108.2	27.3465	-0.7842	5.1504	4
108.25	27.347	-0.7672	5.1555	4
108.3	27.3465	-0.2514	5.1448	4
108.35	27.3456	-0.2261	5.1486	4
108.4	27.3455	-0.9521	5.1603	4
108.45	27.3457	-0.5689	5.1477	4
108.5	27.3447	-0.2648	5.1451	4
108.55	27.3442	-0.5658	5.1488	4
108.6	27.3444	-1.0235	5.1408	4
108.65	27.3443	-0.4265	5.1442	4
108.7	27.3441	-0.4829	5.1419	4
108.75	27.3436	-0.7821	5.141	4
108.8	27.3444	-0.9073	5.1498	4
108.85	27.344	-0.3425	5.1578	4
108.9	27.3431	-0.4845	5.1503	4
108.95	27.3434	-1.0188	5.1343	4
109	27.344	-0.7885	5.141	4
109.05	27.3435	-0.289	5.1409	4
109.1	27.3434	-1.1016	5.1245	4
109.15	27.3445	-1.1049	5.1199	4
109.2	27.3445	-0.4312	5.1167	4
109.25	27.3442	-0.6801	5.1184	4
109.3	27.3438	-0.6293	5.1245	4
109.35	27.3445	-1.1408	5.1326	4
109.4	27.3449	-0.3894	5.117	4
109.45	27.3435	-0.0083	5.1136	4
109.5	27.3435	-1.2731	5.1272	4
109.55	27.345	-1.0457	5.1162	4
109.6	27.3439	0.1227	5.1175	4
109.65	27.3439	-1.2357	5.1278	4
109.7	27.3444	-0.7555	5.1151	4
109.75	27.3443	-0.2651	5.1182	4
109.8	27.3433	-0.5376	5.1251	4
109.85	27.3441	-1.3474	5.1208	4
109.9	27.3442	-0.2561	5.1295	4
109.95	27.3439	-1.0759	5.1278	4
110	27.3456	-1.5883	5.138	4
110.05	27.3463	-0.6444	5.1417	4
110.1	27.3458	-0.6125	5.1459	4
110.15	27.3477	-1.9979	5.1482	4
110.2	27.3492	-0.845	5.1299	4
110.25	27.348	0.1371	5.1286	4
110.3	27.348	-1.3548	5.1401	4
110.35	27.3494	-0.7747	5.1334	4
110.4	27.3474	0.2945	5.1241	4
110.45	27.3457	-0.0021	5.1309	4
110.5	27.3461	-1.3693	5.1348	4
110.55	27.3454	0.3013	5.135	4
110.6	27.3437	-0.0286	5.1429	4
110.65	27.3435	-1.1543	5.1399	4
110.7	27.3442	-0.7404	5.1158	4
110.75	27.3435	-0.1451	5.1121	4
110.8	27.343	-0.7744	5.1309	4
110.85	27.3442	-1.4347	5.1378	4
110.9	27.3444	-0.2922	5.1414	4
110.95	27.3436	-0.6659	5.1448	4
111	27.3445	-1.3164	5.1424	4
111.05	27.346	-1.0872	5.1439	4
111.1	27.3454	-0.2609	5.1423	4
111.15	27.3456	-1.1863	5.1258	4
111.2	27.3468	-1.1262	5.1361	4
111.25	27.3471	-0.6233	5.1203	4
111.3	27.3469	-0.6675	5.1146	4
111.35	27.3477	-1.379	5.1129	4
111.4	27.3485	-0.6942	5.1266	4
111.45	27.348	-0.7997	5.1283	4
111.5	27.3488	-1.2379	5.1215	4
111.55	27.3497	-0.8957	5.1164	4
111.6	27.3498	-0.5862	5.1078	4
111.65	27.3498	-0.7609	5.1076	4
111.7	27.3503	-1.1113	5.1054	4
111.75	27.3509	-0.7816	5.1024	4
111.8	27.3506	-0.5202	5.1058	4
111.85	27.3508	-1.1034	5.1105	4
111.9	27.3521	-1.2952	5.1186	4
111.95	27.3524	-0.5852	5.1337	4
112	27.3519	-0.6649	5.1251	4
112.05	27.3531	-1.4507	5.108	4
112.1	27.354	-0.6794	5.1188	4
112.15	27.3533	-0.2904	5.1328	4
112.2	27.3536	-1.2505	5.1395	4
112.25	27.355	-1.1346	5.1452	4
112.3	27.3547	-0.2096	5.149	4
112.35	27.3543	-0.7888	5.153	4
112.4	27.3551	-1.309	5.1396	4
112.45	27.3555	-0.56	5.1293	4
112.5	27.3549	-0.5606	5.1188	4
112.55	27.3554	-1.2178	5.1102	4
112.6	27.3566	-1.0386	5.1258	4
112.65	27.3561	-0.1861	5.1216	4
112.7	27.3564	-1.3205	5.1213	4
112.75	27.3573	-0.7414	5.1376	4
112.8	27.3569	-0.4585	5.1364	4
112.85	27.3565	-0.7364	5.1165	4
112.9	27.357	-0.93	5.1131	4
112.95	27.3567	-0.366	5.1308	4
113	27.3564	-0.8949	5.1165	4
113.05	27.3566	-0.5931	5.1068	4
113.1	27.3567	-0.8581	5.1275	4
113.15	27.3564	-0.3687	5.1344	4
113.2	27.3561	-0.8378	5.1438	4
113.25	27.357	-0.8306	5.1433	4
113.3	27.356	-0.1155	5.1432	4
113.35	27.3563	-1.1156	5.1442	4
113.4	27.357	-0.848	5.1442	4
113.45	27.3562	-0.1046	5.1363	4
113.5	27.3559	-1.1745	5.124	4
113.55	27.3567	-0.7693	5.1303	4
113.6	27.3561	-0.2736	5.1353	4
113.65	27.3558	-0.8705	5.1389	4
113.7	27.3562	-0.7945	5.1467	4
113.75	27.3565	-0.7539	5.1457	4
113.8	27.3561	-0.5666	5.1455	4
113.85	27.3568	-1.1836	5.1473	4
113.9	27.3568	-0.292	5.1281	4
113.95	27.3576	-1.6619	5.1405	4
114	27.3586	-0.5615	5.1702	4
114.05	27.3585	-0.9469	5.1581	4
114.1	27.3588	-0.9227	5.1457	4
114.15	27.36	-1.2306	5.1479	4
114.2	27.3604	-0.4973	5.1553	4
114.25	27.3601	-0.9178	5.1655	4
114.3	27.3618	-1.5279	5.1563	4
114.35	27.3624	-0.4945	5.1455	4
114.4	27.3613	-0.615	5.1457	4
114.45	27.3627	-1.6088	5.1449	4
114.5	27.364	-0.6102	5.1487	4
114.55	27.3627	-0.1938	5.1417	4
114.6	27.3635	-1.6218	5.1277	4
114.65	27.3645	-0.6849	5.1328	4
114.7	27.3638	-0.1417	5.1446	4
114.75	27.3635	-0.9326	5.1378	4
114.8	27.3639	-0.6992	5.1349	4
114.85	27.3635	-0.2508	5.1377	4
114.9	27.3632	-0.8732	5.1526	4
114.95	27.3639	-0.8871	5.1493	4
115	27.364	-0.9405	5.141	4
115.05	27.3642	-0.8137	5.1352	4
115.1	27.3648	-0.9925	5.1384	4
115.15	27.3658	-1.0526	5.1355	4
115.2	27.3662	-0.5448	5.1254	4
115.25	27.366	-0.6658	5.1291	4
115.3	27.367	-1.5108	5.1378	4
115.35	27.3673	-0.4429	5.1376	4
115.4	27.3665	-0.5255	5.1318	4
115.45	27.3671	-1.2183	5.1256	4
115.5	27.3677	-0.4898	5.1441	4
115.55	27.3673	-0.7141	5.1481	4
115.6	27.3671	-0.6813	5.1524	4
115.65	27.3679	-1.3997	5.1408	4
115.7	27.369	-0.8285	5.1271	4
115.75	27.3687	-0.4503	5.1492	4
115.8	27.3689	-1.0624	5.1528	4
115.85	27.3694	-0.8841	5.146	4
115.9	27.3692	-0.3539	5.1551	4
115.95	27.3686	-0.6365	5.1466	4
116	27.369	-0.9116	5.1421	4
116.05	27.3696	-0.6748	5.1447	4
116.1	27.3691	-0.4952	5.1486	4
116.15	27.3692	-1.0229	5.1436	4
116.2	27.3697	-0.9058	5.117	4
116.25	27.3696	-0.5582	5.1175	4
116.3	27.3695	-0.5336	5.1572	4
116.35	27.3693	-0.6491	5.1576	4
116.4	27.3695	-0.7617	5.1515	4
116.45	27.369	-0.3798	5.1535	4
116.5	27.3688	-0.9681	5.1443	4
116.55	27.3695	-1.0497	5.1333	4
116.6	27.3696	-0.4972	5.1242	4
116.65	27.3691	-0.4259	5.1278	4
116.7	27.3694	-1.0946	5.1392	4
116.75	27.3695	-0.3747	5.1305	4
116.8	27.3687	-0.4823	5.1351	4
116.85	27.3689	-1.047	5.1398	4
116.9	27.37	-0.9765	5.1272	4
116.95	27.3695	-0.2687	5.1389	4
117	27.3691	-0.8757	5.1411	4
117.05	27.37	-1.181	5.1539	4
117.1	27.3699	-0.3478	5.142	4
117.15	27.3693	-0.4001	5.1248	4
117.2	27.3697	-1.2141	5.1294	4
117.25	27.3703	-0.6579	5.1259	4
117.3	27.37	-0.5869	5.1312	4
117.35	27.37	-0.9619	5.1235	4
117.4	27.3706	-1.071	5.1206	4
117.45	27.3704	-0.28	5.1208	4
117.5	27.3699	-0.6694	5.1089	4
117.55	27.3701	-0.8667	5.1084	4
117.6	27.3697	-0.1978	5.1181	4
117.65	27.369	-0.5575	5.1197	4
117.7	27.369	-0.8844	5.1076	4
117.75	27.3693	-0.5069	5.1111	4
117.8	27.3682	-0.2221	5.1175	4
117.85	27.3682	-0.8577	5.1277	4
117.9	27.3682	-0.5373	5.1343	4
117.95	27.3676	-0.526	5.1341	4
118	27.3672	-0.6932	5.1265	4
118.05	27.3673	-0.8199	5.1432	4
118.1	27.3673	-0.4178	5.151	4
118.15	27.3671	-0.8717	5.1395	4
118.2	27.3671	-0.6962	5.1374	4
118.25	27.367	-0.7528	5.1324	4
118.3	27.367	-0.6288	5.1408	4
118.35	27.3668	-0.6494	5.1557	4
118.4	27.3671	-0.7092	5.1609	4
118.45	27.367	-0.8006	5.1487	4
118.5	27.3673	-0.732	5.138	4
118.55	27.3674	-0.7288	5.1285	4
118.6	27.3675	-0.8388	5.1256	4
118.65	27.3672	-0.5076	5.1275	4
118.7	27.3673	-0.8265	5.1227	4
118.75	27.3677	-0.8797	5.1341	4
118.8	27.3679	-0.6643	5.1453	4
118.85	27.3676	-0.8794	5.1292	4
118.9	27.3681	-0.9504	5.1136	4
118.95	27.3683	-0.6144	5.132	4
119	27.3686	-0.7835	5.1432	4
119.05	27.3687	-0.6932	5.1441	4
119.1	27.3689	-0.7732	5.1343	4
119.15	27.3685	-0.555	5.1328	4
119.2	27.3689	-1.2764	5.142	4
119.25	27.3697	-0.8954	5.1357	4
119.3	27.3693	-0.4366	5.1357	4
119.35	27.3695	-1.1493	5.151	4
119.4	27.3704	-0.9068	5.1533	4
119.45	27.37	-0.2697	5.1428	4
119.5	27.37	-1.0695	5.1387	4
119.55	27.3708	-0.964	5.1284	4
119.6	27.3709	-0.416	5.1231	4
119.65	27.3704	-0.7815	5.1264	4
119.7	27.3715	-1.1499	5.1393	4
119.75	27.3714	-0.3628	5.1492	4
119.8	27.3712	-0.8407	5.1472	4
119.85	27.3719	-1.1187	5.1404	4
119.9	27.372	-0.611	5.156	4
119.95	27.3715	-0.705	5.1658	4
120	27.372	-0.9692	5.163	4
120.05	27.3723	-0.4911	5.1576	4
120.1	27.3712	-0.0784	5.1604	4
120.15	27.3712	-1.2099	5.1467	4
120.2	27.3718	-0.7606	5.1338	4
120.25	27.3708	0.0369	5.1348	4
120.3	27.3707	-1.0889	5.1432	4
120.35	27.3715	-0.7134	5.1491	4
120.4	27.3708	-0.1882	5.1532	4
120.45	27.37	-0.6473	5.168	4
120.5	27.3709	-1.028	5.1546	4
120.55	27.3707	-0.3416	5.143	4
120.6	27.3697	-0.5247	5.149	4
120.65	27.3702	-1.0229	5.1689	4
120.7	27.3703	-0.5652	5.1739	4
120.75	27.3699	-0.4597	5.162	4
120.8	27.3697	-0.8983	5.1522	4
120.85	27.3704	-0.7944	5.1526	4
120.9	27.3703	-0.379	5.1578	4
120.95	27.37	-0.8696	5.158	4
121	27.3707	-1.2231	5.1572	4
121.05	27.3708	-0.3088	5.1415	4
121.1	27.3709	-1.2144	5.1435	4
121.15	27.3717	-0.9228	5.1559	4
121.2	27.3723	-1.0116	5.1345	4
121.25	27.3724	-0.7602	5.1421	4
121.3	27.3727	-0.8577	5.1501	4
121.35	27.3735	-1.1276	5.1516	4
121.4	27.3738	-0.8255	5.1463	4
121.45	27.374	-0.7011	5.1597	4
121.5	27.3743	-1.1926	5.158	4
121.55	27.3746	-0.5898	5.1479	4
121.6	27.375	-0.997	5.148	4
121.65	27.3752	-0.8002	5.1442	4
121.7	27.3749	-0.4899	5.1341	4
121.75	27.3757	-1.1028	5.144	4
121.8	27.3758	-0.7355	5.1517	4
121.85	27.3757	-0.5208	5.1432	4
121.9	27.3762	-1.4506	5.1546	4
121.95	27.3765	-0.3722	5.1624	4
122	27.3763	-0.8625	5.1399	4
122.05	27.3775	-1.2477	5.1293	4
122.1	27.3774	-0.3434	5.1394	4
122.15	27.3774	-0.7287	5.1318	4
122.2	27.3785	-1.4859	5.122	4
122.25	27.379	-0.4973	5.1255	4
122.3	27.3786	-0.6694	5.1402	4
122.35	27.3795	-1.4785	5.1418	4
122.4	27.3802	-0.6927	5.1381	4
122.45	27.3803	-0.7872	5.1355	4
122.5	27.3805	-0.8762	5.1416	4
122.55	27.3815	-1.1839	5.1295	4
122.6	27.3816	-0.6006	5.122	4
122.65	27.3815	-0.8013	5.1368	4
122.7	27.3822	-1.0402	5.1252	4
122.75	27.3827	-0.6593	5.1147	4
122.8	27.3826	-0.648	5.1221	4
122.85	27.3829	-1.192	5.1144	4
122.9	27.3834	-0.8674	5.1296	4
122.95	27.3838	-0.7408	5.1298	4
123	27.3838	-0.7133	5.1263	4
123.05	27.3842	-0.8581	5.1184	4
123.1	27.3841	-0.7002	5.1109	4
123.15	27.3841	-0.7831	5.1187	4
123.2	27.3843	-0.8279	5.1321	4
123.25	27.3846	-0.7453	5.1313	4
123.3	27.3845	-0.3775	5.1081	4
123.35	27.3843	-0.7559	5.1118	4
123.4	27.3839	-0.6858	5.1337	4
123.45	27.3838	-0.6124	5.1226	4
123.5	27.3835	-0.6165	5.1191	4
123.55	27.3836	-0.7612	5.1384	4
123.6	27.3838	-0.563	5.1325	4
123.65	27.383	-0.3929	5.1477	4
123.7	27.3833	-0.8909	5.1601	4
123.75	27.3834	-0.6231	5.1444	4
123.8	27.3823	-0.1455	5.1248	4
123.85	27.3823	-1.1269	5.1198	4
123.9	27.3824	-0.5963	5.1316	4
123.95	27.3818	-0.3723	5.1151	4
124	27.3822	-1.1746	5.1154	4
124.05	27.3828	-0.5697	5.1244	4
124.1	27.382	-0.2588	5.1013	4
124.15	27.3819	-1.1642	5.105	4
124.2	27.3825	-0.5233	5.1303	4
124.25	27.3816	-0.4637	5.1233	4
124.3	27.3818	-0.9712	5.1091	4
124.35	27.3827	-0.8046	5.1105	4
124.4	27.382	-0.424	5.1261	4
124.45	27.3822	-1.0685	5.1148	4
124.5	27.3825	-0.5572	5.1018	4
124.55	27.3818	-0.471	5.1074	4
124.6	27.3824	-0.9006	5.1253	4
124.65	27.3824	-0.3907	5.1299	4
124.7	27.3818	-0.7673	5.1302	4
124.75	27.3822	-1.0447	5.1311	4
124.8	27.3822	-0.4687	5.1446	4
124.85	27.3816	-0.5461	5.1294	4
124.9	27.382	-0.9438	5.1102	4
124.95	27.3821	-0.446	5.1134	4
125	27.3812	-0.4608	5.1228	4
125.05	27.3815	-1.0731	5.116	4
125.1	27.3817	-0.6086	5.1158	4
125.15	27.3812	-0.3614	5.1126	4
125.2	27.3815	-0.8989	5.1303	4
125.25	27.3815	-0.6952	5.1124	4
125.3	27.381	-0.5144	5.1047	4
125.35	27.3809	-0.8566	5.1033	4
125.4	27.3811	-0.688	5.1111	4
125.45	27.3805	-0.2482	5.121	4
125.5	27.3805	-0.9745	5.1102	4
125.55	27.3812	-0.909	5.1042	4
125.6	27.3804	-0.1882	5.0977	4
125.65	27.3804	-0.9884	5.0889	4
125.7	27.3811	-0.8693	5.1063	4
125.75	27.3808	-0.2716	5.1016	4
125.8	27.3801	-0.7368	5.071	4
125.85	27.3804	-0.8131	5.0793	4
125.9	27.3803	-0.4392	5.0991	4
125.95	27.3803	-0.7677	5.104	4
126	27.3801	-0.5409	5.1103	4
126.05	27.3796	-0.5765	5.1017	4
126.1	27.3793	-0.3436	5.1073	4
126.15	27.3793	-0.83	5.1039	4
126.2	27.3789	-0.3534	5.102	4
126.25	27.3786	-0.7517	5.1047	4
126.3	27.3783	-0.3516	5.1124	4
126.35	27.378	-0.631	5.1311	4
126.4	27.3777	-0.5431	5.1238	4
126.45	27.3771	-0.4231	5.1127	4
126.5	27.3769	-0.6375	5.1183	4
126.55	27.3769	-0.6558	5.1148	4
126.6	27.3764	-0.7418	5.1208	4
126.65	27.3764	-0.6628	5.1114	4
126.7	27.3766	-0.6537	5.1082	4
126.75	27.3763	-0.6067	5.1235	4
126.8	27.3762	-0.5011	5.1221	4
126.85	27.3762	-0.7596	5.1168	4
126.9	27.376	-0.5282	5.1105	4
126.95	27.3757	-0.7333	5.1065	4
127	27.3764	-1.0629	5.0983	4
127.05	27.3765	-0.5293	5.1064	4
127.1	27.3767	-1.0714	5.1223	4
127.15	27.3771	-0.7018	5.1293	4
127.2	27.3773	-0.8599	5.1468	4
127.25	27.3781	-0.922	5.1545	4
127.3	27.3779	-0.4704	5.13	4
127.35	27.3776	-0.7215	5.1245	4
127.4	27.3785	-1.2999	5.1243	4
127.45	27.3791	-0.6605	5.1164	4
127.5	27.3788	-0.8349	5.1196	4
127.55	27.3794	-1.1379	5.1183	4
127.6	27.3801	-0.8224	5.1243	4
127.65	27.38	-0.4602	5.1217	4
127.7	27.38	-1.0678	5.114	4
127.75	27.3807	-0.9465	5.1232	4
127.8	27.3807	-0.6007	5.1257	4
127.85	27.3812	-1.0564	5.145	4
127.9	27.3821	-1.025	5.1428	4
127.95	27.3821	-0.6657	5.1193	4
128	27.3822	-0.8902	5.1262	4
128.05	27.3829	-1.0429	5.1285	4
128.1	27.3829	-0.3935	5.1075	4
128.15	27.3828	-0.6954	5.0893	4
128.2	27.3831	-0.8743	5.1082	4
128.25	27.3833	-0.7976	5.1055	4
128.3	27.3834	-0.5626	5.0886	4
128.35	27.3836	-1.0204	5.0997	4
128.4	27.3843	-0.8376	5.1237	4
128.45	27.3842	-0.7263	5.1114	4
128.5	27.384	-0.6778	5.1187	4
128.55	27.3846	-1.2116	5.1358	4
128.6	27.3851	-0.7512	5.1368	4
128.65	27.3855	-0.834	5.1215	4
128.7	27.3863	-0.8925	5.1105	4
128.75	27.3865	-0.8512	5.1114	4
128.8	27.3866	-0.6514	5.1111	4
128.85	27.3868	-0.9901	5.1062	4
128.9	27.3876	-0.9258	5.1219	4
128.95	27.3878	-0.7395	5.1358	4
129	27.388	-0.7744	5.1509	4
129.05	27.3882	-0.9749	5.1491	4
129.1	27.3885	-0.5895	5.1295	4
129.15	27.3881	-0.6888	5.1217	4
129.2	27.3885	-0.8007	5.1076	4
129.25	27.3884	-0.732	5.1037	4
129.3	27.3885	-0.6778	5.116	4
129.35	27.3891	-1.083	5.1112	4
129.4	27.3896	-0.6892	5.1051	4
129.45	27.389	-0.6814	5.1182	4
129.5	27.3894	-0.9283	5.1256	4
129.55	27.3897	-0.6732	5.1299	4
129.6	27.3893	-0.3742	5.1422	4
129.65	27.389	-0.9787	5.1477	4
129.7	27.3899	-0.866	5.1174	4
129.75	27.3888	0.0214	5.117	4
129.8	27.3894	-1.3456	5.1295	4
129.85	27.3898	-0.57	5.1327	4
129.9	27.3889	-0.1993	5.1351	4
129.95	27.3886	-0.9576	5.1248	4
130	27.3893	-0.8246	5.1382	4
130.05	27.3881	0.0607	5.1313	4
130.1	27.3881	-1.1904	5.1195	4
130.15	27.3893	-0.8723	5.1295	4
130.2	27.3885	-0.1818	5.1318	4
130.25	27.3881	-0.8233	5.1084	4
130.3	27.3886	-0.8694	5.1275	4
130.35	27.3878	-0.046	5.1332	4
130.4	27.3872	-0.8004	5.1306	4
130.45	27.3878	-0.8963	5.1296	4
130.5	27.3868	-0.1115	5.1221	4
130.55	27.3865	-0.9304	5.1155	4
130.6	27.3873	-0.9925	5.1285	4
130.65	27.3868	-0.0731	5.1316	4
130.7	27.3861	-0.9937	5.1283	4
130.75	27.3875	-1.2243	5.1166	4
130.8	27.387	0.1279	5.119	4
130.85	27.3865	-1.0089	5.117	4
130.9	27.3878	-1.2857	5.1281	4
130.95	27.3878	-0.3835	5.1458	4
131	27.3871	-0.5543	5.1447	4
131.05	27.3887	-1.5661	5.1555	4
131.1	27.3889	-0.1631	5.1449	4
131.15	27.3882	-0.7454	5.13	4
131.2	27.3887	-1.1311	5.1258	4
131.25	27.389	-0.5245	5.1195	4
131.3	27.3883	-0.5927	5.1276	4
131.35	27.3888	-1.1268	5.1245	4
131.4	27.3891	-0.3939	5.1251	4
131.45	27.3885	-0.4408	5.139	4
131.5	27.3888	-1.1055	5.1378	4
131.55	27.3886	-0.2808	5.1366	4
131.6	27.3886	-0.8707	5.1412	4
131.65	27.3882	-0.6479	5.1311	4
131.7	27.3885	-0.6849	5.1317	4
131.75	27.3884	-0.7681	5.1368	4
131.8	27.3884	-0.7853	5.1388	4
131.85	27.3884	-0.5926	5.1412	4
131.9	27.3883	-0.8628	5.1436	4
131.95	27.3885	-0.5068	5.1436	4
132	27.3882	-0.7425	5.1245	4
132.05	27.3878	-0.5546	5.1189	4
132.1	27.3881	-1.0109	5.1202	4
132.15	27.3889	-0.7632	5.1243	4
132.2	27.388	-0.3846	5.1151	4
132.25	27.3879	-0.6714	5.1048	4
132.3	27.3884	-1.1807	5.0935	4
132.35	27.3883	-0.2291	5.0939	4
132.4	27.3873	-0.4615	5.103	4
132.45	27.3883	-1.1593	5.1134	4
132.5	27.3881	-0.2855	5.1286	4
132.55	27.3871	-0.3366	5.1242	4
132.6	27.3877	-1.3334	5.1169	4
132.65	27.3881	-0.4605	5.1139	4
132.7	27.3873	-0.2331	5.1249	4
132.75	27.3872	-1.1315	5.1251	4
132.8	27.3878	-0.6206	5.1335	4
132.85	27.387	-0.2664	5.1314	4
132.9	27.3868	-1.0036	5.1212	4
132.95	27.3878	-1.062	5.1151	4
133	27.3874	-0.0618	5.0965	4
133.05	27.3867	-0.9049	5.0923	4
133.1	27.3877	-1.0762	5.1071	4
133.15	27.3873	-0.2103	5.112	4
133.2	27.3863	-0.5667	5.1157	4
133.25	27.3871	-1.1819	5.1072	4
133.3	27.387	-0.2192	5.0993	4
133.35	27.3861	-0.4775	5.118	4
133.4	27.3867	-1.1722	5.1122	4
133.45	27.3868	-0.3398	5.1117	4
133.5	27.3858	-0.4825	5.1096	4
133.55	27.3863	-0.9434	5.1152	4
133.6	27.386	-0.2311	5.1294	4
133.65	27.3851	-0.4138	5.1293	4
133.7	27.3852	-1.0023	5.1206	4
133.75	27.3852	-0.5723	5.1208	4
133.8	27.3848	-0.4228	5.1052	4
133.85	27.3847	-0.6503	5.1036	4
133.9	27.3849	-0.6218	5.1236	4
133.95	27.3841	-0.2492	5.1218	4
134	27.3834	-0.9366	5.1074	4
134.05	27.384	-0.8128	5.0886	4
134.1	27.3835	-0.1298	5.0856	4
134.15	27.383	-0.8478	5.0879	4
134.2	27.384	-1.1023	5.0832	4
134.25	27.3834	0.0373	5.0982	4
134.3	27.3823	-0.6335	5.1097	4
134.35	27.3836	-1.3768	5.116	4
134.4	27.3832	0.0696	5.121	4
134.45	27.3816	-0.3971	5.1195	4
134.5	27.3828	-1.6827	5.1161	4
134.55	27.3833	-0.2662	5.0959	4
134.6	27.3813	0.1015	5.0917	4
134.65	27.3818	-1.6727	5.1018	4
134.7	27.3831	-0.3923	5.0906	4
134.75	27.381	0.3793	5.0868	4
134.8	27.3809	-1.4177	5.1007	4
134.85	27.382	-0.8172	5.1099	4
134.9	27.3806	0.0865	5.1088	4
134.95	27.3805	-1.2019	5.115	4
135	27.3816	-0.8038	5.1153	4
135.05	27.3806	-0.189	5.0875	4
135.1	27.3805	-1.0046	5.0667	4
135.15	27.381	-0.5683	5.0915	4
135.2	27.3799	-0.4606	5.1039	4
135.25	27.3803	-1.2072	5.1038	4
135.3	27.3811	-0.5334	5.0901	4
135.35	27.3803	-0.3212	5.0846	4
135.4	27.3804	-1.159	5.0913	4
135.45	27.3807	-0.3748	5.0863	4
135.5	27.3796	-0.3699	5.1013	4
135.55	27.3797	-0.9598	5.0968	4
135.6	27.3799	-0.3891	5.0936	4
135.65	27.3789	-0.2069	5.0863	4
135.7	27.379	-1.1835	5.0876	4
135.75	27.3789	-0.4021	5.0896	4
135.8	27.3783	-0.3963	5.1084	4
135.85	27.3788	-1.0616	5.1151	4
135.9	27.3789	-0.4203	5.109	4
135.95	27.3776	-0.1996	5.1184	4
136	27.3784	-1.4196	5.1345	4
136.05	27.3786	-0.2216	5.1294	4
136.1	27.3774	-0.5568	5.1146	4
136.15	27.3781	-1.2927	5.1165	4
136.2	27.3787	-0.3919	5.1267	4
136.25	27.3777	-0.3313	5.1283	4
136.3	27.3784	-1.4406	5.1275	4
136.35	27.3788	-0.3345	5.103	4
136.4	27.3776	-0.3671	5.0913	4
136.45	27.3783	-1.3932	5.0931	4
136.5	27.3788	-0.366	5.1162	4
136.55	27.3777	-0.2847	5.1215	4
136.6	27.3781	-1.309	5.1169	4
136.65	27.3788	-0.412	5.1123	4
136.7	27.3772	-0.1008	5.1061	4
136.75	27.3772	-1.3022	5.0991	4
136.8	27.3783	-0.9817	5.1017	4
136.85	27.3775	0.0112	5.0869	4
136.9	27.3772	-1.0799	5.088	4
136.95	27.3785	-0.9315	5.1068	4
137	27.3779	-0.2288	5.0983	4
137.05	27.3775	-0.9549	5.0932	4
137.1	27.3786	-1.0896	5.0868	4
137.15	27.3786	-0.2827	5.0913	4
137.2	27.3784	-0.8273	5.1071	4
137.25	27.3791	-0.9228	5.1077	4
137.3	27.3787	-0.4832	5.132	4
137.35	27.3787	-0.9422	5.1318	4
137.4	27.379	-0.5766	5.1199	4
137.45	27.3784	-0.4057	5.104	4
137.5	27.378	-0.9893	5.1003	4
137.55	27.3787	-0.8776	5.1027	4
137.6	27.3782	-0.3079	5.1054	4
137.65	27.378	-0.9181	5.0928	4
137.7	27.3788	-0.868	5.091	4
137.75	27.3782	-0.3834	5.092	4
137.8	27.3783	-0.9586	5.0947	4
137.85	27.3788	-0.5321	5.1009	4
137.9	27.3784	-0.6839	5.0896	4
137.95	27.3785	-0.8523	5.0949	4
138	27.3787	-0.7714	5.1205	4
138.05	27.3783	-0.7175	5.1346	4
138.1	27.379	-1.0537	5.117	4
138.15	27.379	-0.4721	5.098	4
138.2	27.3792	-0.745	5.1018	4
138.25	27.3799	-1.12	5.0979	4
138.3	27.3801	-0.562	5.0917	4
138.35	27.3797	-0.5241	5.0925	4
138.4	27.3799	-0.9682	5.0836	4
138.45	27.3802	-0.638	5.0984	4
138.5	27.3797	-0.5225	5.1039	4
138.55	27.3797	-0.9748	5.0831	4
138.6	27.3804	-0.7254	5.0854	4
138.65	27.38	-0.6999	5.0705	4
138.7	27.3803	-0.9267	5.0761	4
138.75	27.3809	-0.7704	5.085	4
138.8	27.381	-0.7029	5.0896	4
138.85	27.3817	-1.0037	5.1016	4
138.9	27.3817	-0.6592	5.1003	4
138.95	27.3813	-0.6782	5.088	4
139	27.3826	-1.461	5.0747	4
139.05	27.3829	-0.6317	5.0856	4
139.1	27.3826	-0.5661	5.1054	4
139.15	27.3836	-1.2575	5.1058	4
139.2	27.3843	-0.6582	5.0977	4
139.25	27.3836	-0.4615	5.094	4
139.3	27.3839	-1.1557	5.1005	4
139.35	27.3851	-0.7938	5.1036	4
139.4	27.3846	-0.3835	5.1022	4
139.45	27.3844	-1.0304	5.1117	4
139.5	27.3855	-0.9446	5.1035	4
139.55	27.3849	-0.3776	5.1004	4
139.6	27.3846	-0.781	5.1163	4
139.65	27.3854	-1.0633	5.1146	4
139.7	27.385	-0.1802	5.1045	4
139.75	27.3847	-0.7606	5.1062	4
139.8	27.3853	-1.1676	5.0986	4
139.85	27.3856	-0.4413	5.0861	4
139.9	27.3848	-0.6541	5.0737	4
139.95	27.3858	-1.301	5.0817	4
140	27.3858	-0.3608	5.0902	4
140.05	27.385	-0.5921	5.096	4
140.1	27.3855	-1.1046	5.0924	4
140.15	27.3863	-0.6884	5.0815	4
140.2	27.3855	-0.3472	5.0933	4
140.25	27.3859	-1.071	5.1039	4
140.3	27.3864	-0.8112	5.0937	4
140.35	27.3855	-0.1526	5.0995	4
140.4	27.3851	-0.8111	5.0942	4
140.45	27.3861	-1.0519	5.0921	4
140.5	27.3853	-0.1286	5.0788	4
140.55	27.3849	-0.7185	5.0886	4
140.6	27.3856	-1.0177	5.1126	4
140.65	27.3855	-0.188	5.1151	4
140.7	27.3843	-0.5264	5.1127	4
140.75	27.385	-1.2575	5.1221	4
140.8	27.385	-0.138	5.113	4
140.85	27.3838	-0.3651	5.1057	4
140.9	27.3844	-1.3319	5.0947	4
140.95	27.3851	-0.4937	5.1048	4
141	27.384	-0.3006	5.12	4
141.05	27.3844	-1.1827	5.1183	4
141.1	27.3849	-0.675	5.1231	4
141.15	27.3839	-0.1155	5.126	4
141.2	27.3837	-1.0639	5.1113	4
141.25	27.3849	-0.9019	5.1105	4
141.3	27.3841	-0.1129	5.1211	4
141.35	27.3838	-0.9019	5.1295	4
141.4	27.3847	-1.1579	5.1227	4
141.45	27.3845	-0.1252	5.1075	4
141.5	27.3835	-0.6365	5.1012	4
141.55	27.3841	-1.2326	5.0874	4
141.6	27.3842	-0.3144	5.0861	4
141.65	27.3834	-0.5581	5.1047	4
141.7	27.3838	-1.0386	5.1062	4
141.75	27.384	-0.375	5.1079	4
141.8	27.3829	-0.1831	5.118	4
141.85	27.3829	-1.0083	5.1086	4
141.9	27.3832	-0.4519	5.087	4
141.95	27.3821	-0.2759	5.0801	4
142	27.3818	-0.9063	5.0995	4
142.05	27.3824	-0.7521	5.1046	4
142.1	27.3818	-0.2513	5.1137	4
142.15	27.3813	-0.8208	5.1136	4
142.2	27.3821	-0.9032	5.109	4
142.25	27.3821	-0.4257	5.1063	4
142.3	27.3817	-0.8206	5.1001	4
142.35	27.383	-1.5736	5.1151	4
142.4	27.3835	-0.5448	5.1272	4
142.45	27.3836	-0.9136	5.0934	4
142.5	27.3845	-1.1861	5.0913	4
142.55	27.3854	-0.7523	5.0893	4
142.6	27.3852	-0.7044	5.0843	4
142.65	27.3859	-1.1013	5.1019	4
142.7	27.3861	-0.7714	5.0992	4
142.75	27.3859	-0.7763	5.1034	4
142.8	27.3867	-1.2441	5.1113	4
142.85	27.3876	-1.0153	5.1016	4
142.9	27.3878	-0.5724	5.0981	4
142.95	27.3881	-1.1149	5.0869	4
143	27.3892	-0.9816	5.0726	4
143.05	27.3896	-1.0189	5.0804	4
143.1	27.3902	-0.8778	5.1106	4
143.15	27.391	-1.1959	5.1253	4
143.2	27.392	-0.8401	5.1231	4
143.25	27.3921	-0.7858	5.1087	4
143.3	27.3926	-1.0604	5.1098	4
143.35	27.3936	-0.9504	5.1066	4
143.4	27.3936	-0.4645	5.1048	4
143.45	27.3937	-0.9424	5.1086	4
143.5	27.3947	-1.4166	5.131	4
143.55	27.3953	-0.3498	5.1229	4
143.6	27.3949	-0.8556	5.1067	4
143.65	27.396	-1.3523	5.1215	4
143.7	27.3963	-0.5629	5.1249	4
143.75	27.3961	-0.7906	5.1251	4
143.8	27.397	-1.2791	5.1307	4
143.85	27.3976	-0.78	5.1319	4
143.9	27.3975	-0.6589	5.1323	4
143.95	27.3982	-1.0667	5.1156	4
144	27.3989	-0.9294	5.1131	4
144.05	27.3989	-0.6958	5.1351	4
144.1	27.3988	-0.9617	5.1387	4
144.15	27.3999	-0.9798	5.1192	4
144.2	27.4	-0.5574	5.1011	4
144.25	27.3998	-0.7647	5.1171	4
144.3	27.3999	-0.8821	5.1295	4
144.35	27.4004	-0.6542	5.1194	4
144.4	27.4	-0.6403	5.1233	4
144.45	27.4001	-0.8746	5.1258	4
144.5	27.4002	-0.7207	5.1247	4
144.55	27.4004	-0.8438	5.1329	4
144.6	27.4005	-0.6332	5.1262	4
144.65	27.4006	-0.6581	5.1241	4
144.7	27.4006	-0.9111	5.1384	4
144.75	27.4011	-0.7047	5.1253	4
144.8	27.4006	-0.4721	5.143	4
144.85	27.4006	-0.9283	5.1383	4
144.9	27.4013	-0.7859	5.135	4
144.95	27.4007	-0.4905	5.1424	4
145	27.4005	-0.7427	5.1292	4
145.05	27.4014	-1.1787	5.1306	4
145.1	27.4014	-0.3172	5.1455	4
145.15	27.4007	-0.6071	5.1353	4
145.2	27.4017	-1.4384	5.1354	4
145.25	27.4024	-0.6337	5.15	4
145.3	27.4014	-0.0782	5.1466	4
145.35	27.4019	-1.3966	5.1484	4
145.4	27.4028	-0.5794	5.1249	4
145.45	27.4014	-0.1289	5.1051	4
145.5	27.401	-0.945	5.0995	4
145.55	27.402	-1.0948	5.1044	4
145.6	27.4016	-0.2241	5.1025	4
145.65	27.4011	-0.7889	5.0916	4
145.7	27.4019	-1.123	5.096	4
145.75	27.4019	-0.363	5.0901	4
145.8	27.4012	-0.5177	5.0916	4
145.85	27.402	-1.2874	5.0871	4
145.9	27.4024	-0.2768	5.0924	4
145.95	27.4016	-0.6521	5.1145	4
146	27.4023	-1.2404	5.126	4
146.05	27.403	-0.6616	5.1323	4
146.1	27.4024	-0.4158	5.1345	4
146.15	27.4028	-1.2729	5.1206	4
146.2	27.4035	-0.6052	5.1204	4
146.25	27.4034	-0.6265	5.114	4
146.3	27.404	-1.1634	5.1109	4
146.35	27.4044	-0.9271	5.1175	4
146.4	27.4045	-0.8432	5.1216	4
146.45	27.4052	-0.8842	5.1356	4
146.5	27.4057	-0.7561	5.1321	4
146.55	27.4057	-0.6835	5.1188	4
146.6	27.4059	-1.1445	5.1128	4
146.65	27.4066	-0.9551	5.112	4
146.7	27.4068	-0.4608	5.1034	4
146.75	27.4069	-0.9219	5.0967	4
146.8	27.4077	-1.1926	5.0896	4
146.85	27.4078	-0.4549	5.0965	4
146.9	27.4075	-0.9283	5.1243	4
146.95	27.4083	-0.977	5.1128	4
147	27.4087	-0.6007	5.1031	4
147.05	27.4085	-0.732	5.0933	4
147.1	27.4092	-1.2327	5.1089	4
147.15	27.4098	-0.8613	5.1223	4
147.2	27.4096	-0.691	5.1288	4
147.25	27.4098	-0.9926	5.1301	4
147.3	27.4106	-0.7553	5.1313	4
147.35	27.4107	-0.6448	5.1424	4
147.4	27.4107	-0.9667	5.1281	4
147.45	27.4115	-0.8319	5.1294	4
147.5	27.4115	-0.7619	5.1358	4
147.55	27.4118	-0.7816	5.1328	4
147.6	27.4121	-0.9916	5.1286	4
147.65	27.4124	-0.8932	5.1184	4
147.7	27.4124	-0.4855	5.1281	4
147.75	27.4125	-1.0937	5.1147	4
147.8	27.4129	-0.7172	5.0965	4
147.85	27.4133	-0.7259	5.1092	4
147.9	27.4131	-0.7095	5.1362	4
147.95	27.414	-0.9973	5.1233	4
148	27.4138	-0.6743	5.1146	4
148.05	27.4139	-0.7216	5.1148	4
148.1	27.4139	-0.7727	5.1139	4
148.15	27.4143	-0.8179	5.1057	4
148.2	27.4139	-0.3582	5.09	4
148.25	27.414	-1.0162	5.1024	4
148.3	27.4146	-0.8375	5.1195	4
148.35	27.4148	-0.5631	5.1177	4
148.4	27.4145	-0.6632	5.114	4
148.45	27.4144	-1.0282	5.0978	4
148.5	27.4151	-0.6241	5.1003	4
148.55	27.4142	-0.4339	5.114	4
148.6	27.4145	-0.9801	5.1172	4
148.65	27.4149	-0.8205	5.1286	4
148.7	27.4144	-0.1863	5.1158	4
148.75	27.4143	-1.1462	5.1105	4
148.8	27.4155	-0.9501	5.1136	4
148.85	27.4147	-0.1364	5.108	4
148.9	27.4144	-0.8887	5.1122	4
148.95	27.4148	-0.8648	5.1185	4
149	27.4149	-0.5894	5.1201	4
149.05	27.414	-0.2249	5.1137	4
149.1	27.4149	-1.4638	5.0904	4
149.15	27.4151	-0.261	5.0881	4
149.2	27.4145	-0.6025	5.0882	4
149.25	27.4144	-0.8185	5.0869	4
149.3	27.415	-0.953	5.0954	4
149.35	27.4146	-0.1529	5.1035	4
149.4	27.4142	-1.0233	5.0939	4
149.45	27.4148	-0.8103	5.0929	4
149.5	27.4154	-0.8403	5.0977	4
149.55	27.4149	-0.6088	5.1108	4
149.6	27.4154	-0.8576	5.1158	4
149.65	27.4159	-0.8615	5.1106	4
149.7	27.4153	-0.4105	5.0925	4
149.75	27.4154	-0.9102	5.0986	4
149.8	27.4156	-0.7401	5.1215	4
149.85	27.4157	-0.6512	5.1308	4
149.9	27.4158	-0.7114	5.1	4
149.95	27.4154	-0.5949	5.0866	4
150	27.4151	-0.3998	5.1203	4
150.05	27.4154	-0.8659	5.1377	4
150.1	27.4152	-0.5133	5.124	4
150.15	27.415	-0.6467	5.1387	4
150.2	27.4155	-0.9874	5.1327	4
150.25	27.4158	-0.8406	5.1067	4
150.3	27.4157	-0.4387	5.1124	4
150.35	27.4161	-1.2332	5.1265	4
150.4	27.4164	-0.5758	5.1312	4
150.45	27.4164	-0.7055	5.1087	4
150.5	27.4164	-0.7894	5.1066	4
150.55	27.4168	-0.7665	5.1299	4
150.6	27.4168	-0.5524	5.1309	4
150.65	27.4166	-1.0051	5.1352	4
150.7	27.4175	-0.8918	5.1413	4
150.75	27.4175	-0.6234	5.1228	4
150.8	27.4174	-0.9353	5.1174	4
150.85	27.4179	-0.9693	5.1105	4
150.9	27.4182	-0.7604	5.0907	4
150.95	27.4177	-0.4192	5.1046	4
151	27.4184	-1.1465	5.1267	4
151.05	27.4189	-0.7449	5.137	4
151.1	27.4189	-0.657	5.1289	4
151.15	27.4188	-0.8329	5.1192	4
151.2	27.4192	-0.7699	5.1323	4
151.25	27.4192	-0.6398	5.1392	4
151.3	27.4191	-0.8248	5.1446	4
151.35	27.4197	-0.871	5.1216	4
151.4	27.4198	-0.5389	5.1299	4
151.45	27.4199	-0.7514	5.157	4
151.5	27.4201	-1.0829	5.155	4
151.55	27.4207	-0.7132	5.1386	4
151.6	27.4204	-0.7619	5.144	4
151.65	27.4209	-0.8213	5.1337	4
151.7	27.4211	-0.7523	5.1336	4
151.75	27.4213	-0.744	5.1388	4
151.8	27.4218	-1.0255	5.1294	4
151.85	27.4222	-0.7613	5.1286	4
151.9	27.4217	-0.5933	5.1324	4
151.95	27.4225	-1.1136	5.1326	4
152	27.4227	-0.6589	5.1085	4
152.05	27.4225	-0.5478	5.0989	4
152.1	27.4225	-0.8218	5.1007	4
152.15	27.4231	-1.0297	5.0962	4
152.2	27.4227	-0.3022	5.1094	4
152.25	27.4229	-1.0969	5.1204	4
152.3	27.4234	-0.8301	5.1303	4
152.35	27.4232	-0.4728	5.1189	4
152.4	27.4232	-0.8648	5.1122	4
152.45	27.4238	-0.8688	5.1128	4
152.5	27.4235	-0.2527	5.112	4
152.55	27.4236	-1.251	5.1192	4
152.6	27.4246	-0.8181	5.1277	4
152.65	27.4242	-0.561	5.1281	4
152.7	27.4243	-0.9463	5.1434	4
152.75	27.4252	-1.2104	5.1355	4
152.8	27.4254	-0.4153	5.1089	4
152.85	27.4249	-0.8788	5.1005	4
152.9	27.4256	-1.165	5.1123	4
152.95	27.4262	-0.4897	5.1223	4
153	27.4261	-0.6877	5.112	4
153.05	27.4266	-1.1209	5.1112	4
153.1	27.4272	-0.8452	5.1211	4
153.15	27.4269	-0.7161	5.1146	4
153.2	27.4278	-1.2305	5.1108	4
153.25	27.4285	-0.6807	5.1118	4
153.3	27.4279	-0.5059	5.1248	4
153.35	27.4285	-1.2716	5.1319	4
153.4	27.4294	-0.8968	5.1259	4
153.45	27.4289	-0.3772	5.1217	4
153.5	27.4295	-1.2846	5.1224	4
153.55	27.4307	-0.9168	5.135	4
153.6	27.4302	-0.4638	5.1131	4
153.65	27.4305	-1.1158	5.098	4
153.7	27.4314	-1.0136	5.1162	4
153.75	27.4313	-0.4764	5.1206	4
153.8	27.4316	-1.1865	5.1184	4
153.85	27.4327	-0.962	5.1134	4
153.9	27.4327	-0.637	5.1073	4
153.95	27.4329	-1.1859	5.1013	4
154	27.4341	-1.0852	5.1176	4
154.05	27.4345	-0.7247	5.1356	4
154.1	27.435	-1.1541	5.1348	4
154.15	27.4357	-0.6415	5.1123	4
154.2	27.4355	-0.8239	5.1119	4
154.25	27.4366	-1.4458	5.1459	4
154.3	27.4372	-0.443	5.1521	4
154.35	27.4365	-0.5757	5.1329	4
154.4	27.4374	-1.3802	5.1194	4
154.45	27.4385	-0.7177	5.1165	4
154.5	27.438	-0.5312	5.1339	4
154.55	27.4379	-0.9372	5.1399	4
154.6	27.4389	-1.1252	5.1279	4
154.65	27.4389	-0.3556	5.1195	4
154.7	27.438	-0.4906	5.0932	4
154.75	27.439	-1.4033	5.1048	4
154.8	27.4396	-0.5561	5.1136	4
154.85	27.4383	-0.0068	5.1262	4
154.9	27.4385	-1.4186	5.1344	4
154.95	27.4405	-1.4479	5.1273	4
155	27.4396	0.3744	5.1423	4
155.05	27.4385	-0.9628	5.1323	4
155.1	27.4402	-1.4161	5.1247	4
155.15	27.4404	-0.2751	5.1264	4
155.2	27.4393	-0.1881	5.1135	4
155.25	27.4398	-1.233	5.1151	4
155.3	27.4403	-0.7416	5.1223	4
155.35	27.4395	-0.2341	5.1166	4
155.4	27.4392	-0.8609	5.1052	4
155.45	27.4401	-0.883	5.1	4
155.5	27.4395	-0.0813	5.1102	4
155.55	27.4389	-1.0622	5.1117	4
155.6	27.4397	-1.036	5.1041	4
155.65	27.4391	-0.1998	5.1265	4
155.7	27.4386	-0.6991	5.1167	4
155.75	27.4392	-0.8027	5.1025	4
155.8	27.4388	-0.252	5.1208	4
155.85	27.438	-0.6196	5.1322	4
155.9	27.4381	-0.6571	5.1308	4
155.95	27.4379	-0.6251	5.1211	5
156	27.4376	-0.6525	5.1239	6
156.05	27.4374	-0.6067	5.113	6
156.1	27.4371	-0.6474	5.1125	6
156.15	27.4354	-2.61	5.1156	6
156.2	27.4276	-11.1368	5.1239	6
156.25	27.4162	-20.5853	5.1443	6
156.3	27.405	-29.3962	5.1322	6
156.35	27.3938	-37.3444	5.1306	6
156.4	27.3824	-44.0013	5.1419	6
156.45	27.3714	-50.5241	5.1337	6
156.5	27.3608	-56.9596	5.1331	6
156.55	27.35	-62.2689	5.1284	6
156.6	27.3389	-66.6339	5.1275	6
156.65	27.3293	-72.1783	5.1352	6
156.7	27.3188	-75.8471	5.1275	6
156.75	27.3088	-79.3009	5.1077	6
156.8	27.2997	-83.519	5.113	6
156.85	27.2904	-86.7748	5.1223	6
156.9	27.281	-88.8403	5.1112	6
156.95	27.2729	-92.1689	5.1235	6
157	27.2647	-94.8673	5.1352	6
157.05	27.2562	-96.7584	5.1268	6
157.1	27.2479	-98.1848	5.1112	6
157.15	27.2408	-100.6272	5.1102	6
157.2	27.2332	-102.0315	5.1155	6
157.25	27.2258	-103.0413	5.1078	6
157.3	27.2192	-104.5873	5.1002	6
157.35	27.2124	-105.539	5.1061	6
157.4	27.2058	-106.0134	5.1188	6
157.45	27.2001	-107.1572	5.1142	6
157.5	27.1942	-107.9672	5.1075	6
157.55	27.188	-107.5877	5.1213	6
157.6	27.1831	-108.7254	5.1357	6
157.65	27.1778	-109.3931	5.1305	6
157.7	27.1719	-108.5559	5.1148	6
157.75	27.1675	-109.1539	5.1028	6
157.8	27.1633	-109.8274	5.1084	6
157.85	27.1585	-109.2607	5.1017	6
157.9	27.1541	-108.8244	5.0993	6
157.95	27.1505	-109.4382	5.1161	6
158	27.1466	-109.0511	5.1192	6
158.05	27.1426	-108.123	5.1157	6
158.1	27.1393	-108.4322	5.1247	6
158.15	27.1363	-108.6116	5.108	6
158.2	27.1328	-107.7691	5.1025	6
158.25	27.1298	-107.4558	5.1065	6
158.3	27.1267	-107.1837	5.1135	6
158.35	27.1243	-107.1037	5.1101	6
158.4	27.1211	-106.1969	5.0955	6
158.45	27.1189	-106.1818	5.1058	6
158.5	27.1166	-105.9572	5.1211	6
158.55	27.1145	-105.5173	5.1091	6
158.6	27.1121	-104.864	5.1069	6
158.65	27.1098	-104.1064	5.1035	6
158.7	27.1082	-104.0074	5.104	6
158.75	27.1065	-103.4425	5.109	6
158.8	27.1045	-102.5502	5.1209	6
158.85	27.103	-102.2951	5.1301	6
158.9	27.1017	-102.1981	5.1304	6
158.95	27.1001	-101.371	5.1297	6
159	27.098	-100.1759	5.1313	6
159.05	27.0973	-100.3833	5.1295	6
159.1	27.096	-99.6638	5.1351	6
159.15	27.0944	-98.83	5.1197	6
159.2	27.0935	-98.4353	5.1242	6
159.25	27.0927	-97.8326	5.1272	6
159.3	27.0911	-96.8778	5.1307	6
159.35	27.0898	-96.669	5.1408	6
159.4	27.0896	-96.9804	5.1298	6
159.45	27.0878	-94.7507	5.1281	6
159.5	27.0871	-93.9079	5.1199	6
159.55	27.0871	-94.3397	5.1138	6
159.6	27.0861	-92.9523	5.1065	6
159.65	27.0854	-91.9904	5.1102	6
159.7	27.0855	-91.9987	5.1253	6
159.75	27.0852	-91.5341	5.1183	6
159.8	27.0837	-89.6557	5.1005	6
159.85	27.0835	-89.4794	5.1101	6
159.9	27.0833	-89.2513	5.1083	6
159.95	27.0823	-87.9535	5.1064	6
160	27.0818	-87.5508	5.1191	6
160.05	27.0817	-87.5272	5.1069	6
160.1	27.081	-86.5389	5.0971	6
160.15	27.0805	-85.978	5.1059	6
160.2	27.0798	-85.3673	5.1122	6
160.25	27.0793	-84.8912	5.1141	6
160.3	27.0785	-83.9313	5.1262	6
160.35	27.0787	-83.8567	5.1466	6
160.4	27.0781	-83.0859	5.1305	6
160.45	27.0778	-82.7251	5.1063	6
160.5	27.0779	-81.6758	5.1134	6
160.55	27.0781	-80.7398	5.1257	6
160.6	27.0778	-80.3225	5.1206	6
160.65	27.0776	-80.118	5.1186	6
160.7	27.077	-79.3757	5.1387	6
160.75	27.0772	-79.6432	5.1426	6
160.8	27.0769	-79.4284	5.1339	6
160.85	27.0766	-78.2438	5.1426	6
160.9	27.0771	-77.4733	5.1485	6
160.95	27.0776	-77.6117	5.1417	6
161	27.0772	-76.8399	5.1534	6
161.05	27.0772	-76.7766	5.1421	6
161.1	27.0771	-76.5942	5.1351	6
161.15	27.0773	-76.5883	5.1415	6
161.2	27.0772	-75.3658	5.125	6
161.25	27.0776	-74.7673	5.1238	6
161.3	27.0781	-75.2463	5.1249	6
161.35	27.0778	-74.8977	5.1191	6
161.4	27.0773	-74.2512	5.1157	6
161.45	27.0773	-74.2458	5.1184	6
161.5	27.0776	-74.8366	5.126	6
161.55	27.077	-73.5115	5.1385	6
161.6	27.0776	-72.4767	5.147	6
161.65	27.0786	-73.04	5.1422	6
161.7	27.0783	-72.6078	5.1265	6
161.75	27.0779	-71.8039	5.1415	6
161.8	27.0781	-72.4368	5.1415	6
161.85	27.078	-72.4977	5.1355	6
161.9	27.077	-71.1253	5.1411	6
161.95	27.0778	-71.1101	5.1317	6
162	27.0789	-71.1353	5.1471	6
162.05	27.0779	-69.3566	5.1584	6
162.1	27.0779	-69.4159	5.15	6
162.15	27.0784	-70.4993	5.1624	6
162.2	27.0779	-69.6924	5.1485	6
162.25	27.0772	-68.629	5.1239	6
162.3	27.0781	-70.0886	5.1119	6
162.35	27.0781	-69.4777	5.1147	6
162.4	27.078	-67.5484	5.1279	6
162.45	27.0788	-68.3446	5.1057	6
162.5	27.0789	-68.7879	5.1118	6
162.55	27.0781	-67.5451	5.1262	6
162.6	27.0785	-68.4328	5.1223	6
162.65	27.0784	-68.3648	5.1103	6
162.7	27.0783	-67.9903	5.1145	6
162.75	27.0782	-67.971	5.1285	6
162.8	27.0785	-67.4487	5.1233	6
162.85	27.0792	-66.8205	5.119	6
162.9	27.0788	-65.938	5.1225	6
162.95	27.0792	-66.5962	5.1143	6
163	27.0789	-66.173	5.1071	6
163.05	27.079	-66.2262	5.127	6
163.1	27.0787	-66.1657	5.1307	6
163.15	27.0787	-66.0118	5.1373	6
163.2	27.0787	-66.1117	5.1374	6
163.25	27.0786	-65.502	5.1161	6
163.3	27.0791	-64.6913	5.1154	6
163.35	27.0799	-64.5872	5.1115	6
163.4	27.0798	-64.1873	5.1186	6
163.45	27.0799	-64.4068	5.1224	6
163.5	27.0797	-64.4296	5.1117	6
163.55	27.0801	-64.5718	5.1198	6
163.6	27.0796	-64.0549	5.1165	6
163.65	27.08	-64.6204	5.1163	6
163.7	27.0795	-63.8787	5.133	6
163.75	27.0794	-63.5255	5.1379	6
163.8	27.0794	-63.8985	5.129	6
163.85	27.0794	-63.3518	5.1144	6
163.9	27.0799	-62.1246	5.1133	6
163.95	27.0805	-62.4302	5.1092	6
164	27.0804	-62.1298	5.1152	6
164.05	27.0803	-62.0661	5.1309	6
164.1	27.0799	-61.8089	5.127	6
164.15	27.08	-61.9843	5.1214	6
164.2	27.0802	-61.9429	5.1302	6
164.25	27.08	-61.3955	5.1465	6
164.3	27.0799	-61.591	5.1556	6
164.35	27.0799	-61.917	5.1532	6
164.4	27.0797	-61.403	5.1355	6
164.45	27.0793	-61.04	5.1172	6
164.5	27.0797	-60.9806	5.111	6
164.55	27.0804	-60.0734	5.1181	6
164.6	27.0806	-59.6221	5.1355	6
164.65	27.0805	-59.5562	5.1309	6
164.7	27.0804	-59.4346	5.1264	6
164.75	27.0806	-59.6917	5.1283	6
164.8	27.0803	-59.1084	5.1336	6
164.85	27.0799	-58.9116	5.124	6
164.9	27.0805	-59.8321	5.1181	6
164.95	27.0799	-58.973	5.1215	6
165	27.0796	-58.5571	5.1167	6
165.05	27.0801	-59.2393	5.1062	6
165.1	27.0799	-59.128	5.1036	6
165.15	27.0795	-58.4988	5.1098	6
165.2	27.0802	-58.3723	5.1135	6
165.25	27.0813	-58.3614	5.1057	6
165.3	27.0807	-57.4923	5.109	6
165.35	27.0808	-57.6998	5.1277	6
165.4	27.0813	-58.5609	5.1233	6
165.45	27.0811	-58.3465	5.1219	6
165.5	27.0806	-57.6224	5.1228	6
165.55	27.081	-58.3218	5.1153	6
165.6	27.0813	-58.7178	5.116	6
165.65	27.0808	-57.8149	5.1206	6
165.7	27.0811	-58.1617	5.1158	6
165.75	27.0814	-58.6751	5.1087	6
165.8	27.0811	-58.2827	5.1054	6
165.85	27.081	-58.3334	5.1078	6
165.9	27.0814	-58.7818	5.1026	6
165.95	27.0813	-58.6079	5.1014	6
166	27.0812	-58.3535	5.1095	6
166.05	27.0814	-58.6762	5.1123	6
166.1	27.0811	-58.4889	5.1278	6
166.15	27.081	-57.8895	5.1221	6
166.2	27.0819	-57.3255	5.1068	6
166.25	27.0826	-57.2137	5.123	6
166.3	27.0824	-56.8931	5.1331	6
166.35	27.0822	-56.7313	5.1156	6
166.4	27.0824	-57.0356	5.1034	6
166.45	27.0819	-56.2549	5.1195	6
166.5	27.0824	-56.6857	5.1261	6
166.55	27.082	-56.3047	5.1265	6
166.6	27.0815	-55.4964	5.1313	6
166.65	27.0825	-56.9492	5.1328	6
166.7	27.0818	-56.1906	5.1457	6
166.75	27.0808	-54.7283	5.1472	6
166.8	27.0819	-56.2682	5.1409	6
166.85	27.0819	-56.2681	5.1527	6
166.9	27.0808	-54.7574	5.1606	6
166.95	27.0821	-56.4462	5.1631	6
167	27.0825	-57.0991	5.1408	6
167.05	27.0823	-56.5788	5.1266	6
167.1	27.0828	-57.3173	5.1361	6
167.15	27.083	-57.9252	5.1325	6
167.2	27.0824	-57.2086	5.1112	6
167.25	27.083	-58.1389	5.1087	6
167.3	27.0831	-58.1561	5.1141	6
167.35	27.0827	-57.3264	5.1167	6
167.4	27.083	-57.9028	5.1127	6
167.45	27.0832	-58.3382	5.1203	6
167.5	27.0825	-57.3392	5.1489	6
167.55	27.0828	-57.7881	5.1546	6
167.6	27.0833	-58.306	5.1509	6
167.65	27.0827	-57.3314	5.1457	6
167.7	27.0822	-56.8095	5.1406	6
167.75	27.083	-57.8469	5.1532	6
167.8	27.0825	-57.1376	5.1322	6
167.85	27.0822	-56.6829	5.1141	6
167.9	27.0828	-57.7228	5.1236	6
167.95	27.0829	-57.7303	5.1129	6
168	27.0824	-56.9478	5.1133	6
168.05	27.0829	-57.5602	5.1156	6
168.1	27.0832	-58.0952	5.1027	6
168.15	27.0825	-57.2242	5.0988	6
168.2	27.0825	-57.4271	5.1044	6
168.25	27.083	-58.1515	5.1181	6
168.3	27.0826	-57.4417	5.1295	6
168.35	27.0825	-57.4627	5.1374	6
168.4	27.0829	-58.3174	5.1241	6
168.45	27.0827	-57.869	5.1157	6
168.5	27.0831	-58.0818	5.1145	6
168.55	27.0833	-58.5133	5.0993	6
168.6	27.0833	-58.6313	5.1026	6
168.65	27.0832	-58.5894	5.1216	6
168.7	27.0836	-59.0469	5.127	6
168.75	27.0841	-59.5866	5.1361	6
168.8	27.0837	-59.1431	5.1388	6
168.85	27.0842	-59.714	5.1326	6
168.9	27.0839	-59.4826	5.134	6
168.95	27.0842	-59.9606	5.1309	6
169	27.0847	-60.4786	5.1298	6
169.05	27.0843	-59.773	5.137	6
169.1	27.0846	-60.1556	5.1303	6
169.15	27.0848	-60.6292	5.1281	6
169.2	27.0845	-60.1985	5.1271	6
169.25	27.0843	-59.8135	5.1226	6
169.3	27.0847	-60.3194	5.1242	6
169.35	27.0845	-60.1216	5.1045	6
169.4	27.0842	-59.564	5.1241	6
169.45	27.0844	-59.9157	5.146	6
169.5	27.0843	-60.036	5.1292	6
169.55	27.0841	-59.5471	5.1351	6
169.6	27.0842	-59.5201	5.1372	6
169.65	27.0845	-59.7827	5.1347	6
169.7	27.084	-59.3533	5.1349	6
169.75	27.084	-59.3682	5.1354	6
169.8	27.0837	-59.0488	5.1354	6
169.85	27.084	-59.5954	5.1184	6
169.9	27.0836	-58.8134	5.1246	6
169.95	27.0836	-58.7482	5.1217	6
170	27.0837	-59.1226	5.1205	6
170.05	27.0836	-58.9122	5.1241	6
170.1	27.0832	-58.5235	5.1116	6
170.15	27.0831	-58.6054	5.1147	6
170.2	27.0834	-58.8434	5.1184	6
170.25	27.083	-58.1603	5.0975	6
170.3	27.0832	-58.4931	5.0994	6
170.35	27.0829	-58.3083	5.1074	6
170.4	27.0828	-58.1805	5.1308	6
170.45	27.0827	-57.8079	5.1354	6
170.5	27.0833	-58.6634	5.119	6
170.55	27.0831	-58.543	5.1126	6
170.6	27.0825	-57.7363	5.1167	6
170.65	27.0831	-58.608	5.1252	6
170.7	27.0838	-59.3918	5.125	6
170.75	27.0827	-57.7978	5.1271	6
170.8	27.0831	-58.3381	5.1426	6
170.85	27.0839	-59.6963	5.156	6
170.9	27.0832	-58.6959	5.1401	6
170.95	27.083	-58.4441	5.1437	6
171	27.0841	-60.0647	5.1462	6
171.05	27.0838	-59.5774	5.1471	6
171.1	27.0837	-59.3302	5.1358	6
171.15	27.0842	-60.0924	5.1285	6
171.2	27.0846	-60.6005	5.1351	6
171.25	27.0839	-59.5656	5.1272	6
171.3	27.0843	-60.3938	5.1284	6
171.35	27.0845	-61.5553	5.1359	6
171.4	27.0838	-60.8721	5.1382	6
171.45	27.0836	-61.0334	5.149	6
171.5	27.0844	-62.1661	5.1497	6
171.55	27.0835	-61.9046	5.1462	6
171.6	27.0833	-61.9064	5.149	6
171.65	27.0835	-62.3008	5.1501	6
171.7	27.0835	-62.3594	5.1471	6
171.75	27.083	-61.914	5.1391	6
171.8	27.0834	-62.428	5.1283	6
171.85	27.0834	-62.2749	5.1398	6
171.9	27.083	-61.7224	5.1248	6
171.95	27.0829	-61.5111	5.125	6
172	27.0831	-61.5901	5.1274	6
172.05	27.0826	-60.9318	5.1178	6
172.1	27.0825	-60.8218	5.1293	6
172.15	27.083	-61.0301	5.1289	6
172.2	27.0833	-61.1644	5.125	6
172.25	27.0831	-60.9271	5.1332	6
172.3	27.083	-61.1137	5.1246	6
172.35	27.0833	-61.5636	5.1157	6
172.4	27.083	-61.646	5.1042	6
172.45	27.083	-61.7427	5.0977	6
172.5	27.083	-61.3956	5.0993	6
172.55	27.0838	-61.8849	5.0995	6
172.6	27.0834	-61.5503	5.1132	6
172.65	27.0835	-61.5927	5.1185	6
172.7	27.0836	-61.9917	5.117	6
172.75	27.0835	-61.96	5.1223	6
172.8	27.0837	-62.1786	5.1026	6
172.85	27.0836	-62.2382	5.0891	6
172.9	27.0838	-62.5376	5.1	6
172.95	27.0838	-62.4756	5.1152	6
173	27.0835	-62.39	5.1243	6
173.05	27.0839	-62.7062	5.1248	6
173.1	27.0836	-62.3274	5.1265	6
173.15	27.0833	-62.0195	5.1177	6
173.2	27.0836	-62.3081	5.1206	6
173.25	27.0835	-62.0442	5.1203	6
173.3	27.0834	-61.9072	5.1106	6
173.35	27.0833	-61.9198	5.1197	6
173.4	27.0832	-61.7558	5.1129	6
173.45	27.0831	-61.7215	5.1087	6
173.5	27.083	-61.7314	5.1241	6
173.55	27.083	-61.7834	5.1287	6
173.6	27.0827	-61.4681	5.1208	6
173.65	27.0828	-61.588	5.1067	6
173.7	27.0825	-61.2779	5.111	6
173.75	27.0823	-61.0479	5.1053	6
173.8	27.0822	-60.8845	5.1037	6
173.85	27.0819	-60.4838	5.1119	6
173.9	27.0822	-60.5654	5.1035	6
173.95	27.0824	-59.8666	5.0973	6
174	27.0825	-59.5482	5.1006	6
174.05	27.0829	-59.615	5.097	6
174.1	27.0827	-59.1255	5.0935	6
174.15	27.0829	-58.5492	5.0924	6
174.2	27.0831	-58.8551	5.0943	6
174.25	27.083	-58.7996	5.1046	6
174.3	27.083	-58.5041	5.1084	6
174.35	27.0831	-58.7504	5.1044	6
174.4	27.0832	-58.8893	5.0833	6
174.45	27.083	-58.6037	5.0714	6
174.5	27.0829	-58.38	5.0829	6
174.55	27.0832	-58.8239	5.085	6
174.6	27.083	-58.6252	5.0818	6
174.65	27.0824	-57.7808	5.0989	6
174.7	27.0829	-58.4116	5.1152	6
174.75	27.0831	-58.7161	5.1277	6
174.8	27.0827	-58.058	5.1228	6
174.85	27.083	-58.3224	5.1179	6
174.9	27.0833	-58.8898	5.1056	6
174.95	27.0829	-58.3526	5.1013	6
175	27.0824	-57.6652	5.1082	6
175.05	27.083	-58.5092	5.108	6
175.1	27.0828	-58.4565	5.1049	6
175.15	27.0824	-57.7672	5.1156	6
175.2	27.0824	-57.9674	5.0947	6
175.25	27.0829	-58.5091	5.0931	6
175.3	27.0825	-57.8149	5.1141	6
175.35	27.0822	-57.5882	5.1249	6
175.4	27.0824	-57.9918	5.1173	6
175.45	27.0821	-57.6135	5.0876	6
175.5	27.0819	-57.4007	5.097	6
175.55	27.082	-57.7619	5.1099	6
175.6	27.0818	-57.5233	5.1048	6
175.65	27.0816	-57.1865	5.1272	6
175.7	27.0815	-57.2151	5.1213	6
175.75	27.0815	-57.2038	5.0931	6
175.8	27.0811	-56.8243	5.09	6
175.85	27.0809	-56.6721	5.0923	6
175.9	27.0808	-56.6145	5.1141	6
175.95	27.0809	-56.6657	5.1193	6
176	27.0808	-56.3738	5.1099	6
176.05	27.0807	-56.3955	5.1178	6
176.1	27.0807	-56.5111	5.1054	6
176.15	27.0805	-56.3017	5.1122	6
176.2	27.0805	-55.2861	5.1144	6
176.25	27.0815	-55.0808	5.1125	6
176.3	27.0816	-54.6707	5.1155	6
176.35	27.0814	-54.2761	5.1055	6
176.4	27.0814	-54.3232	5.1128	6
176.45	27.0814	-54.2092	5.1206	6
176.5	27.0817	-54.4344	5.1183	6
176.55	27.0809	-53.6922	5.1133	6
176.6	27.0812	-54.2244	5.0998	6
176.65	27.0814	-54.4396	5.1063	6
176.7	27.0811	-53.6888	5.1264	6
176.75	27.0812	-53.7776	5.1153	6
176.8	27.0817	-54.5216	5.1102	6
176.85	27.0811	-53.8722	5.1125	6
176.9	27.0815	-54.2793	5.1153	6
176.95	27.0817	-54.6097	5.1223	6
177	27.0818	-54.7081	5.1016	6
177.05	27.0818	-54.6753	5.1054	6
177.1	27.0819	-54.8185	5.1133	6
177.15	27.0819	-54.7691	5.1074	6
177.2	27.082	-55.0727	5.1207	6
177.25	27.0819	-55.0947	5.1241	6
177.3	27.0818	-54.999	5.1251	6
177.35	27.0823	-55.6772	5.1363	6
177.4	27.0823	-55.7569	5.1277	6
177.45	27.0828	-56.2515	5.1287	6
177.5	27.0825	-55.953	5.1222	6
177.55	27.0829	-56.373	5.1256	6
177.6	27.0832	-56.3671	5.1235	6
177.65	27.083	-56.2713	5.1354	6
177.7	27.083	-56.123	5.1368	6
177.75	27.0837	-56.4398	5.1128	6
177.8	27.0832	-56.2655	5.1172	6
177.85	27.0834	-56.4773	5.1191	6
177.9	27.0832	-56.705	5.1141	6
177.95	27.0833	-56.8326	5.1168	6
178	27.0833	-56.6291	5.1146	6
178.05	27.0835	-56.9784	5.1208	6
178.1	27.0838	-57.4136	5.1287	6
178.15	27.0839	-57.6804	5.116	6
178.2	27.084	-57.8096	5.1172	6
178.25	27.0842	-58.0967	5.1156	6
178.3	27.0847	-58.5637	5.125	6
178.35	27.0847	-58.5819	5.1376	6
178.4	27.0849	-58.6636	5.1297	6
178.45	27.0852	-59.2508	5.1227	6
178.5	27.0855	-59.7908	5.1263	6
178.55	27.0854	-59.5299	5.121	6
178.6	27.0858	-60.0172	5.1421	6
178.65	27.0865	-60.8787	5.1488	6
178.7	27.0864	-60.613	5.1565	6
178.75	27.0862	-60.2621	5.1458	6
178.8	27.0868	-61.1526	5.1299	6
178.85	27.0867	-61.1304	5.133	6
178.9	27.0864	-60.7244	5.1349	6
178.95	27.0866	-61.4961	5.1321	6
179	27.0863	-62.6395	5.1266	6
179.05	27.0857	-62.5132	5.1299	6
179.1	27.0857	-62.617	5.1368	6
179.15	27.0859	-63.0716	5.1279	6
179.2	27.0857	-62.6709	5.1272	6
179.25	27.0859	-62.7657	5.135	6
179.3	27.0862	-63.1193	5.1568	6
179.35	27.0862	-63.054	5.1569	6
179.4	27.0861	-63.0065	5.1378	6
179.45	27.0861	-63.157	5.1505	6
179.5	27.0859	-63.0036	5.1435	6
179.55	27.0858	-62.8084	5.1344	6
179.6	27.0856	-62.615	5.1344	6
179.65	27.0857	-62.8652	5.1198	6
179.7	27.0854	-62.7804	5.1244	6
179.75	27.085	-63.5405	5.1405	6
179.8	27.0843	-64.0594	5.1246	6
179.85	27.0842	-64.0282	5.1408	6
179.9	27.0842	-63.9441	5.1522	6
179.95	27.0844	-64.085	5.1405	6
180	27.084	-63.6555	5.1434	6
180.05	27.084	-63.565	5.1272	6
180.1	27.0838	-63.4208	5.1197	6
180.15	27.0835	-63.0625	5.1192	6
180.2	27.0833	-62.5759	5.1182	6
180.25	27.0833	-62.4746	5.1331	6
180.3	27.0831	-62.198	5.1317	6
180.35	27.0826	-61.5866	5.1153	6
180.4	27.0825	-61.575	5.1118	6
180.45	27.0824	-61.4938	5.1251	6
180.5	27.0822	-61.0929	5.1324	6
180.55	27.082	-60.8861	5.1234	6
180.6	27.0816	-60.4955	5.1013	6
180.65	27.0815	-60.2068	5.1146	6
180.7	27.0816	-59.377	5.1284	6
180.75	27.0821	-58.2395	5.1292	6
180.8	27.0824	-57.8936	5.119	6
180.85	27.0824	-58.2703	5.1036	6
180.9	27.0819	-57.6059	5.1087	6
180.95	27.0816	-57.3134	5.1123	6
181	27.0821	-57.9752	5.1361	6
181.05	27.0815	-57.0203	5.1388	6
181.1	27.081	-56.3205	5.1375	6
181.15	27.0816	-57.3127	5.1561	6
181.2	27.081	-56.7446	5.1425	6
181.25	27.0806	-55.9817	5.1374	6
181.3	27.0809	-56.5943	5.1366	6
181.35	27.0808	-56.5638	5.1302	6
181.4	27.0802	-55.4574	5.1253	6
181.45	27.0806	-55.7689	5.1156	6
181.5	27.0807	-55.9708	5.1253	6
181.55	27.0802	-55.3041	5.1264	6
181.6	27.0801	-55.0477	5.1144	6
181.65	27.0805	-55.6564	5.1267	6
181.7	27.0802	-54.6986	5.1073	6
181.75	27.0805	-53.4249	5.1102	6
181.8	27.0811	-53.5	5.123	6
181.85	27.0809	-53.2834	5.1175	6
181.9	27.0803	-52.706	5.1238	6
181.95	27.0803	-52.788	5.1295	6
182	27.0805	-53.1027	5.1439	6
182.05	27.0803	-52.733	5.1223	6
182.1	27.08	-52.3529	5.1057	6
182.15	27.0802	-52.6092	5.1432	6
182.2	27.0803	-52.6584	5.1373	6
182.25	27.0798	-52.1014	5.1175	6
182.3	27.0795	-52.0011	5.1112	6
182.35	27.0801	-52.7169	5.0979	6
182.4	27.0798	-51.5847	5.105	6
182.45	27.0807	-50.8807	5.112	6
182.5	27.0815	-51.3516	5.1151	6
182.55	27.0815	-51.2877	5.1162	6
182.6	27.0812	-50.781	5.1156	6
182.65	27.0819	-51.5416	5.1101	6
182.7	27.0819	-51.7461	5.1102	6
182.75	27.0816	-51.2688	5.1324	6
182.8	27.082	-51.6726	5.1489	6
182.85	27.0825	-52.3637	5.138	6
182.9	27.0821	-51.685	5.1459	6
182.95	27.0824	-52.0846	5.1467	6
183	27.0828	-52.7487	5.1378	6
183.05	27.0824	-52.0248	5.1396	6
183.1	27.0823	-52.0313	5.1461	6
183.15	27.0827	-52.6896	5.1438	6
183.2	27.0823	-52.0205	5.1447	6
183.25	27.0822	-51.7284	5.1381	6
183.3	27.0828	-52.797	5.1417	6
183.35	27.0823	-52.0927	5.1373	6
183.4	27.0821	-51.7295	5.1409	6
183.45	27.0828	-52.8964	5.1382	6
183.5	27.0826	-52.5431	5.1404	6
183.55	27.082	-51.7153	5.142	6
183.6	27.083	-53.1362	5.1415	6
183.65	27.0828	-52.9176	5.1418	6
183.7	27.0823	-51.9972	5.1344	6
183.75	27.0832	-53.1632	5.1287	6
183.8	27.0835	-53.6484	5.1288	6
183.85	27.0827	-52.4838	5.1209	6
183.9	27.0835	-53.4723	5.1338	6
183.95	27.0837	-53.946	5.159	6
184	27.083	-52.7491	5.1576	6
184.05	27.0832	-53.2607	5.1509	6
184.1	27.0839	-54.3755	5.1584	6
184.15	27.0831	-53.2094	5.1451	6
184.2	27.0833	-53.5882	5.1136	6
184.25	27.0837	-54.5054	5.1136	6
184.3	27.0832	-53.7672	5.1372	6
184.35	27.0832	-53.7551	5.1544	6
184.4	27.084	-54.8855	5.1548	6
184.45	27.0837	-54.3207	5.1438	6
184.5	27.0834	-53.906	5.1385	6
184.55	27.084	-54.9669	5.1434	6
184.6	27.084	-54.9372	5.1283	6
184.65	27.0834	-53.928	5.1185	6
184.7	27.0842	-55.0775	5.1223	6
184.75	27.0838	-54.8464	5.1196	6
184.8	27.0836	-54.3607	5.1299	6
184.85	27.0837	-54.4219	5.15	6
184.9	27.0841	-54.9579	5.144	6
184.95	27.0834	-54.1092	5.1397	6
185	27.0835	-54.1767	5.1381	6
185.05	27.0838	-54.5075	5.1317	6
185.1	27.0835	-54.0086	5.1336	6
185.15	27.0831	-53.7749	5.1404	6
185.2	27.0835	-54.2449	5.1573	6
185.25	27.0831	-53.766	5.1512	6
185.3	27.0832	-53.8863	5.1385	6
185.35	27.0832	-54.0475	5.1393	6
185.4	27.0831	-53.8897	5.1234	6
185.45	27.0833	-53.9031	5.1254	6
185.5	27.0839	-54.5712	5.1575	6
185.55	27.0834	-53.9978	5.1758	6
185.6	27.0838	-54.2963	5.1609	6
185.65	27.0842	-54.895	5.1376	6
185.7	27.0838	-54.3197	5.1242	6
185.75	27.0839	-54.2969	5.1254	6
185.8	27.0843	-54.9686	5.1274	6
185.85	27.0839	-54.4028	5.1402	6
185.9	27.0835	-53.7053	5.1316	6
185.95	27.0842	-54.705	5.1331	6
186	27.0838	-54.2542	5.1309	6
186.05	27.0832	-53.4399	5.1177	6
186.1	27.0835	-53.6831	5.1157	6
186.15	27.0834	-53.6372	5.1266	6
186.2	27.0829	-53.022	5.1441	6
186.25	27.0827	-52.7729	5.138	6
186.3	27.0832	-53.4073	5.1395	6
186.35	27.0827	-52.6847	5.148	6
186.4	27.0824	-52.5185	5.1536	6
186.45	27.0826	-52.8183	5.1439	6
186.5	27.0825	-52.7096	5.1335	6
186.55	27.0821	-52.0795	5.1275	6
186.6	27.0821	-52.0446	5.1317	6
186.65	27.0822	-52.2991	5.1393	6
186.7	27.0819	-52.0004	5.1438	6
186.75	27.0814	-51.325	5.143	6
186.8	27.082	-51.9684	5.1192	6
186.85	27.0819	-51.6639	5.1108	6
186.9	27.0816	-51.1525	5.1166	6
186.95	27.0814	-51.0942	5.1292	6
187	27.0816	-51.3057	5.1326	6
187.05	27.0812	-50.892	5.1178	6
187.1	27.0813	-51.0486	5.1371	6
187.15	27.0814	-51.343	5.1542	6
187.2	27.0813	-51.1853	5.1455	6
187.25	27.0818	-51.703	5.1404	6
187.3	27.0819	-51.8894	5.1277	6
187.35	27.0816	-51.4775	5.1378	6
187.4	27.0819	-51.8474	5.1466	6
187.45	27.0818	-52.0945	5.1271	6
187.5	27.0817	-51.5794	5.1199	6
187.55	27.0825	-51.4103	5.1352	6
187.6	27.0831	-51.9361	5.1453	6
187.65	27.0829	-51.3227	5.146	6
187.7	27.0833	-51.7392	5.1467	6
187.75	27.0834	-52.3259	5.1379	6
187.8	27.0832	-52.1935	5.1288	6
187.85	27.083	-51.9386	5.1367	6
187.9	27.0836	-52.7314	5.1595	6
187.95	27.0832	-52.4272	5.1611	6
188	27.0832	-52.2095	5.1507	6
188.05	27.0835	-52.9219	5.1518	6
188.1	27.0833	-52.9968	5.1377	6
188.15	27.083	-52.2756	5.1296	6
188.2	27.0835	-53.101	5.1321	6
188.25	27.0832	-53.2791	5.1451	6
188.3	27.0828	-52.5346	5.1445	6
188.35	27.0835	-53.127	5.1424	6
188.4	27.0837	-53.9648	5.1438	6
188.45	27.083	-53.0704	5.1417	6
188.5	27.0837	-54.0194	5.1394	6
188.55	27.0841	-55.0792	5.1405	6
188.6	27.0832	-54.0023	5.1495	6
188.65	27.0839	-54.8343	5.1608	6
188.7	27.0842	-55.138	5.1548	6
188.75	27.0842	-55.1013	5.1719	6
188.8	27.0842	-55.1895	5.1785	6
188.85	27.0845	-55.5254	5.1651	6
188.9	27.0844	-55.5316	5.1684	6
188.95	27.0844	-55.5247	5.1727	6
189	27.0841	-55.2624	5.171	6
189.05	27.0845	-55.6646	5.1588	6
189.1	27.0846	-55.4278	5.1491	6
189.15	27.0842	-55.0118	5.1544	6
189.2	27.0846	-55.6299	5.1576	6
189.25	27.0844	-55.5854	5.1597	6
189.3	27.0841	-55.1515	5.1674	6
189.35	27.0843	-55.4147	5.1545	6
189.4	27.0845	-55.4893	5.1485	6
189.45	27.0843	-55.161	5.1445	6
189.5	27.084	-54.9515	5.1374	6
189.55	27.0841	-54.9941	5.1375	6
189.6	27.0841	-54.8427	5.1524	6
189.65	27.0839	-54.5327	5.1644	6
189.7	27.0839	-54.7004	5.1502	6
189.75	27.0841	-54.8962	5.1472	6
189.8	27.0837	-54.2595	5.15	6
189.85	27.0839	-54.6284	5.1411	6
189.9	27.084	-54.7217	5.1426	6
189.95	27.0837	-54.2413	5.1402	6
190	27.0839	-54.6096	5.1439	6
190.05	27.0838	-54.5309	5.1688	6
190.1	27.0837	-54.4923	5.1668	6
190.15	27.0842	-54.9796	5.1724	6
190.2	27.0838	-54.7086	5.1834	6
190.25	27.0839	-54.8713	5.1626	6
190.3	27.0843	-55.33	5.1461	6
190.35	27.0841	-54.8695	5.1489	6
190.4	27.0842	-54.8356	5.1568	6
190.45	27.0845	-55.2791	5.154	6
190.5	27.0845	-54.9066	5.1553	6
190.55	27.0845	-54.8064	5.1671	6
190.6	27.0846	-55.4573	5.1479	6
190.65	27.0838	-55.9553	5.1347	6
190.7	27.0834	-55.6812	5.1389	6
190.75	27.0833	-56.0283	5.142	6
190.8	27.0834	-56.6288	5.1477	6
190.85	27.083	-55.7273	5.1634	6
190.9	27.0832	-55.6637	5.1775	6
190.95	27.0836	-56.407	5.1896	6
191	27.083	-55.919	5.171	6
191.05	27.0828	-55.5152	5.1621	6
191.1	27.0834	-55.8872	5.164	6
191.15	27.0833	-56.016	5.1525	6
191.2	27.0827	-55.5008	5.1629	6
191.25	27.0831	-55.6396	5.1623	6
191.3	27.0832	-55.4754	5.1525	6
191.35	27.0832	-55.3971	5.1537	6
191.4	27.083	-55.2227	5.1514	6
191.45	27.0833	-55.2478	5.1604	6
191.5	27.0833	-55.6778	5.168	6
191.55	27.083	-55.0908	5.1752	6
191.6	27.0833	-55.3719	5.1838	6
191.65	27.0834	-55.9017	5.1801	6
191.7	27.0828	-55.3132	5.1642	6
191.75	27.0832	-55.1594	5.1579	6
191.8	27.0832	-55.5781	5.1554	6
191.85	27.0831	-55.2294	5.1484	6
191.9	27.083	-55.3291	5.1403	6
191.95	27.0831	-55.2825	5.1342	6
192	27.0833	-55.5623	5.1222	6
192.05	27.083	-55.3322	5.1123	6
192.1	27.0829	-54.7823	5.1312	6
192.15	27.0835	-55.0492	5.1536	6
192.2	27.0834	-55.3291	5.1792	6
192.25	27.0828	-54.4692	5.1717	6
192.3	27.0835	-54.8559	5.166	6
192.35	27.0835	-55.7473	5.1826	6
192.4	27.0826	-54.6116	5.1772	6
192.45	27.0832	-54.2646	5.1709	6
192.5	27.0836	-55.4076	5.172	6
192.55	27.0827	-54.652	5.1762	6
192.6	27.0825	-53.9108	5.1669	6
192.65	27.0836	-54.7034	5.1428	6
192.7	27.0832	-54.0435	5.1405	6
192.75	27.083	-53.4498	5.1443	6
192.8	27.0834	-53.955	5.1329	6
192.85	27.0833	-54.1023	5.1487	6
192.9	27.0828	-53.4062	5.1614	6
192.95	27.0828	-53.3135	5.1574	6
193	27.083	-53.5837	5.1504	6
193.05	27.0829	-53.3886	5.1468	6
193.1	27.0826	-52.9052	5.1606	6
193.15	27.0826	-52.963	5.1523	6
193.2	27.0828	-53.2342	5.1428	6
193.25	27.0825	-52.8759	5.152	6
193.3	27.0819	-52.1989	5.1441	6
193.35	27.0822	-52.6069	5.1281	6
193.4	27.0823	-52.6442	5.1232	6
193.45	27.0817	-51.7037	5.1304	6
193.5	27.0817	-51.6628	5.1434	6
193.55	27.0823	-52.5634	5.1328	6
193.6	27.0817	-51.6483	5.1349	6
193.65	27.0812	-51.3235	5.1464	6
193.7	27.082	-52.874	5.132	6
193.75	27.0812	-51.9674	5.121	6
193.8	27.0802	-50.5132	5.1113	6
193.85	27.0817	-52.639	5.1093	6
193.9	27.0819	-53.0431	5.1238	6
193.95	27.08	-50.1499	5.1377	6
194	27.0811	-51.5378	5.1364	6
194.05	27.0822	-53.1083	5.133	6
194.1	27.081	-51.2138	5.1462	6
194.15	27.0807	-50.7107	5.1414	6
194.2	27.0822	-52.6673	5.1474	6
194.25	27.0818	-52.0183	5.1484	6
194.3	27.0811	-51.0813	5.132	6
194.35	27.0818	-51.9933	5.1258	6
194.4	27.082	-52.0156	5.1422	6
194.45	27.082	-50.616	5.1411	6
194.5	27.0828	-50.7235	5.1313	6
194.55	27.083	-51.0595	5.1414	6
194.6	27.0828	-50.8698	5.1594	6
194.65	27.0832	-51.2653	5.162	6
194.7	27.0831	-51.0762	5.1447	6
194.75	27.0832	-51.1458	5.134	6
194.8	27.0833	-51.294	5.1306	6
194.85	27.0828	-50.7559	5.1365	6
194.9	27.0834	-51.4371	5.1378	6
194.95	27.0833	-51.5456	5.1258	6
195	27.0834	-51.5522	5.1164	6
195.05	27.083	-50.9414	5.1224	6
195.1	27.0838	-52.139	5.116	6
195.15	27.0837	-51.8652	5.1192	6
195.2	27.0832	-50.9539	5.1299	6
195.25	27.0839	-51.9134	5.1346	6
195.3	27.0836	-52.2411	5.1208	6
195.35	27.0833	-52.0945	5.1289	6
195.4	27.0835	-52.5837	5.1469	6
195.45	27.0836	-52.9908	5.1462	6
195.5	27.0831	-52.718	5.1423	6
195.55	27.0832	-52.8988	5.1323	6
195.6	27.0832	-52.9745	5.115	6
195.65	27.0831	-53.0902	5.1312	6
195.7	27.0828	-52.4425	5.1392	6
195.75	27.0836	-52.9754	5.1361	6
195.8	27.0833	-53.5083	5.1301	6
195.85	27.0829	-52.9957	5.1435	6
195.9	27.0836	-53.1092	5.1439	6
195.95	27.0834	-53.8714	5.1241	6
196	27.0827	-53.1878	5.1196	6
196.05	27.0834	-53.2029	5.1406	6
196.1	27.0833	-53.4948	5.1382	6
196.15	27.0829	-52.9932	5.129	6
196.2	27.0833	-53.2197	5.1181	6
196.25	27.0835	-53.6148	5.1219	6
196.3	27.0832	-53.3348	5.1327	6
196.35	27.0832	-53.1669	5.1397	6
196.4	27.0834	-53.6047	5.1456	6
196.45	27.083	-53.0824	5.1514	6
196.5	27.0828	-52.5718	5.1465	6
196.55	27.0835	-53.3996	5.1498	6
196.6	27.0829	-52.9682	5.1362	6
196.65	27.0829	-52.6646	5.1263	6
196.7	27.0833	-53.0187	5.1269	6
196.75	27.0831	-53.1413	5.1342	6
196.8	27.0827	-52.2154	5.1497	6
196.85	27.0832	-52.0489	5.144	6
196.9	27.0834	-52.4984	5.1267	6
196.95	27.0831	-52.2287	5.1367	6
197	27.083	-51.8644	5.1438	6
197.05	27.0835	-52.4723	5.1431	6
197.1	27.0835	-52.8583	5.1446	6
197.15	27.0831	-52.4285	5.1441	6
197.2	27.0832	-52.6437	5.1438	6
197.25	27.0833	-52.9827	5.1434	6
197.3	27.083	-52.5891	5.1338	6
197.35	27.0829	-52.2145	5.1196	6
197.4	27.0834	-52.8385	5.1235	6
197.45	27.0832	-52.7877	5.1401	6
197.5	27.0833	-52.3646	5.1512	6
197.55	27.0836	-52.9641	5.1586	6
197.6	27.0832	-53.368	5.134	6
197.65	27.0831	-52.9532	5.1277	6
197.7	27.0833	-53.2405	5.1402	6
197.75	27.083	-53.3976	5.1428	6
197.8	27.0831	-53.104	5.1361	6
197.85	27.0835	-53.0714	5.1362	6
197.9	27.0834	-53.5329	5.1472	6
197.95	27.0831	-53.3514	5.1504	6
198	27.0832	-53.3373	5.1438	6
198.05	27.083	-53.2651	5.1367	6
198.1	27.0831	-53.4285	5.1484	6
198.15	27.083	-53.4825	5.1501	6
198.2	27.0832	-53.3787	5.1487	6
198.25	27.0832	-53.1733	5.1607	6
198.3	27.0836	-53.3172	5.1655	6
198.35	27.0835	-53.6807	5.1545	6
198.4	27.0831	-53.4295	5.1489	6
198.45	27.083	-53.4014	5.1441	6
198.5	27.0829	-53.4746	5.1394	6
198.55	27.083	-52.7425	5.1403	6
198.6	27.0833	-52.6647	5.1346	6
198.65	27.083	-52.6332	5.1333	6
198.7	27.083	-52.1958	5.1296	6
198.75	27.0831	-52.2783	5.1382	6
198.8	27.0831	-52.2839	5.1316	6
198.85	27.0829	-52.0843	5.1129	6
198.9	27.0831	-51.6666	5.1231	6
198.95	27.0835	-51.646	5.1181	6
199	27.0834	-52.3324	5.1068	6
199.05	27.0829	-51.8809	5.1109	6
199.1	27.0832	-51.6537	5.1263	6
199.15	27.0834	-52.3888	5.1393	6
199.2	27.0829	-51.8607	5.1307	6
199.25	27.083	-51.3769	5.1185	6
199.3	27.0834	-52.0031	5.1338	6
199.35	27.0832	-52.0609	5.1537	6
199.4	27.0829	-51.7925	5.1418	6
199.45	27.0833	-52.0996	5.1325	6
199.5	27.0833	-52.0134	5.1397	6
199.55	27.0831	-51.6917	5.1373	6
199.6	27.0832	-51.7816	5.1587	6
199.65	27.0832	-51.903	5.1578	6
199.7	27.0831	-51.4856	5.1409	6
199.75	27.0833	-51.5578	5.1364	6
199.8	27.0833	-52.2401	5.1609	6
199.85	27.0829	-51.954	5.1786	6
199.9	27.0832	-51.669	5.1611	6
199.95	27.0833	-52.0837	5.1462	6
200	27.0832	-52.4028	5.1384	6
200.05	27.083	-51.6549	5.1458	6
200.1	27.0834	-52.2111	5.1555	6
200.15	27.0831	-52.5904	5.1574	6
200.2	27.0832	-52.1887	5.1806	6
200.25	27.083	-52.1562	5.1961	6
200.3	27.0834	-52.3337	5.1866	6
200.35	27.0831	-52.6767	5.178	6
200.4	27.083	-52.0054	5.1734	6
200.45	27.0833	-52.1846	5.1617	6
200.5	27.0836	-52.7493	5.1544	6
200.55	27.0834	-52.7958	5.1631	6
200.6	27.0832	-52.5908	5.1666	6
200.65	27.0833	-52.8987	5.1511	6
200.7	27.0835	-53.9744	5.1469	6
200.75	27.0826	-52.7629	5.1366	6
200.8	27.0831	-52.4465	5.1293	6
200.85	27.084	-54.1346	5.1375	6
200.9	27.0829	-53.3448	5.1453	6
200.95	27.0827	-52.0356	5.137	6
201	27.0841	-54.075	5.1453	6
201.05	27.0833	-53.6599	5.1499	6
201.1	27.0825	-51.7238	5.1522	6
201.15	27.084	-53.8173	5.1607	6
201.2	27.0838	-54.1839	5.1509	6
201.25	27.0825	-52.1752	5.1535	6
201.3	27.0837	-53.774	5.162	6
201.35	27.0838	-54.278	5.1495	6
201.4	27.0828	-52.8567	5.139	6
201.45	27.0832	-53.3649	5.1354	6
201.5	27.0838	-54.4798	5.141	6
201.55	27.0828	-52.9978	5.1434	6
201.6	27.0829	-53.0826	5.1478	6
201.65	27.0835	-54.2868	5.1519	6
201.7	27.0832	-53.6119	5.1516	6
201.75	27.0828	-53.0169	5.1692	6
201.8	27.0835	-53.8795	5.1783	6
201.85	27.083	-53.4061	5.1586	6
201.9	27.0827	-53.051	5.1522	6
201.95	27.0828	-53.3826	5.1675	6
202	27.0826	-53.0535	5.1671	6
202.05	27.0828	-52.7226	5.1879	6
202.1	27.0833	-53.2083	5.2005	6
202.15	27.0828	-52.4671	5.1915	6
202.2	27.0834	-52.7018	5.1665	6
202.25	27.0831	-52.8056	5.1633	6
202.3	27.0827	-52.0948	5.175	6
202.35	27.0835	-52.6742	5.166	6
202.4	27.0833	-52.6612	5.1759	6
202.45	27.0831	-52.059	5.1759	6
202.5	27.0832	-52.4225	5.1631	6
202.55	27.0833	-53.1195	5.1716	6
202.6	27.0827	-52.2363	5.1773	6
202.65	27.0833	-51.955	5.1674	6
202.7	27.0832	-52.4018	5.1399	6
202.75	27.0831	-52.2853	5.1532	6
202.8	27.0826	-51.5099	5.1551	6
202.85	27.0833	-52.1443	5.1566	6
202.9	27.0837	-52.7256	5.1562	6
202.95	27.0828	-51.7349	5.1632	6
203	27.0833	-52.3197	5.1645	6
203.05	27.0835	-52.8866	5.1638	6
203.1	27.0829	-52.1026	5.1344	6
203.15	27.0833	-52.3667	5.1317	6
203.2	27.0836	-53.1849	5.1468	6
203.25	27.0833	-52.9635	5.1442	6
203.3	27.0834	-52.9603	5.1496	6
203.35	27.084	-54.2515	5.1567	6
203.4	27.0836	-54.3696	5.148	6
203.45	27.0833	-53.9794	5.1337	6
203.5	27.084	-54.955	5.1287	6
203.55	27.0838	-54.9586	5.1434	6
203.6	27.0835	-54.3649	5.1443	6
203.65	27.0842	-55.0643	5.1553	6
203.7	27.0843	-55.3192	5.155	6
203.75	27.0838	-54.7036	5.1402	6
203.8	27.0843	-55.2292	5.1457	6
203.85	27.0847	-55.8031	5.1402	6
203.9	27.0843	-55.3346	5.1358	6
203.95	27.0844	-55.5627	5.1523	6
204	27.0848	-56.1814	5.1543	6
204.05	27.0844	-55.817	5.144	6
204.1	27.0843	-55.5633	5.1473	6
204.15	27.0848	-56.1941	5.1426	6
204.2	27.0845	-55.9884	5.1447	6
204.25	27.0844	-55.6955	5.1542	6
204.3	27.0847	-56.064	5.1603	6
204.35	27.0845	-55.9207	5.153	6
204.4	27.0843	-55.8172	5.1347	6
204.45	27.0843	-55.7124	5.147	6
204.5	27.0844	-55.7471	5.1478	6
204.55	27.0843	-55.6639	5.1244	6
204.6	27.0841	-55.5329	5.1099	6
204.65	27.0841	-55.5589	5.124	6
204.7	27.0842	-55.6732	5.1387	6
204.75	27.0842	-55.6321	5.1447	6
204.8	27.0843	-55.4083	5.1561	6
204.85	27.0844	-55.3958	5.1548	6
204.9	27.0844	-55.5775	5.1498	6
204.95	27.0844	-55.6123	5.1503	6
205	27.0842	-55.1806	5.1439	6
205.05	27.0843	-55.3839	5.1374	6
205.1	27.0845	-55.5738	5.1387	6
205.15	27.0842	-55.364	5.1341	6
205.2	27.0842	-55.3103	5.1361	6
205.25	27.0843	-56.1732	5.1343	6
205.3	27.0833	-56.259	5.1442	6
205.35	27.0831	-56.1394	5.1537	6
205.4	27.0832	-56.4692	5.1435	6
205.45	27.0832	-56.291	5.1465	6
205.5	27.0832	-55.7483	5.158	6
205.55	27.0833	-56.1986	5.1613	6
205.6	27.083	-56.101	5.1712	6
205.65	27.0831	-55.5815	5.1606	6
205.7	27.0833	-56.2462	5.1525	6
205.75	27.0832	-56.3635	5.1513	6
205.8	27.0829	-55.3255	5.1427	6
205.85	27.0834	-55.9045	5.1497	6
205.9	27.0834	-56.5556	5.1434	6
205.95	27.0829	-55.6045	5.1485	6
206	27.0834	-55.3938	5.1668	6
206.05	27.0836	-56.6501	5.1688	6
206.1	27.0829	-56.1547	5.1725	6
206.15	27.0829	-55.433	5.1703	6
206.2	27.0835	-56.4281	5.1729	6
206.25	27.0832	-56.6379	5.1617	6
206.3	27.083	-55.8329	5.1507	6
206.35	27.0838	-56.6758	5.1521	6
206.4	27.0835	-57.0223	5.1446	6
206.45	27.0829	-56.2693	5.1411	6
206.5	27.0833	-56.836	5.1436	6
206.55	27.0836	-57.2226	5.1368	6
206.6	27.0829	-56.3111	5.1466	6
206.65	27.0833	-56.7049	5.1434	6
206.7	27.0835	-57.0553	5.1488	6
206.75	27.0831	-56.3534	5.1585	6
206.8	27.0832	-56.5326	5.1532	6
206.85	27.0833	-56.8842	5.1507	6
206.9	27.083	-56.4872	5.1392	6
206.95	27.0831	-56.6464	5.1397	6
207	27.083	-56.6211	5.1501	6
207.05	27.083	-56.6623	5.1429	6
207.1	27.0829	-56.4933	5.142	6
207.15	27.0831	-56.6973	5.1419	6
207.2	27.0831	-56.4815	5.1366	6
207.25	27.083	-55.8786	5.1375	6
207.3	27.0832	-55.9766	5.1356	6
207.35	27.0833	-56.1246	5.1325	6
207.4	27.0829	-55.4464	5.1368	6
207.45	27.0833	-55.7581	5.1411	6
207.5	27.083	-55.7389	5.1318	6
207.55	27.0828	-55.317	5.1152	6
207.6	27.0831	-55.0882	5.1107	6
207.65	27.0833	-55.3773	5.1122	6
207.7	27.0827	-54.7731	5.1122	6
207.75	27.0832	-54.5919	5.1203	6
207.8	27.0833	-54.8905	5.12	6
207.85	27.0828	-54.5972	5.1107	6
207.9	27.0832	-54.4105	5.1278	6
207.95	27.0833	-54.3824	5.1226	6
208	27.083	-54.2888	5.1181	6
208.05	27.0827	-53.8374	5.1315	6
208.1	27.0834	-54.0443	5.1525	6
208.15	27.0831	-53.7398	5.1666	6
208.2	27.0829	-53.3958	5.1455	6
208.25	27.0831	-53.7589	5.13	6
208.3	27.083	-53.852	5.1317	6
208.35	27.0825	-53.2125	5.1367	6
208.4	27.0827	-53.4256	5.1442	6
208.45	27.0829	-53.5657	5.1523	6
208.5	27.0825	-53.0563	5.1576	6
208.55	27.0826	-53.1557	5.1503	6
208.6	27.0825	-53.1011	5.1528	6
208.65	27.0825	-53.0789	5.1626	6
208.7	27.0823	-52.9347	5.1415	6
208.75	27.0823	-52.9486	5.1323	6
208.8	27.0822	-52.8471	5.1452	6
208.85	27.0824	-53.0179	5.1348	6
208.9	27.0823	-52.7232	5.1332	6
208.95	27.0824	-52.8487	5.1345	6
209	27.0824	-52.9728	5.1319	6
209.05	27.0825	-53.0387	5.1333	6
209.1	27.0823	-52.732	5.1159	6
209.15	27.0824	-53.0492	5.1315	6
209.2	27.0824	-53.0744	5.1506	6
209.25	27.0821	-52.5912	5.1446	6
209.3	27.0824	-52.7938	5.1526	6
209.35	27.0826	-53.0389	5.1435	6
209.4	27.0822	-52.3874	5.13	6
209.45	27.0825	-52.8132	5.1354	6
209.5	27.0826	-53.1476	5.1283	6
209.55	27.0822	-52.6927	5.1459	6
209.6	27.0824	-52.9112	5.1491	6
209.65	27.0828	-53.4254	5.1387	6
209.7	27.0825	-52.9945	5.1352	6
209.75	27.0825	-52.943	5.1424	6
209.8	27.0827	-53.4496	5.1236	6
209.85	27.0827	-53.4516	5.1202	6
209.9	27.0825	-53.0126	5.1223	6
209.95	27.0827	-53.5033	5.1218	6
210	27.0828	-53.812	5.1242	6
210.05	27.0827	-53.4746	5.1396	6
210.1	27.0832	-53.8802	5.142	6
210.15	27.0834	-54.3443	5.1335	6
210.2	27.0835	-54.4435	5.1408	6
210.25	27.0835	-54.3755	5.1285	6
210.3	27.084	-54.8559	5.1352	6
210.35	27.0841	-54.8326	5.149	6
210.4	27.0841	-54.969	5.1513	6
210.45	27.0841	-55.0229	5.1437	6
210.5	27.0842	-55.2022	5.1424	6
210.55	27.0843	-55.1995	5.1529	6
210.6	27.0845	-55.4507	5.161	6
210.65	27.0842	-55.4281	5.1473	6
210.7	27.0844	-55.6208	5.1453	6
210.75	27.0848	-55.9514	5.1327	6
210.8	27.0846	-55.6688	5.1415	6
210.85	27.0849	-56.1683	5.1532	6
210.9	27.085	-56.3532	5.1473	6
210.95	27.085	-56.3422	5.1459	6
211	27.0853	-56.5539	5.1302	6
211.05	27.0855	-56.8974	5.1305	6
211.1	27.0852	-56.7285	5.1294	6
211.15	27.0851	-57.1135	5.1224	6
211.2	27.0844	-57.9231	5.1272	6
211.25	27.084	-57.9817	5.1474	6
211.3	27.0838	-57.5964	5.1474	6
211.35	27.0839	-57.8575	5.1364	6
211.4	27.084	-57.9967	5.1239	6
211.45	27.0838	-57.5297	5.1156	6
211.5	27.0837	-57.4243	5.1094	6
211.55	27.0839	-57.6854	5.1125	6
211.6	27.0835	-57.3185	5.1169	6
211.65	27.0836	-57.4423	5.1297	6
211.7	27.0838	-57.5682	5.1398	6
211.75	27.0837	-57.2083	5.1356	6
211.8	27.0838	-57.2535	5.1328	6
211.85	27.084	-57.617	5.1502	6
211.9	27.0837	-57.2639	5.1404	6
211.95	27.0836	-57.1089	5.1179	6
212	27.0839	-57.5821	5.1225	6
212.05	27.0836	-57.3746	5.1283	6
212.1	27.0832	-56.7768	5.1304	6
212.15	27.0838	-57.5412	5.1374	6
212.2	27.0839	-57.7761	5.1321	6
212.25	27.0832	-56.6927	5.1206	6
212.3	27.0838	-57.3045	5.1222	6
212.35	27.084	-57.8063	5.1216	6
212.4	27.0831	-56.7301	5.1208	6
212.45	27.0832	-56.791	5.1305	6
212.5	27.0837	-57.5583	5.1328	6
212.55	27.083	-56.6093	5.1261	6
212.6	27.083	-56.6845	5.1274	6
212.65	27.0836	-57.5251	5.1277	6
212.7	27.0831	-56.8209	5.1459	6
212.75	27.0827	-56.2501	5.1429	6
212.8	27.0835	-57.3422	5.1218	6
212.85	27.0833	-57.0269	5.1189	6
212.9	27.0827	-56.0865	5.1179	6
212.95	27.0833	-56.7801	5.1257	6
213	27.0837	-57.1886	5.138	6
213.05	27.0826	-55.8044	5.1333	6
213.1	27.0829	-56.3055	5.1281	6
213.15	27.0834	-56.9462	5.12	6
213.2	27.0827	-55.7096	5.1266	6
213.25	27.0826	-55.5764	5.1324	6
213.3	27.083	-56.2577	5.1294	6
213.35	27.0826	-55.6131	5.1245	6
213.4	27.0822	-55.1008	5.1311	6
213.45	27.0826	-55.515	5.1175	6
213.5	27.0823	-55.3029	5.1153	6
213.55	27.0818	-54.6125	5.1198	6
213.6	27.0818	-54.6428	5.1302	6
213.65	27.0822	-55.1251	5.1175	6
213.7	27.0818	-54.434	5.1078	6
213.75	27.0816	-54.4012	5.1298	6
213.8	27.0815	-54.5717	5.1222	6
213.85	27.0816	-54.3956	5.1086	6
213.9	27.0822	-53.2751	5.1203	6
213.95	27.0827	-53.0579	5.1109	6
214	27.0826	-52.818	5.0959	6
214.05	27.0831	-53.5471	5.0908	6
214.1	27.0827	-53.1054	5.1031	6
214.15	27.0826	-52.5913	5.1142	6
214.2	27.0833	-53.5459	5.1135	6
214.25	27.0836	-53.8662	5.1028	6
214.3	27.0828	-52.5062	5.094	6
214.35	27.0837	-53.7184	5.1111	6
214.4	27.0841	-54.2975	5.1223	6
214.45	27.0834	-53.1697	5.1159	6
214.5	27.0834	-53.3519	5.1136	6
214.55	27.0841	-54.6178	5.126	6
214.6	27.0833	-54.0329	5.1167	6
214.65	27.0829	-53.5726	5.1095	6
214.7	27.0837	-54.1961	5.1197	6
214.75	27.0838	-54.9004	5.1232	6
214.8	27.0827	-54.4485	5.1171	6
214.85	27.0831	-54.2199	5.1155	6
214.9	27.0837	-55.5118	5.1179	6
214.95	27.083	-54.9795	5.118	6
215	27.083	-54.2424	5.1141	6
215.05	27.0836	-55.2582	5.1091	6
215.1	27.0831	-55.7134	5.1056	6
215.15	27.0832	-55.0787	5.1105	6
215.2	27.0834	-55.4399	5.1276	6
215.25	27.0831	-55.5027	5.1379	6
215.3	27.0831	-55.2595	5.1488	6
215.35	27.0833	-55.6702	5.1404	6
215.4	27.0829	-55.7302	5.1403	6
215.45	27.0829	-54.7062	5.1331	6
215.5	27.0836	-55.5819	5.1174	6
215.55	27.0831	-55.639	5.1084	6
215.6	27.083	-54.8381	5.0995	6
215.65	27.0836	-55.4604	5.1148	6
215.7	27.0835	-55.7198	5.1314	6
215.75	27.0828	-54.6583	5.1397	6
215.8	27.0835	-55.3937	5.1525	6
215.85	27.0833	-55.9836	5.1416	6
215.9	27.0825	-54.7434	5.1382	6
215.95	27.0835	-54.9451	5.1382	6
216	27.0835	-55.792	5.1493	6
216.05	27.0824	-54.5267	5.1707	6
216.1	27.083	-54.3694	5.1586	6
216.15	27.0836	-55.3156	5.1545	6
216.2	27.0831	-54.7212	5.1472	6
216.25	27.083	-54.5438	5.1375	6
216.3	27.0832	-55.0122	5.1362	6
216.35	27.083	-54.4403	5.1381	6
216.4	27.0828	-53.95	5.1648	6
216.45	27.0832	-54.4795	5.1675	6
216.5	27.0827	-53.5911	5.154	6
216.55	27.0831	-53.3028	5.1472	6
216.6	27.0836	-53.8165	5.1419	6
216.65	27.0831	-53.1693	5.1482	6
216.7	27.0827	-52.8253	5.1456	6
216.75	27.0834	-53.5987	5.1315	6
216.8	27.0831	-53.2144	5.1595	6
216.85	27.0827	-52.486	5.1709	6
216.9	27.0829	-53.0752	5.1515	6
216.95	27.0828	-53.0863	5.1565	6
217	27.0825	-52.4166	5.1517	6
217.05	27.0828	-52.5716	5.1546	6
217.1	27.0829	-52.8224	5.1611	6
217.15	27.0824	-52.1717	5.1423	6
217.2	27.0825	-52.3215	5.1388	6
217.25	27.0827	-52.6597	5.1518	6
217.3	27.0821	-51.8353	5.1586	6
217.35	27.0823	-52.228	5.1626	6
217.4	27.0825	-52.9581	5.1592	6
217.45	27.0815	-51.6216	5.1628	6
217.5	27.082	-52.2142	5.1657	6
217.55	27.0823	-52.6755	5.1605	6
217.6	27.0816	-51.6725	5.1661	6
217.65	27.0816	-51.7025	5.1714	6
217.7	27.082	-52.2024	5.1678	6
217.75	27.0817	-51.6658	5.165	6
217.8	27.0817	-51.5632	5.1553	6
217.85	27.082	-52.2104	5.1548	6
217.9	27.0816	-51.6282	5.1538	6
217.95	27.0817	-51.7267	5.1772	6
218	27.0822	-52.2199	5.1641	6
218.05	27.0821	-51.8053	5.1575	6
218.1	27.0822	-51.7761	5.1767	6
218.15	27.082	-51.8629	5.1627	6
218.2	27.082	-51.8949	5.1533	6
218.25	27.0821	-51.8047	5.1496	6
218.3	27.0823	-52.2636	5.1461	6
218.35	27.0819	-51.8928	5.1531	6
218.4	27.0824	-52.4412	5.1502	6
218.45	27.0822	-52.2271	5.1669	6
218.5	27.0823	-52.1897	5.146	6
218.55	27.0825	-52.5952	5.1265	6
218.6	27.0827	-52.8133	5.1404	6
218.65	27.0826	-52.603	5.1606	6
218.7	27.083	-53.0405	5.1707	6
218.75	27.0831	-53.1576	5.1724	6
218.8	27.0834	-53.4494	5.1685	6
218.85	27.0834	-53.5615	5.1797	6
218.9	27.0838	-53.9172	5.1671	6
218.95	27.0838	-54.0709	5.1696	6
219	27.084	-54.3572	5.186	6
219.05	27.0842	-54.557	5.1508	6
219.1	27.0845	-55.0008	5.1331	6
219.15	27.0842	-54.646	5.1377	6
219.2	27.0848	-55.0549	5.1562	6
219.25	27.0854	-55.9635	5.1684	6
219.3	27.0847	-55.2459	5.1585	6
219.35	27.0852	-55.7799	5.1449	6
219.4	27.0859	-56.7169	5.1617	6
219.45	27.0861	-57.0129	5.1639	6
219.5	27.0855	-56.513	5.1608	6
219.55	27.0861	-57.4764	5.1502	6
219.6	27.0866	-58.0774	5.1578	6
219.65	27.0864	-57.8291	5.1437	6
219.7	27.0862	-57.7014	5.1362	6
219.75	27.0868	-59.0559	5.1356	6
219.8	27.0856	-58.9881	5.1226	6
219.85	27.0852	-59.0037	5.1335	6
219.9	27.0855	-59.4815	5.1432	6
219.95	27.0857	-59.6962	5.1485	6
220	27.0855	-59.2941	5.1508	6
220.05	27.0857	-59.5363	5.1513	6
220.1	27.0859	-59.9305	5.1607	6
220.15	27.0858	-59.7898	5.1695	6
220.2	27.0854	-59.2305	5.1645	6
220.25	27.0857	-59.8383	5.1671	6
220.3	27.0858	-60.1444	5.1625	6
220.35	27.0854	-59.4509	5.1607	6
220.4	27.0862	-60.1884	5.1668	6
220.45	27.0863	-60.5116	5.1652	6
220.5	27.0859	-59.8868	5.1782	6
220.55	27.0863	-60.768	5.1719	6
220.6	27.0856	-61.3838	5.1653	6
220.65	27.0849	-61.1711	5.1676	6
220.7	27.0853	-61.7342	5.1517	6
220.75	27.0847	-60.7671	5.1605	6
220.8	27.0853	-61.4833	5.1673	6
220.85	27.0852	-61.3613	5.1744	6
220.9	27.0847	-60.4968	5.1601	6
220.95	27.0854	-61.5317	5.1533	6
221	27.0857	-61.982	5.1704	6
221.05	27.0846	-60.4684	5.1709	6
221.1	27.0854	-61.6799	5.1559	6
221.15	27.0856	-61.8653	5.1656	6
221.2	27.085	-60.7394	5.1634	6
221.25	27.0853	-61.1933	5.16	6
