Indentation

 + User defined profile

+ User defined profile
   Acquisition rate :	20.0 [Hz]
   Linear load 20.00  µN ; 100.00 µN/min
   Pause in load 2 s
   Linear load 0.00  µN ; 100.00 µN/min
   Pause in load 120 s
   Linear depth 20.00  µm ; 500.00 µm/min
   Pause in depth 120 s
   Linear depth 0.00  µm ; 1000.00 µm/min
+ TTX - UNHT Bio S/N: 1000136751 settings
   Fn contact : 25 µN
   Approach distance : 20 µm
   Approach speed : 100 µm/min
   Retract speed : 200 µm/min
   Retract time : 5 sec
   Dz sensor in large range
   Load in fine range
   FnRef in fine range
   FnRef contactload :500.000 µN
   Stiffness threshold : 1 µN/µm

   X Position :10623.04 µm
   Y Position :37957.90 µm
   Z Position :8346.54 µm

Date :6/9/2026
Time :11:11:01 AM

Analysis n # 1

   Method :	Hertz

 + Parameters

  Load Fit [10%,98%]

 + Main results

   EHz=	1.9645 	kPa

 + Hypothesis


 + Additional results

   ErHz=	2.16 kPa
   h offset=	-1.09 µm
   R2=	0.89

Analysis n # 2

   Method :	Oliver & Pharr

 + Parameters

  Unload Fit [40%,98%]

 + Main results

   HIT=	0.17025 	kPa
   EIT=	18 	kPa
   E*=	19.781 	kPa

 + Hypothesis

   !!! Indenter not calibrated !!!
   m out of O&P hypothesis
   Poisson's ratio(nu)=	0.30 

 + Additional results

   HVIT=	1.7354E-005 	 Vickers
   RIT 1E-005/2/2=	-9.48 	%
   nIT=	138.59 %
   Fmax=	10.38 	µN
   hmax=	21.17 	µm
   S=	5.5117 	µN/µm
   F/S²=	0.3417 	µm²/µN
   hc=	19.80 	µm
   hr=	19.29 	µm
   hp=	-776.22 	µm
   m=	423.3562 
   Epsilon=	0.73 
   R2=	1.141
   Ap=	60978.46 	µm²
   Welast=	14.12 pJ
   Wplast=	-3.93 pJ
   Wtotal=	10.19 pJ
   Er=	19.781 	kPa

Measured values
Time (s)	Pd (µm)	Fn (µN)	FnRef (µN)	SegmentID

0	0	0	5.1907	0
0.05	0.0504	0.1263	5.1931	0
0.1	0.1011	0.3433	5.2004	0
0.15	0.1525	-0.2814	5.1946	0
0.2	0.2031	0.6425	5.1783	0
0.25	0.2554	-0.4139	5.1781	0
0.3	0.3065	0.4204	5.1808	0
0.35	0.3591	0.0674	5.1935	0
0.4	0.4121	-0.1884	5.2025	0
0.45	0.4653	0.3044	5.2076	0
0.5	0.5195	-0.2394	5.207	0
0.55	0.5732	0.0462	5.2015	0
0.6	0.6279	-0.4173	5.1941	0
0.65	0.682	0.2395	5.1823	0
0.7	0.7372	-0.1785	5.1908	0
0.75	0.7925	-0.3452	5.2012	0
0.8	0.848	-0.0041	5.1981	0
0.85	0.9041	0.0245	5.2075	0
0.9	0.9606	-0.2489	5.2072	0
0.95	1.0169	-0.1952	5.2162	0
1	1.0736	-0.1775	5.2119	0
1.05	1.1302	0.39	5.2011	0
1.1	1.1886	-1.0781	5.1981	0
1.15	1.2452	0.3645	5.1926	0
1.2	1.3036	0.1215	5.1952	0
1.25	1.363	-0.6457	5.1881	0
1.3	1.4211	0.0685	5.1744	0
1.35	1.4801	0.1929	5.1796	0
1.4	1.5401	-0.6087	5.1838	0
1.45	1.5993	0.1095	5.1777	0
1.5	1.6592	0.2095	5.1752	0
1.55	1.7194	0.1297	5.1798	0
1.6	1.7802	-0.2564	5.1874	0
1.65	1.8409	0.3208	5.1895	0
1.7	1.9021	0.1193	5.1827	0
1.75	1.9641	-0.5647	5.1761	0
1.8	2.025	0.9901	5.1688	0
1.85	2.0875	-0.0133	5.1684	0
1.9	2.1497	-0.2847	5.1494	0
1.95	2.2122	0.2055	5.1605	0
2	2.2748	0.6626	5.1731	0
2.05	2.3383	-0.1101	5.1619	0
2.1	2.4014	-0.0841	5.1616	0
2.15	2.4643	0.8936	5.153	0
2.2	2.5291	0.156	5.1578	0
2.25	2.5936	0.1014	5.1683	0
2.3	2.6572	1.3459	5.1653	0
2.35	2.723	-0.2791	5.1627	0
2.4	2.7875	0.6127	5.1842	0
2.45	2.8528	0.6474	5.1695	0
2.5	2.9179	0.8434	5.157	0
2.55	2.984	0.0923	5.1723	0
2.6	3.0496	0.8241	5.1692	0
2.65	3.1162	1.027	5.1704	0
2.7	3.1834	0.3836	5.1764	0
2.75	3.2497	0.6442	5.1745	0
2.8	3.3161	1.2767	5.1823	0
2.85	3.3841	0.4549	5.2023	0
2.9	3.4516	0.672	5.2007	0
2.95	3.5189	1.2329	5.185	0
3	3.5875	0.5866	5.197	0
3.05	3.6553	1.0682	5.1972	0
3.1	3.7232	1.1663	5.1912	0
3.15	3.7918	0.4998	5.1671	0
3.2	3.8601	1.0351	5.1666	0
3.25	3.9293	0.7303	5.188	0
3.3	3.9985	1.1657	5.1824	0
3.35	4.0687	0.9545	5.1666	0
3.4	4.1387	0.9818	5.1667	0
3.45	4.2085	1.305	5.1499	0
3.5	4.2791	1.0107	5.1633	0
3.55	4.3498	0.9434	5.1709	0
3.6	4.4203	1.26	5.1621	0
3.65	4.492	0.7433	5.1862	0
3.7	4.5628	1.6302	5.1859	0
3.75	4.6346	0.7118	5.1746	0
3.8	4.7054	1.2467	5.1722	0
3.85	4.7772	1.3436	5.1653	0
3.9	4.8499	0.9378	5.1716	0
3.95	4.9221	1.2309	5.1637	0
4	4.9945	1.195	5.1731	0
4.05	5.0675	1.1753	5.175	0
4.1	5.141	0.9074	5.1646	0
4.15	5.2138	1.3472	5.1786	0
4.2	5.2872	1.3743	5.1887	0
4.25	5.3613	0.988	5.1922	0
4.3	5.4349	1.2302	5.188	0
4.35	5.509	1.3388	5.1838	0
4.4	5.5836	1.1247	5.1825	0
4.45	5.6582	0.8153	5.1676	0
4.5	5.7325	1.2807	5.1614	0
4.55	5.8072	1.4056	5.1717	0
4.6	5.8827	0.7693	5.1726	0
4.65	5.9574	1.1612	5.1698	0
4.7	6.0325	1.5429	5.1639	0
4.75	6.1088	1.1124	5.164	0
4.8	6.2143	1.1132	5.172	0
4.85	6.3968	2.0125	5.1501	0
4.9	6.6232	0.9253	5.1635	0
4.95	6.8531	1.633	5.1799	0
5	7.0833	1.568	5.1832	0
5.05	7.3113	1.8134	5.1839	0
5.1	7.5372	1.5293	5.1812	0
5.15	7.76	1.5178	5.2034	0
5.2	7.9792	1.9733	5.1836	0
5.25	8.1957	1.6388	5.1597	0
5.3	8.408	1.9087	5.1686	0
5.35	8.6173	1.9086	5.1573	0
5.4	8.8234	2.1443	5.1558	0
5.45	9.0269	1.5578	5.1704	0
5.5	9.2259	2.3951	5.1797	0
5.55	9.4224	2.1509	5.1735	0
5.6	9.6155	1.7637	5.1636	0
5.65	9.805	2.4018	5.1794	0
5.7	9.9917	2.5773	5.1904	0
5.75	10.1759	1.671	5.1802	0
5.8	10.356	2.6861	5.1831	0
5.85	10.5344	2.2699	5.1818	0
5.9	10.7097	2.3018	5.1841	0
5.95	10.8822	2.6537	5.1743	0
6	11.0514	2.559	5.1795	0
6.05	11.218	2.5311	5.1944	0
6.1	11.382	2.8781	5.1822	0
6.15	11.5447	2.4598	5.1691	0
6.2	11.705	2.9414	5.1912	0
6.25	11.863	2.8913	5.1795	0
6.3	12.0182	2.9291	5.166	0
6.35	12.1715	2.6875	5.1591	0
6.4	12.3229	2.8728	5.1723	0
6.45	12.4723	2.9882	5.1818	0
6.5	12.6196	2.9972	5.176	0
6.55	12.7651	2.8581	5.1805	0
6.6	12.9081	3.5736	5.1805	0
6.65	13.0504	2.8241	5.1757	0
6.7	13.1902	2.8586	5.1718	0
6.75	13.3272	3.8022	5.174	0
6.8	13.4641	2.9726	5.1585	0
6.85	13.5985	3.0734	5.1562	0
6.9	13.7309	3.5352	5.1517	0
6.95	13.8622	3.2096	5.1645	0
7	13.9919	3.1439	5.1837	0
7.05	14.1202	3.5097	5.1943	0
7.1	14.2471	3.3952	5.1955	0
7.15	14.3723	3.3874	5.1807	0
7.2	14.4967	3.1666	5.19	0
7.25	14.6187	4.0954	5.2039	0
7.3	14.7404	2.8704	5.1982	0
7.35	14.8593	3.634	5.186	0
7.4	14.9784	3.6887	5.1843	0
7.45	15.0966	3.2998	5.1985	0
7.5	15.2134	3.4528	5.1951	0
7.55	15.3292	3.6193	5.1937	0
7.6	15.4434	3.7748	5.1892	0
7.65	15.5574	3.1339	5.1776	0
7.7	15.6689	3.946	5.1832	0
7.75	15.7806	3.5941	5.1718	0
7.8	15.8909	3.6834	5.1674	0
7.85	16.0008	3.45	5.1808	0
7.9	16.1094	3.9155	5.1848	0
7.95	16.2176	3.5025	5.1749	0
8	16.3243	3.9712	5.161	0
8.05	16.431	3.7839	5.1453	0
8.1	16.5367	3.6935	5.1595	0
8.15	16.6418	3.4389	5.1639	0
8.2	16.7455	4.4248	5.1757	0
8.25	16.8499	3.6043	5.18	0
8.3	16.9525	3.9162	5.1602	0
8.35	17.0546	3.8986	5.175	0
8.4	17.1562	3.8071	5.1705	0
8.45	17.2571	4.1019	5.1698	0
8.5	17.3576	3.7705	5.1753	0
8.55	17.457	4.2628	5.1793	0
8.6	17.5565	4.0766	5.1852	0
8.65	17.6554	3.6061	5.1799	0
8.7	17.7525	4.7272	5.1698	0
8.75	17.8511	3.6613	5.1727	0
8.8	17.9485	3.7575	5.1532	0
8.85	18.0444	4.8614	5.1629	0
8.9	18.1416	3.9273	5.1764	0
8.95	18.2375	4.0817	5.1852	0
9	18.333	4.1424	5.2178	0
9.05	18.4279	4.5494	5.1932	0
9.1	18.5231	3.9882	5.173	0
9.15	18.6167	4.4076	5.1741	0
9.2	18.7103	4.6511	5.1703	0
9.25	18.8043	4.1229	5.1742	0
9.3	18.8973	4.7247	5.1481	0
9.35	18.9906	4.4176	5.1299	0
9.4	19.0834	4.6683	5.1529	0
9.45	19.1762	4.3897	5.1654	0
9.5	19.2678	5.1104	5.1674	0
9.55	19.3598	4.8957	5.1699	0
9.6	19.4515	4.9362	5.1687	0
9.65	19.5426	5.1235	5.1534	0
9.7	19.6326	5.8026	5.1378	0
9.75	19.7239	5.0714	5.1522	0
9.8	19.8138	6.0449	5.1738	0
9.85	19.9039	6.2096	5.1778	1
9.9	19.9942	6.5095	5.1713	1
9.95	20.0852	6.1871	5.1511	1
10	20.1744	7.5073	5.1602	1
10.05	20.2609	7.3846	5.1679	1
10.1	20.3229	7.2588	5.1538	1
10.15	20.3552	7.2737	5.1748	1
10.2	20.3786	7.7469	5.1949	1
10.25	20.4006	6.9702	5.1834	1
10.3	20.4199	8.1253	5.1685	1
10.35	20.4389	7.0911	5.1652	1
10.4	20.4569	7.9311	5.1802	1
10.45	20.4724	8.1757	5.1798	1
10.5	20.4896	6.9965	5.1707	1
10.55	20.5059	7.9907	5.1625	1
10.6	20.5215	8.1018	5.1813	1
10.65	20.5366	7.3837	5.1943	1
10.7	20.5527	8.0438	5.1954	1
10.75	20.5659	8.289	5.1988	1
10.8	20.5808	7.6821	5.2005	1
10.85	20.5951	8.246	5.1853	1
10.9	20.6081	8.4423	5.1646	1
10.95	20.6213	8.2783	5.156	1
11	20.636	7.7503	5.1664	1
11.05	20.6484	9.1309	5.1815	1
11.1	20.6612	8.2803	5.1808	1
11.15	20.6742	8.5095	5.1835	1
11.2	20.6881	8.2269	5.1746	1
11.25	20.6999	9.2347	5.1693	1
11.3	20.7131	8.2161	5.1714	1
11.35	20.7261	8.756	5.1685	1
11.4	20.7387	8.7509	5.1828	1
11.45	20.7511	8.874	5.192	1
11.5	20.7645	8.478	5.1948	1
11.55	20.7775	9.2144	5.1844	1
11.6	20.7897	9.06	5.1693	1
11.65	20.8025	8.7875	5.1791	2
11.7	20.8152	9.4825	5.1687	2
11.75	20.8265	9.4517	5.1528	2
11.8	20.8396	8.6492	5.1626	2
11.85	20.8528	9.6453	5.1791	2
11.9	20.8638	9.7077	5.2019	2
11.95	20.8762	9.2848	5.1957	2
12	20.8881	9.5728	5.1698	2
12.05	20.899	9.9251	5.1642	2
12.1	20.9102	9.787	5.1697	2
12.15	20.9212	9.837	5.1775	2
12.2	20.9318	10.1224	5.167	2
12.25	20.9427	9.7127	5.1737	2
12.3	20.9532	10.2669	5.1997	2
12.35	20.9638	9.4665	5.1856	2
12.4	20.9748	9.829	5.1613	2
12.45	20.9855	9.7685	5.1583	2
12.5	20.9956	10.368	5.1615	2
12.55	21.0057	9.392	5.1549	2
12.6	21.0171	10.405	5.1663	2
12.65	21.0261	10.191	5.1699	2
12.7	21.0369	9.9898	5.1493	2
12.75	21.0461	10.2806	5.1375	2
12.8	21.0559	10.4184	5.1652	2
12.85	21.0653	10.0633	5.1742	2
12.9	21.0748	10.5062	5.1839	2
12.95	21.0827	10.7257	5.1875	2
13	21.0915	10.5386	5.1734	2
13.05	21.1006	10.3192	5.1687	2
13.1	21.1093	10.7985	5.1673	2
13.15	21.1167	11.0167	5.1617	2
13.2	21.1251	10.4354	5.163	2
13.25	21.1342	10.3478	5.1556	2
13.3	21.1425	10.8067	5.1478	2
13.35	21.1496	11.0406	5.1475	2
13.4	21.1575	10.5095	5.1564	2
13.45	21.1654	10.9495	5.1477	2
13.5	21.1734	10.6648	5.1436	2
13.55	21.1811	10.7843	5.1518	2
13.6	21.1885	11.1064	5.1547	2
13.65	21.195	11.1966	5.1574	3
13.7	21.2033	10.3813	5.1462	3
13.75	21.2096	11.8136	5.1485	3
13.8	21.2159	11.0319	5.1544	3
13.85	21.2233	11.0314	5.1622	3
13.9	21.2299	11.4764	5.1714	3
13.95	21.2358	11.148	5.182	3
14	21.2421	11.1301	5.1742	3
14.05	21.247	11.8874	5.1769	3
14.1	21.2523	10.8947	5.1753	3
14.15	21.2578	11.6546	5.1691	3
14.2	21.2623	11.334	5.181	3
14.25	21.2662	11.8565	5.1719	3
14.3	21.2704	11.4073	5.1615	3
14.35	21.2739	11.7119	5.1906	3
14.4	21.2776	11.4734	5.2048	3
14.45	21.2811	11.7275	5.1928	3
14.5	21.2827	12.0572	5.175	3
14.55	21.2859	11.4656	5.1703	3
14.6	21.2887	11.3537	5.1767	3
14.65	21.2901	12.5058	5.1668	3
14.7	21.2918	11.1703	5.1672	3
14.75	21.2942	11.801	5.1685	3
14.8	21.2953	11.7718	5.1854	3
14.85	21.296	11.8782	5.1846	3
14.9	21.2972	11.5143	5.1748	3
14.95	21.2987	11.68	5.1849	3
15	21.2979	12.1981	5.2066	3
15.05	21.2986	11.3593	5.2179	3
15.1	21.2992	11.6686	5.2171	3
15.15	21.2981	12.3765	5.202	3
15.2	21.2974	11.4295	5.1923	3
15.25	21.2974	11.8175	5.2092	3
15.3	21.2957	12.3102	5.2131	3
15.35	21.2953	11.0993	5.2093	3
15.4	21.2942	12.0621	5.1929	3
15.45	21.2916	11.8523	5.1931	3
15.5	21.2906	11.3125	5.2023	3
15.55	21.2893	11.8058	5.2011	3
15.6	21.2865	11.8918	5.2069	3
15.65	21.2848	11.4236	5.1991	3
15.7	21.2828	11.5764	5.1849	3
15.75	21.2799	11.8094	5.1895	3
15.8	21.2772	11.5137	5.179	3
15.85	21.2745	11.3701	5.1681	3
15.9	21.2714	11.7662	5.1957	3
15.95	21.2681	11.6201	5.2051	3
16	21.265	11.152	5.2172	3
16.05	21.2616	11.7425	5.2144	3
16.1	21.2577	11.2553	5.2154	3
16.15	21.2553	10.7519	5.2134	3
16.2	21.253	10.719	5.1991	3
16.25	21.2494	11.1992	5.1951	3
16.3	21.2467	10.4415	5.1903	3
16.35	21.2432	11.1577	5.1856	3
16.4	21.2394	10.6042	5.1819	3
16.45	21.2359	11.0506	5.187	3
16.5	21.2317	10.6819	5.1977	3
16.55	21.2278	10.7081	5.21	3
16.6	21.2238	10.8612	5.2161	3
16.65	21.2185	11.0576	5.2072	3
16.7	21.2145	10.2868	5.1928	3
16.75	21.2097	11.2149	5.1869	3
16.8	21.2047	10.3642	5.1908	3
16.85	21.2007	10.6636	5.2056	3
16.9	21.195	10.7253	5.2028	3
16.95	21.1899	10.5496	5.1941	3
17	21.1845	10.564	5.1888	3
17.05	21.1794	10.3604	5.188	3
17.1	21.1743	10.3108	5.1827	3
17.15	21.1689	10.3066	5.197	3
17.2	21.1635	10.0125	5.1979	3
17.25	21.158	10.6783	5.2034	3
17.3	21.1514	10.0376	5.2149	3
17.35	21.1468	9.9119	5.2092	3
17.4	21.141	10.0817	5.2109	3
17.45	21.135	10.1201	5.2052	3
17.5	21.1294	9.5747	5.2004	3
17.55	21.1235	10.1464	5.2128	3
17.6	21.1168	9.8491	5.203	3
17.65	21.1111	9.6941	5.2075	3
17.7	21.1043	9.8036	5.1965	3
17.75	21.0979	9.7053	5.1848	3
17.8	21.0913	9.7317	5.1813	3
17.85	21.0848	9.6166	5.1903	3
17.9	21.0784	9.4979	5.2087	3
17.95	21.0716	9.5362	5.2049	3
18	21.0645	9.3648	5.2041	3
18.05	21.0579	9.3887	5.2127	3
18.1	21.0501	9.8725	5.2014	3
18.15	21.0434	8.9083	5.1985	3
18.2	21.0364	9.606	5.2136	3
18.25	21.0287	9.2503	5.1979	3
18.3	21.0206	9.3865	5.1987	3
18.35	21.0132	8.8516	5.2029	3
18.4	21.0057	9.1434	5.1981	3
18.45	20.9979	9.0872	5.173	3
18.5	20.9905	8.9654	5.179	3
18.55	20.9831	8.7072	5.2108	3
18.6	20.9744	9.4901	5.219	3
18.65	20.9667	8.2794	5.2258	3
18.7	20.9591	9.0155	5.2352	3
18.75	20.9502	8.8882	5.2311	3
18.8	20.9422	8.4076	5.2268	3
18.85	20.9342	8.8937	5.2173	3
18.9	20.925	8.81	5.2095	3
18.95	20.9174	8.2055	5.1939	3
19	20.9084	8.9613	5.1841	3
19.05	20.8987	8.674	5.198	3
19.1	20.8905	8.2367	5.2134	3
19.15	20.8809	8.7101	5.2195	3
19.2	20.8716	8.2857	5.2092	3
19.25	20.8628	8.1948	5.1975	3
19.3	20.8539	8.6863	5.2	3
19.35	20.8441	8.0377	5.2088	3
19.4	20.8354	7.8167	5.2136	3
19.45	20.8258	8.5407	5.2124	3
19.5	20.8157	8.0345	5.2055	3
19.55	20.8059	8.3682	5.2111	3
19.6	20.7968	7.4364	5.2225	3
19.65	20.7867	8.5473	5.2041	3
19.7	20.7759	8.0469	5.1984	3
19.75	20.7662	7.3823	5.1891	3
19.8	20.7563	8.2831	5.1904	3
19.85	20.7451	7.6755	5.2015	3
19.9	20.7355	7.6451	5.2044	3
19.95	20.7244	8.1211	5.2044	3
20	20.7141	7.4681	5.1921	3
20.05	20.704	7.545	5.1982	3
20.1	20.6926	7.8289	5.2177	3
20.15	20.6826	7.3332	5.2034	3
20.2	20.671	7.7694	5.202	3
20.25	20.6608	6.8374	5.2046	3
20.3	20.6506	7.4669	5.1933	3
20.35	20.6381	7.8664	5.1926	3
20.4	20.6277	6.6067	5.1847	3
20.45	20.6168	7.4082	5.1954	3
20.5	20.6043	7.6448	5.2044	3
20.55	20.5934	6.6399	5.1938	3
20.6	20.582	7.1271	5.1953	3
20.65	20.5701	7.1137	5.2079	3
20.7	20.5582	7.0508	5.2107	3
20.75	20.5462	7.027	5.1851	3
20.8	20.5348	6.6459	5.1797	3
20.85	20.5227	6.8534	5.1998	3
20.9	20.5107	6.9195	5.1986	3
20.95	20.4992	6.3397	5.2113	3
21	20.4864	7.2085	5.2082	3
21.05	20.4738	6.372	5.1969	3
21.1	20.4619	6.4968	5.2118	3
21.15	20.4489	6.9829	5.2165	3
21.2	20.436	6.171	5.2028	3
21.25	20.4238	6.7091	5.1881	3
21.3	20.4112	6.3029	5.1767	3
21.35	20.3982	6.6317	5.1903	3
21.4	20.3857	6.1311	5.2041	3
21.45	20.3732	6.0926	5.2012	3
21.5	20.3602	6.4818	5.1979	3
21.55	20.3466	6.1971	5.1953	3
21.6	20.3337	6.1245	5.2054	3
21.65	20.32	6.5996	5.2044	3
21.7	20.3055	5.8698	5.2032	3
21.75	20.2932	5.7381	5.2142	3
21.8	20.2787	6.6632	5.2089	3
21.85	20.2642	5.8072	5.202	3
21.9	20.2513	5.6163	5.2135	3
21.95	20.2366	6.3563	5.2097	3
22	20.2221	5.8074	5.2038	3
22.05	20.2088	5.5998	5.2036	3
22.1	20.1937	6.252	5.2008	3
22.15	20.1794	5.4524	5.2014	3
22.2	20.1648	5.6982	5.2018	3
22.25	20.1502	5.5546	5.1831	3
22.3	20.136	5.6875	5.1666	3
22.35	20.1204	5.8379	5.1847	3
22.4	20.1056	5.6499	5.1894	3
22.45	20.0908	5.156	5.1957	3
22.5	20.0754	5.9733	5.2103	3
22.55	20.0603	5.2289	5.1985	3
22.6	20.0446	5.5281	5.1994	3
22.65	20.0288	5.2755	5.1989	3
22.7	20.013	5.4087	5.1893	3
22.75	19.9968	5.5829	5.1973	3
22.8	19.9814	5.0528	5.1922	3
22.85	19.9655	5.425	5.1909	3
22.9	19.9488	5.3492	5.199	3
22.95	19.9328	5.3463	5.1841	3
23	19.9166	4.8282	5.1872	3
23.05	19.9001	5.3469	5.1905	3
23.1	19.883	5.1134	5.1886	3
23.15	19.8663	5.0852	5.2046	3
23.2	19.8499	4.9629	5.2078	3
23.25	19.8328	5.3158	5.2078	3
23.3	19.8158	4.6574	5.2125	3
23.35	19.7985	5.232	5.2118	3
23.4	19.7801	5.0631	5.2061	3
23.45	19.7629	4.781	5.1977	3
23.5	19.7455	4.9591	5.2008	3
23.55	19.7273	4.8092	5.206	3
23.6	19.709	5.1762	5.2048	3
23.65	19.6915	4.1844	5.2054	3
23.7	19.6737	5.0109	5.2018	3
23.75	19.6544	5.1292	5.2	3
23.8	19.6362	4.4356	5.19	3
23.85	19.6183	4.7392	5.1947	3
23.9	19.599	4.7991	5.2045	3
23.95	19.5807	4.4501	5.2017	3
24	19.5615	4.7558	5.2079	3
24.05	19.5423	4.5636	5.2098	3
24.1	19.5229	4.7518	5.1981	3
24.15	19.5037	4.39	5.196	3
24.2	19.4839	4.5669	5.1966	3
24.25	19.4638	4.809	5.2073	3
24.3	19.444	4.0925	5.2206	3
24.35	19.4248	4.4152	5.214	3
24.4	19.4042	4.8283	5.2161	3
24.45	19.384	3.9836	5.2034	3
24.5	19.3644	4.407	5.1993	3
24.55	19.3433	4.6155	5.192	3
24.6	19.322	4.4487	5.1816	3
24.65	19.3022	3.8098	5.1787	3
24.7	19.2819	4.258	5.1743	3
24.75	19.2604	4.5292	5.1839	3
24.8	19.2394	3.8674	5.1922	3
24.85	19.2182	4.2066	5.173	3
24.9	19.1962	4.4204	5.1806	3
24.95	19.1743	4.0892	5.1817	3
25	19.1529	4.0788	5.1853	3
25.05	19.1311	4.1297	5.1919	3
25.1	19.1086	4.385	5.1905	3
25.15	19.0863	3.8054	5.1782	3
25.2	19.0642	3.9618	5.1735	3
25.25	19.0418	3.9523	5.1827	3
25.3	19.0191	4.028	5.1786	3
25.35	18.9961	4.1693	5.1509	3
25.4	18.9728	3.9706	5.1698	3
25.45	18.9507	3.5977	5.1901	3
25.5	18.927	4.2264	5.188	3
25.55	18.9034	3.6415	5.2009	3
25.6	18.8804	3.7331	5.198	3
25.65	18.8569	3.8519	5.1963	4
25.7	18.8328	3.9407	5.189	4
25.75	18.8092	3.5923	5.1831	4
25.8	18.7847	3.932	5.1888	4
25.85	18.7603	3.7951	5.1852	4
25.9	18.7362	3.5605	5.1868	4
25.95	18.7123	3.6732	5.1913	4
26	18.6875	3.8749	5.185	4
26.05	18.663	3.5324	5.1777	4
26.1	18.6398	3.3138	5.1773	4
26.15	18.6153	4.1426	5.1892	4
26.2	18.5912	3.5738	5.1866	4
26.25	18.5684	3.1252	5.1903	4
26.3	18.5449	3.9511	5.1799	4
26.35	18.5191	3.5805	5.1639	4
26.4	18.496	3.6323	5.1667	4
26.45	18.4724	3.0395	5.1729	4
26.5	18.4478	4.262	5.1735	4
26.55	18.4239	3.1594	5.1598	4
26.6	18.4003	3.3387	5.161	4
26.65	18.3759	4.0086	5.1667	4
26.7	18.3513	3.2422	5.1796	4
26.75	18.3273	3.6341	5.1764	4
26.8	18.3036	3.5015	5.1739	4
26.85	18.2783	3.6955	5.1675	4
26.9	18.2552	3.3643	5.1559	4
26.95	18.2305	3.3954	5.1544	4
27	18.2073	3.4159	5.1579	4
27.05	18.1825	3.636	5.16	4
27.1	18.1588	3.2928	5.1654	4
27.15	18.1355	3.3346	5.1552	4
27.2	18.1113	3.4854	5.1624	4
27.25	18.087	3.5101	5.1708	4
27.3	18.0636	2.879	5.1637	4
27.35	18.0393	4.0852	5.1623	4
27.4	18.0156	2.6726	5.1602	4
27.45	17.9924	3.7155	5.1724	4
27.5	17.9681	3.0668	5.1751	4
27.55	17.9448	3.4901	5.178	4
27.6	17.9206	3.2963	5.1851	4
27.65	17.8971	3.3538	5.1849	4
27.7	17.8733	3.0406	5.1776	4
27.75	17.8496	3.6232	5.1697	4
27.8	17.8258	2.8207	5.1764	4
27.85	17.8032	3.2651	5.1755	4
27.9	17.7776	3.7844	5.1727	4
27.95	17.7553	2.6258	5.1619	4
28	17.7313	3.4617	5.1677	4
28.05	17.7078	3.1211	5.1839	4
28.1	17.6843	3.1182	5.1994	4
28.15	17.6612	3.1169	5.1943	4
28.2	17.6367	3.6279	5.1738	4
28.25	17.6134	2.7968	5.168	4
28.3	17.5892	4.1708	5.1784	4
28.35	17.5658	2.0497	5.203	4
28.4	17.5427	3.9981	5.1933	4
28.45	17.5177	2.8757	5.1632	4
28.5	17.4948	3.3659	5.1483	4
28.55	17.4711	3.0531	5.153	4
28.6	17.4473	3.4399	5.174	4
28.65	17.4238	2.7456	5.1831	4
28.7	17.4006	3.5453	5.1882	4
28.75	17.3756	3.3733	5.1991	4
28.8	17.3526	3.099	5.1915	4
28.85	17.3278	3.2322	5.178	4
28.9	17.3057	3.0061	5.1749	4
28.95	17.2802	3.6422	5.1798	4
29	17.2577	2.7592	5.1788	4
29.05	17.2328	3.5881	5.1827	4
29.1	17.2091	3.4607	5.1823	4
29.15	17.1851	2.6875	5.1721	4
29.2	17.1622	3.2572	5.1786	4
29.25	17.1368	4.0886	5.2027	4
29.3	17.1138	2.0257	5.1976	4
29.35	17.0899	4.4593	5.2018	4
29.4	17.0645	2.9536	5.1962	4
29.45	17.0412	3.292	5.1977	4
29.5	17.0177	2.9528	5.2143	4
29.55	16.993	3.9721	5.197	4
29.6	16.9696	2.5694	5.1815	4
29.65	16.9459	3.6551	5.1884	4
29.7	16.9212	3.2005	5.1884	4
29.75	16.898	3.1917	5.1932	4
29.8	16.8733	3.1566	5.1952	4
29.85	16.849	3.7395	5.2012	4
29.9	16.8244	3.0033	5.2075	4
29.95	16.801	3.4169	5.2061	4
30	16.7759	3.4544	5.2136	4
30.05	16.7518	3.3105	5.2056	4
30.1	16.7279	2.8033	5.1791	4
30.15	16.7039	3.8307	5.1784	4
30.2	16.6782	3.4305	5.1978	4
30.25	16.6555	2.6106	5.1998	4
30.3	16.6305	3.9026	5.2124	4
30.35	16.606	3.1523	5.2033	4
30.4	16.5809	3.9328	5.1823	4
30.45	16.5567	2.5805	5.1534	4
30.5	16.5327	3.9442	5.1511	4
30.55	16.508	3.0782	5.1696	4
30.6	16.4836	3.4538	5.1733	4
30.65	16.4603	2.7744	5.1812	4
30.7	16.4348	4.3389	5.1699	4
30.75	16.41	2.7777	5.17	4
30.8	16.387	3.0353	5.1648	4
30.85	16.3622	3.6541	5.1589	4
30.9	16.3373	3.6232	5.1767	4
30.95	16.3129	2.9136	5.1748	4
31	16.2896	3.3035	5.1606	4
31.05	16.2636	3.8918	5.1603	4
31.1	16.2395	3.0995	5.1671	4
31.15	16.2151	3.2076	5.1794	4
31.2	16.1911	3.3122	5.1774	4
31.25	16.1657	3.7441	5.1886	4
31.3	16.1414	2.9598	5.1935	4
31.35	16.1164	4.1819	5.1837	4
31.4	16.091	3.2301	5.1757	4
31.45	16.0669	3.2524	5.1622	4
31.5	16.0431	2.9272	5.1686	4
31.55	16.0183	3.945	5.1935	4
31.6	15.993	3.3401	5.1851	4
31.65	15.9687	3.4025	5.179	4
31.7	15.9437	3.5117	5.1842	4
31.75	15.9188	3.4734	5.1731	4
31.8	15.8947	2.8878	5.1754	4
31.85	15.8703	3.6381	5.1591	4
31.9	15.8446	3.5357	5.1728	4
31.95	15.8208	3.0565	5.187	4
32	15.7961	3.5615	5.1793	4
32.05	15.7711	3.5143	5.183	4
32.1	15.746	3.4283	5.1619	4
32.15	15.7216	3.0217	5.1631	4
32.2	15.6972	3.3698	5.1745	4
32.25	15.6726	3.2862	5.1739	4
32.3	15.6481	3.4516	5.1793	4
32.35	15.6239	3.0789	5.1708	4
32.4	15.5994	3.4472	5.1651	4
32.45	15.5744	3.5381	5.1874	4
32.5	15.5497	3.1486	5.1848	4
32.55	15.5254	3.2851	5.178	4
32.6	15.5006	3.3959	5.1789	4
32.65	15.4756	3.311	5.2025	4
32.7	15.4515	3.0869	5.2136	4
32.75	15.427	3.2684	5.2005	4
32.8	15.4015	3.5598	5.1882	4
32.85	15.3776	2.8019	5.1906	4
32.9	15.3531	3.5476	5.1921	4
32.95	15.3277	3.3767	5.1993	4
33	15.3045	2.5418	5.1958	4
33.05	15.2799	3.6293	5.1988	4
33.1	15.2547	3.2255	5.2016	4
33.15	15.2308	2.8755	5.1888	4
33.2	15.2065	3.0514	5.2063	4
33.25	15.1824	3.2239	5.2036	4
33.3	15.157	3.435	5.2011	4
33.35	15.1336	2.7956	5.194	4
33.4	15.1092	3.1049	5.1812	4
33.45	15.0843	3.6423	5.1959	4
33.5	15.0597	2.7654	5.1944	4
33.55	15.0366	3.0758	5.1952	4
33.6	15.011	3.7089	5.1925	4
33.65	14.9861	2.9698	5.1612	4
33.7	14.9623	2.8571	5.1646	4
33.75	14.9382	3.3658	5.1743	4
33.8	14.9131	3.4168	5.1815	4
33.85	14.8897	2.517	5.1866	4
33.9	14.8655	3.4994	5.1774	4
33.95	14.8402	3.3065	5.1743	4
34	14.8156	3.1649	5.1768	4
34.05	14.7921	2.5633	5.1903	4
34.1	14.767	4.1766	5.1903	4
34.15	14.7424	2.4994	5.1757	4
34.2	14.7194	2.9536	5.1724	4
34.25	14.6944	3.5866	5.1777	4
34.3	14.6693	3.0981	5.1737	4
34.35	14.646	2.526	5.1782	4
34.4	14.6212	3.9531	5.1718	4
34.45	14.596	2.7913	5.1635	4
34.5	14.5732	2.7257	5.1734	4
34.55	14.5476	3.8185	5.1694	4
34.6	14.5226	2.9005	5.1771	4
34.65	14.4986	2.9579	5.187	4
34.7	14.4743	3.1896	5.203	4
34.75	14.4488	3.4728	5.1892	4
34.8	14.4246	2.7447	5.1761	4
34.85	14.3999	3.2793	5.1847	4
34.9	14.3761	3.0295	5.1749	4
34.95	14.3507	3.252	5.178	4
35	14.327	2.8274	5.1844	4
35.05	14.3025	3.1945	5.185	4
35.1	14.2775	3.4098	5.1927	4
35.15	14.2528	2.9746	5.1815	4
35.2	14.2288	2.9058	5.171	4
35.25	14.2045	3.1481	5.1888	4
35.3	14.18	3.0631	5.2013	4
35.35	14.156	3.0044	5.1932	4
35.4	14.1315	3.246	5.1849	4
35.45	14.1064	3.1422	5.1724	4
35.5	14.082	3.058	5.195	4
35.55	14.0568	3.4068	5.1958	4
35.6	14.0319	3.0555	5.1813	4
35.65	14.0071	3.3524	5.1844	4
35.7	13.982	3.2589	5.197	4
35.75	13.9577	3.0384	5.1996	4
35.8	13.9324	3.4266	5.2044	4
35.85	13.908	3.0519	5.1995	4
35.9	13.883	3.3596	5.194	4
35.95	13.8589	2.8064	5.1758	4
36	13.8338	3.6372	5.1928	4
36.05	13.8092	2.9741	5.2025	4
36.1	13.7846	3.1278	5.1975	4
36.15	13.7593	3.7211	5.2018	4
36.2	13.7339	3.2096	5.1857	4
36.25	13.709	3.154	5.1794	4
36.3	13.6837	3.6461	5.1978	4
36.35	13.6586	2.6625	5.1911	4
36.4	13.6344	3.6752	5.1907	4
36.45	13.6083	3.1229	5.1981	4
36.5	13.584	3.2482	5.194	4
36.55	13.5593	2.838	5.1912	4
36.6	13.5341	3.3575	5.1915	4
36.65	13.5095	2.9259	5.194	4
36.7	13.4844	3.5668	5.1864	4
36.75	13.4598	2.6136	5.1786	4
36.8	13.4361	3.0138	5.1729	4
36.85	13.4103	3.545	5.1735	4
36.9	13.3868	2.1152	5.1861	4
36.95	13.3621	3.5832	5.1802	4
37	13.3374	2.8199	5.1973	4
37.05	13.313	2.8356	5.1833	4
37.1	13.2896	2.6023	5.1629	4
37.15	13.2645	3.3647	5.164	4
37.2	13.2399	2.9115	5.1569	4
37.25	13.2165	2.6161	5.1554	4
37.3	13.1922	2.9107	5.1735	4
37.35	13.1673	3.3812	5.1906	4
37.4	13.1431	2.2424	5.1938	4
37.45	13.1196	3.0396	5.1819	4
37.5	13.0948	2.9053	5.1851	4
37.55	13.0704	2.8658	5.1904	4
37.6	13.0465	2.7123	5.1835	4
37.65	13.0224	2.863	5.2011	4
37.7	12.9983	2.7917	5.2028	4
37.75	12.9744	2.6229	5.1995	4
37.8	12.9502	2.6821	5.1969	4
37.85	12.926	2.8727	5.1896	4
37.9	12.903	2.1593	5.1835	4
37.95	12.8783	3.2582	5.1791	4
38	12.8544	2.4488	5.1946	4
38.05	12.8306	2.6973	5.2165	4
38.1	12.8066	2.9276	5.1971	4
38.15	12.7825	2.6549	5.1797	4
38.2	12.7577	2.8809	5.1928	4
38.25	12.7344	2.6712	5.1901	4
38.3	12.7098	2.6458	5.1828	4
38.35	12.6861	2.9417	5.19	4
38.4	12.6615	2.5664	5.1958	4
38.45	12.6376	2.8984	5.192	4
38.5	12.6141	2.477	5.172	4
38.55	12.5894	3.1802	5.1893	4
38.6	12.5654	2.4866	5.1863	4
38.65	12.5416	2.6071	5.1834	4
38.7	12.5174	3.0942	5.2021	4
38.75	12.4936	2.4136	5.2001	4
38.8	12.4693	2.9617	5.1862	4
38.85	12.4459	2.5839	5.1738	4
38.9	12.4213	2.6872	5.1851	4
38.95	12.3976	2.6653	5.1986	4
39	12.3736	2.4846	5.1905	4
39.05	12.3491	3.0655	5.1851	4
39.1	12.3256	2.3075	5.1791	4
39.15	12.3022	2.6584	5.1884	4
39.2	12.278	2.8121	5.2088	4
39.25	12.2544	2.3774	5.1917	4
39.3	12.2302	2.8161	5.1661	4
39.35	12.2066	2.4079	5.169	4
39.4	12.1826	2.7056	5.1703	4
39.45	12.1587	2.5999	5.1822	4
39.5	12.1352	2.3973	5.1874	4
39.55	12.1114	2.6802	5.1925	4
39.6	12.0873	2.6912	5.1782	4
39.65	12.0642	2.1565	5.1646	4
39.7	12.0402	3.117	5.1749	4
39.75	12.0164	2.3672	5.1884	4
39.8	11.9929	2.4111	5.1825	4
39.85	11.9687	2.9289	5.1779	4
39.9	11.9455	2.0366	5.1795	4
39.95	11.9218	2.946	5.1859	4
40	11.898	2.1516	5.1935	4
40.05	11.875	2.5206	5.1818	4
40.1	11.8506	2.8476	5.1809	4
40.15	11.8273	2.1838	5.1864	4
40.2	11.8038	2.5008	5.1961	4
40.25	11.7802	2.6168	5.1925	4
40.3	11.7567	2.4632	5.1821	4
40.35	11.7335	2.301	5.1814	4
40.4	11.7095	2.6013	5.1713	4
40.45	11.6853	2.5821	5.1847	4
40.5	11.6621	2.2439	5.1883	4
40.55	11.6392	2.4838	5.1959	4
40.6	11.6146	2.8609	5.2047	4
40.65	11.5919	1.9667	5.187	4
40.7	11.5689	2.3498	5.1973	4
40.75	11.5446	2.9732	5.213	4
40.8	11.5205	2.3294	5.212	4
40.85	11.4976	2.1363	5.2081	4
40.9	11.4739	2.7608	5.2048	4
40.95	11.4498	2.5736	5.1953	4
41	11.4261	2.4202	5.1967	4
41.05	11.4028	2.271	5.2091	4
41.1	11.3791	2.735	5.2047	4
41.15	11.3553	2.4834	5.1776	4
41.2	11.3318	2.5729	5.1803	4
41.25	11.3084	2.422	5.1858	4
41.3	11.2847	2.6683	5.196	4
41.35	11.2611	2.199	5.1909	4
41.4	11.2374	2.6318	5.1885	4
41.45	11.2136	2.3933	5.1896	4
41.5	11.1907	1.9346	5.1823	4
41.55	11.1675	2.3663	5.1969	4
41.6	11.1436	2.4592	5.2057	4
41.65	11.121	1.7441	5.1885	4
41.7	11.0984	2.5346	5.1754	4
41.75	11.075	1.7336	5.1786	4
41.8	11.0524	2.5023	5.1927	4
41.85	11.0292	1.9872	5.1889	4
41.9	11.0078	1.8992	5.1815	4
41.95	10.9856	2.2629	5.1875	4
42	10.9627	1.9139	5.2014	4
42.05	10.9403	1.9301	5.1881	4
42.1	10.9176	2.0372	5.1934	4
42.15	10.8946	2.1735	5.1971	4
42.2	10.8725	1.6438	5.1807	4
42.25	10.8502	2.2038	5.1896	4
42.3	10.8269	2.2031	5.1965	4
42.35	10.8044	1.5402	5.1995	4
42.4	10.7823	2.2391	5.2045	4
42.45	10.7594	1.8253	5.1953	4
42.5	10.7369	1.8825	5.1973	4
42.55	10.7148	1.8641	5.205	4
42.6	10.6918	2.2402	5.1949	4
42.65	10.6696	1.7249	5.1839	4
42.7	10.6476	1.7984	5.1837	4
42.75	10.6252	1.9601	5.1856	4
42.8	10.6024	1.9314	5.1854	4
42.85	10.58	1.9171	5.1828	4
42.9	10.5576	1.8153	5.1691	4
42.95	10.5347	1.9404	5.1483	4
43	10.5132	1.6119	5.1569	4
43.05	10.4913	1.9396	5.1743	4
43.1	10.4687	2.2752	5.1675	4
43.15	10.4459	1.7525	5.174	4
43.2	10.4238	1.5683	5.1822	4
43.25	10.4014	2.1677	5.1848	4
43.3	10.3784	1.9686	5.1838	4
43.35	10.3561	1.7547	5.1674	4
43.4	10.3343	1.7949	5.1728	4
43.45	10.3113	2.0988	5.1695	4
43.5	10.2892	1.6706	5.1559	4
43.55	10.2666	2.0007	5.1504	4
43.6	10.2443	1.8518	5.1424	4
43.65	10.2219	1.986	5.1549	4
43.7	10.1995	1.8867	5.1642	4
43.75	10.1777	1.6842	5.1869	4
43.8	10.1553	1.9399	5.2108	4
43.85	10.1323	2.2579	5.2011	4
43.9	10.1095	1.8208	5.1955	4
43.95	10.0872	1.8966	5.2005	4
44	10.0655	1.4416	5.1843	4
44.05	10.0424	2.4357	5.1802	4
44.1	10.02	1.6974	5.1929	4
44.15	9.998	1.8639	5.1958	4
44.2	9.9754	2.0356	5.1886	4
44.25	9.953	1.7871	5.1904	4
44.3	9.9309	1.6466	5.1977	4
44.35	9.9084	1.9073	5.1731	4
44.4	9.8859	1.9204	5.1633	4
44.45	9.8636	1.7845	5.1684	4
44.5	9.8414	1.9412	5.1684	4
44.55	9.8187	2.0815	5.1878	4
44.6	9.7962	1.7215	5.1872	4
44.65	9.7742	1.7934	5.1705	4
44.7	9.7514	1.8804	5.1654	4
44.75	9.7296	1.5668	5.1757	4
44.8	9.7071	2.1439	5.1903	4
44.85	9.6839	1.8764	5.1861	4
44.9	9.6623	1.4907	5.1865	4
44.95	9.6402	2.0093	5.1859	4
45	9.6173	1.9356	5.1658	4
45.05	9.5946	1.7705	5.1811	4
45.1	9.5725	1.7884	5.1894	4
45.15	9.5502	1.8019	5.1845	4
45.2	9.528	1.8541	5.1815	4
45.25	9.5055	1.7872	5.1598	4
45.3	9.4831	1.9922	5.159	4
45.35	9.4608	1.8796	5.1626	4
45.4	9.439	1.6573	5.1674	4
45.45	9.4165	1.7678	5.1666	4
45.5	9.3942	1.6457	5.1627	4
45.55	9.3719	1.8604	5.1702	4
45.6	9.3494	1.9428	5.1688	4
45.65	9.3272	1.7412	5.1602	4
45.7	9.3055	1.5299	5.1563	4
45.75	9.2831	1.8853	5.1422	4
45.8	9.2607	1.7863	5.1597	4
45.85	9.2388	1.5436	5.1789	4
45.9	9.217	1.7662	5.1877	4
45.95	9.1942	2.1612	5.1929	4
46	9.1721	1.4138	5.1696	4
46.05	9.1503	1.6677	5.1671	4
46.1	9.1275	2.1582	5.1669	4
46.15	9.1048	1.6943	5.1729	4
46.2	9.083	1.4608	5.1707	4
46.25	9.0605	2.2852	5.1763	4
46.3	9.0375	1.7909	5.189	4
46.35	9.0159	1.4872	5.1844	4
46.4	8.9936	1.9999	5.184	4
46.45	8.9707	1.9598	5.1797	4
46.5	8.9493	1.2661	5.1635	4
46.55	8.9266	2.1761	5.1646	4
46.6	8.9043	1.6573	5.169	4
46.65	8.8821	1.8732	5.1602	4
46.7	8.8601	1.8872	5.1768	4
46.75	8.838	1.4604	5.1724	4
46.8	8.8154	2.1499	5.172	4
46.85	8.7935	1.1881	5.1751	4
46.9	8.7716	1.9962	5.1625	4
46.95	8.7482	2.2011	5.1728	4
47	8.7263	1.3101	5.1775	4
47.05	8.7047	1.9279	5.1588	4
47.1	8.6815	1.9003	5.1566	4
47.15	8.6591	1.6792	5.1728	4
47.2	8.637	1.8352	5.171	4
47.25	8.6146	1.7357	5.153	4
47.3	8.5916	2.1429	5.1517	4
47.35	8.5697	1.0882	5.1547	4
47.4	8.5481	2.0619	5.1539	4
47.45	8.5252	2.0619	5.1703	4
47.5	8.5032	1.3874	5.1702	4
47.55	8.4815	1.797	5.1636	4
47.6	8.4586	2.0396	5.1784	4
47.65	8.4366	1.3151	5.1812	4
47.7	8.4143	1.9955	5.1736	4
47.75	8.3924	1.3689	5.1706	4
47.8	8.3701	2.1984	5.1667	4
47.85	8.3472	1.6568	5.1792	4
47.9	8.3261	1.2176	5.1821	4
47.95	8.3035	2.3424	5.1702	4
48	8.2811	1.3435	5.1659	4
48.05	8.2601	1.3263	5.1699	4
48.1	8.2378	2.289	5.1955	4
48.15	8.2198	1.2555	5.1974	4
48.2	8.2076	1.8184	5.1889	4
48.25	8.1978	1.6869	5.1899	4
48.3	8.1887	1.6251	5.1976	4
48.35	8.1793	1.839	5.1845	4
48.4	8.1706	1.2577	5.1906	4
48.45	8.1612	2.0316	5.1983	4
48.5	8.1525	1.6982	5.1854	4
48.55	8.1443	1.2623	5.1857	4
48.6	8.1357	1.7192	5.1929	4
48.65	8.1271	1.6938	5.1926	4
48.7	8.119	1.5815	5.1813	4
48.75	8.111	1.5429	5.1914	4
48.8	8.1029	1.5366	5.173	4
48.85	8.0945	1.8475	5.1778	4
48.9	8.0866	1.3969	5.1987	4
48.95	8.0788	1.4543	5.1967	4
49	8.071	1.4082	5.189	4
49.05	8.0631	1.5752	5.1778	4
49.1	8.0555	1.3343	5.1872	4
49.15	8.0479	1.3173	5.195	4
49.2	8.0398	1.7494	5.1835	4
49.25	8.0322	1.385	5.1909	4
49.3	8.0251	1.1537	5.1901	4
49.35	8.0171	1.6998	5.1906	4
49.4	8.0095	1.4234	5.202	4
49.45	8.0024	1.261	5.1941	4
49.5	7.9947	1.6026	5.1863	4
49.55	7.9875	1.3011	5.1913	4
49.6	7.9803	1.3434	5.1874	4
49.65	7.9727	1.6006	5.18	4
49.7	7.9654	1.4634	5.1793	4
49.75	7.958	1.6728	5.1787	4
49.8	7.9511	1.1118	5.1778	4
49.85	7.9437	1.4394	5.1762	4
49.9	7.936	2.0094	5.1736	4
49.95	7.9297	0.9393	5.1758	4
50	7.9224	1.5256	5.1769	4
50.05	7.9154	1.1257	5.1762	4
50.1	7.9084	1.165	5.1725	4
50.15	7.901	1.2916	5.172	4
50.2	7.8943	1.1139	5.1673	4
50.25	7.8874	1.1789	5.1596	4
50.3	7.8804	1.2804	5.1893	4
50.35	7.8738	0.801	5.1914	4
50.4	7.867	1.2222	5.1974	4
50.45	7.8602	1.0386	5.1831	4
50.5	7.8534	0.8417	5.1701	4
50.55	7.8463	1.2955	5.1813	4
50.6	7.8395	0.9698	5.1905	4
50.65	7.8332	0.7831	5.2151	4
50.7	7.8267	0.8552	5.2155	4
50.75	7.8195	1.26	5.1963	4
50.8	7.8131	1.0044	5.2077	4
50.85	7.8066	0.8563	5.1986	4
50.9	7.7994	1.2413	5.1947	4
50.95	7.7922	1.1041	5.206	4
51	7.7861	0.6487	5.203	4
51.05	7.779	1.2202	5.2124	4
51.1	7.7723	1.1164	5.2241	4
51.15	7.7657	0.9552	5.2233	4
51.2	7.759	1.1434	5.2179	4
51.25	7.7526	1.0107	5.2217	4
51.3	7.7463	0.7657	5.216	4
51.35	7.7393	1.3114	5.2039	4
51.4	7.733	0.7675	5.2105	4
51.45	7.7261	1.2199	5.2078	4
51.5	7.7197	0.7996	5.2038	4
51.55	7.7131	0.7131	5.2088	4
51.6	7.706	1.3175	5.2007	4
51.65	7.6998	0.6958	5.206	4
51.7	7.6932	0.9625	5.2059	4
51.75	7.6863	1.2483	5.2043	4
51.8	7.6798	0.949	5.2288	4
51.85	7.6735	1.0699	5.2235	4
51.9	7.667	0.8161	5.1983	4
51.95	7.6602	1.2559	5.193	4
52	7.6539	0.9454	5.2112	4
52.05	7.6476	0.879	5.2271	4
52.1	7.6405	1.4695	5.2028	4
52.15	7.6345	0.8462	5.1888	4
52.2	7.6281	0.8273	5.1959	4
52.25	7.6212	1.3954	5.1987	4
52.3	7.6148	1.0434	5.1937	4
52.35	7.6086	0.7129	5.1755	4
52.4	7.6018	1.1893	5.1845	4
52.45	7.5952	1.3597	5.2048	4
52.5	7.5888	0.8892	5.2026	4
52.55	7.5822	0.9417	5.2085	4
52.6	7.5749	1.6038	5.2016	4
52.65	7.5687	0.683	5.1913	4
52.7	7.5623	0.8979	5.2005	4
52.75	7.5555	1.3662	5.191	4
52.8	7.5488	1.1557	5.1879	4
52.85	7.5423	1.0144	5.1873	4
52.9	7.5362	1.0003	5.1923	4
52.95	7.5294	1.3954	5.2018	4
53	7.5229	1.0614	5.1904	4
53.05	7.5165	1.0094	5.1866	4
53.1	7.5099	1.3027	5.2088	4
53.15	7.5034	1.0528	5.202	4
53.2	7.4969	1.0072	5.1898	4
53.25	7.4898	1.4791	5.1838	4
53.3	7.4834	0.9431	5.185	4
53.35	7.477	1.0427	5.1905	4
53.4	7.4705	1.1321	5.1961	4
53.45	7.4638	1.3492	5.1889	4
53.5	7.4576	0.9043	5.1829	4
53.55	7.4508	1.2841	5.1968	4
53.6	7.4441	1.1945	5.2074	4
53.65	7.4374	1.0608	5.1956	4
53.7	7.4309	1.1956	5.1981	4
53.75	7.4246	1.0984	5.1912	4
53.8	7.4181	1.0361	5.1881	4
53.85	7.4115	1.4131	5.2046	4
53.9	7.4051	1.1564	5.2086	4
53.95	7.3988	0.852	5.2015	4
54	7.392	1.4117	5.1861	4
54.05	7.3854	1.3902	5.1739	4
54.1	7.3795	0.5855	5.191	4
54.15	7.3723	1.5531	5.1979	4
54.2	7.3656	1.3469	5.2041	4
54.25	7.3595	0.8295	5.1928	4
54.3	7.3528	1.2084	5.1792	4
54.35	7.346	1.5531	5.1867	4
54.4	7.34	0.7368	5.1971	4
54.45	7.3334	1.1975	5.19	4
54.5	7.3266	1.5888	5.1968	4
54.55	7.3205	1.0029	5.2138	4
54.6	7.314	0.9203	5.2166	4
54.65	7.3069	1.4537	5.2013	4
54.7	7.3002	1.203	5.1945	4
54.75	7.2941	0.7629	5.1874	4
54.8	7.2871	1.5438	5.1797	4
54.85	7.2805	1.2544	5.196	4
54.9	7.2745	0.666	5.1877	4
54.95	7.2674	1.6027	5.1928	4
55	7.2609	0.9883	5.1911	4
55.05	7.2547	0.9176	5.1726	4
55.1	7.2478	1.5059	5.1817	4
55.15	7.2416	0.763	5.1865	4
55.2	7.2349	1.2945	5.1879	4
55.25	7.2285	1.0739	5.2028	4
55.3	7.2223	0.8225	5.1937	4
55.35	7.2153	1.3514	5.1852	4
55.4	7.2092	0.8314	5.1788	4
55.45	7.2026	1.0077	5.1712	4
55.5	7.1957	1.2638	5.1797	4
55.55	7.1899	0.6785	5.1872	4
55.6	7.1835	1.1243	5.1905	4
55.65	7.1772	1.0011	5.1931	4
55.7	7.1707	0.9055	5.1934	4
55.75	7.164	1.3434	5.1968	4
55.8	7.1578	0.7546	5.208	4
55.85	7.1513	0.9989	5.2137	4
55.9	7.145	0.9484	5.2021	4
55.95	7.1385	1.2175	5.1961	4
56	7.1323	0.9196	5.2079	4
56.05	7.126	0.7646	5.2021	4
56.1	7.119	1.2946	5.1955	4
56.15	7.113	0.6678	5.21	4
56.2	7.1067	0.8682	5.1895	4
56.25	7.1002	1.294	5.1753	4
56.3	7.0941	0.8724	5.1889	4
56.35	7.0877	0.7793	5.1996	4
56.4	7.0811	1.0216	5.2065	4
56.45	7.0748	0.8469	5.2009	4
56.5	7.0684	0.9335	5.2002	4
56.55	7.0618	0.9448	5.1904	4
56.6	7.0555	1.12	5.1964	4
56.65	7.0493	0.842	5.1982	4
56.7	7.0427	0.8813	5.1789	4
56.75	7.0364	0.9191	5.1627	4
56.8	7.0299	0.9932	5.1694	4
56.85	7.0237	0.7272	5.174	4
56.9	7.0173	0.9917	5.1746	4
56.95	7.0112	0.8482	5.1699	4
57	7.0048	1.021	5.1727	4
57.05	6.9988	0.8329	5.1823	4
57.1	6.9925	0.926	5.1823	4
57.15	6.986	1.0036	5.1747	4
57.2	6.9797	1.0752	5.1772	4
57.25	6.9739	0.5863	5.1655	4
57.3	6.9669	1.3344	5.1707	4
57.35	6.9611	0.5769	5.182	4
57.4	6.9546	0.8608	5.1926	4
57.45	6.9478	1.0603	5.1805	4
57.5	6.9418	0.8617	5.1773	4
57.55	6.9357	0.8242	5.1779	4
57.6	6.9291	1.0177	5.1677	4
57.65	6.923	0.9556	5.188	4
57.7	6.9168	1.0381	5.1786	4
57.75	6.9107	0.6983	5.1645	4
57.8	6.9042	1.2091	5.1663	4
57.85	6.8981	0.7667	5.1483	4
57.9	6.8917	0.8876	5.149	4
57.95	6.8849	1.2007	5.1567	4
58	6.879	0.5859	5.1611	4
58.05	6.8724	1.0043	5.1619	4
58.1	6.8662	0.7725	5.1458	4
58.15	6.8597	0.9852	5.1504	4
58.2	6.8535	0.8701	5.1689	4
58.25	6.8474	0.8029	5.1679	4
58.3	6.8408	1.1917	5.1645	4
58.35	6.8348	0.6947	5.1525	4
58.4	6.8287	0.5182	5.1576	4
58.45	6.822	1.3545	5.1714	4
58.5	6.8162	0.2359	5.1668	4
58.55	6.8099	0.921	5.1747	4
58.6	6.8038	0.6305	5.174	4
58.65	6.7975	0.8996	5.1761	4
58.7	6.7918	0.427	5.1787	4
58.75	6.7853	1.0655	5.1785	4
58.8	6.7788	0.7718	5.1859	4
58.85	6.7729	0.4293	5.1892	4
58.9	6.7668	0.6633	5.1714	4
58.95	6.7606	0.8087	5.163	4
59	6.7551	0.2689	5.1659	4
59.05	6.7487	1.0081	5.1809	4
59.1	6.7429	0.6145	5.1895	4
59.15	6.7362	0.8802	5.1837	4
59.2	6.7309	0.2483	5.1656	4
59.25	6.724	1.1944	5.1437	4
59.3	6.7185	0.4003	5.1392	4
59.35	6.7124	0.5799	5.1585	4
59.4	6.7059	0.8672	5.1655	4
59.45	6.6995	0.8533	5.173	4
59.5	6.6936	0.6151	5.1787	4
59.55	6.6876	0.4203	5.1878	4
59.6	6.6815	0.9961	5.1824	4
59.65	6.6753	0.7383	5.1686	4
59.7	6.6691	0.781	5.1656	4
59.75	6.6627	0.7914	5.1751	4
59.8	6.6564	0.9613	5.1763	4
59.85	6.6504	0.504	5.1681	4
59.9	6.6439	0.9412	5.1667	4
59.95	6.6379	0.5252	5.1804	4
60	6.6318	0.7737	5.1593	4
60.05	6.6254	0.9595	5.1551	4
60.1	6.6195	0.1846	5.1627	4
60.15	6.6126	1.1857	5.1738	4
60.2	6.6067	0.3377	5.1901	4
60.25	6.6	0.9884	5.178	4
60.3	6.5943	0.7125	5.1561	4
60.35	6.588	0.559	5.1499	4
60.4	6.5817	0.876	5.1569	4
60.45	6.5754	0.9031	5.1566	4
60.5	6.5695	0.5031	5.153	4
60.55	6.5635	0.7878	5.1578	4
60.6	6.5575	0.6967	5.157	4
60.65	6.5509	1.2054	5.1567	4
60.7	6.5453	0.2905	5.1565	4
60.75	6.5389	1.0693	5.1746	4
60.8	6.5329	0.5537	5.1836	4
60.85	6.5264	1.0314	5.1755	4
60.9	6.5203	0.3864	5.1509	4
60.95	6.5137	1.1898	5.1611	4
61	6.5075	0.6739	5.1747	4
61.05	6.5013	0.8949	5.1671	4
61.1	6.4953	0.647	5.1685	4
61.15	6.4892	0.7715	5.1709	4
61.2	6.4829	0.7936	5.1798	4
61.25	6.4771	0.2984	5.1926	4
61.3	6.4702	1.3244	5.1777	4
61.35	6.4649	0.2399	5.1815	4
61.4	6.4584	1.2176	5.1843	4
61.45	6.4525	0.6319	5.1726	4
61.5	6.4464	0.4902	5.1718	4
61.55	6.4398	1.0124	5.1651	4
61.6	6.4336	0.7222	5.168	4
61.65	6.4272	0.6246	5.1767	4
61.7	6.4214	0.7993	5.1795	4
61.75	6.4153	0.5724	5.1672	4
61.8	6.4093	0.9219	5.1769	4
61.85	6.4034	0.4244	5.181	4
61.9	6.3971	1.0483	5.1871	4
61.95	6.3909	0.56	5.1847	4
62	6.3848	0.6874	5.1887	4
62.05	6.3788	0.6263	5.185	4
62.1	6.3726	0.753	5.1813	4
62.15	6.3662	0.9349	5.1939	4
62.2	6.3603	0.3771	5.1848	4
62.25	6.3538	0.9094	5.1858	4
62.3	6.3482	0.3656	5.1857	4
62.35	6.3417	0.9019	5.1836	4
62.4	6.3363	0.1279	5.2052	4
62.45	6.3293	1.4619	5.2062	4
62.5	6.3239	0.0218	5.2029	4
62.55	6.3175	0.6767	5.1901	4
62.6	6.3115	0.6595	5.1735	4
62.65	6.3053	0.7644	5.1626	4
62.7	6.2996	0.1364	5.1575	4
62.75	6.2928	1.004	5.1904	4
62.8	6.287	0.4349	5.2039	4
62.85	6.2813	0.5778	5.2177	4
62.9	6.2753	0.4484	5.2142	4
62.95	6.2687	0.9178	5.1946	4
63	6.2629	0.354	5.1767	4
63.05	6.2571	0.4946	5.1837	4
63.1	6.2508	0.877	5.1849	4
63.15	6.2452	0.7223	5.1749	4
63.2	6.2395	0.1083	5.1786	4
63.25	6.233	0.5827	5.1803	4
63.3	6.2266	0.8847	5.183	4
63.35	6.2211	0.1088	5.1631	4
63.4	6.2147	0.8	5.1579	4
63.45	6.2088	0.5429	5.1566	4
63.5	6.2027	0.5201	5.1546	4
63.55	6.1971	0.2564	5.16	4
63.6	6.1908	0.7199	5.1696	4
63.65	6.1848	0.6831	5.1844	4
63.7	6.1792	0.2345	5.2071	4
63.75	6.1729	0.6941	5.2036	4
63.8	6.1669	0.4723	5.183	4
63.85	6.1609	0.325	5.1769	4
63.9	6.1552	0.3289	5.1913	4
63.95	6.1489	0.8535	5.2121	4
64	6.1434	0.3002	5.199	4
64.05	6.1373	0.514	5.1935	4
64.1	6.1311	0.5526	5.1924	4
64.15	6.1251	0.5845	5.2058	4
64.2	6.1194	0.2585	5.2244	4
64.25	6.113	0.8661	5.2031	4
64.3	6.1073	0.2894	5.1937	4
64.35	6.1012	0.5012	5.1903	4
64.4	6.0952	0.5109	5.1819	4
64.45	6.0893	0.6687	5.1963	4
64.5	6.0836	0.3021	5.1869	4
64.55	6.0774	0.7127	5.1743	4
64.6	6.0712	0.5837	5.1907	4
64.65	6.0655	0.2502	5.1955	4
64.7	6.0591	0.7152	5.1926	4
64.75	6.0531	0.565	5.1771	4
64.8	6.0474	0.3873	5.1834	4
64.85	6.0415	0.472	5.1973	4
64.9	6.0351	0.7227	5.2053	4
64.95	6.0293	0.4131	5.2033	4
65	6.0236	0.1165	5.1951	4
65.05	6.017	0.8292	5.1962	4
65.1	6.0115	0.1088	5.1884	4
65.15	6.0053	0.6667	5.1713	4
65.2	5.9995	0.6116	5.1872	4
65.25	5.9938	0.3007	5.1919	4
65.3	5.9873	0.7026	5.1947	4
65.35	5.9812	0.4862	5.1897	4
65.4	5.9755	0.3394	5.1863	4
65.45	5.9696	0.4452	5.1753	4
65.5	5.9636	0.5613	5.1692	4
65.55	5.9576	0.4423	5.2003	4
65.6	5.9514	0.673	5.1979	4
65.65	5.9456	0.2387	5.1982	4
65.7	5.9394	0.7229	5.1989	4
65.75	5.9338	0.2921	5.185	4
65.8	5.9279	0.6555	5.1906	4
65.85	5.922	0.2689	5.2051	4
65.9	5.9159	0.542	5.2078	4
65.95	5.9101	0.4559	5.2006	4
66	5.9042	0.5241	5.1958	4
66.05	5.8983	0.0566	5.1888	4
66.1	5.8915	0.8681	5.1944	4
66.15	5.8862	-0.0453	5.1786	4
66.2	5.8796	1.1383	5.1745	4
66.25	5.8745	0.0817	5.1748	4
66.3	5.8686	0.314	5.1855	4
66.35	5.8624	0.6116	5.2006	4
66.4	5.8567	0.1593	5.1738	4
66.45	5.8509	0.558	5.1776	4
66.5	5.8453	0.1426	5.1873	4
66.55	5.8394	0.3874	5.1667	4
66.6	5.833	0.6914	5.1533	4
66.65	5.8276	0.0063	5.1662	4
66.7	5.8216	0.2533	5.168	4
66.75	5.8158	0.3958	5.1863	4
66.8	5.8101	0.3669	5.2054	4
66.85	5.8044	0.3319	5.1943	4
66.9	5.7986	0.4563	5.1854	4
66.95	5.7931	0.1107	5.1839	4
67	5.7873	0.1446	5.1814	4
67.05	5.7816	0.174	5.1911	4
67.1	5.7754	0.5653	5.1956	4
67.15	5.7702	-0.068	5.1927	4
67.2	5.7641	0.2863	5.1989	4
67.25	5.7584	0.3022	5.2052	4
67.3	5.7532	-0.1396	5.1986	4
67.35	5.7468	0.4399	5.1971	4
67.4	5.7409	0.309	5.1902	4
67.45	5.7353	0.0078	5.1986	4
67.5	5.7293	0.4333	5.209	4
67.55	5.7237	-0.0121	5.2048	4
67.6	5.718	0.1132	5.204	4
67.65	5.7121	0.3911	5.2014	4
67.7	5.7061	0.2479	5.1963	4
67.75	5.7008	-0.0634	5.1938	4
67.8	5.695	0.345	5.1917	4
67.85	5.6891	0.2351	5.1859	4
67.9	5.6841	-0.4007	5.1875	4
67.95	5.6778	0.6101	5.1889	4
68	5.6715	0.7305	5.1877	4
68.05	5.6667	-0.5938	5.1864	4
68.1	5.6606	0.4498	5.1826	4
68.15	5.6542	0.7845	5.1782	4
68.2	5.65	-0.6193	5.1881	4
68.25	5.644	0.3265	5.1926	4
68.3	5.6371	1.1847	5.1787	4
68.35	5.6322	-0.4341	5.1882	4
68.4	5.627	-0.2104	5.2016	4
68.45	5.6197	1.4478	5.2002	4
68.5	5.614	0.269	5.1876	4
68.55	5.6094	-0.814	5.1813	4
68.6	5.6022	1.4766	5.1858	4
68.65	5.5962	0.7178	5.1842	4
68.7	5.5916	-0.8058	5.1886	4
68.75	5.5849	0.8618	5.1993	4
68.8	5.5782	1.2145	5.1926	4
68.85	5.5733	-0.385	5.1976	4
68.9	5.5678	-0.0509	5.2067	4
68.95	5.5606	1.3537	5.2042	4
69	5.5552	0.1094	5.2041	4
69.05	5.5502	-0.2226	5.2045	4
69.1	5.5437	1.015	5.1935	4
69.15	5.5372	0.8669	5.1895	4
69.2	5.5325	-0.6184	5.1717	4
69.25	5.5257	0.9032	5.1704	4
69.3	5.5196	0.5378	5.1805	4
69.35	5.5142	0.1405	5.1765	4
69.4	5.5087	-0.0588	5.1884	4
69.45	5.5019	0.9355	5.2042	4
69.5	5.4962	0.2379	5.1981	4
69.55	5.4904	0.1884	5.1777	4
69.6	5.4844	0.508	5.1805	4
69.65	5.4785	0.5262	5.2072	4
69.7	5.4732	-0.0404	5.2142	4
69.75	5.4673	0.5338	5.2192	4
69.8	5.4615	0.608	5.2268	4
69.85	5.456	0.1641	5.2214	4
69.9	5.4501	0.4455	5.2417	4
69.95	5.4442	0.7051	5.2269	4
70	5.4381	0.4733	5.2308	4
70.05	5.4321	0.3832	5.2401	4
70.1	5.4268	0.0415	5.2311	4
70.15	5.4205	0.7835	5.2054	4
70.2	5.4148	0.2267	5.1902	4
70.25	5.409	0.3907	5.201	4
70.3	5.4027	0.5464	5.2267	4
70.35	5.3966	0.5401	5.2149	4
70.4	5.391	0.2038	5.2088	4
70.45	5.3851	0.2634	5.2159	4
70.5	5.3786	0.9417	5.2245	4
70.55	5.373	0.2073	5.2187	4
70.6	5.3675	0.215	5.2048	4
70.65	5.3608	0.968	5.1975	4
70.7	5.3553	0.2968	5.2044	4
70.75	5.3499	0.2421	5.1978	4
70.8	5.3433	0.9837	5.2081	4
70.85	5.3379	0.2201	5.1995	4
70.9	5.3322	0.1479	5.1886	4
70.95	5.3254	0.9428	5.1944	4
71	5.3196	0.4055	5.1947	4
71.05	5.314	0.2548	5.2007	4
71.1	5.3077	0.8447	5.1938	4
71.15	5.302	0.4691	5.1873	4
71.2	5.2964	0.3292	5.1862	4
71.25	5.2903	0.7093	5.1834	4
71.3	5.2841	0.5967	5.2067	4
71.35	5.2783	0.421	5.2095	4
71.4	5.2722	0.4548	5.1857	4
71.45	5.2659	0.7923	5.1942	4
71.5	5.2608	0.0733	5.201	4
71.55	5.2545	0.7165	5.1963	4
71.6	5.2478	0.8318	5.2012	4
71.65	5.242	0.3069	5.196	4
71.7	5.236	0.5835	5.1992	4
71.75	5.2302	0.5308	5.203	4
71.8	5.2242	0.5739	5.2087	4
71.85	5.2183	0.5233	5.2087	4
71.9	5.2122	0.395	5.2164	4
71.95	5.2062	0.8461	5.2242	4
72	5.2006	0.2538	5.213	4
72.05	5.1946	0.7051	5.216	4
72.1	5.1887	0.5481	5.2257	4
72.15	5.1828	0.6224	5.226	4
72.2	5.1766	0.6775	5.224	4
72.25	5.1707	0.3301	5.2074	4
72.3	5.1645	0.6012	5.1927	4
72.35	5.1582	0.7936	5.1884	4
72.4	5.152	0.5818	5.1684	4
72.45	5.1463	0.3332	5.175	4
72.5	5.1401	0.9023	5.1822	4
72.55	5.1349	0.1586	5.1856	4
72.6	5.1288	0.4192	5.1965	4
72.65	5.1225	0.8022	5.2161	4
72.7	5.1169	0.1472	5.2268	4
72.75	5.1107	0.5644	5.1991	4
72.8	5.1047	0.5836	5.199	4
72.85	5.0989	0.2664	5.2013	4
72.9	5.0928	0.6248	5.1925	4
72.95	5.0873	0.1958	5.2085	4
73	5.0809	0.896	5.2133	4
73.05	5.0758	-0.2413	5.204	4
73.1	5.0697	0.5078	5.203	4
73.15	5.064	0.528	5.1925	4
73.2	5.0582	0.3943	5.195	4
73.25	5.0521	0.4988	5.1893	4
73.3	5.0464	0.1271	5.1817	4
73.35	5.0404	0.5037	5.1865	4
73.4	5.0345	0.4776	5.1831	4
73.45	5.0289	0.0886	5.1928	4
73.5	5.0227	0.5109	5.1911	4
73.55	5.0166	0.42	5.1795	4
73.6	5.0104	0.5534	5.1848	4
73.65	5.0048	0.0452	5.1858	4
73.7	4.9987	0.7445	5.1817	4
73.75	4.9933	0.117	5.1896	4
73.8	4.9872	0.4994	5.1984	4
73.85	4.9812	0.4836	5.2058	4
73.9	4.9755	0.2255	5.1962	4
73.95	4.9696	0.3234	5.1854	4
74	4.9633	0.8441	5.2044	4
74.05	4.9577	0.0962	5.2133	4
74.1	4.9519	0.2552	5.2156	4
74.15	4.9461	0.3981	5.212	4
74.2	4.9403	0.4396	5.2058	4
74.25	4.9348	0.0522	5.2148	4
74.3	4.9283	0.8707	5.2205	4
74.35	4.9225	0.4335	5.2013	4
74.4	4.9169	0.2612	5.2023	4
74.45	4.9106	0.389	5.2161	4
74.5	4.9043	0.6725	5.219	4
74.55	4.8991	-0.0145	5.2045	4
74.6	4.8927	0.7551	5.2049	4
74.65	4.887	0.2552	5.1923	4
74.7	4.8813	0.5379	5.1872	4
74.75	4.8755	0.2447	5.2092	4
74.8	4.8691	0.6429	5.2104	4
74.85	4.8633	0.2888	5.2067	4
74.9	4.8575	0.3401	5.2148	4
74.95	4.8517	0.3884	5.2205	4
75	4.8457	0.4021	5.2124	4
75.05	4.8402	0.0879	5.2072	4
75.1	4.8345	0.3757	5.2093	4
75.15	4.8283	0.5347	5.2228	4
75.2	4.8224	0.1161	5.2285	4
75.25	4.8166	0.2726	5.2055	4
75.3	4.8105	0.5252	5.1883	4
75.35	4.8049	0.0804	5.1942	4
75.4	4.7991	0.2692	5.2041	4
75.45	4.7933	0.3314	5.1856	4
75.5	4.7874	0.2713	5.177	4
75.55	4.7815	0.4966	5.181	4
75.6	4.7754	0.4693	5.1825	4
75.65	4.7697	0.3902	5.1881	4
75.7	4.7643	0.2103	5.1904	4
75.75	4.7581	0.5608	5.1919	4
75.8	4.7527	-0.1663	5.1921	4
75.85	4.7467	0.2445	5.1923	4
75.9	4.7405	0.5427	5.2121	4
75.95	4.7353	-0.072	5.2154	4
76	4.7293	0.401	5.2139	4
76.05	4.7233	0.5012	5.2043	4
76.1	4.7176	0.1917	5.1872	4
76.15	4.7117	0.152	5.1794	4
76.2	4.7061	0.2171	5.1863	4
76.25	4.6999	0.4718	5.1945	4
76.3	4.6945	0.0705	5.1814	4
76.35	4.6891	0.0133	5.1814	4
76.4	4.6828	0.7936	5.204	4
76.45	4.6773	0.0988	5.2022	4
76.5	4.6719	-0.1482	5.193	4
76.55	4.6656	0.6176	5.1983	4
76.6	4.6594	0.5408	5.1864	4
76.65	4.6543	-0.3959	5.1792	4
76.7	4.6482	0.6042	5.1796	4
76.75	4.6422	0.5491	5.16	4
76.8	4.6372	-0.3195	5.16	4
76.85	4.6312	0.5156	5.1686	4
76.9	4.6251	0.4429	5.1657	4
76.95	4.6191	0.2428	5.1621	4
77	4.6137	0.1279	5.1536	4
77.05	4.6079	0.3335	5.157	4
77.1	4.602	0.425	5.1599	4
77.15	4.5965	-0.0174	5.1825	4
77.2	4.5908	0.5869	5.1985	4
77.25	4.5852	0.2398	5.1811	4
77.3	4.5798	-0.1836	5.1683	4
77.35	4.5734	0.607	5.1758	4
77.4	4.5678	0.0317	5.1869	4
77.45	4.5618	0.461	5.186	4
77.5	4.556	0.0441	5.1805	4
77.55	4.5501	0.2901	5.1877	4
77.6	4.545	-0.0829	5.1799	4
77.65	4.5393	0.1403	5.1851	4
77.7	4.5332	0.4852	5.1803	4
77.75	4.5275	0.2675	5.1778	4
77.8	4.5217	0.274	5.1793	4
77.85	4.5162	0.1892	5.2024	4
77.9	4.5106	-0.0545	5.2038	4
77.95	4.5044	0.8068	5.2048	4
78	4.4992	-0.2363	5.1914	4
78.05	4.4932	0.2312	5.1923	4
78.1	4.4872	0.2853	5.1918	4
78.15	4.4811	0.3348	5.1808	4
78.2	4.4758	-0.0158	5.1893	4
78.25	4.4698	0.4836	5.1996	4
78.3	4.4641	0.2858	5.198	4
78.35	4.4586	0.133	5.1897	4
78.4	4.4522	0.4807	5.1837	4
78.45	4.4461	0.4326	5.1931	4
78.5	4.4409	-0.0187	5.1796	4
78.55	4.4349	0.5491	5.177	4
78.6	4.4289	0.5259	5.1818	4
78.65	4.4235	0.0304	5.1712	4
78.7	4.4176	0.3924	5.1752	4
78.75	4.4112	0.6813	5.1844	4
78.8	4.4056	-0.0523	5.1851	4
78.85	4.4	0.2618	5.1876	4
78.9	4.3939	0.7534	5.1797	4
78.95	4.3885	0.392	5.1843	4
79	4.3831	-0.0737	5.1881	4
79.05	4.3766	0.6621	5.1819	4
79.1	4.3707	0.3664	5.1652	4
79.15	4.3652	0.2321	5.1522	4
79.2	4.3593	0.3716	5.1713	4
79.25	4.3534	0.3291	5.1794	4
79.3	4.3476	0.2064	5.1563	4
79.35	4.3422	-0.0616	5.154	4
79.4	4.3361	0.5983	5.1631	4
79.45	4.3305	0.3793	5.1714	4
79.5	4.3249	0.0445	5.1866	4
79.55	4.3189	0.5481	5.1859	4
79.6	4.3131	0.3015	5.1882	4
79.65	4.308	-0.2313	5.188	4
79.7	4.3016	0.6686	5.1907	4
79.75	4.296	0.0074	5.198	4
79.8	4.2905	0.0421	5.2072	4
79.85	4.2845	0.2741	5.2117	4
79.9	4.2789	-0.051	5.1915	4
79.95	4.2731	0.1476	5.2006	4
80	4.2673	-0.0593	5.2247	4
80.05	4.2616	0.1735	5.2076	4
80.1	4.2561	0.0879	5.1875	4
80.15	4.2502	0.3762	5.1841	4
80.2	4.2455	-0.6133	5.1879	4
80.25	4.2394	0.5518	5.1879	4
80.3	4.2337	0.0564	5.1907	4
80.35	4.2283	-0.1748	5.1967	4
80.4	4.2221	0.3842	5.1893	4
80.45	4.2166	-0.0992	5.1907	4
80.5	4.2107	0.2269	5.198	4
80.55	4.2052	-0.2832	5.185	4
80.6	4.1991	0.5685	5.1753	4
80.65	4.1939	-0.2344	5.1648	4
80.7	4.1884	-0.1982	5.1735	4
80.75	4.1822	0.4255	5.1852	4
80.8	4.1764	0.1596	5.1766	4
80.85	4.171	-0.2176	5.1775	4
80.9	4.1648	0.6584	5.1958	4
80.95	4.1591	0.2556	5.2022	4
81	4.1539	-0.2545	5.1883	4
81.05	4.1481	0.1616	5.1903	4
81.1	4.1415	0.8501	5.1945	4
81.15	4.1367	-0.4591	5.1836	4
81.2	4.1305	0.5601	5.1896	4
81.25	4.1242	0.5805	5.2012	4
81.3	4.1188	0.073	5.1927	4
81.35	4.1133	-0.0559	5.1814	4
81.4	4.1071	0.727	5.1968	4
81.45	4.1013	0.1966	5.2011	4
81.5	4.0958	-0.1236	5.1992	4
81.55	4.0892	1.0012	5.1964	4
81.6	4.084	-0.0863	5.1974	4
81.65	4.0784	-0.0745	5.2025	4
81.7	4.0721	0.6298	5.2071	4
81.75	4.0664	0.4441	5.2278	4
81.8	4.0613	-0.1143	5.2182	4
81.85	4.0551	0.5071	5.183	4
81.9	4.0496	-0.0512	5.1931	4
81.95	4.0438	0.1456	5.1997	4
82	4.038	0.355	5.1907	4
82.05	4.0323	0.2734	5.1822	4
82.1	4.0266	-0.0542	5.1949	4
82.15	4.0207	0.3283	5.1987	4
82.2	4.0153	0.1291	5.1933	4
82.25	4.0099	-0.1193	5.1906	4
82.3	4.0036	0.5891	5.2006	4
82.35	3.9986	-0.3368	5.2	4
82.4	3.9929	-0.0824	5.1891	4
82.45	3.9873	-0.1787	5.1801	4
82.5	3.9813	0.3674	5.1862	4
82.55	3.9763	-0.3718	5.1834	4
82.6	3.9704	-0.1131	5.1853	4
82.65	3.9649	-0.3517	5.1831	4
82.7	3.959	0.2213	5.1749	4
82.75	3.9539	-0.3537	5.1791	4
82.8	3.9483	-0.1828	5.173	4
82.85	3.9431	-0.2626	5.1686	4
82.9	3.9374	0.0307	5.1937	4
82.95	3.9327	-0.779	5.1977	4
83	3.927	0.0827	5.204	4
83.05	3.921	0.2053	5.2074	4
83.1	3.9157	-0.4059	5.1951	4
83.15	3.9107	-0.7503	5.2026	4
83.2	3.9047	0.2372	5.1982	4
83.25	3.8996	-0.3487	5.1826	4
83.3	3.8942	-0.5142	5.1845	4
83.35	3.8881	0.0667	5.1766	4
83.4	3.8829	-0.4589	5.1818	4
83.45	3.878	-0.7992	5.1865	4
83.5	3.8719	0.112	5.1866	4
83.55	3.8664	-0.0144	5.1983	4
83.6	3.8621	-1.1922	5.181	4
83.65	3.8563	-0.3333	5.1669	4
83.7	3.8506	0.1487	5.1744	4
83.75	3.8459	-0.8608	5.1642	4
83.8	3.8408	-0.7105	5.174	4
83.85	3.8344	0.3185	5.1945	4
83.9	3.8299	-0.8864	5.1913	4
83.95	3.825	-0.8759	5.191	4
84	3.8188	0.2095	5.1994	4
84.05	3.8135	-0.3197	5.1864	4
84.1	3.8088	-0.9659	5.1748	4
84.15	3.8029	0.0025	5.1805	4
84.2	3.7974	-0.3009	5.1825	4
84.25	3.7928	-0.9048	5.1879	4
84.3	3.7872	-0.2634	5.2064	4
84.35	3.781	0.3001	5.2135	4
84.4	3.7765	-0.8185	5.2108	4
84.45	3.7717	-0.6515	5.2073	4
84.5	3.7659	0.192	5.1911	4
84.55	3.7602	0.0606	5.2169	4
84.6	3.7557	-0.9674	5.2157	4
84.65	3.7502	-0.1468	5.202	4
84.7	3.7447	0.1922	5.2094	4
84.75	3.7401	-0.6054	5.1969	4
84.8	3.7348	-0.1792	5.202	4
84.85	3.7291	0.0899	5.2012	4
84.9	3.724	-0.7114	5.1886	4
84.95	3.7185	-0.2264	5.1894	4
85	3.7135	-0.4349	5.1888	4
85.05	3.7078	0.0759	5.1842	4
85.1	3.7024	-0.3713	5.1805	4
85.15	3.6975	-0.7422	5.1867	4
85.2	3.6916	0.0958	5.1993	4
85.25	3.6863	-0.448	5.1888	4
85.3	3.681	-0.3712	5.1876	4
85.35	3.6755	-0.0691	5.1745	4
85.4	3.6703	-0.4957	5.1657	4
85.45	3.6647	-0.1066	5.1806	4
85.5	3.6596	-0.4357	5.1862	4
85.55	3.6543	-0.2411	5.1933	4
85.6	3.649	-0.3235	5.1961	4
85.65	3.6434	-0.0057	5.1877	4
85.7	3.6381	-0.1666	5.1925	4
85.75	3.6329	-0.4741	5.1902	4
85.8	3.6276	-0.3119	5.1857	4
85.85	3.6216	0.2194	5.2058	4
85.9	3.6165	-0.3807	5.1997	4
85.95	3.6111	-0.3233	5.1947	4
86	3.6059	-0.462	5.2085	4
86.05	3.5997	0.509	5.2137	4
86.1	3.5947	-0.5539	5.2114	4
86.15	3.5895	-0.6599	5.2041	4
86.2	3.5832	0.4642	5.208	4
86.25	3.5783	-0.5958	5.2045	4
86.3	3.5729	-0.1958	5.2137	4
86.35	3.5674	-0.1372	5.2055	4
86.4	3.5622	-0.3678	5.1973	4
86.45	3.5565	0.1731	5.1952	4
86.5	3.5513	-0.407	5.1886	4
86.55	3.5458	-0.2549	5.1937	4
86.6	3.5403	-0.0642	5.2036	4
86.65	3.5352	-0.3914	5.1935	4
86.7	3.5293	0.0474	5.1827	4
86.75	3.5238	-0.3929	5.1841	4
86.8	3.5182	-0.0217	5.1986	4
86.85	3.5124	0.224	5.2141	4
86.9	3.5081	-0.9382	5.2044	4
86.95	3.5022	0.0007	5.1951	4
87	3.4957	0.3309	5.1999	4
87.05	3.4908	-0.727	5.1873	4
87.1	3.4855	-0.3811	5.1901	4
87.15	3.4796	0.2074	5.1999	4
87.2	3.4744	-0.3045	5.2098	4
87.25	3.4696	-0.5773	5.2156	4
87.3	3.4638	0.1212	5.2086	4
87.35	3.458	0.0954	5.2104	4
87.4	3.4535	-0.9841	5.2107	4
87.45	3.4477	-0.0123	5.205	4
87.5	3.4422	-0.0297	5.2099	4
87.55	3.4371	-0.5288	5.2076	4
87.6	3.4315	-0.0877	5.2093	4
87.65	3.4263	-0.2607	5.2018	4
87.7	3.4209	-0.213	5.1987	4
87.75	3.4158	-0.7857	5.2077	4
87.8	3.4102	-0.0173	5.21	4
87.85	3.4049	-0.3155	5.2127	4
87.9	3.3995	-0.4058	5.2045	4
87.95	3.394	-0.2521	5.1826	4
88	3.389	-0.5872	5.1868	4
88.05	3.3836	-0.1949	5.1906	4
88.1	3.3782	-0.302	5.2109	4
88.15	3.3731	-0.5063	5.1984	4
88.2	3.3679	-0.4812	5.1768	4
88.25	3.3626	-0.4089	5.1934	4
88.3	3.3571	-0.2598	5.1984	4
88.35	3.3517	-0.4705	5.197	4
88.4	3.3466	-0.3435	5.2057	4
88.45	3.3413	-0.2129	5.1993	4
88.5	3.3359	-0.3461	5.2003	4
88.55	3.3307	-0.6459	5.1881	4
88.6	3.3252	-0.4266	5.1925	4
88.65	3.3196	-0.2866	5.1916	4
88.7	3.3142	-0.5711	5.1829	4
88.75	3.3087	-0.4724	5.1941	4
88.8	3.3034	-0.3457	5.1938	4
88.85	3.2979	-0.3077	5.1867	4
88.9	3.2927	-0.6451	5.196	4
88.95	3.2878	-0.7998	5.2011	4
89	3.2823	-0.3225	5.2201	4
89.05	3.277	-0.4391	5.2316	4
89.1	3.272	-0.7366	5.2014	4
89.15	3.267	-0.6181	5.2004	4
89.2	3.2618	-0.6728	5.2136	4
89.25	3.257	-0.944	5.2151	4
89.3	3.2514	-0.4667	5.206	4
89.35	3.2462	-0.6023	5.1954	4
89.4	3.2413	-0.7093	5.1885	4
89.45	3.2367	-1.0336	5.1876	4
89.5	3.231	-0.2937	5.2074	4
89.55	3.2266	-1.1093	5.1998	4
89.6	3.2216	-0.7349	5.2008	4
89.65	3.2162	-0.5206	5.1957	4
89.7	3.2117	-1.0573	5.1688	4
89.75	3.207	-1.0984	5.1684	4
89.8	3.2013	-0.4151	5.1709	4
89.85	3.1964	-0.9854	5.1698	4
89.9	3.1918	-1.0353	5.1773	4
89.95	3.187	-0.9857	5.1778	4
90	3.1816	-0.6259	5.1788	4
90.05	3.1772	-1.3081	5.1826	4
90.1	3.1723	-0.9619	5.1729	4
90.15	3.1674	-0.9503	5.1754	4
90.2	3.1624	-0.8809	5.1805	4
90.25	3.1576	-1.2169	5.1883	4
90.3	3.1526	-0.9258	5.1959	4
90.35	3.1479	-1.1601	5.1789	4
90.4	3.1426	-0.7083	5.176	4
90.45	3.138	-1.2656	5.1664	4
90.5	3.1334	-1.1328	5.1611	4
90.55	3.1282	-0.9987	5.1655	4
90.6	3.1234	-1.0992	5.1561	4
90.65	3.1184	-1.0188	5.1521	4
90.7	3.114	-1.2756	5.1457	4
90.75	3.1086	-0.7705	5.1476	4
90.8	3.1039	-1.415	5.1588	4
90.85	3.0994	-1.4507	5.1549	4
90.9	3.0944	-1.0142	5.1573	4
90.95	3.09	-1.4548	5.1671	4
91	3.0849	-1.0455	5.1698	4
91.05	3.0803	-1.1498	5.1785	4
91.1	3.0753	-0.9754	5.1762	4
91.15	3.0711	-1.4603	5.1604	4
91.2	3.0659	-0.763	5.1745	4
91.25	3.0609	-1.0128	5.1738	4
91.3	3.0567	-1.5703	5.1744	4
91.35	3.0516	-0.8803	5.1904	4
91.4	3.0468	-0.7697	5.1937	4
91.45	3.0427	-1.6795	5.1878	4
91.5	3.0376	-0.8861	5.1859	4
91.55	3.0325	-0.923	5.1839	4
91.6	3.0279	-1.1649	5.1793	4
91.65	3.0232	-1.2438	5.1642	4
91.7	3.018	-0.7449	5.1603	4
91.75	3.0133	-1.0973	5.1581	4
91.8	3.0086	-1.2553	5.1636	4
91.85	3.0033	-0.7275	5.1642	4
91.9	2.9986	-1.0619	5.1476	4
91.95	2.9937	-1.0465	5.1682	4
92	2.9887	-0.6433	5.1734	4
92.05	2.9842	-1.1551	5.1614	4
92.1	2.9793	-0.9081	5.1619	4
92.15	2.9739	-0.5487	5.1482	4
92.2	2.9692	-0.7614	5.1522	4
92.25	2.9645	-0.7161	5.154	4
92.3	2.9598	-1.0038	5.1444	4
92.35	2.9545	-0.6229	5.1425	4
92.4	2.9499	-0.913	5.1471	4
92.45	2.945	-0.8436	5.149	4
92.5	2.9396	-0.5067	5.1422	4
92.55	2.9347	-0.7967	5.1413	4
92.6	2.9298	-0.7632	5.1687	4
92.65	2.9247	-0.3272	5.1715	4
92.7	2.9206	-1.4867	5.1498	4
92.75	2.9148	-0.1733	5.1476	4
92.8	2.9098	-0.6924	5.1598	4
92.85	2.9047	-0.6794	5.1614	4
92.9	2.8998	-0.7986	5.1646	4
92.95	2.8946	-0.4368	5.1704	4
93	2.8897	-0.9416	5.164	4
93.05	2.8846	-0.8146	5.1472	4
93.1	2.8794	-0.7941	5.1461	4
93.15	2.8743	-0.53	5.1453	4
93.2	2.8702	-1.3689	5.1357	4
93.25	2.8647	-0.222	5.1386	4
93.3	2.8599	-0.8133	5.1514	4
93.35	2.8554	-1.1117	5.1645	4
93.4	2.8498	-0.2566	5.1743	4
93.45	2.8451	-0.7546	5.1834	4
93.5	2.8403	-0.7596	5.184	4
93.55	2.8354	-0.7529	5.1887	4
93.6	2.8302	-0.4917	5.1795	4
93.65	2.8254	-0.9982	5.1532	4
93.7	2.8199	-0.1028	5.1613	4
93.75	2.815	-0.9035	5.1797	4
93.8	2.81	-0.7814	5.1659	4
93.85	2.8045	-0.4166	5.1636	4
93.9	2.7994	-0.3575	5.1647	4
93.95	2.7946	-0.88	5.1809	4
94	2.7888	-0.0905	5.1806	4
94.05	2.7836	-0.5031	5.1599	4
94.1	2.7792	-0.8445	5.155	4
94.15	2.7736	-0.0671	5.1686	4
94.2	2.7684	-0.4622	5.1744	4
94.25	2.7639	-1.005	5.1999	4
94.3	2.7585	-0.6075	5.2017	4
94.35	2.7525	0.1625	5.1756	4
94.4	2.7485	-1.2272	5.176	4
94.45	2.743	-0.27	5.1794	4
94.5	2.7378	-0.6833	5.1542	4
94.55	2.7324	-0.1779	5.1374	4
94.6	2.7282	-1.1721	5.1457	4
94.65	2.7222	0.0183	5.1529	4
94.7	2.7179	-1.1262	5.1462	4
94.75	2.7127	-0.5226	5.1622	4
94.8	2.7066	0.1077	5.1655	4
94.85	2.7015	-0.4427	5.1537	4
94.9	2.6965	-0.6049	5.1492	4
94.95	2.691	0.1678	5.1656	4
95	2.686	-0.457	5.1686	4
95.05	2.6806	-0.1944	5.177	4
95.1	2.6756	-0.4051	5.1813	4
95.15	2.6699	0.081	5.178	4
95.2	2.6648	-0.3436	5.1785	4
95.25	2.6594	-0.2776	5.1703	4
95.3	2.6536	0.1459	5.1684	4
95.35	2.6483	-0.321	5.1797	4
95.4	2.6425	-0.0221	5.1813	4
95.45	2.637	-0.1166	5.1747	4
95.5	2.6325	-0.8371	5.1874	4
95.55	2.6263	0.3806	5.2039	4
95.6	2.6219	-0.8717	5.1871	4
95.65	2.6164	-0.144	5.1749	4
95.7	2.611	-0.0947	5.1813	4
95.75	2.6059	-0.3656	5.1828	4
95.8	2.6004	-0.4082	5.1779	4
95.85	2.5951	-0.2969	5.1875	4
95.9	2.5896	0.0736	5.1873	4
95.95	2.5846	-0.4758	5.173	4
96	2.5793	-0.3988	5.1735	4
96.05	2.5735	-0.1346	5.1758	4
96.1	2.5685	-0.5362	5.1686	4
96.15	2.5634	-0.466	5.1647	4
96.2	2.5577	0.0019	5.1687	4
96.25	2.553	-0.5254	5.1598	4
96.3	2.5475	-0.2716	5.1609	4
96.35	2.5423	-0.5495	5.1627	4
96.4	2.5367	-0.2372	5.1671	4
96.45	2.5315	-0.3432	5.1739	4
96.5	2.5261	-0.3373	5.1727	4
96.55	2.5211	-0.5214	5.1618	4
96.6	2.5155	-0.1824	5.1757	4
96.65	2.5107	-0.4402	5.1783	4
96.7	2.5056	-0.2959	5.1706	4
96.75	2.5006	-0.4389	5.1751	4
96.8	2.4951	-0.5757	5.1879	4
96.85	2.4896	-0.1159	5.175	4
96.9	2.4845	-0.5674	5.1609	4
96.95	2.4792	-0.4292	5.1637	4
97	2.4738	-0.2151	5.1686	4
97.05	2.4685	-0.5736	5.158	4
97.1	2.4625	-0.155	5.1491	4
97.15	2.4579	-0.5758	5.1493	4
97.2	2.4524	-0.0669	5.1443	4
97.25	2.4473	-0.4863	5.1357	4
97.3	2.4424	-0.6818	5.1513	4
97.35	2.4367	0.1287	5.1522	4
97.4	2.4318	-0.72	5.1468	4
97.45	2.4268	-0.4273	5.1468	4
97.5	2.4207	0.2143	5.142	4
97.55	2.4152	-0.4906	5.1382	4
97.6	2.4099	-0.3876	5.1524	4
97.65	2.4046	-0.4585	5.1659	4
97.7	2.3992	-0.2638	5.1595	4
97.75	2.3941	-0.3177	5.1613	4
97.8	2.3887	-0.3002	5.153	4
97.85	2.3832	-0.1769	5.1353	4
97.9	2.378	-0.4431	5.1277	4
97.95	2.3726	-0.3595	5.1304	4
98	2.3671	-0.0373	5.1392	4
98.05	2.362	-0.5141	5.1573	4
98.1	2.3572	-0.4672	5.1634	4
98.15	2.3517	0.0243	5.1593	4
98.2	2.3463	-0.3316	5.1491	4
98.25	2.3412	-0.6464	5.1363	4
98.3	2.3356	0.1229	5.1517	4
98.35	2.3296	0.2868	5.1622	4
98.4	2.3255	-1.1555	5.153	4
98.45	2.3196	0.0365	5.1598	4
98.5	2.3146	-0.247	5.1591	4
98.55	2.3091	-0.3866	5.1552	4
98.6	2.3038	-0.5479	5.1665	4
98.65	2.2976	0.3719	5.1545	4
98.7	2.2931	-0.8561	5.1559	4
98.75	2.2874	-0.0824	5.1613	4
98.8	2.2819	-0.2182	5.1625	4
98.85	2.2764	-0.1668	5.1577	4
98.9	2.2713	-0.3156	5.1531	4
98.95	2.2662	-0.6099	5.1514	4
99	2.2609	-0.1811	5.1426	4
99.05	2.2556	-0.3015	5.1358	4
99.1	2.2502	-0.4258	5.1577	4
99.15	2.2448	-0.3156	5.1408	4
99.2	2.2401	-0.5976	5.1314	4
99.25	2.2343	0.0979	5.1503	4
99.3	2.2295	-0.6356	5.1567	4
99.35	2.2247	-0.8059	5.1576	4
99.4	2.2187	0.1912	5.159	4
99.45	2.2139	-0.651	5.1483	4
99.5	2.2088	-0.5322	5.1462	4
99.55	2.2037	-0.3321	5.1509	4
99.6	2.1983	-0.2991	5.1592	4
99.65	2.1934	-0.8107	5.1527	4
99.7	2.1876	-0.2632	5.1442	4
99.75	2.1823	-0.5391	5.1537	4
99.8	2.1771	-0.489	5.1519	4
99.85	2.1724	-0.9788	5.1495	4
99.9	2.1667	0.023	5.1517	4
99.95	2.1622	-1.1146	5.1602	4
100	2.1567	-0.4032	5.1628	4
100.05	2.1519	-0.8842	5.1519	4
100.1	2.1464	-0.467	5.1522	4
100.15	2.1413	-0.6056	5.1795	4
100.2	2.1367	-1.1883	5.1936	4
100.25	2.131	-0.2236	5.1743	4
100.3	2.126	-0.6	5.158	4
100.35	2.1217	-1.2793	5.1763	4
100.4	2.1162	-0.2947	5.166	4
100.45	2.1108	-0.626	5.1539	4
100.5	2.1062	-1.0379	5.1613	4
100.55	2.1011	-0.5146	5.1671	4
100.6	2.0957	-0.2628	5.159	4
100.65	2.0908	-0.7964	5.155	4
100.7	2.086	-0.8937	5.1524	4
100.75	2.08	-0.0824	5.1453	4
100.8	2.0753	-0.8295	5.1303	4
100.85	2.0706	-0.9446	5.1389	4
100.9	2.0648	-0.2312	5.1452	4
100.95	2.0594	-0.3111	5.1427	4
101	2.0548	-1.2184	5.1485	4
101.05	2.0491	0.0292	5.1689	4
101.1	2.0442	-0.5082	5.1702	4
101.15	2.0392	-0.7326	5.1733	4
101.2	2.034	-0.5565	5.1643	4
101.25	2.0285	-0.44	5.1674	4
101.3	2.0232	-0.5633	5.1543	4
101.35	2.0189	-1.0852	5.1435	4
101.4	2.0132	0.0764	5.154	4
101.45	2.0085	-0.8926	5.1571	4
101.5	2.0033	-0.6666	5.184	4
101.55	1.9984	-0.4683	5.1897	4
101.6	1.993	-0.4373	5.1733	4
101.65	1.9876	-0.6037	5.1808	4
101.7	1.983	-1.1039	5.1764	4
101.75	1.9772	-0.0794	5.155	4
101.8	1.9723	-0.7949	5.1413	4
101.85	1.9671	-0.6835	5.1309	4
101.9	1.962	-0.7118	5.1464	4
101.95	1.9564	-0.1689	5.1676	4
102	1.9517	-0.7684	5.1662	4
102.05	1.9465	-0.3785	5.1635	4
102.1	1.9416	-0.6565	5.1666	4
102.15	1.9359	-0.2718	5.1799	4
102.2	1.9307	-0.5138	5.1567	4
102.25	1.9257	-0.587	5.1465	4
102.3	1.9201	-0.1953	5.1545	4
102.35	1.9151	-0.5945	5.1516	4
102.4	1.91	-0.858	5.1572	4
102.45	1.9039	0.1146	5.1555	4
102.5	1.8992	-1.0492	5.1457	4
102.55	1.8942	-0.6443	5.1447	4
102.6	1.889	-0.3838	5.1752	4
102.65	1.8836	-0.161	5.1871	4
102.7	1.8788	-0.8553	5.1756	4
102.75	1.8735	-0.3734	5.1604	4
102.8	1.8683	-0.49	5.174	4
102.85	1.863	-0.3903	5.171	4
102.9	1.8582	-0.8518	5.165	4
102.95	1.8528	-0.1698	5.1637	4
103	1.8475	-0.612	5.1673	4
103.05	1.8427	-0.7277	5.1699	4
103.1	1.8373	-0.3609	5.165	4
103.15	1.8322	-0.5474	5.1935	4
103.2	1.8276	-0.8974	5.1948	4
103.25	1.822	-0.1424	5.1678	4
103.3	1.8168	-0.7033	5.1684	4
103.35	1.8115	-0.4931	5.1675	4
103.4	1.8062	-0.4196	5.171	4
103.45	1.8012	-0.6863	5.1628	4
103.5	1.7961	-0.4735	5.1504	4
103.55	1.791	-0.6704	5.1658	4
103.6	1.7853	-0.2533	5.161	4
103.65	1.7804	-1.0241	5.1582	4
103.7	1.7749	-0.4113	5.1494	4
103.75	1.7696	-0.1268	5.1155	4
103.8	1.765	-0.6945	5.123	4
103.85	1.7604	-0.9787	5.1502	4
103.9	1.7548	-0.4367	5.1556	4
103.95	1.749	-0.3913	5.1572	4
104	1.7439	-0.8183	5.1501	4
104.05	1.7391	-0.9491	5.1608	4
104.1	1.7328	0.4152	5.1627	4
104.15	1.729	-1.4883	5.1661	4
104.2	1.7236	-0.3632	5.173	4
104.25	1.7184	-0.5049	5.1711	4
104.3	1.7134	-0.4968	5.1711	4
104.35	1.7086	-0.7881	5.1639	4
104.4	1.7033	-0.623	5.1609	4
104.45	1.6981	-0.8095	5.1724	4
104.5	1.6927	-0.1577	5.1678	4
104.55	1.6883	-1.0558	5.1687	4
104.6	1.6828	-0.2402	5.1676	4
104.65	1.6781	-0.8627	5.1598	4
104.7	1.6728	-0.633	5.1558	4
104.75	1.6676	-0.7018	5.1693	4
104.8	1.6626	-0.7905	5.1752	4
104.85	1.6571	-0.3333	5.1767	4
104.9	1.6522	-0.55	5.1677	4
104.95	1.6474	-1.0182	5.1514	4
105	1.6419	-0.2458	5.1633	4
105.05	1.637	-0.9451	5.1765	4
105.1	1.6321	-0.6678	5.1809	4
105.15	1.627	-0.4774	5.1657	4
105.2	1.622	-0.7258	5.155	4
105.25	1.6171	-0.6957	5.1469	4
105.3	1.6123	-0.8942	5.1567	4
105.35	1.6064	-0.249	5.1698	4
105.4	1.6017	-0.8882	5.1706	4
105.45	1.5968	-0.8772	5.1949	4
105.5	1.5911	-0.2018	5.1944	4
105.55	1.5868	-1.4014	5.1721	4
105.6	1.5814	-0.4295	5.1837	4
105.65	1.5761	-0.4788	5.1976	4
105.7	1.5719	-1.3121	5.1961	4
105.75	1.5666	-0.3976	5.2041	4
105.8	1.5615	-0.8579	5.1964	4
105.85	1.5564	-0.8234	5.1745	4
105.9	1.552	-1.2916	5.1795	4
105.95	1.5464	-0.5834	5.1805	4
106	1.5412	-0.654	5.1813	4
106.05	1.5368	-1.406	5.1833	4
106.1	1.5316	-0.5017	5.1864	4
106.15	1.5269	-0.8645	5.1723	4
106.2	1.522	-0.9961	5.1665	4
106.25	1.5171	-0.9172	5.158	4
106.3	1.5123	-1.108	5.1508	4
106.35	1.5069	-0.4113	5.1608	4
106.4	1.5025	-1.2712	5.1563	4
106.45	1.4972	-0.579	5.1538	4
106.5	1.4927	-1.2028	5.1659	4
106.55	1.4877	-1.166	5.162	4
106.6	1.4823	-0.4502	5.1702	4
106.65	1.4778	-1.3502	5.1767	4
106.7	1.4728	-0.8995	5.1722	4
106.75	1.4681	-1.1569	5.1654	4
106.8	1.4628	-0.7811	5.1642	4
106.85	1.4581	-1.0077	5.1809	4
106.9	1.4536	-1.2338	5.1844	4
106.95	1.4484	-0.9567	5.1942	4
107	1.4439	-1.2769	5.1766	4
107.05	1.4395	-1.2736	5.1388	4
107.1	1.4343	-0.6512	5.1516	4
107.15	1.43	-1.4477	5.1787	4
107.2	1.4255	-1.3946	5.1662	4
107.25	1.4202	-0.9228	5.1552	4
107.3	1.4155	-1.2709	5.1689	4
107.35	1.4111	-1.4006	5.1864	4
107.4	1.4062	-1.1322	5.1933	4
107.45	1.4009	-0.8315	5.1953	4
107.5	1.3966	-1.6774	5.1838	4
107.55	1.3921	-1.2232	5.1747	4
107.6	1.3873	-1.0241	5.1815	4
107.65	1.3828	-1.4492	5.1858	4
107.7	1.3782	-1.4665	5.183	4
107.75	1.3731	-1.0756	5.1887	4
107.8	1.3688	-1.4269	5.1875	4
107.85	1.3642	-1.5627	5.1789	4
107.9	1.3593	-1.1896	5.1876	4
107.95	1.3547	-1.4584	5.1929	4
108	1.3498	-1.1793	5.1775	4
108.05	1.3455	-1.4049	5.1621	4
108.1	1.3407	-1.1616	5.1689	4
108.15	1.3364	-1.6182	5.1606	4
108.2	1.3318	-1.3383	5.1527	4
108.25	1.3268	-1.0258	5.1641	4
108.3	1.3225	-1.7419	5.1663	4
108.35	1.3176	-1.325	5.1679	4
108.4	1.313	-0.9393	5.1815	4
108.45	1.3087	-1.5254	5.1843	4
108.5	1.3045	-1.6965	5.1906	4
108.55	1.3	-1.5744	5.1908	4
108.6	1.2954	-1.3461	5.1777	4
108.65	1.2912	-1.6177	5.1799	4
108.7	1.2866	-1.5365	5.1887	4
108.75	1.2818	-1.4051	5.1821	4
108.8	1.2775	-1.7889	5.1841	4
108.85	1.2732	-1.8058	5.1847	4
108.9	1.2685	-1.5578	5.1833	4
108.95	1.2642	-1.6389	5.1748	4
109	1.2604	-2.0434	5.1584	4
109.05	1.2555	-1.0718	5.1476	4
109.1	1.2517	-2.005	5.1469	4
109.15	1.2475	-1.9399	5.1589	4
109.2	1.2428	-1.3977	5.1614	4
109.25	1.238	-1.2415	5.1703	4
109.3	1.2348	-2.5415	5.1773	4
109.35	1.23	-1.019	5.1693	4
109.4	1.2256	-1.7504	5.1819	4
109.45	1.2213	-1.9667	5.187	4
109.5	1.2169	-1.5202	5.1727	4
109.55	1.2122	-1.27	5.1746	4
109.6	1.2085	-1.9565	5.1875	4
109.65	1.204	-1.6628	5.1797	4
109.7	1.1996	-1.5984	5.1711	4
109.75	1.1954	-1.5243	5.1697	4
109.8	1.1911	-1.9314	5.1614	4
109.85	1.1864	-1.6566	5.1506	4
109.9	1.1818	-1.4429	5.1587	4
109.95	1.1775	-1.7281	5.177	4
110	1.1732	-1.5264	5.1717	4
110.05	1.1687	-1.4256	5.1681	4
110.1	1.1645	-1.6456	5.1729	4
110.15	1.1601	-1.7866	5.1729	4
110.2	1.1555	-1.443	5.1568	4
110.25	1.1513	-1.5975	5.1472	4
110.3	1.147	-1.8181	5.155	4
110.35	1.1424	-1.5677	5.1599	4
110.4	1.1384	-1.6187	5.1582	4
110.45	1.1339	-1.5476	5.1623	4
110.5	1.1296	-1.4469	5.1563	4
110.55	1.1255	-1.9348	5.1685	4
110.6	1.1209	-1.4131	5.1634	4
110.65	1.1164	-1.4054	5.1524	4
110.7	1.1122	-1.6749	5.1813	4
110.75	1.1076	-1.1405	5.1899	4
110.8	1.1036	-1.8309	5.1803	4
110.85	1.0992	-1.4221	5.1869	4
110.9	1.0948	-1.5533	5.1753	4
110.95	1.0904	-1.586	5.163	4
111	1.0863	-1.7507	5.1473	4
111.05	1.0816	-1.0865	5.1471	4
111.1	1.0774	-1.8512	5.1418	4
111.15	1.0728	-1.4534	5.1513	4
111.2	1.0682	-1.1766	5.168	4
111.25	1.0641	-1.8031	5.1653	4
111.3	1.0594	-1.5386	5.1553	4
111.35	1.0548	-1.2323	5.1614	4
111.4	1.0505	-1.7125	5.1584	4
111.45	1.0462	-1.5289	5.1673	4
111.5	1.0418	-1.4568	5.1603	4
111.55	1.0372	-1.1572	5.1596	4
111.6	1.0326	-1.4433	5.1743	4
111.65	1.0281	-1.5223	5.1829	4
111.7	1.0237	-1.1648	5.181	4
111.75	1.02	-2.0728	5.1764	4
111.8	1.015	-1.0334	5.1843	4
111.85	1.0106	-1.2186	5.18	4
111.9	1.0064	-1.9204	5.1604	4
111.95	1.0017	-1.3038	5.1703	4
112	0.9972	-1.0165	5.1797	4
112.05	0.9932	-1.9266	5.1739	4
112.1	0.9886	-1.28	5.1792	4
112.15	0.984	-1.1613	5.1798	4
112.2	0.9794	-1.1356	5.1818	4
112.25	0.9757	-2.2062	5.1802	4
112.3	0.9707	-0.9077	5.1694	4
112.35	0.9662	-1.1583	5.1657	4
112.4	0.9623	-2.0002	5.1595	4
112.45	0.9571	-0.8624	5.1613	4
112.5	0.9524	-1.2024	5.1556	4
112.55	0.9482	-1.695	5.1503	4
112.6	0.9435	-1.118	5.15	4
112.65	0.9388	-1.2372	5.1436	4
112.7	0.9345	-1.4385	5.1582	4
112.75	0.9298	-1.2064	5.1699	4
112.8	0.9251	-1.3666	5.1688	4
112.85	0.9206	-1.0502	5.1739	4
112.9	0.9164	-1.577	5.1788	4
112.95	0.9111	-0.7138	5.1913	4
113	0.9068	-1.4912	5.2028	4
113.05	0.9022	-1.3686	5.1953	4
113.1	0.8974	-0.9458	5.1906	4
113.15	0.8927	-1.0986	5.1862	4
113.2	0.8884	-1.5861	5.183	4
113.25	0.8834	-0.8015	5.1842	4
113.3	0.8786	-0.9881	5.1825	4
113.35	0.8748	-1.5835	5.1753	4
113.4	0.8698	-1.0401	5.1596	4
113.45	0.8651	-1.2146	5.1633	4
113.5	0.8605	-1.0323	5.1634	4
113.55	0.8564	-1.5256	5.1699	4
113.6	0.8515	-1.0513	5.1787	4
113.65	0.8469	-1.1152	5.1729	4
113.7	0.8423	-1.3626	5.1697	4
113.75	0.8382	-1.5026	5.1794	4
113.8	0.833	-0.433	5.1805	4
113.85	0.8294	-1.8422	5.1857	4
113.9	0.8246	-1.1926	5.1845	4
113.95	0.8195	-0.8586	5.195	4
114	0.815	-1.0909	5.2204	4
114.05	0.8107	-1.5346	5.2022	4
114.1	0.8054	-0.7215	5.1792	4
114.15	0.801	-1.2944	5.1904	4
114.2	0.7968	-1.5382	5.1899	4
114.25	0.7916	-0.7657	5.1941	4
114.3	0.7871	-1.2669	5.1948	4
114.35	0.7829	-1.5157	5.1824	4
114.4	0.7779	-0.8713	5.1716	4
114.45	0.7738	-1.6962	5.1651	4
114.5	0.7688	-0.7177	5.1678	4
114.55	0.7648	-1.646	5.1495	4
114.6	0.7594	-0.9567	5.1504	4
114.65	0.755	-1.2756	5.1631	4
114.7	0.7506	-1.5578	5.1599	4
114.75	0.7458	-1.0577	5.1673	4
114.8	0.7415	-1.3036	5.1796	4
114.85	0.737	-1.4814	5.1804	4
114.9	0.7319	-0.7566	5.1796	4
114.95	0.7273	-1.1488	5.1827	4
115	0.7237	-1.8798	5.1886	4
115.05	0.7187	-0.9122	5.1898	4
115.1	0.7135	-0.6967	5.1941	4
115.15	0.71	-1.7788	5.1906	4
115.2	0.7053	-1.3174	5.1762	4
115.25	0.7004	-1.1391	5.1776	4
115.3	0.696	-1.4271	5.1756	4
115.35	0.6914	-1.4533	5.1859	4
115.4	0.6861	-0.8529	5.2066	4
115.45	0.6814	-1.1734	5.1828	4
115.5	0.6778	-1.843	5.1698	4
115.55	0.6726	-0.7517	5.1894	4
115.6	0.6683	-1.4577	5.1802	4
115.65	0.6637	-1.6185	5.1722	4
115.7	0.6581	-0.6679	5.1759	4
115.75	0.6537	-1.5449	5.1715	4
115.8	0.6498	-1.8673	5.1902	4
115.85	0.6443	-0.6612	5.1845	4
115.9	0.64	-1.2321	5.1721	4
115.95	0.6361	-1.7812	5.1703	4
116	0.6311	-1.1594	5.1726	4
116.05	0.6262	-0.8419	5.1764	4
116.1	0.6228	-2.0791	5.1982	4
116.15	0.6178	-0.9802	5.2016	4
116.2	0.6126	-0.5181	5.1888	4
116.25	0.6089	-1.9515	5.1723	4
116.3	0.6042	-1.4564	5.1883	4
116.35	0.5991	-0.6754	5.1821	4
116.4	0.5951	-1.7162	5.1809	4
116.45	0.5905	-1.5079	5.1796	4
116.5	0.5854	-0.9146	5.1823	4
116.55	0.5811	-1.3974	5.1988	4
116.6	0.5772	-1.8852	5.1865	4
116.65	0.5724	-0.8914	5.195	4
116.7	0.5679	-1.1123	5.2145	4
116.75	0.5638	-1.7675	5.2132	4
116.8	0.5593	-1.6775	5.2026	4
116.85	0.5543	-0.8687	5.1933	4
116.9	0.5505	-1.7731	5.1803	4
116.95	0.5459	-1.3726	5.1881	4
117	0.5408	-0.9868	5.1765	4
117.05	0.5366	-1.5616	5.1762	4
117.1	0.5324	-1.5134	5.1806	4
117.15	0.5277	-1.3267	5.1792	4
117.2	0.5235	-1.6722	5.184	4
117.25	0.519	-1.3208	5.1747	4
117.3	0.5144	-1.4188	5.1909	4
117.35	0.5099	-1.1476	5.2019	4
117.4	0.5056	-1.5515	5.2077	4
117.45	0.5012	-1.6357	5.2051	4
117.5	0.4962	-1.0585	5.2036	4
117.55	0.4921	-1.6781	5.2031	4
117.6	0.4875	-1.3352	5.1917	4
117.65	0.4832	-1.2	5.1971	4
117.7	0.4787	-1.3421	5.1943	4
117.75	0.4741	-1.6049	5.1825	4
117.8	0.4694	-1.326	5.1773	4
117.85	0.4652	-1.3158	5.1928	4
117.9	0.4608	-1.334	5.207	4
117.95	0.4562	-1.1439	5.2191	4
118	0.4516	-1.3425	5.2071	4
118.05	0.447	-1.3488	5.208	4
118.1	0.4425	-1.4402	5.2077	4
118.15	0.4379	-1.366	5.2088	4
118.2	0.4331	-1.3654	5.2165	4
118.25	0.4281	-0.885	5.2073	4
118.3	0.4239	-1.8154	5.1998	4
118.35	0.4192	-1.0135	5.1974	4
118.4	0.4146	-1.1539	5.1913	4
118.45	0.4107	-1.7413	5.2033	4
118.5	0.4059	-1.1844	5.2064	4
118.55	0.4011	-1.0889	5.1829	4
118.6	0.3971	-1.6728	5.1834	4
118.65	0.392	-1.2504	5.18	4
118.7	0.3874	-1.2991	5.174	4
118.75	0.3825	-1.046	5.1702	4
118.8	0.378	-1.4489	5.1823	4
118.85	0.3738	-1.7294	5.2024	4
118.9	0.3688	-0.7524	5.2031	4
118.95	0.3646	-1.5981	5.1936	4
119	0.3605	-1.6368	5.199	4
119.05	0.3556	-1.0939	5.2054	4
119.1	0.3509	-1.1676	5.2073	4
119.15	0.347	-1.8472	5.2173	4
119.2	0.3422	-0.847	5.225	4
119.25	0.3375	-1.217	5.2181	4
119.3	0.3334	-1.6833	5.1843	4
119.35	0.3286	-1.121	5.1821	4
119.4	0.3242	-1.481	5.1876	4
119.45	0.3196	-1.2529	5.1966	4
119.5	0.315	-1.2831	5.1965	4
119.55	0.3106	-1.3479	5.1779	4
119.6	0.306	-1.3177	5.183	4
119.65	0.3012	-1.1881	5.2008	4
119.7	0.2975	-1.7596	5.1906	4
119.75	0.2926	-0.9804	5.1944	4
119.8	0.2881	-1.1822	5.1789	4
119.85	0.2839	-1.7382	5.1828	4
119.9	0.2788	-0.9538	5.1833	4
119.95	0.2744	-1.4383	5.1942	4
120	0.27	-1.5102	5.1914	4
120.05	0.2652	-1.1258	5.1847	4
120.1	0.2607	-1.3919	5.1984	4
120.15	0.2565	-1.3403	5.2007	4
120.2	0.252	-1.2975	5.2068	4
120.25	0.2477	-1.3191	5.1953	4
120.3	0.2432	-1.1538	5.187	4
120.35	0.2388	-1.3682	5.2053	4
120.4	0.2339	-1.2393	5.2014	4
120.45	0.2295	-1.5823	5.179	4
120.5	0.2248	-1.4054	5.173	4
120.55	0.22	-0.9718	5.1674	4
120.6	0.2156	-1.4351	5.1838	4
120.65	0.2117	-1.7834	5.1854	4
120.7	0.2063	-0.7831	5.1715	4
120.75	0.2022	-1.6192	5.1614	4
120.8	0.198	-1.4133	5.1749	4
120.85	0.1935	-1.4172	5.1718	4
120.9	0.1886	-1.1219	5.1758	4
120.95	0.1846	-1.6041	5.177	4
121	0.18	-1.3986	5.1689	4
121.05	0.1752	-1.0146	5.1851	4
121.1	0.1705	-1.2507	5.1949	4
121.15	0.1665	-1.8916	5.1891	4
121.2	0.1616	-1.1746	5.1804	4
121.25	0.1572	-1.2616	5.1814	4
121.3	0.1535	-1.8935	5.1957	4
121.35	0.1486	-1.0385	5.1998	4
121.4	0.1439	-1.085	5.188	4
121.45	0.1402	-2.0532	5.185	4
121.5	0.135	-0.9182	5.2064	4
121.55	0.1307	-1.455	5.2135	4
121.6	0.1267	-1.7635	5.2065	4
121.65	0.1221	-1.5747	5.2094	4
121.7	0.1172	-0.9448	5.2005	4
121.75	0.1135	-1.7617	5.2013	4
121.8	0.1092	-1.8603	5.2038	4
121.85	0.1039	-0.677	5.2075	4
121.9	0.0996	-1.8431	5.2041	4
121.95	0.0953	-2.1004	5.2011	4
122	0.0906	-1.157	5.1897	4
122.05	0.086	-1.264	5.1842	4
122.1	0.0825	-2.0173	5.1877	4
122.15	0.0784	-1.8783	5.1978	4
122.2	0.0731	-0.7092	5.1959	4
122.25	0.0695	-2.064	5.2056	4
122.3	0.0653	-1.8991	5.2171	4
122.35	0.0604	-1.1576	5.2211	4
122.4	0.0558	-1.6136	5.2154	4
122.45	0.052	-2.0021	5.2076	4
122.5	0.0477	-1.5869	5.2025	4
122.55	0.0429	-1.3552	5.204	4
122.6	0.0394	-2.3299	5.2043	4
122.65	0.0347	-1.556	5.2034	4
122.7	0.0297	-1.1598	5.2209	4
122.75	0.0265	-2.5366	5.2185	4
122.8	0.0222	-1.7045	5.2302	4
122.85	0.0174	-1.1557	5.2233	4
122.9	0.0138	-2.4962	5.1901	4
122.95	0.0094	-1.7083	5.2014	4
123	0.0048	-1.4662	5.2151	4
123.05	0.0008	-2.0091	5.2264	4
123.1	-0.0032	-2.2866	5.2099	4
123.15	-0.0073	-1.6367	5.1937	4
123.2	-0.0113	-1.7585	5.1977	4
123.25	-0.0152	-2.1746	5.1827	4
123.3	-0.0196	-1.9961	5.1825	4
123.35	-0.0243	-1.4417	5.2029	4
123.4	-0.028	-2.4488	5.2189	4
123.45	-0.0323	-1.8294	5.2166	4
123.5	-0.0367	-1.7506	5.2128	4
123.55	-0.0405	-2.178	5.213	4
123.6	-0.0443	-2.1889	5.2156	4
123.65	-0.0488	-1.6033	5.1994	4
123.7	-0.0529	-2.1	5.1941	4
123.75	-0.0568	-2.3209	5.1952	4
123.8	-0.0616	-1.4518	5.1989	4
123.85	-0.0654	-1.9572	5.2061	4
123.9	-0.0689	-2.4058	5.2043	4
123.95	-0.0738	-1.4562	5.2184	4
124	-0.0776	-2.3891	5.1864	4
124.05	-0.0817	-2.0421	5.175	4
124.1	-0.0858	-1.9175	5.204	4
124.15	-0.0899	-1.866	5.233	4
124.2	-0.0937	-2.2078	5.2153	4
124.25	-0.0973	-2.4816	5.1928	4
124.3	-0.1017	-1.6478	5.1911	4
124.35	-0.105	-2.5924	5.1918	4
124.4	-0.1092	-2.0505	5.2051	4
124.45	-0.1134	-2.1215	5.2094	4
124.5	-0.1173	-2.2509	5.1939	4
124.55	-0.1213	-2.0339	5.1916	4
124.6	-0.125	-2.3331	5.1945	4
124.65	-0.1288	-2.305	5.2002	4
124.7	-0.1328	-2.0075	5.2063	4
124.75	-0.1369	-1.955	5.1958	4
124.8	-0.1402	-2.554	5.1866	4
124.85	-0.1447	-1.7332	5.1909	4
124.9	-0.1486	-2.0373	5.1925	4
124.95	-0.152	-2.5543	5.2065	4
125	-0.1565	-1.737	5.2093	4
125.05	-0.1607	-2.0868	5.1907	4
125.1	-0.164	-2.6662	5.2045	4
125.15	-0.1686	-1.578	5.2182	4
125.2	-0.1724	-2.1968	5.2162	4
125.25	-0.1765	-2.207	5.1945	4
125.3	-0.1805	-2.1111	5.1678	4
125.35	-0.1845	-1.9162	5.1978	4
125.4	-0.188	-2.3326	5.2135	4
125.45	-0.1922	-2.1424	5.2095	4
125.5	-0.1965	-2.0036	5.2004	4
125.55	-0.2008	-1.773	5.1911	4
125.6	-0.2042	-2.6909	5.2092	4
125.65	-0.2083	-1.8926	5.2146	4
125.7	-0.2127	-1.7041	5.2029	4
125.75	-0.2161	-2.854	5.2186	4
125.8	-0.2204	-2.0357	5.2201	4
125.85	-0.2247	-1.748	5.2127	4
125.9	-0.2282	-2.2262	5.2102	4
125.95	-0.2318	-2.4306	5.2035	4
126	-0.236	-1.9096	5.223	4
126.05	-0.24	-2.0917	5.2221	4
126.1	-0.2438	-2.5281	5.2073	4
126.15	-0.2478	-2.0514	5.2062	4
126.2	-0.2517	-2.1793	5.2186	4
126.25	-0.2551	-2.4987	5.2268	4
126.3	-0.2589	-2.0071	5.225	4
126.35	-0.263	-2.1259	5.2034	4
126.4	-0.2668	-2.3881	5.2195	4
126.45	-0.2708	-2.2289	5.2354	4
126.5	-0.275	-1.9144	5.2301	4
126.55	-0.2787	-2.5042	5.208	4
126.6	-0.2826	-2.1625	5.2059	4
126.65	-0.2864	-2.1232	5.2051	4
126.7	-0.2902	-2.2395	5.2101	4
126.75	-0.2942	-2.0841	5.2243	4
126.8	-0.2981	-2.2	5.215	4
126.85	-0.3022	-1.9913	5.2258	4
126.9	-0.3058	-2.3937	5.2163	4
126.95	-0.3101	-1.8011	5.1918	4
127	-0.3137	-2.4328	5.1913	4
127.05	-0.3176	-2.2233	5.2009	4
127.1	-0.322	-1.8027	5.1924	4
127.15	-0.3257	-2.2782	5.1975	4
127.2	-0.3293	-2.376	5.1954	4
127.25	-0.3338	-1.8657	5.1902	4
127.3	-0.3374	-2.2211	5.1833	4
127.35	-0.341	-2.3012	5.1836	4
127.4	-0.3452	-1.9633	5.2033	4
127.45	-0.3492	-2.2128	5.1916	4
127.5	-0.3532	-2.1745	5.1886	4
127.55	-0.357	-2.1141	5.1962	4
127.6	-0.3611	-2.1369	5.204	4
127.65	-0.3651	-2.0986	5.199	4
127.7	-0.3687	-2.3597	5.178	4
127.75	-0.373	-1.8903	5.1872	4
127.8	-0.3766	-2.139	5.2069	4
127.85	-0.3802	-2.4442	5.1904	4
127.9	-0.3847	-1.6066	5.1787	4
127.95	-0.388	-2.4533	5.1851	4
128	-0.392	-2.108	5.1916	4
128.05	-0.396	-2.0284	5.1878	4
128.1	-0.3998	-2.3196	5.1835	4
128.15	-0.4038	-2.0896	5.187	4
128.2	-0.4077	-2.3782	5.2017	4
128.25	-0.4119	-1.9092	5.1951	4
128.3	-0.4154	-2.4229	5.1795	4
128.35	-0.4196	-2.2107	5.1776	4
128.4	-0.4236	-2.1745	5.1811	4
128.45	-0.4273	-2.2491	5.187	4
128.5	-0.4307	-2.4828	5.2071	4
128.55	-0.435	-1.8844	5.2048	4
128.6	-0.4389	-2.4198	5.214	4
128.65	-0.4424	-2.3637	5.2188	4
128.7	-0.4464	-1.9644	5.1984	4
128.75	-0.4504	-1.9828	5.1818	4
128.8	-0.4537	-2.6305	5.1954	4
128.85	-0.4581	-1.8538	5.1968	4
128.9	-0.4619	-2.1252	5.1987	4
128.95	-0.4653	-2.4074	5.2035	4
129	-0.469	-2.2953	5.1934	4
129.05	-0.4737	-1.703	5.1875	4
129.1	-0.4774	-2.3473	5.1966	4
129.15	-0.4809	-2.4544	5.2156	4
129.2	-0.4853	-1.7605	5.221	4
129.25	-0.4891	-2.17	5.2064	4
129.3	-0.493	-2.2812	5.1949	4
129.35	-0.4971	-1.9465	5.1763	4
129.4	-0.501	-1.9719	5.1747	4
129.45	-0.5044	-2.429	5.1896	4
129.5	-0.5087	-2.1969	5.1816	4
129.55	-0.5133	-1.6717	5.1634	4
129.6	-0.5168	-2.5153	5.1478	4
129.65	-0.5207	-2.0492	5.1553	4
129.7	-0.5251	-1.6629	5.1772	4
129.75	-0.5285	-2.5632	5.185	4
129.8	-0.5323	-2.2086	5.1811	4
129.85	-0.5365	-1.7894	5.1737	4
129.9	-0.5402	-2.3535	5.1696	4
129.95	-0.5433	-2.8493	5.1844	4
130	-0.5476	-1.9255	5.1752	4
130.05	-0.5511	-2.84	5.1667	4
130.1	-0.5539	-3.1886	5.1684	4
130.15	-0.5584	-1.9763	5.1759	4
130.2	-0.562	-2.5972	5.195	4
130.25	-0.565	-3.1014	5.1796	4
130.3	-0.5691	-2.3429	5.1793	4
130.35	-0.5727	-2.4449	5.1786	4
130.4	-0.5757	-3.0866	5.1761	4
130.45	-0.5794	-2.5157	5.1772	4
130.5	-0.5827	-2.7398	5.1791	4
130.55	-0.5863	-2.5499	5.1748	4
130.6	-0.5892	-3.2932	5.1739	4
130.65	-0.5931	-2.476	5.1595	4
130.7	-0.5969	-2.3387	5.1775	4
130.75	-0.6003	-2.9202	5.1858	4
130.8	-0.6039	-2.7295	5.1783	4
130.85	-0.6082	-2.3943	5.1665	4
130.9	-0.6115	-2.8713	5.1562	4
130.95	-0.6146	-2.7777	5.1706	4
131	-0.6184	-2.4171	5.176	4
131.05	-0.6222	-2.4995	5.1744	4
131.1	-0.6253	-2.9848	5.1873	4
131.15	-0.6295	-2.3228	5.1951	4
131.2	-0.6327	-2.595	5.1919	4
131.25	-0.6361	-2.6311	5.1851	4
131.3	-0.6397	-2.2333	5.1762	4
131.35	-0.6427	-2.9221	5.17	4
131.4	-0.6465	-2.4867	5.1675	4
131.45	-0.6501	-2.5829	5.1703	4
131.5	-0.6541	-2.2953	5.1747	4
131.55	-0.6576	-2.5178	5.1743	4
131.6	-0.6612	-2.3351	5.1671	4
131.65	-0.6647	-2.6015	5.1669	4
131.7	-0.6683	-2.3071	5.1799	4
131.75	-0.672	-2.6522	5.179	4
131.8	-0.6759	-2.3298	5.1713	4
131.85	-0.6792	-2.633	5.1757	4
131.9	-0.6827	-2.4139	5.1802	4
131.95	-0.6867	-2.2735	5.194	4
132	-0.69	-2.6966	5.1938	4
132.05	-0.6937	-2.4137	5.1885	4
132.1	-0.6973	-2.4682	5.1925	4
132.15	-0.7009	-2.5716	5.1889	4
132.2	-0.7046	-2.3151	5.1786	4
132.25	-0.7081	-2.6229	5.1845	4
132.3	-0.7118	-2.1897	5.1913	4
132.35	-0.7155	-2.4728	5.1911	4
132.4	-0.7191	-2.5642	5.1974	4
132.45	-0.7231	-2.0302	5.1962	4
132.5	-0.726	-3.0222	5.2029	4
132.55	-0.7312	-1.5653	5.2003	4
132.6	-0.7343	-2.5749	5.2021	4
132.65	-0.7378	-2.354	5.2121	4
132.7	-0.742	-2.1344	5.1994	4
132.75	-0.7463	-2.0391	5.1813	4
132.8	-0.7502	-2.2813	5.1891	4
132.85	-0.7538	-2.2701	5.2102	4
132.9	-0.758	-1.8309	5.1976	4
132.95	-0.7625	-1.5207	5.1814	4
133	-0.7656	-2.76	5.1967	4
133.05	-0.7708	-0.9569	5.2013	4
133.1	-0.774	-2.3771	5.2077	4
133.15	-0.7777	-2.2448	5.2071	4
133.2	-0.7819	-1.7079	5.195	4
133.25	-0.7855	-2.1084	5.1858	4
133.3	-0.7893	-2.0412	5.1828	4
133.35	-0.7927	-2.3783	5.1734	4
133.4	-0.7969	-1.8525	5.1838	4
133.45	-0.8008	-1.8898	5.177	4
133.5	-0.8043	-2.5065	5.1915	4
133.55	-0.8085	-1.7864	5.1827	4
133.6	-0.8125	-2.0676	5.1702	4
133.65	-0.8165	-1.8659	5.1856	4
133.7	-0.8204	-2.1209	5.1801	4
133.75	-0.8244	-2.1027	5.1733	4
133.8	-0.828	-2.3689	5.1799	4
133.85	-0.8318	-2.3002	5.2055	4
133.9	-0.8359	-2.1805	5.2039	4
133.95	-0.8388	-2.5344	5.1885	4
134	-0.8434	-1.7364	5.1796	4
134.05	-0.8473	-2.0727	5.1924	4
134.1	-0.8506	-2.8314	5.2031	4
134.15	-0.855	-1.6741	5.1929	4
134.2	-0.8589	-2.0681	5.1905	4
134.25	-0.8625	-2.4651	5.1992	4
134.3	-0.8669	-1.8033	5.2001	4
134.35	-0.8711	-1.8887	5.196	4
134.4	-0.8743	-2.6279	5.2159	4
134.45	-0.8782	-1.9235	5.2163	4
134.5	-0.8825	-1.6842	5.2039	4
134.55	-0.8864	-2.3206	5.2056	4
134.6	-0.8904	-2.0455	5.2125	4
134.65	-0.8948	-1.4951	5.2021	4
134.7	-0.8987	-1.7818	5.1843	4
134.75	-0.902	-2.5653	5.1767	4
134.8	-0.907	-1.2664	5.1877	4
134.85	-0.9111	-1.6704	5.1982	4
134.9	-0.9146	-2.3152	5.1731	4
134.95	-0.9181	-2.1106	5.163	4
135	-0.9233	-0.8547	5.159	4
135.05	-0.9259	-2.8079	5.1625	4
135.1	-0.9303	-1.7093	5.1766	4
135.15	-0.9352	-1.306	5.186	4
135.2	-0.9387	-2.2914	5.1879	4
135.25	-0.9426	-1.9256	5.1832	4
135.3	-0.9471	-1.3274	5.1715	4
135.35	-0.9506	-2.2173	5.1616	4
135.4	-0.9545	-1.9701	5.1676	4
135.45	-0.9589	-1.4676	5.1791	4
135.5	-0.9628	-1.8265	5.1755	4
135.55	-0.9664	-2.146	5.1734	4
135.6	-0.971	-1.409	5.1714	4
135.65	-0.9745	-2.217	5.1857	4
135.7	-0.9786	-1.9334	5.1847	4
135.75	-0.9827	-1.6793	5.1658	4
135.8	-0.9872	-1.6325	5.1672	4
135.85	-0.9909	-2.2659	5.1634	4
135.9	-0.9946	-1.8482	5.1673	4
135.95	-0.9989	-1.6493	5.1637	4
136	-1.0026	-2.0452	5.156	4
136.05	-1.0065	-2.0311	5.1677	4
136.1	-1.0114	-1.3298	5.1673	4
136.15	-1.0145	-2.4568	5.1684	4
136.2	-1.0185	-1.8925	5.1617	4
136.25	-1.0236	-1.1221	5.1615	4
136.3	-1.0266	-2.571	5.1768	4
136.35	-1.0302	-2.0267	5.1938	4
136.4	-1.0351	-1.3717	5.1845	4
136.45	-1.0393	-1.7186	5.1841	4
136.5	-1.0424	-2.6119	5.1963	4
136.55	-1.0466	-1.9077	5.2084	4
136.6	-1.0515	-1.1398	5.196	4
136.65	-1.0546	-2.6055	5.1859	4
136.7	-1.0589	-1.7336	5.1994	4
136.75	-1.0634	-1.4498	5.1926	4
136.8	-1.0672	-2.0733	5.1834	4
136.85	-1.0711	-2.1729	5.1863	4
136.9	-1.0755	-1.5581	5.1885	4
136.95	-1.0797	-1.6048	5.1956	4
137	-1.0832	-2.5216	5.1944	4
137.05	-1.0879	-1.32	5.185	4
137.1	-1.0919	-1.8385	5.2034	4
137.15	-1.0949	-2.8375	5.2118	4
137.2	-1.1002	-1.2889	5.2065	4
137.25	-1.1044	-1.8894	5.2124	4
137.3	-1.1078	-2.364	5.2035	4
137.35	-1.1121	-1.8494	5.2028	4
137.4	-1.1161	-1.7603	5.1976	4
137.45	-1.12	-1.9743	5.1971	4
137.5	-1.124	-2.0372	5.2023	4
137.55	-1.1282	-1.8405	5.2089	4
137.6	-1.1317	-2.261	5.2074	4
137.65	-1.1361	-1.889	5.2003	4
137.7	-1.1404	-1.607	5.2029	4
137.75	-1.1439	-2.3198	5.1988	4
137.8	-1.148	-1.9845	5.1979	4
137.85	-1.1521	-1.994	5.1978	4
137.9	-1.1563	-1.7069	5.1817	4
137.95	-1.16	-2.1211	5.1869	4
138	-1.164	-2.1035	5.1787	4
138.05	-1.1683	-1.6511	5.1881	4
138.1	-1.1722	-2.0262	5.1931	4
138.15	-1.1759	-2.0562	5.18	4
138.2	-1.18	-1.8557	5.1867	4
138.25	-1.1843	-1.9251	5.1923	4
138.3	-1.1885	-1.939	5.185	4
138.35	-1.1922	-2.0911	5.1912	4
138.4	-1.1963	-1.6701	5.1798	4
138.45	-1.2	-2.2479	5.1773	4
138.5	-1.2041	-2.1247	5.1959	4
138.55	-1.2087	-1.4846	5.1746	4
138.6	-1.2124	-2.0749	5.1848	4
138.65	-1.2163	-2.0374	5.1951	4
138.7	-1.2208	-1.7037	5.1828	4
138.75	-1.2248	-1.8648	5.1979	4
138.8	-1.2283	-2.0336	5.1807	4
138.85	-1.2321	-1.8557	5.1829	4
138.9	-1.2362	-1.924	5.1778	4
138.95	-1.2403	-1.9219	5.1699	4
139	-1.2441	-1.9404	5.1817	4
139.05	-1.2483	-1.9231	5.1799	4
139.1	-1.2524	-1.8312	5.1838	4
139.15	-1.2565	-1.922	5.1809	4
139.2	-1.2603	-2.0749	5.1766	4
139.25	-1.2644	-1.8471	5.1784	4
139.3	-1.2683	-1.935	5.1743	4
139.35	-1.2723	-1.8279	5.1706	4
139.4	-1.2761	-2.0798	5.1752	4
139.45	-1.2799	-2.0854	5.1911	4
139.5	-1.2848	-1.4179	5.182	4
139.55	-1.2886	-2.1554	5.1786	4
139.6	-1.2924	-2.1319	5.2026	4
139.65	-1.2968	-1.5102	5.201	4
139.7	-1.3004	-2.2635	5.1916	4
139.75	-1.3045	-1.8296	5.2066	4
139.8	-1.3088	-1.6775	5.1917	4
139.85	-1.3129	-2.0661	5.1921	4
139.9	-1.3166	-2.2858	5.2	4
139.95	-1.3211	-1.5859	5.1876	4
140	-1.325	-1.8958	5.1982	4
140.05	-1.3285	-2.2676	5.2038	4
140.1	-1.3331	-1.5196	5.1777	4
140.15	-1.3371	-2.0292	5.1878	4
140.2	-1.3407	-2.1904	5.1977	4
140.25	-1.3451	-1.6232	5.2104	4
140.3	-1.3489	-2.3227	5.2073	4
140.35	-1.353	-1.8284	5.1946	4
140.4	-1.3568	-1.8053	5.2083	4
140.45	-1.361	-1.8288	5.2078	4
140.5	-1.3649	-1.9766	5.2009	4
140.55	-1.3686	-2.3088	5.1941	4
140.6	-1.3727	-1.6159	5.1976	4
140.65	-1.3768	-1.7719	5.2235	4
140.7	-1.3801	-2.4245	5.2069	4
140.75	-1.3845	-1.6531	5.1931	4
140.8	-1.3886	-2.0716	5.2058	4
140.85	-1.3929	-1.8525	5.2012	4
140.9	-1.3966	-2.0572	5.2058	4
140.95	-1.4009	-1.7683	5.2034	4
141	-1.4046	-2.214	5.1866	4
141.05	-1.4089	-1.7886	5.1916	4
141.1	-1.4127	-1.8512	5.1891	4
141.15	-1.4163	-2.1871	5.1957	4
141.2	-1.4205	-1.9846	5.1992	4
141.25	-1.4247	-1.6009	5.2002	4
141.3	-1.4284	-2.2521	5.1961	4
141.35	-1.4327	-1.9167	5.1963	4
141.4	-1.4367	-2.1592	5.2057	4
141.45	-1.4411	-1.5504	5.2005	4
141.5	-1.4446	-2.3036	5.2038	4
141.55	-1.4486	-2.0126	5.2032	4
141.6	-1.4528	-1.8329	5.1971	4
141.65	-1.4573	-1.6308	5.1883	4
141.7	-1.4605	-2.6537	5.1851	4
141.75	-1.4655	-1.5599	5.1896	4
141.8	-1.4697	-1.7772	5.2054	4
141.85	-1.4732	-2.2565	5.208	4
141.9	-1.4771	-2.0565	5.2047	4
141.95	-1.4813	-1.666	5.2001	4
142	-1.4854	-2.0293	5.2003	4
142.05	-1.4894	-1.9955	5.2215	4
142.1	-1.4932	-2.1949	5.2247	4
142.15	-1.4977	-1.4193	5.2246	4
142.2	-1.501	-2.5887	5.2255	4
142.25	-1.5056	-1.6287	5.217	4
142.3	-1.51	-1.5063	5.2076	4
142.35	-1.5129	-2.7321	5.2135	4
142.4	-1.5176	-1.3081	5.2262	4
142.45	-1.5216	-1.8927	5.2376	4
142.5	-1.5252	-2.3111	5.225	4
142.55	-1.5291	-1.6958	5.2117	4
142.6	-1.5335	-1.9299	5.2117	4
142.65	-1.5376	-1.6668	5.2112	4
142.7	-1.5411	-2.4882	5.2193	4
142.75	-1.5459	-1.277	5.2115	4
142.8	-1.5497	-1.9807	5.219	4
142.85	-1.5533	-2.2802	5.2276	4
142.9	-1.558	-1.3913	5.224	4
142.95	-1.5616	-2.1848	5.2192	4
143	-1.5657	-1.958	5.2165	4
143.05	-1.5701	-1.537	5.2028	4
143.1	-1.5742	-1.8838	5.2076	4
143.15	-1.5777	-2.357	5.2058	4
143.2	-1.582	-1.7236	5.2141	4
143.25	-1.5862	-1.6902	5.2094	4
143.3	-1.5896	-2.5413	5.2041	4
143.35	-1.5936	-2.0239	5.196	4
143.4	-1.5977	-1.6603	5.2074	4
143.45	-1.6011	-2.3688	5.2209	4
143.5	-1.6051	-2.0816	5.2046	4
143.55	-1.6097	-1.448	5.2126	4
143.6	-1.6129	-2.3988	5.2259	4
143.65	-1.6168	-2.2156	5.2177	4
143.7	-1.6213	-1.7066	5.2247	4
143.75	-1.6244	-2.5766	5.2114	4
143.8	-1.6282	-2.2195	5.2083	4
143.85	-1.6321	-1.8503	5.2166	4
143.9	-1.6363	-2.0646	5.2219	4
143.95	-1.6398	-2.5857	5.2203	4
144	-1.6441	-1.8096	5.2449	4
144.05	-1.6483	-1.7494	5.2692	4
144.1	-1.6518	-2.6169	5.2674	4
144.15	-1.6557	-2.0878	5.2467	4
144.2	-1.6603	-1.6331	5.2508	4
144.25	-1.664	-2.2555	5.2421	4
144.3	-1.6678	-2.2978	5.2356	4
144.35	-1.6723	-1.5236	5.2305	4
144.4	-1.6761	-2.0639	5.2373	4
144.45	-1.6797	-2.4155	5.2389	4
144.5	-1.6841	-1.8612	5.2267	4
144.55	-1.6885	-1.9909	5.2223	4
144.6	-1.6924	-2.2245	5.2337	4
144.65	-1.6959	-2.2437	5.2251	4
144.7	-1.7006	-1.3418	5.2185	4
144.75	-1.7038	-2.3004	5.2328	4
144.8	-1.7073	-2.3251	5.2351	4
144.85	-1.7115	-1.7911	5.2283	4
144.9	-1.7157	-1.7854	5.2277	4
144.95	-1.7191	-2.3019	5.2405	4
145	-1.7231	-1.9676	5.2433	4
145.05	-1.7275	-1.6711	5.2422	4
145.1	-1.7312	-2.2019	5.2619	4
145.15	-1.7353	-2.0835	5.255	4
145.2	-1.7396	-1.6367	5.2343	4
145.25	-1.7429	-2.4915	5.2485	4
145.3	-1.7474	-1.7046	5.2491	4
145.35	-1.7514	-2.0745	5.2412	4
145.4	-1.7552	-2.0285	5.2362	4
145.45	-1.7588	-2.1029	5.233	4
145.5	-1.7636	-1.5674	5.2286	4
145.55	-1.7673	-2.4126	5.2273	4
145.6	-1.7713	-1.9063	5.2213	4
145.65	-1.7754	-1.6922	5.2194	5
145.7	-1.7785	-2.685	5.2154	5
145.75	-1.7828	-1.8787	5.2149	5
145.8	-1.7873	-1.5566	5.2174	5
145.85	-1.7893	-2.6403	5.2401	5
145.9	-1.7846	-1.7793	5.238	5
145.95	-1.7727	-1.7817	5.234	5
146	-1.7577	-2.3234	5.2339	5
146.05	-1.7409	-2.0269	5.2269	5
146.1	-1.7218	-1.7325	5.2406	5
146.15	-1.7002	-1.9778	5.2392	5
146.2	-1.6765	-1.9461	5.225	5
146.25	-1.6502	-2.3066	5.2344	5
146.3	-1.6228	-1.187	5.2401	5
146.35	-1.591	-2.6118	5.236	5
146.4	-1.5587	-1.9392	5.2683	5
146.45	-1.5243	-1.5072	5.274	5
146.5	-1.4867	-2.0999	5.2577	5
146.55	-1.447	-2.2229	5.241	5
146.6	-1.4063	-1.5122	5.2327	5
146.65	-1.3632	-1.8175	5.2445	5
146.7	-1.3176	-2.1348	5.2504	5
146.75	-1.2703	-1.6326	5.2482	5
146.8	-1.2204	-1.6975	5.2452	5
146.85	-1.1679	-2.1562	5.2402	5
146.9	-1.1139	-2.0626	5.2312	5
146.95	-1.0581	-1.2769	5.2233	5
147	-0.999	-2.0333	5.2142	5
147.05	-0.9384	-2.2587	5.2297	5
147.1	-0.8765	-1.4491	5.2429	5
147.15	-0.8118	-1.8216	5.2279	5
147.2	-0.7448	-2.1913	5.2105	5
147.25	-0.6769	-1.3222	5.2257	5
147.3	-0.6057	-1.8637	5.2382	5
147.35	-0.5326	-2.0235	5.2349	5
147.4	-0.458	-1.7621	5.2229	5
147.45	-0.3812	-1.2154	5.2067	5
147.5	-0.3009	-2.7269	5.228	5
147.55	-0.2207	-1.2625	5.2214	5
147.6	-0.1368	-1.4469	5.1971	5
147.65	-0.0504	-2.2484	5.1956	5
147.7	0.0368	-1.5228	5.1947	5
147.75	0.1264	-1.4062	5.1987	5
147.8	0.2184	-1.8639	5.1992	5
147.85	0.3118	-1.6849	5.2	5
147.9	0.407	-1.1349	5.1977	5
147.95	0.5058	-1.8746	5.1867	5
148	0.6059	-1.7905	5.1921	5
148.05	0.7075	-0.8937	5.2128	6
148.1	0.8128	-1.8008	5.2158	6
148.15	0.919	-1.5193	5.2202	6
148.2	1.0272	-1.2112	5.2076	6
148.25	1.1379	-1.7224	5.195	6
148.3	1.2494	-1.5377	5.211	6
148.35	1.3614	-1.3536	5.1993	6
148.4	1.4729	-1.2004	5.2048	6
148.45	1.5843	-1.5769	5.2104	6
148.5	1.6947	-1.1184	5.1983	6
148.55	1.806	-1.6729	5.2003	6
148.6	1.9162	-1.3146	5.2082	6
148.65	2.0263	-1.3652	5.2176	6
148.7	2.1358	-1.0858	5.2246	6
148.75	2.2455	-1.4519	5.2071	6
148.8	2.354	-1.3936	5.2092	6
148.85	2.4619	-0.9082	5.2062	6
148.9	2.5704	-1.2829	5.2146	6
148.95	2.6784	-1.3799	5.2092	6
149	2.7855	-1.0074	5.1996	6
149.05	2.8924	-1.0402	5.2097	6
149.1	2.9991	-1.3839	5.2129	6
149.15	3.1049	-0.9007	5.2036	6
149.2	3.2108	-1.1264	5.2064	6
149.25	3.3165	-1.4455	5.2194	6
149.3	3.4212	-0.9628	5.2286	6
149.35	3.5256	-0.8745	5.2117	6
149.4	3.6304	-1.6177	5.202	6
149.45	3.7331	-1.133	5.2022	6
149.5	3.8353	-0.7562	5.2016	6
149.55	3.9389	-1.6001	5.2062	6
149.6	4.0411	-1.0333	5.2211	6
149.65	4.1427	-0.5751	5.2204	6
149.7	4.2452	-1.3681	5.2119	6
149.75	4.3463	-1.109	5.2144	6
149.8	4.4469	-0.9504	5.2096	6
149.85	4.5473	-1.1317	5.2144	6
149.9	4.6471	-1.19	5.2052	6
149.95	4.7457	-0.4061	5.2086	6
150	4.8455	-1.0193	5.2103	6
150.05	4.9443	-0.9599	5.2213	6
150.1	5.0429	-1.2994	5.2408	6
150.15	5.1403	-0.4504	5.2372	6
150.2	5.2383	-1.1201	5.22	6
150.25	5.3348	-0.7648	5.2119	6
150.3	5.4313	-0.8116	5.2124	6
150.35	5.5273	-0.2727	5.2211	6
150.4	5.6239	-1.3896	5.2221	6
150.45	5.7179	-0.1206	5.2229	6
150.5	5.8135	-0.863	5.2298	6
150.55	5.9077	-0.7573	5.2278	6
150.6	6.0014	-0.4297	5.2331	6
150.65	6.0948	-0.3046	5.2394	6
150.7	6.1881	-0.9715	5.2182	6
150.75	6.2827	-0.2366	5.1987	6
150.8	6.4295	-0.5765	5.2115	6
150.85	6.6703	-0.1657	5.24	6
150.9	6.9474	-0.59	5.2452	6
150.95	7.2253	0.1475	5.2419	6
151	7.5024	-0.3125	5.2273	6
151.05	7.7765	-0.7171	5.2264	6
151.1	8.0459	0.244	5.2362	6
151.15	8.3119	0.0497	5.224	6
151.2	8.5733	-0.0693	5.2213	6
151.25	8.8309	-0.3574	5.2279	6
151.3	9.0833	0.4504	5.235	6
151.35	9.3318	0.3528	5.2257	6
151.4	9.5762	-0.5326	5.2318	6
151.45	9.8146	0.704	5.244	6
151.5	10.0496	0.4875	5.2419	6
151.55	10.2805	-0.145	5.2322	6
151.6	10.5062	0.7567	5.233	6
151.65	10.7286	0.0064	5.2345	6
151.7	10.9454	0.5611	5.2337	6
151.75	11.158	0.4887	5.241	6
151.8	11.3663	0.8009	5.2335	6
151.85	11.5717	0.5085	5.2366	6
151.9	11.7728	0.233	5.2428	6
151.95	11.9686	0.8882	5.2343	6
152	12.1615	0.4441	5.2265	6
152.05	12.3505	0.4925	5.2231	6
152.1	12.5348	1.2607	5.2418	6
152.15	12.7165	0.3945	5.232	6
152.2	12.8938	0.7898	5.228	6
152.25	13.0669	1.1171	5.2313	6
152.3	13.237	0.9251	5.2143	6
152.35	13.4035	0.6662	5.2231	6
152.4	13.5655	1.0097	5.2192	6
152.45	13.7242	1.1902	5.1957	6
152.5	13.8794	1.0765	5.1943	6
152.55	14.0314	0.8665	5.1986	6
152.6	14.18	1.277	5.2047	6
152.65	14.3258	1.2246	5.2129	6
152.7	14.4683	0.8644	5.2145	6
152.75	14.6068	1.4953	5.209	6
152.8	14.7424	1.2052	5.2109	6
152.85	14.8748	1.184	5.2075	6
152.9	15.0048	1.3642	5.2131	6
152.95	15.1315	1.6926	5.2061	6
153	15.256	0.7973	5.203	6
153.05	15.3767	1.6292	5.2053	6
153.1	15.4958	1.4657	5.1999	6
153.15	15.6117	1.3075	5.1841	6
153.2	15.7237	1.5323	5.1865	6
153.25	15.834	1.35	5.207	6
153.3	15.9413	1.829	5.2078	6
153.35	16.0471	1.0996	5.1866	6
153.4	16.1496	1.7021	5.18	6
153.45	16.2501	1.8048	5.1848	6
153.5	16.3488	1.0729	5.2038	6
153.55	16.4438	1.7869	5.2071	6
153.6	16.5375	1.5009	5.2016	6
153.65	16.629	1.1628	5.1997	6
153.7	16.7178	1.6195	5.1958	6
153.75	16.8052	1.254	5.1894	6
153.8	16.89	1.5334	5.1837	6
153.85	16.9732	1.1428	5.1907	6
153.9	17.0531	2.224	5.2132	6
153.95	17.1331	0.8659	5.2002	6
154	17.2095	1.6635	5.1963	6
154.05	17.2847	1.6703	5.2033	6
154.1	17.3584	1.3431	5.1978	6
154.15	17.4296	1.5891	5.2047	6
154.2	17.4992	1.5343	5.1981	6
154.25	17.5676	0.9473	5.1959	6
154.3	17.6336	1.3279	5.2054	6
154.35	17.6984	1.356	5.209	6
154.4	17.7622	0.7388	5.2136	6
154.45	17.8243	0.6726	5.2031	6
154.5	17.8837	1.1597	5.1937	6
154.55	17.9421	1.3788	5.21	6
154.6	18.0001	0.5187	5.2075	6
154.65	18.0549	1.5302	5.1984	6
154.7	18.1097	1.0777	5.2013	6
154.75	18.1631	0.5354	5.1994	6
154.8	18.2135	1.7245	5.1904	6
154.85	18.2645	1.0763	5.1946	6
154.9	18.3138	1.1615	5.2171	6
154.95	18.3615	1.7311	5.2329	6
155	18.4085	1.443	5.2301	6
155.05	18.454	1.3563	5.2226	6
155.1	18.4981	1.4916	5.2162	6
155.15	18.5409	1.7285	5.2212	6
155.2	18.5825	1.7542	5.2119	6
155.25	18.6234	1.5717	5.2055	6
155.3	18.6637	1.641	5.2125	6
155.35	18.7024	2.1359	5.2081	6
155.4	18.7407	1.9563	5.2161	6
155.45	18.7781	1.6124	5.224	6
155.5	18.8139	2.3692	5.2076	6
155.55	18.8498	1.8377	5.2075	6
155.6	18.8841	1.9808	5.2149	6
155.65	18.9176	1.8515	5.225	6
155.7	18.9499	2.0854	5.2122	6
155.75	18.9815	2.1953	5.2065	6
155.8	19.0125	2.5081	5.2196	6
155.85	19.0435	1.8517	5.2176	6
155.9	19.0728	2.4213	5.2113	6
155.95	19.1017	2.1993	5.2128	6
156	19.1295	2.2618	5.2021	6
156.05	19.1567	2.4434	5.2181	6
156.1	19.1833	2.5342	5.2167	6
156.15	19.2091	2.5147	5.2177	6
156.2	19.2345	2.3571	5.2299	6
156.25	19.2591	2.4597	5.2152	6
156.3	19.2828	2.7551	5.196	6
156.35	19.3063	2.5115	5.2026	6
156.4	19.3289	2.6576	5.207	6
156.45	19.3507	2.6834	5.2043	6
156.5	19.3723	2.5968	5.2339	6
156.55	19.3934	2.5976	5.2428	6
156.6	19.4138	2.7682	5.22	6
156.65	19.4337	2.8681	5.2193	6
156.7	19.4533	2.6422	5.2193	6
156.75	19.472	2.9866	5.2042	6
156.8	19.4907	2.7181	5.2055	6
156.85	19.5086	2.8847	5.228	6
156.9	19.5261	2.917	5.232	6
156.95	19.5429	3.2158	5.2304	6
157	19.56	2.594	5.2222	6
157.05	19.5755	3.0977	5.2127	6
157.1	19.5912	2.9657	5.219	6
157.15	19.6067	2.7186	5.2091	6
157.2	19.6212	3.0652	5.2074	6
157.25	19.6352	3.4432	5.2086	6
157.3	19.6503	2.6187	5.2051	6
157.35	19.6638	3.3373	5.2119	6
157.4	19.6776	3.138	5.2089	6
157.45	19.6906	2.9661	5.2056	6
157.5	19.7035	2.9113	5.1996	6
157.55	19.7159	3.2564	5.2133	6
157.6	19.728	3.0662	5.2135	6
157.65	19.7397	3.2391	5.2058	6
157.7	19.7512	3.1808	5.2112	6
157.75	19.7623	3.3323	5.2161	6
157.8	19.7731	3.4374	5.2065	6
157.85	19.7835	3.4937	5.2088	6
157.9	19.7943	3.1034	5.2032	6
157.95	19.8042	3.2781	5.2077	6
158	19.8138	3.5546	5.2108	6
158.05	19.8235	3.1218	5.1931	6
158.1	19.833	2.7278	5.2047	6
158.15	19.8414	3.5214	5.2213	6
158.2	19.8505	3.159	5.2311	6
158.25	19.8587	3.3106	5.2305	6
158.3	19.8669	3.0318	5.2303	6
158.35	19.8747	3.3204	5.2311	6
158.4	19.8822	3.6878	5.215	6
158.45	19.8905	2.922	5.2028	6
158.5	19.8976	3.3656	5.219	6
158.55	19.9045	3.4158	5.2129	6
158.6	19.9118	3.2493	5.2172	6
158.65	19.9187	3.525	5.2156	6
158.7	19.9256	3.3708	5.2119	6
158.75	19.9319	3.3713	5.2147	6
158.8	19.9376	3.6697	5.1972	6
158.85	19.9441	3.2612	5.1994	6
158.9	19.95	3.4075	5.2106	6
158.95	19.9558	3.2738	5.2133	6
159	19.9611	3.6338	5.215	6
159.05	19.9665	3.5211	5.2008	6
159.1	19.9716	3.5672	5.1866	6
159.15	19.9769	3.5464	5.1993	6
159.2	19.9819	3.5495	5.2103	6
159.25	19.9868	3.476	5.2108	6
159.3	19.9914	3.651	5.2031	6
159.35	19.9962	3.6368	5.2172	6
159.4	20.0007	3.2981	5.2211	6
159.45	20.0047	3.6517	5.2126	6
159.5	20.009	3.5488	5.2283	6
159.55	20.0133	3.4833	5.2361	6
159.6	20.0174	3.341	5.2284	6
159.65	20.0208	3.8738	5.231	6
159.7	20.025	3.5022	5.2367	6
159.75	20.0286	3.5248	5.2409	6
159.8	20.032	3.5457	5.2252	6
159.85	20.0352	4.0235	5.221	6
159.9	20.0393	3.4268	5.21	6
159.95	20.0426	3.7109	5.202	6
160	20.0454	4.0185	5.221	6
160.05	20.0494	3.1784	5.2378	6
160.1	20.0517	3.8278	5.2407	6
160.15	20.0546	4.0038	5.2383	6
160.2	20.058	3.2988	5.233	6
160.25	20.0598	3.7762	5.2259	6
160.3	20.0626	4.13	5.2362	6
160.35	20.0654	3.8623	5.2433	6
160.4	20.0678	3.4759	5.2337	6
160.45	20.0701	4.1215	5.2296	6
160.5	20.073	3.9297	5.237	6
160.55	20.0751	3.4514	5.2341	6
160.6	20.0767	3.6458	5.2249	6
160.65	20.0783	4.3689	5.2099	6
160.7	20.0819	3.4881	5.2016	6
160.75	20.084	3.5641	5.2079	6
160.8	20.0853	3.9728	5.2203	6
160.85	20.0868	3.9602	5.2005	6
160.9	20.0887	3.4262	5.2159	6
160.95	20.0899	3.6917	5.2237	6
161	20.0912	3.9551	5.2212	6
161.05	20.0932	3.4498	5.211	6
161.1	20.0948	3.7622	5.2051	6
161.15	20.0974	4.013	5.2209	6
161.2	20.0997	3.7218	5.2213	6
161.25	20.1014	3.4316	5.2052	6
161.3	20.1022	4.1466	5.206	6
161.35	20.103	3.635	5.2107	6
161.4	20.1034	3.7436	5.2089	6
161.45	20.1048	3.5575	5.1921	6
161.5	20.106	3.694	5.1919	6
161.55	20.1071	4.0785	5.2049	6
161.6	20.1089	3.5388	5.2035	6
161.65	20.1102	3.6063	5.2054	6
161.7	20.1111	3.8508	5.2131	6
161.75	20.1124	3.8041	5.1994	6
161.8	20.114	3.4213	5.189	6
161.85	20.1148	3.8484	5.1875	6
161.9	20.1159	3.8341	5.1747	6
161.95	20.1166	3.8069	5.1746	6
162	20.1167	3.7723	5.1681	6
162.05	20.1173	3.9255	5.1801	6
162.1	20.1184	3.9119	5.1846	6
162.15	20.1198	3.6518	5.1879	6
162.2	20.1207	4.1207	5.2047	6
162.25	20.1215	3.7856	5.2057	6
162.3	20.1216	3.4384	5.1989	6
162.35	20.1218	4.0402	5.1863	6
162.4	20.1231	4.1317	5.1831	6
162.45	20.1247	3.4419	5.2003	6
162.5	20.1248	4.1572	5.2009	6
162.55	20.125	3.6959	5.1937	6
162.6	20.1252	3.9	5.1903	6
162.65	20.1261	3.7191	5.1903	6
162.7	20.1266	4.1233	5.1931	6
162.75	20.1273	3.5068	5.1826	6
162.8	20.1269	4.11	5.1777	6
162.85	20.128	3.9458	5.1697	6
162.9	20.1292	3.6351	5.1776	6
162.95	20.1291	4.0323	5.1702	6
163	20.1291	3.9702	5.1755	6
163.05	20.1301	3.6587	5.1921	6
163.1	20.1306	3.9781	5.1919	6
163.15	20.1304	4.2025	5.1805	6
163.2	20.1308	3.539	5.1883	6
163.25	20.1314	3.6927	5.1851	6
163.3	20.1316	4.3439	5.193	6
163.35	20.132	3.6652	5.2052	6
163.4	20.1321	3.4972	5.2017	6
163.45	20.1321	4.3644	5.1955	6
163.5	20.1328	3.7046	5.1852	6
163.55	20.1326	3.6782	5.1954	6
163.6	20.1328	4.1251	5.205	6
163.65	20.1337	3.8178	5.1842	6
163.7	20.1334	3.7865	5.1712	6
163.75	20.1333	3.7141	5.167	6
163.8	20.1335	4.1646	5.1694	6
163.85	20.1339	3.6893	5.1663	6
163.9	20.1333	3.8046	5.1512	6
163.95	20.1337	3.9267	5.1552	6
164	20.1344	3.735	5.167	6
164.05	20.134	3.7173	5.1745	6
164.1	20.1337	3.781	5.1779	6
164.15	20.1341	4.0865	5.1758	6
164.2	20.1343	3.7109	5.1755	6
164.25	20.1339	3.879	5.2039	6
164.3	20.1347	3.7214	5.2008	6
164.35	20.135	3.6583	5.1992	6
164.4	20.1341	4.3094	5.1984	6
164.45	20.1349	3.9273	5.2028	6
164.5	20.1358	3.67	5.2052	6
164.55	20.1352	3.9745	5.1852	6
164.6	20.1349	3.9914	5.194	6
164.65	20.1355	3.8687	5.2026	6
164.7	20.1353	3.7815	5.1882	6
164.75	20.1347	4.0391	5.1967	6
164.8	20.1353	3.8033	5.2017	6
164.85	20.1353	3.7817	5.2032	6
164.9	20.1345	3.9697	5.1825	6
164.95	20.1349	3.9067	5.1721	6
165	20.1354	4.0055	5.1781	6
165.05	20.1351	3.924	5.1824	6
165.1	20.135	3.888	5.1893	6
165.15	20.1356	3.6053	5.1997	6
165.2	20.1348	4.1192	5.1985	6
165.25	20.1347	3.8195	5.2029	6
165.3	20.1351	3.9531	5.2044	6
165.35	20.135	3.7602	5.2103	6
165.4	20.1341	4.0024	5.217	6
165.45	20.1343	4.065	5.1994	6
165.5	20.1347	3.8267	5.193	6
165.55	20.1342	3.7739	5.1849	6
165.6	20.1339	4.1282	5.1944	6
165.65	20.1348	3.6869	5.1953	6
165.7	20.1344	3.9893	5.1911	6
165.75	20.1343	3.5974	5.2183	6
165.8	20.1344	4.1135	5.2155	6
165.85	20.1345	4.1693	5.2045	6
165.9	20.1343	3.5342	5.2016	6
165.95	20.1342	3.73	5.1882	6
166	20.1343	4.0949	5.1886	6
166.05	20.134	3.7093	5.1882	6
166.1	20.1337	3.8537	5.19	6
166.15	20.1341	3.9893	5.1997	6
166.2	20.134	3.7541	5.2024	6
166.25	20.1336	3.7587	5.1985	6
166.3	20.1336	3.9962	5.1916	6
166.35	20.1339	3.6785	5.1803	6
166.4	20.1332	3.6233	5.1928	6
166.45	20.1328	4.0407	5.2022	6
166.5	20.1332	3.9659	5.2208	6
166.55	20.133	3.4504	5.2278	6
166.6	20.1322	3.7035	5.2243	6
166.65	20.1323	4.1058	5.2097	6
166.7	20.1328	3.6593	5.1889	6
166.75	20.1321	3.5386	5.1908	6
166.8	20.1316	3.9528	5.2099	6
166.85	20.1319	3.844	5.2046	6
166.9	20.1322	3.2466	5.1938	6
166.95	20.1312	3.9807	5.1922	6
167	20.1314	4.0608	5.2077	6
167.05	20.1322	3.3534	5.1827	6
167.1	20.1312	3.7605	5.1637	6
167.15	20.1308	3.7221	5.2042	6
167.2	20.1312	3.4648	5.2	6
167.25	20.1312	3.9112	5.1898	6
167.3	20.1309	3.5251	5.1907	6
167.35	20.1305	3.5973	5.1856	6
167.4	20.131	3.5074	5.1728	6
167.45	20.1306	3.8957	5.1684	6
167.5	20.1299	3.5817	5.1881	6
167.55	20.1301	3.1917	5.1999	6
167.6	20.13	3.8673	5.1896	6
167.65	20.1301	3.5025	5.1837	6
167.7	20.1295	3.3164	5.1718	6
167.75	20.1295	3.5243	5.1744	6
167.8	20.1297	3.7202	5.1651	6
167.85	20.1296	3.4297	5.1617	6
167.9	20.1287	3.4405	5.1663	6
167.95	20.1289	3.3697	5.1544	6
168	20.129	3.6758	5.1469	6
168.05	20.1293	3.1508	5.1533	6
168.1	20.1283	3.5128	5.1631	6
168.15	20.1285	3.2985	5.1719	6
168.2	20.1289	3.243	5.171	6
168.25	20.1286	3.4124	5.166	6
168.3	20.1279	3.267	5.1691	6
168.35	20.1282	3.1941	5.1656	6
168.4	20.1282	3.7078	5.1632	6
168.45	20.1284	3.1508	5.1575	6
168.5	20.1277	3.0936	5.1664	6
168.55	20.1277	3.1903	5.1558	6
168.6	20.1277	3.5888	5.1438	6
168.65	20.1285	2.621	5.1417	6
168.7	20.127	3.4768	5.1532	6
168.75	20.127	3.2811	5.1568	6
168.8	20.1275	3.1917	5.1684	6
168.85	20.1278	3.0554	5.1656	6
168.9	20.1268	3.149	5.1687	6
168.95	20.1263	3.3978	5.1703	6
169	20.1269	3.0044	5.1775	6
169.05	20.1268	3.3646	5.1772	6
169.1	20.1265	2.9205	5.1822	6
169.15	20.1255	3.1839	5.1839	6
169.2	20.1257	3.2256	5.1854	6
169.25	20.1262	3.0314	5.1903	6
169.3	20.1262	2.9934	5.1774	6
169.35	20.1255	3.0185	5.1831	6
169.4	20.1253	3.0796	5.2013	6
169.45	20.1253	3.3807	5.1995	6
169.5	20.1258	2.9836	5.1923	6
169.55	20.1256	2.7982	5.1982	6
169.6	20.1245	3.247	5.1889	6
169.65	20.1249	3.0002	5.2001	6
169.7	20.1254	2.9662	5.2292	6
169.75	20.1254	3.0361	5.2208	6
169.8	20.1247	2.9166	5.1992	6
169.85	20.1239	3.0711	5.1832	6
169.9	20.124	2.9973	5.1765	6
169.95	20.1244	2.965	5.2082	6
170	20.1243	3.2012	5.2011	6
170.05	20.1236	2.988	5.1983	6
170.1	20.1234	3.1559	5.2146	6
170.15	20.1241	2.7679	5.2292	6
170.2	20.1241	3.1031	5.2231	6
170.25	20.1238	3.4623	5.2125	6
170.3	20.1237	2.7834	5.2147	6
170.35	20.1232	3.1909	5.2102	6
170.4	20.1234	3.1994	5.1875	6
170.45	20.124	3.1079	5.1853	6
170.5	20.1237	3.2106	5.2002	6
170.55	20.1228	3.1141	5.2033	6
170.6	20.1227	3.0192	5.2026	6
170.65	20.1227	3.3829	5.1847	6
170.7	20.1233	3.1257	5.2012	6
170.75	20.1234	2.894	5.202	6
170.8	20.122	3.5157	5.1864	6
170.85	20.1221	3.1141	5.1973	6
170.9	20.1226	2.9733	5.1882	6
170.95	20.1227	3.2359	5.1826	6
171	20.1227	3.3017	5.1897	6
171.05	20.1223	2.8075	5.1924	6
171.1	20.1218	2.9585	5.1813	6
171.15	20.1221	2.959	5.1848	6
171.2	20.1223	3.2393	5.2056	6
171.25	20.123	2.6186	5.2151	6
171.3	20.1219	3.2348	5.2092	6
171.35	20.1213	3.284	5.209	6
171.4	20.1221	2.4864	5.2013	6
171.45	20.122	3.1023	5.1948	6
171.5	20.1223	3.2889	5.193	6
171.55	20.1225	2.5093	5.1861	6
171.6	20.1211	2.8754	5.1884	6
171.65	20.1209	3.1464	5.1944	6
171.7	20.1215	2.7101	5.1895	6
171.75	20.1217	2.6666	5.1925	6
171.8	20.1215	3.0011	5.178	6
171.85	20.1207	2.9587	5.1662	6
171.9	20.1205	2.5917	5.1649	6
171.95	20.1205	2.9516	5.1679	6
172	20.1206	3.1682	5.184	6
172.05	20.1215	2.4033	5.1866	6
172.1	20.1207	2.9182	5.1859	6
172.15	20.1197	2.9999	5.1892	6
172.2	20.1203	2.3804	5.1837	6
172.25	20.1204	2.7422	5.1894	6
172.3	20.1209	2.6076	5.2001	6
172.35	20.1213	2.2846	5.1934	6
172.4	20.1207	2.586	5.1887	6
172.45	20.1199	2.5789	5.1928	6
172.5	20.1199	2.7333	5.1906	6
172.55	20.1202	2.7032	5.1847	6
172.6	20.1206	2.4272	5.1762	6
172.65	20.1201	3.3528	5.1689	6
172.7	20.1202	2.4698	5.1707	6
172.75	20.1191	2.918	5.1894	6
172.8	20.1189	3.0667	5.1942	6
172.85	20.1194	2.9222	5.192	6
172.9	20.1196	2.9321	5.1921	6
172.95	20.1193	3.1813	5.1955	6
173	20.1186	3.0647	5.1914	6
173.05	20.1178	3.2304	5.1823	6
173.1	20.1184	2.9845	5.1926	6
173.15	20.1185	3.3536	5.1776	6
173.2	20.1189	3.1875	5.1842	6
173.25	20.1194	3.0379	5.1882	6
173.3	20.119	3.1397	5.194	6
173.35	20.118	3.1676	5.1929	6
173.4	20.1179	3.085	5.1933	6
173.45	20.1182	3.1051	5.1917	6
173.5	20.1185	3.0863	5.1826	6
173.55	20.1188	3.0569	5.1895	6
173.6	20.1187	2.8691	5.1895	6
173.65	20.1176	3.0877	5.1931	6
173.7	20.1177	2.889	5.1976	6
173.75	20.1181	2.735	5.1991	6
173.8	20.1183	2.9926	5.2083	6
173.85	20.1186	2.903	5.2016	6
173.9	20.1187	2.832	5.1817	6
173.95	20.1179	2.8448	5.1747	6
174	20.1171	2.8786	5.1595	6
174.05	20.117	2.9608	5.1501	6
174.1	20.1172	2.8609	5.1479	6
174.15	20.1173	3.0996	5.1529	6
174.2	20.1178	2.868	5.1552	6
174.25	20.1178	2.9408	5.1437	6
174.3	20.1168	2.8968	5.1591	6
174.35	20.116	3.1365	5.1535	6
174.4	20.1162	3.0365	5.1695	6
174.45	20.1168	2.7323	5.184	6
174.5	20.1168	3.1844	5.1731	6
174.55	20.1171	2.9081	5.1719	6
174.6	20.117	3.1249	5.1531	6
174.65	20.1165	2.6924	5.1489	6
174.7	20.1153	3.2011	5.1638	6
174.75	20.1154	3.1102	5.1815	6
174.8	20.116	2.8119	5.1758	6
174.85	20.1163	2.8971	5.1573	6
174.9	20.1163	3.3478	5.1555	6
174.95	20.1173	2.4871	5.1626	6
175	20.1167	2.5721	5.1613	6
175.05	20.1157	2.8443	5.1885	6
175.1	20.1159	2.7661	5.1776	6
175.15	20.1163	2.5476	5.1746	6
175.2	20.1164	2.7238	5.1908	6
175.25	20.1168	2.6258	5.182	6
175.3	20.1172	2.4701	5.1787	6
175.35	20.1172	2.3898	5.1733	6
175.4	20.1163	2.7903	5.1677	6
175.45	20.1163	2.5623	5.1808	6
175.5	20.1167	2.3243	5.1815	6
175.55	20.1165	2.7645	5.1788	6
175.6	20.1167	2.8363	5.1965	6
175.65	20.1173	2.1985	5.1935	6
175.7	20.1165	2.8118	5.1935	6
175.75	20.1155	2.9155	5.1953	6
175.8	20.1158	2.3008	5.1882	6
175.85	20.1158	2.4444	5.1957	6
175.9	20.1156	2.8108	5.1949	6
175.95	20.1159	2.7131	5.1923	6
176	20.1167	2.0143	5.1915	6
176.05	20.1161	2.6266	5.1757	6
176.1	20.1151	2.7547	5.1679	6
176.15	20.1147	2.5861	5.1644	6
176.2	20.1153	2.1322	5.1621	6
176.25	20.1151	2.8113	5.1718	6
176.3	20.1155	2.5687	5.188	6
176.35	20.1157	2.4389	5.1849	6
176.4	20.116	2.5833	5.1775	6
176.45	20.1156	2.8276	5.1859	6
176.5	20.115	2.4504	5.177	6
176.55	20.1147	2.6057	5.1699	6
176.6	20.1148	2.8628	5.1867	6
176.65	20.1151	2.6974	5.1764	6
176.7	20.1155	2.2445	5.1726	6
176.75	20.1151	3.0113	5.1573	6
176.8	20.1154	2.8088	5.1507	6
176.85	20.1153	2.1903	5.1545	6
176.9	20.1138	2.8753	5.158	6
176.95	20.1136	3.022	5.1627	6
177	20.1141	2.5405	5.1661	6
177.05	20.1143	2.4541	5.1698	6
177.1	20.114	3.2039	5.1654	6
177.15	20.1145	2.7272	5.1551	6
177.2	20.1149	2.6444	5.1544	6
177.25	20.1146	2.7743	5.1554	6
177.3	20.1134	3.0504	5.1451	6
177.35	20.1135	2.6495	5.1356	6
177.4	20.1134	2.8981	5.1248	6
177.45	20.1134	3.0612	5.1402	6
177.5	20.114	2.576	5.1487	6
177.55	20.1141	2.757	5.136	6
177.6	20.1139	3.1488	5.1433	6
177.65	20.1144	2.7589	5.1553	6
177.7	20.114	2.745	5.1582	6
177.75	20.1127	3.0123	5.1511	6
177.8	20.1127	2.7007	5.1563	6
177.85	20.1126	2.9957	5.163	6
177.9	20.1131	2.5656	5.1311	6
177.95	20.1129	3.2137	5.1287	6
178	20.1133	2.9827	5.1467	6
178.05	20.1139	2.5938	5.1296	6
178.1	20.1139	3.0088	5.1241	6
178.15	20.1136	2.9018	5.1396	6
178.2	20.1126	2.9358	5.1549	6
178.25	20.1125	2.9803	5.1607	6
178.3	20.1127	2.885	5.167	6
178.35	20.1127	3.1844	5.1838	6
178.4	20.1134	2.6597	5.1772	6
178.45	20.1135	2.7771	5.1729	6
178.5	20.1136	2.7532	5.184	6
178.55	20.1137	2.8783	5.1649	6
178.6	20.1134	2.7445	5.1519	6
178.65	20.1123	2.9446	5.1559	6
178.7	20.1124	2.6728	5.1617	6
178.75	20.1124	2.9832	5.1572	6
178.8	20.1126	2.9666	5.1355	6
178.85	20.1128	2.8089	5.1221	6
178.9	20.1131	2.6918	5.1536	6
178.95	20.1131	3.1257	5.1513	6
179	20.1136	2.814	5.1494	6
179.05	20.1131	3.2273	5.1544	6
179.1	20.1123	3.0418	5.1468	6
179.15	20.1122	2.8053	5.1482	6
179.2	20.112	3.1096	5.1515	6
179.25	20.1124	3.023	5.1432	6
179.3	20.1129	2.576	5.144	6
179.35	20.1125	3.1605	5.1456	6
179.4	20.1134	2.5909	5.1567	6
179.45	20.1133	2.9327	5.1572	6
179.5	20.1132	2.8658	5.1654	6
179.55	20.1126	2.7684	5.1669	6
179.6	20.1115	3.012	5.1597	6
179.65	20.1116	2.7891	5.1579	6
179.7	20.1117	2.9879	5.165	6
179.75	20.112	2.8239	5.1556	6
179.8	20.1123	2.9325	5.1472	6
179.85	20.1125	2.95	5.1503	6
179.9	20.1125	2.9959	5.1605	6
179.95	20.1126	3.028	5.1501	6
180	20.1126	2.8742	5.1614	6
180.05	20.1121	2.6377	5.1716	6
180.1	20.1112	3.058	5.1543	6
180.15	20.1114	2.7453	5.1507	6
180.2	20.1118	2.6789	5.1377	6
180.25	20.112	2.8261	5.146	6
180.3	20.1123	2.8328	5.1486	6
180.35	20.1125	2.7423	5.1421	6
180.4	20.1125	2.9879	5.1489	6
180.45	20.1129	2.767	5.1537	6
180.5	20.1126	2.6642	5.1636	6
180.55	20.1115	2.9389	5.161	6
180.6	20.1111	3.0188	5.1633	6
180.65	20.1113	2.97	5.1649	6
180.7	20.1116	2.7833	5.1804	6
180.75	20.1116	2.9388	5.1793	6
180.8	20.1115	3.0945	5.1708	6
180.85	20.112	2.6077	5.1579	6
180.9	20.1116	3.2345	5.1552	6
180.95	20.1121	2.7354	5.1395	6
181	20.1121	2.8222	5.1293	6
181.05	20.1112	2.8666	5.1315	6
