Indentation

 + User defined profile

+ User defined profile
   Acquisition rate :	20.0 [Hz]
   Linear load 20.00  µN ; 100.00 µN/min
   Pause in load 2 s
   Linear load 0.00  µN ; 100.00 µN/min
   Pause in load 120 s
   Linear depth 20.00  µm ; 500.00 µm/min
   Pause in depth 120 s
   Linear depth 0.00  µm ; 1000.00 µm/min
+ TTX - UNHT Bio S/N: 1000136751 settings
   Fn contact : 25 µN
   Approach distance : 20 µm
   Approach speed : 100 µm/min
   Retract speed : 200 µm/min
   Retract time : 5 sec
   Dz sensor in large range
   Load in fine range
   FnRef in fine range
   FnRef contactload :500.000 µN
   Stiffness threshold : 1 µN/µm

   X Position :10523.04 µm
   Y Position :38057.90 µm
   Z Position :8370.07 µm

Date :6/9/2026
Time :10:53:47 AM

Analysis n # 1

   Method :	Hertz

 + Parameters

  Load Fit [10%,98%]

 + Main results

   EHz=	505.68 	kPa

 + Hypothesis


 + Additional results

   ErHz=	555.69 kPa
   h offset=	21.14 µm
   R2=	0.93

Analysis n # 2

   Method :	Oliver & Pharr

 + Parameters

  Unload Fit [40%,98%]

 + Main results

   HIT=	0.3763 	kPa
   EIT=	91.724 	kPa
   E*=	100.8 	kPa

 + Hypothesis

   !!! Indenter not calibrated !!!
   Poisson's ratio(nu)=	0.30 

 + Additional results

   HVIT=	3.8358E-005 	 Vickers
   RIT 2.5E-005/12/2=	-2.31 	%
   nIT=	169.11 %
   Fmax=	24.90 	µN
   hmax=	22.18 	µm
   S=	29.2544 	µN/µm
   F/S²=	0.0291 	µm²/µN
   hc=	21.52 	µm
   hr=	21.33 	µm
   hp=	21.05 	µm
   m=	1.3237 
   Epsilon=	0.77 
   R2=	0.997
   Ap=	66159.34 	µm²
   Welast=	11.29 pJ
   Wplast=	-4.62 pJ
   Wtotal=	6.68 pJ
   Er=	100.8 	kPa

Measured values
Time (s)	Pd (µm)	Fn (µN)	FnRef (µN)	SegmentID

0	0	0	5.1507	0
0.05	0.06	0.435	5.1395	0
0.1	0.1212	-0.1732	5.1422	0
0.15	0.1815	0.3189	5.1404	0
0.2	0.2429	0.0524	5.1432	0
0.25	0.3043	0.387	5.1469	0
0.3	0.3664	0.0037	5.1494	0
0.35	0.4282	0.2066	5.1556	0
0.4	0.4905	0.4829	5.1377	0
0.45	0.5535	-0.1292	5.1203	0
0.5	0.6158	0.4158	5.1127	0
0.55	0.6791	0.1561	5.1146	0
0.6	0.7425	0.1053	5.1308	0
0.65	0.8062	0.3679	5.1469	0
0.7	0.8705	0.2493	5.1569	0
0.75	0.935	0.0684	5.1528	0
0.8	0.9993	0.3519	5.1531	0
0.85	1.0639	0.2248	5.1544	0
0.9	1.1287	0.0347	5.1633	0
0.95	1.1935	0.1582	5.1618	0
1	1.2586	0.2169	5.148	0
1.05	1.3246	0.0439	5.1315	0
1.1	1.3908	0.1857	5.1499	0
1.15	1.4573	0.3683	5.1727	0
1.2	1.5241	0.1305	5.1567	0
1.25	1.5912	-0.1451	5.1552	0
1.3	1.6578	0.4543	5.1407	0
1.35	1.7254	0.1626	5.127	0
1.4	1.7935	-0.088	5.1349	0
1.45	1.8605	0.5527	5.1512	0
1.5	1.929	-0.1396	5.156	0
1.55	1.9965	0.5203	5.1465	0
1.6	2.0646	-0.1934	5.1352	0
1.65	2.1323	0.4913	5.1327	0
1.7	2.202	-0.0093	5.1342	0
1.75	2.2712	0.4231	5.1371	0
1.8	2.341	0.2613	5.1441	0
1.85	2.4106	0.4996	5.1505	0
1.9	2.4809	0.0331	5.1571	0
1.95	2.5509	0.3647	5.1447	0
2	2.6214	0.1283	5.1461	0
2.05	2.6919	0.4915	5.1427	0
2.1	2.763	0.128	5.1261	0
2.15	2.8341	0.0704	5.1377	0
2.2	2.905	0.4386	5.1399	0
2.25	2.9763	0.1496	5.1337	0
2.3	3.0473	0.5373	5.1495	0
2.35	3.1196	0.2122	5.1464	0
2.4	3.1917	0.5944	5.1477	0
2.45	3.2711	-9.2245	5.1532	0
2.5	3.3579	-29.0723	5.1301	0
2.55	3.4359	-36.6463	5.1414	0
2.6	3.5102	-38.8784	5.1378	0
2.65	3.5842	-40.333	5.1345	0
2.7	3.6578	-41.1209	5.146	0
2.75	3.7317	-42.1958	5.1372	0
2.8	3.8057	-42.7497	5.1275	0
2.85	3.88	-43.1705	5.1335	0
2.9	3.9545	-43.9867	5.1558	0
2.95	4.0288	-44.5375	5.145	0
3	4.1033	-44.6166	5.1372	0
3.05	4.1785	-45.3998	5.1487	0
3.1	4.2535	-45.6289	5.1434	0
3.15	4.3288	-45.9327	5.1501	0
3.2	4.4043	-46.4836	5.1591	0
3.25	4.4792	-46.2691	5.1579	0
3.3	4.582	-47.564	5.1583	0
3.35	4.7602	-47.1461	5.1616	0
3.4	4.9847	-47.8919	5.1713	0
3.45	5.2153	-49.3397	5.1805	0
3.5	5.4444	-49.7969	5.1747	0
3.55	5.6719	-50.7169	5.161	0
3.6	5.8976	-51.866	5.1427	0
3.65	6.1201	-52.7489	5.1505	0
3.7	6.3391	-53.5714	5.1594	0
3.75	6.5552	-55.1461	5.1626	0
3.8	6.7673	-55.8803	5.1629	0
3.85	6.9766	-57.0129	5.1694	0
3.9	7.1823	-57.9712	5.1676	0
3.95	7.3849	-59.2249	5.1619	0
4	7.5841	-60.257	5.1651	0
4.05	7.7796	-60.7288	5.1537	0
4.1	7.9727	-62.2274	5.1576	0
4.15	8.1624	-63.1529	5.1508	0
4.2	8.3491	-63.7999	5.1434	0
4.25	8.5328	-64.6144	5.1604	0
4.3	8.7141	-65.984	5.1677	0
4.35	8.8916	-65.9602	5.1597	0
4.4	9.0679	-67.761	5.1398	0
4.45	9.24	-67.7743	5.1565	0
4.5	9.4098	-68.9531	5.1582	0
4.55	9.5765	-68.6929	5.1485	0
4.6	9.7427	-70.3894	5.1578	0
4.65	9.9048	-70.0527	5.1468	0
4.7	10.0657	-71.1843	5.15	0
4.75	10.2238	-72.002	5.1577	0
4.8	10.3793	-72.7782	5.1656	0
4.85	10.5324	-72.688	5.167	0
4.9	10.685	-74.4537	5.1659	0
4.95	10.8344	-75.2462	5.1831	0
5	10.9821	-76.4524	5.1783	0
5.05	11.1278	-77.3443	5.1749	0
5.1	11.2712	-77.8697	5.18	0
5.15	11.4125	-78.2151	5.1682	0
5.2	11.552	-78.7012	5.1575	0
5.25	11.6902	-79.6049	5.1633	0
5.3	11.8271	-81.3953	5.1701	0
5.35	11.9618	-82.494	5.1708	0
5.4	12.0948	-83.9479	5.1587	0
5.45	12.2267	-85.9596	5.1421	0
5.5	12.3571	-87.5361	5.1453	0
5.55	12.4861	-89.6145	5.1487	0
5.6	12.6126	-90.2489	5.1509	0
5.65	12.7369	-89.609	5.165	0
5.7	12.861	-90.3467	5.1712	0
5.75	12.9832	-90.7799	5.1548	0
5.8	13.1033	-90.9575	5.1726	0
5.85	13.2223	-90.6656	5.1829	0
5.9	13.3402	-89.83	5.1547	0
5.95	13.4581	-90.1999	5.1558	0
6	13.5747	-90.7535	5.1608	0
6.05	13.6893	-90.3246	5.1446	0
6.1	13.8038	-91.1041	5.1308	0
6.15	13.9166	-91.367	5.1486	0
6.2	14.0302	-93.9798	5.1595	0
6.25	14.148	-103.7517	5.1678	0
6.3	14.2666	-115.7513	5.1622	0
6.35	14.3738	-113.6635	5.154	0
6.4	14.4791	-110.0032	5.1345	0
6.45	14.5842	-107.2172	5.1466	0
6.5	14.6896	-105.8536	5.1621	0
6.55	14.7947	-105.2247	5.1643	0
6.6	14.8994	-105.2887	5.1509	0
6.65	15.0039	-104.8112	5.1399	0
6.7	15.1076	-104.4297	5.1546	0
6.75	15.2105	-104.3984	5.1612	0
6.8	15.3129	-104.7151	5.17	0
6.85	15.4144	-104.498	5.1754	0
6.9	15.5155	-104.6055	5.1603	0
6.95	15.617	-106.1301	5.1424	0
7	15.7179	-107.4305	5.1681	0
7.05	15.8166	-107.0686	5.1743	0
7.1	15.9151	-107.009	5.1653	0
7.15	16.0133	-106.9931	5.1563	0
7.2	16.111	-107.0076	5.1503	0
7.25	16.2085	-107.0319	5.1533	0
7.3	16.3059	-107.7603	5.1639	0
7.35	16.4027	-108.3763	5.1624	0
7.4	16.4991	-108.8727	5.1555	0
7.45	16.5948	-108.8131	5.1361	0
7.5	16.6892	-107.9012	5.1434	0
7.55	16.7828	-106.5337	5.1508	1
7.6	16.8759	-105.7248	5.1486	1
7.65	16.9687	-104.5967	5.1542	1
7.7	17.0614	-103.8746	5.1631	1
7.75	17.166	-100.571	5.1586	1
7.8	17.3444	-90.1323	5.1454	1
7.85	17.5774	-83.4997	5.1437	1
7.9	17.8086	-80.7809	5.1559	1
7.95	18.0374	-77.0659	5.1701	1
8	18.2572	-70.5597	5.1819	1
8.05	18.4643	-65.1025	5.1772	1
8.1	18.6583	-59.2191	5.1701	1
8.15	18.8379	-52.9726	5.1699	1
8.2	19.0028	-47.8495	5.1594	1
8.25	19.155	-42.9259	5.157	1
8.3	19.2944	-38.6057	5.1511	1
8.35	19.4246	-35.8307	5.1504	1
8.4	19.547	-32.7906	5.1493	1
8.45	19.6602	-29.4567	5.1491	1
8.5	19.7638	-25.9801	5.1484	1
8.55	19.8591	-23.2063	5.1572	1
8.6	19.9469	-20.5368	5.1503	1
8.65	20.0293	-19.2098	5.1414	1
8.7	20.1077	-18.0309	5.1614	1
8.75	20.1826	-16.8519	5.1612	1
8.8	20.2556	-17.0322	5.147	1
8.85	20.3307	-18.9514	5.128	1
8.9	20.4042	-15.9389	5.1288	1
8.95	20.4687	-12.7277	5.1386	1
9	20.5274	-10.6815	5.1393	1
9.05	20.5831	-10.1141	5.1483	1
9.1	20.636	-8.9214	5.1372	1
9.15	20.6858	-7.727	5.147	1
9.2	20.7324	-6.8248	5.1668	1
9.25	20.7792	-8.081	5.1719	1
9.3	20.8274	-7.8507	5.1535	1
9.35	20.8724	-6.4391	5.1493	1
9.4	20.915	-5.6175	5.1499	1
9.45	20.9542	-4.1194	5.1364	1
9.5	20.9914	-3.39	5.1466	1
9.55	21.0259	-2.142	5.1422	1
9.6	21.0581	-1.5172	5.1476	1
9.65	21.0892	-1.5313	5.1541	1
9.7	21.1198	-0.8491	5.1543	1
9.75	21.1486	-0.396	5.1553	1
9.8	21.1755	0.5915	5.1581	1
9.85	21.2009	0.5964	5.1497	1
9.9	21.2266	0.4516	5.1432	1
9.95	21.2519	0.8907	5.1532	1
10	21.2765	1.1468	5.1577	1
10.05	21.3014	0.2368	5.1632	1
10.1	21.3288	-0.5713	5.1576	1
10.15	21.3554	0.2038	5.1577	1
10.2	21.38	1.5325	5.1607	1
10.25	21.4014	2.5114	5.1415	1
10.3	21.4222	2.7488	5.1451	1
10.35	21.4416	3.5292	5.1465	1
10.4	21.4601	3.7151	5.1678	1
10.45	21.4779	4.127	5.1872	1
10.5	21.4951	4.4701	5.1752	1
10.55	21.511	4.7947	5.1639	1
10.6	21.5279	3.9877	5.165	1
10.65	21.5447	4.731	5.1513	1
10.7	21.5608	4.425	5.1632	1
10.75	21.5768	4.8499	5.1658	1
10.8	21.5918	5.3067	5.1666	1
10.85	21.606	5.8209	5.1549	1
10.9	21.6193	6.2797	5.14	1
10.95	21.6309	7.0899	5.146	1
11	21.6416	7.2464	5.154	1
11.05	21.6523	7.377	5.1663	1
11.1	21.6624	7.4513	5.1781	1
11.15	21.6722	7.7869	5.1754	1
11.2	21.6819	7.5672	5.1688	1
11.25	21.692	7.7626	5.1782	1
11.3	21.7011	7.9585	5.1756	1
11.35	21.7105	7.938	5.1674	1
11.4	21.7198	8.0248	5.1629	1
11.45	21.7292	8.0217	5.1803	1
11.5	21.7387	8.2068	5.1888	1
11.55	21.7483	7.6566	5.1868	1
11.6	21.7581	7.9095	5.1829	1
11.65	21.7675	8.3692	5.1695	1
11.7	21.7763	8.607	5.1774	1
11.75	21.7846	8.9004	5.183	1
11.8	21.7919	9.7048	5.1786	1
11.85	21.7982	9.8436	5.1921	1
11.9	21.805	9.3688	5.1885	1
11.95	21.8118	9.8841	5.1751	1
12	21.8179	9.9669	5.1724	1
12.05	21.8242	9.6478	5.1724	1
12.1	21.8313	9.8372	5.1762	1
12.15	21.8369	10.5435	5.1617	1
12.2	21.8437	9.4641	5.1667	1
12.25	21.8512	9.8679	5.1751	1
12.3	21.8575	10.5365	5.1522	1
12.35	21.8636	10.2292	5.1506	1
12.4	21.8707	9.8522	5.1466	1
12.45	21.878	10.302	5.1539	1
12.5	21.8848	10.0654	5.164	1
12.55	21.8924	9.9427	5.1528	1
12.6	21.8995	10.6336	5.1583	1
12.65	21.9055	10.771	5.173	1
12.7	21.9125	10.294	5.1639	1
12.75	21.9195	10.792	5.1688	1
12.8	21.9256	10.8831	5.1618	1
12.85	21.9324	10.5807	5.1533	1
12.9	21.9392	11.1728	5.1505	1
12.95	21.945	11.4389	5.1615	1
13	21.9513	10.9881	5.1632	1
13.05	21.958	11.1019	5.1636	1
13.1	21.9645	11.2054	5.1839	1
13.15	21.9718	10.9868	5.1746	1
13.2	21.9786	11.3887	5.1549	1
13.25	21.9839	12.307	5.1485	1
13.3	21.9883	12.3557	5.1632	1
13.35	21.9931	12.3412	5.1709	1
13.4	21.9982	12.5115	5.1632	1
13.45	22.0025	12.5726	5.1714	1
13.5	22.0086	11.5182	5.1602	1
13.55	22.0155	11.8306	5.1552	1
13.6	22.0219	11.996	5.1606	1
13.65	22.0285	11.9787	5.1698	1
13.7	22.0345	12.6383	5.1637	1
13.75	22.0398	12.6543	5.1685	1
13.8	22.0454	12.6492	5.1614	1
13.85	22.0512	12.8312	5.1772	1
13.9	22.0567	12.6877	5.1832	1
13.95	22.0631	12.1021	5.1813	1
14	22.0698	12.5731	5.19	1
14.05	22.0761	12.9607	5.1816	1
14.1	22.0825	12.717	5.1875	1
14.15	22.0893	12.4301	5.1893	1
14.2	22.0963	12.6593	5.1742	1
14.25	22.1025	13.5165	5.1875	1
14.3	22.1075	13.8687	5.1869	1
14.35	22.1127	13.7291	5.1889	1
14.4	22.1168	14.4265	5.1817	1
14.45	22.1204	14.4498	5.1563	1
14.5	22.1241	14.3691	5.157	1
14.55	22.1283	14.6223	5.1736	1
14.6	22.1323	14.6525	5.1706	1
14.65	22.1365	14.818	5.1685	1
14.7	22.1402	14.9154	5.1661	1
14.75	22.1438	14.9712	5.1656	1
14.8	22.1472	15.2705	5.1785	1
14.85	22.1508	15.0989	5.1753	1
14.9	22.1538	15.5303	5.1761	1
14.95	22.1574	15.2339	5.1905	1
15	22.1609	15.348	5.2039	1
15.05	22.165	15.3756	5.2046	1
15.1	22.1686	15.48	5.1945	1
15.15	22.172	15.8271	5.1955	1
15.2	22.1755	15.6093	5.1969	1
15.25	22.1787	16.2043	5.1962	1
15.3	22.1816	15.89	5.1971	1
15.35	22.1852	15.726	5.178	1
15.4	22.189	16.0992	5.1879	1
15.45	22.1916	16.3798	5.1936	1
15.5	22.1952	16.0201	5.1926	1
15.55	22.1983	16.4522	5.1876	1
15.6	22.2008	17.0656	5.1847	1
15.65	22.203	16.7755	5.1712	1
15.7	22.2057	16.9902	5.1601	1
15.75	22.2076	17.3279	5.1547	1
15.8	22.21	17.0676	5.1666	1
15.85	22.212	17.6001	5.1735	1
15.9	22.214	17.4527	5.1765	1
15.95	22.2161	17.149	5.1731	1
16	22.2188	17.5358	5.1527	1
16.05	22.2203	17.7735	5.1725	1
16.1	22.2226	17.4572	5.1737	1
16.15	22.2249	17.9393	5.1713	1
16.2	22.2261	18.2445	5.1757	1
16.25	22.2282	17.8446	5.1692	1
16.3	22.2301	18.0313	5.1729	1
16.35	22.2318	18.7299	5.1952	1
16.4	22.233	18.2199	5.2059	1
16.45	22.2349	18.5832	5.192	1
16.5	22.2362	18.494	5.1831	1
16.55	22.2369	19.0537	5.1906	1
16.6	22.2382	18.709	5.1892	1
16.65	22.2395	19.1217	5.1842	1
16.7	22.2401	19.3223	5.1846	1
16.75	22.2409	19.2147	5.169	1
16.8	22.2419	19.1533	5.1661	1
16.85	22.2427	19.6964	5.174	1
16.9	22.2429	19.6296	5.1792	1
16.95	22.2442	19.1946	5.1772	1
17	22.245	19.9973	5.1605	1
17.05	22.2453	19.9676	5.1848	1
17.1	22.2463	19.6757	5.1968	1
17.15	22.2472	19.8437	5.1834	1
17.2	22.2475	20.3832	5.2052	1
17.25	22.2482	19.8499	5.1919	1
17.3	22.249	20.409	5.1811	1
17.35	22.249	20.4357	5.1808	1
17.4	22.2495	20.4147	5.177	1
17.45	22.2502	20.5166	5.1804	1
17.5	22.2502	20.9439	5.1797	1
17.55	22.2502	20.7001	5.1754	1
17.6	22.2508	20.5712	5.1865	1
17.65	22.251	21.0712	5.1878	1
17.7	22.2511	21.0057	5.18	1
17.75	22.2518	20.8637	5.1725	1
17.8	22.2521	21.3176	5.1769	1
17.85	22.2518	21.3863	5.1832	1
17.9	22.2525	20.9282	5.1739	1
17.95	22.2533	21.3969	5.1639	1
18	22.2532	21.5142	5.1558	1
18.05	22.2538	21.2788	5.1641	1
18.1	22.2546	21.6705	5.1752	1
18.15	22.2541	22.0606	5.1772	1
18.2	22.2543	21.624	5.1967	1
18.25	22.2548	21.811	5.1947	1
18.3	22.2547	22.315	5.1805	1
18.35	22.255	21.9237	5.1774	1
18.4	22.2553	22.0153	5.186	1
18.45	22.2553	22.3104	5.1922	1
18.5	22.2554	22.2572	5.1814	1
18.55	22.2562	22.1862	5.1682	1
18.6	22.2563	22.5211	5.1791	1
18.65	22.2564	22.5314	5.1794	1
18.7	22.2569	22.3675	5.1744	1
18.75	22.2575	22.6716	5.1758	1
18.8	22.2574	22.914	5.192	1
18.85	22.2575	22.9131	5.1873	1
18.9	22.2577	22.7624	5.1921	1
18.95	22.258	23.1124	5.1915	1
19	22.2581	23.0783	5.2016	1
19.05	22.2578	23.3457	5.1973	1
19.1	22.2578	23.1687	5.2095	1
19.15	22.2575	23.6694	5.2027	1
19.2	22.2568	23.8236	5.172	1
19.25	22.2566	23.4786	5.1625	1
19.3	22.256	24.1768	5.1488	1
19.35	22.2548	24.1255	5.1513	1
19.4	22.2547	23.8431	5.1661	1
19.45	22.2541	24.3071	5.1596	1
19.5	22.2528	24.6521	5.1579	1
19.55	22.252	23.9759	5.1646	2
19.6	22.252	24.3323	5.1671	2
19.65	22.2507	24.8906	5.1626	2
19.7	22.2498	24.7081	5.1671	2
19.75	22.2496	24.3912	5.1705	2
19.8	22.2488	25.0846	5.1746	2
19.85	22.2472	24.9293	5.1722	2
19.9	22.2468	24.4352	5.1857	2
19.95	22.246	24.8468	5.1639	2
20	22.2442	25.4392	5.1555	2
20.05	22.2433	24.4218	5.1733	2
20.1	22.2425	25.0622	5.1773	2
20.15	22.2406	25.2221	5.184	2
20.2	22.2391	24.7846	5.1796	2
20.25	22.238	24.9075	5.1697	2
20.3	22.2366	25.0459	5.1822	2
20.35	22.2352	25.2003	5.192	2
20.4	22.2336	24.8919	5.1873	2
20.45	22.2323	25.0273	5.1813	2
20.5	22.2304	25.2597	5.181	2
20.55	22.2288	24.757	5.18	2
20.6	22.2271	25.2353	5.1713	2
20.65	22.2255	25.125	5.1639	2
20.7	22.2237	25.2771	5.1472	2
20.75	22.2221	25.1248	5.1654	2
20.8	22.2198	25.2795	5.1622	2
20.85	22.218	25.1042	5.1494	2
20.9	22.216	25.0378	5.1586	2
20.95	22.2139	25.4237	5.1482	2
21	22.2121	25.033	5.1602	2
21.05	22.2105	25.258	5.1689	2
21.1	22.2086	25.174	5.1688	2
21.15	22.2064	25.3893	5.1836	2
21.2	22.2047	25.0886	5.1775	2
21.25	22.2024	25.3307	5.171	2
21.3	22.2005	25.1559	5.1509	2
21.35	22.1986	24.9193	5.1493	2
21.4	22.1968	25.3075	5.1547	2
21.45	22.1943	25.418	5.1525	2
21.5	22.1925	24.885	5.184	2
21.55	22.1909	25.2343	5.2044	2
21.6	22.1881	25.5124	5.1765	3
21.65	22.1864	24.8955	5.1616	3
21.7	22.1849	24.9494	5.1663	3
21.75	22.1826	25.5482	5.178	3
21.8	22.1801	24.9466	5.1788	3
21.85	22.1786	25.0689	5.1702	3
21.9	22.1767	25.2493	5.1596	3
21.95	22.1738	25.0826	5.1677	3
22	22.172	24.5946	5.1954	3
22.05	22.1701	24.7647	5.2099	3
22.1	22.1672	25.0918	5.1884	3
22.15	22.1651	24.2781	5.1942	3
22.2	22.163	24.815	5.1938	3
22.25	22.1602	24.6952	5.1668	3
22.3	22.158	24.2379	5.1639	3
22.35	22.1559	24.2415	5.1579	3
22.4	22.153	24.6263	5.1377	3
22.45	22.1505	23.9397	5.1446	3
22.5	22.1483	24.2317	5.1473	3
22.55	22.1457	24.3304	5.1603	3
22.6	22.1431	24.1097	5.1696	3
22.65	22.1406	23.8049	5.1743	3
22.7	22.138	23.959	5.178	3
22.75	22.1351	23.9854	5.1623	3
22.8	22.1328	23.5273	5.1602	3
22.85	22.13	23.7511	5.1621	3
22.9	22.1275	23.5407	5.1541	3
22.95	22.1248	23.5721	5.1592	3
23	22.1218	23.5108	5.1563	3
23.05	22.1193	23.0728	5.1579	3
23.1	22.1168	23.1753	5.1474	3
23.15	22.114	23.3551	5.1774	3
23.2	22.1114	22.8834	5.1741	3
23.25	22.1087	23.0113	5.1496	3
23.3	22.106	22.8066	5.1703	3
23.35	22.1034	22.798	5.1767	3
23.4	22.101	22.6887	5.1632	3
23.45	22.0985	22.4666	5.1628	3
23.5	22.0964	22.2928	5.1634	3
23.55	22.0939	22.1587	5.1526	3
23.6	22.0921	22.0173	5.1581	3
23.65	22.0897	22.3565	5.1689	3
23.7	22.0876	21.8714	5.1636	3
23.75	22.0849	22.2646	5.1613	3
23.8	22.0823	21.7991	5.1599	3
23.85	22.0802	22.1218	5.1558	3
23.9	22.0776	21.7457	5.1399	3
23.95	22.0745	22.0296	5.1342	3
24	22.0718	21.5947	5.1384	3
24.05	22.0693	21.5218	5.1421	3
24.1	22.0666	21.4658	5.1423	3
24.15	22.0639	21.7447	5.1509	3
24.2	22.0613	21.1465	5.1676	3
24.25	22.0587	21.611	5.1729	3
24.3	22.0553	21.2031	5.1586	3
24.35	22.0526	21.126	5.1538	3
24.4	22.0495	21.2035	5.163	3
24.45	22.0468	21.1658	5.1703	3
24.5	22.0437	20.8461	5.1667	3
24.55	22.0412	20.9493	5.1697	3
24.6	22.0376	21.0029	5.1563	3
24.65	22.0347	20.8468	5.1343	3
24.7	22.031	20.7297	5.1377	3
24.75	22.0281	20.5676	5.1339	3
24.8	22.0246	20.9352	5.1435	3
24.85	22.0213	20.4805	5.1623	3
24.9	22.0181	20.405	5.1385	3
24.95	22.0151	20.354	5.1526	3
25	22.0112	20.5159	5.1633	3
25.05	22.0083	19.8986	5.1646	3
25.1	22.0056	20.2553	5.1568	3
25.15	22.0024	20.0519	5.1332	3
25.2	21.9991	19.7947	5.1324	3
25.25	21.9965	19.3711	5.1376	3
25.3	21.9928	20.0186	5.1378	3
25.35	21.9896	19.5009	5.1566	3
25.4	21.987	19.4844	5.1868	3
25.45	21.9839	19.483	5.1901	3
25.5	21.9804	19.5903	5.1696	3
25.55	21.9772	19.0116	5.157	3
25.6	21.9747	18.9971	5.1726	3
25.65	21.9715	19.3393	5.1842	3
25.7	21.9679	19.0088	5.1634	3
25.75	21.9649	18.7146	5.168	3
25.8	21.962	19.0294	5.1638	3
25.85	21.9586	18.9687	5.151	3
25.9	21.9555	18.6297	5.1469	3
25.95	21.9528	18.6425	5.15	3
26	21.9491	18.8504	5.1743	3
26.05	21.9458	18.336	5.1872	3
26.1	21.9427	18.2464	5.1809	3
26.15	21.9395	18.4704	5.1571	3
26.2	21.9359	18.346	5.1539	3
26.25	21.9331	18.0087	5.164	3
26.3	21.9297	18.4652	5.1783	3
26.35	21.9262	17.8074	5.1862	3
26.4	21.9234	17.7433	5.1696	3
26.45	21.9207	17.3615	5.1674	3
26.5	21.9184	17.5353	5.1644	3
26.55	21.9155	17.1278	5.1686	3
26.6	21.9133	17.0553	5.168	3
26.65	21.9106	17.2351	5.1823	3
26.7	21.9077	17.4153	5.1869	3
26.75	21.9049	16.9003	5.1808	3
26.8	21.9028	17.0485	5.1892	3
26.85	21.8991	17.367	5.1856	3
26.9	21.8961	16.7133	5.1781	3
26.95	21.8938	16.5291	5.1805	3
27	21.891	17.252	5.1852	3
27.05	21.8872	16.7405	5.1766	3
27.1	21.8847	16.3639	5.1776	3
27.15	21.8819	16.4699	5.1796	3
27.2	21.8789	16.7578	5.1777	3
27.25	21.8755	16.1546	5.1756	3
27.3	21.873	16.1151	5.1689	3
27.35	21.8692	16.6764	5.1487	3
27.4	21.8661	16.0889	5.151	3
27.45	21.8628	16.1176	5.1716	3
27.5	21.8596	16.1377	5.1748	3
27.55	21.856	16.0796	5.1756	3
27.6	21.853	15.8923	5.1821	3
27.65	21.8497	15.9611	5.184	3
27.7	21.8461	15.9143	5.1825	3
27.75	21.8428	15.4132	5.1804	3
27.8	21.8398	15.5867	5.1819	3
27.85	21.836	15.7354	5.1793	3
27.9	21.8328	15.3112	5.1786	3
27.95	21.8296	15.4543	5.188	3
28	21.8256	15.7085	5.2108	3
28.05	21.8216	15.5009	5.2128	3
28.1	21.8184	14.9891	5.2085	3
28.15	21.8147	15.344	5.1852	3
28.2	21.8107	15.134	5.1654	3
28.25	21.807	14.9044	5.1716	3
28.3	21.8039	14.6332	5.183	3
28.35	21.8	15.1024	5.1687	3
28.4	21.7963	14.5278	5.1507	3
28.45	21.7932	14.4786	5.1476	3
28.5	21.7897	14.6236	5.1589	3
28.55	21.786	14.2182	5.163	3
28.6	21.7829	14.2721	5.1481	3
28.65	21.7794	14.325	5.1539	3
28.7	21.7761	13.8971	5.1705	3
28.75	21.7726	14.0052	5.1548	3
28.8	21.7692	13.8861	5.1418	3
28.85	21.766	13.9606	5.1459	3
28.9	21.7628	13.4452	5.1526	3
28.95	21.76	13.6326	5.1585	3
29	21.7567	13.5673	5.1512	3
29.05	21.7541	13.185	5.152	3
29.1	21.7514	13.2611	5.1584	3
29.15	21.7481	13.3073	5.1615	3
29.2	21.7453	12.9877	5.1537	3
29.25	21.7427	12.8549	5.144	3
29.3	21.7395	13.0913	5.149	3
29.35	21.7364	12.9408	5.1531	3
29.4	21.7336	12.7324	5.1498	3
29.45	21.7302	13.0677	5.139	3
29.5	21.7266	12.6175	5.1555	3
29.55	21.7241	12.2145	5.1853	3
29.6	21.721	12.5168	5.1823	3
29.65	21.7177	12.5594	5.1761	3
29.7	21.7152	11.8586	5.1922	3
29.75	21.7124	12.236	5.1908	3
29.8	21.7088	12.2317	5.1777	3
29.85	21.7061	11.7951	5.1562	3
29.9	21.7031	12.0136	5.1445	3
29.95	21.7	11.9579	5.1567	3
30	21.6971	11.7428	5.1522	3
30.05	21.6943	11.7577	5.1607	3
30.1	21.6907	11.6142	5.1522	3
30.15	21.688	11.3511	5.1405	3
30.2	21.6852	11.5766	5.1357	3
30.25	21.6819	11.2914	5.1393	3
30.3	21.6793	11.1142	5.1524	3
30.35	21.6765	11.2878	5.1629	3
30.4	21.6732	11.2123	5.1663	3
30.45	21.6699	10.9906	5.174	3
30.5	21.6667	11.0371	5.1697	3
30.55	21.6632	11.0812	5.1592	3
30.6	21.6599	10.8253	5.1572	3
30.65	21.6566	10.8433	5.1528	3
30.7	21.6529	10.6124	5.1521	3
30.75	21.6495	10.817	5.1609	3
30.8	21.6461	10.6123	5.1634	3
30.85	21.6424	10.6623	5.1711	3
30.9	21.6387	10.5032	5.1632	3
30.95	21.6352	10.6005	5.1543	3
31	21.631	10.4797	5.1584	3
31.05	21.6275	10.299	5.1655	3
31.1	21.6236	10.4367	5.1574	3
31.15	21.6197	10.2679	5.1491	3
31.2	21.6157	10.2034	5.1528	3
31.25	21.612	10.033	5.1506	3
31.3	21.6078	10.2253	5.15	3
31.35	21.6033	10.0657	5.136	3
31.4	21.5994	9.7861	5.127	3
31.45	21.5954	9.9384	5.1339	3
31.5	21.5906	9.9767	5.1324	3
31.55	21.5872	9.0938	5.1367	3
31.6	21.5834	9.6678	5.1507	3
31.65	21.5788	9.6585	5.1374	3
31.7	21.5749	9.2161	5.1244	3
31.75	21.5714	9.2226	5.1388	3
31.8	21.5664	9.6962	5.1398	3
31.85	21.5618	8.9249	5.1377	3
31.9	21.558	9.036	5.1224	3
31.95	21.5537	9.4704	5.1158	3
32	21.549	8.9763	5.1341	3
32.05	21.5456	8.5119	5.1359	3
32.1	21.5409	9.5537	5.1433	3
32.15	21.536	8.8063	5.1396	3
32.2	21.5319	8.6155	5.1504	3
32.25	21.5273	8.7673	5.1573	3
32.3	21.5226	8.4342	5.1456	3
32.35	21.519	7.9973	5.1446	3
32.4	21.5149	8.3639	5.1521	3
32.45	21.5109	7.8788	5.1346	3
32.5	21.5078	7.7247	5.1236	3
32.55	21.5043	7.8731	5.1349	3
32.6	21.5001	7.7329	5.1394	3
32.65	21.4965	7.4702	5.1431	3
32.7	21.4928	7.5374	5.1484	3
32.75	21.49	6.7989	5.1491	3
32.8	21.4871	7.0409	5.1346	3
32.85	21.4849	6.1967	5.154	3
32.9	21.4838	6.4671	5.1647	3
32.95	21.4809	6.6595	5.1488	3
33	21.4788	6.3229	5.1659	3
33.05	21.4769	6.1872	5.1529	3
33.1	21.4746	6.5897	5.1467	3
33.15	21.4717	6.1775	5.1524	3
33.2	21.47	5.9259	5.1558	3
33.25	21.467	6.2894	5.1712	3
33.3	21.4641	6.0811	5.1569	3
33.35	21.4617	5.8683	5.1695	3
33.4	21.4584	6.3833	5.1725	3
33.45	21.455	5.8554	5.1533	3
33.5	21.4532	5.4717	5.1609	3
33.55	21.4502	5.8228	5.1606	3
33.6	21.4472	5.6983	5.1517	4
33.65	21.4449	5.12	5.15	4
33.7	21.4424	5.7143	5.1521	4
33.75	21.4383	5.6449	5.1725	4
33.8	21.4358	5.1405	5.1686	4
33.85	21.4332	5.6021	5.137	4
33.9	21.4295	5.6444	5.1323	4
33.95	21.4264	5.2261	5.1438	4
34	21.4238	5.4365	5.1478	4
34.05	21.4195	6.0623	5.1582	4
34.1	21.4166	5.0772	5.1634	4
34.15	21.4138	5.7145	5.1643	4
34.2	21.41	5.771	5.1549	4
34.25	21.4065	5.424	5.1699	4
34.3	21.4036	5.5617	5.1759	4
34.35	21.4002	5.6668	5.1645	4
34.4	21.3964	5.6532	5.1666	4
34.45	21.3935	5.4414	5.1614	4
34.5	21.3909	5.5631	5.1564	4
34.55	21.3872	5.9017	5.1578	4
34.6	21.3835	5.4769	5.1544	4
34.65	21.3806	5.4207	5.1524	4
34.7	21.377	5.6522	5.1529	4
34.75	21.3735	5.6265	5.1571	4
34.8	21.3706	5.1833	5.1425	4
34.85	21.3671	5.96	5.1369	4
34.9	21.3633	5.4034	5.1762	4
34.95	21.3609	5.259	5.1868	4
35	21.3577	5.7123	5.1778	4
35.05	21.3542	5.555	5.1648	4
35.1	21.3515	5.0657	5.1539	4
35.15	21.3486	5.5749	5.1635	4
35.2	21.3445	5.7469	5.1668	4
35.25	21.3419	5.0157	5.1751	4
35.3	21.3394	5.6503	5.1755	4
35.35	21.3355	5.9417	5.1598	4
35.4	21.3325	4.8737	5.1648	4
35.45	21.3299	5.5204	5.1551	4
35.5	21.3259	5.9963	5.1542	4
35.55	21.3229	5.0715	5.1574	4
35.6	21.32	5.7165	5.1564	4
35.65	21.3157	5.9694	5.1789	4
35.7	21.3125	5.1025	5.1755	4
35.75	21.3096	5.9024	5.1449	4
35.8	21.3054	5.8554	5.1516	4
35.85	21.3023	5.3206	5.1581	4
35.9	21.2991	6.0035	5.1589	4
35.95	21.2948	5.6596	5.1593	4
36	21.2914	5.5504	5.1487	4
36.05	21.2881	5.7094	5.159	4
36.1	21.2845	5.6605	5.1793	4
36.15	21.2811	5.5225	5.1844	4
36.2	21.2773	5.8071	5.1703	4
36.25	21.2732	5.7298	5.1693	4
36.3	21.2703	5.4521	5.1861	4
36.35	21.2669	5.8417	5.1797	4
36.4	21.2628	5.9331	5.1729	4
36.45	21.2594	5.385	5.1692	4
36.5	21.2561	5.8143	5.1687	4
36.55	21.2515	6.0951	5.1792	4
36.6	21.2473	5.5067	5.1846	4
36.65	21.2443	5.5585	5.1833	4
36.7	21.2404	5.9969	5.182	4
36.75	21.2368	5.6752	5.1649	4
36.8	21.2331	5.8426	5.1557	4
36.85	21.2293	5.5913	5.1668	4
36.9	21.2253	6.0195	5.1638	4
36.95	21.2211	5.7714	5.1556	4
37	21.2175	5.7366	5.1585	4
37.05	21.2137	5.9027	5.1753	4
37.1	21.2096	5.854	5.1783	4
37.15	21.2061	5.5102	5.1672	4
37.2	21.203	5.6648	5.1643	4
37.25	21.1994	5.5745	5.1668	4
37.3	21.1962	5.1897	5.1669	4
37.35	21.1937	5.2298	5.1672	4
37.4	21.1904	5.84	5.1734	4
37.45	21.1873	5.1802	5.177	4
37.5	21.1849	5.4027	5.154	4
37.55	21.1815	5.6787	5.1541	4
37.6	21.1782	5.379	5.1541	4
37.65	21.1753	5.4074	5.1381	4
37.7	21.1718	5.6252	5.1468	4
37.75	21.1688	5.1773	5.1581	4
37.8	21.166	5.5977	5.1546	4
37.85	21.1627	5.4546	5.1647	4
37.9	21.1602	5.1374	5.1661	4
37.95	21.1571	5.5753	5.155	4
38	21.1534	5.5879	5.156	4
38.05	21.1504	5.1918	5.1637	4
38.1	21.1474	5.4767	5.1588	4
38.15	21.1438	5.7209	5.1471	4
38.2	21.1407	5.3192	5.1512	4
38.25	21.1377	5.5481	5.1589	4
38.3	21.1339	5.7466	5.1477	4
38.35	21.1307	5.2374	5.145	4
38.4	21.1283	5.4553	5.1533	4
38.45	21.1249	5.5369	5.152	4
38.5	21.1218	5.3325	5.1496	4
38.55	21.1187	5.6235	5.1511	4
38.6	21.1153	5.5868	5.1665	4
38.65	21.112	5.2637	5.1695	4
38.7	21.1089	5.7715	5.1507	4
38.75	21.1053	5.4874	5.1346	4
38.8	21.1024	5.3853	5.1342	4
38.85	21.099	5.7942	5.1538	4
38.9	21.0952	5.6252	5.1769	4
38.95	21.0923	5.1558	5.181	4
39	21.0894	5.5361	5.1797	4
39.05	21.0857	5.8273	5.1654	4
39.1	21.0827	5.2131	5.1835	4
39.15	21.08	5.3853	5.1856	4
39.2	21.076	5.7795	5.1688	4
39.25	21.0727	5.3182	5.165	4
39.3	21.0701	5.2241	5.1703	4
39.35	21.0667	5.7244	5.174	4
39.4	21.0634	5.3729	5.1758	4
39.45	21.0604	5.4241	5.1756	4
39.5	21.057	5.5469	5.1694	4
39.55	21.0538	5.5486	5.1683	4
39.6	21.0506	5.4897	5.1842	4
39.65	21.0471	5.5176	5.1868	4
39.7	21.0443	5.2948	5.1715	4
39.75	21.0411	5.2992	5.165	4
39.8	21.0377	5.5846	5.1805	4
39.85	21.0349	5.1979	5.1739	4
39.9	21.0324	5.321	5.1625	4
39.95	21.0293	5.6701	5.1589	4
40	21.0263	5.2769	5.1593	4
40.05	21.0234	5.3785	5.1624	4
40.1	21.0204	5.3895	5.1801	4
40.15	21.0173	5.531	5.1944	4
40.2	21.0144	5.1247	5.187	4
40.25	21.0119	5.2752	5.1937	4
40.3	21.0089	5.386	5.1863	4
40.35	21.0058	5.0891	5.1913	4
40.4	21.0033	5.206	5.2029	4
40.45	21	5.7594	5.1903	4
40.5	20.9973	5.1914	5.1847	4
40.55	20.994	5.485	5.198	4
40.6	20.991	5.3099	5.189	4
40.65	20.9884	5.5424	5.1853	4
40.7	20.9857	5.0089	5.1795	4
40.75	20.9832	5.3628	5.183	4
40.8	20.9806	4.9456	5.1848	4
40.85	20.9785	5.0015	5.1826	4
40.9	20.9764	5.1148	5.1932	4
40.95	20.974	5.0202	5.1806	4
41	20.972	4.8645	5.1784	4
41.05	20.9704	4.8242	5.1804	4
41.1	20.9678	5.2336	5.1498	4
41.15	20.9654	4.7568	5.1588	4
41.2	20.9635	5.1258	5.1709	4
41.25	20.9611	5.1922	5.1682	4
41.3	20.9588	5.0622	5.1677	4
41.35	20.9566	5.2038	5.1653	4
41.4	20.954	5.1988	5.1554	4
41.45	20.9515	5.1439	5.1488	4
41.5	20.9491	4.9628	5.1635	4
41.55	20.9464	5.2912	5.181	4
41.6	20.9439	5.2536	5.1733	4
41.65	20.9416	5.0856	5.1852	4
41.7	20.9392	5.1234	5.188	4
41.75	20.9366	5.0619	5.1692	4
41.8	20.9342	5.0107	5.1671	4
41.85	20.9319	5.0628	5.174	4
41.9	20.9293	5.1479	5.1767	4
41.95	20.927	5.0724	5.1735	4
42	20.9247	5.3161	5.1619	4
42.05	20.9222	5.0754	5.1626	4
42.1	20.9199	5.0503	5.1809	4
42.15	20.9173	5.3276	5.1634	4
42.2	20.9151	4.9986	5.1608	4
42.25	20.913	4.9845	5.1685	4
42.3	20.9105	5.1521	5.1871	4
42.35	20.908	5.199	5.185	4
42.4	20.9056	4.9705	5.1699	4
42.45	20.9035	5.1963	5.1714	4
42.5	20.9004	5.4712	5.1726	4
42.55	20.898	4.9235	5.183	4
42.6	20.8957	5.1367	5.1822	4
42.65	20.893	5.2611	5.1825	4
42.7	20.8904	5.1653	5.1793	4
42.75	20.8883	4.9533	5.1663	4
42.8	20.8855	5.5684	5.1612	4
42.85	20.8831	4.8782	5.1522	4
42.9	20.8811	5.0836	5.1566	4
42.95	20.8785	5.1991	5.1768	4
43	20.8761	5.0837	5.1784	4
43.05	20.8739	5.0121	5.1685	4
43.1	20.8713	5.3237	5.1729	4
43.15	20.869	5.0338	5.1723	4
43.2	20.8664	5.3206	5.171	4
43.25	20.8639	5.0436	5.1788	4
43.3	20.8619	5.2214	5.1853	4
43.35	20.8589	5.2445	5.1656	4
43.4	20.8568	4.8576	5.1487	4
43.45	20.855	4.8746	5.1456	4
43.5	20.8525	5.3626	5.143	4
43.55	20.8504	4.6383	5.1499	4
43.6	20.8486	4.9941	5.1516	4
43.65	20.8461	5.1706	5.1368	4
43.7	20.8444	4.7617	5.1406	4
43.75	20.8427	4.9241	5.1464	4
43.8	20.84	5.1721	5.1312	4
43.85	20.8379	4.8431	5.1451	4
43.9	20.8361	4.8223	5.1381	4
43.95	20.834	5.1041	5.1372	4
44	20.832	5.0921	5.1554	4
44.05	20.8294	4.9828	5.1446	4
44.1	20.8275	4.9276	5.1498	4
44.15	20.8251	5.2771	5.1511	4
44.2	20.8229	4.9709	5.1298	4
44.25	20.8211	4.8576	5.1242	4
44.3	20.8188	5.1997	5.1424	4
44.35	20.8166	4.876	5.1771	4
44.4	20.8143	5.1608	5.1873	4
44.45	20.8117	5.2468	5.1768	4
44.5	20.8095	5.0103	5.1744	4
44.55	20.807	5.1895	5.1879	4
44.6	20.8045	5.2218	5.1956	4
44.65	20.8021	4.8994	5.1781	4
44.7	20.8003	5.0951	5.1639	4
44.75	20.7977	5.3442	5.1546	4
44.8	20.7952	5.1355	5.1516	4
44.85	20.7926	5.1555	5.1698	4
44.9	20.7899	5.2752	5.1743	4
44.95	20.7871	5.2031	5.1663	4
45	20.7844	5.3593	5.1584	4
45.05	20.7813	5.4325	5.1492	4
45.1	20.7785	5.1434	5.1532	4
45.15	20.7761	5.2647	5.1746	4
45.2	20.7731	5.334	5.1853	4
45.25	20.7705	5.2153	5.1736	4
45.3	20.7685	5.0435	5.1766	4
45.35	20.7656	5.349	5.179	4
45.4	20.7627	5.0832	5.1581	4
45.45	20.7604	4.8932	5.1373	4
45.5	20.7584	5.1622	5.1538	4
45.55	20.7559	5.3539	5.1695	4
45.6	20.7533	4.933	5.1724	4
45.65	20.7508	5.314	5.1669	4
45.7	20.7481	5.0385	5.1612	4
45.75	20.7454	5.4784	5.1533	4
45.8	20.7425	5.098	5.1438	4
45.85	20.7398	5.1983	5.1494	4
45.9	20.7371	5.3659	5.1398	4
45.95	20.7344	5.4113	5.1565	4
46	20.7314	5.3996	5.1663	4
46.05	20.7285	5.0568	5.1597	4
46.1	20.726	5.3997	5.1396	4
46.15	20.7232	5.2417	5.1427	4
46.2	20.72	5.292	5.1635	4
46.25	20.7171	5.188	5.1518	4
46.3	20.715	5.3502	5.1508	4
46.35	20.7121	5.5461	5.1733	4
46.4	20.7092	5.1339	5.1697	4
46.45	20.7063	5.1297	5.1509	4
46.5	20.7037	5.4833	5.1505	4
46.55	20.7006	5.4999	5.1575	4
46.6	20.6977	5.2327	5.1644	4
46.65	20.695	5.1245	5.1692	4
46.7	20.6922	5.5192	5.1494	4
46.75	20.6894	5.1262	5.1701	4
46.8	20.6872	4.9095	5.1541	4
46.85	20.6843	5.5334	5.1441	4
46.9	20.6819	5.02	5.1612	4
46.95	20.6795	5.2089	5.1756	4
47	20.6765	5.3918	5.1759	4
47.05	20.6738	5.1449	5.1621	4
47.1	20.6715	5.1761	5.1485	4
47.15	20.6688	5.2211	5.1407	4
47.2	20.6664	5.1005	5.1467	4
47.25	20.6637	5.1822	5.1627	4
47.3	20.6616	5.1088	5.1597	4
47.35	20.6587	5.5092	5.1474	4
47.4	20.6561	4.9839	5.1592	4
47.45	20.6535	5.2517	5.1598	4
47.5	20.6512	4.9987	5.1684	4
47.55	20.6485	5.4011	5.1557	4
47.6	20.6463	4.999	5.1592	4
47.65	20.6443	4.9171	5.169	4
47.7	20.6422	5.1516	5.1672	4
47.75	20.6397	5.1589	5.1666	4
47.8	20.6372	4.9198	5.1655	4
47.85	20.6353	5.0211	5.1511	4
47.9	20.6328	5.1586	5.1546	4
47.95	20.6299	5.3623	5.1652	4
48	20.6279	4.7227	5.1657	4
48.05	20.6254	5.3334	5.1645	4
48.1	20.6228	5.0602	5.1668	4
48.15	20.6206	5.031	5.1743	4
48.2	20.6181	5.1121	5.1782	4
48.25	20.6154	5.3161	5.1763	4
48.3	20.6126	5.0648	5.1744	4
48.35	20.6105	4.9421	5.1736	4
48.4	20.6082	5.3436	5.1772	4
48.45	20.6052	5.3391	5.1642	4
48.5	20.603	5.0545	5.1597	4
48.55	20.6004	5.2017	5.1666	4
48.6	20.5976	5.2226	5.1774	4
48.65	20.5953	5.0048	5.1763	4
48.7	20.5926	5.2378	5.1624	4
48.75	20.59	5.2781	5.1512	4
48.8	20.5876	5.1179	5.1502	4
48.85	20.5851	5.0951	5.1443	4
48.9	20.5826	5.2045	5.1545	4
48.95	20.5799	5.2251	5.1534	4
49	20.5771	5.0742	5.1578	4
49.05	20.575	5.1164	5.1772	4
49.1	20.5722	5.3872	5.1849	4
49.15	20.5696	5.231	5.1745	4
49.2	20.5673	5.0174	5.1652	4
49.25	20.5646	5.4782	5.1613	4
49.3	20.5615	5.2787	5.1639	4
49.35	20.5593	5.0159	5.1484	4
49.4	20.5564	5.1761	5.1597	4
49.45	20.5538	5.3503	5.1578	4
49.5	20.5512	5.3763	5.1447	4
49.55	20.5485	5.1407	5.1716	4
49.6	20.546	5.2772	5.1749	4
49.65	20.5431	5.3481	5.161	4
49.7	20.5405	5.012	5.1659	4
49.75	20.538	5.2913	5.1706	4
49.8	20.535	5.5106	5.16	4
49.85	20.5321	5.1369	5.1558	4
49.9	20.5298	5.0997	5.1602	4
49.95	20.5275	5.3032	5.1704	4
50	20.5241	5.4316	5.1837	4
50.05	20.5213	4.9164	5.1765	4
50.1	20.5194	4.9964	5.1754	4
50.15	20.5162	5.7823	5.1712	4
50.2	20.5124	5.2338	5.1838	4
50.25	20.5107	4.5315	5.1907	4
50.3	20.5083	5.6097	5.1791	4
50.35	20.5048	5.447	5.1674	4
50.4	20.5028	4.7603	5.1499	4
50.45	20.501	5.2655	5.1641	4
50.5	20.497	5.8575	5.1734	4
50.55	20.4939	4.9627	5.1718	4
50.6	20.4925	4.9606	5.1743	4
50.65	20.4892	5.7414	5.1671	4
50.7	20.4859	5.2516	5.1561	4
50.75	20.484	4.7276	5.1528	4
50.8	20.4814	5.6278	5.1559	4
50.85	20.4777	5.6042	5.1559	4
50.9	20.4753	5.0202	5.1649	4
50.95	20.4731	5.2593	5.1715	4
51	20.4695	5.4989	5.1791	4
51.05	20.4665	4.9739	5.1791	4
51.1	20.4648	4.9529	5.1684	4
51.15	20.4619	5.5964	5.1677	4
51.2	20.4589	5.1411	5.1801	4
51.25	20.4569	4.8429	5.1694	4
51.3	20.4542	5.4585	5.1517	4
51.35	20.451	5.2508	5.1779	4
51.4	20.4485	5.1152	5.1864	4
51.45	20.4457	5.1741	5.173	4
51.5	20.443	5.3793	5.1753	4
51.55	20.4402	4.9961	5.178	4
51.6	20.4382	5.0497	5.1797	4
51.65	20.4358	5.2017	5.1758	4
51.7	20.4334	5.1859	5.182	4
51.75	20.4313	4.9604	5.1771	4
51.8	20.4293	5.0372	5.1606	4
51.85	20.4266	5.1745	5.17	4
51.9	20.4243	4.7939	5.1675	4
51.95	20.4228	4.8639	5.1581	4
52	20.4206	5.2818	5.1777	4
52.05	20.4176	5.102	5.1787	4
52.1	20.4155	4.7323	5.1815	4
52.15	20.4133	5.0536	5.1899	4
52.2	20.4109	5.1832	5.1682	4
52.25	20.4079	5.4286	5.1755	4
52.3	20.4055	4.6783	5.1837	4
52.35	20.4031	5.3092	5.1783	4
52.4	20.4	5.4461	5.1686	4
52.45	20.3976	4.8752	5.1762	4
52.5	20.3952	5.4829	5.1968	4
52.55	20.3924	5.3117	5.185	4
52.6	20.3899	5.2701	5.1683	4
52.65	20.3872	5.4101	5.1559	4
52.7	20.3842	5.2647	5.1616	4
52.75	20.3811	5.365	5.1763	4
52.8	20.3787	4.8196	5.1727	4
52.85	20.3759	5.4898	5.1725	4
52.9	20.3731	5.0975	5.1744	4
52.95	20.371	5.017	5.1579	4
53	20.3682	5.4098	5.1704	4
53.05	20.3652	5.2815	5.1801	4
53.1	20.363	5.0661	5.1768	4
53.15	20.3604	5.2904	5.1758	4
53.2	20.3572	5.281	5.1666	4
53.25	20.355	4.9334	5.1534	4
53.3	20.3524	5.2192	5.1442	4
53.35	20.3497	5.2579	5.149	4
53.4	20.3477	4.7413	5.1574	4
53.45	20.3456	5.2832	5.17	4
53.5	20.3431	5.1756	5.1608	4
53.55	20.3404	4.9106	5.1484	4
53.6	20.3385	5.0182	5.1556	4
53.65	20.3355	5.2689	5.1603	4
53.7	20.3333	4.6604	5.1564	4
53.75	20.332	4.6733	5.155	4
53.8	20.3302	4.7146	5.1464	4
53.85	20.3283	4.9038	5.1345	4
53.9	20.327	4.7605	5.1432	4
53.95	20.3249	5.1608	5.1473	4
54	20.3226	4.8532	5.1518	4
54.05	20.3206	4.9877	5.1506	4
54.1	20.3187	4.7568	5.1559	4
54.15	20.3165	5.113	5.1636	4
54.2	20.3142	4.9337	5.1433	4
54.25	20.3123	4.7731	5.1315	4
54.3	20.3102	5.2462	5.1421	4
54.35	20.3076	5.0731	5.1354	4
54.4	20.3053	4.9417	5.1363	4
54.45	20.3024	5.4061	5.1345	4
54.5	20.2999	4.9239	5.1416	4
54.55	20.298	4.9771	5.1482	4
54.6	20.2955	5.2044	5.151	4
54.65	20.2929	5.1439	5.1565	4
54.7	20.2906	4.957	5.1449	4
54.75	20.2879	5.5172	5.1468	4
54.8	20.2847	5.2456	5.1466	4
54.85	20.2827	4.8917	5.1477	4
54.9	20.2805	5.2347	5.1542	4
54.95	20.2772	5.5395	5.1449	4
55	20.2749	4.6006	5.1271	4
55.05	20.2733	5.0387	5.1298	4
55.1	20.2705	5.4323	5.1382	4
55.15	20.268	4.8993	5.1405	4
55.2	20.2665	4.8715	5.1331	4
55.25	20.2638	5.3484	5.1275	4
55.3	20.2611	4.9149	5.1359	4
55.35	20.2594	4.9228	5.1357	4
55.4	20.2571	5.011	5.1313	4
55.45	20.2546	4.8843	5.1345	4
55.5	20.2527	4.8906	5.1338	4
55.55	20.2504	5.3367	5.1412	4
55.6	20.248	5.2088	5.135	4
55.65	20.2457	5.121	5.1316	4
55.7	20.243	5.0666	5.1267	4
55.75	20.2405	5.215	5.1228	4
55.8	20.2383	4.9296	5.1257	4
55.85	20.236	5.2494	5.1253	4
55.9	20.233	5.2557	5.1418	4
55.95	20.2307	4.8676	5.1472	4
56	20.2282	5.2199	5.1224	4
56.05	20.2257	5.2887	5.1242	4
56.1	20.2231	4.8499	5.1197	4
56.15	20.2208	5.2223	5.0948	4
56.2	20.2182	5.0507	5.0968	4
56.25	20.2158	4.9883	5.106	4
56.3	20.2139	5.1665	5.1193	4
56.35	20.2114	5.2117	5.1251	4
56.4	20.209	5.0391	5.1263	4
56.45	20.2072	4.9632	5.1359	4
56.5	20.2048	5.128	5.1419	4
56.55	20.2027	4.9261	5.1355	4
56.6	20.1999	5.1884	5.1384	4
56.65	20.1974	4.803	5.1246	4
56.7	20.1951	5.0608	5.1366	4
56.75	20.1927	5.0849	5.1231	4
56.8	20.1904	5.0511	5.1103	4
56.85	20.1882	4.9598	5.1194	4
56.9	20.1866	5.0353	5.1186	4
56.95	20.184	4.9623	5.126	4
57	20.1818	4.9588	5.1345	4
57.05	20.18	4.7695	5.1351	4
57.1	20.1779	5.1793	5.1341	4
57.15	20.1758	4.9985	5.1306	4
57.2	20.1737	4.7111	5.1291	4
57.25	20.1721	4.8933	5.1226	4
57.3	20.1704	4.9459	5.1263	4
57.35	20.1684	4.6908	5.1281	4
57.4	20.1667	4.9176	5.1155	4
57.45	20.1645	4.7766	5.1248	4
57.5	20.1632	4.7159	5.1342	4
57.55	20.1609	5.105	5.1413	4
57.6	20.1589	4.6468	5.1476	4
57.65	20.1573	4.6091	5.1254	4
57.7	20.1553	5.1006	5.1186	4
57.75	20.1532	4.7443	5.1235	4
57.8	20.1516	4.88	5.1148	4
57.85	20.1498	4.7327	5.1257	4
57.9	20.1477	5.0329	5.1217	4
57.95	20.1457	4.8187	5.0985	4
58	20.1439	4.7877	5.0907	4
58.05	20.1417	5.0523	5.0922	4
58.1	20.1395	4.7719	5.1212	4
58.15	20.1379	4.9387	5.1241	4
58.2	20.1357	5.253	5.1115	4
58.25	20.1336	4.6012	5.1208	4
58.3	20.1321	4.6886	5.1202	4
58.35	20.1301	5.0208	5.1175	4
58.4	20.1284	4.8264	5.1272	4
58.45	20.1266	4.7777	5.118	4
58.5	20.1242	5.1342	5.1214	4
58.55	20.1222	5.0134	5.1162	4
58.6	20.1203	4.819	5.1183	4
58.65	20.1183	4.8638	5.1078	4
58.7	20.1168	4.5456	5.1077	4
58.75	20.1155	4.7712	5.1177	4
58.8	20.113	5.0871	5.1105	4
58.85	20.1111	4.6658	5.1244	4
58.9	20.1094	4.9712	5.1315	4
58.95	20.1066	5.4866	5.1371	4
59	20.1037	5.079	5.1451	4
59.05	20.102	4.5768	5.1252	4
59.1	20.0998	5.4384	5.1272	4
59.15	20.0967	5.1939	5.1325	4
59.2	20.0949	4.5416	5.1222	4
59.25	20.0931	5.3105	5.1202	4
59.3	20.09	5.3327	5.1295	4
59.35	20.0878	4.7455	5.1267	4
59.4	20.0858	5.1533	5.125	4
59.45	20.0831	5.1029	5.1149	4
59.5	20.0809	4.9799	5.1148	4
59.55	20.0789	5.01	5.1227	4
59.6	20.0762	5.2486	5.1153	4
59.65	20.0736	5.1396	5.1356	4
59.7	20.0714	5.2283	5.1464	4
59.75	20.0685	5.2071	5.1401	4
59.8	20.0665	5.0067	5.1374	4
59.85	20.0642	5.0571	5.1308	4
59.9	20.0617	5.1357	5.132	4
59.95	20.0594	4.9762	5.1257	4
60	20.057	4.9072	5.1203	4
60.05	20.0548	5.0807	5.1274	4
60.1	20.0528	5.0758	5.1294	4
60.15	20.0505	5.0444	5.1246	4
60.2	20.0482	5.0319	5.1275	4
60.25	20.0459	4.9251	5.1324	4
60.3	20.0441	4.9253	5.1187	4
60.35	20.0416	5.1554	5.1159	4
60.4	20.0395	4.9108	5.1326	4
60.45	20.0377	4.8357	5.1584	4
60.5	20.0353	5.1856	5.149	4
60.55	20.0329	5.025	5.1237	4
60.6	20.0307	4.8226	5.1295	4
60.65	20.0287	5.1633	5.1231	4
60.7	20.0257	5.0906	5.1019	4
60.75	20.0236	4.893	5.0941	4
60.8	20.0216	4.9747	5.0822	4
60.85	20.0188	5.2409	5.0891	4
60.9	20.0168	4.7748	5.0975	4
60.95	20.0148	5.1647	5.1008	4
61	20.0121	5.124	5.0905	4
61.05	20.0103	4.6236	5.0973	4
61.1	20.0083	5.276	5.1034	4
61.15	20.0055	5.1841	5.099	4
61.2	20.0032	4.623	5.0887	4
61.25	20.0017	4.9361	5.0855	4
61.3	19.9989	5.1991	5.0896	4
61.35	19.9969	4.7654	5.0915	4
61.4	19.9954	4.6735	5.0933	4
61.45	19.9934	5.1297	5.1055	4
61.5	19.9907	5.076	5.1127	4
61.55	19.9894	4.2798	5.1102	4
61.6	19.9876	5.2459	5.1056	4
61.65	19.9847	5.3605	5.1077	4
61.7	19.9826	4.7436	5.1266	4
61.75	19.9813	4.8082	5.139	4
61.8	19.9789	5.3113	5.1382	4
61.85	19.9765	4.803	5.1301	4
61.9	19.975	4.6116	5.1248	4
61.95	19.9733	5.22	5.1235	4
62	19.9711	4.6837	5.1263	4
62.05	19.9696	4.8683	5.1348	4
62.1	19.9676	4.9282	5.1348	4
62.15	19.9653	4.8206	5.1272	4
62.2	19.9637	4.7085	5.139	4
62.25	19.9621	4.6491	5.1416	4
62.3	19.9602	5.0027	5.1359	4
62.35	19.9587	4.5048	5.1188	4
62.4	19.9575	4.5886	5.1242	4
62.45	19.9559	5.0236	5.15	4
62.5	19.9541	4.5307	5.1589	4
62.55	19.9525	4.6904	5.1553	4
62.6	19.9511	4.5534	5.1494	4
62.65	19.9496	4.7669	5.1457	4
62.7	19.9484	4.415	5.159	4
62.75	19.9474	4.7437	5.1525	4
62.8	19.9461	4.5731	5.1388	4
62.85	19.9445	4.6417	5.1546	4
62.9	19.9429	4.6998	5.1566	4
62.95	19.9417	4.5272	5.1347	4
63	19.9403	4.6419	5.1233	4
63.05	19.9387	4.638	5.1378	4
63.1	19.9378	4.4261	5.1374	4
63.15	19.9367	4.6569	5.1403	4
63.2	19.9349	4.7775	5.1476	4
63.25	19.933	4.8255	5.1347	4
63.3	19.9316	4.4614	5.1289	4
63.35	19.9301	4.7677	5.1383	4
63.4	19.9284	4.9343	5.1282	4
63.45	19.9269	4.4936	5.1206	4
63.5	19.9256	4.6483	5.1315	4
63.55	19.9238	4.9118	5.1419	4
63.6	19.922	4.652	5.1484	4
63.65	19.9206	4.7027	5.1486	4
63.7	19.9187	4.9671	5.1495	4
63.75	19.917	4.7442	5.1442	4
63.8	19.9155	4.7262	5.1307	4
63.85	19.9136	4.9716	5.1287	4
63.9	19.9112	4.9111	5.1086	4
63.95	19.9097	4.5222	5.1197	4
64	19.908	5.015	5.1308	4
64.05	19.9059	4.9602	5.1281	4
64.1	19.9042	4.81	5.1277	4
64.15	19.9023	4.8838	5.1183	4
64.2	19.9001	5.1708	5.1208	4
64.25	19.8981	4.7642	5.1303	4
64.3	19.8962	4.8749	5.1426	4
64.35	19.894	4.8505	5.1407	4
64.4	19.8922	4.7291	5.1363	4
64.45	19.8905	4.7738	5.1495	4
64.5	19.8884	5.1484	5.1593	4
64.55	19.8868	4.5715	5.148	4
64.6	19.8852	5.0178	5.1394	4
64.65	19.8828	4.8767	5.1407	4
64.7	19.881	4.5784	5.1428	4
64.75	19.8799	4.5948	5.1388	4
64.8	19.8783	4.907	5.1342	4
64.85	19.8767	4.5526	5.1503	4
64.9	19.8756	4.5614	5.1423	4
64.95	19.8739	4.7629	5.1298	4
65	19.8721	4.9258	5.1466	4
65.05	19.8706	4.4768	5.1516	4
65.1	19.8689	5.0166	5.1398	4
65.15	19.8664	4.9484	5.1288	4
65.2	19.8653	4.4732	5.1253	4
65.25	19.8637	4.9242	5.133	4
65.3	19.8618	4.6953	5.1295	4
65.35	19.8603	4.6194	5.1279	4
65.4	19.8586	5.1039	5.1493	4
65.45	19.8564	4.8006	5.152	4
65.5	19.8553	4.5807	5.1567	4
65.55	19.8534	4.9974	5.1371	4
65.6	19.8516	4.6682	5.1273	4
65.65	19.8504	4.555	5.1287	4
65.7	19.8487	4.9773	5.1144	4
65.75	19.8462	4.8128	5.1167	4
65.8	19.8449	4.5945	5.1142	4
65.85	19.8432	4.8541	5.1058	4
65.9	19.8409	5.0829	5.1105	4
65.95	19.8394	4.6393	5.1127	4
66	19.8378	4.8054	5.1229	4
66.05	19.8357	4.9642	5.123	4
66.1	19.8336	4.8058	5.1201	4
66.15	19.8317	4.9441	5.1147	4
66.2	19.8302	4.8254	5.1111	4
66.25	19.8281	4.8191	5.1195	4
66.3	19.8264	4.8354	5.1239	4
66.35	19.8247	4.7527	5.1172	4
66.4	19.823	4.8134	5.137	4
66.45	19.8208	4.9314	5.1361	4
66.5	19.8191	4.741	5.1171	4
66.55	19.8174	4.8868	5.1084	4
66.6	19.8152	5.08	5.104	4
66.65	19.8132	4.7896	5.1087	4
66.7	19.8117	4.5947	5.1363	4
66.75	19.8093	5.2972	5.1325	4
66.8	19.8071	4.8163	5.1276	4
66.85	19.8055	4.7914	5.1187	4
66.9	19.8034	5.0099	5.1269	4
66.95	19.8008	5.1163	5.1327	4
67	19.7991	4.5906	5.1292	4
67.05	19.7977	4.978	5.12	4
67.1	19.7955	5.0276	5.1109	4
67.15	19.7934	4.9268	5.1305	4
67.2	19.7922	4.4941	5.1607	4
67.25	19.7897	5.305	5.1416	4
67.3	19.7875	4.8096	5.1214	4
67.35	19.7862	4.6623	5.1268	4
67.4	19.7839	5.216	5.1361	4
67.45	19.7816	5.0939	5.133	4
67.5	19.7806	4.3382	5.1392	4
67.55	19.7788	5.3039	5.1487	4
67.6	19.7764	4.8075	5.1506	4
67.65	19.7747	4.7793	5.1392	4
67.7	19.7732	4.5748	5.1206	4
67.75	19.7709	5.27	5.1091	4
67.8	19.769	4.747	5.1191	4
67.85	19.7675	4.607	5.129	4
67.9	19.7655	5.1406	5.1221	4
67.95	19.763	4.741	5.1273	4
68	19.7611	4.7706	5.1226	4
68.05	19.7596	4.9161	5.1247	4
68.1	19.7574	5.0028	5.1146	4
68.15	19.7556	4.7357	5.1087	4
68.2	19.7539	4.88	5.1213	4
68.25	19.7515	5.2549	5.1176	4
68.3	19.7492	4.7587	5.1295	4
68.35	19.7471	5.109	5.1366	4
68.4	19.7446	5.1407	5.146	4
68.45	19.7427	4.8361	5.1389	4
68.5	19.7407	4.9816	5.1268	4
68.55	19.7384	4.9956	5.1393	4
68.6	19.7364	4.9231	5.1289	4
68.65	19.7347	4.8782	5.1157	4
68.7	19.7322	5.0413	5.1231	4
68.75	19.7312	4.1219	5.125	4
68.8	19.7307	4.2057	5.1216	4
68.85	19.7297	4.521	5.1221	4
68.9	19.7288	4.2884	5.113	4
68.95	19.7281	4.4847	5.1114	4
69	19.7268	4.7745	5.1104	4
69.05	19.7252	4.564	5.1203	4
69.1	19.7242	4.5968	5.1285	4
69.15	19.7224	4.7131	5.1285	4
69.2	19.7207	4.7268	5.1521	4
69.25	19.7199	4.2416	5.1448	4
69.3	19.7187	4.9022	5.1313	4
69.35	19.7173	4.2149	5.1521	4
69.4	19.7165	4.3519	5.1516	4
69.45	19.7156	4.5328	5.1422	4
69.5	19.7142	4.5932	5.13	4
69.55	19.7134	4.2795	5.1197	4
69.6	19.7124	4.5862	5.1231	4
69.65	19.7113	4.5933	5.1456	4
69.7	19.7101	4.6162	5.1535	4
69.75	19.7094	4.1958	5.1464	4
69.8	19.7078	4.7987	5.1493	4
69.85	19.7066	4.475	5.1555	4
69.9	19.7055	4.5328	5.1406	4
69.95	19.7045	4.5568	5.1486	4
70	19.7024	4.8439	5.1477	4
70.05	19.7011	4.5133	5.1472	4
70.1	19.7001	4.5124	5.1509	4
70.15	19.6987	4.8637	5.1501	4
70.2	19.6974	4.4076	5.1479	4
70.25	19.6961	4.5478	5.1475	4
70.3	19.6949	4.5069	5.1513	4
70.35	19.6939	4.5274	5.1623	4
70.4	19.6924	4.7802	5.1589	4
70.45	19.6911	4.3516	5.1302	4
70.5	19.6897	4.7446	5.1348	4
70.55	19.6881	4.8167	5.1273	4
70.6	19.6868	4.5001	5.1229	4
70.65	19.6855	4.8474	5.1211	4
70.7	19.6841	4.3356	5.1221	4
70.75	19.6829	4.6608	5.1216	4
70.8	19.6815	4.7042	5.1163	4
70.85	19.68	4.5679	5.1175	4
70.9	19.6786	4.5755	5.1008	4
70.95	19.6774	4.5891	5.0924	4
71	19.6753	5.0433	5.1266	4
71.05	19.6741	4.4266	5.1425	4
71.1	19.6725	5.0161	5.1358	4
71.15	19.6706	4.8472	5.1145	4
71.2	19.6689	4.8233	5.1242	4
71.25	19.6671	4.8066	5.133	4
71.3	19.6651	4.805	5.1239	4
71.35	19.6635	4.7877	5.1259	4
71.4	19.6621	4.7959	5.1315	4
71.45	19.6603	4.7483	5.1208	4
71.5	19.6581	4.922	5.1182	4
71.55	19.6566	4.5499	5.1001	4
71.6	19.6551	5.0459	5.1091	4
71.65	19.6528	4.9184	5.1088	4
71.7	19.651	4.6736	5.1314	4
71.75	19.6496	4.7611	5.1348	4
71.8	19.6474	5.0495	5.123	4
71.85	19.6455	4.7228	5.1394	4
71.9	19.644	4.7672	5.1315	4
71.95	19.6419	4.9612	5.1257	4
72	19.6403	4.6179	5.1275	4
72.05	19.6389	4.8151	5.1122	4
72.1	19.6368	4.9913	5.1159	4
72.15	19.6347	4.8411	5.1193	4
72.2	19.6331	4.6409	5.1178	4
72.25	19.6313	4.9401	5.13	4
72.3	19.6294	4.9242	5.1307	4
72.35	19.6277	4.794	5.1337	4
72.4	19.626	4.7818	5.1412	4
72.45	19.6238	4.8418	5.1457	4
72.5	19.6223	4.8338	5.1504	4
72.55	19.6211	4.6302	5.1485	4
72.6	19.6195	4.9289	5.1265	4
72.65	19.6174	4.8022	5.1218	4
72.7	19.6158	4.6897	5.1324	4
72.75	19.614	4.9018	5.1364	4
72.8	19.6119	4.9377	5.1198	4
72.85	19.6103	4.8052	5.1143	4
72.9	19.6083	4.9229	5.1119	4
72.95	19.6065	4.6464	5.1049	4
73	19.6043	5.0982	5.1297	4
73.05	19.6023	4.8772	5.1451	4
73.1	19.6008	4.8435	5.1321	4
73.15	19.5987	5.1184	5.1477	4
73.2	19.596	5.03	5.16	4
73.25	19.5943	4.7126	5.1538	4
73.3	19.5924	5.1898	5.1412	4
73.35	19.5901	4.9345	5.1346	4
73.4	19.588	4.957	5.1429	4
73.45	19.5861	4.6938	5.1247	4
73.5	19.584	5.289	5.1129	4
73.55	19.5817	4.8051	5.1201	4
73.6	19.58	4.635	5.1237	4
73.65	19.5779	5.2336	5.1356	4
73.7	19.5754	4.7473	5.1499	4
73.75	19.574	4.6384	5.1385	4
73.8	19.5724	4.9399	5.1343	4
73.85	19.5699	5.0881	5.134	4
73.9	19.5683	4.5558	5.1288	4
73.95	19.5664	4.7225	5.12	4
74	19.5644	5.0922	5.1196	4
74.05	19.5623	4.9372	5.1304	4
74.1	19.561	4.7537	5.1395	4
74.15	19.5587	5.1131	5.1411	4
74.2	19.5566	4.8423	5.1391	4
74.25	19.5553	4.6375	5.1305	4
74.3	19.5541	4.3766	5.13	4
74.35	19.5526	4.5324	5.1232	4
74.4	19.5515	4.5396	5.1367	4
74.45	19.5507	4.3784	5.1521	4
74.5	19.5499	4.4307	5.1406	4
74.55	19.5479	4.8686	5.1217	4
74.6	19.5467	4.2861	5.1248	4
74.65	19.5462	4.2645	5.137	4
74.7	19.5449	4.8149	5.1354	4
74.75	19.543	4.9034	5.1453	4
74.8	19.5419	4.4315	5.1493	4
74.85	19.5407	4.8412	5.1394	4
74.9	19.5385	4.9328	5.1389	4
74.95	19.5369	4.4337	5.1471	4
75	19.5357	4.6021	5.1264	4
75.05	19.5338	5.0198	5.1158	4
75.1	19.5323	4.5022	5.1235	4
75.15	19.5309	4.7674	5.1298	4
75.2	19.529	4.5619	5.1215	4
75.25	19.5275	4.7052	5.1032	4
75.3	19.5259	4.7878	5.1166	4
75.35	19.5242	4.7641	5.1157	4
75.4	19.5225	4.768	5.1101	4
75.45	19.5208	4.8794	5.1254	4
75.5	19.5193	4.7517	5.1318	4
75.55	19.5175	4.6848	5.1428	4
75.6	19.5156	4.9649	5.136	4
75.65	19.5137	4.9714	5.1438	4
75.7	19.5117	4.8276	5.1536	4
75.75	19.5096	5.0073	5.1581	4
75.8	19.5074	4.9151	5.1559	4
75.85	19.5056	4.6756	5.1366	4
75.9	19.5037	5.018	5.1289	4
75.95	19.5015	4.9487	5.1396	4
76	19.5	4.7496	5.1335	4
76.05	19.4978	5.0636	5.1214	4
76.1	19.4956	5.0326	5.1218	4
76.15	19.4939	4.8468	5.1466	4
76.2	19.4918	4.9833	5.1588	4
76.25	19.4893	4.955	5.1501	4
76.3	19.4874	4.6316	5.1482	4
76.35	19.4862	4.9321	5.1574	4
76.4	19.484	5.0318	5.1508	4
76.45	19.482	4.8184	5.1465	4
76.5	19.4806	4.6485	5.1536	4
76.55	19.479	4.8566	5.1547	4
76.6	19.4767	5.0572	5.1409	4
76.65	19.4752	4.4951	5.1318	4
76.7	19.4734	5.0677	5.1446	4
76.75	19.4709	5.0933	5.1346	4
76.8	19.4685	4.7492	5.1308	4
76.85	19.4668	4.7777	5.1321	4
76.9	19.4646	5.1465	5.1352	4
76.95	19.4624	4.879	5.1455	4
77	19.4605	4.9081	5.1412	4
77.05	19.4591	4.6969	5.1325	4
77.1	19.4571	4.9666	5.1227	4
77.15	19.4547	5.1416	5.1232	4
77.2	19.4524	4.8935	5.1316	4
77.25	19.4508	4.8098	5.1301	4
77.3	19.4487	5.0291	5.1364	4
77.35	19.4464	4.9804	5.1408	4
77.4	19.4444	4.77	5.1442	4
77.45	19.4429	4.7228	5.1386	4
77.5	19.4407	5.2147	5.15	4
77.55	19.4389	4.7139	5.1518	4
77.6	19.4375	4.7748	5.1431	4
77.65	19.4355	5.0057	5.1434	4
77.7	19.4333	4.8016	5.1455	4
77.75	19.4318	4.5617	5.1406	4
77.8	19.4297	4.8766	5.134	4
77.85	19.4277	4.8439	5.1269	4
77.9	19.4261	4.6939	5.1195	4
77.95	19.4249	4.2927	5.1229	4
78	19.4242	4.5507	5.1242	4
78.05	19.4232	4.6539	5.1229	4
78.1	19.4223	4.2293	5.1278	4
78.15	19.4215	4.5279	5.1321	4
78.2	19.4197	4.8505	5.1226	4
78.25	19.4188	4.2041	5.1312	4
78.3	19.418	4.5865	5.1331	4
78.35	19.4158	4.854	5.141	4
78.4	19.4147	4.4042	5.1432	4
78.45	19.4137	4.5821	5.1525	4
78.5	19.4119	4.8563	5.1484	4
78.55	19.4106	4.2841	5.1366	4
78.6	19.41	4.4783	5.145	4
78.65	19.4084	4.8605	5.1581	4
78.7	19.4067	4.7403	5.1545	4
78.75	19.4053	4.4176	5.1437	4
78.8	19.4041	4.8002	5.1285	4
78.85	19.4021	4.7155	5.1358	4
78.9	19.4009	4.4183	5.1418	4
78.95	19.3998	4.5894	5.1486	4
79	19.3983	4.659	5.1478	4
79.05	19.397	4.4534	5.1425	4
79.1	19.3957	4.5099	5.1419	4
79.15	19.3946	4.7223	5.1311	4
79.2	19.3932	4.7437	5.125	4
79.25	19.3915	4.2976	5.1267	4
79.3	19.3907	4.4701	5.1257	4
79.35	19.3891	4.8341	5.1372	4
79.4	19.3877	4.3934	5.1349	4
79.45	19.3867	4.5977	5.1323	4
79.5	19.3852	4.8395	5.1257	4
79.55	19.3834	4.6882	5.1208	4
79.6	19.3821	4.4035	5.1161	4
79.65	19.381	4.6641	5.1227	4
79.7	19.3793	4.7379	5.1216	4
79.75	19.3781	4.591	5.1222	4
79.8	19.3768	4.4899	5.1071	4
79.85	19.3751	4.8155	5.1061	4
79.9	19.3734	4.6611	5.1189	4
79.95	19.372	4.6489	5.1113	4
80	19.3707	4.6517	5.1212	4
80.05	19.3692	4.5642	5.1264	4
80.1	19.3682	4.4289	5.1359	4
80.15	19.3675	4.1692	5.1211	4
80.2	19.3665	4.5188	5.1021	4
80.25	19.3653	4.6808	5.097	4
80.3	19.3643	4.1868	5.1161	4
80.35	19.3635	4.5483	5.1263	4
80.4	19.3623	4.7662	5.1316	4
80.45	19.3612	4.3182	5.1308	4
80.5	19.3604	4.486	5.1073	4
80.55	19.3588	4.7923	5.0939	4
80.6	19.3574	4.459	5.0962	4
80.65	19.3564	4.4794	5.0983	4
80.7	19.3548	4.8186	5.1047	4
80.75	19.3536	4.6035	5.0962	4
80.8	19.3527	4.304	5.0902	4
80.85	19.3511	4.7444	5.0891	4
80.9	19.3496	4.4707	5.0708	4
80.95	19.3489	4.5258	5.0681	4
81	19.3475	4.614	5.0745	4
81.05	19.346	4.7748	5.0693	4
81.1	19.3449	4.4457	5.0708	4
81.15	19.344	4.6386	5.0738	4
81.2	19.3425	4.6362	5.0773	4
81.25	19.3409	4.5348	5.0786	4
81.3	19.3399	4.2895	5.0776	4
81.35	19.3386	4.8422	5.0746	4
81.4	19.3373	4.7333	5.081	4
81.45	19.3361	4.5678	5.0806	4
81.5	19.3341	4.6728	5.0919	4
81.55	19.3324	4.5954	5.1047	4
81.6	19.331	4.3925	5.1023	4
81.65	19.3302	4.4116	5.0976	4
81.7	19.3291	4.9146	5.1036	4
81.75	19.3272	4.699	5.0904	4
81.8	19.3261	4.4878	5.0835	4
81.85	19.3248	4.7024	5.0915	4
81.9	19.3229	4.9372	5.0981	4
81.95	19.3217	4.5673	5.1038	4
82	19.3203	4.7722	5.097	4
82.05	19.3182	4.8403	5.1013	4
82.1	19.317	4.4261	5.1043	4
82.15	19.316	4.8088	5.1029	4
82.2	19.3138	4.895	5.108	4
82.25	19.3124	4.5069	5.102	4
82.3	19.3112	4.3579	5.0981	4
82.35	19.3099	4.801	5.1133	4
82.4	19.3081	4.5781	5.1312	4
82.45	19.308	4.2476	5.1268	4
82.5	19.3067	5.015	5.1185	4
82.55	19.3044	4.855	5.1243	4
82.6	19.303	4.2275	5.1107	4
82.65	19.3025	4.5489	5.0956	4
82.7	19.3002	5.2142	5.1094	4
82.75	19.2988	4.3135	5.1045	4
82.8	19.2986	4.2835	5.1177	4
82.85	19.2965	5.0839	5.1272	4
82.9	19.2941	4.4499	5.1398	4
82.95	19.2939	4.1122	5.1235	4
83	19.2924	5.2564	5.0924	4
83.05	19.2899	4.7965	5.0871	4
83.1	19.2892	4.127	5.0831	4
83.15	19.2883	4.7562	5.0936	4
83.2	19.2864	4.8963	5.1089	4
83.25	19.2859	3.8754	5.111	4
83.3	19.286	4.3476	5.1228	4
83.35	19.2843	4.9668	5.1298	4
83.4	19.2832	4.0064	5.1249	4
83.45	19.2835	4.0522	5.1108	4
83.5	19.282	5.0047	5.1161	4
83.55	19.2806	4.14	5.1316	4
83.6	19.2807	3.9474	5.1402	4
83.65	19.28	4.7945	5.1302	4
83.7	19.2788	4.3802	5.1285	4
83.75	19.2785	4.1066	5.1174	4
83.8	19.2778	4.4332	5.1138	4
83.85	19.2767	4.4984	5.1237	4
83.9	19.2763	4.1954	5.1228	4
83.95	19.2761	4.1554	5.1244	4
84	19.2752	4.4791	5.1272	4
84.05	19.2744	4.1994	5.1209	4
84.1	19.274	4.0755	5.1372	4
84.15	19.273	4.4376	5.1363	4
84.2	19.2718	4.5721	5.1194	4
84.25	19.2712	4.2188	5.1221	4
84.3	19.2707	4.2395	5.1227	4
84.35	19.2698	4.4725	5.1259	4
84.4	19.2692	4.2127	5.1263	4
84.45	19.2688	4.2761	5.121	4
84.5	19.2678	4.4252	5.1312	4
84.55	19.2668	4.3697	5.1269	4
84.6	19.2664	4.129	5.1188	4
84.65	19.266	4.2489	5.1058	4
84.7	19.2651	4.616	5.0988	4
84.75	19.2642	4.3712	5.1041	4
84.8	19.264	3.9938	5.1052	4
84.85	19.2633	4.5119	5.1209	4
84.9	19.2618	4.4814	5.1178	4
84.95	19.2615	3.9185	5.103	4
85	19.2612	4.5263	5.1043	4
85.05	19.2598	4.5103	5.1108	4
85.1	19.2597	3.9061	5.1257	4
85.15	19.2597	4.2681	5.121	4
85.2	19.2583	4.6912	5.1156	4
85.25	19.2574	4.1384	5.1291	4
85.3	19.2574	4.1588	5.1176	4
85.35	19.2565	4.6671	5.1133	4
85.4	19.2554	4.4095	5.1178	4
85.45	19.2552	3.95	5.1366	4
85.5	19.2546	4.4303	5.1331	4
85.55	19.2532	4.4463	5.125	4
85.6	19.2527	4.0771	5.1313	4
85.65	19.2522	4.4242	5.1343	4
85.7	19.2507	4.9368	5.1392	4
85.75	19.2496	4.3113	5.144	4
85.8	19.2489	4.3798	5.1355	4
85.85	19.2477	4.8472	5.1348	4
85.9	19.2463	4.2604	5.1391	4
85.95	19.2461	4.0795	5.1413	4
86	19.2448	4.8834	5.1392	4
86.05	19.2432	4.3795	5.1244	4
86.1	19.2427	4.1775	5.1262	4
86.15	19.2417	4.9885	5.1313	4
86.2	19.2399	4.5874	5.1303	4
86.25	19.2393	4.2572	5.1231	4
86.3	19.238	4.705	5.1097	4
86.35	19.2363	4.6681	5.1111	4
86.4	19.2354	4.2195	5.1172	4
86.45	19.2343	4.6839	5.1213	4
86.5	19.2328	4.7736	5.1305	4
86.55	19.2318	4.3768	5.1408	4
86.6	19.2309	4.5583	5.1325	4
86.65	19.2294	4.7384	5.1255	4
86.7	19.2279	4.2599	5.1293	4
86.75	19.2271	4.5029	5.1409	4
86.8	19.2261	4.6461	5.1423	4
86.85	19.2249	4.6149	5.1418	4
86.9	19.224	4.2008	5.1523	4
86.95	19.2229	4.6181	5.1515	4
87	19.2217	4.5707	5.134	4
87.05	19.2207	4.4185	5.1223	4
87.1	19.2199	4.449	5.1315	4
87.15	19.2182	4.8335	5.1409	4
87.2	19.2169	4.4173	5.1327	4
87.25	19.2159	4.361	5.1358	4
87.3	19.2146	4.8935	5.1279	4
87.35	19.2126	4.7893	5.1184	4
87.4	19.212	3.9721	5.1147	4
87.45	19.2111	4.9098	5.1137	4
87.5	19.2093	4.9637	5.1227	4
87.55	19.2081	4.3718	5.1185	4
87.6	19.2072	4.606	5.1126	4
87.65	19.2054	4.8882	5.1174	4
87.7	19.204	4.3441	5.1165	4
87.75	19.2032	4.4461	5.1144	4
87.8	19.2022	4.6634	5.1189	4
87.85	19.2009	4.6668	5.1197	4
87.9	19.2001	4.0556	5.1371	4
87.95	19.1995	4.4613	5.1386	4
88	19.1982	4.407	5.1323	4
88.05	19.1979	4.2054	5.125	4
88.1	19.1976	4.4521	5.1118	4
88.15	19.1961	4.5698	5.0993	4
88.2	19.1956	4.0644	5.1083	4
88.25	19.1952	4.1379	5.1241	4
88.3	19.1941	4.6226	5.1379	4
88.35	19.1933	4.3279	5.1286	4
88.4	19.1931	3.9269	5.1284	4
88.45	19.1925	4.3576	5.1341	4
88.5	19.1914	4.4622	5.1414	4
88.55	19.1911	3.9256	5.1479	4
88.6	19.1909	4.3627	5.1413	4
88.65	19.19	4.5277	5.136	4
88.7	19.1893	4.17	5.1223	4
88.75	19.1892	4.0557	5.1014	4
88.8	19.1887	4.2449	5.1155	4
88.85	19.188	4.3169	5.1278	4
88.9	19.1874	4.2491	5.1227	4
88.95	19.1871	4.2185	5.1189	4
89	19.1863	4.4884	5.1135	4
89.05	19.1855	4.3997	5.1215	4
89.1	19.1845	4.3192	5.1237	4
89.15	19.1839	4.2333	5.1138	4
89.2	19.1833	4.1662	5.1123	4
89.25	19.1824	4.3854	5.1173	4
89.3	19.1817	4.3531	5.1155	4
89.35	19.1808	4.5082	5.1194	4
89.4	19.1795	4.412	5.1212	4
89.45	19.1788	4.4052	5.1286	4
89.5	19.1778	4.7851	5.1183	4
89.55	19.1765	4.3355	5.1237	4
89.6	19.1756	4.0941	5.13	4
89.65	19.175	4.5355	5.1195	4
89.7	19.1739	4.5913	5.1273	4
89.75	19.1729	4.5445	5.1304	4
89.8	19.1718	4.6929	5.1267	4
89.85	19.1703	4.5147	5.1351	4
89.9	19.1689	4.6905	5.1457	4
89.95	19.1679	4.5216	5.1534	4
90	19.1669	4.4708	5.144	4
90.05	19.1658	4.5506	5.1466	4
90.1	19.1644	4.7103	5.1559	4
90.15	19.1635	4.322	5.156	4
90.2	19.1626	4.5761	5.1326	4
90.25	19.1613	4.6521	5.1358	4
90.3	19.16	4.4664	5.14	4
90.35	19.1592	4.2361	5.1392	4
90.4	19.1582	4.63	5.1342	4
90.45	19.1573	4.2588	5.1397	4
90.5	19.1572	3.9965	5.1386	4
90.55	19.157	4.2052	5.1325	4
90.6	19.1563	4.4881	5.1332	4
90.65	19.156	4.2074	5.1245	4
90.7	19.1549	4.3283	5.1376	4
90.75	19.1536	4.4048	5.1524	4
90.8	19.1534	4.199	5.1415	4
90.85	19.1534	4.0366	5.1315	4
90.9	19.1528	4.5532	5.14	4
90.95	19.1523	4.0039	5.1466	4
91	19.1521	4.0869	5.1312	4
91.05	19.1513	4.4952	5.1209	4
91.1	19.1501	4.4885	5.1341	4
91.15	19.1498	3.9257	5.1401	4
91.2	19.1493	4.4687	5.1484	4
91.25	19.148	4.4893	5.1446	4
91.3	19.1475	4.0967	5.1447	4
91.35	19.1473	4.3303	5.1407	4
91.4	19.1464	4.3843	5.1315	4
91.45	19.1455	4.3327	5.1282	4
91.5	19.1449	4.3496	5.1223	4
91.55	19.1441	4.1626	5.132	4
91.6	19.1436	4.2284	5.1256	4
91.65	19.1431	4.3855	5.1174	4
91.7	19.1425	4.3014	5.1273	4
91.75	19.142	4.1236	5.1397	4
91.8	19.1416	4.2026	5.1202	4
91.85	19.1409	4.2644	5.1012	4
91.9	19.1405	4.1325	5.109	4
91.95	19.1405	4.0882	5.1223	4
92	19.1403	4.369	5.1231	4
92.05	19.1394	4.3453	5.1211	4
92.1	19.1392	3.9798	5.1295	4
92.15	19.139	4.204	5.1318	4
92.2	19.1384	4.4414	5.1111	4
92.25	19.1378	4.0211	5.1277	4
92.3	19.1376	4.1332	5.1299	4
92.35	19.1371	4.3806	5.1346	4
92.4	19.1366	4.199	5.1378	4
92.45	19.1358	4.18	5.1388	4
92.5	19.1354	4.2622	5.1429	4
92.55	19.1346	4.2887	5.1284	4
92.6	19.1342	4.3089	5.1255	4
92.65	19.1335	4.3969	5.1217	4
92.7	19.1327	4.4383	5.1117	4
92.75	19.1319	4.2247	5.125	4
92.8	19.1319	4.1417	5.1335	4
92.85	19.1311	4.7112	5.1163	4
92.9	19.1305	3.9802	5.1089	4
92.95	19.1301	4.2536	5.1098	4
93	19.1291	4.6024	5.1203	4
93.05	19.1278	4.5514	5.1268	4
93.1	19.1276	3.9919	5.1363	4
93.15	19.1267	4.6966	5.1339	4
93.2	19.1251	4.7155	5.1234	4
93.25	19.124	4.335	5.1289	4
93.3	19.1236	4.2374	5.1244	4
93.35	19.1221	4.9623	5.1296	4
93.4	19.1205	4.4655	5.1269	4
93.45	19.1198	4.3061	5.1199	4
93.5	19.1186	4.8086	5.1392	4
93.55	19.1168	4.7228	5.1294	4
93.6	19.1165	4.0798	5.107	4
93.65	19.1158	4.662	5.1161	4
93.7	19.1137	4.5865	5.12	4
93.75	19.113	4.1323	5.1338	4
93.8	19.1125	4.653	5.1312	4
93.85	19.1109	4.8213	5.1235	4
93.9	19.1096	4.1482	5.1242	4
93.95	19.1092	4.4201	5.1358	4
94	19.1078	4.9389	5.1413	4
94.05	19.1063	4.4253	5.14	4
94.1	19.1055	4.2576	5.1223	4
94.15	19.1045	4.7891	5.115	4
94.2	19.1027	4.6692	5.1316	4
94.25	19.1023	3.964	5.1396	4
94.3	19.1016	4.5979	5.1291	4
94.35	19.0999	4.674	5.1315	4
94.4	19.0991	4.1842	5.1329	4
94.45	19.0983	4.5375	5.1479	4
94.5	19.0963	4.964	5.1525	4
94.55	19.0952	4.2263	5.1381	4
94.6	19.0943	4.5683	5.1271	4
94.65	19.0928	4.7429	5.1308	4
94.7	19.0913	4.4464	5.1298	4
94.75	19.0907	4.3843	5.1366	4
94.8	19.0895	4.5923	5.1305	4
94.85	19.0885	4.4761	5.1062	4
94.9	19.0875	4.5243	5.1043	4
94.95	19.0864	4.5724	5.1369	4
95	19.0849	4.6987	5.1428	4
95.05	19.0838	4.424	5.1412	4
95.1	19.0828	4.4484	5.1372	4
95.15	19.0816	4.544	5.1321	4
95.2	19.0805	4.4204	5.1378	4
95.25	19.0798	4.5904	5.1152	4
95.3	19.0784	4.5609	5.1127	4
95.35	19.0774	4.4876	5.116	4
95.4	19.0764	4.5613	5.1114	4
95.45	19.0754	4.4557	5.12	4
95.5	19.0743	4.4949	5.121	4
95.55	19.0728	4.6402	5.125	4
95.6	19.0718	4.3778	5.1262	4
95.65	19.0711	4.5448	5.1208	4
95.7	19.0694	4.6742	5.1318	4
95.75	19.0688	4.2603	5.1299	4
95.8	19.0683	4.4041	5.125	4
95.85	19.067	4.5214	5.1196	4
95.9	19.0661	4.2276	5.1291	4
95.95	19.0658	4.1381	5.1468	4
96	19.0656	4.3545	5.145	4
96.05	19.065	4.2764	5.1207	4
96.1	19.0643	4.3304	5.1167	4
96.15	19.0633	4.316	5.1246	4
96.2	19.0621	4.5864	5.1318	4
96.25	19.0611	4.3188	5.1272	4
96.3	19.0601	4.5222	5.1281	4
96.35	19.0595	4.3969	5.1521	4
96.4	19.0586	4.3203	5.1455	4
96.45	19.0576	4.2009	5.1336	4
96.5	19.0567	4.4306	5.1403	4
96.55	19.0558	4.4126	5.1385	4
96.6	19.055	4.5811	5.1301	4
96.65	19.0537	4.6999	5.1227	4
96.7	19.0529	4.3877	5.1501	4
96.75	19.0518	4.6327	5.1546	4
96.8	19.0497	4.877	5.1319	4
96.85	19.0485	4.1831	5.141	4
96.9	19.0476	4.6418	5.1418	4
96.95	19.0458	4.804	5.1334	4
97	19.045	4.5282	5.1436	4
97.05	19.044	4.2577	5.1623	4
97.1	19.0424	5.029	5.1747	4
97.15	19.0406	4.636	5.1559	4
97.2	19.0402	4.323	5.1476	4
97.25	19.0388	4.8686	5.1514	4
97.3	19.0368	4.6116	5.1532	4
97.35	19.0363	4.0628	5.1685	4
97.4	19.0361	4.2167	5.1595	4
97.45	19.0348	4.8435	5.1566	4
97.5	19.0336	4.42	5.1733	4
97.55	19.0331	4.3634	5.1718	4
97.6	19.0322	4.6816	5.1581	4
97.65	19.0304	4.6058	5.139	4
97.7	19.0294	4.2969	5.1371	4
97.75	19.029	4.2421	5.1387	4
97.8	19.0277	4.9047	5.1399	4
97.85	19.0265	4.3956	5.1361	4
97.9	19.0259	4.2881	5.1205	4
97.95	19.0248	4.7172	5.1398	4
98	19.023	4.5848	5.1485	4
98.05	19.0222	4.146	5.1288	4
98.1	19.0213	4.6582	5.1329	4
98.15	19.0198	4.5977	5.1492	4
98.2	19.0195	4.0926	5.1405	4
98.25	19.0185	4.7268	5.1352	4
98.3	19.0168	4.6385	5.1379	4
98.35	19.0161	4.1947	5.1492	4
98.4	19.0152	4.5479	5.163	4
98.45	19.0135	4.7187	5.1536	4
98.5	19.0125	4.2956	5.1456	4
98.55	19.012	4.4546	5.1411	4
98.6	19.0105	4.8657	5.1456	4
98.65	19.0091	4.4005	5.1573	4
98.7	19.0086	4.2107	5.152	4
98.75	19.0076	4.7317	5.1425	4
98.8	19.006	4.6283	5.1325	4
98.85	19.0052	4.1773	5.1279	4
98.9	19.0043	4.6124	5.1506	4
98.95	19.0027	4.6801	5.1599	4
99	19.0022	4.2567	5.147	4
99.05	19.0012	4.5788	5.1341	4
99.1	18.9997	4.7743	5.1418	4
99.15	18.9985	4.4686	5.1508	4
99.2	18.9979	4.2244	5.1334	4
99.25	18.9968	4.6804	5.1394	4
99.3	18.9958	4.2726	5.1436	4
99.35	18.9949	4.4395	5.1378	4
99.4	18.9939	4.3249	5.1625	4
99.45	18.9928	4.5191	5.1611	4
99.5	18.992	4.4728	5.1357	4
99.55	18.9909	4.4847	5.1379	4
99.6	18.99	4.5206	5.1334	4
99.65	18.9887	4.3361	5.1404	4
99.7	18.9879	4.1809	5.15	4
99.75	18.9871	4.5296	5.1605	4
99.8	18.9864	4.3307	5.1531	4
99.85	18.9855	4.282	5.1251	4
99.9	18.9846	4.3012	5.1275	4
99.95	18.9834	4.3246	5.1463	4
100	18.983	4.1382	5.1465	4
100.05	18.9822	4.5736	5.1388	4
100.1	18.9814	4.2864	5.1467	4
100.15	18.9808	4.4872	5.1574	4
100.2	18.9797	4.3512	5.1428	4
100.25	18.9789	4.4197	5.1505	4
100.3	18.9785	4.3338	5.1763	4
100.35	18.9775	4.6657	5.1806	4
100.4	18.9764	4.3168	5.1815	4
100.45	18.9758	4.3464	5.1819	4
100.5	18.9745	4.6591	5.1776	4
100.55	18.9734	4.5235	5.1629	4
100.6	18.9726	4.3868	5.1595	4
100.65	18.9715	4.6163	5.1664	4
100.7	18.9702	4.5289	5.172	4
100.75	18.9691	4.3784	5.1884	4
100.8	18.968	4.6673	5.2008	4
100.85	18.9669	4.6773	5.1819	4
100.9	18.9656	4.4023	5.1856	4
100.95	18.9645	4.6518	5.1783	4
101	18.9631	4.4585	5.1517	4
101.05	18.9621	4.5722	5.1548	4
101.1	18.9606	4.5329	5.1781	4
101.15	18.9597	4.4232	5.1759	4
101.2	18.9581	4.652	5.1638	4
101.25	18.9568	4.4582	5.1657	4
101.3	18.9561	4.5399	5.167	4
101.35	18.9547	4.9278	5.17	4
101.4	18.9532	4.6813	5.1838	4
101.45	18.9524	4.2185	5.1869	4
101.5	18.9512	4.7683	5.1714	4
101.55	18.9496	4.6871	5.183	4
101.6	18.9486	4.2798	5.1701	4
101.65	18.9476	4.5985	5.1727	4
101.7	18.9457	4.9318	5.2022	4
101.75	18.9442	4.465	5.1899	4
101.8	18.9436	4.492	5.1884	4
101.85	18.9419	4.9189	5.184	4
101.9	18.9402	4.5338	5.1792	4
101.95	18.9396	4.2298	5.1859	4
102	18.9386	4.8527	5.1868	4
102.05	18.9369	4.4788	5.1919	4
102.1	18.9365	4.0601	5.1981	4
102.15	18.9358	4.4487	5.186	4
102.2	18.9348	4.4344	5.1898	4
102.25	18.9344	4.1361	5.1872	4
102.3	18.934	4.2907	5.1845	4
102.35	18.9329	4.4473	5.181	4
102.4	18.9323	4.2091	5.1821	4
102.45	18.9316	4.4569	5.1807	4
102.5	18.9303	4.5139	5.1822	4
102.55	18.9294	4.4894	5.2041	4
102.6	18.9284	4.5803	5.2049	4
102.65	18.9275	4.3508	5.1766	4
102.7	18.9267	4.5182	5.1915	4
102.75	18.9257	4.6042	5.2103	4
102.8	18.9245	4.4042	5.2053	4
102.85	18.9234	4.1884	5.196	4
102.9	18.9225	4.5385	5.1912	4
102.95	18.9213	4.4317	5.1912	4
103	18.9203	4.5832	5.182	4
103.05	18.9193	4.5004	5.1689	4
103.1	18.9179	4.8297	5.1642	4
103.15	18.9165	4.6154	5.1678	4
103.2	18.9153	4.5537	5.1725	4
103.25	18.9139	4.6136	5.1896	4
103.3	18.9125	4.5684	5.1952	4
103.35	18.911	4.6877	5.1957	4
103.4	18.9094	4.714	5.1817	4
103.45	18.9081	4.6153	5.1825	4
103.5	18.9066	4.8359	5.1955	4
103.55	18.9049	4.5475	5.1862	4
103.6	18.9036	4.7053	5.1817	4
103.65	18.9021	4.6504	5.1729	4
103.7	18.9005	4.7313	5.1605	4
103.75	18.8989	4.4745	5.1589	4
103.8	18.8979	4.4978	5.1609	4
103.85	18.8967	4.7866	5.1758	4
103.9	18.8953	4.6291	5.1844	4
103.95	18.894	4.4602	5.1875	4
104	18.8933	4.454	5.1798	4
104.05	18.8919	4.6406	5.1709	4
104.1	18.8908	4.4547	5.1735	4
104.15	18.8897	4.4357	5.1632	4
104.2	18.8885	4.7822	5.1566	4
104.25	18.8873	4.5174	5.1783	4
104.3	18.8867	4.2677	5.1794	4
104.35	18.8857	4.5789	5.1917	4
104.4	18.8846	4.307	5.1939	4
104.45	18.8837	4.2867	5.1868	4
104.5	18.8832	4.3783	5.2022	4
104.55	18.8823	4.5025	5.1938	4
104.6	18.8811	4.3823	5.1652	4
104.65	18.88	4.3808	5.1687	4
104.7	18.8793	4.4181	5.1667	4
104.75	18.8783	4.5054	5.1813	4
104.8	18.8773	4.4569	5.2018	4
104.85	18.8762	4.6108	5.2048	4
104.9	18.8754	4.3537	5.1823	4
104.95	18.8741	4.6268	5.1698	4
105	18.8725	4.577	5.1908	4
105.05	18.8716	4.3874	5.1754	4
105.1	18.8708	4.6522	5.1654	4
105.15	18.8692	4.649	5.1696	4
105.2	18.8685	4.2597	5.16	4
105.25	18.8675	4.455	5.162	4
105.3	18.8662	4.6107	5.1637	4
105.35	18.8652	4.283	5.1706	4
105.4	18.8645	4.2255	5.1733	4
105.45	18.8633	4.7318	5.1718	4
105.5	18.862	4.608	5.1857	4
105.55	18.8612	4.2517	5.1745	4
105.6	18.8606	4.3575	5.1567	4
105.65	18.8591	4.6988	5.1592	4
105.7	18.8582	4.2837	5.1523	4
105.75	18.8574	4.6256	5.1542	4
105.8	18.8561	4.614	5.1478	4
105.85	18.855	4.4972	5.1412	4
105.9	18.8543	4.454	5.1458	4
105.95	18.8529	4.694	5.1485	4
106	18.8517	4.2979	5.1415	4
106.05	18.8511	4.3684	5.1448	4
106.1	18.85	4.7601	5.1367	4
106.15	18.8482	4.652	5.1493	4
106.2	18.8472	4.2648	5.1422	4
106.25	18.8462	4.7814	5.1362	4
106.3	18.8446	4.4022	5.1392	4
106.35	18.8434	4.4699	5.1306	4
106.4	18.8423	4.4872	5.1463	4
106.45	18.8413	4.4936	5.1651	4
106.5	18.8402	4.5722	5.1615	4
106.55	18.8391	4.5097	5.1598	4
106.6	18.8378	4.5489	5.1519	4
106.65	18.837	4.48	5.1504	4
106.7	18.8355	4.6846	5.15	4
106.75	18.8345	4.5676	5.1478	4
106.8	18.8333	4.4153	5.1458	4
106.85	18.8321	4.518	5.1479	4
106.9	18.8307	4.5943	5.1633	4
106.95	18.8295	4.55	5.1665	4
107	18.8282	4.619	5.1497	4
107.05	18.8269	4.7286	5.1421	4
107.1	18.8254	4.7346	5.142	4
107.15	18.824	4.3698	5.1495	4
107.2	18.8228	4.5579	5.1475	4
107.25	18.8218	4.4929	5.1405	4
107.3	18.8207	4.5238	5.1406	4
107.35	18.8196	4.6959	5.1467	4
107.4	18.8179	4.68	5.1372	4
107.45	18.8166	4.5309	5.1262	4
107.5	18.8156	4.6152	5.1302	4
107.55	18.8142	4.6391	5.1559	4
107.6	18.8129	4.5662	5.1707	4
107.65	18.8118	4.653	5.1672	4
107.7	18.8104	4.714	5.1707	4
107.75	18.8091	4.4868	5.1832	4
107.8	18.8077	4.5711	5.1779	4
107.85	18.8063	4.524	5.1774	4
107.9	18.8048	4.6402	5.1723	4
107.95	18.8037	4.4366	5.1588	4
108	18.8027	4.7122	5.1512	4
108.05	18.8013	4.5773	5.1526	4
108.1	18.8001	4.4202	5.1536	4
108.15	18.799	4.5878	5.1562	4
108.2	18.7977	4.6763	5.1576	4
108.25	18.7965	4.4389	5.1542	4
108.3	18.7951	4.6407	5.1596	4
108.35	18.7937	4.4845	5.1571	4
108.4	18.7927	4.532	5.155	4
108.45	18.7919	4.4777	5.1731	4
108.5	18.7902	4.7815	5.1751	4
108.55	18.7893	4.1017	5.1799	4
108.6	18.7888	4.2767	5.1741	4
108.65	18.7877	4.5571	5.1691	4
108.7	18.7868	4.2584	5.1717	4
108.75	18.7862	4.2639	5.1862	4
108.8	18.7857	4.4288	5.1773	4
108.85	18.7848	4.5094	5.1778	4
108.9	18.7837	4.3538	5.1799	4
108.95	18.7831	4.04	5.1697	4
109	18.7826	4.5697	5.158	4
109.05	18.7815	4.2823	5.1674	4
109.1	18.7808	4.1912	5.1811	4
109.15	18.7799	4.4526	5.1659	4
109.2	18.7787	4.7238	5.1614	4
109.25	18.778	4.3656	5.174	4
109.3	18.7773	4.4834	5.1789	4
109.35	18.7761	4.5981	5.165	4
109.4	18.7754	4.1433	5.167	4
109.45	18.7747	4.2241	5.1677	4
109.5	18.7736	4.6635	5.1597	4
109.55	18.7724	4.4438	5.1614	4
109.6	18.7717	4.5009	5.1819	4
109.65	18.7703	4.7289	5.163	4
109.7	18.7689	4.5646	5.1506	4
109.75	18.7679	4.3854	5.1584	4
109.8	18.7667	4.4916	5.1646	4
109.85	18.7649	4.9072	5.1708	4
109.9	18.7633	4.7175	5.1789	4
109.95	18.7619	4.684	5.176	4
110	18.7601	4.8775	5.1915	4
110.05	18.7584	4.6724	5.1921	4
110.1	18.7573	4.637	5.2016	4
110.15	18.7564	4.5132	5.1937	4
110.2	18.7553	4.5066	5.1989	4
110.25	18.7541	4.5302	5.1884	4
110.3	18.7534	4.0178	5.1788	4
110.35	18.7527	4.4997	5.1859	4
110.4	18.7511	4.6087	5.1889	4
110.45	18.7502	4.3719	5.1729	4
110.5	18.7495	4.5535	5.1847	4
110.55	18.7482	4.4886	5.1907	4
110.6	18.7471	4.606	5.185	4
110.65	18.746	4.3049	5.1691	4
110.7	18.7452	4.4184	5.1629	4
110.75	18.7441	4.6074	5.175	4
110.8	18.743	4.4129	5.172	4
110.85	18.742	4.5006	5.1681	4
110.9	18.7404	4.7378	5.1537	4
110.95	18.739	4.5898	5.1439	4
111	18.738	4.5124	5.1688	4
111.05	18.7367	4.757	5.1747	4
111.1	18.7354	4.6637	5.1792	4
111.15	18.734	4.4374	5.1731	4
111.2	18.733	4.4939	5.1612	4
111.25	18.7315	4.6688	5.1532	4
111.3	18.7304	4.5278	5.1459	4
111.35	18.7293	4.5624	5.1291	4
111.4	18.7278	4.6674	5.1403	4
111.45	18.7263	4.5117	5.1461	4
111.5	18.7255	4.5756	5.1354	4
111.55	18.7239	4.7189	5.1321	4
111.6	18.7225	4.576	5.1372	4
111.65	18.7211	4.5209	5.1345	4
111.7	18.7199	4.7463	5.1193	4
111.75	18.7182	4.7841	5.1448	4
111.8	18.7169	4.4629	5.1464	4
111.85	18.7155	4.9567	5.1303	4
111.9	18.7138	4.7401	5.1419	4
111.95	18.7126	4.4311	5.1379	4
112	18.7111	4.75	5.1409	4
112.05	18.7095	4.73	5.1343	4
112.1	18.7085	4.6537	5.1388	4
112.15	18.7072	4.6625	5.1555	4
112.2	18.7053	4.683	5.1611	4
112.25	18.7039	4.4796	5.1663	4
112.3	18.7025	4.5728	5.1736	4
112.35	18.7011	4.8822	5.177	4
112.4	18.6999	4.3976	5.1793	4
112.45	18.6987	4.8751	5.1821	4
112.5	18.6974	4.5011	5.1692	4
112.55	18.6964	4.578	5.1531	4
112.6	18.6948	4.3468	5.141	4
112.65	18.6939	4.4159	5.1536	4
112.7	18.6925	4.8122	5.1602	4
112.75	18.6915	4.3587	5.1569	4
112.8	18.6909	4.551	5.1353	4
112.85	18.6892	4.7744	5.1381	4
112.9	18.6877	4.4545	5.1535	4
112.95	18.687	4.2913	5.1484	4
113	18.6854	4.819	5.1413	4
113.05	18.684	4.3526	5.1512	4
113.1	18.6834	4.3625	5.1487	4
113.15	18.6822	4.84	5.1474	4
113.2	18.6804	4.4624	5.1579	4
113.25	18.6801	4.2682	5.1523	4
113.3	18.6792	4.5877	5.1631	4
113.35	18.6774	4.8055	5.1533	4
113.4	18.6764	4.2568	5.1481	4
113.45	18.6758	4.4735	5.1541	4
113.5	18.6743	4.9124	5.1484	4
113.55	18.6729	4.3208	5.1571	4
113.6	18.6721	4.3656	5.157	4
113.65	18.671	4.7511	5.1569	4
113.7	18.6697	4.286	5.1602	4
113.75	18.6689	4.5688	5.1468	4
113.8	18.6675	4.4272	5.1437	4
113.85	18.6664	4.5266	5.159	4
113.9	18.6651	4.6595	5.1515	4
113.95	18.664	4.4172	5.1461	4
114	18.6628	4.6052	5.1428	4
114.05	18.6619	4.3397	5.1682	4
114.1	18.6609	4.6761	5.1795	4
114.15	18.6603	4.2714	5.1709	4
114.2	18.6597	4.3009	5.1686	4
114.25	18.6588	4.5903	5.1641	4
114.3	18.658	4.1946	5.158	4
114.35	18.6572	4.3039	5.1433	4
114.4	18.6565	4.3993	5.151	4
114.45	18.6555	4.4662	5.1661	4
114.5	18.6552	4.0731	5.1493	4
114.55	18.6551	4.1893	5.1377	4
114.6	18.6538	4.6173	5.1599	4
114.65	18.6533	3.7482	5.1725	4
114.7	18.6534	4.0968	5.1728	4
114.75	18.6526	4.8139	5.1631	4
114.8	18.6513	4.5281	5.1651	4
114.85	18.6511	3.9499	5.1763	4
114.9	18.6502	4.4449	5.1709	4
114.95	18.649	4.5952	5.167	4
115	18.6484	4.1489	5.1603	4
115.05	18.6483	4.3546	5.167	4
115.1	18.6467	4.4929	5.1526	4
115.15	18.6461	4.0945	5.1347	4
115.2	18.6455	4.3021	5.1326	4
115.25	18.6443	4.6266	5.1288	4
115.3	18.6428	4.4098	5.1356	4
115.35	18.6426	4.191	5.1507	4
115.4	18.6417	4.699	5.144	4
115.45	18.6405	4.4285	5.1408	4
115.5	18.6396	4.3963	5.1376	4
115.55	18.6392	4.1636	5.1454	4
115.6	18.6384	4.7037	5.1639	4
115.65	18.6371	4.4298	5.1625	4
115.7	18.6362	4.2665	5.1569	4
115.75	18.6351	4.6907	5.1611	4
115.8	18.6337	4.7758	5.1723	4
115.85	18.633	4.0091	5.1661	4
115.9	18.6321	4.6276	5.1637	4
115.95	18.6308	4.1981	5.1713	4
116	18.6307	4.0719	5.1786	4
116.05	18.63	4.5408	5.1524	4
116.1	18.6294	4.3989	5.1507	4
116.15	18.6288	4.1905	5.1577	4
116.2	18.6283	4.5236	5.1621	4
116.25	18.6268	4.355	5.167	4
116.3	18.6267	3.9995	5.1659	4
116.35	18.6261	4.3045	5.1719	4
116.4	18.6256	4.307	5.1694	4
116.45	18.6252	3.8483	5.1586	4
116.5	18.6252	4.3273	5.1664	4
116.55	18.6239	4.628	5.1654	4
116.6	18.6236	3.8878	5.1753	4
116.65	18.6229	4.4671	5.1668	4
116.7	18.6219	4.4849	5.1596	4
116.75	18.6211	4.3247	5.177	4
116.8	18.6211	4.0833	5.159	4
116.85	18.6199	4.7633	5.156	4
116.9	18.619	4.3136	5.1671	4
116.95	18.6182	4.3182	5.1739	4
117	18.6173	4.6466	5.1795	4
117.05	18.616	4.4439	5.1747	4
117.1	18.6159	4.2056	5.1806	4
117.15	18.6149	4.4727	5.1909	4
117.2	18.6141	4.2687	5.1799	4
117.25	18.6137	4.1391	5.1784	4
117.3	18.6131	4.4159	5.1672	4
117.35	18.6118	4.5411	5.1746	4
117.4	18.6116	3.8915	5.1668	4
117.45	18.6109	4.6289	5.1528	4
117.5	18.6096	4.3189	5.1535	4
117.55	18.6092	4.1629	5.1484	4
117.6	18.6088	4.3417	5.1487	4
117.65	18.6075	4.6293	5.154	4
117.7	18.607	3.9899	5.1412	4
117.75	18.6065	4.4575	5.14	4
117.8	18.605	4.7741	5.1402	4
117.85	18.6034	4.3398	5.1465	4
117.9	18.603	4.2532	5.1653	4
117.95	18.6022	4.6747	5.1655	4
118	18.6005	4.5049	5.1567	4
118.05	18.5999	4.1352	5.1402	4
118.1	18.5991	4.6942	5.1467	4
118.15	18.5977	4.5682	5.1591	4
118.2	18.5971	4.2243	5.1385	4
118.25	18.5962	4.5851	5.1357	4
118.3	18.5946	4.5629	5.1474	4
118.35	18.5941	4.1465	5.1495	4
118.4	18.5933	4.2279	5.1482	4
118.45	18.5921	4.6599	5.145	4
118.5	18.5914	4.1828	5.145	4
118.55	18.5912	4.5322	5.1523	4
118.6	18.5892	4.867	5.1542	4
118.65	18.5875	4.5109	5.1663	4
118.7	18.5869	4.3797	5.1641	4
118.75	18.5856	4.9346	5.1584	4
118.8	18.5835	4.6569	5.1525	4
118.85	18.5831	3.9898	5.1496	4
118.9	18.5826	4.5122	5.1516	4
118.95	18.5809	4.6821	5.1479	4
119	18.5804	3.8485	5.1533	4
119.05	18.5808	4.1902	5.1557	4
119.1	18.5798	4.5532	5.1446	4
119.15	18.5787	4.1937	5.1328	4
119.2	18.5785	4.1162	5.1445	4
119.25	18.5773	4.8677	5.1432	4
119.3	18.5764	4.124	5.1531	4
119.35	18.5762	4.2285	5.1443	4
119.4	18.576	4.1037	5.1354	4
119.45	18.5752	4.3464	5.1283	4
119.5	18.575	3.7951	5.1318	4
119.55	18.5746	4.3892	5.1435	4
119.6	18.5734	4.4885	5.1347	4
119.65	18.5732	4.1103	5.1443	4
119.7	18.573	4.3581	5.1535	4
119.75	18.572	4.4746	5.1755	4
119.8	18.5712	4.2327	5.1818	4
119.85	18.571	4.0463	5.1729	4
119.9	18.5705	4.3839	5.1695	4
119.95	18.5696	4.4448	5.1735	4
120	18.5691	4.0369	5.1664	4
120.05	18.5685	4.3954	5.1689	4
120.1	18.5672	4.4714	5.163	4
120.15	18.5669	3.9956	5.1616	4
120.2	18.5668	4.4022	5.157	4
120.25	18.5654	4.5365	5.1567	4
120.3	18.5647	4.0922	5.1742	4
120.35	18.5643	4.5661	5.176	4
120.4	18.5628	4.6187	5.1615	4
120.45	18.5619	4.2533	5.1794	4
120.5	18.5612	4.5752	5.1891	4
120.55	18.5598	4.71	5.1806	4
120.6	18.5588	4.2081	5.1936	4
120.65	18.5582	4.4116	5.1813	4
120.7	18.5571	4.6737	5.1683	4
120.75	18.5557	4.4246	5.1592	4
120.8	18.5547	4.3426	5.1645	4
120.85	18.5536	4.6362	5.1789	4
120.9	18.5522	4.5973	5.1775	4
120.95	18.5514	4.2626	5.1662	4
121	18.5508	4.4583	5.154	4
121.05	18.5499	4.4489	5.1909	4
121.1	18.549	4.2548	5.1963	4
121.15	18.5482	4.3599	5.1801	4
121.2	18.5473	4.6364	5.1794	4
121.25	18.5459	4.3962	5.1684	4
121.3	18.5451	4.4597	5.1608	4
121.35	18.5439	4.5493	5.1807	4
121.4	18.5428	4.4822	5.1916	4
121.45	18.5422	4.4506	5.1845	4
121.5	18.5408	4.6202	5.1837	4
121.55	18.54	4.2416	5.196	4
121.6	18.5391	4.411	5.1942	4
121.65	18.5381	4.672	5.166	4
121.7	18.5372	4.2358	5.1717	4
121.75	18.5367	4.3761	5.1732	4
121.8	18.5356	4.5646	5.1763	4
121.85	18.5348	4.2018	5.1814	4
121.9	18.5342	4.2048	5.1882	4
121.95	18.5333	4.6125	5.1771	4
122	18.5319	4.4944	5.1626	4
122.05	18.5316	4.0781	5.167	4
122.1	18.5308	4.5893	5.18	4
122.15	18.5296	4.6892	5.1681	4
122.2	18.5287	4.2328	5.1691	4
122.25	18.5282	4.2468	5.1697	4
122.3	18.5268	4.8449	5.1598	4
122.35	18.5257	4.2114	5.1633	4
122.4	18.5254	4.0771	5.1544	4
122.45	18.5248	4.5466	5.1691	4
122.5	18.5233	4.6036	5.1812	4
122.55	18.5227	4.2384	5.1699	4
122.6	18.522	4.2615	5.1618	4
122.65	18.5207	4.7687	5.1578	4
122.7	18.5196	4.3664	5.1793	4
122.75	18.5192	4.1875	5.1846	4
122.8	18.5181	4.555	5.1805	4
122.85	18.5172	4.4824	5.191	4
122.9	18.5165	4.3627	5.1811	4
122.95	18.5156	4.3318	5.1838	4
123	18.5145	4.6095	5.1927	4
123.05	18.5136	4.363	5.1953	4
123.1	18.5126	4.4093	5.1832	4
123.15	18.5115	4.6459	5.1759	4
123.2	18.5103	4.2924	5.1816	4
123.25	18.5094	4.5249	5.1756	4
123.3	18.5082	4.6163	5.1612	4
123.35	18.5073	4.3165	5.1797	4
123.4	18.5064	4.6347	5.1917	4
123.45	18.5051	4.5561	5.1939	4
123.5	18.5041	4.4114	5.1815	4
123.55	18.5032	4.3573	5.1683	4
123.6	18.5021	4.4275	5.183	4
123.65	18.5016	4.335	5.1843	4
123.7	18.5009	4.3029	5.1817	4
123.75	18.5001	4.4529	5.1895	4
123.8	18.4994	4.3059	5.1775	4
123.85	18.499	4.1194	5.1659	4
123.9	18.4982	4.5168	5.1676	4
123.95	18.4974	4.0179	5.1619	4
124	18.4972	4.1713	5.1652	4
124.05	18.4971	4.0603	5.1671	4
124.1	18.497	4.2192	5.185	4
124.15	18.4969	3.9496	5.1864	4
124.2	18.497	4.0545	5.1734	4
124.25	18.496	4.4374	5.1659	4
124.3	18.4954	4.0108	5.1635	4
124.35	18.4951	4.5273	5.1703	4
124.4	18.494	4.5991	5.1748	4
124.45	18.4937	4.0666	5.1758	4
124.5	18.4934	4.1712	5.1713	4
124.55	18.4929	4.3371	5.1686	4
124.6	18.4922	4.1389	5.1774	4
124.65	18.492	3.9894	5.1711	4
124.7	18.4916	4.4715	5.1446	4
124.75	18.4909	4.2225	5.1617	4
124.8	18.4906	4.0427	5.1607	4
124.85	18.4898	4.4866	5.147	4
124.9	18.4891	4.3655	5.1599	4
124.95	18.4885	4.2471	5.1727	4
125	18.4877	4.4116	5.1672	4
125.05	18.4869	4.2097	5.1597	4
125.1	18.486	4.3483	5.1598	4
125.15	18.4853	4.31	5.1596	4
125.2	18.4852	4.2163	5.1692	4
125.25	18.4844	4.3714	5.167	4
125.3	18.4835	4.428	5.1595	4
125.35	18.4829	4.2536	5.1426	4
125.4	18.4821	4.4532	5.1507	4
125.45	18.481	4.4836	5.1639	4
125.5	18.4798	4.5123	5.1601	4
125.55	18.4789	4.3206	5.1564	4
125.6	18.4785	4.3623	5.1635	4
125.65	18.4773	4.5909	5.1697	4
125.7	18.477	4.2042	5.1631	4
125.75	18.4766	4.3048	5.1579	4
125.8	18.4754	4.5985	5.166	4
125.85	18.4742	4.3299	5.1539	4
125.9	18.4734	4.2998	5.1611	4
125.95	18.4723	4.5469	5.1643	4
126	18.4714	4.51	5.1505	4
126.05	18.4704	4.2804	5.1487	4
126.1	18.4697	4.4116	5.1435	4
126.15	18.4685	4.7371	5.1451	4
126.2	18.4674	4.3227	5.1257	4
126.25	18.4668	4.4833	5.1243	4
126.3	18.4655	4.5136	5.153	4
126.35	18.4645	4.2175	5.1625	4
126.4	18.4641	4.1561	5.1533	4
126.45	18.4633	4.2834	5.1357	4
126.5	18.4625	4.5415	5.1231	4
126.55	18.4622	4.1942	5.1173	4
126.6	18.4614	4.4895	5.1275	4
126.65	18.46	4.5327	5.1381	4
126.7	18.4593	4.3706	5.1277	4
126.75	18.4587	4.3046	5.1158	4
126.8	18.4575	4.5398	5.1197	4
126.85	18.4566	4.3411	5.1409	4
126.9	18.4562	4.2004	5.151	4
126.95	18.4551	4.4593	5.1361	4
127	18.4537	4.5387	5.1203	4
127.05	18.4531	4.2225	5.1356	4
127.1	18.4527	4.4656	5.1496	4
127.15	18.4514	4.6358	5.1489	4
127.2	18.4503	4.5149	5.16	4
127.25	18.4492	4.195	5.1526	4
127.3	18.4485	4.5794	5.1399	4
127.35	18.4472	4.5585	5.1392	4
127.4	18.4464	4.2763	5.133	4
127.45	18.4454	4.5771	5.1266	4
127.5	18.4441	4.4938	5.1324	4
127.55	18.4433	4.3428	5.1443	4
127.6	18.443	4.3681	5.1494	4
127.65	18.4417	4.7936	5.1534	4
127.7	18.4408	4.2402	5.1507	4
127.75	18.4398	4.475	5.138	4
127.8	18.4382	4.5328	5.1414	4
127.85	18.4369	4.5397	5.1467	4
127.9	18.4369	4.1141	5.1501	4
127.95	18.4359	4.7185	5.1554	4
128	18.4347	4.4354	5.1438	4
128.05	18.434	4.4184	5.1293	4
128.1	18.4334	4.1663	5.1221	4
128.15	18.4319	4.8371	5.111	4
128.2	18.4306	4.3299	5.1331	4
128.25	18.4296	4.4155	5.1377	4
128.3	18.4285	4.6823	5.1394	4
128.35	18.427	4.7715	5.1571	4
128.4	18.4257	4.5143	5.1603	4
128.45	18.4249	4.489	5.1433	4
128.5	18.4235	4.6284	5.1329	4
128.55	18.4222	4.4896	5.1425	4
128.6	18.4212	4.4129	5.1391	4
128.65	18.4201	4.7712	5.1207	4
128.7	18.4189	4.4944	5.1226	4
128.75	18.4178	4.5109	5.1382	4
128.8	18.4166	4.4683	5.1362	4
128.85	18.4153	4.6263	5.1254	4
128.9	18.4142	4.4212	5.1302	4
128.95	18.4133	4.6659	5.1521	4
129	18.4118	4.5943	5.1632	4
129.05	18.4103	4.5497	5.1425	4
129.1	18.4096	4.3053	5.1313	4
129.15	18.4083	4.8109	5.1139	4
129.2	18.4069	4.4817	5.1264	4
129.25	18.406	4.3617	5.1542	4
129.3	18.4047	4.6392	5.1584	4
129.35	18.4035	4.5327	5.172	4
129.4	18.4027	4.3873	5.1584	4
129.45	18.4018	4.8024	5.1605	4
129.5	18.4001	4.722	5.1646	4
129.55	18.3991	4.2642	5.1438	4
129.6	18.398	4.6496	5.1531	4
129.65	18.3968	4.7057	5.1661	4
129.7	18.3951	4.4168	5.1534	4
129.75	18.3943	4.3499	5.148	4
129.8	18.3931	4.5956	5.1544	4
129.85	18.3918	4.6206	5.1549	4
129.9	18.391	4.3554	5.1452	4
129.95	18.3897	4.6514	5.1567	4
130	18.3884	4.3204	5.1654	4
130.05	18.3879	4.4196	5.1557	4
130.1	18.387	4.3638	5.1555	4
130.15	18.3862	4.3496	5.1547	4
130.2	18.3855	4.2887	5.1463	4
130.25	18.3846	4.5304	5.1511	4
130.3	18.3838	4.2152	5.1436	4
130.35	18.3832	4.2561	5.1455	4
130.4	18.3823	4.2878	5.1482	4
130.45	18.3818	4.3479	5.1505	4
130.5	18.3816	3.8732	5.1373	4
130.55	18.3813	4.3947	5.1275	4
130.6	18.3806	4.1773	5.1439	4
130.65	18.3805	4.099	5.1416	4
130.7	18.3804	4.1788	5.1462	4
130.75	18.3795	4.6048	5.1573	4
130.8	18.3789	3.9414	5.1416	4
130.85	18.3792	4.0091	5.1284	4
130.9	18.3786	4.2485	5.1419	4
130.95	18.3784	3.9729	5.1356	4
131	18.3789	3.8555	5.1429	4
131.05	18.3791	4.2281	5.1589	4
131.1	18.3784	4.1676	5.1578	4
131.15	18.3787	3.8316	5.1556	4
131.2	18.3783	4.3184	5.1548	4
131.25	18.3775	4.1943	5.1604	4
131.3	18.3776	3.8724	5.1406	4
131.35	18.3771	4.4931	5.1311	4
131.4	18.3758	4.3021	5.1268	4
131.45	18.3755	4.1624	5.1168	4
131.5	18.3745	4.4512	5.111	4
131.55	18.3737	4.3808	5.1109	4
131.6	18.373	4.4494	5.1233	4
131.65	18.3723	4.3146	5.1207	4
131.7	18.3714	4.432	5.1229	4
131.75	18.3707	4.2009	5.1223	4
131.8	18.3699	4.4902	5.1027	4
131.85	18.3693	4.3446	5.0931	4
131.9	18.3688	4.1911	5.0977	4
131.95	18.3679	4.2981	5.1106	4
132	18.3678	3.932	5.1227	4
132.05	18.368	4.1204	5.114	4
132.1	18.3679	4.1123	5.1174	4
132.15	18.3677	4.119	5.123	4
132.2	18.3677	4.0545	5.1192	4
132.25	18.3676	4.0696	5.1141	4
132.3	18.3668	4.2233	5.1304	4
132.35	18.3668	3.8512	5.1245	4
132.4	18.3667	4.3616	5.1217	4
132.45	18.366	4.2799	5.1469	4
132.5	18.3656	4.1051	5.1412	4
132.55	18.3653	4.2512	5.1274	4
132.6	18.3643	4.3958	5.1298	4
132.65	18.3641	4.1483	5.1278	4
132.7	18.3639	4.1935	5.138	4
132.75	18.363	4.5926	5.1454	4
132.8	18.3622	4.372	5.1424	4
132.85	18.3617	4.0114	5.1385	4
132.9	18.3606	4.5948	5.152	4
132.95	18.3593	4.6469	5.1588	4
133	18.3587	4.2118	5.1411	4
133.05	18.3581	4.383	5.1529	4
133.1	18.3567	4.6551	5.1422	4
133.15	18.3556	4.3453	5.1259	4
133.2	18.3552	4.3568	5.1259	4
133.25	18.354	4.4586	5.137	4
133.3	18.353	4.298	5.1459	4
133.35	18.353	4.2232	5.1492	4
133.4	18.3522	4.4229	5.15	4
133.45	18.3516	4.2361	5.1398	4
133.5	18.3511	4.2728	5.1396	4
133.55	18.3504	4.1172	5.1549	4
133.6	18.3501	4.2571	5.1498	4
133.65	18.3487	4.6125	5.1352	4
133.7	18.3481	4.0899	5.13	4
133.75	18.348	4.3802	5.1311	4
133.8	18.347	4.4248	5.1484	4
133.85	18.3466	4.0342	5.1311	4
133.9	18.3467	3.9971	5.1155	4
133.95	18.3462	4.2949	5.132	4
134	18.3456	4.0517	5.1286	4
134.05	18.3454	4.0315	5.1422	4
134.1	18.3453	4.2727	5.1435	4
134.15	18.3449	4.1941	5.1349	4
134.2	18.3444	4.3056	5.1353	4
134.25	18.3439	4.2505	5.1369	4
134.3	18.3433	4.2709	5.1324	4
134.35	18.3429	4.3762	5.1373	4
134.4	18.3421	4.3608	5.1294	4
134.45	18.3413	4.3971	5.131	4
134.5	18.3404	4.2374	5.1487	4
134.55	18.3399	4.3369	5.1533	4
134.6	18.339	4.4352	5.1578	4
134.65	18.3386	4.303	5.1578	4
134.7	18.338	4.211	5.1618	4
134.75	18.3375	4.1896	5.1519	4
134.8	18.3369	4.2635	5.1451	4
134.85	18.3361	4.3863	5.1539	4
134.9	18.3357	4.2786	5.1415	4
134.95	18.3349	4.3775	5.1431	4
135	18.3338	4.5051	5.1304	4
135.05	18.3326	4.4577	5.1095	4
135.1	18.3319	4.4121	5.1116	4
135.15	18.3307	4.6324	5.1064	4
135.2	18.3297	4.4195	5.1148	4
135.25	18.329	4.3134	5.1152	4
135.3	18.3282	4.5009	5.1095	4
135.35	18.3269	4.4162	5.1207	4
135.4	18.3267	4.0604	5.1067	4
135.45	18.3256	4.7705	5.1107	4
135.5	18.3242	4.3086	5.1161	4
135.55	18.3234	4.2475	5.1122	4
135.6	18.3231	4.4472	5.1092	4
135.65	18.3216	4.8438	5.1155	4
135.7	18.3203	4.0912	5.1163	4
135.75	18.3202	4.2427	5.1172	4
135.8	18.319	4.7759	5.1313	4
135.85	18.318	4.2262	5.1349	4
135.9	18.3177	4.2964	5.1446	4
135.95	18.3168	4.5667	5.1431	4
136	18.3158	4.3876	5.1315	4
136.05	18.3151	4.2696	5.1063	4
136.1	18.314	4.4355	5.1075	4
136.15	18.3131	4.4103	5.0997	4
136.2	18.3123	4.5455	5.099	4
136.25	18.3116	4.4054	5.1089	4
136.3	18.3105	4.5822	5.1016	4
136.35	18.3095	4.4425	5.0987	4
136.4	18.3082	4.6143	5.1053	4
136.45	18.3071	4.4215	5.114	4
136.5	18.3063	4.5587	5.1277	4
136.55	18.305	4.6509	5.1169	4
136.6	18.3039	4.2603	5.1186	4
136.65	18.3031	4.1436	5.1142	4
136.7	18.3024	4.5735	5.1195	4
136.75	18.3015	4.4052	5.1276	4
136.8	18.3016	3.9432	5.1193	4
136.85	18.301	4.4015	5.1027	4
136.9	18.3003	4.2431	5.0962	4
136.95	18.2998	4.0419	5.1088	4
137	18.2998	3.969	5.1122	4
137.05	18.2989	4.5129	5.1115	4
137.1	18.2981	4.0323	5.1353	4
137.15	18.298	4.382	5.137	4
137.2	18.297	4.4129	5.1197	4
137.25	18.2963	4.5039	5.1064	4
137.3	18.2953	4.1153	5.0936	4
137.35	18.2943	4.5044	5.1078	4
137.4	18.2936	4.4424	5.1283	4
137.45	18.2928	4.4442	5.124	4
137.5	18.2918	4.4717	5.111	4
137.55	18.2904	4.4959	5.094	4
137.6	18.2893	4.4571	5.0963	4
137.65	18.2886	4.4028	5.1141	4
137.7	18.2877	4.5249	5.1155	4
137.75	18.2863	4.5369	5.1033	4
137.8	18.2853	4.2773	5.0898	4
137.85	18.2846	4.4486	5.0792	4
137.9	18.2834	4.7731	5.0982	4
137.95	18.2817	4.5596	5.0929	4
138	18.2811	4.2247	5.1074	4
138.05	18.2797	4.841	5.1096	4
138.1	18.2783	4.4337	5.1034	4
138.15	18.2777	4.181	5.108	4
138.2	18.277	4.4442	5.116	4
138.25	18.2757	4.725	5.1168	4
138.3	18.2751	4.0571	5.1077	4
138.35	18.2744	4.6393	5.1037	4
138.4	18.273	4.5058	5.1123	4
138.45	18.2718	4.4421	5.1317	4
138.5	18.2711	4.2939	5.1316	4
138.55	18.2701	4.5155	5.1261	4
138.6	18.2685	4.6101	5.1169	4
138.65	18.2681	4.25	5.1169	4
138.7	18.2676	4.5146	5.1244	4
138.75	18.266	4.7208	5.1293	4
138.8	18.2646	4.3338	5.1082	4
138.85	18.2643	4.3004	5.0984	4
138.9	18.2629	4.6593	5.1085	4
138.95	18.2619	4.3386	5.1062	4
139	18.2621	4.0576	5.1052	4
139.05	18.2611	4.7001	5.1107	4
139.1	18.2596	4.6189	5.1155	4
139.15	18.2589	4.2326	5.1134	4
139.2	18.2581	4.483	5.1006	4
139.25	18.2564	4.7341	5.0928	4
139.3	18.2555	4.1626	5.0927	4
139.35	18.2557	3.8892	5.093	4
139.4	18.2547	4.6302	5.1011	4
139.45	18.2533	4.377	5.0888	4
139.5	18.2533	3.9513	5.0679	4
139.55	18.2525	4.7476	5.0832	4
139.6	18.251	4.4927	5.0999	4
139.65	18.251	3.9045	5.0987	4
139.7	18.2508	4.2649	5.1022	4
139.75	18.2498	4.5902	5.0808	4
139.8	18.2493	4.141	5.0971	4
139.85	18.2492	4.0545	5.1129	4
139.9	18.2484	4.3949	5.1146	4
139.95	18.2478	4.2451	5.1026	4
140	18.2478	3.7971	5.0961	4
140.05	18.2478	4.3962	5.0907	4
140.1	18.247	4.3758	5.0842	4
140.15	18.2462	3.9243	5.0953	4
140.2	18.2458	4.1325	5.0936	4
140.25	18.2454	4.2617	5.0968	4
140.3	18.245	4.353	5.1134	4
140.35	18.2448	4.117	5.1031	4
140.4	18.2444	4.3858	5.1031	4
140.45	18.2435	4.3756	5.128	4
140.5	18.2427	4.1862	5.133	4
140.55	18.2426	4.1441	5.1301	4
140.6	18.2415	4.5267	5.1327	4
140.65	18.2407	4.2657	5.1079	4
140.7	18.2407	3.9238	5.1015	4
140.75	18.2401	4.6482	5.1106	4
140.8	18.2386	4.5014	5.11	4
140.85	18.2383	3.9821	5.1083	4
140.9	18.2374	4.6476	5.1219	4
140.95	18.2359	4.4464	5.1279	4
141	18.2356	4.1338	5.1156	4
141.05	18.2352	4.4195	5.1203	4
141.1	18.2336	4.8469	5.1236	4
141.15	18.2327	4.0336	5.1083	4
141.2	18.2326	4.3024	5.0895	4
141.25	18.2308	4.9647	5.0806	4
141.3	18.2295	4.0391	5.0936	4
141.35	18.2299	4.0935	5.1165	4
141.4	18.228	5.2728	5.1194	4
141.45	18.2265	4.1433	5.1134	4
141.5	18.2263	4.2395	5.0995	4
141.55	18.2252	4.7166	5.1034	4
141.6	18.2235	4.7275	5.115	4
141.65	18.2227	3.913	5.1004	4
141.7	18.2219	4.7708	5.1077	4
141.75	18.2205	4.7922	5.1137	4
141.8	18.2198	4.2423	5.1057	4
141.85	18.219	4.4593	5.0913	4
141.9	18.2177	4.7104	5.0847	4
141.95	18.2173	3.9443	5.1098	4
142	18.2174	4.2791	5.1037	4
142.05	18.2158	4.6603	5.0927	4
142.1	18.2156	3.8477	5.1192	4
142.15	18.2157	4.1644	5.0895	4
142.2	18.2144	4.8815	5.0898	4
142.25	18.2133	4.0022	5.0946	4
142.3	18.2133	4.145	5.0963	4
142.35	18.2125	4.6147	5.1011	4
142.4	18.2115	4.3277	5.0946	4
142.45	18.2112	4.0499	5.1094	4
142.5	18.2109	4.6623	5.1124	4
142.55	18.2096	4.519	5.097	4
142.6	18.2095	3.9001	5.1028	4
142.65	18.2085	4.7474	5.1139	4
142.7	18.2072	4.4893	5.1211	4
142.75	18.2063	4.1321	5.1172	4
142.8	18.2058	4.5719	5.1079	4
142.85	18.2044	4.6522	5.1127	4
142.9	18.2037	4.0101	5.1239	4
142.95	18.2034	4.3304	5.1073	4
143	18.2017	4.8482	5.1079	4
143.05	18.2002	4.2188	5.1081	4
143.1	18.2	4.2629	5.1094	4
143.15	18.1987	4.866	5.119	4
143.2	18.1974	4.098	5.1397	4
143.25	18.1972	4.1659	5.1359	4
143.3	18.1965	4.3361	5.1045	4
143.35	18.1957	4.557	5.0976	4
143.4	18.195	4.2168	5.1017	4
143.45	18.1944	4.3125	5.0901	4
143.5	18.1933	4.4402	5.1053	4
143.55	18.1925	4.3986	5.1163	4
143.6	18.192	4.2959	5.1129	4
143.65	18.1909	4.4969	5.1097	4
143.7	18.1899	4.4487	5.1042	4
143.75	18.1889	4.3902	5.0986	4
143.8	18.1881	4.3243	5.1046	4
143.85	18.1873	4.5197	5.1082	4
143.9	18.1862	4.2745	5.1185	4
143.95	18.1857	4.4468	5.123	4
144	18.1848	4.3538	5.1228	4
144.05	18.1839	4.5435	5.1202	4
144.1	18.1833	4.3878	5.1171	4
144.15	18.1824	4.5443	5.1195	4
144.2	18.1811	4.6555	5.1079	4
144.25	18.1805	4.2692	5.0996	4
144.3	18.1796	4.5812	5.1016	4
144.35	18.1786	4.3677	5.1111	4
144.4	18.1774	4.4696	5.1135	4
144.45	18.176	4.6838	5.0942	4
144.5	18.175	4.3594	5.0924	4
144.55	18.1742	4.569	5.104	4
144.6	18.173	4.5127	5.0954	4
144.65	18.1722	4.5692	5.1116	4
144.7	18.1712	4.4373	5.1175	4
144.75	18.1698	4.7043	5.1132	4
144.8	18.1686	4.2335	5.1155	4
144.85	18.168	4.4874	5.1276	4
144.9	18.1664	4.7943	5.1199	4
144.95	18.1654	4.366	5.1096	4
145	18.1643	4.5182	5.1267	4
145.05	18.1631	4.596	5.1325	4
145.1	18.1619	4.4809	5.1243	4
145.15	18.1612	4.3456	5.1217	4
145.2	18.1602	4.4395	5.1173	4
145.25	18.1585	4.7509	5.1265	4
145.3	18.1574	4.3035	5.1395	4
145.35	18.1574	4.2822	5.1288	4
145.4	18.1559	4.9801	5.1155	4
145.45	18.1541	4.4488	5.1202	4
145.5	18.1538	3.9702	5.1321	4
145.55	18.153	4.884	5.1331	4
145.6	18.151	4.8136	5.1355	4
145.65	18.1501	4.2454	5.1357	4
145.7	18.1495	4.3243	5.144	4
145.75	18.1478	4.978	5.1461	4
145.8	18.1464	4.3601	5.1381	4
145.85	18.1458	4.2214	5.1265	4
145.9	18.1445	4.7855	5.1466	4
145.95	18.1427	4.587	5.1387	4
146	18.1421	3.9604	5.1264	4
146.05	18.1415	4.7792	5.1401	4
146.1	18.1395	5.0122	5.1402	4
146.15	18.1383	4.1187	5.1453	4
146.2	18.1374	4.614	5.1404	4
146.25	18.1354	4.7708	5.1397	4
146.3	18.1346	4.4627	5.1384	4
146.35	18.1338	4.5105	5.134	4
146.4	18.1327	4.6371	5.1282	4
146.45	18.1314	4.4099	5.1299	4
146.5	18.1303	4.4701	5.141	4
146.55	18.1288	4.9096	5.1524	4
146.6	18.1274	4.3579	5.1392	4
146.65	18.1265	4.5946	5.1328	4
146.7	18.1249	4.7428	5.1321	4
146.75	18.1238	4.3117	5.1361	4
146.8	18.1233	4.542	5.1521	4
146.85	18.1218	4.6855	5.1389	4
146.9	18.1209	4.1306	5.1348	4
146.95	18.12	4.4124	5.133	4
147	18.1187	4.826	5.1464	4
147.05	18.1174	4.3225	5.1608	4
147.1	18.1169	4.148	5.1751	4
147.15	18.1156	5.1327	5.1719	4
147.2	18.1141	4.2773	5.1608	4
147.25	18.1137	4.2072	5.1499	4
147.3	18.1125	4.7055	5.1631	4
147.35	18.111	4.5421	5.1753	4
147.4	18.1105	4.1643	5.173	4
147.45	18.1095	4.6303	5.1719	4
147.5	18.108	4.6509	5.1666	4
147.55	18.1071	4.2157	5.1647	4
147.6	18.1067	4.2905	5.1459	4
147.65	18.1054	4.8286	5.1473	4
147.7	18.1047	3.8995	5.1689	4
147.75	18.1045	4.2669	5.1683	4
147.8	18.1031	4.7614	5.1602	4
147.85	18.1022	4.0894	5.1708	4
147.9	18.1019	4.2646	5.1622	4
147.95	18.1006	4.8275	5.146	4
148	18.0993	4.3525	5.1592	4
148.05	18.099	4.1994	5.1713	4
148.1	18.0978	4.6767	5.1695	4
148.15	18.0966	4.4473	5.1895	4
148.2	18.0966	4.0807	5.1889	4
148.25	18.0958	4.6256	5.1727	4
148.3	18.0938	4.6844	5.1645	4
148.35	18.0933	4.1625	5.1657	4
148.4	18.0929	4.3791	5.1701	4
148.45	18.0914	4.9046	5.1736	4
148.5	18.09	4.2952	5.1779	4
148.55	18.0896	4.2463	5.171	4
148.6	18.0882	4.7921	5.1662	4
148.65	18.087	4.4759	5.1627	4
148.7	18.086	4.3846	5.177	4
148.75	18.085	4.6287	5.1715	4
148.8	18.0836	4.6148	5.1634	4
148.85	18.0829	4.3462	5.1801	4
148.9	18.0817	4.6604	5.1848	4
148.95	18.0805	4.5131	5.1853	4
149	18.0792	4.46	5.1854	4
149.05	18.0782	4.5777	5.1689	4
149.1	18.0768	4.739	5.1664	4
149.15	18.0757	4.3976	5.1709	4
149.2	18.0742	4.7078	5.1722	4
149.25	18.0726	4.6246	5.18	4
149.3	18.0714	4.4799	5.1802	4
149.35	18.0702	4.469	5.1648	4
149.4	18.0688	4.6954	5.1445	4
149.45	18.0674	4.3242	5.1416	4
149.5	18.0666	4.4404	5.1451	4
149.55	18.0653	4.5817	5.1405	4
149.6	18.0639	4.7385	5.1479	4
149.65	18.0631	4.4243	5.1543	4
149.7	18.0622	4.3898	5.1471	4
149.75	18.0609	4.5192	5.1451	4
149.8	18.06	4.6153	5.1276	4
149.85	18.0584	4.8957	5.1259	4
149.9	18.0558	5.1777	5.119	4
149.95	18.0533	4.997	5.1184	4
150	18.0514	4.997	5.1306	4
150.05	18.0493	4.7463	5.1355	4
150.1	18.0486	4.1584	5.141	4
150.15	18.048	4.1752	5.1402	4
150.2	18.0477	4.2574	5.1475	4
150.25	18.0476	4.0937	5.1521	4
150.3	18.0473	4.1899	5.1463	4
150.35	18.046	4.6759	5.1486	4
150.4	18.045	4.2905	5.1575	4
150.45	18.0441	4.5836	5.1505	4
150.5	18.0428	4.6964	5.166	4
150.55	18.041	4.7685	5.1592	4
150.6	18.0402	4.1587	5.1375	4
150.65	18.0386	4.8006	5.1535	4
150.7	18.0373	4.4702	5.1618	4
150.75	18.0364	4.2763	5.166	4
150.8	18.0351	4.7268	5.167	4
150.85	18.0337	4.5704	5.1624	4
150.9	18.0331	4.4669	5.1557	4
150.95	18.0316	4.7366	5.1252	4
151	18.0296	4.9365	5.1269	4
151.05	18.0279	4.384	5.1307	4
151.1	18.0268	4.5135	5.1233	4
151.15	18.0252	5.2527	5.1493	4
151.2	18.0232	4.7531	5.1519	4
151.25	18.0222	4.4114	5.1484	4
151.3	18.0206	4.8509	5.1492	4
151.35	18.0184	4.8296	5.1385	4
151.4	18.0175	4.284	5.1363	4
151.45	18.0164	4.9128	5.1264	4
151.5	18.0142	4.879	5.1408	4
151.55	18.0132	4.3495	5.1672	4
151.6	18.0118	4.8753	5.1583	4
151.65	18.0097	4.7564	5.1641	4
151.7	18.0084	4.4925	5.1634	4
151.75	18.0076	4.7161	5.158	4
151.8	18.0056	4.9496	5.1566	4
151.85	18.0039	4.7554	5.1489	4
151.9	18.0026	4.5434	5.1572	4
151.95	18.0004	5.0988	5.1696	4
152	17.9986	4.6057	5.1635	4
152.05	17.9974	4.698	5.1565	4
152.1	17.9954	4.9536	5.1525	4
152.15	17.9936	4.7087	5.148	4
152.2	17.9922	4.5486	5.147	4
152.25	17.9909	4.7869	5.1512	4
152.3	17.9888	4.9578	5.1456	4
152.35	17.9871	4.608	5.1382	4
152.4	17.9859	4.4542	5.1442	4
152.45	17.9844	4.9841	5.1369	4
152.5	17.9828	4.6639	5.1432	4
152.55	17.9814	4.5907	5.1422	4
152.6	17.9799	4.6674	5.124	4
152.65	17.9782	4.5194	5.1275	4
152.7	17.9769	4.7767	5.1319	4
152.75	17.9758	4.4188	5.1402	4
152.8	17.9744	4.7383	5.1468	4
152.85	17.9735	4.5086	5.1403	4
152.9	17.9722	4.5446	5.1433	4
152.95	17.9713	4.3886	5.1356	4
153	17.9711	3.8221	5.1345	4
153.05	17.9702	4.8064	5.1422	4
153.1	17.9679	4.7985	5.1347	4
153.15	17.9671	4.2101	5.1249	4
153.2	17.9653	5.6751	5.1386	4
153.25	17.9616	5.2774	5.1496	4
153.3	17.9588	5.4245	5.1408	4
153.35	17.9566	4.5673	5.1376	4
153.4	17.9534	5.9327	5.1318	4
153.45	17.9502	5.2005	5.1419	4
153.5	17.9482	4.6377	5.1428	4
153.55	17.9462	5.3575	5.1424	4
153.6	17.9436	5.0892	5.1469	5
153.65	17.9419	4.4888	5.1489	5
153.7	17.9404	4.9368	5.1385	5
153.75	17.9381	4.8294	5.1319	5
153.8	17.9377	5.9312	5.1345	5
153.85	17.947	15.8608	5.1389	6
153.9	17.9756	39.6668	5.1374	6
153.95	18.0245	72.0957	5.1404	6
154	18.092	113.1622	5.1286	6
154.05	18.1761	161.0536	5.1208	6
154.1	18.2698	207.3951	5.1178	6
154.15	18.3636	248.3842	5.1196	6
154.2	18.4549	284.4218	5.1415	6
154.25	18.5437	315.0991	5.1317	6
154.3	18.6289	341.8991	5.1297	6
154.35	18.7115	367.7134	5.143	6
154.4	18.7914	390.1865	5.139	6
154.45	18.8679	409.1111	5.1528	6
154.5	18.9406	425.9243	5.1493	6
154.55	19.0096	440.9753	5.1372	6
154.6	19.0766	453.0239	5.1432	6
154.65	19.1404	463.5928	5.1373	6
154.7	19.2004	472.9873	5.1352	6
154.75	19.2574	480.5755	5.1183	6
154.8	19.3116	486.7088	5.1169	6
154.85	19.363	491.9698	5.1273	6
154.9	19.4117	495.8136	5.1425	6
154.95	19.4578	498.7387	5.1567	6
155	19.5013	500.6744	5.1514	6
155.05	19.5422	502.1231	5.1509	6
155.1	19.5809	502.8498	5.1664	6
155.15	19.6172	502.8108	5.168	6
155.2	19.6519	501.5555	5.1672	6
155.25	19.6842	500.4819	5.1795	6
155.3	19.7147	498.8328	5.1791	6
155.35	19.7438	496.0977	5.1784	6
155.4	19.7715	492.0202	5.1672	6
155.45	19.7984	486.7637	5.165	6
155.5	19.8252	478.9746	5.1535	6
155.55	19.8496	471.477	5.133	6
155.6	19.8712	465.543	5.1444	6
155.65	19.8904	460.9113	5.1394	6
155.7	19.909	455.4981	5.1438	6
155.75	19.9263	450.0981	5.1358	6
155.8	19.9414	445.7477	5.1394	6
155.85	19.9562	439.8774	5.137	6
155.9	19.97	434.0402	5.1367	6
155.95	19.9822	429.512	5.1467	6
156	19.994	424.36	5.1462	6
156.05	20.0053	418.8374	5.1327	6
156.1	20.0147	414.4329	5.1512	6
156.15	20.0239	409.1642	5.1577	6
156.2	20.0328	403.5427	5.1358	6
156.25	20.0409	398.5022	5.1442	6
156.3	20.0482	393.133	5.1533	6
156.35	20.056	386.4044	5.1412	6
156.4	20.063	380.1352	5.1413	6
156.45	20.0693	374.2632	5.1437	6
156.5	20.0743	368.7639	5.1491	6
156.55	20.0791	363.2942	5.1396	6
156.6	20.0827	359.2473	5.1335	6
156.65	20.0864	355.2637	5.1315	6
156.7	20.0898	351.5306	5.1173	6
156.75	20.0929	347.5847	5.1273	6
156.8	20.095	344.1325	5.135	6
156.85	20.0973	340.6654	5.1271	6
156.9	20.099	337.1322	5.1188	6
156.95	20.1007	333.5936	5.1397	6
157	20.1019	330.9084	5.1344	6
157.05	20.1035	327.5193	5.1068	6
157.1	20.1049	323.9598	5.1152	6
157.15	20.1056	321.313	5.1333	6
157.2	20.1062	318.8143	5.1282	6
157.25	20.1074	315.6132	5.1264	6
157.3	20.108	312.8382	5.1245	6
157.35	20.1083	310.322	5.136	6
157.4	20.1093	306.7535	5.1301	6
157.45	20.11	303.7138	5.1239	6
157.5	20.1101	301.3528	5.1295	6
157.55	20.1109	297.6555	5.1438	6
157.6	20.1107	295.294	5.1344	6
157.65	20.1104	293.5157	5.1179	6
157.7	20.1104	291.076	5.0989	6
157.75	20.1098	289.301	5.0964	6
157.8	20.1093	287.5649	5.0892	6
157.85	20.1092	285.365	5.0865	6
157.9	20.1088	283.477	5.0968	6
157.95	20.1083	281.9903	5.1095	6
158	20.1079	280.307	5.1203	6
158.05	20.1077	278.2149	5.1171	6
158.1	20.1074	276.525	5.1189	6
158.15	20.1069	275.2195	5.1298	6
158.2	20.1068	273.3527	5.1328	6
158.25	20.1065	271.7399	5.1275	6
158.3	20.1061	270.1411	5.1167	6
158.35	20.1061	267.9901	5.1258	6
158.4	20.106	266.328	5.1325	6
158.45	20.1053	265.2471	5.1259	6
158.5	20.1045	264.2085	5.1296	6
158.55	20.1042	262.9551	5.1438	6
158.6	20.1047	260.3387	5.13	6
158.65	20.104	258.8627	5.1345	6
158.7	20.1033	258.0165	5.136	6
158.75	20.1027	257.0929	5.1357	6
158.8	20.1018	256.4472	5.1539	6
158.85	20.1009	256.0475	5.1478	6
158.9	20.1001	255.3097	5.1433	6
158.95	20.0996	254.2683	5.141	6
159	20.099	253.6033	5.1396	6
159.05	20.0981	253.0365	5.147	6
159.1	20.0981	251.579	5.1406	6
159.15	20.0968	252.0368	5.1379	6
159.2	20.0966	251.7255	5.1428	6
159.25	20.0963	250.7267	5.1434	6
159.3	20.0954	250.9802	5.1378	6
159.35	20.0951	250.4155	5.1374	6
159.4	20.0947	249.8406	5.1396	6
159.45	20.094	249.8363	5.1435	6
159.5	20.0933	249.5174	5.1453	6
159.55	20.0932	249.3273	5.1512	6
159.6	20.0929	248.5233	5.1404	6
159.65	20.092	248.9336	5.1269	6
159.7	20.092	248.4499	5.1366	6
159.75	20.0917	247.6657	5.1401	6
159.8	20.0917	247.2541	5.1396	6
159.85	20.0921	246.3824	5.1423	6
159.9	20.0911	246.2052	5.1528	6
159.95	20.0907	246.6765	5.1703	6
160	20.0907	246.5536	5.1659	6
160.05	20.0901	245.8124	5.1615	6
160.1	20.0889	246.4289	5.1469	6
160.15	20.0895	245.6772	5.1396	6
160.2	20.0896	245.2335	5.1628	6
160.25	20.0884	245.515	5.1516	6
160.3	20.0873	246.5955	5.1309	6
160.35	20.0873	246.7122	5.1224	6
160.4	20.0869	247.1945	5.1292	6
160.45	20.0863	247.0777	5.1346	6
160.5	20.0857	246.6989	5.1273	6
160.55	20.0853	247.3132	5.142	6
160.6	20.0844	248.6653	5.1545	6
160.65	20.0841	249.2185	5.1491	6
160.7	20.0837	249.7057	5.1542	6
160.75	20.0833	250.5264	5.1433	6
160.8	20.0827	251.5152	5.1428	6
160.85	20.0822	252.1779	5.1635	6
160.9	20.0813	253.5896	5.1682	6
160.95	20.0806	254.6662	5.1522	6
161	20.0814	253.6616	5.1402	6
161.05	20.0827	251.995	5.1389	6
161.1	20.0826	251.9778	5.148	6
161.15	20.0821	251.4499	5.1563	6
161.2	20.0804	252.7473	5.1567	6
161.25	20.0788	256.0211	5.1568	6
161.3	20.08	256.477	5.1596	6
161.35	20.0813	254.8904	5.1567	6
161.4	20.0807	255.6989	5.1488	6
161.45	20.0771	260.4719	5.1494	6
161.5	20.0715	267.8994	5.1427	6
161.55	20.0674	273.9721	5.1446	6
161.6	20.0657	278.0321	5.1551	6
161.65	20.0653	280.2716	5.148	6
161.7	20.0645	283.1155	5.1493	6
161.75	20.0635	286.0102	5.1611	6
161.8	20.0635	287.8435	5.1614	6
161.85	20.0632	290.0984	5.1537	6
161.9	20.0632	292.413	5.1495	6
161.95	20.0636	293.6961	5.1536	6
162	20.0636	295.4822	5.1481	6
162.05	20.0634	297.6337	5.1339	6
162.1	20.0639	298.6407	5.1311	6
162.15	20.064	300.1303	5.1371	6
162.2	20.0639	302.1966	5.1436	6
162.25	20.0639	303.8422	5.1427	6
162.3	20.0636	306.2127	5.1426	6
162.35	20.0631	308.882	5.1554	6
162.4	20.0633	310.3132	5.156	6
162.45	20.063	312.2676	5.1335	6
162.5	20.063	314.0669	5.1338	6
162.55	20.0634	315.8066	5.1463	6
162.6	20.0635	317.6371	5.1629	6
162.65	20.0634	319.8699	5.1631	6
162.7	20.0635	321.6919	5.1647	6
162.75	20.0632	324.1563	5.1827	6
162.8	20.0628	326.5138	5.1755	6
162.85	20.0622	328.8103	5.1664	6
162.9	20.0621	331.099	5.1807	6
162.95	20.0618	333.3033	5.1691	6
163	20.0619	335.2094	5.1629	6
163.05	20.0622	336.9762	5.1633	6
163.1	20.0623	338.9101	5.1638	6
163.15	20.0621	341.0368	5.1756	6
163.2	20.0622	342.3735	5.1718	6
163.25	20.0623	344.3189	5.1698	6
163.3	20.062	346.612	5.1528	6
163.35	20.0624	348.1454	5.1658	6
163.4	20.0623	350.3535	5.1699	6
163.45	20.0619	352.7243	5.1662	6
163.5	20.0618	354.6891	5.1645	6
163.55	20.0617	356.6954	5.1475	6
163.6	20.0613	359.6103	5.1508	6
163.65	20.0611	361.7825	5.1574	6
163.7	20.0611	363.5898	5.1684	6
163.75	20.0613	365.3596	5.1705	6
163.8	20.0611	367.4606	5.1602	6
163.85	20.0612	369.1371	5.1682	6
163.9	20.0612	371.229	5.1677	6
163.95	20.0614	373.0304	5.1582	6
164	20.0613	375.2997	5.1595	6
164.05	20.0615	377.1983	5.1537	6
164.1	20.0616	378.9599	5.163	6
164.15	20.0616	380.7718	5.1755	6
164.2	20.0618	382.8095	5.1918	6
164.25	20.0623	384.1849	5.1856	6
164.3	20.0625	385.9781	5.158	6
164.35	20.0626	388.1243	5.146	6
164.4	20.0628	389.7116	5.1704	6
164.45	20.0631	390.9454	5.1819	6
164.5	20.0626	393.2923	5.1722	6
164.55	20.0626	394.8575	5.1647	6
164.6	20.0631	396.0435	5.1504	6
164.65	20.0627	397.9498	5.1624	6
164.7	20.0629	400.1368	5.1745	6
164.75	20.0637	401.291	5.1737	6
164.8	20.0635	403.2504	5.1677	6
164.85	20.0634	405.2489	5.1636	6
164.9	20.0636	406.5982	5.1687	6
164.95	20.0638	408.268	5.1606	6
165	20.0635	410.3684	5.1599	6
165.05	20.0638	411.7231	5.1691	6
165.1	20.0637	413.3497	5.1728	6
165.15	20.064	415.1842	5.1725	6
165.2	20.0641	416.5238	5.1661	6
165.25	20.0642	418.0396	5.1621	6
165.3	20.0644	419.6722	5.1764	6
165.35	20.0647	421.2565	5.1793	6
165.4	20.0648	422.7237	5.1867	6
165.45	20.0653	423.9506	5.1813	6
165.5	20.0654	425.2941	5.1677	6
165.55	20.0654	426.8927	5.171	6
165.6	20.0655	427.9338	5.168	6
165.65	20.0658	429.3538	5.1674	6
165.7	20.0661	430.5019	5.1663	6
165.75	20.0668	431.5368	5.1658	6
165.8	20.0667	432.6868	5.1749	6
165.85	20.0668	434.213	5.1745	6
165.9	20.0672	434.9833	5.1639	6
165.95	20.0676	436.1225	5.1722	6
166	20.0679	437.6331	5.1691	6
166.05	20.0678	438.6053	5.1863	6
166.1	20.068	439.9055	5.1879	6
166.15	20.0675	441.5541	5.1648	6
166.2	20.0676	442.8129	5.1678	6
166.25	20.0679	443.984	5.1818	6
166.3	20.068	444.9735	5.1888	6
166.35	20.0679	446.9274	5.1964	6
166.4	20.0682	447.6177	5.1867	6
166.45	20.0686	448.48	5.1906	6
166.5	20.069	450.022	5.2002	6
166.55	20.0686	451.0205	5.1965	6
166.6	20.0693	451.5013	5.1894	6
166.65	20.0691	452.822	5.1709	6
166.7	20.0691	453.9978	5.1597	6
166.75	20.0698	455.0534	5.1672	6
166.8	20.0699	455.8058	5.1879	6
166.85	20.0695	457.1354	5.1874	6
166.9	20.07	458.0995	5.1644	6
166.95	20.07	458.9335	5.1798	6
167	20.0701	459.9685	5.1865	6
167.05	20.0703	461.4024	5.1812	6
167.1	20.0703	462.0054	5.183	6
167.15	20.0702	463.229	5.1745	6
167.2	20.0703	464.6526	5.1872	6
167.25	20.0706	464.8307	5.1892	6
167.3	20.0706	465.7677	5.1901	6
167.35	20.0709	467.4454	5.1946	6
167.4	20.0713	467.7089	5.1903	6
167.45	20.0717	467.6451	5.1788	6
167.5	20.072	469.0022	5.1614	6
167.55	20.0721	470.0406	5.1788	6
167.6	20.0725	469.706	5.1987	6
167.65	20.0729	470.2589	5.1995	6
167.7	20.0731	471.8147	5.1915	6
167.75	20.0734	471.8592	5.1788	6
167.8	20.0738	471.5514	5.1896	6
167.85	20.0737	472.3323	5.1998	6
167.9	20.0742	473.5254	5.195	6
167.95	20.0751	473.6814	5.181	6
168	20.0747	474.2513	5.1689	6
168.05	20.0747	474.6366	5.1642	6
168.1	20.0749	474.7185	5.1745	6
168.15	20.0751	475.7073	5.1857	6
168.2	20.0754	477.1308	5.1907	6
168.25	20.0756	477.1938	5.1931	6
168.3	20.0752	477.6126	5.1838	6
168.35	20.0746	478.4831	5.1818	6
168.4	20.0746	479.1308	5.1893	6
168.45	20.0752	480.0908	5.1873	6
168.5	20.0747	481.7231	5.1835	6
168.55	20.0745	482.2723	5.1695	6
168.6	20.0742	482.877	5.1872	6
168.65	20.0738	483.9841	5.1901	6
168.7	20.0741	485.1989	5.1835	6
168.75	20.0746	485.6633	5.1987	6
168.8	20.0742	486.4145	5.1937	6
168.85	20.0739	486.9515	5.1858	6
168.9	20.0741	487.4043	5.1759	6
168.95	20.0746	488.3347	5.1658	6
169	20.0745	489.2446	5.1609	6
169.05	20.0749	489.041	5.1654	6
169.1	20.0746	489.4797	5.177	6
169.15	20.0743	490.1672	5.1678	6
169.2	20.0749	491.3457	5.1522	6
169.25	20.0756	491.811	5.1753	6
169.3	20.0753	492.454	5.1915	6
169.35	20.0748	493.1299	5.1879	6
169.4	20.0748	493.4728	5.1924	6
169.45	20.0751	494.4073	5.1754	6
169.5	20.0754	495.7192	5.1763	6
169.55	20.0757	496.0572	5.19	6
169.6	20.0758	495.8318	5.1835	6
169.65	20.0758	495.9875	5.1727	6
169.7	20.0752	497.0518	5.1729	6
169.75	20.0757	497.7993	5.1762	6
169.8	20.0765	498.4051	5.1739	6
169.85	20.0761	499.1822	5.1599	6
169.9	20.0761	499.2971	5.1553	6
169.95	20.0763	499.3082	5.1572	6
170	20.0761	499.7136	5.1754	6
170.05	20.0756	500.3907	5.1716	6
170.1	20.0762	501.1209	5.1713	6
170.15	20.0765	502.1647	5.1712	6
170.2	20.0764	502.6227	5.1637	6
170.25	20.076	503.1882	5.1676	6
170.3	20.0759	503.503	5.1812	6
170.35	20.0756	503.9331	5.1612	6
170.4	20.0757	504.5938	5.1479	6
170.45	20.076	506.0119	5.1658	6
170.5	20.0765	506.3007	5.184	6
170.55	20.0761	507.0869	5.1855	6
170.6	20.076	507.5092	5.1678	6
170.65	20.0759	507.8872	5.1579	6
170.7	20.0756	508.477	5.1517	6
170.75	20.0754	509.8192	5.1606	6
170.8	20.076	510.6056	5.1517	6
170.85	20.0759	511.1005	5.1387	6
170.9	20.0756	511.8474	5.1559	6
170.95	20.0753	512.2872	5.1607	6
171	20.0751	512.6378	5.1506	6
171.05	20.075	514.2512	5.1487	6
171.1	20.0753	515.4851	5.1697	6
171.15	20.0754	515.855	5.159	6
171.2	20.0751	516.6522	5.1565	6
171.25	20.0747	517.4557	5.1743	6
171.3	20.0744	518.2	5.1784	6
171.35	20.0744	519.7292	5.1744	6
171.4	20.0744	520.5559	5.1771	6
171.45	20.0742	520.9785	5.1714	6
171.5	20.0737	521.7217	5.1653	6
171.55	20.0737	522.6201	5.1728	6
171.6	20.0742	523.9898	5.1623	6
171.65	20.0743	524.5893	5.1663	6
171.7	20.074	525.1613	5.165	6
171.75	20.0737	525.7482	5.159	6
171.8	20.0737	527.1133	5.1513	6
171.85	20.0742	528.1013	5.149	6
171.9	20.0742	528.4312	5.1582	6
171.95	20.0741	528.8472	5.1676	6
172	20.0739	529.7288	5.1705	6
172.05	20.0744	530.6812	5.1749	6
172.1	20.0745	531.5087	5.1532	6
172.15	20.0742	532.1373	5.1612	6
172.2	20.074	532.6792	5.1866	6
172.25	20.0743	532.7429	5.1895	6
172.3	20.0743	534.3034	5.2026	6
172.35	20.0744	535.2247	5.1883	6
172.4	20.0747	535.0839	5.1943	6
172.45	20.0745	535.5784	5.2062	6
172.5	20.0742	536.8986	5.2102	6
172.55	20.0748	537.7411	5.2193	6
172.6	20.0751	538.2135	5.1996	6
172.65	20.0749	538.7269	5.1843	6
172.7	20.0745	539.2886	5.178	6
172.75	20.0746	539.4057	5.1786	6
172.8	20.0747	540.6918	5.1907	6
172.85	20.0749	541.8006	5.1874	6
172.9	20.075	541.9137	5.18	6
172.95	20.0746	542.6519	5.1718	6
173	20.0742	543.4003	5.1715	6
173.05	20.0745	544.154	5.1717	6
173.1	20.0747	545.2831	5.1717	6
173.15	20.0745	545.802	5.1605	6
173.2	20.0744	545.9288	5.1606	6
173.25	20.0746	545.8971	5.1633	6
173.3	20.0748	547.0268	5.1736	6
173.35	20.075	548.0787	5.1745	6
173.4	20.075	548.3907	5.1669	6
173.45	20.0747	548.8459	5.1697	6
173.5	20.0742	549.6046	5.1712	6
173.55	20.0743	550.6867	5.151	6
173.6	20.0749	551.6745	5.1346	6
173.65	20.0749	552.2562	5.1499	6
173.7	20.0745	552.8674	5.1462	6
173.75	20.0744	553.0283	5.1457	6
173.8	20.0748	553.4173	5.1592	6
173.85	20.0754	554.5563	5.1511	6
173.9	20.0758	555.0091	5.1444	6
173.95	20.0757	555.4426	5.1481	6
174	20.0759	555.3504	5.1469	6
174.05	20.0755	556	5.1483	6
174.1	20.0755	556.745	5.1619	6
174.15	20.0763	557.5184	5.1783	6
174.2	20.0763	558.229	5.1716	6
174.25	20.076	558.6761	5.1379	6
174.3	20.0761	558.7275	5.1379	6
174.35	20.0758	559.1392	5.1536	6
174.4	20.0755	559.8036	5.1557	6
174.45	20.0756	560.9227	5.1532	6
174.5	20.076	561.6553	5.153	6
174.55	20.0757	562.3787	5.1428	6
174.6	20.0756	562.613	5.1463	6
174.65	20.0759	562.4788	5.1506	6
174.7	20.0759	562.7873	5.1554	6
174.75	20.0762	563.419	5.1505	6
174.8	20.0773	563.7584	5.132	6
174.85	20.0775	564.3276	5.1505	6
174.9	20.0771	564.7577	5.1467	6
174.95	20.0775	564.337	5.1573	6
175	20.0776	564.3902	5.1701	6
175.05	20.0772	565.1157	5.1512	6
175.1	20.0775	564.684	5.1447	6
175.15	20.0775	564.8284	5.1497	6
175.2	20.0771	565.7232	5.1473	6
175.25	20.0778	566.4093	5.1589	6
175.3	20.0786	566.5501	5.1756	6
175.35	20.0782	567.3298	5.2098	6
175.4	20.0781	567.3938	5.2173	6
175.45	20.0783	567.1728	5.193	6
175.5	20.078	567.8179	5.185	6
175.55	20.0777	568.4614	5.1753	6
175.6	20.0781	567.7886	5.1724	6
175.65	20.0779	568.2278	5.1716	6
175.7	20.0775	569.0159	5.1724	6
175.75	20.0777	568.8023	5.1693	6
175.8	20.0782	569.285	5.1495	6
175.85	20.0786	570.427	5.1466	6
175.9	20.079	570.3898	5.1608	6
175.95	20.0794	569.8603	5.1622	6
176	20.079	570.1819	5.1637	6
176.05	20.0789	570.4776	5.1592	6
176.1	20.079	570.6321	5.1569	6
176.15	20.0793	570.4209	5.1519	6
176.2	20.0793	570.6762	5.1423	6
176.25	20.0789	571.0893	5.1379	6
176.3	20.0791	570.8582	5.1517	6
176.35	20.0793	570.9369	5.1463	6
176.4	20.0786	571.9391	5.1362	6
176.45	20.0787	571.8436	5.139	6
176.5	20.0786	571.9023	5.1473	6
176.55	20.0783	572.4868	5.1538	6
176.6	20.0784	573.2817	5.156	6
176.65	20.0792	573.8504	5.1695	6
176.7	20.0793	574.2839	5.1764	6
176.75	20.0789	574.6688	5.1713	6
176.8	20.0788	574.7508	5.1607	6
176.85	20.0788	574.7011	5.1537	6
176.9	20.0784	575.4488	5.1543	6
176.95	20.0783	575.776	5.1383	6
177	20.0785	575.6419	5.1315	6
177.05	20.0783	575.9515	5.1352	6
177.1	20.0777	576.9319	5.1438	6
177.15	20.0779	576.6923	5.1607	6
177.2	20.0777	577.1347	5.1575	6
177.25	20.0776	578.4647	5.1537	6
177.3	20.0781	579.4903	5.1645	6
177.35	20.0785	579.7849	5.1677	6
177.4	20.0783	580.2993	5.1759	6
177.45	20.0782	580.5896	5.1744	6
177.5	20.0779	580.901	5.1548	6
177.55	20.0778	580.9157	5.1378	6
177.6	20.0777	581.2381	5.1362	6
177.65	20.0774	581.8079	5.1567	6
177.7	20.0775	581.806	5.1519	6
177.75	20.0775	581.981	5.129	6
177.8	20.0776	582.7688	5.1354	6
177.85	20.0783	583.4954	5.1247	6
177.9	20.0787	583.5068	5.1402	6
177.95	20.0785	583.8382	5.1587	6
178	20.0785	583.8909	5.1586	6
178.05	20.0787	583.6067	5.1487	6
178.1	20.0787	583.7815	5.1459	6
178.15	20.0787	583.766	5.1487	6
178.2	20.0788	583.6443	5.1328	6
178.25	20.0785	583.8009	5.1417	6
178.3	20.0782	584.111	5.148	6
178.35	20.078	584.1454	5.1424	6
178.4	20.0782	584.285	5.1352	6
178.45	20.0783	585.2118	5.1247	6
178.5	20.079	586.1064	5.1423	6
178.55	20.0796	586.2456	5.1491	6
178.6	20.0796	586.393	5.1439	6
178.65	20.0793	586.7688	5.1549	6
178.7	20.0795	586.409	5.16	6
178.75	20.0794	586.5641	5.1627	6
178.8	20.0792	587.1747	5.1756	6
178.85	20.0794	587.1565	5.156	6
178.9	20.0793	587.324	5.1573	6
178.95	20.0791	587.7328	5.1593	6
179	20.0792	587.7293	5.1353	6
179.05	20.0791	587.8138	5.1538	6
179.1	20.0789	588.1577	5.1688	6
179.15	20.0785	588.7121	5.1576	6
179.2	20.0789	588.469	5.1608	6
179.25	20.0788	588.7707	5.1584	6
179.3	20.0787	589.2232	5.1479	6
179.35	20.0787	589.1952	5.1437	6
179.4	20.0789	589.2987	5.1482	6
179.45	20.0791	590.5297	5.1378	6
179.5	20.0795	590.8855	5.1374	6
179.55	20.0799	590.6449	5.149	6
179.6	20.0797	591.0383	5.1536	6
179.65	20.0795	591.3952	5.1395	6
179.7	20.0795	591.3712	5.1409	6
179.75	20.0797	591.3008	5.1395	6
179.8	20.0795	591.6849	5.1411	6
179.85	20.0795	591.863	5.1529	6
179.9	20.0799	591.4505	5.1442	6
179.95	20.0797	591.9723	5.156	6
180	20.0795	592.328	5.1622	6
180.05	20.0798	591.8525	5.1625	6
180.1	20.0794	592.3208	5.1623	6
180.15	20.0789	593.1306	5.16	6
180.2	20.0795	592.5414	5.1595	6
180.25	20.0792	592.9723	5.1434	6
180.3	20.0788	593.6906	5.1342	6
180.35	20.0788	593.5818	5.1481	6
180.4	20.0786	593.9183	5.1678	6
180.45	20.0784	594.6247	5.1675	6
180.5	20.0792	595.473	5.1498	6
180.55	20.0795	596.2753	5.1413	6
180.6	20.0796	596.3927	5.14	6
180.65	20.0793	596.6956	5.1446	6
180.7	20.0792	597.0226	5.175	6
180.75	20.0791	597.3449	5.1614	6
180.8	20.079	597.4516	5.1492	6
180.85	20.0788	597.894	5.151	6
180.9	20.0787	598.1805	5.1506	6
180.95	20.0789	598.0655	5.1611	6
181	20.0789	598.3473	5.16	6
181.05	20.0786	598.9168	5.1448	6
181.1	20.0785	598.8418	5.1415	6
181.15	20.0787	598.6654	5.1483	6
181.2	20.0782	599.5493	5.1403	6
181.25	20.0783	599.6049	5.137	6
181.3	20.0784	599.8614	5.1257	6
181.35	20.0784	601.3552	5.1311	6
181.4	20.0785	601.9481	5.138	6
181.45	20.0789	601.6762	5.1353	6
181.5	20.0783	602.4167	5.1514	6
181.55	20.0786	602.2165	5.1553	6
181.6	20.0786	602.236	5.1512	6
181.65	20.0786	602.4187	5.1437	6
181.7	20.0784	602.6466	5.1559	6
181.75	20.0785	602.5661	5.1837	6
181.8	20.0783	602.98	5.1686	6
181.85	20.0781	603.1966	5.138	6
181.9	20.0779	603.4544	5.1324	6
181.95	20.078	603.8779	5.1344	6
182	20.0785	604.9257	5.1417	6
182.05	20.0791	605.0727	5.1548	6
182.1	20.079	605.2996	5.1579	6
182.15	20.0791	605.4708	5.1581	6
182.2	20.0793	605.3776	5.1583	6
182.25	20.0791	605.7814	5.1539	6
182.3	20.0787	606.2909	5.1401	6
182.35	20.0786	606.3173	5.1353	6
182.4	20.0785	606.6841	5.134	6
182.45	20.0783	607.1642	5.1522	6
182.5	20.0781	607.3083	5.1675	6
182.55	20.0776	607.9121	5.145	6
182.6	20.0775	608.2451	5.1404	6
182.65	20.0777	608.7876	5.1417	6
182.7	20.078	609.9971	5.1429	6
182.75	20.0781	610.6445	5.1467	6
182.8	20.0783	610.7124	5.1509	6
182.85	20.0781	611.099	5.1326	6
182.9	20.0777	611.6141	5.1152	6
182.95	20.0775	611.8114	5.123	6
183	20.0774	611.9474	5.1442	6
183.05	20.0769	612.554	5.1293	6
183.1	20.0769	612.5959	5.1185	6
183.15	20.0774	613.2982	5.128	6
183.2	20.078	614.5007	5.1087	6
183.25	20.0781	614.8164	5.1143	6
183.3	20.0785	614.3665	5.1231	6
183.35	20.0781	614.9656	5.1327	6
183.4	20.0781	615.244	5.1491	6
