Indentation

 + User defined profile

+ User defined profile
   Acquisition rate :	20.0 [Hz]
   Linear load 20.00  µN ; 100.00 µN/min
   Pause in load 2 s
   Linear load 0.00  µN ; 100.00 µN/min
   Pause in load 120 s
   Linear depth 24.00  µm ; 500.00 µm/min
   Pause in depth 120 s
   Linear depth 0.00  µm ; 1000.00 µm/min
+ TTX - UNHT Bio S/N: 1000136751 settings
   Fn contact : 25 µN
   Approach distance : 20 µm
   Approach speed : 100 µm/min
   Retract speed : 200 µm/min
   Retract time : 5 sec
   Dz sensor in large range
   Load in fine range
   FnRef in fine range
   FnRef contactload :500.000 µN
   Stiffness threshold : 1 µN/µm

   X Position :10204.70 µm
   Y Position :40363.90 µm
   Z Position :8769.18 µm

Date :6/9/2026
Time :2:40:23 PM

Analysis n # 1

   Method :	Hertz

Cycle # 1

 + Parameters

  Load Fit [10%,98%]

 + Main results

   EHz=	15.742 	kPa

 + Hypothesis


 + Additional results

   ErHz=	17.30 kPa
   h offset=	5.36 µm
   R2=	0.74

Cycle # 2

 + Parameters

  Load Fit [10%,98%]

 + Main results

   EHz=	16.325 	kPa

 + Hypothesis


 + Additional results

   ErHz=	17.94 kPa
   h offset=	6.03 µm
   R2=	0.66

Analysis n # 2

   Method :	Oliver & Pharr

Cycle # 1

 + Parameters

  Unload Fit [40%,98%]

 + Main results

   HIT=	0.47462 	kPa
   EIT=	65.826 	kPa
   E*=	72.336 	kPa

 + Hypothesis

   !!! Indenter not calibrated !!!
   m out of O&P hypothesis
   Poisson's ratio(nu)=	0.30 

 + Additional results

   HVIT=	4.8381E-005 	 Vickers
   RIT 1.8E-005/9/2=	-18.96 	%
   nIT=	74.72 %
   Fmax=	17.74 	µN
   hmax=	12.86 	µm
   S=	15.7794 	µN/µm
   F/S²=	0.0712 	µm²/µN
   hc=	12.04 	µm
   hr=	11.73 	µm
   hp=	-189.74 	µm
   m=	180.2251 
   Epsilon=	0.73 
   R2=	1.015
   Ap=	37372.90 	µm²
   Welast=	14.05 pJ
   Wplast=	4.75 pJ
   Wtotal=	18.80 pJ
   Er=	72.336 	kPa

Cycle # 2

 + Parameters

  Unload Fit [40%,98%]

 + Main results

   HIT=	16.665 	kPa
   EIT=	5283.9 	kPa
   E*=	5806.5 	kPa

 + Hypothesis

   !!! Indenter not calibrated !!!
   m out of O&P hypothesis
   Poisson's ratio(nu)=	0.30 

 + Additional results

   HVIT=	0.0016988 	 Vickers
   RIT 0.0012/3/120=	-7764.23 	%
   nIT=	4.01 %
   Fmax=	1217.95 	µN
   hmax=	24.33 	µm
   S=	1771.2452 	µN/µm
   F/S²=	0.0004 	µm²/µN
   hc=	23.83 	µm
   hr=	23.64 	µm
   hp=	22.85 	µm
   m=	2.1471 
   Epsilon=	0.73 
   R2=	1.000
   Ap=	73084.46 	µm²
   Welast=	449.70 pJ
   Wplast=	10765.55 pJ
   Wtotal=	11215.25 pJ
   Er=	5806.5 	kPa

Measured values
Time (s)	Pd (µm)	Fn (µN)	FnRef (µN)	SegmentID

0	0	0	5.1086	0
0.05	0.1872	0.0677	5.1127	0
0.1	0.3717	-0.2638	5.1138	0
0.15	0.5527	0.2283	5.1065	0
0.2	0.7315	-0.1836	5.085	0
0.25	0.9073	0.2396	5.0846	0
0.3	1.0805	0.224	5.1028	0
0.35	1.2504	0.1551	5.0964	0
0.4	1.4182	0.0316	5.0992	0
0.45	1.583	0.2634	5.1024	0
0.5	1.7459	0.5039	5.0949	0
0.55	1.9071	-0.0153	5.0848	0
0.6	2.0651	0.2259	5.085	0
0.65	2.2201	1.1722	5.0928	0
0.7	2.3749	-0.1733	5.1099	0
0.75	2.5261	0.244	5.1198	0
0.8	2.6749	0.8376	5.1241	0
0.85	2.8227	0.4613	5.1231	0
0.9	2.9685	0.0696	5.1164	0
0.95	3.1112	0.9916	5.1227	0
1	3.2526	0.9222	5.1031	0
1.05	3.3926	0.439	5.0897	0
1.1	3.5308	0.3283	5.0992	0
1.15	3.6661	1.4093	5.1082	0
1.2	3.8009	0.8335	5.1055	0
1.25	3.9334	0.8266	5.1114	0
1.3	4.0642	0.8125	5.1082	0
1.35	4.1931	1.5034	5.1176	0
1.4	4.3221	0.514	5.1249	0
1.45	4.4484	0.9221	5.1101	0
1.5	4.573	1.4603	5.1148	0
1.55	4.6969	1.3896	5.1286	0
1.6	4.8198	0.7053	5.1482	0
1.65	4.9399	1.5225	5.15	0
1.7	5.0597	1.4956	5.1438	0
1.75	5.1789	0.8146	5.1327	0
1.8	5.296	1.4173	5.1271	0
1.85	5.4119	1.8752	5.1123	0
1.9	5.528	1.0163	5.1017	0
1.95	5.6423	1.6578	5.1077	0
2	5.7556	1.3651	5.11	0
2.05	5.8673	1.7884	5.121	0
2.1	5.9789	1.2517	5.1453	0
2.15	6.0893	1.4164	5.1241	0
2.2	6.1986	2.0768	5.1169	0
2.25	6.3076	1.5689	5.13	0
2.3	6.4155	1.5435	5.1266	0
2.35	6.5222	1.9275	5.1145	0
2.4	6.6287	1.9115	5.1221	0
2.45	6.7343	1.7892	5.1222	0
2.5	6.8392	1.9395	5.1045	0
2.55	6.9435	1.5684	5.108	0
2.6	7.0464	2.2385	5.1256	0
2.65	7.1495	1.7452	5.1226	0
2.7	7.2512	2.1897	5.1117	0
2.75	7.3532	1.6365	5.1129	0
2.8	7.4532	2.6268	5.1262	0
2.85	7.5542	1.6154	5.1334	0
2.9	7.6534	2.3891	5.1226	0
2.95	7.7527	2.0087	5.121	0
3	7.8511	2.0328	5.1246	0
3.05	7.9488	2.3956	5.1163	0
3.1	8.0467	2.1461	5.1107	0
3.15	8.1438	1.9592	5.1064	0
3.2	8.2402	2.7122	5.1198	0
3.25	8.3372	2.025	5.1232	0
3.3	8.433	2.0232	5.1194	0
3.35	8.5283	2.5699	5.1447	0
3.4	8.6236	2.2745	5.1326	0
3.45	8.7175	2.2386	5.1281	0
3.5	8.8111	2.641	5.1359	0
3.55	8.9052	2.6322	5.1373	0
3.6	8.9993	2.1883	5.1422	0
3.65	9.0925	2.5473	5.1309	0
3.7	9.1858	2.5618	5.1364	0
3.75	9.2786	2.7746	5.1456	0
3.8	9.3715	2.0719	5.1388	0
3.85	9.4625	3.394	5.1325	0
3.9	9.5551	2.3563	5.118	0
3.95	9.6461	3.011	5.1221	0
4	9.7376	2.7556	5.1365	0
4.05	9.8282	3.0507	5.1423	0
4.1	9.9193	2.7406	5.1579	0
4.15	10.0097	3.208	5.162	0
4.2	10.1002	3.1673	5.15	0
4.25	10.1905	3.4676	5.147	0
4.3	10.281	3.0423	5.1462	0
4.35	10.37	4.0177	5.151	0
4.4	10.46	3.6826	5.1476	0
4.45	10.5493	4.0314	5.133	0
4.5	10.6388	3.909	5.1389	0
4.55	10.7277	4.4223	5.1411	1
4.6	10.8161	4.6735	5.138	1
4.65	10.9047	5.0031	5.1353	1
4.7	10.9925	5.3447	5.1354	1
4.75	11.0626	5.3661	5.1302	1
4.8	11.094	5.5743	5.1114	1
4.85	11.1105	4.8541	5.112	1
4.9	11.1218	6.0684	5.1222	1
4.95	11.1321	5.1827	5.1257	1
5	11.1416	5.3432	5.1339	1
5.05	11.1501	5.5049	5.1282	1
5.1	11.1569	5.8496	5.1334	1
5.15	11.164	5.1292	5.1374	1
5.2	11.1703	5.8481	5.1301	1
5.25	11.1753	5.5755	5.1195	1
5.3	11.1804	5.7088	5.1254	1
5.35	11.1865	5.0075	5.1164	1
5.4	11.1906	6.4916	5.1155	1
5.45	11.1949	5.259	5.1182	1
5.5	11.2001	5.505	5.1178	1
5.55	11.2042	5.5816	5.1237	1
5.6	11.2082	5.8116	5.1074	1
5.65	11.2125	5.5028	5.1104	1
5.7	11.2169	5.7987	5.1162	1
5.75	11.2205	5.6703	5.126	1
5.8	11.2248	5.5708	5.1351	1
5.85	11.2289	5.8095	5.1253	1
5.9	11.2328	5.8071	5.1274	1
5.95	11.2369	5.6306	5.1221	1
6	11.2412	5.6882	5.1218	1
6.05	11.2452	5.8738	5.1203	1
6.1	11.2497	5.5932	5.138	1
6.15	11.2539	5.9245	5.1592	1
6.2	11.2581	5.6288	5.1457	1
6.25	11.2624	5.7379	5.1241	1
6.3	11.2669	5.7181	5.1282	1
6.35	11.2715	5.9831	5.1265	1
6.4	11.2761	5.8256	5.1421	1
6.45	11.2813	5.6683	5.1408	1
6.5	11.2854	6.3683	5.1111	1
6.55	11.2896	5.7188	5.1268	1
6.6	11.2955	5.5846	5.1328	1
6.65	11.2999	6.3667	5.1331	1
6.7	11.3041	6.0324	5.134	1
6.75	11.3099	5.6248	5.1004	1
6.8	11.3148	6.4162	5.104	1
6.85	11.3194	6.187	5.1054	1
6.9	11.3255	5.8026	5.1264	1
6.95	11.3305	6.4205	5.1267	1
7	11.3358	6.196	5.1226	1
7.05	11.3417	6.0629	5.1289	1
7.1	11.3482	5.9331	5.1175	1
7.15	11.3543	6.2648	5.1281	1
7.2	11.3598	6.3183	5.1459	1
7.25	11.3667	5.531	5.1386	1
7.3	11.374	6.3244	5.1197	1
7.35	11.3797	6.6236	5.1198	1
7.4	11.3868	5.6693	5.1297	1
7.45	11.3939	6.3828	5.1381	1
7.5	11.4009	6.096	5.1322	1
7.55	11.408	6.421	5.1187	1
7.6	11.4153	6.2181	5.1203	1
7.65	11.4225	6.5049	5.1346	1
7.7	11.4289	6.5363	5.1291	1
7.75	11.4365	6.2235	5.1303	1
7.8	11.4442	6.5425	5.1457	1
7.85	11.4512	6.7182	5.1414	1
7.9	11.4595	5.9077	5.1208	1
7.95	11.4677	6.9562	5.1384	1
8	11.4746	6.8995	5.145	1
8.05	11.4829	6.346	5.1468	1
8.1	11.4909	6.828	5.1307	1
8.15	11.4985	7.0642	5.1325	1
8.2	11.5068	6.3816	5.1363	1
8.25	11.5158	6.8469	5.1236	1
8.3	11.523	7.3634	5.1221	1
8.35	11.5322	6.3517	5.1345	1
8.4	11.5414	6.9136	5.1258	1
8.45	11.5501	6.9603	5.1228	1
8.5	11.5585	7.4013	5.1341	1
8.55	11.5675	6.8763	5.1475	1
8.6	11.5764	7.3115	5.1587	1
8.65	11.5856	6.9694	5.153	1
8.7	11.5944	7.5611	5.1457	1
8.75	11.6034	7.132	5.1508	1
8.8	11.6128	7.1822	5.1544	1
8.85	11.6221	7.2919	5.153	1
8.9	11.6314	7.5282	5.1524	1
8.95	11.6409	7.4087	5.155	1
9	11.6507	7.5576	5.1573	1
9.05	11.6607	7.2382	5.1423	1
9.1	11.6705	7.8925	5.1466	1
9.15	11.6803	7.434	5.1375	1
9.2	11.6903	7.9369	5.1455	1
9.25	11.7002	7.6254	5.1531	1
9.3	11.7113	7.4572	5.1453	1
9.35	11.7211	8.3116	5.1477	1
9.4	11.7312	7.6242	5.1297	1
9.45	11.7414	8.1662	5.1219	1
9.5	11.752	7.8121	5.1276	1
9.55	11.7625	8.292	5.1362	1
9.6	11.7732	8.0403	5.148	1
9.65	11.7844	8.0426	5.1442	1
9.7	11.795	8.4049	5.1501	1
9.75	11.8057	8.3223	5.1496	1
9.8	11.8171	8.0425	5.1335	1
9.85	11.8273	9.0354	5.136	1
9.9	11.8383	8.0384	5.125	1
9.95	11.8496	8.7904	5.1322	1
10	11.8608	8.47	5.1451	1
10.05	11.8722	8.8879	5.1461	1
10.1	11.8834	8.8733	5.1312	1
10.15	11.8949	8.5036	5.1082	1
10.2	11.9059	9.1743	5.112	1
10.25	11.9168	9.019	5.1118	1
10.3	11.9277	9.1481	5.1353	1
10.35	11.939	9.2849	5.1385	1
10.4	11.9504	9.0567	5.1384	1
10.45	11.9622	9.4084	5.1348	1
10.5	11.9729	9.7608	5.1327	1
10.55	11.9845	9.1308	5.1285	1
10.6	11.9958	9.8826	5.1282	1
10.65	12.0063	9.9408	5.1396	1
10.7	12.0176	9.7648	5.1456	1
10.75	12.0288	9.9988	5.1458	1
10.8	12.0396	10.2821	5.1449	1
10.85	12.051	9.8991	5.1509	1
10.9	12.062	10.4556	5.1585	1
10.95	12.0726	10.4569	5.1566	1
11	12.0836	10.4049	5.1463	1
11.05	12.0949	10.5128	5.149	1
11.1	12.1058	10.6727	5.1597	1
11.15	12.1167	10.8439	5.154	1
11.2	12.1273	10.8848	5.1491	1
11.25	12.138	10.9626	5.1375	1
11.3	12.1494	10.7897	5.1299	1
11.35	12.1603	11.3117	5.137	1
11.4	12.17	11.6324	5.1439	1
11.45	12.1808	11.183	5.1331	1
11.5	12.1923	11.1002	5.1337	1
11.55	12.2028	11.9796	5.1423	1
11.6	12.2133	11.4188	5.1375	1
11.65	12.2243	11.6003	5.1468	1
11.7	12.2344	12.0889	5.1458	1
11.75	12.2447	11.9462	5.1347	1
11.8	12.256	11.6132	5.116	1
11.85	12.266	12.6082	5.1264	1
11.9	12.2758	12.1085	5.1374	1
11.95	12.2872	12.1273	5.1413	1
12	12.2972	12.7421	5.1307	1
12.05	12.3065	12.551	5.1176	1
12.1	12.3173	12.3339	5.0952	1
12.15	12.328	12.6712	5.1089	1
12.2	12.3382	12.9436	5.1164	1
12.25	12.3484	12.7865	5.1266	1
12.3	12.3592	12.7385	5.1416	1
12.35	12.3695	13.4753	5.1398	1
12.4	12.3787	13.3307	5.1283	1
12.45	12.3893	13.0548	5.104	1
12.5	12.3986	14.0497	5.0968	1
12.55	12.4079	13.4041	5.106	1
12.6	12.4193	12.8518	5.1103	1
12.65	12.4289	14.3193	5.1257	1
12.7	12.4378	13.8567	5.136	1
12.75	12.4484	13.653	5.1436	1
12.8	12.458	14.3807	5.1431	1
12.85	12.4674	13.9714	5.1439	1
12.9	12.4769	14.3185	5.1447	1
12.95	12.4865	14.0454	5.116	1
13	12.4961	14.6561	5.121	1
13.05	12.5051	14.4133	5.1279	1
13.1	12.5155	14.3361	5.1106	1
13.15	12.5246	14.8436	5.1175	1
13.2	12.5337	14.8998	5.1355	1
13.25	12.5436	14.6378	5.1354	1
13.3	12.5531	15.404	5.1306	2
13.35	12.5622	14.9113	5.1389	2
13.4	12.5715	15.3321	5.1384	2
13.45	12.5804	15.3753	5.1237	2
13.5	12.5898	15.3436	5.1292	2
13.55	12.5991	15.5463	5.1416	2
13.6	12.6077	15.512	5.1508	2
13.65	12.6166	15.7905	5.1417	2
13.7	12.6249	15.8338	5.1422	2
13.75	12.6326	15.9748	5.1446	2
13.8	12.6406	16.0193	5.1453	2
13.85	12.648	15.9765	5.1492	2
13.9	12.6558	16.3797	5.1497	2
13.95	12.6629	16.0967	5.1469	2
14	12.671	15.8774	5.1252	2
14.05	12.6782	16.4086	5.1192	2
14.1	12.6843	16.8158	5.1307	2
14.15	12.6905	16.5641	5.1445	2
14.2	12.6978	16.1654	5.1589	2
14.25	12.7039	16.9207	5.1465	2
14.3	12.7095	16.8116	5.1384	2
14.35	12.7157	16.5249	5.1434	2
14.4	12.7218	16.9068	5.1489	2
14.45	12.7271	16.7484	5.1466	2
14.5	12.7331	16.9635	5.1498	2
14.55	12.7385	16.9972	5.1407	2
14.6	12.7437	17.2088	5.1441	2
14.65	12.7477	17.5187	5.1495	2
14.7	12.753	16.6992	5.1422	2
14.75	12.7583	17.2836	5.1322	2
14.8	12.7624	17.5427	5.1417	2
14.85	12.7666	17.2474	5.1538	2
14.9	12.7712	17.3643	5.1361	2
14.95	12.7752	17.4272	5.1367	2
15	12.7795	17.5175	5.1426	2
15.05	12.7834	17.4035	5.1423	2
15.1	12.7872	17.663	5.1494	2
15.15	12.7909	17.7031	5.1432	2
15.2	12.7945	17.4275	5.1542	2
15.25	12.7988	17.6543	5.146	2
15.3	12.8019	17.7793	5.124	3
15.35	12.8052	17.7378	5.134	3
15.4	12.8092	17.332	5.1577	3
15.45	12.8116	18.3618	5.1643	3
15.5	12.8145	17.5537	5.135	3
15.55	12.8186	17.3093	5.1246	3
15.6	12.8207	18.3741	5.1464	3
15.65	12.8226	17.8742	5.1509	3
15.7	12.8257	17.4269	5.1555	3
15.75	12.8283	17.9977	5.1696	3
15.8	12.8299	17.7377	5.1626	3
15.85	12.832	17.7999	5.1538	3
15.9	12.8338	17.513	5.144	3
15.95	12.8352	18.0065	5.16	3
16	12.8363	17.6319	5.1692	3
16.05	12.8377	17.6864	5.1512	3
16.1	12.8384	17.8668	5.1533	3
16.15	12.8388	17.8089	5.1375	3
16.2	12.8395	17.4691	5.1312	3
16.25	12.8403	17.6351	5.1377	3
16.3	12.8402	17.7008	5.1362	3
16.35	12.841	17.3629	5.1372	3
16.4	12.8411	17.6673	5.1401	3
16.45	12.8408	17.5954	5.1213	3
16.5	12.8412	17.2145	5.1028	3
16.55	12.8406	17.6568	5.1224	3
16.6	12.84	17.3735	5.1361	3
16.65	12.8397	17.1795	5.1376	3
16.7	12.8387	17.5483	5.1284	3
16.75	12.8379	17.1082	5.1339	3
16.8	12.8375	17.0468	5.1361	3
16.85	12.8362	17.5026	5.1425	3
16.9	12.8345	17.1991	5.1494	3
16.95	12.8334	17.134	5.1381	3
17	12.832	17.1177	5.1411	3
17.05	12.8307	17.0136	5.1293	3
17.1	12.8292	17.0906	5.1309	3
17.15	12.8273	17.0164	5.1278	3
17.2	12.8258	16.6529	5.1216	3
17.25	12.824	17.1138	5.1234	3
17.3	12.8216	17.0464	5.1351	3
17.35	12.8192	16.8736	5.1576	3
17.4	12.817	16.717	5.1579	3
17.45	12.8146	16.7613	5.1465	3
17.5	12.812	16.6518	5.1534	3
17.55	12.8093	16.7249	5.1464	3
17.6	12.8066	16.4463	5.156	3
17.65	12.8036	16.7294	5.1325	3
17.7	12.8009	16.2604	5.1289	3
17.75	12.7983	16.4427	5.1283	3
17.8	12.7947	16.7855	5.1357	3
17.85	12.7916	16.0139	5.1504	3
17.9	12.7886	16.2663	5.1581	3
17.95	12.7847	16.5956	5.1624	3
18	12.7814	15.886	5.172	3
18.05	12.7784	16.0444	5.1659	3
18.1	12.7744	16.4202	5.1547	3
18.15	12.7707	15.7539	5.1404	3
18.2	12.7672	16.0828	5.1426	3
18.25	12.7635	15.7423	5.1511	3
18.3	12.7593	16.2378	5.1517	3
18.35	12.7559	15.3816	5.1485	3
18.4	12.7522	15.7068	5.1637	3
18.45	12.7477	15.9758	5.1523	3
18.5	12.7435	15.3934	5.137	3
18.55	12.7396	15.5706	5.1371	3
18.6	12.735	15.6304	5.1441	3
18.65	12.7309	15.2912	5.1442	3
18.7	12.7266	15.5665	5.1341	3
18.75	12.722	15.2127	5.1175	3
18.8	12.7176	15.2369	5.115	3
18.85	12.7131	15.0973	5.1234	3
18.9	12.7084	15.3567	5.1198	3
18.95	12.7039	15.0153	5.1221	3
19	12.6989	15.2999	5.139	3
19.05	12.6946	14.6305	5.1422	3
19.1	12.6896	15.1768	5.1341	3
19.15	12.6844	14.604	5.128	3
19.2	12.6792	14.9426	5.1225	3
19.25	12.6744	14.6558	5.1321	3
19.3	12.6694	14.715	5.13	3
19.35	12.6644	14.4273	5.1437	3
19.4	12.6596	14.3675	5.1543	3
19.45	12.6541	14.5551	5.1353	3
19.5	12.6486	14.5452	5.128	3
19.55	12.6436	14.0631	5.1274	3
19.6	12.6387	14.2848	5.1117	3
19.65	12.6332	14.1967	5.1076	3
19.7	12.6274	14.2272	5.1061	3
19.75	12.6218	13.8874	5.1225	3
19.8	12.6168	13.8968	5.1285	3
19.85	12.6112	13.7908	5.1233	3
19.9	12.6061	13.9689	5.1309	3
19.95	12.5999	13.6263	5.1409	3
20	12.5942	13.9206	5.1405	3
20.05	12.5882	13.4079	5.1475	3
20.1	12.5826	13.6848	5.143	3
20.15	12.5771	13.5359	5.1325	3
20.2	12.571	13.4827	5.1264	3
20.25	12.5655	13.2822	5.1265	3
20.3	12.5595	13.2848	5.1337	3
20.35	12.5532	13.383	5.1384	3
20.4	12.5476	13.0504	5.1404	3
20.45	12.541	13.4147	5.133	3
20.5	12.5353	12.6517	5.1401	3
20.55	12.5299	12.8632	5.1422	3
20.6	12.523	13.289	5.1407	3
20.65	12.5163	12.935	5.1426	3
20.7	12.5104	12.4743	5.1317	3
20.75	12.5044	12.6874	5.1275	3
20.8	12.4977	12.889	5.1245	3
20.85	12.4909	12.5578	5.1388	3
20.9	12.485	12.1756	5.1416	3
20.95	12.478	12.8034	5.1415	3
21	12.4718	12.1649	5.1466	3
21.05	12.4659	11.8982	5.135	3
21.1	12.4586	13.0125	5.1372	3
21.15	12.4503	12.5569	5.1322	3
21.2	12.4458	10.5277	5.1188	3
21.25	12.4398	13.1151	5.1352	3
21.3	12.4299	12.6632	5.1483	3
21.35	12.4244	10.9063	5.143	3
21.4	12.4188	11.5943	5.1319	3
21.45	12.4096	13.2079	5.1353	3
21.5	12.4032	10.6946	5.1055	3
21.55	12.3986	11.2791	5.1108	3
21.6	12.3891	13.1382	5.149	3
21.65	12.3813	10.7129	5.143	3
21.7	12.3764	10.914	5.1365	3
21.75	12.3676	12.7644	5.1263	3
21.8	12.3598	10.7186	5.1423	3
21.85	12.3541	10.7607	5.1326	3
21.9	12.3464	11.7391	5.1313	3
21.95	12.3376	11.3934	5.1276	3
22	12.3308	10.6336	5.1097	3
22.05	12.3238	11.1328	5.1191	3
22.1	12.3147	11.4554	5.13	3
22.15	12.3086	9.7913	5.1374	3
22.2	12.3009	11.6386	5.1318	3
22.25	12.2916	11.2898	5.1305	3
22.3	12.2857	9.6102	5.1408	3
22.35	12.2785	10.7782	5.1394	3
22.4	12.2695	11.0831	5.1115	3
22.45	12.2618	9.9648	5.1115	3
22.5	12.2549	10.4041	5.1126	3
22.55	12.2461	10.9114	5.1235	3
22.6	12.238	10.0406	5.1227	3
22.65	12.2317	9.8129	5.1333	3
22.7	12.2225	10.9559	5.1296	3
22.75	12.2136	9.9282	5.1189	3
22.8	12.2071	9.217	5.1306	3
22.85	12.1987	10.6694	5.1595	3
22.9	12.1892	10.2913	5.1527	3
22.95	12.1824	8.7568	5.1327	3
23	12.1745	10.3587	5.125	3
23.05	12.1647	10.0512	5.1181	3
23.1	12.1571	9.1107	5.1266	3
23.15	12.1493	9.6153	5.1307	3
23.2	12.1401	9.6988	5.1135	3
23.25	12.1327	8.7837	5.1093	3
23.3	12.1248	9.5389	5.1209	3
23.35	12.1149	9.7169	5.1393	3
23.4	12.1068	8.7389	5.147	3
23.45	12.0995	8.7184	5.1478	3
23.5	12.0903	9.632	5.1561	3
23.55	12.0811	8.7208	5.139	3
23.6	12.0735	8.7644	5.1381	3
23.65	12.0644	9.1146	5.1284	3
23.7	12.0558	8.6684	5.1087	3
23.75	12.0475	8.3265	5.0985	3
23.8	12.0388	9.0148	5.1218	3
23.85	12.0289	8.6898	5.1244	3
23.9	12.021	8.1044	5.109	3
23.95	12.0123	8.4354	5.1029	3
24	12.0033	8.4772	5.1036	3
24.05	11.9944	8.2302	5.1075	3
24.1	11.9857	8.1119	5.1179	3
24.15	11.9765	8.2547	5.1335	3
24.2	11.967	8.173	5.1483	3
24.25	11.9579	8.1452	5.1383	3
24.3	11.949	7.6678	5.1241	3
24.35	11.9399	8.1042	5.1328	3
24.4	11.9308	7.4403	5.1426	3
24.45	11.9214	8.1552	5.1344	3
24.5	11.9122	7.3514	5.1324	3
24.55	11.9037	7.6707	5.1201	3
24.6	11.8936	7.6137	5.1045	3
24.65	11.884	7.5806	5.0994	3
24.7	11.8744	7.4926	5.1002	3
24.75	11.8656	7.0596	5.097	3
24.8	11.8561	7.2643	5.1129	3
24.85	11.8463	7.6126	5.1172	3
24.9	11.8365	6.7491	5.1164	3
24.95	11.8276	7.2659	5.1161	3
25	11.8167	7.1502	5.1259	3
25.05	11.8073	6.7632	5.1341	3
25.1	11.7981	6.7658	5.1247	3
25.15	11.7878	7.2203	5.1379	3
25.2	11.7778	6.6459	5.1314	3
25.25	11.7681	6.7585	5.1472	3
25.3	11.7574	6.8729	5.1546	3
25.35	11.7473	6.5621	5.1339	3
25.4	11.7367	6.5745	5.1271	3
25.45	11.7267	6.6836	5.1214	3
25.5	11.7159	6.624	5.1301	3
25.55	11.706	5.9661	5.1351	3
25.6	11.6957	6.5498	5.1315	3
25.65	11.6843	6.5975	5.1415	3
25.7	11.6742	5.8855	5.1389	3
25.75	11.6633	6.606	5.1363	3
25.8	11.6517	6.3721	5.1403	3
25.85	11.6413	5.8075	5.1424	3
25.9	11.6305	6.2782	5.1368	3
25.95	11.6189	6.2321	5.12	3
26	11.6083	5.507	5.1213	3
26.05	11.5977	6.1564	5.1185	3
26.1	11.5857	6.3303	5.1156	3
26.15	11.5757	4.5545	5.1369	3
26.2	11.5656	6.0519	5.1333	3
26.25	11.5525	5.9423	5.1311	3
26.3	11.5415	5.1198	5.1365	3
26.35	11.532	4.8111	5.1255	3
26.4	11.519	6.5566	5.1258	3
26.45	11.5074	4.9623	5.1305	3
26.5	11.4973	4.8947	5.1351	3
26.55	11.4841	6.2494	5.1255	3
26.6	11.4726	4.4741	5.1043	3
26.65	11.4622	4.4868	5.1286	3
26.7	11.4499	6.2169	5.1394	3
26.75	11.4365	4.836	5.1173	3
26.8	11.4259	4.4179	5.0994	3
26.85	11.4147	4.9419	5.0804	3
26.9	11.4011	5.676	5.1061	3
26.95	11.3896	4.0863	5.1365	3
27	11.3779	4.9944	5.0993	3
27.05	11.3638	5.2596	5.0797	3
27.1	11.352	4.3413	5.0886	3
27.15	11.3399	4.6749	5.096	3
27.2	11.3265	5.3296	5.1023	3
27.25	11.3133	4.2722	5.0875	3
27.3	11.301	4.4831	5.0951	4
27.35	11.2871	5.3384	5.0906	4
27.4	11.2736	4.1391	5.0817	4
27.45	11.2608	4.6183	5.0867	4
27.5	11.2474	4.4903	5.0873	4
27.55	11.2333	4.5486	5.1056	4
27.6	11.2204	4.3989	5.1141	4
27.65	11.2076	3.9224	5.125	4
27.7	11.1941	4.8369	5.1269	4
27.75	11.1802	3.9333	5.0956	4
27.8	11.1682	3.8475	5.1091	4
27.85	11.1545	5.0466	5.1068	4
27.9	11.1404	3.9326	5.1053	4
27.95	11.1291	3.4781	5.1151	4
28	11.1167	4.1446	5.107	4
28.05	11.1035	4.3862	5.1185	4
28.1	11.091	3.8583	5.12	4
28.15	11.0784	3.7764	5.1124	4
28.2	11.0661	4.3471	5.1143	4
28.25	11.0535	3.4594	5.1062	4
28.3	11.0415	4.1812	5.0974	4
28.35	11.0283	4.0224	5.1005	4
28.4	11.0158	3.7041	5.1027	4
28.45	11.0049	3.4113	5.12	4
28.5	10.9927	3.9074	5.1241	4
28.55	10.98	4.1834	5.1122	4
28.6	10.9677	3.4603	5.0979	4
28.65	10.9564	3.3344	5.092	4
28.7	10.9447	3.869	5.0977	4
28.75	10.9316	3.837	5.0896	4
28.8	10.9211	2.9332	5.0887	4
28.85	10.91	3.5493	5.0959	4
28.9	10.8981	3.7853	5.0948	4
28.95	10.8863	3.1615	5.0896	4
29	10.875	3.5602	5.0901	4
29.05	10.8632	3.3491	5.0922	4
29.1	10.852	3.6199	5.0879	4
29.15	10.8408	3.1493	5.082	4
29.2	10.8302	2.9645	5.0965	4
29.25	10.8192	3.5075	5.1099	4
29.3	10.8079	3.1773	5.1101	4
29.35	10.7977	3.0523	5.114	4
29.4	10.7875	2.5709	5.1219	4
29.45	10.7763	4.0425	5.121	4
29.5	10.7647	2.6319	5.1289	4
29.55	10.7554	2.7063	5.1217	4
29.6	10.744	3.6709	5.1294	4
29.65	10.7328	2.8029	5.1306	4
29.7	10.7238	2.326	5.128	4
29.75	10.7131	3.2978	5.126	4
29.8	10.7015	3.3804	5.1111	4
29.85	10.692	2.3253	5.115	4
29.9	10.6831	2.5526	5.1277	4
29.95	10.6728	3.1247	5.1171	4
30	10.6623	2.5711	5.1285	4
30.05	10.6527	2.6032	5.1464	4
30.1	10.6418	3.064	5.1358	4
30.15	10.6319	2.3424	5.1303	4
30.2	10.623	2.5187	5.1226	4
30.25	10.6135	2.7209	5.129	4
30.3	10.603	2.7639	5.1406	4
30.35	10.5934	2.5544	5.1192	4
30.4	10.5843	2.1681	5.1055	4
30.45	10.5747	2.7095	5.1201	4
30.5	10.565	2.4217	5.124	4
30.55	10.5562	2.0745	5.1103	4
30.6	10.5468	2.8645	5.1025	4
30.65	10.5377	1.8571	5.0934	4
30.7	10.5296	2.2716	5.1029	4
30.75	10.5194	2.9507	5.104	4
30.8	10.5103	1.9372	5.1036	4
30.85	10.5025	1.8626	5.1304	4
30.9	10.493	2.6867	5.14	4
30.95	10.4833	2.4943	5.1349	4
31	10.4758	1.5176	5.123	4
31.05	10.4669	2.6056	5.1301	4
31.1	10.4576	2.1942	5.1455	4
31.15	10.4495	1.6183	5.1437	4
31.2	10.4412	2.3856	5.1343	4
31.25	10.432	2.3041	5.131	4
31.3	10.4241	1.422	5.1294	4
31.35	10.4155	2.6648	5.1473	4
31.4	10.4062	1.8024	5.1553	4
31.45	10.3988	1.8421	5.1415	4
31.5	10.3906	1.9769	5.1348	4
31.55	10.3822	2.0739	5.1311	4
31.6	10.3736	1.9751	5.1334	4
31.65	10.3657	1.7213	5.1287	4
31.7	10.3583	1.5655	5.1306	4
31.75	10.3497	2.6223	5.1333	4
31.8	10.341	1.423	5.1295	4
31.85	10.3338	1.9847	5.1448	4
31.9	10.3251	1.8759	5.1354	4
31.95	10.3176	1.6993	5.116	4
32	10.3098	1.8485	5.1341	4
32.05	10.3018	1.8901	5.1261	4
32.1	10.2933	1.9982	5.1058	4
32.15	10.2858	1.5277	5.1101	4
32.2	10.278	1.8604	5.1454	4
32.25	10.2699	1.8715	5.1476	4
32.3	10.262	1.6596	5.1215	4
32.35	10.2547	1.6387	5.1155	4
32.4	10.2464	2.0962	5.1297	4
32.45	10.2388	1.6471	5.1286	4
32.5	10.2305	2.0843	5.1127	4
32.55	10.2231	1.2826	5.106	4
32.6	10.2152	2.2593	5.1178	4
32.65	10.2071	1.353	5.1264	4
32.7	10.2004	1.8355	5.1225	4
32.75	10.1923	1.9125	5.1175	4
32.8	10.1841	1.8015	5.1289	4
32.85	10.1767	1.7146	5.1233	4
32.9	10.1679	2.2424	5.1313	4
32.95	10.1599	1.4429	5.1525	4
33	10.1519	2.0732	5.1375	4
33.05	10.1432	1.8233	5.1338	4
33.1	10.1359	1.8279	5.1384	4
33.15	10.1274	1.7924	5.1342	4
33.2	10.12	1.9501	5.1288	4
33.25	10.111	2.0421	5.1318	4
33.3	10.1037	1.4257	5.1346	4
33.35	10.0956	2.2174	5.1249	4
33.4	10.0866	2.051	5.124	4
33.45	10.0797	1.1269	5.1224	4
33.5	10.0719	2.4494	5.1198	4
33.55	10.0631	1.7284	5.1281	4
33.6	10.0567	1.4242	5.1237	4
33.65	10.048	2.3748	5.1245	4
33.7	10.0402	1.6697	5.1439	4
33.75	10.0331	1.5035	5.1363	4
33.8	10.025	1.9322	5.1252	4
33.85	10.0172	1.7913	5.1208	4
33.9	10.0092	1.7888	5.1286	4
33.95	10.0018	1.7323	5.1422	4
34	9.9935	2.1983	5.1448	4
34.05	9.9847	1.8092	5.133	4
34.1	9.9779	1.2581	5.1162	4
34.15	9.9696	2.3765	5.1121	4
34.2	9.9614	1.5271	5.1373	4
34.25	9.954	1.5752	5.1302	4
34.3	9.9466	1.7795	5.1232	4
34.35	9.9389	1.5986	5.1294	4
34.4	9.9319	1.7339	5.1415	4
34.45	9.923	2.0808	5.1452	4
34.5	9.9149	1.7384	5.1179	4
34.55	9.9069	1.7357	5.1041	4
34.6	9.899	1.9417	5.0992	4
34.65	9.89	2.3136	5.1041	4
34.7	9.8823	1.2518	5.111	4
34.75	9.8743	2.3993	5.0907	4
34.8	9.8649	2.3653	5.0849	4
34.85	9.8567	1.9498	5.1165	4
34.9	9.8487	1.9009	5.1264	4
34.95	9.8393	2.6363	5.1235	4
35	9.8307	1.8134	5.0914	4
35.05	9.8224	2.2243	5.0906	4
35.1	9.8139	1.9901	5.1062	4
35.15	9.8048	2.3825	5.114	4
35.2	9.7965	1.7185	5.121	4
35.25	9.7883	2.44	5.111	4
35.3	9.7789	2.3331	5.1067	4
35.35	9.7704	1.9197	5.117	4
35.4	9.7621	2.0311	5.1186	4
35.45	9.753	2.2932	5.1119	4
35.5	9.7447	1.9218	5.1153	4
35.55	9.7361	2.1638	5.1224	4
35.6	9.7275	2.1628	5.1164	4
35.65	9.7186	2.3323	5.1003	4
35.7	9.7099	1.9393	5.114	4
35.75	9.7015	2.2348	5.1357	4
35.8	9.6924	2.2773	5.1307	4
35.85	9.6837	2.1942	5.1351	4
35.9	9.6752	2.1079	5.1224	4
35.95	9.666	2.5439	5.1301	4
36	9.6575	1.8204	5.1235	4
36.05	9.6483	2.5783	5.1057	4
36.1	9.6391	2.0551	5.1161	4
36.15	9.6306	2.5522	5.128	4
36.2	9.6214	2.102	5.1247	4
36.25	9.6127	2.2997	5.1107	4
36.3	9.6034	2.3808	5.1016	4
36.35	9.5943	2.4181	5.1118	4
36.4	9.5853	2.1014	5.1065	4
36.45	9.576	2.7464	5.1109	4
36.5	9.5669	2.0468	5.1242	4
36.55	9.5585	2.3224	5.1289	4
36.6	9.5487	2.5157	5.1389	4
36.65	9.5396	2.4172	5.1337	4
36.7	9.5302	2.4111	5.1193	4
36.75	9.5205	2.7462	5.1234	4
36.8	9.5111	1.9896	5.1201	4
36.85	9.5029	2.3768	5.1175	4
36.9	9.4929	2.8846	5.1291	4
36.95	9.4832	2.1403	5.1341	4
37	9.4751	1.9947	5.1463	4
37.05	9.4656	2.8471	5.1491	4
37.1	9.4549	2.7293	5.1523	4
37.15	9.4464	1.9384	5.1329	4
37.2	9.437	2.4384	5.1256	4
37.25	9.4274	2.585	5.1325	4
37.3	9.4182	2.1373	5.1333	4
37.35	9.4092	2.6638	5.1389	4
37.4	9.3991	2.7062	5.1366	4
37.45	9.3903	2.0065	5.1384	4
37.5	9.3821	2.0811	5.1471	4
37.55	9.3718	3.0611	5.1184	4
37.6	9.3616	2.1725	5.1004	4
37.65	9.3535	1.9402	5.1155	4
37.7	9.3434	2.973	5.1244	4
37.75	9.3333	2.5965	5.1296	4
37.8	9.3242	2.1768	5.1257	4
37.85	9.316	2.0353	5.1237	4
37.9	9.3058	3.0647	5.1354	4
37.95	9.2958	2.189	5.124	4
38	9.2868	2.3202	5.1353	4
38.05	9.2775	2.4983	5.1362	4
38.1	9.2678	2.4316	5.1274	4
38.15	9.2597	1.9901	5.1487	4
38.2	9.2495	2.9617	5.1462	4
38.25	9.2399	2.0612	5.1275	4
38.3	9.2315	2.2306	5.1277	4
38.35	9.2223	2.3726	5.1442	4
38.4	9.2125	2.5478	5.1551	4
38.45	9.2033	2.0545	5.1488	4
38.5	9.1938	2.7453	5.1309	4
38.55	9.1837	2.4366	5.1337	4
38.6	9.1746	2.4288	5.1426	4
38.65	9.1656	2.1291	5.1351	4
38.7	9.1555	3.0028	5.1252	4
38.75	9.1462	1.9398	5.1419	4
38.8	9.1371	2.6725	5.1442	4
38.85	9.1271	2.6496	5.1366	4
38.9	9.1172	2.365	5.1609	4
38.95	9.108	2.4641	5.1582	4
39	9.0981	2.6296	5.1534	4
39.05	9.0888	2.3022	5.1473	4
39.1	9.079	2.9026	5.138	4
39.15	9.0688	2.3619	5.1383	4
39.2	9.0596	2.5343	5.1399	4
39.25	9.0497	2.5387	5.1316	4
39.3	9.0401	2.3911	5.1354	4
39.35	9.0307	2.459	5.1336	4
39.4	9.0207	2.7645	5.136	4
39.45	9.0111	2.212	5.1415	4
39.5	9.0024	2.1673	5.133	4
39.55	8.9921	3.1156	5.1366	4
39.6	8.9818	2.4195	5.1329	4
39.65	8.9731	2.1204	5.1401	4
39.7	8.9637	2.8433	5.1597	4
39.75	8.9529	2.7029	5.1551	4
39.8	8.944	2.0051	5.1473	4
39.85	8.9342	2.8766	5.1483	4
39.9	8.9238	2.6935	5.1479	4
39.95	8.9148	1.9244	5.1626	4
40	8.9054	2.8994	5.1697	4
40.05	8.8944	2.9813	5.1555	4
40.1	8.8851	1.9572	5.1503	4
40.15	8.8761	2.5659	5.1349	4
40.2	8.8652	3.1064	5.1417	4
40.25	8.8552	2.4759	5.1296	4
40.3	8.8464	2.0894	5.132	4
40.35	8.8363	3.2157	5.1325	4
40.4	8.8261	2.2201	5.1239	4
40.45	8.817	2.3631	5.1294	4
40.5	8.8065	3.1181	5.1094	4
40.55	8.796	2.5634	5.1049	4
40.6	8.7876	1.9698	5.1142	4
40.65	8.7772	3.208	5.1235	4
40.7	8.7667	2.5156	5.1257	4
40.75	8.7573	2.1827	5.1267	4
40.8	8.7482	2.5878	5.1345	4
40.85	8.737	3.142	5.1347	4
40.9	8.727	2.1658	5.1248	4
40.95	8.7182	2.4817	5.0995	4
41	8.708	3.1521	5.0919	4
41.05	8.6983	2.5077	5.1212	4
41.1	8.6896	2.0162	5.1261	4
41.15	8.6791	3.2177	5.1057	4
41.2	8.6693	2.1454	5.1102	4
41.25	8.6597	2.6267	5.1122	4
41.3	8.6495	2.6626	5.1032	4
41.35	8.6391	2.5362	5.1124	4
41.4	8.6298	2.5865	5.1066	4
41.45	8.6197	2.79	5.1035	4
41.5	8.61	2.2428	5.1007	4
41.55	8.6002	2.7373	5.1199	4
41.6	8.5908	2.2224	5.1426	4
41.65	8.581	2.6991	5.1313	4
41.7	8.5713	2.3015	5.1446	4
41.75	8.5615	2.8021	5.1435	4
41.8	8.5511	2.5898	5.1286	4
41.85	8.5418	2.3458	5.1178	4
41.9	8.5323	2.3461	5.0911	4
41.95	8.5221	2.8509	5.0868	4
42	8.5128	1.9874	5.1087	4
42.05	8.5036	2.5643	5.1179	4
42.1	8.4932	2.6348	5.1233	4
42.15	8.4835	2.2801	5.1248	4
42.2	8.474	2.433	5.1083	4
42.25	8.4651	2.0723	5.0979	4
42.3	8.455	2.7669	5.1084	4
42.35	8.4459	2.064	5.1133	4
42.4	8.4366	2.3272	5.1136	4
42.45	8.4272	2.5227	5.1208	4
42.5	8.4184	1.9375	5.1348	4
42.55	8.4093	2.393	5.1158	4
42.6	8.399	2.6996	5.1003	4
42.65	8.39	1.7972	5.0841	4
42.7	8.3813	2.4124	5.1052	4
42.75	8.3722	2.0827	5.1176	4
42.8	8.3624	2.44	5.1129	4
42.85	8.3536	1.9426	5.121	4
42.9	8.3444	2.4489	5.0987	4
42.95	8.3351	2.0421	5.0853	4
43	8.3264	2.1937	5.0902	4
43.05	8.3177	2.0986	5.0958	4
43.1	8.3084	2.5494	5.1178	4
43.15	8.299	2.0693	5.119	4
43.2	8.2907	2.0115	5.1027	4
43.25	8.282	2.0487	5.0999	4
43.3	8.2726	2.4038	5.1171	4
43.35	8.2637	1.7131	5.1224	4
43.4	8.255	2.4958	5.1026	4
43.45	8.2456	2.0468	5.1061	4
43.5	8.2375	1.6204	5.1066	4
43.55	8.2282	2.7654	5.1004	4
43.6	8.2185	2.0913	5.1116	4
43.65	8.2105	1.6229	5.1076	4
43.7	8.2018	2.4811	5.0964	4
43.75	8.192	2.149	5.1117	4
43.8	8.1841	1.8067	5.1034	4
43.85	8.1751	1.9436	5.0966	4
43.9	8.166	2.2796	5.1065	4
43.95	8.1576	1.8821	5.1056	4
44	8.1485	2.4154	5.0918	4
44.05	8.1398	2.0949	5.0938	4
44.1	8.1312	1.5905	5.1019	4
44.15	8.1224	2.5252	5.099	4
44.2	8.1122	2.4538	5.1156	4
44.25	8.1042	1.337	5.1335	4
44.3	8.0967	2.07	5.1375	4
44.35	8.0865	2.8495	5.138	4
44.4	8.077	1.865	5.1329	4
44.45	8.0695	1.4134	5.1267	4
44.5	8.0604	2.5415	5.125	4
44.55	8.0506	2.4188	5.1081	4
44.6	8.0424	1.5866	5.101	4
44.65	8.0344	1.8404	5.1205	4
44.7	8.0255	2.2081	5.1163	4
44.75	8.0162	2.0352	5.1211	4
44.8	8.008	1.8592	5.1249	4
44.85	7.9992	1.9788	5.1294	4
44.9	7.9906	1.9654	5.1328	4
44.95	7.9822	1.8318	5.1367	4
45	7.9735	2.3191	5.14	4
45.05	7.9647	1.8334	5.1233	4
45.1	7.9566	1.9079	5.111	4
45.15	7.9476	2.3367	5.127	4
45.2	7.9393	1.4141	5.1191	4
45.25	7.9313	1.9175	5.1048	4
45.3	7.9217	2.566	5.1202	4
45.35	7.9131	1.5797	5.1372	4
45.4	7.9061	1.3804	5.1418	4
45.45	7.8969	2.6528	5.1494	4
45.5	7.8872	2.0816	5.1496	4
45.55	7.8791	1.854	5.1611	4
45.6	7.8717	1.2709	5.1549	4
45.65	7.8626	2.5746	5.1523	4
45.7	7.8535	2.0207	5.1511	4
45.75	7.8454	1.6563	5.1503	4
45.8	7.8371	2.1683	5.1329	4
45.85	7.8282	1.81	5.1152	4
45.9	7.8203	1.9049	5.1212	4
45.95	7.8108	2.4004	5.1259	4
46	7.8019	1.8479	5.124	4
46.05	7.7942	1.4908	5.1277	4
46.1	7.7855	2.4724	5.1257	4
46.15	7.7763	1.9534	5.1298	4
46.2	7.7687	1.3272	5.1162	4
46.25	7.7601	2.4319	5.117	4
46.3	7.7512	1.8602	5.1303	4
46.35	7.7433	1.6667	5.1143	4
46.4	7.7345	2.3189	5.102	4
46.45	7.726	1.752	5.1149	4
46.5	7.7176	1.6441	5.131	4
46.55	7.7094	2.1148	5.1415	4
46.6	7.7003	1.8993	5.1453	4
46.65	7.6924	1.7414	5.134	4
46.7	7.6845	1.6343	5.133	4
46.75	7.676	2.0236	5.1335	4
46.8	7.6678	1.7279	5.1418	4
46.85	7.6595	1.888	5.1355	4
46.9	7.6508	1.9066	5.1269	4
46.95	7.6432	1.3682	5.1229	4
47	7.6357	1.5165	5.1259	4
47.05	7.627	2.268	5.1429	4
47.1	7.6193	1.0938	5.1421	4
47.15	7.6122	1.8064	5.1236	4
47.2	7.6034	1.8551	5.1164	4
47.25	7.5957	1.3639	5.1195	4
47.3	7.5888	1.404	5.1203	4
47.35	7.5803	1.9978	5.1204	4
47.4	7.5724	1.2154	5.1146	4
47.45	7.5658	1.2073	5.1181	4
47.5	7.5581	1.6605	5.1297	4
47.55	7.5499	2.0415	5.1377	4
47.6	7.5425	0.9087	5.1464	4
47.65	7.5357	1.4438	5.1406	4
47.7	7.5279	1.7405	5.1363	4
47.75	7.5203	1.3252	5.1247	4
47.8	7.5124	1.8818	5.1181	4
47.85	7.5048	0.9609	5.107	4
47.9	7.4976	1.661	5.0945	4
47.95	7.4905	1.0641	5.0984	4
48	7.4828	2.1179	5.1152	4
48.05	7.475	1.2927	5.1213	4
48.1	7.4679	1.1435	5.1234	4
48.15	7.4603	1.5034	5.119	4
48.2	7.4528	1.4744	5.1169	4
48.25	7.4451	1.5503	5.1186	4
48.3	7.4379	1.4338	5.1179	4
48.35	7.4306	1.0769	5.1113	4
48.4	7.4234	1.7344	5.1093	4
48.45	7.4156	1.3012	5.1176	4
48.5	7.4085	1.5298	5.1085	4
48.55	7.4009	1.4406	5.0981	4
48.6	7.3942	1.147	5.1156	4
48.65	7.387	1.5684	5.1069	4
48.7	7.379	1.5335	5.0979	4
48.75	7.3719	1.356	5.0917	4
48.8	7.3652	1.1065	5.106	4
48.85	7.3572	1.8979	5.1232	4
48.9	7.349	1.5043	5.1193	4
48.95	7.3425	1.1497	5.1095	4
49	7.3358	1.2914	5.1213	4
49.05	7.3277	1.8905	5.1327	4
49.1	7.3201	1.1243	5.1281	4
49.15	7.3131	1.3784	5.1267	4
49.2	7.3053	1.6165	5.1451	4
49.25	7.2977	1.4564	5.1597	4
49.3	7.291	0.959	5.1465	4
49.35	7.2836	1.8866	5.1685	4
49.4	7.2759	1.204	5.157	4
49.45	7.2689	1.4856	5.1521	4
49.5	7.2612	1.2213	5.1661	4
49.55	7.2544	1.3366	5.153	4
49.6	7.2462	1.9896	5.1433	4
49.65	7.2393	0.6897	5.1427	4
49.7	7.2329	1.3985	5.1445	4
49.75	7.2257	1.3196	5.141	4
49.8	7.2177	1.7465	5.1212	4
49.85	7.211	0.8607	5.1232	4
49.9	7.2036	1.7654	5.1173	4
49.95	7.1958	1.5411	5.1258	4
50	7.1892	1.0502	5.1487	4
50.05	7.1829	1.0876	5.1384	4
50.1	7.1744	2.0773	5.1261	4
50.15	7.1669	0.8729	5.1262	4
50.2	7.1607	1.0393	5.1341	4
50.25	7.1533	1.6944	5.1358	4
50.3	7.146	1.1309	5.1325	4
50.35	7.1396	1.0303	5.1327	4
50.4	7.1319	1.7575	5.1341	4
50.45	7.1249	0.7665	5.1327	4
50.5	7.1188	1.2655	5.1266	4
50.55	7.1111	1.6844	5.1191	4
50.6	7.1037	0.8901	5.1261	4
50.65	7.0971	1.3861	5.1328	4
50.7	7.0898	1.2665	5.1223	4
50.75	7.0825	1.4529	5.1188	4
50.8	7.0759	1.1039	5.125	4
50.85	7.0689	1.3132	5.1328	4
50.9	7.062	0.9869	5.1311	4
50.95	7.0553	1.4027	5.1331	4
51	7.0479	1.295	5.1447	4
51.05	7.0413	1.0116	5.1494	4
51.1	7.0343	1.3308	5.1512	4
51.15	7.0273	0.9531	5.1364	4
51.2	7.0207	1.2499	5.1347	4
51.25	7.0138	1.0904	5.1348	4
51.3	7.0061	1.6725	5.1247	4
51.35	6.999	1.1528	5.1299	4
51.4	6.9932	0.5713	5.1285	4
51.45	6.9864	1.759	5.1143	4
51.5	6.9776	1.8763	5.1147	4
51.55	6.9723	-0.1208	5.126	4
51.6	6.966	1.7976	5.1292	4
51.65	6.9579	1.1165	5.1203	4
51.7	6.9524	0.6952	5.1116	4
51.75	6.9457	1.3655	5.114	4
51.8	6.9382	1.4215	5.1148	4
51.85	6.9324	0.3678	5.1126	4
51.9	6.9275	0.7494	5.1183	4
51.95	6.9203	1.7301	5.1083	4
52	6.9128	0.8548	5.0983	4
52.05	6.9073	0.5221	5.1093	4
52.1	6.9009	1.365	5.1086	4
52.15	6.8937	0.9752	5.1077	4
52.2	6.888	0.6895	5.1125	4
52.25	6.8811	1.5387	5.1208	4
52.3	6.8753	0.148	5.1349	4
52.35	6.8692	1.3585	5.1263	4
52.4	6.862	1.0677	5.1046	4
52.45	6.8558	0.7788	5.1107	4
52.5	6.8506	0.5793	5.1113	4
52.55	6.8436	1.2083	5.1207	4
52.6	6.8373	0.8287	5.1202	4
52.65	6.8314	0.504	5.1151	4
52.7	6.8258	0.8795	5.1266	4
52.75	6.8194	0.8449	5.1272	4
52.8	6.8139	0.4301	5.1142	4
52.85	6.8079	1.0222	5.1039	4
52.9	6.8023	0.332	5.1235	4
52.95	6.7967	0.8141	5.1254	4
53	6.7909	0.631	5.1176	4
53.05	6.7848	0.6171	5.1258	4
53.1	6.7794	1.0055	5.1375	4
53.15	6.7741	-0.0245	5.1261	4
53.2	6.7687	1.1037	5.1264	4
53.25	6.7625	0.5529	5.1224	4
53.3	6.757	0.6585	5.1158	4
53.35	6.7516	0.7276	5.1017	4
53.4	6.746	0.4192	5.1086	4
53.45	6.7411	0.5064	5.1249	4
53.5	6.7345	1.2381	5.1196	4
53.55	6.7293	-0.1079	5.1187	4
53.6	6.7238	1.3202	5.1328	4
53.65	6.7176	0.4241	5.1389	4
53.7	6.7128	0.5382	5.1242	4
53.75	6.706	1.4063	5.1116	4
53.8	6.7	0.3407	5.1339	4
53.85	6.6957	0.1094	5.1575	4
53.9	6.6897	1.4747	5.1534	4
53.95	6.6827	0.7626	5.1562	4
54	6.6775	0.407	5.1561	4
54.05	6.6717	1.1367	5.1441	4
54.1	6.6652	0.7697	5.1372	4
54.15	6.661	0.028	5.1446	4
54.2	6.6545	1.5412	5.138	4
54.25	6.6467	1.2235	5.134	4
54.3	6.6412	0.4111	5.1329	4
54.35	6.6359	0.6673	5.1373	4
54.4	6.6295	1.2756	5.1462	4
54.45	6.6238	0.5638	5.1549	4
54.5	6.6176	1.2303	5.1443	4
54.55	6.6112	1.0665	5.1485	4
54.6	6.6041	1.1182	5.1507	4
54.65	6.5989	0.3083	5.1248	4
54.7	6.5926	1.3465	5.1184	4
54.75	6.5855	1.2552	5.1329	4
54.8	6.5794	0.5757	5.135	4
54.85	6.5732	1.1645	5.1246	4
54.9	6.5663	1.1392	5.1111	4
54.95	6.5609	0.436	5.1362	4
55	6.5542	1.8406	5.1419	4
55.05	6.5468	0.7584	5.1294	4
55.1	6.5413	0.9731	5.1328	4
55.15	6.5342	1.2139	5.1198	4
55.2	6.5279	0.7228	5.1163	4
55.25	6.5213	1.3858	5.1242	4
55.3	6.5139	1.3424	5.1286	4
55.35	6.5078	0.5278	5.1241	4
55.4	6.5019	1.0419	5.1169	4
55.45	6.4941	1.7643	5.1265	4
55.5	6.4871	0.8268	5.1395	4
55.55	6.481	1.0648	5.132	4
55.6	6.4744	1.4835	5.1404	4
55.65	6.4679	0.8439	5.1328	4
55.7	6.4622	1.0694	5.1364	4
55.75	6.4546	1.4666	5.1232	4
55.8	6.4474	1.1838	5.1146	4
55.85	6.4409	1.0554	5.1097	4
55.9	6.4342	1.0391	5.1106	4
55.95	6.427	1.6567	5.113	4
56	6.4204	0.5977	5.1201	4
56.05	6.4144	1.3577	5.1324	4
56.1	6.4071	1.0451	5.1507	4
56.15	6.4005	1.1515	5.1231	4
56.2	6.3943	0.8528	5.113	4
56.25	6.3866	1.9228	5.1111	4
56.3	6.3796	0.734	5.1024	4
56.35	6.3744	0.7559	5.0987	4
56.4	6.3666	1.8948	5.0935	4
56.45	6.3602	0.7423	5.1178	4
56.5	6.3535	1.0585	5.1252	4
56.55	6.3462	1.6225	5.1137	4
56.6	6.3388	0.9593	5.1204	4
56.65	6.3328	0.9074	5.1253	4
56.7	6.3263	1.4136	5.1185	4
56.75	6.3191	1.1547	5.1401	4
56.8	6.3124	1.2555	5.1441	4
56.85	6.3059	0.8155	5.1331	4
56.9	6.2991	1.3586	5.1439	4
56.95	6.2922	1.2186	5.1375	4
57	6.285	1.2645	5.1182	4
57.05	6.2787	0.7801	5.1214	4
57.1	6.2718	1.4345	5.1364	4
57.15	6.2645	1.1907	5.1242	4
57.2	6.2581	1.0847	5.0966	4
57.25	6.2511	1.42	5.101	4
57.3	6.2446	0.8521	5.0989	4
57.35	6.2379	1.1552	5.0998	4
57.4	6.2309	1.4818	5.1212	4
57.45	6.2234	1.2942	5.1226	4
57.5	6.2172	0.8931	5.1384	4
57.55	6.21	1.4696	5.1445	4
57.6	6.2032	0.9292	5.1414	4
57.65	6.1971	1.1526	5.1173	4
57.7	6.1896	1.5153	5.1082	4
57.75	6.1833	0.7165	5.1252	4
57.8	6.1775	1.0406	5.1118	4
57.85	6.1702	1.2243	5.112	4
57.9	6.1638	1.0267	5.1401	4
57.95	6.1568	1.171	5.1488	4
58	6.1499	1.2948	5.1562	4
58.05	6.1441	0.3827	5.146	4
58.1	6.1372	1.8616	5.1262	4
58.15	6.1301	0.7189	5.1231	4
58.2	6.1244	0.7276	5.1256	4
58.25	6.1179	1.1732	5.133	4
58.3	6.1111	1.0038	5.1292	4
58.35	6.1053	0.6604	5.1077	4
58.4	6.0981	1.5628	5.12	4
58.45	6.0909	0.7569	5.1245	4
58.5	6.0862	0.3291	5.114	4
58.55	6.0785	1.9286	5.1085	4
58.6	6.0716	0.8631	5.1168	4
58.65	6.0666	0.1652	5.1068	4
58.7	6.06	1.8983	5.1096	4
58.75	6.0526	0.675	5.1119	4
58.8	6.0468	0.9558	5.1123	4
58.85	6.0401	1.0526	5.1095	4
58.9	6.0338	0.6099	5.1225	4
58.95	6.0279	0.9712	5.1181	4
59	6.0213	1.0539	5.1116	4
59.05	6.0142	1.3661	5.103	4
59.1	6.008	0.8622	5.1232	4
59.15	6.0017	1.1181	5.1422	4
59.2	5.9946	1.5874	5.1483	4
59.25	5.9878	0.7915	5.1447	4
59.3	5.9814	1.1341	5.1492	4
59.35	5.9742	1.3776	5.1239	4
59.4	5.9674	0.833	5.1115	4
59.45	5.9604	1.8091	5.1098	4
59.5	5.9532	0.9035	5.1223	4
59.55	5.9472	1.0348	5.1302	4
59.6	5.9397	1.6833	5.1133	4
59.65	5.9328	0.8513	5.1195	4
59.7	5.9256	1.7958	5.133	4
59.75	5.9185	1.0903	5.1335	4
59.8	5.9121	1.1178	5.1164	4
59.85	5.9043	2.0654	5.1089	4
59.9	5.8963	1.1185	5.1197	4
59.95	5.8903	1.1618	5.1275	4
60	5.882	1.6878	5.1262	4
60.05	5.8743	1.5031	5.1198	4
60.1	5.8674	0.9374	5.1033	4
60.15	5.8605	1.6068	5.1089	4
60.2	5.8518	1.9077	5.1196	4
60.25	5.8454	0.5125	5.1184	4
60.3	5.8386	1.7221	5.1048	4
60.35	5.8301	2.0572	5.1139	4
60.4	5.8226	1.0247	5.1154	4
60.45	5.8161	1.3475	5.1117	4
60.5	5.8083	1.2898	5.1115	4
60.55	5.8011	1.5535	5.1278	4
60.6	5.7941	0.9429	5.1281	4
60.65	5.7874	1.0514	5.1158	4
60.7	5.7803	1.6355	5.1234	4
60.75	5.773	0.8027	5.1239	4
60.8	5.767	1.196	5.1171	4
60.85	5.759	1.6705	5.1136	4
60.9	5.7526	0.7588	5.1194	4
60.95	5.7468	1.0379	5.1167	4
61	5.7396	1.3987	5.1138	4
61.05	5.7326	0.9776	5.125	4
61.1	5.7259	1.3036	5.1303	4
61.15	5.7184	0.9983	5.1312	4
61.2	5.7114	1.7826	5.1489	4
61.25	5.7043	0.6641	5.1488	4
61.3	5.6982	1.404	5.1359	4
61.35	5.691	1.0816	5.1286	4
61.4	5.6831	1.6791	5.1157	4
61.45	5.6775	0.4834	5.1149	4
61.5	5.669	2.2499	5.1161	4
61.55	5.6625	0.8042	5.1127	4
61.6	5.6552	1.1137	5.1247	4
61.65	5.6483	1.5031	5.1125	4
61.7	5.6413	0.889	5.0997	4
61.75	5.6348	1.3873	5.1057	4
61.8	5.6272	1.2843	5.1157	4
61.85	5.6201	1.3182	5.1259	4
61.9	5.6135	0.8019	5.1173	4
61.95	5.6067	1.6934	5.1094	4
62	5.5982	1.347	5.1155	4
62.05	5.5924	0.6448	5.1113	4
62.1	5.5855	1.4438	5.11	4
62.15	5.5776	1.6539	5.1112	4
62.2	5.5711	0.6011	5.107	4
62.25	5.5648	1.3362	5.1037	4
62.3	5.5567	1.8001	5.1075	4
62.35	5.5499	0.8502	5.1195	4
62.4	5.5429	1.4552	5.1235	4
62.45	5.5354	1.5127	5.1095	4
62.5	5.5278	1.1687	5.1033	4
62.55	5.5209	1.2101	5.1071	4
62.6	5.5139	1.0848	5.1079	4
62.65	5.5066	1.5277	5.1191	4
62.7	5.4997	0.992	5.1267	4
62.75	5.4937	0.7998	5.1283	4
62.8	5.4865	1.5044	5.1212	4
62.85	5.4798	0.8179	5.1199	4
62.9	5.4745	0.236	5.1058	4
62.95	5.4669	2.3293	5.1198	4
63	5.4598	0.0641	5.1266	4
63.05	5.4551	0.8896	5.1299	4
63.1	5.4478	1.3988	5.1342	4
63.15	5.4412	0.8578	5.1445	4
63.2	5.4355	0.4974	5.1387	4
63.25	5.4286	1.6739	5.1245	4
63.3	5.4217	0.5896	5.1311	4
63.35	5.4161	1.2128	5.1394	4
63.4	5.4093	0.7656	5.1437	4
63.45	5.4021	1.8523	5.1484	4
63.5	5.3952	0.6207	5.1496	4
63.55	5.3893	0.9814	5.1377	4
63.6	5.3817	1.6545	5.1569	4
63.65	5.3744	1.0102	5.1682	4
63.7	5.3685	0.6215	5.14	4
63.75	5.3613	2.0337	5.1464	4
63.8	5.353	0.9184	5.159	4
63.85	5.3471	1.0796	5.1572	4
63.9	5.3396	1.6369	5.1445	4
63.95	5.3319	1.1162	5.1441	4
64	5.3257	1.1124	5.144	4
64.05	5.3189	1.0268	5.1376	4
64.1	5.3114	1.7592	5.1555	4
64.15	5.3046	0.9096	5.1552	4
64.2	5.2974	1.2427	5.1288	4
64.25	5.2906	1.3157	5.1181	4
64.3	5.283	1.1655	5.1164	4
64.35	5.2769	0.8481	5.1271	4
64.4	5.2693	1.8894	5.1295	4
64.45	5.2619	0.9561	5.1274	4
64.5	5.2562	1.0596	5.1515	4
64.55	5.2481	1.8181	5.1487	4
64.6	5.241	0.7727	5.132	4
64.65	5.2345	1.5818	5.142	4
64.7	5.2256	1.8422	5.1458	4
64.75	5.2198	0.4603	5.1563	4
64.8	5.213	1.621	5.1765	4
64.85	5.2039	2.0549	5.1663	4
64.9	5.1977	0.5414	5.1468	4
64.95	5.1903	1.6721	5.1342	4
65	5.1818	1.9375	5.1442	4
65.05	5.1747	0.7583	5.145	4
65.1	5.1677	1.5454	5.1272	4
65.15	5.1598	1.7029	5.1307	4
65.2	5.1524	1.1252	5.1303	4
65.25	5.1455	1.1925	5.1156	4
65.3	5.1374	2.1706	5.1261	4
65.35	5.1289	1.0898	5.1282	4
65.4	5.1234	0.8455	5.1291	4
65.45	5.1151	2.0251	5.1321	4
65.5	5.1063	1.8449	5.1349	4
65.55	5.1003	0.3575	5.1405	4
65.6	5.0939	1.7013	5.148	4
65.65	5.0845	2.0448	5.1508	4
65.7	5.0779	0.6684	5.1446	4
65.75	5.0709	1.5861	5.1338	4
65.8	5.0621	2.233	5.1316	4
65.85	5.0553	0.4461	5.1268	4
65.9	5.0489	1.5533	5.125	4
65.95	5.0399	1.7847	5.1174	4
66	5.0321	1.4359	5.1137	4
66.05	5.0254	0.908	5.1296	4
66.1	5.0178	1.8244	5.1147	4
66.15	5.0096	1.8146	5.1133	4
66.2	5.0034	0.4843	5.103	4
66.25	4.9963	1.959	5.096	4
66.3	4.9874	1.5469	5.112	4
66.35	4.9806	1.0292	5.1128	4
66.4	4.9734	1.5361	5.1115	4
66.45	4.9647	1.7944	5.1222	4
66.5	4.9583	0.4357	5.1288	4
66.55	4.9511	1.9693	5.1408	4
66.6	4.9422	1.7123	5.136	4
66.65	4.936	0.583	5.1127	4
66.7	4.9289	1.7414	5.1139	4
66.75	4.9203	1.9022	5.1001	4
66.8	4.9136	0.5628	5.0968	4
66.85	4.907	1.8704	5.1103	4
66.9	4.8992	1.2508	5.1051	4
66.95	4.8921	1.4442	5.1176	4
67	4.8854	0.7582	5.1161	4
67.05	4.8779	1.7131	5.1109	4
67.1	4.8702	1.2582	5.1091	4
67.15	4.8632	0.9601	5.1009	4
67.2	4.8563	1.3445	5.0967	4
67.25	4.8485	1.6883	5.0924	4
67.3	4.8415	0.8493	5.1093	4
67.35	4.8357	1.0062	5.123	4
67.4	4.8274	1.688	5.1209	4
67.45	4.8202	0.7349	5.1321	4
67.5	4.8151	0.7974	5.1303	4
67.55	4.807	1.8785	5.136	4
67.6	4.7999	0.6829	5.1375	4
67.65	4.7936	0.9511	5.1337	4
67.7	4.7863	1.4523	5.1257	4
67.75	4.7798	0.5429	5.1318	4
67.8	4.7737	1.1319	5.1399	4
67.85	4.7666	1.0718	5.1393	4
67.9	4.7597	1.0773	5.1342	4
67.95	4.7548	0.2076	5.138	4
68	4.7481	1.6196	5.1492	4
68.05	4.7409	0.8536	5.1398	4
68.1	4.7355	0.2668	5.1373	4
68.15	4.7288	1.5087	5.1312	4
68.2	4.7217	0.8668	5.1433	4
68.25	4.7159	0.7338	5.1532	4
68.3	4.7098	0.8855	5.1352	4
68.35	4.7036	0.5391	5.1243	4
68.4	4.6975	1.0071	5.1233	4
68.45	4.6911	0.596	5.1221	4
68.5	4.6848	1.0954	5.1312	4
68.55	4.6789	0.554	5.1374	4
68.6	4.6728	0.6109	5.1366	4
68.65	4.6675	0.6093	5.1263	4
68.7	4.6608	0.9447	5.1294	4
68.75	4.6552	0.3646	5.1283	4
68.8	4.6498	0.7241	5.1208	4
68.85	4.6437	0.6678	5.1337	4
68.9	4.6388	0.2931	5.1355	4
68.95	4.6328	0.7455	5.1188	4
69	4.6266	0.6118	5.1013	4
69.05	4.6214	0.411	5.1087	4
69.1	4.6156	0.6919	5.1277	4
69.15	4.6098	0.5291	5.1217	4
69.2	4.6041	0.7053	5.1116	4
69.25	4.5994	-0.041	5.1206	4
69.3	4.5943	0.4822	5.1207	4
69.35	4.5884	0.6462	5.1105	4
69.4	4.5835	0.0379	5.1077	4
69.45	4.5786	0.6111	5.1019	4
69.5	4.573	0.4471	5.1095	4
69.55	4.5682	0.0533	5.1113	4
69.6	4.5631	0.6079	5.1096	4
69.65	4.5578	0.2701	5.1084	4
69.7	4.5536	-0.1571	5.1243	4
69.75	4.5487	0.4236	5.1304	4
69.8	4.5433	0.2587	5.1158	4
69.85	4.5385	0.173	5.1217	4
69.9	4.5338	0.1423	5.1291	4
69.95	4.5289	0.524	5.1404	4
70	4.5234	0.1873	5.1351	4
70.05	4.5195	-0.0558	5.1126	4
70.1	4.5144	0.4863	5.1181	4
70.15	4.5092	0.3523	5.1213	4
70.2	4.5045	-0.0419	5.1144	4
70.25	4.4999	0.3096	5.1143	4
70.3	4.4942	0.4732	5.1223	4
70.35	4.49	-0.0463	5.1309	4
70.4	4.4849	0.4825	5.1307	4
70.45	4.4795	0.4389	5.1352	4
70.5	4.475	-0.0743	5.128	4
70.55	4.4709	0.0147	5.102	4
70.6	4.4657	0.8944	5.093	4
70.65	4.4611	-0.5971	5.1008	4
70.7	4.4568	0.7048	5.107	4
70.75	4.4513	0.3549	5.1203	4
70.8	4.447	-0.0759	5.1144	4
70.85	4.4425	0.3489	5.1017	4
70.9	4.4367	0.6275	5.0991	4
70.95	4.4319	0.0066	5.1018	4
71	4.4273	0.4096	5.1264	4
71.05	4.4216	0.3645	5.146	4
71.1	4.4171	0.2127	5.1302	4
71.15	4.4121	0.2571	5.121	4
71.2	4.4073	0.416	5.1234	4
71.25	4.4018	0.6121	5.1157	4
71.3	4.397	-0.0175	5.1084	4
71.35	4.3924	0.3411	5.1091	4
71.4	4.3858	1.0712	5.1095	4
71.45	4.3811	-0.043	5.098	4
71.5	4.3767	0.0797	5.1023	4
71.55	4.3715	0.9965	5.1044	4
71.6	4.3655	0.2473	5.0931	4
71.65	4.3613	0.1426	5.096	4
71.7	4.3557	0.7523	5.0952	4
71.75	4.3506	0.2009	5.0863	4
71.8	4.3459	0.3605	5.0753	4
71.85	4.3405	0.8838	5.0806	4
71.9	4.3349	0.267	5.0901	4
71.95	4.3303	0.0921	5.0711	4
72	4.3254	0.6692	5.0621	4
72.05	4.3199	0.316	5.0709	4
72.1	4.3149	0.6504	5.0841	4
72.15	4.3097	0.2158	5.1002	4
72.2	4.3037	0.9328	5.0867	4
72.25	4.2987	0.21	5.0841	4
72.3	4.2943	0.3271	5.1002	4
72.35	4.2884	0.8277	5.1185	4
72.4	4.2828	0.2822	5.1099	4
72.45	4.2786	0.1432	5.1039	4
72.5	4.2727	0.9878	5.1291	4
72.55	4.2671	0.3755	5.1662	4
72.6	4.2628	-0.1524	5.1654	4
72.65	4.2577	1.1042	5.1453	4
72.7	4.2515	0.3981	5.1277	4
72.75	4.2467	0.0604	5.1054	4
72.8	4.2421	0.4338	5.0994	4
72.85	4.2366	0.5267	5.0941	4
72.9	4.2309	0.6611	5.0916	4
72.95	4.2262	-0.0105	5.0945	4
73	4.2208	0.7963	5.1121	4
73.05	4.2152	0.4932	5.1213	4
73.1	4.2109	-0.0631	5.0905	4
73.15	4.2053	0.9591	5.0867	4
73.2	4.1989	0.7634	5.1107	4
73.25	4.1943	-0.217	5.1155	4
73.3	4.189	1.0069	5.1024	4
73.35	4.1827	0.6098	5.0836	4
73.4	4.1777	0.3148	5.0907	4
73.45	4.173	0.5486	5.1052	4
73.5	4.167	0.8415	5.0949	4
73.55	4.1622	0.1115	5.1057	4
73.6	4.1569	0.9452	5.0987	4
73.65	4.1504	0.7606	5.1027	4
73.7	4.1454	0.2659	5.1081	4
73.75	4.1406	0.2492	5.1044	4
73.8	4.1344	1.0878	5.1025	4
73.85	4.1285	0.5816	5.1172	4
73.9	4.1234	0.4441	5.11	4
73.95	4.1179	0.6975	5.1181	4
74	4.1116	0.8388	5.1114	4
74.05	4.106	0.5322	5.0925	4
74.1	4.101	0.4831	5.0764	4
74.15	4.0947	1.2256	5.0836	4
74.2	4.089	0.1922	5.0914	4
74.25	4.0835	1.0742	5.1031	4
74.3	4.0774	0.4749	5.1023	4
74.35	4.0715	0.8877	5.1031	4
74.4	4.0657	0.6912	5.1206	4
74.45	4.0607	0.2049	5.1217	4
74.5	4.0556	0.8953	5.0931	4
74.55	4.0484	1.2487	5.0876	4
74.6	4.0436	-0.1104	5.0994	4
74.65	4.0376	1.4311	5.1069	4
74.7	4.0303	0.7396	5.1126	4
74.75	4.0254	0.4695	5.1069	4
74.8	4.0197	0.842	5.0905	4
74.85	4.013	1.1749	5.0857	4
74.9	4.0073	0.4067	5.0886	4
74.95	4.0015	1.1398	5.0857	4
75	3.9947	1.0525	5.0797	4
75.05	3.9886	0.7394	5.0975	4
75.1	3.9825	0.8269	5.0988	4
75.15	3.9762	1.1805	5.1011	4
75.2	3.9692	0.82	5.1012	4
75.25	3.9642	0.2319	5.0971	4
75.3	3.9579	1.5086	5.092	4
75.35	3.9513	0.6679	5.0913	4
75.4	3.946	0.668	5.0827	4
75.45	3.939	1.6734	5.0978	4
75.5	3.9323	0.7064	5.1128	4
75.55	3.9277	0.3001	5.0905	4
75.6	3.9205	1.8124	5.1045	4
75.65	3.9135	0.5133	5.1203	4
75.7	3.9085	0.4152	5.1114	4
75.75	3.9026	0.9671	5.1009	4
75.8	3.8955	0.9437	5.103	4
75.85	3.8904	0.3605	5.1076	4
75.9	3.8851	0.7905	5.1029	4
75.95	3.8787	0.8897	5.1216	4
76	3.8735	0.3985	5.1345	4
76.05	3.8684	0.2207	5.1105	4
76.1	3.8623	1.0784	5.0988	4
76.15	3.8566	0.2683	5.1109	4
76.2	3.852	0.2914	5.1084	4
76.25	3.8463	0.9367	5.1185	4
76.3	3.8397	0.6855	5.1036	4
76.35	3.8344	0.4713	5.1121	4
76.4	3.8285	0.9081	5.1142	4
76.45	3.8222	1.0618	5.0965	4
76.5	3.817	0.1178	5.0887	4
76.55	3.8112	1.042	5.1042	4
76.6	3.8045	0.7669	5.1106	4
76.65	3.7993	0.4827	5.1009	4
76.7	3.7935	0.6566	5.1108	4
76.75	3.7873	0.9495	5.0925	4
76.8	3.7813	0.4444	5.0849	4
76.85	3.7763	0.5272	5.0823	4
76.9	3.7697	1.3297	5.0875	4
76.95	3.7639	0.3722	5.0914	4
77	3.7586	0.6621	5.0921	4
77.05	3.752	1.2412	5.1058	4
77.1	3.7455	0.7245	5.1134	4
77.15	3.7406	0.1768	5.1096	4
77.2	3.7336	1.7253	5.1138	4
77.25	3.7268	0.4721	5.1192	4
77.3	3.7214	0.623	5.111	4
77.35	3.7154	0.7548	5.1018	4
77.4	3.7086	1.266	5.1081	4
77.45	3.7022	0.6977	5.1139	4
77.5	3.6963	0.7766	5.1137	4
77.55	3.6899	1.0823	5.1069	4
77.6	3.6837	0.9039	5.1033	4
77.65	3.6777	0.5594	5.1049	4
77.7	3.6719	1.0008	5.0991	4
77.75	3.6652	0.8082	5.102	4
77.8	3.6599	0.6324	5.0882	4
77.85	3.6535	0.9043	5.0929	4
77.9	3.647	1.0903	5.1076	4
77.95	3.6409	0.6412	5.0947	4
78	3.6354	0.6299	5.0836	4
78.05	3.6285	1.1036	5.0882	4
78.1	3.6232	0.2901	5.1012	4
78.15	3.6173	1.062	5.1148	4
78.2	3.6105	0.9813	5.1146	4
78.25	3.6046	0.4709	5.0874	4
78.3	3.5994	0.4466	5.0933	4
78.35	3.5924	1.5778	5.1109	4
78.4	3.5874	-0.0045	5.1152	4
78.45	3.5819	0.9385	5.1144	4
78.5	3.575	1.1895	5.1166	4
78.55	3.5692	0.2096	5.1327	4
78.6	3.5638	0.5336	5.1315	4
78.65	3.5576	0.9874	5.1162	4
78.7	3.5517	0.3331	5.113	4
78.75	3.5464	0.6575	5.1226	4
78.8	3.5402	0.7943	5.1151	4
78.85	3.534	0.9182	5.0941	4
78.9	3.5289	0.1487	5.1088	4
78.95	3.5236	0.7432	5.1167	4
79	3.5178	0.6286	5.1068	4
79.05	3.5125	0.1843	5.1036	4
79.1	3.5074	0.7003	5.1048	4
79.15	3.501	0.9368	5.1057	4
79.2	3.4956	0.2442	5.1164	4
79.25	3.4907	0.4007	5.1162	4
79.3	3.4842	1.1543	5.1146	4
79.35	3.4786	0.2425	5.1021	4
79.4	3.474	0.0742	5.1057	4
79.45	3.468	1.1006	5.1075	4
79.5	3.4624	0.0916	5.1023	4
79.55	3.4581	0.0655	5.1054	4
79.6	3.4522	1.1323	5.1029	4
79.65	3.4461	0.2691	5.0972	4
79.7	3.4417	0.0967	5.0947	4
79.75	3.437	0.3851	5.1085	4
79.8	3.4311	0.843	5.1005	4
79.85	3.4263	-0.175	5.098	4
79.9	3.4221	0.1674	5.1069	4
79.95	3.4165	0.6538	5.1119	4
80	3.4108	0.231	5.1035	4
80.05	3.4063	0.2006	5.1027	4
80.1	3.4015	0.2529	5.0862	4
80.15	3.3964	0.4394	5.0866	4
80.2	3.3917	0.0598	5.082	4
80.25	3.3871	-0.019	5.0854	4
80.3	3.3826	0.1402	5.097	4
80.35	3.3775	0.3913	5.0888	4
80.4	3.3729	-0.0131	5.079	4
80.45	3.3687	0.1074	5.0822	4
80.5	3.3635	0.3627	5.0834	4
80.55	3.3587	0.0535	5.0934	4
80.6	3.3547	-0.0899	5.1043	4
80.65	3.35	0.4286	5.1086	4
80.7	3.3449	-0.0088	5.1093	4
80.75	3.3409	-0.0864	5.0935	4
80.8	3.3368	0.1043	5.1022	4
80.85	3.332	0.1591	5.1116	4
80.9	3.3275	0.0392	5.1006	4
80.95	3.3234	-0.0047	5.0975	4
81	3.3182	0.2882	5.1046	4
81.05	3.3141	-0.3876	5.1101	4
81.1	3.3102	0.0017	5.111	4
81.15	3.3055	0.3008	5.1051	4
81.2	3.3017	-0.6581	5.1191	4
81.25	3.2983	0.3288	5.1196	4
81.3	3.2927	0.304	5.1276	4
81.35	3.289	-0.5912	5.1333	4
81.4	3.2846	0.2214	5.124	4
81.45	3.2796	0.479	5.1192	4
81.5	3.2749	-0.1124	5.1119	4
81.55	3.2721	-0.7013	5.1059	4
81.6	3.2681	0.1262	5.1254	4
81.65	3.2643	-0.2126	5.1183	4
81.7	3.2607	-0.3421	5.1166	4
81.75	3.2578	-0.5208	5.1181	4
81.8	3.2528	0.385	5.1282	4
81.85	3.2501	-1.1208	5.1336	4
81.9	3.2471	-0.2768	5.1115	4
81.95	3.243	-0.1773	5.1148	4
82	3.2395	-0.5826	5.1225	4
82.05	3.236	-0.3063	5.1117	4
82.1	3.2326	-0.3893	5.1001	4
82.15	3.2293	-0.4375	5.0881	4
82.2	3.2263	-0.1672	5.1015	4
82.25	3.2227	-0.9486	5.1144	4
82.3	3.2199	-0.1578	5.108	4
82.35	3.2161	-0.7129	5.1153	4
82.4	3.2128	0.0223	5.0997	4
82.45	3.2107	-1.2354	5.0951	4
82.5	3.2068	0.1119	5.1051	4
82.55	3.2031	-0.4089	5.0968	4
82.6	3.2002	-0.878	5.1008	4
82.65	3.1968	0.0844	5.1132	4
82.7	3.193	-0.4328	5.1023	4
82.75	3.1896	-0.5086	5.1105	4
82.8	3.1871	-0.0801	5.096	4
82.85	3.1824	-0.3223	5.0903	4
82.9	3.1791	-0.1051	5.0983	4
82.95	3.1756	-0.4999	5.0922	4
83	3.172	0.043	5.08	4
83.05	3.1683	-0.2535	5.0789	4
83.1	3.1646	-0.5824	5.0957	4
83.15	3.1608	0.4687	5.108	4
83.2	3.1565	-0.5963	5.0997	4
83.25	3.153	0.2718	5.0927	4
83.3	3.1494	-0.4768	5.0922	4
83.35	3.1454	0.0194	5.0859	4
83.4	3.1416	0.1403	5.0814	4
83.45	3.1374	-0.4415	5.085	4
83.5	3.1336	0.1802	5.0931	4
83.55	3.1301	-0.2959	5.0937	4
83.6	3.1255	0.1717	5.101	4
83.65	3.1214	0.1765	5.1083	4
83.7	3.1167	-0.2883	5.0971	4
83.75	3.1127	0.6648	5.0949	4
83.8	3.1081	-0.1209	5.0928	4
83.85	3.1037	0.0991	5.0867	4
83.9	3.1006	-0.2247	5.0896	4
83.95	3.0953	0.4211	5.092	4
84	3.091	0.3823	5.0945	4
84.05	3.0875	-0.8393	5.0969	4
84.1	3.0825	1.247	5.0847	4
84.15	3.0773	-0.1734	5.0873	4
84.2	3.0733	-0.2079	5.0724	4
84.25	3.0693	0.5742	5.0684	4
84.3	3.064	0.0677	5.0711	4
84.35	3.0604	-0.169	5.0813	4
84.4	3.057	-0.1915	5.0937	4
84.45	3.0511	0.6279	5.0826	4
84.5	3.0472	-0.0176	5.0845	4
84.55	3.0435	-0.5253	5.0846	4
84.6	3.0383	1.0881	5.0868	4
84.65	3.0341	-0.7069	5.0833	4
84.7	3.03	0.3392	5.0819	4
84.75	3.0254	0.2016	5.0918	4
84.8	3.0208	0.0493	5.1041	4
84.85	3.0165	0.3334	5.1154	4
84.9	3.0121	-0.2497	5.1136	4
84.95	3.0069	0.7057	5.0902	4
85	3.0032	-0.2985	5.0873	4
85.05	2.9989	0.3319	5.0878	4
85.1	2.9936	0.6071	5.0751	4
85.15	2.9893	-0.4668	5.083	4
85.2	2.9852	0.6044	5.0895	4
85.25	2.9804	0.1044	5.0902	4
85.3	2.9764	-0.1048	5.1023	4
85.35	2.9717	0.6248	5.0962	4
85.4	2.9667	0.0134	5.0953	4
85.45	2.9624	0.2869	5.0785	4
85.5	2.9576	0.1228	5.0745	4
85.55	2.9524	0.3324	5.0787	4
85.6	2.9482	0.0123	5.0853	4
85.65	2.9435	0.4359	5.0831	4
85.7	2.9388	0.2645	5.0799	4
85.75	2.9344	-0.0039	5.0854	4
85.8	2.9299	0.4721	5.0841	4
85.85	2.9246	0.5345	5.0862	4
85.9	2.9201	0.0745	5.1007	4
85.95	2.915	0.4166	5.0949	4
86	2.9102	0.1871	5.0849	4
86.05	2.9057	0.3053	5.0832	4
86.1	2.9007	0.4298	5.0892	4
86.15	2.8954	0.5728	5.0803	4
86.2	2.891	-0.1372	5.0821	4
86.25	2.8861	0.4205	5.0938	4
86.3	2.8807	0.4996	5.0884	4
86.35	2.8758	0.4197	5.0682	4
86.4	2.8713	0.0633	5.0663	4
86.45	2.8659	0.8544	5.0826	4
86.5	2.8602	0.4536	5.0928	4
86.55	2.8554	0.1568	5.1064	4
86.6	2.8504	0.5636	5.1061	4
86.65	2.8451	0.5649	5.0982	4
86.7	2.84	0.1813	5.1072	4
86.75	2.8351	0.5396	5.0961	4
86.8	2.8295	0.4133	5.0856	4
86.85	2.8248	0.4039	5.1024	4
86.9	2.8199	0.4511	5.1082	4
86.95	2.8145	0.4898	5.1031	4
87	2.8091	0.5002	5.0896	4
87.05	2.8043	0.2689	5.0774	4
87.1	2.7996	0.235	5.09	4
87.15	2.7945	0.5715	5.1072	4
87.2	2.7888	0.4209	5.1085	4
87.25	2.7846	-0.1841	5.1193	4
87.3	2.7801	0.4827	5.1269	4
87.35	2.7748	0.2551	5.1349	4
87.4	2.7703	0.0456	5.1178	4
87.45	2.7656	0.1835	5.1126	4
87.5	2.7604	0.4157	5.0916	4
87.55	2.7568	-0.2235	5.0867	4
87.6	2.7525	0.3044	5.1031	4
87.65	2.747	0.6036	5.108	4
87.7	2.7425	-0.0611	5.1005	4
87.75	2.7387	-0.1565	5.0876	4
87.8	2.734	0.4413	5.095	4
87.85	2.7289	0.0516	5.1111	4
87.9	2.7251	-0.0957	5.0979	4
87.95	2.7206	0.3359	5.0895	4
88	2.7147	0.6838	5.1018	4
88.05	2.7107	-0.3893	5.1021	4
88.1	2.7065	0.2543	5.1033	4
88.15	2.7009	0.5956	5.1084	4
88.2	2.6966	-0.2525	5.1128	4
88.25	2.6926	-0.0512	5.1189	4
88.3	2.6879	0.4389	5.1021	4
88.35	2.6833	-0.0355	5.1019	4
88.4	2.6791	0.244	5.0971	4
88.45	2.6745	0.2848	5.1068	4
88.5	2.6699	0.2501	5.107	4
88.55	2.6658	-0.1671	5.0974	4
88.6	2.6614	0.0761	5.1114	4
88.65	2.6564	0.4046	5.1037	4
88.7	2.6523	-0.231	5.0974	4
88.75	2.6484	-0.0037	5.1002	4
88.8	2.6435	0.6014	5.1011	4
88.85	2.6389	-0.3938	5.1094	4
88.9	2.6352	0.1907	5.1147	4
88.95	2.6304	0.3358	5.1257	4
89	2.6253	0.423	5.142	4
89.05	2.6209	-0.1434	5.1214	4
89.1	2.6165	0.4269	5.1157	4
89.15	2.6113	0.3653	5.1154	4
89.2	2.6071	0.0063	5.1028	4
89.25	2.6022	0.196	5.1053	4
89.3	2.5976	0.3772	5.1071	4
89.35	2.5927	0.2755	5.118	4
89.4	2.5882	0.3464	5.129	4
89.45	2.5832	0.332	5.13	4
89.5	2.5774	0.8234	5.12	4
89.55	2.5721	0.3891	5.1277	4
89.6	2.5669	0.6255	5.1419	4
89.65	2.5609	0.5823	5.1382	4
89.7	2.5554	0.4981	5.131	4
89.75	2.5501	0.6748	5.1164	4
89.8	2.5445	0.6801	5.1076	4
89.85	2.5387	0.6548	5.1172	4
89.9	2.5334	0.5174	5.1302	4
89.95	2.5279	0.4625	5.1202	4
90	2.5217	0.8569	5.1096	4
90.05	2.5164	0.3578	5.1098	4
90.1	2.512	0.3043	5.1089	4
90.15	2.5067	0.684	5.1207	4
90.2	2.5013	0.4776	5.1113	4
90.25	2.4965	0.2818	5.1095	4
90.3	2.4913	0.6922	5.0996	4
90.35	2.4854	0.5721	5.0854	4
90.4	2.4803	0.3536	5.0865	4
90.45	2.4745	0.9223	5.0753	4
90.5	2.4688	0.4783	5.0768	4
90.55	2.4625	0.9537	5.0909	4
90.6	2.4563	0.7806	5.1049	4
90.65	2.4503	0.8153	5.1139	4
90.7	2.4449	0.3652	5.1032	4
90.75	2.4398	0.7046	5.09	4
90.8	2.4343	0.4045	5.0931	4
90.85	2.4286	0.9301	5.1161	4
90.9	2.4227	0.6121	5.1327	4
90.95	2.4166	1.078	5.1164	4
91	2.4106	0.6314	5.1025	4
91.05	2.4049	0.7296	5.1067	4
91.1	2.3992	0.6146	5.1078	4
91.15	2.3932	0.8912	5.1147	4
91.2	2.3875	0.5011	5.1245	4
91.25	2.3818	0.7324	5.1171	4
91.3	2.3759	0.7728	5.118	4
91.35	2.3703	0.5048	5.135	4
91.4	2.3647	0.6115	5.13	4
91.45	2.3584	1.0725	5.1178	4
91.5	2.352	0.7655	5.1193	4
91.55	2.346	0.7325	5.1125	4
91.6	2.3403	0.6206	5.1131	4
91.65	2.3347	0.8496	5.1197	4
91.7	2.3287	0.7343	5.1199	4
91.75	2.3233	0.2835	5.1086	4
91.8	2.3176	0.7615	5.0878	4
91.85	2.3114	0.9474	5.088	4
91.9	2.3059	0.4497	5.1027	4
91.95	2.3007	0.6907	5.1109	4
92	2.2943	0.7614	5.103	4
92.05	2.2883	0.811	5.1073	4
92.1	2.2817	1.0362	5.1006	4
92.15	2.2758	0.5883	5.1007	4
92.2	2.2702	0.6875	5.101	4
92.25	2.2642	0.9178	5.0989	4
92.3	2.2576	1.0928	5.1065	4
92.35	2.2518	0.438	5.1294	4
92.4	2.2458	1.0213	5.1433	4
92.45	2.239	1.085	5.1511	4
92.5	2.2331	0.5894	5.1505	4
92.55	2.2278	0.4139	5.1327	4
92.6	2.2211	1.4512	5.128	4
92.65	2.2147	0.6249	5.1408	4
92.7	2.2093	0.3742	5.1387	4
92.75	2.2033	1.2416	5.1258	4
92.8	2.1959	1.1505	5.1417	4
92.85	2.1903	0.613	5.1312	4
92.9	2.1842	0.859	5.11	4
92.95	2.178	1.2767	5.1252	4
93	2.1713	1.0196	5.1427	4
93.05	2.1652	0.8669	5.1573	4
93.1	2.1582	1.1665	5.1376	4
93.15	2.1513	1.1194	5.1304	4
93.2	2.1455	0.4505	5.1512	4
93.25	2.1389	1.3276	5.1505	4
93.3	2.1316	1.2777	5.1387	4
93.35	2.1256	0.3902	5.1217	4
93.4	2.1199	1.0275	5.116	4
93.45	2.1126	1.3921	5.1252	4
93.5	2.106	0.6718	5.129	4
93.55	2.1004	0.8395	5.1474	4
93.6	2.0934	0.9871	5.1448	4
93.65	2.0866	0.9906	5.1122	4
93.7	2.0807	0.7496	5.1079	4
93.75	2.0741	1.2713	5.1197	4
93.8	2.0676	0.8492	5.1316	4
93.85	2.0624	0.1875	5.1324	4
93.9	2.0555	1.6248	5.1317	4
93.95	2.0485	0.8574	5.1192	4
94	2.043	0.3785	5.1079	4
94.05	2.0371	1.1811	5.1112	4
94.1	2.0296	1.181	5.1346	4
94.15	2.0236	0.7705	5.1354	4
94.2	2.0179	0.7501	5.123	4
94.25	2.0111	0.864	5.1232	4
94.3	2.0051	0.8538	5.125	4
94.35	1.9984	0.9806	5.1364	4
94.4	1.9921	0.9795	5.1295	4
94.45	1.9859	0.651	5.1278	4
94.5	1.9797	0.9453	5.1313	4
94.55	1.9728	1.1516	5.1275	4
94.6	1.966	1.0115	5.1322	4
94.65	1.9604	0.3868	5.1351	4
94.7	1.9543	0.9803	5.1308	4
94.75	1.9479	0.8208	5.1148	4
94.8	1.9419	0.6247	5.1002	4
94.85	1.935	1.1428	5.1017	4
94.9	1.9289	0.5927	5.089	4
94.95	1.9235	0.6096	5.0823	4
95	1.9171	0.9394	5.0941	4
95.05	1.9108	0.8307	5.1032	4
95.1	1.9046	0.7974	5.1179	4
95.15	1.8984	0.5544	5.1235	4
95.2	1.8924	0.7997	5.1184	4
95.25	1.8864	0.5835	5.1211	4
95.3	1.8804	0.9452	5.1234	4
95.35	1.8741	0.5326	5.118	4
95.4	1.8686	0.5131	5.1067	4
95.45	1.8625	0.8743	5.1073	4
95.5	1.8563	0.6208	5.1095	4
95.55	1.8512	0.2646	5.1089	4
95.6	1.8447	1.1687	5.1262	4
95.65	1.8383	0.4262	5.1042	4
95.7	1.8335	0.2274	5.115	4
95.75	1.8275	1.007	5.124	4
95.8	1.8214	0.6645	5.1086	4
95.85	1.8163	0.11	5.1126	4
95.9	1.811	0.6321	5.11	4
95.95	1.8049	0.7967	5.0842	4
96	1.7995	0.4263	5.0847	4
96.05	1.7941	0.5138	5.078	4
96.1	1.7878	0.6463	5.0934	4
96.15	1.7821	0.3562	5.1266	4
96.2	1.7768	0.492	5.1325	4
96.25	1.771	0.6068	5.1277	4
96.3	1.7658	0.416	5.1186	4
96.35	1.7604	0.7105	5.1231	4
96.4	1.7549	0.2557	5.1135	4
96.45	1.7493	0.7202	5.0969	4
96.5	1.7435	0.6811	5.1179	4
96.55	1.7379	0.3612	5.1232	4
96.6	1.7331	0.2205	5.1153	4
96.65	1.7274	0.6296	5.107	4
96.7	1.7216	0.5506	5.0949	4
96.75	1.7172	0.1075	5.1083	4
96.8	1.711	1.0012	5.1097	4
96.85	1.705	0.5429	5.1083	4
96.9	1.7	0.0722	5.1233	4
96.95	1.6945	0.8316	5.1201	4
97	1.688	0.6212	5.1171	4
97.05	1.6825	0.2662	5.1121	4
97.1	1.6777	0.2523	5.108	4
97.15	1.6721	0.8306	5.1244	4
97.2	1.6667	0.3043	5.1173	4
97.25	1.6614	0.5446	5.0994	4
97.3	1.6552	0.6705	5.1129	4
97.35	1.6499	0.3849	5.1161	4
97.4	1.645	0.3307	5.1129	4
97.45	1.6392	0.7106	5.1297	4
97.5	1.6341	0.2881	5.1258	4
97.55	1.6291	0.2394	5.1266	4
97.6	1.6237	0.6033	5.1279	4
97.65	1.6183	0.4022	5.1447	4
97.7	1.6126	0.666	5.138	4
97.75	1.6067	0.551	5.1233	4
97.8	1.6017	0.2451	5.1186	4
97.85	1.5962	0.6716	5.1122	4
97.9	1.5906	0.4048	5.1084	4
97.95	1.5855	0.3736	5.1159	4
98	1.5796	0.7024	5.1239	4
98.05	1.5741	0.5126	5.1296	4
98.1	1.5691	0.2768	5.1175	4
98.15	1.563	0.7766	5.1171	4
98.2	1.5571	0.5565	5.1282	4
98.25	1.5523	0.2821	5.1337	4
98.3	1.5473	0.4983	5.1349	4
98.35	1.5408	0.8398	5.1336	4
98.4	1.5354	0.3495	5.1242	4
98.45	1.5304	0.3242	5.1155	4
98.5	1.5237	1.1817	5.1274	4
98.55	1.5192	-0.172	5.151	4
98.6	1.5142	0.6499	5.1426	4
98.65	1.5083	0.6102	5.1352	4
98.7	1.5024	0.834	5.1447	4
98.75	1.4971	0.3795	5.1375	4
98.8	1.4912	0.6863	5.1465	4
98.85	1.4855	0.5169	5.1482	4
98.9	1.4797	0.8554	5.1318	4
98.95	1.4737	0.6228	5.1331	4
99	1.4681	0.3048	5.1294	4
99.05	1.4623	1.006	5.1391	4
99.1	1.4559	0.7701	5.1395	4
99.15	1.4508	0.3442	5.1305	4
99.2	1.4448	1.0313	5.1441	4
99.25	1.4382	0.6743	5.129	4
99.3	1.433	0.5838	5.1384	4
99.35	1.4274	0.5428	5.1447	4
99.4	1.4211	1.1042	5.1359	4
99.45	1.4154	0.3174	5.1345	4
99.5	1.4097	0.6999	5.1366	4
99.55	1.403	1.1452	5.1381	4
99.6	1.3971	0.2617	5.1319	4
99.65	1.3919	0.7531	5.1238	4
99.7	1.3845	1.1509	5.1106	4
99.75	1.3792	0.038	5.1056	4
99.8	1.3744	0.6858	5.1101	4
99.85	1.3672	1.332	5.0921	4
99.9	1.362	-0.0298	5.0866	4
99.95	1.3573	0.4898	5.1137	4
100	1.3503	1.32	5.1162	4
100.05	1.3449	0.0764	5.1147	4
100.1	1.34	0.3653	5.1195	4
100.15	1.3331	1.46	5.123	4
100.2	1.3273	0.1254	5.1142	4
100.25	1.3233	0.0187	5.1068	4
100.3	1.317	1.4801	5.1194	4
100.35	1.3103	0.2701	5.1287	4
100.4	1.3057	0.1619	5.1331	4
100.45	1.3001	0.7089	5.1404	4
100.5	1.2937	0.837	5.13	4
100.55	1.2886	0.0439	5.1257	4
100.6	1.2833	0.7389	5.1188	4
100.65	1.2762	1.1486	5.1078	4
100.7	1.2712	-0.0636	5.1095	4
100.75	1.2662	0.563	5.1088	4
100.8	1.2594	1.1773	5.1023	4
100.85	1.2545	-0.2397	5.1066	4
100.9	1.2502	0.5349	5.1233	4
100.95	1.2435	1.079	5.1287	4
101	1.2385	0.05	5.1189	4
101.05	1.2337	0.1594	5.1092	4
101.1	1.2274	1.1882	5.1075	4
101.15	1.222	-0.0894	5.111	4
101.2	1.2175	0.3678	5.1121	4
101.25	1.211	0.8654	5.1096	4
101.3	1.2056	0.2626	5.1021	4
101.35	1.2014	0.084	5.1078	4
101.4	1.1962	0.7245	5.1174	4
101.45	1.19	0.4264	5.1201	4
101.5	1.1856	0.1427	5.1306	4
101.55	1.1798	0.7287	5.1413	4
101.6	1.1747	0.3779	5.1458	4
101.65	1.1699	0.0719	5.1549	4
101.7	1.1644	0.8788	5.1543	4
101.75	1.1584	0.4056	5.1392	4
101.8	1.1541	-0.0026	5.1343	4
101.85	1.1492	0.8005	5.1556	4
101.9	1.1439	0.3627	5.1553	4
101.95	1.1394	0.0313	5.1449	4
102	1.1342	0.8729	5.1491	4
102.05	1.1275	0.6577	5.1467	4
102.1	1.1234	-0.0654	5.1479	4
102.15	1.1184	0.5919	5.1549	4
102.2	1.1124	0.6132	5.1505	4
102.25	1.1075	0.248	5.1391	4
102.3	1.1022	0.1649	5.1191	4
102.35	1.0962	1.0358	5.1446	4
102.4	1.0901	0.1684	5.1568	4
102.45	1.0859	0.0945	5.1468	4
102.5	1.0808	0.7697	5.1466	4
102.55	1.0743	0.7682	5.139	4
102.6	1.0702	-0.5705	5.1388	4
102.65	1.0654	1.0485	5.1317	4
102.7	1.059	0.6775	5.1246	4
102.75	1.0544	-0.1609	5.1351	4
102.8	1.0499	0.3721	5.1358	4
102.85	1.0434	0.9153	5.1336	4
102.9	1.0386	-0.1259	5.1223	4
102.95	1.0342	0.4438	5.114	4
103	1.0278	0.7699	5.1341	4
103.05	1.0226	0.3261	5.1372	4
103.1	1.018	0.0535	5.1379	4
103.15	1.013	0.4728	5.141	4
103.2	1.0071	0.6718	5.1428	4
103.25	1.0014	0.4962	5.1403	4
103.3	0.9975	-0.449	5.139	4
103.35	0.9923	1.2949	5.1401	4
103.4	0.9852	0.5226	5.1491	4
103.45	0.9818	-0.6097	5.1387	4
103.5	0.9774	0.745	5.1367	4
103.55	0.9701	1.1048	5.1342	4
103.6	0.9656	-0.2202	5.1289	4
103.65	0.9605	0.6366	5.1381	4
103.7	0.9541	0.8835	5.1334	4
103.75	0.9497	-0.4202	5.1289	4
103.8	0.9449	0.455	5.1385	4
103.85	0.9385	1.1126	5.1426	4
103.9	0.9336	-0.2381	5.1425	4
103.95	0.9286	0.7735	5.1343	4
104	0.9231	0.3105	5.1315	4
104.05	0.9174	0.5211	5.1293	4
104.1	0.9128	0.1392	5.1356	4
104.15	0.9076	0.6445	5.1501	4
104.2	0.9019	0.4118	5.139	4
104.25	0.8977	-0.0673	5.1276	4
104.3	0.8925	0.6671	5.14	4
104.35	0.887	0.2998	5.153	4
104.4	0.8814	0.4746	5.1553	4
104.45	0.8756	0.473	5.1254	4
104.5	0.8708	0.212	5.1329	4
104.55	0.8661	0.2629	5.1371	4
104.6	0.8603	0.7851	5.1208	4
104.65	0.8551	0.0936	5.1318	4
104.7	0.8503	0.3939	5.129	4
104.75	0.8449	0.4844	5.1261	4
104.8	0.8393	0.4238	5.1412	4
104.85	0.8346	0.0225	5.1382	4
104.9	0.8296	0.4809	5.1357	4
104.95	0.8238	0.6843	5.1335	4
105	0.8192	-0.1348	5.1393	4
105.05	0.815	0.2117	5.1474	4
105.1	0.8087	1.0999	5.1509	4
105.15	0.8038	-0.309	5.1402	4
105.2	0.7998	0.3106	5.1194	4
105.25	0.7934	0.9269	5.1141	4
105.3	0.7886	-0.1057	5.124	4
105.35	0.7852	-0.3823	5.136	4
105.4	0.7791	1.191	5.1464	4
105.45	0.7727	0.5465	5.1347	4
105.5	0.7693	-0.7031	5.1161	4
105.55	0.7649	0.8116	5.1123	4
105.6	0.7579	0.6752	5.1151	4
105.65	0.754	-0.5338	5.1307	4
105.7	0.75	0.3776	5.1369	4
105.75	0.7438	0.6793	5.1266	4
105.8	0.7395	-0.2056	5.1232	4
105.85	0.735	0.3618	5.1273	4
105.9	0.7292	0.8097	5.1411	4
105.95	0.7243	-0.1681	5.1623	4
106	0.7205	-0.0999	5.156	4
106.05	0.7152	0.8778	5.1597	4
106.1	0.7095	0.052	5.1602	4
106.15	0.7057	-0.1207	5.1488	4
106.2	0.7006	0.4856	5.1483	4
106.25	0.6947	0.5166	5.1508	4
106.3	0.6896	0.1281	5.1521	4
106.35	0.6851	0.0139	5.1437	4
106.4	0.6799	0.6124	5.1219	4
106.45	0.6745	0.2107	5.1244	4
106.5	0.6703	-0.0993	5.1281	4
106.55	0.6657	0.3663	5.133	4
106.6	0.6608	0.0399	5.1298	4
106.65	0.6561	0.4419	5.1277	4
106.7	0.6509	0.1787	5.1303	4
106.75	0.6465	0.1169	5.1252	4
106.8	0.6417	0.2526	5.1127	4
106.85	0.6367	0.0828	5.117	4
106.9	0.6324	0.1878	5.1147	4
106.95	0.6272	0.4167	5.1475	4
107	0.6228	-0.1515	5.1638	4
107.05	0.6187	0.0393	5.1589	4
107.1	0.613	0.7387	5.139	4
107.15	0.6079	-0.1922	5.1245	4
107.2	0.6041	0.0511	5.1292	4
107.25	0.5994	0.131	5.1308	4
107.3	0.5948	0.0271	5.1304	4
107.35	0.5907	0.1098	5.1252	4
107.4	0.586	0.0879	5.1232	4
107.45	0.5815	-0.0687	5.1318	4
107.5	0.577	0.0897	5.1269	4
107.55	0.5725	0.0038	5.1232	4
107.6	0.5681	0.1059	5.1241	4
107.65	0.5641	-0.337	5.1145	4
107.7	0.5597	0.1964	5.1248	4
107.75	0.5554	-0.1909	5.1283	4
107.8	0.5514	-0.1396	5.1222	4
107.85	0.5477	-0.2542	5.1388	4
107.9	0.5432	0.0757	5.1484	4
107.95	0.5392	-0.2705	5.1478	4
108	0.5362	-0.6227	5.1444	4
108.05	0.5316	0.2124	5.1128	4
108.1	0.5277	-0.3704	5.1214	4
108.15	0.5245	-0.5994	5.1305	4
108.2	0.521	-0.17	5.1306	4
108.25	0.5171	-0.5905	5.124	4
108.3	0.5142	-0.551	5.1184	4
108.35	0.5109	-0.4457	5.1151	4
108.4	0.5073	-0.3941	5.1174	4
108.45	0.5046	-0.9954	5.1144	4
108.5	0.502	-0.4091	5.1176	4
108.55	0.4981	-0.3533	5.1267	4
108.6	0.4954	-0.7371	5.128	4
108.65	0.4929	-1.1282	5.1286	4
108.7	0.4901	-0.3145	5.1134	4
108.75	0.4867	-0.7614	5.1205	4
108.8	0.4851	-1.2698	5.1326	4
108.85	0.4821	-0.3902	5.1406	4
108.9	0.4794	-1.004	5.1305	4
108.95	0.4772	-0.9233	5.1227	4
109	0.4749	-0.7827	5.1278	4
109.05	0.4726	-1.0701	5.1363	4
109.1	0.4708	-1.0112	5.1411	4
109.15	0.4684	-1.0855	5.1372	4
109.2	0.4665	-0.8886	5.1198	4
109.25	0.4639	-0.8473	5.1307	4
109.3	0.4626	-1.3824	5.1416	4
109.35	0.4604	-0.7137	5.1359	4
109.4	0.4579	-0.9739	5.1433	4
109.45	0.4561	-1.0719	5.1278	4
109.5	0.4539	-0.8278	5.129	4
109.55	0.4517	-1.1053	5.1553	4
109.6	0.4497	-0.8707	5.1575	4
109.65	0.4473	-0.8701	5.149	4
109.7	0.4448	-0.7667	5.1258	4
109.75	0.4429	-1.1891	5.1166	4
109.8	0.4407	-0.8151	5.1027	4
109.85	0.4375	-0.3395	5.0982	4
109.9	0.4354	-1.2152	5.1017	4
109.95	0.433	-0.7126	5.1036	4
110	0.4306	-0.7739	5.1121	4
110.05	0.428	-0.8363	5.123	4
110.1	0.4253	-0.6896	5.1164	4
110.15	0.4229	-0.6623	5.1209	4
110.2	0.4203	-0.6714	5.1209	4
110.25	0.418	-0.7209	5.1196	4
110.3	0.4156	-0.8282	5.1154	4
110.35	0.4127	-0.3007	5.1126	4
110.4	0.4096	-0.7952	5.1199	4
110.45	0.4069	-0.584	5.1143	4
110.5	0.4044	-0.7163	5.1206	4
110.55	0.4013	-0.3266	5.1203	4
110.6	0.3988	-0.8761	5.1235	4
110.65	0.3961	-0.5082	5.1238	4
110.7	0.3927	-0.4412	5.1118	4
110.75	0.3901	-0.9338	5.1034	4
110.8	0.3868	0.0663	5.1268	4
110.85	0.3837	-0.8955	5.1322	4
110.9	0.3813	-0.5149	5.1237	4
110.95	0.3782	-0.4259	5.1247	4
111	0.3756	-0.6014	5.1264	4
111.05	0.3726	-0.4612	5.1224	4
111.1	0.3699	-0.6984	5.1236	4
111.15	0.3674	-0.619	5.118	4
111.2	0.3642	-0.3192	5.1175	4
111.25	0.3616	-0.9252	5.1226	4
111.3	0.3588	-0.3418	5.116	4
111.35	0.355	-0.3827	5.115	4
111.4	0.3525	-1.0042	5.1055	4
111.45	0.3499	-0.5413	5.0844	4
111.5	0.3468	-0.3765	5.0866	4
111.55	0.3446	-1.0879	5.1121	4
111.6	0.342	-0.5298	5.1323	4
111.65	0.3387	-0.2941	5.1408	4
111.7	0.3358	-0.804	5.1412	4
111.75	0.3344	-1.16	5.1288	4
111.8	0.3316	-0.1872	5.1159	4
111.85	0.3287	-0.8726	5.1075	4
111.9	0.3267	-0.7827	5.1224	4
111.95	0.3243	-0.6459	5.1237	4
112	0.3211	-0.5212	5.1059	4
112.05	0.3191	-1.1798	5.1254	4
112.1	0.3172	-0.7119	5.1185	4
112.15	0.3137	-0.2658	5.1167	4
112.2	0.3109	-0.905	5.1302	4
112.25	0.3095	-1.0643	5.1306	4
112.3	0.3064	-0.2849	5.1336	4
112.35	0.3033	-0.9863	5.122	4
112.4	0.3014	-0.7427	5.1085	4
112.45	0.299	-0.711	5.1265	4
112.5	0.2962	-0.4528	5.1378	4
112.55	0.2941	-1.278	5.1197	4
112.6	0.2913	-0.2537	5.1229	4
112.65	0.2888	-1.0289	5.1381	4
112.7	0.2875	-1.1114	5.1388	4
112.75	0.2848	-0.5521	5.1276	4
112.8	0.2823	-0.632	5.1328	4
112.85	0.2801	-1.0606	5.1505	4
112.9	0.279	-1.2143	5.1561	4
112.95	0.2762	-0.5036	5.1522	4
113	0.2732	-0.6971	5.1591	4
113.05	0.2716	-1.449	5.1581	4
113.1	0.2692	-0.2286	5.1452	4
113.15	0.266	-0.6807	5.1159	4
113.2	0.2646	-1.3694	5.1214	4
113.25	0.2624	-0.5456	5.1335	4
113.3	0.2592	-0.2088	5.1392	4
113.35	0.2573	-1.607	5.1337	4
113.4	0.256	-0.6518	5.1245	4
113.45	0.2521	-0.129	5.124	4
113.5	0.2496	-1.4493	5.118	4
113.55	0.2486	-0.7199	5.1221	4
113.6	0.2452	-0.3335	5.1245	4
113.65	0.2423	-0.6403	5.1351	4
113.7	0.2411	-1.3232	5.1414	4
113.75	0.2383	-0.1926	5.1269	4
113.8	0.2349	-0.5347	5.1228	4
113.85	0.2329	-1.1968	5.1274	4
113.9	0.2308	-0.5011	5.1167	4
113.95	0.2276	-0.4831	5.1395	4
114	0.2254	-0.8525	5.1608	4
114.05	0.223	-0.6789	5.1458	4
114.1	0.2201	-0.6013	5.1397	4
114.15	0.2174	-0.442	5.136	4
114.2	0.2151	-1.0102	5.1413	4
114.25	0.2126	-0.2727	5.1394	4
114.3	0.2092	-0.6523	5.1338	4
114.35	0.2069	-0.7182	5.1258	4
114.4	0.2045	-0.5268	5.1199	4
114.45	0.2009	-0.1747	5.1229	4
114.5	0.1982	-0.9617	5.1306	4
114.55	0.196	-0.6112	5.1206	4
114.6	0.1925	-0.183	5.1087	4
114.65	0.1898	-0.7047	5.1198	4
114.7	0.1877	-0.761	5.1369	4
114.75	0.1844	-0.2188	5.1371	4
114.8	0.1812	-0.6227	5.1091	4
114.85	0.1787	-0.425	5.1014	4
114.9	0.1754	-0.4454	5.1131	4
114.95	0.1723	-0.3798	5.1159	4
115	0.1691	-0.3935	5.1192	4
115.05	0.166	-0.5311	5.104	4
115.1	0.1628	-0.3895	5.1025	4
115.15	0.1595	-0.3722	5.096	4
115.2	0.1566	-0.6928	5.0996	4
115.25	0.1532	-0.2587	5.0938	4
115.3	0.1502	-0.528	5.0931	4
115.35	0.1472	-0.2989	5.1037	4
115.4	0.1446	-0.5783	5.0889	4
115.45	0.1417	-0.2533	5.0951	4
115.5	0.1382	-0.4765	5.1035	4
115.55	0.1348	-0.2186	5.1076	4
115.6	0.1317	-0.6234	5.1175	4
115.65	0.1292	-0.4353	5.108	4
115.7	0.1254	-0.0388	5.1034	4
115.75	0.1221	-0.4533	5.1064	4
115.8	0.1191	-0.648	5.1118	4
115.85	0.1163	-0.1335	5.1141	4
115.9	0.1123	-0.2607	5.108	4
115.95	0.1095	-0.5572	5.0803	4
116	0.1065	-0.3068	5.0819	4
116.05	0.1029	-0.2986	5.099	4
116.1	0.1001	-0.4838	5.0973	4
116.15	0.0973	-0.5542	5.0974	4
116.2	0.0933	0.098	5.0951	4
116.25	0.0899	-0.3327	5.0869	4
116.3	0.087	-0.7445	5.0851	4
116.35	0.0843	-0.1595	5.1015	4
116.4	0.0806	-0.2733	5.1059	4
116.45	0.0774	-0.5509	5.096	4
116.5	0.0747	-0.4764	5.1085	4
116.55	0.0708	-0.0714	5.099	4
116.6	0.0677	-0.3342	5.0728	4
116.65	0.0651	-0.798	5.0837	4
116.7	0.0615	0.0391	5.0882	4
116.75	0.058	-0.6103	5.0807	4
116.8	0.0547	-0.2819	5.0783	4
116.85	0.0524	-0.7235	5.0811	4
116.9	0.049	-0.1822	5.0938	4
116.95	0.0454	-0.3127	5.0879	4
117	0.0423	-0.4588	5.082	4
117.05	0.0392	-0.5083	5.0903	4
117.1	0.0362	-0.3365	5.1002	4
117.15	0.0325	-0.19	5.093	4
117.2	0.0292	-0.0744	5.077	4
117.25	0.0264	-0.8517	5.0883	4
117.3	0.0227	0.2611	5.1	4
117.35	0.0198	-0.7543	5.1042	4
117.4	0.0165	-0.4418	5.0957	4
117.45	0.0125	0.2878	5.0833	4
117.5	0.0097	-1.0543	5.0921	4
117.55	0.0065	0.2602	5.1138	4
117.6	0.0023	-0.4708	5.1122	4
117.65	-0.0006	-0.3676	5.1094	4
117.7	-0.0042	-0.1232	5.0868	4
117.75	-0.0083	-0.3193	5.0827	4
117.8	-0.0117	-0.3404	5.112	4
117.85	-0.0141	-0.777	5.1063	4
117.9	-0.0181	0.4626	5.1021	4
117.95	-0.0216	-0.8051	5.0942	4
118	-0.0238	-0.4304	5.0882	4
118.05	-0.0284	0.3221	5.0953	4
118.1	-0.0317	-0.8296	5.1032	4
118.15	-0.0345	-0.3327	5.0931	4
118.2	-0.038	-0.0196	5.0868	4
118.25	-0.0412	-0.6135	5.1036	4
118.3	-0.0446	-0.0302	5.1193	4
118.35	-0.0492	0.0616	5.1077	4
118.4	-0.0524	-0.742	5.0993	4
118.45	-0.0555	-0.0615	5.1068	4
118.5	-0.0596	0.0259	5.1116	4
118.55	-0.0629	-0.5164	5.1187	4
118.6	-0.0662	-0.1816	5.1219	4
118.65	-0.07	-0.1061	5.1132	4
118.7	-0.0732	-0.4721	5.1142	4
118.75	-0.0772	-0.0287	5.1089	4
118.8	-0.081	-0.2582	5.1006	4
118.85	-0.0845	-0.2761	5.0967	4
118.9	-0.0881	0.118	5.1053	4
118.95	-0.0915	-0.752	5.1139	4
119	-0.0952	0.1273	5.1082	4
119.05	-0.099	-0.3002	5.1258	4
119.1	-0.1027	-0.1204	5.1312	4
119.15	-0.106	-0.0959	5.1135	4
119.2	-0.1096	-0.3096	5.1073	4
119.25	-0.1137	0.1864	5.0911	4
119.3	-0.1163	-0.6813	5.0912	4
119.35	-0.1208	0.3536	5.0904	4
119.4	-0.1246	-0.2026	5.0883	4
119.45	-0.1287	-0.1507	5.1138	4
119.5	-0.1323	-0.1636	5.1223	4
119.55	-0.1362	-0.0516	5.1258	4
119.6	-0.1394	-0.3857	5.1017	4
119.65	-0.1436	0.2	5.0778	4
119.7	-0.1471	-0.3613	5.0937	4
119.75	-0.151	0.0297	5.0842	4
119.8	-0.1553	0.0031	5.0899	4
119.85	-0.1585	-0.7052	5.1109	4
119.9	-0.1622	0.328	5.114	4
119.95	-0.1664	-0.1478	5.1214	4
120	-0.1702	-0.2354	5.113	4
120.05	-0.1741	0.0327	5.1348	4
120.1	-0.1776	-0.2272	5.1477	4
120.15	-0.1815	-0.0597	5.124	4
120.2	-0.1849	-0.1003	5.1211	4
120.25	-0.1897	0.0585	5.106	4
120.3	-0.1937	0.2632	5.1017	4
120.35	-0.1976	-0.6106	5.1111	4
120.4	-0.2009	0.1748	5.1016	4
120.45	-0.2053	-0.181	5.1041	4
120.5	-0.2082	-0.3323	5.102	4
120.55	-0.2127	0.2315	5.1068	4
120.6	-0.2167	-0.2145	5.1096	4
120.65	-0.2203	-0.2438	5.1063	4
120.7	-0.2239	-0.0323	5.1163	4
120.75	-0.2287	0.0568	5.1301	4
120.8	-0.2315	-0.7762	5.1391	4
120.85	-0.2347	-0.0535	5.1188	4
120.9	-0.2383	-0.2776	5.1088	4
120.95	-0.242	-0.4003	5.1268	4
121	-0.2449	-0.7313	5.1319	4
121.05	-0.2495	0.3506	5.1164	4
121.1	-0.2529	-0.695	5.1093	4
121.15	-0.2557	-0.5279	5.1096	4
121.2	-0.2592	-0.1589	5.1197	4
121.25	-0.2628	-0.4388	5.1297	4
121.3	-0.266	-0.5174	5.1273	4
121.35	-0.2688	-0.3011	5.0974	4
121.4	-0.2718	-0.6465	5.1015	4
121.45	-0.2749	-0.3475	5.1095	4
121.5	-0.2787	-0.3384	5.107	4
121.55	-0.2815	-0.5364	5.1061	4
121.6	-0.2848	-0.3734	5.1073	4
121.65	-0.2882	-0.2172	5.0901	4
121.7	-0.2916	-0.5863	5.065	4
121.75	-0.2949	-0.129	5.0938	4
121.8	-0.2984	-0.6165	5.1184	4
121.85	-0.3007	-0.6065	5.1297	4
121.9	-0.3041	-0.3197	5.1157	4
121.95	-0.3073	-0.2823	5.1146	4
122	-0.3101	-0.6774	5.0949	4
122.05	-0.3131	-0.1964	5.0695	4
122.1	-0.3167	-0.4104	5.0996	4
122.15	-0.3201	-0.4877	5.1278	4
122.2	-0.3237	-0.1789	5.113	4
122.25	-0.3271	-0.6637	5.096	4
122.3	-0.3301	-0.0687	5.0832	4
122.35	-0.3336	-0.6352	5.1006	4
122.4	-0.3366	-0.2547	5.1196	4
122.45	-0.3397	-0.4191	5.1082	4
122.5	-0.3425	-0.5615	5.0916	4
122.55	-0.346	-0.1258	5.0853	4
122.6	-0.3489	-0.5408	5.0988	4
122.65	-0.3524	-0.4412	5.1225	4
122.7	-0.3557	0.003	5.108	4
122.75	-0.3595	-0.4727	5.0979	4
122.8	-0.3625	-0.3256	5.0997	4
122.85	-0.3656	-0.4693	5.1057	4
122.9	-0.3694	-0.1971	5.119	4
122.95	-0.3725	-0.4868	5.1225	4
123	-0.376	-0.1478	5.1086	4
123.05	-0.3803	0.0034	5.0974	4
123.1	-0.3832	-0.5617	5.1026	4
123.15	-0.3871	-0.0253	5.1102	4
123.2	-0.3903	-0.4035	5.1041	4
123.25	-0.3941	-0.1468	5.0839	4
123.3	-0.3973	-0.4359	5.092	4
123.35	-0.4009	-0.0941	5.0999	4
123.4	-0.4052	0.2578	5.1016	4
123.45	-0.4085	-0.6187	5.0858	4
123.5	-0.4121	-0.2089	5.0961	4
123.55	-0.416	0.0686	5.1125	4
123.6	-0.4197	-0.6244	5.0934	4
123.65	-0.423	0.2625	5.1035	4
123.7	-0.4273	-0.4227	5.1247	4
123.75	-0.4302	-0.2128	5.119	4
123.8	-0.4348	-0.1802	5.1032	4
123.85	-0.4384	0.0171	5.1052	4
123.9	-0.4427	-0.1363	5.1088	4
123.95	-0.4459	-0.0837	5.1067	4
124	-0.4502	0.1915	5.0884	4
124.05	-0.4544	-0.3185	5.0903	4
124.1	-0.458	-0.2643	5.0878	4
124.15	-0.4609	-0.2707	5.0839	4
124.2	-0.4657	0.2164	5.0957	4
124.25	-0.4685	-0.5015	5.1013	4
124.3	-0.473	0.4658	5.093	4
124.35	-0.4773	-0.2861	5.0903	4
124.4	-0.4802	-0.5234	5.1021	4
124.45	-0.4844	0.129	5.0956	4
124.5	-0.4891	0.2608	5.1039	4
124.55	-0.4925	-0.6928	5.1106	4
124.6	-0.4959	0.0324	5.1007	4
124.65	-0.5001	-0.2177	5.0915	4
124.7	-0.5039	0.0181	5.0846	4
124.75	-0.5079	-0.3934	5.0934	4
124.8	-0.5116	0.2831	5.1011	4
124.85	-0.516	-0.5574	5.1022	4
124.9	-0.5194	0.2414	5.112	4
124.95	-0.5228	-0.6284	5.1045	4
125	-0.5269	0.2793	5.1001	4
125.05	-0.5313	-0.317	5.116	4
125.1	-0.5337	-0.542	5.1091	4
125.15	-0.5385	0.302	5.0866	4
125.2	-0.5415	-0.5476	5.0928	4
125.25	-0.5453	-0.0984	5.1022	4
125.3	-0.5489	-0.3596	5.1043	4
125.35	-0.5537	0.608	5.0844	4
125.4	-0.5567	-1.2304	5.093	4
125.45	-0.56	0.1045	5.1175	4
125.5	-0.5641	-0.2428	5.123	4
125.55	-0.5682	0.0822	5.1176	4
125.6	-0.5713	-0.8835	5.1158	4
125.65	-0.5748	0.4621	5.1161	4
125.7	-0.5786	-0.9178	5.1124	4
125.75	-0.5815	-0.0919	5.0927	4
125.8	-0.5854	-0.328	5.0881	4
125.85	-0.5881	-0.5433	5.0985	4
125.9	-0.5921	-0.0528	5.101	4
125.95	-0.595	-0.6428	5.0994	4
126	-0.5986	-0.2239	5.1098	4
126.05	-0.6017	-0.2461	5.0971	4
126.1	-0.606	-0.4812	5.085	4
126.15	-0.6083	-0.6489	5.088	4
126.2	-0.6123	-0.1961	5.0941	4
126.25	-0.6148	-0.644	5.0994	4
126.3	-0.6177	-0.4025	5.1169	4
126.35	-0.6208	-0.695	5.124	4
126.4	-0.6242	0.0075	5.1007	4
126.45	-0.6269	-1.4927	5.089	4
126.5	-0.6304	0.6688	5.0919	4
126.55	-0.6334	-1.1384	5.0907	4
126.6	-0.6362	-0.2802	5.0938	4
126.65	-0.6393	-0.5795	5.0962	4
126.7	-0.643	-0.1918	5.1058	4
126.75	-0.6459	-0.8462	5.1054	4
126.8	-0.6475	-0.9407	5.1109	4
126.85	-0.652	0.0712	5.1281	4
126.9	-0.6541	-1.1124	5.1241	4
126.95	-0.6569	-0.4749	5.1142	4
127	-0.6592	-0.5959	5.1192	4
127.05	-0.6626	-0.6648	5.1046	4
127.1	-0.664	-0.9935	5.107	4
127.15	-0.6681	-0.2929	5.1088	4
127.2	-0.67	-1.327	5.1083	4
127.25	-0.6718	-0.7173	5.1013	4
127.3	-0.6742	-0.8884	5.0963	4
127.35	-0.6767	-0.4097	5.1107	4
127.4	-0.6779	-1.6505	5.0978	4
127.45	-0.6807	-0.2281	5.1147	4
127.5	-0.6831	-1.245	5.1354	4
127.55	-0.6855	-0.5948	5.1087	4
127.6	-0.6875	-1.2287	5.0964	4
127.65	-0.69	-0.4095	5.1107	4
127.7	-0.6923	-1.3523	5.1181	4
127.75	-0.6944	-0.6667	5.1201	4
127.8	-0.6975	-0.6696	5.1164	4
127.85	-0.6994	-0.9823	5.1198	4
127.9	-0.7012	-1.0769	5.112	4
127.95	-0.7041	-0.5099	5.0958	4
128	-0.7068	-0.9823	5.0967	4
128.05	-0.7081	-1.1922	5.107	4
128.1	-0.7106	-0.6754	5.109	4
128.15	-0.713	-0.6844	5.1162	4
128.2	-0.7158	-0.876	5.1195	4
128.25	-0.7171	-0.9705	5.1007	4
128.3	-0.7209	-0.0117	5.0938	4
128.35	-0.7235	-1.0316	5.1154	4
128.4	-0.7258	-0.6216	5.1243	4
128.45	-0.7285	-0.8396	5.1125	4
128.5	-0.7312	-0.4735	5.1174	4
128.55	-0.7336	-0.8674	5.1129	4
128.6	-0.7362	-0.2119	5.1078	4
128.65	-0.7393	-0.5696	5.1021	4
128.7	-0.7423	-0.5943	5.1195	4
128.75	-0.7447	-0.6524	5.1401	4
128.8	-0.7483	-0.1749	5.1125	4
128.85	-0.7509	-0.8703	5.1281	4
128.9	-0.7537	-0.2896	5.136	4
128.95	-0.7573	-0.4415	5.1171	4
129	-0.7603	-0.6123	5.1226	4
129.05	-0.7631	-0.4482	5.1206	4
129.1	-0.7665	-0.352	5.1299	4
129.15	-0.7693	-0.4412	5.1267	4
129.2	-0.7721	-0.5847	5.1036	4
129.25	-0.7756	-0.047	5.0982	4
129.3	-0.7782	-0.7722	5.1061	4
129.35	-0.7816	-0.2115	5.1036	4
129.4	-0.7853	-0.1405	5.1033	4
129.45	-0.7889	-0.3639	5.106	4
129.5	-0.7922	-0.2383	5.0951	4
129.55	-0.7956	-0.2614	5.0946	4
129.6	-0.7994	-0.1518	5.0991	4
129.65	-0.8028	-0.0771	5.0872	4
129.7	-0.8065	-0.3468	5.0775	4
129.75	-0.8094	-0.365	5.0823	4
129.8	-0.8134	0.1832	5.1021	4
129.85	-0.8181	0.0764	5.0998	4
129.9	-0.8209	-0.6766	5.0973	4
129.95	-0.8246	0.0646	5.0957	4
130	-0.8289	0.1397	5.0966	4
130.05	-0.8328	-0.1695	5.0897	4
130.1	-0.8365	0.0045	5.0821	4
130.15	-0.8401	-0.2176	5.0931	4
130.2	-0.8442	0.149	5.0877	4
130.25	-0.8488	0.2659	5.0868	4
130.3	-0.8526	-0.3001	5.0934	4
130.35	-0.8555	-0.5365	5.0844	4
130.4	-0.8592	0.1573	5.0778	4
130.45	-0.8633	-0.2716	5.0637	4
130.5	-0.8661	-0.533	5.0685	4
130.55	-0.8699	0.1553	5.0815	4
130.6	-0.8738	-0.096	5.0844	4
130.65	-0.877	-0.626	5.0878	4
130.7	-0.8805	-0.1405	5.0967	4
130.75	-0.8848	0.0668	5.1063	4
130.8	-0.8885	-0.096	5.1155	4
130.85	-0.8916	-0.6441	5.1112	4
130.9	-0.8957	0.3418	5.1082	4
130.95	-0.8999	-0.3624	5.102	4
131	-0.903	-0.1488	5.1069	4
131.05	-0.9071	0.1109	5.1216	4
131.1	-0.9104	-0.3283	5.1089	4
131.15	-0.9138	-0.1849	5.116	4
131.2	-0.9182	0.1365	5.1177	4
131.25	-0.9225	-0.2229	5.1138	4
131.3	-0.9266	-0.0033	5.0965	4
131.35	-0.9303	-0.3563	5.0786	4
131.4	-0.9336	-0.1027	5.082	4
131.45	-0.9378	0.0096	5.1083	4
131.5	-0.9411	-0.3023	5.105	4
131.55	-0.9445	-0.3583	5.1218	4
131.6	-0.9483	-0.0578	5.1163	4
131.65	-0.9525	0.0777	5.1037	4
131.7	-0.9557	-0.7227	5.1165	4
131.75	-0.9589	-0.0729	5.1264	4
131.8	-0.9634	0.135	5.1164	4
131.85	-0.9668	-0.5537	5.1009	4
131.9	-0.9706	0.0005	5.0906	4
131.95	-0.9745	-0.22	5.1002	4
132	-0.9779	-0.3412	5.1031	4
132.05	-0.9814	-0.1669	5.1001	4
132.1	-0.9855	-0.0889	5.1056	4
132.15	-0.9889	-0.4149	5.1054	4
132.2	-0.9921	-0.2799	5.0997	4
132.25	-0.9959	-0.2447	5.1132	4
132.3	-0.9993	-0.3601	5.1288	4
132.35	-1.003	-0.3918	5.1211	4
132.4	-1.0063	-0.0302	5.1017	4
132.45	-1.01	-0.5294	5.0872	4
132.5	-1.0123	-0.5103	5.0826	4
132.55	-1.016	-0.0522	5.0838	4
132.6	-1.0196	-0.3464	5.0961	4
132.65	-1.0227	-0.4674	5.1056	4
132.7	-1.0259	-0.4409	5.0938	4
132.75	-1.0291	-0.2745	5.0908	4
132.8	-1.0327	-0.3239	5.0963	4
132.85	-1.0365	-0.1564	5.1014	4
132.9	-1.0392	-0.8122	5.1054	4
132.95	-1.0424	-0.2112	5.1051	4
133	-1.0458	-0.3145	5.0988	4
133.05	-1.0491	-0.3925	5.086	4
133.1	-1.052	-0.563	5.1044	4
133.15	-1.0559	-0.159	5.1226	4
133.2	-1.0597	-0.3916	5.1263	4
133.25	-1.0629	-0.3622	5.1152	4
133.3	-1.066	-0.4275	5.1057	4
133.35	-1.0693	-0.2035	5.0999	4
133.4	-1.0728	-0.5532	5.1156	4
133.45	-1.0758	-0.4889	5.1169	4
133.5	-1.0795	0.0812	5.1081	4
133.55	-1.0835	-0.1347	5.1085	4
133.6	-1.086	-0.8785	5.1158	4
133.65	-1.0889	-0.3388	5.1106	4
133.7	-1.093	-0.107	5.0929	4
133.75	-1.0962	-0.5597	5.0883	4
133.8	-1.0996	-0.1945	5.1015	4
133.85	-1.1027	-0.6858	5.1236	4
133.9	-1.1055	-0.3636	5.1106	4
133.95	-1.1092	-0.281	5.0911	4
134	-1.1127	-0.3841	5.0947	4
134.05	-1.1154	-0.6521	5.0909	4
134.1	-1.1185	-0.4795	5.0982	4
134.15	-1.1223	-0.0854	5.1132	4
134.2	-1.1259	-0.201	5.1134	4
134.25	-1.1294	-0.3494	5.1107	4
134.3	-1.1321	-0.5927	5.1287	4
134.35	-1.1358	-0.0727	5.1363	4
134.4	-1.1394	-0.5014	5.1203	4
134.45	-1.142	-0.6922	5.1191	4
134.5	-1.1455	-0.1847	5.1041	4
134.55	-1.1492	-0.227	5.0937	4
134.6	-1.1522	-0.8096	5.1044	4
134.65	-1.1548	-0.4109	5.1145	4
134.7	-1.158	-0.4779	5.131	4
134.75	-1.161	-0.3719	5.1313	4
134.8	-1.1638	-0.6175	5.1114	4
134.85	-1.1671	-0.417	5.1095	4
134.9	-1.1701	-0.4457	5.1204	4
134.95	-1.1731	-0.5194	5.1177	4
135	-1.1756	-0.7897	5.1191	4
135.05	-1.1786	-0.3327	5.103	4
135.1	-1.1823	-0.3419	5.1021	4
135.15	-1.1839	-1.1556	5.1046	4
135.2	-1.1869	-0.3991	5.0988	4
135.25	-1.1902	-0.314	5.0989	4
135.3	-1.1934	-0.6175	5.0803	4
135.35	-1.1956	-0.8961	5.0964	4
135.4	-1.1986	-0.5473	5.107	4
135.45	-1.2015	-0.4538	5.0995	4
135.5	-1.2051	-0.2387	5.1086	4
135.55	-1.2074	-1.2154	5.1004	4
135.6	-1.21	-0.3349	5.1074	4
135.65	-1.2132	-0.3892	5.1109	4
135.7	-1.2165	-0.5751	5.103	4
135.75	-1.2194	-0.4408	5.1004	4
135.8	-1.2223	-0.7033	5.109	4
135.85	-1.2249	-0.5146	5.1192	4
135.9	-1.2282	-0.5876	5.1132	4
135.95	-1.2313	-0.4365	5.0935	4
136	-1.2345	-0.4273	5.1031	4
136.05	-1.2366	-0.9793	5.1131	4
136.1	-1.2398	-0.2494	5.0875	4
136.15	-1.2429	-0.593	5.0735	4
136.2	-1.2452	-0.8182	5.0961	4
136.25	-1.2484	-0.3475	5.1317	4
136.3	-1.2513	-0.6161	5.1259	4
136.35	-1.2535	-0.8825	5.1232	4
136.4	-1.2568	-0.1763	5.1194	4
136.45	-1.2602	-0.4441	5.1022	4
136.5	-1.2626	-0.9432	5.1048	4
136.55	-1.2645	-0.6384	5.0989	4
136.6	-1.2684	-0.1014	5.0977	4
136.65	-1.2709	-1.0899	5.1028	4
136.7	-1.2733	-0.4355	5.0944	4
136.75	-1.2762	-0.556	5.0809	4
136.8	-1.2792	-0.5398	5.081	4
136.85	-1.2816	-0.7142	5.0689	4
136.9	-1.2844	-0.4123	5.0739	4
136.95	-1.2875	-0.5401	5.0866	4
137	-1.2899	-0.8	5.0898	4
137.05	-1.2926	-0.4954	5.1018	4
137.1	-1.2965	-0.228	5.1012	4
137.15	-1.299	-0.9387	5.1171	4
137.2	-1.3011	-0.8129	5.1027	4
137.25	-1.3038	-0.4683	5.083	4
137.3	-1.3071	-0.3124	5.0921	4
137.35	-1.3098	-0.9298	5.0759	4
137.4	-1.312	-0.5576	5.0618	4
137.45	-1.3152	-0.546	5.0579	4
137.5	-1.3183	-0.3966	5.0696	4
137.55	-1.3212	-0.7536	5.0623	4
137.6	-1.3242	-0.4502	5.0784	4
137.65	-1.3265	-1.0934	5.0997	4
137.7	-1.3289	-0.4016	5.0935	4
137.75	-1.3327	-0.2497	5.084	4
137.8	-1.3349	-0.952	5.0829	4
137.85	-1.337	-0.7784	5.0867	4
137.9	-1.3405	-0.1986	5.0947	4
137.95	-1.3429	-1.1244	5.0966	4
138	-1.3447	-0.6698	5.1012	4
138.05	-1.3484	-0.3167	5.1028	4
138.1	-1.3507	-0.9552	5.093	4
138.15	-1.3525	-0.9453	5.1006	4
138.2	-1.3557	-0.0417	5.1001	4
138.25	-1.3589	-0.8121	5.0969	4
138.3	-1.3605	-1.1071	5.1053	4
138.35	-1.3632	-0.2149	5.1164	4
138.4	-1.3662	-0.8106	5.1048	4
138.45	-1.3681	-0.9867	5.1016	4
138.5	-1.3709	-0.3261	5.0916	4
138.55	-1.3742	-0.636	5.0852	4
138.6	-1.3759	-1.2078	5.0826	4
138.65	-1.3785	-0.6448	5.0935	4
138.7	-1.3822	-0.3575	5.109	4
138.75	-1.3843	-1.2008	5.1139	4
138.8	-1.3855	-0.9121	5.1195	4
138.85	-1.3885	-0.2568	5.1131	4
138.9	-1.391	-1.1886	5.1071	4
138.95	-1.3928	-0.9378	5.1137	4
139	-1.3954	-0.6153	5.1064	4
139.05	-1.3977	-0.9817	5.1049	4
139.1	-1.3996	-0.936	5.092	4
139.15	-1.4015	-0.8892	5.0984	4
139.2	-1.4037	-0.9036	5.1095	4
139.25	-1.4056	-0.9902	5.094	4
139.3	-1.4078	-0.9676	5.0864	4
139.35	-1.4098	-0.9098	5.0936	4
139.4	-1.4112	-1.3768	5.1098	4
139.45	-1.4134	-0.5922	5.1143	4
139.5	-1.4159	-0.8869	5.1029	4
139.55	-1.4167	-1.6699	5.113	4
139.6	-1.4179	-0.6692	5.1218	4
139.65	-1.4203	-1.0308	5.1073	4
139.7	-1.4219	-1.2597	5.092	4
139.75	-1.4235	-1.1036	5.0891	4
139.8	-1.4258	-0.8599	5.0986	4
139.85	-1.4272	-1.3563	5.1234	4
139.9	-1.4286	-1.1547	5.1315	4
139.95	-1.4307	-0.8827	5.1376	4
140	-1.4317	-1.61	5.1347	4
140.05	-1.4331	-0.9401	5.1157	4
140.1	-1.4347	-1.2537	5.1245	4
140.15	-1.4365	-1.1115	5.1314	4
140.2	-1.4376	-1.5149	5.1266	4
140.25	-1.4386	-1.0073	5.1168	4
140.3	-1.4406	-1.0491	5.1143	4
140.35	-1.4419	-1.3488	5.1129	4
140.4	-1.4428	-1.5081	5.1148	4
140.45	-1.444	-1.2482	5.0997	4
140.5	-1.4453	-1.2947	5.1002	4
140.55	-1.4466	-1.2147	5.0947	4
140.6	-1.4476	-1.5933	5.0974	4
140.65	-1.4487	-1.3469	5.0985	4
140.7	-1.4497	-1.3692	5.0905	4
140.75	-1.4506	-1.4789	5.084	4
140.8	-1.4515	-1.5147	5.0868	4
140.85	-1.4525	-1.4335	5.0926	4
140.9	-1.4534	-1.6388	5.0788	4
140.95	-1.4542	-1.4328	5.0885	4
141	-1.4549	-1.4493	5.0879	4
141.05	-1.4554	-1.8046	5.0902	4
141.1	-1.4555	-1.5279	5.0915	4
141.15	-1.456	-1.7252	5.0773	4
141.2	-1.4569	-1.2687	5.0834	4
141.25	-1.4574	-2.0288	5.1178	4
141.3	-1.4584	-1.58	5.1156	4
141.35	-1.4592	-1.3663	5.1125	4
141.4	-1.4594	-1.9974	5.1129	4
141.45	-1.4593	-1.6461	5.1051	4
141.5	-1.4599	-1.7738	5.1139	4
141.55	-1.4598	-1.91	5.1188	4
141.6	-1.4604	-1.5897	5.116	4
141.65	-1.461	-1.7359	5.1114	4
141.7	-1.4609	-2.0547	5.092	4
141.75	-1.461	-1.491	5.0807	4
141.8	-1.4617	-1.7922	5.072	4
141.85	-1.4605	-2.3679	5.0639	4
141.9	-1.4605	-1.5556	5.0808	4
141.95	-1.4613	-1.5236	5.0887	4
142	-1.4615	-1.9342	5.0815	4
142.05	-1.4612	-1.9573	5.0697	4
142.1	-1.4612	-1.7249	5.0725	4
142.15	-1.4618	-1.6555	5.0822	4
142.2	-1.4612	-2.188	5.0797	4
142.25	-1.4606	-1.8729	5.0795	4
142.3	-1.4614	-1.2825	5.072	4
142.35	-1.4618	-2.1951	5.073	4
142.4	-1.4613	-1.8226	5.0777	4
142.45	-1.461	-2.1046	5.0736	4
142.5	-1.4615	-1.4538	5.0638	4
142.55	-1.462	-1.9138	5.0661	4
142.6	-1.4617	-1.8047	5.0596	4
142.65	-1.4617	-1.6064	5.0517	4
142.7	-1.4614	-2.0832	5.0545	4
142.75	-1.462	-1.5599	5.0719	4
142.8	-1.4627	-1.5297	5.072	4
142.85	-1.4628	-1.9549	5.0769	4
142.9	-1.4623	-1.809	5.0906	4
142.95	-1.4625	-1.6729	5.1015	4
143	-1.4631	-1.5959	5.1106	4
143.05	-1.4628	-1.8867	5.1011	4
143.1	-1.4631	-1.4895	5.1114	4
143.15	-1.4637	-1.6849	5.1026	4
143.2	-1.4634	-1.9358	5.0743	4
143.25	-1.4645	-1.1214	5.0737	4
143.3	-1.4649	-2.013	5.0884	4
143.35	-1.4646	-1.9486	5.0935	4
143.4	-1.4659	-0.8001	5.1066	4
143.45	-1.4658	-2.4734	5.0987	4
143.5	-1.4659	-1.2548	5.0839	4
143.55	-1.4664	-1.6587	5.0944	4
143.6	-1.4672	-1.5578	5.0877	4
143.65	-1.4672	-1.4993	5.0949	4
143.7	-1.4679	-1.5982	5.0969	4
143.75	-1.4684	-1.58	5.0915	4
143.8	-1.469	-1.5504	5.0888	4
143.85	-1.469	-1.7623	5.1057	4
143.9	-1.4699	-1.1421	5.1038	4
143.95	-1.4701	-2.0854	5.0826	4
144	-1.4707	-1.1092	5.0785	4
144.05	-1.4714	-1.8135	5.0845	4
144.1	-1.4716	-1.5783	5.0894	4
144.15	-1.4726	-1.2092	5.0935	4
144.2	-1.4734	-1.2325	5.0929	4
144.25	-1.4732	-2.2849	5.0986	4
144.3	-1.4741	-0.7773	5.1085	4
144.35	-1.4753	-1.919	5.0905	4
144.4	-1.4752	-1.4114	5.0856	4
144.45	-1.4759	-1.286	5.0844	4
144.5	-1.4767	-1.546	5.0935	4
144.55	-1.4772	-1.6168	5.093	4
144.6	-1.478	-1.0505	5.0832	4
144.65	-1.4793	-1.6048	5.0904	4
144.7	-1.479	-1.4814	5.0958	4
144.75	-1.4801	-1.2475	5.0914	4
144.8	-1.4813	-1.3119	5.1076	4
144.85	-1.4819	-1.8647	5.1148	4
144.9	-1.4822	-1.1934	5.0982	4
144.95	-1.4846	-0.7751	5.0939	4
145	-1.4847	-2.0193	5.0934	4
145.05	-1.4848	-1.3713	5.0832	4
145.1	-1.4865	-0.7546	5.077	4
145.15	-1.4878	-1.5949	5.0746	4
145.2	-1.4873	-1.7991	5.0848	4
145.25	-1.489	-0.7255	5.0847	4
145.3	-1.4904	-1.5309	5.0751	4
145.35	-1.4907	-1.5399	5.0773	4
145.4	-1.4917	-0.998	5.075	4
145.45	-1.4932	-1.0008	5.0832	4
145.5	-1.4934	-1.8013	5.0855	4
145.55	-1.4946	-1.0508	5.0867	4
145.6	-1.4952	-1.6255	5.072	4
145.65	-1.4972	-0.7183	5.0757	4
145.7	-1.4978	-1.6031	5.0827	4
145.75	-1.4992	-0.897	5.081	4
145.8	-1.5002	-1.5249	5.0627	4
145.85	-1.501	-1.2672	5.0617	4
145.9	-1.5027	-0.9956	5.0759	4
145.95	-1.5035	-1.5174	5.0734	4
146	-1.5043	-1.0962	5.0885	4
146.05	-1.5055	-1.2924	5.0946	4
146.1	-1.5059	-1.5722	5.0917	4
146.15	-1.508	-0.3909	5.0947	4
146.2	-1.5101	-1.553	5.0876	4
146.25	-1.5098	-1.5026	5.0838	4
146.3	-1.5114	-0.9187	5.0826	4
146.35	-1.5127	-1.2609	5.083	4
146.4	-1.5138	-1.1899	5.0914	4
146.45	-1.5156	-0.8215	5.0897	4
146.5	-1.5161	-2.0086	5.0774	4
146.55	-1.5164	-1.0914	5.0859	4
146.6	-1.5192	-0.45	5.0854	4
146.65	-1.52	-1.6974	5.0705	4
146.7	-1.5204	-1.2224	5.0704	4
146.75	-1.5224	-0.732	5.073	4
146.8	-1.5233	-1.7193	5.0734	4
146.85	-1.5239	-1.1069	5.0847	4
146.9	-1.5264	-0.6137	5.0931	4
146.95	-1.5278	-1.201	5.1079	4
147	-1.5285	-1.5779	5.0927	4
147.05	-1.5292	-1.2079	5.0686	4
147.1	-1.5314	-0.6561	5.0853	4
147.15	-1.5326	-1.5757	5.0904	4
147.2	-1.5332	-1.2148	5.092	4
147.25	-1.5353	-0.9413	5.1	4
147.3	-1.5358	-1.5077	5.094	4
147.35	-1.5365	-1.3505	5.0974	5
147.4	-1.5379	-0.9096	5.0946	5
147.45	-1.5393	-1.3852	5.0837	5
147.5	-1.5399	-1.0811	5.091	5
147.55	-1.5226	-1.0725	5.0933	5
147.6	-1.4717	-1.2243	5.0904	5
147.65	-1.4061	-1.306	5.0918	5
147.7	-1.3326	-0.786	5.0977	5
147.75	-1.2489	-1.3267	5.1012	5
147.8	-1.157	-1.0191	5.0885	5
147.85	-1.0565	-0.5705	5.0921	5
147.9	-0.9465	-1.1359	5.1008	5
147.95	-0.8284	-1.0293	5.078	5
148	-0.7018	-0.6954	5.0608	5
148.05	-0.5668	-0.7756	5.0678	5
148.1	-0.4239	-1.0891	5.0662	5
148.15	-0.2737	-0.5906	5.0734	5
148.2	-0.1152	-0.39	5.0951	5
148.25	0.0521	-0.7873	5.0958	5
148.3	0.2257	-0.6148	5.0787	5
148.35	0.4065	-0.2138	5.0768	5
148.4	0.5961	-1.1462	5.0789	5
148.45	0.7916	0.0082	5.0825	5
148.5	0.9947	0.115	5.0938	5
148.55	1.2055	-1.605	5.0845	5
148.6	1.4208	0.1453	5.0774	5
148.65	1.6447	0.3832	5.078	5
148.7	1.8767	-0.9268	5.0901	5
148.75	2.1135	-0.4466	5.102	5
148.8	2.3561	0.6857	5.0885	5
148.85	2.6073	-0.7976	5.078	5
148.9	2.8634	-0.844	5.0779	5
148.95	3.1244	1.1814	5.073	5
149	3.3942	-0.3911	5.0822	5
149.05	3.6682	-0.4775	5.0871	5
149.1	3.9462	1.525	5.0806	5
149.15	4.2331	-0.4302	5.0903	5
149.2	4.5232	0.6191	5.0934	5
149.25	4.8194	0.6727	5.0859	5
149.3	5.1208	0.5636	5.0776	5
149.35	5.4276	0.4841	5.0869	5
149.4	5.7386	1.4502	5.1028	5
149.45	6.0559	0.7234	5.0935	5
149.5	6.3778	0.6267	5.0963	5
149.55	6.7034	1.7764	5.1018	5
149.6	7.0352	0.8511	5.099	5
149.65	7.3707	0.8716	5.096	5
149.7	7.7097	1.6757	5.0964	5
149.75	8.0532	1.7099	5.0853	5
149.8	8.4016	0.5821	5.0901	5
149.85	8.7514	1.9687	5.0883	5
149.9	9.1066	1.8959	5.0806	5
149.95	9.4663	1.292	5.0883	5
150	9.8275	2.7466	5.0944	5
150.05	10.1924	4.054	5.1011	5
150.1	10.5614	4.3819	5.1009	5
150.15	10.9316	7.0891	5.1048	5
150.2	11.3034	11.3122	5.0965	6
150.25	11.6778	15.4872	5.091	6
150.3	12.0536	22.1127	5.1031	6
150.35	12.4299	31.7579	5.097	6
150.4	12.8079	42.8229	5.0967	6
150.45	13.1854	54.8933	5.1034	6
150.5	13.5543	71.2512	5.0859	6
150.55	13.9148	89.2948	5.0857	6
150.6	14.268	108.1911	5.107	6
150.65	14.609	133.989	5.1153	6
150.7	14.94	163.611	5.1183	6
150.75	15.2594	198.1892	5.0984	6
150.8	15.5655	239.5177	5.1096	6
150.85	15.8577	288.554	5.1144	6
150.9	16.139	341.4087	5.1155	6
150.95	16.4099	396.9855	5.1245	6
151	16.6708	454.3308	5.1167	6
151.05	16.9231	513.2376	5.114	6
151.1	17.1678	571.6231	5.1077	6
151.15	17.4038	630.3237	5.1281	6
151.2	17.6325	688.1904	5.1246	6
151.25	17.8532	745.9736	5.1063	6
151.3	18.0678	802.1785	5.1408	6
151.35	18.276	857.2546	5.1432	6
151.4	18.4764	912.494	5.1304	6
151.45	18.6704	966.7137	5.132	6
151.5	18.859	1019.1819	5.1233	6
151.55	19.0418	1069.9197	5.1336	6
151.6	19.2189	1119.2233	5.1349	6
151.65	19.391	1166.4158	5.1411	6
151.7	19.5585	1210.843	5.1525	6
151.75	19.7204	1254.1623	5.1511	6
151.8	19.8784	1295.2196	5.1376	6
151.85	20.0312	1334.9718	5.1323	6
151.9	20.1797	1373.1532	5.1207	6
151.95	20.3238	1409.7578	5.1156	6
152	20.4629	1445.1108	5.1083	6
152.05	20.5971	1479.5591	5.1212	6
152.1	20.7285	1511.4704	5.1355	6
152.15	20.8562	1541.5343	5.1327	6
152.2	20.9795	1570.7165	5.1338	6
152.25	21.0999	1597.6935	5.1173	6
152.3	21.2164	1623.3487	5.1261	6
152.35	21.3285	1648.8894	5.1336	6
152.4	21.4377	1672.5067	5.1258	6
152.45	21.5435	1694.5374	5.135	6
152.5	21.6453	1716.3844	5.1312	6
152.55	21.7444	1736.697	5.1216	6
152.6	21.8411	1755.2511	5.1199	6
152.65	21.9341	1773.3483	5.0979	6
152.7	22.0246	1789.833	5.0963	6
152.75	22.1123	1805.2905	5.1092	6
152.8	22.1974	1819.5866	5.1074	6
152.85	22.2799	1832.7429	5.0969	6
152.9	22.3597	1845.3522	5.0935	6
152.95	22.4371	1856.6742	5.1084	6
153	22.5129	1865.9761	5.1064	6
153.05	22.5862	1874.8493	5.1189	6
153.1	22.6564	1883.3237	5.1254	6
153.15	22.7254	1890.0859	5.1026	6
153.2	22.7923	1896.2697	5.0904	6
153.25	22.856	1902.8626	5.0957	6
153.3	22.9182	1907.7419	5.1142	6
153.35	22.979	1911.2027	5.121	6
153.4	23.0367	1915.6702	5.0981	6
153.45	23.093	1918.7278	5.0895	6
153.5	23.1488	1919.2549	5.0989	6
153.55	23.2011	1921.6988	5.1094	6
153.6	23.2517	1923.5277	5.119	6
153.65	23.3025	1922.1526	5.1026	6
153.7	23.3507	1921.8902	5.0848	6
153.75	23.3955	1922.8902	5.0877	6
153.8	23.4409	1920.5181	5.0951	6
153.85	23.4849	1917.8054	5.1045	6
153.9	23.5256	1917.4883	5.0956	6
153.95	23.5665	1914.5132	5.0828	6
154	23.6067	1910.1116	5.0752	6
154.05	23.6436	1907.7736	5.0655	6
154.1	23.6795	1904.5115	5.0765	6
154.15	23.7157	1899.3154	5.0758	6
154.2	23.75	1894.3703	5.0825	6
154.25	23.7823	1890.7982	5.0955	6
154.3	23.8144	1885.4204	5.1123	6
154.35	23.8466	1878.2966	5.1075	6
154.4	23.8755	1873.7417	5.0946	6
154.45	23.9035	1868.9246	5.0943	6
154.5	23.9327	1860.4156	5.0831	6
154.55	23.9589	1854.2938	5.0848	6
154.6	23.983	1849.643	5.0913	6
154.65	24.0088	1841.1058	5.1059	6
154.7	24.0333	1833.073	5.1096	6
154.75	24.0547	1828.233	5.1148	6
154.8	24.0772	1820.4687	5.1077	6
154.85	24.1001	1811.1299	5.0896	6
154.9	24.1196	1805.2105	5.0707	6
154.95	24.1389	1798.5349	5.0719	6
155	24.1594	1788.6784	5.0777	6
155.05	24.1765	1781.9521	5.0809	6
155.1	24.1927	1775.7652	5.0746	6
155.15	24.2109	1765.9776	5.0764	6
155.2	24.2272	1757.7275	5.0804	6
155.25	24.241	1752.311	5.096	6
155.3	24.257	1742.8382	5.0889	6
155.35	24.2716	1733.9515	5.0677	6
155.4	24.2836	1728.4447	5.0829	6
155.45	24.2974	1718.9918	5.076	6
155.5	24.3107	1710.5469	5.0889	6
155.55	24.3214	1704.7273	5.0878	6
155.6	24.3332	1696.2033	5.0687	6
155.65	24.3449	1686.3194	5.0751	6
155.7	24.3543	1679.6142	5.0835	6
155.75	24.3639	1672.8678	5.0816	6
155.8	24.3744	1663.264	5.0905	6
155.85	24.3831	1656.0077	5.1094	6
155.9	24.3905	1650.034	5.1119	6
155.95	24.3993	1641.6271	5.0984	6
156	24.4074	1633.4307	5.0919	6
156.05	24.4136	1627.4387	5.0936	6
156.1	24.4204	1620.4244	5.0993	6
156.15	24.4276	1612.1829	5.099	6
156.2	24.4332	1605.5676	5.0858	6
156.25	24.4387	1598.8165	5.0966	6
156.3	24.4444	1591.4198	5.105	6
156.35	24.4496	1584.4684	5.095	6
156.4	24.4545	1577.5795	5.0861	6
156.45	24.4589	1571.016	5.0818	6
156.5	24.4631	1564.5726	5.1094	6
156.55	24.4671	1557.7864	5.1172	6
156.6	24.4706	1551.715	5.102	6
156.65	24.4746	1544.8463	5.1006	6
156.7	24.4779	1538.3448	5.0995	6
156.75	24.4803	1532.9589	5.1063	6
156.8	24.4832	1526.5393	5.118	6
156.85	24.4861	1520.0081	5.1184	6
156.9	24.4878	1515.2112	5.1069	6
156.95	24.4901	1509.5277	5.1123	6
157	24.4924	1503.202	5.1196	6
157.05	24.4939	1497.8015	5.1219	6
157.1	24.4948	1493.3968	5.115	6
157.15	24.4965	1487.7138	5.1133	6
157.2	24.4979	1482.0371	5.1091	6
157.25	24.4982	1478.0583	5.1168	6
157.3	24.4991	1473.2026	5.1251	6
157.35	24.5006	1467.2456	5.1214	6
157.4	24.5004	1463.3581	5.1063	6
157.45	24.501	1458.6146	5.1129	6
157.5	24.5019	1453.0529	5.1245	6
157.55	24.5015	1449.1697	5.1324	6
157.6	24.5014	1444.91	5.132	6
157.65	24.5022	1439.421	5.1282	6
157.7	24.5013	1436.3441	5.1304	6
157.75	24.5007	1432.6952	5.128	6
157.8	24.5012	1427.4463	5.1277	6
157.85	24.5004	1424.0047	5.1215	6
157.9	24.4995	1420.4891	5.1139	6
157.95	24.4988	1416.7286	5.1199	6
158	24.4983	1412.9537	5.119	6
158.05	24.4979	1408.9997	5.1253	6
158.1	24.4966	1405.8587	5.1197	6
158.15	24.4957	1402.3312	5.1283	6
158.2	24.4953	1398.1391	5.1364	6
158.25	24.4944	1394.8445	5.1139	6
158.3	24.4927	1392.3834	5.1162	6
158.35	24.4919	1388.6982	5.1086	6
158.4	24.491	1385.6427	5.1089	6
158.45	24.4894	1383.3958	5.1142	6
158.5	24.4882	1380.2517	5.1114	6
158.55	24.4872	1376.8498	5.1076	6
158.6	24.4857	1374.7069	5.1047	6
158.65	24.4842	1372.2352	5.0986	6
158.7	24.4832	1368.7566	5.1237	6
158.75	24.4814	1366.5608	5.1213	6
158.8	24.4796	1364.6885	5.1022	6
158.85	24.4787	1361.6399	5.1132	6
158.9	24.4775	1358.8104	5.1112	6
158.95	24.4753	1357.3341	5.1129	6
159	24.4739	1354.9714	5.1162	6
159.05	24.473	1351.7096	5.1013	6
159.1	24.4707	1350.4404	5.103	6
159.15	24.4685	1349.1035	5.1169	6
159.2	24.4674	1346.4664	5.1306	6
159.25	24.4659	1344.5552	5.1254	6
159.3	24.464	1343.3311	5.1108	6
159.35	24.4624	1341.4404	5.1129	6
159.4	24.4614	1338.8647	5.1032	6
159.45	24.4595	1337.54	5.1427	6
159.5	24.4575	1336.3136	5.1228	6
159.55	24.4564	1333.8422	5.1104	6
159.6	24.4547	1332.2895	5.1259	6
159.65	24.4521	1332.133	5.1146	6
159.7	24.451	1329.721	5.1121	6
159.75	24.4499	1327.6724	5.1193	6
159.8	24.4472	1327.7316	5.1004	6
159.85	24.4454	1326.4837	5.1062	6
159.9	24.4443	1324.4106	5.1197	6
159.95	24.4418	1324.2553	5.1267	6
160	24.44	1323.5308	5.1217	6
160.05	24.4388	1321.8437	5.1157	6
160.1	24.4368	1321.1521	5.1286	6
160.15	24.4352	1319.9941	5.1194	6
160.2	24.4336	1318.732	5.1119	6
160.25	24.4317	1318.0142	5.1218	6
160.3	24.4304	1316.8982	5.1277	6
160.35	24.4286	1316.437	5.1241	6
160.4	24.4272	1315.5893	5.1118	6
160.45	24.4257	1314.668	5.1189	6
160.5	24.4239	1314.0616	5.1261	6
160.55	24.4227	1312.8745	5.1185	6
160.6	24.4216	1311.4788	5.1201	6
160.65	24.4201	1311.1011	5.1152	6
160.7	24.419	1310.0277	5.1064	6
160.75	24.4178	1308.8047	5.0911	6
160.8	24.4162	1308.2643	5.0934	6
160.85	24.4149	1307.2487	5.108	6
160.9	24.4135	1306.5394	5.109	6
160.95	24.4119	1306.3676	5.1118	6
161	24.4114	1304.4861	5.1274	6
161.05	24.4099	1304.1074	5.1379	6
161.1	24.4079	1304.4417	5.1396	6
161.15	24.4076	1302.4656	5.135	6
161.2	24.4064	1301.8893	5.1273	6
161.25	24.4041	1302.437	5.12	6
161.3	24.4034	1300.8586	5.1141	6
161.35	24.4026	1299.6821	5.1087	6
161.4	24.4005	1300.6494	5.1114	6
161.45	24.3994	1300.3659	5.1278	6
161.5	24.3992	1298.2014	5.1406	6
161.55	24.3974	1298.596	5.1215	6
161.6	24.3958	1299.0368	5.1136	6
161.65	24.3961	1296.5323	5.1184	6
161.7	24.3949	1296.2165	5.1188	6
161.75	24.3927	1297.4372	5.137	6
161.8	24.3924	1296.0798	5.1345	6
161.85	24.392	1294.9389	5.1215	6
161.9	24.39	1296.0259	5.1248	6
161.95	24.389	1295.6706	5.133	6
162	24.3888	1293.9752	5.1333	6
162.05	24.3874	1294.3078	5.1199	6
162.1	24.3859	1294.7891	5.1287	6
162.15	24.386	1292.9824	5.1451	6
162.2	24.3848	1292.9088	5.1334	6
162.25	24.3832	1293.5393	5.1283	6
162.3	24.3829	1292.2257	5.1408	6
162.35	24.3819	1292.1849	5.1388	6
162.4	24.3804	1292.5874	5.1412	6
162.45	24.3801	1291.6342	5.1341	6
162.5	24.3794	1291.3052	5.1424	6
162.55	24.3777	1292.3486	5.1398	6
162.6	24.3772	1291.5924	5.1381	6
162.65	24.3768	1290.7748	5.1465	6
162.7	24.3749	1292.0649	5.1452	6
162.75	24.3743	1291.3488	5.1404	6
162.8	24.3741	1290.4807	5.1395	6
162.85	24.3727	1290.8042	5.1386	6
162.9	24.3717	1290.916	5.1374	6
162.95	24.3717	1289.9282	5.1468	6
163	24.3707	1290.2111	5.1512	6
163.05	24.3697	1290.556	5.1367	6
163.1	24.3694	1289.8231	5.1214	6
163.15	24.369	1289.4997	5.117	6
163.2	24.3681	1289.6854	5.1033	6
163.25	24.3676	1289.4385	5.1101	6
163.3	24.3672	1288.9134	5.1199	6
163.35	24.3667	1288.8615	5.1347	6
163.4	24.3661	1288.4587	5.1428	6
163.45	24.3654	1288.5721	5.1445	6
163.5	24.3648	1288.1337	5.1506	6
163.55	24.3643	1287.7007	5.1385	6
163.6	24.3633	1287.8211	5.1425	6
163.65	24.3633	1286.9833	5.1442	6
163.7	24.3625	1287.041	5.1377	6
163.75	24.3622	1286.7952	5.1215	6
163.8	24.3616	1286.6096	5.1369	6
163.85	24.3609	1287.1702	5.1271	6
163.9	24.3606	1286.4535	5.1274	6
163.95	24.36	1286.3828	5.1251	6
164	24.3594	1286.3671	5.1165	6
164.05	24.359	1286.0256	5.116	6
164.1	24.3588	1285.6987	5.1191	6
164.15	24.358	1285.7489	5.0958	6
164.2	24.3574	1286.412	5.1041	6
164.25	24.3574	1285.4373	5.1231	6
164.3	24.3569	1285.3596	5.1268	6
164.35	24.3561	1286.0061	5.1168	6
164.4	24.3561	1284.7325	5.1051	6
164.45	24.356	1284.4739	5.0933	6
164.5	24.3549	1284.8479	5.078	6
164.55	24.3549	1284.1708	5.0824	6
164.6	24.355	1283.6546	5.0948	6
164.65	24.3539	1284.1326	5.1074	6
164.7	24.3535	1284.6964	5.0967	6
164.75	24.3537	1283.7821	5.0792	6
164.8	24.353	1283.6242	5.0857	6
164.85	24.3522	1285.0432	5.091	6
164.9	24.3524	1284.0382	5.1075	6
164.95	24.3522	1283.4739	5.1182	6
165	24.3513	1284.9364	5.1092	6
165.05	24.3508	1284.526	5.0922	6
165.1	24.3508	1283.7679	5.0974	6
165.15	24.3505	1284.4374	5.0933	6
165.2	24.3499	1284.5335	5.1009	6
165.25	24.3496	1284.0255	5.0913	6
165.3	24.3504	1283.3407	5.0913	6
165.35	24.3492	1284.3409	5.1095	6
165.4	24.3491	1283.5375	5.1114	6
165.45	24.3497	1282.8339	5.101	6
165.5	24.3485	1284.0582	5.1197	6
165.55	24.3482	1283.3783	5.1319	6
165.6	24.3487	1282.6227	5.1193	6
165.65	24.3482	1283.125	5.0981	6
165.7	24.3475	1282.9927	5.0973	6
165.75	24.3478	1282.3016	5.1052	6
165.8	24.3477	1282.5528	5.1101	6
165.85	24.3468	1283.0083	5.1075	6
165.9	24.347	1281.8211	5.1018	6
165.95	24.3464	1283.083	5.0937	6
166	24.3464	1282.9633	5.0874	6
166.05	24.3467	1281.3156	5.086	6
166.1	24.3454	1282.9617	5.103	6
166.15	24.3462	1282.2615	5.1202	6
166.2	24.3468	1280.6866	5.1276	6
166.25	24.3447	1282.5502	5.1169	6
166.3	24.345	1282.4497	5.1163	6
166.35	24.3462	1280.7932	5.1315	6
166.4	24.3449	1281.5805	5.1263	6
166.45	24.3436	1282.8629	5.1162	6
166.5	24.345	1281.1739	5.1252	6
166.55	24.345	1281.3222	5.1222	6
166.6	24.3434	1282.7249	5.1171	6
166.65	24.3442	1280.983	5.1129	6
166.7	24.3451	1280.0634	5.1195	6
166.75	24.344	1281.9424	5.1233	6
166.8	24.3444	1280.2469	5.1057	6
166.85	24.3451	1278.262	5.0957	6
166.9	24.344	1280.3124	5.0909	6
166.95	24.3448	1279.2754	5.1064	6
167	24.3457	1276.6969	5.1119	6
167.05	24.3447	1278.0019	5.0967	6
167.1	24.3453	1277.5939	5.098	6
167.15	24.3466	1275.2546	5.1008	6
167.2	24.346	1274.8893	5.0978	6
167.25	24.3454	1275.6538	5.0967	6
167.3	24.3469	1273.8938	5.1107	6
167.35	24.3471	1272.6394	5.1163	6
167.4	24.3457	1273.9607	5.107	6
167.45	24.347	1272.4723	5.1108	6
167.5	24.348	1270.8438	5.1173	6
167.55	24.3462	1272.1743	5.1	6
167.6	24.3464	1271.4296	5.0983	6
167.65	24.3476	1269.9538	5.0939	6
167.7	24.3467	1270.5961	5.0918	6
167.75	24.3462	1270.4509	5.0991	6
167.8	24.3475	1268.96	5.1006	6
167.85	24.3473	1269.0588	5.0993	6
167.9	24.3465	1269.0129	5.1062	6
167.95	24.3471	1267.8285	5.1075	6
168	24.3472	1267.8687	5.0975	6
168.05	24.3464	1268.2336	5.1076	6
168.1	24.3463	1267.3659	5.0927	6
168.15	24.3466	1267.2376	5.0957	6
168.2	24.3462	1267.9613	5.1003	6
168.25	24.3461	1266.8347	5.1036	6
168.3	24.3462	1266.2576	5.1166	6
168.35	24.346	1266.8627	5.1183	6
168.4	24.3456	1266.5712	5.1016	6
168.45	24.3454	1265.5668	5.1013	6
168.5	24.3455	1265.4024	5.1216	6
168.55	24.3454	1265.9968	5.1327	6
168.6	24.3453	1265.0862	5.1179	6
168.65	24.3456	1263.4681	5.1224	6
168.7	24.3452	1264.2236	5.1293	6
168.75	24.3457	1263.8179	5.1286	6
168.8	24.3457	1262.6532	5.12	6
168.85	24.3452	1262.8322	5.1188	6
168.9	24.3454	1262.9884	5.1199	6
168.95	24.3456	1262.3264	5.113	6
169	24.345	1262.0004	5.1256	6
169.05	24.3454	1261.1836	5.1256	6
169.1	24.3457	1260.9897	5.1243	6
169.15	24.3452	1261.2994	5.1402	6
169.2	24.3456	1259.4477	5.1383	6
169.25	24.3457	1259.3193	5.1446	6
169.3	24.3452	1260.4948	5.1481	6
169.35	24.3456	1258.9511	5.1366	6
169.4	24.3453	1258.2316	5.1274	6
169.45	24.3448	1259.0318	5.1264	6
169.5	24.3451	1258.7017	5.1181	6
169.55	24.3449	1258.0099	5.1226	6
169.6	24.3446	1257.6369	5.1265	6
169.65	24.3443	1258.4227	5.1261	6
169.7	24.3446	1258.1162	5.1142	6
169.75	24.3441	1257.4245	5.1217	6
169.8	24.3431	1258.1719	5.1249	6
169.85	24.3436	1257.732	5.124	6
169.9	24.3439	1257.4074	5.1266	6
169.95	24.3431	1257.2607	5.1064	6
170	24.3428	1256.8668	5.1198	6
170.05	24.3429	1256.9358	5.117	6
170.1	24.3428	1257.3925	5.112	6
170.15	24.3425	1256.6244	5.1148	6
170.2	24.3418	1256.6142	5.1238	6
170.25	24.3421	1256.4163	5.1237	6
170.3	24.3425	1256.2565	5.1213	6
170.35	24.3414	1257.4889	5.1178	6
170.4	24.3417	1255.841	5.1183	6
170.45	24.3419	1255.5299	5.1115	6
170.5	24.341	1257.2331	5.095	6
170.55	24.3411	1257.0753	5.0949	6
170.6	24.3416	1255.3518	5.0866	6
170.65	24.3409	1255.5968	5.0991	6
170.7	24.3405	1256.3784	5.126	6
170.75	24.3416	1255.2349	5.1218	6
170.8	24.3417	1254.8725	5.1283	6
170.85	24.3407	1255.0573	5.1344	6
170.9	24.3411	1254.1876	5.1415	6
170.95	24.3418	1253.7469	5.1483	6
171	24.3415	1254.4682	5.1402	6
171.05	24.3415	1253.9206	5.1271	6
171.1	24.342	1252.0485	5.1146	6
171.15	24.3415	1252.7242	5.126	6
171.2	24.3414	1253.0687	5.1473	6
171.25	24.342	1252.0693	5.1469	6
171.3	24.3411	1252.0722	5.1154	6
171.35	24.3405	1252.4568	5.0932	6
171.4	24.342	1250.6025	5.0918	6
171.45	24.3414	1251.7123	5.1101	6
171.5	24.3402	1253.0608	5.1244	6
171.55	24.3413	1250.0457	5.1282	6
171.6	24.3409	1250.3981	5.1122	6
171.65	24.3394	1252.88	5.1097	6
171.7	24.3406	1251.5315	5.1037	6
171.75	24.3411	1249.8674	5.0996	6
171.8	24.3395	1251.1265	5.1024	6
171.85	24.3399	1250.9711	5.1109	6
171.9	24.3417	1248.6867	5.1107	6
171.95	24.3404	1250.7242	5.1101	6
172	24.3399	1250.3548	5.1017	6
172.05	24.3411	1247.179	5.0772	6
172.1	24.3404	1248.4588	5.0636	6
172.15	24.3394	1250.1824	5.0729	6
172.2	24.3407	1248.2412	5.095	6
172.25	24.3405	1247.3938	5.1031	6
172.3	24.3387	1249.3812	5.0966	6
172.35	24.3392	1249.09	5.0893	6
172.4	24.3401	1248.0841	5.0989	6
172.45	24.3391	1249.9222	5.1039	6
172.5	24.3385	1249.756	5.0769	6
172.55	24.3392	1247.5546	5.0736	6
172.6	24.339	1248.015	5.0859	6
172.65	24.3381	1249.6621	5.084	6
172.7	24.3389	1248.8744	5.0835	6
172.75	24.3391	1247.8555	5.0888	6
172.8	24.3372	1249.1933	5.0882	6
172.85	24.3372	1249.186	5.0749	6
172.9	24.3387	1247.4903	5.0737	6
172.95	24.3377	1249.2626	5.0723	6
173	24.3375	1249.6893	5.0808	6
173.05	24.3384	1247.2663	5.0684	6
173.1	24.3378	1247.1633	5.0747	6
173.15	24.3371	1248.3087	5.0838	6
173.2	24.3378	1247.676	5.0843	6
173.25	24.3381	1247.5491	5.0883	6
173.3	24.3374	1248.5385	5.0808	6
173.35	24.3373	1247.6109	5.0831	6
173.4	24.3376	1246.4789	5.0723	6
173.45	24.3374	1247.0858	5.0712	6
173.5	24.3374	1247.459	5.0733	6
173.55	24.3379	1247.1277	5.0791	6
173.6	24.3378	1246.83	5.0916	6
173.65	24.3372	1246.1211	5.0986	6
173.7	24.3375	1245.4521	5.1048	6
173.75	24.3375	1245.8127	5.0842	6
173.8	24.3376	1245.9818	5.0696	6
173.85	24.338	1245.5628	5.0882	6
173.9	24.3374	1245.6514	5.0953	6
173.95	24.337	1244.962	5.0924	6
174	24.3373	1244.2779	5.0985	6
174.05	24.3371	1244.9804	5.0904	6
174.1	24.337	1245.4777	5.0895	6
174.15	24.3378	1244.5288	5.0936	6
174.2	24.3369	1244.7374	5.0954	6
174.25	24.3363	1244.3805	5.0958	6
174.3	24.3372	1242.9775	5.0948	6
174.35	24.3371	1243.452	5.1062	6
174.4	24.3365	1244.903	5.1215	6
174.45	24.3375	1243.9544	5.1227	6
174.5	24.3375	1243.0964	5.1172	6
174.55	24.3359	1244.0078	5.112	6
174.6	24.3359	1243.9182	5.119	6
174.65	24.3367	1243.3308	5.1262	6
174.7	24.336	1244.6006	5.094	6
174.75	24.3362	1244.7966	5.0952	6
174.8	24.3367	1243.8898	5.1069	6
174.85	24.3359	1243.5996	5.1114	6
174.9	24.3355	1243.7409	5.1204	6
174.95	24.3364	1242.8252	5.1135	6
175	24.3364	1243.1084	5.1074	6
175.05	24.336	1244.0319	5.105	6
175.1	24.3367	1242.9232	5.1068	6
175.15	24.3369	1241.8204	5.0946	6
175.2	24.3364	1241.5409	5.0894	6
175.25	24.3368	1241.0262	5.1128	6
175.3	24.337	1240.9219	5.1142	6
175.35	24.3371	1241.1507	5.1048	6
175.4	24.3376	1240.7242	5.0906	6
175.45	24.3372	1240.1533	5.0867	6
175.5	24.3369	1239.1924	5.095	6
175.55	24.3377	1238.2198	5.0946	6
175.6	24.3377	1238.687	5.1072	6
175.65	24.3374	1239.4269	5.1144	6
175.7	24.338	1238.691	5.0897	6
175.75	24.3375	1238.2775	5.1096	6
175.8	24.3367	1238.7567	5.1148	6
175.85	24.3368	1238.6517	5.1073	6
175.9	24.3371	1238.5553	5.116	6
175.95	24.3367	1239.3396	5.1145	6
176	24.3368	1239.2298	5.105	6
176.05	24.3365	1238.3492	5.1038	6
176.1	24.3361	1238.0158	5.1017	6
176.15	24.3356	1238.7426	5.1162	6
176.2	24.336	1238.2425	5.1089	6
176.25	24.336	1238.6201	5.105	6
176.3	24.3354	1239.836	5.1251	6
176.35	24.3358	1238.8824	5.111	6
176.4	24.3353	1237.9038	5.098	6
176.45	24.3345	1238.6267	5.0938	6
176.5	24.3345	1238.952	5.109	6
176.55	24.3347	1238.9564	5.1343	6
176.6	24.3344	1239.9001	5.1207	6
176.65	24.334	1240.6858	5.112	6
176.7	24.334	1240.6852	5.1063	6
176.75	24.3336	1239.9505	5.1153	6
176.8	24.3331	1239.5034	5.1268	6
176.85	24.3329	1239.9938	5.1101	6
176.9	24.3328	1240.2388	5.112	6
176.95	24.3328	1240.5389	5.1323	6
177	24.3329	1240.9075	5.1344	6
177.05	24.3328	1241.4006	5.14	6
177.1	24.3327	1241.7206	5.139	6
177.15	24.3325	1241.551	5.1308	6
177.2	24.3321	1240.8705	5.1247	6
177.25	24.3317	1241.0246	5.1285	6
177.3	24.3317	1241.2142	5.1465	6
177.35	24.3317	1241.5183	5.1381	6
177.4	24.3319	1241.8479	5.1147	6
177.45	24.3321	1241.8188	5.121	6
177.5	24.3319	1242.2631	5.1296	6
177.55	24.3318	1242.7591	5.125	6
177.6	24.3321	1242.4807	5.121	6
177.65	24.332	1241.5276	5.1058	6
177.7	24.3315	1241.1434	5.1147	6
177.75	24.3317	1241.1049	5.1145	6
177.8	24.3323	1240.6863	5.1183	6
177.85	24.3322	1241.1893	5.1288	6
177.9	24.3324	1241.1003	5.1358	6
177.95	24.3326	1241.0731	5.1358	6
178	24.3331	1240.7915	5.1277	6
178.05	24.3332	1240.7235	5.1296	6
178.1	24.333	1239.8553	5.1327	6
178.15	24.3331	1238.8489	5.1387	6
178.2	24.3333	1238.6431	5.1317	6
178.25	24.3331	1238.8099	5.1157	6
178.3	24.3333	1238.6447	5.1153	6
178.35	24.3337	1238.4406	5.107	6
178.4	24.3337	1238.9792	5.0961	6
178.45	24.3342	1238.6373	5.1058	6
178.5	24.3343	1237.5504	5.1167	6
178.55	24.3331	1237.6419	5.1313	6
178.6	24.3334	1237.0343	5.132	6
178.65	24.3337	1236.8492	5.1299	6
178.7	24.3337	1237.4322	5.12	6
178.75	24.334	1237.1589	5.1307	6
178.8	24.3341	1237.2445	5.14	6
178.85	24.3344	1237.196	5.129	6
178.9	24.3341	1236.168	5.1198	6
178.95	24.3335	1235.8209	5.1143	6
179	24.3335	1235.9059	5.0973	6
179.05	24.3338	1235.8039	5.0934	6
179.1	24.3342	1235.8263	5.1014	6
179.15	24.3341	1236.3953	5.1158	6
179.2	24.3346	1235.9917	5.1198	6
179.25	24.3349	1235.2758	5.1187	6
179.3	24.3339	1235.0066	5.1313	6
179.35	24.3339	1234.3619	5.1315	6
179.4	24.3346	1233.7216	5.1302	6
179.45	24.3342	1234.5508	5.1305	6
179.5	24.334	1234.983	5.1327	6
179.55	24.335	1234.0017	5.1375	6
179.6	24.3348	1234.4481	5.1222	6
179.65	24.334	1234.2882	5.1195	6
179.7	24.3342	1232.7877	5.1158	6
179.75	24.3339	1233.1803	5.1235	6
179.8	24.3339	1233.6333	5.1206	6
179.85	24.3344	1233.1986	5.1242	6
179.9	24.334	1234.0212	5.1352	6
179.95	24.3341	1234.1947	5.1458	6
180	24.3346	1233.3071	5.1531	6
180.05	24.3334	1233.1799	5.1428	6
180.1	24.3327	1233.2416	5.1341	6
180.15	24.3332	1232.5178	5.135	6
180.2	24.3327	1233.3553	5.1284	6
180.25	24.3323	1234.2075	5.1309	6
180.3	24.3331	1233.6983	5.1316	6
180.35	24.3332	1233.7687	5.1087	6
180.4	24.3325	1234.8529	5.0994	6
180.45	24.3323	1234.2487	5.1125	6
180.5	24.3323	1233.1615	5.1267	6
180.55	24.3319	1233.7666	5.1314	6
180.6	24.3313	1234.733	5.1344	6
180.65	24.3315	1234.6791	5.1271	6
180.7	24.3315	1234.9992	5.1202	6
180.75	24.3312	1235.769	5.1214	6
180.8	24.3313	1235.6261	5.1127	6
180.85	24.3312	1235.9027	5.1225	6
180.9	24.331	1236.6031	5.1181	6
180.95	24.3306	1236.3542	5.1113	6
181	24.3299	1235.824	5.0986	6
181.05	24.3299	1235.7853	5.1096	6
181.1	24.3295	1236.4415	5.1374	6
181.15	24.3295	1236.8079	5.1341	6
181.2	24.3298	1236.9574	5.1202	6
181.25	24.3298	1237.284	5.1422	6
181.3	24.3294	1238.1065	5.1485	6
181.35	24.3291	1238.5849	5.1279	6
181.4	24.3295	1238.3077	5.1155	6
181.45	24.3292	1238.9036	5.1195	6
181.5	24.3287	1239.8253	5.1321	6
181.55	24.3296	1239.0183	5.1359	6
181.6	24.3295	1238.5064	5.1477	6
181.65	24.3286	1238.4468	5.1351	6
181.7	24.3284	1238.3257	5.1151	6
181.75	24.3285	1238.3809	5.1247	6
181.8	24.3284	1238.7958	5.1217	6
181.85	24.3284	1239.2628	5.1164	6
181.9	24.3282	1239.6179	5.1298	6
181.95	24.3284	1239.6413	5.139	6
182	24.3281	1240.1731	5.1483	6
182.05	24.3283	1240.1504	5.1612	6
182.1	24.3284	1240.3338	5.1542	6
182.15	24.3282	1240.7262	5.1365	6
182.2	24.3281	1241.2035	5.1311	6
182.25	24.3283	1240.9466	5.1469	6
182.3	24.3283	1241.4431	5.144	6
182.35	24.3282	1241.8652	5.1435	6
182.4	24.3283	1241.3793	5.1508	6
182.45	24.3279	1240.6128	5.1329	6
182.5	24.3277	1239.8199	5.13	6
182.55	24.3275	1240.2515	5.138	6
182.6	24.3275	1240.607	5.1271	6
182.65	24.3279	1240.1477	5.1326	6
182.7	24.328	1240.414	5.1306	6
182.75	24.3278	1240.942	5.1259	6
182.8	24.3283	1240.5674	5.1279	6
182.85	24.3284	1240.6369	5.1223	6
182.9	24.3283	1240.7982	5.1216	6
182.95	24.329	1240.2803	5.1284	6
183	24.3288	1240.7698	5.1135	6
183.05	24.3286	1241.2164	5.1151	6
183.1	24.3296	1240.0728	5.1235	6
183.15	24.3295	1240.2962	5.1333	6
183.2	24.329	1240.9854	5.1305	6
183.25	24.3293	1239.2962	5.1096	6
183.3	24.3298	1238.0922	5.1041	6
183.35	24.329	1239.229	5.1117	6
183.4	24.3289	1239.5614	5.106	6
183.45	24.3301	1238.2621	5.0943	6
183.5	24.3298	1238.831	5.0996	6
183.55	24.3294	1239.716	5.1004	6
183.6	24.3305	1238.4128	5.1073	6
183.65	24.3307	1238.4568	5.1137	6
183.7	24.3303	1239.1286	5.1138	6
183.75	24.3308	1238.6168	5.1002	6
183.8	24.3314	1237.6955	5.1096	6
183.85	24.3306	1237.2575	5.108	6
183.9	24.3303	1236.8894	5.1187	6
183.95	24.3314	1235.4262	5.1295	6
184	24.3314	1235.9126	5.1327	6
184.05	24.3312	1236.6531	5.1372	6
184.1	24.3324	1235.0642	5.1177	6
184.15	24.3325	1234.8603	5.0907	6
184.2	24.3321	1235.5603	5.0997	6
184.25	24.3331	1234.5605	5.1258	6
184.3	24.3339	1233.0639	5.1369	6
184.35	24.3329	1232.8503	5.1264	6
184.4	24.3333	1232.0592	5.1187	6
184.45	24.3345	1230.7705	5.1336	6
184.5	24.334	1231.6485	5.1323	6
184.55	24.3339	1232.0451	5.1277	6
184.6	24.335	1230.9963	5.1319	6
184.65	24.335	1231.0767	5.1303	6
184.7	24.3343	1231.0282	5.1383	6
184.75	24.3345	1229.4558	5.1368	6
184.8	24.3348	1228.8528	5.137	6
184.85	24.334	1230.0473	5.1327	6
184.9	24.3343	1229.8442	5.1325	6
184.95	24.3351	1229.1757	5.1223	6
185	24.3349	1229.5852	5.1133	6
185.05	24.3346	1229.2876	5.1304	6
185.1	24.3349	1227.5999	5.1204	6
185.15	24.3347	1227.6074	5.1108	6
185.2	24.3345	1228.1813	5.1111	6
185.25	24.3348	1228.0126	5.1132	6
185.3	24.3351	1228.0935	5.1197	6
185.35	24.3347	1228.9969	5.1219	6
185.4	24.3347	1228.457	5.1038	6
185.45	24.3346	1227.0194	5.1058	6
185.5	24.334	1227.2828	5.118	6
185.55	24.3343	1227.3652	5.109	6
185.6	24.3347	1227.1132	5.1114	6
185.65	24.3346	1227.3655	5.1133	6
185.7	24.3346	1227.3896	5.1322	6
185.75	24.3344	1227.7154	5.1388	6
185.8	24.3345	1226.5404	5.1202	6
185.85	24.3345	1225.3845	5.1037	6
185.9	24.3337	1226.5287	5.1169	6
185.95	24.3342	1226.0267	5.1281	6
186	24.3351	1224.9018	5.1302	6
186.05	24.3341	1226.5398	5.1228	6
186.1	24.3339	1226.9721	5.1222	6
186.15	24.3351	1224.5759	5.1179	6
186.2	24.3339	1224.6412	5.1126	6
186.25	24.3327	1226.0019	5.1107	6
186.3	24.3342	1224.2147	5.1258	6
186.35	24.3341	1224.4348	5.1363	6
186.4	24.3325	1227.1343	5.1356	6
186.45	24.3333	1226.2962	5.1348	6
186.5	24.3341	1225.066	5.1403	6
186.55	24.3324	1227.2183	5.1271	6
186.6	24.3315	1226.9852	5.1159	6
186.65	24.3327	1224.7765	5.1348	6
186.7	24.3322	1225.8554	5.1449	6
186.75	24.3309	1227.9396	5.131	6
186.8	24.3323	1226.168	5.1224	6
186.85	24.333	1225.4756	5.1213	6
186.9	24.3313	1228.1889	5.12	6
186.95	24.3319	1227.4889	5.1294	6
187	24.333	1225.7083	5.1409	6
187.05	24.3314	1226.6674	5.1231	6
187.1	24.3306	1226.9011	5.1114	6
187.15	24.332	1224.9664	5.1073	6
187.2	24.3314	1225.9635	5.1091	6
187.25	24.3303	1227.8163	5.1221	6
187.3	24.3312	1226.3671	5.1211	6
187.35	24.3315	1226.199	5.1241	6
187.4	24.3297	1228.9574	5.1099	6
187.45	24.3303	1228.3678	5.0919	6
187.5	24.3311	1227.4481	5.0996	6
187.55	24.3295	1229.3395	5.0917	6
187.6	24.3287	1229.2817	5.1	6
187.65	24.3299	1226.7467	5.116	6
187.7	24.3291	1227.8849	5.1139	6
187.75	24.3274	1230.4921	5.1142	6
187.8	24.3286	1228.8863	5.1163	6
187.85	24.3292	1228.2085	5.1208	6
187.9	24.3269	1231.4871	5.1073	6
187.95	24.3271	1231.4738	5.0929	6
188	24.3289	1229.2648	5.0915	6
188.05	24.3273	1231.6285	5.1015	6
188.1	24.3262	1233.4636	5.1024	6
188.15	24.3285	1230.3045	5.0932	6
188.2	24.328	1231.2427	5.0903	6
188.25	24.3263	1233.9987	5.1087	6
188.3	24.3278	1232.0945	5.1174	6
188.35	24.3283	1231.3717	5.1022	6
188.4	24.3263	1234.2817	5.0953	6
188.45	24.3268	1233.5944	5.0995	6
188.5	24.3278	1230.5959	5.103	6
188.55	24.3262	1231.8707	5.1004	6
188.6	24.3252	1233.261	5.0928	6
188.65	24.3269	1230.9537	5.0931	6
188.7	24.3265	1231.5002	5.0999	6
188.75	24.3247	1234.0997	5.1306	6
188.8	24.326	1232.8144	5.1308	6
188.85	24.327	1231.5478	5.1098	6
188.9	24.3252	1234.1321	5.1001	6
188.95	24.3255	1234.0612	5.1086	6
189	24.3272	1231.9731	5.1069	6
189.05	24.3261	1233.5888	5.1003	6
189.1	24.3252	1235.1549	5.1076	6
189.15	24.3269	1233.1143	5.104	6
189.2	24.3271	1233.0534	5.0931	6
189.25	24.3253	1235.7059	5.1125	6
189.3	24.3261	1234.8087	5.1133	6
189.35	24.3278	1232.4991	5.1101	6
189.4	24.3264	1234.7302	5.1165	6
189.45	24.3268	1234.4633	5.1187	6
189.5	24.3289	1231.7024	5.1174	6
189.55	24.3281	1232.9426	5.1145	6
189.6	24.3277	1233.8264	5.1197	6
189.65	24.3294	1231.2478	5.1375	6
189.7	24.3289	1230.6344	5.1284	6
189.75	24.3278	1231.7926	5.1168	6
189.8	24.3291	1230.1208	5.1177	6
189.85	24.3295	1229.899	5.1071	6
189.9	24.3286	1231.4372	5.1162	6
189.95	24.3294	1230.2351	5.1185	6
190	24.3298	1229.8038	5.1137	6
190.05	24.3291	1231.0302	5.1382	6
190.1	24.3294	1230.7438	5.1475	6
190.15	24.33	1230.2219	5.1292	6
190.2	24.3295	1231.145	5.1201	6
190.25	24.3296	1231.2129	5.1348	6
190.3	24.3295	1231.2296	5.1388	6
190.35	24.3291	1231.072	5.1336	6
190.4	24.3288	1229.937	5.128	6
190.45	24.3283	1230.359	5.1367	6
190.5	24.3282	1230.6322	5.1401	6
190.55	24.328	1230.9572	5.1443	6
190.6	24.3282	1231.0154	5.1458	6
190.65	24.3279	1231.5246	5.1425	6
190.7	24.328	1231.8563	5.1356	6
190.75	24.3289	1231.0616	5.143	6
190.8	24.3291	1230.9931	5.1463	6
190.85	24.3288	1231.5831	5.1328	6
190.9	24.3293	1231.23	5.1279	6
190.95	24.3299	1230.57	5.1226	6
191	24.3295	1231.2908	5.1251	6
191.05	24.3294	1231.6635	5.1304	6
191.1	24.33	1229.9597	5.1267	6
191.15	24.3293	1229.538	5.1297	6
191.2	24.3286	1230.1971	5.1391	6
191.25	24.3291	1229.5853	5.1458	6
191.3	24.329	1229.9375	5.1387	6
191.35	24.3287	1230.7985	5.1303	6
191.4	24.329	1230.5276	5.1085	6
191.45	24.3292	1230.3386	5.1141	6
191.5	24.329	1230.8892	5.1263	6
191.55	24.3293	1230.6814	5.1181	6
191.6	24.3293	1230.6992	5.1226	6
191.65	24.3292	1230.9585	5.1177	6
191.7	24.33	1230.2372	5.1096	6
191.75	24.33	1230.2161	5.1055	6
191.8	24.3296	1229.6409	5.1007	6
191.85	24.3299	1228.3796	5.1019	6
191.9	24.3303	1227.6914	5.094	6
191.95	24.3301	1228.0593	5.0989	6
192	24.3307	1227.5913	5.1085	6
192.05	24.3315	1226.5967	5.1022	6
192.1	24.3313	1227.0625	5.1049	6
192.15	24.3314	1227.2662	5.0967	6
192.2	24.3321	1226.487	5.1075	6
192.25	24.3322	1226.5639	5.1093	6
192.3	24.3318	1226.6376	5.1281	6
192.35	24.3315	1225.5734	5.1313	6
192.4	24.3315	1224.8609	5.1134	6
192.45	24.3313	1225.4549	5.1102	6
192.5	24.3314	1225.721	5.1052	6
192.55	24.3313	1225.9346	5.1048	6
192.6	24.3316	1225.7037	5.1122	6
192.65	24.3318	1225.7149	5.1013	6
192.7	24.3317	1226.1332	5.1144	6
192.75	24.3319	1225.8593	5.1205	6
192.8	24.3318	1225.1925	5.1125	6
192.85	24.3314	1224.297	5.1132	6
192.9	24.3318	1223.463	5.1167	6
192.95	24.3321	1223.2862	5.1162	6
193	24.3319	1223.827	5.1307	6
193.05	24.3326	1222.8899	5.1345	6
193.1	24.3326	1222.9821	5.1233	6
193.15	24.3318	1224.3739	5.1053	6
193.2	24.3325	1223.7194	5.0882	6
193.25	24.3329	1222.8296	5.0942	6
193.3	24.3318	1223.0511	5.1006	6
193.35	24.3315	1222.7849	5.1128	6
193.4	24.3325	1221.4386	5.1216	6
193.45	24.3321	1222.1524	5.1212	6
193.5	24.331	1223.6806	5.1267	6
193.55	24.332	1222.3278	5.1223	6
193.6	24.3322	1222.0073	5.1199	6
193.65	24.3309	1224.0747	5.1054	6
193.7	24.3316	1223.1222	5.0883	6
193.75	24.3325	1220.9306	5.1069	6
193.8	24.3309	1221.6305	5.1126	6
193.85	24.331	1221.2707	5.1063	6
193.9	24.3321	1219.6612	5.1118	6
193.95	24.3314	1220.8686	5.107	6
194	24.3312	1221.481	5.1076	6
194.05	24.3319	1220.7096	5.1044	6
194.1	24.3318	1221.0161	5.1177	6
194.15	24.3315	1221.558	5.1229	6
194.2	24.3319	1221.2538	5.1195	6
194.25	24.3317	1220.6995	5.1079	6
194.3	24.3307	1220.5999	5.1014	6
194.35	24.3309	1220.1665	5.117	6
194.4	24.331	1220.274	5.1341	6
194.45	24.3308	1221.1062	5.1216	6
194.5	24.3312	1220.6355	5.105	6
194.55	24.3316	1219.9667	5.0956	6
194.6	24.3316	1220.4746	5.1182	6
194.65	24.3321	1219.7853	5.1369	6
194.7	24.3323	1219.8926	5.1317	6
194.75	24.332	1219.8327	5.1438	6
194.8	24.3322	1217.8838	5.164	6
194.85	24.3316	1218.1342	5.1497	6
194.9	24.3314	1218.6484	5.1328	6
194.95	24.3317	1218.1735	5.1228	6
195	24.3315	1218.5854	5.1331	6
195.05	24.3315	1218.7157	5.1432	6
195.1	24.3317	1218.8684	5.1327	6
195.15	24.3317	1218.9385	5.1324	6
195.2	24.3316	1219.1187	5.1366	6
195.25	24.3313	1218.9564	5.1252	6
195.3	24.3313	1217.5764	5.1385	6
195.35	24.3309	1217.8818	5.1331	6
195.4	24.3309	1218.1284	5.1184	6
195.45	24.3314	1217.5705	5.1357	6
195.5	24.3312	1218.1256	5.1335	6
195.55	24.3311	1218.3635	5.1129	6
195.6	24.3313	1218.2132	5.095	6
195.65	24.3316	1218.023	5.1037	6
195.7	24.3312	1218.7347	5.1148	6
195.75	24.3309	1218.7571	5.1046	6
195.8	24.3309	1217.1175	5.1055	6
195.85	24.3303	1217.3328	5.1154	6
195.9	24.33	1218.015	5.1213	6
195.95	24.3304	1217.61	5.1277	6
196	24.3301	1218.0988	5.1283	6
196.05	24.3297	1218.7213	5.1144	6
196.1	24.3294	1219.2192	5.1068	6
196.15	24.3295	1219.2215	5.1208	6
196.2	24.3298	1219.0142	5.1281	6
196.25	24.3294	1219.5688	5.1087	6
196.3	24.3293	1220.0073	5.1065	6
196.35	24.3302	1218.6145	5.1103	6
196.4	24.3294	1218.485	5.105	6
196.45	24.328	1219.1676	5.1024	6
196.5	24.329	1217.8152	5.1163	6
196.55	24.3292	1217.7021	5.1198	6
196.6	24.328	1219.5203	5.1152	6
196.65	24.3282	1219.4479	5.1245	6
196.7	24.3296	1217.9432	5.128	6
196.75	24.3287	1219.4893	5.1248	6
196.8	24.328	1220.6333	5.126	6
196.85	24.3294	1218.8329	5.1335	6
196.9	24.3292	1219.2979	5.1438	6
196.95	24.3279	1221.1577	5.1236	6
197	24.329	1219.6997	5.1061	6
197.05	24.3293	1219.3293	5.1139	6
197.1	24.3278	1221.678	5.1128	6
197.15	24.3282	1220.3968	5.118	6
197.2	24.3289	1217.7397	5.1285	6
197.25	24.3268	1220.2298	5.1331	6
197.3	24.3266	1220.6142	5.1181	6
197.35	24.3284	1218.1152	5.0952	6
197.4	24.3275	1219.9016	5.094	6
197.45	24.3266	1221.6691	5.1106	6
197.5	24.3283	1219.2664	5.1218	6
197.55	24.328	1219.6754	5.1252	6
197.6	24.3262	1222.4021	5.1156	6
197.65	24.3273	1221.1172	5.1048	6
197.7	24.3282	1220.1039	5.1004	6
197.75	24.3265	1222.7542	5.1126	6
197.8	24.3264	1222.941	5.1291	6
197.85	24.3278	1220.9964	5.1428	6
197.9	24.3269	1222.3909	5.1333	6
197.95	24.3257	1224.3899	5.1282	6
198	24.3269	1222.6956	5.1291	6
198.05	24.3273	1222.1715	5.1241	6
198.1	24.3259	1224.5133	5.1241	6
198.15	24.3263	1223.8501	5.1204	6
198.2	24.3272	1221.559	5.129	6
198.25	24.3255	1222.8371	5.1258	6
198.3	24.325	1223.3959	5.1185	6
198.35	24.326	1222.017	5.1254	6
198.4	24.3259	1222.2657	5.1337	6
198.45	24.3248	1224.0161	5.1414	6
198.5	24.3254	1223.2978	5.1289	6
198.55	24.3265	1221.9785	5.1125	6
198.6	24.3251	1223.9942	5.1153	6
198.65	24.3249	1224.3845	5.112	6
198.7	24.3264	1222.4292	5.1109	6
198.75	24.3258	1223.5208	5.1044	6
198.8	24.3246	1225.362	5.0926	6
198.85	24.326	1223.4119	5.1091	6
198.9	24.3262	1223.1913	5.1296	6
198.95	24.3241	1226.1025	5.1254	6
199	24.3248	1225.0949	5.109	6
199.05	24.3259	1223.543	5.1065	6
199.1	24.3243	1226.0459	5.1122	6
199.15	24.324	1227.0454	5.0963	6
199.2	24.3258	1224.5555	5.0914	6
199.25	24.3247	1226.0561	5.1071	6
199.3	24.3233	1228.2486	5.1153	6
199.35	24.325	1226.0278	5.1248	6
199.4	24.3251	1225.9698	5.1291	6
199.45	24.3233	1228.8223	5.1404	6
199.5	24.3236	1228.3204	5.1274	6
199.55	24.3253	1226.195	5.0975	6
199.6	24.3236	1228.7591	5.1106	6
199.65	24.3229	1230.0018	5.1388	6
199.7	24.325	1227.1546	5.1226	6
199.75	24.3243	1228.0075	5.1029	6
199.8	24.3224	1230.8683	5.1131	6
199.85	24.3245	1228.4712	5.1164	6
199.9	24.3254	1227.3786	5.1094	6
199.95	24.3228	1231.0201	5.1196	6
200	24.3242	1229.1799	5.1291	6
200.05	24.3266	1225.8936	5.1199	6
200.1	24.3244	1229.2976	5.1291	6
200.15	24.325	1228.8245	5.1435	6
200.2	24.328	1224.8448	5.1422	6
200.25	24.3266	1227.0134	5.1195	6
200.3	24.3257	1228.4693	5.1061	6
200.35	24.328	1224.9714	5.1213	6
200.4	24.3274	1224.2335	5.1288	6
200.45	24.3257	1225.8415	5.1239	6
200.5	24.3275	1223.436	5.1303	6
200.55	24.3284	1222.396	5.1311	6
200.6	24.3269	1224.5247	5.1316	6
200.65	24.3275	1223.7479	5.1308	6
200.7	24.3286	1222.1345	5.1323	6
200.75	24.3283	1222.9016	5.1396	6
200.8	24.3278	1223.8455	5.1478	6
200.85	24.3293	1221.9562	5.1436	6
200.9	24.3295	1221.7792	5.1299	6
200.95	24.3287	1223.2226	5.1175	6
201	24.33	1221.3965	5.1261	6
201.05	24.3303	1221.1798	5.1232	6
201.1	24.3295	1222.5246	5.1099	6
201.15	24.3301	1221.4076	5.1199	6
201.2	24.3302	1219.7412	5.1192	6
201.25	24.3295	1220.0889	5.1222	6
201.3	24.3296	1220.1323	5.13	6
201.35	24.3304	1219.012	5.1277	6
201.4	24.3302	1219.3656	5.1223	6
201.45	24.3303	1219.4694	5.1178	6
201.5	24.3311	1218.438	5.127	6
201.55	24.331	1218.5785	5.1347	6
201.6	24.3309	1218.9964	5.13	6
201.65	24.332	1217.6478	5.1265	6
201.7	24.3318	1217.6067	5.124	6
201.75	24.3311	1217.2386	5.1413	6
201.8	24.3317	1215.5197	5.1521	6
201.85	24.3315	1215.8754	5.1346	6
201.9	24.331	1216.7584	5.1353	6
201.95	24.3317	1216.0508	5.1271	6
202	24.3321	1215.8345	5.1391	6
202.05	24.3313	1217.2131	5.1429	6
202.1	24.3316	1216.9214	5.1366	6
202.15	24.3324	1215.9521	5.1385	6
202.2	24.3314	1217.1404	5.1308	6
202.25	24.3308	1216.353	5.1299	6
202.3	24.3313	1214.8824	5.1269	6
202.35	24.3308	1215.4698	5.1249	6
202.4	24.3302	1216.5208	5.1449	6
202.45	24.3312	1215.4598	5.1333	6
202.5	24.3317	1214.7676	5.127	6
202.55	24.3309	1216.0124	5.1241	6
202.6	24.3312	1215.7223	5.115	6
202.65	24.3323	1214.3573	5.1193	6
202.7	24.3319	1214.7111	5.1043	6
202.75	24.331	1214.5448	5.1019	6
202.8	24.3317	1212.353	5.1153	6
202.85	24.332	1212.1102	5.1155	6
202.9	24.3308	1213.9385	5.1129	6
202.95	24.3316	1212.9816	5.1145	6
203	24.3322	1212.3925	5.1226	6
203.05	24.331	1214.0753	5.1226	6
203.1	24.3309	1214.1883	5.1161	6
203.15	24.3317	1213.1836	5.1127	6
203.2	24.331	1214.1544	5.1035	6
203.25	24.3303	1214.3464	5.1047	6
203.3	24.3306	1212.5711	5.1255	6
203.35	24.3303	1212.7974	5.1381	6
203.4	24.3295	1214.2092	5.1263	6
203.45	24.3299	1213.6728	5.1193	6
203.5	24.3301	1213.4411	5.1194	6
203.55	24.3299	1214.0415	5.1375	6
203.6	24.3299	1214.2824	5.1398	6
203.65	24.33	1214.2574	5.1377	6
203.7	24.33	1214.4489	5.1336	6
203.75	24.3298	1214.837	5.1178	6
203.8	24.3297	1215.0497	5.1211	6
203.85	24.3295	1214.8399	5.1301	6
203.9	24.3294	1213.4075	5.1369	6
203.95	24.3289	1213.3609	5.1332	6
204	24.3284	1214.099	5.1431	6
204.05	24.3289	1213.4588	5.1573	6
204.1	24.3287	1213.6964	5.1496	6
204.15	24.3279	1215.0118	5.1422	6
204.2	24.3285	1214.5432	5.139	6
204.25	24.3291	1213.7526	5.1382	6
204.3	24.3286	1214.862	5.1504	6
204.35	24.3288	1214.7292	5.1478	6
204.4	24.3301	1213.0077	5.1479	6
204.45	24.3298	1213.7655	5.1432	6
204.5	24.3301	1213.6049	5.1344	6
204.55	24.3311	1211.3284	5.1253	6
204.6	24.3305	1210.4344	5.1138	6
204.65	24.3296	1211.4689	5.1234	6
204.7	24.3306	1210.2841	5.1382	6
204.75	24.3309	1209.8973	5.1179	6
204.8	24.3297	1211.8948	5.1193	6
204.85	24.3303	1211.2282	5.1365	6
204.9	24.3312	1209.9616	5.1353	6
204.95	24.3303	1211.3245	5.1163	6
205	24.3305	1211.3056	5.1191	6
205.05	24.3313	1210.1396	5.1265	6
205.1	24.3308	1210.5729	5.1371	6
205.15	24.3296	1210.5914	5.1234	6
205.2	24.3303	1208.4425	5.1064	6
205.25	24.3302	1208.7585	5.112	6
205.3	24.3299	1209.7888	5.1088	6
205.35	24.3309	1208.4488	5.1067	6
205.4	24.3314	1208.1257	5.1057	6
205.45	24.3308	1209.065	5.1087	6
205.5	24.3314	1208.2447	5.0983	6
205.55	24.3313	1208.6185	5.1073	6
205.6	24.3312	1209.2273	5.1173	6
205.65	24.3315	1208.4714	5.1117	6
205.7	24.3311	1207.6855	5.125	6
205.75	24.3302	1207.8249	5.1257	6
205.8	24.3312	1206.4454	5.125	6
205.85	24.331	1206.8731	5.1301	6
205.9	24.3302	1208.1029	5.1159	6
205.95	24.3311	1206.8523	5.1179	6
206	24.3311	1206.8963	5.1113	6
206.05	24.33	1208.7678	5.1158	6
206.1	24.3309	1207.6072	5.1385	6
206.15	24.3314	1206.8501	5.1387	6
206.2	24.3307	1207.6541	5.1293	6
206.25	24.3307	1206.2829	5.1347	6
206.3	24.331	1204.6355	5.1225	6
206.35	24.3303	1205.7818	5.1198	6
206.4	24.3297	1206.6646	5.1001	6
206.45	24.3305	1205.8219	5.0999	6
206.5	24.33	1206.7213	5.1145	6
206.55	24.3297	1207.4049	5.1049	6
206.6	24.3302	1206.6724	5.0971	6
206.65	24.3303	1206.8661	5.1134	6
206.7	24.3295	1207.7709	5.1126	6
206.75	24.3295	1207.6789	5.1138	6
206.8	24.3296	1207.3425	5.1268	6
206.85	24.3286	1207.3937	5.1277	6
206.9	24.3281	1207.2958	5.1193	6
206.95	24.3289	1206.3915	5.1137	6
207	24.3287	1206.823	5.1184	6
207.05	24.3288	1207.0983	5.1058	6
207.1	24.3295	1206.2833	5.115	6
207.15	24.3295	1206.2187	5.1289	6
207.2	24.3292	1206.6013	5.1238	6
207.25	24.3291	1206.7349	5.1103	6
207.3	24.3292	1206.8654	5.1023	6
207.35	24.3296	1206.4163	5.1015	6
207.4	24.3292	1207.1894	5.119	6
207.45	24.3291	1207.3907	5.1224	6
207.5	24.3296	1206.5298	5.1249	6
207.55	24.3288	1206.012	5.1259	6
207.6	24.3284	1205.6987	5.14	6
207.65	24.3284	1205.6124	5.1398	6
207.7	24.3282	1205.9631	5.1312	6
207.75	24.328	1206.2257	5.1214	6
207.8	24.3282	1206.2526	5.1219	6
207.85	24.3279	1206.8118	5.142	6
207.9	24.3282	1206.5179	5.1433	6
207.95	24.3279	1207.1227	5.1278	6
208	24.3272	1208.2534	5.1139	6
208.05	24.3279	1207.4581	5.1221	6
208.1	24.3278	1207.5637	5.1071	6
208.15	24.3264	1209.7013	5.0909	6
208.2	24.327	1208.973	5.1038	6
208.25	24.3277	1208.0565	5.1236	6
208.3	24.3259	1210.5128	5.1287	6
208.35	24.3258	1210.7765	5.1296	6
208.4	24.3269	1209.1897	5.1355	6
208.45	24.326	1210.7374	5.1339	6
208.5	24.3252	1211.7891	5.1179	6
208.55	24.3262	1209.0566	5.123	6
208.6	24.3255	1208.9865	5.1137	6
208.65	24.3245	1210.5488	5.0978	6
208.7	24.3247	1210.4596	5.0958	6
208.75	24.3253	1209.7621	5.1178	6
208.8	24.3246	1210.8578	5.1243	6
208.85	24.3243	1211.4568	5.1094	6
208.9	24.3252	1210.3795	5.1178	6
208.95	24.3252	1210.5344	5.1128	6
209	24.3246	1211.4365	5.1145	6
209.05	24.3248	1211.2504	5.1159	6
209.1	24.3249	1211.2996	5.1117	6
209.15	24.3247	1211.9518	5.1271	6
209.2	24.3247	1212.0227	5.1178	6
209.25	24.3251	1211.4708	5.1052	6
209.3	24.3249	1211.8628	5.1119	6
209.35	24.3245	1212.3532	5.1003	6
209.4	24.3248	1211.9697	5.1023	6
209.45	24.3249	1212.0195	5.1134	6
209.5	24.3243	1213.0679	5.1245	6
209.55	24.3245	1212.9186	5.1201	6
209.6	24.325	1212.3318	5.1107	6
209.65	24.3245	1213.1883	5.1176	6
209.7	24.3245	1213.4124	5.1116	6
209.75	24.3254	1212.3088	5.1029	6
209.8	24.3249	1212.9789	5.0918	6
209.85	24.3246	1213.5763	5.0802	6
209.9	24.3251	1213.0459	5.0816	6
209.95	24.325	1213.2115	5.0854	6
210	24.3246	1213.9496	5.0919	6
210.05	24.3248	1213.7493	5.1025	6
210.1	24.3254	1213.1317	5.1049	6
210.15	24.3251	1213.7892	5.1124	6
210.2	24.3253	1213.6301	5.115	6
210.25	24.3254	1213.3005	5.1038	6
210.3	24.3251	1213.7946	5.0926	6
210.35	24.3254	1213.5531	5.1065	6
210.4	24.3257	1213.2372	5.121	6
210.45	24.3256	1213.3759	5.1264	6
210.5	24.3259	1213.0966	5.1023	6
210.55	24.3264	1212.684	5.1025	6
210.6	24.3261	1213.2645	5.1126	6
210.65	24.3264	1213.0333	5.106	6
210.7	24.3262	1211.9794	5.1021	6
210.75	24.3255	1211.6778	5.0978	6
210.8	24.3254	1211.6206	5.1042	6
210.85	24.3254	1211.4813	5.0927	6
210.9	24.3255	1211.4944	5.0889	6
210.95	24.3251	1212.114	5.1036	6
211	24.3259	1211.0916	5.099	6
211.05	24.3258	1211.3191	5.1063	6
211.1	24.3255	1211.8942	5.1121	6
211.15	24.326	1211.3248	5.1195	6
211.2	24.3261	1211.455	5.1199	6
211.25	24.3258	1211.9935	5.1144	6
211.3	24.3259	1211.8177	5.1134	6
211.35	24.3261	1211.5145	5.1157	6
211.4	24.3258	1212.1991	5.1069	6
211.45	24.3262	1211.9695	5.1196	6
211.5	24.3263	1211.7904	5.1228	6
211.55	24.3261	1212.2827	5.1107	6
211.6	24.3264	1212.0052	5.0959	6
211.65	24.3263	1212.425	5.0931	6
211.7	24.3266	1212.0993	5.1067	6
211.75	24.3268	1211.7166	5.1125	6
211.8	24.3265	1212.5024	5.0996	6
211.85	24.3264	1212.734	5.0976	6
211.9	24.3271	1211.6346	5.1126	6
211.95	24.3267	1212.3283	5.1253	6
212	24.326	1213.5458	5.1262	6
212.05	24.3271	1211.9836	5.1094	6
212.1	24.3268	1211.1715	5.1178	6
212.15	24.3252	1212.0148	5.1184	6
212.2	24.3262	1210.701	5.099	6
212.25	24.3267	1209.9575	5.0959	6
212.3	24.325	1212.5152	5.0955	6
212.35	24.3257	1211.7652	5.1045	6
212.4	24.3266	1210.6006	5.1075	6
212.45	24.3252	1212.8545	5.1066	6
212.5	24.3255	1212.5257	5.102	6
212.55	24.3263	1211.3991	5.0879	6
212.6	24.3253	1212.8444	5.0951	6
212.65	24.3251	1213.3751	5.0975	6
212.7	24.3262	1212.0797	5.0954	6
212.75	24.3261	1212.2999	5.0913	6
212.8	24.3253	1213.3126	5.088	6
212.85	24.326	1212.3272	5.0899	6
212.9	24.3267	1211.5575	5.0908	6
212.95	24.3256	1213.3764	5.096	6
213	24.3258	1213.2305	5.0894	6
213.05	24.3268	1211.9685	5.0796	6
213.1	24.3256	1213.56	5.0711	6
213.15	24.3255	1213.8431	5.0821	6
213.2	24.3262	1212.9071	5.0858	6
213.25	24.3262	1213.1337	5.0813	6
213.3	24.3259	1213.6475	5.0717	6
213.35	24.3261	1213.5195	5.0741	6
213.4	24.3267	1212.9227	5.0857	6
213.45	24.3261	1213.6367	5.0864	6
213.5	24.3261	1213.8821	5.0978	6
213.55	24.3265	1213.464	5.0981	6
213.6	24.3261	1212.887	5.1057	6
213.65	24.3252	1212.3261	5.0976	6
213.7	24.3247	1212.7061	5.0758	6
213.75	24.3255	1211.8536	5.0706	6
213.8	24.3256	1211.6508	5.0767	6
213.85	24.3242	1213.7623	5.0723	6
213.9	24.3257	1212.0556	5.069	6
213.95	24.326	1211.5173	5.0764	6
214	24.3248	1213.5208	5.0903	6
214.05	24.3257	1212.3705	5.0959	6
214.1	24.3264	1211.3586	5.1008	6
214.15	24.3259	1212.2768	5.1175	6
214.2	24.3257	1212.9335	5.1081	6
214.25	24.327	1211.1266	5.1155	6
214.3	24.3267	1211.5994	5.1045	6
214.35	24.3258	1213.0742	5.1024	6
214.4	24.3273	1211.1618	5.1071	6
214.45	24.3272	1211.3494	5.0941	6
214.5	24.3265	1212.5262	5.0902	6
214.55	24.3275	1211.153	5.0764	6
214.6	24.3277	1211.1233	5.0771	6
214.65	24.3276	1211.6025	5.0787	6
214.7	24.3279	1210.9681	5.0721	6
214.75	24.328	1210.8679	5.0908	6
214.8	24.3278	1211.3112	5.0886	6
214.85	24.3283	1210.1823	5.077	6
214.9	24.3278	1209.4649	5.0811	6
214.95	24.3273	1209.7512	5.0815	6
215	24.3277	1208.9983	5.0903	6
215.05	24.3279	1208.7927	5.0872	6
215.1	24.327	1210.403	5.0913	6
215.15	24.3274	1209.9107	5.1074	6
215.2	24.3279	1209.2707	5.0976	6
215.25	24.327	1210.6724	5.0829	6
215.3	24.3269	1211.0057	5.077	6
215.35	24.3278	1209.8677	5.0592	6
215.4	24.327	1210.968	5.0697	6
215.45	24.3262	1212.1992	5.0918	6
215.5	24.3268	1211.4962	5.0793	6
215.55	24.3267	1211.752	5.0869	6
215.6	24.3257	1213.3903	5.0802	6
215.65	24.3259	1213.1209	5.0791	6
215.7	24.3265	1212.4407	5.072	6
215.75	24.3256	1213.9216	5.0761	6
215.8	24.3255	1214.2424	5.0819	6
215.85	24.3256	1213.9797	5.0538	6
215.9	24.3251	1214.7814	5.0496	6
215.95	24.3247	1215.3315	5.0575	6
216	24.3246	1215.4985	5.0738	6
216.05	24.3244	1216.0059	5.069	6
216.1	24.3245	1216.0367	5.057	6
216.15	24.324	1216.7263	5.0585	6
216.2	24.3237	1217.2257	5.0663	6
216.25	24.3239	1217.1607	5.0674	6
216.3	24.3234	1218.0118	5.0475	6
216.35	24.323	1218.6527	5.0313	6
216.4	24.3234	1217.9868	5.0567	6
216.45	24.3227	1219.0891	5.068	6
216.5	24.3227	1219.2314	5.0538	6
216.55	24.3228	1219.0884	5.0569	6
216.6	24.3224	1220.0192	5.0488	6
216.65	24.3227	1219.912	5.0666	6
216.7	24.3228	1219.8526	5.0817	6
216.75	24.3228	1219.9444	5.0925	6
216.8	24.3228	1220.2121	5.092	6
216.85	24.3225	1220.5498	5.0873	6
216.9	24.3228	1220.3116	5.0748	6
216.95	24.3227	1220.4854	5.0627	6
217	24.3222	1221.2204	5.0745	6
217.05	24.3227	1220.922	5.1022	6
217.1	24.3226	1221.0126	5.0845	6
217.15	24.3222	1221.5652	5.0798	6
217.2	24.3225	1221.2656	5.1021	6
217.25	24.3228	1220.9044	5.099	6
217.3	24.3224	1221.7601	5.0992	6
217.35	24.3226	1221.7057	5.0948	6
217.4	24.3229	1221.2099	5.082	6
217.45	24.3223	1222.1879	5.085	6
217.5	24.3228	1221.5835	5.0759	6
217.55	24.3227	1221.8757	5.067	6
217.6	24.3232	1221.2065	5.0705	6
217.65	24.3234	1220.9844	5.0692	6
217.7	24.3229	1222.0906	5.0614	6
217.75	24.3242	1220.3049	5.0622	6
217.8	24.3236	1221.0202	5.0663	6
217.85	24.3229	1222.337	5.0873	6
217.9	24.3242	1220.4548	5.0868	6
217.95	24.324	1220.9385	5.0758	6
218	24.3236	1221.4993	5.0601	6
218.05	24.3242	1220.6524	5.0622	6
218.1	24.3246	1220.1137	5.0795	6
218.15	24.3238	1221.5737	5.0872	6
218.2	24.3239	1221.4575	5.1017	6
218.25	24.3251	1219.8064	5.0938	6
218.3	24.3234	1222.2144	5.0701	6
218.35	24.3241	1221.2145	5.0829	6
218.4	24.3248	1220.3185	5.096	6
218.45	24.3239	1221.7865	5.0871	6
218.5	24.3248	1220.1859	5.0773	6
218.55	24.3239	1220.3472	5.0768	6
218.6	24.3242	1219.5628	5.0877	6
218.65	24.324	1219.3398	5.0853	6
218.7	24.3234	1220.1368	5.0851	6
218.75	24.3247	1218.3962	5.0929	6
218.8	24.3237	1219.7349	5.1114	6
218.85	24.3236	1220.1007	5.1151	6
218.9	24.3246	1218.8144	5.1012	6
218.95	24.3236	1220.3871	5.0993	6
219	24.3235	1220.5531	5.1143	6
219.05	24.324	1219.893	5.1023	6
219.1	24.3237	1220.5611	5.0835	6
219.15	24.3236	1220.9757	5.0945	6
219.2	24.3242	1220.025	5.1002	6
219.25	24.3233	1221.259	5.0954	6
219.3	24.3234	1221.4307	5.0788	6
219.35	24.3245	1219.7224	5.1084	6
219.4	24.323	1222.2184	5.1167	6
219.45	24.3234	1222.0333	5.1058	6
219.5	24.3252	1219.5138	5.1033	6
219.55	24.323	1222.821	5.0958	6
219.6	24.3233	1222.4778	5.1007	6
219.65	24.3249	1220.1432	5.1198	6
219.7	24.3226	1223.5789	5.121	6
219.75	24.3229	1223.3817	5.1223	6
219.8	24.3246	1221.2562	5.1116	6
219.85	24.3232	1223.2378	5.1044	6
219.9	24.3226	1224.3387	5.1166	6
219.95	24.3247	1221.1652	5.1196	6
220	24.3233	1223.1246	5.1032	6
220.05	24.3224	1224.7885	5.09	6
220.1	24.3242	1222.1048	5.082	6
220.15	24.3236	1223.238	5.0915	6
220.2	24.3227	1224.8989	5.1095	6
220.25	24.324	1223.0634	5.1203	6
220.3	24.3239	1223.2111	5.1011	6
220.35	24.3235	1224.0493	5.104	6
220.4	24.3242	1223.1339	5.1135	6
220.45	24.3244	1222.932	5.1192	6
220.5	24.3239	1223.7666	5.1099	6
220.55	24.3239	1223.8995	5.0849	6
220.6	24.3249	1222.6449	5.0928	6
220.65	24.3244	1223.549	5.108	6
220.7	24.324	1224.1782	5.0944	6
220.75	24.3253	1222.5452	5.0916	6
220.8	24.3251	1222.8934	5.0909	6
220.85	24.3244	1224.1143	5.0939	6
220.9	24.3257	1222.5159	5.1046	6
220.95	24.3263	1221.7709	5.0957	6
221	24.3248	1224.1749	5.1045	6
221.05	24.3257	1223.1262	5.1036	6
221.1	24.327	1221.14	5.0904	6
221.15	24.3255	1223.2742	5.0782	6
221.2	24.3251	1223.9981	5.0776	6
221.25	24.3273	1220.8128	5.0858	6
221.3	24.3263	1222.3186	5.0893	6
221.35	24.3253	1224.06	5.0863	6
221.4	24.3271	1221.6377	5.0926	6
221.45	24.3272	1221.4489	5.0928	6
221.5	24.3258	1223.696	5.0825	6
221.55	24.3267	1222.4787	5.0948	6
221.6	24.3276	1221.3121	5.1166	6
221.65	24.3263	1223.5396	5.1289	6
221.7	24.3264	1222.8789	5.1179	6
221.75	24.3272	1220.1323	5.1046	6
221.8	24.3261	1220.9857	5.094	6
221.85	24.3259	1221.4336	5.094	6
221.9	24.3272	1219.6621	5.1155	6
221.95	24.3263	1221.0324	5.1083	6
222	24.3261	1221.4687	5.1076	6
222.05	24.327	1220.3075	5.126	6
222.1	24.3262	1221.3527	5.1171	6
222.15	24.3265	1221.2032	5.1005	6
222.2	24.3265	1221.386	5.1073	6
222.25	24.3267	1220.8263	5.1128	6
222.3	24.3264	1221.401	5.1063	6
222.35	24.326	1222.3762	5.103	6
222.4	24.3273	1220.6719	5.1077	6
222.45	24.3263	1222.1552	5.1202	6
222.5	24.3264	1221.9154	5.1236	6
222.55	24.3266	1221.7087	5.1173	6
222.6	24.3264	1222.1205	5.112	6
222.65	24.3273	1221.1038	5.112	6
222.7	24.3264	1222.5946	5.1138	6
222.75	24.3267	1221.9382	5.1097	6
222.8	24.327	1221.7168	5.1252	6
222.85	24.3268	1222.2505	5.1158	6
222.9	24.3267	1222.007	5.1056	6
222.95	24.3267	1220.7113	5.115	6
223	24.3261	1220.1682	5.1098	6
223.05	24.3257	1220.5851	5.1149	6
223.1	24.326	1220.3093	5.1383	6
223.15	24.3258	1220.5535	5.1314	6
223.2	24.3255	1221.4815	5.1225	6
223.25	24.3255	1221.5569	5.11	6
223.3	24.3259	1220.8979	5.0942	6
223.35	24.3253	1221.8416	5.0886	6
223.4	24.3244	1223.181	5.0901	6
223.45	24.3261	1220.8505	5.1044	6
223.5	24.3255	1221.7633	5.0962	6
223.55	24.3237	1224.4615	5.0986	6
223.6	24.3258	1221.5206	5.1039	6
223.65	24.3256	1221.9126	5.1066	6
223.7	24.3239	1224.6191	5.1033	6
223.75	24.3246	1223.7073	5.1015	6
223.8	24.3254	1222.4878	5.0842	6
223.85	24.3242	1224.4902	5.0891	6
223.9	24.3237	1225.6959	5.0912	6
223.95	24.3256	1222.9761	5.0952	6
224	24.3247	1224.1454	5.0958	6
224.05	24.3233	1226.1795	5.0973	6
224.1	24.325	1224.0121	5.1012	6
224.15	24.3251	1223.9504	5.1005	6
224.2	24.3239	1225.7226	5.0923	6
224.25	24.3239	1225.9729	5.089	6
224.3	24.3251	1223.9518	5.0868	6
224.35	24.3242	1225.2821	5.0898	6
224.4	24.323	1227.3516	5.0597	6
224.45	24.3252	1224.4367	5.0752	6
224.5	24.325	1224.7121	5.0984	6
224.55	24.3232	1227.2118	5.0873	6
224.6	24.3246	1225.3715	5.0801	6
224.65	24.3256	1224.2004	5.0725	6
224.7	24.3238	1226.6978	5.0804	6
224.75	24.3242	1226.2936	5.078	6
224.8	24.3255	1224.4431	5.0726	6
224.85	24.3243	1226.3503	5.0805	6
224.9	24.3241	1226.5509	5.0737	6
224.95	24.3252	1225.0532	5.0846	6
225	24.3245	1226.2161	5.0892	6
225.05	24.3247	1225.8173	5.0983	6
225.1	24.3251	1225.4255	5.0808	6
225.15	24.3243	1226.8481	5.0654	6
225.2	24.3251	1225.688	5.0764	6
225.25	24.3245	1226.4653	5.0703	6
225.3	24.324	1227.5056	5.0608	6
225.35	24.3253	1225.5766	5.0624	6
225.4	24.3244	1226.8835	5.0485	6
225.45	24.3238	1228.1037	5.0567	6
225.5	24.3254	1224.6688	5.0747	6
225.55	24.3239	1225.162	5.0755	6
225.6	24.3225	1227.0265	5.0813	6
225.65	24.3245	1224.4849	5.0616	6
225.7	24.3245	1224.6212	5.0441	6
225.75	24.3227	1227.2482	5.0556	6
225.8	24.3238	1225.853	5.0637	6
225.85	24.3246	1224.5813	5.0728	6
225.9	24.3234	1226.4319	5.0798	6
225.95	24.3233	1226.7164	5.0897	6
226	24.3256	1223.4178	5.0958	6
226.05	24.3247	1224.7949	5.082	6
226.1	24.3236	1226.5774	5.0734	6
226.15	24.327	1222.0801	5.0814	6
226.2	24.3269	1222.5817	5.0818	6
226.25	24.3258	1224.3481	5.0925	6
226.3	24.3278	1221.5483	5.1006	6
226.35	24.3286	1220.4126	5.1008	6
226.4	24.3272	1222.6255	5.0734	6
226.45	24.3283	1221.2871	5.0665	6
226.5	24.3286	1220.7966	5.0749	6
226.55	24.328	1221.7438	5.0597	6
226.6	24.328	1221.4985	5.0656	6
226.65	24.3281	1221.573	5.0846	6
226.7	24.3289	1220.854	5.073	6
226.75	24.3286	1221.2598	5.0597	6
226.8	24.3288	1221.4755	5.0412	6
226.85	24.3289	1220.8653	5.0479	6
226.9	24.329	1219.0443	5.0584	6
226.95	24.3279	1219.6716	5.061	6
227	24.328	1219.4741	5.0626	6
227.05	24.329	1218.2524	5.0477	6
227.1	24.3277	1220.0638	5.037	6
227.15	24.3279	1219.8816	5.048	6
227.2	24.3286	1218.8461	5.0556	6
227.25	24.3281	1219.5339	5.076	6
227.3	24.3277	1220.5383	5.0859	6
227.35	24.3282	1219.8867	5.0741	6
227.4	24.3286	1219.4789	5.0823	6
227.45	24.3272	1221.3674	5.0789	6
227.5	24.3267	1222.3555	5.0724	6
227.55	24.3282	1220.1549	5.0473	6
227.6	24.3272	1221.4995	5.0343	6
227.65	24.3257	1223.9505	5.037	6
227.7	24.3272	1221.7183	5.0323	6
227.75	24.3274	1220.6518	5.0598	6
227.8	24.3249	1222.7553	5.0625	6
227.85	24.3253	1221.7033	5.0496	6
227.9	24.3263	1220.2797	5.0543	6
227.95	24.3247	1222.6122	5.0568	6
228	24.3248	1222.4972	5.0583	6
228.05	24.3258	1221.2048	5.0616	6
228.1	24.3243	1223.4161	5.0574	6
228.15	24.325	1222.4834	5.0497	6
228.2	24.3251	1222.509	5.0507	6
228.25	24.3237	1224.6721	5.0621	6
228.3	24.3248	1223.0794	5.0691	6
228.35	24.3243	1223.9149	5.0681	6
228.4	24.3234	1225.3479	5.0875	6
228.45	24.325	1223.2966	5.0764	6
228.5	24.3241	1224.603	5.0683	6
228.55	24.3234	1225.6819	5.0689	6
228.6	24.3253	1223.2215	5.0601	6
228.65	24.3239	1224.8688	5.0634	6
228.7	24.3231	1226.3664	5.069	6
228.75	24.3247	1224.1638	5.0707	6
228.8	24.3244	1224.4323	5.0683	6
228.85	24.3232	1226.5033	5.0551	6
228.9	24.324	1225.5056	5.062	6
228.95	24.3247	1224.4722	5.0639	6
229	24.323	1227.1876	5.0566	6
229.05	24.3232	1226.9885	5.0535	6
229.1	24.3245	1225.175	5.0435	6
229.15	24.3227	1227.6695	5.0465	6
229.2	24.3233	1227.1265	5.0525	6
229.25	24.3245	1225.5756	5.066	6
229.3	24.323	1227.7223	5.0818	6
229.35	24.3229	1227.9153	5.076	6
229.4	24.3237	1226.9872	5.0708	6
229.45	24.323	1228.1443	5.0714	6
229.5	24.3222	1229.1801	5.0644	6
229.55	24.3224	1228.8871	5.068	6
229.6	24.3233	1227.9743	5.0749	6
229.65	24.3218	1229.9322	5.0791	6
229.7	24.3218	1230.289	5.0804	6
229.75	24.3234	1228.374	5.0676	6
229.8	24.3217	1230.6984	5.059	6
229.85	24.3212	1231.4449	5.0641	6
229.9	24.3227	1229.4971	5.0588	6
229.95	24.3219	1230.491	5.0625	6
230	24.3209	1231.9714	5.0786	6
230.05	24.3219	1230.6636	5.0751	6
230.1	24.3223	1230.2048	5.0621	6
230.15	24.3211	1232.2475	5.0601	6
230.2	24.3213	1232.0838	5.067	6
230.25	24.322	1231.1187	5.0625	6
230.3	24.3214	1232.2159	5.059	6
230.35	24.3208	1232.993	5.0657	6
230.4	24.3213	1232.6774	5.0611	6
230.45	24.3214	1232.476	5.0566	6
230.5	24.3209	1232.935	5.0603	6
230.55	24.3199	1234.6738	5.0676	6
230.6	24.3215	1233.7043	5.0856	6
230.65	24.3217	1234.5212	5.0747	6
230.7	24.3202	1237.1652	5.0519	6
230.75	24.3214	1236.0272	5.0665	6
230.8	24.3222	1235.0132	5.0758	6
230.85	24.3205	1237.3896	5.0847	6
230.9	24.3209	1237.0728	5.0827	6
230.95	24.322	1235.6706	5.0771	6
231	24.3211	1236.9934	5.0695	6
231.05	24.3202	1238.2149	5.0663	6
231.1	24.3219	1236.1157	5.0644	6
231.15	24.3217	1236.4566	5.0779	6
231.2	24.3201	1238.6869	5.073	6
231.25	24.3217	1236.7709	5.0754	6
231.3	24.3216	1236.81	5.0873	6
231.35	24.3208	1237.9277	5.0755	6
231.4	24.3209	1237.9868	5.0736	6
231.45	24.3214	1237.5222	5.0902	6
231.5	24.3217	1237.1072	5.1004	6
231.55	24.3204	1238.781	5.0882	6
231.6	24.3205	1238.8526	5.068	6
231.65	24.3223	1236.3761	5.0562	6
231.7	24.3204	1239.0408	5.0818	6
231.75	24.32	1239.7661	5.0981	6
231.8	24.3225	1236.2688	5.0789	6
231.85	24.3206	1239.0115	5.0732	6
231.9	24.3203	1239.5401	5.0679	6
231.95	24.3226	1236.3616	5.0938	6
232	24.3211	1238.6225	5.0974	6
232.05	24.3207	1239.1777	5.0751	6
232.1	24.3218	1237.6206	5.0969	6
232.15	24.3213	1238.3801	5.1005	6
232.2	24.3201	1240.2016	5.0873	6
232.25	24.3208	1239.4345	5.0968	6
232.3	24.3217	1238.2112	5.0955	6
232.35	24.3199	1241.0104	5.0876	6
232.4	24.3202	1240.5906	5.066	6
232.45	24.3214	1238.8954	5.0701	6
232.5	24.3202	1240.6866	5.089	6
232.55	24.3195	1242.6664	5.074	6
232.6	24.3218	1241.1139	5.0733	6
232.65	24.3217	1241.9757	5.0784	6
232.7	24.3203	1244.2117	5.0682	6
232.75	24.3221	1241.4848	5.0687	6
232.8	24.3228	1240.524	5.0536	6
232.85	24.3211	1243.2124	5.064	6
232.9	24.3224	1241.6231	5.0773	6
232.95	24.324	1239.5193	5.0601	6
233	24.3223	1241.9152	5.0719	6
233.05	24.323	1241.0383	5.0949	6
233.1	24.3241	1239.4479	5.0795	6
233.15	24.3237	1240.236	5.0724	6
233.2	24.3242	1239.8554	5.0834	6
233.25	24.3249	1238.7929	5.0933	6
233.3	24.3245	1239.6666	5.1076	6
233.35	24.3255	1238.4647	5.1099	6
233.4	24.3259	1237.0973	5.0864	6
233.45	24.3251	1236.7325	5.0734	6
233.5	24.3257	1235.4652	5.0827	6
233.55	24.3268	1234.0663	5.0692	6
233.6	24.3258	1235.4601	5.0585	6
233.65	24.3255	1235.9974	5.0522	6
233.7	24.3278	1232.9711	5.0609	6
233.75	24.3273	1233.886	5.0849	6
233.8	24.3263	1235.5662	5.0844	6
233.85	24.3289	1232.2449	5.0829	6
233.9	24.3294	1231.4769	5.0879	6
233.95	24.3271	1234.8483	5.0673	6
234	24.3288	1232.6116	5.0568	6
234.05	24.3307	1229.7488	5.0572	6
234.1	24.3281	1233.2515	5.054	6
234.15	24.3286	1232.8144	5.0552	6
234.2	24.3313	1229.3718	5.0455	6
234.25	24.3296	1231.7902	5.0523	6
234.3	24.3292	1231.8704	5.0404	6
234.35	24.3307	1228.2167	5.0323	6
234.4	24.3299	1228.8115	5.0549	6
234.45	24.3293	1229.7417	5.0558	6
234.5	24.33	1228.8358	5.0493	6
234.55	24.3296	1229.2657	5.0451	6
234.6	24.3296	1229.2773	5.05	6
234.65	24.3295	1229.5424	5.0689	6
234.7	24.3296	1229.3718	5.0704	6
234.75	24.3305	1228.3297	5.0594	6
234.8	24.3298	1229.568	5.0581	6
234.85	24.3307	1228.4723	5.0589	6
234.9	24.3308	1227.6627	5.0624	6
234.95	24.3295	1227.7609	5.0741	6
235	24.3298	1226.6234	5.0692	6
235.05	24.3298	1226.4174	5.0676	6
235.1	24.3292	1227.4763	5.0687	6
235.15	24.3297	1226.9595	5.0633	6
235.2	24.33	1226.4525	5.0525	6
235.25	24.3299	1226.6411	5.0576	6
235.3	24.329	1228.0174	5.0571	6
235.35	24.33	1226.9673	5.0522	6
235.4	24.3303	1226.567	5.0664	6
235.45	24.3296	1227.6144	5.071	6
235.5	24.3299	1227.2387	5.074	6
235.55	24.3305	1225.4949	5.0952	6
235.6	24.3296	1225.4192	5.0796	6
235.65	24.3295	1225.5281	5.0689	6
235.7	24.3306	1224.0511	5.0687	6
235.75	24.3304	1224.441	5.0814	6
235.8	24.3297	1225.4127	5.105	6
235.85	24.3305	1224.3812	5.0992	6
235.9	24.3315	1222.8717	5.0911	6
235.95	24.3302	1225.0504	5.0745	6
236	24.3308	1224.3087	5.0649	6
236.05	24.3323	1222.2935	5.0709	6
236.1	24.3307	1224.2919	5.0637	6
236.15	24.3306	1222.5759	5.0699	6
236.2	24.3316	1220.5738	5.0839	6
236.25	24.3311	1221.4065	5.0883	6
236.3	24.3306	1222.3236	5.103	6
236.35	24.3313	1221.1717	5.1021	6
236.4	24.3317	1220.8934	5.106	6
236.45	24.3309	1222.001	5.1029	6
236.5	24.3313	1221.4266	5.0926	6
236.55	24.3316	1221.1337	5.1062	6
236.6	24.331	1222.0623	5.1105	6
236.65	24.3314	1220.2523	5.0967	6
236.7	24.3306	1219.9096	5.1012	6
236.75	24.3307	1219.9619	5.1037	6
236.8	24.3319	1218.4596	5.0973	6
236.85	24.3305	1220.2719	5.0936	6
236.9	24.3307	1220.4363	5.0995	6
236.95	24.3322	1218.3136	5.1075	6
237	24.3311	1219.8173	5.1025	6
237.05	24.3307	1220.9436	5.116	6
237.1	24.3327	1218.2688	5.1177	6
237.15	24.3323	1217.3868	5.098	6
237.2	24.33	1218.922	5.0897	6
237.25	24.3316	1216.5718	5.0794	6
237.3	24.3322	1215.7565	5.0854	6
237.35	24.3297	1219.432	5.0972	6
237.4	24.3313	1217.3021	5.0906	6
237.45	24.332	1216.2784	5.0959	6
237.5	24.3296	1219.6756	5.0805	6
237.55	24.3308	1218.0023	5.077	6
237.6	24.3313	1217.4551	5.0801	6
237.65	24.3302	1219.1144	5.0807	6
237.7	24.3305	1217.5437	5.0971	6
237.75	24.3294	1217.6675	5.1044	6
237.8	24.3295	1217.4753	5.082	6
237.85	24.33	1216.7566	5.0783	6
237.9	24.3289	1218.487	5.0783	6
237.95	24.33	1217.2369	5.0731	6
238	24.3305	1216.6974	5.0812	6
238.05	24.3294	1218.1324	5.0943	6
238.1	24.3297	1217.8066	5.0853	6
238.15	24.3302	1217.0695	5.0816	6
238.2	24.3299	1217.7029	5.1052	6
238.25	24.3299	1217.9463	5.1202	6
238.3	24.3306	1216.2289	5.1127	6
238.35	24.3302	1215.0952	5.0981	6
238.4	24.3289	1216.2731	5.1003	6
238.45	24.3301	1214.7398	5.1159	6
238.5	24.3304	1214.2486	5.1214	6
238.55	24.329	1216.5376	5.1047	6
238.6	24.3296	1215.7965	5.1065	6
238.65	24.3308	1213.9122	5.108	6
238.7	24.3301	1215.2529	5.1019	6
238.75	24.3294	1216.4945	5.1072	6
238.8	24.3314	1213.4891	5.0992	6
238.85	24.3309	1214.5344	5.0917	6
238.9	24.3294	1216.3286	5.0756	6
238.95	24.3304	1213.1631	5.0701	6
239	24.3299	1212.8438	5.09	6
239.05	24.3284	1215.1151	5.099	6
239.1	24.3295	1213.5361	5.0972	6
239.15	24.3298	1213.0482	5.0877	6
239.2	24.3285	1215.1845	5.0787	6
239.25	24.3298	1213.3996	5.0771	6
239.3	24.3293	1214.0886	5.0891	6
239.35	24.3278	1216.3464	5.0958	6
239.4	24.3292	1214.3957	5.0992	6
239.45	24.3283	1215.6061	5.0992	6
239.5	24.3269	1217.6654	5.1057	6
239.55	24.3288	1214.9828	5.1046	6
239.6	24.3284	1215.3573	5.0972	6
239.65	24.3264	1217.3256	5.0913	6
239.7	24.3274	1214.1577	5.0918	6
239.75	24.328	1212.9691	5.1034	6
239.8	24.3255	1216.4853	5.09	6
239.85	24.326	1216.1149	5.0876	6
239.9	24.3284	1212.6946	5.1047	6
239.95	24.3255	1216.743	5.0992	6
240	24.325	1217.7862	5.1004	6
240.05	24.328	1213.4344	5.1126	6
240.1	24.3259	1216.3714	5.1326	6
240.15	24.3244	1218.7007	5.1349	6
240.2	24.3269	1215.3926	5.1221	6
240.25	24.3267	1215.7988	5.1044	6
240.3	24.3243	1219.279	5.1113	6
240.35	24.3258	1217.2426	5.1098	6
240.4	24.3272	1215.1944	5.1135	6
240.45	24.324	1219.7709	5.0951	6
240.5	24.325	1218.3242	5.0914	6
240.55	24.3264	1216.1406	5.1097	6
240.6	24.3244	1219.2763	5.1123	6
240.65	24.3251	1218.483	5.1122	6
240.7	24.3262	1217.1043	5.1001	6
240.75	24.3251	1218.8354	5.0934	6
240.8	24.3253	1218.7655	5.1084	6
240.85	24.3254	1218.5351	5.1152	6
240.9	24.3242	1220.2611	5.1263	6
240.95	24.3247	1219.7357	5.136	6
241	24.3247	1219.4512	5.1281	6
241.05	24.3238	1220.9604	5.1221	6
241.1	24.3242	1220.627	5.125	6
241.15	24.325	1219.2854	5.124	6
241.2	24.3243	1220.5238	5.1144	6
241.25	24.3237	1221.3435	5.1225	6
241.3	24.3247	1220.2137	5.1279	6
241.35	24.3243	1220.7112	5.1381	6
241.4	24.3236	1221.8996	5.1573	6
241.45	24.3248	1220.5428	5.1465	6
241.5	24.325	1220.3958	5.1374	6
241.55	24.3237	1222.1944	5.1227	6
241.6	24.3247	1220.3137	5.1127	6
241.65	24.3246	1218.8158	5.1201	6
241.7	24.3231	1220.6436	5.1105	6
241.75	24.3237	1219.88	5.099	6
241.8	24.3255	1217.3574	5.1024	6
241.85	24.3239	1219.7882	5.106	6
241.9	24.3238	1220.0711	5.129	6
241.95	24.3261	1216.9285	5.1419	6
242	24.3243	1219.4729	5.1428	6
242.05	24.3235	1220.7722	5.1371	6
242.1	24.3255	1217.8788	5.1269	6
242.15	24.3242	1219.7042	5.113	6
242.2	24.3231	1221.3544	5.128	6
242.25	24.3256	1217.9258	5.1428	6
242.3	24.3243	1219.5515	5.1309	6
242.35	24.323	1221.574	5.1392	6
242.4	24.3246	1219.2157	5.1374	6
242.45	24.3245	1219.5465	5.1238	6
242.5	24.323	1222.1653	5.1216	6
242.55	24.3244	1220.1616	5.1422	6
242.6	24.325	1219.4038	5.1537	6
242.65	24.3238	1221.3346	5.135	6
242.7	24.3241	1220.9192	5.1238	6
242.75	24.3252	1219.3979	5.1193	6
242.8	24.3242	1220.7787	5.1229	6
242.85	24.3235	1221.6416	5.1207	6
242.9	24.3251	1219.6202	5.1199	6
242.95	24.3249	1219.9713	5.1265	6
243	24.324	1221.2168	5.1086	6
243.05	24.3249	1220.0124	5.1112	6
243.1	24.3257	1218.8957	5.118	6
243.15	24.3237	1221.7879	5.1093	6
243.2	24.3242	1221.4243	5.1102	6
243.25	24.3256	1219.2536	5.1108	6
243.3	24.3238	1222.0923	5.1135	6
243.35	24.3234	1222.6497	5.1208	6
243.4	24.3251	1220.3039	5.1084	6
243.45	24.324	1221.7554	5.1013	6
243.5	24.3227	1223.6694	5.0888	6
243.55	24.3242	1221.6849	5.0843	6
243.6	24.3236	1222.522	5.1024	6
243.65	24.3222	1224.5983	5.121	6
243.7	24.3232	1223.1149	5.1268	6
243.75	24.3228	1223.7793	5.1199	6
243.8	24.3223	1224.7806	5.1276	6
243.85	24.3225	1224.8105	5.1341	6
243.9	24.3229	1224.3402	5.1305	6
243.95	24.3226	1224.8986	5.1294	6
244	24.3221	1225.7911	5.1263	6
244.05	24.3225	1225.3068	5.1223	6
244.1	24.3225	1225.359	5.1242	6
244.15	24.3217	1226.2437	5.1189	6
244.2	24.3217	1226.2971	5.1161	6
244.25	24.3219	1226.39	5.0994	6
244.3	24.3218	1226.5744	5.099	6
244.35	24.3213	1227.1338	5.109	6
244.4	24.3208	1228.0984	5.1029	6
244.45	24.3212	1227.4672	5.1057	6
244.5	24.3207	1228.2302	5.1065	6
244.55	24.3197	1229.5016	5.113	6
244.6	24.3201	1228.8808	5.1195	6
244.65	24.3206	1228.2373	5.1074	6
244.7	24.3193	1230.2242	5.1033	6
244.75	24.3195	1229.9484	5.1192	6
244.8	24.3203	1228.8571	5.1185	6
244.85	24.3194	1230.2514	5.1122	6
244.9	24.3194	1231.385	5.1003	6
244.95	24.3202	1231.7963	5.0937	6
245	24.3203	1232.1658	5.0957	6
245.05	24.3198	1232.965	5.0891	6
245.1	24.32	1232.7542	5.0966	6
245.15	24.3206	1232.0819	5.1083	6
245.2	24.3197	1233.311	5.1225	6
245.25	24.3198	1233.1416	5.131	6
245.3	24.3211	1231.4984	5.1197	6
245.35	24.3193	1234.0904	5.1229	6
245.4	24.3197	1233.4381	5.1157	6
245.45	24.3206	1232.022	5.1165	6
245.5	24.319	1234.5901	5.1294	6
245.55	24.3193	1234.1583	5.1297	6
245.6	24.3204	1232.4445	5.1205	6
245.65	24.3196	1233.8068	5.1199	6
245.7	24.3198	1233.9701	5.1123	6
245.75	24.3205	1232.832	5.1143	6
245.8	24.32	1233.7286	5.1136	6
245.85	24.3197	1234.0591	5.1163	6
245.9	24.3204	1233.2357	5.1316	6
245.95	24.32	1233.9095	5.1247	6
246	24.3201	1233.9506	5.1113	6
246.05	24.321	1232.9443	5.112	6
246.1	24.3207	1233.2499	5.1139	6
246.15	24.3197	1234.7308	5.128	6
246.2	24.3212	1232.6678	5.141	6
246.25	24.3209	1233.3789	5.1254	6
246.3	24.3201	1236.5223	5.1307	6
246.35	24.3218	1235.2598	5.1231	6
246.4	24.3226	1234.3053	5.1273	6
246.45	24.3209	1236.5674	5.1261	6
246.5	24.3216	1235.841	5.1369	6
246.55	24.3232	1233.7405	5.1348	6
246.6	24.3218	1235.8393	5.1126	6
246.65	24.3213	1236.6797	5.1103	6
246.7	24.3232	1234.2086	5.1154	6
246.75	24.3228	1234.5937	5.1262	6
246.8	24.3212	1236.9941	5.1225	6
246.85	24.3233	1234.3058	5.1085	6
246.9	24.324	1233.3152	5.1118	6
246.95	24.322	1235.9855	5.1172	6
247	24.3237	1233.7243	5.1103	6
247.05	24.3246	1232.7184	5.0952	6
247.1	24.323	1234.7314	5.0961	6
247.15	24.3239	1233.5344	5.114	6
247.2	24.3247	1232.6983	5.098	6
247.25	24.3237	1234.3557	5.1089	6
247.3	24.3248	1232.9945	5.1014	6
247.35	24.3252	1232.3834	5.1039	6
247.4	24.324	1234.128	5.1348	6
247.45	24.325	1232.9095	5.128	6
247.5	24.3256	1232.062	5.1049	6
247.55	24.3244	1233.6442	5.1006	6
247.6	24.3247	1232.9572	5.0891	6
247.65	24.325	1230.8613	5.1107	6
247.7	24.3237	1231.5639	5.1166	6
247.75	24.3238	1231.6267	5.1109	6
247.8	24.3242	1230.9927	5.1198	6
247.85	24.3237	1231.6245	5.1203	6
247.9	24.3234	1232.2011	5.1163	6
247.95	24.3244	1230.9604	5.1045	6
248	24.3238	1231.7847	5.1033	6
248.05	24.3236	1232.2075	5.1118	6
248.1	24.3245	1231.224	5.1216	6
248.15	24.3242	1231.7	5.1234	6
248.2	24.3233	1232.9641	5.1202	6
248.25	24.3241	1231.8939	5.1169	6
248.3	24.3246	1231.3204	5.1129	6
248.35	24.3232	1233.1764	5.1052	6
248.4	24.3241	1232.1622	5.1092	6
248.45	24.3254	1230.4733	5.116	6
248.5	24.3237	1232.5868	5.1168	6
248.55	24.3238	1232.7308	5.122	6
248.6	24.3254	1230.568	5.1088	6
248.65	24.325	1230.9448	5.0909	6
248.7	24.3237	1232.8709	5.0827	6
248.75	24.326	1229.964	5.0803	6
248.8	24.3262	1229.6889	5.103	6
248.85	24.3243	1232.5624	5.1077	6
248.9	24.3262	1230.0733	5.1088	6
248.95	24.3264	1229.8195	5.1004	6
249	24.3246	1232.2807	5.081	6
249.05	24.3258	1230.9377	5.0807	6
249.1	24.3268	1229.6154	5.0918	6
249.15	24.3254	1231.6515	5.1169	6
249.2	24.3258	1231.2984	5.1297	6
249.25	24.3271	1229.6112	5.1159	6
249.3	24.3259	1231.1034	5.1104	6
249.35	24.3253	1232.059	5.1016	6
249.4	24.327	1229.8523	5.0987	6
249.45	24.3266	1230.3472	5.1122	6
249.5	24.3255	1231.9665	5.1117	6
249.55	24.3273	1229.6232	5.1128	6
249.6	24.3276	1229.2521	5.1299	6
249.65	24.3267	1230.7199	5.1361	6
249.7	24.3279	1229.2056	5.1446	6
249.75	24.3281	1227.5217	5.1331	6
249.8	24.327	1227.7749	5.1192	6
249.85	24.3271	1227.682	5.1184	6
249.9	24.3282	1226.2935	5.1214	6
249.95	24.328	1226.6268	5.1124	6
250	24.3277	1227.2302	5.1058	6
250.05	24.3286	1226.0178	5.1138	6
250.1	24.329	1225.7514	5.1145	6
250.15	24.3284	1226.6065	5.1052	6
250.2	24.3295	1225.0004	5.1054	6
250.25	24.3298	1224.6134	5.0962	6
250.3	24.3293	1225.5773	5.106	6
250.35	24.3305	1224.0303	5.1022	6
250.4	24.331	1223.1775	5.1033	6
250.45	24.3294	1225.1391	5.12	6
250.5	24.3297	1223.3248	5.1169	6
250.55	24.3307	1220.7956	5.1313	6
250.6	24.3292	1223.0832	5.1381	6
250.65	24.3291	1223.4856	5.1081	6
250.7	24.331	1220.6758	5.1019	6
250.75	24.3299	1222.3024	5.1075	6
250.8	24.3295	1223.0158	5.0974	6
250.85	24.3306	1221.4209	5.0857	6
250.9	24.3304	1221.7305	5.0713	6
250.95	24.3294	1223.3399	5.0853	6
251	24.3303	1222.2158	5.1016	6
251.05	24.3306	1221.5427	5.1045	6
251.1	24.3292	1222.0612	5.1001	6
251.15	24.329	1221.0029	5.1101	6
251.2	24.3292	1220.5265	5.1087	6
251.25	24.3284	1221.9453	5.1043	6
251.3	24.3278	1222.9944	5.1032	6
251.35	24.3285	1222.0532	5.1093	6
251.4	24.3277	1223.0696	5.1075	6
251.45	24.3269	1224.4673	5.1111	6
251.5	24.328	1223.0994	5.1124	6
251.55	24.3278	1223.3158	5.0901	6
251.6	24.327	1224.7505	5.0883	6
251.65	24.3271	1224.4745	5.0907	6
251.7	24.3277	1223.6261	5.0972	6
251.75	24.3264	1225.6445	5.1007	6
251.8	24.3262	1225.9346	5.1014	6
251.85	24.327	1224.7872	5.1157	6
251.9	24.3262	1225.8206	5.1096	6
251.95	24.3257	1226.6457	5.0933	6
252	24.3264	1225.7177	5.0876	6
252.05	24.3262	1225.5044	5.1042	6
252.1	24.3251	1225.348	5.1112	6
252.15	24.325	1224.7073	5.097	6
252.2	24.3252	1224.5098	5.0932	6
252.25	24.3244	1225.5489	5.1015	6
252.3	24.3248	1225.1069	5.1017	6
252.35	24.3251	1224.6612	5.1052	6
252.4	24.3241	1226.2304	5.1154	6
252.45	24.3246	1225.5552	5.0918	6
252.5	24.3249	1225.0091	5.0898	6
252.55	24.3238	1226.5786	5.1082	6
252.6	24.3245	1225.7803	5.1109	6
252.65	24.3251	1225.1146	5.1095	6
252.7	24.3246	1226.0458	5.1056	6
252.75	24.3245	1226.3311	5.1101	6
252.8	24.3253	1225.3625	5.1131	6
252.85	24.3248	1226.2475	5.1193	6
252.9	24.3241	1227.1421	5.1127	6
252.95	24.3245	1226.4539	5.097	6
253	24.325	1225.8611	5.1089	6
253.05	24.3245	1226.9389	5.1413	6
253.1	24.325	1226.4136	5.1287	6
253.15	24.3255	1225.7508	5.1152	6
253.2	24.3247	1227.1069	5.129	6
253.25	24.3251	1226.5535	5.1344	6
253.3	24.3254	1226.143	5.1222	6
253.35	24.3246	1227.2968	5.1235	6
253.4	24.3251	1226.7419	5.1183	6
253.45	24.3261	1225.6198	5.1122	6
253.5	24.3256	1226.3049	5.1089	6
253.55	24.3256	1226.5048	5.101	6
253.6	24.3263	1225.5758	5.0995	6
253.65	24.3264	1225.4127	5.1021	6
253.7	24.326	1226.2662	5.1225	6
253.75	24.3268	1225.3278	5.1202	6
253.8	24.3272	1224.9068	5.0984	6
253.85	24.3271	1225.2874	5.0908	6
253.9	24.3272	1225.0908	5.112	6
253.95	24.3275	1224.7399	5.1152	6
254	24.327	1224.8681	5.1003	6
254.05	24.3266	1223.7111	5.0988	6
254.1	24.3264	1223.321	5.1047	6
254.15	24.326	1224.0344	5.1239	6
254.2	24.3266	1223.4601	5.121	6
254.25	24.3269	1223.0871	5.1185	6
254.3	24.3266	1223.5511	5.0993	6
254.35	24.3266	1223.3	5.0813	6
254.4	24.3269	1223.0692	5.0988	6
254.45	24.327	1223.0779	5.1027	6
254.5	24.3272	1222.9842	5.098	6
254.55	24.3274	1222.6313	5.0966	6
254.6	24.3272	1222.7305	5.1088	6
254.65	24.3274	1222.7283	5.109	6
254.7	24.3277	1222.3047	5.1001	6
254.75	24.3273	1222.7681	5.1048	6
254.8	24.3271	1223.2172	5.1077	6
254.85	24.3275	1222.813	5.0959	6
254.9	24.3277	1222.6586	5.1134	6
254.95	24.3275	1223.1962	5.1243	6
255	24.3275	1223.2104	5.1297	6
255.05	24.3279	1222.0328	5.1375	6
255.1	24.3268	1221.9718	5.1282	6
255.15	24.3265	1221.8192	5.1304	6
255.2	24.3273	1220.7609	5.1333	6
255.25	24.3271	1221.0882	5.1236	6
255.3	24.3268	1221.7993	5.1272	6
255.35	24.3277	1220.6056	5.133	6
255.4	24.3274	1220.9024	5.1388	6
255.45	24.3271	1221.4741	5.1258	6
255.5	24.3275	1220.872	5.1158	6
255.55	24.3272	1221.2688	5.1137	6
255.6	24.3268	1222.0314	5.1127	6
255.65	24.3269	1221.9305	5.1125	6
255.7	24.3268	1222.0073	5.1155	6
255.75	24.3263	1222.8957	5.1208	6
255.8	24.3262	1223.0292	5.1217	6
255.85	24.3265	1222.4505	5.1048	6
255.9	24.3255	1223.7105	5.0986	6
255.95	24.3256	1223.6665	5.1028	6
256	24.3264	1222.6938	5.1125	6
256.05	24.3258	1223.5418	5.1268	6
256.1	24.3254	1224.1416	5.1225	6
256.15	24.3264	1222.8666	5.1147	6
256.2	24.3261	1223.3993	5.1077	6
256.25	24.3254	1224.6426	5.0953	6
256.3	24.3257	1223.2718	5.098	6
256.35	24.3255	1221.982	5.099	6
256.4	24.3248	1222.625	5.1079	6
256.45	24.3249	1222.588	5.1049	6
256.5	24.3251	1222.3946	5.095	6
256.55	24.3247	1222.8709	5.1001	6
256.6	24.3248	1222.9284	5.1131	6
256.65	24.325	1222.6992	5.104	6
256.7	24.3247	1223.2678	5.0953	6
256.75	24.3243	1223.6678	5.0791	6
256.8	24.3248	1223.1247	5.084	6
256.85	24.3246	1223.4647	5.113	6
256.9	24.3243	1224.0231	5.1131	6
256.95	24.3246	1223.5444	5.0933	6
257	24.325	1223.186	5.0869	6
257.05	24.3246	1223.8558	5.0991	6
257.1	24.3249	1223.3689	5.1032	6
257.15	24.325	1223.265	5.1031	6
257.2	24.3249	1223.5275	5.0962	6
257.25	24.3254	1223.0882	5.0892	6
257.3	24.3252	1223.5427	5.1003	6
257.35	24.3251	1223.7452	5.1063	6
257.4	24.3256	1223.0097	5.105	6
257.45	24.3255	1223.0299	5.1082	6
257.5	24.3253	1223.5255	5.1041	6
257.55	24.3253	1223.5751	5.1112	6
257.6	24.3258	1222.9675	5.1149	6
257.65	24.3253	1223.6623	5.1018	6
257.7	24.3247	1224.5686	5.0936	6
257.75	24.3254	1223.6978	5.1002	6
257.8	24.3257	1223.3473	5.1004	6
257.85	24.3251	1224.4874	5.1039	6
257.9	24.3252	1224.4085	5.0885	6
257.95	24.3264	1222.6109	5.094	6
258	24.3257	1223.766	5.1162	6
258.05	24.3251	1224.771	5.1049	6
258.1	24.3262	1223.1772	5.0952	6
258.15	24.326	1223.4793	5.0878	6
258.2	24.3252	1224.7445	5.079	6
258.25	24.3257	1224.134	5.0869	6
258.3	24.3266	1222.7977	5.0869	6
258.35	24.3255	1223.1964	5.0937	6
258.4	24.3252	1222.142	5.1017	6
258.45	24.3254	1221.6007	5.0955	6
258.5	24.3249	1222.3842	5.0859	6
258.55	24.3249	1222.6407	5.0737	6
258.6	24.3251	1222.6187	5.078	6
258.65	24.3251	1222.4005	5.077	6
258.7	24.3253	1222.1274	5.0762	6
258.75	24.3251	1222.5022	5.079	6
258.8	24.3251	1222.646	5.067	6
258.85	24.3255	1222.2239	5.0735	6
258.9	24.3252	1222.648	5.0733	6
258.95	24.3249	1222.9878	5.0716	6
259	24.3256	1222.3524	5.0802	6
259.05	24.3256	1222.4471	5.0862	6
259.1	24.3255	1222.5612	5.0892	6
259.15	24.3257	1222.2888	5.1083	6
259.2	24.3261	1221.8059	5.11	6
259.25	24.3255	1222.5916	5.1078	6
259.3	24.3254	1222.9017	5.1016	6
259.35	24.326	1222.3476	5.0969	6
259.4	24.3261	1222.2333	5.1048	6
259.45	24.3258	1222.9127	5.1006	6
259.5	24.3262	1222.5733	5.1006	6
259.55	24.3269	1221.272	5.101	6
259.6	24.3262	1222.1698	5.1087	6
259.65	24.3259	1222.5485	5.1175	6
259.7	24.3268	1221.3038	5.1159	6
259.75	24.3269	1221.1971	5.1043	6
259.8	24.326	1222.5816	5.0963	6
259.85	24.3267	1221.8053	5.097	6
259.9	24.3274	1220.8615	5.0912	6
259.95	24.3263	1222.1733	5.0839	6
260	24.3263	1220.8115	5.0854	6
260.05	24.3264	1219.7761	5.0824	6
260.1	24.3258	1220.524	5.088	6
260.15	24.3257	1220.6114	5.1029	6
260.2	24.3261	1220.1788	5.1142	6
260.25	24.3259	1220.4027	5.1179	6
260.3	24.3259	1220.5412	5.1233	6
260.35	24.3264	1220.1751	5.1282	6
260.4	24.3263	1220.2082	5.1123	6
260.45	24.3264	1220.3606	5.0977	6
260.5	24.3267	1220.1632	5.1058	6
260.55	24.3268	1220.0024	5.1278	6
260.6	24.327	1219.6925	5.143	6
260.65	24.3269	1219.6517	5.1301	6
260.7	24.3269	1219.7255	5.1168	6
260.75	24.3272	1219.5162	5.1158	6
260.8	24.3273	1219.3464	5.1199	6
260.85	24.327	1219.7492	5.1137	6
260.9	24.3272	1219.4875	5.1025	6
260.95	24.3279	1218.735	5.1082	6
261	24.3276	1219.149	5.1101	6
261.05	24.3273	1219.3852	5.1077	6
261.1	24.3279	1218.5747	5.112	6
261.15	24.3274	1217.9856	5.12	6
261.2	24.3268	1217.6352	5.1217	6
261.25	24.3271	1216.943	5.1149	6
261.3	24.3272	1216.8706	5.1316	6
261.35	24.3272	1216.9809	5.1299	6
261.4	24.3275	1216.461	5.1235	6
261.45	24.3275	1216.6139	5.112	6
261.5	24.3273	1216.6814	5.116	6
261.55	24.3273	1216.697	5.1247	6
261.6	24.3269	1217.3679	5.1332	6
261.65	24.3272	1217.1636	5.1331	6
261.7	24.3271	1217.4408	5.1315	6
261.75	24.3273	1217.4662	5.1351	6
261.8	24.3271	1217.8192	5.1409	6
261.85	24.3273	1217.6331	5.1387	6
261.9	24.327	1218.0184	5.138	6
261.95	24.3266	1218.6891	5.138	6
262	24.3268	1218.5554	5.1188	6
262.05	24.3269	1218.4152	5.1076	6
262.1	24.3263	1219.2619	5.1126	6
262.15	24.3264	1219.0291	5.1144	6
262.2	24.3268	1217.7273	5.1338	6
262.25	24.3259	1217.5727	5.1261	6
262.3	24.3252	1217.8529	5.1034	6
262.35	24.3257	1217.2051	5.1034	6
262.4	24.3251	1218.0804	5.1162	6
262.45	24.3243	1219.1918	5.1193	6
262.5	24.3248	1218.586	5.1017	6
262.55	24.3249	1218.5915	5.0916	6
262.6	24.3241	1219.9944	5.0963	6
262.65	24.3242	1219.8596	5.1054	6
262.7	24.3248	1218.9363	5.1087	6
262.75	24.3241	1220.0867	5.1004	6
262.8	24.3236	1220.7949	5.1024	6
262.85	24.3244	1219.4483	5.1025	6
262.9	24.3243	1219.7997	5.0966	6
262.95	24.3231	1221.481	5.1067	6
263	24.3242	1220.0302	5.1024	6
263.05	24.324	1220.14	5.0851	6
263.1	24.3233	1221.3462	5.0869	6
263.15	24.3237	1220.9609	5.0818	6
263.2	24.3238	1220.8554	5.099	6
263.25	24.3233	1221.6386	5.1051	6
263.3	24.3235	1221.5744	5.0995	6
263.35	24.3238	1221.3355	5.11	6
263.4	24.3239	1221.273	5.1139	6
263.45	24.3239	1221.3967	5.1156	6
263.5	24.3239	1221.3514	5.1091	6
263.55	24.3247	1220.5268	5.0945	6
263.6	24.3248	1220.5476	5.0888	6
263.65	24.325	1220.4695	5.0986	6
263.7	24.3257	1219.6687	5.1131	6
263.75	24.3258	1219.5258	5.1138	6
263.8	24.3258	1219.6251	5.1212	6
263.85	24.3261	1219.267	5.13	6
263.9	24.3263	1219.0026	5.1127	6
263.95	24.3263	1218.9393	5.1123	6
264	24.3268	1218.2067	5.1095	6
264.05	24.3269	1218.2839	5.1092	6
264.1	24.3276	1217.5961	5.1126	6
264.15	24.3279	1217.0048	5.1063	6
264.2	24.3275	1217.3894	5.0949	6
264.25	24.328	1216.739	5.1108	6
264.3	24.3285	1215.9921	5.1217	6
264.35	24.328	1215.5165	5.1165	6
264.4	24.3278	1214.3407	5.119	6
264.45	24.3282	1213.4138	5.1233	6
264.5	24.328	1214.0241	5.1177	6
264.55	24.3282	1213.703	5.0968	6
264.6	24.329	1212.7054	5.1121	6
264.65	24.3279	1214.3003	5.1127	6
264.7	24.3282	1213.8657	5.1048	6
264.75	24.3293	1212.5243	5.115	6
264.8	24.3282	1214.0797	5.1102	6
264.85	24.3283	1214.2257	5.1126	6
264.9	24.3299	1211.9765	5.1204	6
264.95	24.329	1213.1973	5.1204	6
265	24.3281	1214.5422	5.1197	6
265.05	24.3296	1212.4244	5.1023	6
265.1	24.3293	1212.0965	5.0963	6
265.15	24.3274	1213.202	5.1066	6
265.2	24.3282	1211.5013	5.1059	6
265.25	24.3289	1210.6613	5.1137	6
265.3	24.3274	1213.0224	5.1077	6
265.35	24.3279	1212.0935	5.1222	6
265.4	24.3287	1210.9773	5.1281	6
265.45	24.3272	1213.2304	5.119	6
265.5	24.3274	1212.8198	5.1017	6
265.55	24.3282	1211.783	5.0969	6
265.6	24.3271	1213.3713	5.1271	6
265.65	24.3268	1213.9482	5.1333	6
265.7	24.3277	1212.6282	5.1315	6
265.75	24.3269	1213.7622	5.1271	6
265.8	24.3262	1214.6103	5.1202	6
265.85	24.3266	1214.1535	5.1222	6
265.9	24.3258	1215.236	5.1175	6
265.95	24.3258	1215.1669	5.1274	6
266	24.3253	1215.9738	5.1274	6
266.05	24.3248	1216.744	5.1244	6
266.1	24.3253	1215.9657	5.1274	6
266.15	24.325	1216.5642	5.1315	6
266.2	24.3243	1217.6816	5.1244	6
266.25	24.3248	1216.8747	5.1231	6
266.3	24.3246	1217.097	5.1096	6
266.35	24.3237	1218.295	5.0971	6
266.4	24.3241	1216.9509	5.1031	6
266.45	24.3233	1216.2845	5.1126	6
266.5	24.3227	1217.3861	5.131	6
266.55	24.3235	1217.1614	5.1319	6
266.6	24.3231	1216.5585	5.1275	6
266.65	24.3223	1218.0095	5.1208	6
266.7	24.3231	1218.3997	5.1128	6
266.75	24.3231	1218.5697	5.1152	6
266.8	24.3227	1219.8275	5.1126	6
266.85	24.3231	1219.566	5.1228	6
266.9	24.3233	1219.5651	5.1237	6
266.95	24.3228	1220.3632	5.1191	6
267	24.3237	1219.1543	5.1171	6
267.05	24.3235	1218.6307	5.0986	6
267.1	24.3227	1219.9298	5.1028	6
267.15	24.3239	1218.6447	5.1156	6
267.2	24.3231	1218.891	5.0986	6
267.25	24.3225	1220.3984	5.0841	6
267.3	24.3238	1219.0904	5.0887	6
267.35	24.3233	1218.5437	5.0928	6
267.4	24.3224	1220.3041	5.0942	6
267.45	24.3241	1218.7887	5.0907	6
267.5	24.3246	1216.6025	5.0945	6
267.55	24.3227	1218.0535	5.1055	6
267.6	24.3236	1217.0181	5.0925	6
267.65	24.3257	1214.3722	5.0967	6
267.7	24.3241	1216.3818	5.1083	6
267.75	24.3244	1216.3122	5.1034	6
267.8	24.3266	1213.3374	5.1043	6
267.85	24.326	1214.3854	5.1144	6
267.9	24.3253	1215.5392	5.1156	6
267.95	24.327	1212.9908	5.1215	6
268	24.3263	1213.8316	5.1218	6
268.05	24.3257	1214.9153	5.1081	6
268.1	24.3271	1212.7466	5.0996	6
268.15	24.3268	1213.2286	5.1001	6
268.2	24.3258	1214.7472	5.0873	6
268.25	24.3274	1212.6848	5.0968	6
268.3	24.3278	1212.1192	5.105	6
268.35	24.3267	1213.7682	5.1013	6
268.4	24.3273	1212.9135	5.1063	6
268.45	24.3282	1211.7899	5.1052	6
268.5	24.3274	1213.0664	5.0867	6
268.55	24.3275	1213.0102	5.0884	6
268.6	24.3284	1211.8212	5.0952	6
268.65	24.3278	1212.7133	5.0705	6
268.7	24.3277	1212.8925	5.0759	6
268.75	24.3281	1211.7496	5.084	6
268.8	24.327	1211.5389	5.0977	6
268.85	24.3268	1210.9556	5.0999	6
268.9	24.3273	1210.2836	5.0928	6
268.95	24.3262	1211.8599	5.082	6
269	24.3263	1211.7748	5.0904	6
269.05	24.327	1210.6648	5.1048	6
269.1	24.3256	1212.8841	5.1031	6
269.15	24.3259	1212.8241	5.0758	6
269.2	24.327	1211.4764	5.0804	6
269.25	24.3257	1213.5024	5.0908	6
269.3	24.3257	1213.5487	5.0897	6
269.35	24.3266	1212.4812	5.0758	6
269.4	24.3258	1213.8686	5.0747	6
269.45	24.3251	1214.8299	5.0806	6
269.5	24.3259	1213.5768	5.0918	6
269.55	24.3252	1214.6782	5.1081	6
269.6	24.3243	1216.0552	5.0938	6
269.65	24.325	1215.003	5.0881	6
269.7	24.325	1215.1115	5.1151	6
269.75	24.3241	1216.4733	5.1175	6
269.8	24.3243	1216.2653	5.0998	6
269.85	24.3248	1215.4668	5.0668	6
269.9	24.3242	1216.3692	5.0552	6
269.95	24.3238	1217.148	5.0684	6
270	24.3244	1216.2069	5.0805	6
270.05	24.3242	1216.6438	5.0911	6
270.1	24.3239	1217.2142	5.0911	6
270.15	24.3236	1217.562	5.0764	6
270.2	24.324	1216.9501	5.083	6
270.25	24.3242	1216.7916	5.0844	7
270.3	24.3235	1217.9514	5.0698	7
270.35	24.324	1217.2182	5.0706	7
270.4	24.3245	1216.6125	5.0816	7
270.45	24.3225	1214.5918	5.0884	7
270.5	24.3156	1198.8443	5.0823	7
270.55	24.2998	1165.0815	5.0944	7
270.6	24.2724	1116.131	5.1073	7
270.65	24.2344	1051.0626	5.0915	7
270.7	24.1855	970.6416	5.0895	7
270.75	24.1225	878.2667	5.0821	7
270.8	24.0471	772.4939	5.0802	7
270.85	23.959	653.447	5.0896	7
270.9	23.8544	525.6548	5.0849	8
270.95	23.7346	387.6403	5.0944	8
271	23.5999	238.5242	5.1059	8
271.05	23.4474	82.5529	5.1045	8
271.1	23.2825	-64.0538	5.0996	8
271.15	23.1234	-177.4408	5.0988	8
271.2	22.9683	-268.8047	5.1081	8
271.25	22.8083	-351.535	5.1052	8
271.3	22.6451	-431.456	5.1074	8
271.35	22.478	-507.7168	5.1246	8
271.4	22.3033	-574.1544	5.1202	8
271.45	22.1222	-632.7325	5.1091	8
271.5	21.9348	-683.8645	5.1086	8
271.55	21.7385	-724.1179	5.1045	8
271.6	21.5344	-754.1737	5.1192	8
271.65	21.3218	-773.3832	5.1179	8
271.7	21.0998	-780.7238	5.1142	8
271.75	20.8712	-780.0214	5.1143	8
271.8	20.6372	-772.7185	5.1025	8
271.85	20.3928	-751.0406	5.1102	8
271.9	20.1327	-708.9443	5.1081	8
271.95	19.8486	-634.1553	5.1038	8
272	19.5336	-517.1531	5.0992	8
272.05	19.212	-391.6868	5.0997	8
272.1	18.9105	-295.4395	5.0957	8
272.15	18.6327	-233.4496	5.0933	8
272.2	18.368	-191.0008	5.1158	8
272.25	18.1085	-157.16	5.1205	8
272.3	17.8535	-130.1772	5.1007	8
272.35	17.6015	-108.1816	5.0968	8
272.4	17.3525	-90.7565	5.1103	8
272.45	17.1066	-79.0847	5.1118	8
272.5	16.8621	-70.4135	5.1175	8
272.55	16.6179	-62.0763	5.1119	8
272.6	16.3745	-55.1092	5.0949	8
272.65	16.1316	-50.5978	5.1003	8
272.7	15.8876	-46.1112	5.0933	8
272.75	15.6442	-42.4596	5.1082	8
272.8	15.4011	-39.5807	5.1023	8
272.85	15.157	-36.6935	5.088	8
272.9	14.9124	-34.0106	5.0929	8
272.95	14.6675	-31.8874	5.0905	8
273	14.4231	-30.6695	5.0965	8
273.05	14.1785	-29.8225	5.1	8
273.1	13.9329	-28.5391	5.1096	8
273.15	13.6884	-29.3615	5.1276	8
273.2	13.4422	-28.0372	5.1043	8
273.25	13.1959	-27.3385	5.0879	8
273.3	12.9498	-27.598	5.0896	8
273.35	12.7024	-26.9343	5.0967	8
273.4	12.4547	-26.1099	5.0987	8
273.45	12.2065	-25.2634	5.0913	8
273.5	11.9583	-24.5783	5.0879	8
273.55	11.7087	-22.3437	5.1036	8
273.6	11.459	-20.3905	5.1026	8
273.65	11.2098	-19.7366	5.11	8
273.7	10.9593	-18.0516	5.1079	8
273.75	10.7086	-16.7442	5.0998	8
273.8	10.4582	-16.3666	5.0962	8
273.85	10.2072	-15.4239	5.1019	8
273.9	9.9559	-14.3578	5.114	8
273.95	9.705	-13.8791	5.0969	8
274	9.4544	-13.6891	5.0915	8
274.05	9.202	-12.4806	5.1074	8
274.1	8.9507	-12.7861	5.1133	8
274.15	8.7	-13.2123	5.1172	8
274.2	8.4483	-12.6692	5.1145	8
274.25	8.1958	-12.5126	5.1222	8
274.3	7.9439	-13.6048	5.1225	8
274.35	7.6907	-12.6532	5.1103	8
274.4	7.4375	-11.6535	5.0973	8
274.45	7.1846	-11.7384	5.0841	8
274.5	6.9305	-11.0545	5.0863	8
274.55	6.6767	-10.8589	5.0881	8
274.6	6.4233	-11.3214	5.0911	8
274.65	6.1696	-11.5503	5.1161	8
274.7	5.9156	-11.2422	5.1098	8
274.75	5.6623	-11.7716	5.0906	8
274.8	5.4083	-12.0017	5.0848	8
274.85	5.1537	-11.4474	5.0856	8
274.9	4.9	-11.4683	5.1128	8
274.95	4.6459	-11.4554	5.1118	8
275	4.3911	-11.2428	5.1053	8
275.05	4.1368	-11.5704	5.1236	8
275.1	3.8826	-11.3445	5.1188	8
275.15	3.6275	-10.7524	5.1284	8
275.2	3.3731	-11.5263	5.1484	8
275.25	3.1181	-11.5111	5.1412	8
275.3	2.8628	-11.0659	5.1368	8
275.35	2.608	-11.2608	5.1256	8
275.4	2.3532	-11.4533	5.1101	8
275.45	2.0979	-10.8573	5.11	8
275.5	1.8433	-11.0317	5.1066	8
275.55	1.5886	-11.1409	5.1114	8
275.6	1.3337	-10.7924	5.1167	8
275.65	1.0791	-10.2797	5.1121	8
275.7	0.8253	-11.3441	5.1091	8
275.75	0.5697	-10.4228	5.1065	8
275.8	0.3151	-10.3664	5.1029	8
275.85	0.0608	-11.1488	5.1054	8
