Indentation

 + User defined profile

+ User defined profile
   Acquisition rate :	20.0 [Hz]
   Linear load 20.00  µN ; 100.00 µN/min
   Pause in load 2 s
   Linear load 0.00  µN ; 100.00 µN/min
   Pause in load 120 s
   Linear depth 20.00  µm ; 500.00 µm/min
   Pause in depth 120 s
   Linear depth 0.00  µm ; 1000.00 µm/min
+ TTX - UNHT Bio S/N: 1000136751 settings
   Fn contact : 25 µN
   Approach distance : 20 µm
   Approach speed : 100 µm/min
   Retract speed : 200 µm/min
   Retract time : 5 sec
   Dz sensor in large range
   Load in fine range
   FnRef in fine range
   FnRef contactload :500.000 µN
   Stiffness threshold : 1 µN/µm

   X Position :9771.84 µm
   Y Position :38493.87 µm
   Z Position :8243.90 µm

Date :6/9/2026
Time :5:12:39 PM

Analysis n # 1

   Method :	Hertz

Cycle # 1

 + Parameters

  Load Fit [10%,98%]

 + Main results

   EHz=	95.848 	kPa

 + Hypothesis


 + Additional results

   ErHz=	105.33 kPa
   h offset=	0.24 µm
   R2=	0.98

Cycle # 2

 + Parameters

  Load Fit [10%,98%]

 + Main results

   EHz=	686.61 	kPa

 + Hypothesis


 + Additional results

   ErHz=	754.51 kPa
   h offset=	1.99 µm
   R2=	1.00

Analysis n # 2

   Method :	Oliver & Pharr

Cycle # 1

 + Parameters

  Unload Fit [40%,98%]

 + Main results

   HIT=	2.3308 	kPa
   EIT=	156.65 	kPa
   E*=	172.14 	kPa

 + Hypothesis

   !!! Indenter not calibrated !!!
   m out of O&P hypothesis
   Poisson's ratio(nu)=	0.30 

 + Additional results

   HVIT=	0.00023759 	 Vickers
   RIT 1.8E-005/7/2=	-12.86 	%
   nIT=	69.21 %
   Fmax=	17.65 	µN
   hmax=	3.17 	µm
   S=	16.9012 	µN/µm
   F/S²=	0.0618 	µm²/µN
   hc=	2.42 	µm
   hr=	2.13 	µm
   hp=	0.57 	µm
   m=	2.4912 
   Epsilon=	0.73 
   R2=	0.991
   Ap=	7570.93 	µm²
   Welast=	12.86 pJ
   Wplast=	5.72 pJ
   Wtotal=	18.59 pJ
   Er=	172.14 	kPa

Cycle # 2

 + Parameters

  Unload Fit [40%,98%]

 + Main results

   HIT=	30.387 	kPa
   EIT=	6967.1 	kPa
   E*=	7656.1 	kPa

 + Hypothesis

   !!! Indenter not calibrated !!!
   m out of O&P hypothesis
   Poisson's ratio(nu)=	0.30 

 + Additional results

   HVIT=	0.0030975 	 Vickers
   RIT 0.0018/2/120=	-675.54 	%
   nIT=	4.82 %
   Fmax=	1831.76 	µN
   hmax=	20.20 	µm
   S=	2121.0381 	µN/µm
   F/S²=	0.0004 	µm²/µN
   hc=	19.57 	µm
   hr=	19.34 	µm
   hp=	17.30 	µm
   m=	3.3610 
   Epsilon=	0.73 
   R2=	1.000
   Ap=	60281.27 	µm²
   Welast=	1099.22 pJ
   Wplast=	21698.90 pJ
   Wtotal=	22798.12 pJ
   Er=	7656 	kPa

Measured values
Time (s)	Pd (µm)	Fn (µN)	FnRef (µN)	SegmentID

0	0	0	5.0606	0
0.05	0.09	0.2679	5.0664	0
0.1	0.1801	0.1125	5.0786	0
0.15	0.2695	0.6317	5.0645	0
0.2	0.3589	0.6925	5.0537	0
0.25	0.4481	0.8858	5.0481	0
0.3	0.5374	1.123	5.0446	0
0.35	0.6261	1.5353	5.0479	0
0.4	0.7152	1.4732	5.0482	0
0.45	0.8035	2.0494	5.0228	0
0.5	0.8917	2.3908	5.0371	1
0.55	0.98	2.7621	5.0446	1
0.6	1.068	3.1509	5.0455	1
0.65	1.1563	3.3558	5.0427	1
0.7	1.2397	4.1365	5.0233	1
0.75	1.2978	4.1426	5.022	1
0.8	1.3282	3.7563	5.0333	1
0.85	1.3508	4.5091	5.0318	1
0.9	1.3708	4.058	5.0437	1
0.95	1.3897	4.4502	5.0582	1
1	1.4074	4.0651	5.0479	1
1.05	1.4239	4.6507	5.0445	1
1.1	1.4392	4.655	5.0347	1
1.15	1.4551	4.0497	5.0257	1
1.2	1.4702	4.6648	5.0222	1
1.25	1.4841	4.7292	5.0326	1
1.3	1.4982	4.3722	5.0453	1
1.35	1.5125	4.6307	5.0288	1
1.4	1.5254	4.7724	5.0226	1
1.45	1.5392	4.44	5.0259	1
1.5	1.5526	4.6357	5.0309	1
1.55	1.565	5.2509	5.043	1
1.6	1.5775	4.6605	5.0343	1
1.65	1.5908	4.8096	5.0186	1
1.7	1.6031	5.2304	5.0159	1
1.75	1.6155	4.792	5.0171	1
1.8	1.6283	5.0544	5.0318	1
1.85	1.6408	4.9316	5.029	1
1.9	1.6527	5.3939	5.0253	1
1.95	1.6647	5.2279	5.0358	1
2	1.6767	5.2544	5.029	1
2.05	1.6891	5.3508	5.0227	1
2.1	1.7011	5.2775	5.0147	1
2.15	1.7128	5.7529	5.0292	1
2.2	1.7241	5.4003	5.0522	1
2.25	1.7367	5.3012	5.0496	1
2.3	1.7488	5.8089	5.0594	1
2.35	1.7603	5.74	5.0515	1
2.4	1.7722	5.6753	5.0338	1
2.45	1.7842	5.6235	5.0303	1
2.5	1.7961	5.8082	5.0216	1
2.55	1.8076	6.0442	5.0245	1
2.6	1.8192	5.8833	5.0318	1
2.65	1.8313	5.9732	5.0445	1
2.7	1.8431	6.0158	5.049	1
2.75	1.8554	5.9825	5.0452	1
2.8	1.8674	6.309	5.0386	1
2.85	1.8792	6.0851	5.036	1
2.9	1.8919	6.2137	5.0464	1
2.95	1.9036	6.4806	5.0533	1
3	1.9159	6.137	5.0455	1
3.05	1.9286	6.4203	5.036	1
3.1	1.9399	6.8071	5.0196	1
3.15	1.9521	6.3369	5.0308	1
3.2	1.9648	6.669	5.0548	1
3.25	1.9763	6.8983	5.043	1
3.3	1.9886	6.6314	5.0493	1
3.35	2.0009	6.9345	5.0487	1
3.4	2.0127	6.8963	5.0579	1
3.45	2.0248	7.0495	5.0838	1
3.5	2.0368	7.0259	5.0719	1
3.55	2.0493	7.0754	5.0684	1
3.6	2.061	7.5539	5.07	1
3.65	2.0734	6.9297	5.0648	1
3.7	2.0861	7.434	5.0734	1
3.75	2.0974	7.66	5.0779	1
3.8	2.1097	7.2977	5.0749	1
3.85	2.1225	7.5152	5.0764	1
3.9	2.1342	7.8928	5.0644	1
3.95	2.1462	7.6478	5.0455	1
4	2.1585	7.9906	5.0436	1
4.05	2.1702	8.0936	5.0502	1
4.1	2.1824	7.9628	5.057	1
4.15	2.1948	8.0233	5.0411	1
4.2	2.2065	8.3318	5.0339	1
4.25	2.2186	8.1887	5.0432	1
4.3	2.2309	8.241	5.0385	1
4.35	2.2428	8.5535	5.0266	1
4.4	2.255	8.5448	5.0262	1
4.45	2.2669	8.5991	5.0412	1
4.5	2.279	8.5716	5.0644	1
4.55	2.2906	9.0242	5.0635	1
4.6	2.3026	8.5799	5.0541	1
4.65	2.3152	8.8721	5.0465	1
4.7	2.3271	9.3491	5.0403	1
4.75	2.3389	9.0956	5.0405	1
4.8	2.3507	9.2928	5.0577	1
4.85	2.3623	9.3335	5.0537	1
4.9	2.3744	9.365	5.0435	1
4.95	2.3866	9.5084	5.0432	1
5	2.3983	9.7288	5.0485	1
5.05	2.4094	9.7585	5.0501	1
5.1	2.4212	9.8059	5.0528	1
5.15	2.4327	9.9462	5.0441	1
5.2	2.4442	10.1261	5.0416	1
5.25	2.4558	9.9973	5.0507	1
5.3	2.4673	10.3322	5.0425	1
5.35	2.4778	10.6084	5.0392	1
5.4	2.4897	10.1971	5.0433	1
5.45	2.5013	10.3969	5.0362	1
5.5	2.5118	11.0425	5.0472	1
5.55	2.5226	10.6219	5.0489	1
5.6	2.5341	10.6582	5.0423	1
5.65	2.5449	11.1483	5.0495	1
5.7	2.5556	10.9946	5.0501	1
5.75	2.5669	11.017	5.0443	1
5.8	2.5779	11.32	5.0504	1
5.85	2.5884	11.3582	5.053	1
5.9	2.5997	11.2875	5.0508	1
5.95	2.6107	11.5259	5.0511	1
6	2.6215	11.7539	5.0611	1
6.05	2.6319	11.7527	5.0553	1
6.1	2.6436	11.595	5.0547	1
6.15	2.6544	11.9959	5.0601	1
6.2	2.6646	11.9609	5.0632	1
6.25	2.6758	11.7973	5.0672	1
6.3	2.6868	12.3376	5.0608	1
6.35	2.6976	12.1011	5.0585	1
6.4	2.7085	12.3871	5.0645	1
6.45	2.7193	12.2296	5.054	1
6.5	2.7301	12.4726	5.0437	1
6.55	2.7406	12.4401	5.0445	1
6.6	2.7515	12.5464	5.0424	1
6.65	2.7622	12.8137	5.0489	1
6.7	2.7728	12.9436	5.0641	1
6.75	2.7834	12.856	5.0701	1
6.8	2.7938	13.1318	5.0509	1
6.85	2.8034	13.5828	5.0453	1
6.9	2.8132	13.3344	5.0636	1
6.95	2.8235	13.5617	5.0563	1
7	2.8326	14.1477	5.0594	1
7.05	2.8414	13.8963	5.0627	1
7.1	2.8512	14.0644	5.0581	1
7.15	2.8597	14.6051	5.0529	1
7.2	2.8685	14.1834	5.0587	1
7.25	2.8777	14.3883	5.0631	1
7.3	2.8867	14.3994	5.0615	1
7.35	2.8963	14.4875	5.0847	1
7.4	2.9053	14.5171	5.0924	1
7.45	2.9145	14.7083	5.074	1
7.5	2.9239	14.6526	5.0653	1
7.55	2.9326	15.0652	5.0624	1
7.6	2.9416	15.0171	5.0627	1
7.65	2.9504	15.1548	5.0703	1
7.7	2.9591	15.4115	5.0654	1
7.75	2.9668	15.5935	5.0706	1
7.8	2.9751	15.4612	5.0732	2
7.85	2.9834	15.6362	5.0649	2
7.9	2.9914	15.9275	5.0559	2
7.95	2.9991	15.8273	5.0691	2
8	3.0081	15.8318	5.0657	2
8.05	3.0159	16.2287	5.0445	2
8.1	3.0234	16.2867	5.056	2
8.15	3.0307	16.0546	5.0683	2
8.2	3.0381	16.5873	5.0588	2
8.25	3.0446	16.7081	5.0442	2
8.3	3.0515	16.4304	5.0585	2
8.35	3.0585	16.573	5.0528	2
8.4	3.0643	17.2076	5.0452	2
8.45	3.0702	16.4674	5.0325	2
8.5	3.0768	16.7928	5.0501	2
8.55	3.0816	17.4679	5.0653	2
8.6	3.0871	16.7835	5.0537	2
8.65	3.0929	17.1	5.0551	2
8.7	3.0976	17.3818	5.0592	2
8.75	3.1023	17.2782	5.0589	2
8.8	3.1077	17.0326	5.0696	2
8.85	3.1121	17.8095	5.0846	2
8.9	3.1158	17.7481	5.065	2
8.95	3.1206	17.0886	5.0621	2
9	3.1249	17.9423	5.046	2
9.05	3.1279	18.0795	5.0385	2
9.1	3.1325	17.0851	5.0397	2
9.15	3.1375	17.77	5.0478	2
9.2	3.1402	18.0898	5.0496	2
9.25	3.1441	17.4844	5.0436	2
9.3	3.148	17.7792	5.0471	2
9.35	3.1506	18.3751	5.0333	2
9.4	3.1532	17.8046	5.0354	2
9.45	3.1572	17.4769	5.0452	2
9.5	3.16	18.5448	5.0348	2
9.55	3.162	18.1308	5.0328	2
9.6	3.1659	17.455	5.0334	2
9.65	3.1687	18.5272	5.0339	2
9.7	3.1694	18.4965	5.0411	2
9.75	3.1728	17.501	5.0333	2
9.8	3.1754	18.5618	5.0279	2
9.85	3.1761	18.7284	5.037	3
9.9	3.1788	17.6463	5.0256	3
9.95	3.1816	18.3876	5.0337	3
10	3.1822	19.1777	5.053	3
10.05	3.1842	17.7033	5.0399	3
10.1	3.1868	18.34	5.0582	3
10.15	3.1871	18.9394	5.0579	3
10.2	3.1877	18.2842	5.0513	3
10.25	3.1899	17.8451	5.0564	3
10.3	3.19	19.1362	5.048	3
10.35	3.1896	18.2767	5.0506	3
10.4	3.1909	18.1141	5.0572	3
10.45	3.1912	18.4993	5.057	3
10.5	3.1903	18.7251	5.0609	3
10.55	3.1902	18.1541	5.0642	3
10.6	3.1903	18.2747	5.0707	3
10.65	3.1891	18.8094	5.0618	3
10.7	3.1883	17.9153	5.0632	3
10.75	3.1883	18.1591	5.0656	3
10.8	3.1862	18.7897	5.0547	3
10.85	3.185	17.9503	5.0559	3
10.9	3.1845	17.8853	5.0618	3
10.95	3.1828	18.5488	5.0648	3
11	3.1807	18.1451	5.062	3
11.05	3.1796	17.8927	5.0563	3
11.1	3.1783	17.9505	5.0673	3
11.15	3.1758	18.2528	5.0622	3
11.2	3.1739	17.681	5.0573	3
11.25	3.172	17.8301	5.072	3
11.3	3.1693	18.1472	5.0652	3
11.35	3.1675	17.49	5.0644	3
11.4	3.1651	17.7375	5.0712	3
11.45	3.1627	17.6878	5.0649	3
11.5	3.16	17.7827	5.0592	3
11.55	3.1577	17.4294	5.0412	3
11.6	3.1555	17.33	5.0363	3
11.65	3.1525	17.7518	5.0442	3
11.7	3.1489	17.441	5.0431	3
11.75	3.1462	17.114	5.0428	3
11.8	3.1433	17.559	5.0412	3
11.85	3.1402	16.9283	5.0472	3
11.9	3.1372	17.0909	5.0246	3
11.95	3.1337	17.218	5.0206	3
12	3.1303	16.9605	5.0304	3
12.05	3.1281	16.7621	5.0355	3
12.1	3.1244	17.0022	5.0344	3
12.15	3.1206	16.8492	5.0236	3
12.2	3.1173	16.7906	5.0121	3
12.25	3.1143	16.5174	5.0209	3
12.3	3.1105	16.9586	5.0143	3
12.35	3.1069	16.0996	5.0194	3
12.4	3.1041	16.3838	5.0282	3
12.45	3.0999	16.7998	5.0197	3
12.5	3.0956	16.168	5.0192	3
12.55	3.093	15.9443	5.0107	3
12.6	3.0886	16.5151	5.0076	3
12.65	3.0845	16.0469	5.0268	3
12.7	3.0813	15.7379	5.0202	3
12.75	3.0772	16.4899	5.022	3
12.8	3.0723	16.0154	5.026	3
12.85	3.0694	15.2951	5.0211	3
12.9	3.0656	15.9438	5.0084	3
12.95	3.0609	16.0746	5.0025	3
13	3.0569	15.2647	5.0079	3
13.05	3.0536	15.5213	5.019	3
13.1	3.0482	15.9211	5.0365	3
13.15	3.0443	15.0195	5.0364	3
13.2	3.0401	15.7028	5.016	3
13.25	3.0355	15.2624	5.0206	3
13.3	3.0313	15.1845	5.032	3
13.35	3.0273	15.1176	5.0432	3
13.4	3.0227	15.2505	5.0563	3
13.45	3.018	15.092	5.0589	3
13.5	3.0136	14.7727	5.0472	3
13.55	3.0089	15.1198	5.0508	3
13.6	3.0037	14.9349	5.0379	3
13.65	2.9994	14.4774	5.0336	3
13.7	2.9949	14.8913	5.0403	3
13.75	2.9904	14.5694	5.0509	3
13.8	2.9855	14.7543	5.0633	3
13.85	2.9807	14.2361	5.0525	3
13.9	2.9757	14.6869	5.0563	3
13.95	2.9701	14.2721	5.0581	3
14	2.9654	14.2633	5.0647	3
14.05	2.9603	14.1993	5.0655	3
14.1	2.9551	14.3453	5.0538	3
14.15	2.9504	13.8721	5.065	3
14.2	2.9453	14.0453	5.0519	3
14.25	2.9397	14.1136	5.0386	3
14.3	2.9348	13.6819	5.0287	3
14.35	2.9295	13.9249	5.0218	3
14.4	2.9248	13.4923	5.0264	3
14.45	2.9195	13.6028	5.0306	3
14.5	2.914	13.8701	5.0421	3
14.55	2.909	13.0554	5.0493	3
14.6	2.9041	13.7428	5.0452	3
14.65	2.8982	13.3473	5.0537	3
14.7	2.8929	13.1266	5.0724	3
14.75	2.8878	13.0308	5.0852	3
14.8	2.8822	13.1218	5.0738	3
14.85	2.8762	13.2585	5.0696	3
14.9	2.8714	12.5095	5.0724	3
14.95	2.8664	13.0071	5.0691	3
15	2.8608	12.8748	5.0475	3
15.05	2.8549	12.5818	5.042	3
15.1	2.8501	12.5129	5.0509	3
15.15	2.8437	13.1369	5.0578	3
15.2	2.8386	12.1442	5.0467	3
15.25	2.8336	12.3172	5.0448	3
15.3	2.8275	12.6924	5.0478	3
15.35	2.8212	12.3694	5.0522	3
15.4	2.8166	11.7134	5.0669	3
15.45	2.8102	12.7937	5.0653	3
15.5	2.8039	11.8725	5.0495	3
15.55	2.7985	11.9	5.0426	3
15.6	2.7932	12.0327	5.0667	3
15.65	2.7862	12.2881	5.074	3
15.7	2.781	11.0944	5.0566	3
15.75	2.7753	11.8606	5.0564	3
15.8	2.7688	11.7651	5.0583	3
15.85	2.7629	11.5294	5.051	3
15.9	2.7569	11.6594	5.0512	3
15.95	2.7505	11.3192	5.0456	3
16	2.7448	11.3163	5.0303	3
16.05	2.7384	11.6509	5.0465	3
16.1	2.7328	10.6647	5.0615	3
16.15	2.7271	11.4291	5.0625	3
16.2	2.7203	11.2281	5.0446	3
16.25	2.7136	11.0281	5.0277	3
16.3	2.708	10.5448	5.0544	3
16.35	2.702	11.01	5.0787	3
16.4	2.6947	11.2473	5.0623	3
16.45	2.6891	9.9615	5.0654	3
16.5	2.6831	10.9833	5.0599	3
16.55	2.6756	10.9697	5.0512	3
16.6	2.6699	10.064	5.0652	3
16.65	2.6639	10.6444	5.0676	3
16.7	2.6563	10.8907	5.0654	3
16.75	2.6496	10.1405	5.0472	3
16.8	2.6436	10.1833	5.036	3
16.85	2.6366	10.2319	5.0318	3
16.9	2.63	9.8425	5.0128	3
16.95	2.6249	9.2756	5.0301	3
17	2.6185	10.0242	5.0379	3
17.05	2.6123	9.463	5.0245	3
17.1	2.6071	8.9729	5.0224	3
17.15	2.601	9.5756	5.0014	3
17.2	2.5947	9.437	5.0136	3
17.25	2.589	8.9214	5.0294	3
17.3	2.5837	8.9948	5.0305	3
17.35	2.5772	9.088	5.0376	3
17.4	2.5708	9.1862	5.028	3
17.45	2.5656	8.238	5.029	3
17.5	2.5597	9.1401	5.0279	3
17.55	2.553	8.8133	5.0293	3
17.6	2.5474	8.2879	5.022	3
17.65	2.5417	8.712	5.0245	3
17.7	2.535	8.6255	5.0431	3
17.75	2.5289	8.4377	5.0422	3
17.8	2.5228	8.4151	5.0385	3
17.85	2.5162	8.4373	5.0424	3
17.9	2.5104	8.0469	5.0391	3
17.95	2.5044	8.1134	5.0386	3
18	2.4979	8.2966	5.037	3
18.05	2.4914	7.9155	5.035	3
18.1	2.4854	7.8254	5.0427	3
18.15	2.4789	7.9554	5.0398	3
18.2	2.4717	8.0003	5.0449	3
18.25	2.4652	7.7504	5.0316	3
18.3	2.4588	7.8646	5.0332	3
18.35	2.4514	8.0393	5.0519	3
18.4	2.4448	7.5638	5.0504	3
18.45	2.4376	7.8978	5.0466	3
18.5	2.43	7.5636	5.0508	3
18.55	2.4226	7.8763	5.0542	3
18.6	2.4155	7.1747	5.0475	3
18.65	2.4083	7.9261	5.0483	3
18.7	2.4	7.2496	5.0597	3
18.75	2.3932	7.4227	5.0613	3
18.8	2.386	7.1549	5.0581	3
18.85	2.3784	7.4163	5.0376	3
18.9	2.3701	7.2354	5.0457	3
18.95	2.3625	7.0697	5.0525	3
19	2.3549	7.1171	5.0531	3
19.05	2.347	7.0946	5.0562	3
19.1	2.3392	6.9559	5.0537	3
19.15	2.3315	6.8421	5.0527	3
19.2	2.3229	7.2376	5.0554	3
19.25	2.3145	6.8553	5.0792	3
19.3	2.3066	6.5513	5.0806	3
19.35	2.2984	6.8956	5.0786	3
19.4	2.2891	7.0069	5.0813	3
19.45	2.2811	6.2182	5.0595	3
19.5	2.2726	6.9925	5.0688	3
19.55	2.2633	6.447	5.0706	3
19.6	2.2546	6.5903	5.0618	3
19.65	2.2459	6.4022	5.0704	3
19.7	2.237	6.521	5.0802	3
19.75	2.2278	6.2551	5.0706	3
19.8	2.2191	6.2209	5.0688	3
19.85	2.2099	6.3001	5.0556	3
19.9	2.2012	6.104	5.0638	3
19.95	2.1924	5.9705	5.0434	3
20	2.1829	6.4857	5.0295	3
20.05	2.1737	5.6968	5.0489	3
20.1	2.1643	6.2744	5.0551	3
20.15	2.1545	5.6981	5.0418	3
20.2	2.1453	5.7218	5.0293	3
20.25	2.1354	6.352	5.0435	3
20.3	2.1251	5.4306	5.0471	3
20.35	2.1161	5.5501	5.0306	3
20.4	2.1058	6.0034	5.0325	3
20.45	2.0959	5.3284	5.0406	3
20.5	2.0863	5.5395	5.0436	3
20.55	2.0759	5.6008	5.0476	3
20.6	2.0661	5.3689	5.0433	3
20.65	2.0564	5.1458	5.0632	3
20.7	2.0457	5.6703	5.0642	3
20.75	2.0356	4.9947	5.0515	3
20.8	2.0256	5.3035	5.0497	3
20.85	2.015	5.295	5.045	3
20.9	2.0044	4.7487	5.0493	3
20.95	1.994	5.4037	5.0391	3
21	1.9829	5.0569	5.0321	3
21.05	1.9726	4.4689	5.046	3
21.1	1.9618	5.4279	5.0399	3
21.15	1.9504	4.5472	5.0443	3
21.2	1.9408	4.4701	5.0549	3
21.25	1.9296	5.0218	5.0552	3
21.3	1.9173	4.9836	5.0468	3
21.35	1.907	3.9781	5.0383	3
21.4	1.8963	4.5087	5.047	3
21.45	1.8846	4.8508	5.0605	3
21.5	1.8738	4.0268	5.0607	3
21.55	1.8633	4.2856	5.0597	3
21.6	1.8515	4.5402	5.0566	3
21.65	1.8402	3.9025	5.0509	3
21.7	1.8292	4.1996	5.0359	3
21.75	1.8167	4.2995	5.034	3
21.8	1.8057	3.8699	5.0487	3
21.85	1.7944	3.969	5.038	4
21.9	1.7825	4.1564	5.0207	4
21.95	1.7708	3.6785	5.0433	4
22	1.7595	3.7174	5.0514	4
22.05	1.7473	3.7826	5.0524	4
22.1	1.7351	3.9715	5.0387	4
22.15	1.7241	3.2243	5.0373	4
22.2	1.7131	3.5811	5.0399	4
22.25	1.701	3.7646	5.0354	4
22.3	1.6903	3.1713	5.0463	4
22.35	1.6788	3.7094	5.0549	4
22.4	1.6674	3.296	5.0666	4
22.45	1.6571	3.1439	5.0627	4
22.5	1.6457	3.567	5.0297	4
22.55	1.6349	2.97	5.0299	4
22.6	1.6251	3.0352	5.052	4
22.65	1.6139	3.386	5.0545	4
22.7	1.6032	3.0019	5.0594	4
22.75	1.5933	3.0106	5.066	4
22.8	1.5838	2.8196	5.0773	4
22.85	1.5723	3.7275	5.0715	4
22.9	1.5619	2.3901	5.0664	4
22.95	1.5527	2.9816	5.0747	4
23	1.5425	2.8708	5.0579	4
23.05	1.5325	2.6886	5.0399	4
23.1	1.5232	2.4733	5.0398	4
23.15	1.5136	2.9562	5.0293	4
23.2	1.504	2.5637	5.0375	4
23.25	1.4949	2.4417	5.0433	4
23.3	1.4859	2.3491	5.0353	4
23.35	1.4766	2.8298	5.0315	4
23.4	1.4673	2.3302	5.0323	4
23.45	1.4589	2.2648	5.0404	4
23.5	1.45	2.1451	5.0508	4
23.55	1.4413	2.431	5.044	4
23.6	1.4324	2.0979	5.0428	4
23.65	1.4244	2.084	5.0275	4
23.7	1.4154	2.3586	5.0258	4
23.75	1.4071	2.0709	5.0284	4
23.8	1.3998	1.6403	5.0288	4
23.85	1.3916	2.4154	5.0302	4
23.9	1.3831	1.728	5.0294	4
23.95	1.3758	1.8032	5.0534	4
24	1.3678	1.839	5.0544	4
24.05	1.3602	1.8768	5.0378	4
24.1	1.3528	1.5946	5.0485	4
24.15	1.346	1.5377	5.0614	4
24.2	1.3382	1.7573	5.0369	4
24.25	1.3308	1.4821	5.0338	4
24.3	1.3239	1.5894	5.0397	4
24.35	1.3172	1.1341	5.0384	4
24.4	1.3099	1.8213	5.0358	4
24.45	1.3034	1.0397	5.0382	4
24.5	1.2967	1.4746	5.0476	4
24.55	1.2896	1.6434	5.0675	4
24.6	1.283	0.9519	5.0726	4
24.65	1.2777	0.8998	5.071	4
24.7	1.2709	1.8355	5.0661	4
24.75	1.2639	0.9277	5.0546	4
24.8	1.2586	0.9053	5.0414	4
24.85	1.2527	1.0319	5.033	4
24.9	1.2457	1.5831	5.0323	4
24.95	1.24	0.4051	5.0371	4
25	1.2345	1.1068	5.048	4
25.05	1.2274	1.424	5.0426	4
25.1	1.222	0.2319	5.043	4
25.15	1.217	1.0116	5.0437	4
25.2	1.2113	1.0062	5.0419	4
25.25	1.2054	0.8239	5.0414	4
25.3	1.2007	0.632	5.0294	4
25.35	1.195	0.8307	5.0282	4
25.4	1.1892	1.0046	5.0327	4
25.45	1.1842	0.356	5.0399	4
25.5	1.179	0.8729	5.0661	4
25.55	1.1735	0.7047	5.0659	4
25.6	1.1677	0.7581	5.0679	4
25.65	1.1632	0.4607	5.0593	4
25.7	1.1583	0.5407	5.0361	4
25.75	1.153	0.9684	5.0408	4
25.8	1.1476	0.4081	5.0452	4
25.85	1.1432	0.5292	5.0489	4
25.9	1.1383	0.5815	5.0383	4
25.95	1.1331	0.6162	5.0408	4
26	1.129	0.1809	5.0461	4
26.05	1.1238	0.7715	5.0511	4
26.1	1.1193	0.2672	5.0424	4
26.15	1.115	0.3031	5.0438	4
26.2	1.1099	0.7328	5.0431	4
26.25	1.1052	0.2338	5.0492	4
26.3	1.1008	0.4865	5.0444	4
26.35	1.0965	0.3949	5.0385	4
26.4	1.092	0.3369	5.0412	4
26.45	1.0876	0.3927	5.0365	4
26.5	1.0833	0.0249	5.0374	4
26.55	1.0789	0.5187	5.041	4
26.6	1.0741	0.3311	5.0417	4
26.65	1.0697	0.3676	5.0642	4
26.7	1.0659	0.1928	5.0677	4
26.75	1.0616	0.4763	5.0605	4
26.8	1.0572	0.1226	5.0698	4
26.85	1.0534	0.1569	5.0523	4
26.9	1.0491	0.4439	5.0575	4
26.95	1.0445	0.2894	5.0738	4
27	1.0408	-0.0539	5.0679	4
27.05	1.0368	0.1831	5.0655	4
27.1	1.0319	0.5506	5.0387	4
27.15	1.0279	0.0076	5.0297	4
27.2	1.0246	-0.0018	5.0456	4
27.25	1.0206	0.1889	5.0478	4
27.3	1.0165	0.2149	5.0453	4
27.35	1.0126	-0.0334	5.0339	4
27.4	1.0086	0.3719	5.0595	4
27.45	1.0045	0.2257	5.0625	4
27.5	1.0008	-0.1178	5.0513	4
27.55	0.9973	0.0818	5.0717	4
27.6	0.9924	0.403	5.0711	4
27.65	0.9887	-0.0527	5.0638	4
27.7	0.9856	-0.0624	5.0487	4
27.75	0.9814	0.2772	5.0385	4
27.8	0.9776	-0.0129	5.046	4
27.85	0.9736	0.2117	5.0661	4
27.9	0.9694	0.4441	5.0773	4
27.95	0.9657	-0.4512	5.0673	4
28	0.9624	0.3588	5.0426	4
28.05	0.9581	0.0473	5.0475	4
28.1	0.9546	-0.1021	5.0549	4
28.15	0.9509	0.2515	5.0605	4
28.2	0.9465	0.1384	5.0413	4
28.25	0.9428	0.0587	5.0443	4
28.3	0.9387	0.1123	5.0519	4
28.35	0.9345	0.1888	5.0431	4
28.4	0.9314	-0.1239	5.0527	4
28.45	0.9274	0.1504	5.055	4
28.5	0.9229	0.2613	5.0531	4
28.55	0.9191	-0.098	5.0529	4
28.6	0.9152	0.4754	5.0585	4
28.65	0.9113	0.0029	5.0671	4
28.7	0.9076	0.079	5.0605	4
28.75	0.9039	0.1521	5.0473	4
28.8	0.8996	0.323	5.0368	4
28.85	0.8958	0.0076	5.0443	4
28.9	0.8919	0.0616	5.0474	4
28.95	0.888	0.1451	5.0426	4
29	0.8836	0.4131	5.0386	4
29.05	0.88	-0.2254	5.0433	4
29.1	0.8764	0.321	5.0528	4
29.15	0.8723	0.0528	5.0506	4
29.2	0.8685	0.2448	5.049	4
29.25	0.8641	0.0808	5.0164	4
29.3	0.8605	0.0928	5.0175	4
29.35	0.8569	0.2908	5.0432	4
29.4	0.8526	0.0528	5.0499	4
29.45	0.8488	0.0798	5.0509	4
29.5	0.8447	0.1617	5.044	4
29.55	0.8407	0.235	5.0447	4
29.6	0.8367	0.2066	5.0472	4
29.65	0.8325	0.0616	5.0411	4
29.7	0.8288	0.3482	5.0375	4
29.75	0.825	-0.024	5.0312	4
29.8	0.8207	0.4343	5.0297	4
29.85	0.8172	-0.1163	5.0429	4
29.9	0.8129	0.6322	5.0523	4
29.95	0.8087	0.0937	5.048	4
30	0.8049	0.037	5.0534	4
30.05	0.8006	0.5499	5.0552	4
30.1	0.7961	0.0221	5.0409	4
30.15	0.7923	0.2763	5.0253	4
30.2	0.7874	0.5654	5.0238	4
30.25	0.7833	-0.1585	5.0284	4
30.3	0.7796	0.4763	5.0222	4
30.35	0.7749	0.2361	5.019	4
30.4	0.7715	0.0761	5.0379	4
30.45	0.7665	0.5724	5.0455	4
30.5	0.7624	0.1243	5.0505	4
30.55	0.7585	0.1501	5.0374	4
30.6	0.7547	0.181	5.0345	4
30.65	0.7507	0.3222	5.0256	4
30.7	0.7464	0.4195	5.0273	4
30.75	0.7427	0.0161	5.0288	4
30.8	0.7389	0.0908	5.0364	4
30.85	0.7348	0.4316	5.0436	4
30.9	0.7297	0.2645	5.031	4
30.95	0.7256	0.1995	5.0216	4
31	0.7214	0.0737	5.0228	4
31.05	0.7172	0.4933	5.0217	4
31.1	0.7131	0.1363	5.0331	4
31.15	0.7095	-0.0595	5.0497	4
31.2	0.7052	0.6431	5.037	4
31.25	0.7004	0.2147	5.0463	4
31.3	0.6967	0.0938	5.0721	4
31.35	0.6923	0.3117	5.0873	4
31.4	0.6876	0.3819	5.0902	4
31.45	0.684	0.0185	5.0834	4
31.5	0.6798	0.4096	5.0746	4
31.55	0.6753	0.3272	5.0585	4
31.6	0.6709	0.3064	5.0531	4
31.65	0.6672	0.0427	5.0634	4
31.7	0.6631	0.5089	5.0744	4
31.75	0.6586	0.3135	5.0908	4
31.8	0.6545	0.1455	5.0719	4
31.85	0.6498	0.6161	5.063	4
31.9	0.6454	0.0575	5.0801	4
31.95	0.6413	0.3224	5.084	4
32	0.6369	0.5677	5.079	4
32.05	0.6317	0.369	5.0748	4
32.1	0.6279	0.2071	5.0729	4
32.15	0.6229	0.5663	5.0695	4
32.2	0.6185	0.3566	5.0659	4
32.25	0.6146	-0.1373	5.0742	4
32.3	0.6105	0.6822	5.0815	4
32.35	0.6055	0.3994	5.0727	4
32.4	0.6022	-0.1856	5.0737	4
32.45	0.5979	0.7061	5.0603	4
32.5	0.5932	0.2295	5.0603	4
32.55	0.5893	0.1804	5.0669	4
32.6	0.5855	0.1351	5.0728	4
32.65	0.5802	0.6248	5.0743	4
32.7	0.5765	-0.2064	5.0597	4
32.75	0.5729	0.3541	5.0496	4
32.8	0.5684	0.4653	5.0473	4
32.85	0.5646	-0.1518	5.0502	4
32.9	0.5606	0.256	5.0607	4
32.95	0.5558	0.4786	5.0627	4
33	0.5517	-0.1295	5.059	4
33.05	0.5487	0.0389	5.0582	4
33.1	0.5442	0.4155	5.0507	4
33.15	0.5401	0.22	5.0487	4
33.2	0.5365	-0.2876	5.0532	4
33.25	0.5326	0.5228	5.0689	4
33.3	0.5282	0.1131	5.0701	4
33.35	0.5247	-0.0248	5.0549	4
33.4	0.5212	0.0309	5.032	4
33.45	0.5169	0.2726	5.0384	4
33.5	0.5131	-0.158	5.0401	4
33.55	0.5096	-0.0926	5.0441	4
33.6	0.5054	0.2759	5.0483	4
33.65	0.5015	0.2087	5.0495	4
33.7	0.4978	-0.2512	5.0563	4
33.75	0.4943	0.1375	5.0427	4
33.8	0.4903	0.1671	5.0423	4
33.85	0.487	-0.2704	5.0336	4
33.9	0.4836	-0.0239	5.032	4
33.95	0.4794	0.1538	5.0359	4
34	0.476	-0.2358	5.0352	4
34.05	0.473	-0.2423	5.0398	4
34.1	0.4693	0.1414	5.0421	4
34.15	0.4656	-0.2606	5.0461	4
34.2	0.4623	-0.1113	5.0402	4
34.25	0.4589	-0.295	5.0256	4
34.3	0.4556	0.1251	5.0255	4
34.35	0.4526	-0.3336	5.0255	4
34.4	0.4496	-0.1554	5.023	4
34.45	0.4458	0.0928	5.0302	4
34.5	0.442	-0.1572	5.0334	4
34.55	0.4392	-0.5271	5.0501	4
34.6	0.4361	0.1438	5.0552	4
34.65	0.4318	0.041	5.0417	4
34.7	0.4286	-0.4709	5.0355	4
34.75	0.4258	-0.1418	5.0314	4
34.8	0.4223	-0.0903	5.0405	4
34.85	0.4192	-0.3742	5.0588	4
34.9	0.4159	0.001	5.0455	4
34.95	0.4123	-0.1563	5.0646	4
35	0.4088	-0.1303	5.0681	4
35.05	0.4059	-0.5016	5.0605	4
35.1	0.4029	0.0138	5.0586	4
35.15	0.3994	-0.1702	5.0657	4
35.2	0.3967	-0.3281	5.0619	4
35.25	0.3932	-0.0097	5.043	4
35.3	0.3899	-0.171	5.0455	4
35.35	0.3868	-0.5422	5.0476	4
35.4	0.3837	0.1921	5.0445	4
35.45	0.3804	-0.628	5.0516	4
35.5	0.3778	-0.1259	5.0529	4
35.55	0.3745	-0.1722	5.0631	4
35.6	0.3715	-0.4557	5.0664	4
35.65	0.3683	-0.0109	5.0407	4
35.7	0.3649	-0.3396	5.0226	4
35.75	0.3624	-0.4836	5.0213	4
35.8	0.3597	-0.2965	5.0174	4
35.85	0.3565	-0.2962	5.0285	4
35.9	0.3537	-0.1913	5.0283	4
35.95	0.3504	-0.3193	5.0486	4
36	0.3475	-0.2615	5.0549	4
36.05	0.3445	-0.3499	5.0478	4
36.1	0.3413	-0.1089	5.0409	4
36.15	0.3387	-0.4775	5.0533	4
36.2	0.3358	-0.5039	5.0604	4
36.25	0.3333	-0.2854	5.0609	4
36.3	0.3297	-0.0866	5.0587	4
36.35	0.3271	-0.5698	5.0792	4
36.4	0.3242	-0.2599	5.0682	4
36.45	0.3207	-0.1381	5.0538	4
36.5	0.3178	-0.5378	5.053	4
36.55	0.3152	-0.4605	5.0508	4
36.6	0.3119	-0.0392	5.0425	4
36.65	0.3086	-0.3251	5.0417	4
36.7	0.3066	-0.5724	5.0665	4
36.75	0.3034	-0.3229	5.074	4
36.8	0.2999	0.0984	5.0681	4
36.85	0.2974	-0.8238	5.0631	4
36.9	0.2955	-0.3763	5.0607	4
36.95	0.2923	-0.1784	5.0502	4
37	0.2892	-0.4592	5.0459	4
37.05	0.287	-0.6888	5.051	4
37.1	0.2843	-0.1429	5.0563	4
37.15	0.2814	-0.4251	5.0604	4
37.2	0.2787	-0.528	5.0555	4
37.25	0.2759	-0.1572	5.0589	4
37.3	0.2727	-0.4447	5.0653	4
37.35	0.2706	-0.5254	5.0719	4
37.4	0.2678	-0.488	5.0735	4
37.45	0.2648	-0.1745	5.0685	4
37.5	0.2617	-0.4512	5.0677	4
37.55	0.2595	-0.6804	5.0615	4
37.6	0.2567	-0.1188	5.0614	4
37.65	0.2535	-0.2952	5.0631	4
37.7	0.2511	-0.6846	5.0679	4
37.75	0.2483	-0.3569	5.0708	4
37.8	0.2455	-0.513	5.0685	4
37.85	0.243	-0.4152	5.0733	4
37.9	0.2406	-0.6121	5.0814	4
37.95	0.2379	-0.2598	5.0807	4
38	0.2347	-0.334	5.0924	4
38.05	0.2323	-0.6422	5.0789	4
38.1	0.2302	-0.5866	5.0602	4
38.15	0.2272	-0.3241	5.0579	4
38.2	0.2249	-0.6781	5.0672	4
38.25	0.223	-0.7353	5.0795	4
38.3	0.2203	-0.3944	5.0734	4
38.35	0.2179	-0.6535	5.062	4
38.4	0.2157	-0.6215	5.0726	4
38.45	0.2135	-0.5589	5.0848	4
38.5	0.2112	-0.7381	5.0771	4
38.55	0.2094	-0.7876	5.0711	4
38.6	0.2072	-0.6547	5.0707	4
38.65	0.2051	-0.7669	5.0695	4
38.7	0.2032	-0.8814	5.0734	4
38.75	0.2009	-0.7292	5.0716	4
38.8	0.199	-0.88	5.0532	4
38.85	0.1975	-0.8968	5.058	4
38.9	0.196	-0.8858	5.0641	4
38.95	0.1942	-0.924	5.0691	4
39	0.1922	-0.6989	5.0859	4
39.05	0.1905	-1.1368	5.0727	4
39.1	0.1891	-0.7212	5.0641	4
39.15	0.1872	-0.9698	5.0562	4
39.2	0.1854	-0.9006	5.0517	4
39.25	0.1836	-1.0046	5.0514	4
39.3	0.1822	-0.9903	5.0641	4
39.35	0.1808	-1.1257	5.0593	4
39.4	0.1794	-0.8158	5.0496	4
39.45	0.1778	-0.9459	5.0486	4
39.5	0.1764	-1.1266	5.0668	4
39.55	0.1748	-0.8078	5.0704	4
39.6	0.1728	-0.911	5.0625	4
39.65	0.1713	-1.0058	5.0924	4
39.7	0.1703	-1.1059	5.1025	4
39.75	0.1685	-0.7203	5.1111	4
39.8	0.1666	-0.8962	5.0898	4
39.85	0.1654	-1.0363	5.0594	4
39.9	0.1638	-0.7944	5.0866	4
39.95	0.1621	-1.0088	5.0897	4
40	0.1603	-0.7745	5.0776	4
40.05	0.159	-0.9647	5.082	4
40.1	0.1572	-0.7773	5.0806	4
40.15	0.1555	-0.9264	5.0764	4
40.2	0.1536	-0.9044	5.081	4
40.25	0.1517	-0.6943	5.0667	4
40.3	0.1496	-0.8762	5.0667	4
40.35	0.1479	-0.9202	5.0694	4
40.4	0.1459	-0.6049	5.073	4
40.45	0.1443	-0.9283	5.0709	4
40.5	0.1429	-0.9753	5.0551	4
40.55	0.1408	-0.5256	5.0454	4
40.6	0.1387	-0.8218	5.0424	4
40.65	0.1375	-1.1267	5.0425	4
40.7	0.1358	-0.5496	5.0437	4
40.75	0.1336	-0.8577	5.0417	4
40.8	0.1321	-0.7528	5.0577	4
40.85	0.1302	-0.9935	5.0493	4
40.9	0.1282	-0.6926	5.0572	4
40.95	0.1266	-0.8772	5.055	4
41	0.1251	-1.076	5.0542	4
41.05	0.1228	-0.4059	5.0702	4
41.1	0.1211	-0.9225	5.0725	4
41.15	0.1197	-0.9425	5.0741	4
41.2	0.1176	-0.621	5.0774	4
41.25	0.1154	-0.8939	5.0589	4
41.3	0.1144	-1.0247	5.0613	4
41.35	0.1123	-0.5495	5.0656	4
41.4	0.1103	-0.9198	5.0629	4
41.45	0.1088	-0.8725	5.0603	4
41.5	0.1073	-0.9615	5.0608	4
41.55	0.1051	-0.5843	5.0756	4
41.6	0.1034	-0.9466	5.086	4
41.65	0.1021	-1.0078	5.0726	4
41.7	0.1005	-0.8952	5.0687	4
41.75	0.0984	-0.6559	5.078	4
41.8	0.0968	-1.2489	5.0757	4
41.85	0.0952	-0.6858	5.0684	4
41.9	0.0934	-0.9801	5.0651	4
41.95	0.0919	-0.8982	5.0793	4
42	0.0907	-1.2239	5.0809	4
42.05	0.0891	-0.7833	5.0872	4
42.1	0.0877	-1.1595	5.0807	4
42.15	0.0867	-0.9716	5.0712	4
42.2	0.0849	-0.9479	5.0755	4
42.25	0.0836	-0.8796	5.0846	4
42.3	0.0825	-1.2564	5.0966	4
42.35	0.0814	-1.0059	5.1074	4
42.4	0.0795	-1.1224	5.1122	4
42.45	0.0787	-1.2083	5.0946	4
42.5	0.0777	-1.1118	5.0893	4
42.55	0.0768	-1.1394	5.0952	4
42.6	0.0756	-1.2374	5.1006	4
42.65	0.0745	-1.1012	5.0751	4
42.7	0.0735	-1.2635	5.073	4
42.75	0.073	-1.3884	5.091	4
42.8	0.0718	-1.1036	5.0742	4
42.85	0.0712	-1.6282	5.0613	4
42.9	0.0706	-1.3142	5.0529	4
42.95	0.0696	-1.1851	5.0461	4
43	0.0689	-1.3187	5.0521	4
43.05	0.0684	-1.4675	5.061	4
43.1	0.0678	-1.3274	5.0694	4
43.15	0.0669	-1.1969	5.0748	4
43.2	0.0665	-1.4741	5.0804	4
43.25	0.0663	-1.6089	5.0749	4
43.3	0.0654	-1.1543	5.0865	4
43.35	0.065	-1.6393	5.0938	4
43.4	0.0649	-1.597	5.0762	4
43.45	0.0647	-1.3888	5.0627	4
43.5	0.0638	-1.2963	5.0566	4
43.55	0.0636	-1.6877	5.0487	4
43.6	0.0638	-1.6277	5.058	4
43.65	0.0632	-1.3328	5.0632	4
43.7	0.0631	-1.6865	5.0597	4
43.75	0.0633	-1.6631	5.0613	4
43.8	0.0627	-1.2354	5.0554	4
43.85	0.0621	-1.548	5.0683	4
43.9	0.062	-1.7563	5.0675	4
43.95	0.062	-1.4677	5.0495	4
44	0.0618	-1.6212	5.0439	4
44.05	0.062	-1.6617	5.0624	4
44.1	0.0618	-1.4536	5.0746	4
44.15	0.0614	-1.6693	5.0512	4
44.2	0.0616	-1.7425	5.0417	4
44.25	0.062	-1.7146	5.0562	4
44.3	0.0617	-1.4239	5.0702	4
44.35	0.0617	-1.7331	5.0698	4
44.4	0.0621	-1.95	5.0721	4
44.45	0.0618	-1.3128	5.0478	4
44.5	0.0617	-1.8206	5.0465	4
44.55	0.0624	-1.9419	5.0514	4
44.6	0.0626	-1.5795	5.0447	4
44.65	0.0627	-1.6965	5.0484	4
44.7	0.0628	-1.8969	5.0555	4
44.75	0.0631	-1.7998	5.0705	4
44.8	0.0628	-1.3622	5.0648	4
44.85	0.0634	-2.2251	5.0618	4
44.9	0.064	-1.8021	5.0614	4
44.95	0.0641	-1.594	5.0479	4
45	0.0645	-2.0417	5.0542	4
45.05	0.0658	-1.9752	5.056	4
45.1	0.0659	-1.5073	5.061	4
45.15	0.066	-1.899	5.061	4
45.2	0.0665	-1.743	5.0649	4
45.25	0.0668	-1.9687	5.082	4
45.3	0.0674	-1.7903	5.0739	4
45.35	0.0678	-1.9927	5.0731	4
45.4	0.0685	-1.7405	5.0778	4
45.45	0.069	-1.7249	5.0789	4
45.5	0.0694	-1.8199	5.0811	4
45.55	0.07	-2.0334	5.0789	4
45.6	0.0705	-1.7066	5.0817	4
45.65	0.0705	-1.6769	5.0823	4
45.7	0.0712	-2.0163	5.074	4
45.75	0.0712	-1.66	5.0686	4
45.8	0.0717	-1.9856	5.076	4
45.85	0.0723	-1.8343	5.084	4
45.9	0.0727	-1.8495	5.0711	4
45.95	0.0737	-1.993	5.0589	4
46	0.0739	-1.7348	5.0634	4
46.05	0.0741	-1.8519	5.0642	4
46.1	0.0752	-1.9011	5.0706	4
46.15	0.0752	-1.6805	5.0631	4
46.2	0.0757	-1.8294	5.0581	4
46.25	0.0763	-1.9399	5.0538	4
46.3	0.0764	-1.5326	5.0581	4
46.35	0.0771	-2.0583	5.0661	4
46.4	0.0771	-1.5955	5.0587	4
46.45	0.0777	-2.0411	5.0568	4
46.5	0.0782	-1.603	5.0634	4
46.55	0.0782	-1.7447	5.0542	4
46.6	0.0786	-1.7858	5.0581	4
46.65	0.0791	-1.8787	5.062	4
46.7	0.0794	-1.7106	5.0621	4
46.75	0.0798	-1.8855	5.0524	4
46.8	0.0806	-1.911	5.0655	4
46.85	0.0808	-1.626	5.0759	4
46.9	0.081	-1.6974	5.0742	4
46.95	0.0818	-2.0591	5.0597	4
47	0.0824	-1.5651	5.0613	4
47.05	0.082	-1.6499	5.0644	4
47.1	0.0824	-2.0177	5.0536	4
47.15	0.0832	-1.6636	5.0668	4
47.2	0.0831	-1.6963	5.0868	4
47.25	0.0838	-1.8579	5.0827	4
47.3	0.0837	-1.5977	5.0831	4
47.35	0.0836	-1.5952	5.0794	4
47.4	0.0837	-1.8983	5.0735	4
47.45	0.0844	-1.6869	5.0705	4
47.5	0.0841	-1.6206	5.0653	4
47.55	0.0845	-1.8255	5.0588	4
47.6	0.0847	-1.6866	5.0574	4
47.65	0.085	-1.6007	5.0601	4
47.7	0.0851	-1.6809	5.0566	4
47.75	0.0854	-1.681	5.0581	4
47.8	0.0853	-1.5022	5.0687	4
47.85	0.0853	-1.6685	5.0827	4
47.9	0.0858	-1.7534	5.0707	4
47.95	0.0858	-1.6984	5.0706	4
48	0.0861	-1.4818	5.0589	4
48.05	0.0862	-1.8582	5.0639	4
48.1	0.0862	-1.5876	5.097	4
48.15	0.0863	-1.6467	5.0913	4
48.2	0.0862	-1.4964	5.0763	4
48.25	0.0861	-1.6621	5.0605	4
48.3	0.0864	-1.7403	5.0654	4
48.35	0.0859	-1.4409	5.0717	4
48.4	0.0864	-1.8106	5.0503	4
48.45	0.0867	-1.7272	5.0539	4
48.5	0.0864	-1.1785	5.0436	4
48.55	0.0862	-2.0302	5.0547	4
48.6	0.0867	-1.5055	5.0523	4
48.65	0.0866	-1.6633	5.0456	4
48.7	0.087	-1.7391	5.0726	4
48.75	0.0871	-1.589	5.0839	4
48.8	0.0873	-1.7978	5.0771	4
48.85	0.0874	-1.6581	5.0752	4
48.9	0.0879	-1.8113	5.0724	4
48.95	0.0875	-1.5466	5.071	4
49	0.0878	-1.8548	5.0571	4
49.05	0.0884	-1.8571	5.0625	4
49.1	0.0887	-1.6271	5.0759	4
49.15	0.0886	-1.8448	5.0626	4
49.2	0.0894	-1.939	5.0668	4
49.25	0.0897	-1.6776	5.0642	4
49.3	0.0903	-1.8094	5.0476	4
49.35	0.0908	-1.847	5.0384	4
49.4	0.0915	-1.9052	5.044	4
49.45	0.0916	-1.7325	5.0642	4
49.5	0.0918	-1.7815	5.0825	4
49.55	0.0927	-1.8772	5.0567	4
49.6	0.0933	-1.8214	5.0533	4
49.65	0.0934	-1.5253	5.0497	4
49.7	0.0941	-1.9849	5.041	4
49.75	0.094	-1.4401	5.0448	4
49.8	0.0939	-1.6451	5.0607	4
49.85	0.0944	-1.8156	5.0737	4
49.9	0.0944	-1.4216	5.0708	4
49.95	0.0939	-1.6809	5.0631	4
50	0.0939	-1.5221	5.0641	4
50.05	0.0943	-1.7694	5.0686	4
50.1	0.0942	-1.3135	5.0603	4
50.15	0.0935	-1.4753	5.0654	4
50.2	0.0931	-1.6952	5.0693	4
50.25	0.0928	-1.2747	5.0596	4
50.3	0.0927	-1.7295	5.0645	4
50.35	0.0932	-1.6537	5.076	4
50.4	0.0934	-1.5804	5.073	4
50.45	0.0929	-1.3545	5.0646	4
50.5	0.0929	-1.6795	5.073	4
50.55	0.0929	-1.5957	5.083	4
50.6	0.0923	-1.1946	5.0779	4
50.65	0.0925	-1.8447	5.0742	4
50.7	0.0931	-1.7589	5.0577	4
50.75	0.0926	-1.208	5.0576	4
50.8	0.0922	-1.944	5.0706	4
50.85	0.0929	-1.5574	5.0647	4
50.9	0.0931	-1.719	5.0553	4
50.95	0.0928	-1.3321	5.0575	4
51	0.0931	-1.8574	5.0601	4
51.05	0.093	-1.4911	5.0675	4
51.1	0.0933	-1.7608	5.0781	4
51.15	0.0932	-1.4764	5.0881	4
51.2	0.0932	-1.8326	5.0768	4
51.25	0.0933	-1.435	5.0773	4
51.3	0.093	-1.808	5.0752	4
51.35	0.0937	-1.5606	5.0591	4
51.4	0.0934	-1.6451	5.0535	4
51.45	0.0931	-1.2552	5.0672	4
51.5	0.0936	-1.8703	5.08	4
51.55	0.0934	-1.3726	5.0701	4
51.6	0.0929	-1.457	5.082	4
51.65	0.0926	-1.4651	5.0988	4
51.7	0.0924	-1.3507	5.1002	4
51.75	0.0923	-1.5507	5.0951	4
51.8	0.0915	-1.2471	5.0936	4
51.85	0.0914	-1.5022	5.1037	4
51.9	0.091	-1.587	5.107	4
51.95	0.0904	-1.0495	5.0965	4
52	0.0902	-1.7858	5.0953	4
52.05	0.09	-1.3424	5.091	4
52.1	0.0897	-1.3412	5.0781	4
52.15	0.0894	-1.6916	5.0868	4
52.2	0.089	-1.3234	5.088	4
52.25	0.089	-1.7283	5.0978	4
52.3	0.0883	-1.1479	5.0918	4
52.35	0.0882	-1.6258	5.0843	4
52.4	0.0879	-1.439	5.0903	4
52.45	0.0872	-1.1106	5.0843	4
52.5	0.0871	-1.8034	5.0932	4
52.55	0.0871	-1.2958	5.1038	4
52.6	0.0864	-1.4948	5.0918	4
52.65	0.0862	-1.5477	5.0926	4
52.7	0.0864	-1.4166	5.0878	4
52.75	0.0861	-1.5565	5.0878	4
52.8	0.0857	-1.2931	5.1075	4
52.85	0.0856	-1.6866	5.1065	4
52.9	0.0857	-1.2993	5.0942	4
52.95	0.0852	-1.4414	5.081	4
53	0.0847	-1.4017	5.0921	4
53.05	0.0841	-1.3735	5.108	4
53.1	0.0838	-1.6134	5.0834	4
53.15	0.0837	-1.3827	5.0796	4
53.2	0.0834	-1.5398	5.0902	4
53.25	0.083	-1.3958	5.1024	4
53.3	0.0827	-1.3661	5.1026	4
53.35	0.082	-1.4396	5.0799	4
53.4	0.0821	-1.4844	5.0781	4
53.45	0.0819	-1.3983	5.081	4
53.5	0.0816	-1.4986	5.0768	4
53.55	0.0812	-1.5488	5.0632	4
53.6	0.0806	-1.3005	5.0542	4
53.65	0.0804	-1.576	5.081	4
53.7	0.0801	-1.2139	5.0988	4
53.75	0.0798	-1.771	5.0952	4
53.8	0.0795	-1.2475	5.0923	4
53.85	0.079	-1.4322	5.0892	4
53.9	0.0786	-1.4422	5.1	4
53.95	0.0787	-1.5759	5.0912	4
54	0.0778	-1.081	5.0758	4
54.05	0.0772	-1.6342	5.0924	4
54.1	0.0772	-1.312	5.1075	4
54.15	0.0765	-1.3105	5.1043	4
54.2	0.0763	-1.5779	5.1028	4
54.25	0.0761	-1.5724	5.0876	4
54.3	0.0754	-1.0575	5.0939	4
54.35	0.0753	-1.5584	5.104	4
54.4	0.0751	-1.478	5.0931	4
54.45	0.0744	-1.1966	5.0844	4
54.5	0.0735	-1.436	5.0789	4
54.55	0.0732	-1.5257	5.0885	4
54.6	0.0727	-1.2808	5.0916	4
54.65	0.0724	-1.579	5.0831	4
54.7	0.0724	-1.5199	5.0913	4
54.75	0.0718	-1.3256	5.0889	4
54.8	0.0718	-1.5014	5.0832	4
54.85	0.0716	-1.4911	5.0755	4
54.9	0.0711	-1.3768	5.085	4
54.95	0.0711	-1.6769	5.11	4
55	0.0707	-1.2547	5.1032	4
55.05	0.0703	-1.4504	5.0942	4
55.1	0.0701	-1.585	5.1031	4
55.15	0.0699	-1.3941	5.1012	4
55.2	0.0697	-1.5446	5.0917	4
55.25	0.0697	-1.5597	5.079	4
55.3	0.0697	-1.531	5.0785	4
55.35	0.0693	-1.3886	5.0768	4
55.4	0.0691	-1.6517	5.0784	4
55.45	0.0691	-1.6081	5.078	4
55.5	0.069	-1.3896	5.0788	4
55.55	0.0689	-1.7389	5.0832	4
55.6	0.0685	-1.2707	5.0831	4
55.65	0.0682	-1.7777	5.0726	4
55.7	0.068	-1.2651	5.0712	4
55.75	0.0677	-1.558	5.076	4
55.8	0.0679	-1.5982	5.0734	4
55.85	0.0679	-1.4047	5.0795	4
55.9	0.0676	-1.5969	5.0779	4
55.95	0.0674	-1.4162	5.0901	4
56	0.0668	-1.4353	5.1081	4
56.05	0.0664	-1.5056	5.1018	4
56.1	0.0665	-1.2942	5.1017	4
56.15	0.0654	-1.5989	5.1088	4
56.2	0.0651	-1.1825	5.0972	4
56.25	0.0646	-1.5944	5.0933	4
56.3	0.0645	-1.323	5.0911	4
56.35	0.0643	-1.2942	5.093	4
56.4	0.0637	-1.3599	5.0822	4
56.45	0.063	-1.3294	5.0738	4
56.5	0.0625	-1.3851	5.0822	4
56.55	0.0612	-1.2048	5.0897	4
56.6	0.061	-1.4223	5.0838	4
56.65	0.0604	-1.2607	5.0659	4
56.7	0.0599	-1.2969	5.0492	4
56.75	0.0592	-1.3775	5.0579	4
56.8	0.0588	-1.3333	5.0716	4
56.85	0.058	-1.2135	5.0766	4
56.9	0.0574	-1.3997	5.0731	4
56.95	0.0569	-1.292	5.0742	4
57	0.0565	-1.207	5.077	4
57.05	0.0555	-1.3604	5.0683	4
57.1	0.0553	-1.6099	5.0806	4
57.15	0.0549	-1.2891	5.0761	4
57.2	0.054	-1.2498	5.0686	4
57.25	0.0538	-1.5814	5.0735	4
57.3	0.0538	-1.4371	5.0745	4
57.35	0.0532	-1.1188	5.0606	4
57.4	0.0527	-1.6555	5.055	4
57.45	0.0526	-1.4852	5.0566	4
57.5	0.052	-1.2229	5.0652	4
57.55	0.0517	-1.7179	5.08	4
57.6	0.0523	-1.688	5.0799	4
57.65	0.0518	-1.1893	5.0773	4
57.7	0.0515	-1.649	5.0605	4
57.75	0.0514	-1.6578	5.0693	4
57.8	0.0507	-1.2045	5.0781	4
57.85	0.0507	-1.6927	5.0729	4
57.9	0.0506	-1.5526	5.087	4
57.95	0.0505	-1.5614	5.0699	4
58	0.0503	-1.5308	5.0673	4
58.05	0.0504	-1.7128	5.0849	4
58.1	0.0503	-1.5787	5.092	4
58.15	0.0504	-1.725	5.0847	4
58.2	0.0506	-1.6777	5.0738	4
58.25	0.0509	-1.6169	5.081	4
58.3	0.0506	-1.5567	5.0775	4
58.35	0.0507	-1.5845	5.0578	4
58.4	0.0511	-1.9936	5.0552	4
58.45	0.0512	-1.3548	5.0501	4
58.5	0.0513	-1.7947	5.0542	4
58.55	0.0516	-1.7298	5.0694	4
58.6	0.0518	-1.5616	5.0642	4
58.65	0.0514	-1.6299	5.0774	4
58.7	0.0519	-1.7667	5.0701	4
58.75	0.052	-1.5515	5.0611	4
58.8	0.0518	-1.7134	5.067	4
58.85	0.0521	-1.7136	5.0719	4
58.9	0.0525	-1.8096	5.0642	4
58.95	0.0527	-1.5721	5.0572	4
59	0.0529	-1.8222	5.0642	4
59.05	0.0532	-1.8422	5.0686	4
59.1	0.0538	-1.7571	5.0663	4
59.15	0.0539	-1.6035	5.0482	4
59.2	0.0542	-1.9966	5.031	4
59.25	0.0547	-1.6219	5.0398	4
59.3	0.055	-1.855	5.0471	4
59.35	0.0553	-1.6485	5.0341	4
59.4	0.0561	-2.027	5.0404	4
59.45	0.056	-1.4093	5.0516	4
59.5	0.0564	-1.9379	5.0505	4
59.55	0.0572	-1.8029	5.057	4
59.6	0.0573	-1.5862	5.0543	4
59.65	0.0581	-2.0227	5.0634	4
59.7	0.0584	-1.6981	5.0595	4
59.75	0.0582	-1.47	5.0544	4
59.8	0.0586	-2.1509	5.0442	4
59.85	0.0595	-1.6162	5.0322	4
59.9	0.0593	-1.5761	5.0295	4
59.95	0.0603	-2.1867	5.043	4
60	0.0609	-1.6892	5.0432	4
60.05	0.061	-1.7029	5.062	4
60.1	0.0613	-1.9744	5.079	4
60.15	0.0629	-1.9865	5.0708	4
60.2	0.0625	-1.5014	5.0423	4
60.25	0.0636	-2.1835	5.0405	4
60.3	0.0642	-1.7132	5.0683	4
60.35	0.0645	-1.9637	5.0807	4
60.4	0.0647	-1.6679	5.0799	4
60.45	0.066	-2.3647	5.0836	4
60.5	0.0669	-1.8426	5.076	4
60.55	0.0671	-1.5557	5.0789	4
60.6	0.0675	-2.2646	5.0748	4
60.65	0.0694	-2.0052	5.054	4
60.7	0.0687	-1.2835	5.0518	4
60.75	0.0694	-2.6114	5.0523	4
60.8	0.0712	-1.7594	5.0748	4
60.85	0.0715	-2.0655	5.0825	4
60.9	0.0729	-2.0248	5.0815	4
60.95	0.0742	-2.1587	5.0797	4
61	0.0742	-1.81	5.0697	4
61.05	0.076	-2.0554	5.0692	4
61.1	0.0766	-2.2749	5.0827	4
61.15	0.0782	-2.0651	5.0863	4
61.2	0.0793	-2.0613	5.0758	4
61.25	0.08	-2.1907	5.0715	4
61.3	0.0819	-2.0678	5.0897	4
61.35	0.0827	-2.2678	5.092	4
61.4	0.0838	-2.0398	5.0896	4
61.45	0.0853	-2.403	5.1003	4
61.5	0.0862	-1.9842	5.0826	4
61.55	0.0877	-2.1404	5.0855	4
61.6	0.0888	-2.3114	5.1021	4
61.65	0.0903	-2.2685	5.0999	4
61.7	0.0915	-1.9743	5.0888	4
61.75	0.0929	-2.3684	5.0889	4
61.8	0.0943	-2.1499	5.0917	4
61.85	0.0951	-2.08	5.0882	4
61.9	0.0963	-2.2635	5.0761	4
61.95	0.0985	-2.5118	5.0846	4
62	0.0997	-2.1248	5.0863	4
62.05	0.1004	-1.9774	5.0767	4
62.1	0.1023	-2.6672	5.0778	4
62.15	0.1036	-2.0539	5.0823	4
62.2	0.1045	-1.9643	5.0886	4
62.25	0.1063	-2.637	5.089	4
62.3	0.1077	-1.9311	5.0801	4
62.35	0.1088	-2.3778	5.0856	4
62.4	0.1102	-2.2709	5.0775	4
62.45	0.1122	-2.3483	5.0807	4
62.5	0.1129	-2.244	5.0898	4
62.55	0.1147	-1.9577	5.093	4
62.6	0.1168	-2.9595	5.0923	4
62.65	0.1181	-1.5743	5.068	4
62.7	0.1193	-2.4991	5.0766	4
62.75	0.1209	-2.3469	5.0893	4
62.8	0.1217	-1.8548	5.0759	4
62.85	0.1229	-2.4488	5.065	4
62.9	0.1245	-2.3368	5.0834	4
62.95	0.1262	-2.2809	5.0887	4
63	0.1272	-1.9855	5.0928	4
63.05	0.1288	-2.5181	5.0978	4
63.1	0.1311	-2.4184	5.1	4
63.15	0.1314	-1.6774	5.0892	4
63.2	0.133	-2.7179	5.0835	4
63.25	0.1347	-2.254	5.0731	4
63.3	0.1351	-1.6809	5.0697	4
63.35	0.1372	-2.9246	5.0601	4
63.4	0.1393	-2.1377	5.0483	4
63.45	0.1404	-2.1831	5.0552	4
63.5	0.142	-2.5617	5.0835	4
63.55	0.1441	-2.2596	5.0903	4
63.6	0.1451	-2.1863	5.0912	4
63.65	0.1462	-2.0194	5.0948	4
63.7	0.1482	-2.4679	5.0928	4
63.75	0.149	-2.0219	5.0802	4
63.8	0.1504	-2.0238	5.0768	4
63.85	0.1518	-2.4604	5.0876	4
63.9	0.1528	-1.8179	5.0855	4
63.95	0.1543	-2.4204	5.0688	4
64	0.1548	-1.9412	5.0768	4
64.05	0.1562	-2.1845	5.0793	4
64.1	0.1572	-2.2874	5.0681	4
64.15	0.1581	-1.7301	5.0726	4
64.2	0.1593	-2.4849	5.0744	4
64.25	0.1604	-1.7854	5.092	4
64.3	0.1617	-2.1724	5.0921	4
64.35	0.163	-2.1353	5.0692	4
64.4	0.1638	-1.8007	5.0618	4
64.45	0.1644	-2.0833	5.0659	4
64.5	0.1654	-2.0115	5.0768	4
64.55	0.1668	-2.0959	5.0676	4
64.6	0.1675	-1.9369	5.0595	4
64.65	0.1685	-2.047	5.0753	4
64.7	0.1693	-2.0688	5.0923	4
64.75	0.1703	-1.8963	5.0872	4
64.8	0.1711	-2.252	5.0798	4
64.85	0.1721	-1.7744	5.0745	4
64.9	0.1729	-2.1019	5.0758	4
64.95	0.1739	-1.9339	5.0835	4
65	0.1748	-1.8459	5.0929	4
65.05	0.1755	-2.2141	5.0987	4
65.1	0.176	-1.5953	5.1087	4
65.15	0.1764	-2.0439	5.105	4
65.2	0.1774	-2.1118	5.093	4
65.25	0.1781	-1.5693	5.0869	4
65.3	0.1787	-2.1681	5.0796	4
65.35	0.1799	-1.9032	5.0669	4
65.4	0.1805	-1.9374	5.0736	4
65.45	0.1807	-1.7855	5.073	4
65.5	0.1819	-2.0158	5.088	4
65.55	0.1826	-1.7986	5.1001	4
65.6	0.1833	-1.6719	5.1052	4
65.65	0.1839	-2.1407	5.1069	4
65.7	0.1844	-1.6963	5.0931	4
65.75	0.1845	-1.5729	5.1017	4
65.8	0.1848	-2.1401	5.1189	4
65.85	0.1855	-1.5497	5.1077	4
65.9	0.1859	-1.8969	5.1016	4
65.95	0.1865	-1.8076	5.093	4
66	0.1875	-1.7398	5.0906	4
66.05	0.1873	-1.7243	5.1002	4
66.1	0.1876	-1.7821	5.0924	4
66.15	0.1878	-1.7256	5.0885	4
66.2	0.1883	-1.762	5.0884	4
66.25	0.1885	-1.5637	5.0838	4
66.3	0.1891	-2.0778	5.0884	4
66.35	0.1891	-1.4387	5.0902	4
66.4	0.1888	-1.7109	5.0792	4
66.45	0.1896	-1.8806	5.0668	4
66.5	0.1897	-1.535	5.0612	4
66.55	0.1896	-1.6191	5.0782	4
66.6	0.1906	-2.151	5.0876	4
66.65	0.1905	-1.1365	5.0985	4
66.7	0.1904	-2.0258	5.0915	4
66.75	0.1912	-1.6521	5.0809	4
66.8	0.191	-1.5812	5.0773	4
66.85	0.1916	-1.7875	5.0865	4
66.9	0.1918	-1.5804	5.0823	4
66.95	0.1917	-1.5895	5.0874	4
67	0.192	-1.8589	5.0928	4
67.05	0.1922	-1.5333	5.0994	4
67.1	0.192	-1.5601	5.0863	4
67.15	0.1927	-1.9241	5.0599	4
67.2	0.193	-1.4401	5.0585	4
67.25	0.1929	-1.6329	5.0633	4
67.3	0.193	-1.7078	5.0764	4
67.35	0.1933	-1.5647	5.0794	4
67.4	0.1934	-1.8477	5.0866	4
67.45	0.1937	-1.4763	5.0989	4
67.5	0.1933	-1.5847	5.0898	4
67.55	0.1937	-1.7046	5.0756	4
67.6	0.1937	-1.5872	5.0934	4
67.65	0.1934	-1.5304	5.0893	4
67.7	0.1935	-1.6923	5.0819	4
67.75	0.1935	-1.4665	5.0944	4
67.8	0.1936	-1.9101	5.0983	4
67.85	0.1942	-1.4422	5.0876	4
67.9	0.1936	-1.5996	5.0783	4
67.95	0.1941	-1.5545	5.0731	4
68	0.1943	-1.809	5.0843	4
68.05	0.1942	-1.2854	5.0921	4
68.1	0.1944	-1.8478	5.0842	4
68.15	0.1947	-1.6439	5.0915	4
68.2	0.1947	-1.4058	5.0964	4
68.25	0.1946	-1.8021	5.0945	4
68.3	0.1949	-1.6166	5.08	4
68.35	0.1948	-1.4613	5.087	4
68.4	0.1944	-1.5021	5.0945	4
68.45	0.1946	-1.5843	5.103	4
68.5	0.1942	-1.5886	5.0942	4
68.55	0.1939	-1.3912	5.0977	4
68.6	0.1937	-1.4569	5.1036	4
68.65	0.194	-1.7534	5.0903	4
68.7	0.1938	-1.1037	5.0913	4
68.75	0.1933	-1.7831	5.0885	4
68.8	0.1934	-1.3463	5.0896	4
68.85	0.1934	-1.5083	5.0956	4
68.9	0.193	-1.4662	5.0907	4
68.95	0.193	-1.6368	5.0917	4
69	0.1923	-1.2932	5.0967	4
69.05	0.192	-1.5347	5.0888	4
69.1	0.1924	-1.5411	5.084	4
69.15	0.1923	-1.6279	5.0804	4
69.2	0.1918	-1.1598	5.0932	4
69.25	0.1917	-1.7775	5.1012	4
69.3	0.1914	-1.2929	5.093	4
69.35	0.1914	-1.6116	5.0924	4
69.4	0.1909	-1.3756	5.089	4
69.45	0.1907	-1.5827	5.0744	4
69.5	0.1907	-1.5557	5.0534	4
69.55	0.1904	-1.4814	5.0389	4
69.6	0.1904	-1.473	5.0434	4
69.65	0.19	-1.5881	5.0478	4
69.7	0.1904	-1.4198	5.0528	4
69.75	0.1901	-1.75	5.0509	4
69.8	0.1895	-1.0655	5.0431	4
69.85	0.1897	-1.9991	5.0462	4
69.9	0.19	-1.2686	5.0578	4
69.95	0.1894	-1.314	5.0531	4
70	0.1893	-1.6249	5.0479	4
70.05	0.1893	-1.4036	5.0459	4
70.1	0.1886	-1.3141	5.0593	4
70.15	0.1884	-1.6744	5.0732	4
70.2	0.1881	-1.2985	5.0593	4
70.25	0.188	-1.6167	5.0575	4
70.3	0.1876	-1.2439	5.0568	4
70.35	0.1872	-1.5633	5.0566	4
70.4	0.1872	-1.3495	5.0704	4
70.45	0.1869	-1.5391	5.0759	4
70.5	0.1867	-1.4998	5.083	4
70.55	0.1861	-1.4566	5.081	4
70.6	0.186	-1.5292	5.0689	4
70.65	0.1859	-1.4279	5.0623	4
70.7	0.1856	-1.4068	5.0493	4
70.75	0.1855	-1.4828	5.062	4
70.8	0.1849	-1.3166	5.0574	4
70.85	0.1846	-1.6314	5.0622	4
70.9	0.1844	-1.2858	5.0788	4
70.95	0.1842	-1.5357	5.0685	4
71	0.1843	-1.538	5.0674	4
71.05	0.1839	-1.3519	5.068	4
71.1	0.1838	-1.6691	5.0554	4
71.15	0.1836	-1.3508	5.0468	4
71.2	0.1831	-1.4627	5.0345	4
71.25	0.183	-1.7596	5.0304	4
71.3	0.1832	-1.4431	5.0501	4
71.35	0.1826	-1.5265	5.0555	4
71.4	0.1829	-1.6494	5.0617	4
71.45	0.1831	-1.6819	5.0577	4
71.5	0.1827	-1.4042	5.0426	4
71.55	0.1829	-1.7706	5.0492	4
71.6	0.1831	-1.6938	5.0487	4
71.65	0.1833	-1.5674	5.0514	4
71.7	0.1834	-1.5711	5.045	4
71.75	0.1837	-1.8733	5.04	4
71.8	0.1838	-1.5115	5.043	4
71.85	0.184	-1.7301	5.048	4
71.9	0.1842	-1.7193	5.0435	4
71.95	0.1844	-1.7906	5.042	4
72	0.1847	-1.5894	5.0597	4
72.05	0.1853	-1.8636	5.0698	4
72.1	0.1858	-1.7477	5.0592	4
72.15	0.1859	-1.5473	5.0717	4
72.2	0.1863	-1.8419	5.0754	4
72.25	0.1869	-1.7262	5.0683	4
72.3	0.1867	-1.6902	5.0862	4
72.35	0.1867	-1.6236	5.0805	4
72.4	0.1873	-1.9487	5.0833	4
72.45	0.1883	-1.8164	5.0889	4
72.5	0.1885	-1.554	5.0929	4
72.55	0.189	-2.1673	5.0921	4
72.6	0.1898	-1.7937	5.089	4
72.65	0.1895	-1.5961	5.0922	4
72.7	0.1907	-2.2361	5.0861	4
72.75	0.1917	-1.645	5.0713	4
72.8	0.1913	-1.6935	5.0802	4
72.85	0.1922	-2.1354	5.0783	4
72.9	0.1929	-1.749	5.0592	4
72.95	0.1929	-1.6094	5.0604	4
73	0.1939	-2.0498	5.0563	4
73.05	0.1939	-1.6537	5.057	4
73.1	0.1947	-1.9991	5.0532	4
73.15	0.1956	-1.8586	5.055	4
73.2	0.1959	-1.7385	5.0662	4
73.25	0.1968	-2.0687	5.0727	4
73.3	0.1972	-1.5898	5.094	4
73.35	0.1972	-1.7549	5.0779	4
73.4	0.1982	-2.0286	5.0534	4
73.45	0.1981	-1.374	5.0625	4
73.5	0.1982	-2.0147	5.0757	4
73.55	0.1992	-1.7857	5.0706	4
73.6	0.1995	-1.5498	5.072	4
73.65	0.1996	-1.8038	5.077	4
73.7	0.2002	-1.8684	5.0638	4
73.75	0.2003	-1.6179	5.0647	4
73.8	0.2004	-1.7252	5.0728	4
73.85	0.201	-1.7796	5.0692	4
73.9	0.2015	-1.7796	5.0732	4
73.95	0.2019	-1.6724	5.066	4
74	0.2023	-2.0363	5.0582	4
74.05	0.203	-1.6745	5.0568	4
74.1	0.2032	-1.8519	5.0484	4
74.15	0.2035	-1.6695	5.045	4
74.2	0.2043	-1.9152	5.0504	4
74.25	0.2049	-1.6962	5.0552	4
74.3	0.2056	-2.0236	5.0441	4
74.35	0.2062	-1.7768	5.0406	4
74.4	0.2065	-1.8268	5.0443	4
74.45	0.2075	-2.0742	5.0453	4
74.5	0.2078	-1.5761	5.0422	4
74.55	0.208	-1.7412	5.0443	4
74.6	0.209	-2.2811	5.0623	4
74.65	0.2096	-1.4933	5.0601	4
74.7	0.2096	-1.9928	5.0586	4
74.75	0.2109	-2.0231	5.0556	4
74.8	0.2113	-1.7689	5.0483	4
74.85	0.2119	-1.7819	5.0604	4
74.9	0.2127	-1.9948	5.0499	4
74.95	0.2134	-1.8786	5.0552	4
75	0.214	-1.7672	5.0487	4
75.05	0.2143	-1.6371	5.0483	4
75.1	0.215	-2.1143	5.0729	4
75.15	0.2155	-1.61	5.0799	4
75.2	0.2155	-1.6971	5.075	4
75.25	0.2163	-2.2003	5.0787	4
75.3	0.2169	-1.5033	5.0918	4
75.35	0.2164	-1.808	5.0966	4
75.4	0.2173	-1.8408	5.0852	4
75.45	0.218	-1.8083	5.1032	4
75.5	0.2177	-1.3539	5.1124	4
75.55	0.2181	-1.9181	5.0978	4
75.6	0.2187	-1.7857	5.0818	4
75.65	0.2192	-1.6781	5.0622	4
75.7	0.2194	-1.7121	5.0838	4
75.75	0.2198	-1.8664	5.0876	4
75.8	0.2197	-1.3777	5.0625	4
75.85	0.2194	-1.5532	5.0564	4
75.9	0.2195	-1.79	5.0543	4
75.95	0.22	-1.6079	5.0543	4
76	0.2193	-1.2179	5.0745	4
76.05	0.2197	-1.8862	5.0738	4
76.1	0.22	-1.6086	5.0847	4
76.15	0.2193	-1.1439	5.0961	4
76.2	0.2189	-1.6788	5.0695	4
76.25	0.2197	-1.774	5.0665	4
76.3	0.219	-1.0699	5.0736	4
76.35	0.2184	-1.4875	5.0683	4
76.4	0.2184	-1.6268	5.0611	4
76.45	0.2182	-1.2376	5.0579	4
76.5	0.2169	-1.2311	5.0648	4
76.55	0.2169	-1.5788	5.0579	4
76.6	0.2168	-1.5277	5.0534	4
76.65	0.2165	-1.0973	5.0628	4
76.7	0.2159	-1.5875	5.0628	4
76.75	0.2161	-1.4417	5.0557	4
76.8	0.2151	-1.2183	5.0571	4
76.85	0.2147	-1.331	5.0667	4
76.9	0.2141	-1.5776	5.0564	4
76.95	0.2134	-1.0563	5.0466	4
77	0.2127	-1.5561	5.0578	4
77.05	0.2128	-1.3703	5.06	4
77.1	0.2129	-1.4847	5.0689	4
77.15	0.2121	-1.0894	5.0955	4
77.2	0.2116	-1.5305	5.0874	4
77.25	0.2115	-1.3575	5.0739	4
77.3	0.2108	-1.2367	5.0683	4
77.35	0.2102	-1.3303	5.0639	4
77.4	0.21	-1.5654	5.0781	4
77.45	0.2094	-1.1024	5.0686	4
77.5	0.2089	-1.6398	5.0657	4
77.55	0.2088	-1.434	5.0715	4
77.6	0.2087	-1.3466	5.0764	4
77.65	0.2078	-1.2515	5.0687	4
77.7	0.2079	-1.7798	5.0615	4
77.75	0.2072	-1.0024	5.0646	4
77.8	0.2063	-1.542	5.0674	4
77.85	0.2062	-1.4466	5.0653	4
77.9	0.2062	-1.6468	5.0701	4
77.95	0.2056	-1.2725	5.0607	4
78	0.2058	-1.7563	5.0704	4
78.05	0.2058	-1.5092	5.0679	4
78.1	0.2057	-1.3944	5.0601	4
78.15	0.2056	-1.5913	5.075	4
78.2	0.2056	-1.6134	5.0688	4
78.25	0.2054	-1.3962	5.0604	4
78.3	0.2054	-1.7901	5.0622	4
78.35	0.2057	-1.6161	5.0523	4
78.4	0.2059	-1.5538	5.0602	4
78.45	0.2056	-1.4662	5.0722	4
78.5	0.2059	-1.7304	5.0616	4
78.55	0.2061	-1.63	5.0595	4
78.6	0.2058	-1.5959	5.0683	4
78.65	0.2063	-1.8274	5.0777	4
78.7	0.2059	-1.4793	5.0742	4
78.75	0.2061	-1.6984	5.0653	4
78.8	0.2064	-1.7299	5.0738	4
78.85	0.2067	-1.556	5.0508	4
78.9	0.207	-1.9513	5.0375	4
78.95	0.2075	-1.5316	5.0608	4
79	0.207	-1.4531	5.0656	4
79.05	0.2073	-1.8522	5.0524	4
79.1	0.2075	-1.4578	5.0503	4
79.15	0.2079	-1.9428	5.0643	4
79.2	0.208	-1.3828	5.0747	4
79.25	0.2085	-1.9265	5.0673	4
79.3	0.2086	-1.4967	5.0745	4
79.35	0.2082	-1.5159	5.0598	4
79.4	0.2084	-1.7348	5.0674	4
79.45	0.2089	-1.7056	5.0722	4
79.5	0.2089	-1.3092	5.0629	4
79.55	0.2089	-1.892	5.0639	4
79.6	0.2089	-1.3245	5.0727	4
79.65	0.209	-2.0021	5.0673	4
79.7	0.2091	-1.1831	5.0754	4
79.75	0.2092	-1.9845	5.0786	4
79.8	0.2091	-1.1938	5.0661	4
79.85	0.2086	-1.7247	5.0604	4
79.9	0.2085	-1.4696	5.0569	4
79.95	0.2087	-1.6516	5.0808	4
80	0.2084	-1.2318	5.0924	4
80.05	0.2082	-1.7761	5.0853	4
80.1	0.2081	-1.4149	5.0785	4
80.15	0.2076	-1.4653	5.08	4
80.2	0.2079	-1.4432	5.0948	4
80.25	0.2073	-1.499	5.0992	4
80.3	0.2076	-1.4763	5.11	4
80.35	0.2069	-1.4914	5.0893	4
80.4	0.2072	-1.4991	5.0772	4
80.45	0.2066	-1.4282	5.0748	4
80.5	0.2064	-1.4035	5.0953	4
80.55	0.2055	-1.1719	5.1072	4
80.6	0.2055	-1.5778	5.0869	4
80.65	0.2051	-1.2313	5.0817	4
80.7	0.2048	-1.4334	5.0905	4
80.75	0.2037	-1.1291	5.0868	4
80.8	0.2033	-1.5362	5.0811	4
80.85	0.2029	-1.1422	5.0738	4
80.9	0.2021	-1.2093	5.0815	4
80.95	0.2013	-1.375	5.1077	4
81	0.2009	-1.3492	5.1138	4
81.05	0.1999	-1.0142	5.1019	4
81.1	0.1993	-1.498	5.0944	4
81.15	0.1985	-1.0127	5.0874	4
81.2	0.1974	-1.2913	5.0911	4
81.25	0.197	-1.3152	5.0938	4
81.3	0.1962	-1.2014	5.0929	4
81.35	0.1951	-0.9935	5.0986	4
81.4	0.1943	-1.3343	5.0831	4
81.45	0.1938	-1.1639	5.0961	4
81.5	0.193	-1.2864	5.1136	4
81.55	0.1923	-1.2007	5.0956	4
81.6	0.1915	-1.5112	5.0687	4
81.65	0.1909	-1.0248	5.0694	4
81.7	0.1899	-1.2139	5.0867	4
81.75	0.1896	-1.4193	5.0946	4
81.8	0.1888	-1.166	5.0853	4
81.85	0.188	-1.25	5.0876	4
81.9	0.1876	-1.4675	5.0912	4
81.95	0.1874	-1.3942	5.0897	4
82	0.1864	-1.0644	5.101	4
82.05	0.1855	-1.4336	5.1026	4
82.1	0.1854	-1.582	5.1032	4
82.15	0.1848	-1.0287	5.095	4
82.2	0.1839	-1.3244	5.1002	4
82.25	0.1839	-1.5592	5.1009	4
82.3	0.1832	-1.1089	5.0927	4
82.35	0.1824	-1.4325	5.0884	4
82.4	0.1828	-1.6302	5.0851	4
82.45	0.1821	-1.2291	5.0828	4
82.5	0.1814	-1.4102	5.1021	4
82.55	0.1817	-1.6056	5.1046	4
82.6	0.1811	-1.245	5.102	4
82.65	0.1805	-1.4041	5.0874	4
82.7	0.1806	-1.7245	5.0792	4
82.75	0.1802	-1.2326	5.0916	4
82.8	0.1795	-1.3922	5.079	4
82.85	0.1796	-1.6929	5.0715	4
82.9	0.1795	-1.3338	5.0779	4
82.95	0.1788	-1.4887	5.0857	4
83	0.1786	-1.5595	5.0842	4
83.05	0.1784	-1.5746	5.0744	4
83.1	0.1785	-1.5955	5.0924	4
83.15	0.1783	-1.3508	5.1079	4
83.2	0.178	-1.5624	5.0919	4
83.25	0.178	-1.4982	5.0891	4
83.3	0.1776	-1.4369	5.0932	4
83.35	0.1775	-1.6402	5.0853	4
83.4	0.1777	-1.606	5.0757	4
83.45	0.1773	-1.4285	5.0611	4
83.5	0.1776	-1.7225	5.0746	4
83.55	0.1774	-1.4504	5.099	4
83.6	0.1774	-1.6758	5.1005	4
83.65	0.1777	-1.4687	5.0912	4
83.7	0.1772	-1.6169	5.0827	4
83.75	0.1768	-1.4092	5.0865	4
83.8	0.177	-1.7387	5.1009	4
83.85	0.1769	-1.3874	5.098	4
83.9	0.1772	-1.763	5.0951	4
83.95	0.1772	-1.6279	5.0873	4
84	0.1769	-1.4239	5.0843	4
84.05	0.1768	-1.6963	5.0851	4
84.1	0.1765	-1.4262	5.0735	4
84.15	0.1767	-1.7982	5.0674	4
84.2	0.1766	-1.3771	5.0665	4
84.25	0.1766	-1.6914	5.081	4
84.3	0.1766	-1.4847	5.0889	4
84.35	0.176	-1.2279	5.075	4
84.4	0.1765	-2.027	5.078	4
84.45	0.1764	-1.2265	5.0727	4
84.5	0.1753	-1.4573	5.0564	4
84.55	0.1753	-1.8564	5.0761	4
84.6	0.1755	-1.2585	5.0776	4
84.65	0.1754	-1.4852	5.0892	4
84.7	0.1752	-1.4673	5.0834	4
84.75	0.175	-1.598	5.065	4
84.8	0.1744	-1.302	5.073	4
84.85	0.1745	-1.744	5.0751	4
84.9	0.1743	-1.456	5.0766	4
84.95	0.1741	-1.3746	5.0759	4
85	0.1737	-1.4958	5.0608	4
85.05	0.1738	-1.5021	5.0581	4
85.1	0.1734	-1.3484	5.0628	4
85.15	0.173	-1.3896	5.0608	4
85.2	0.1728	-1.5963	5.0621	4
85.25	0.172	-1.1984	5.0677	4
85.3	0.1715	-1.41	5.0791	4
85.35	0.1718	-1.7792	5.0676	4
85.4	0.1712	-1.0519	5.0713	4
85.45	0.1702	-1.3775	5.0838	4
85.5	0.1703	-1.6157	5.0764	4
85.55	0.1704	-1.4452	5.0749	4
85.6	0.1696	-1.1401	5.0851	4
85.65	0.1699	-1.8217	5.0865	4
85.7	0.1697	-1.4221	5.087	4
85.75	0.1686	-1.0678	5.0924	4
85.8	0.168	-1.5924	5.0939	4
85.85	0.1686	-1.7241	5.0873	4
85.9	0.1681	-1.1229	5.0963	4
85.95	0.1672	-1.3341	5.1096	4
86	0.1674	-1.6474	5.1009	4
86.05	0.1665	-1.1213	5.0897	4
86.1	0.1656	-1.2705	5.1016	4
86.15	0.1659	-1.698	5.1054	4
86.2	0.1656	-1.1244	5.1063	4
86.25	0.1649	-1.369	5.0795	4
86.3	0.1643	-1.3944	5.0815	4
86.35	0.1638	-1.2847	5.0957	4
86.4	0.163	-1.29	5.0845	4
86.45	0.1626	-1.4286	5.0898	4
86.5	0.1628	-1.4003	5.0883	4
86.55	0.1621	-1.2366	5.096	4
86.6	0.1613	-1.4246	5.0994	4
86.65	0.1609	-1.4247	5.0867	4
86.7	0.1601	-1.213	5.0812	4
86.75	0.1599	-1.481	5.0799	4
86.8	0.1599	-1.5922	5.0795	4
86.85	0.1594	-1.3693	5.0767	4
86.9	0.1589	-1.5063	5.0701	4
86.95	0.1586	-1.3351	5.0865	4
87	0.1578	-1.3451	5.0864	4
87.05	0.1573	-1.3788	5.0795	4
87.1	0.1572	-1.5053	5.0923	4
87.15	0.1565	-1.2606	5.0826	4
87.2	0.1563	-1.3831	5.0913	4
87.25	0.1563	-1.6903	5.082	4
87.3	0.156	-1.2698	5.0654	4
87.35	0.1552	-1.255	5.0709	4
87.4	0.1551	-1.646	5.075	4
87.45	0.155	-1.2655	5.0742	4
87.5	0.1542	-1.2517	5.0702	4
87.55	0.1533	-1.3187	5.0429	4
87.6	0.1535	-1.6928	5.039	4
87.65	0.1527	-0.9515	5.0488	4
87.7	0.1521	-1.6695	5.0567	4
87.75	0.1524	-1.444	5.051	4
87.8	0.1515	-1.1179	5.0422	4
87.85	0.1507	-1.3006	5.057	4
87.9	0.1505	-1.544	5.0632	4
87.95	0.1495	-1.0477	5.0637	4
88	0.149	-1.4496	5.0662	4
88.05	0.1486	-1.2811	5.0684	4
88.1	0.1479	-1.1348	5.0598	4
88.15	0.147	-1.2394	5.0699	4
88.2	0.1466	-1.4245	5.0676	4
88.25	0.1459	-1.3369	5.0692	4
88.3	0.1451	-1.1307	5.0623	4
88.35	0.144	-1.2589	5.0721	4
88.4	0.1438	-1.4075	5.0657	4
88.45	0.1429	-0.8838	5.0591	4
88.5	0.1423	-1.5454	5.0794	4
88.55	0.142	-1.1607	5.0781	4
88.6	0.1404	-1.1273	5.0786	4
88.65	0.1396	-1.325	5.0834	4
88.7	0.1396	-1.5433	5.0992	4
88.75	0.1388	-1.0578	5.0994	4
88.8	0.1378	-1.3197	5.0889	4
88.85	0.1378	-1.3551	5.0968	4
88.9	0.1371	-1.1878	5.1028	4
88.95	0.1366	-1.2855	5.0908	4
89	0.1357	-1.3338	5.0851	4
89.05	0.1346	-1.1595	5.0735	4
89.1	0.1342	-1.5069	5.0686	4
89.15	0.1339	-1.1159	5.0747	4
89.2	0.1332	-1.515	5.0958	4
89.25	0.1328	-1.2273	5.1158	4
89.3	0.1318	-1.3246	5.1087	4
89.35	0.1313	-1.2056	5.0892	4
89.4	0.1304	-1.2943	5.0888	4
89.45	0.1301	-1.5415	5.1063	4
89.5	0.1297	-0.984	5.1149	4
89.55	0.1286	-1.4104	5.1074	4
89.6	0.1282	-1.2491	5.0869	4
89.65	0.1278	-1.4847	5.0795	4
89.7	0.1265	-0.9209	5.0699	4
89.75	0.1257	-1.4211	5.0686	4
89.8	0.1254	-1.4152	5.0884	4
89.85	0.1244	-0.9983	5.0956	4
89.9	0.1237	-1.3752	5.0905	4
89.95	0.1232	-1.3607	5.0702	4
90	0.1223	-0.9609	5.0837	4
90.05	0.1214	-1.3716	5.0951	4
90.1	0.1208	-1.2218	5.0879	4
90.15	0.12	-1.26	5.1082	4
90.2	0.1188	-1.0115	5.0953	4
90.25	0.1183	-1.5137	5.0954	4
90.3	0.1182	-1.2046	5.1006	4
90.35	0.1169	-1.019	5.0785	4
90.4	0.1161	-1.3985	5.0865	4
90.45	0.1157	-1.4192	5.0897	4
90.5	0.1148	-0.9318	5.0886	4
90.55	0.1137	-1.2207	5.098	4
90.6	0.1136	-1.3691	5.0923	4
90.65	0.1126	-1.0601	5.0757	4
90.7	0.1118	-1.3288	5.0789	4
90.75	0.1109	-1.146	5.0954	4
90.8	0.1106	-1.5514	5.0987	4
90.85	0.11	-0.8998	5.0977	4
90.9	0.1088	-1.4466	5.1029	4
90.95	0.1086	-1.2784	5.0921	4
91	0.1074	-1.1611	5.0797	4
91.05	0.1065	-1.0907	5.0834	4
91.1	0.1064	-1.7041	5.0691	4
91.15	0.1056	-0.8885	5.0727	4
91.2	0.1044	-1.3404	5.0805	4
91.25	0.104	-1.3501	5.0901	4
91.3	0.1032	-1.2916	5.0907	4
91.35	0.1028	-1.321	5.0819	4
91.4	0.1016	-1.0818	5.0799	4
91.45	0.1011	-1.547	5.0756	4
91.5	0.1004	-1.161	5.0646	4
91.55	0.0993	-1.0084	5.0765	4
91.6	0.0986	-1.5414	5.0669	4
91.65	0.0983	-1.1053	5.0665	4
91.7	0.0971	-0.9935	5.0712	4
91.75	0.097	-1.7875	5.0635	4
91.8	0.0962	-0.8813	5.0665	4
91.85	0.0952	-1.3541	5.0821	4
91.9	0.0947	-1.4651	5.0833	4
91.95	0.0943	-1.1875	5.0734	4
92	0.0929	-0.9988	5.0686	4
92.05	0.0921	-1.4005	5.0759	4
92.1	0.0916	-1.3431	5.091	4
92.15	0.0908	-1.0658	5.0872	4
92.2	0.0901	-1.3407	5.0781	4
92.25	0.0899	-1.4706	5.0721	4
92.3	0.0886	-1.0412	5.0801	4
92.35	0.0882	-1.3328	5.0974	4
92.4	0.0875	-1.3015	5.0919	4
92.45	0.0867	-1.1021	5.102	4
92.5	0.0859	-1.4474	5.0981	4
92.55	0.0854	-1.1226	5.0776	4
92.6	0.0845	-1.1837	5.066	4
92.65	0.0839	-1.3253	5.0873	4
92.7	0.0829	-1.0404	5.09	4
92.75	0.0818	-1.0862	5.0774	4
92.8	0.0807	-0.9218	5.0793	4
92.85	0.0805	-1.6529	5.0836	4
92.9	0.0788	-0.6364	5.0914	4
92.95	0.0778	-1.298	5.0988	4
93	0.077	-1.2204	5.0971	4
93.05	0.0761	-1.0504	5.1011	4
93.1	0.0747	-0.9177	5.0995	4
93.15	0.0737	-1.2414	5.0788	4
93.2	0.0728	-1.1841	5.0804	4
93.25	0.0716	-1.0681	5.0911	4
93.3	0.0701	-0.7548	5.0985	4
93.35	0.0697	-1.5239	5.0884	4
93.4	0.0683	-0.6292	5.0892	4
93.45	0.0669	-1.171	5.0991	4
93.5	0.0656	-1.0885	5.1042	4
93.55	0.0647	-0.9551	5.1099	4
93.6	0.0638	-1.0865	5.0985	4
93.65	0.0621	-1.0419	5.0836	4
93.7	0.0612	-1.063	5.0844	4
93.75	0.0597	-1.0278	5.0959	4
93.8	0.0584	-0.7732	5.0995	4
93.85	0.0569	-1.1124	5.1003	4
93.9	0.0558	-0.9116	5.1047	4
93.95	0.0545	-1.0401	5.096	4
94	0.053	-0.8822	5.0885	4
94.05	0.0521	-1.1235	5.09	4
94.1	0.0507	-0.9415	5.0975	4
94.15	0.0493	-0.8445	5.1066	4
94.2	0.0482	-1.1233	5.0984	4
94.25	0.0469	-1.1769	5.0966	4
94.3	0.0455	-0.7074	5.0858	4
94.35	0.0439	-1.1107	5.0945	4
94.4	0.0431	-1.0434	5.0899	4
94.45	0.0419	-1.0433	5.0951	4
94.5	0.0402	-0.7132	5.0894	4
94.55	0.0394	-1.4319	5.0832	4
94.6	0.0382	-0.9068	5.0908	4
94.65	0.0366	-0.7426	5.0995	4
94.7	0.0353	-1.1772	5.09	4
94.75	0.0342	-1.0006	5.0967	4
94.8	0.0324	-0.7724	5.1019	4
94.85	0.0307	-0.8998	5.098	4
94.9	0.0305	-1.4441	5.089	4
94.95	0.0293	-0.6694	5.0868	4
95	0.0268	-0.6558	5.0985	4
95.05	0.0262	-1.5785	5.0888	4
95.1	0.0253	-0.5939	5.0764	4
95.15	0.0224	-0.5577	5.0867	4
95.2	0.0215	-1.2862	5.0892	4
95.25	0.0212	-1.3156	5.0871	4
95.3	0.0191	-0.4136	5.0873	4
95.35	0.0175	-1.0948	5.0939	4
95.4	0.0168	-1.3142	5.0987	4
95.45	0.0151	-0.5762	5.0948	4
95.5	0.0133	-0.7817	5.1015	4
95.55	0.0122	-1.2532	5.0933	4
95.6	0.0114	-0.9628	5.0926	4
95.65	0.0089	-0.4357	5.0955	4
95.7	0.0084	-1.7355	5.0882	4
95.75	0.0079	-0.877	5.0942	4
95.8	0.0058	-0.5489	5.0907	4
95.85	0.0033	-0.9	5.0977	4
95.9	0.0037	-1.634	5.1052	4
95.95	0.0016	-0.3117	5.0872	4
96	-0.0004	-0.9407	5.0941	4
96.05	-0.001	-1.3864	5.1131	4
96.1	-0.0021	-0.7784	5.1384	4
96.15	-0.0049	-0.3694	5.128	4
96.2	-0.0057	-1.6617	5.1112	4
96.25	-0.0065	-0.8125	5.0987	4
96.3	-0.0088	-0.5438	5.0937	4
96.35	-0.0106	-1.0381	5.1095	4
96.4	-0.0109	-1.291	5.1194	4
96.45	-0.0128	-0.3629	5.1226	4
96.5	-0.0152	-0.8017	5.119	4
96.55	-0.0157	-1.5228	5.1235	4
96.6	-0.0169	-0.7194	5.1171	4
96.65	-0.0194	-0.5299	5.1144	4
96.7	-0.0207	-1.3245	5.1033	4
96.75	-0.0216	-0.8921	5.1071	4
96.8	-0.0233	-0.744	5.1072	4
96.85	-0.0252	-0.7794	5.1037	4
96.9	-0.0256	-1.5673	5.1142	4
96.95	-0.0269	-0.6288	5.1047	4
97	-0.0291	-0.6214	5.1062	4
97.05	-0.0297	-1.5978	5.1064	4
97.1	-0.0302	-1.0532	5.0912	4
97.15	-0.0327	-0.2602	5.101	4
97.2	-0.034	-1.5539	5.1155	4
97.25	-0.0343	-1.0978	5.1117	4
97.3	-0.0359	-0.6556	5.1028	4
97.35	-0.0385	-1.0679	5.0744	4
97.4	-0.0385	-1.6124	5.0749	4
97.45	-0.0394	-0.9579	5.0806	4
97.5	-0.0408	-0.8312	5.0761	4
97.55	-0.0421	-1.2742	5.0788	4
97.6	-0.0427	-1.4098	5.0677	4
97.65	-0.044	-0.5945	5.0608	4
97.7	-0.0453	-1.4851	5.0742	4
97.75	-0.045	-1.4005	5.0777	4
97.8	-0.0458	-1.1687	5.0673	4
97.85	-0.0473	-1.2261	5.0572	4
97.9	-0.047	-1.7159	5.0768	4
97.95	-0.0481	-1.1818	5.07	4
98	-0.0487	-1.1959	5.0608	4
98.05	-0.0487	-1.6178	5.0604	4
98.1	-0.0492	-1.3896	5.0477	4
98.15	-0.0498	-1.1756	5.051	4
98.2	-0.0503	-1.6533	5.062	4
98.25	-0.0501	-1.5204	5.0574	4
98.3	-0.0505	-1.4943	5.0606	4
98.35	-0.0511	-1.1997	5.0703	4
98.4	-0.0512	-1.8209	5.0762	4
98.45	-0.0513	-1.3203	5.0833	4
98.5	-0.0523	-1.3264	5.0641	4
98.55	-0.0518	-1.6862	5.0587	4
98.6	-0.0518	-1.7387	5.0822	4
98.65	-0.0521	-1.1112	5.0942	4
98.7	-0.0527	-1.7098	5.077	4
98.75	-0.052	-1.9305	5.0636	4
98.8	-0.0522	-1.2503	5.0707	4
98.85	-0.0529	-1.5066	5.0627	4
98.9	-0.0523	-2.044	5.0633	4
98.95	-0.0522	-1.4146	5.0812	4
99	-0.053	-1.6151	5.0681	4
99.05	-0.0524	-1.961	5.0672	4
99.1	-0.052	-1.6952	5.0915	4
99.15	-0.0521	-1.3852	5.079	4
99.2	-0.0516	-1.927	5.0673	4
99.25	-0.0514	-1.6015	5.0623	4
99.3	-0.0512	-1.7068	5.0655	4
99.35	-0.0512	-1.6904	5.0542	4
99.4	-0.051	-1.6304	5.037	4
99.45	-0.0505	-1.8585	5.0567	4
99.5	-0.0507	-1.5163	5.0742	4
99.55	-0.05	-1.9289	5.0822	4
99.6	-0.05	-1.7258	5.0659	4
99.65	-0.0497	-1.6601	5.0708	4
99.7	-0.0489	-1.9119	5.0836	4
99.75	-0.0483	-1.7678	5.094	4
99.8	-0.0483	-1.6285	5.087	4
99.85	-0.0477	-2.127	5.0691	4
99.9	-0.0477	-1.3522	5.0613	4
99.95	-0.0475	-2.1653	5.0782	4
100	-0.0468	-1.8044	5.0818	4
100.05	-0.0462	-1.688	5.0695	4
100.1	-0.0458	-1.9539	5.0791	4
100.15	-0.0451	-1.9137	5.0963	4
100.2	-0.0449	-1.5293	5.0997	4
100.25	-0.0446	-1.9194	5.0884	4
100.3	-0.0437	-1.82	5.0829	4
100.35	-0.0434	-1.9102	5.0906	4
100.4	-0.0435	-1.3957	5.0881	4
100.45	-0.0429	-2.1112	5.0696	4
100.5	-0.0422	-1.8779	5.0638	4
100.55	-0.0423	-1.3006	5.0799	4
100.6	-0.0422	-2.0879	5.0967	4
100.65	-0.0414	-1.8165	5.079	4
100.7	-0.0413	-1.5201	5.075	4
100.75	-0.0413	-1.9853	5.0728	4
100.8	-0.0402	-1.777	5.0725	4
100.85	-0.0399	-1.8031	5.0996	4
100.9	-0.0393	-1.7347	5.0973	4
100.95	-0.0391	-1.7834	5.0858	4
101	-0.0385	-2.0272	5.0942	4
101.05	-0.0383	-1.3896	5.1078	4
101.1	-0.0382	-1.9131	5.1151	4
101.15	-0.0372	-1.9581	5.1111	4
101.2	-0.0368	-1.6485	5.1149	4
101.25	-0.0369	-1.7553	5.1091	4
101.3	-0.0362	-2.086	5.0976	4
101.35	-0.0357	-1.5682	5.1107	4
101.4	-0.0357	-1.7394	5.1174	4
101.45	-0.0349	-2.048	5.103	4
101.5	-0.0338	-1.9278	5.0983	4
101.55	-0.0335	-1.5691	5.094	4
101.6	-0.0331	-2.1227	5.0882	4
101.65	-0.0324	-1.876	5.0833	4
101.7	-0.0317	-1.9536	5.0894	4
101.75	-0.0316	-1.6427	5.0859	4
101.8	-0.0305	-2.2792	5.0809	4
101.85	-0.0295	-1.8051	5.0936	4
101.9	-0.0294	-1.6957	5.1006	4
101.95	-0.0283	-2.2701	5.1066	4
102	-0.0269	-2.1628	5.1171	4
102.05	-0.0267	-1.5098	5.1113	4
102.1	-0.026	-2.3093	5.0859	4
102.15	-0.0241	-2.0681	5.085	4
102.2	-0.0238	-1.7051	5.0936	4
102.25	-0.0234	-1.9615	5.0944	4
102.3	-0.0215	-2.6173	5.0975	4
102.35	-0.0206	-1.5716	5.0922	4
102.4	-0.0204	-1.9129	5.0891	4
102.45	-0.019	-2.4985	5.083	4
102.5	-0.017	-2.2717	5.0962	4
102.55	-0.0172	-1.4276	5.0912	4
102.6	-0.0164	-2.3952	5.0869	4
102.65	-0.0138	-2.7582	5.0921	4
102.7	-0.0129	-1.5704	5.0979	4
102.75	-0.0132	-1.8832	5.1103	4
102.8	-0.0107	-3.1117	5.0889	4
102.85	-0.0087	-1.9174	5.0911	4
102.9	-0.0088	-1.5719	5.1067	4
102.95	-0.0067	-3.1541	5.0956	4
103	-0.0037	-2.3572	5.0953	4
103.05	-0.0038	-1.4119	5.0919	4
103.1	-0.0035	-2.517	5.0913	4
103.15	0.0003	-3.1937	5.0693	4
103.2	0.0011	-1.469	5.066	4
103.25	0.0006	-1.7485	5.0832	4
103.3	0.0036	-3.5429	5.1122	4
103.35	0.0056	-1.6671	5.1077	4
103.4	0.0048	-1.3831	5.096	4
103.45	0.0068	-3.3472	5.0912	4
103.5	0.0099	-2.4365	5.0978	4
103.55	0.0093	-0.9475	5.1094	4
103.6	0.01	-2.8519	5.1019	4
103.65	0.0144	-3.1922	5.0992	4
103.7	0.0141	-0.8669	5.1129	4
103.75	0.0136	-1.9792	5.1189	4
103.8	0.0176	-3.705	5.1087	4
103.85	0.0189	-1.1554	5.0828	4
103.9	0.0172	-1.179	5.0885	4
103.95	0.0199	-3.7838	5.0902	4
104	0.0232	-2.0716	5.0942	4
104.05	0.0214	-0.5036	5.0919	4
104.1	0.0224	-3.3571	5.0951	4
104.15	0.0266	-2.7807	5.0988	4
104.2	0.0253	-0.4103	5.0901	4
104.25	0.0251	-2.4953	5.0992	4
104.3	0.0293	-3.524	5.1099	4
104.35	0.03	-0.7884	5.0989	4
104.4	0.0286	-1.6599	5.1057	4
104.45	0.0318	-3.6223	5.0887	4
104.5	0.0346	-1.7667	5.0859	4
104.55	0.0326	-0.6112	5.0871	4
104.6	0.0339	-3.5844	5.0835	4
104.65	0.0378	-2.4197	5.1004	4
104.7	0.0361	-0.4697	5.0997	4
104.75	0.0369	-2.9431	5.0763	4
104.8	0.0407	-3.1082	5.0655	4
104.85	0.0405	-0.6816	5.0764	4
104.9	0.0397	-2.1758	5.0953	4
104.95	0.0432	-3.2633	5.1004	4
105	0.0441	-1.3426	5.0959	4
105.05	0.0427	-1.1447	5.0906	4
105.1	0.045	-3.4582	5.0855	4
105.15	0.0474	-1.7392	5.0819	4
105.2	0.0461	-0.8293	5.0982	4
105.25	0.0477	-3.2653	5.11	4
105.3	0.0509	-2.1813	5.1087	4
105.35	0.0499	-1.1506	5.1024	4
105.4	0.0494	-2.047	5.0891	4
105.45	0.0535	-3.5906	5.0921	4
105.5	0.054	-0.9422	5.107	4
105.55	0.0533	-1.6994	5.1183	4
105.6	0.0567	-3.7251	5.1058	4
105.65	0.0582	-1.3799	5.0787	4
105.7	0.0577	-1.6064	5.0804	4
105.75	0.0595	-3.2171	5.0778	4
105.8	0.0622	-1.8689	5.0852	4
105.85	0.0617	-1.6615	5.0958	4
105.9	0.0632	-2.5691	5.1053	4
105.95	0.0662	-2.7101	5.1047	4
106	0.0665	-1.4816	5.0922	4
106.05	0.0672	-2.3607	5.085	4
106.1	0.0701	-3.0561	5.0969	4
106.15	0.0712	-1.6462	5.1138	4
106.2	0.0718	-2.1155	5.1028	4
106.25	0.0747	-3.2346	5.1006	4
106.3	0.0766	-2.0439	5.1027	4
106.35	0.0771	-1.8625	5.0986	4
106.4	0.0801	-3.6174	5.0943	4
106.45	0.0825	-2.07	5.0953	4
106.5	0.0832	-1.8955	5.1068	4
106.55	0.0855	-3.1175	5.0995	4
106.6	0.0885	-2.3828	5.0894	4
106.65	0.0889	-2.0477	5.0703	4
106.7	0.0902	-2.3946	5.0813	4
106.75	0.0936	-3.3166	5.0876	4
106.8	0.0952	-1.6818	5.0831	4
106.85	0.096	-2.4081	5.1004	4
106.9	0.0991	-3.3245	5.0783	4
106.95	0.1015	-2.1193	5.0602	4
107	0.102	-1.8835	5.0617	4
107.05	0.1046	-3.316	5.0794	4
107.1	0.1072	-2.3405	5.0809	4
107.15	0.1074	-1.5178	5.0773	4
107.2	0.1092	-3.1101	5.0858	4
107.25	0.1125	-2.8865	5.0909	4
107.3	0.1132	-1.4938	5.0791	4
107.35	0.1137	-2.4298	5.0767	4
107.4	0.1176	-3.4024	5.0741	4
107.45	0.1188	-1.3448	5.074	4
107.5	0.1186	-2.07	5.0681	4
107.55	0.1218	-3.4447	5.065	4
107.6	0.1252	-2.4109	5.088	4
107.65	0.1245	-1.1402	5.0674	4
107.7	0.1266	-3.5002	5.0624	4
107.75	0.1306	-2.9713	5.0914	4
107.8	0.1304	-0.8842	5.09	4
107.85	0.131	-2.8419	5.0762	4
107.9	0.1358	-3.5971	5.0699	4
107.95	0.1368	-1.2514	5.0787	4
108	0.1362	-1.7835	5.0752	4
108.05	0.1398	-3.9478	5.0619	4
108.1	0.1432	-2.1918	5.0669	4
108.15	0.1414	-0.8139	5.0592	4
108.2	0.1436	-3.6636	5.0573	4
108.25	0.1485	-3.2775	5.0717	4
108.3	0.1474	-0.2991	5.0657	4
108.35	0.1474	-3.0459	5.0642	4
108.4	0.1528	-3.836	5.0784	4
108.45	0.1539	-0.8117	5.0841	4
108.5	0.1517	-1.5802	5.0998	4
108.55	0.1566	-4.5227	5.0794	4
108.6	0.1596	-1.4254	5.0756	4
108.65	0.1565	-0.3743	5.0988	4
108.7	0.1599	-4.5263	5.1033	4
108.75	0.1646	-2.3417	5.0933	4
108.8	0.1617	0.1031	5.0904	4
108.85	0.1621	-3.277	5.0861	4
108.9	0.1677	-3.7076	5.0854	4
108.95	0.1663	0.4623	5.1025	4
109	0.1644	-2.1917	5.1014	4
109.05	0.1697	-4.224	5.0955	4
109.1	0.1708	-0.5411	5.1075	4
109.15	0.1673	-0.6203	5.1042	4
109.2	0.1708	-4.4223	5.0827	4
109.25	0.1742	-1.6188	5.0978	4
109.3	0.1703	0.2439	5.1097	4
109.35	0.1716	-3.5171	5.0996	4
109.4	0.1763	-2.9333	5.1086	4
109.45	0.1741	0.4079	5.0944	4
109.5	0.1725	-2.4359	5.0874	4
109.55	0.1779	-3.7633	5.0817	4
109.6	0.1774	-0.1253	5.0764	4
109.65	0.1745	-1.1364	5.0979	4
109.7	0.1779	-3.9761	5.0862	4
109.75	0.1798	-1.0951	5.0879	4
109.8	0.1761	-0.2078	5.1051	4
109.85	0.1784	-3.6912	5.0975	4
109.9	0.1813	-1.8553	5.1015	4
109.95	0.1788	0.0219	5.0974	4
110	0.1787	-2.6499	5.0949	4
110.05	0.1826	-3.0954	5.0958	4
110.1	0.1812	0.0625	5.0892	4
110.15	0.1797	-1.9117	5.096	4
110.2	0.1826	-3.375	5.1031	4
110.25	0.1837	-0.9602	5.0912	4
110.3	0.1812	-0.8212	5.0921	4
110.35	0.1836	-3.3071	5.0791	4
110.4	0.1863	-2.0735	5.0924	4
110.45	0.1843	-0.3346	5.1004	4
110.5	0.1848	-3.0043	5.0947	4
110.55	0.1883	-2.5741	5.0845	4
110.6	0.1875	-0.6083	5.0882	4
110.65	0.1863	-1.9685	5.083	4
110.7	0.1896	-3.2051	5.0941	4
110.75	0.1908	-1.2552	5.0976	4
110.8	0.1893	-1.2172	5.0927	4
110.85	0.1919	-3.4867	5.0787	4
110.9	0.1949	-1.9644	5.0828	4
110.95	0.1936	-0.7033	5.0903	4
111	0.1947	-3.1463	5.0994	4
111.05	0.1981	-2.5368	5.0934	4
111.1	0.1973	-0.896	5.0731	4
111.15	0.1979	-2.5985	5.0856	4
111.2	0.201	-2.8809	5.1014	4
111.25	0.2018	-1.4038	5.0947	4
111.3	0.2012	-1.7513	5.0934	4
111.35	0.2041	-3.3904	5.1033	4
111.4	0.2067	-1.9578	5.1134	4
111.45	0.2061	-1.4665	5.1098	4
111.5	0.2077	-2.8807	5.1052	4
111.55	0.2108	-2.8135	5.1051	4
111.6	0.2107	-1.0273	5.1067	4
111.65	0.2115	-2.7045	5.0954	4
111.7	0.2146	-2.6567	5.0845	4
111.75	0.2153	-1.5634	5.0986	4
111.8	0.2153	-1.9899	5.1081	4
111.85	0.2174	-2.7026	5.1038	4
111.9	0.2187	-1.8559	5.1089	4
111.95	0.219	-1.9072	5.1054	4
112	0.2207	-2.5046	5.0815	4
112.05	0.2223	-2.0166	5.0991	4
112.1	0.2223	-1.5255	5.1191	4
112.15	0.2235	-2.5576	5.1265	4
112.2	0.2254	-2.0829	5.1318	4
112.25	0.2253	-1.329	5.142	4
112.3	0.2259	-2.1627	5.1419	4
112.35	0.2275	-2.2014	5.1092	4
112.4	0.2281	-1.5483	5.0981	4
112.45	0.2282	-1.8575	5.11	4
112.5	0.2296	-2.1938	5.1056	4
112.55	0.2302	-1.7651	5.0999	4
112.6	0.2301	-1.5444	5.0946	4
112.65	0.231	-2.3943	5.0749	4
112.7	0.2322	-1.7208	5.0831	4
112.75	0.2321	-1.4858	5.1065	4
112.8	0.2325	-1.8894	5.0936	4
112.85	0.2336	-2.0141	5.0914	4
112.9	0.2332	-1.1463	5.0861	4
112.95	0.2332	-1.9498	5.0966	4
113	0.2345	-1.9439	5.1158	4
113.05	0.2341	-1.2767	5.1082	4
113.1	0.2338	-1.703	5.1021	4
113.15	0.235	-2.204	5.0903	4
113.2	0.2356	-1.3468	5.0942	4
113.25	0.2346	-1.2715	5.1097	4
113.3	0.2355	-2.2194	5.1051	4
113.35	0.2363	-1.5472	5.1027	4
113.4	0.2353	-1.0797	5.0898	4
113.45	0.2351	-1.8631	5.0975	4
113.5	0.237	-2.3184	5.1157	4
113.55	0.2356	-0.5343	5.106	4
113.6	0.2351	-1.9767	5.1042	4
113.65	0.2361	-1.9949	5.1099	4
113.7	0.2361	-1.1628	5.109	4
113.75	0.2348	-1.0998	5.0977	4
113.8	0.2357	-2.2437	5.1052	4
113.85	0.236	-1.1461	5.1042	4
113.9	0.2342	-1.1096	5.0821	4
113.95	0.2343	-1.7904	5.0801	4
114	0.2352	-1.9857	5.094	4
114.05	0.2339	-0.2606	5.0828	4
114.1	0.2335	-2.3058	5.0836	4
114.15	0.2346	-1.4366	5.0933	4
114.2	0.2337	-1.1432	5.0883	4
114.25	0.2328	-1.1413	5.0944	4
114.3	0.2333	-2.1317	5.09	4
114.35	0.2338	-1.0971	5.0883	4
114.4	0.2318	-0.9306	5.0996	4
114.45	0.2328	-2.181	5.0945	4
114.5	0.2325	-1.2635	5.109	4
114.55	0.2313	-0.8957	5.0954	4
114.6	0.2311	-1.9832	5.0933	4
114.65	0.2321	-1.6026	5.079	4
114.7	0.2302	-0.8524	5.0653	4
114.75	0.2301	-1.8111	5.0717	4
114.8	0.2303	-1.4939	5.0701	4
114.85	0.2299	-1.1356	5.0764	4
114.9	0.2285	-1.0466	5.0862	4
114.95	0.2288	-1.8897	5.0886	4
115	0.2282	-0.8904	5.0904	4
115.05	0.2269	-1.3309	5.0747	4
115.1	0.2268	-1.4845	5.0581	4
115.15	0.2266	-1.6093	5.0694	4
115.2	0.2255	-0.669	5.0815	4
115.25	0.2247	-1.7112	5.0858	4
115.3	0.2247	-1.047	5.0871	4
115.35	0.2235	-1.3696	5.0928	4
115.4	0.2224	-0.9469	5.0938	4
115.45	0.2221	-1.8383	5.0948	4
115.5	0.2221	-0.9512	5.0963	4
115.55	0.2206	-1.1535	5.0975	4
115.6	0.2211	-1.7162	5.1053	4
115.65	0.2201	-1.0218	5.1218	4
115.7	0.2193	-1.2226	5.1282	4
115.75	0.2185	-1.3771	5.1196	4
115.8	0.2181	-1.1733	5.1017	4
115.85	0.2167	-1.0364	5.0928	4
115.9	0.216	-1.3053	5.1044	4
115.95	0.2153	-1.1805	5.0934	4
116	0.2149	-1.3723	5.0773	4
116.05	0.2136	-0.7388	5.079	4
116.1	0.2131	-1.836	5.0841	4
116.15	0.2125	-0.8667	5.0957	4
116.2	0.2112	-1.0619	5.1047	4
116.25	0.2105	-1.2379	5.097	4
116.3	0.21	-1.3542	5.0876	4
116.35	0.2087	-0.892	5.095	4
116.4	0.2076	-1.343	5.1002	4
116.45	0.2074	-1.332	5.0923	4
116.5	0.206	-0.8782	5.0888	4
116.55	0.2051	-1.2735	5.0996	4
116.6	0.2049	-1.5739	5.0933	4
116.65	0.2041	-0.8988	5.0982	4
116.7	0.2024	-0.9714	5.1058	4
116.75	0.2018	-1.5509	5.1121	4
116.8	0.2014	-1.0788	5.1026	4
116.85	0.1999	-0.7446	5.1043	4
116.9	0.1993	-1.5284	5.1046	4
116.95	0.199	-1.3185	5.0863	4
117	0.1969	-0.6596	5.0943	4
117.05	0.1963	-1.6499	5.1092	4
117.1	0.1963	-1.2528	5.0994	4
117.15	0.195	-0.9409	5.11	4
117.2	0.1935	-1.0341	5.098	4
117.25	0.1933	-1.744	5.1106	4
117.3	0.1928	-0.8363	5.125	4
117.35	0.191	-0.883	5.1179	4
117.4	0.1905	-1.5825	5.1155	4
117.45	0.1906	-1.2976	5.1002	4
117.5	0.1885	-0.7072	5.0799	4
117.55	0.1878	-1.6081	5.0888	4
117.6	0.1882	-1.4622	5.0847	4
117.65	0.1869	-0.9454	5.0826	4
117.7	0.186	-1.4074	5.0834	4
117.75	0.1865	-1.7573	5.0842	4
117.8	0.1857	-0.8325	5.1113	4
117.85	0.1848	-1.418	5.1062	4
117.9	0.1847	-1.3971	5.0901	4
117.95	0.1844	-1.4484	5.1008	4
118	0.1835	-0.9657	5.1066	4
118.05	0.1835	-1.888	5.1012	4
118.1	0.1834	-1.3111	5.0953	4
118.15	0.1825	-1.2522	5.0866	4
118.2	0.1822	-1.5718	5.0872	4
118.25	0.1821	-1.5333	5.0926	4
118.3	0.1817	-1.3111	5.0902	4
118.35	0.1813	-1.5514	5.0828	4
118.4	0.1817	-1.7121	5.0915	4
118.45	0.1813	-1.4138	5.0896	4
118.5	0.1811	-1.4593	5.0769	4
118.55	0.1813	-1.7239	5.0712	4
118.6	0.1813	-1.5358	5.0821	4
118.65	0.1808	-1.2887	5.0914	4
118.7	0.1807	-1.8409	5.0904	4
118.75	0.1812	-1.5525	5.102	4
118.8	0.181	-1.4746	5.1096	4
118.85	0.181	-1.4797	5.11	4
118.9	0.1812	-1.7538	5.0912	4
118.95	0.1807	-1.1589	5.0894	4
119	0.1806	-1.8451	5.0966	4
119.05	0.1807	-1.5552	5.0899	4
119.1	0.1804	-1.508	5.094	4
119.15	0.1808	-1.7492	5.1056	4
119.2	0.1815	-1.9065	5.1062	4
119.25	0.1812	-1.3352	5.0877	4
119.3	0.1815	-1.7916	5.064	4
119.35	0.1822	-1.8549	5.0515	4
119.4	0.182	-1.2464	5.0648	4
119.45	0.1818	-1.9763	5.0863	4
119.5	0.1824	-1.5531	5.0809	4
119.55	0.1825	-1.8708	5.0652	4
119.6	0.1821	-1.2881	5.0963	4
119.65	0.1827	-2.0519	5.0884	4
119.7	0.1833	-1.6452	5.0719	4
119.75	0.1827	-1.2801	5.0753	4
119.8	0.1829	-1.829	5.0558	4
119.85	0.1828	-1.8079	5.0471	4
119.9	0.1832	-1.4069	5.0547	4
119.95	0.1832	-1.8203	5.046	4
120	0.1831	-1.4454	5.0336	4
120.05	0.1834	-2.0206	5.0423	4
120.1	0.1834	-1.1379	5.0492	4
120.15	0.1837	-2.0039	5.0515	4
120.2	0.1842	-1.5965	5.0613	4
120.25	0.1834	-1.2015	5.0686	4
120.3	0.1838	-2.0598	5.0632	4
120.35	0.1845	-1.6355	5.082	4
120.4	0.184	-1.3118	5.0794	4
120.45	0.184	-1.7081	5.0729	4
120.5	0.1845	-1.7045	5.0643	4
120.55	0.1845	-1.46	5.0715	4
120.6	0.1844	-1.7271	5.0653	4
120.65	0.1845	-1.6522	5.0567	4
120.7	0.1847	-1.6808	5.0519	4
120.75	0.1849	-1.6545	5.0404	4
120.8	0.1845	-1.4093	5.0555	4
120.85	0.1846	-1.691	5.0664	4
120.9	0.1851	-1.814	5.0656	4
120.95	0.185	-1.2091	5.0727	4
121	0.185	-1.7437	5.0878	4
121.05	0.1854	-1.6208	5.0788	4
121.1	0.1849	-1.3656	5.0503	4
121.15	0.1847	-1.7672	5.0478	4
121.2	0.1851	-1.61	5.0622	4
121.25	0.1851	-1.6922	5.073	4
121.3	0.1852	-1.5698	5.0767	4
121.35	0.1855	-1.7943	5.0697	4
121.4	0.1855	-1.5977	5.0666	4
121.45	0.1859	-1.6318	5.0745	4
121.5	0.1861	-1.7193	5.0765	4
121.55	0.1866	-1.772	5.0643	4
121.6	0.187	-1.8926	5.0618	4
121.65	0.1873	-1.5601	5.057	4
121.7	0.1879	-1.9053	5.0428	4
121.75	0.1882	-1.7024	5.0372	4
121.8	0.1884	-1.7083	5.0496	4
121.85	0.1883	-1.7551	5.0447	4
121.9	0.189	-1.8043	5.042	4
121.95	0.1896	-1.8186	5.0173	4
122	0.1896	-1.6347	5.0177	4
122.05	0.1902	-1.9011	5.0425	4
122.1	0.1909	-1.7992	5.0579	4
122.15	0.191	-1.6779	5.0591	4
122.2	0.1914	-1.7292	5.0484	4
122.25	0.1916	-1.8039	5.0559	4
122.3	0.192	-1.821	5.0586	4
122.35	0.1923	-1.7159	5.0578	4
122.4	0.1924	-1.7716	5.0576	4
122.45	0.193	-1.7962	5.0613	4
122.5	0.1936	-1.8438	5.0537	4
122.55	0.1937	-1.5089	5.0586	4
122.6	0.1949	-2.3073	5.0615	4
122.65	0.1952	-1.4121	5.0696	4
122.7	0.1955	-1.9785	5.0567	4
122.75	0.1959	-1.9199	5.0345	4
122.8	0.1969	-1.9606	5.0336	4
122.85	0.1975	-1.9111	5.0418	4
122.9	0.198	-1.8215	5.0565	4
122.95	0.1987	-1.86	5.0441	4
123	0.1992	-1.9805	5.0502	4
123.05	0.1995	-1.5804	5.0431	4
123.1	0.2006	-2.323	5.0402	4
123.15	0.2013	-1.5403	5.0548	4
123.2	0.2014	-1.9721	5.0564	4
123.25	0.2025	-1.9091	5.037	4
123.3	0.2028	-1.6656	5.047	4
123.35	0.2037	-1.8481	5.0558	4
123.4	0.204	-2.0037	5.0611	4
123.45	0.2044	-1.5002	5.0736	4
123.5	0.2049	-2.0862	5.0568	4
123.55	0.2055	-1.7074	5.0471	4
123.6	0.2061	-1.9096	5.0484	4
123.65	0.2069	-1.8078	5.0597	4
123.7	0.2074	-1.9271	5.0466	4
123.75	0.2082	-1.9399	5.0436	4
123.8	0.2086	-1.8904	5.0567	4
123.85	0.2092	-1.6191	5.0584	4
123.9	0.2094	-2.1576	5.0638	4
123.95	0.2103	-1.4701	5.0638	4
124	0.2105	-1.8999	5.0492	4
124.05	0.2109	-1.7779	5.0448	4
124.1	0.2114	-1.771	5.0521	4
124.15	0.2116	-1.6114	5.0594	4
124.2	0.212	-1.8123	5.0511	4
124.25	0.2125	-1.7022	5.0395	4
124.3	0.212	-1.5267	5.065	4
124.35	0.2124	-1.7627	5.0694	4
124.4	0.2122	-1.3848	5.0726	4
124.45	0.2121	-1.685	5.0815	4
124.5	0.2124	-1.7634	5.0639	4
124.55	0.2128	-1.5219	5.0548	4
124.6	0.2123	-1.4663	5.0525	4
124.65	0.2128	-1.8435	5.0413	4
124.7	0.2125	-1.2229	5.041	4
124.75	0.2126	-1.8404	5.0493	4
124.8	0.2126	-1.4326	5.0556	4
124.85	0.2127	-1.6659	5.0509	4
124.9	0.2125	-1.3355	5.0552	4
124.95	0.2125	-1.7475	5.0587	4
125	0.2121	-1.355	5.0525	4
125.05	0.2121	-1.6207	5.0545	4
125.1	0.2121	-1.4372	5.0648	4
125.15	0.212	-1.5708	5.0734	4
125.2	0.2118	-1.3716	5.066	4
125.25	0.2117	-1.725	5.0515	4
125.3	0.2115	-1.3094	5.0532	4
125.35	0.2114	-1.7482	5.0516	4
125.4	0.2109	-1.1949	5.0537	4
125.45	0.2109	-1.8634	5.0712	4
125.5	0.2108	-1.2939	5.0506	4
125.55	0.2103	-1.4446	5.0483	4
125.6	0.2101	-1.5414	5.0694	4
125.65	0.2093	-1.307	5.0696	4
125.7	0.2096	-1.8451	5.0627	4
125.75	0.2093	-1.2224	5.0608	4
125.8	0.2091	-1.3603	5.0642	4
125.85	0.2087	-1.8541	5.0749	4
125.9	0.209	-1.2154	5.0694	4
125.95	0.2083	-1.602	5.0778	4
126	0.2084	-1.2939	5.0832	4
126.05	0.2083	-1.757	5.0771	4
126.1	0.208	-1.2552	5.1024	4
126.15	0.2072	-1.2969	5.0936	4
126.2	0.2075	-2.0025	5.0814	4
126.25	0.2072	-0.8215	5.0848	4
126.3	0.2063	-1.4947	5.0771	4
126.35	0.2061	-1.6077	5.0797	4
126.4	0.206	-1.3185	5.0808	4
126.45	0.2049	-1.2894	5.0797	4
126.5	0.2048	-1.4789	5.0812	4
126.55	0.2048	-1.5691	5.0729	4
126.6	0.2036	-0.9369	5.0769	4
126.65	0.2032	-1.5276	5.0735	4
126.7	0.2034	-1.7527	5.0674	4
126.75	0.2027	-0.9435	5.0631	4
126.8	0.2022	-1.5287	5.0839	4
126.85	0.2021	-1.5077	5.0976	4
126.9	0.2016	-1.2433	5.0866	4
126.95	0.2009	-1.2452	5.0769	4
127	0.2006	-1.544	5.0781	4
127.05	0.2002	-1.1779	5.0841	4
127.1	0.1991	-1.1828	5.0607	4
127.15	0.1984	-1.3786	5.0659	4
127.2	0.1983	-1.4177	5.0841	4
127.25	0.1972	-1.1924	5.1016	4
127.3	0.1969	-1.6199	5.0898	4
127.35	0.1964	-1.2401	5.0751	4
127.4	0.1958	-1.3381	5.0736	4
127.45	0.1961	-1.3567	5.0749	4
127.5	0.1949	-1.1667	5.0843	4
127.55	0.1938	-1.1271	5.087	4
127.6	0.1933	-1.4963	5.0788	4
127.65	0.1926	-1.0141	5.0729	4
127.7	0.1921	-1.4207	5.0778	4
127.75	0.1914	-1.2356	5.0803	4
127.8	0.1911	-1.4319	5.0804	4
127.85	0.1901	-1.2269	5.0814	4
127.9	0.1896	-1.2627	5.0817	4
127.95	0.1892	-1.3886	5.0851	4
128	0.1886	-1.2581	5.0962	4
128.05	0.1875	-1.0435	5.0982	4
128.1	0.1872	-1.5719	5.1036	4
128.15	0.1864	-0.9858	5.0985	4
128.2	0.1855	-1.292	5.0706	4
128.25	0.185	-1.2885	5.092	4
128.3	0.1844	-1.1899	5.0991	4
128.35	0.1836	-1.3014	5.0921	4
128.4	0.183	-1.21	5.0974	4
128.45	0.1824	-1.4085	5.0814	4
128.5	0.1817	-1.3108	5.0816	4
128.55	0.1807	-0.9768	5.0761	4
128.6	0.1806	-1.7505	5.0777	4
128.65	0.1806	-1.0453	5.1099	4
128.7	0.1794	-1.4043	5.1101	4
128.75	0.1787	-1.2715	5.092	4
128.8	0.1786	-1.5913	5.0861	4
128.85	0.1783	-1.2468	5.079	4
128.9	0.1776	-1.3283	5.0814	4
128.95	0.1774	-1.4834	5.0819	4
129	0.1775	-1.5614	5.0894	4
129.05	0.1768	-1.0522	5.0994	4
129.1	0.1763	-1.8167	5.102	4
129.15	0.1761	-1.1966	5.1084	4
129.2	0.1752	-1.1449	5.1138	4
129.25	0.1749	-1.6144	5.1261	4
129.3	0.1746	-1.2818	5.1082	4
129.35	0.1739	-1.286	5.1118	4
129.4	0.1735	-1.4539	5.1105	4
129.45	0.1733	-1.3664	5.0759	4
129.5	0.1729	-1.5385	5.0744	4
129.55	0.1727	-1.2096	5.1011	4
129.6	0.1719	-1.5009	5.1055	4
129.65	0.1715	-1.1765	5.1006	4
129.7	0.1708	-1.3808	5.0999	4
129.75	0.1704	-1.3448	5.1111	4
129.8	0.1697	-1.199	5.1153	4
129.85	0.1691	-1.3898	5.1056	4
129.9	0.1692	-1.494	5.0933	4
129.95	0.1692	-1.1841	5.1073	4
130	0.168	-1.4281	5.1241	4
130.05	0.1679	-1.2811	5.124	4
130.1	0.1669	-1.3338	5.1116	4
130.15	0.1666	-1.3745	5.0957	4
130.2	0.1663	-1.1918	5.1011	4
130.25	0.1655	-1.3615	5.1055	4
130.3	0.165	-1.3424	5.1048	4
130.35	0.1644	-1.2967	5.1113	4
130.4	0.1637	-1.4509	5.0947	4
130.45	0.1637	-1.3525	5.0847	4
130.5	0.1631	-1.4444	5.0975	4
130.55	0.1622	-1.2109	5.0974	4
130.6	0.1618	-1.4383	5.0654	4
130.65	0.1615	-1.4425	5.0622	4
130.7	0.1606	-1.1057	5.0685	4
130.75	0.1601	-1.5882	5.0678	4
130.8	0.1598	-1.2529	5.0752	4
130.85	0.1597	-1.609	5.0838	4
130.9	0.1593	-1.4875	5.0967	4
130.95	0.1587	-1.0943	5.0999	4
131	0.1586	-1.8958	5.0925	4
131.05	0.1585	-1.0578	5.0934	4
131.1	0.158	-1.5511	5.0944	4
131.15	0.158	-1.6925	5.0873	4
131.2	0.1573	-0.876	5.0883	4
131.25	0.1571	-1.9877	5.0812	4
131.3	0.1573	-1.1506	5.0697	4
131.35	0.1568	-1.6052	5.0641	4
131.4	0.1569	-1.6844	5.0639	4
131.45	0.1571	-1.4836	5.0663	4
131.5	0.1569	-1.5596	5.0669	4
131.55	0.1568	-1.589	5.0872	4
131.6	0.1566	-1.3704	5.0989	4
131.65	0.1563	-1.8365	5.0932	4
131.7	0.1561	-1.1058	5.0969	4
131.75	0.156	-1.9248	5.0987	4
131.8	0.1561	-1.339	5.1006	4
131.85	0.1558	-1.4266	5.0932	4
131.9	0.1554	-1.6658	5.0844	4
131.95	0.1557	-1.5509	5.0724	4
132	0.1554	-1.7693	5.072	4
132.05	0.1554	-1.4311	5.0771	4
132.1	0.1552	-1.4418	5.0839	4
132.15	0.1551	-1.701	5.1003	4
132.2	0.1552	-1.4127	5.1041	4
132.25	0.1545	-1.4707	5.0907	4
132.3	0.155	-1.7501	5.0773	4
132.35	0.1548	-1.2852	5.0802	4
132.4	0.1545	-1.6883	5.0802	4
132.45	0.1553	-1.7689	5.0919	4
132.5	0.1546	-1.1104	5.0878	4
132.55	0.1548	-1.9225	5.0862	4
132.6	0.155	-1.4582	5.0909	4
132.65	0.1547	-1.4237	5.0945	4
132.7	0.1543	-1.6019	5.0948	4
132.75	0.1545	-1.6041	5.0948	4
132.8	0.1544	-1.4612	5.0869	4
132.85	0.1543	-1.5865	5.09	4
132.9	0.1542	-1.4037	5.0787	4
132.95	0.1539	-1.589	5.0713	4
133	0.1536	-1.4247	5.0846	4
133.05	0.1535	-1.5377	5.0874	4
133.1	0.1531	-1.3821	5.0904	4
133.15	0.1528	-1.5183	5.0917	4
133.2	0.1527	-1.5551	5.092	4
133.25	0.1526	-1.5017	5.0817	4
133.3	0.1525	-1.4205	5.0755	4
133.35	0.1522	-1.6332	5.0888	4
133.4	0.1521	-1.2605	5.0867	4
133.45	0.1512	-1.4572	5.0939	4
133.5	0.1513	-1.4358	5.0915	4
133.55	0.1505	-1.2311	5.0859	4
133.6	0.15	-1.4329	5.0889	4
133.65	0.1498	-1.533	5.0925	4
133.7	0.1494	-1.2033	5.1048	4
133.75	0.1484	-1.428	5.1121	4
133.8	0.1488	-1.4877	5.0979	4
133.85	0.148	-1.1941	5.0935	4
133.9	0.1481	-1.5563	5.0958	4
133.95	0.1473	-1.1916	5.0939	4
134	0.1469	-1.5151	5.0958	4
134.05	0.1463	-1.2504	5.0861	4
134.1	0.1455	-1.3296	5.0877	4
134.15	0.1456	-1.6195	5.0944	4
134.2	0.1455	-1.2783	5.0961	4
134.25	0.1441	-1.0693	5.0829	4
134.3	0.1446	-2.0278	5.0856	4
134.35	0.1439	-0.8615	5.1041	4
134.4	0.1429	-1.5579	5.1109	4
134.45	0.1432	-1.5586	5.0988	4
134.5	0.1429	-1.3216	5.0925	4
134.55	0.1423	-1.5428	5.083	4
134.6	0.1418	-1.4588	5.0799	4
134.65	0.142	-1.7701	5.0952	4
134.7	0.142	-1.4495	5.0725	4
134.75	0.1418	-1.4604	5.0552	4
134.8	0.1421	-1.9574	5.0782	4
134.85	0.1427	-1.5755	5.073	4
134.9	0.1424	-1.5649	5.0533	4
134.95	0.1428	-1.8841	5.0494	4
135	0.1431	-1.5474	5.0722	4
135.05	0.1432	-1.754	5.0821	4
135.1	0.1439	-1.796	5.0844	4
135.15	0.1441	-1.6465	5.0915	4
135.2	0.1442	-1.8128	5.0807	4
135.25	0.1446	-1.7178	5.0841	4
135.3	0.1451	-1.7288	5.0914	4
135.35	0.1456	-1.96	5.0955	4
135.4	0.1461	-1.6654	5.1057	4
135.45	0.1461	-1.6738	5.1231	4
135.5	0.1463	-1.73	5.102	4
135.55	0.1471	-1.8218	5.077	4
135.6	0.1474	-1.8086	5.0755	4
135.65	0.1475	-1.5645	5.0803	4
135.7	0.1482	-2.1315	5.0912	4
135.75	0.149	-1.7249	5.112	4
135.8	0.149	-1.6612	5.1072	4
135.85	0.1494	-1.9208	5.0919	4
135.9	0.1504	-2.0351	5.0996	4
135.95	0.1507	-1.6671	5.0902	4
136	0.1512	-1.9106	5.0788	4
136.05	0.1523	-2.165	5.092	4
136.1	0.1529	-1.8609	5.0889	4
136.15	0.1536	-1.8773	5.0816	4
136.2	0.1545	-1.9963	5.0812	4
136.25	0.1558	-2.0944	5.0924	4
136.3	0.1566	-2.0053	5.0861	4
136.35	0.1578	-2.1029	5.086	4
136.4	0.1587	-1.9994	5.0798	4
136.45	0.1596	-2.1033	5.0769	4
136.5	0.1604	-2.1082	5.0855	4
136.55	0.1618	-2.1867	5.0908	4
136.6	0.1628	-2.1617	5.0907	4
136.65	0.1641	-2.0561	5.0953	4
136.7	0.1651	-2.1527	5.1012	4
136.75	0.1664	-2.1521	5.0789	4
136.8	0.1675	-2.0663	5.0711	4
136.85	0.1683	-1.9597	5.0791	4
136.9	0.1696	-2.2736	5.088	4
136.95	0.1708	-2.0935	5.0808	4
137	0.1715	-1.9906	5.0581	4
137.05	0.1727	-2.3145	5.0766	4
137.1	0.1742	-2.2323	5.0722	4
137.15	0.1749	-1.8622	5.0544	4
137.2	0.1759	-2.1764	5.0638	4
137.25	0.1776	-2.3959	5.0758	4
137.3	0.1786	-1.746	5.0919	4
137.35	0.1791	-2.0826	5.0846	4
137.4	0.1807	-2.3653	5.0897	4
137.45	0.1816	-1.9506	5.1007	4
137.5	0.1822	-1.8873	5.0823	4
137.55	0.1836	-2.5337	5.0805	4
137.6	0.1853	-2.0908	5.0911	4
137.65	0.1858	-1.7174	5.0797	4
137.7	0.1865	-2.2423	5.0931	4
137.75	0.1884	-2.4026	5.0883	4
137.8	0.1887	-1.603	5.0977	4
137.85	0.1891	-2.0163	5.1071	4
137.9	0.1913	-2.4867	5.0958	4
137.95	0.1926	-1.9812	5.0884	4
138	0.193	-1.905	5.0964	4
138.05	0.1945	-2.4203	5.0964	4
138.1	0.1958	-2.071	5.088	4
138.15	0.1963	-1.6528	5.0753	4
138.2	0.1969	-2.2946	5.0816	4
138.25	0.1989	-2.3536	5.0771	4
138.3	0.1995	-1.6268	5.0783	4
138.35	0.1999	-2.001	5.1139	4
138.4	0.2022	-2.6148	5.1122	4
138.45	0.2034	-1.7076	5.1013	4
138.5	0.2033	-1.8336	5.0855	4
138.55	0.2049	-2.6082	5.0823	4
138.6	0.2059	-1.6192	5.0931	4
138.65	0.2061	-2.0507	5.0787	4
138.7	0.2076	-2.1385	5.0801	4
138.75	0.2084	-1.8886	5.0783	4
138.8	0.2098	-2.3329	5.0513	4
138.85	0.2108	-1.7561	5.0575	4
138.9	0.2115	-2.2018	5.0512	4
138.95	0.2129	-2.2636	5.0573	4
139	0.2135	-1.7459	5.0761	4
139.05	0.2142	-2.1273	5.0704	4
139.1	0.2157	-2.2092	5.0784	4
139.15	0.2163	-1.6541	5.0752	4
139.2	0.2173	-2.3834	5.0687	4
139.25	0.2181	-1.8654	5.0682	4
139.3	0.2188	-1.9865	5.0758	4
139.35	0.2199	-2.0829	5.0816	4
139.4	0.2212	-2.1439	5.0622	4
139.45	0.2214	-1.6796	5.0676	4
139.5	0.2228	-2.3919	5.0777	4
139.55	0.2238	-1.7795	5.0915	4
139.6	0.2247	-2.1676	5.089	4
139.65	0.2257	-1.9989	5.0681	4
139.7	0.227	-2.0643	5.0783	4
139.75	0.2272	-1.6475	5.0917	4
139.8	0.2283	-2.2324	5.0871	4
139.85	0.2294	-2.0099	5.0788	4
139.9	0.2301	-1.785	5.087	4
139.95	0.2303	-2.0598	5.0831	4
140	0.2317	-2.1377	5.0908	4
140.05	0.2324	-1.6789	5.1062	4
140.1	0.2327	-1.9825	5.1096	4
140.15	0.2337	-1.9483	5.0941	4
140.2	0.2344	-2.0268	5.1033	4
140.25	0.2349	-1.7134	5.0942	4
140.3	0.236	-2.2043	5.0772	4
140.35	0.2367	-1.8229	5.075	4
140.4	0.2371	-1.7051	5.0799	4
140.45	0.2378	-2.0879	5.0768	4
140.5	0.2389	-1.9508	5.0879	4
140.55	0.2391	-1.6099	5.0909	4
140.6	0.2399	-1.9982	5.0984	4
140.65	0.2409	-1.9823	5.0967	4
140.7	0.2412	-1.772	5.0806	4
140.75	0.2414	-1.7303	5.0925	4
140.8	0.2425	-2.248	5.0837	4
140.85	0.2434	-1.588	5.0799	4
140.9	0.2435	-1.6755	5.1074	4
140.95	0.2441	-1.8573	5.0935	4
141	0.2443	-1.7605	5.0893	4
141.05	0.2447	-1.7782	5.0999	4
141.1	0.2455	-2.0255	5.0912	4
141.15	0.246	-1.6624	5.0717	4
141.2	0.2463	-1.881	5.0556	4
141.25	0.2474	-1.9847	5.0618	4
141.3	0.2475	-1.483	5.0708	4
141.35	0.2477	-1.974	5.0688	4
141.4	0.2483	-1.8446	5.0875	4
141.45	0.2488	-1.6473	5.0818	4
141.5	0.2492	-1.8707	5.0622	4
141.55	0.2503	-1.9051	5.0547	4
141.6	0.2505	-1.9566	5.0609	4
141.65	0.2514	-1.7619	5.0769	4
141.7	0.2521	-1.909	5.0748	4
141.75	0.2531	-1.9281	5.0832	4
141.8	0.2533	-1.5251	5.0959	4
141.85	0.253	-1.6531	5.0891	5
141.9	0.254	-2.2545	5.0806	5
141.95	0.2549	-1.6201	5.088	5
142	0.2545	-1.5058	5.0938	5
142.05	0.2555	-2.3194	5.0836	5
142.1	0.2596	-1.54	5.0943	5
142.15	0.2713	-1.5414	5.0989	5
142.2	0.2903	-1.6235	5.0921	5
142.25	0.3156	-1.5503	5.0872	5
142.3	0.3474	-1.3944	5.0919	5
142.35	0.3859	-1.0484	5.0887	5
142.4	0.4322	-1.5568	5.0845	5
142.45	0.4838	-0.7767	5.0944	5
142.5	0.5422	-0.5852	5.0857	5
142.55	0.6071	-0.5381	5.0831	5
142.6	0.6779	-0.0925	5.0879	5
142.65	0.7554	0.4412	5.091	5
142.7	0.8391	0.9145	5.075	5
142.75	0.9285	1.252	5.0836	5
142.8	1.0241	1.7568	5.1005	5
142.85	1.1255	2.5455	5.1175	5
142.9	1.2332	3.0023	5.1229	5
142.95	1.3466	3.8699	5.1166	5
143	1.4657	4.8182	5.0997	5
143.05	1.5908	5.6501	5.1032	5
143.1	1.7218	6.7836	5.1196	5
143.15	1.8583	8.0337	5.1091	5
143.2	1.9998	9.623	5.0894	5
143.25	2.1471	11.149	5.0846	5
143.3	2.2995	13.3538	5.0821	5
143.35	2.4575	15.4314	5.0777	5
143.4	2.6202	18.6047	5.0851	5
143.45	2.7892	21.4389	5.112	5
143.5	2.9622	26.1291	5.1026	5
143.55	3.1413	30.4162	5.0981	5
143.6	3.326	35.6351	5.0904	5
143.65	3.5166	42.2617	5.0883	5
143.7	3.7146	49.7769	5.1002	5
143.75	3.9212	57.7809	5.0965	5
143.8	4.1354	67.743	5.097	5
143.85	4.3579	78.8282	5.0937	5
143.9	4.5882	91.0746	5.095	5
143.95	4.8262	104.5611	5.1092	5
144	5.0715	119.6133	5.104	5
144.05	5.3233	135.9225	5.0918	5
144.1	5.5813	153.2937	5.09	5
144.15	5.8454	172.3175	5.0963	5
144.2	6.1153	192.1939	5.0962	5
144.25	6.3889	213.7822	5.0845	6
144.3	6.668	236.1926	5.0984	6
144.35	6.9519	260.5039	5.1002	6
144.4	7.2402	285.6558	5.0821	6
144.45	7.5302	312.8497	5.084	6
144.5	7.8202	340.6838	5.0944	6
144.55	8.1056	369.0308	5.0999	6
144.6	8.3847	399.1662	5.0785	6
144.65	8.6571	431.0089	5.0582	6
144.7	8.923	464.7341	5.0812	6
144.75	9.1819	500.9366	5.1012	6
144.8	9.4335	539.4337	5.0933	6
144.85	9.6789	579.2622	5.0981	6
144.9	9.9185	620.5852	5.0897	6
144.95	10.1507	664.0174	5.0866	6
145	10.3756	710.1302	5.0771	6
145.05	10.5946	757.8693	5.0876	6
145.1	10.807	808.6762	5.0933	6
145.15	11.0134	860.8559	5.0812	6
145.2	11.2148	913.2319	5.0649	6
145.25	11.4113	966.2191	5.0659	6
145.3	11.6027	1020.1832	5.0685	6
145.35	11.7898	1073.6259	5.0877	6
145.4	11.9722	1127.3957	5.0985	6
145.45	12.1501	1181.3379	5.0941	6
145.5	12.3245	1234.1443	5.0751	6
145.55	12.4953	1286.303	5.0607	6
145.6	12.6623	1338.8072	5.0886	6
145.65	12.8256	1390.6617	5.1062	6
145.7	12.9856	1441.4728	5.091	6
145.75	13.1417	1492.1455	5.0722	6
145.8	13.294	1542.4859	5.0753	6
145.85	13.4433	1591.9366	5.0908	6
145.9	13.5893	1640.9599	5.0747	6
145.95	13.7322	1689.2133	5.0757	6
146	13.8726	1736.5869	5.0769	6
146.05	14.01	1783.0663	5.0802	6
146.1	14.1448	1828.1891	5.0849	6
146.15	14.2764	1872.9909	5.0937	6
146.2	14.4052	1916.7234	5.0995	6
146.25	14.5314	1959.485	5.0895	6
146.3	14.6549	2002.2353	5.0634	6
146.35	14.7758	2044.1862	5.0795	6
146.4	14.8947	2084.5977	5.0732	6
146.45	15.0108	2125.6155	5.0671	6
146.5	15.1248	2164.9827	5.0893	6
146.55	15.2373	2201.976	5.0725	6
146.6	15.3475	2238.4508	5.0563	6
146.65	15.455	2274.3682	5.0608	6
146.7	15.5613	2308.5736	5.0594	6
146.75	15.6653	2342.2947	5.0584	6
146.8	15.7664	2376.1406	5.0569	6
146.85	15.8662	2407.9608	5.0542	6
146.9	15.9648	2438.4437	5.0667	6
146.95	16.0605	2469.4479	5.0722	6
147	16.1546	2499.0665	5.0681	6
147.05	16.2474	2527.1841	5.0513	6
147.1	16.3375	2555.5347	5.065	6
147.15	16.4263	2582.5943	5.0764	6
147.2	16.5138	2608.4196	5.0757	6
147.25	16.5989	2634.0929	5.0886	6
147.3	16.6823	2659.1045	5.0873	6
147.35	16.7645	2682.8048	5.0785	6
147.4	16.8451	2705.4353	5.0805	6
147.45	16.9242	2727.2382	5.0901	6
147.5	17.0021	2748.1131	5.084	6
147.55	17.0782	2768.51	5.0772	6
147.6	17.1527	2788.2189	5.0739	6
147.65	17.226	2807.1979	5.0833	6
147.7	17.2977	2825.3982	5.0689	6
147.75	17.3683	2842.4319	5.0567	6
147.8	17.4375	2859.0721	5.0603	6
147.85	17.5053	2874.8843	5.0512	6
147.9	17.5717	2889.6451	5.0531	6
147.95	17.6372	2903.7173	5.0678	6
148	17.702	2917.2194	5.0815	6
148.05	17.765	2930.0621	5.069	6
148.1	17.8269	2941.8957	5.0572	6
148.15	17.8877	2953.1429	5.0585	6
148.2	17.9475	2963.6752	5.0628	6
148.25	18.0063	2973.5384	5.0654	6
148.3	18.0639	2982.6965	5.0718	6
148.35	18.1205	2990.8789	5.0745	6
148.4	18.176	2998.5763	5.0676	6
148.45	18.2307	3005.6497	5.0792	6
148.5	18.2842	3012.1976	5.0819	6
148.55	18.3364	3018.2356	5.0847	6
148.6	18.3878	3023.4966	5.0737	6
148.65	18.4382	3028.5318	5.0856	6
148.7	18.4875	3032.8068	5.0996	6
148.75	18.5359	3036.537	5.0916	6
148.8	18.5832	3039.9943	5.0766	6
148.85	18.6297	3042.422	5.073	6
148.9	18.6758	3044.1769	5.0771	6
148.95	18.7207	3045.9145	5.0578	6
149	18.766	3045.392	5.074	6
149.05	18.81	3045.0185	5.0783	6
149.1	18.8518	3046.1869	5.0461	6
149.15	18.8934	3045.5436	5.0398	6
149.2	18.9344	3044.4774	5.06	6
149.25	18.9738	3044.0928	5.0767	6
149.3	19.0134	3042.4022	5.0709	6
149.35	19.0518	3040.6669	5.0639	6
149.4	19.0892	3038.6648	5.0594	6
149.45	19.1258	3036.2061	5.0564	6
149.5	19.1617	3033.2059	5.0446	6
149.55	19.1965	3030.8003	5.0431	6
149.6	19.2312	3026.9274	5.0341	6
149.65	19.2651	3023.0754	5.046	6
149.7	19.2979	3019.7615	5.0517	6
149.75	19.3302	3015.5645	5.0589	6
149.8	19.3622	3010.2918	5.0575	6
149.85	19.3929	3005.7174	5.0441	6
149.9	19.4228	3001.296	5.0661	6
149.95	19.4533	2994.7735	5.086	6
150	19.4822	2989.0928	5.064	6
150.05	19.5099	2983.8989	5.0627	6
150.1	19.5385	2976.4522	5.0761	6
150.15	19.5661	2969.4385	5.0659	6
150.2	19.592	2963.7809	5.0637	6
150.25	19.6187	2956.3359	5.0643	6
150.3	19.6451	2948.1945	5.0622	6
150.35	19.6693	2942.2054	5.0746	6
150.4	19.6938	2934.6526	5.0668	6
150.45	19.7183	2926.0509	5.0556	6
150.5	19.741	2919.0988	5.0626	6
150.55	19.7633	2911.9258	5.0856	6
150.6	19.7864	2903.0775	5.0707	6
150.65	19.8081	2894.9964	5.07	6
150.7	19.8283	2888.1368	5.0725	6
150.75	19.8492	2879.4282	5.068	6
150.8	19.8693	2870.9001	5.0726	6
150.85	19.8879	2863.7797	5.0607	6
150.9	19.907	2855.5503	5.0558	6
150.95	19.9262	2846.4228	5.0657	6
151	19.9438	2838.6726	5.0513	6
151.05	19.9615	2829.9692	5.0519	6
151.1	19.9792	2820.6084	5.0473	6
151.15	19.9958	2812.4361	5.0484	6
151.2	20.0119	2804.1143	5.0705	6
151.25	20.0283	2794.6837	5.0597	6
151.3	20.0437	2785.8878	5.0566	6
151.35	20.0584	2777.6409	5.067	6
151.4	20.0739	2767.7263	5.0616	6
151.45	20.0886	2758.4569	5.0595	6
151.5	20.1019	2750.4843	5.071	6
151.55	20.1161	2740.731	5.0681	6
151.6	20.1297	2731.3535	5.0545	6
151.65	20.1417	2723.0566	5.0362	6
151.7	20.1546	2714.1129	5.0456	6
151.75	20.1673	2704.365	5.06	6
151.8	20.1783	2696.0566	5.0592	6
151.85	20.1895	2687.1064	5.0717	6
151.9	20.2009	2677.9198	5.0732	6
151.95	20.2117	2669.3428	5.0662	6
152	20.2218	2661.4368	5.0597	6
152.05	20.2322	2651.6067	5.0835	6
152.1	20.2424	2642.1405	5.1064	6
152.15	20.2514	2634.3125	5.0926	6
152.2	20.2607	2625.2416	5.0959	6
152.25	20.2703	2615.6821	5.099	6
152.3	20.2784	2607.6089	5.0976	6
152.35	20.2866	2599.1949	5.0931	6
152.4	20.2957	2589.6013	5.0952	6
152.45	20.3034	2581.2583	5.1075	6
152.5	20.3103	2573.3705	5.1116	6
152.55	20.3179	2564.3532	5.094	6
152.6	20.3245	2556.4556	5.095	6
152.65	20.3311	2548.4208	5.0921	6
152.7	20.338	2539.5737	5.0991	6
152.75	20.3442	2531.4274	5.103	6
152.8	20.3501	2523.8735	5.0901	6
152.85	20.3564	2515.3793	5.0966	6
152.9	20.362	2507.2859	5.0946	6
152.95	20.3668	2500.1271	5.0961	6
153	20.3724	2491.7431	5.095	6
153.05	20.3774	2483.767	5.1047	6
153.1	20.3817	2476.8608	5.1052	6
153.15	20.3865	2468.9648	5.09	6
153.2	20.391	2460.9608	5.08	6
153.25	20.3946	2454.1707	5.0865	6
153.3	20.3984	2447.1658	5.0896	6
153.35	20.4025	2439.3823	5.0965	6
153.4	20.4056	2432.8132	5.0774	6
153.45	20.4085	2426.2476	5.0599	6
153.5	20.4121	2418.8145	5.0642	6
153.55	20.4151	2412.0188	5.0766	6
153.6	20.4179	2405.4218	5.082	6
153.65	20.4206	2398.3978	5.0637	6
153.7	20.4234	2391.1172	5.0582	6
153.75	20.4258	2384.7066	5.0754	6
153.8	20.428	2378.5462	5.0773	6
153.85	20.4307	2371.5021	5.0756	6
153.9	20.4328	2365.222	5.0759	6
153.95	20.4345	2359.3565	5.0609	6
154	20.4367	2352.3509	5.0627	6
154.05	20.4385	2345.942	5.0546	6
154.1	20.4399	2340.1373	5.0598	6
154.15	20.4417	2333.6024	5.0726	6
154.2	20.4431	2327.1467	5.0793	6
154.25	20.4439	2321.8566	5.0863	6
154.3	20.4452	2315.8842	5.082	6
154.35	20.4463	2309.8851	5.0691	6
154.4	20.4466	2304.7479	5.0759	6
154.45	20.4472	2299.668	5.0807	6
154.5	20.4484	2293.7579	5.0898	6
154.55	20.4486	2288.6444	5.0915	6
154.6	20.4487	2283.8679	5.0957	6
154.65	20.4497	2277.8222	5.1257	6
154.7	20.4498	2272.6317	5.1155	6
154.75	20.4496	2268.2634	5.0986	6
154.8	20.4502	2262.699	5.1047	6
154.85	20.4503	2257.9355	5.0976	6
154.9	20.4498	2253.8591	5.1048	6
154.95	20.4498	2248.9061	5.097	6
155	20.4496	2244.1656	5.0979	6
155.05	20.4489	2240.045	5.0765	6
155.1	20.4486	2235.4485	5.0597	6
155.15	20.4481	2231.1902	5.0691	6
155.2	20.4475	2226.9618	5.0632	6
155.25	20.4471	2222.3382	5.0548	6
155.3	20.4467	2217.8523	5.0623	6
155.35	20.4457	2214.2637	5.0761	6
155.4	20.4455	2209.6087	5.0844	6
155.45	20.445	2205.2645	5.0862	6
155.5	20.4438	2201.9188	5.0759	6
155.55	20.4432	2197.6933	5.0746	6
155.6	20.4426	2193.2814	5.0753	6
155.65	20.4412	2190.2209	5.0863	6
155.7	20.4401	2186.8746	5.1011	6
155.75	20.4395	2182.5428	5.0833	6
155.8	20.438	2179.2871	5.0627	6
155.85	20.4364	2176.4797	5.0727	6
155.9	20.4358	2172.1867	5.0848	6
155.95	20.4348	2168.4675	5.0784	6
156	20.4333	2165.6409	5.071	6
156.05	20.4325	2161.8311	5.0792	6
156.1	20.4317	2157.8255	5.0742	6
156.15	20.4298	2155.3929	5.074	6
156.2	20.4283	2152.3447	5.0803	6
156.25	20.4277	2148.0776	5.0701	6
156.3	20.426	2145.6569	5.0643	6
156.35	20.4245	2143.0359	5.063	6
156.4	20.4239	2139.0235	5.0572	6
156.45	20.4223	2136.4752	5.0776	6
156.5	20.4208	2133.8058	5.0767	6
156.55	20.4198	2130.3424	5.0778	6
156.6	20.4184	2127.3729	5.0877	6
156.65	20.4169	2124.5135	5.0821	6
156.7	20.4157	2121.2427	5.0858	6
156.75	20.4145	2118.2206	5.0765	6
156.8	20.4128	2115.8401	5.0668	6
156.85	20.4117	2112.7018	5.0677	6
156.9	20.4101	2110.2873	5.0694	6
156.95	20.4084	2107.9686	5.0722	6
157	20.4068	2105.2456	5.0766	6
157.05	20.4054	2102.5692	5.0761	6
157.1	20.4036	2100.4591	5.0929	6
157.15	20.4025	2097.2816	5.1044	6
157.2	20.4012	2094.5848	5.0954	6
157.25	20.3992	2092.9484	5.0889	6
157.3	20.3981	2090.1829	5.0888	6
157.35	20.3967	2087.5046	5.0732	6
157.4	20.3947	2085.8466	5.0757	6
157.45	20.3934	2083.2515	5.1049	6
157.5	20.392	2080.9169	5.0926	6
157.55	20.3905	2078.58	5.0909	6
157.6	20.3888	2076.7185	5.0927	6
157.65	20.387	2074.8696	5.0686	6
157.7	20.3855	2072.3557	5.0714	6
157.75	20.3836	2070.9196	5.0712	6
157.8	20.3816	2069.5368	5.0662	6
157.85	20.3804	2067.1657	5.0916	6
157.9	20.3786	2065.5626	5.0893	6
157.95	20.3766	2064.0572	5.08	6
158	20.3752	2062.0923	5.0765	6
158.05	20.3736	2060.1512	5.0545	6
158.1	20.3718	2058.5759	5.0633	6
158.15	20.37	2057.0767	5.0672	6
158.2	20.3686	2055.0101	5.0762	6
158.25	20.367	2053.3144	5.0998	6
158.3	20.3648	2052.4948	5.0846	6
158.35	20.3634	2050.7781	5.0694	6
158.4	20.3619	2049.2559	5.0679	6
158.45	20.3597	2048.5148	5.0585	6
158.5	20.3578	2047.3192	5.0709	6
158.55	20.3567	2045.301	5.071	6
158.6	20.3547	2044.3958	5.0671	6
158.65	20.3527	2043.6803	5.0605	6
158.7	20.3518	2041.3734	5.0464	6
158.75	20.3503	2039.8339	5.0555	6
158.8	20.348	2039.4896	5.0551	6
158.85	20.3472	2037.1631	5.0622	6
158.9	20.3459	2035.6106	5.0569	6
158.95	20.3437	2035.4039	5.0525	6
159	20.3427	2033.5636	5.0689	6
159.05	20.3418	2031.5019	5.0526	6
159.1	20.34	2030.7917	5.0461	6
159.15	20.3384	2029.7165	5.0453	6
159.2	20.3375	2027.7416	5.0578	6
159.25	20.3361	2026.6022	5.0702	6
159.3	20.3342	2026.1216	5.0684	6
159.35	20.3333	2024.1786	5.0666	6
159.4	20.332	2022.6815	5.055	6
159.45	20.3297	2022.7432	5.038	6
159.5	20.3286	2021.4361	5.0505	6
159.55	20.3279	2019.3653	5.0508	6
159.6	20.3258	2019.4307	5.0568	6
159.65	20.3245	2018.4612	5.0791	6
159.7	20.3238	2016.2722	5.0901	6
159.75	20.322	2015.8554	5.0822	6
159.8	20.3201	2015.7932	5.0733	6
159.85	20.3196	2013.8039	5.0681	6
159.9	20.3181	2012.9439	5.0855	6
159.95	20.3157	2013.383	5.093	6
160	20.3152	2011.6002	5.0653	6
160.05	20.3141	2010.549	5.0608	6
160.1	20.3121	2010.5471	5.0663	6
160.15	20.3109	2009.4155	5.0731	6
160.2	20.3105	2007.5007	5.0653	6
160.25	20.3092	2006.8989	5.0734	6
160.3	20.3078	2006.5603	5.077	6
160.35	20.307	2004.8372	5.0822	6
160.4	20.3057	2004.1985	5.09	6
160.45	20.304	2004.0521	5.074	6
160.5	20.3029	2003.0313	5.0715	6
160.55	20.3024	2001.2963	5.0699	6
160.6	20.301	2000.7901	5.076	6
160.65	20.2997	2000.2469	5.0864	6
160.7	20.2992	1998.6704	5.0693	6
160.75	20.2979	1998.1456	5.0624	6
160.8	20.2962	1997.9072	5.0672	6
160.85	20.2955	1996.6194	5.0701	6
160.9	20.2945	1995.6329	5.0707	6
160.95	20.2928	1995.6278	5.0602	6
161	20.2918	1994.7607	5.0711	6
161.05	20.2912	1993.4529	5.088	6
161.1	20.2897	1993.2659	5.0918	6
161.15	20.2886	1992.6641	5.0826	6
161.2	20.2875	1991.8338	5.0852	6
161.25	20.286	1991.8496	5.079	6
161.3	20.2851	1991.1332	5.0745	6
161.35	20.2839	1990.9078	5.0662	6
161.4	20.2831	1990.2161	5.0525	6
161.45	20.2818	1990.081	5.0464	6
161.5	20.2807	1989.5851	5.0429	6
161.55	20.2797	1989.2145	5.0345	6
161.6	20.2787	1988.824	5.0325	6
161.65	20.2778	1988.2824	5.0481	6
161.7	20.2769	1988.1076	5.0569	6
161.75	20.2762	1987.0913	5.0523	6
161.8	20.275	1987.112	5.0504	6
161.85	20.2742	1986.6736	5.0565	6
161.9	20.2734	1985.8775	5.0647	6
161.95	20.2722	1986.0116	5.0507	6
162	20.2715	1985.1697	5.0416	6
162.05	20.2705	1984.7543	5.0446	6
162.1	20.2697	1984.1418	5.0543	6
162.15	20.2685	1983.9455	5.0337	6
162.2	20.2674	1983.6139	5.0271	6
162.25	20.2665	1983.3548	5.0374	6
162.3	20.2655	1983.2694	5.0492	6
162.35	20.2647	1982.9315	5.0507	6
162.4	20.2634	1983.0228	5.0277	6
162.45	20.2624	1982.9294	5.0139	6
162.5	20.2617	1982.5101	5.0164	6
162.55	20.2608	1982.0842	5.0359	6
162.6	20.2598	1982.1143	5.0349	6
162.65	20.2589	1981.7064	5.028	6
162.7	20.2584	1981.3164	5.0441	6
162.75	20.2573	1981.4267	5.0437	6
162.8	20.257	1980.7408	5.0418	6
162.85	20.2563	1980.3485	5.044	6
162.9	20.2554	1980.5711	5.0495	6
162.95	20.2549	1979.8449	5.0589	6
163	20.2541	1979.6705	5.0446	6
163.05	20.253	1980.0221	5.0535	6
163.1	20.2527	1979.2756	5.0617	6
163.15	20.2519	1978.9208	5.0688	6
163.2	20.2508	1979.4926	5.0669	6
163.25	20.2502	1978.8314	5.0478	6
163.3	20.2496	1978.5014	5.0298	6
163.35	20.2481	1979.0356	5.0406	6
163.4	20.2477	1978.9951	5.0649	6
163.45	20.2476	1977.8672	5.0794	6
163.5	20.2462	1978.7133	5.0734	6
163.55	20.2456	1978.3482	5.0713	6
163.6	20.2452	1977.6786	5.0536	6
163.65	20.2443	1978.1073	5.0454	6
163.7	20.2434	1978.0507	5.0508	6
163.75	20.2435	1977.3117	5.0543	6
163.8	20.2425	1977.2388	5.0548	6
163.85	20.2413	1978.1874	5.0632	6
163.9	20.2415	1976.8474	5.0519	6
163.95	20.2403	1977.1562	5.0508	6
164	20.2392	1978.27	5.0527	6
164.05	20.239	1977.0372	5.0419	6
164.1	20.2386	1976.8123	5.0492	6
164.15	20.2373	1978.0453	5.0507	6
164.2	20.2366	1977.6402	5.0638	6
164.25	20.2369	1976.8414	5.0509	6
164.3	20.2353	1978.0295	5.0407	6
164.35	20.2346	1977.7846	5.0396	6
164.4	20.2347	1977.3138	5.0474	6
164.45	20.2338	1977.4106	5.0577	6
164.5	20.2331	1977.4337	5.0559	6
164.55	20.233	1977.7527	5.0623	6
164.6	20.2328	1976.7571	5.0455	6
164.65	20.2318	1977.1631	5.0465	6
164.7	20.2313	1977.8449	5.0603	6
164.75	20.2312	1976.891	5.0417	6
164.8	20.2304	1976.8158	5.0446	6
164.85	20.2298	1977.5373	5.0626	6
164.9	20.2294	1977.3054	5.0474	6
164.95	20.2293	1976.3042	5.0374	6
165	20.229	1976.5375	5.05	6
165.05	20.2286	1976.6435	5.0368	6
165.1	20.2283	1975.6355	5.0354	6
165.15	20.2283	1975.3238	5.0478	6
165.2	20.2276	1976.1557	5.0626	6
165.25	20.2272	1975.3198	5.0662	6
165.3	20.227	1974.9736	5.0569	6
165.35	20.2263	1975.9496	5.0593	6
165.4	20.2261	1975.3005	5.0404	6
165.45	20.2256	1974.649	5.0405	6
165.5	20.2254	1975.1703	5.0555	6
165.55	20.2256	1974.8432	5.0395	6
165.6	20.2252	1973.876	5.0457	6
165.65	20.2243	1974.1934	5.0632	6
165.7	20.2242	1974.4937	5.0643	6
165.75	20.2242	1973.9782	5.0399	6
165.8	20.2229	1974.3911	5.0229	6
165.85	20.223	1974.1212	5.0443	6
165.9	20.2232	1974.1177	5.0528	6
165.95	20.2224	1974.4835	5.0415	6
166	20.2218	1973.8402	5.0645	6
166.05	20.2219	1973.6076	5.0807	6
166.1	20.2218	1974.0537	5.0697	6
166.15	20.2211	1974.3741	5.0528	6
166.2	20.2211	1972.8642	5.0479	6
166.25	20.221	1972.8786	5.0592	6
166.3	20.2205	1974.0146	5.0462	6
166.35	20.2207	1973.185	5.0488	6
166.4	20.2198	1972.7354	5.0568	6
166.45	20.2195	1972.9331	5.0462	6
166.5	20.2196	1972.9734	5.0452	6
166.55	20.2186	1974.2048	5.0539	6
166.6	20.2186	1972.7144	5.0751	6
166.65	20.2186	1972.0809	5.0794	6
166.7	20.2173	1974.3536	5.0612	6
166.75	20.2179	1973.6609	5.0578	6
166.8	20.2178	1972.7864	5.0548	6
166.85	20.2164	1973.538	5.0634	6
166.9	20.2164	1973.4898	5.0574	6
166.95	20.2167	1973.172	5.0387	6
167	20.2165	1973.4707	5.0417	6
167.05	20.2155	1973.6977	5.0548	6
167.1	20.2157	1972.3645	5.0519	6
167.15	20.2159	1972.28	5.0516	6
167.2	20.2148	1974.192	5.0516	6
167.25	20.215	1973.8677	5.0723	6
167.3	20.2152	1972.2141	5.069	6
167.35	20.214	1972.8253	5.0573	6
167.4	20.2133	1973.7573	5.0634	6
167.45	20.2144	1972.4397	5.049	6
167.5	20.2138	1973.4018	5.0462	6
167.55	20.2126	1974.1883	5.0652	6
167.6	20.2132	1972.2148	5.0718	6
167.65	20.2131	1972.5529	5.0707	6
167.7	20.2123	1973.998	5.0821	6
167.75	20.2124	1974.0996	5.0805	6
167.8	20.2126	1973.4525	5.0763	6
167.85	20.2122	1972.7624	5.0658	6
167.9	20.2113	1973.2646	5.068	6
167.95	20.2113	1973.4995	5.0669	6
168	20.2121	1972.8406	5.0645	6
168.05	20.2111	1974.371	5.0668	6
168.1	20.2109	1974.1715	5.0687	6
168.15	20.2114	1972.1184	5.08	6
168.2	20.2111	1972.2388	5.0834	6
168.25	20.2111	1972.4993	5.0845	6
168.3	20.2109	1973.0604	5.0843	6
168.35	20.2116	1972.3559	5.0693	6
168.4	20.2113	1972.0923	5.075	6
168.45	20.2102	1972.0104	5.0717	6
168.5	20.2111	1970.6287	5.0596	6
168.55	20.2111	1970.7787	5.0798	6
168.6	20.2108	1971.5198	5.074	6
168.65	20.2111	1971.3095	5.0775	6
168.7	20.2113	1970.6741	5.0904	6
168.75	20.2105	1970.4679	5.0798	6
168.8	20.2105	1970.0958	5.0802	6
168.85	20.2102	1970.642	5.0676	6
168.9	20.2102	1970.9542	5.0463	6
168.95	20.2108	1970.5724	5.0483	6
169	20.2101	1971.1542	5.0618	6
169.05	20.2098	1969.8967	5.06	6
169.1	20.2102	1968.9014	5.074	6
169.15	20.2096	1970.0192	5.0671	6
169.2	20.2096	1970.3093	5.0702	6
169.25	20.21	1970.1275	5.0734	6
169.3	20.2102	1969.6283	5.0635	6
169.35	20.2092	1969.6918	5.0627	6
169.4	20.2094	1968.73	5.0675	6
169.45	20.2099	1968.1086	5.0668	6
169.5	20.209	1969.4846	5.0619	6
169.55	20.2094	1969.3882	5.0603	6
169.6	20.2101	1968.5098	5.0447	6
169.65	20.2095	1968.3579	5.0533	6
169.7	20.2092	1967.1826	5.0636	6
169.75	20.2096	1966.6834	5.0698	6
169.8	20.2098	1966.804	5.0803	6
169.85	20.2097	1966.8932	5.089	6
169.9	20.2099	1966.9251	5.0784	6
169.95	20.2104	1965.8718	5.0806	6
170	20.2094	1965.635	5.0725	6
170.05	20.2093	1965.4294	5.0691	6
170.1	20.2101	1964.4948	5.0797	6
170.15	20.2094	1965.7703	5.0667	6
170.2	20.2093	1966.3316	5.07	6
170.25	20.2102	1965.282	5.0755	6
170.3	20.2098	1964.5388	5.0733	6
170.35	20.209	1964.7181	5.0757	6
170.4	20.2093	1964.3789	5.0708	6
170.45	20.2098	1963.964	5.0767	6
170.5	20.2093	1964.9542	5.0733	6
170.55	20.2093	1965.3118	5.0542	6
170.6	20.2096	1964.1027	5.0509	6
170.65	20.209	1963.4515	5.0466	6
170.7	20.2084	1964.0171	5.058	6
170.75	20.209	1963.5325	5.0692	6
170.8	20.209	1963.7058	5.0572	6
170.85	20.2087	1964.4883	5.0465	6
170.9	20.209	1964.2783	5.0327	6
170.95	20.2087	1963.0785	5.0486	6
171	20.2078	1963.2825	5.0555	6
171.05	20.2084	1962.4832	5.0493	6
171.1	20.2083	1962.9193	5.0617	6
171.15	20.2079	1963.882	5.0638	6
171.2	20.209	1962.7295	5.0657	6
171.25	20.2086	1962.9975	5.0773	6
171.3	20.2078	1962.6489	5.0717	6
171.35	20.2087	1960.7665	5.082	6
171.4	20.2085	1961.3165	5.0817	6
171.45	20.2083	1961.7684	5.076	6
171.5	20.2088	1961.2706	5.0756	6
171.55	20.2092	1960.9903	5.0841	6
171.6	20.2093	1960.2736	5.0726	6
171.65	20.2088	1959.4268	5.0573	6
171.7	20.2089	1958.899	5.0677	6
171.75	20.2098	1958.0959	5.0777	6
171.8	20.2093	1958.8799	5.065	6
171.85	20.2098	1958.6997	5.0467	6
171.9	20.2107	1957.3267	5.05	6
171.95	20.2102	1956.2887	5.0543	6
172	20.2102	1955.4792	5.0583	6
172.05	20.211	1954.583	5.0692	6
172.1	20.2111	1954.7574	5.0771	6
172.15	20.2115	1954.5038	5.0634	6
172.2	20.2116	1954.2698	5.0559	6
172.25	20.2114	1953.0304	5.0682	6
172.3	20.2113	1952.2171	5.0486	6
172.35	20.2112	1952.4214	5.0343	6
172.4	20.2113	1952.3944	5.0485	6
172.45	20.2117	1952.3227	5.0675	6
172.5	20.2116	1952.1299	5.0671	6
172.55	20.2114	1950.8656	5.0614	6
172.6	20.2109	1951.123	5.0747	6
172.65	20.2113	1950.9592	5.0638	6
172.7	20.2113	1951.0876	5.0539	6
172.75	20.2108	1952.1423	5.056	6
172.8	20.2111	1951.3373	5.0573	6
172.85	20.2109	1950.2395	5.0528	6
172.9	20.2101	1950.6273	5.0543	6
172.95	20.2101	1950.9476	5.0633	6
173	20.2103	1950.8093	5.0729	6
173.05	20.21	1951.2408	5.0556	6
173.1	20.2095	1951.9348	5.0403	6
173.15	20.2094	1950.7094	5.0331	6
173.2	20.2098	1949.2669	5.0363	6
173.25	20.2085	1951.3198	5.0504	6
173.3	20.2085	1951.6727	5.0698	6
173.35	20.2101	1949.5188	5.068	6
173.4	20.2081	1952.6072	5.0568	6
173.45	20.2078	1952.2859	5.0439	6
173.5	20.2091	1948.9003	5.0443	6
173.55	20.2077	1950.5285	5.0501	6
173.6	20.2073	1951.3891	5.0644	6
173.65	20.2086	1949.7849	5.0594	6
173.7	20.2086	1949.8887	5.0277	6
173.75	20.2077	1951.2941	5.0144	6
173.8	20.2082	1949.797	5.0417	6
173.85	20.2083	1948.1892	5.0583	6
173.9	20.2072	1949.7296	5.0556	6
173.95	20.207	1950.0324	5.0564	6
174	20.208	1948.8168	5.0517	6
174.05	20.2071	1950.3353	5.0417	6
174.1	20.2069	1951.0964	5.0396	6
174.15	20.2078	1948.8273	5.0519	6
174.2	20.2069	1948.7281	5.0577	6
174.25	20.2062	1949.4526	5.054	6
174.3	20.2072	1948.2242	5.0549	6
174.35	20.2069	1948.821	5.0575	6
174.4	20.2061	1950.1441	5.0623	6
174.45	20.2068	1949.4239	5.0666	6
174.5	20.2071	1948.6013	5.052	6
174.55	20.2054	1949.3889	5.0524	6
174.6	20.2054	1948.8679	5.0588	6
174.65	20.2066	1947.4241	5.072	6
174.7	20.2057	1949.0771	5.0648	6
174.75	20.2053	1949.6991	5.0472	6
174.8	20.207	1947.4016	5.0459	6
174.85	20.2061	1948.9735	5.0534	6
174.9	20.2059	1948.8542	5.0632	6
174.95	20.2065	1946.2021	5.06	6
175	20.2056	1946.9999	5.0478	6
175.05	20.2054	1947.5312	5.0475	6
175.1	20.2061	1946.8569	5.0649	6
175.15	20.2062	1947.1555	5.0679	6
175.2	20.2061	1947.6172	5.0645	6
175.25	20.2063	1947.3399	5.0428	6
175.3	20.2063	1946.4071	5.0412	6
175.35	20.2058	1945.9589	5.0577	6
175.4	20.2057	1945.9158	5.0483	6
175.45	20.2063	1945.3792	5.054	6
175.5	20.2059	1946.2128	5.0551	6
175.55	20.206	1946.3418	5.0775	6
175.6	20.2067	1945.5829	5.0872	6
175.65	20.2063	1946.1309	5.0658	6
175.7	20.2056	1945.6582	5.047	6
175.75	20.2066	1943.1125	5.0497	6
175.8	20.2056	1944.6277	5.0647	6
175.85	20.2056	1944.8419	5.0455	6
175.9	20.2077	1942.1451	5.0436	6
175.95	20.2065	1944.3334	5.0703	6
176	20.2069	1944.1306	5.0697	6
176.05	20.2081	1941.8106	5.071	6
176.1	20.2071	1941.6849	5.0601	6
176.15	20.2064	1942.2945	5.0605	6
176.2	20.2071	1941.6927	5.0806	6
176.25	20.2079	1940.7632	5.0746	6
176.3	20.2072	1942.1123	5.0715	6
176.35	20.2074	1941.963	5.0596	6
176.4	20.2085	1939.5817	5.0693	6
176.45	20.2074	1939.5399	5.0829	6
176.5	20.2072	1939.5388	5.0854	6
176.55	20.2084	1938.1433	5.0783	6
176.6	20.2081	1938.8131	5.0689	6
176.65	20.2075	1939.7031	5.0546	6
176.7	20.2081	1939.0744	5.0597	6
176.75	20.2081	1938.5968	5.0615	6
176.8	20.207	1938.5824	5.0703	6
176.85	20.207	1938.246	5.0654	6
176.9	20.2075	1937.5905	5.0429	6
176.95	20.2073	1938.1905	5.0549	6
177	20.2068	1939.088	5.0612	6
177.05	20.2076	1938.1263	5.0532	6
177.1	20.2076	1937.8883	5.0486	6
177.15	20.2064	1938.2596	5.0521	6
177.2	20.2067	1936.983	5.0717	6
177.25	20.2071	1936.6687	5.0868	6
177.3	20.2064	1937.951	5.0798	6
177.35	20.2064	1937.821	5.0831	6
177.4	20.2067	1937.7868	5.0792	6
177.45	20.2073	1937.1129	5.0656	6
177.5	20.2065	1937.1389	5.052	6
177.55	20.2059	1936.6189	5.0632	6
177.6	20.207	1934.9058	5.0821	6
177.65	20.206	1936.6534	5.083	6
177.7	20.2061	1936.776	5.0841	6
177.75	20.2068	1935.9044	5.0753	6
177.8	20.2068	1936.3498	5.0732	6
177.85	20.2069	1935.7433	5.0759	6
177.9	20.2066	1934.4355	5.0614	6
177.95	20.2066	1933.5375	5.0572	6
178	20.2065	1933.8641	5.0785	6
178.05	20.2068	1933.8029	5.0941	6
178.1	20.2067	1934.1855	5.0786	6
178.15	20.2077	1933.0059	5.0609	6
178.2	20.2071	1933.8304	5.0438	6
178.25	20.2071	1932.8173	5.0622	6
178.3	20.2074	1931.0686	5.0694	6
178.35	20.2071	1931.5464	5.0747	6
178.4	20.2069	1932.163	5.0941	6
178.45	20.2072	1931.8757	5.0856	6
178.5	20.2079	1931.2486	5.0888	6
178.55	20.2071	1932.4782	5.0993	6
178.6	20.2072	1931.5303	5.0839	6
178.65	20.2078	1928.9511	5.0725	6
178.7	20.2071	1929.8116	5.0559	6
178.75	20.2064	1931.1069	5.0615	6
178.8	20.2079	1929.3537	5.0652	6
178.85	20.2073	1930.3312	5.0688	6
178.9	20.2062	1932.1538	5.0829	6
178.95	20.2075	1929.6472	5.0832	6
179	20.2069	1929.0362	5.0604	6
179.05	20.2059	1929.9552	5.0557	6
179.1	20.2066	1929.2863	5.0705	6
179.15	20.2077	1928.1291	5.0771	6
179.2	20.2064	1930.1324	5.0705	6
179.25	20.2066	1930.097	5.0678	6
179.3	20.2076	1928.3829	5.0607	6
179.35	20.2065	1928.3608	5.056	6
179.4	20.2057	1928.6522	5.0513	6
179.45	20.2067	1927.2844	5.0534	6
179.5	20.2069	1927.0444	5.0672	6
179.55	20.2059	1928.7888	5.0658	6
179.6	20.2066	1928.2268	5.0688	6
179.65	20.2071	1927.4869	5.0769	6
179.7	20.2059	1928.4287	5.0717	6
179.75	20.2052	1928.1216	5.0811	6
179.8	20.2058	1926.861	5.079	6
179.85	20.2056	1927.5465	5.0538	6
179.9	20.2048	1928.7074	5.0537	6
179.95	20.2053	1928.2433	5.064	6
180	20.2053	1928.4989	5.0709	6
180.05	20.205	1929.2771	5.0676	6
180.1	20.2048	1929.0544	5.0743	6
180.15	20.2048	1927.4772	5.0868	6
180.2	20.2045	1927.2891	5.0768	6
180.25	20.2043	1927.7979	5.0926	6
180.3	20.2042	1928.1638	5.104	6
180.35	20.2049	1927.466	5.0793	6
180.4	20.2052	1927.2532	5.0766	6
180.45	20.2049	1927.8711	5.0798	6
180.5	20.2058	1926.4559	5.0812	6
180.55	20.206	1924.8811	5.0781	6
180.6	20.2053	1924.8707	5.0773	6
180.65	20.206	1924.0055	5.0847	6
180.7	20.2065	1923.6233	5.0831	6
180.75	20.2064	1923.9546	5.0718	6
180.8	20.2065	1923.9188	5.068	6
180.85	20.2065	1924.1415	5.0735	6
180.9	20.207	1923.0053	5.0761	6
180.95	20.2063	1922.2901	5.0712	6
181	20.2062	1922.0721	5.0741	6
181.05	20.2068	1921.2533	5.0856	6
181.1	20.207	1921.1611	5.0749	6
181.15	20.207	1921.4861	5.077	6
181.2	20.2074	1921.138	5.0889	6
181.25	20.2077	1920.3312	5.082	6
181.3	20.2074	1919.5259	5.0788	6
181.35	20.2069	1919.2926	5.0736	6
181.4	20.208	1917.852	5.0723	6
181.45	20.208	1918.0771	5.0533	6
181.5	20.2073	1919.1429	5.037	6
181.55	20.2081	1918.2829	5.073	6
181.6	20.2083	1917.9829	5.0895	6
181.65	20.207	1918.363	5.0774	6
181.7	20.2072	1917.1169	5.0723	6
181.75	20.2078	1916.303	5.0687	6
181.8	20.2073	1917.1484	5.0672	6
181.85	20.2077	1916.9784	5.0612	6
181.9	20.2086	1915.7517	5.0557	6
181.95	20.2082	1916.2631	5.0491	6
182	20.2074	1916.0509	5.0436	6
182.05	20.2078	1914.3389	5.0478	6
182.1	20.208	1914.2972	5.0452	6
182.15	20.2072	1915.6487	5.0492	6
182.2	20.2083	1914.4075	5.0598	6
182.25	20.2085	1914.3884	5.0644	6
182.3	20.2078	1915.2826	5.0752	6
182.35	20.208	1913.2783	5.0709	6
182.4	20.2075	1912.748	5.0587	6
182.45	20.2065	1914.2662	5.0654	6
182.5	20.2075	1913.0586	5.0617	6
182.55	20.2073	1913.4991	5.0708	6
182.6	20.207	1914.2934	5.0697	6
182.65	20.208	1912.9872	5.0671	6
182.7	20.2074	1912.486	5.0764	6
182.75	20.2071	1911.7264	5.0735	6
182.8	20.2071	1911.7056	5.0613	6
182.85	20.2073	1911.6151	5.0616	6
182.9	20.2071	1912.1268	5.0591	6
182.95	20.2071	1912.2125	5.0702	6
183	20.2074	1911.9511	5.0894	6
183.05	20.2067	1911.932	5.0732	6
183.1	20.2065	1910.6319	5.0577	6
183.15	20.2068	1910.1381	5.0797	6
183.2	20.2061	1911.4808	5.0881	6
183.25	20.2064	1911.113	5.0727	6
183.3	20.2065	1910.9447	5.0831	6
183.35	20.2058	1912.2777	5.0919	6
183.4	20.206	1911.7461	5.0913	6
183.45	20.2062	1910.0711	5.0915	6
183.5	20.2051	1910.5435	5.0832	6
183.55	20.2054	1910.3675	5.0687	6
183.6	20.206	1909.6207	5.0742	6
183.65	20.2052	1911.1011	5.0762	6
183.7	20.2053	1911.2028	5.0751	6
183.75	20.2058	1910.6687	5.0782	6
183.8	20.2052	1911.2906	5.0702	6
183.85	20.2047	1910.5303	5.0797	6
183.9	20.2047	1909.4616	5.0885	6
183.95	20.205	1909.0221	5.0811	6
184	20.2043	1910.3029	5.068	6
184.05	20.2049	1909.7123	5.0572	6
184.1	20.2055	1908.8516	5.08	6
184.15	20.2041	1911.0882	5.0923	6
184.2	20.2046	1910.4941	5.0904	6
184.25	20.2046	1909.392	5.0877	6
184.3	20.2032	1910.0155	5.0893	6
184.35	20.2035	1909.5365	5.0916	6
184.4	20.2034	1909.6847	5.0681	6
184.45	20.2033	1910.0038	5.0559	6
184.5	20.2034	1910.3313	5.0798	6
184.55	20.2038	1909.9839	5.0907	6
184.6	20.2037	1910.3059	5.0814	6
184.65	20.2035	1910.834	5.0888	6
184.7	20.2035	1909.9906	5.0889	6
184.75	20.203	1908.9225	5.0808	6
184.8	20.2024	1909.3459	5.061	6
184.85	20.2023	1909.5884	5.0555	6
184.9	20.2028	1909.064	5.0584	6
184.95	20.2024	1909.9506	5.0543	6
185	20.2023	1910.2672	5.0679	6
185.05	20.2027	1909.8154	5.068	6
185.1	20.2022	1910.9107	5.0721	6
185.15	20.2023	1910.5863	5.0681	6
185.2	20.2017	1910.0332	5.0647	6
185.25	20.2009	1909.9898	5.09	6
185.3	20.201	1909.7633	5.0723	6
185.35	20.2005	1910.5629	5.0549	6
185.4	20.2003	1911.1499	5.0616	6
185.45	20.2006	1910.9849	5.0609	6
185.5	20.2004	1911.3843	5.0621	6
185.55	20.2002	1911.8037	5.0614	6
185.6	20.2003	1911.9581	5.0535	6
185.65	20.2006	1911.7522	5.058	6
185.7	20.2001	1912.5933	5.0703	6
185.75	20.1998	1912.7987	5.0746	6
185.8	20.2001	1910.6603	5.0508	6
185.85	20.1992	1911.0582	5.0493	6
185.9	20.1988	1911.6467	5.0546	6
185.95	20.1997	1910.5623	5.0504	6
186	20.1993	1911.3243	5.0516	6
186.05	20.199	1911.9793	5.055	6
186.1	20.1997	1911.2524	5.0775	6
186.15	20.1998	1911.1533	5.0777	6
186.2	20.1993	1911.8416	5.0652	6
186.25	20.1998	1911.3331	5.0633	6
186.3	20.2005	1910.7128	5.0608	6
186.35	20.2002	1911.1555	5.0449	6
186.4	20.1998	1910.3541	5.0529	6
186.45	20.2	1908.717	5.0574	6
186.5	20.2001	1908.8056	5.0708	6
186.55	20.1999	1909.3043	5.0651	6
186.6	20.2005	1908.6272	5.065	6
186.65	20.201	1908.0434	5.0693	6
186.7	20.2007	1908.7025	5.063	6
186.75	20.2013	1908.029	5.0657	6
186.8	20.2021	1907.216	5.0782	6
186.85	20.2018	1907.6765	5.0899	6
186.9	20.202	1907.5286	5.0926	6
186.95	20.2022	1906.0411	5.0881	6
187	20.202	1904.923	5.0757	6
187.05	20.2015	1905.3875	5.0704	6
187.1	20.2021	1904.6714	5.0653	6
187.15	20.2026	1904.1651	5.0712	6
187.2	20.2027	1904.2551	5.0579	6
187.25	20.2031	1903.9732	5.0564	6
187.3	20.2043	1902.5169	5.0636	6
187.35	20.2045	1902.4706	5.0648	6
187.4	20.2048	1901.7888	5.0687	6
187.45	20.2055	1899.1291	5.0627	6
187.5	20.2054	1898.7169	5.0764	6
187.55	20.2055	1898.7337	5.0792	6
187.6	20.2063	1897.7703	5.0715	6
187.65	20.2068	1897.2672	5.0819	6
187.7	20.2067	1897.641	5.0732	6
187.75	20.2072	1896.8579	5.0643	6
187.8	20.2077	1894.9561	5.0736	6
187.85	20.207	1894.3279	5.0669	6
187.9	20.2075	1893.6518	5.0581	6
187.95	20.2084	1892.4141	5.0482	6
188	20.2085	1892.4957	5.0605	6
188.05	20.2086	1892.4695	5.0692	6
188.1	20.2095	1891.2698	5.0591	6
188.15	20.2092	1890.39	5.0474	6
188.2	20.2088	1889.8571	5.0478	6
188.25	20.2092	1889.6158	5.0621	6
188.3	20.2096	1889.0804	5.0731	6
188.35	20.2093	1889.7005	5.0662	6
188.4	20.2097	1889.4727	5.0646	6
188.45	20.21	1888.0664	5.0587	6
188.5	20.2093	1887.6011	5.0617	6
188.55	20.2094	1887.159	5.0985	6
188.6	20.2099	1886.613	5.0969	6
188.65	20.2099	1886.8609	5.0896	6
188.7	20.2098	1887.0987	5.0829	6
188.75	20.2102	1886.4053	5.0735	6
188.8	20.2101	1884.9797	5.0904	6
188.85	20.2095	1884.8359	5.0954	6
188.9	20.2099	1884.3757	5.0948	6
188.95	20.2102	1884.0696	5.0823	6
189	20.21	1884.4141	5.0506	6
189.05	20.2099	1884.6627	5.0491	6
189.1	20.2098	1883.4493	5.062	6
189.15	20.2093	1882.6657	5.0674	6
189.2	20.2088	1883.32	5.0639	6
189.25	20.2091	1883.2255	5.0599	6
189.3	20.2095	1882.7012	5.0623	6
189.35	20.2093	1883.2388	5.0798	6
189.4	20.2095	1882.6687	5.0675	6
189.45	20.2095	1880.9497	5.061	6
189.5	20.2089	1881.0716	5.0636	6
189.55	20.209	1881.1282	5.0684	6
189.6	20.209	1881.1543	5.0508	6
189.65	20.2088	1881.7406	5.0456	6
189.7	20.2089	1881.4732	5.0511	6
189.75	20.2087	1880.4788	5.059	6
189.8	20.2082	1879.9792	5.0713	6
189.85	20.2082	1879.8171	5.0814	6
189.9	20.2082	1879.9736	5.0867	6
189.95	20.2079	1880.6326	5.0878	6
190	20.2079	1880.7207	5.0761	6
190.05	20.208	1880.5375	5.065	6
190.1	20.2073	1880.182	5.0713	6
190.15	20.2069	1879.4577	5.0757	6
190.2	20.2074	1878.7646	5.0654	6
190.25	20.207	1879.5716	5.0655	6
190.3	20.2069	1879.9634	5.075	6
190.35	20.2073	1879.3771	5.0817	6
190.4	20.2068	1880.2306	5.0661	6
190.45	20.2061	1879.9322	5.0771	6
190.5	20.206	1878.4845	5.093	6
190.55	20.2058	1878.3772	5.0908	6
190.6	20.2052	1879.3845	5.0909	6
190.65	20.2058	1878.8796	5.0789	6
190.7	20.2059	1878.7772	5.0714	6
190.75	20.2053	1879.7355	5.0779	6
190.8	20.2057	1879.1886	5.078	6
190.85	20.2053	1878.7235	5.0714	6
190.9	20.2048	1878.2112	5.0716	6
190.95	20.2048	1878.2485	5.0652	6
191	20.2045	1878.6773	5.0738	6
191.05	20.2045	1878.8015	5.067	6
191.1	20.2041	1879.4395	5.0521	6
191.15	20.2041	1879.591	5.0395	6
191.2	20.2041	1879.8081	5.0467	6
191.25	20.2038	1880.0226	5.0616	6
191.3	20.2034	1879.0122	5.0602	6
191.35	20.2031	1878.5994	5.0724	6
191.4	20.2027	1879.0916	5.0843	6
191.45	20.2027	1879.313	5.0575	6
191.5	20.2025	1879.6652	5.0497	6
191.55	20.2022	1880.1504	5.0732	6
191.6	20.2024	1880.0616	5.074	6
191.65	20.2023	1880.2724	5.0595	6
191.7	20.202	1880.8782	5.0506	6
191.75	20.2022	1879.8919	5.0468	6
191.8	20.2014	1879.29	5.0406	6
191.85	20.2008	1879.708	5.0416	6
191.9	20.201	1879.7033	5.0532	6
191.95	20.2007	1880.3225	5.062	6
192	20.2003	1880.9822	5.0673	6
192.05	20.2001	1881.2575	5.0601	6
192.1	20.2003	1881.2745	5.0539	6
192.15	20.2004	1881.4668	5.0668	6
192.2	20.2001	1881.9678	5.0746	6
192.25	20.2003	1881.7277	5.0703	6
192.3	20.2003	1881.4984	5.0546	6
192.35	20.1995	1881.1652	5.0674	6
192.4	20.1994	1880.1756	5.072	6
192.45	20.1997	1879.9063	5.0697	6
192.5	20.1993	1880.6886	5.084	6
192.55	20.1991	1880.9544	5.0886	6
192.6	20.1993	1880.7635	5.0721	6
192.65	20.1989	1881.2683	5.0744	6
192.7	20.199	1881.1761	5.0579	6
192.75	20.1993	1880.9324	5.0526	6
192.8	20.1992	1881.1816	5.0706	6
192.85	20.1994	1881.0578	5.0648	6
192.9	20.1996	1880.9794	5.0664	6
192.95	20.1994	1880.9631	5.0545	6
193	20.199	1880.0931	5.0533	6
193.05	20.1989	1879.2531	5.0571	6
193.1	20.1989	1879.3348	5.0622	6
193.15	20.1989	1879.6172	5.0887	6
193.2	20.1988	1879.8442	5.0731	6
193.25	20.1991	1879.5482	5.0609	6
193.3	20.1988	1880.3016	5.0576	6
193.35	20.1984	1880.8016	5.0703	6
193.4	20.1988	1880.2659	5.0908	6
193.45	20.1983	1881.163	5.0678	6
193.5	20.1982	1881.5682	5.0568	6
193.55	20.1985	1881.2375	5.064	6
193.6	20.1985	1881.4568	5.0444	6
193.65	20.1982	1881.4922	5.0498	6
193.7	20.1979	1880.1609	5.0676	6
193.75	20.1978	1879.6822	5.0736	6
193.8	20.1976	1880.0148	5.099	6
193.85	20.1973	1880.5992	5.0917	6
193.9	20.1977	1880.2664	5.0726	6
193.95	20.1977	1880.4891	5.0462	6
194	20.1973	1881.1734	5.0426	6
194.05	20.1974	1881.0311	5.0501	6
194.1	20.1977	1880.5751	5.0448	6
194.15	20.1974	1881.2615	5.0575	6
194.2	20.1973	1881.5484	5.061	6
194.25	20.1975	1881.2005	5.045	6
194.3	20.1972	1881.7326	5.0441	6
194.35	20.1966	1882.5994	5.0464	6
194.4	20.197	1882.2068	5.0624	6
194.45	20.1968	1882.0815	5.0657	6
194.5	20.1958	1881.7083	5.0561	6
194.55	20.1955	1881.509	5.0616	6
194.6	20.1957	1881.3623	5.0354	6
194.65	20.1952	1882.1072	5.0344	6
194.7	20.1948	1883.0478	5.0626	6
194.75	20.1952	1882.5445	5.0593	6
194.8	20.1951	1882.9762	5.0669	6
194.85	20.1945	1883.824	5.0553	6
194.9	20.1949	1883.2687	5.0423	6
194.95	20.1948	1883.4261	5.0497	6
195	20.1946	1884.0792	5.0527	6
195.05	20.1947	1884.1125	5.0588	6
195.1	20.1946	1884.2768	5.061	6
195.15	20.1946	1884.5691	5.0675	6
195.2	20.1951	1884.1462	5.0709	6
195.25	20.195	1884.3251	5.0699	6
195.3	20.1955	1883.9184	5.0774	6
195.35	20.1961	1883.3921	5.0847	6
195.4	20.196	1883.6508	5.0773	6
195.45	20.1964	1883.295	5.0878	6
195.5	20.1969	1882.5776	5.0951	6
195.55	20.1968	1881.3679	5.0994	6
195.6	20.1964	1880.6508	5.0964	6
195.65	20.1969	1879.8149	5.0948	6
195.7	20.1972	1879.3199	5.0924	6
195.75	20.1969	1879.7386	5.0903	6
195.8	20.1974	1879.2751	5.0971	6
195.85	20.1981	1878.4707	5.0927	6
195.9	20.1979	1878.7276	5.0674	6
195.95	20.1976	1879.3801	5.0646	6
196	20.1985	1878.3492	5.0627	6
196.05	20.1985	1878.6032	5.0612	6
196.1	20.198	1879.5324	5.0679	6
196.15	20.1986	1878.8191	5.0575	6
196.2	20.1986	1878.8654	5.0663	6
196.25	20.1985	1878.9959	5.0597	6
196.3	20.1982	1878.4184	5.0576	6
196.35	20.1982	1877.1204	5.0653	6
196.4	20.1984	1876.7463	5.0555	6
196.45	20.1978	1877.762	5.057	6
196.5	20.1978	1877.8794	5.0615	6
196.55	20.1982	1877.3107	5.0595	6
196.6	20.1975	1878.4519	5.0722	6
196.65	20.197	1879.3228	5.0649	6
196.7	20.1975	1878.8549	5.0662	6
196.75	20.1972	1879.2746	5.0635	6
196.8	20.1965	1880.3995	5.0679	6
196.85	20.1969	1880.0776	5.0874	6
196.9	20.1975	1879.2775	5.0849	6
196.95	20.197	1880.282	5.0758	6
197	20.1968	1880.6887	5.0756	6
197.05	20.1978	1879.0284	5.0647	6
197.1	20.1969	1878.8255	5.0747	6
197.15	20.1958	1879.3383	5.0714	6
197.2	20.1967	1877.9498	5.057	6
197.25	20.1967	1878.1559	5.0558	6
197.3	20.1954	1880.1001	5.062	6
197.35	20.1958	1879.4786	5.0662	6
197.4	20.1966	1878.4195	5.0431	6
197.45	20.196	1879.47	5.0474	6
197.5	20.1957	1880.1524	5.0556	6
197.55	20.197	1878.3014	5.0403	6
197.6	20.1967	1878.7576	5.0476	6
197.65	20.1958	1880.3753	5.0524	6
197.7	20.1966	1879.391	5.0489	6
197.75	20.1971	1878.8788	5.054	6
197.8	20.196	1880.4233	5.0529	6
197.85	20.1961	1880.6486	5.0569	6
197.9	20.1975	1878.7511	5.079	6
197.95	20.1966	1880.0013	5.0629	6
198	20.1956	1880.5303	5.0772	6
198.05	20.1965	1877.7117	5.091	6
198.1	20.196	1878.1384	5.0812	6
198.15	20.1952	1879.4533	5.0796	6
198.2	20.1957	1878.7083	5.0841	6
198.25	20.196	1878.4533	5.0851	6
198.3	20.1953	1879.6957	5.0769	6
198.35	20.1952	1879.9787	5.0786	6
198.4	20.1955	1879.4938	5.0744	6
198.45	20.1952	1879.9969	5.0684	6
198.5	20.1948	1880.8653	5.0855	6
198.55	20.1955	1880.1097	5.0729	6
198.6	20.1957	1880.0134	5.0686	6
198.65	20.1951	1880.894	5.0762	6
198.7	20.1951	1880.9665	5.0666	6
198.75	20.1959	1880.0895	5.0679	6
198.8	20.1953	1880.9052	5.07	6
198.85	20.1949	1881.6018	5.0704	6
198.9	20.1957	1880.7473	5.0814	6
198.95	20.196	1880.6697	5.0724	6
199	20.1953	1881.539	5.0655	6
199.05	20.1954	1879.9157	5.0676	6
199.1	20.1954	1878.5907	5.0731	6
199.15	20.1951	1879.1141	5.0786	6
199.2	20.195	1879.3608	5.0685	6
199.25	20.1954	1878.983	5.0713	6
199.3	20.1954	1878.9144	5.0721	6
199.35	20.1952	1879.3033	5.0602	6
199.4	20.1951	1879.5719	5.0657	6
199.45	20.1956	1878.8927	5.0574	6
199.5	20.1957	1879.1057	5.0604	6
199.55	20.1954	1879.5409	5.0687	6
199.6	20.196	1878.7994	5.0715	6
199.65	20.1964	1878.4644	5.062	6
199.7	20.1959	1879.3064	5.0574	6
199.75	20.1964	1878.6232	5.0646	6
199.8	20.1969	1878.0103	5.0936	6
199.85	20.1965	1878.7539	5.0843	6
199.9	20.1966	1878.6889	5.085	6
199.95	20.1974	1877.8591	5.0806	6
200	20.1971	1877.5623	5.065	6
200.05	20.1963	1877.0217	5.0671	6
200.1	20.1969	1875.8281	5.0679	6
200.15	20.1971	1875.6957	5.072	6
200.2	20.1966	1876.434	5.0561	6
200.25	20.1968	1876.1645	5.0665	6
200.3	20.1972	1875.669	5.0637	6
200.35	20.1973	1875.8191	5.0446	6
200.4	20.1972	1876.2472	5.0566	6
200.45	20.1971	1876.3043	5.0607	6
200.5	20.1973	1875.9635	5.0452	6
200.55	20.1969	1876.5315	5.0541	6
200.6	20.1966	1877.2119	5.0643	6
200.65	20.197	1876.8545	5.0624	6
200.7	20.1974	1876.2546	5.0582	6
200.75	20.1965	1877.8344	5.051	6
200.8	20.1969	1877.3766	5.0647	6
200.85	20.1975	1875.3301	5.0678	6
200.9	20.1959	1875.9847	5.0559	6
200.95	20.1957	1875.9802	5.0623	6
201	20.1963	1875.2399	5.0544	6
201.05	20.1958	1876.103	5.0611	6
201.1	20.1954	1876.8818	5.0618	6
201.15	20.1958	1876.3657	5.0527	6
201.2	20.1956	1876.8796	5.05	6
201.25	20.195	1877.7044	5.0479	6
201.3	20.1952	1877.4915	5.0495	6
201.35	20.1954	1877.3704	5.0647	6
201.4	20.1953	1877.5401	5.0645	6
201.45	20.195	1878.0022	5.0567	6
201.5	20.1953	1877.6977	5.0582	6
201.55	20.1955	1877.675	5.0364	6
201.6	20.1952	1878.3859	5.0198	6
201.65	20.1949	1878.9271	5.0323	6
201.7	20.1953	1878.6221	5.0407	6
201.75	20.195	1879.1733	5.0441	6
201.8	20.1945	1880.0726	5.0561	6
201.85	20.1951	1879.2689	5.0498	6
201.9	20.1953	1878.0688	5.0545	6
201.95	20.1938	1878.5751	5.0507	6
202	20.1945	1877.3077	5.0558	6
202.05	20.195	1876.632	5.0625	6
202.1	20.1935	1878.8007	5.0754	6
202.15	20.1939	1878.1688	5.0657	6
202.2	20.1945	1877.476	5.0454	6
202.25	20.1932	1879.5232	5.0506	6
202.3	20.1933	1879.5012	5.0741	6
202.35	20.1941	1878.3334	5.0661	6
202.4	20.1931	1880.025	5.0491	6
202.45	20.1928	1880.5148	5.0583	6
202.5	20.1943	1878.5039	5.0704	6
202.55	20.1935	1879.9444	5.0835	6
202.6	20.1929	1880.9016	5.0905	6
202.65	20.1945	1878.7681	5.0845	6
202.7	20.1943	1879.2538	5.0833	6
202.75	20.1929	1881.2501	5.0815	6
202.8	20.1943	1879.3346	5.0795	6
202.85	20.1948	1878.8383	5.0744	6
202.9	20.1933	1881.0544	5.0585	6
202.95	20.194	1880.1164	5.0594	6
203	20.1948	1879.1768	5.0594	6
203.05	20.1937	1880.7642	5.0658	6
203.1	20.1938	1880.6384	5.0789	6
203.15	20.1949	1879.3043	5.0672	6
203.2	20.1945	1880.1215	5.0822	6
203.25	20.1941	1880.5258	5.0851	6
203.3	20.1944	1878.2831	5.0638	6
203.35	20.1945	1877.1136	5.0557	6
203.4	20.1936	1878.3951	5.0417	6
203.45	20.1938	1878.2438	5.0443	6
203.5	20.1948	1877.0156	5.0525	6
203.55	20.1938	1878.4007	5.0425	6
203.6	20.1937	1878.8143	5.047	6
203.65	20.1946	1877.5845	5.0536	6
203.7	20.1946	1877.7702	5.067	6
203.75	20.1938	1878.9971	5.0676	6
203.8	20.1943	1878.506	5.0723	6
203.85	20.195	1877.5547	5.0667	6
203.9	20.194	1878.849	5.0665	6
203.95	20.1941	1878.9294	5.0709	6
204	20.1953	1877.3304	5.0699	6
204.05	20.1951	1877.6961	5.0637	6
204.1	20.1945	1878.7243	5.0749	6
204.15	20.1958	1877.2299	5.0715	6
204.2	20.1968	1875.9054	5.071	6
204.25	20.1957	1877.6361	5.0843	6
204.3	20.1963	1876.9782	5.0849	6
204.35	20.1977	1875.0711	5.0804	6
204.4	20.1966	1876.3999	5.0569	6
204.45	20.196	1875.7803	5.0465	6
204.5	20.197	1873.8348	5.0549	6
204.55	20.1968	1874.1511	5.0556	6
204.6	20.1958	1875.5373	5.0536	6
204.65	20.1964	1874.7614	5.0627	6
204.7	20.1972	1873.8866	5.0727	6
204.75	20.1962	1875.6464	5.0705	6
204.8	20.1963	1875.4425	5.0757	6
204.85	20.1972	1874.1799	5.0884	6
204.9	20.1962	1875.7249	5.0796	6
204.95	20.1961	1876.0713	5.0712	6
205	20.1969	1874.9845	5.0797	6
205.05	20.1962	1875.9052	5.0794	6
205.1	20.1957	1876.7708	5.0631	6
205.15	20.1968	1875.4334	5.0512	6
205.2	20.1965	1876.1357	5.0532	6
205.25	20.1958	1877.2933	5.0635	6
205.3	20.1963	1876.2705	5.0673	6
205.35	20.1962	1874.9719	5.0683	6
205.4	20.1955	1875.0698	5.0563	6
205.45	20.1959	1874.5867	5.0473	6
205.5	20.196	1874.3507	5.0571	6
205.55	20.1958	1874.7508	5.0583	6
205.6	20.196	1874.5572	5.0499	6
205.65	20.1958	1874.9638	5.0544	6
205.7	20.1958	1875.0457	5.0525	6
205.75	20.196	1874.9409	5.0481	6
205.8	20.1957	1875.4437	5.0437	6
205.85	20.1957	1875.5314	5.0367	6
205.9	20.1959	1875.2563	5.04	6
205.95	20.1955	1876.04	5.0506	6
206	20.1952	1876.7396	5.043	6
206.05	20.196	1875.6581	5.0587	6
206.1	20.1951	1877.0046	5.0618	6
206.15	20.1946	1877.8875	5.0599	6
206.2	20.1955	1876.6639	5.0663	6
206.25	20.1954	1877.1268	5.0742	6
206.3	20.1943	1878.8923	5.0589	6
206.35	20.1946	1877.569	5.0621	6
206.4	20.1947	1875.8	5.0786	6
206.45	20.1934	1877.175	5.0571	6
206.5	20.1934	1877.1893	5.044	6
206.55	20.1945	1875.8456	5.0363	6
206.6	20.1938	1876.9025	5.0289	6
206.65	20.1938	1877.1897	5.0517	6
206.7	20.1948	1875.7298	5.0543	6
206.75	20.1945	1876.2805	5.0529	6
206.8	20.1944	1876.6451	5.0498	6
206.85	20.1945	1876.5585	5.037	6
206.9	20.1947	1876.1973	5.0376	6
206.95	20.1944	1876.6512	5.0356	6
207	20.194	1877.3432	5.0455	6
207.05	20.1946	1876.6278	5.0438	6
207.1	20.1945	1877.0214	5.0376	6
207.15	20.1944	1877.3752	5.0484	6
207.2	20.1944	1877.3115	5.0556	6
207.25	20.1948	1876.9285	5.0651	6
207.3	20.1943	1877.7697	5.0767	6
207.35	20.194	1878.2805	5.0741	6
207.4	20.1945	1877.6943	5.0687	6
207.45	20.1939	1878.7623	5.0707	6
207.5	20.1938	1879.0308	5.0559	6
207.55	20.1938	1878.9104	5.0411	6
207.6	20.1937	1879.3168	5.0387	6
207.65	20.1938	1878.9681	5.0387	6
207.7	20.1931	1878.1971	5.0477	6
207.75	20.193	1877.5176	5.0654	6
207.8	20.1932	1877.2676	5.0732	6
207.85	20.1928	1878.0385	5.0636	6
207.9	20.1929	1877.7573	5.0592	6
207.95	20.1929	1877.7264	5.0623	6
208	20.1932	1877.533	5.0724	6
208.05	20.1923	1879.0226	5.0717	6
208.1	20.1932	1877.894	5.0556	6
208.15	20.1935	1877.5886	5.0544	6
208.2	20.1926	1879.1149	5.0716	6
208.25	20.1935	1877.7334	5.0824	6
208.3	20.1939	1877.1781	5.0724	6
208.35	20.1935	1878.0737	5.0684	6
208.4	20.1937	1877.9052	5.0538	6
208.45	20.1948	1876.4733	5.0454	6
208.5	20.1942	1877.4298	5.0437	6
208.55	20.1938	1878.1286	5.0537	6
208.6	20.1948	1876.805	5.0648	6
208.65	20.1945	1877.3715	5.0531	6
208.7	20.1938	1878.5654	5.0564	6
208.75	20.1945	1877.5539	5.0668	6
208.8	20.1951	1876.7908	5.0602	6
208.85	20.1942	1878.215	5.0696	6
208.9	20.1945	1877.7824	5.0677	6
208.95	20.1951	1877.1109	5.0654	6
209	20.1949	1877.4914	5.0681	6
209.05	20.1945	1877.9655	5.0681	6
209.1	20.1942	1877.0677	5.0685	6
209.15	20.1947	1875.1506	5.0632	6
209.2	20.1941	1875.9641	5.0608	6
209.25	20.1935	1877.2427	5.0742	6
209.3	20.1948	1875.3896	5.0851	6
209.35	20.1948	1875.5377	5.0862	6
209.4	20.1936	1877.4185	5.0612	6
209.45	20.1947	1875.9224	5.0559	6
209.5	20.1952	1875.1192	5.0548	6
209.55	20.194	1877.1025	5.0583	6
209.6	20.1948	1876.2049	5.1039	6
209.65	20.1957	1875.1777	5.0956	6
209.7	20.1944	1877.1127	5.0786	6
209.75	20.1945	1877.0029	5.0801	6
209.8	20.1954	1875.6451	5.069	6
209.85	20.1949	1876.7322	5.0602	6
209.9	20.1944	1877.3716	5.0657	6
209.95	20.1953	1876.167	5.069	6
210	20.1952	1876.2702	5.062	6
210.05	20.1945	1877.2127	5.0558	6
210.1	20.195	1876.6411	5.0587	6
210.15	20.1953	1876.4241	5.0654	6
210.2	20.1954	1876.5391	5.067	6
210.25	20.1951	1876.2472	5.0781	6
210.3	20.1945	1875.4122	5.0803	6
210.35	20.1949	1874.4384	5.0726	6
210.4	20.1945	1875.2862	5.076	6
210.45	20.1939	1875.9938	5.0745	6
210.5	20.1944	1875.2965	5.0738	6
210.55	20.1947	1875.0662	5.0841	6
210.6	20.1941	1876.0514	5.0999	6
210.65	20.1944	1875.7051	5.0893	6
210.7	20.1947	1875.3664	5.0772	6
210.75	20.1941	1876.3894	5.0749	6
210.8	20.194	1876.7046	5.0753	6
210.85	20.1942	1876.5322	5.081	6
210.9	20.194	1876.8197	5.0738	6
210.95	20.1936	1877.5039	5.0782	6
211	20.194	1877.1942	5.0877	6
211.05	20.1942	1876.9753	5.0959	6
211.1	20.1936	1877.8187	5.0976	6
211.15	20.1937	1877.8285	5.0875	6
211.2	20.1939	1877.5574	5.0708	6
211.25	20.1937	1877.989	5.0855	6
211.3	20.1934	1878.3076	5.1029	6
211.35	20.1939	1877.8854	5.0973	6
211.4	20.1941	1877.6616	5.087	6
211.45	20.1941	1877.8051	5.0949	6
211.5	20.1941	1878.0688	5.0931	6
211.55	20.1941	1878.0361	5.0875	6
211.6	20.1944	1876.518	5.0828	6
211.65	20.193	1877.0755	5.0996	6
211.7	20.193	1876.9635	5.1064	6
211.75	20.1945	1874.9043	5.1049	6
211.8	20.193	1877.0372	5.1008	6
211.85	20.1933	1876.7366	5.0836	6
211.9	20.1948	1874.8111	5.0834	6
211.95	20.1941	1875.8549	5.0772	6
212	20.1939	1876.4392	5.0734	6
212.05	20.1953	1874.618	5.0806	6
212.1	20.1952	1874.6456	5.0876	6
212.15	20.1945	1875.7602	5.0681	6
212.2	20.1955	1874.5087	5.0541	6
212.25	20.1961	1873.8525	5.0604	6
212.3	20.1958	1874.4388	5.0586	6
212.35	20.1961	1874.1307	5.0439	6
212.4	20.1971	1872.8434	5.0525	6
212.45	20.1972	1872.9726	5.0496	6
212.5	20.1969	1873.4722	5.0419	6
212.55	20.1975	1872.5572	5.0464	6
212.6	20.1979	1871.9055	5.0346	6
212.65	20.1972	1872.4788	5.0386	6
212.7	20.1974	1870.4439	5.0483	6
212.75	20.1978	1869.0985	5.0424	6
212.8	20.197	1870.3196	5.044	6
212.85	20.1973	1870.0785	5.0416	6
212.9	20.1979	1869.3283	5.0414	6
212.95	20.1973	1870.2202	5.0442	6
213	20.1976	1870.089	5.0502	6
213.05	20.1979	1869.7014	5.0448	6
213.1	20.1978	1870.0722	5.0458	6
213.15	20.1978	1870.108	5.0479	6
213.2	20.1979	1869.874	5.0496	6
213.25	20.1978	1870.2904	5.0522	6
213.3	20.1978	1870.5077	5.0638	6
213.35	20.1979	1870.5436	5.0501	6
213.4	20.1976	1870.9771	5.0484	6
213.45	20.1977	1869.5549	5.055	6
213.5	20.1966	1869.869	5.0668	6
213.55	20.197	1869.052	5.0654	6
213.6	20.1971	1868.8828	5.0586	6
213.65	20.196	1870.5877	5.0483	6
213.7	20.1967	1869.5795	5.0438	6
213.75	20.1968	1869.3951	5.0544	6
213.8	20.1956	1871.2987	5.0577	6
213.85	20.1961	1870.8395	5.0488	6
213.9	20.1964	1870.6842	5.0378	6
213.95	20.196	1871.5787	5.0565	6
214	20.1957	1872.1836	5.0751	6
214.05	20.1971	1870.1819	5.0749	6
214.1	20.1964	1871.2379	5.0621	6
214.15	20.1958	1872.3575	5.0585	6
214.2	20.1972	1870.3317	5.0662	6
214.25	20.1966	1871.2161	5.0542	6
214.3	20.1958	1872.362	5.0619	6
214.35	20.1963	1870.2803	5.0711	6
214.4	20.1964	1868.7544	5.0601	6
214.45	20.195	1870.6188	5.0488	6
214.5	20.1957	1869.7511	5.0434	6
214.55	20.1967	1868.3681	5.0593	6
214.6	20.1959	1869.806	5.0561	6
214.65	20.1962	1869.4722	5.0675	6
214.7	20.1974	1867.9621	5.0816	6
214.75	20.1966	1869.2538	5.0592	6
214.8	20.1966	1869.4549	5.0342	6
214.85	20.1973	1868.672	5.0445	6
214.9	20.1966	1869.7846	5.0478	6
214.95	20.1964	1870.067	5.0439	6
215	20.1973	1868.8733	5.0394	6
215.05	20.1963	1870.2128	5.0426	6
215.1	20.1962	1870.6414	5.0575	6
215.15	20.1972	1869.3255	5.0637	6
215.2	20.1962	1870.7131	5.0679	6
215.25	20.1955	1870.6288	5.0677	6
215.3	20.1965	1867.7862	5.0741	6
215.35	20.1953	1869.1731	5.0771	6
215.4	20.1949	1870.0168	5.0717	6
215.45	20.1961	1868.4136	5.0785	6
215.5	20.1956	1869.1783	5.0638	6
215.55	20.1949	1870.4465	5.0551	6
215.6	20.1959	1868.954	5.0451	6
215.65	20.1957	1869.3182	5.0335	6
215.7	20.1948	1870.7942	5.0468	6
215.75	20.1956	1869.6538	5.0556	6
215.8	20.1955	1869.9358	5.0558	6
215.85	20.1945	1871.3888	5.0564	6
215.9	20.1952	1870.3502	5.0616	6
215.95	20.1951	1870.5493	5.078	6
216	20.1941	1872.1178	5.0843	6
216.05	20.1947	1871.4371	5.0837	6
216.1	20.1949	1871.3905	5.092	6
216.15	20.1939	1872.9952	5.0733	6
216.2	20.1944	1872.1554	5.0835	6
216.25	20.1946	1871.9205	5.1016	6
216.3	20.1936	1873.2497	5.0889	6
216.35	20.194	1872.1116	5.0827	6
216.4	20.1939	1870.296	5.0898	6
216.45	20.1928	1871.1017	5.0877	6
216.5	20.1931	1871.0267	5.0662	6
216.55	20.1935	1870.6479	5.0596	6
216.6	20.1924	1872.1616	5.0751	6
216.65	20.1925	1872.1082	5.085	6
216.7	20.1931	1871.3732	5.084	6
216.75	20.1922	1872.6602	5.0828	6
216.8	20.1923	1872.6753	5.0692	6
216.85	20.1932	1871.6455	5.0648	6
216.9	20.1926	1872.6444	5.0568	6
216.95	20.1923	1873.2183	5.0586	6
217	20.1929	1872.3203	5.0729	6
217.05	20.1926	1872.8939	5.0749	6
217.1	20.1921	1873.8539	5.0777	6
217.15	20.1927	1872.8151	5.0704	6
217.2	20.1928	1872.7735	5.0644	6
217.25	20.1923	1873.7462	5.0751	6
217.3	20.1929	1872.8836	5.0718	6
217.35	20.1931	1872.7799	5.075	6
217.4	20.1925	1873.7018	5.0884	6
217.45	20.1929	1873.2359	5.0878	6
217.5	20.1936	1872.5245	5.0754	6
217.55	20.1934	1872.7196	5.0666	6
217.6	20.1932	1873.0476	5.0806	6
217.65	20.194	1872.0006	5.0899	6
217.7	20.194	1872.1407	5.0816	6
217.75	20.1935	1873.0173	5.0707	6
217.8	20.1942	1872.2974	5.0625	6
217.85	20.1945	1872.0055	5.0729	6
217.9	20.1936	1873.2852	5.0896	6
217.95	20.1938	1873.0515	5.0914	6
218	20.1945	1871.7441	5.0848	6
218.05	20.1935	1871.6641	5.0804	6
218.1	20.1929	1871.436	5.0761	6
218.15	20.194	1869.903	5.0943	6
218.2	20.1935	1870.8091	5.0884	6
218.25	20.1927	1871.9796	5.07	6
218.3	20.1934	1871.04	5.0711	6
218.35	20.1936	1870.6857	5.0809	6
218.4	20.1925	1872.3502	5.0898	6
218.45	20.193	1871.8144	5.0874	6
218.5	20.1938	1870.881	5.0873	6
218.55	20.1931	1871.9875	5.0906	6
218.6	20.1931	1871.9275	5.0987	6
218.65	20.194	1870.6797	5.1003	6
218.7	20.1939	1870.8437	5.0902	6
218.75	20.1934	1871.7317	5.0986	6
218.8	20.1941	1870.9834	5.0928	6
218.85	20.1947	1870.2007	5.0832	6
218.9	20.1934	1872.0335	5.0876	6
218.95	20.1937	1871.8534	5.1023	6
219	20.1945	1870.7205	5.1052	6
219.05	20.1936	1872.0401	5.09	6
219.1	20.1933	1872.7189	5.0839	6
219.15	20.1945	1871.1799	5.0993	6
219.2	20.194	1871.8124	5.1007	6
219.25	20.1932	1873.0302	5.0987	6
219.3	20.1944	1871.4319	5.0938	6
219.35	20.1944	1871.6911	5.0912	6
219.4	20.1935	1873.1316	5.1081	6
219.45	20.1944	1871.738	5.1015	6
219.5	20.1941	1870.8425	5.0836	6
219.55	20.193	1870.9349	5.0934	6
219.6	20.1936	1870.0669	5.0915	6
219.65	20.1938	1869.9847	5.0901	6
219.7	20.193	1871.0608	5.0881	6
219.75	20.1934	1870.668	5.0983	6
219.8	20.1935	1870.6453	5.0948	6
219.85	20.193	1871.3684	5.0893	6
219.9	20.193	1871.4169	5.1074	6
219.95	20.1931	1871.2492	5.1091	6
220	20.193	1871.4916	5.1062	6
220.05	20.193	1871.6418	5.1075	6
220.1	20.1932	1871.456	5.0999	6
220.15	20.1935	1871.2021	5.1093	6
220.2	20.1935	1871.2664	5.1152	6
220.25	20.1937	1871.1735	5.1067	6
220.3	20.1942	1870.6883	5.1037	6
220.35	20.1941	1871.1459	5.0898	6
220.4	20.1941	1871.1442	5.0861	6
220.45	20.1943	1870.8059	5.0978	6
220.5	20.1939	1871.36	5.1018	6
220.55	20.194	1871.2742	5.1045	6
220.6	20.1941	1871.3799	5.1023	6
220.65	20.194	1871.5077	5.1024	6
220.7	20.194	1871.4205	5.0893	6
220.75	20.194	1871.5428	5.0621	6
220.8	20.1943	1871.2139	5.0575	6
220.85	20.1941	1871.5832	5.0695	6
220.9	20.1939	1871.9957	5.0777	6
220.95	20.1941	1871.0143	5.0823	6
221	20.1937	1869.9868	5.0789	6
221.05	20.1931	1870.2052	5.0698	6
221.1	20.1936	1869.6212	5.0789	6
221.15	20.1938	1869.2451	5.0613	6
221.2	20.193	1870.5655	5.0371	6
221.25	20.1934	1870.1539	5.0451	6
221.3	20.1941	1869.1586	5.0578	6
221.35	20.1932	1870.5922	5.0632	6
221.4	20.1934	1870.4505	5.0431	6
221.45	20.1939	1869.6524	5.0436	6
221.5	20.1933	1870.7155	5.0602	6
221.55	20.1931	1871.0827	5.0562	6
221.6	20.1937	1870.3606	5.0531	6
221.65	20.1931	1871.1381	5.0412	6
221.7	20.1929	1871.7255	5.0468	6
221.75	20.1933	1871.3811	5.0665	6
221.8	20.1931	1871.6424	5.0796	6
221.85	20.1926	1872.409	5.0731	6
221.9	20.1934	1871.5245	5.0639	6
221.95	20.1932	1871.5957	5.0731	6
222	20.1929	1872.0396	5.082	6
222.05	20.1934	1871.6531	5.0935	6
222.1	20.1933	1871.7415	5.0788	6
222.15	20.1931	1872.3493	5.0624	6
222.2	20.1933	1872.1458	5.0843	6
222.25	20.1929	1872.6937	5.1008	6
222.3	20.1928	1872.9252	5.0864	6
222.35	20.1932	1872.2774	5.079	6
222.4	20.1932	1872.5795	5.0863	6
222.45	20.1934	1872.3956	5.0814	6
222.5	20.1944	1870.847	5.0619	6
222.55	20.1941	1870.099	5.0534	6
222.6	20.1936	1869.26	5.0741	6
222.65	20.1946	1867.7922	5.0633	6
222.7	20.1948	1867.5431	5.0471	6
222.75	20.1943	1868.4877	5.0577	6
222.8	20.1952	1867.2628	5.0626	6
222.85	20.1958	1866.3445	5.0569	6
222.9	20.1951	1867.4283	5.0554	6
222.95	20.1963	1865.9682	5.0696	6
223	20.1969	1865.2495	5.0775	6
223.05	20.1965	1865.7482	5.0688	6
223.1	20.1968	1865.3804	5.079	6
223.15	20.1973	1864.8986	5.0818	6
223.2	20.1974	1864.96	5.0761	6
223.25	20.1974	1865.0155	5.0736	6
223.3	20.1978	1864.5313	5.0784	6
223.35	20.1981	1864.1474	5.0815	6
223.4	20.1983	1864.0939	5.0897	6
223.45	20.1983	1863.5833	5.0819	6
223.5	20.1981	1862.3555	5.0931	6
223.55	20.1979	1862.0145	5.0939	6
223.6	20.1984	1861.3191	5.0894	6
223.65	20.1981	1861.7354	5.0767	6
223.7	20.1983	1861.5006	5.0587	6
223.75	20.1989	1860.7106	5.0732	6
223.8	20.1988	1860.9614	5.055	6
223.85	20.1987	1861.2444	5.041	6
223.9	20.1989	1860.8363	5.0531	6
223.95	20.1991	1860.6428	5.0656	6
224	20.1986	1861.3788	5.0679	6
224.05	20.199	1861.2652	5.0616	6
224.1	20.1995	1860.6023	5.062	6
224.15	20.199	1860.3097	5.0697	6
224.2	20.1984	1859.4299	5.075	6
224.25	20.1987	1858.7798	5.0893	6
224.3	20.1987	1858.7608	5.0942	6
224.35	20.1983	1859.2785	5.0932	6
224.4	20.1984	1859.4047	5.0908	6
224.45	20.1986	1859.2582	5.065	6
224.5	20.1981	1859.8856	5.0695	6
224.55	20.1983	1859.9203	5.0766	6
224.6	20.1982	1860.2503	5.0824	6
224.65	20.1983	1860.0605	5.08	6
224.7	20.1988	1859.5771	5.0638	6
224.75	20.1984	1860.5384	5.0693	6
224.8	20.1987	1860.1294	5.0725	6
224.85	20.1991	1858.5509	5.0567	6
224.9	20.1979	1858.5869	5.0599	6
224.95	20.1982	1857.7694	5.069	6
225	20.1984	1857.6222	5.0662	6
225.05	20.1977	1858.6266	5.0631	6
225.1	20.198	1858.2309	5.068	6
225.15	20.1982	1858.1159	5.0864	6
225.2	20.1978	1858.8541	5.0967	6
225.25	20.1981	1858.6272	5.0938	6
225.3	20.1984	1858.3324	5.0835	6
225.35	20.1978	1859.2218	5.069	6
225.4	20.198	1859.0112	5.0836	6
225.45	20.198	1858.9452	5.0793	6
225.5	20.1976	1859.7704	5.0704	6
225.55	20.1975	1859.7666	5.0773	6
225.6	20.1973	1858.9158	5.075	6
225.65	20.1967	1858.2266	5.0689	6
225.7	20.1965	1858.2142	5.0673	6
225.75	20.1966	1858.2318	5.0785	6
225.8	20.1962	1858.8976	5.08	6
225.85	20.1958	1859.3858	5.0587	6
225.9	20.1958	1859.4018	5.0584	6
225.95	20.1956	1859.6745	5.0683	6
226	20.1952	1860.2705	5.0718	6
226.05	20.1954	1860.2182	5.0708	6
226.1	20.1954	1860.1988	5.0656	6
226.15	20.195	1861.0025	5.082	6
226.2	20.1948	1861.2789	5.0749	6
226.25	20.1949	1861.0258	5.0578	6
226.3	20.1946	1861.7659	5.0684	6
226.35	20.1945	1861.7888	5.0753	6
226.4	20.1944	1861.8403	5.0828	6
226.45	20.1947	1861.6809	5.0776	6
226.5	20.1943	1862.4932	5.0669	6
226.55	20.1944	1862.5745	5.0701	6
226.6	20.1942	1862.8294	5.0635	6
226.65	20.1937	1863.4576	5.0618	6
226.7	20.1932	1862.8177	5.0511	6
226.75	20.1929	1862.0784	5.051	6
226.8	20.1924	1862.5871	5.07	6
226.85	20.192	1863.1642	5.0804	6
226.9	20.1919	1863.4992	5.0751	6
226.95	20.1918	1863.7104	5.0634	6
227	20.1914	1864.2063	5.0557	6
227.05	20.1915	1864.0452	5.0724	6
227.1	20.1913	1864.4326	5.0797	6
227.15	20.1913	1864.613	5.0785	6
227.2	20.1914	1864.5278	5.0758	6
227.25	20.1911	1865.0459	5.0626	6
227.3	20.1911	1865.0605	5.0737	6
227.35	20.1907	1865.6619	5.0893	6
227.4	20.1906	1865.8333	5.0792	6
227.45	20.1909	1865.5012	5.0772	6
227.5	20.1906	1866.0774	5.0752	6
227.55	20.1906	1866.2083	5.0839	6
227.6	20.1909	1865.7018	5.0759	6
227.65	20.1906	1866.3022	5.0639	6
227.7	20.1907	1866.4401	5.0644	6
227.75	20.1912	1865.7843	5.0631	6
227.8	20.1912	1865.812	5.0602	6
227.85	20.1912	1865.9526	5.0701	6
227.9	20.1912	1866.0176	5.0705	6
227.95	20.1918	1865.2263	5.0668	6
228	20.1915	1865.7701	5.0589	6
228.05	20.1913	1866.2036	5.058	6
228.1	20.1919	1865.3441	5.0634	6
228.15	20.1917	1865.8551	5.0743	6
228.2	20.1913	1866.4718	5.0899	6
228.25	20.1919	1865.519	5.0701	6
228.3	20.1918	1865.8486	5.061	6
228.35	20.1913	1866.6659	5.0635	6
228.4	20.192	1865.8256	5.0501	6
228.45	20.192	1865.9604	5.0627	6
228.5	20.1914	1866.8849	5.0738	6
228.55	20.1919	1866.1984	5.0645	6
228.6	20.1921	1866.0616	5.0651	6
228.65	20.1917	1866.8068	5.0663	6
228.7	20.1926	1865.6899	5.0706	6
228.75	20.1929	1865.5281	5.0656	6
228.8	20.1927	1866.0899	5.0731	6
228.85	20.1931	1865.5182	5.0759	6
228.9	20.1937	1864.7916	5.0656	6
228.95	20.193	1865.8865	5.0747	6
229	20.1934	1865.2882	5.0829	6
229.05	20.1938	1864.6282	5.069	6
229.1	20.1931	1865.5994	5.0594	6
229.15	20.1934	1865.2849	5.0616	6
229.2	20.1938	1863.7936	5.0741	6
229.25	20.1929	1863.3325	5.0922	6
229.3	20.1929	1863.0737	5.0721	6
229.35	20.1932	1862.8759	5.0711	6
229.4	20.1932	1862.9929	5.0755	6
229.45	20.1927	1863.7193	5.0634	6
229.5	20.1927	1863.7822	5.0799	6
229.55	20.1925	1864.0661	5.0857	6
229.6	20.192	1864.8936	5.0906	6
229.65	20.1919	1864.9149	5.0744	6
229.7	20.1921	1864.6838	5.0695	6
229.75	20.1915	1865.5181	5.0796	6
229.8	20.1916	1865.4564	5.0769	6
229.85	20.192	1865.0582	5.0613	6
229.9	20.1916	1865.6679	5.0534	6
229.95	20.1916	1865.7997	5.0627	6
230	20.1916	1865.7451	5.0597	6
230.05	20.1916	1866.0647	5.0676	6
230.1	20.1917	1866.0406	5.0878	6
230.15	20.1917	1866.1455	5.0756	6
230.2	20.1918	1866.0052	5.0569	6
230.25	20.192	1865.7119	5.057	6
230.3	20.1917	1866.2728	5.0709	6
230.35	20.1922	1865.802	5.069	6
230.4	20.1925	1865.429	5.0609	6
230.45	20.1923	1866.0834	5.0633	6
230.5	20.1929	1865.3552	5.0683	6
230.55	20.1937	1864.2803	5.0626	6
230.6	20.1935	1864.6478	5.0735	6
230.65	20.1939	1864.3794	5.0728	6
230.7	20.195	1862.9613	5.0552	6
230.75	20.1949	1863.0963	5.0494	6
230.8	20.1947	1863.5055	5.0512	6
230.85	20.1955	1862.5376	5.0595	6
230.9	20.1957	1862.4131	5.0666	6
230.95	20.1954	1862.9527	5.0779	6
231	20.1951	1861.9042	5.0919	6
231.05	20.1951	1860.2958	5.0925	6
231.1	20.1947	1860.9362	5.0729	6
231.15	20.1948	1860.8616	5.0762	6
231.2	20.195	1860.6181	5.0778	6
231.25	20.1951	1860.4982	5.0822	6
231.3	20.1952	1860.468	5.0933	6
231.35	20.195	1860.8493	5.0913	6
231.4	20.1957	1860.1372	5.0765	6
231.45	20.1959	1859.9245	5.0721	6
231.5	20.1953	1860.9272	5.0678	6
231.55	20.1961	1859.8633	5.0678	6
231.6	20.1969	1858.7945	5.0672	6
231.65	20.1962	1859.9884	5.0844	6
231.7	20.1966	1859.6249	5.0806	6
231.75	20.1978	1858.1969	5.0534	6
231.8	20.1969	1859.4626	5.0511	6
231.85	20.1967	1859.8763	5.072	6
231.9	20.198	1857.8093	5.0659	6
231.95	20.1976	1857.4863	5.0587	6
232	20.1965	1857.3913	5.0683	6
232.05	20.1976	1855.4822	5.071	6
232.1	20.1978	1855.2056	5.0722	6
232.15	20.1966	1856.8875	5.066	6
232.2	20.1978	1855.4276	5.0688	6
232.25	20.1985	1854.669	5.0741	6
232.3	20.1975	1856.1287	5.0808	6
232.35	20.1985	1854.9153	5.0635	6
232.4	20.1994	1853.8284	5.0596	6
232.45	20.199	1854.6621	5.0616	6
232.5	20.1991	1854.5754	5.0596	6
232.55	20.2	1853.2554	5.062	6
232.6	20.1994	1854.1928	5.0707	6
232.65	20.1993	1853.8334	5.0751	6
232.7	20.1997	1851.6064	5.0548	6
232.75	20.1991	1851.768	5.0492	6
232.8	20.1993	1851.5223	5.0591	6
232.85	20.1997	1851.0399	5.0491	6
232.9	20.1993	1851.6887	5.0507	6
232.95	20.1996	1851.2232	5.054	6
233	20.1995	1851.4027	5.039	6
233.05	20.1993	1851.7647	5.0223	6
233.1	20.1996	1851.273	5.0213	6
233.15	20.1999	1851.1124	5.0253	6
233.2	20.1997	1851.5907	5.0352	6
233.25	20.2001	1851.0957	5.0419	6
233.3	20.1999	1850.0842	5.0511	6
233.35	20.199	1849.7946	5.0423	6
233.4	20.1992	1849.3212	5.0366	6
233.45	20.1993	1849.3783	5.0538	6
233.5	20.1989	1849.9382	5.0567	6
233.55	20.1989	1849.9424	5.0408	6
233.6	20.199	1850.0297	5.0315	6
233.65	20.1986	1850.5426	5.0474	6
233.7	20.1985	1850.8051	5.0495	6
233.75	20.1987	1850.3642	5.0509	6
233.8	20.1982	1851.2469	5.0412	6
233.85	20.1985	1850.9555	5.0259	6
233.9	20.1989	1850.5204	5.0312	6
233.95	20.1987	1850.5274	5.0381	6
234	20.198	1849.6612	5.0347	6
234.05	20.1982	1848.3641	5.0449	6
234.1	20.1981	1848.691	5.0521	6
234.15	20.1978	1849.2163	5.0336	6
234.2	20.1987	1848.0554	5.0445	6
234.25	20.1988	1848.0833	5.0681	6
234.3	20.1988	1848.0731	5.0834	6
234.35	20.1993	1847.4616	5.0858	6
234.4	20.1995	1847.2511	5.0711	6
234.45	20.1993	1847.6154	5.0679	6
234.5	20.1994	1847.5263	5.0842	6
234.55	20.1996	1847.1747	5.0802	6
234.6	20.1994	1847.4547	5.079	6
234.65	20.1992	1846.6993	5.0825	6
234.7	20.1989	1845.3607	5.0709	6
234.75	20.1993	1844.3776	5.0459	6
234.8	20.199	1845.0555	5.038	6
234.85	20.1992	1844.9617	5.049	6
234.9	20.2002	1843.7551	5.0431	6
234.95	20.1997	1844.3757	5.0566	6
235	20.1995	1844.7792	5.0588	6
235.05	20.2	1844.2425	5.0573	6
235.1	20.2004	1843.6164	5.0613	6
235.15	20.1994	1845.1358	5.0613	6
235.2	20.1996	1845.043	5.055	6
235.25	20.2007	1843.1241	5.0559	6
235.3	20.1992	1843.4689	5.0582	6
235.35	20.1986	1843.6228	5.0511	6
235.4	20.2	1841.9256	5.0498	6
235.45	20.1992	1843.0358	5.0548	6
235.5	20.1984	1844.0567	5.0653	6
235.55	20.1996	1842.2804	5.0587	6
235.6	20.1997	1842.2826	5.0714	6
235.65	20.1991	1843.4197	5.0647	6
235.7	20.1999	1842.4277	5.062	6
235.75	20.2004	1841.7453	5.076	6
235.8	20.1997	1842.8974	5.0685	6
235.85	20.2	1842.5765	5.0591	6
235.9	20.2005	1840.9204	5.0596	6
235.95	20.1993	1840.7136	5.0568	6
236	20.1994	1840.3098	5.045	6
236.05	20.1997	1840.0772	5.0538	6
236.1	20.1996	1840.2494	5.0664	6
236.15	20.1996	1840.2932	5.0677	6
236.2	20.1996	1840.5526	5.0701	6
236.25	20.1996	1840.6297	5.0618	6
236.3	20.1998	1840.3864	5.0615	6
236.35	20.1994	1840.9509	5.0628	6
236.4	20.1993	1841.2077	5.066	6
236.45	20.1997	1840.6565	5.0639	6
236.5	20.1996	1840.8818	5.0687	6
236.55	20.1988	1840.5129	5.0611	6
236.6	20.1991	1838.9116	5.0676	6
236.65	20.199	1838.9913	5.0599	6
236.7	20.1987	1839.4825	5.055	6
236.75	20.199	1839.1045	5.0695	6
236.8	20.1992	1838.8972	5.0699	6
236.85	20.1988	1839.5947	5.0885	6
236.9	20.1987	1839.8183	5.092	6
236.95	20.1989	1839.5834	5.0834	6
237	20.1986	1840.2872	5.0923	6
237.05	20.1982	1840.9925	5.0981	6
237.1	20.1988	1840.1435	5.0992	6
237.15	20.1985	1840.5118	5.1005	6
237.2	20.1978	1841.0233	5.0919	6
237.25	20.1979	1839.2685	5.1047	6
237.3	20.1981	1838.3153	5.1003	6
237.35	20.1971	1839.6587	5.0888	6
237.4	20.1971	1839.5847	5.0824	6
237.45	20.1976	1838.88	5.0837	6
237.5	20.1969	1840.0472	5.0774	6
237.55	20.1966	1840.5655	5.0871	6
237.6	20.197	1840.0329	5.0918	6
237.65	20.1969	1840.3673	5.0832	6
237.7	20.1962	1841.4124	5.0687	6
237.75	20.1967	1840.6586	5.0721	6
237.8	20.197	1840.3025	5.0634	6
237.85	20.1961	1841.606	5.0449	6
237.9	20.1964	1841.404	5.0638	6
237.95	20.197	1840.4938	5.0592	6
238	20.196	1841.9148	5.0475	6
238.05	20.1957	1842.0555	5.0585	6
238.1	20.1963	1839.5605	5.0665	6
238.15	20.1954	1840.1525	5.0624	6
238.2	20.1949	1840.8505	5.0546	6
238.25	20.1956	1839.8979	5.0476	6
238.3	20.1955	1839.9999	5.0326	6
238.35	20.1946	1841.3599	5.0424	6
238.4	20.1952	1840.754	5.062	6
238.45	20.1953	1840.4763	5.0523	6
238.5	20.1941	1842.0962	5.063	6
238.55	20.1942	1842.0077	5.07	6
238.6	20.1946	1841.3866	5.0703	6
238.65	20.1938	1842.5573	5.0754	6
238.7	20.1933	1843.3421	5.0609	6
238.75	20.1939	1842.7225	5.0464	6
238.8	20.1936	1843.1924	5.052	6
238.85	20.1931	1844.0425	5.0596	6
238.9	20.1935	1843.6166	5.0611	6
238.95	20.1937	1843.4725	5.0626	6
239	20.1934	1843.7627	5.0577	6
239.05	20.1933	1844.0129	5.0663	6
239.1	20.1936	1843.655	5.0552	6
239.15	20.1936	1843.6714	5.0558	6
239.2	20.1931	1844.4436	5.0696	6
239.25	20.1933	1844.3235	5.0715	6
239.3	20.1934	1844.1847	5.0658	6
239.35	20.1934	1844.1466	5.0611	6
239.4	20.1925	1844.3491	5.0543	6
239.45	20.1925	1842.9238	5.0623	6
239.5	20.1924	1842.7664	5.066	6
239.55	20.1918	1843.7209	5.0671	6
239.6	20.1918	1843.6239	5.067	6
239.65	20.192	1843.2419	5.0656	6
239.7	20.1912	1844.3581	5.0612	6
239.75	20.1914	1844.3652	5.0595	6
239.8	20.1918	1843.8252	5.0584	6
239.85	20.1913	1844.7391	5.0496	6
239.9	20.1909	1845.2986	5.0419	6
239.95	20.1918	1844.1186	5.0559	6
240	20.1916	1844.6229	5.0481	6
240.05	20.1915	1844.8475	5.0509	6
240.1	20.1919	1844.2889	5.0579	6
240.15	20.1922	1843.8507	5.0694	6
240.2	20.1918	1844.6875	5.0907	6
240.25	20.1919	1844.631	5.0904	6
240.3	20.1927	1843.5684	5.0866	6
240.35	20.1922	1844.4023	5.0916	6
240.4	20.1919	1844.9372	5.0814	6
240.45	20.1923	1844.2686	5.0997	6
240.5	20.192	1844.747	5.0966	6
240.55	20.1916	1845.3962	5.0734	6
240.6	20.1921	1844.8749	5.0783	6
240.65	20.192	1845.183	5.0731	6
240.7	20.1918	1845.4576	5.075	6
240.75	20.1922	1844.6782	5.0676	6
240.8	20.1919	1845.1783	5.0682	6
240.85	20.1919	1845.1915	5.0758	6
240.9	20.1925	1844.4905	5.0793	6
240.95	20.1921	1845.2929	5.0858	6
241	20.1922	1845.2498	5.0769	6
241.05	20.1928	1844.3647	5.0826	6
241.1	20.1925	1844.9862	5.0716	6
241.15	20.1922	1845.2258	5.0565	6
241.2	20.1929	1844.2478	5.0663	6
241.25	20.1927	1844.6068	5.0635	6
241.3	20.1919	1845.8174	5.0696	6
241.35	20.1928	1844.7721	5.0752	6
241.4	20.1928	1844.7856	5.0671	6
241.45	20.192	1846.0464	5.0665	6
241.5	20.1925	1845.4235	5.0745	6
241.55	20.193	1844.6951	5.0779	6
241.6	20.1921	1846.093	5.0771	6
241.65	20.1924	1845.4351	5.0659	6
241.7	20.1929	1843.2397	5.0733	6
241.75	20.1919	1843.4755	5.0743	6
241.8	20.1919	1843.3763	5.0715	6
241.85	20.1926	1842.506	5.0659	6
241.9	20.1922	1843.2996	5.0564	6
241.95	20.1918	1843.7461	5.0405	6
242	20.1926	1842.6873	5.0536	6
242.05	20.1923	1843.311	5.0576	6
242.1	20.1915	1844.4151	5.0603	6
242.15	20.1925	1843.1372	5.0676	6
242.2	20.1923	1843.2571	5.0785	6
242.25	20.1912	1844.7987	5.0909	6
242.3	20.192	1843.6137	5.0764	6
242.35	20.1923	1843.1946	5.0753	6
242.4	20.1914	1844.6303	5.0711	6
242.45	20.1917	1844.2612	5.0636	6
242.5	20.1925	1843.1863	5.0597	6
242.55	20.1916	1844.7303	5.0684	6
242.6	20.1913	1845.2243	5.0795	6
242.65	20.192	1844.2895	5.0733	6
242.7	20.1912	1845.5039	5.0547	6
242.75	20.1908	1845.9254	5.0602	6
242.8	20.1912	1845.435	5.0682	6
242.85	20.1908	1846.1569	5.0805	6
242.9	20.1906	1846.4535	5.0757	6
242.95	20.1909	1846.1499	5.0602	6
243	20.1906	1846.4137	5.0801	6
243.05	20.1904	1846.9755	5.0937	6
243.1	20.1909	1846.4649	5.0966	6
243.15	20.1905	1847.0518	5.0913	6
243.2	20.19	1847.7542	5.0877	6
243.25	20.1903	1847.2049	5.0733	6
243.3	20.1899	1847.8856	5.0732	6
243.35	20.189	1849.2312	5.0762	6
243.4	20.1896	1848.4686	5.0821	6
243.45	20.1895	1848.6561	5.0763	6
243.5	20.1885	1850.1882	5.0771	6
243.55	20.1891	1849.2909	5.0764	6
243.6	20.1893	1849.1311	5.0735	6
243.65	20.1882	1850.8434	5.0812	6
243.7	20.1886	1850.1397	5.0798	6
243.75	20.1887	1849.9807	5.0703	6
243.8	20.188	1850.9483	5.0564	6
243.85	20.1883	1850.5513	5.0563	6
243.9	20.1884	1850.4205	5.0781	6
243.95	20.1882	1850.8167	5.0925	6
244	20.1885	1850.6995	5.078	6
244.05	20.1886	1850.4293	5.0685	6
244.1	20.1884	1850.5858	5.0445	6
244.15	20.1882	1850.9438	5.0581	6
244.2	20.1887	1850.5022	5.0632	6
244.25	20.1882	1851.102	5.0594	6
244.3	20.1879	1851.6665	5.0649	6
244.35	20.188	1851.461	5.0445	6
244.4	20.188	1851.6562	5.0434	6
244.45	20.1875	1852.3961	5.0481	6
244.5	20.1875	1852.3666	5.0613	6
244.55	20.1877	1852.3041	5.0782	6
244.6	20.1873	1852.9048	5.0779	6
244.65	20.1873	1852.9261	5.0931	6
244.7	20.1877	1852.3795	5.0887	6
244.75	20.1874	1852.95	5.0804	6
244.8	20.1874	1852.9801	5.075	6
244.85	20.1876	1852.74	5.0775	6
244.9	20.1873	1853.2808	5.0878	6
244.95	20.1874	1853.2206	5.0691	6
245	20.1873	1853.3811	5.0614	6
245.05	20.1869	1853.8775	5.0654	6
245.1	20.187	1853.7539	5.0503	6
245.15	20.1872	1853.5095	5.0649	6
245.2	20.187	1853.7581	5.0832	6
245.25	20.187	1853.9272	5.077	6
245.3	20.1875	1853.4119	5.0861	6
245.35	20.1873	1853.6318	5.0737	6
245.4	20.1869	1854.2408	5.0658	6
245.45	20.1874	1853.6673	5.0758	6
245.5	20.1872	1854.0497	5.08	6
245.55	20.1871	1854.3289	5.066	6
245.6	20.1872	1854.219	5.066	6
245.65	20.1876	1853.7159	5.0788	6
245.7	20.1873	1854.0083	5.0696	6
245.75	20.1875	1853.9818	5.0702	6
245.8	20.188	1853.428	5.0758	6
245.85	20.1877	1853.9133	5.0643	6
245.9	20.1877	1853.8613	5.0622	6
245.95	20.188	1854.0684	5.0743	6
246	20.1882	1855.6354	5.0798	6
246.05	20.1888	1855.7111	5.0667	6
246.1	20.189	1855.4594	5.0604	6
246.15	20.1887	1855.8519	5.0591	6
246.2	20.189	1855.5204	5.0711	6
246.25	20.1892	1855.3804	5.0691	6
246.3	20.189	1855.7593	5.0572	6
246.35	20.1893	1855.6675	5.07	6
246.4	20.1891	1855.8909	5.0758	6
246.45	20.1892	1855.8222	5.0935	6
246.5	20.189	1855.9879	5.0772	6
246.55	20.1891	1855.9875	5.0744	6
246.6	20.1895	1855.6308	5.0825	6
246.65	20.1894	1855.8212	5.0823	6
246.7	20.1896	1855.6297	5.0912	6
246.75	20.1901	1854.9083	5.0872	6
246.8	20.1897	1855.5183	5.0776	6
246.85	20.1901	1854.6835	5.0824	6
246.9	20.1899	1853.2774	5.0834	6
246.95	20.189	1853.9985	5.0824	6
247	20.1894	1854.517	5.0791	6
247.05	20.1894	1853.5646	5.0728	6
247.1	20.1884	1855.1198	5.0682	6
247.15	20.189	1856.0978	5.0716	6
247.2	20.1897	1855.3068	5.1009	6
247.25	20.1892	1856.0583	5.1002	6
247.3	20.1894	1856.4696	5.0954	6
247.35	20.1899	1854.533	5.1063	6
247.4	20.1896	1853.4862	5.0791	6
247.45	20.189	1854.1571	5.0713	6
247.5	20.1895	1853.5382	5.0632	6
247.55	20.19	1852.9351	5.0524	6
247.6	20.1893	1854.0279	5.0611	6
247.65	20.1893	1854.0754	5.0685	6
247.7	20.1903	1852.7956	5.048	6
247.75	20.1897	1853.7187	5.0397	6
247.8	20.1896	1853.9939	5.0482	6
247.85	20.1905	1852.8655	5.0508	6
247.9	20.1902	1853.3734	5.0493	6
247.95	20.1902	1853.6303	5.0619	6
248	20.1908	1852.8524	5.0716	6
248.05	20.1906	1853.1253	5.0611	6
248.1	20.1901	1853.9089	5.0523	6
248.15	20.1904	1853.427	5.0523	6
248.2	20.1905	1853.5163	5.0829	6
248.25	20.1903	1853.8837	5.1007	6
248.3	20.1903	1853.8162	5.0886	6
248.35	20.1906	1853.4375	5.0853	6
248.4	20.1906	1853.4338	5.0817	6
248.45	20.1903	1853.9426	5.0727	6
248.5	20.1905	1853.6042	5.0653	6
248.55	20.1905	1853.5991	5.0591	6
248.6	20.1907	1853.4397	5.063	6
248.65	20.1906	1853.6602	5.0554	6
248.7	20.191	1853.2558	5.0551	6
248.75	20.1912	1853.0838	5.0548	6
248.8	20.1908	1853.5683	5.0641	6
248.85	20.1912	1852.9516	5.0715	6
248.9	20.1912	1853.0416	5.0513	6
248.95	20.1911	1853.2396	5.04	6
249	20.1916	1852.6841	5.046	6
249.05	20.1917	1852.6353	5.0645	6
249.1	20.1915	1852.8212	5.0597	6
249.15	20.1919	1852.3284	5.0658	6
249.2	20.1918	1852.5424	5.0831	6
249.25	20.1915	1853.0872	5.0826	6
249.3	20.1918	1852.6793	5.0596	6
249.35	20.1917	1853.0542	5.0593	6
249.4	20.1917	1853.0837	5.0594	6
249.45	20.1918	1852.9045	5.058	6
249.5	20.1915	1853.3536	5.0728	6
249.55	20.1916	1853.3362	5.068	6
249.6	20.1917	1853.3657	5.0678	6
249.65	20.1914	1853.8147	5.0779	6
249.7	20.1912	1854.0771	5.0689	6
249.75	20.1911	1854.2054	5.0679	6
249.8	20.1909	1854.3964	5.0564	6
249.85	20.1903	1855.195	5.0614	6
249.9	20.1904	1855.1493	5.0767	6
249.95	20.1905	1855.1482	5.0809	6
250	20.1898	1856.1609	5.0986	6
250.05	20.1899	1856.202	5.0866	6
250.1	20.1898	1856.5313	5.0843	6
250.15	20.1893	1857.3913	5.0918	6
250.2	20.1893	1857.1754	5.0714	6
250.25	20.1891	1857.444	5.0651	6
250.3	20.1886	1858.1071	5.065	6
250.35	20.189	1857.6087	5.0509	6
250.4	20.189	1857.6121	5.0603	6
250.45	20.1884	1858.6523	5.0646	6
250.5	20.1886	1858.2722	5.0514	6
250.55	20.1887	1858.1853	5.0633	6
250.6	20.1879	1859.5308	5.067	6
250.65	20.1879	1859.603	5.074	6
250.7	20.1885	1858.7331	5.0637	6
250.75	20.1879	1859.7399	5.0648	6
250.8	20.1875	1860.2171	5.06	6
250.85	20.1882	1859.3613	5.0591	6
250.9	20.1878	1859.9997	5.0672	6
250.95	20.1871	1860.9961	5.0461	6
251	20.1875	1860.3513	5.0355	6
251.05	20.1876	1860.3441	5.0384	6
251.1	20.187	1861.2769	5.0507	6
251.15	20.1873	1860.8701	5.0721	6
251.2	20.1876	1860.5869	5.0872	6
251.25	20.1873	1861.0297	5.0908	6
251.3	20.1874	1861.103	5.0929	6
251.35	20.188	1860.281	5.0968	6
251.4	20.1879	1860.6719	5.0962	6
251.45	20.1878	1860.8701	5.0908	6
251.5	20.1884	1859.9887	5.0928	6
251.55	20.1881	1860.3755	5.1183	6
251.6	20.1879	1860.8681	5.1209	6
251.65	20.188	1860.6474	5.1232	6
251.7	20.1877	1861.1889	5.1184	6
251.75	20.1873	1861.9432	5.1018	6
251.8	20.1872	1861.9978	5.1066	6
251.85	20.1876	1861.5869	5.0966	6
251.9	20.1873	1862.2413	5.0907	6
251.95	20.1872	1862.2869	5.1027	6
252	20.1875	1861.8533	5.0889	6
252.05	20.1871	1862.6802	5.0727	6
252.1	20.1869	1862.9201	5.0702	6
252.15	20.1874	1862.396	5.063	6
252.2	20.1869	1863.0083	5.0642	6
252.25	20.1868	1863.2583	5.0496	6
252.3	20.1872	1862.6857	5.0411	6
252.35	20.1872	1862.7964	5.0525	6
252.4	20.1869	1863.3438	5.0693	6
252.45	20.1872	1863.2417	5.066	6
252.5	20.1874	1862.9194	5.0498	6
252.55	20.1869	1863.7417	5.0524	6
252.6	20.1869	1863.8765	5.059	6
252.65	20.1874	1863.3258	5.0466	6
252.7	20.1869	1864.0852	5.0478	6
252.75	20.1873	1865.0717	5.0463	6
252.8	20.1877	1865.8612	5.0509	6
252.85	20.1881	1865.6206	5.0627	6
252.9	20.1877	1866.2972	5.0597	6
252.95	20.1879	1866.0284	5.0695	6
253	20.1883	1865.5284	5.0568	6
253.05	20.188	1866.0799	5.0424	6
253.1	20.1882	1866.0013	5.0511	6
253.15	20.1886	1865.4869	5.0593	6
253.2	20.1883	1866.0032	5.0615	6
253.25	20.1884	1866.053	5.0606	6
253.3	20.1883	1866.2127	5.056	6
253.35	20.1884	1866.0773	5.062	6
253.4	20.1885	1866.053	5.053	6
253.45	20.1885	1866.0043	5.0515	6
253.5	20.1886	1865.9291	5.0466	6
253.55	20.1889	1865.6715	5.0377	6
253.6	20.1892	1865.4056	5.0547	6
253.65	20.1889	1865.7706	5.0541	6
253.7	20.1893	1865.2452	5.0452	6
253.75	20.1899	1864.4477	5.0558	6
253.8	20.1896	1865.1186	5.0671	6
253.85	20.1896	1865.3245	5.0666	6
253.9	20.1903	1864.3591	5.0662	6
253.95	20.1898	1865.1475	5.069	6
254	20.1894	1865.9189	5.0784	6
254.05	20.1901	1864.9251	5.0817	6
254.1	20.1899	1865.1875	5.0652	6
254.15	20.1895	1865.9488	5.0593	6
254.2	20.1904	1864.8272	5.0685	6
254.25	20.1906	1864.5499	5.0712	6
254.3	20.1902	1865.1382	5.0591	6
254.35	20.1906	1864.7	5.0843	6
254.4	20.1912	1863.9016	5.0857	6
254.45	20.1908	1864.7106	5.0743	6
254.5	20.1911	1864.6254	5.0887	6
254.55	20.1917	1862.9879	5.0857	6
254.6	20.191	1862.2285	5.0624	6
254.65	20.1909	1861.7704	5.0539	6
254.7	20.1917	1860.5286	5.0628	6
254.75	20.1913	1861.2777	5.0795	6
254.8	20.1914	1861.204	5.0717	6
254.85	20.1918	1860.5627	5.0674	6
254.9	20.1918	1860.8993	5.0909	6
254.95	20.1921	1860.5624	5.0993	6
255	20.1925	1859.8939	5.0957	6
255.05	20.1926	1859.7122	5.0813	6
255.1	20.1929	1859.4754	5.0765	6
255.15	20.1933	1858.8603	5.062	6
255.2	20.1934	1858.889	5.0572	6
255.25	20.1936	1858.739	5.0544	6
255.3	20.1944	1857.6584	5.0408	6
255.35	20.1948	1857.3031	5.0538	6
255.4	20.1953	1856.8646	5.0689	6
255.45	20.1962	1855.6188	5.0774	6
255.5	20.1968	1854.7898	5.0766	6
255.55	20.1968	1854.8099	5.0793	6
255.6	20.1979	1853.4538	5.0832	6
255.65	20.1987	1852.5387	5.0904	6
255.7	20.1986	1852.6226	5.0754	6
255.75	20.1994	1851.6287	5.0757	6
255.8	20.2004	1849.8127	5.0862	6
255.85	20.1999	1848.8099	5.1038	6
255.9	20.2002	1847.5311	5.0938	6
255.95	20.2012	1846.0425	5.0834	6
256	20.2009	1846.552	5.0868	6
256.05	20.201	1846.5553	5.0879	6
256.1	20.2024	1844.6747	5.0983	6
256.15	20.202	1845.2839	5.0847	6
256.2	20.2014	1846.2959	5.0874	6
256.25	20.2027	1844.5989	5.1089	6
256.3	20.2028	1844.5961	5.0947	6
256.35	20.2019	1845.1581	5.094	6
256.4	20.2022	1843.0579	5.113	6
256.45	20.2026	1841.9232	5.1086	6
256.5	20.2017	1842.9767	5.0987	6
256.55	20.202	1842.444	5.0844	6
256.6	20.2032	1841.1762	5.0859	6
256.65	20.2027	1841.9568	5.0992	6
256.7	20.2026	1842.2606	5.1016	6
256.75	20.2033	1841.257	5.0963	6
256.8	20.2032	1841.4139	5.0938	6
256.85	20.2024	1841.2361	5.1011	6
256.9	20.2026	1839.3004	5.1123	6
256.95	20.2028	1839.0662	5.113	6
257	20.2024	1839.8011	5.1007	6
257.05	20.203	1839.0885	5.1039	6
257.1	20.2034	1838.5245	5.1018	6
257.15	20.2032	1838.9135	5.094	6
257.2	20.2035	1838.5096	5.0913	6
257.25	20.2038	1838.1658	5.0987	6
257.3	20.2034	1837.9195	5.0922	6
257.35	20.2032	1836.4509	5.0675	6
257.4	20.2031	1836.2703	5.0776	6
257.45	20.2034	1836.26	5.0798	6
257.5	20.2033	1836.3115	5.0769	6
257.55	20.203	1836.7117	5.0923	6
257.6	20.2031	1836.5332	5.0845	6
257.65	20.2029	1836.8968	5.0817	6
257.7	20.2024	1837.6558	5.0888	6
257.75	20.2024	1837.4127	5.0868	6
257.8	20.2021	1836.1113	5.0841	6
257.85	20.2014	1835.8006	5.0619	6
257.9	20.2009	1836.5537	5.0587	6
257.95	20.2015	1835.8491	5.0723	6
258	20.2009	1836.6507	5.0954	6
258.05	20.2002	1837.5117	5.1039	6
258.1	20.2006	1836.9583	5.0984	6
258.15	20.2006	1837.1942	5.0972	6
258.2	20.2	1838.2665	5.1192	6
258.25	20.2002	1837.9214	5.106	6
258.3	20.2003	1837.7492	5.1145	6
258.35	20.1993	1837.9594	5.1074	6
258.4	20.1988	1837.2318	5.1006	6
258.45	20.199	1836.6573	5.086	6
258.5	20.1986	1837.3601	5.0957	6
258.55	20.198	1838.1793	5.1055	6
258.6	20.1984	1837.6902	5.0978	6
258.65	20.1984	1837.8567	5.1088	6
258.7	20.1976	1839.2954	5.1053	6
258.75	20.1978	1838.8348	5.0911	6
258.8	20.1977	1839.0844	5.103	6
258.85	20.1972	1839.7976	5.1061	6
258.9	20.1971	1839.8372	5.1022	6
258.95	20.1972	1839.6039	5.1015	6
259	20.1972	1839.8218	5.0815	6
259.05	20.197	1840.2025	5.0836	6
259.1	20.1971	1838.9336	5.083	6
259.15	20.1963	1838.3858	5.0708	6
259.2	20.1962	1838.2897	5.0784	6
259.25	20.1965	1837.9333	5.0929	6
259.3	20.1963	1838.4411	5.1078	6
259.35	20.1962	1838.5625	5.1081	6
259.4	20.1964	1838.1625	5.0896	6
259.45	20.1962	1838.6205	5.1151	6
259.5	20.196	1838.9211	5.1197	6
259.55	20.1966	1838.1178	5.1186	6
259.6	20.1963	1838.7198	5.1261	6
259.65	20.1961	1838.9119	5.1216	6
259.7	20.1964	1838.4378	5.1105	6
259.75	20.1966	1838.3663	5.102	6
259.8	20.1965	1838.4798	5.1067	6
259.85	20.1969	1838.2026	5.1025	6
259.9	20.1974	1837.6121	5.1014	6
259.95	20.1972	1837.7856	5.1023	6
260	20.1971	1836.988	5.0997	6
260.05	20.197	1835.3841	5.0911	6
260.1	20.1966	1835.6885	5.078	6
260.15	20.1962	1836.1976	5.0885	6
260.2	20.1964	1835.9369	5.0878	6
260.25	20.1963	1836.105	5.0881	6
260.3	20.1959	1836.8029	5.0903	6
260.35	20.196	1836.6893	5.0836	6
260.4	20.1962	1836.4998	5.0839	6
260.45	20.1961	1836.5972	5.0968	6
260.5	20.196	1836.7273	5.0857	6
260.55	20.1961	1836.7211	5.0709	6
260.6	20.1961	1836.749	5.0843	6
260.65	20.1961	1836.7086	5.0734	6
260.7	20.1962	1836.7954	5.0644	6
260.75	20.196	1837.077	5.0755	6
260.8	20.1962	1836.914	5.0898	6
260.85	20.1961	1837.3089	5.0893	6
260.9	20.1959	1837.1177	5.085	6
260.95	20.1954	1836.0427	5.068	6
261	20.1954	1835.1452	5.0642	6
261.05	20.1952	1835.4574	5.0592	6
261.1	20.1951	1835.5945	5.0564	6
261.15	20.1954	1835.1161	5.0582	6
261.2	20.1954	1835.0523	5.0549	6
261.25	20.1951	1835.5678	5.0659	6
261.3	20.1953	1835.5232	5.0622	6
261.35	20.1955	1835.1198	5.0677	6
261.4	20.1953	1835.6631	5.0554	6
261.45	20.1953	1835.6949	5.0498	6
261.5	20.1958	1835.0993	5.0574	6
261.55	20.1957	1835.3073	5.0631	6
261.6	20.1956	1835.389	5.0786	6
261.65	20.196	1834.9671	5.0879	6
261.7	20.1959	1835.1545	5.0864	6
261.75	20.1959	1835.1908	5.0777	6
261.8	20.1962	1834.8335	5.0675	6
261.85	20.1963	1834.709	5.0757	6
261.9	20.1961	1834.744	5.0663	6
261.95	20.1959	1833.9	5.055	6
262	20.196	1832.512	5.0622	6
262.05	20.1957	1832.6382	5.0575	6
262.1	20.1955	1833.0527	5.0546	6
262.15	20.1957	1832.6407	5.0551	6
262.2	20.1958	1832.6086	5.0615	6
262.25	20.1954	1833.2208	5.081	6
262.3	20.1957	1832.8965	5.0877	6
262.35	20.1957	1832.8178	5.0817	6
262.4	20.1955	1833.1714	5.0837	6
262.45	20.1953	1833.4483	5.0971	6
262.5	20.1956	1833.1265	5.1051	6
262.55	20.1955	1833.4658	5.1008	6
262.6	20.1954	1833.6091	5.0985	6
262.65	20.1952	1833.8406	5.0819	6
262.7	20.1953	1833.5684	5.0738	6
262.75	20.1952	1833.7781	5.0631	6
262.8	20.1951	1834.2356	5.0691	6
262.85	20.1955	1833.6894	5.0894	6
262.9	20.1956	1833.6969	5.0948	6
262.95	20.1953	1833.7669	5.0726	6
263	20.1952	1832.386	5.0807	6
263.05	20.195	1831.5986	5.0952	6
263.1	20.1946	1832.1276	5.0794	6
263.15	20.1942	1832.6041	5.0687	6
263.2	20.1944	1832.3017	5.064	6
263.25	20.1943	1832.7026	5.0876	6
263.3	20.1941	1833.1197	5.0705	6
263.35	20.1946	1832.6223	5.0565	6
263.4	20.1947	1832.5948	5.0891	6
263.45	20.1945	1832.8601	5.0925	6
263.5	20.1943	1833.2008	5.0696	6
263.55	20.1946	1832.7392	5.0689	6
263.6	20.1943	1833.1901	5.0742	6
263.65	20.1939	1833.8428	5.0717	6
263.7	20.1944	1833.0499	5.0587	6
263.75	20.1943	1833.4677	5.0524	6
263.8	20.1941	1833.7484	5.0691	6
263.85	20.1945	1833.1982	5.069	6
263.9	20.1944	1833.4019	5.0723	6
263.95	20.1942	1833.773	5.0642	6
264	20.1945	1833.3477	5.0624	6
264.05	20.1945	1833.5518	5.0879	6
264.1	20.1945	1833.7105	5.0814	6
264.15	20.1946	1833.52	5.0595	6
264.2	20.1946	1833.0818	5.0638	6
264.25	20.1938	1832.4622	5.0692	7
264.3	20.1938	1831.7605	5.0854	7
264.35	20.1935	1832.0417	5.0813	7
264.4	20.1931	1832.8647	5.0714	7
264.45	20.1931	1832.2298	5.0658	7
264.5	20.1906	1826.5152	5.0655	7
264.55	20.183	1808.7064	5.0589	7
264.6	20.1704	1776.9159	5.0375	7
264.65	20.1515	1733.3995	5.0281	7
264.7	20.1253	1679.4803	5.038	7
264.75	20.0931	1612.8707	5.0386	7
264.8	20.0533	1536.5777	5.05	7
264.85	20.0053	1451.073	5.0686	7
264.9	19.9499	1354.4852	5.0724	7
264.95	19.8858	1248.6831	5.0662	7
265	19.8117	1135.2767	5.0522	7
265.05	19.7281	1013.3858	5.0507	7
265.1	19.634	884.6485	5.0462	7
265.15	19.5265	752.7568	5.0408	7
265.2	19.4051	618.4371	5.0461	7
265.25	19.2686	483.2814	5.0376	7
265.3	19.1134	352.6243	5.0506	8
265.35	18.9359	231.8136	5.0707	8
265.4	18.733	125.4053	5.0687	8
265.45	18.5048	35.9504	5.0753	8
265.5	18.2646	-24.9473	5.0778	8
265.55	18.0329	-48.3497	5.0943	8
265.6	17.8045	-53.7722	5.0903	8
265.65	17.5707	-50.7289	5.0832	8
265.7	17.3319	-41.4405	5.0863	8
265.75	17.0947	-35.2034	5.0819	8
265.8	16.8618	-36.3095	5.0907	8
265.85	16.6302	-40.5885	5.0954	8
265.9	16.3979	-44.9089	5.1019	8
265.95	16.164	-47.918	5.1101	8
266	15.9288	-49.9657	5.0955	8
266.05	15.6924	-51.4115	5.0969	8
266.1	15.4556	-53.3132	5.0951	8
266.15	15.2185	-55.7507	5.0948	8
266.2	14.9806	-58.4125	5.0818	8
266.25	14.7423	-61.2646	5.0776	8
266.3	14.5042	-64.5657	5.0913	8
266.35	14.2654	-67.3236	5.0793	8
266.4	14.0244	-68.5951	5.0774	8
266.45	13.7823	-69.3582	5.08	8
266.5	13.5397	-70.5306	5.08	8
266.55	13.2956	-70.7771	5.0785	8
266.6	13.0509	-70.5627	5.0961	8
266.65	12.8056	-70.416	5.0946	8
266.7	12.5591	-69.9131	5.0781	8
266.75	12.3117	-69.0506	5.0666	8
266.8	12.0636	-67.4151	5.0704	8
266.85	11.8147	-65.3401	5.0896	8
266.9	11.5644	-62.3828	5.0923	8
266.95	11.3143	-60.131	5.0727	8
267	11.0627	-56.6675	5.0809	8
267.05	10.8106	-53.3501	5.092	8
267.1	10.5575	-49.2899	5.0967	8
267.15	10.3046	-45.5227	5.0982	8
267.2	10.0508	-41.7163	5.0806	8
267.25	9.7963	-38.23	5.0831	8
267.3	9.5425	-35.8158	5.0825	8
267.35	9.2889	-33.9688	5.0703	8
267.4	9.035	-32.4969	5.0696	8
267.45	8.7809	-31.7951	5.0725	8
267.5	8.5257	-30.3884	5.0696	8
267.55	8.2709	-30.0101	5.0802	8
267.6	8.0163	-30.2983	5.0881	8
267.65	7.7605	-29.9422	5.0757	8
267.7	7.5048	-29.9721	5.0696	8
267.75	7.2487	-29.4951	5.0521	8
267.8	6.9923	-29.2246	5.0536	8
267.85	6.7348	-28.3756	5.0679	8
267.9	6.4773	-27.7616	5.0671	8
267.95	6.2202	-26.7094	5.0537	8
268	5.9624	-26.1819	5.0433	8
268.05	5.7034	-25.0679	5.0632	8
268.1	5.4448	-24.509	5.0809	8
268.15	5.1858	-23.5648	5.0634	8
268.2	4.9262	-22.6431	5.0833	8
268.25	4.6659	-21.2911	5.1058	8
268.3	4.4055	-20.655	5.0849	8
268.35	4.1438	-18.7432	5.0759	8
268.4	3.8839	-19.2413	5.0586	8
268.45	3.6231	-18.7657	5.0545	8
268.5	3.3621	-18.2833	5.0834	8
268.55	3.1002	-17.4742	5.0835	8
268.6	2.839	-17.5207	5.092	8
268.65	2.5774	-16.8432	5.0873	8
268.7	2.3155	-16.1891	5.0664	8
268.75	2.0532	-15.4331	5.0737	8
268.8	1.7909	-15.059	5.0753	8
268.85	1.5284	-14.4185	5.0779	8
268.9	1.2665	-14.6867	5.0923	8
268.95	1.0043	-14.6218	5.0691	8
269	0.7414	-14.4602	5.0588	8
269.05	0.4775	-13.2013	5.0527	8
269.1	0.2146	-13.1558	5.0513	8
269.15	-0.0482	-13.1289	5.0615	8
269.2	-0.3118	-12.7592	5.0719	8
269.25	-0.5751	-12.8652	5.0799	8
269.3	-0.8382	-12.7909	5.0598	8
269.35	-1.1018	-12.3972	5.0534	8
269.4	-1.3648	-12.6406	5.0642	8
269.45	-1.6274	-12.6741	5.0562	8
269.5	-1.8909	-12.6134	5.0651	8
269.55	-2.1545	-12.978	5.0694	8
269.6	-2.418	-12.8916	5.0461	8
269.65	-2.6812	-13.0911	5.0495	8
269.7	-2.9448	-13.5456	5.0584	8
269.75	-3.2088	-13.3799	5.0617	8
269.8	-3.4728	-13.2991	5.0711	8
269.85	-3.7362	-13.798	5.0711	8
269.9	-4.0007	-13.2526	5.0794	8
269.95	-4.2642	-13.5159	5.0745	8
270	-4.5275	-13.6223	5.0743	8
270.05	-4.7914	-13.5115	5.0717	8
270.1	-5.0557	-12.7563	5.0742	8
270.15	-5.3188	-12.6449	5.0853	8
270.2	-5.5819	-12.5525	5.0708	8
270.25	-5.8453	-12.7062	5.0704	8
