Indentation

 + User defined profile

+ User defined profile
   Acquisition rate :	20.0 [Hz]
   Linear load 20.00  µN ; 100.00 µN/min
   Pause in load 2 s
   Linear load 0.00  µN ; 100.00 µN/min
   Pause in load 120 s
   Linear depth 20.00  µm ; 500.00 µm/min
   Pause in depth 120 s
   Linear depth 0.00  µm ; 1000.00 µm/min
+ TTX - UNHT Bio S/N: 1000136751 settings
   Fn contact : 25 µN
   Approach distance : 20 µm
   Approach speed : 100 µm/min
   Retract speed : 200 µm/min
   Retract time : 5 sec
   Dz sensor in large range
   Load in fine range
   FnRef in fine range
   FnRef contactload :500.000 µN
   Stiffness threshold : 1 µN/µm

   X Position :9882.24 µm
   Y Position :38924.97 µm
   Z Position :8214.81 µm

Date :6/9/2026
Time :3:31:57 PM

Analysis n # 1

   Method :	Hertz

Cycle # 1

 + Parameters

  Load Fit [10%,98%]

 + Main results

   EHz=	11.759 	kPa

 + Hypothesis


 + Additional results

   ErHz=	12.92 kPa
   h offset=	2.66 µm
   R2=	0.88

Cycle # 2

 + Parameters

  Load Fit [10%,98%]

 + Main results

   EHz=	501.59 	kPa

 + Hypothesis


 + Additional results

   ErHz=	551.20 kPa
   h offset=	10.30 µm
   R2=	0.99

Analysis n # 2

   Method :	Oliver & Pharr

Cycle # 1

 + Parameters

  Unload Fit [40%,98%]

 + Main results

   HIT=	0.49531 	kPa
   EIT=	79.039 	kPa
   E*=	86.856 	kPa

 + Hypothesis

   !!! Indenter not calibrated !!!
   m out of O&P hypothesis
   Poisson's ratio(nu)=	0.30 

 + Additional results

   HVIT=	5.049E-005 	 Vickers
   RIT 1.7E-005/9/2=	-32.57 	%
   nIT=	27.39 %
   Fmax=	16.79 	µN
   hmax=	11.59 	µm
   S=	18.0457 	µN/µm
   F/S²=	0.0516 	µm²/µN
   hc=	10.91 	µm
   hr=	10.66 	µm
   hp=	-236.48 	µm
   m=	266.5849 
   Epsilon=	0.73 
   R2=	1.085
   Ap=	33902.96 	µm²
   Welast=	8.29 pJ
   Wplast=	21.98 pJ
   Wtotal=	30.27 pJ
   Er=	86.856 	kPa

Cycle # 2

 + Parameters

  Unload Fit [40%,98%]

 + Main results

   HIT=	9.7901 	kPa
   EIT=	3591.1 	kPa
   E*=	3946.3 	kPa

 + Hypothesis

   !!! Indenter not calibrated !!!
   m out of O&P hypothesis
   Poisson's ratio(nu)=	0.30 

 + Additional results

   HVIT=	0.00099797 	 Vickers
   RIT 0.0006/1/120=	-700.01 	%
   nIT=	3.78 %
   Fmax=	599.40 	µN
   hmax=	20.28 	µm
   S=	1101.8109 	µN/µm
   F/S²=	0.0005 	µm²/µN
   hc=	19.88 	µm
   hr=	19.74 	µm
   hp=	18.69 	µm
   m=	2.9177 
   Epsilon=	0.73 
   R2=	1.000
   Ap=	61224.96 	µm²
   Welast=	163.78 pJ
   Wplast=	4171.40 pJ
   Wtotal=	4335.18 pJ
   Er=	3946.3 	kPa

Measured values
Time (s)	Pd (µm)	Fn (µN)	FnRef (µN)	SegmentID

0	0	0	5.1362	0
0.05	0.1513	0.3074	5.1348	0
0.1	0.3005	0.2557	5.1335	0
0.15	0.4475	0.3383	5.1404	0
0.2	0.5926	0.1589	5.1619	0
0.25	0.7354	0.814	5.1665	0
0.3	0.8767	0.1654	5.1575	0
0.35	1.0152	0.3178	5.1539	0
0.4	1.1535	0.7268	5.1483	0
0.45	1.2897	0.7896	5.1393	0
0.5	1.4243	0.0111	5.1395	0
0.55	1.5558	1.0998	5.1451	0
0.6	1.6867	0.6398	5.1356	0
0.65	1.8161	0.4239	5.1247	0
0.7	1.9436	1.057	5.1466	0
0.75	2.0701	1.0585	5.1681	0
0.8	2.1953	0.7016	5.1472	0
0.85	2.3187	0.818	5.1459	0
0.9	2.4407	1.2493	5.1458	0
0.95	2.5617	0.9322	5.1397	0
1	2.681	0.6744	5.1496	0
1.05	2.799	1.1444	5.1649	0
1.1	2.917	1.1211	5.1676	0
1.15	3.0336	0.6564	5.1649	0
1.2	3.1484	1.5448	5.1505	0
1.25	3.2632	0.7493	5.149	0
1.3	3.3763	0.8654	5.1345	0
1.35	3.488	1.2716	5.1407	0
1.4	3.5989	1.14	5.1233	0
1.45	3.7089	1.1348	5.1061	0
1.5	3.8181	1.1874	5.1368	0
1.55	3.9267	1.4351	5.1487	0
1.6	4.0346	1.2084	5.1391	0
1.65	4.1414	1.1318	5.1353	0
1.7	4.247	1.6994	5.1342	0
1.75	4.3527	1.2677	5.1348	0
1.8	4.4575	1.0355	5.1451	0
1.85	4.5608	2.1132	5.1395	0
1.9	4.6647	1.1904	5.1255	0
1.95	4.7672	1.4414	5.1436	0
2	4.8689	1.8904	5.1468	0
2.05	4.9702	1.7755	5.1393	0
2.1	5.0712	1.1883	5.1536	0
2.15	5.1706	2.3524	5.1391	0
2.2	5.2706	1.9978	5.1195	0
2.25	5.3698	1.4655	5.1294	0
2.3	5.4673	2.5454	5.1456	0
2.35	5.566	1.5988	5.1425	0
2.4	5.663	2.2488	5.1534	0
2.45	5.7605	1.8885	5.127	0
2.5	5.8568	2.3981	5.1193	0
2.55	5.9531	2.383	5.1353	0
2.6	6.049	2.183	5.1389	0
2.65	6.1444	2.0246	5.1339	0
2.7	6.2386	3.0769	5.1306	0
2.75	6.3335	2.6369	5.1243	0
2.8	6.4273	2.4661	5.1093	0
2.85	6.5205	2.7485	5.1013	0
2.9	6.6141	2.8728	5.1119	0
2.95	6.7076	2.7368	5.1149	0
3	6.8004	3.0348	5.1223	0
3.05	6.8929	3.425	5.1296	0
3.1	6.9861	2.7848	5.1102	0
3.15	7.0777	3.4622	5.0956	0
3.2	7.1699	3.2373	5.0998	0
3.25	7.2612	3.6752	5.1119	0
3.3	7.3526	3.4616	5.1123	0
3.35	7.4437	3.7303	5.1049	1
3.4	7.5345	3.9258	5.1115	1
3.45	7.6249	4.0924	5.1126	1
3.5	7.7156	4.0173	5.1134	1
3.55	7.8031	4.5818	5.1092	1
3.6	7.8673	4.1597	5.1031	1
3.65	7.8995	4.147	5.113	1
3.7	7.9188	4.7075	5.1247	1
3.75	7.9364	4.2887	5.1255	1
3.8	7.9525	4.0432	5.1105	1
3.85	7.9672	4.5557	5.1002	1
3.9	7.9814	3.9645	5.107	1
3.95	7.9945	4.5994	5.1225	1
4	8.0072	4.1752	5.124	1
4.05	8.0194	4.466	5.1174	1
4.1	8.0314	4.0067	5.1245	1
4.15	8.0433	4.4037	5.1356	1
4.2	8.0539	4.6355	5.1316	1
4.25	8.0652	4.2596	5.1311	1
4.3	8.0763	4.2524	5.133	1
4.35	8.0873	4.2922	5.1281	1
4.4	8.0984	4.2154	5.1149	1
4.45	8.1091	4.4129	5.1161	1
4.5	8.1195	4.4734	5.1137	1
4.55	8.1301	4.2299	5.1189	1
4.6	8.1406	4.3498	5.1313	1
4.65	8.1517	4.2547	5.1466	1
4.7	8.1619	4.6265	5.1519	1
4.75	8.1731	4.0973	5.1377	1
4.8	8.1841	4.4378	5.1278	1
4.85	8.1948	4.4517	5.1372	1
4.9	8.2059	4.1822	5.1384	1
4.95	8.2177	4.3115	5.1394	1
5	8.2282	4.489	5.13	1
5.05	8.2394	4.2393	5.1219	1
5.1	8.2504	4.348	5.1185	1
5.15	8.262	4.3809	5.1181	1
5.2	8.2734	4.4214	5.1222	1
5.25	8.2854	4.3081	5.1251	1
5.3	8.2972	4.5117	5.1119	1
5.35	8.3092	4.2229	5.1272	1
5.4	8.3212	4.5194	5.1373	1
5.45	8.3332	4.5692	5.1253	1
5.5	8.3456	4.2392	5.1215	1
5.55	8.3588	4.3946	5.133	1
5.6	8.3704	4.9282	5.1474	1
5.65	8.3837	3.8635	5.1317	1
5.7	8.3976	4.4231	5.1272	1
5.75	8.4096	4.8865	5.1333	1
5.8	8.423	4.206	5.1455	1
5.85	8.4364	4.8474	5.1516	1
5.9	8.4493	4.3954	5.1271	1
5.95	8.4632	4.3745	5.1069	1
6	8.4772	4.4748	5.1072	1
6.05	8.4907	4.7133	5.1261	1
6.1	8.5045	4.7128	5.137	1
6.15	8.5187	4.5338	5.1324	1
6.2	8.5328	4.8234	5.1263	1
6.25	8.5472	4.4234	5.1227	1
6.3	8.5621	4.6503	5.1204	1
6.35	8.5762	5.1159	5.1294	1
6.4	8.5908	4.4008	5.1163	1
6.45	8.6065	4.6556	5.1265	1
6.5	8.6208	5.1071	5.1459	1
6.55	8.636	4.5999	5.1428	1
6.6	8.6517	4.8972	5.1328	1
6.65	8.6664	5.1781	5.1443	1
6.7	8.6821	4.4517	5.1448	1
6.75	8.6985	4.9251	5.1354	1
6.8	8.7141	5.032	5.1495	1
6.85	8.7305	4.7227	5.163	1
6.9	8.7466	5.296	5.1371	1
6.95	8.7628	4.8455	5.125	1
7	8.7792	5.1539	5.1189	1
7.05	8.7956	5.0702	5.1125	1
7.1	8.8125	5.1691	5.1214	1
7.15	8.8294	4.7981	5.1334	1
7.2	8.8462	5.5086	5.1184	1
7.25	8.8632	5.1085	5.1295	1
7.3	8.881	5.0643	5.1302	1
7.35	8.8987	5.4254	5.1327	1
7.4	8.9151	5.6858	5.1307	1
7.45	8.933	4.9191	5.1147	1
7.5	8.9512	5.4367	5.1052	1
7.55	8.9689	5.4167	5.0906	1
7.6	8.9871	5.7204	5.0969	1
7.65	9.0048	5.3489	5.1029	1
7.7	9.0235	5.4289	5.0983	1
7.75	9.0417	5.6177	5.1148	1
7.8	9.0595	6.0388	5.1163	1
7.85	9.0777	5.6319	5.1277	1
7.9	9.0969	5.7645	5.1313	1
7.95	9.1159	5.7494	5.1283	1
8	9.135	5.6708	5.1202	1
8.05	9.1543	5.8865	5.1064	1
8.1	9.1732	5.9847	5.0939	1
8.15	9.1926	5.9479	5.0956	1
8.2	9.212	6.0527	5.1053	1
8.25	9.2311	6.0996	5.1234	1
8.3	9.2508	6.1242	5.1269	1
8.35	9.2703	6.0302	5.1172	1
8.4	9.2898	6.5646	5.1019	1
8.45	9.3099	5.945	5.1026	1
8.5	9.3304	6.1576	5.1117	1
8.55	9.3498	6.5991	5.1174	1
8.6	9.3697	6.3679	5.121	1
8.65	9.3902	6.6152	5.112	1
8.7	9.4105	6.4181	5.1222	1
8.75	9.4316	6.2517	5.1333	1
8.8	9.4526	6.5672	5.1341	1
8.85	9.4733	6.4285	5.133	1
8.9	9.4953	6.3648	5.1454	1
8.95	9.516	6.7754	5.1395	1
9	9.5374	6.6551	5.1426	1
9.05	9.5587	6.601	5.135	1
9.1	9.5804	6.9131	5.1317	1
9.15	9.6018	6.9708	5.1253	1
9.2	9.6241	6.6028	5.1157	1
9.25	9.6454	7.2089	5.1245	1
9.3	9.6667	6.8934	5.1361	1
9.35	9.6883	7.2526	5.1193	1
9.4	9.7108	7.0077	5.1263	1
9.45	9.7331	7.1972	5.1353	1
9.5	9.7549	7.7019	5.146	1
9.55	9.7768	7.1351	5.1486	1
9.6	9.7991	7.5515	5.134	1
9.65	9.8211	7.6942	5.1429	1
9.7	9.843	7.4673	5.1334	1
9.75	9.8662	7.6895	5.1231	1
9.8	9.8882	7.6218	5.1304	1
9.85	9.9104	8.3067	5.134	1
9.9	9.9323	7.9438	5.1337	1
9.95	9.9549	7.8466	5.1428	1
10	9.9774	8.1966	5.1385	1
10.05	9.9995	8.2509	5.1578	1
10.1	10.0224	8.057	5.1603	1
10.15	10.045	8.5771	5.1547	1
10.2	10.0666	8.7878	5.1533	1
10.25	10.0892	8.3961	5.1175	1
10.3	10.1123	8.3165	5.1034	1
10.35	10.1343	9.092	5.1063	1
10.4	10.1564	8.8152	5.1152	1
10.45	10.1793	8.6175	5.1337	1
10.5	10.2014	9.3697	5.1308	1
10.55	10.2235	8.9873	5.1454	1
10.6	10.2465	8.9771	5.1516	1
10.65	10.2687	9.4369	5.146	1
10.7	10.2911	9.3583	5.1633	1
10.75	10.3137	9.4327	5.1782	1
10.8	10.3357	9.7704	5.1806	1
10.85	10.3574	9.9529	5.1691	1
10.9	10.3795	9.7399	5.1553	1
10.95	10.4017	9.8161	5.1413	1
11	10.4231	10.4558	5.1254	1
11.05	10.445	9.8197	5.1317	1
11.1	10.4678	10.0408	5.1389	1
11.15	10.489	10.9775	5.1523	1
11.2	10.5101	10.4771	5.1543	1
11.25	10.5327	10.2773	5.1459	1
11.3	10.5543	10.9633	5.1608	1
11.35	10.575	11.2884	5.1663	1
11.4	10.5971	10.3148	5.1602	1
11.45	10.6188	11.263	5.1484	1
11.5	10.6389	11.6635	5.1456	1
11.55	10.6609	10.7589	5.1364	1
11.6	10.683	11.372	5.1521	1
11.65	10.7037	11.8173	5.147	1
11.7	10.7236	12.0627	5.1411	1
11.75	10.7448	11.6003	5.1478	1
11.8	10.766	11.7509	5.1429	1
11.85	10.7861	12.5689	5.1404	1
11.9	10.8072	11.5367	5.1449	2
11.95	10.828	12.667	5.1311	2
12	10.8477	12.7692	5.1313	2
12.05	10.868	12.1206	5.1403	2
12.1	10.8887	12.7691	5.1394	2
12.15	10.9075	13.3566	5.1455	2
12.2	10.9269	12.6949	5.1486	2
12.25	10.947	13.1355	5.1392	2
12.3	10.9652	13.38	5.1523	2
12.35	10.9833	13.5028	5.1589	2
12.4	11.0019	13.1491	5.1461	2
12.45	11.0193	14.0783	5.1405	2
12.5	11.0366	13.6541	5.1473	2
12.55	11.0545	13.5693	5.1425	2
12.6	11.0717	14.3598	5.1363	2
12.65	11.0879	14.0936	5.1276	2
12.7	11.1044	14.1438	5.1358	2
12.75	11.1212	14.2997	5.1481	2
12.8	11.1363	14.6107	5.1563	2
12.85	11.1521	14.4602	5.1488	2
12.9	11.1674	14.5415	5.138	2
12.95	11.1819	15.1275	5.1434	2
13	11.1968	14.5364	5.1556	2
13.05	11.2112	15.3265	5.1537	2
13.1	11.2247	15.1102	5.1466	2
13.15	11.239	15.0154	5.1371	2
13.2	11.2519	15.8158	5.1422	2
13.25	11.2643	15.1176	5.1469	2
13.3	11.2778	15.4582	5.1475	2
13.35	11.2898	15.8144	5.1412	2
13.4	11.302	15.7197	5.1307	2
13.45	11.3141	15.7319	5.1244	2
13.5	11.3256	16.172	5.1281	2
13.55	11.337	15.9641	5.1345	2
13.6	11.3485	15.9845	5.1383	2
13.65	11.3592	16.3888	5.1401	2
13.7	11.3697	16.3627	5.1542	2
13.75	11.3798	16.3475	5.1612	2
13.8	11.3904	16.298	5.1613	2
13.85	11.4005	16.6643	5.1521	2
13.9	11.4099	16.8189	5.1479	3
13.95	11.4189	16.7925	5.15	3
14	11.4282	16.8225	5.1581	3
14.05	11.4373	16.7409	5.1601	3
14.1	11.4463	16.8837	5.1526	3
14.15	11.4552	16.7997	5.1428	3
14.2	11.4634	17.0729	5.1517	3
14.25	11.4709	17.2027	5.1603	3
14.3	11.4787	16.6456	5.1393	3
14.35	11.4854	17.7613	5.1366	3
14.4	11.4915	17.0429	5.1393	3
14.45	11.4986	17.0719	5.146	3
14.5	11.5042	17.6506	5.1624	3
14.55	11.51	17.0154	5.1494	3
14.6	11.5157	17.4284	5.1359	3
14.65	11.521	17.3936	5.1441	3
14.7	11.5264	17.3366	5.1585	3
14.75	11.5309	17.5323	5.1662	3
14.8	11.5344	17.8345	5.1567	3
14.85	11.5386	16.8814	5.1473	3
14.9	11.543	17.9413	5.1508	3
14.95	11.5451	17.7069	5.147	3
15	11.549	17.0551	5.1369	3
15.05	11.5527	17.6127	5.1303	3
15.1	11.5544	17.8344	5.1385	3
15.15	11.5575	17.0929	5.1469	3
15.2	11.56	17.7441	5.1371	3
15.25	11.5617	17.601	5.1309	3
15.3	11.5641	17.2137	5.1402	3
15.35	11.5658	17.5349	5.1374	3
15.4	11.5672	17.4195	5.1243	3
15.45	11.5686	17.3206	5.1264	3
15.5	11.57	17.413	5.1394	3
15.55	11.5704	17.3702	5.1431	3
15.6	11.5711	17.4581	5.1478	3
15.65	11.5717	17.2207	5.1472	3
15.7	11.5721	17.3779	5.1434	3
15.75	11.5727	17.1538	5.1509	3
15.8	11.5728	17.1026	5.1511	3
15.85	11.573	17.1458	5.132	3
15.9	11.5728	17.0619	5.1245	3
15.95	11.5728	17.0027	5.1338	3
16	11.5724	17.275	5.138	3
16.05	11.5719	16.894	5.1403	3
16.1	11.5714	16.9563	5.1497	3
16.15	11.5706	16.9098	5.1553	3
16.2	11.57	16.8637	5.1513	3
16.25	11.5692	16.7477	5.148	3
16.3	11.5682	16.8097	5.1493	3
16.35	11.5671	16.8134	5.1469	3
16.4	11.5657	16.5013	5.1377	3
16.45	11.5644	16.593	5.1192	3
16.5	11.5629	16.8262	5.1259	3
16.55	11.5612	16.4783	5.1483	3
16.6	11.5596	16.3729	5.1461	3
16.65	11.5577	16.3407	5.1475	3
16.7	11.5553	16.6739	5.1482	3
16.75	11.5538	15.779	5.1393	3
16.8	11.5524	16.1928	5.124	3
16.85	11.5496	16.535	5.1039	3
16.9	11.5468	15.8926	5.1214	3
16.95	11.5458	15.7518	5.1432	3
17	11.5432	16.3865	5.131	3
17.05	11.5402	15.9178	5.1362	3
17.1	11.5384	15.5432	5.1416	3
17.15	11.5363	15.9636	5.134	3
17.2	11.5333	15.7586	5.1184	3
17.25	11.5308	15.4903	5.1178	3
17.3	11.5283	15.4073	5.1168	3
17.35	11.5257	15.7046	5.1022	3
17.4	11.523	15.1718	5.1112	3
17.45	11.5206	15.4697	5.1217	3
17.5	11.5177	15.2708	5.125	3
17.55	11.5144	15.5332	5.1277	3
17.6	11.5121	14.6795	5.1279	3
17.65	11.5095	15.1665	5.1138	3
17.7	11.5057	15.2637	5.1097	3
17.75	11.5029	14.595	5.1215	3
17.8	11.4999	14.9245	5.1085	3
17.85	11.4966	14.9185	5.0932	3
17.9	11.4934	14.6699	5.1036	3
17.95	11.4908	14.557	5.1236	3
18	11.4871	14.6489	5.1025	3
18.05	11.4838	14.4357	5.091	3
18.1	11.4806	14.5754	5.1118	3
18.15	11.4774	14.2142	5.1181	3
18.2	11.4738	14.6142	5.1241	3
18.25	11.4701	14.1854	5.1137	3
18.3	11.4663	14.263	5.1194	3
18.35	11.4629	14.0245	5.1176	3
18.4	11.4593	14.2087	5.1221	3
18.45	11.4557	13.7467	5.1301	3
18.5	11.4517	14.2365	5.1291	3
18.55	11.4477	13.6078	5.122	3
18.6	11.444	14.0696	5.1132	3
18.65	11.4396	13.5939	5.1148	3
18.7	11.4356	13.9127	5.1203	3
18.75	11.4313	13.6192	5.124	3
18.8	11.4278	13.2303	5.1233	3
18.85	11.4236	13.7565	5.1186	3
18.9	11.4193	13.3978	5.1167	3
18.95	11.4146	13.5459	5.133	3
19	11.4105	13.1569	5.1304	3
19.05	11.406	13.4382	5.1187	3
19.1	11.4012	13.3125	5.1317	3
19.15	11.3962	13.1819	5.1311	3
19.2	11.3923	12.9	5.1406	3
19.25	11.3871	13.4285	5.1301	3
19.3	11.3825	12.5882	5.1389	3
19.35	11.3784	12.8002	5.1543	3
19.4	11.373	13.2009	5.1482	3
19.45	11.3676	12.7454	5.1494	3
19.5	11.3633	12.4337	5.1432	3
19.55	11.358	13.0908	5.1477	3
19.6	11.3525	12.5181	5.1705	3
19.65	11.3482	12.2439	5.1718	3
19.7	11.343	12.716	5.1542	3
19.75	11.3369	12.4674	5.1502	3
19.8	11.3323	12.0869	5.1546	3
19.85	11.3278	12.1679	5.1419	3
19.9	11.322	12.4233	5.1343	3
19.95	11.3167	11.8876	5.1563	3
20	11.3114	12.1216	5.1541	3
20.05	11.306	12.0899	5.14	3
20.1	11.3006	11.7981	5.144	3
20.15	11.2964	11.3495	5.1406	3
20.2	11.2905	12.2898	5.1378	3
20.25	11.2845	11.4927	5.147	3
20.3	11.2796	11.2441	5.1489	3
20.35	11.2741	11.7547	5.1524	3
20.4	11.2684	11.4037	5.1603	3
20.45	11.2633	11.2057	5.1445	3
20.5	11.2581	11.2391	5.1473	3
20.55	11.2521	11.4572	5.1434	3
20.6	11.2457	11.2821	5.1417	3
20.65	11.2406	10.7232	5.134	3
20.7	11.2346	11.3231	5.1315	3
20.75	11.2287	10.9123	5.1387	3
20.8	11.2232	10.8178	5.1412	3
20.85	11.2173	11.0036	5.155	3
20.9	11.211	10.8247	5.1636	3
20.95	11.205	10.6666	5.1592	3
21	11.1988	10.673	5.1323	3
21.05	11.1932	10.2662	5.1319	3
21.1	11.1868	10.9055	5.153	3
21.15	11.1804	10.0809	5.1523	3
21.2	11.1748	10.3797	5.1361	3
21.25	11.168	10.5916	5.1281	3
21.3	11.1613	10.2755	5.1177	3
21.35	11.1553	10.1246	5.1198	3
21.4	11.1488	10.2364	5.1278	3
21.45	11.1422	10.0623	5.1218	3
21.5	11.135	10.4092	5.1197	3
21.55	11.1282	9.5724	5.1088	3
21.6	11.1213	10.3046	5.1105	3
21.65	11.1139	9.8911	5.1184	3
21.7	11.1069	9.9695	5.1119	3
21.75	11.1004	9.4889	5.1134	3
21.8	11.0934	9.9644	5.1109	3
21.85	11.0863	9.4856	5.1202	3
21.9	11.0794	9.6389	5.1397	3
21.95	11.0722	9.3766	5.1349	3
22	11.065	9.6576	5.1296	3
22.05	11.0575	9.2266	5.1234	3
22.1	11.0505	9.3354	5.1164	3
22.15	11.0428	9.3286	5.1032	3
22.2	11.0355	9.0831	5.1033	3
22.25	11.028	9.2131	5.1193	3
22.3	11.0202	9.0597	5.131	3
22.35	11.013	8.9273	5.1351	3
22.4	11.0059	8.704	5.1398	3
22.45	10.9979	9.1043	5.1446	3
22.5	10.9906	8.4891	5.1243	3
22.55	10.9826	9.0023	5.1142	3
22.6	10.9753	8.3334	5.1195	3
22.65	10.9673	8.8118	5.1094	3
22.7	10.9593	8.5135	5.1073	3
22.75	10.9516	8.2767	5.1173	3
22.8	10.9447	8.2119	5.12	3
22.85	10.9362	8.5579	5.1155	3
22.9	10.9286	7.988	5.1283	3
22.95	10.9209	8.1252	5.1369	3
23	10.913	8.1471	5.119	3
23.05	10.9042	8.6659	5.1209	3
23.1	10.8964	7.3856	5.1352	3
23.15	10.8888	8.1617	5.1403	3
23.2	10.8797	8.1449	5.1391	3
23.25	10.8714	7.6476	5.1305	3
23.3	10.8639	7.5657	5.1291	3
23.35	10.8546	8.0711	5.1364	3
23.4	10.8462	7.3519	5.1216	3
23.45	10.8385	7.3462	5.1211	3
23.5	10.8287	8.0624	5.1313	3
23.55	10.8202	7.0975	5.1331	3
23.6	10.812	7.1524	5.1322	3
23.65	10.8029	7.8606	5.1206	3
23.7	10.7936	6.9302	5.1299	3
23.75	10.7859	6.9663	5.1283	3
23.8	10.7772	7.2733	5.116	3
23.85	10.7681	7.1522	5.1081	3
23.9	10.7599	6.4526	5.1103	3
23.95	10.7514	6.9401	5.1037	3
24	10.7418	7.0655	5.1167	3
24.05	10.7329	6.697	5.1279	3
24.1	10.7246	6.4513	5.1207	3
24.15	10.715	7.0486	5.1182	3
24.2	10.7059	6.0276	5.1154	3
24.25	10.6976	6.2993	5.1076	3
24.3	10.6876	7.0739	5.1019	3
24.35	10.6784	5.8704	5.1052	3
24.4	10.6708	5.7529	5.1319	3
24.45	10.6608	7.0003	5.1405	3
24.5	10.651	5.6249	5.1166	3
24.55	10.643	5.8092	5.094	3
24.6	10.6326	6.4949	5.0921	3
24.65	10.6233	5.6896	5.0937	3
24.7	10.6145	5.6712	5.0904	3
24.75	10.6056	5.6776	5.0846	3
24.8	10.5958	5.8855	5.1106	3
24.85	10.5862	5.5322	5.1219	3
24.9	10.5779	4.9446	5.1079	3
24.95	10.5674	6.1702	5.098	3
25	10.5577	4.9385	5.1037	3
25.05	10.5491	5.3498	5.1141	3
25.1	10.5388	5.4037	5.1108	3
25.15	10.5292	5.0232	5.1089	3
25.2	10.5198	5.1264	5.1083	3
25.25	10.5097	5.4241	5.0996	3
25.3	10.4998	4.8265	5.0952	3
25.35	10.4905	4.853	5.1021	3
25.4	10.4804	5.1194	5.0932	3
25.45	10.47	4.9392	5.0919	3
25.5	10.4604	4.6184	5.1006	3
25.55	10.4501	4.6493	5.106	3
25.6	10.4403	4.771	5.1149	3
25.65	10.4305	4.2034	5.0988	3
25.7	10.4206	4.9898	5.0878	3
25.75	10.4093	4.4779	5.0819	3
25.8	10.3993	4.1788	5.084	3
25.85	10.3891	4.2912	5.1039	3
25.9	10.3777	4.8727	5.1041	4
25.95	10.3677	3.6214	5.1086	4
26	10.3579	4.2965	5.107	4
26.05	10.3467	4.3346	5.0889	4
26.1	10.3364	3.5414	5.0917	4
26.15	10.3264	4.1406	5.1046	4
26.2	10.3153	4.0665	5.113	4
26.25	10.3052	3.6135	5.1109	4
26.3	10.2952	3.949	5.1037	4
26.35	10.2848	3.7294	5.0987	4
26.4	10.2743	4.0508	5.0982	4
26.45	10.2649	2.9841	5.1121	4
26.5	10.2557	3.8333	5.1042	4
26.55	10.2454	3.5712	5.0972	4
26.6	10.2361	3.3139	5.1054	4
26.65	10.2274	3.2866	5.1144	4
26.7	10.2176	3.791	5.1124	4
26.75	10.2085	3.0419	5.1149	4
26.8	10.1991	3.3003	5.12	4
26.85	10.19	3.3541	5.1356	4
26.9	10.1813	2.9868	5.1257	4
26.95	10.1726	3.2603	5.1228	4
27	10.1633	3.295	5.1274	4
27.05	10.155	2.8303	5.1232	4
27.1	10.1466	3.3295	5.1145	4
27.15	10.1381	2.7293	5.1119	4
27.2	10.1298	3.1798	5.113	4
27.25	10.1215	2.677	5.1106	4
27.3	10.1135	2.9566	5.0952	4
27.35	10.1052	2.7431	5.0932	4
27.4	10.0973	2.7251	5.1107	4
27.45	10.0891	2.8809	5.1252	4
27.5	10.0813	2.6611	5.1225	4
27.55	10.0736	2.6064	5.1044	4
27.6	10.0658	2.8252	5.0939	4
27.65	10.0576	2.6052	5.0966	4
27.7	10.0508	2.268	5.1181	4
27.75	10.0432	2.7072	5.1202	4
27.8	10.035	2.6578	5.1057	4
27.85	10.0283	1.9591	5.1068	4
27.9	10.0216	2.4387	5.0975	4
27.95	10.0137	2.5974	5.0949	4
28	10.0074	1.9282	5.1066	4
28.05	10.0011	2.2046	5.112	4
28.1	9.9933	2.9172	5.1306	4
28.15	9.9867	1.6015	5.1276	4
28.2	9.9803	2.2165	5.1339	4
28.25	9.9736	2.2368	5.136	4
28.3	9.9668	1.721	5.1344	4
28.35	9.9619	1.6802	5.12	4
28.4	9.955	2.4878	5.1276	4
28.45	9.9484	1.7208	5.136	4
28.5	9.9433	1.6424	5.1366	4
28.55	9.9369	1.8649	5.1371	4
28.6	9.9311	2.0274	5.1464	4
28.65	9.926	1.1571	5.149	4
28.7	9.9203	2.0307	5.1271	4
28.75	9.9149	1.4463	5.1378	4
28.8	9.9094	1.4951	5.1406	4
28.85	9.9042	1.6857	5.1369	4
28.9	9.8993	1.2706	5.1289	4
28.95	9.894	1.6083	5.1205	4
29	9.8892	1.2179	5.1327	4
29.05	9.8845	1.1619	5.1263	4
29.1	9.8793	1.7482	5.1198	4
29.15	9.8745	0.8656	5.1258	4
29.2	9.8703	1.2439	5.1309	4
29.25	9.8658	0.9791	5.1237	4
29.3	9.8616	1.1491	5.1055	4
29.35	9.8574	0.9135	5.1092	4
29.4	9.854	0.8003	5.1216	4
29.45	9.8497	1.2796	5.1246	4
29.5	9.8458	0.6607	5.1244	4
29.55	9.8423	0.7615	5.1334	4
29.6	9.8384	1.071	5.1326	4
29.65	9.834	0.7313	5.1291	4
29.7	9.8307	0.7694	5.1196	4
29.75	9.8265	1.0719	5.1262	4
29.8	9.8224	0.7921	5.1281	4
29.85	9.819	0.7874	5.1143	4
29.9	9.8156	0.7403	5.111	4
29.95	9.8113	1.0344	5.1018	4
30	9.8077	0.5402	5.1076	4
30.05	9.8045	0.6544	5.1307	4
30.1	9.8008	0.9493	5.1255	4
30.15	9.7974	0.6221	5.123	4
30.2	9.7938	0.9567	5.1222	4
30.25	9.7893	0.9315	5.1116	4
30.3	9.7865	0.1857	5.1145	4
30.35	9.783	1.076	5.1041	4
30.4	9.7791	0.6648	5.1026	4
30.45	9.776	0.517	5.1069	4
30.5	9.7733	0.5048	5.1059	4
30.55	9.7693	0.9975	5.1134	4
30.6	9.7665	0.3271	5.1155	4
30.65	9.7635	0.6439	5.1064	4
30.7	9.7607	0.6058	5.1159	4
30.75	9.7569	1.0216	5.1241	4
30.8	9.7539	0.2427	5.1274	4
30.85	9.7512	0.5534	5.1163	4
30.9	9.7474	0.7686	5.1048	4
30.95	9.7436	0.7567	5.0993	4
31	9.7412	0.1386	5.1065	4
31.05	9.7378	1.0953	5.1133	4
31.1	9.7338	0.5434	5.1161	4
31.15	9.7312	0.2898	5.1145	4
31.2	9.7281	0.8094	5.1135	4
31.25	9.7251	0.6459	5.112	4
31.3	9.7222	0.4013	5.1064	4
31.35	9.7191	0.6835	5.1004	4
31.4	9.7155	0.7913	5.1127	4
31.45	9.7123	0.499	5.1189	4
31.5	9.7096	0.4087	5.1027	4
31.55	9.7057	1.0222	5.1022	4
31.6	9.7024	0.3858	5.1146	4
31.65	9.6997	0.5392	5.0985	4
31.7	9.6965	0.8209	5.0947	4
31.75	9.6928	0.6749	5.1038	4
31.8	9.6898	0.4823	5.1099	4
31.85	9.6867	0.7	5.1071	4
31.9	9.6834	0.6639	5.1141	4
31.95	9.68	0.6683	5.122	4
32	9.6772	0.5062	5.1184	4
32.05	9.6737	0.7286	5.1158	4
32.1	9.6706	0.6228	5.1086	4
32.15	9.6669	0.7554	5.1008	4
32.2	9.6641	0.3897	5.0948	4
32.25	9.6608	0.6434	5.1014	4
32.3	9.6581	0.6422	5.1119	4
32.35	9.6542	0.6033	5.1087	4
32.4	9.6516	0.3926	5.1141	4
32.45	9.6483	0.8653	5.1183	4
32.5	9.6445	0.6509	5.109	4
32.55	9.6416	0.3221	5.103	4
32.6	9.6387	0.7641	5.1164	4
32.65	9.6345	0.9662	5.1115	4
32.7	9.6325	-0.021	5.092	4
32.75	9.6297	0.7831	5.0997	4
32.8	9.6259	0.946	5.1006	4
32.85	9.6229	0.3201	5.1124	4
32.9	9.62	0.6148	5.1225	4
32.95	9.6165	0.6059	5.1147	4
33	9.6134	0.8498	5.105	4
33.05	9.6098	0.5982	5.0947	4
33.1	9.6074	0.3114	5.0983	4
33.15	9.6035	1.1147	5.0999	4
33.2	9.5995	0.6346	5.111	4
33.25	9.5967	0.3466	5.1172	4
33.3	9.5941	0.5553	5.1141	4
33.35	9.5902	0.9795	5.1154	4
33.4	9.5878	0.2619	5.1032	4
33.45	9.5839	1.1895	5.1	4
33.5	9.5801	0.463	5.1039	4
33.55	9.5773	0.4193	5.1024	4
33.6	9.5744	0.5439	5.0877	4
33.65	9.5707	0.9779	5.0759	4
33.7	9.5677	0.2458	5.0896	4
33.75	9.565	0.5341	5.0946	4
33.8	9.5619	0.4719	5.0841	4
33.85	9.5584	0.6867	5.1034	4
33.9	9.5563	0.0242	5.1089	4
33.95	9.5535	0.7927	5.1078	4
34	9.5499	0.736	5.1151	4
34.05	9.5477	0.0742	5.1247	4
34.1	9.5449	0.7223	5.1104	4
34.15	9.5414	0.4885	5.0834	4
34.2	9.5389	0.345	5.0734	4
34.25	9.5364	0.3679	5.0878	4
34.3	9.5336	0.3695	5.0813	4
34.35	9.5307	0.447	5.0927	4
34.4	9.5278	0.5169	5.0899	4
34.45	9.5248	0.4559	5.0774	4
34.5	9.5219	0.4919	5.0874	4
34.55	9.5197	0.1497	5.0954	4
34.6	9.5174	0.4024	5.1138	4
34.65	9.5145	0.4143	5.1045	4
34.7	9.5117	0.4246	5.0982	4
34.75	9.5093	0.1198	5.0962	4
34.8	9.5061	0.8153	5.089	4
34.85	9.503	0.1701	5.0822	4
34.9	9.5013	0.0293	5.0885	4
34.95	9.4986	0.7575	5.0982	4
35	9.4953	0.3582	5.0971	4
35.05	9.4928	0.3163	5.0948	4
35.1	9.4898	0.5983	5.1064	4
35.15	9.4869	0.3317	5.1158	4
35.2	9.4843	0.6493	5.116	4
35.25	9.4812	0.5575	5.1068	4
35.3	9.4781	0.4141	5.1216	4
35.35	9.4755	0.4658	5.1136	4
35.4	9.4728	0.4043	5.1167	4
35.45	9.47	0.4596	5.1174	4
35.5	9.4676	0.1148	5.1147	4
35.55	9.4651	0.5174	5.1142	4
35.6	9.462	0.4491	5.1319	4
35.65	9.4598	-0.1399	5.1369	4
35.7	9.4579	0.3226	5.1192	4
35.75	9.4544	0.5809	5.1046	4
35.8	9.452	0.0907	5.1004	4
35.85	9.4502	-0.0168	5.0908	4
35.9	9.4478	0.5046	5.0952	4
35.95	9.4452	0.0534	5.1008	4
36	9.4429	0.1352	5.0927	4
36.05	9.441	0.2375	5.0904	4
36.1	9.4384	0.2455	5.1019	4
36.15	9.4359	0.1339	5.1045	4
36.2	9.4343	0.017	5.1061	4
36.25	9.4315	0.4861	5.1128	4
36.3	9.429	0.1342	5.1192	4
36.35	9.4272	-0.0381	5.1186	4
36.4	9.4246	0.6737	5.1309	4
36.45	9.4222	-0.2301	5.1149	4
36.5	9.4208	0.1093	5.0939	4
36.55	9.4182	0.296	5.0995	4
36.6	9.416	0.1621	5.1172	4
36.65	9.414	0.0262	5.1157	4
36.7	9.4118	0.3249	5.0996	4
36.75	9.4091	0.1678	5.1048	4
36.8	9.4071	0.1773	5.1255	4
36.85	9.4056	-0.0971	5.1128	4
36.9	9.4033	0.4475	5.1104	4
36.95	9.4012	0.0829	5.0981	4
37	9.3998	-0.2005	5.0913	4
37.05	9.3973	0.6478	5.1008	4
37.1	9.3936	0.5474	5.0978	4
37.15	9.3914	-0.2298	5.114	4
37.2	9.3896	0.1552	5.1141	4
37.25	9.3864	0.4997	5.1069	4
37.3	9.3841	0.2369	5.105	4
37.35	9.3826	-0.1784	5.1019	4
37.4	9.3808	0.2641	5.1156	4
37.45	9.3776	0.4985	5.1076	4
37.5	9.3755	-0.1957	5.1102	4
37.55	9.3742	0.0535	5.1231	4
37.6	9.3716	0.3636	5.115	4
37.65	9.3692	-0.1446	5.1087	4
37.7	9.3678	-0.0185	5.0973	4
37.75	9.3657	0.133	5.1013	4
37.8	9.3633	0.1432	5.1166	4
37.85	9.3616	-0.2448	5.1076	4
37.9	9.3601	0.1348	5.1118	4
37.95	9.3582	-0.0138	5.0947	4
38	9.3569	-0.1595	5.1035	4
38.05	9.3553	-0.1664	5.1251	4
38.1	9.3536	0.1282	5.1059	4
38.15	9.3515	-0.0976	5.0852	4
38.2	9.3501	-0.2202	5.094	4
38.25	9.3486	-0.2308	5.1023	4
38.3	9.3469	0.0243	5.1125	4
38.35	9.3456	-0.4395	5.0954	4
38.4	9.3444	-0.1814	5.0688	4
38.45	9.343	-0.2462	5.0922	4
38.5	9.3415	-0.0192	5.108	4
38.55	9.3403	-0.4704	5.0974	4
38.6	9.3398	-0.478	5.0849	4
38.65	9.3377	0.2069	5.0978	4
38.7	9.3366	-0.7143	5.1289	4
38.75	9.336	-0.4861	5.107	4
38.8	9.3343	-0.0069	5.0651	4
38.85	9.3329	-0.4277	5.0671	4
38.9	9.3327	-0.7243	5.0994	4
38.95	9.3318	-0.1764	5.1163	4
39	9.3305	-0.3197	5.1087	4
39.05	9.3297	-0.5234	5.1009	4
39.1	9.3292	-0.5652	5.1041	4
39.15	9.3279	-0.1016	5.1024	4
39.2	9.3268	-0.5512	5.1023	4
39.25	9.3262	-0.6905	5.097	4
39.3	9.3254	-0.3342	5.0872	4
39.35	9.3241	-0.25	5.0779	4
39.4	9.3241	-0.8773	5.0764	4
39.45	9.3235	-0.0961	5.1045	4
39.5	9.3223	-0.4868	5.0988	4
39.55	9.3218	-0.801	5.0912	4
39.6	9.3208	-0.2882	5.1139	4
39.65	9.3201	-0.7707	5.1179	4
39.7	9.32	-0.7172	5.1055	4
39.75	9.3194	-0.3607	5.1153	4
39.8	9.3179	-0.269	5.1293	4
39.85	9.3175	-0.7074	5.1294	4
39.9	9.3173	-0.7061	5.1153	4
39.95	9.3163	-0.1278	5.122	4
40	9.3151	-0.6139	5.1183	4
40.05	9.3156	-1.0062	5.1008	4
40.1	9.3144	-0.0065	5.0956	4
40.15	9.3129	-0.3938	5.0845	4
40.2	9.313	-1.0467	5.0926	4
40.25	9.3126	-0.2602	5.1134	4
40.3	9.3114	-0.4263	5.1054	4
40.35	9.3111	-0.8116	5.1033	4
40.4	9.311	-0.5182	5.0983	4
40.45	9.3101	-0.5518	5.086	4
40.5	9.3097	-0.6807	5.0983	4
40.55	9.3093	-0.5365	5.1004	4
40.6	9.3081	-0.4507	5.101	4
40.65	9.3081	-0.8254	5.1012	4
40.7	9.3075	-0.6061	5.1022	4
40.75	9.3066	-0.3501	5.1027	4
40.8	9.3069	-1.0956	5.0835	4
40.85	9.3067	-0.5487	5.0865	4
40.9	9.3054	-0.2519	5.1007	4
40.95	9.3046	-0.858	5.098	4
41	9.3045	-0.5346	5.1047	4
41.05	9.3039	-0.6373	5.1053	4
41.1	9.3029	-0.3993	5.1172	4
41.15	9.3031	-0.9839	5.1254	4
41.2	9.3023	-0.4987	5.1112	4
41.25	9.3021	-0.6673	5.1101	4
41.3	9.3018	-0.9028	5.0937	4
41.35	9.3012	-0.3375	5.1039	4
41.4	9.3006	-0.9672	5.1209	4
41.45	9.3005	-0.572	5.1074	4
41.5	9.3004	-0.7848	5.1179	4
41.55	9.3002	-0.7506	5.1164	4
41.6	9.3002	-0.8141	5.1226	4
41.65	9.3001	-0.8516	5.1213	4
41.7	9.3001	-0.6529	5.111	4
41.75	9.2995	-0.8785	5.0921	4
41.8	9.3001	-1.1237	5.0927	4
41.85	9.3	-0.5067	5.0874	4
41.9	9.2993	-0.8653	5.0807	4
41.95	9.3003	-1.1846	5.0805	4
42	9.3007	-0.9504	5.0972	4
42.05	9.3005	-0.5445	5.0885	4
42.1	9.3004	-0.8925	5.0946	4
42.15	9.3004	-0.9232	5.1124	4
42.2	9.3007	-1.0438	5.1002	4
42.25	9.3002	-0.628	5.086	4
42.3	9.3008	-1.2083	5.0855	4
42.35	9.3012	-0.7384	5.0864	4
42.4	9.301	-0.8009	5.0916	4
42.45	9.3015	-1.0049	5.0967	4
42.5	9.3016	-0.8671	5.1025	4
42.55	9.3015	-0.7398	5.0917	4
42.6	9.3017	-1.2831	5.0739	4
42.65	9.3019	-0.6209	5.0804	4
42.7	9.3029	-1.4863	5.0858	4
42.75	9.3038	-0.9938	5.0868	4
42.8	9.3032	-0.4643	5.0976	4
42.85	9.3034	-1.1312	5.0917	4
42.9	9.3038	-1.0316	5.0855	4
42.95	9.3042	-0.7824	5.0905	4
43	9.3044	-1.1886	5.0982	4
43.05	9.3051	-1.0088	5.1198	4
43.1	9.3056	-0.985	5.1083	4
43.15	9.3058	-0.9979	5.0929	4
43.2	9.3062	-0.8411	5.1056	4
43.25	9.3063	-1.2211	5.1095	4
43.3	9.3068	-0.7802	5.1001	4
43.35	9.3065	-0.9186	5.1121	4
43.4	9.3067	-1.0323	5.1258	4
43.45	9.3072	-1.0829	5.1074	4
43.5	9.3083	-1.2371	5.1092	4
43.55	9.3086	-0.8533	5.1222	4
43.6	9.309	-1.0737	5.1024	4
43.65	9.3095	-1.0047	5.0979	4
43.7	9.3094	-0.5514	5.1214	4
43.75	9.3099	-1.5743	5.1243	4
43.8	9.311	-1.0118	5.1141	4
43.85	9.3109	-0.8937	5.1069	4
43.9	9.311	-0.8585	5.1033	4
43.95	9.3115	-1.2042	5.0923	4
44	9.3121	-0.9941	5.0984	4
44.05	9.3123	-0.8699	5.104	4
44.1	9.3127	-0.9075	5.1122	4
44.15	9.3129	-0.9898	5.102	4
44.2	9.3133	-0.9772	5.1024	4
44.25	9.3136	-1.1532	5.1159	4
44.3	9.3141	-0.8475	5.1211	4
44.35	9.3142	-0.9103	5.1066	4
44.4	9.3142	-0.7782	5.1033	4
44.45	9.3148	-1.2618	5.1037	4
44.5	9.315	-0.8634	5.1005	4
44.55	9.3152	-0.9091	5.0952	4
44.6	9.3162	-1.5107	5.0949	4
44.65	9.3166	-0.8738	5.1136	4
44.7	9.3167	-1.0256	5.1271	4
44.75	9.3173	-1.0481	5.1185	4
44.8	9.3176	-0.9994	5.1157	4
44.85	9.318	-0.9317	5.1145	4
44.9	9.3183	-1.1644	5.1135	4
44.95	9.319	-0.908	5.1144	4
45	9.3195	-1.2343	5.1203	4
45.05	9.3198	-0.9538	5.1054	4
45.1	9.3208	-1.1092	5.0993	4
45.15	9.321	-1.122	5.0861	4
45.2	9.3209	-0.6263	5.0961	4
45.25	9.3214	-1.2629	5.1064	4
45.3	9.322	-1.2092	5.0882	4
45.35	9.3226	-0.6779	5.0737	4
45.4	9.3224	-1.0451	5.0698	4
45.45	9.3231	-1.1774	5.0633	4
45.5	9.3242	-1.014	5.0495	4
45.55	9.3237	-0.6673	5.0499	4
45.6	9.3242	-1.3155	5.0673	4
45.65	9.3254	-1.1385	5.082	4
45.7	9.325	-0.6283	5.0973	4
45.75	9.3253	-0.8919	5.0845	4
45.8	9.3261	-1.3193	5.0811	4
45.85	9.3264	-0.6961	5.0961	4
45.9	9.3266	-0.8885	5.0854	4
45.95	9.3265	-1.0873	5.0921	4
46	9.3275	-0.7538	5.0871	4
46.05	9.3272	-1.021	5.0727	4
46.1	9.3274	-0.5954	5.084	4
46.15	9.3277	-1.1692	5.0943	4
46.2	9.3278	-0.7297	5.0966	4
46.25	9.3289	-1.2475	5.101	4
46.3	9.3289	-0.7071	5.0977	4
46.35	9.3285	-0.5677	5.0871	4
46.4	9.3289	-1.1623	5.0841	4
46.45	9.3292	-0.9544	5.0925	4
46.5	9.3289	-0.3075	5.0931	4
46.55	9.3287	-1.3572	5.0966	4
46.6	9.3295	-0.7647	5.1044	4
46.65	9.3295	-0.8536	5.1111	4
46.7	9.329	-0.6197	5.1174	4
46.75	9.3297	-1.1529	5.127	4
46.8	9.3293	-0.4761	5.1276	4
46.85	9.3287	-0.6551	5.1294	4
46.9	9.3291	-1.3219	5.1191	4
46.95	9.3295	-0.5815	5.1143	4
47	9.3289	-0.7016	5.1182	4
47.05	9.3292	-1.0846	5.1155	4
47.1	9.3294	-0.711	5.1002	4
47.15	9.3294	-0.669	5.0852	4
47.2	9.3296	-1.0746	5.0911	4
47.25	9.3297	-0.7972	5.1071	4
47.3	9.3294	-0.5171	5.1067	4
47.35	9.3289	-0.7778	5.1158	4
47.4	9.3293	-1.0589	5.1187	4
47.45	9.329	-0.5473	5.1004	4
47.5	9.3289	-1.0476	5.099	4
47.55	9.3292	-0.5503	5.1182	4
47.6	9.3287	-0.7211	5.1212	4
47.65	9.3285	-0.9237	5.1133	4
47.7	9.3289	-0.8295	5.1188	4
47.75	9.329	-0.8002	5.1164	4
47.8	9.3294	-0.8821	5.1034	4
47.85	9.3291	-0.5177	5.1	4
47.9	9.3285	-0.7327	5.0934	4
47.95	9.3291	-0.9401	5.0922	4
48	9.3291	-0.7073	5.1209	4
48.05	9.3285	-0.6218	5.1197	4
48.1	9.3283	-0.8203	5.0973	4
48.15	9.328	-0.7111	5.0999	4
48.2	9.3278	-0.764	5.0983	4
48.25	9.3275	-0.5809	5.0992	4
48.3	9.3275	-0.8961	5.0975	4
48.35	9.3275	-0.8364	5.0788	4
48.4	9.3278	-0.7716	5.0757	4
48.45	9.3276	-0.7022	5.0721	4
48.5	9.3271	-0.5173	5.0924	4
48.55	9.3272	-1.1191	5.1032	4
48.6	9.3272	-0.5615	5.1028	4
48.65	9.3266	-0.7352	5.0875	4
48.7	9.3266	-0.8501	5.07	4
48.75	9.327	-0.852	5.0748	4
48.8	9.3267	-0.6563	5.0825	4
48.85	9.3268	-0.9434	5.0804	4
48.9	9.3273	-0.744	5.074	4
48.95	9.3268	-0.7409	5.0703	4
49	9.3272	-0.7118	5.0987	4
49.05	9.3268	-0.9754	5.1102	4
49.1	9.3269	-0.6699	5.1	4
49.15	9.3262	-0.84	5.0916	4
49.2	9.3267	-0.9165	5.0853	4
49.25	9.3264	-0.5171	5.099	4
49.3	9.3259	-0.6254	5.109	4
49.35	9.3264	-1.2349	5.1032	4
49.4	9.3269	-0.4716	5.0849	4
49.45	9.3262	-0.857	5.0767	4
49.5	9.327	-1.0513	5.088	4
49.55	9.3272	-0.6114	5.0905	4
49.6	9.3272	-1.0355	5.0909	4
49.65	9.3272	-0.8822	5.0777	4
49.7	9.3271	-0.8932	5.0885	4
49.75	9.3274	-0.9329	5.0935	4
49.8	9.3279	-0.8804	5.0882	4
49.85	9.3279	-0.8341	5.0902	4
49.9	9.3283	-1.0123	5.0856	4
49.95	9.3282	-0.7217	5.0794	4
50	9.3286	-1.3982	5.087	4
50.05	9.3293	-0.8217	5.0956	4
50.1	9.3293	-0.8492	5.0808	4
50.15	9.3299	-1.2016	5.0901	4
50.2	9.3304	-0.9645	5.1007	4
50.25	9.3303	-0.766	5.0951	4
50.3	9.3304	-1.1626	5.097	4
50.35	9.331	-0.9161	5.106	4
50.4	9.3313	-0.9538	5.1004	4
50.45	9.3319	-1.0879	5.0948	4
50.5	9.3328	-1.4069	5.1173	4
50.55	9.3331	-0.727	5.1162	4
50.6	9.333	-1.129	5.0974	4
50.65	9.3342	-1.2344	5.0882	4
50.7	9.3351	-1.0215	5.0868	4
50.75	9.3351	-0.9243	5.1036	4
50.8	9.3363	-1.426	5.1245	4
50.85	9.337	-0.9004	5.1004	4
50.9	9.3376	-1.0898	5.1005	4
50.95	9.3384	-1.0752	5.1036	4
51	9.3391	-1.0738	5.1006	4
51.05	9.3396	-1.1776	5.1213	4
51.1	9.3401	-1.1052	5.1327	4
51.15	9.3405	-0.9913	5.1453	4
51.2	9.3415	-1.4354	5.1321	4
51.25	9.342	-0.8146	5.1154	4
51.3	9.3429	-1.4045	5.104	4
51.35	9.3437	-1.0689	5.096	4
51.4	9.3438	-0.8334	5.1069	4
51.45	9.345	-1.6592	5.1116	4
51.5	9.3462	-0.9473	5.1108	4
51.55	9.3466	-1.0835	5.1087	4
51.6	9.3479	-1.5421	5.1248	4
51.65	9.3487	-0.8763	5.1343	4
51.7	9.3487	-1.1755	5.1313	4
51.75	9.3501	-1.6158	5.1283	4
51.8	9.3508	-0.6844	5.1367	4
51.85	9.3512	-1.4249	5.1346	4
51.9	9.3528	-1.4097	5.1344	4
51.95	9.3533	-1.0805	5.1305	4
52	9.3536	-1.1157	5.1328	4
52.05	9.3555	-1.6459	5.1208	4
52.1	9.356	-0.944	5.1147	4
52.15	9.3565	-1.106	5.132	4
52.2	9.358	-1.5788	5.1245	4
52.25	9.3594	-1.2501	5.1008	4
52.3	9.3602	-1.0531	5.1006	4
52.35	9.3612	-1.5385	5.1167	4
52.4	9.3628	-1.1547	5.11	4
52.45	9.3637	-1.4251	5.1104	4
52.5	9.3643	-1.0693	5.0991	4
52.55	9.3654	-1.4914	5.1025	4
52.6	9.3668	-1.306	5.1273	4
52.65	9.3675	-1.1455	5.1236	4
52.7	9.3686	-1.3695	5.1059	4
52.75	9.3697	-1.2165	5.1011	4
52.8	9.3704	-1.216	5.1172	4
52.85	9.3717	-1.3829	5.1309	4
52.9	9.3728	-1.2797	5.1291	4
52.95	9.3737	-1.2967	5.1321	4
53	9.3746	-1.2004	5.1315	4
53.05	9.3756	-1.3913	5.1366	4
53.1	9.3771	-1.3742	5.1408	4
53.15	9.3781	-1.3491	5.136	4
53.2	9.3796	-1.3084	5.1367	4
53.25	9.3807	-1.3024	5.1217	4
53.3	9.3818	-1.3411	5.1135	4
53.35	9.3833	-1.4787	5.1315	4
53.4	9.3845	-1.2158	5.1386	4
53.45	9.3853	-1.2929	5.134	4
53.5	9.3867	-1.6683	5.1304	4
53.55	9.3877	-1.0699	5.126	4
53.6	9.3893	-1.6877	5.137	4
53.65	9.3912	-1.6417	5.1398	4
53.7	9.3921	-1.302	5.1536	4
53.75	9.3934	-1.5725	5.1577	4
53.8	9.3954	-1.6844	5.1438	4
53.85	9.3967	-1.311	5.1464	4
53.9	9.3982	-1.7999	5.1508	4
53.95	9.4006	-1.6685	5.1527	4
54	9.4021	-1.2666	5.1479	4
54.05	9.4038	-1.8955	5.1445	4
54.1	9.4061	-1.6876	5.1338	4
54.15	9.4072	-1.1973	5.1193	4
54.2	9.4083	-1.736	5.1192	4
54.25	9.4105	-1.7527	5.1121	4
54.3	9.4119	-1.3452	5.1245	4
54.35	9.4134	-1.5532	5.1466	4
54.4	9.4154	-1.4265	5.1383	4
54.45	9.4168	-1.5344	5.1279	4
54.5	9.4184	-1.4123	5.1413	4
54.55	9.4196	-1.3605	5.1369	4
54.6	9.4213	-1.7631	5.1241	4
54.65	9.4231	-1.6447	5.1212	4
54.7	9.4241	-1.2542	5.128	4
54.75	9.4258	-1.7859	5.14	4
54.8	9.4277	-1.5389	5.1389	4
54.85	9.4291	-1.4753	5.1556	4
54.9	9.4307	-1.5693	5.1475	4
54.95	9.4328	-1.6479	5.1293	4
55	9.4347	-1.4543	5.1175	4
55.05	9.436	-1.4078	5.1254	4
55.1	9.4376	-1.5208	5.1339	4
55.15	9.4387	-1.2719	5.1361	4
55.2	9.4396	-1.2637	5.1263	4
55.25	9.441	-1.5003	5.1268	4
55.3	9.4424	-1.2628	5.1369	4
55.35	9.4439	-1.716	5.1361	4
55.4	9.4453	-1.2081	5.1356	4
55.45	9.4462	-1.2919	5.1404	4
55.5	9.4472	-1.2637	5.1405	4
55.55	9.448	-1.0756	5.13	4
55.6	9.4487	-1.2253	5.1304	4
55.65	9.4501	-1.4766	5.1479	4
55.7	9.4511	-0.9031	5.1387	4
55.75	9.4509	-0.943	5.1416	4
55.8	9.452	-1.3494	5.1421	4
55.85	9.4529	-0.934	5.1307	4
55.9	9.4524	-0.4302	5.1429	4
55.95	9.4532	-1.7532	5.1473	4
56	9.4546	-0.8104	5.1503	4
56.05	9.454	-0.7873	5.136	4
56.1	9.4552	-1.5527	5.1301	4
56.15	9.4561	-0.8365	5.1383	4
56.2	9.4558	-0.8446	5.135	4
56.25	9.4565	-1.2272	5.1425	4
56.3	9.4578	-1.2554	5.1425	4
56.35	9.4577	-0.6509	5.1306	4
56.4	9.4583	-1.0161	5.1345	4
56.45	9.4593	-1.2545	5.1302	4
56.5	9.4595	-0.7893	5.1312	4
56.55	9.4593	-0.7065	5.133	4
56.6	9.4603	-1.5489	5.1422	4
56.65	9.4613	-0.7484	5.1528	4
56.7	9.4605	-0.6177	5.1319	4
56.75	9.4612	-1.4122	5.128	4
56.8	9.4623	-0.7864	5.1346	4
56.85	9.4612	-0.3985	5.1326	4
56.9	9.4621	-1.4015	5.128	4
56.95	9.4622	-0.5756	5.1233	4
57	9.4617	-0.6166	5.1229	4
57.05	9.4622	-1.1765	5.136	4
57.1	9.4628	-0.8218	5.123	4
57.15	9.4622	-0.5807	5.1259	4
57.2	9.4621	-0.9569	5.1257	4
57.25	9.4626	-0.7555	5.1111	4
57.3	9.4621	-0.5487	5.1205	4
57.35	9.4622	-1.0252	5.1213	4
57.4	9.4629	-1.012	5.1277	4
57.45	9.4625	-0.469	5.1379	4
57.5	9.4621	-0.8117	5.1388	4
57.55	9.4626	-1.0812	5.1332	4
57.6	9.463	-0.9278	5.1226	4
57.65	9.4624	-0.3143	5.1225	4
57.7	9.4625	-1.1845	5.1205	4
57.75	9.4631	-0.809	5.1119	4
57.8	9.4629	-0.6365	5.132	4
57.85	9.4628	-0.668	5.1351	4
57.9	9.4633	-1.1496	5.1411	4
57.95	9.4631	-0.5108	5.1456	4
58	9.4618	-0.4321	5.1265	4
58.05	9.4622	-1.0231	5.1239	4
58.1	9.463	-0.9788	5.1318	4
58.15	9.4622	-0.2903	5.14	4
58.2	9.4613	-0.8013	5.1388	4
58.25	9.4621	-1.2271	5.1273	4
58.3	9.4616	-0.1297	5.1278	4
58.35	9.4614	-1.0394	5.141	4
58.4	9.4619	-0.9201	5.1407	4
58.45	9.462	-0.4698	5.1534	4
58.5	9.4612	-0.6618	5.155	4
58.55	9.462	-1.1063	5.1511	4
58.6	9.4617	-0.6588	5.1446	4
58.65	9.4615	-0.6911	5.1265	4
58.7	9.4616	-1.0456	5.1357	4
58.75	9.4619	-0.7126	5.1167	4
58.8	9.4623	-1.089	5.106	4
58.85	9.462	-0.494	5.1137	4
58.9	9.4616	-0.7289	5.1154	4
58.95	9.4621	-1.103	5.1289	4
59	9.4625	-0.8471	5.1384	4
59.05	9.4625	-0.7614	5.13	4
59.1	9.4624	-0.7642	5.1373	4
59.15	9.4632	-1.0433	5.1413	4
59.2	9.4632	-0.7786	5.1434	4
59.25	9.4631	-0.864	5.1341	4
59.3	9.4637	-1.011	5.1309	4
59.35	9.4632	-0.4993	5.1372	4
59.4	9.4639	-1.409	5.1268	4
59.45	9.4635	-0.1985	5.1142	4
59.5	9.4636	-1.4717	5.097	4
59.55	9.4642	-0.774	5.0865	4
59.6	9.4643	-0.8285	5.1165	4
59.65	9.4642	-0.8273	5.1292	4
59.7	9.4652	-1.3528	5.1306	4
59.75	9.4649	-0.3618	5.1371	4
59.8	9.4653	-1.2081	5.1374	4
59.85	9.4658	-1.0894	5.1375	4
59.9	9.4664	-0.6277	5.1337	4
59.95	9.4659	-0.9434	5.1285	4
60	9.4677	-1.7566	5.1299	4
60.05	9.4679	-0.1859	5.1216	4
60.1	9.4674	-1.2177	5.1281	4
60.15	9.469	-1.2693	5.1291	4
60.2	9.4693	-0.9471	5.122	4
60.25	9.4681	-0.2363	5.102	4
60.3	9.4698	-2.1928	5.0923	4
60.35	9.4709	-0.6853	5.1129	4
60.4	9.47	-0.4459	5.1174	4
60.45	9.4709	-1.7694	5.1029	4
60.5	9.4733	-1.303	5.1146	4
60.55	9.4725	-0.3195	5.1372	4
60.6	9.4727	-1.4108	5.128	4
60.65	9.4744	-1.3867	5.0983	4
60.7	9.4744	-0.5047	5.1048	4
60.75	9.4749	-1.5077	5.1218	4
60.8	9.477	-1.499	5.1343	4
60.85	9.4767	-0.3927	5.1519	4
60.9	9.4773	-1.64	5.1492	4
60.95	9.4786	-1.1793	5.1312	4
61	9.4788	-0.6876	5.1195	4
61.05	9.4795	-1.6186	5.1184	4
61.1	9.4811	-1.1288	5.1086	4
61.15	9.4808	-0.879	5.0971	4
61.2	9.4821	-1.4602	5.1101	4
61.25	9.4835	-1.2047	5.1086	4
61.3	9.484	-1.118	5.0928	4
61.35	9.4847	-1.2787	5.0848	4
61.4	9.4865	-1.3817	5.0908	4
61.45	9.487	-1.1126	5.0968	4
61.5	9.4886	-1.4824	5.112	4
61.55	9.49	-1.2916	5.1114	4
61.6	9.4906	-1.1036	5.0983	4
61.65	9.492	-1.5573	5.1222	4
61.7	9.4931	-1.0806	5.1241	4
61.75	9.4934	-1.0176	5.119	4
61.8	9.4944	-1.3691	5.1307	4
61.85	9.4957	-1.4155	5.1085	4
61.9	9.496	-0.8102	5.1127	4
61.95	9.4973	-1.6049	5.097	4
62	9.4992	-1.4512	5.0939	4
62.05	9.5001	-1.0665	5.1013	4
62.1	9.5006	-1.1228	5.116	4
62.15	9.5024	-1.8991	5.1148	4
62.2	9.5031	-0.6293	5.1004	4
62.25	9.5028	-1.2056	5.0881	4
62.3	9.5047	-1.6072	5.0997	4
62.35	9.5056	-0.9048	5.115	4
62.4	9.5058	-1.0986	5.1177	4
62.45	9.5073	-1.4771	5.1054	4
62.5	9.5072	-0.5397	5.1058	4
62.55	9.5074	-1.4302	5.112	4
62.6	9.509	-1.1596	5.1011	4
62.65	9.5091	-0.7798	5.1043	4
62.7	9.5094	-1.1146	5.1032	4
62.75	9.5106	-1.2966	5.1223	4
62.8	9.5112	-0.8312	5.1454	4
62.85	9.5117	-1.1228	5.1375	4
62.9	9.5122	-1.0577	5.1264	4
62.95	9.5129	-0.9975	5.132	4
63	9.5131	-0.9185	5.1352	4
63.05	9.5135	-1.1025	5.1096	4
63.1	9.5143	-1.1967	5.0978	4
63.15	9.5147	-0.9442	5.1153	4
63.2	9.5153	-0.9579	5.1241	4
63.25	9.5158	-1.2642	5.1303	4
63.3	9.5166	-0.8678	5.1254	4
63.35	9.5166	-0.8419	5.1039	4
63.4	9.5172	-1.096	5.1045	4
63.45	9.5178	-0.9726	5.1182	4
63.5	9.5177	-0.6421	5.1343	4
63.55	9.5183	-1.2042	5.1398	4
63.6	9.5194	-1.0894	5.1352	4
63.65	9.5187	-0.4344	5.1245	4
63.7	9.5192	-1.4361	5.1157	4
63.75	9.5205	-0.9549	5.1085	4
63.8	9.52	-0.6301	5.1138	4
63.85	9.5199	-0.9281	5.1055	4
63.9	9.5207	-1.2746	5.105	4
63.95	9.5203	-0.3252	5.11	4
64	9.5201	-0.9413	5.1097	4
64.05	9.521	-1.2395	5.1008	4
64.1	9.5209	-0.4768	5.0866	4
64.15	9.5206	-0.6626	5.0956	4
64.2	9.5212	-1.329	5.1038	4
64.25	9.5213	-0.3624	5.1022	4
64.3	9.5205	-0.6629	5.1127	4
64.35	9.5209	-1.1226	5.1105	4
64.4	9.521	-0.6738	5.107	4
64.45	9.52	-0.5696	5.0991	4
64.5	9.5206	-1.2684	5.1072	4
64.55	9.521	-0.5965	5.1214	4
64.6	9.5202	-0.5449	5.1173	4
64.65	9.5204	-1.0435	5.127	4
64.7	9.5207	-0.7357	5.1384	4
64.75	9.5206	-0.5117	5.1254	4
64.8	9.5203	-0.7938	5.115	4
64.85	9.5204	-0.9622	5.1039	4
64.9	9.5207	-0.8045	5.1025	4
64.95	9.5205	-0.5703	5.1018	4
65	9.5205	-0.8528	5.1031	4
65.05	9.5211	-1.082	5.1288	4
65.1	9.5211	-0.5834	5.1274	4
65.15	9.5208	-0.7575	5.0873	4
65.2	9.5211	-1.1225	5.0915	4
65.25	9.5217	-0.9702	5.0978	4
65.3	9.5211	-0.5086	5.0965	4
65.35	9.5212	-1.1015	5.0994	4
65.4	9.5218	-0.9217	5.0924	4
65.45	9.5212	-0.4876	5.0739	4
65.5	9.5215	-1.1076	5.0694	4
65.55	9.5219	-0.7249	5.0824	4
65.6	9.5213	-0.3919	5.0876	4
65.65	9.5213	-1.1434	5.0975	4
65.7	9.522	-0.848	5.1017	4
65.75	9.5211	-0.3865	5.1039	4
65.8	9.5209	-0.7425	5.1083	4
65.85	9.5208	-0.7839	5.1083	4
65.9	9.52	-0.3014	5.0978	4
65.95	9.5197	-0.8681	5.0995	4
66	9.5201	-0.626	5.1105	4
66.05	9.5193	-0.3435	5.1192	4
66.1	9.5188	-0.7146	5.1192	4
66.15	9.5187	-0.7537	5.1214	4
66.2	9.518	-0.3144	5.123	4
66.25	9.5177	-0.713	5.1231	4
66.3	9.5174	-0.5363	5.1115	4
66.35	9.5167	-0.4729	5.1285	4
66.4	9.5166	-0.819	5.1216	4
66.45	9.5158	-0.3805	5.1135	4
66.5	9.5149	-0.377	5.1262	4
66.55	9.5145	-0.6687	5.1259	4
66.6	9.5137	-0.2575	5.1241	4
66.65	9.513	-0.7631	5.1242	4
66.7	9.5127	-0.3722	5.1287	4
66.75	9.5118	-0.4274	5.1384	4
66.8	9.5117	-0.7704	5.1231	4
66.85	9.5112	-0.432	5.1218	4
66.9	9.5103	-0.606	5.129	4
66.95	9.5098	-0.5729	5.1318	4
67	9.5092	-0.4908	5.1232	4
67.05	9.5082	-0.2866	5.1128	4
67.1	9.5081	-0.7806	5.1381	4
67.15	9.5074	-0.4069	5.1273	4
67.2	9.5069	-0.7744	5.1143	4
67.25	9.5067	-0.4664	5.1217	4
67.3	9.5062	-0.7032	5.1352	4
67.35	9.5053	-0.2665	5.1391	4
67.4	9.5048	-0.7521	5.1316	4
67.45	9.5046	-0.5791	5.1151	4
67.5	9.504	-0.3931	5.1213	4
67.55	9.503	-0.3707	5.1415	4
67.6	9.5026	-0.6816	5.14	4
67.65	9.5015	-0.0237	5.1238	4
67.7	9.5	-0.4561	5.1186	4
67.75	9.4996	-0.5068	5.1111	4
67.8	9.4986	-0.2938	5.1007	4
67.85	9.4976	-0.3102	5.1084	4
67.9	9.4967	-0.6385	5.1199	4
67.95	9.4961	-0.2537	5.0992	4
68	9.4951	-0.3951	5.1007	4
68.05	9.4944	-0.467	5.0961	4
68.1	9.4941	-0.6345	5.0886	4
68.15	9.4932	-0.2521	5.0938	4
68.2	9.4921	-0.6625	5.1064	4
68.25	9.4919	-0.4906	5.1056	4
68.3	9.491	-0.4522	5.107	4
68.35	9.491	-0.6256	5.1081	4
68.4	9.4904	-0.4535	5.1209	4
68.45	9.4893	-0.3744	5.1332	4
68.5	9.4887	-0.6433	5.1225	4
68.55	9.4882	-0.4218	5.1065	4
68.6	9.4876	-0.4827	5.1034	4
68.65	9.4875	-0.7572	5.1221	4
68.7	9.4872	-0.3265	5.1179	4
68.75	9.4862	-0.5592	5.1255	4
68.8	9.4858	-0.7479	5.1326	4
68.85	9.4857	-0.6377	5.1239	4
68.9	9.4847	-0.352	5.121	4
68.95	9.4844	-0.6858	5.1128	4
69	9.484	-0.5795	5.1112	4
69.05	9.4835	-0.3911	5.108	4
69.1	9.4829	-0.808	5.096	4
69.15	9.4828	-0.6	5.0966	4
69.2	9.4819	-0.4329	5.0923	4
69.25	9.4818	-0.7451	5.0985	4
69.3	9.4818	-0.7	5.1159	4
69.35	9.481	-0.5608	5.1052	4
69.4	9.4802	-0.4384	5.0994	4
69.45	9.4799	-0.6421	5.0921	4
69.5	9.4797	-0.8162	5.094	4
69.55	9.4799	-0.7773	5.1041	4
69.6	9.4795	-0.5168	5.1028	4
69.65	9.4791	-0.7313	5.1084	4
69.7	9.4786	-0.6623	5.0968	4
69.75	9.4783	-0.6846	5.1045	4
69.8	9.478	-0.5602	5.12	4
69.85	9.4775	-0.763	5.1064	4
69.9	9.4774	-0.624	5.0873	4
69.95	9.477	-0.7321	5.0859	4
70	9.4768	-0.8701	5.0903	4
70.05	9.4772	-0.935	5.097	4
70.1	9.477	-0.6587	5.1198	4
70.15	9.4775	-1.0354	5.1323	4
70.2	9.4775	-0.655	5.1236	4
70.25	9.4774	-0.6829	5.1059	4
70.3	9.477	-0.9329	5.105	4
70.35	9.4767	-0.6512	5.1146	4
70.4	9.477	-1.0068	5.1133	4
70.45	9.4773	-0.8567	5.1265	4
70.5	9.477	-0.5819	5.1267	4
70.55	9.4771	-1.0165	5.1232	4
70.6	9.4768	-0.5123	5.092	4
70.65	9.4765	-1.0282	5.07	4
70.7	9.4768	-0.7421	5.0792	4
70.75	9.4767	-0.6447	5.0872	4
70.8	9.4764	-0.7647	5.1027	4
70.85	9.4768	-0.8695	5.1002	4
70.9	9.4766	-0.5615	5.0958	4
70.95	9.4761	-0.7242	5.1054	4
71	9.4763	-0.8335	5.1114	4
71.05	9.4766	-0.939	5.1099	4
71.1	9.4761	-0.4118	5.1009	4
71.15	9.476	-1.1001	5.0907	4
71.2	9.4767	-0.9082	5.094	4
71.25	9.4768	-0.709	5.1119	4
71.3	9.4761	-0.4147	5.1377	4
71.35	9.4764	-1.3356	5.1193	4
71.4	9.4772	-0.7131	5.1207	4
71.45	9.4763	-0.27	5.1359	4
71.5	9.476	-1.0225	5.114	4
71.55	9.4766	-0.9071	5.1043	4
71.6	9.4761	-0.2616	5.1035	4
71.65	9.4759	-1.1142	5.1074	4
71.7	9.4763	-0.5366	5.1086	4
71.75	9.4761	-1.0482	5.1069	4
71.8	9.4757	-0.3125	5.1102	4
71.85	9.4754	-0.9662	5.1137	4
71.9	9.4756	-0.7445	5.1007	4
71.95	9.4751	-0.5178	5.1037	4
72	9.4749	-0.8745	5.1092	4
72.05	9.4754	-1.0155	5.1012	4
72.1	9.4753	-0.2729	5.1142	4
72.15	9.4745	-0.9503	5.1215	4
72.2	9.4754	-0.9164	5.1119	4
72.25	9.4748	-0.442	5.1109	4
72.3	9.474	-0.602	5.1262	4
72.35	9.4746	-1.039	5.1308	4
72.4	9.4745	-0.5255	5.1146	4
72.45	9.4739	-0.7076	5.128	4
72.5	9.4745	-1.0119	5.1207	4
72.55	9.4746	-0.7872	5.0982	4
72.6	9.4739	-0.3491	5.1133	4
72.65	9.4741	-1.2408	5.1224	4
72.7	9.4745	-0.7092	5.1138	4
72.75	9.474	-0.5053	5.0974	4
72.8	9.4746	-1.3461	5.0898	4
72.85	9.4749	-0.6075	5.0947	4
72.9	9.4748	-1.0386	5.0883	4
72.95	9.4752	-0.8965	5.0843	4
73	9.4753	-0.7553	5.0908	4
73.05	9.4751	-0.899	5.0862	4
73.1	9.476	-1.0724	5.1051	4
73.15	9.4755	-0.5788	5.1038	4
73.2	9.4756	-1.0922	5.1073	4
73.25	9.4768	-1.2994	5.1038	4
73.3	9.4765	-0.273	5.1111	4
73.35	9.4761	-0.9725	5.1111	4
73.4	9.4771	-1.1602	5.1053	4
73.45	9.4772	-0.5143	5.1136	4
73.5	9.4766	-0.592	5.1059	4
73.55	9.4774	-1.2241	5.1073	4
73.6	9.4773	-0.6094	5.1166	4
73.65	9.4766	-0.5204	5.1034	4
73.7	9.477	-1.2278	5.1125	4
73.75	9.4778	-0.8127	5.1248	4
73.8	9.477	-0.3448	5.125	4
73.85	9.4773	-1.3457	5.1162	4
73.9	9.4784	-0.8847	5.1113	4
73.95	9.4776	-0.5057	5.1125	4
74	9.4768	-0.5961	5.1169	4
74.05	9.478	-1.6912	5.1118	4
74.1	9.4782	-0.2209	5.1	4
74.15	9.4772	-0.7086	5.0965	4
74.2	9.4781	-1.1783	5.0986	4
74.25	9.4784	-0.6559	5.0909	4
74.3	9.4776	-0.5468	5.0787	4
74.35	9.4772	-0.9636	5.0915	4
74.4	9.4778	-0.8327	5.0983	4
74.45	9.4773	-0.5214	5.0974	4
74.5	9.4772	-0.6761	5.0868	4
74.55	9.4775	-1.1832	5.0756	4
74.6	9.478	-0.5938	5.0818	4
74.65	9.4771	-0.7626	5.0939	4
74.7	9.4779	-1.0115	5.0839	4
74.75	9.4784	-1.0623	5.0728	4
74.8	9.4779	-0.4184	5.0701	4
74.85	9.478	-1.3334	5.0865	4
74.9	9.4786	-0.7133	5.0947	4
74.95	9.4781	-0.6775	5.0974	4
75	9.4787	-1.1748	5.1151	4
75.05	9.4788	-0.5814	5.124	4
75.1	9.4787	-0.8869	5.13	4
75.15	9.4789	-0.6322	5.1116	4
75.2	9.4787	-0.9896	5.0917	4
75.25	9.479	-0.9121	5.0928	4
75.3	9.4789	-0.774	5.1029	4
75.35	9.4791	-1.0573	5.1032	4
75.4	9.4797	-0.7557	5.1081	4
75.45	9.4788	-0.5513	5.1056	4
75.5	9.4787	-0.8282	5.112	4
75.55	9.4788	-0.8682	5.095	4
75.6	9.4786	-0.8363	5.0893	4
75.65	9.4791	-0.8686	5.0913	4
75.7	9.4792	-0.6525	5.1018	4
75.75	9.4788	-0.748	5.1214	4
75.8	9.4792	-1.0151	5.1165	4
75.85	9.4791	-0.4592	5.1069	4
75.9	9.4786	-0.925	5.1155	4
75.95	9.4788	-0.8444	5.1146	4
76	9.4786	-0.6687	5.1041	4
76.05	9.4783	-0.6175	5.0959	4
76.1	9.4784	-0.7734	5.0963	4
76.15	9.4789	-1.093	5.1072	4
76.2	9.4785	-0.2691	5.1017	4
76.25	9.4782	-1.104	5.1136	4
76.3	9.4786	-0.9281	5.1369	4
76.35	9.4786	-0.4699	5.1405	4
76.4	9.4781	-0.7447	5.1301	4
76.45	9.4779	-0.7322	5.1216	4
76.5	9.4779	-0.8337	5.1187	4
76.55	9.4771	-0.3519	5.1175	4
76.6	9.4772	-0.9661	5.1105	4
76.65	9.4779	-0.929	5.1169	4
76.7	9.4768	0.0029	5.131	4
76.75	9.4762	-1.0379	5.1303	4
76.8	9.4769	-0.8542	5.1286	4
76.85	9.4763	-0.4557	5.1349	4
76.9	9.4757	-0.5694	5.1345	4
76.95	9.4764	-1.3531	5.1207	4
77	9.4763	-0.5427	5.1113	4
77.05	9.4753	-0.2323	5.1178	4
77.1	9.4759	-1.4505	5.1119	4
77.15	9.4766	-0.6331	5.1028	4
77.2	9.476	-0.5539	5.1052	4
77.25	9.4759	-0.9924	5.1208	4
77.3	9.4764	-0.8547	5.1403	4
77.35	9.476	-0.6837	5.1463	4
77.4	9.4756	-0.6963	5.1336	4
77.45	9.4767	-1.3109	5.1193	4
77.5	9.4763	-0.4111	5.126	4
77.55	9.4757	-0.6799	5.16	4
77.6	9.476	-1.1785	5.1593	4
77.65	9.4762	-0.666	5.1338	4
77.7	9.4756	-0.5888	5.1331	4
77.75	9.4758	-0.8934	5.1222	4
77.8	9.4764	-0.881	5.1282	4
77.85	9.4761	-0.647	5.1366	4
77.9	9.4759	-0.8024	5.1352	4
77.95	9.4769	-1.0737	5.1351	4
78	9.4759	-0.2797	5.1276	4
78.05	9.4759	-1.0616	5.1276	4
78.1	9.4759	-0.9492	5.1172	4
78.15	9.4758	-0.5635	5.1125	4
78.2	9.4758	-0.8651	5.1031	4
78.25	9.4758	-0.7912	5.0929	4
78.3	9.476	-0.8617	5.1143	4
78.35	9.476	-0.8959	5.1288	4
78.4	9.4761	-0.5943	5.123	4
78.45	9.4756	-0.8126	5.1112	4
78.5	9.4755	-0.8473	5.1071	4
78.55	9.4756	-0.728	5.1189	4
78.6	9.476	-0.8887	5.1127	4
78.65	9.4755	-0.5704	5.1113	4
78.7	9.4755	-0.9374	5.1098	4
78.75	9.4758	-0.7578	5.1105	4
78.8	9.4754	-0.7176	5.1048	4
78.85	9.4756	-0.9353	5.108	4
78.9	9.4757	-0.7622	5.1044	4
78.95	9.4754	-0.5094	5.1023	4
79	9.4752	-0.8366	5.1011	4
79.05	9.4752	-0.7255	5.1029	4
79.1	9.4755	-0.8693	5.1042	4
79.15	9.4754	-0.6855	5.1145	4
79.2	9.4759	-1.0891	5.1206	4
79.25	9.4756	-0.5398	5.1146	4
79.3	9.4751	-0.7535	5.0959	4
79.35	9.4759	-1.1693	5.0955	4
79.4	9.4753	-0.3398	5.0963	4
79.45	9.4748	-0.6903	5.1005	4
79.5	9.4755	-1.3592	5.1146	4
79.55	9.4755	-0.3318	5.1199	4
79.6	9.4752	-1.0866	5.1116	4
79.65	9.4757	-0.9535	5.1136	4
79.7	9.4761	-0.7762	5.137	4
79.75	9.4755	-0.6371	5.1236	4
79.8	9.4758	-1.074	5.1028	4
79.85	9.4764	-0.8202	5.1229	4
79.9	9.4759	-0.6983	5.1276	4
79.95	9.4762	-0.9198	5.1357	4
80	9.4766	-1.0923	5.1399	4
80.05	9.4765	-0.5249	5.1032	4
80.1	9.4769	-1.109	5.1018	4
80.15	9.477	-0.9465	5.1213	4
80.2	9.4772	-0.7479	5.1178	4
80.25	9.4774	-0.985	5.104	4
80.3	9.4775	-0.6802	5.0971	4
80.35	9.4772	-0.8361	5.1056	4
80.4	9.4777	-1.0441	5.1089	4
80.45	9.4779	-0.6443	5.104	4
80.5	9.4781	-1.1185	5.1141	4
80.55	9.4784	-0.8056	5.1252	4
80.6	9.4787	-0.8953	5.1406	4
80.65	9.4785	-0.5785	5.1321	4
80.7	9.4789	-1.2966	5.1133	4
80.75	9.4794	-0.6507	5.1267	4
80.8	9.4789	-0.7598	5.1414	4
80.85	9.4789	-1.0031	5.1438	4
80.9	9.4792	-0.9821	5.1342	4
80.95	9.4786	-0.4298	5.1349	4
81	9.4789	-1.1247	5.1341	4
81.05	9.4799	-0.9905	5.1302	4
81.1	9.48	-0.8848	5.1551	4
81.15	9.4798	-0.6412	5.1388	4
81.2	9.4802	-1.3677	5.1347	4
81.25	9.4806	-0.5799	5.1322	4
81.3	9.4802	-0.9635	5.1129	4
81.35	9.4811	-1.1356	5.124	4
81.4	9.4819	-1.0503	5.1461	4
81.45	9.4817	-0.5123	5.1539	4
81.5	9.482	-1.305	5.1526	4
81.55	9.4832	-0.9903	5.1488	4
81.6	9.4827	-0.8355	5.1423	4
81.65	9.4828	-0.836	5.1233	4
81.7	9.4837	-1.3866	5.1192	4
81.75	9.4841	-0.7001	5.1469	4
81.8	9.4841	-0.9636	5.1439	4
81.85	9.4853	-1.4975	5.1268	4
81.9	9.4853	-0.59	5.1185	4
81.95	9.4857	-1.2082	5.1296	4
82	9.4867	-1.3206	5.1635	4
82.05	9.4876	-0.9655	5.1468	4
82.1	9.4879	-1.1693	5.1223	4
82.15	9.489	-1.3563	5.1255	4
82.2	9.4901	-1.3466	5.1391	4
82.25	9.4907	-1.1127	5.1541	4
82.3	9.4916	-1.2026	5.1443	4
82.35	9.4929	-1.4662	5.1333	4
82.4	9.4937	-1.0683	5.127	4
82.45	9.4948	-1.1812	5.1277	4
82.5	9.4956	-1.4178	5.158	4
82.55	9.4968	-1.0493	5.1492	4
82.6	9.4974	-1.3786	5.1154	4
82.65	9.4989	-1.1813	5.1167	4
82.7	9.4994	-1.1209	5.1121	4
82.75	9.5006	-1.5451	5.1074	4
82.8	9.5016	-1.1407	5.1055	4
82.85	9.5021	-0.9871	5.1142	4
82.9	9.5027	-1.2767	5.1232	4
82.95	9.5043	-1.4386	5.1189	4
83	9.5052	-1.0907	5.1214	4
83.05	9.5064	-1.226	5.1345	4
83.1	9.5076	-1.5312	5.1204	4
83.15	9.5079	-0.9107	5.1081	4
83.2	9.5082	-1.1127	5.1176	4
83.25	9.5105	-2.063	5.1283	4
83.3	9.5117	-0.8665	5.137	4
83.35	9.5113	-0.8956	5.1301	4
83.4	9.5138	-2.1341	5.1303	4
83.45	9.5155	-0.934	5.1321	4
83.5	9.5151	-0.9608	5.1286	4
83.55	9.517	-1.9461	5.1402	4
83.6	9.5193	-1.5506	5.1336	4
83.65	9.5198	-0.8488	5.1345	4
83.7	9.5204	-1.6175	5.132	4
83.75	9.5232	-1.9733	5.1406	4
83.8	9.5244	-1.095	5.1495	4
83.85	9.5245	-0.8405	5.1407	4
83.9	9.5268	-2.4973	5.1218	4
83.95	9.529	-1.1412	5.1108	4
84	9.5294	-1.0767	5.1224	4
84.05	9.5317	-2.3595	5.1297	4
84.1	9.5343	-1.5353	5.1315	4
84.15	9.5346	-0.7822	5.1196	4
84.2	9.536	-2.0808	5.1165	4
84.25	9.5396	-2.1472	5.1244	4
84.3	9.5402	-0.8907	5.1203	4
84.35	9.5405	-1.1915	5.111	4
84.4	9.5436	-2.6422	5.0955	4
84.45	9.5455	-0.9465	5.0953	4
84.5	9.5461	-1.4373	5.0895	4
84.55	9.5484	-2.0619	5.0949	4
84.6	9.5506	-1.3037	5.1115	4
84.65	9.5518	-1.5841	5.1282	4
84.7	9.553	-1.5393	5.1471	4
84.75	9.5555	-1.7196	5.139	4
84.8	9.5564	-1.1826	5.1301	4
84.85	9.558	-1.549	5.1222	4
84.9	9.5601	-1.8082	5.1197	4
84.95	9.5615	-1.4102	5.1275	4
85	9.5627	-1.1388	5.1232	4
85.05	9.5639	-1.7238	5.1255	4
85.1	9.5658	-1.5629	5.1155	4
85.15	9.5671	-1.3166	5.1211	4
85.2	9.5684	-1.3539	5.136	4
85.25	9.5704	-1.9146	5.1218	4
85.3	9.572	-1.2108	5.1238	4
85.35	9.5726	-1.3803	5.1284	4
85.4	9.5744	-1.5295	5.129	4
85.45	9.5759	-1.4794	5.1103	4
85.5	9.577	-1.2697	5.1081	4
85.55	9.5783	-1.5011	5.1218	4
85.6	9.5795	-1.4451	5.1174	4
85.65	9.5809	-1.3785	5.1147	4
85.7	9.5821	-1.3234	5.1211	4
85.75	9.5832	-1.4423	5.1291	4
85.8	9.5849	-1.4386	5.138	4
85.85	9.5858	-1.2444	5.1278	4
85.9	9.5869	-1.1916	5.1146	4
85.95	9.5886	-1.5343	5.1164	4
86	9.5899	-1.3265	5.104	4
86.05	9.591	-1.4038	5.0964	4
86.1	9.5923	-1.2403	5.102	4
86.15	9.5937	-1.4386	5.1109	4
86.2	9.5949	-1.1778	5.1126	4
86.25	9.5956	-1.2596	5.098	4
86.3	9.5967	-1.3207	5.1076	4
86.35	9.5979	-1.6119	5.1182	4
86.4	9.5989	-0.9717	5.1123	4
86.45	9.6002	-1.7212	5.1337	4
86.5	9.6018	-1.2163	5.128	4
86.55	9.603	-1.3402	5.1228	4
86.6	9.6042	-1.2883	5.1367	4
86.65	9.605	-1.2161	5.1236	4
86.7	9.6059	-1.1307	5.119	4
86.75	9.6064	-1.1868	5.1194	4
86.8	9.6076	-1.3421	5.1165	4
86.85	9.6085	-1.1504	5.1191	4
86.9	9.6093	-1.3112	5.1132	4
86.95	9.6104	-1.0997	5.1254	4
87	9.6112	-1.1009	5.1316	4
87.05	9.6118	-1.2133	5.1256	4
87.1	9.6126	-1.1569	5.1273	4
87.15	9.6136	-1.224	5.1349	4
87.2	9.6143	-1.0767	5.1279	4
87.25	9.6153	-1.3032	5.1289	4
87.3	9.616	-1.1558	5.137	4
87.35	9.6165	-0.8923	5.1426	4
87.4	9.6179	-1.6273	5.1402	4
87.45	9.6187	-0.8424	5.1454	4
87.5	9.619	-1.135	5.1574	4
87.55	9.6198	-1.1989	5.144	4
87.6	9.6206	-0.985	5.1402	4
87.65	9.6212	-1.4651	5.1397	4
87.7	9.6223	-1.0229	5.1419	4
87.75	9.6229	-1.2139	5.1578	4
87.8	9.6235	-1.2938	5.1562	4
87.85	9.6248	-1.1845	5.1454	4
87.9	9.6253	-0.967	5.1398	4
87.95	9.6259	-1.1033	5.1392	4
88	9.6273	-1.5734	5.1495	4
88.05	9.6277	-0.6194	5.1418	4
88.1	9.6283	-1.6371	5.1321	4
88.15	9.6298	-1.0574	5.1356	4
88.2	9.6308	-1.5321	5.1329	4
88.25	9.6314	-0.9298	5.1392	4
88.3	9.6324	-1.3932	5.1352	4
88.35	9.6332	-1.0327	5.1208	4
88.4	9.6344	-1.3096	5.1299	4
88.45	9.6351	-1.0516	5.1335	4
88.5	9.6355	-1.2913	5.1411	4
88.55	9.6368	-1.1312	5.1286	4
88.6	9.637	-1.0947	5.115	4
88.65	9.6378	-1.0778	5.1398	4
88.7	9.6385	-1.1981	5.1555	4
88.75	9.6388	-0.7161	5.1445	4
88.8	9.6397	-1.3501	5.1514	4
88.85	9.6398	-0.6061	5.1528	4
88.9	9.6403	-1.3546	5.1684	4
88.95	9.6413	-1.1145	5.1699	4
89	9.6415	-0.6041	5.1429	4
89.05	9.6417	-1.2995	5.125	4
89.1	9.6425	-1.0511	5.1266	4
89.15	9.6427	-0.8042	5.1337	4
89.2	9.6427	-0.9768	5.1081	4
89.25	9.644	-1.2082	5.1075	4
89.3	9.6447	-0.883	5.1299	4
89.35	9.6443	-0.6393	5.1301	4
89.4	9.645	-1.283	5.1352	4
89.45	9.6456	-0.8577	5.1371	4
89.5	9.6453	-0.6854	5.1316	4
89.55	9.6459	-1.4283	5.1134	4
89.6	9.6466	-0.7461	5.1069	4
89.65	9.6462	-0.769	5.1143	4
89.7	9.6469	-1.1326	5.1042	4
89.75	9.6471	-0.6647	5.1096	4
89.8	9.6472	-0.9861	5.1154	4
89.85	9.6478	-1.1311	5.1149	4
89.9	9.6482	-0.9051	5.1369	4
89.95	9.6485	-0.9728	5.1371	4
90	9.6488	-0.8721	5.1198	4
90.05	9.6491	-0.9372	5.1117	4
90.1	9.6494	-0.9143	5.1203	4
90.15	9.6495	-0.8603	5.1273	4
90.2	9.6501	-1.2869	5.1373	4
90.25	9.6504	-0.9057	5.1499	4
90.3	9.6503	-0.7161	5.15	4
90.35	9.6512	-1.3203	5.1428	4
90.4	9.6522	-0.9871	5.1365	4
90.45	9.6522	-0.6829	5.1369	4
90.5	9.6523	-1.234	5.1383	4
90.55	9.6529	-0.9484	5.1483	4
90.6	9.6533	-0.8989	5.15	4
90.65	9.6533	-1.0014	5.1507	4
90.7	9.6539	-1.1081	5.1397	4
90.75	9.6544	-0.9846	5.1232	4
90.8	9.6545	-0.7811	5.1211	4
90.85	9.6548	-1.1294	5.1107	4
90.9	9.6556	-1.0314	5.1121	4
90.95	9.6553	-0.6368	5.1081	4
91	9.6558	-1.2213	5.1048	4
91.05	9.6568	-1.0399	5.125	4
91.1	9.6568	-0.8145	5.1411	4
91.15	9.6574	-1.0885	5.137	4
91.2	9.6583	-1.1359	5.126	4
91.25	9.6586	-1.0069	5.1297	4
91.3	9.6592	-0.9725	5.1096	4
91.35	9.6599	-1.2106	5.1028	4
91.4	9.6602	-0.908	5.1073	4
91.45	9.6607	-1.2253	5.1001	4
91.5	9.6615	-1.0626	5.0966	4
91.55	9.6622	-1.0265	5.0968	4
91.6	9.6632	-1.2734	5.0961	4
91.65	9.6641	-1.1114	5.0893	4
91.7	9.6644	-0.9489	5.1127	4
91.75	9.6656	-1.567	5.1293	4
91.8	9.6664	-0.942	5.11	4
91.85	9.6668	-0.9617	5.0988	4
91.9	9.6684	-1.707	5.104	4
91.95	9.6693	-0.7535	5.1024	4
92	9.6696	-1.4848	5.0767	4
92.05	9.6712	-1.1849	5.0721	4
92.1	9.6718	-1.1667	5.0947	4
92.15	9.6723	-1.1784	5.1055	4
92.2	9.6735	-1.391	5.125	4
92.25	9.6743	-1.04	5.1283	4
92.3	9.6752	-1.2896	5.1204	4
92.35	9.6762	-1.2633	5.1145	4
92.4	9.6766	-1.2606	5.1071	4
92.45	9.678	-1.2708	5.1142	4
92.5	9.6788	-1.2131	5.1299	4
92.55	9.6803	-1.2112	5.1265	4
92.6	9.6813	-1.3306	5.1095	4
92.65	9.6823	-1.2241	5.1075	4
92.7	9.6832	-1.4778	5.1211	4
92.75	9.6843	-1.0217	5.1011	4
92.8	9.6853	-1.557	5.0926	4
92.85	9.6869	-1.4685	5.088	4
92.9	9.6873	-0.9733	5.0887	4
92.95	9.6887	-1.5716	5.0949	4
93	9.6902	-1.3061	5.1083	4
93.05	9.6911	-1.1916	5.1171	4
93.1	9.6923	-1.6135	5.1028	4
93.15	9.6938	-1.1282	5.0899	4
93.2	9.694	-1.0827	5.0855	4
93.25	9.6953	-1.3485	5.0942	4
93.3	9.6965	-1.3651	5.0932	4
93.35	9.6975	-1.3255	5.1052	4
93.4	9.6989	-1.3974	5.1101	4
93.45	9.7003	-1.5351	5.0968	4
93.5	9.7011	-1.1128	5.1011	4
93.55	9.702	-1.334	5.0935	4
93.6	9.7032	-1.3385	5.0997	4
93.65	9.7048	-1.5097	5.1022	4
93.7	9.7061	-1.1468	5.1029	4
93.75	9.7075	-1.5255	5.0952	4
93.8	9.7085	-1.1875	5.0961	4
93.85	9.7091	-1.2177	5.1089	4
93.9	9.7106	-1.4295	5.1259	4
93.95	9.7117	-1.3509	5.1213	4
94	9.7122	-0.7169	5.1043	4
94.05	9.7138	-1.8493	5.0946	4
94.1	9.7154	-1.0917	5.1131	4
94.15	9.7162	-1.2553	5.114	4
94.2	9.7174	-1.3886	5.1174	4
94.25	9.7183	-1.2927	5.1097	4
94.3	9.7193	-1.1655	5.0973	4
94.35	9.7202	-1.3653	5.1086	4
94.4	9.7218	-1.4799	5.105	4
94.45	9.7226	-1.1536	5.1194	4
94.5	9.7234	-1.1202	5.1335	4
94.55	9.7245	-1.4994	5.1389	4
94.6	9.7259	-1.1606	5.1289	4
94.65	9.7265	-1.0155	5.1165	4
94.7	9.7283	-1.8128	5.1195	4
94.75	9.7294	-0.8874	5.1197	4
94.8	9.7294	-1.1657	5.1042	4
94.85	9.7305	-1.3352	5.1071	4
94.9	9.7319	-1.5433	5.1001	4
94.95	9.7329	-0.9372	5.0995	4
95	9.7337	-1.3365	5.0962	4
95.05	9.7351	-1.4071	5.1042	4
95.1	9.7358	-1.0822	5.1113	4
95.15	9.7368	-1.2377	5.1089	4
95.2	9.7378	-1.1134	5.1115	4
95.25	9.7387	-1.2465	5.1343	4
95.3	9.7393	-1.009	5.1363	4
95.35	9.7402	-1.2809	5.1208	4
95.4	9.7407	-1.0513	5.1193	4
95.45	9.7417	-1.255	5.1107	4
95.5	9.7427	-1.1909	5.1138	4
95.55	9.7437	-1.0343	5.1174	4
95.6	9.7443	-1.2498	5.1104	4
95.65	9.7453	-1.1615	5.1036	4
95.7	9.7461	-1.105	5.1064	4
95.75	9.7468	-1.1333	5.119	4
95.8	9.7477	-1.1341	5.1155	4
95.85	9.7484	-1.0711	5.1026	4
95.9	9.749	-1.1982	5.092	4
95.95	9.7496	-1.1001	5.086	4
96	9.7504	-1.1207	5.09	4
96.05	9.7508	-0.8816	5.1049	4
96.1	9.7517	-1.2554	5.1006	4
96.15	9.7519	-0.9568	5.0998	4
96.2	9.7531	-1.3707	5.1014	4
96.25	9.7535	-0.8443	5.1079	4
96.3	9.7533	-0.7603	5.1076	4
96.35	9.7544	-1.3725	5.1065	4
96.4	9.7549	-0.7514	5.1298	4
96.45	9.7552	-0.967	5.1187	4
96.5	9.7553	-1.0279	5.1042	4
96.55	9.7562	-0.9957	5.1107	4
96.6	9.7568	-1.0914	5.1107	4
96.65	9.7565	-0.7163	5.1109	4
96.7	9.7572	-1.3043	5.1064	4
96.75	9.758	-0.9062	5.1171	4
96.8	9.7574	-0.4129	5.1228	4
96.85	9.758	-1.4872	5.1173	4
96.9	9.7585	-0.6345	5.1176	4
96.95	9.7585	-0.894	5.1024	4
97	9.7585	-1.0962	5.0922	4
97.05	9.7595	-1.0506	5.0944	4
97.1	9.7594	-0.8261	5.0915	4
97.15	9.7591	-0.7854	5.1049	4
97.2	9.7604	-1.4339	5.12	4
97.25	9.7611	-0.9645	5.1018	4
97.3	9.7613	-0.7309	5.1017	4
97.35	9.762	-1.1486	5.1033	4
97.4	9.7629	-1.1393	5.0909	4
97.45	9.763	-0.7146	5.08	4
97.5	9.7629	-1.1607	5.092	4
97.55	9.764	-1.1767	5.1085	4
97.6	9.7642	-0.6566	5.0897	4
97.65	9.7643	-1.0898	5.0878	4
97.7	9.7659	-1.4516	5.1083	4
97.75	9.7659	-0.6215	5.104	4
97.8	9.7666	-1.4014	5.1203	4
97.85	9.7676	-0.947	5.1327	4
97.9	9.7674	-0.8418	5.1432	4
97.95	9.7679	-1.2769	5.1271	4
98	9.7689	-1.2472	5.1163	4
98.05	9.7694	-0.5913	5.1148	4
98.1	9.7695	-1.2648	5.1049	4
98.15	9.7711	-1.3958	5.0961	4
98.2	9.7716	-1.0383	5.1064	4
98.25	9.7718	-0.6391	5.1164	4
98.3	9.7728	-1.5459	5.1192	4
98.35	9.7738	-1.039	5.1135	4
98.4	9.774	-0.9748	5.112	4
98.45	9.7753	-1.4647	5.1119	4
98.5	9.7765	-1.203	5.1034	4
98.55	9.7768	-0.7246	5.1143	4
98.6	9.7769	-1.1723	5.1201	4
98.65	9.7779	-1.1275	5.1079	4
98.7	9.779	-1.3928	5.1009	4
98.75	9.7796	-0.8054	5.1126	4
98.8	9.7805	-1.2976	5.1091	4
98.85	9.7814	-1.186	5.1104	4
98.9	9.7821	-1.096	5.12	4
98.95	9.783	-1.3912	5.123	4
99	9.7836	-0.8289	5.117	4
99.05	9.7843	-1.3684	5.0962	4
99.1	9.785	-1.1086	5.0936	4
99.15	9.7864	-1.3655	5.1178	4
99.2	9.7875	-1.4735	5.1258	4
99.25	9.7886	-0.9584	5.1322	4
99.3	9.7888	-0.9161	5.1272	4
99.35	9.7897	-1.4128	5.1391	4
99.4	9.7906	-0.9488	5.128	4
99.45	9.7909	-1.2461	5.1288	4
99.5	9.7923	-1.3258	5.129	4
99.55	9.7933	-1.0732	5.1069	4
99.6	9.7931	-0.7594	5.1197	4
99.65	9.7948	-1.7798	5.1305	4
99.7	9.7956	-0.7917	5.1283	4
99.75	9.7959	-1.0339	5.1169	4
99.8	9.7963	-1.1336	5.123	4
99.85	9.7969	-0.7215	5.1322	4
99.9	9.7972	-1.4374	5.1219	4
99.95	9.7983	-1.0346	5.1197	4
100	9.7987	-0.8975	5.1114	4
100.05	9.7987	-0.9794	5.1122	4
100.1	9.7997	-1.1694	5.116	4
100.15	9.8003	-1.0217	5.1044	4
100.2	9.8005	-0.9667	5.1026	4
100.25	9.8017	-1.2552	5.1157	4
100.3	9.8018	-0.8202	5.0981	4
100.35	9.8022	-0.9134	5.0971	4
100.4	9.8033	-1.4012	5.0943	4
100.45	9.8039	-0.8651	5.0847	4
100.5	9.8041	-0.7867	5.096	4
100.55	9.804	-1.2127	5.1054	4
100.6	9.805	-1.0418	5.1021	4
100.65	9.8055	-1.1347	5.1036	4
100.7	9.8059	-0.7734	5.1138	4
100.75	9.8068	-1.2565	5.1189	4
100.8	9.8068	-0.6179	5.1123	4
100.85	9.8066	-0.8775	5.1242	4
100.9	9.808	-1.5634	5.1288	4
100.95	9.8081	-0.5293	5.1163	4
101	9.808	-0.8912	5.108	4
101.05	9.8089	-1.4402	5.0968	4
101.1	9.8104	-0.9785	5.0892	4
101.15	9.8102	-0.7938	5.0831	4
101.2	9.8105	-0.9595	5.0748	4
101.25	9.8112	-1.1529	5.0753	4
101.3	9.8113	-0.6804	5.0762	4
101.35	9.8112	-1.0074	5.0927	4
101.4	9.8123	-1.4223	5.0887	4
101.45	9.8133	-0.9904	5.0761	4
101.5	9.8133	-0.6815	5.0849	4
101.55	9.8138	-1.2532	5.0648	4
101.6	9.8146	-1.051	5.0718	4
101.65	9.8148	-0.8952	5.0859	4
101.7	9.815	-0.8941	5.0917	4
101.75	9.8156	-1.2603	5.0954	4
101.8	9.816	-0.7501	5.1039	4
101.85	9.8167	-1.3004	5.1096	4
101.9	9.8174	-1.1434	5.1121	4
101.95	9.818	-1.0426	5.1012	4
102	9.8184	-0.942	5.1021	4
102.05	9.8192	-1.2073	5.1157	4
102.1	9.8206	-1.2097	5.1093	4
102.15	9.8212	-0.8846	5.1007	4
102.2	9.8214	-0.9768	5.0994	4
102.25	9.8228	-1.6284	5.1107	4
102.3	9.8239	-0.9478	5.1121	4
102.35	9.8236	-0.9499	5.1005	4
102.4	9.825	-1.6381	5.0952	4
102.45	9.8258	-0.8975	5.0868	4
102.5	9.8259	-1.016	5.0877	4
102.55	9.827	-1.4044	5.1023	4
102.6	9.8286	-1.3977	5.0989	4
102.65	9.8288	-0.775	5.1009	4
102.7	9.83	-1.511	5.094	4
102.75	9.8317	-1.3364	5.1035	4
102.8	9.8321	-0.7815	5.1037	4
102.85	9.8329	-1.515	5.0898	4
102.9	9.8343	-1.3687	5.107	4
102.95	9.8345	-0.6925	5.0994	4
103	9.8351	-1.4462	5.0955	4
103.05	9.8371	-1.6082	5.0995	4
103.1	9.8383	-1.1088	5.0897	4
103.15	9.8388	-1.0207	5.0929	4
103.2	9.8401	-1.4637	5.0826	4
103.25	9.8408	-1.0294	5.0669	4
103.3	9.8415	-1.2683	5.0817	4
103.35	9.8429	-1.6247	5.083	4
103.4	9.8445	-1.2725	5.0867	4
103.45	9.8447	-0.8745	5.102	4
103.5	9.8456	-1.4109	5.0996	4
103.55	9.8468	-1.3189	5.116	4
103.6	9.8477	-1.2199	5.1211	4
103.65	9.8491	-1.4142	5.13	4
103.7	9.8502	-1.0834	5.132	4
103.75	9.8506	-1.1776	5.1024	4
103.8	9.852	-1.5996	5.087	4
103.85	9.8533	-1.2019	5.0876	4
103.9	9.8545	-1.4066	5.0884	4
103.95	9.8554	-1.1418	5.0958	4
104	9.8562	-1.2086	5.0981	4
104.05	9.8574	-1.2306	5.1038	4
104.1	9.8585	-1.3593	5.0997	4
104.15	9.8594	-1.2479	5.0921	4
104.2	9.8605	-1.4783	5.0879	4
104.25	9.8618	-1.2452	5.0816	4
104.3	9.8629	-1.2372	5.0847	4
104.35	9.8638	-1.3337	5.0826	4
104.4	9.8654	-1.5828	5.0746	4
104.45	9.8666	-1.3362	5.0856	4
104.5	9.868	-1.3545	5.0968	4
104.55	9.8694	-1.3215	5.1216	4
104.6	9.8705	-1.3755	5.1192	4
104.65	9.8719	-1.5522	5.1057	4
104.7	9.8728	-1.035	5.0926	4
104.75	9.874	-1.4499	5.0875	4
104.8	9.8757	-1.6208	5.1107	4
104.85	9.8772	-1.3426	5.1128	4
104.9	9.8784	-1.3626	5.1159	4
104.95	9.8791	-1.27	5.1182	4
105	9.8811	-1.82	5.1182	4
105.05	9.8828	-1.3608	5.1266	4
105.1	9.8835	-0.9736	5.1173	4
105.15	9.8851	-1.8362	5.1095	4
105.2	9.8867	-1.4074	5.1269	4
105.25	9.8875	-1.0643	5.1155	4
105.3	9.8888	-1.6143	5.111	4
105.35	9.8907	-1.5389	5.0964	4
105.4	9.8923	-1.533	5.097	4
105.45	9.8932	-1.1604	5.1129	4
105.5	9.8952	-1.9335	5.115	4
105.55	9.8965	-1.1732	5.1069	4
105.6	9.8974	-1.3776	5.1053	4
105.65	9.8996	-1.8091	5.1022	4
105.7	9.9012	-1.3433	5.1167	4
105.75	9.9024	-1.3691	5.1097	4
105.8	9.9039	-1.8185	5.0973	4
105.85	9.9058	-1.3642	5.1073	4
105.9	9.9073	-1.4017	5.1277	4
105.95	9.9082	-1.3724	5.1252	4
106	9.9104	-1.9474	5.1177	4
106.05	9.9117	-1.1883	5.1125	4
106.1	9.9126	-1.4547	5.1088	4
106.15	9.9147	-1.9138	5.0956	4
106.2	9.9161	-1.2107	5.0883	4
106.25	9.9173	-1.4793	5.1069	4
106.3	9.9187	-1.5352	5.121	4
106.35	9.9207	-1.5986	5.1133	4
106.4	9.9222	-1.2627	5.0987	4
106.45	9.9233	-1.4406	5.095	4
106.5	9.9251	-1.6703	5.1008	4
106.55	9.9272	-1.5738	5.1317	4
106.6	9.928	-1.1454	5.128	4
106.65	9.9297	-1.6919	5.1036	4
106.7	9.9318	-1.5801	5.1038	4
106.75	9.9333	-1.4118	5.1056	4
106.8	9.9351	-1.6947	5.108	4
106.85	9.9365	-1.3997	5.1003	4
106.9	9.9382	-1.6222	5.1027	4
106.95	9.9404	-1.762	5.0986	4
107	9.9421	-1.5331	5.0974	4
107.05	9.944	-1.6684	5.0999	4
107.1	9.9455	-1.4124	5.1013	4
107.15	9.9475	-1.7695	5.1124	4
107.2	9.9494	-1.5356	5.1181	4
107.25	9.9506	-1.4212	5.1158	4
107.3	9.953	-1.9216	5.1014	4
107.35	9.9547	-1.5465	5.0863	4
107.4	9.9565	-1.5767	5.0819	4
107.45	9.9587	-2.0179	5.0863	4
107.5	9.9611	-1.6451	5.0851	4
107.55	9.9631	-1.7834	5.088	4
107.6	9.9649	-1.5387	5.0979	4
107.65	9.9668	-1.7595	5.0942	4
107.7	9.9687	-1.5823	5.1047	4
107.75	9.9703	-1.4897	5.1169	4
107.8	9.9726	-2.0211	5.1101	4
107.85	9.9743	-1.391	5.1122	4
107.9	9.9756	-1.4832	5.1121	4
107.95	9.9779	-1.92	5.1032	4
108	9.9798	-1.3088	5.1026	4
108.05	9.9811	-1.5369	5.0918	4
108.1	9.9824	-1.2742	5.0835	4
108.15	9.9841	-1.6146	5.0816	4
108.2	9.9858	-1.593	5.0786	4
108.25	9.9871	-1.3559	5.0828	4
108.3	9.9882	-1.438	5.0876	4
108.35	9.9895	-1.3205	5.0875	4
108.4	9.9909	-1.3791	5.0795	4
108.45	9.9922	-1.3089	5.0659	4
108.5	9.9932	-1.2208	5.0846	4
108.55	9.9941	-1.15	5.0895	4
108.6	9.9947	-1.1458	5.0987	4
108.65	9.9953	-0.9651	5.1014	4
108.7	9.9963	-1.3147	5.09	4
108.75	9.9973	-1.1026	5.0889	4
108.8	9.9979	-0.968	5.0895	4
108.85	9.9983	-1.152	5.083	4
108.9	9.999	-1.0431	5.0844	4
108.95	9.9995	-0.8252	5.0767	4
109	9.9999	-1.2131	5.0895	4
109.05	10.0007	-0.8797	5.0971	4
109.1	10.0009	-0.938	5.0894	4
109.15	10.0017	-1.0664	5.104	4
109.2	10.0014	-0.593	5.0984	4
109.25	10.0014	-0.9991	5.0852	4
109.3	10.0024	-0.9673	5.0758	4
109.35	10.0026	-0.9084	5.0647	4
109.4	10.0024	-0.5838	5.0584	4
109.45	10.0023	-1.0137	5.0566	4
109.5	10.0024	-0.7633	5.0573	4
109.55	10.0026	-0.6686	5.0748	4
109.6	10.0021	-0.7503	5.0737	4
109.65	10.0026	-0.9693	5.0603	4
109.7	10.0023	-0.4064	5.0598	4
109.75	10.0021	-0.8364	5.0607	4
109.8	10.0027	-0.8624	5.0764	4
109.85	10.0023	-0.5766	5.0752	4
109.9	10.0017	-0.5969	5.0573	4
109.95	10.0019	-0.9819	5.0407	4
110	10.002	-0.5038	5.036	4
110.05	10.0019	-0.8919	5.0608	4
110.1	10.0019	-0.6155	5.0904	4
110.15	10.0018	-0.6343	5.0898	4
110.2	10.0013	-0.6929	5.0738	4
110.25	10.0014	-0.852	5.0713	4
110.3	10.0017	-0.8124	5.0929	4
110.35	10.0012	-0.3838	5.0956	4
110.4	10.0005	-0.5724	5.0838	4
110.45	10.0007	-1.1063	5.0688	4
110.5	10.0009	-0.4497	5.0774	4
110.55	10	-0.5837	5.087	4
110.6	10	-0.836	5.0707	4
110.65	10.0002	-0.6371	5.0495	4
110.7	9.9997	-0.7911	5.0596	4
110.75	9.9995	-0.4599	5.0633	4
110.8	9.9993	-0.7706	5.078	4
110.85	9.9992	-0.7538	5.0888	4
110.9	9.9992	-0.6819	5.0635	4
110.95	9.9986	-0.5279	5.0595	4
111	9.9985	-0.9678	5.0601	4
111.05	9.9983	-0.6017	5.06	4
111.1	9.9977	-0.6014	5.0424	4
111.15	9.9977	-0.7314	5.0529	4
111.2	9.9975	-0.702	5.0899	4
111.25	9.9974	-0.6794	5.0812	4
111.3	9.9971	-0.6134	5.0688	4
111.35	9.9972	-0.8825	5.0636	4
111.4	9.9968	-0.5835	5.0631	4
111.45	9.9969	-0.9086	5.0713	4
111.5	9.9968	-0.5407	5.0659	4
111.55	9.9962	-0.576	5.0755	4
111.6	9.9963	-0.894	5.0719	4
111.65	9.9965	-0.7854	5.0633	4
111.7	9.9961	-0.4876	5.0742	4
111.75	9.9957	-0.875	5.0802	4
111.8	9.996	-0.7298	5.0915	4
111.85	9.996	-0.7654	5.0772	4
111.9	9.9957	-0.5225	5.0841	4
111.95	9.9959	-0.9965	5.0898	4
112	9.996	-0.5872	5.0697	4
112.05	9.9957	-0.7645	5.069	4
112.1	9.9957	-0.6735	5.0755	4
112.15	9.9954	-0.8531	5.0773	4
112.2	9.9952	-0.4147	5.0904	4
112.25	9.9952	-1.0349	5.0846	4
112.3	9.9951	-0.6243	5.0753	4
112.35	9.9945	-0.6811	5.0759	4
112.4	9.9945	-0.6614	5.0679	4
112.45	9.9948	-0.899	5.0739	4
112.5	9.9944	-0.4084	5.0881	4
112.55	9.9939	-0.8894	5.0749	4
112.6	9.994	-0.6793	5.0552	4
112.65	9.9938	-0.6602	5.0516	4
112.7	9.9939	-0.874	5.0613	4
112.75	9.9939	-0.7359	5.0712	4
112.8	9.9938	-0.5593	5.0768	4
112.85	9.9934	-0.8057	5.0759	4
112.9	9.9935	-0.7128	5.0727	4
112.95	9.9934	-0.7933	5.085	4
113	9.9934	-0.7037	5.0941	4
113.05	9.9934	-1.0411	5.0964	4
113.1	9.9935	-0.6541	5.0955	4
113.15	9.9936	-0.8592	5.0766	4
113.2	9.9936	-0.789	5.0779	4
113.25	9.994	-0.8526	5.0707	4
113.3	9.9937	-0.859	5.07	4
113.35	9.9941	-0.775	5.0701	4
113.4	9.9942	-0.9874	5.0762	4
113.45	9.9944	-0.7648	5.0836	4
113.5	9.9943	-0.6985	5.0703	4
113.55	9.9947	-1.0775	5.0629	4
113.6	9.9956	-1.1213	5.0692	4
113.65	9.9958	-0.6212	5.078	4
113.7	9.9962	-1.4057	5.0993	4
113.75	9.9967	-0.9174	5.0867	4
113.8	9.9971	-1.045	5.0663	4
113.85	9.9975	-1.0964	5.0807	4
113.9	9.9984	-0.9726	5.0856	4
113.95	9.9985	-0.8021	5.0767	4
114	9.999	-1.3611	5.1016	4
114.05	10	-1.0073	5.1113	4
114.1	10.0004	-1.0112	5.1088	4
114.15	10.0013	-1.3901	5.1002	4
114.2	10.0022	-1.0894	5.0971	4
114.25	10.0029	-0.9642	5.0991	4
114.3	10.003	-0.8723	5.0899	4
114.35	10.0039	-1.3603	5.0959	4
114.4	10.0049	-1.1524	5.1153	4
114.45	10.0055	-0.9426	5.1074	4
114.5	10.0059	-1.055	5.1078	4
114.55	10.0071	-1.3584	5.0922	4
114.6	10.0074	-0.6212	5.0879	4
114.65	10.008	-1.2987	5.0875	4
114.7	10.0083	-0.827	5.0929	4
114.75	10.009	-1.1826	5.0881	4
114.8	10.0095	-0.8527	5.0825	4
114.85	10.0102	-1.1574	5.0934	4
114.9	10.0104	-0.8595	5.096	4
114.95	10.0109	-1.1491	5.0805	4
115	10.011	-0.7235	5.0848	4
115.05	10.0116	-1.2599	5.0909	4
115.1	10.0119	-0.6204	5.1024	4
115.15	10.0117	-0.9513	5.1046	4
115.2	10.012	-0.833	5.1003	4
115.25	10.0123	-1.0015	5.1022	4
115.3	10.0127	-0.9873	5.1125	4
115.35	10.0134	-0.9802	5.1188	4
115.4	10.0139	-0.9185	5.1125	4
115.45	10.0132	-0.5489	5.0902	4
115.5	10.0138	-1.2351	5.0847	4
115.55	10.0142	-0.8644	5.0847	4
115.6	10.0143	-0.6497	5.0965	4
115.65	10.0142	-0.9714	5.0964	4
115.7	10.0149	-1.062	5.084	4
115.75	10.015	-0.6416	5.0904	4
115.8	10.0147	-0.915	5.0953	4
115.85	10.0152	-1.0818	5.0978	4
115.9	10.0157	-0.6624	5.1121	4
115.95	10.0149	-0.4871	5.1061	4
116	10.0153	-1.0534	5.1067	4
116.05	10.0155	-0.8447	5.1075	4
116.1	10.0149	-0.5038	5.1139	4
116.15	10.0151	-0.9166	5.1015	4
116.2	10.0152	-0.7715	5.0987	4
116.25	10.0147	-0.2778	5.1102	4
116.3	10.0145	-1.1514	5.1109	4
116.35	10.015	-0.764	5.089	4
116.4	10.0138	-0.133	5.1038	4
116.45	10.0128	-0.8292	5.1232	4
116.5	10.0141	-1.1693	5.1146	4
116.55	10.0138	-0.4115	5.1161	4
116.6	10.0129	-0.4472	5.1102	4
116.65	10.0132	-0.9292	5.1065	4
116.7	10.013	-0.5616	5.096	4
116.75	10.0118	-0.2828	5.0942	4
116.8	10.0118	-0.9987	5.1123	4
116.85	10.0119	-0.5932	5.109	4
116.9	10.0116	-0.4953	5.1091	4
116.95	10.011	-0.7103	5.1107	4
117	10.0111	-0.761	5.1099	4
117.05	10.0104	-0.4273	5.1067	4
117.1	10.0096	-0.6539	5.1073	4
117.15	10.0098	-0.6941	5.1122	4
117.2	10.0095	-0.5459	5.1188	4
117.25	10.0086	-0.2597	5.1271	4
117.3	10.0088	-1.2026	5.1303	4
117.35	10.0089	-0.469	5.118	4
117.4	10.0079	-0.5034	5.1144	4
117.45	10.0079	-0.8149	5.1103	4
117.5	10.0076	-0.3956	5.116	4
117.55	10.0067	-0.6082	5.1283	4
117.6	10.0063	-0.648	5.1242	4
117.65	10.0059	-0.5235	5.1327	4
117.7	10.0058	-0.8383	5.1351	4
117.75	10.0057	-0.4815	5.1183	4
117.8	10.0049	-0.739	5.1078	4
117.85	10.005	-0.7356	5.0975	4
117.9	10.0043	-0.5296	5.1016	4
117.95	10.0045	-0.9357	5.1185	4
118	10.0046	-0.4252	5.116	4
118.05	10.0037	-0.5836	5.1193	4
118.1	10.004	-1.0929	5.1241	4
118.15	10.0038	-0.4331	5.1216	4
118.2	10.0031	-0.6617	5.1184	4
118.25	10.0033	-0.8674	5.1204	4
118.3	10.0031	-0.5221	5.1334	4
118.35	10.003	-0.9055	5.1307	4
118.4	10.0033	-0.7586	5.1163	4
118.45	10.0033	-0.7687	5.129	4
118.5	10.0032	-0.7294	5.1407	4
118.55	10.0029	-0.6443	5.1327	4
118.6	10.0031	-1.0605	5.1274	4
118.65	10.0034	-0.7482	5.1163	4
118.7	10.0028	-0.627	5.1169	4
118.75	10.0028	-0.8979	5.1052	4
118.8	10.0029	-0.859	5.0869	4
118.85	10.0036	-1.1644	5.0984	4
118.9	10.0041	-0.676	5.0981	4
118.95	10.0037	-0.7424	5.1045	4
119	10.0041	-1.0415	5.1175	4
119.05	10.0042	-0.6033	5.1267	4
119.1	10.0043	-0.9116	5.1358	4
119.15	10.005	-0.9771	5.1172	4
119.2	10.0043	-0.4383	5.1171	4
119.25	10.0042	-0.8578	5.127	4
119.3	10.0042	-0.7475	5.1333	4
119.35	10.0039	-0.7392	5.1268	4
119.4	10.0038	-0.5913	5.1028	4
119.45	10.0034	-0.6207	5.0998	4
119.5	10.0032	-0.8253	5.1109	4
119.55	10.0035	-0.7884	5.1027	4
119.6	10.0031	-0.5815	5.0976	4
119.65	10.0029	-0.8645	5.107	4
119.7	10.0031	-0.8166	5.1079	4
119.75	10.0023	-0.4181	5.1166	4
119.8	10.0021	-0.6687	5.1124	4
119.85	10.0031	-1.2776	5.1141	4
119.9	10.0023	-0.0874	5.1032	4
119.95	10.0021	-1.0076	5.1016	4
120	10.0025	-0.8557	5.1062	4
120.05	10.0023	-0.4253	5.0936	4
120.1	10.0016	-0.6783	5.0819	4
120.15	10.0016	-0.6482	5.0646	4
120.2	10.0009	-0.4788	5.0709	4
120.25	10.0006	-0.8198	5.0667	4
120.3	10.0003	-0.5212	5.0686	4
120.35	9.9997	-0.5164	5.0853	4
120.4	9.9995	-0.7518	5.1048	4
120.45	9.9995	-0.5667	5.1114	4
120.5	9.9989	-0.7094	5.1214	4
120.55	9.9986	-0.4812	5.1171	4
120.6	9.9985	-0.771	5.0985	4
120.65	9.9979	-0.4465	5.092	4
120.7	9.9975	-0.6771	5.0926	4
120.75	9.9971	-0.658	5.104	4
120.8	9.9973	-0.7725	5.1052	4
120.85	9.9967	-0.2408	5.1042	4
120.9	9.996	-0.8953	5.1168	4
120.95	9.9962	-0.6695	5.1083	4
121	9.9955	-0.5049	5.1063	4
121.05	9.995	-0.5329	5.1088	4
121.1	9.9945	-0.4726	5.1104	4
121.15	9.9939	-0.6113	5.1007	4
121.2	9.9936	-0.6269	5.1054	4
121.25	9.9933	-0.596	5.122	4
121.3	9.9927	-0.6262	5.1094	4
121.35	9.9922	-0.3644	5.104	4
121.4	9.9913	-0.5037	5.1197	4
121.45	9.9908	-0.5136	5.1004	4
121.5	9.9906	-0.7917	5.1113	4
121.55	9.9899	-0.3162	5.128	4
121.6	9.9889	-0.4599	5.1274	4
121.65	9.9886	-0.6538	5.114	4
121.7	9.9883	-0.5746	5.0972	4
121.75	9.9874	-0.426	5.1044	4
121.8	9.9867	-0.4301	5.1091	4
121.85	9.9863	-0.4636	5.1047	4
121.9	9.9858	-0.7419	5.1035	4
121.95	9.9853	-0.2229	5.1029	4
122	9.9846	-0.6976	5.1075	4
122.05	9.9841	-0.6291	5.115	4
122.1	9.9832	-0.2038	5.1225	4
122.15	9.9826	-0.9035	5.1185	4
122.2	9.9826	-0.4846	5.1145	4
122.25	9.9815	-0.1969	5.1159	4
122.3	9.9809	-0.7329	5.1053	4
122.35	9.9811	-0.6526	5.0996	4
122.4	9.9802	-0.2135	5.1086	4
122.45	9.9793	-0.7211	5.0896	4
122.5	9.9793	-0.4939	5.0899	4
122.55	9.9788	-0.6357	5.0991	4
122.6	9.9775	-0.1893	5.1079	4
122.65	9.9771	-0.9197	5.1136	4
122.7	9.9767	-0.4413	5.1077	4
122.75	9.9753	-0.1505	5.0984	4
122.8	9.9751	-0.9618	5.0846	4
122.85	9.9757	-0.7425	5.0834	4
122.9	9.9742	0.1193	5.1037	4
122.95	9.9732	-0.742	5.0929	4
123	9.9736	-1.0155	5.0839	4
123.05	9.9732	-0.1789	5.094	4
123.1	9.9722	-0.6463	5.0914	4
123.15	9.9723	-0.797	5.0722	4
123.2	9.9722	-0.6564	5.0601	4
123.25	9.9712	-0.3372	5.0907	4
123.3	9.9708	-0.7846	5.0908	4
123.35	9.9709	-0.5795	5.0921	4
123.4	9.9701	-0.4141	5.0997	4
123.45	9.9699	-0.8987	5.0847	4
123.5	9.9699	-0.7599	5.0644	4
123.55	9.9689	-0.4109	5.0504	4
123.6	9.9691	-0.9824	5.0542	4
123.65	9.9685	-0.4241	5.0707	4
123.7	9.9686	-0.794	5.0995	4
123.75	9.9691	-1.092	5.0996	4
123.8	9.969	-0.5186	5.0882	4
123.85	9.9689	-0.885	5.0972	4
123.9	9.9686	-0.5143	5.098	4
123.95	9.9687	-0.8225	5.0922	4
124	9.9681	-0.7319	5.0914	4
124.05	9.9682	-0.6506	5.0761	4
124.1	9.9685	-1.126	5.0589	4
124.15	9.9681	-0.53	5.0672	4
124.2	9.9682	-0.7714	5.0839	4
124.25	9.9684	-1.0016	5.0806	4
124.3	9.9682	-0.5671	5.0804	4
124.35	9.968	-0.7063	5.0719	4
124.4	9.9681	-1.0233	5.0689	4
124.45	9.9686	-0.8946	5.0784	4
124.5	9.9679	-0.4818	5.0732	4
124.55	9.9682	-1.0352	5.0665	4
124.6	9.9686	-1.1127	5.0634	4
124.65	9.9687	-0.5243	5.0676	4
124.7	9.9686	-1.1205	5.0869	4
124.75	9.9695	-0.9271	5.0944	4
124.8	9.9696	-0.766	5.103	4
124.85	9.9689	-0.5881	5.1028	4
124.9	9.97	-1.2787	5.0896	4
124.95	9.9699	-0.7387	5.0685	4
125	9.9695	-0.6136	5.0672	4
125.05	9.9699	-1.0731	5.083	4
125.1	9.9705	-1.0682	5.0854	4
125.15	9.9704	-0.3661	5.0748	4
125.2	9.9703	-1.1614	5.0843	4
125.25	9.9714	-0.8592	5.0891	4
125.3	9.9707	-0.7033	5.0948	4
125.35	9.9706	-0.8009	5.1124	4
125.4	9.9709	-1.0131	5.0946	4
125.45	9.971	-0.8739	5.0931	4
125.5	9.9715	-0.6769	5.1009	4
125.55	9.9718	-1.0134	5.1083	4
125.6	9.9715	-0.7272	5.129	4
125.65	9.9721	-0.9572	5.1264	4
125.7	9.9717	-0.8861	5.1213	4
125.75	9.9723	-0.7412	5.1064	4
125.8	9.9721	-0.857	5.1026	4
125.85	9.9722	-0.9396	5.1016	4
125.9	9.9728	-0.8575	5.105	4
125.95	9.972	-0.6524	5.1173	4
126	9.9723	-0.9773	5.1052	4
126.05	9.9731	-0.9439	5.0898	4
126.1	9.9726	-0.5397	5.1042	4
126.15	9.9727	-0.8637	5.1108	4
126.2	9.973	-0.9977	5.1111	4
126.25	9.9731	-0.5812	5.1078	4
126.3	9.9727	-0.6675	5.1213	4
126.35	9.973	-1.182	5.1181	4
126.4	9.9741	-0.9294	5.1151	4
126.45	9.9725	-0.1742	5.1382	4
126.5	9.9726	-1.0456	5.1247	4
126.55	9.9733	-1.2196	5.1038	4
126.6	9.9726	0.1066	5.0957	4
126.65	9.9722	-1.218	5.0929	4
126.7	9.9731	-1.0569	5.0984	4
126.75	9.9725	-0.4602	5.0989	4
126.8	9.9719	-0.7069	5.1007	4
126.85	9.972	-0.9549	5.1155	4
126.9	9.9724	-0.8709	5.1111	4
126.95	9.9716	-0.4347	5.114	4
127	9.9718	-0.9946	5.1084	4
127.05	9.9728	-1.3488	5.1029	4
127.1	9.9726	-0.1074	5.1227	4
127.15	9.9716	-0.8911	5.1263	4
127.2	9.9728	-1.2759	5.1318	4
127.25	9.9729	-0.4971	5.1393	4
127.3	9.9721	-0.5243	5.1214	4
127.35	9.9728	-1.2218	5.1035	4
127.4	9.9733	-0.9411	5.1096	4
127.45	9.9727	-0.5279	5.1241	4
127.5	9.973	-0.9924	5.1192	4
127.55	9.9735	-0.969	5.1089	4
127.6	9.9731	-0.5907	5.1022	4
127.65	9.9728	-0.8012	5.0996	4
127.7	9.9735	-1.2395	5.0936	4
127.75	9.9739	-0.7443	5.1008	4
127.8	9.9742	-0.9513	5.1041	4
127.85	9.9746	-1.1411	5.1019	4
127.9	9.9748	-0.7724	5.1139	4
127.95	9.9748	-0.9276	5.1131	4
128	9.9753	-1.1302	5.1182	4
128.05	9.9761	-1.0657	5.1121	4
128.1	9.9767	-1.2085	5.1126	4
128.15	9.9773	-0.8525	5.1184	4
128.2	9.9777	-1.2485	5.1214	4
128.25	9.9782	-0.7979	5.1116	4
128.3	9.9788	-1.0867	5.0953	4
128.35	9.9799	-1.2707	5.096	4
128.4	9.9805	-0.9801	5.0972	4
128.45	9.9813	-1.3581	5.0879	4
128.5	9.9818	-0.9032	5.089	4
128.55	9.9827	-1.4153	5.0971	4
128.6	9.9836	-1.1593	5.0973	4
128.65	9.9845	-1.1724	5.0855	4
128.7	9.9853	-1.3026	5.0945	4
128.75	9.9866	-1.1988	5.0979	4
128.8	9.9876	-1.3876	5.0988	4
128.85	9.9887	-1.2701	5.1027	4
128.9	9.9899	-1.6143	5.1068	4
128.95	9.9907	-1.0521	5.0945	4
129	9.9916	-1.4866	5.0993	4
129.05	9.9931	-1.4188	5.1121	4
129.1	9.9947	-1.3901	5.1117	4
129.15	9.9961	-1.5541	5.1056	4
129.2	9.9976	-1.4018	5.0879	4
129.25	9.9993	-1.5952	5.0681	4
129.3	9.9999	-1.1951	5.0915	4
129.35	10.0019	-1.9802	5.1053	4
129.4	10.0033	-1.2099	5.1104	4
129.45	10.0042	-1.2869	5.1061	4
129.5	10.006	-1.9156	5.1056	4
129.55	10.0074	-1.1548	5.1135	4
129.6	10.0084	-1.5263	5.114	4
129.65	10.0102	-1.7299	5.1044	4
129.7	10.0117	-1.2912	5.0989	4
129.75	10.0131	-1.5668	5.1111	4
129.8	10.0145	-1.3617	5.1135	4
129.85	10.0165	-1.8054	5.1061	4
129.9	10.0173	-1.1414	5.0987	4
129.95	10.0189	-1.4858	5.091	4
130	10.0204	-1.6287	5.0781	4
130.05	10.0224	-1.6573	5.0742	4
130.1	10.0238	-1.4777	5.0789	4
130.15	10.0253	-1.5194	5.0608	4
130.2	10.027	-1.5526	5.0707	4
130.25	10.0285	-1.4608	5.0979	4
130.3	10.0303	-1.7834	5.0984	4
130.35	10.0327	-1.7215	5.0855	4
130.4	10.0338	-1.1084	5.0878	4
130.45	10.035	-1.7998	5.0806	4
130.5	10.0372	-1.7011	5.0687	4
130.55	10.0384	-1.1581	5.0722	4
130.6	10.0395	-1.6574	5.0782	4
130.65	10.0414	-1.8055	5.085	4
130.7	10.0434	-1.3984	5.0809	4
130.75	10.044	-1.0993	5.0678	4
130.8	10.0458	-1.864	5.0729	4
130.85	10.0483	-1.8862	5.0643	4
130.9	10.0499	-0.9554	5.0507	4
130.95	10.0505	-1.3594	5.0705	4
131	10.0531	-2.1415	5.0701	4
131.05	10.055	-1.362	5.077	4
131.1	10.0561	-1.3042	5.072	4
131.15	10.0579	-2.0374	5.0726	4
131.2	10.0605	-1.5886	5.0733	4
131.25	10.0615	-1.3259	5.0721	4
131.3	10.0631	-1.5012	5.0899	4
131.35	10.0648	-1.7502	5.1004	4
131.4	10.0664	-1.4964	5.1051	4
131.45	10.0678	-1.4908	5.0972	4
131.5	10.0704	-2.1895	5.084	4
131.55	10.0725	-1.2842	5.0731	4
131.6	10.0737	-1.5065	5.0744	4
131.65	10.0751	-1.718	5.0942	4
131.7	10.0777	-1.819	5.1178	4
131.75	10.0791	-1.3544	5.1106	4
131.8	10.0815	-1.8615	5.0959	4
131.85	10.0838	-1.8106	5.1172	4
131.9	10.0856	-1.4594	5.1117	4
131.95	10.0872	-1.6872	5.0999	4
132	10.0896	-1.9659	5.0974	4
132.05	10.0914	-1.4928	5.0882	4
132.1	10.0936	-1.7849	5.0909	4
132.15	10.0948	-1.1858	5.0864	4
132.2	10.0968	-2.1042	5.0908	4
132.25	10.099	-1.5575	5.0954	4
132.3	10.1004	-1.5225	5.1129	4
132.35	10.1024	-1.6575	5.1153	4
132.4	10.1042	-1.6239	5.1155	4
132.45	10.1059	-1.3865	5.1179	4
132.5	10.1079	-1.8593	5.0998	4
132.55	10.1094	-1.2951	5.087	4
132.6	10.111	-1.8091	5.0978	4
132.65	10.1127	-1.3138	5.1062	4
132.7	10.1139	-1.5186	5.1118	4
132.75	10.1162	-1.9478	5.0963	4
132.8	10.1176	-1.0438	5.0857	4
132.85	10.1185	-1.4636	5.1011	4
132.9	10.12	-1.5646	5.0931	4
132.95	10.1221	-1.5578	5.0882	4
133	10.1225	-1.0658	5.0835	4
133.05	10.1235	-1.0833	5.0914	4
133.1	10.1248	-1.6932	5.0921	4
133.15	10.1268	-1.3862	5.0757	4
133.2	10.1271	-0.6973	5.0817	4
133.25	10.1279	-1.8357	5.0972	4
133.3	10.1301	-1.2687	5.1066	4
133.35	10.1301	-0.6286	5.1115	4
133.4	10.1304	-1.2957	5.1034	4
133.45	10.1323	-1.4591	5.103	4
133.5	10.1323	-0.7959	5.1003	4
133.55	10.133	-1.1874	5.1222	4
133.6	10.1341	-1.2879	5.139	4
133.65	10.1348	-0.8873	5.1324	4
133.7	10.1346	-0.8847	5.1173	4
133.75	10.1356	-1.3655	5.1096	4
133.8	10.1369	-1.3972	5.1089	4
133.85	10.1369	-0.5237	5.1138	4
133.9	10.137	-1.2742	5.1044	4
133.95	10.1382	-1.1985	5.1204	4
134	10.1384	-0.5719	5.1252	4
134.05	10.1384	-1.0868	5.1076	4
134.1	10.1395	-1.3119	5.099	4
134.15	10.1401	-0.8008	5.0874	4
134.2	10.1399	-0.9318	5.0872	4
134.25	10.1409	-1.0259	5.1123	4
134.3	10.1416	-1.297	5.1028	4
134.35	10.1417	-0.3955	5.1024	4
134.4	10.1412	-1.0735	5.1056	4
134.45	10.1422	-0.9514	5.0964	4
134.5	10.1422	-0.8227	5.092	4
134.55	10.1427	-1.0441	5.091	4
134.6	10.1433	-0.9459	5.0937	4
134.65	10.1435	-0.644	5.0585	4
134.7	10.1437	-1.1739	5.0658	4
134.75	10.1447	-0.8998	5.0961	4
134.8	10.1447	-0.8998	5.0932	4
134.85	10.1449	-0.7258	5.0882	4
134.9	10.1446	-0.7155	5.1016	4
134.95	10.1447	-0.9682	5.0908	4
135	10.1456	-1.0876	5.0896	4
135.05	10.1454	-0.5868	5.0803	4
135.1	10.1449	-0.6773	5.0702	4
135.15	10.1451	-0.9838	5.0819	4
135.2	10.1448	-0.3615	5.0908	4
135.25	10.145	-1.1621	5.0971	4
135.3	10.1457	-0.7567	5.0872	4
135.35	10.145	-0.4072	5.0918	4
135.4	10.1447	-0.7258	5.1097	4
135.45	10.1453	-1.0949	5.0993	4
135.5	10.1452	-0.4395	5.0841	4
135.55	10.144	-0.4904	5.0823	4
135.6	10.1445	-1.1104	5.0813	4
135.65	10.1451	-0.8101	5.076	4
135.7	10.1441	-0.3584	5.0726	4
135.75	10.1435	-0.7558	5.0886	4
135.8	10.1444	-0.9503	5.111	4
135.85	10.1437	-0.3147	5.1214	4
135.9	10.1436	-0.769	5.1167	4
135.95	10.1439	-1.0165	5.0912	4
136	10.143	-0.1003	5.0985	4
136.05	10.142	-0.6011	5.1032	4
136.1	10.1422	-0.9723	5.0996	4
136.15	10.1418	-0.2907	5.1168	4
136.2	10.1411	-0.8284	5.1229	4
136.25	10.1415	-0.757	5.1052	4
136.3	10.1414	-0.6617	5.1105	4
136.35	10.1405	-0.4971	5.12	4
136.4	10.14	-0.5096	5.114	4
136.45	10.1395	-0.6783	5.1031	4
136.5	10.1399	-0.7974	5.1067	4
136.55	10.1391	-0.2783	5.0902	4
136.6	10.1386	-0.8582	5.0774	4
136.65	10.1391	-0.6822	5.0893	4
136.7	10.1381	-0.2177	5.0839	4
136.75	10.1368	-0.4518	5.0823	4
136.8	10.1379	-1.1751	5.091	4
136.85	10.1371	-0.0762	5.0829	4
136.9	10.1361	-0.3919	5.0825	4
136.95	10.1359	-0.9304	5.0922	4
137	10.1359	-0.4779	5.0954	4
137.05	10.1349	-0.4541	5.095	4
137.1	10.1344	-0.5484	5.1065	4
137.15	10.134	-0.5051	5.1188	4
137.2	10.1327	-0.0069	5.1196	4
137.25	10.1317	-0.6587	5.1077	4
137.3	10.1314	-0.5821	5.1007	4
137.35	10.1304	-0.4265	5.0963	4
137.4	10.1293	-0.3681	5.1072	4
137.45	10.129	-0.707	5.1001	4
137.5	10.1285	-0.2747	5.0825	4
137.55	10.1275	-0.3423	5.0736	4
137.6	10.1261	-0.2356	5.0787	4
137.65	10.1255	-0.6716	5.0889	4
137.7	10.1255	-0.4273	5.0836	4
137.75	10.1246	-0.4358	5.0903	4
137.8	10.1238	-0.3008	5.1061	4
137.85	10.1233	-0.6134	5.1076	4
137.9	10.1224	-0.1287	5.1058	4
137.95	10.1213	-0.427	5.1176	4
138	10.1212	-0.7954	5.1242	4
138.05	10.12	0.076	5.1225	4
138.1	10.1186	-0.5808	5.1094	4
138.15	10.1177	-0.5296	5.0976	4
138.2	10.1173	-0.3734	5.1008	4
138.25	10.1167	-0.6213	5.084	4
138.3	10.1157	-0.3017	5.0868	4
138.35	10.1152	-0.5276	5.1002	4
138.4	10.1146	-0.6059	5.1059	4
138.45	10.114	-0.2044	5.1079	4
138.5	10.1131	-0.5281	5.1114	4
138.55	10.1129	-0.7406	5.1003	4
138.6	10.1123	-0.2376	5.1022	4
138.65	10.1114	-0.4786	5.1123	4
138.7	10.1115	-1.1278	5.1042	4
138.75	10.1115	-0.3342	5.09	4
138.8	10.1101	-0.348	5.0885	4
138.85	10.11	-1.0503	5.0983	4
138.9	10.1101	-0.6111	5.0843	4
138.95	10.1091	-0.1706	5.0764	4
139	10.109	-0.8842	5.0817	4
139.05	10.1093	-0.7563	5.0957	4
139.1	10.1082	-0.2496	5.1135	4
139.15	10.1075	-0.7233	5.1046	4
139.2	10.1078	-0.8473	5.0981	4
139.25	10.1072	-0.3081	5.0923	4
139.3	10.1061	-0.5482	5.1001	4
139.35	10.106	-0.8239	5.1124	4
139.4	10.105	0.0803	5.0981	4
139.45	10.1042	-0.7761	5.0754	4
139.5	10.1048	-0.8589	5.0628	4
139.55	10.104	-0.3081	5.0617	4
139.6	10.103	-0.6278	5.0712	4
139.65	10.1034	-0.8544	5.0958	4
139.7	10.1026	-0.2445	5.0956	4
139.75	10.1019	-0.4657	5.0853	4
139.8	10.1016	-0.7338	5.0831	4
139.85	10.1013	-0.6558	5.0824	4
139.9	10.1001	-0.0846	5.0803	4
139.95	10.0996	-1.0428	5.0926	4
140	10.1001	-0.564	5.0939	4
140.05	10.0988	-0.3017	5.0845	4
140.1	10.0979	-0.4366	5.0939	4
140.15	10.098	-0.9507	5.0868	4
140.2	10.0974	-0.2959	5.0876	4
140.25	10.0969	-0.8241	5.0962	4
140.3	10.0966	-0.2766	5.0961	4
140.35	10.0958	-0.6866	5.1015	4
140.4	10.096	-0.5554	5.1103	4
140.45	10.0951	-0.5356	5.0989	4
140.5	10.095	-0.6473	5.0781	4
140.55	10.0941	-0.483	5.0779	4
140.6	10.0939	-0.7546	5.089	4
140.65	10.0935	-0.521	5.065	4
140.7	10.0932	-0.5961	5.0704	4
140.75	10.0927	-0.7162	5.0758	4
140.8	10.0927	-0.6136	5.0678	4
140.85	10.0919	-0.59	5.0715	4
140.9	10.0921	-0.7493	5.0611	4
140.95	10.092	-0.7915	5.0637	4
141	10.0918	-0.7541	5.0858	4
141.05	10.0914	-0.515	5.0929	4
141.1	10.0913	-0.857	5.0932	4
141.15	10.091	-0.6384	5.0915	4
141.2	10.091	-0.635	5.0717	4
141.25	10.0909	-0.8797	5.0802	4
141.3	10.0914	-1.1014	5.0855	4
141.35	10.091	-0.4171	5.0762	4
141.4	10.0907	-1.0423	5.0759	4
141.45	10.0913	-0.9431	5.0727	4
141.5	10.0908	-0.4	5.0749	4
141.55	10.091	-1.1771	5.0618	4
141.6	10.0917	-0.8258	5.069	4
141.65	10.0918	-0.864	5.0769	4
141.7	10.092	-1.0024	5.0669	4
141.75	10.0924	-0.8773	5.066	4
141.8	10.0927	-0.9839	5.0657	4
141.85	10.0931	-1.1645	5.0649	4
141.9	10.0935	-0.6147	5.0854	4
141.95	10.0935	-1.0055	5.0924	4
142	10.0939	-1.0874	5.0864	4
142.05	10.0944	-0.8993	5.0895	4
142.1	10.0946	-0.9402	5.0998	4
142.15	10.0955	-1.1406	5.0963	4
142.2	10.0959	-0.9428	5.0948	4
142.25	10.0959	-0.8691	5.0992	4
142.3	10.0963	-1.1417	5.1093	4
142.35	10.0968	-1.0111	5.1009	4
142.4	10.0973	-1.1745	5.087	4
142.45	10.0978	-0.8638	5.0939	4
142.5	10.0982	-1.1319	5.112	4
142.55	10.0991	-1.1753	5.0873	4
142.6	10.0999	-1.0387	5.0737	4
142.65	10.0994	-0.5813	5.1003	4
142.7	10.1002	-1.5943	5.1132	4
142.75	10.1008	-0.5461	5.0999	4
142.8	10.1007	-1.2076	5.0943	4
142.85	10.1019	-1.1202	5.1034	4
142.9	10.1023	-0.8667	5.0977	4
142.95	10.1025	-0.8581	5.0768	4
143	10.1036	-1.4324	5.0857	4
143.05	10.1042	-0.768	5.0886	4
143.1	10.1036	-0.8129	5.0931	4
143.15	10.1044	-1.3062	5.1112	4
143.2	10.1055	-1.1731	5.0859	4
143.25	10.1054	-0.5536	5.0614	4
143.3	10.1056	-1.1671	5.0669	4
143.35	10.1067	-1.313	5.0666	4
143.4	10.1065	-0.4216	5.0645	4
143.45	10.1064	-1.0788	5.0637	4
143.5	10.1075	-1.3582	5.0795	4
143.55	10.1082	-0.8421	5.0937	4
143.6	10.1075	-0.6872	5.0844	4
143.65	10.1086	-1.2492	5.0888	4
143.7	10.1093	-1.0021	5.0803	4
143.75	10.1097	-0.7197	5.0803	4
143.8	10.11	-1.0957	5.1023	4
143.85	10.1101	-0.7217	5.0896	4
143.9	10.11	-0.7236	5.0922	4
143.95	10.1101	-1.2555	5.0932	4
144	10.1108	-0.781	5.0893	4
144.05	10.1113	-1.1954	5.106	4
144.1	10.1114	-0.6664	5.1173	4
144.15	10.1116	-1.103	5.1164	4
144.2	10.1121	-0.8814	5.1038	4
144.25	10.1121	-0.6875	5.0974	4
144.3	10.1121	-0.8135	5.0908	4
144.35	10.1121	-1.1005	5.0723	4
144.4	10.113	-0.9619	5.0852	4
144.45	10.1133	-0.901	5.1012	4
144.5	10.1134	-0.8797	5.1016	4
144.55	10.1135	-0.8786	5.0816	4
144.6	10.1139	-0.8316	5.0761	4
144.65	10.1134	-0.376	5.0733	4
144.7	10.1139	-1.4981	5.0718	4
144.75	10.1143	-0.3634	5.0961	4
144.8	10.1133	-0.7508	5.1172	4
144.85	10.114	-1.1371	5.1248	4
144.9	10.115	-1.0078	5.133	4
144.95	10.1135	-0.0116	5.1299	4
145	10.1134	-1.1715	5.1082	4
145.05	10.1135	-0.6539	5.1089	4
145.1	10.1136	-0.7378	5.1143	4
145.15	10.1132	-0.5852	5.1056	4
145.2	10.1135	-1.0901	5.0932	4
145.25	10.1137	-0.6939	5.098	4
145.3	10.1131	-0.6762	5.1198	4
145.35	10.1128	-0.6119	5.1317	4
145.4	10.1126	-0.6909	5.1161	4
145.45	10.1123	-0.5493	5.1203	4
145.5	10.1119	-0.7753	5.1157	4
145.55	10.112	-0.7937	5.1229	4
145.6	10.1115	-0.6495	5.1237	4
145.65	10.1113	-0.7297	5.0957	4
145.7	10.1115	-0.7807	5.0988	4
145.75	10.1108	-0.4283	5.0943	4
145.8	10.1105	-0.8172	5.093	4
145.85	10.1106	-0.5944	5.0905	4
145.9	10.1098	-0.5901	5.0866	5
145.95	10.1099	-0.9038	5.0883	5
146	10.1103	-0.9353	5.0953	5
146.05	10.1101	-0.3636	5.1069	5
146.1	10.1095	-0.5172	5.1071	5
146.15	10.1152	-0.8437	5.0928	5
146.2	10.1316	-0.3261	5.0909	5
146.25	10.161	0.2213	5.092	5
146.3	10.2031	0.2846	5.09	5
146.35	10.2566	1.0914	5.089	5
146.4	10.3223	1.9574	5.0995	5
146.45	10.3996	2.2002	5.1013	5
146.5	10.4871	3.7871	5.0937	5
146.55	10.5868	4.6091	5.0833	5
146.6	10.697	6.012	5.0988	5
146.65	10.8177	7.6561	5.1146	5
146.7	10.9491	9.2513	5.1168	5
146.75	11.0898	12.0404	5.1014	5
146.8	11.2412	14.7148	5.1007	5
146.85	11.4022	17.7909	5.1251	5
146.9	11.5727	22.4795	5.1079	5
146.95	11.7546	26.9257	5.0817	5
147	11.9465	33.0615	5.0969	5
147.05	12.1496	40.4995	5.0976	5
147.1	12.3648	49.4606	5.094	5
147.15	12.5914	61.2198	5.0876	6
147.2	12.8296	74.9241	5.0848	6
147.25	13.0786	91.6361	5.094	6
147.3	13.3364	111.9637	5.0979	6
147.35	13.6015	135.6274	5.0893	6
147.4	13.8662	161.6144	5.0896	6
147.45	14.1228	189.9159	5.0874	6
147.5	14.3714	219.0807	5.0809	6
147.55	14.6111	251.1791	5.0786	6
147.6	14.843	283.9391	5.074	6
147.65	15.066	318.4266	5.0863	6
147.7	15.2802	353.3557	5.0919	6
147.75	15.4854	389.974	5.0781	6
147.8	15.6832	426.7392	5.084	6
147.85	15.8726	463.8527	5.1121	6
147.9	16.0534	502.0343	5.1133	6
147.95	16.2268	540.222	5.0918	6
148	16.3959	574.8721	5.0904	6
148.05	16.558	608.8414	5.0743	6
148.1	16.7141	641.7422	5.0585	6
148.15	16.8649	672.531	5.0527	6
148.2	17.0106	701.0521	5.0628	6
148.25	17.1503	728.8305	5.0809	6
148.3	17.2854	754.3402	5.0856	6
148.35	17.416	777.6591	5.0892	6
148.4	17.5433	797.7495	5.0912	6
148.45	17.6661	815.8995	5.0947	6
148.5	17.7838	833.5878	5.1063	6
148.55	17.8968	850.3541	5.1072	6
148.6	18.0055	866.036	5.0875	6
148.65	18.11	880.4245	5.0858	6
148.7	18.2111	892.4966	5.0669	6
148.75	18.3078	903.6791	5.061	6
148.8	18.4004	914.6589	5.0808	6
148.85	18.4907	923.627	5.0777	6
148.9	18.5777	931.1819	5.0832	6
148.95	18.6605	938.6285	5.0834	6
149	18.7403	944.6463	5.0751	6
149.05	18.8183	948.5892	5.0762	6
149.1	18.8926	952.1727	5.0855	6
149.15	18.9636	955.4231	5.0885	6
149.2	19.0326	957.1364	5.0958	6
149.25	19.0989	957.7199	5.1028	6
149.3	19.1617	958.5332	5.099	6
149.35	19.2219	959.0431	5.096	6
149.4	19.2804	957.7179	5.0831	6
149.45	19.3362	956.3135	5.0909	6
149.5	19.3891	955.3121	5.086	6
149.55	19.44	953.504	5.0815	6
149.6	19.489	950.5429	5.0852	6
149.65	19.5354	948.3727	5.088	6
149.7	19.5802	945.8428	5.0962	6
149.75	19.6233	941.8815	5.1069	6
149.8	19.6637	938.5396	5.1098	6
149.85	19.7026	935.025	5.1095	6
149.9	19.7403	930.6758	5.1069	6
149.95	19.7757	926.61	5.0838	6
150	19.8096	922.3777	5.0754	6
150.05	19.8421	917.8196	5.0808	6
150.1	19.8734	912.6184	5.0785	6
150.15	19.9024	908.5605	5.0901	6
150.2	19.9306	903.3988	5.0829	6
150.25	19.9575	897.895	5.0717	6
150.3	19.9824	893.6038	5.0692	6
150.35	20.0068	888.4103	5.0645	6
150.4	20.0303	882.6561	5.0912	6
150.45	20.0519	878.0655	5.1016	6
150.5	20.0728	873.0466	5.0858	6
150.55	20.093	867.0368	5.0858	6
150.6	20.1118	861.8489	5.0673	6
150.65	20.1292	857.3091	5.0573	6
150.7	20.1466	851.2009	5.0648	6
150.75	20.1624	846.1772	5.0805	6
150.8	20.1769	841.9051	5.0988	6
150.85	20.1918	836.1837	5.1041	6
150.9	20.2054	831.0939	5.0972	6
150.95	20.2175	827.206	5.0833	6
151	20.2301	821.7362	5.0761	6
151.05	20.2422	816.1251	5.0894	6
151.1	20.2519	812.5007	5.1053	6
151.15	20.2617	807.5195	5.1039	6
151.2	20.2719	801.4439	5.1032	6
151.25	20.2803	797.5796	5.099	6
151.3	20.2884	794.166	5.1048	6
151.35	20.2977	788.8392	5.1005	6
151.4	20.306	783.8556	5.099	6
151.45	20.3119	780.9494	5.1215	6
151.5	20.3187	776.3442	5.1183	6
151.55	20.3255	770.9019	5.1211	6
151.6	20.33	768.5307	5.1187	6
151.65	20.335	765.0551	5.0971	6
151.7	20.3405	760.0532	5.0916	6
151.75	20.3446	756.711	5.0858	6
151.8	20.3482	754.13	5.091	6
151.85	20.3527	749.9277	5.0898	6
151.9	20.3563	746.3175	5.1014	6
151.95	20.359	743.939	5.0927	6
152	20.3617	741.1478	5.0853	6
152.05	20.365	737.2408	5.1008	6
152.1	20.3671	734.5766	5.1085	6
152.15	20.3687	732.6291	5.1063	6
152.2	20.3714	728.9554	5.1152	6
152.25	20.3737	725.5779	5.1282	6
152.3	20.3743	724.1161	5.1105	6
152.35	20.376	721.0376	5.1077	6
152.4	20.3776	717.892	5.1097	6
152.45	20.3783	715.9457	5.1227	6
152.5	20.379	713.9847	5.1239	6
152.55	20.3806	710.5486	5.1155	6
152.6	20.3812	708.137	5.108	6
152.65	20.3813	706.5827	5.1049	6
152.7	20.3821	703.6387	5.129	6
152.75	20.3826	700.9925	5.1188	6
152.8	20.3822	699.6913	5.1003	6
152.85	20.3823	697.5458	5.1139	6
152.9	20.3827	695.0951	5.1121	6
152.95	20.3824	693.6551	5.1044	6
153	20.3819	692.3062	5.1063	6
153.05	20.3816	690.435	5.091	6
153.1	20.3813	688.7597	5.0913	6
153.15	20.3808	687.3273	5.1168	6
153.2	20.38	686.2422	5.1273	6
153.25	20.3796	684.4177	5.1067	6
153.3	20.379	682.8418	5.1023	6
153.35	20.3776	682.3114	5.1271	6
153.4	20.3769	680.7796	5.1117	6
153.45	20.3762	679.2331	5.102	6
153.5	20.3752	678.4613	5.1115	6
153.55	20.374	677.7902	5.1017	6
153.6	20.3734	676.3099	5.0894	6
153.65	20.3727	674.8865	5.0743	6
153.7	20.3711	674.5664	5.0798	6
153.75	20.3702	673.5179	5.0833	6
153.8	20.3694	672.1756	5.076	6
153.85	20.368	671.9395	5.1005	6
153.9	20.3668	671.3618	5.1018	6
153.95	20.3659	669.919	5.0919	6
154	20.3644	669.6095	5.0887	6
154.05	20.3633	669.0732	5.0766	6
154.1	20.3626	668.1928	5.0947	6
154.15	20.3616	667.4269	5.0999	6
154.2	20.3603	667.2046	5.1078	6
154.25	20.3592	666.3901	5.123	6
154.3	20.3582	665.4772	5.1194	6
154.35	20.3572	665.1112	5.1183	6
154.4	20.3559	664.8615	5.1235	6
154.45	20.3551	663.658	5.1093	6
154.5	20.354	662.9572	5.1048	6
154.55	20.3526	662.8226	5.1031	6
154.6	20.3516	662.1272	5.1109	6
154.65	20.3505	661.5479	5.1251	6
154.7	20.3493	661.3192	5.1324	6
154.75	20.3482	660.9923	5.1281	6
154.8	20.3471	660.7424	5.1256	6
154.85	20.3468	659.5843	5.1215	6
154.9	20.3459	658.9464	5.1155	6
154.95	20.3446	658.4719	5.12	6
155	20.3435	658.0334	5.1196	6
155.05	20.343	657.2477	5.1075	6
155.1	20.3418	657.156	5.1088	6
155.15	20.3406	656.8896	5.1251	6
155.2	20.3399	656.09	5.1116	6
155.25	20.339	655.8076	5.1089	6
155.3	20.3383	655.071	5.0909	6
155.35	20.3378	653.9631	5.08	6
155.4	20.3371	653.3447	5.0913	6
155.45	20.3366	652.9885	5.1067	6
155.5	20.3359	652.3952	5.1021	6
155.55	20.3353	651.6533	5.0943	6
155.6	20.3344	651.2609	5.0805	6
155.65	20.3336	650.869	5.0851	6
155.7	20.3328	650.5103	5.09	6
155.75	20.3323	649.6254	5.0929	6
155.8	20.3312	649.6999	5.0978	6
155.85	20.3303	649.6709	5.0953	6
155.9	20.3301	648.6468	5.0925	6
155.95	20.3291	648.615	5.0871	6
156	20.3283	648.4981	5.0836	6
156.05	20.3279	647.6262	5.1013	6
156.1	20.3271	647.1258	5.1041	6
156.15	20.3261	647.1534	5.1125	6
156.2	20.3261	646.176	5.1062	6
156.25	20.3252	645.957	5.1094	6
156.3	20.3242	645.9537	5.1041	6
156.35	20.3235	645.5202	5.1043	6
156.4	20.3232	644.8789	5.1244	6
156.45	20.3225	644.6646	5.1102	6
156.5	20.3215	644.8465	5.1019	6
156.55	20.3212	644.3927	5.1165	6
156.6	20.3209	643.7284	5.1032	6
156.65	20.3199	643.8993	5.1039	6
156.7	20.319	643.9723	5.1035	6
156.75	20.3189	643.0546	5.0956	6
156.8	20.3182	643.0636	5.1042	6
156.85	20.317	643.7036	5.1002	6
156.9	20.3168	642.9874	5.1103	6
156.95	20.3163	642.2519	5.0984	6
157	20.315	642.9664	5.0941	6
157.05	20.3145	643.1286	5.1239	6
157.1	20.3145	642.1742	5.1173	6
157.15	20.3139	642.0627	5.0964	6
157.2	20.3125	642.9471	5.094	6
157.25	20.3128	641.8612	5.0983	6
157.3	20.3126	641.1811	5.1097	6
157.35	20.3114	642.0945	5.1076	6
157.4	20.3112	641.5795	5.0969	6
157.45	20.3113	640.4278	5.1006	6
157.5	20.3102	641.1571	5.1051	6
157.55	20.3097	641.0001	5.1082	6
157.6	20.3096	640.3449	5.1143	6
157.65	20.3093	639.7567	5.0964	6
157.7	20.3084	640.5509	5.0939	6
157.75	20.308	640.3985	5.1047	6
157.8	20.3082	639.7918	5.1166	6
157.85	20.3073	640.1812	5.1038	6
157.9	20.3067	640.7974	5.0958	6
157.95	20.3068	639.8099	5.1092	6
158	20.3064	639.789	5.0944	6
158.05	20.3052	640.4967	5.0963	6
158.1	20.3051	640.2564	5.0923	6
158.15	20.305	639.8061	5.0959	6
158.2	20.3042	640.2244	5.1231	6
158.25	20.3033	640.7464	5.1282	6
158.3	20.3031	640.1862	5.1309	6
158.35	20.3031	639.9451	5.1288	6
158.4	20.3019	640.5953	5.1252	6
158.45	20.3017	640.7364	5.1358	6
158.5	20.3015	640.2434	5.1306	6
158.55	20.3003	640.9707	5.117	6
158.6	20.2999	641.8263	5.1118	6
158.65	20.2999	640.7857	5.1153	6
158.7	20.2992	641.5257	5.1109	6
158.75	20.2985	642.4759	5.1102	6
158.8	20.2986	641.2492	5.1297	6
158.85	20.2989	640.9673	5.1244	6
158.9	20.2982	641.729	5.1081	6
158.95	20.2976	641.8145	5.1194	6
159	20.2985	640.8818	5.1176	6
159.05	20.2982	640.7566	5.1178	6
159.1	20.2974	641.0696	5.1266	6
159.15	20.2979	640.7216	5.1244	6
159.2	20.298	639.8869	5.1234	6
159.25	20.2972	640.4831	5.1299	6
159.3	20.2977	640.1833	5.1281	6
159.35	20.2974	639.5327	5.1302	6
159.4	20.2967	640.0602	5.1198	6
159.45	20.2969	640.0957	5.1258	6
159.5	20.2971	638.8698	5.1352	6
159.55	20.2968	638.9322	5.148	6
159.6	20.2966	639.4919	5.1472	6
159.65	20.2965	638.4937	5.1257	6
159.7	20.2964	638.0562	5.1246	6
159.75	20.2961	638.7979	5.1448	6
159.8	20.2956	638.811	5.1495	6
159.85	20.296	637.7243	5.1432	6
159.9	20.2958	638.3546	5.122	6
159.95	20.2949	638.8004	5.1203	6
160	20.2953	637.4868	5.1294	6
160.05	20.2956	637.7037	5.1255	6
160.1	20.295	638.1868	5.1368	6
160.15	20.2947	637.7095	5.1158	6
160.2	20.2952	637.2517	5.1233	6
160.25	20.2948	637.7446	5.1287	6
160.3	20.2939	637.7834	5.1099	6
160.35	20.2944	637.0341	5.1191	6
160.4	20.2944	637.2624	5.1163	6
160.45	20.2938	637.4764	5.1088	6
160.5	20.2934	637.361	5.119	6
160.55	20.294	637.0614	5.1204	6
160.6	20.2935	637.5385	5.1289	6
160.65	20.2931	637.0452	5.1212	6
160.7	20.2935	636.4714	5.1161	6
160.75	20.2936	636.8756	5.1347	6
160.8	20.2933	636.5734	5.1306	6
160.85	20.2929	636.3046	5.1219	6
160.9	20.293	636.7107	5.1117	6
160.95	20.2933	636.226	5.121	6
161	20.2927	635.7955	5.129	6
161.05	20.2926	635.8664	5.1237	6
161.1	20.2932	635.402	5.1204	6
161.15	20.2928	635.3989	5.0948	6
161.2	20.2928	634.8406	5.0986	6
161.25	20.2936	634.1931	5.1208	6
161.3	20.2933	634.7493	5.1263	6
161.35	20.2929	634.2048	5.1444	6
161.4	20.2933	633.0188	5.1353	6
161.45	20.2934	633.3048	5.1112	6
161.5	20.2932	633.2902	5.1095	6
161.55	20.2931	632.2263	5.1084	6
161.6	20.2931	632.4339	5.1235	6
161.65	20.2927	632.9456	5.1195	6
161.7	20.2924	632.2272	5.1125	6
161.75	20.2922	631.8416	5.1177	6
161.8	20.2924	632.2383	5.1237	6
161.85	20.2924	632.2359	5.1112	6
161.9	20.2925	630.895	5.0916	6
161.95	20.2921	631.2455	5.0888	6
162	20.2922	631.678	5.1026	6
162.05	20.2924	630.9544	5.1127	6
162.1	20.2921	630.2146	5.1024	6
162.15	20.2919	630.6953	5.1084	6
162.2	20.2925	630.4014	5.1145	6
162.25	20.2925	629.7063	5.1198	6
162.3	20.292	629.407	5.1189	6
162.35	20.2919	629.831	5.114	6
162.4	20.2923	629.6293	5.1311	6
162.45	20.2917	629.0362	5.1139	6
162.5	20.2911	629.2033	5.1023	6
162.55	20.2913	629.3266	5.1012	6
162.6	20.2915	628.875	5.0983	6
162.65	20.2909	628.7274	5.1121	6
162.7	20.2911	628.3314	5.1259	6
162.75	20.2912	628.7401	5.1227	6
162.8	20.2916	628.6884	5.1124	6
162.85	20.2912	628.2071	5.1095	6
162.9	20.2907	628.3922	5.1314	6
162.95	20.2907	628.674	5.1291	6
163	20.2911	628.281	5.1188	6
163.05	20.2906	627.9476	5.1199	6
163.1	20.2903	627.9717	5.1198	6
163.15	20.2906	627.9685	5.1146	6
163.2	20.2903	628.5519	5.1115	6
163.25	20.2897	628.2144	5.1057	6
163.3	20.2894	627.8331	5.1012	6
163.35	20.2893	628.6388	5.1082	6
163.4	20.2895	628.7153	5.1099	6
163.45	20.2894	628.5753	5.0998	6
163.5	20.289	628.2556	5.1123	6
163.55	20.2888	628.423	5.1189	6
163.6	20.289	628.7283	5.1058	6
163.65	20.289	629.2119	5.1132	6
163.7	20.2886	628.5962	5.1249	6
163.75	20.2883	628.3803	5.1212	6
163.8	20.2884	628.6317	5.1191	6
163.85	20.2888	628.5322	5.1123	6
163.9	20.2888	628.5881	5.113	6
163.95	20.2882	628.2508	5.109	6
164	20.2881	627.8552	5.1234	6
164.05	20.2882	628.0103	5.1268	6
164.1	20.2881	628.6575	5.1224	6
164.15	20.288	628.6733	5.1079	6
164.2	20.2876	627.7849	5.0894	6
164.25	20.2872	628.2095	5.1063	6
164.3	20.2873	628.7043	5.1134	6
164.35	20.2876	628.4913	5.0874	6
164.4	20.2874	628.5807	5.0936	6
164.45	20.2868	628.5484	5.1054	6
164.5	20.287	627.965	5.1006	6
164.55	20.2871	628.2585	5.1015	6
164.6	20.2869	629.1391	5.1084	6
164.65	20.287	629.1572	5.1097	6
164.7	20.2869	628.1444	5.0829	6
164.75	20.2864	628.2923	5.086	6
164.8	20.2863	628.6514	5.0965	6
164.85	20.2868	628.4076	5.0899	6
164.9	20.2871	628.4572	5.0987	6
164.95	20.2865	628.6752	5.1062	6
165	20.2861	628.0044	5.093	6
165.05	20.2863	627.6997	5.0828	6
165.1	20.2856	629.108	5.0849	6
165.15	20.2861	629.0177	5.0722	6
165.2	20.2865	628.3814	5.08	6
165.25	20.2854	628.7541	5.0863	6
165.3	20.2857	627.7764	5.0975	6
165.35	20.286	627.5281	5.0995	6
165.4	20.2856	628.3444	5.0875	6
165.45	20.2858	628.4662	5.0947	6
165.5	20.2862	627.9632	5.1007	6
165.55	20.2856	627.7029	5.1089	6
165.6	20.2854	627.5081	5.1255	6
165.65	20.2857	627.6367	5.1149	6
165.7	20.2859	627.8824	5.0999	6
165.75	20.2859	628.1294	5.0879	6
165.8	20.2858	628.1695	5.1104	6
165.85	20.2857	627.0796	5.122	6
165.9	20.285	627.5761	5.1135	6
165.95	20.2853	627.4197	5.1271	6
166	20.2859	627.0296	5.1302	6
166.05	20.2852	628.2391	5.1147	6
166.1	20.2856	627.5861	5.1058	6
166.15	20.2857	626.0421	5.0999	6
166.2	20.2848	627.0111	5.1137	6
166.25	20.2852	627.2523	5.1094	6
166.3	20.2862	626.0701	5.1034	6
166.35	20.2861	626.8454	5.1072	6
166.4	20.2857	626.9944	5.0891	6
166.45	20.2862	624.6657	5.081	6
166.5	20.2861	624.6505	5.0917	6
166.55	20.2855	625.8077	5.0841	6
166.6	20.2865	624.8666	5.0888	6
166.65	20.2871	624.0552	5.1105	6
166.7	20.2857	625.0849	5.103	6
166.75	20.2853	624.7566	5.1083	6
166.8	20.2863	623.6098	5.1111	6
166.85	20.2853	625.4182	5.0955	6
166.9	20.2852	626.1415	5.0916	6
166.95	20.2862	624.6944	5.0953	6
167	20.2851	625.0434	5.0878	6
167.05	20.2841	625.774	5.0859	6
167.1	20.2849	624.9892	5.0971	6
167.15	20.2847	625.5609	5.0963	6
167.2	20.2841	626.8636	5.1001	6
167.25	20.2845	626.5252	5.1018	6
167.3	20.2847	625.7416	5.1049	6
167.35	20.2834	626.2326	5.1158	6
167.4	20.2833	626.3549	5.1102	6
167.45	20.2837	626.2344	5.1039	6
167.5	20.2836	626.7031	5.1066	6
167.55	20.2837	627.0593	5.1175	6
167.6	20.2841	627.174	5.1158	6
167.65	20.2838	626.7696	5.0973	6
167.7	20.2834	625.8886	5.0906	6
167.75	20.2831	626.0067	5.0857	6
167.8	20.2833	626.0248	5.0802	6
167.85	20.2835	626.3119	5.0906	6
167.9	20.2836	626.521	5.0911	6
167.95	20.2838	626.6677	5.0956	6
168	20.2838	626.4931	5.1148	6
168.05	20.2834	625.9116	5.114	6
168.1	20.2834	625.6113	5.1103	6
168.15	20.2835	625.9605	5.1155	6
168.2	20.2835	626.2491	5.11	6
168.25	20.2836	626.4941	5.1115	6
168.3	20.2839	626.5433	5.0965	6
168.35	20.2835	627.0139	5.0886	6
168.4	20.2831	626.1787	5.1015	6
168.45	20.283	625.4488	5.1068	6
168.5	20.2823	626.5984	5.1178	6
168.55	20.2826	626.7812	5.1251	6
168.6	20.2834	626.0986	5.1398	6
168.65	20.2827	627.4852	5.1366	6
168.7	20.2827	627.8768	5.1268	6
168.75	20.2834	626.3827	5.1254	6
168.8	20.2823	626.4602	5.1095	6
168.85	20.2817	627.0452	5.1006	6
168.9	20.2823	626.7846	5.1077	6
168.95	20.2826	626.8359	5.114	6
169	20.2822	627.5626	5.1084	6
169.05	20.2822	627.7327	5.1049	6
169.1	20.2827	627.5226	5.0988	6
169.15	20.2826	627.2916	5.0947	6
169.2	20.2821	626.4251	5.089	6
169.25	20.2821	626.1533	5.1033	6
169.3	20.283	625.4539	5.1144	6
169.35	20.2827	625.8893	5.1033	6
169.4	20.2827	626.214	5.0987	6
169.45	20.2833	625.697	5.097	6
169.5	20.2837	625.4115	5.1109	6
169.55	20.2834	625.4416	5.1154	6
169.6	20.2831	624.6905	5.121	6
169.65	20.2836	623.9386	5.1141	6
169.7	20.2832	624.7679	5.1195	6
169.75	20.2833	624.9263	5.1337	6
169.8	20.284	624.4209	5.1206	6
169.85	20.2839	625.0385	5.0935	6
169.9	20.284	624.5842	5.0945	6
169.95	20.2838	623.3915	5.0992	6
170	20.2833	623.7656	5.1015	6
170.05	20.2834	623.9731	5.1248	6
170.1	20.2836	623.9626	5.1151	6
170.15	20.2839	623.98	5.1066	6
170.2	20.2839	624.3026	5.1134	6
170.25	20.2837	624.3	5.1082	6
170.3	20.2835	623.4583	5.1192	6
170.35	20.2835	623.1351	5.1142	6
170.4	20.2834	623.491	5.1114	6
170.45	20.2837	623.5229	5.1128	6
170.5	20.2844	623.2589	5.1194	6
170.55	20.2845	623.4937	5.1214	6
170.6	20.2842	623.2361	5.1127	6
170.65	20.2838	622.314	5.0989	6
170.7	20.2837	622.1246	5.0928	6
170.75	20.2836	622.5738	5.1014	6
170.8	20.2837	622.8021	5.103	6
170.85	20.2843	622.3467	5.0961	6
170.9	20.2841	622.884	5.1114	6
170.95	20.2839	622.4947	5.1066	6
171	20.2837	621.4812	5.0785	6
171.05	20.2835	621.5284	5.0871	6
171.1	20.2834	621.8948	5.1058	6
171.15	20.2836	621.9542	5.1023	6
171.2	20.284	621.5941	5.0968	6
171.25	20.284	621.9248	5.0821	6
171.3	20.2838	621.7461	5.0848	6
171.35	20.2837	620.4093	5.0892	6
171.4	20.2835	620.737	5.0971	6
171.45	20.2836	621.0307	5.0999	6
171.5	20.284	620.7044	5.1057	6
171.55	20.2838	621.3477	5.1076	6
171.6	20.2838	621.7547	5.0885	6
171.65	20.2835	621.4617	5.088	6
171.7	20.2829	620.9341	5.1082	6
171.75	20.2827	620.8468	5.0973	6
171.8	20.2822	621.6802	5.0941	6
171.85	20.2826	621.447	5.0822	6
171.9	20.2827	621.5763	5.069	6
171.95	20.2825	622.2225	5.0724	6
172	20.2825	622.4531	5.0806	6
172.05	20.2823	621.8505	5.0845	6
172.1	20.2817	621.4136	5.0812	6
172.15	20.2818	621.2809	5.0733	6
172.2	20.282	621.3114	5.0699	6
172.25	20.2822	621.5528	5.0791	6
172.3	20.2829	621.2068	5.091	6
172.35	20.283	621.3431	5.0881	6
172.4	20.2829	621.8453	5.1001	6
172.45	20.2832	621.037	5.1052	6
172.5	20.2829	620.2402	5.0752	6
172.55	20.2826	620.5003	5.0657	6
172.6	20.2828	620.3098	5.0593	6
172.65	20.2829	620.3641	5.061	6
172.7	20.2831	620.3912	5.0642	6
172.75	20.2834	620.3292	5.0679	6
172.8	20.2836	620.4986	5.0832	6
172.85	20.2833	619.8635	5.087	6
172.9	20.283	619.2831	5.0831	6
172.95	20.2827	619.8168	5.075	6
173	20.2831	619.6448	5.0718	6
173.05	20.2832	619.7909	5.0599	6
173.1	20.2833	619.8283	5.0533	6
173.15	20.2837	619.5864	5.062	6
173.2	20.2837	619.0998	5.0712	6
173.25	20.2828	618.6627	5.0675	6
173.3	20.2831	618.1026	5.0594	6
173.35	20.2832	618.285	5.0666	6
173.4	20.283	618.8365	5.0749	6
173.45	20.2834	618.6597	5.0831	6
173.5	20.2835	618.6558	5.0916	6
173.55	20.2835	618.4032	5.1074	6
173.6	20.2829	617.7831	5.1098	6
173.65	20.2825	617.6735	5.0967	6
173.7	20.2824	617.9345	5.0839	6
173.75	20.2827	617.9693	5.0839	6
173.8	20.2827	618.3618	5.0881	6
173.85	20.2828	618.5285	5.1037	6
173.9	20.2831	618.581	5.104	6
173.95	20.2832	618.1527	5.1192	6
174	20.2827	617.5723	5.1108	6
174.05	20.2823	617.4338	5.096	6
174.1	20.2823	617.5715	5.1113	6
174.15	20.2829	617.1934	5.1001	6
174.2	20.2828	617.5615	5.0879	6
174.25	20.283	617.7201	5.0929	6
174.3	20.2833	617.6357	5.0914	6
174.35	20.283	617.1084	5.0933	6
174.4	20.2821	616.8486	5.1005	6
174.45	20.2821	616.7206	5.1039	6
174.5	20.2822	616.912	5.1013	6
174.55	20.2822	617.1516	5.0857	6
174.6	20.2824	617.3415	5.0869	6
174.65	20.2823	617.7292	5.0929	6
174.7	20.2828	617.2928	5.1057	6
174.75	20.2823	617.6573	5.1035	6
174.8	20.2818	617.0335	5.094	6
174.85	20.2817	616.5385	5.0862	6
174.9	20.2817	616.7216	5.0913	6
174.95	20.2814	617.5353	5.1001	6
175	20.2818	617.3548	5.1228	6
175.05	20.2817	617.4677	5.1208	6
175.1	20.2815	617.8964	5.0986	6
175.15	20.2816	617.9715	5.0974	6
175.2	20.2818	617.2603	5.0872	6
175.25	20.2811	616.7157	5.0845	6
175.3	20.281	616.6963	5.0876	6
175.35	20.2813	616.44	5.0795	6
175.4	20.2816	616.3906	5.0846	6
175.45	20.2813	617.1624	5.0817	6
175.5	20.2818	616.5315	5.0904	6
175.55	20.2821	616.5346	5.0936	6
175.6	20.2819	617.1183	5.0943	6
175.65	20.282	616.5358	5.0792	6
175.7	20.2816	615.6606	5.0762	6
175.75	20.2811	616.1622	5.0858	6
175.8	20.2813	616.1762	5.1015	6
175.85	20.2815	616.1483	5.1124	6
175.9	20.2817	616.2369	5.0967	6
175.95	20.2815	616.4228	5.0911	6
176	20.2817	616.311	5.1032	6
176.05	20.2819	616.0935	5.0951	6
176.1	20.2817	615.7731	5.0881	6
176.15	20.2811	615.1111	5.105	6
176.2	20.2813	614.6066	5.1075	6
176.25	20.2811	615.1528	5.1043	6
176.3	20.2814	615.0712	5.1022	6
176.35	20.2813	615.2519	5.091	6
176.4	20.2816	615.1774	5.096	6
176.45	20.2817	615.2535	5.0985	6
176.5	20.2818	615.5628	5.0939	6
176.55	20.282	615.2418	5.0969	6
176.6	20.2817	614.3497	5.0883	6
176.65	20.2812	614.4106	5.0905	6
176.7	20.2815	614.5604	5.0935	6
176.75	20.282	614.2238	5.0838	6
176.8	20.2818	614.7217	5.0853	6
176.85	20.2816	615.4071	5.0983	6
176.9	20.2824	614.5135	5.1017	6
176.95	20.282	615.112	5.0923	6
177	20.2817	614.6265	5.0727	6
177.05	20.2817	613.1196	5.0819	6
177.1	20.2818	613.0714	5.1079	6
177.15	20.2817	613.5693	5.1201	6
177.2	20.2819	613.6263	5.1142	6
177.25	20.2824	613.1704	5.0985	6
177.3	20.2822	613.7633	5.1104	6
177.35	20.2822	614.12	5.1149	6
177.4	20.2829	612.8616	5.096	6
177.45	20.2819	612.7285	5.0917	6
177.5	20.2813	613.0353	5.0782	6
177.55	20.2821	612.1919	5.0647	6
177.6	20.2824	612.1645	5.0738	6
177.65	20.2818	613.3895	5.0924	6
177.7	20.2822	612.8529	5.096	6
177.75	20.2825	612.3142	5.0836	6
177.8	20.2819	613.5468	5.0923	6
177.85	20.282	612.645	5.0958	6
177.9	20.2817	611.2119	5.1023	6
177.95	20.2811	612.1156	5.1094	6
178	20.2812	612.2025	5.0907	6
178.05	20.2817	611.4309	5.0927	6
178.1	20.2813	612.1926	5.0935	6
178.15	20.2812	612.6958	5.0804	6
178.2	20.2819	611.918	5.0827	6
178.25	20.2821	611.9618	5.0752	6
178.3	20.2816	612.2488	5.1023	6
178.35	20.2814	611.2169	5.1205	6
178.4	20.2819	610.3216	5.1034	6
178.45	20.2809	611.6926	5.1083	6
178.5	20.2813	611.5736	5.1093	6
178.55	20.2817	611.1403	5.1193	6
178.6	20.2816	611.4293	5.113	6
178.65	20.2814	611.9019	5.0995	6
178.7	20.2821	611.214	5.1004	6
178.75	20.2821	610.4339	5.0989	6
178.8	20.2812	610.1647	5.1064	6
178.85	20.2812	609.8713	5.1107	6
178.9	20.2817	609.2589	5.0991	6
178.95	20.2814	609.9027	5.102	6
179	20.2816	610.1351	5.0965	6
179.05	20.2822	609.3228	5.0767	6
179.1	20.2822	609.3261	5.083	6
179.15	20.2818	610.3039	5.0855	6
179.2	20.2823	608.7897	5.0817	6
179.25	20.282	608.1198	5.0793	6
179.3	20.2816	608.7009	5.0935	6
179.35	20.2819	608.6603	5.0902	6
179.4	20.2821	608.4955	5.0779	6
179.45	20.282	608.8625	5.1078	6
179.5	20.2819	609.4114	5.1151	6
179.55	20.2823	608.9994	5.0923	6
179.6	20.2822	608.8386	5.0941	6
179.65	20.2817	608.0939	5.0946	6
179.7	20.2817	607.3618	5.1021	6
179.75	20.2819	607.3993	5.1108	6
179.8	20.2817	607.7905	5.0944	6
179.85	20.2819	607.7292	5.0911	6
179.9	20.2819	607.7521	5.0851	6
179.95	20.2822	607.6137	5.0946	6
180	20.282	608.0954	5.0933	6
180.05	20.2822	607.1936	5.0857	6
180.1	20.282	606.0112	5.0959	6
180.15	20.2814	606.4893	5.0947	6
180.2	20.2813	606.6037	5.0874	6
180.25	20.2817	606.4494	5.0927	6
180.3	20.2815	606.8561	5.0822	6
180.35	20.2815	607.2317	5.0796	6
180.4	20.2817	607.0815	5.1046	6
180.45	20.2821	606.9043	5.1103	6
180.5	20.2817	606.8159	5.1063	6
180.55	20.2813	605.8561	5.0858	6
180.6	20.2811	605.8223	5.0858	6
180.65	20.2811	606.0955	5.0978	6
180.7	20.2812	606.2899	5.0987	6
180.75	20.2814	606.4239	5.1035	6
180.8	20.2815	606.2763	5.0841	6
180.85	20.2811	606.5632	5.0827	6
180.9	20.2815	606.2158	5.0768	6
180.95	20.2817	606.2876	5.0735	6
181	20.281	605.994	5.0813	6
181.05	20.2812	605.0369	5.0715	6
181.1	20.2811	605.2569	5.076	6
181.15	20.2811	605.4722	5.0727	6
181.2	20.2814	605.2889	5.0751	6
181.25	20.2812	605.6814	5.0869	6
181.3	20.2811	606.0047	5.0925	6
181.35	20.2815	605.7501	5.0868	6
181.4	20.2815	606.0061	5.0829	6
181.45	20.2807	605.9122	5.0791	6
181.5	20.2809	604.0919	5.0926	6
181.55	20.2804	604.7322	5.0866	6
181.6	20.2803	605.014	5.0756	6
181.65	20.2807	604.4513	5.0649	6
181.7	20.2808	604.7075	5.066	6
181.75	20.2806	605.4743	5.074	6
181.8	20.281	605.0654	5.073	6
181.85	20.2812	604.8882	5.0756	6
181.9	20.2809	605.3405	5.0799	6
181.95	20.2805	604.764	5.0651	6
182	20.2805	603.6154	5.066	6
182.05	20.2798	604.6094	5.0671	6
182.1	20.2797	604.9414	5.059	6
182.15	20.2799	604.6905	5.0746	6
182.2	20.2796	605.4151	5.0713	6
182.25	20.2795	605.8844	5.0657	6
182.3	20.2801	605.3193	5.0836	6
182.35	20.28	605.6691	5.0971	6
182.4	20.2799	606.1384	5.108	6
182.45	20.2802	605.8167	5.1093	6
182.5	20.2802	605.293	5.0971	6
182.55	20.279	605.5043	5.0962	6
182.6	20.279	604.8853	5.0985	6
182.65	20.2791	604.8041	5.0842	6
182.7	20.2787	605.6839	5.071	6
182.75	20.2788	605.7224	5.0747	6
182.8	20.2791	605.4746	5.086	6
182.85	20.2788	605.96	5.0623	6
182.9	20.2786	606.1851	5.0594	6
182.95	20.2786	606.3664	5.0747	6
183	20.2788	606.3692	5.0809	6
183.05	20.2786	606.8521	5.0891	6
183.1	20.2785	607.0616	5.0835	6
183.15	20.2787	607.0497	5.0975	6
183.2	20.2786	607.0322	5.0925	6
183.25	20.2784	606.2171	5.0784	6
183.3	20.2777	606.147	5.0918	6
183.35	20.2777	606.0958	5.0857	6
183.4	20.2779	606.1536	5.1107	6
183.45	20.2778	606.3508	5.1299	6
183.5	20.2776	606.651	5.1178	6
183.55	20.2778	606.5242	5.1098	6
183.6	20.2782	606.1565	5.1056	6
183.65	20.2782	606.556	5.1157	6
183.7	20.2781	606.8987	5.1225	6
183.75	20.279	605.8316	5.1028	6
183.8	20.2784	606.8674	5.0985	6
183.85	20.2786	606.8739	5.0974	6
183.9	20.279	606.5699	5.1019	6
183.95	20.279	606.857	5.0854	6
184	20.2784	607.0243	5.081	6
184.05	20.2781	605.9695	5.0858	6
184.1	20.2779	605.2817	5.0846	6
184.15	20.2776	605.6943	5.0929	6
184.2	20.2775	606.0192	5.1062	6
184.25	20.2777	606.0437	5.0945	6
184.3	20.2778	606.1688	5.0821	6
184.35	20.2775	606.5805	5.0686	6
184.4	20.2775	606.6595	5.0787	6
184.45	20.2778	606.3448	5.097	6
184.5	20.2779	606.461	5.0789	6
184.55	20.2779	606.8778	5.0705	6
184.6	20.2783	606.5441	5.0823	6
184.65	20.2785	606.4838	5.0902	6
184.7	20.2784	606.9395	5.0901	6
184.75	20.2785	606.9702	5.0677	6
184.8	20.2786	606.8927	5.0711	6
184.85	20.2784	607.3005	5.0916	6
184.9	20.2782	606.7684	5.0849	6
184.95	20.2782	605.6462	5.0803	6
185	20.2778	606.1337	5.0739	6
185.05	20.2776	606.5734	5.0991	6
185.1	20.2783	605.7293	5.1113	6
185.15	20.278	606.3636	5.0972	6
185.2	20.2781	606.3878	5.0965	6
185.25	20.2787	605.6287	5.0879	6
185.3	20.2783	606.2855	5.0948	6
185.35	20.2781	606.7231	5.0844	6
185.4	20.2789	606.0268	5.0806	6
185.45	20.2787	606.6041	5.1067	6
185.5	20.2784	607.0379	5.1138	6
185.55	20.2786	606.7199	5.1136	6
185.6	20.2789	606.6007	5.0974	6
185.65	20.2786	606.983	5.0843	6
185.7	20.2781	606.0518	5.0925	6
185.75	20.2777	605.4612	5.0888	6
185.8	20.2772	606.2154	5.0836	6
185.85	20.2775	606.1795	5.0943	6
185.9	20.2776	606.1303	5.0913	6
185.95	20.2771	606.8213	5.0827	6
186	20.2773	606.816	5.0786	6
186.05	20.2779	606.1234	5.0822	6
186.1	20.2773	607.056	5.0793	6
186.15	20.2773	607.1641	5.0746	6
186.2	20.278	606.3536	5.0855	6
186.25	20.2776	607.3205	5.09	6
186.3	20.2774	607.7387	5.0886	6
186.35	20.2782	606.4987	5.0812	6
186.4	20.2776	607.5163	5.0733	6
186.45	20.2776	607.8878	5.101	6
186.5	20.2783	607.0581	5.1133	6
186.55	20.2781	607.6516	5.0951	6
186.6	20.2774	607.7197	5.0893	6
186.65	20.2773	606.3916	5.1015	6
186.7	20.2773	606.1744	5.1066	6
186.75	20.2768	607.0128	5.097	6
186.8	20.2772	606.8182	5.0834	6
186.85	20.2775	606.409	5.0876	6
186.9	20.2768	607.3405	5.0749	6
186.95	20.2771	607.0641	5.088	6
187	20.2773	606.9876	5.1028	6
187.05	20.2775	607.1017	5.0864	6
187.1	20.2773	607.4378	5.0934	6
187.15	20.2774	607.3114	5.1098	6
187.2	20.2776	607.0505	5.111	6
187.25	20.2771	608.0139	5.1001	6
187.3	20.2775	607.8276	5.0867	6
187.35	20.2781	607.2631	5.092	6
187.4	20.2778	607.9476	5.1017	6
187.45	20.278	607.941	5.0912	6
187.5	20.2787	607.4375	5.0904	6
187.55	20.2783	607.7017	5.1051	6
187.6	20.2778	606.9915	5.1196	6
187.65	20.2773	606.6562	5.1233	6
187.7	20.2774	606.6086	5.1172	6
187.75	20.2769	607.2431	5.1139	6
187.8	20.2768	607.3409	5.1126	6
187.85	20.2771	607.0795	5.1098	6
187.9	20.2772	607.2327	5.091	6
187.95	20.2771	607.5667	5.0821	6
188	20.2774	607.3997	5.1058	6
188.05	20.2774	607.4582	5.114	6
188.1	20.2775	607.5565	5.123	6
188.15	20.2775	607.9452	5.1294	6
188.2	20.2777	607.951	5.1184	6
188.25	20.278	607.6842	5.116	6
188.3	20.2776	608.39	5.117	6
188.35	20.2777	608.4103	5.1159	6
188.4	20.2779	608.1754	5.1272	6
188.45	20.2779	608.4192	5.1168	6
188.5	20.278	608.4075	5.1027	6
188.55	20.2776	607.9239	5.1065	6
188.6	20.2771	607.2894	5.1236	6
188.65	20.2773	606.9194	5.1369	6
188.7	20.2774	606.7962	5.1242	6
188.75	20.2773	607.1703	5.1307	6
188.8	20.2776	607.0101	5.1366	6
188.85	20.2777	606.8799	5.1176	6
188.9	20.2779	607.0944	5.1135	6
188.95	20.2782	606.7294	5.1036	6
189	20.2784	606.5014	5.1076	6
189.05	20.2785	606.6807	5.1188	6
189.1	20.2788	606.4164	5.1206	6
189.15	20.2792	606.2611	5.1256	6
189.2	20.2793	606.4557	5.1271	6
189.25	20.2795	606.3256	5.1121	6
189.3	20.2796	606.2966	5.1115	6
189.35	20.2792	605.6858	5.1167	6
189.4	20.2786	604.7902	5.1287	6
189.45	20.2783	604.9654	5.1193	6
189.5	20.2784	605.054	5.1154	6
189.55	20.2787	604.9993	5.1195	6
189.6	20.2787	605.2786	5.1168	6
189.65	20.2787	605.5049	5.1054	6
189.7	20.2786	605.3949	5.0999	6
189.75	20.2788	605.4296	5.1089	6
189.8	20.2783	606.1955	5.1143	6
189.85	20.2792	605.3199	5.105	6
189.9	20.2787	606.15	5.0961	6
189.95	20.2787	606.5307	5.092	6
190	20.2795	605.5388	5.1028	6
190.05	20.2791	605.8739	5.1204	6
190.1	20.2784	605.5118	5.1061	6
190.15	20.279	604.2385	5.1028	6
190.2	20.2788	604.541	5.0928	6
190.25	20.2785	605.2877	5.0784	6
190.3	20.2786	605.2683	5.0909	6
190.35	20.2791	604.557	5.0776	6
190.4	20.2786	605.3451	5.0901	6
190.45	20.2785	605.6959	5.1032	6
190.5	20.2791	604.9545	5.0845	6
190.55	20.2791	605.1994	5.101	6
190.6	20.2789	605.8017	5.1321	6
190.65	20.2792	605.4791	5.1333	6
190.7	20.2795	605.2439	5.1204	6
190.75	20.2786	606.1554	5.1214	6
190.8	20.2786	604.9902	5.123	6
190.85	20.2782	604.5697	5.1164	6
190.9	20.2779	605.1367	5.1106	6
190.95	20.278	605.1147	5.1117	6
191	20.2782	604.9554	5.1046	6
191.05	20.2781	605.2058	5.1122	6
191.1	20.2786	604.792	5.1021	6
191.15	20.2785	605.1105	5.1056	6
191.2	20.2788	604.9218	5.1168	6
191.25	20.2787	605.2703	5.1147	6
191.3	20.2792	604.8459	5.1249	6
191.35	20.2792	605.0112	5.1119	6
191.4	20.279	605.3163	5.0953	6
191.45	20.2793	604.9356	5.1052	6
191.5	20.279	604.6323	5.1039	6
191.55	20.2784	604.3013	5.1041	6
191.6	20.2785	603.7164	5.0998	6
191.65	20.2783	604.0867	5.1029	6
191.7	20.2783	604.2859	5.0986	6
191.75	20.2786	603.9504	5.0798	6
191.8	20.2783	604.3343	5.0861	6
191.85	20.2784	604.4359	5.0929	6
191.9	20.2787	603.9951	5.091	6
191.95	20.2789	604.0068	5.0963	6
192	20.279	604.1577	5.0978	6
192.05	20.2796	603.6659	5.1127	6
192.1	20.2795	603.9738	5.1109	6
192.15	20.2793	604.4391	5.1064	6
192.2	20.2793	603.8793	5.1233	6
192.25	20.2785	603.0727	5.1134	6
192.3	20.278	602.9482	5.0909	6
192.35	20.278	603.3547	5.1065	6
192.4	20.2786	602.9489	5.116	6
192.45	20.2784	603.1519	5.1161	6
192.5	20.278	603.8558	5.1252	6
192.55	20.2787	603.3501	5.1293	6
192.6	20.2786	603.6324	5.1079	6
192.65	20.2783	604.1179	5.121	6
192.7	20.2782	604.0783	5.1324	6
192.75	20.2782	604.2247	5.1239	6
192.8	20.2785	604.2229	5.1258	6
192.85	20.2782	604.5199	5.1255	6
192.9	20.2778	605.0752	5.1286	6
192.95	20.2781	604.8633	5.1294	6
193	20.278	604.4468	5.125	6
193.05	20.277	604.4292	5.1117	6
193.1	20.2768	604.4875	5.1085	6
193.15	20.2771	604.2501	5.1139	6
193.2	20.277	604.4981	5.1325	6
193.25	20.2767	605.0834	5.1438	6
193.3	20.277	604.636	5.1418	6
193.35	20.2771	604.6934	5.1318	6
193.4	20.2769	605.2581	5.1262	6
193.45	20.277	604.9945	5.1354	6
193.5	20.2773	604.5888	5.132	6
193.55	20.2772	605.063	5.112	6
193.6	20.2772	605.1984	5.1061	6
193.65	20.278	604.1409	5.1227	6
193.7	20.2777	604.7668	5.1307	6
193.75	20.2775	605.3255	5.1313	6
193.8	20.2783	604.2289	5.111	6
193.85	20.2779	604.8963	5.08	6
193.9	20.2779	605.2603	5.0851	6
193.95	20.2783	604.5781	5.1097	6
194	20.2784	603.9294	5.1209	6
194.05	20.2776	603.5499	5.1117	6
194.1	20.2775	603.0301	5.1148	6
194.15	20.2775	602.9874	5.114	6
194.2	20.2774	603.5129	5.1075	6
194.25	20.2777	603.2027	5.1264	6
194.3	20.278	603.0381	5.1294	6
194.35	20.2779	603.5269	5.1283	6
194.4	20.2778	603.7019	5.1083	6
194.45	20.2781	603.156	5.0944	6
194.5	20.2776	603.7864	5.0941	6
194.55	20.2774	604.2597	5.0917	6
194.6	20.2778	603.8509	5.0888	6
194.65	20.2776	604.2813	5.0655	6
194.7	20.2776	604.3516	5.0499	6
194.75	20.2778	604.2304	5.0749	6
194.8	20.2779	604.2495	5.0918	6
194.85	20.278	604.156	5.099	6
194.9	20.2778	604.2182	5.0864	6
194.95	20.2773	603.7932	5.0687	6
195	20.277	603.2648	5.0756	6
195.05	20.2774	602.9168	5.0917	6
195.1	20.2769	603.7448	5.0916	6
195.15	20.2771	603.5163	5.0991	6
195.2	20.2775	603.0956	5.1028	6
195.25	20.2773	603.6952	5.1198	6
195.3	20.2771	604.0935	5.1095	6
195.35	20.2771	604.1607	5.0874	6
195.4	20.2771	604.3876	5.0947	6
195.45	20.2771	604.4117	5.1075	6
195.5	20.2769	604.7721	5.0912	6
195.55	20.2772	604.4614	5.0858	6
195.6	20.2773	604.4167	5.101	6
195.65	20.2772	604.8274	5.1096	6
195.7	20.2774	604.6675	5.0943	6
195.75	20.2778	604.3471	5.1046	6
195.8	20.2776	604.8267	5.0929	6
195.85	20.2782	604.2512	5.0945	6
195.9	20.2783	603.9936	5.1079	6
195.95	20.2774	603.6886	5.1042	6
196	20.2777	602.296	5.1002	6
196.05	20.2775	602.5427	5.097	6
196.1	20.2775	602.6276	5.0871	6
196.15	20.278	602.1932	5.0973	6
196.2	20.2781	602.2008	5.0932	6
196.25	20.2783	602.069	5.0997	6
196.3	20.2788	601.4059	5.1085	6
196.35	20.2791	601.0741	5.1066	6
196.4	20.2789	601.579	5.1163	6
196.45	20.2793	601.1883	5.1143	6
196.5	20.2796	600.7882	5.1152	6
196.55	20.2793	601.378	5.1295	6
196.6	20.2794	601.5027	5.1345	6
196.65	20.2801	600.417	5.1221	6
196.7	20.2795	599.9726	5.1161	6
196.75	20.2789	599.9883	5.1054	6
196.8	20.2794	599.2177	5.1128	6
196.85	20.2794	599.2568	5.1207	6
196.9	20.279	600.1354	5.1331	6
196.95	20.2794	599.796	5.1265	6
197	20.2799	599.1799	5.1187	6
197.05	20.2793	600.0935	5.1021	6
197.1	20.2795	599.779	5.0948	6
197.15	20.2801	599.2079	5.1105	6
197.2	20.2796	600.079	5.1145	6
197.25	20.2797	599.9811	5.1173	6
197.3	20.2798	598.8627	5.11	6
197.35	20.2793	598.2872	5.1032	6
197.4	20.279	598.6922	5.1043	6
197.45	20.2794	598.209	5.0984	6
197.5	20.2796	597.9711	5.0793	6
197.55	20.2792	598.8398	5.0959	6
197.6	20.2796	598.5213	5.1017	6
197.65	20.2797	598.413	5.0933	6
197.7	20.2792	599.314	5.0984	6
197.75	20.2796	599.0577	5.1007	6
197.8	20.28	598.7328	5.1123	6
197.85	20.2801	598.8674	5.0903	6
197.9	20.2796	599.3102	5.0814	6
197.95	20.2795	597.8642	5.0988	6
198	20.2795	597.2424	5.0903	6
198.05	20.2787	598.488	5.0941	6
198.1	20.2791	598.182	5.1005	6
198.15	20.2795	598.0439	5.0958	6
198.2	20.2792	598.5188	5.0995	6
198.25	20.2791	598.8439	5.1088	6
198.3	20.2792	598.5436	5.0986	6
198.35	20.2794	598.3373	5.1092	6
198.4	20.2792	598.8577	5.1247	6
198.45	20.2793	598.7674	5.1344	6
198.5	20.2798	598.1575	5.1258	6
198.55	20.279	599.001	5.1155	6
198.6	20.2786	598.0625	5.0996	6
198.65	20.2789	596.8761	5.102	6
198.7	20.2783	597.9675	5.1272	6
198.75	20.2783	598.0203	5.1202	6
198.8	20.2788	597.3657	5.1082	6
198.85	20.2782	598.1087	5.1263	6
198.9	20.2782	598.2604	5.1156	6
198.95	20.2785	597.9664	5.0973	6
199	20.2782	598.4199	5.0976	6
199.05	20.2782	598.675	5.1014	6
199.1	20.2786	598.1284	5.0999	6
199.15	20.2785	598.5025	5.0797	6
199.2	20.2787	598.5816	5.0914	6
199.25	20.2787	598.5745	5.1036	6
199.3	20.2784	598.4287	5.104	6
199.35	20.2777	597.9093	5.1135	6
199.4	20.2775	597.8321	5.1237	6
199.45	20.2778	597.4128	5.1127	6
199.5	20.2776	597.6042	5.1101	6
199.55	20.2775	598.0659	5.1141	6
199.6	20.2782	597.3519	5.1132	6
199.65	20.278	597.7806	5.0936	6
199.7	20.2779	598.0149	5.0961	6
199.75	20.2783	597.3934	5.0846	6
199.8	20.2781	597.872	5.0797	6
199.85	20.2784	597.907	5.0959	6
199.9	20.2791	597.021	5.0984	6
199.95	20.2788	597.6702	5.0891	6
200	20.2787	597.9467	5.0958	6
200.05	20.2795	597.096	5.0932	6
200.1	20.2788	597.5245	5.0811	6
200.15	20.2779	597.0259	5.0798	6
200.2	20.2775	596.4575	5.0863	6
200.25	20.2777	596.3792	5.0798	6
200.3	20.2772	597.1633	5.0749	6
200.35	20.2771	597.453	5.0948	6
200.4	20.2777	596.7737	5.0941	6
200.45	20.277	597.737	5.0812	6
200.5	20.2767	598.3126	5.073	6
200.55	20.2773	597.7769	5.0807	6
200.6	20.2771	598.0318	5.0953	6
200.65	20.2767	598.8147	5.1079	6
200.7	20.2767	598.9454	5.1083	6
200.75	20.2772	598.459	5.0904	6
200.8	20.277	598.9426	5.0776	6
200.85	20.2765	599.6558	5.0868	6
200.9	20.277	599.0742	5.098	6
200.95	20.2773	598.7518	5.1023	6
201	20.2764	600.2254	5.1044	6
201.05	20.2767	600.0229	5.1087	6
201.1	20.2776	598.7378	5.1148	6
201.15	20.2767	600.049	5.1055	6
201.2	20.2766	599.9951	5.1146	6
201.25	20.2765	598.4448	5.1199	6
201.3	20.2761	598.3304	5.1104	6
201.35	20.2755	599.1337	5.1052	6
201.4	20.2755	599.0948	5.0976	6
201.45	20.2757	598.9271	5.0997	6
201.5	20.2756	599.3634	5.1048	6
201.55	20.2758	599.3039	5.0941	6
201.6	20.2758	598.9877	5.0849	6
201.65	20.2758	599.2073	5.0915	6
201.7	20.2761	599.0367	5.094	6
201.75	20.2763	599.0737	5.0956	6
201.8	20.2759	599.6255	5.0843	6
201.85	20.2761	599.3588	5.085	6
201.9	20.2762	599.1806	5.0845	6
201.95	20.276	599.671	5.0833	6
202	20.276	599.8677	5.0899	6
202.05	20.2765	599.4564	5.0829	6
202.1	20.2765	599.6989	5.0882	6
202.15	20.2765	599.7665	5.0994	6
202.2	20.2767	599.5044	5.0946	6
202.25	20.2765	599.8588	5.101	6
202.3	20.2763	600.1726	5.101	6
202.35	20.2769	599.4389	5.1082	6
202.4	20.2763	600.3651	5.1168	6
202.45	20.2764	600.4169	5.1136	6
202.5	20.2768	599.8591	5.1258	6
202.55	20.2767	600.3106	5.1192	6
202.6	20.2767	600.5256	5.1045	6
202.65	20.2773	599.5846	5.1064	6
202.7	20.2766	600.3178	5.0997	6
202.75	20.2762	599.849	5.1028	6
202.8	20.2764	598.247	5.1124	6
202.85	20.2756	599.0262	5.1094	6
202.9	20.2755	599.5114	5.1162	6
202.95	20.276	598.7173	5.1283	6
203	20.276	598.805	5.1354	6
203.05	20.2759	599.0606	5.118	6
203.1	20.2761	599.0251	5.0999	6
203.15	20.2769	598.1296	5.1121	6
203.2	20.2768	598.1808	5.1233	6
203.25	20.2764	598.7646	5.1233	6
203.3	20.2772	597.8741	5.1384	6
203.35	20.2773	597.6621	5.1286	6
203.4	20.2769	598.3441	5.1288	6
203.45	20.2776	597.3176	5.121	6
203.5	20.278	596.905	5.1157	6
203.55	20.2779	597.2986	5.1161	6
203.6	20.2784	596.8186	5.1143	6
203.65	20.2791	596.0382	5.1359	6
203.7	20.279	596.4835	5.1476	6
203.75	20.2791	596.6313	5.1267	6
203.8	20.2795	595.4553	5.1216	6
203.85	20.2787	594.8623	5.114	6
203.9	20.2786	594.7552	5.0916	6
203.95	20.2789	594.4621	5.0929	6
204	20.2791	594.2532	5.1164	6
204.05	20.2786	594.9386	5.1331	6
204.1	20.279	594.5145	5.1274	6
204.15	20.279	594.5676	5.1178	6
204.2	20.2789	595.0144	5.1213	6
204.25	20.2791	594.8928	5.122	6
204.3	20.2795	594.5298	5.1344	6
204.35	20.2792	594.8258	5.1331	6
204.4	20.2793	594.7461	5.1329	6
204.45	20.2797	593.8929	5.1355	6
204.5	20.2787	593.7818	5.1305	6
204.55	20.2784	593.4523	5.1142	6
204.6	20.2791	592.6641	5.102	6
204.65	20.2788	593.3087	5.1208	6
204.7	20.2787	593.6039	5.1323	6
204.75	20.2787	593.4581	5.1116	6
204.8	20.279	593.1627	5.1037	6
204.85	20.2784	593.9553	5.1132	6
204.9	20.2786	593.8425	5.1021	6
204.95	20.2789	593.5135	5.0966	6
205	20.2786	594.2374	5.0943	6
205.05	20.2789	593.9564	5.1	6
205.1	20.2793	593.5365	5.0956	6
205.15	20.2789	594.0638	5.0843	6
205.2	20.2786	593.395	5.0836	6
205.25	20.2784	592.355	5.0819	6
205.3	20.2782	592.525	5.0793	6
205.35	20.2782	592.913	5.097	6
205.4	20.2783	592.7249	5.1145	6
205.45	20.2779	593.2074	5.1135	6
205.5	20.2781	593.0632	5.1018	6
205.55	20.2781	593.2496	5.1114	6
205.6	20.2781	593.3689	5.1219	6
205.65	20.2781	593.285	5.1099	6
205.7	20.278	593.6617	5.0945	6
205.75	20.2781	593.6792	5.1058	6
205.8	20.2779	594.154	5.1092	6
205.85	20.2778	594.5427	5.1121	6
205.9	20.2781	594.1312	5.1067	6
205.95	20.278	594.4618	5.1059	6
206	20.2776	594.7546	5.1034	6
206.05	20.2775	593.6835	5.1132	6
206.1	20.2772	592.5723	5.1122	6
206.15	20.2766	593.5996	5.1039	6
206.2	20.2769	593.2652	5.1094	6
206.25	20.2769	593.2221	5.1148	6
206.3	20.2764	594.1075	5.1242	6
206.35	20.2764	594.1116	5.123	6
206.4	20.2767	593.9266	5.1108	6
206.45	20.2765	594.4785	5.1167	6
206.5	20.2766	594.5076	5.118	6
206.55	20.2766	594.6795	5.1092	6
206.6	20.2766	594.6874	5.1141	6
206.65	20.2761	595.4315	5.1242	6
206.7	20.2763	595.3611	5.1249	6
206.75	20.2764	594.9388	5.1245	6
206.8	20.276	595.7939	5.1202	6
206.85	20.2763	595.6062	5.1229	6
206.9	20.2766	595.2891	5.1118	6
206.95	20.2765	595.7777	5.1184	6
207	20.2764	595.9909	5.1273	6
207.05	20.2766	595.7317	5.1295	6
207.1	20.2766	595.8771	5.1466	6
207.15	20.2765	596.1842	5.1517	6
207.2	20.2766	596.0167	5.1347	6
207.25	20.2767	596.0954	5.101	6
207.3	20.2766	596.3624	5.0878	6
207.35	20.2765	595.7049	5.1034	6
207.4	20.2757	595.2718	5.0956	6
207.45	20.2755	595.2657	5.0886	6
207.5	20.2756	595.0229	5.1097	6
207.55	20.2757	595.1179	5.1141	6
207.6	20.2757	595.4376	5.1038	6
207.65	20.2761	594.7641	5.1039	6
207.7	20.2758	595.2535	5.1059	6
207.75	20.2757	595.555	5.1084	6
207.8	20.2759	595.5551	5.1027	6
207.85	20.276	595.452	5.1008	6
207.9	20.2755	596.4101	5.0971	6
207.95	20.2755	596.4544	5.1018	6
208	20.2763	595.4883	5.1021	6
208.05	20.2755	596.7038	5.0963	6
208.1	20.2757	596.7077	5.0831	6
208.15	20.2762	595.9886	5.0692	6
208.2	20.2756	596.9582	5.07	6
208.25	20.2754	597.2325	5.088	6
208.3	20.2761	596.2437	5.1	6
208.35	20.276	596.8953	5.1091	6
208.4	20.2757	597.4174	5.1184	6
208.45	20.2761	596.6996	5.1012	6
208.5	20.2758	597.2898	5.0887	6
208.55	20.2756	597.6763	5.0807	6
208.6	20.2762	597.2367	5.0844	6
208.65	20.2758	597.8477	5.098	6
208.7	20.2758	597.8505	5.1039	6
208.75	20.276	597.5511	5.1008	6
208.8	20.2759	597.6333	5.0946	6
208.85	20.276	597.7887	5.0921	6
208.9	20.2761	597.8295	5.0904	6
208.95	20.276	598.0244	5.0887	6
209	20.2761	598.0842	5.0998	6
209.05	20.2761	598.4215	5.096	6
209.1	20.2765	598.2998	5.0943	6
209.15	20.276	597.6239	5.1117	6
209.2	20.2753	597.196	5.1138	6
209.25	20.2751	597.1483	5.1035	6
209.3	20.2751	597.1253	5.0939	6
209.35	20.2748	597.553	5.0814	6
209.4	20.2747	597.7661	5.0822	6
209.45	20.2745	597.9576	5.0877	6
209.5	20.2747	597.8427	5.0792	6
209.55	20.2748	597.74	5.0761	6
209.6	20.2745	597.9937	5.0997	6
209.65	20.2747	598.0076	5.1184	6
209.7	20.2751	597.8213	5.1028	6
209.75	20.2749	598.3132	5.0927	6
209.8	20.275	598.3468	5.093	6
209.85	20.2753	597.9706	5.0831	6
209.9	20.2748	598.728	5.0831	6
209.95	20.2751	598.5375	5.0791	6
210	20.2751	598.5448	5.0645	6
210.05	20.2751	598.7743	5.0715	6
210.1	20.2751	598.8772	5.0783	6
210.15	20.2749	598.9337	5.0782	6
210.2	20.275	598.9126	5.0857	6
210.25	20.2749	599.1575	5.1049	6
210.3	20.275	599.1521	5.0945	6
210.35	20.2754	598.8695	5.0819	6
210.4	20.2752	599.2544	5.0839	6
210.45	20.2751	599.5638	5.0971	6
210.5	20.2752	599.5425	5.11	6
210.55	20.2754	599.3776	5.1043	6
210.6	20.2752	599.7813	5.0955	6
210.65	20.2753	599.6521	5.0977	6
210.7	20.2756	599.3861	5.0829	6
210.75	20.2757	599.3274	5.0719	6
210.8	20.2758	599.355	5.0651	6
210.85	20.2761	599.005	5.071	6
210.9	20.2761	599.1427	5.0864	6
210.95	20.2762	599.0837	5.0912	6
211	20.2767	598.7364	5.0931	6
211.05	20.2769	598.8333	5.1183	6
211.1	20.2769	598.8166	5.111	6
211.15	20.2772	598.6671	5.1005	6
211.2	20.2774	598.5732	5.1089	6
211.25	20.2773	598.8154	5.1102	6
211.3	20.2771	599.2161	5.1069	6
211.35	20.2776	597.9641	5.0942	6
211.4	20.2766	597.6025	5.083	6
211.45	20.2758	597.8866	5.107	6
211.5	20.2762	597.4643	5.1272	6
211.55	20.2762	597.654	5.1293	6
211.6	20.276	598.1768	5.1316	6
211.65	20.2764	597.6786	5.1263	6
211.7	20.2763	597.7288	5.1211	6
211.75	20.2761	598.1471	5.1145	6
211.8	20.2764	597.9026	5.1262	6
211.85	20.2768	597.2209	5.1292	6
211.9	20.2768	597.3033	5.1081	6
211.95	20.2769	597.5424	5.09	6
212	20.2771	597.2171	5.0795	6
212.05	20.2774	596.7974	5.0803	6
212.1	20.2768	597.4717	5.092	6
212.15	20.2772	597.1222	5.0812	6
212.2	20.2775	596.6613	5.0716	6
212.25	20.2772	597.2657	5.0832	6
212.3	20.2774	597.1292	5.0868	6
212.35	20.2775	596.8623	5.0792	6
212.4	20.2773	597.4362	5.0842	6
212.45	20.2775	597.3177	5.0996	6
212.5	20.2778	597.1409	5.0875	6
212.55	20.2775	596.9467	5.0876	6
212.6	20.2768	596.0721	5.0855	6
212.65	20.2763	596.1207	5.0845	6
212.7	20.2763	596.4457	5.0929	6
212.75	20.2765	596.2956	5.0981	6
212.8	20.2764	596.7382	5.1054	6
212.85	20.2764	596.7966	5.0986	6
212.9	20.2765	596.6238	5.0658	6
212.95	20.2767	596.5726	5.067	6
213	20.2765	597.0239	5.0804	6
213.05	20.2766	596.8987	5.0759	6
213.1	20.2768	596.6545	5.0756	6
213.15	20.2764	597.2369	5.0784	6
213.2	20.2765	597.2223	5.0839	6
213.25	20.2768	596.9016	5.0895	6
213.3	20.2769	597.0866	5.1045	6
213.35	20.277	597.1029	5.1152	6
213.4	20.2773	596.7245	5.0928	6
213.45	20.2771	596.8492	5.0767	6
213.5	20.2773	596.7395	5.0693	6
213.55	20.2776	596.394	5.0479	6
213.6	20.2775	596.7099	5.0578	6
213.65	20.2772	597.119	5.0587	6
213.7	20.2779	596.0724	5.0748	6
213.75	20.2772	595.7831	5.0945	6
213.8	20.2764	595.7666	5.0976	6
213.85	20.2769	595.0495	5.0904	6
213.9	20.2767	595.3272	5.0754	6
213.95	20.2765	595.9185	5.0838	6
214	20.2768	595.6223	5.0866	6
214.05	20.2769	595.4092	5.0692	6
214.1	20.2766	595.7991	5.0776	6
214.15	20.2771	595.207	5.0833	6
214.2	20.2774	595.1451	5.0621	6
214.25	20.2771	595.5109	5.0555	6
214.3	20.2772	595.4997	5.0814	6
214.35	20.2776	595.1369	5.0896	6
214.4	20.2775	595.2611	5.0804	6
214.45	20.2772	595.8863	5.0771	6
214.5	20.2775	595.5838	5.0834	6
214.55	20.278	595.004	5.095	6
214.6	20.2775	595.7821	5.1089	6
214.65	20.2776	595.7675	5.1043	6
214.7	20.278	595.2353	5.1002	6
214.75	20.2778	595.5393	5.1184	6
214.8	20.2773	595.2697	5.1177	6
214.85	20.2773	593.7833	5.1143	6
214.9	20.277	593.8555	5.1199	6
214.95	20.2764	594.5439	5.1283	6
215	20.2768	594.2132	5.1286	6
215.05	20.2771	594.0881	5.1231	6
215.1	20.2766	594.7991	5.1215	6
215.15	20.2765	595.0987	5.1256	6
215.2	20.2772	594.2984	5.1127	6
215.25	20.2767	594.9356	5.1066	6
215.3	20.2764	595.4954	5.1039	6
215.35	20.2768	594.9183	5.1013	6
215.4	20.2769	594.8569	5.0936	6
215.45	20.2764	595.6268	5.0859	6
215.5	20.2764	595.7518	5.0924	6
215.55	20.2769	595.4134	5.0921	6
215.6	20.2767	595.689	5.0874	6
215.65	20.2763	596.2555	5.0889	6
215.7	20.277	595.7374	5.0935	6
215.75	20.2773	595.5642	5.0947	6
215.8	20.2773	595.8118	5.1001	6
215.85	20.277	596.3236	5.1128	6
215.9	20.2777	595.4271	5.1158	6
215.95	20.2773	595.7257	5.1209	6
216	20.2764	595.7666	5.1096	6
216.05	20.2763	594.4266	5.0919	6
216.1	20.2766	593.9608	5.0859	6
216.15	20.2763	594.7995	5.0965	6
216.2	20.2766	594.518	5.1056	6
216.25	20.2771	593.9679	5.0914	6
216.3	20.2766	594.9185	5.0819	6
216.35	20.2766	595.1478	5.0747	6
216.4	20.2776	594.0672	5.0956	6
216.45	20.2771	594.8399	5.0968	6
216.5	20.2767	595.425	5.0908	6
216.55	20.2772	594.6488	5.1118	6
216.6	20.2772	594.6177	5.12	6
216.65	20.2767	595.4901	5.1131	6
216.7	20.2768	595.4689	5.0929	6
216.75	20.2773	594.7983	5.085	6
216.8	20.277	595.4345	5.0851	6
216.85	20.2766	596.0214	5.0879	6
216.9	20.2771	595.4798	5.1005	6
216.95	20.277	595.6349	5.0984	6
217	20.2766	596.2408	5.0902	6
217.05	20.277	596.0998	5.0963	6
217.1	20.2768	596.1983	5.0983	6
217.15	20.2769	596.0459	5.0954	6
217.2	20.2757	596.0569	5.095	6
217.25	20.2752	595.5257	5.0886	6
217.3	20.275	595.7747	5.0965	6
217.35	20.2749	596.1739	5.0805	6
217.4	20.2745	596.8093	5.0591	6
217.45	20.2747	596.583	5.0761	6
217.5	20.2745	596.892	5.0949	6
217.55	20.2742	597.3216	5.1021	6
217.6	20.2742	597.4785	5.1018	6
217.65	20.2742	597.3902	5.1036	6
217.7	20.2741	597.8416	5.1065	6
217.75	20.274	597.8536	5.0942	6
217.8	20.2742	597.7947	5.1084	6
217.85	20.2741	598.1795	5.0997	6
217.9	20.2746	597.7565	5.1015	6
217.95	20.2744	598.1018	5.1024	6
218	20.2743	598.1125	5.0932	6
218.05	20.2745	597.9916	5.0703	6
218.1	20.2741	598.5076	5.0729	6
218.15	20.2743	598.3037	5.0834	6
218.2	20.2742	598.5284	5.074	6
218.25	20.274	599.0143	5.0824	6
218.3	20.2741	598.7967	5.1004	6
218.35	20.2744	598.5007	5.1081	6
218.4	20.2739	599.4032	5.0834	6
218.45	20.2745	598.7924	5.0808	6
218.5	20.2745	598.6906	5.0806	6
218.55	20.2742	599.2418	5.0918	6
218.6	20.2747	598.7402	5.1053	6
218.65	20.2744	599.1448	5.0975	6
218.7	20.275	598.5409	5.0911	6
218.75	20.2752	598.4019	5.0954	6
218.8	20.2753	598.532	5.0895	6
218.85	20.2757	598.023	5.0829	6
218.9	20.2758	597.771	5.0632	6
218.95	20.2757	598.2699	5.0736	6
219	20.2764	597.4807	5.0865	6
219.05	20.2762	597.5884	5.0743	6
219.1	20.2759	598.0731	5.0625	6
219.15	20.2764	597.5605	5.0697	6
219.2	20.2764	597.6734	5.0872	6
219.25	20.2761	598.1747	5.0821	6
219.3	20.2767	597.5114	5.0877	6
219.35	20.2765	597.8753	5.0971	6
219.4	20.2766	597.8781	5.0949	6
219.45	20.2767	597.8089	5.0946	6
219.5	20.2765	598.2951	5.1004	6
219.55	20.2769	597.8964	5.0981	6
219.6	20.2767	598.203	5.104	6
219.65	20.2765	598.6804	5.093	6
219.7	20.2769	598.2329	5.0773	6
219.75	20.2765	598.7778	5.0782	6
219.8	20.2766	598.8321	5.0831	6
219.85	20.2769	598.4489	5.0909	6
219.9	20.276	598.5771	5.0984	6
219.95	20.2756	597.8344	5.1063	6
220	20.2756	597.6555	5.1054	6
220.05	20.2752	598.4737	5.113	6
220.1	20.2753	598.6253	5.1114	6
220.15	20.2757	597.9324	5.1145	6
220.2	20.2754	598.4118	5.1236	6
220.25	20.2751	598.761	5.1111	6
220.3	20.2758	597.943	5.0904	6
220.35	20.2759	598.0728	5.0846	6
220.4	20.2757	598.4581	5.0825	6
220.45	20.2758	598.3574	5.09	6
220.5	20.2761	598.1323	5.0948	6
220.55	20.2757	598.6865	5.1078	6
220.6	20.2759	598.667	5.1066	6
220.65	20.2761	598.5517	5.1003	6
220.7	20.2759	598.8246	5.0964	6
220.75	20.2756	599.215	5.1052	6
220.8	20.2757	599.2056	5.1036	6
220.85	20.2759	599.1223	5.1113	6
220.9	20.2757	599.2886	5.1229	6
220.95	20.2755	599.7184	5.1222	6
221	20.2756	599.5919	5.1196	6
221.05	20.2758	599.4091	5.125	6
221.1	20.2754	600.1198	5.1416	6
221.15	20.2758	599.6921	5.1358	6
221.2	20.2757	599.8036	5.1364	6
221.25	20.2758	599.9068	5.1453	6
221.3	20.2759	599.8862	5.1136	6
221.35	20.276	599.841	5.1044	6
221.4	20.2761	599.9497	5.1189	6
221.45	20.276	600.0313	5.1208	6
221.5	20.2757	600.3381	5.1267	6
221.55	20.2761	600.0284	5.1301	6
221.6	20.276	600.48	5.131	6
221.65	20.2759	600.7127	5.1188	6
221.7	20.2763	600.203	5.0906	6
221.75	20.276	600.5229	5.0921	6
221.8	20.2757	599.7241	5.1101	6
221.85	20.2756	598.3965	5.1164	6
221.9	20.2753	598.5636	5.1116	6
221.95	20.276	597.8866	5.1078	6
222	20.2766	597.2065	5.112	6
222.05	20.2768	597.1277	5.1182	6
222.1	20.2773	596.7693	5.1287	6
222.15	20.2775	596.3584	5.1293	6
222.2	20.2773	596.5104	5.1299	6
222.25	20.2771	596.6912	5.1197	6
222.3	20.2773	596.4107	5.0921	6
222.35	20.2773	596.4937	5.0826	6
222.4	20.2774	596.6289	5.0969	6
222.45	20.2777	596.4662	5.1028	6
222.5	20.2778	596.1634	5.1008	6
222.55	20.2777	596.4466	5.1029	6
222.6	20.278	596.1277	5.1031	6
222.65	20.2779	596.2967	5.0882	6
222.7	20.2783	595.9585	5.08	6
222.75	20.2784	595.8945	5.0902	6
222.8	20.2781	596.1821	5.1024	6
222.85	20.2776	595.5756	5.0844	6
222.9	20.2775	594.4538	5.0984	6
222.95	20.2767	595.3997	5.1131	6
223	20.2765	595.9105	5.1158	6
223.05	20.2769	595.2291	5.1122	6
223.1	20.2765	595.8964	5.1125	6
223.15	20.2759	596.9603	5.1223	6
223.2	20.2768	595.8556	5.1278	6
223.25	20.2764	596.2296	5.115	6
223.3	20.2757	597.1867	5.1033	6
223.35	20.2762	596.5433	5.1001	6
223.4	20.2766	596.3005	5.11	6
223.45	20.2759	597.3966	5.1003	6
223.5	20.2755	597.8446	5.1044	6
223.55	20.2764	596.7756	5.1173	6
223.6	20.276	597.4856	5.1164	6
223.65	20.2755	598.332	5.1051	6
223.7	20.2763	597.3318	5.1027	6
223.75	20.2762	597.5324	5.1141	6
223.8	20.2759	598.1481	5.1155	6
223.85	20.2762	597.6745	5.0947	6
223.9	20.2763	597.4578	5.0912	6
223.95	20.276	597.9351	5.0977	6
224	20.2762	597.9327	5.0755	6
224.05	20.2763	597.7094	5.0763	6
224.1	20.2762	597.9472	5.0942	6
224.15	20.2763	598.0795	5.0896	6
224.2	20.2764	597.9612	5.0858	6
224.25	20.2765	597.9572	5.0906	6
224.3	20.2764	597.8973	5.087	6
224.35	20.2762	596.8614	5.0724	6
224.4	20.2755	596.4704	5.0743	6
224.45	20.2755	596.4261	5.0777	6
224.5	20.2756	596.4463	5.0787	6
224.55	20.2754	596.8601	5.097	6
224.6	20.2756	596.6733	5.0943	6
224.65	20.2757	596.4905	5.0895	6
224.7	20.2753	597.0795	5.0937	6
224.75	20.2754	596.9199	5.0988	6
224.8	20.2758	596.5278	5.1147	6
224.85	20.2756	597.0867	5.1109	6
224.9	20.2756	597.075	5.0973	6
224.95	20.2761	596.6256	5.0832	6
225	20.2759	596.8843	5.0625	6
225.05	20.2757	597.2195	5.0623	6
225.1	20.2759	597.0257	5.0783	6
225.15	20.2759	596.917	5.0853	6
225.2	20.2757	597.3551	5.0915	6
225.25	20.2758	597.3398	5.0933	6
225.3	20.2762	596.9115	5.0962	6
225.35	20.2763	597.1394	5.1077	6
225.4	20.2762	597.5449	5.1209	6
225.45	20.2767	597.0336	5.1307	6
225.5	20.2765	597.2356	5.1184	6
225.55	20.2763	597.6246	5.1074	6
225.6	20.2765	597.5449	5.101	6
225.65	20.2766	597.4357	5.0877	6
225.7	20.2763	598.0292	5.0931	6
225.75	20.2767	597.7445	5.0874	6
225.8	20.2768	597.5312	5.0808	6
225.85	20.2766	597.7451	5.0936	6
225.9	20.2767	597.6186	5.1044	6
225.95	20.277	596.7916	5.1113	6
226	20.2763	596.3519	5.0985	6
226.05	20.2758	596.3397	5.0924	6
226.1	20.276	596.0722	5.1142	6
226.15	20.2762	596.192	5.1093	6
226.2	20.276	596.6639	5.1094	6
226.25	20.2763	596.3857	5.1157	6
226.3	20.2763	596.5816	5.1098	6
226.35	20.2763	596.5774	5.106	6
226.4	20.2763	596.6819	5.1096	6
226.45	20.2765	596.2342	5.1226	6
226.5	20.2762	596.6435	5.1181	6
226.55	20.2763	596.7303	5.106	6
226.6	20.2768	596.0607	5.1075	6
226.65	20.2767	596.3249	5.1104	6
226.7	20.2765	596.6615	5.1086	6
226.75	20.2772	595.8234	5.106	6
226.8	20.2774	595.7043	5.1021	6
226.85	20.2771	596.2264	5.092	6
226.9	20.2773	596.0525	5.0731	6
226.95	20.278	595.2361	5.084	6
227	20.2778	595.6758	5.0932	6
227.05	20.278	595.2928	5.0888	6
227.1	20.2787	594.3175	5.0887	6
227.15	20.2785	593.8002	5.0827	6
227.2	20.278	593.0871	5.08	6
227.25	20.2784	592.1057	5.0694	6
227.3	20.2784	592.0445	5.0793	6
227.35	20.2782	592.4957	5.1061	6
227.4	20.2785	592.2767	5.1071	6
227.45	20.2788	591.93	5.1015	6
227.5	20.2789	591.9668	5.0934	6
227.55	20.2786	592.3747	5.0814	6
227.6	20.2788	592.1563	5.0856	6
227.65	20.2791	591.9393	5.1012	6
227.7	20.279	592.4167	5.1105	6
227.75	20.279	592.3113	5.111	6
227.8	20.2795	591.8436	5.0972	6
227.85	20.2797	591.6523	5.0937	6
227.9	20.2792	590.8714	5.1028	6
227.95	20.2786	590.7558	5.1066	6
228	20.2789	590.2849	5.1017	6
228.05	20.2789	590.4483	5.0972	6
228.1	20.2785	591.1143	5.0907	6
228.15	20.279	590.5053	5.1001	6
228.2	20.279	590.4332	5.1103	6
228.25	20.2786	591.1182	5.1136	6
228.3	20.2791	590.6488	5.1096	6
228.35	20.2794	590.281	5.1105	6
228.4	20.2791	590.7473	5.1102	6
228.45	20.2789	591.1567	5.1091	6
228.5	20.2795	590.328	5.1018	6
228.55	20.279	589.9685	5.0877	6
228.6	20.2779	589.948	5.0935	6
228.65	20.2782	589.1995	5.1129	6
228.7	20.2781	589.3006	5.1082	6
228.75	20.2777	589.8729	5.1083	6
228.8	20.2774	590.1061	5.117	6
228.85	20.2778	589.6301	5.116	6
228.9	20.2777	589.8456	5.1005	6
228.95	20.2775	590.2079	5.1014	6
229	20.2776	590.026	5.1138	6
229.05	20.278	589.772	5.1252	6
229.1	20.2779	590.1573	5.1235	6
229.15	20.2779	590.1451	5.1044	6
229.2	20.2782	589.8028	5.0992	6
229.25	20.2782	590.019	5.1049	6
229.3	20.2784	590.0793	5.1064	6
229.35	20.2785	590.0527	5.1143	6
229.4	20.2783	589.8963	5.1198	6
229.45	20.2778	589.0584	5.111	6
229.5	20.2772	589.2331	5.1128	6
229.55	20.277	589.7193	5.1152	6
229.6	20.2772	589.475	5.1014	6
229.65	20.2772	589.7622	5.0887	6
229.7	20.2772	589.8487	5.099	6
229.75	20.2773	589.5863	5.1008	6
229.8	20.277	590.0022	5.0955	6
229.85	20.2767	590.5122	5.1001	6
229.9	20.277	590.3198	5.1169	6
229.95	20.2768	590.6404	5.1169	6
230	20.2767	591.1067	5.1197	6
230.05	20.2766	591.2863	5.1258	6
230.1	20.2767	590.9755	5.1151	6
230.15	20.2764	591.5342	5.1154	6
230.2	20.2763	591.7408	5.1181	6
230.25	20.2765	591.5728	5.1114	6
230.3	20.2764	591.9085	5.1041	6
230.35	20.2763	592.0171	5.1109	6
230.4	20.2763	592.111	5.1166	6
230.45	20.2763	592.548	5.1189	6
230.5	20.2764	592.5881	5.1096	6
230.55	20.2763	592.6543	5.1025	6
230.6	20.2763	592.8136	5.1014	6
230.65	20.2761	592.3428	5.1183	6
230.7	20.2754	591.5078	5.1196	6
230.75	20.2749	591.603	5.1088	6
230.8	20.2749	591.5844	5.0941	6
230.85	20.2752	591.216	5.0939	6
230.9	20.2749	591.6078	5.0928	6
230.95	20.2752	591.3955	5.0774	6
231	20.2754	591.0982	5.0708	6
231.05	20.275	591.6547	5.0882	6
231.1	20.2751	591.6333	5.0974	6
231.15	20.2754	591.3745	5.0924	6
231.2	20.2752	591.7333	5.0862	6
231.25	20.2751	591.8723	5.0814	6
231.3	20.2754	591.3467	5.0755	6
231.35	20.2755	591.3205	5.0779	6
231.4	20.2754	591.67	5.0828	6
231.45	20.2756	591.3341	5.0732	6
231.5	20.2759	591.0302	5.0783	6
231.55	20.2756	591.5621	5.1094	6
231.6	20.2758	591.4308	5.1014	6
231.65	20.2762	590.8072	5.101	6
231.7	20.276	591.3032	5.1063	6
231.75	20.276	591.4084	5.0975	6
231.8	20.2763	590.8769	5.1009	6
231.85	20.276	591.4187	5.1052	6
231.9	20.276	591.6599	5.111	6
231.95	20.2762	591.5327	5.1094	6
232	20.2763	591.5199	5.0881	6
232.05	20.276	591.6673	5.0919	6
232.1	20.2761	591.492	5.1116	6
232.15	20.2762	591.5353	5.1071	6
232.2	20.2765	591.4396	5.1087	6
232.25	20.2769	591.0243	5.1142	6
232.3	20.2766	591.2586	5.1185	6
232.35	20.2768	591.0529	5.1262	6
232.4	20.277	590.9547	5.1321	6
232.45	20.277	591.1637	5.1344	6
232.5	20.2763	591.4586	5.1151	6
232.55	20.276	590.2516	5.1001	6
232.6	20.2753	590.5905	5.1061	6
232.65	20.2747	591.6551	5.1026	6
232.7	20.2753	590.9664	5.0963	6
232.75	20.2756	590.6721	5.0869	6
232.8	20.275	591.7893	5.1019	6
232.85	20.2754	591.1341	5.1084	6
232.9	20.2757	590.6232	5.0923	6
232.95	20.2751	591.7255	5.0939	6
233	20.2749	592.1202	5.1057	6
233.05	20.2756	591.0657	5.1102	6
233.1	20.2752	591.7866	5.108	6
233.15	20.2748	592.4432	5.0978	6
233.2	20.2757	591.262	5.0903	6
233.25	20.2758	591.1674	5.0944	6
233.3	20.2747	592.5311	5.093	6
233.35	20.2752	591.7251	5.1003	6
233.4	20.2759	591.1394	5.0913	6
233.45	20.2751	592.46	5.0976	6
233.5	20.2752	592.5177	5.1016	6
233.55	20.2759	591.3882	5.1054	6
233.6	20.2755	592.1244	5.1101	6
233.65	20.2752	592.4874	5.1068	6
233.7	20.2759	591.5617	5.0962	6
233.75	20.2758	591.6999	5.1007	6
233.8	20.2754	592.339	5.0923	6
233.85	20.2757	591.9081	5.0928	6
233.9	20.2759	591.7888	5.1025	6
233.95	20.2758	592.1002	5.1119	6
234	20.2759	592.0512	5.1233	6
234.05	20.2763	591.5515	5.1084	6
234.1	20.2758	592.0964	5.1138	6
234.15	20.2758	591.9509	5.1175	6
234.2	20.2763	591.5135	5.1032	6
234.25	20.2762	591.7753	5.1008	6
234.3	20.2759	592.1971	5.0919	6
234.35	20.2765	591.4925	5.1146	6
234.4	20.2767	591.1844	5.1197	6
234.45	20.2765	591.7401	5.1028	6
234.5	20.2765	591.5701	5.1143	6
234.55	20.2766	590.1306	5.1036	6
234.6	20.2755	590.0742	5.0996	6
234.65	20.2752	590.3571	5.0904	6
234.7	20.2756	589.9788	5.0914	6
234.75	20.2755	590.1341	5.1135	6
234.8	20.2751	590.8567	5.1147	6
234.85	20.2755	590.4005	5.1172	6
234.9	20.2756	590.2553	5.1229	6
234.95	20.2753	590.8217	5.103	6
235	20.2752	591.131	5.0994	6
235.05	20.2754	590.8501	5.0945	6
235.1	20.2753	590.8356	5.0789	6
235.15	20.2749	591.5815	5.0887	6
235.2	20.2751	591.3035	5.1027	6
235.25	20.2753	590.9652	5.1069	6
235.3	20.2749	591.6674	5.1045	6
235.35	20.275	591.8358	5.1153	6
235.4	20.2754	591.3288	5.1026	6
235.45	20.2751	591.6578	5.1005	6
235.5	20.2749	592.0949	5.1055	6
235.55	20.2752	591.6957	5.1021	6
235.6	20.2753	591.5053	5.1107	6
235.65	20.2751	592.0684	5.1113	6
235.7	20.2754	591.8966	5.1202	6
235.75	20.2756	591.7197	5.1338	6
235.8	20.2754	592.0056	5.1182	6
235.85	20.2752	592.2923	5.1154	6
235.9	20.2755	592.0835	5.1205	6
235.95	20.2755	592.2019	5.1244	6
236	20.2752	592.3558	5.1265	6
236.05	20.2754	591.9785	5.1324	6
236.1	20.2755	592.0694	5.136	6
236.15	20.2755	592.1157	5.1394	6
236.2	20.2756	591.9973	5.1261	6
236.25	20.2757	591.8822	5.115	6
236.3	20.2757	592.0447	5.1242	6
236.35	20.2759	592.0045	5.1169	6
236.4	20.2761	591.7314	5.1119	6
236.45	20.2762	591.7588	5.1079	6
236.5	20.2763	591.7585	5.1158	6
236.55	20.2764	591.7753	5.1281	6
236.6	20.2765	591.5044	5.1326	6
236.65	20.2766	591.3528	5.128	6
236.7	20.2765	591.384	5.1179	6
236.75	20.2762	590.6704	5.101	6
236.8	20.276	589.6811	5.1019	6
236.85	20.2757	589.7518	5.1075	6
236.9	20.2757	589.8704	5.1235	6
236.95	20.2758	589.7544	5.1232	6
237	20.2759	589.7863	5.1269	6
237.05	20.2759	589.9293	5.1295	6
237.1	20.2764	589.5423	5.1189	6
237.15	20.2767	589.0562	5.1242	6
237.2	20.277	588.6786	5.1169	6
237.25	20.2773	588.2732	5.1082	6
237.3	20.2782	587.2544	5.1111	6
237.35	20.2784	587.1906	5.0963	6
237.4	20.2786	586.9652	5.1037	6
237.45	20.279	586.283	5.1093	6
237.5	20.2792	586.1096	5.0937	6
237.55	20.2793	586.2	5.0914	6
237.6	20.2797	585.9829	5.0989	6
237.65	20.2801	585.6468	5.0927	6
237.7	20.2796	585.4515	5.1029	6
237.75	20.2787	585.1792	5.1114	6
237.8	20.2792	584.0477	5.1026	6
237.85	20.2788	584.4467	5.1144	6
237.9	20.2787	584.7496	5.119	6
237.95	20.2792	584.2222	5.1182	6
238	20.2792	584.0691	5.1103	6
238.05	20.2788	584.5532	5.1167	6
238.1	20.2794	583.865	5.1088	6
238.15	20.2796	583.7494	5.0969	6
238.2	20.2794	584.0962	5.0943	6
238.25	20.2799	583.5238	5.0794	6
238.3	20.2799	583.5638	5.0662	6
238.35	20.2792	583.7964	5.0585	6
238.4	20.2789	582.6235	5.0787	6
238.45	20.279	582.1285	5.1035	6
238.5	20.2781	583.4795	5.1005	6
238.55	20.2782	583.6614	5.0868	6
238.6	20.2788	582.8249	5.0915	6
238.65	20.2782	583.9639	5.1037	6
238.7	20.278	584.483	5.1071	6
238.75	20.2786	583.7997	5.1145	6
238.8	20.2781	584.3063	5.1081	6
238.85	20.2774	585.2762	5.0953	6
238.9	20.2774	585.1287	5.0996	6
238.95	20.2775	585.049	5.1013	6
239	20.2767	586.3065	5.0886	6
239.05	20.2769	586.2387	5.0869	6
239.1	20.2768	586.3017	5.0883	6
239.15	20.2765	586.8876	5.0795	6
239.2	20.276	587.4811	5.0897	6
239.25	20.2765	586.9417	5.0772	6
239.3	20.2758	587.058	5.071	6
239.35	20.2748	586.6262	5.0771	6
239.4	20.2749	586.1633	5.0728	6
239.45	20.2746	586.6583	5.0943	6
239.5	20.2741	587.4318	5.1074	6
239.55	20.2745	587.0392	5.0999	6
239.6	20.2744	587.1588	5.0906	6
239.65	20.2739	587.9239	5.0747	6
239.7	20.2742	587.5199	5.0946	6
239.75	20.2744	587.3115	5.1075	6
239.8	20.2741	588.0096	5.1025	6
239.85	20.2742	587.9115	5.1189	6
239.9	20.2743	587.662	5.1015	6
239.95	20.2741	588	5.0846	6
240	20.274	588.2392	5.0938	6
240.05	20.2742	587.864	5.0784	6
240.1	20.274	588.2227	5.0812	6
240.15	20.2737	588.6638	5.0704	6
240.2	20.2742	588.1424	5.0765	6
240.25	20.2742	588.1359	5.0994	6
240.3	20.274	588.7742	5.0918	6
240.35	20.2744	588.2988	5.0803	6
240.4	20.2745	588.3752	5.0704	6
240.45	20.2744	588.8668	5.0774	6
240.5	20.2744	588.8043	5.0848	6
240.55	20.2743	588.8984	5.0978	6
240.6	20.2743	589.026	5.0949	6
240.65	20.2743	589.1259	5.1053	6
240.7	20.2743	589.2386	5.0992	6
240.75	20.2742	589.4215	5.099	6
240.8	20.2741	589.6137	5.1027	6
240.85	20.2741	589.618	5.1089	6
240.9	20.2739	590.0528	5.1174	6
240.95	20.2738	590.1178	5.1142	6
241	20.2735	590.4007	5.0996	6
241.05	20.2735	590.7037	5.0905	6
241.1	20.2737	590.6032	5.1093	6
241.15	20.2737	590.7107	5.1101	6
241.2	20.2737	590.9469	5.106	6
241.25	20.2736	591.1452	5.097	6
241.3	20.2734	591.2322	5.0826	6
241.35	20.2731	591.6285	5.0916	6
241.4	20.273	591.9682	5.0972	6
241.45	20.2731	591.8948	5.0876	6
241.5	20.273	592.0949	5.0988	6
241.55	20.2728	592.3673	5.1023	6
241.6	20.273	592.2873	5.0972	6
241.65	20.2732	592.301	5.0973	6
241.7	20.2736	593.4539	5.116	6
241.75	20.274	593.7988	5.1162	6
241.8	20.274	593.8709	5.1088	6
241.85	20.274	593.8071	5.1127	6
241.9	20.2741	593.4911	5.1258	6
241.95	20.2739	593.531	5.1128	6
242	20.274	593.6044	5.0828	6
242.05	20.2742	593.57	5.0767	6
242.1	20.2741	593.4051	5.0825	6
242.15	20.2738	593.6379	5.0876	6
242.2	20.2739	594.013	5.0999	6
242.25	20.274	593.8478	5.1014	6
242.3	20.2741	593.8604	5.1019	6
242.35	20.2738	594.3697	5.0936	6
242.4	20.2743	593.6896	5.1017	6
242.45	20.2739	593.805	5.1057	6
242.5	20.2738	594.8764	5.1215	6
242.55	20.2742	594.7112	5.1267	6
242.6	20.2739	594.2048	5.1237	6
242.65	20.2734	595.154	5.1321	6
242.7	20.2739	595.5697	5.1208	6
242.75	20.2742	595.2465	5.1218	6
242.8	20.2741	595.5093	5.1261	6
242.85	20.2741	595.3808	5.1069	6
242.9	20.2742	594.6561	5.1008	6
242.95	20.2739	594.8452	5.1023	6
243	20.2737	595.6708	5.0998	6
243.05	20.2741	595.8365	5.0905	6
243.1	20.2742	595.2138	5.0898	6
243.15	20.2733	595.6879	5.1109	6
243.2	20.2739	596.241	5.1092	6
243.25	20.2744	595.693	5.0892	6
243.3	20.2739	595.9526	5.0823	6
243.35	20.2739	596.5324	5.0855	6
243.4	20.2745	595.8472	5.0997	6
243.45	20.2738	595.7591	5.0922	6
243.5	20.2738	596.1281	5.0839	6
243.55	20.2742	595.6882	5.0941	6
243.6	20.274	595.7102	5.0968	6
243.65	20.274	595.7303	5.0921	6
243.7	20.274	595.7479	5.1076	6
243.75	20.274	596.0484	5.112	6
243.8	20.2741	596.1139	5.1181	6
243.85	20.274	596.0322	5.1055	6
243.9	20.2739	596.1777	5.1121	6
243.95	20.2739	596.3007	5.1038	6
244	20.2739	596.5401	5.1029	6
244.05	20.2741	596.3807	5.1011	6
244.1	20.2737	596.4338	5.1049	6
244.15	20.2738	597.087	5.1281	6
244.2	20.2743	596.8066	5.1366	6
244.25	20.2737	596.5047	5.1251	6
244.3	20.2737	597.3364	5.1155	6
244.35	20.2744	597.2718	5.1126	6
244.4	20.2741	596.6604	5.1126	6
244.45	20.2738	597.0543	5.1027	6
244.5	20.2741	597.1938	5.0968	6
244.55	20.2741	596.6412	5.1052	6
244.6	20.2738	596.8334	5.1046	6
244.65	20.2738	597.4859	5.0904	6
244.7	20.2742	596.975	5.0932	6
244.75	20.2741	596.5076	5.0761	6
244.8	20.2739	597.0546	5.0754	6
244.85	20.2741	596.8783	5.079	6
244.9	20.274	595.8223	5.0692	6
244.95	20.2736	596.5733	5.0798	6
245	20.2742	597.3747	5.0959	6
245.05	20.2743	596.0866	5.1039	6
245.1	20.2738	596.1188	5.1104	6
245.15	20.2741	597.2167	5.1004	6
245.2	20.2744	596.2352	5.114	6
245.25	20.2742	595.5591	5.1236	6
245.3	20.2737	597.1084	5.1235	6
245.35	20.2742	596.8284	5.1214	6
245.4	20.2742	595.9109	5.1127	6
245.45	20.2735	597.0577	5.1202	6
245.5	20.2737	597.48	5.1145	6
245.55	20.2743	596.3924	5.0996	6
245.6	20.2737	597.0871	5.1168	6
245.65	20.2739	598.0431	5.1284	6
245.7	20.2741	596.9132	5.1203	6
245.75	20.2739	596.5784	5.1158	6
245.8	20.2737	598.1073	5.1006	6
245.85	20.2743	597.7631	5.0995	6
245.9	20.2742	596.6116	5.1012	6
245.95	20.2739	597.3335	5.1098	6
246	20.2742	597.5721	5.1197	6
246.05	20.2743	596.5818	5.1016	6
246.1	20.2741	596.7529	5.1146	6
246.15	20.2738	597.2313	5.111	6
246.2	20.2739	596.9863	5.1083	6
246.25	20.2741	596.5706	5.1204	6
246.3	20.2741	596.537	5.11	6
246.35	20.2738	596.9418	5.1098	6
246.4	20.2742	596.5854	5.1012	6
246.45	20.2746	596.0443	5.0895	6
246.5	20.274	596.964	5.0812	6
246.55	20.2741	597.014	5.091	6
246.6	20.2749	596.0417	5.0994	6
246.65	20.2745	596.7782	5.0912	6
246.7	20.2742	597.287	5.0987	6
246.75	20.2755	595.5811	5.0969	6
246.8	20.2752	596.002	5.0903	6
246.85	20.2743	597.5002	5.0998	6
246.9	20.2754	595.9499	5.1019	6
246.95	20.2756	595.5949	5.0959	6
247	20.2743	597.5157	5.0952	6
247.05	20.2754	596.2233	5.1065	6
247.1	20.276	595.1622	5.1147	6
247.15	20.2749	596.7504	5.0998	6
247.2	20.2751	596.6424	5.0965	6
247.25	20.2762	595.0337	5.1071	6
247.3	20.2754	596.1478	5.0981	6
247.35	20.275	596.9505	5.1012	6
247.4	20.2762	595.383	5.0847	6
247.45	20.2763	595.3916	5.0737	6
247.5	20.2756	596.5047	5.0862	6
247.55	20.2766	595.0872	5.0906	6
247.6	20.2769	594.8691	5.1051	6
247.65	20.276	596.2956	5.1117	6
247.7	20.2768	595.256	5.0933	6
247.75	20.2774	594.5294	5.0821	6
247.8	20.2763	596.1018	5.0717	6
247.85	20.277	595.0169	5.0596	6
247.9	20.2777	594.1321	5.08	6
247.95	20.277	595.4168	5.074	6
248	20.2772	595.241	5.0752	6
248.05	20.2776	594.3911	5.0841	6
248.1	20.2774	594.6998	5.0918	6
248.15	20.2766	595.7027	5.0913	6
248.2	20.2774	594.1482	5.0926	6
248.25	20.2773	592.8144	5.0842	6
248.3	20.2762	593.7199	5.0841	6
248.35	20.2764	593.4109	5.0805	6
248.4	20.277	592.5501	5.0843	6
248.45	20.276	594.0103	5.1054	6
248.5	20.276	594.1893	5.105	6
248.55	20.2768	593.0431	5.0881	6
248.6	20.2761	594.0594	5.0938	6
248.65	20.2759	594.5298	5.0947	6
248.7	20.2767	593.3705	5.0701	6
248.75	20.2763	594.0917	5.0847	6
248.8	20.2758	594.9881	5.099	6
248.85	20.2764	594.0894	5.0955	6
248.9	20.2763	594.1895	5.0971	6
248.95	20.2756	595.5598	5.1129	6
249	20.2763	594.7331	5.118	6
249.05	20.2763	594.5528	5.1033	6
249.1	20.2758	595.5873	5.0974	6
249.15	20.2758	595.5154	5.1028	6
249.2	20.2759	595.4236	5.1013	6
249.25	20.2754	596.03	5.1165	6
249.3	20.2753	595.9867	5.1131	6
249.35	20.2753	596.1769	5.0912	6
249.4	20.2755	596.13	5.0851	6
249.45	20.2757	596.1342	5.0767	6
249.5	20.2755	596.4392	5.0884	6
249.55	20.2755	596.3327	5.106	6
249.6	20.2758	596.2034	5.1194	6
249.65	20.2756	596.7898	5.135	6
249.7	20.2756	596.8966	5.1245	6
249.75	20.2756	596.8162	5.1178	6
249.8	20.2756	597.0785	5.1246	6
249.85	20.2756	597.3107	5.1253	6
249.9	20.2757	596.9994	5.1415	6
249.95	20.2752	596.4233	5.1404	6
250	20.2741	596.7231	5.1221	6
250.05	20.2742	596.2782	5.1149	6
250.1	20.2743	595.9483	5.1099	6
250.15	20.2737	596.9756	5.1119	6
250.2	20.2738	596.8477	5.1068	6
250.25	20.2741	596.559	5.101	6
250.3	20.2738	597.4789	5.1125	6
250.35	20.274	597.7163	5.1135	6
250.4	20.2746	597.0796	5.1302	6
250.45	20.2737	597.3844	5.1387	6
250.5	20.2736	597.8184	5.1355	6
250.55	20.2744	597.3116	5.1442	6
250.6	20.2738	597.5002	5.119	6
250.65	20.2737	597.4958	5.1059	6
250.7	20.2742	596.7157	5.1162	6
250.75	20.274	597.1838	5.1236	6
250.8	20.2737	597.9026	5.1361	6
250.85	20.2745	597.4198	5.1388	6
250.9	20.2741	597.4931	5.1391	6
250.95	20.2738	597.6912	5.1482	6
251	20.2745	597.5942	5.1364	6
251.05	20.2748	597.2069	5.1156	6
251.1	20.2741	597.5901	5.1267	6
251.15	20.2742	597.4252	5.1362	6
251.2	20.2747	596.7825	5.1285	6
251.25	20.2741	597.5618	5.1293	6
251.3	20.2739	597.8639	5.1399	6
251.35	20.2745	596.9786	5.146	6
251.4	20.2743	597.2899	5.1359	6
251.45	20.2741	597.8387	5.1353	6
251.5	20.2744	597.436	5.1186	6
251.55	20.2747	596.8522	5.1111	6
251.6	20.274	597.802	5.113	6
251.65	20.2742	597.5037	5.1097	6
251.7	20.2745	596.9733	5.1114	6
251.75	20.2742	597.6652	5.115	6
251.8	20.2739	598.2023	5.106	6
251.85	20.2746	597.2363	5.1148	6
251.9	20.2745	597.5305	5.1125	6
251.95	20.2739	598.5138	5.1157	6
252	20.2747	597.4181	5.1147	6
252.05	20.2746	597.3501	5.1041	6
252.1	20.274	598.4238	5.0954	6
252.15	20.2747	597.6206	5.0812	6
252.2	20.275	597.098	5.1116	6
252.25	20.2743	598.3088	5.1266	6
252.3	20.2747	597.9866	5.1288	6
252.35	20.2753	597.0107	5.1241	6
252.4	20.2745	598.1372	5.1098	6
252.45	20.2744	598.4397	5.0898	6
252.5	20.2755	596.8048	5.0892	6
252.55	20.2748	597.7943	5.1056	6
252.6	20.2744	598.6057	5.1124	6
252.65	20.2756	596.9619	5.1043	6
252.7	20.2753	597.3403	5.1013	6
252.75	20.2746	598.6847	5.1027	6
252.8	20.2757	597.0984	5.0806	6
252.85	20.2754	597.3968	5.0785	6
252.9	20.2746	598.903	5.0827	6
252.95	20.2758	597.3194	5.0794	6
253	20.2759	597.0833	5.0974	6
253.05	20.2748	598.9446	5.1107	6
253.1	20.2751	598.5626	5.1189	6
253.15	20.2766	596.4774	5.1247	6
253.2	20.2754	598.3823	5.1246	6
253.25	20.2753	598.7588	5.1057	6
253.3	20.2772	596.107	5.1127	6
253.35	20.2765	597.094	5.1263	6
253.4	20.2758	598.5074	5.1082	6
253.45	20.2773	596.5573	5.102	6
253.5	20.2775	596.2272	5.1064	6
253.55	20.2758	598.6764	5.1001	6
253.6	20.2769	597.1906	5.0886	6
253.65	20.2778	595.8555	5.0884	6
253.7	20.2767	597.5509	5.098	6
253.75	20.2767	597.8423	5.1086	6
253.8	20.2783	595.3079	5.1105	6
253.85	20.2766	596.1021	5.1139	6
253.9	20.2755	596.7179	5.1203	6
253.95	20.2766	594.8286	5.1055	6
254	20.2761	595.5887	5.0971	6
254.05	20.2754	596.7093	5.0836	6
254.1	20.2759	596.1618	5.0812	6
254.15	20.2764	595.3481	5.0878	6
254.2	20.2757	596.3845	5.077	6
254.25	20.2756	596.7598	5.0763	6
254.3	20.2767	595.2326	5.0846	6
254.35	20.276	596.4912	5.0986	6
254.4	20.276	596.6689	5.0998	6
254.45	20.2767	595.7443	5.0918	6
254.5	20.2764	596.213	5.0954	6
254.55	20.276	596.8749	5.1049	6
254.6	20.2766	596.1322	5.0904	6
254.65	20.2768	595.9646	5.0988	6
254.7	20.2762	596.9979	5.1015	6
254.75	20.2765	596.3778	5.0814	6
254.8	20.2766	595.973	5.0743	6
254.85	20.2761	596.8959	5.0873	6
254.9	20.2762	596.7999	5.0993	6
254.95	20.2765	596.1818	5.101	6
255	20.276	596.9656	5.1122	6
255.05	20.276	597.0597	5.1175	6
255.1	20.2767	596.2139	5.105	6
255.15	20.2763	597.0362	5.1024	6
255.2	20.2761	597.5579	5.1055	6
255.25	20.2767	596.5208	5.0989	6
255.3	20.2764	596.8779	5.1101	6
255.35	20.2756	597.1225	5.1271	6
255.4	20.2754	595.3298	5.1158	6
255.45	20.275	595.4413	5.1025	6
255.5	20.2746	596.2899	5.1119	6
255.55	20.2749	595.9925	5.1205	6
255.6	20.2748	595.725	5.1092	6
255.65	20.2742	596.5577	5.1027	6
255.7	20.2746	596.3944	5.1209	6
255.75	20.275	595.9684	5.1296	6
255.8	20.2746	596.6852	5.1077	6
255.85	20.2745	596.7758	5.0939	6
255.9	20.2748	596.4385	5.099	6
255.95	20.2749	596.5616	5.0931	6
256	20.2745	597.1383	5.0838	6
256.05	20.2749	596.6598	5.0823	6
256.1	20.2751	596.3793	5.0741	6
256.15	20.2749	596.739	5.078	6
256.2	20.2752	596.5343	5.0888	6
256.25	20.2759	595.6673	5.0906	6
256.3	20.2757	595.9129	5.0985	6
256.35	20.2757	596.0333	5.0879	6
256.4	20.2761	595.3923	5.0942	6
256.45	20.2764	595.1321	5.1001	6
256.5	20.2761	595.6753	5.0933	6
256.55	20.2766	595.0906	5.1102	6
256.6	20.2769	594.6616	5.1166	6
256.65	20.2764	595.4209	5.1121	6
256.7	20.2761	595.59	5.0981	6
256.75	20.2765	595.1143	5.0794	6
256.8	20.2761	595.8422	5.0767	6
256.85	20.276	596.2235	5.0837	6
256.9	20.2763	595.8186	5.0964	6
256.95	20.2761	596.177	5.087	6
257	20.2758	596.7277	5.077	6
257.05	20.2759	596.4361	5.0852	6
257.1	20.2761	596.3543	5.1107	6
257.15	20.2759	596.9541	5.0981	6
257.2	20.2758	596.9588	5.081	6
257.25	20.2762	596.5393	5.0704	6
257.3	20.276	596.871	5.0651	6
257.35	20.2758	597.0355	5.0708	6
257.4	20.2758	596.8382	5.0801	6
257.45	20.2759	596.7501	5.0799	6
257.5	20.2756	596.6967	5.0918	6
257.55	20.2752	596.0048	5.1094	6
257.6	20.2752	595.5382	5.0957	6
257.65	20.275	595.9756	5.1035	6
257.7	20.2751	595.9912	5.1276	6
257.75	20.2753	595.7338	5.1225	6
257.8	20.2752	595.7735	5.1063	6
257.85	20.2751	595.871	5.1085	6
257.9	20.2751	595.9636	5.1089	6
257.95	20.2751	595.9081	5.1141	6
258	20.2749	596.1883	5.0991	6
258.05	20.2749	596.1124	5.1096	6
258.1	20.2749	596.0985	5.113	6
258.15	20.2751	596.0554	5.1173	6
258.2	20.2748	596.409	5.1234	6
258.25	20.2749	596.3899	5.0982	6
258.3	20.2753	595.7648	5.0907	6
258.35	20.2748	596.719	5.1034	6
258.4	20.2749	596.7226	5.1056	6
258.45	20.2754	595.7168	5.1107	6
258.5	20.2749	596.5481	5.101	6
258.55	20.2753	596.3794	5.0937	6
258.6	20.276	595.4129	5.0955	6
258.65	20.2759	595.7225	5.0967	6
258.7	20.2754	596.2666	5.0915	6
258.75	20.2763	595.1216	5.0838	6
258.8	20.2763	595.2994	5.0996	6
258.85	20.2759	595.9415	5.0954	6
258.9	20.2762	595.4534	5.0853	6
258.95	20.2766	595.1005	5.0917	6
259	20.2761	595.8753	5.0888	6
259.05	20.2761	595.986	5.0864	6
259.1	20.2763	595.543	5.0893	6
259.15	20.2763	595.6617	5.0827	6
259.2	20.2761	596.0402	5.0747	6
259.25	20.2764	595.6949	5.0664	6
259.3	20.2768	595.3137	5.0776	6
259.35	20.2768	595.491	5.0963	6
259.4	20.2767	595.698	5.0876	6
259.45	20.277	595.2761	5.0991	6
259.5	20.2769	594.6787	5.1089	6
259.55	20.2763	594.2098	5.0921	6
259.6	20.276	593.9688	5.0994	6
259.65	20.2765	593.1818	5.0942	6
259.7	20.2761	593.6046	5.0971	6
259.75	20.2762	593.9332	5.1016	6
259.8	20.2768	593.0209	5.0867	6
259.85	20.2766	593.4195	5.0876	6
259.9	20.2763	594.074	5.0872	6
259.95	20.2769	593.2056	5.083	6
260	20.277	592.9632	5.0985	6
260.05	20.2766	593.6844	5.0893	6
260.1	20.2769	593.4958	5.0841	6
260.15	20.2773	592.8148	5.0819	6
260.2	20.2767	593.4662	5.0742	6
260.25	20.2767	593.6324	5.0924	6
260.3	20.2769	593.3735	5.115	6
260.35	20.2769	593.3395	5.1127	6
260.4	20.2765	593.973	5.0836	6
260.45	20.2766	593.9261	5.0844	6
260.5	20.2771	593.4488	5.0833	6
260.55	20.2769	593.9673	5.0923	6
260.6	20.2769	593.9588	5.0962	6
260.65	20.2771	593.6958	5.0867	6
260.7	20.2771	593.6514	5.0924	6
260.75	20.2772	593.252	5.0951	6
260.8	20.2768	592.3649	5.0783	6
260.85	20.2766	592.0148	5.0898	6
260.9	20.2765	592.1253	5.0921	6
260.95	20.2763	592.1172	5.091	6
261	20.2762	592.127	5.093	6
261.05	20.2763	592.1421	5.0812	6
261.1	20.2764	592.261	5.0909	6
261.15	20.2763	592.579	5.086	6
261.2	20.2766	592.3973	5.0808	6
261.25	20.2765	592.4376	5.0923	6
261.3	20.2763	592.7172	5.0866	6
261.35	20.2763	592.7375	5.0953	6
261.4	20.2766	592.1657	5.1019	6
261.45	20.2763	592.7247	5.0937	6
261.5	20.2764	592.8417	5.0892	6
261.55	20.2767	592.341	5.0744	6
261.6	20.2765	592.6561	5.0802	6
261.65	20.2762	593.1042	5.0839	6
261.7	20.2765	592.7895	5.0955	6
261.75	20.2765	592.77	5.119	6
261.8	20.2762	593.3099	5.1274	6
261.85	20.2764	593.1552	5.1182	6
261.9	20.2765	593.0091	5.1174	6
261.95	20.2765	593.2089	5.1204	6
262	20.2765	593.4789	5.1258	6
262.05	20.2764	593.5532	5.1306	6
262.1	20.2767	593.0954	5.1133	6
262.15	20.276	593.5151	5.1097	6
262.2	20.2753	592.8804	5.1094	6
262.25	20.2749	592.5049	5.116	6
262.3	20.2749	592.7182	5.125	6
262.35	20.2742	593.8542	5.1194	6
262.4	20.2747	593.3761	5.1206	6
262.45	20.2749	593.0217	5.1193	6
262.5	20.2741	594.0378	5.1088	6
262.55	20.2739	594.2664	5.1129	6
262.6	20.2746	593.2428	5.112	6
262.65	20.2742	594.157	5.1139	6
262.7	20.2738	594.8166	5.1085	6
262.75	20.274	594.4148	5.1091	6
262.8	20.2741	594.3168	5.1026	6
262.85	20.2732	595.5093	5.0873	6
262.9	20.2733	595.2712	5.0939	6
262.95	20.2738	594.7304	5.1027	6
263	20.2731	595.7225	5.0979	6
263.05	20.2729	595.9669	5.0946	6
263.1	20.2735	595.1632	5.0924	6
263.15	20.273	596.0552	5.0999	6
263.2	20.273	596.8067	5.0895	6
263.25	20.2734	597.0602	5.076	6
263.3	20.2736	597.671	5.0804	6
263.35	20.274	598.0988	5.0885	6
263.4	20.274	598.1719	5.1026	6
263.45	20.274	598.2366	5.0913	6
263.5	20.2741	598.3075	5.0907	6
263.55	20.2739	598.0349	5.1029	6
263.6	20.2737	598.3053	5.093	6
263.65	20.2742	598.2089	5.0763	6
263.7	20.274	598.6549	5.0866	6
263.75	20.2741	598.5033	5.0949	6
263.8	20.2742	598.14	5.1073	6
263.85	20.2741	597.9683	5.1085	6
263.9	20.274	597.9209	5.1209	6
263.95	20.274	597.7182	5.1198	6
264	20.2739	597.6411	5.1096	6
264.05	20.2741	597.1846	5.1227	6
264.1	20.2738	597.9851	5.1294	6
264.15	20.2742	597.9541	5.1294	6
264.2	20.2743	596.5043	5.1269	6
264.25	20.2735	597.0311	5.1146	6
264.3	20.2736	598.5141	5.1027	6
264.35	20.2748	597.0268	5.107	6
264.4	20.2741	596.4962	5.1132	6
264.45	20.2738	596.9638	5.1265	6
264.5	20.2745	596.6387	5.1173	6
264.55	20.2747	595.8199	5.1066	6
264.6	20.274	596.5737	5.1207	6
264.65	20.2743	596.2913	5.1372	6
264.7	20.2749	595.4115	5.1446	6
264.75	20.2742	596.4692	5.1469	6
264.8	20.2743	596.3807	5.1415	6
264.85	20.2748	595.5013	5.1169	6
264.9	20.2745	596.0852	5.1157	6
264.95	20.2745	596.3734	5.1273	6
265	20.2752	595.3013	5.1156	6
265.05	20.2752	595.3452	5.1135	6
265.1	20.2749	595.8173	5.112	6
265.15	20.2754	595.0696	5.1228	6
265.2	20.2755	594.931	5.1336	6
265.25	20.2752	595.3517	5.1193	6
265.3	20.2755	595.0315	5.1167	6
265.35	20.2758	594.7598	5.128	6
265.4	20.2756	595.2235	5.1332	6
265.45	20.2757	595.0519	5.1377	6
265.5	20.2759	594.6737	5.1265	6
265.55	20.2756	595.1714	5.1285	6
265.6	20.2757	595.1329	5.1331	6
265.65	20.2756	595.1439	5.1223	6
265.7	20.2753	595.5494	5.132	6
265.75	20.2755	595.3796	5.1312	6
265.8	20.2755	595.5711	5.1206	6
265.85	20.2753	595.9863	5.1326	6
265.9	20.2756	595.6604	5.12	6
265.95	20.2758	595.5001	5.124	6
266	20.2753	596.2175	5.1248	6
266.05	20.2755	595.9449	5.1242	6
266.1	20.2755	595.8939	5.1185	6
266.15	20.2752	596.5934	5.1123	6
266.2	20.2752	596.5181	5.1152	6
266.25	20.2754	596.2151	5.1195	6
266.3	20.2748	597.096	5.1076	6
266.35	20.2753	596.6045	5.1092	6
266.4	20.2756	596.1475	5.1161	6
266.45	20.275	597.2326	5.1204	6
266.5	20.2749	597.3777	5.1254	6
266.55	20.2753	596.8492	5.1223	6
266.6	20.2747	597.485	5.1191	6
266.65	20.2745	597.8591	5.1227	6
266.7	20.275	597.4451	5.137	6
266.75	20.2749	597.3316	5.126	6
266.8	20.2746	597.756	5.0939	6
266.85	20.2746	597.6113	5.0874	6
266.9	20.2743	597.8508	5.0837	6
266.95	20.2742	598.0278	5.0824	6
267	20.2741	598.1905	5.0986	6
267.05	20.2738	598.7985	5.1139	6
267.1	20.274	598.5897	5.0985	6
267.15	20.2738	598.899	5.0919	7
267.2	20.2734	599.3996	5.1079	7
267.25	20.2734	599.3762	5.1221	7
267.3	20.2735	599.323	5.1291	7
267.35	20.2724	598.5384	5.1315	7
267.4	20.265	588.2664	5.1272	7
267.45	20.2439	561.9596	5.1204	7
267.5	20.206	521.3725	5.105	7
267.55	20.151	468.192	5.1089	7
267.6	20.0784	403.4966	5.1186	7
267.65	19.9854	331.0149	5.1034	8
267.7	19.8716	251.4463	5.107	8
267.75	19.7357	166.8541	5.1081	8
267.8	19.5749	81.132	5.1126	8
267.85	19.391	-0.3659	5.1239	8
267.9	19.2001	-60.8079	5.1176	8
267.95	19.012	-99.0293	5.1089	8
268	18.8202	-128.0426	5.1247	8
268.05	18.6223	-150.6465	5.1323	8
268.1	18.4181	-166.2146	5.134	8
268.15	18.2063	-171.7158	5.1243	8
268.2	17.9858	-166.878	5.1133	8
268.25	17.7586	-154.853	5.1252	8
268.3	17.5273	-138.5068	5.13	8
268.35	17.2952	-121.9904	5.1351	8
268.4	17.0644	-108.303	5.1493	8
268.45	16.8344	-97.4044	5.1516	8
268.5	16.6051	-88.8496	5.1428	8
268.55	16.3772	-83.7808	5.1362	8
268.6	16.1495	-80.1847	5.133	8
268.65	15.9211	-76.347	5.1326	8
268.7	15.6931	-74.2094	5.1377	8
268.75	15.4649	-72.8889	5.1374	8
268.8	15.2358	-71.1377	5.1425	8
268.85	15.006	-69.1731	5.1372	8
268.9	14.7757	-67.7087	5.1363	8
268.95	14.5445	-65.8991	5.1373	8
269	14.3122	-63.3828	5.1324	8
269.05	14.0805	-61.9265	5.1377	8
269.1	13.8471	-59.9489	5.1351	8
269.15	13.6126	-57.5902	5.1415	8
269.2	13.3774	-54.9926	5.1454	8
269.25	13.1413	-51.7675	5.1366	8
269.3	12.9051	-49.4289	5.1401	8
269.35	12.6673	-45.77	5.1318	8
269.4	12.4289	-42.3419	5.1312	8
269.45	12.1905	-39.8639	5.1255	8
269.5	11.9514	-37.0571	5.1313	8
269.55	11.7123	-34.6882	5.1452	8
269.6	11.4734	-33.0297	5.1415	8
269.65	11.2345	-32.2521	5.1278	8
269.7	10.9948	-31.4862	5.132	8
269.75	10.7549	-30.8337	5.1411	8
269.8	10.5138	-29.483	5.1367	8
269.85	10.2724	-28.1706	5.1281	8
269.9	10.0302	-26.6494	5.1231	8
269.95	9.7878	-25.4626	5.1286	8
270	9.545	-24.0997	5.138	8
270.05	9.3019	-22.794	5.1361	8
270.1	9.059	-22.3323	5.1252	8
270.15	8.8151	-21.6009	5.1228	8
270.2	8.571	-21.0367	5.1316	8
270.25	8.3265	-20.699	5.1125	8
270.3	8.0819	-20.5824	5.1093	8
270.35	7.8363	-19.5693	5.1165	8
270.4	7.5913	-19.8748	5.1214	8
270.45	7.346	-19.4441	5.1336	8
270.5	7.1009	-19.9269	5.1381	8
270.55	6.854	-19.5597	5.1326	8
270.6	6.6069	-19.1661	5.1381	8
270.65	6.3606	-18.8486	5.156	8
270.7	6.114	-18.9009	5.1551	8
270.75	5.8667	-19.1617	5.1593	8
270.8	5.6181	-18.3442	5.1562	8
270.85	5.3707	-19.1715	5.1348	8
270.9	5.1222	-18.9895	5.1199	8
270.95	4.8732	-18.7219	5.1211	8
271	4.6241	-18.9553	5.1299	8
271.05	4.3743	-18.592	5.1247	8
271.1	4.1245	-18.6048	5.1149	8
271.15	3.8748	-18.6829	5.1353	8
271.2	3.6249	-18.6932	5.1231	8
271.25	3.3747	-18.6888	5.1194	8
271.3	3.1243	-18.8216	5.1468	8
271.35	2.8739	-18.9988	5.1365	8
271.4	2.6235	-18.7472	5.1419	8
271.45	2.3728	-18.7311	5.1494	8
271.5	2.1215	-18.9654	5.1375	8
271.55	1.8705	-19.337	5.1478	8
271.6	1.6189	-18.5854	5.1565	8
271.65	1.3676	-18.7833	5.1335	8
271.7	1.1162	-19.328	5.1285	8
271.75	0.8636	-18.6194	5.1178	8
271.8	0.6118	-18.9832	5.1164	8
271.85	0.3602	-19.5861	5.1178	8
271.9	0.1074	-19.0409	5.119	8
271.95	-0.145	-18.96	5.1168	8
272	-0.3966	-19.4093	5.1037	8
272.05	-0.6493	-18.7885	5.1054	8
272.1	-0.9019	-18.5164	5.1023	8
272.15	-1.1537	-18.9921	5.0941	8
272.2	-1.4055	-19.2548	5.1014	8
272.25	-1.6582	-18.7623	5.1092	8
272.3	-1.9103	-19.327	5.1144	8
272.35	-2.1631	-19.1746	5.1118	8
272.4	-2.4093	-19.1429	5.116	8
272.45	-2.6008	-19.2278	5.1306	8
272.5	-2.7218	-19.2562	5.1278	8
272.55	-2.8197	-19.1642	5.1246	8
272.6	-2.9122	-19.0063	5.1378	8
272.65	-3.0013	-19.3831	5.1143	8
